order_id,order_date,customer_id,customer_email,product_category,quantity,unit_price,discount_pct,channel,country,experiment_group
ORD-000489,2023-09-03,CUST-00543,cust-00543@lumenmail.com,Accessories,3,613.52,0.25,Email,US,control
ORD-006212,2023-06-05,CUST-02685,cust-02685@lumenmail.com,Lighting,1,236.42,0.0,Email,CA,control
ORD-009053,2024-08-30,CUST-01172,cust-01172@lumenmail.com,Lighting,1,29.7,15.0,Social,CA,control
ORD-001333,08/07/2024,CUST-00040,cust-00040@lumenmail.com,Furniture,6,289.86,0.1,Organic,US,control
ORD-002584,2023-06-02,CUST-00385,cust-00385@lumenmail.com,Décor,1,25.85,0.1,Paid Search,US,
ORD-004663,2024-09-05,CUST-02191,cust-02191@lumenmail.com,Accessories,1,300.08,0.2,Organic,CA,
ORD-001498,2024-06-06,CUST-01762,cust-01762@lumenmail.com,Lighting,1,95.32,0.0,Social,US,
ORD-005349,2024-03-02,CUST-01356,cust-01356@lumenmail.com,Outdoor,2,71.54,0.05,Email,US,control
ORD-007127,2024-09-08,CUST-02045,cust-02045@lumenmail.com,Décor,2,77.89,0.0,Organic,US,
ORD-008631,2024-06-25,CUST-00917,cust-00917@lumenmail.com,Accessories,2,114.32,0.0,Email,CA,
ORD-005623,2024-12-05,CUST-00747,cust-00747@lumenmail.com,Lighting,4,36.37,0.2,,US,variant
ORD-008616,2023-09-23,CUST-02958,cust-02958@lumenmail.com,Lighting,2,42.65,0.0,Email,US,variant
ORD-006675,2024-01-18,CUST-01865,cust-01865@lumenmail.com,Outdoor,2,111.37,0.15,Email,US,control
ORD-000763,2024-08-08,CUST-00174,cust-00174@lumenmail.com,Décor,5,36.92,0.2,Email,CA,
ORD-009555,29/12/2024,CUST-02353,cust-02353@lumenmail.com,Furniture,1,162.54,0.05,Paid Search,US,
ORD-004860,2024-08-30,CUST-00286,cust-00286@lumenmail.com,Lighting,3,452.67,0.0,Paid Search,US,control
ORD-007711,2023-08-29,CUST-00604,cust-00604@lumenmail.com,lighting,1,21.09,0.0,Email,AU,variant
ORD-005047,2023-12-25,CUST-02204,cust-02204@lumenmail.com,Lighting,2,26.12,0.15,Email,UK,variant
ORD-009176,2023-11-10,CUST-00094,cust-00094@lumenmail.com,Lighting,1,130.41,0.0,Paid Search,CA,
ORD-002827,2024-08-06,CUST-00805,cust-00805@lumenmail.com,Accessories,1,149.75,0.2,Email,ZZ,control
ORD-004752,2023-12-28,CUST-00943,cust-00943@lumenmail.com,Accessories,1,52.6,0.0,Organic,US,
ORD-003002,2024-12-12,CUST-00581,cust-00581@lumenmail.com,Accessories,2,325.73,0.2,Email,US,control
ORD-001234,17/05/2024,CUST-02104,cust-02104@lumenmail.com,Furniture,-1,30.87,0.2,Paid Search,US,control
ORD-008517,2023-12-19,CUST-02688,cust-02688@lumenmail.com,Furniture,2,11.02,0.0,Paid Search,US,variant
ORD-001566,2024-12-08,CUST-00847,cust-00847@lumenmail.com,Décor,4,176.23,0.0,Social,CA,control
ORD-004873,30/11/2023,CUST-00572,cust-00572@lumenmail.com,Lighting,1,119.49,20.0,Social,US,
ORD-006010,2024-03-21,CUST-00183,cust-00183@lumenmail.com,Lighting,2,369.34,0.15,Paid Search,AU,
ORD-005192,2023-07-02,CUST-00259,cust-00259@lumenmail.com,Furniture,1,47.94,0.25,Email,UK,
ORD-005713,2023-09-30,CUST-02190,cust-02190@lumenmail.com,Furniture,1,5.78,0.0,Email,US,
ORD-008765,2024-01-12,CUST-02785,cust-02785@lumenmail.com,Lighting,1,53.31,0.2,Organic,AU,
ORD-008838,2024-11-11,CUST-02406,cust-02406@lumenmail.com,Décor,2,42.5,0.0,Organic,AU,
ORD-001462,14/12/2024,CUST-00059,cust-00059@lumenmail.com,Lighting,1,73.19,0.0,Paid Search,US,
ORD-006869,22/02/2024,CUST-00125,cust-00125@lumenmail.com,Lighting,1,49.97,0.05,Email,US,variant
ORD-004683,2023-10-22,CUST-02001,cust-02001@lumenmail.com,Lighting,1,20.29,0.0,Social,US,variant
ORD-003098,2024-08-16,CUST-02497,cust-02497@lumenmail.com,Décor,2,108.4,0.0,Email,US,control
ORD-008914,2024-10-30,CUST-01952,cust-01952@lumenmail.com,Lighting,6,45.64,0.0,Paid Search,US,control
ORD-002127,2023-11-15,CUST-02875,cust-02875@lumenmail.com,Furniture,1,13.75,0.05,Email,US,control
ORD-008489,2024-10-31,CUST-01489,cust-01489@lumenmail.com,lighting,4,30.41,0.0,Paid Search,CA,control
ORD-001115,2023-10-14,CUST-02627,cust-02627@lumenmail.com,Lighting,1,79.23,5.0,Email,CA,control
ORD-005722,2023-07-04,CUST-02936,cust-02936@lumenmail.com,Furniture,1,311.1,0.0,Organic,UK,variant
ORD-006614,2024-09-15,,guest@lumenmail.com,Décor,2,46.75,0.05,Email,US,control
ORD-002697,2024-01-19,CUST-01716,cust-01716@lumenmail.com,Lighting,1,125.73,0.15,Email,US,
ORD-003664,2024-06-16,CUST-00857,cust-00857@lumenmail.com,Outdoor,2,11.6,5.0,Email,CA,
ORD-000357,2024-07-25,CUST-01940,cust-01940@lumenmail.com,Décor,1,49.53,0.0,,US,variant
ORD-003017,2024-03-06,CUST-02624,cust-02624@lumenmail.com,Furniture,6,131.93,0.1,Email,US,
ORD-005956,2023-08-20,,guest@lumenmail.com,Outdoor,2,43.42,0.05,Paid Search,US,
ORD-004340,2024-06-07,CUST-02826,cust-02826@lumenmail.com,Décor,1,26.44,20.0,Email,US,control
ORD-007194,2024-04-03,CUST-00531,cust-00531@lumenmail.com,Lighting,2,330.61,0.0,Paid Search,US,control
ORD-006280,14/11/2023,CUST-00015,cust-00015@lumenmail.com,Décor,2,156.27,0.05,Paid Search,US,variant
ORD-003618,2023-08-01,CUST-00500,cust-00500@lumenmail.com,Lighting,2,9.14,0.0,Email,US,variant
ORD-006493,2024-12-13,,guest@lumenmail.com,Furniture,1,71.06,0.2,Email,AU,control
ORD-005536,2024-10-08,CUST-01688,cust-01688@lumenmail.com,Décor,5,59.33,0.15,Social,UK,control
ORD-007133,2023-06-24,CUST-02736,cust-02736@lumenmail.com,Accessories,1,76.33,0.1,Organic,UK,variant
ORD-002507,2023-07-23,CUST-01660,cust-01660@lumenmail.com,Décor,2,143.06,0.2,Organic,CA,
ORD-002155,2024-03-16,,guest@lumenmail.com,Furniture,3,145.0,20.0,Organic,US,
ORD-007165,2024-03-17,CUST-02775,cust-02775@lumenmail.com,Lighting,2,206.58,0.0,Paid Search,US,
ORD-008278,2023-08-10,CUST-01169,cust-01169@lumenmail.com,Lighting,3,121.53,0.0,Email,US,control
ORD-002691,2023-06-25,CUST-00062,cust-00062@lumenmail.com,Accessories,2,133.92,0.05,Email,US,
ORD-007309,28/09/2023,CUST-00429,cust-00429@lumenmail.com,Accessories,4,518.75,0.0,Paid Search,UK,
ORD-001898,2023-11-17,CUST-02752,cust-02752@lumenmail.com,Lighting,1,45.48,0.1,Email,US,variant
ORD-008522,2024-09-24,,guest@lumenmail.com,Lighting,2,196.48,0.1,Paid Search,CA,
ORD-004318,2024-11-30,CUST-02675,cust-02675@lumenmail.com,Furniture,4,186.36,0.0,Organic,UK,control
ORD-006498,2024-05-03,CUST-00058,cust-00058@lumenmail.com,Décor,1,104.94,0.0,Paid Search,CA,variant
ORD-002975,2024-09-17,CUST-01967,cust-01967@lumenmail.com,Lighting,1,95.73,0.1,,CA,
ORD-008181,21/06/2023,CUST-02776,cust-02776@lumenmail.com,Lighting,2,26.41,0.2,Paid Search,CA,control
ORD-003191,2024-02-24,CUST-00337,cust-00337@lumenmail.com,Furniture,2,110.27,0.15,Social,CA,
ORD-003448,2024-04-07,CUST-02114,cust-02114@lumenmail.com,Lighting,-3,99.86,0.05,Social,US,control
ORD-007525,2024-09-14,CUST-01357,cust-01357@lumenmail.com,Accessories,2,266.95,0.0,Organic,US,variant
ORD-005352,2023-06-08,,guest@lumenmail.com,Lighting,1,11.29,0.2,Paid Search,US,
ORD-000127,2023-08-17,CUST-02337,cust-02337@lumenmail.com,Furniture,2,28.19,0.0,Email,US,
ORD-005951,2024-03-20,,guest@lumenmail.com,Accessories,3,139.36,0.05,Social,UK,variant
ORD-007604,2024-07-25,CUST-01644,cust-01644@lumenmail.com,Lighting,2,178.0,0.05,Organic,US,
ORD-004034,2024-03-13,CUST-00495,cust-00495@lumenmail.com,Outdoor,2,308.67,0.25,Email,US,variant
ORD-005406,2024-06-03,CUST-02793,cust-02793@lumenmail.com,Furniture,1,354.36,0.1,Email,UK,variant
ORD-004613,2023-12-14,CUST-01501,cust-01501@lumenmail.com,Outdoor,6,103.87,0.2,Organic,US,control
ORD-002676,29/10/2024,CUST-02936,cust-02936@lumenmail.com,Lighting,1,409.98,0.05,Paid Search,US,
ORD-006603,11/07/2023,CUST-01605,cust-01605@lumenmail.com,Furniture,1,49.05,0.0,,US,
ORD-008952,2024-01-14,CUST-00456,cust-00456@lumenmail.com,Décor,5,80.07,0.0,Paid Search,US,control
ORD-007460,2024-02-02,CUST-02706,cust-02706@lumenmail.com,Furniture,1,136.33,0.0,Paid Search,US,
ORD-004533,29/11/2024,CUST-01333,cust-01333@lumenmail.com,Furniture,2,33.99,0.0,Paid Search,US,variant
ORD-003489,2023-10-27,CUST-02246,cust-02246@lumenmail.com,Outdoor,2,240.14,0.0,Email,CA,control
ORD-009426,2024-09-13,CUST-01731,cust-01731@lumenmail.com,Furniture,3,31.76,0.0,Paid Search,US,control
ORD-007381,2024-12-30,CUST-01629,cust-01629@lumenmail.com,Décor,2,595.27,0.0,Organic,US,variant
ORD-004150,2024-01-07,CUST-00397,cust-00397@lumenmail.com,Décor,4,46.82,0.1,Paid Search,US,variant
ORD-001647,01/02/2024,CUST-01770,cust-01770@lumenmail.com,Décor,1,8.64,0.0,Paid Search,US,variant
ORD-004212,2024-07-25,CUST-00156,cust-00156@lumenmail.com,Furniture,2,26.95,0.0,Organic,CA,control
ORD-007793,2024-10-04,CUST-02671,cust-02671@lumenmail.com,Lighting,1,94.26,0.0,Social,US,
ORD-004175,2024-12-15,CUST-00389,cust-00389@lumenmail.com,Décor,7,63.49,25.0,Email,UK,variant
ORD-002468,2023-12-27,CUST-01284,cust-01284@lumenmail.com,Lighting,1,97.44,0.05,Social,US,variant
ORD-002203,2024-01-22,,guest@lumenmail.com,Furniture,7,63.47,0.25,Paid Search,US,control
ORD-000933,2024-08-12,CUST-00763,cust-00763@lumenmail.com,Furniture,2,92.99,0.2,Organic,UK,variant
ORD-008108,2024-02-09,CUST-00085,cust-00085@lumenmail.com,Décor,1,669.32,0.0,Organic,AU,control
ORD-009268,15/12/2024,,guest@lumenmail.com,Accessories,1,89.72,0.1,Email,US,variant
ORD-005335,2023-11-10,CUST-01066,cust-01066@lumenmail.com,Furniture,1,47.46,0.0,Paid Search,US,variant
ORD-003689,2024-05-26,CUST-00553,cust-00553@lumenmail.com,Lighting,2,146.19,0.2,Paid Search,US,variant
ORD-002194,2024-08-31,CUST-00630,cust-00630@lumenmail.com,Lighting,5,153.18,0.0,Paid Search,UK,variant
ORD-008229,2024-03-03,CUST-01109,cust-01109@lumenmail.com,Lighting,2,18.3,0.0,Paid Search,US,variant
ORD-006049,2023-06-24,CUST-00548,cust-00548@lumenmail.com,Lighting,1,770.55,0.0,Paid Search,US,
ORD-005998,22/06/2023,CUST-01861,cust-01861@lumenmail.com,Lighting,2,44.91,0.1,Email,CA,control
ORD-009211,2024-08-01,CUST-00637,cust-00637@lumenmail.com,Lighting,1,58.24,0.1,Email,US,variant
ORD-005178,2024-02-19,,guest@lumenmail.com,lighting,3,17.59,0.05,Social,UK,variant
ORD-008447,2024-06-28,CUST-00863,cust-00863@lumenmail.com,Accessories,1,392.73,0.05,Organic,UK,control
ORD-004755,2023-10-22,CUST-00550,cust-00550@lumenmail.com,Lighting,1,689.45,0.1,Social,CA,
ORD-008529,2023-08-25,CUST-00041,cust-00041@lumenmail.com,Lighting,4,528.52,0.0,Paid Search,UK,variant
ORD-002667,2024-04-05,,guest@lumenmail.com,Lighting,2,63.44,15.0,Email,US,control
ORD-001055,2023-12-16,CUST-00827,cust-00827@lumenmail.com,Furniture,1,0.0,0.0,Email,AU,variant
ORD-000765,,CUST-01443,cust-01443@lumenmail.com,Lighting,1,37.44,0.0,Organic,CA,variant
ORD-008892,2023-11-19,CUST-00419,cust-00419@lumenmail.com,Furniture,4,222.77,0.1,Paid Search,US,variant
ORD-005172,2023-10-13,CUST-00408,cust-00408@lumenmail.com,Lighting,2,111.19,0.05,Social,US,variant
ORD-006172,2023-09-16,CUST-00164,cust-00164@lumenmail.com,Lighting,1,708.44,0.2,Paid Search,UK,control
ORD-007621,2023-10-30,CUST-02320,cust-02320@lumenmail.com,Furniture,3,87.41,0.0,Organic,US,variant
ORD-001675,2023-09-03,CUST-00362,cust-00362@lumenmail.com,Lighting,1,67.73,0.25,Social,US,
ORD-007847,2023-07-04,CUST-02210,cust-02210@lumenmail.com,Furniture,1,23.45,0.2,Email,US,variant
ORD-000856,2023-12-04,CUST-00288,cust-00288@lumenmail.com,Furniture,1,139.5,0.05,Email,US,
ORD-000348,02/07/2024,CUST-01909,cust-01909@lumenmail.com,Lighting,4,120.54,0.05,Email,ZZ,control
ORD-007101,2023-08-25,CUST-02606,cust-02606@lumenmail.com,Lighting,1,595.67,0.15,Social,CA,
ORD-008967,2023-11-09,CUST-00407,cust-00407@lumenmail.com,Décor,1,307.4,0.0,Organic,US,
ORD-003008,2024-02-15,CUST-02329,cust-02329@lumenmail.com,Accessories,1,306.36,10.0,Organic,US,
ORD-008343,2024-01-27,CUST-02641,cust-02641@lumenmail.com,Outdoor,1,130.72,0.05,Email,US,control
ORD-005554,19/04/2024,CUST-00706,cust-00706@lumenmail.com,Décor,1,202.99,0.0,Organic,US,
ORD-005488,2024-11-24,CUST-00883,cust-00883@lumenmail.com,Décor,1,63.84,0.2,Email,UK,control
ORD-003726,2024-03-02,CUST-01054,cust-01054@lumenmail.com,Lighting,2,82.18,0.0,Organic,US,
ORD-009541,2023-07-01,CUST-01605,cust-01605@lumenmail.com,Décor,2,62.74,0.0,Paid Search,US,
ORD-006955,2023-09-07,CUST-02704,cust-02704@lumenmail.com,Lighting,2,191.13,0.15,Paid Search,CA,
ORD-006986,2024-04-30,CUST-00449,cust-00449@lumenmail.com,Outdoor,3,383.13,0.25,Paid Search,US,variant
ORD-006589,2024-11-19,CUST-01783,cust-01783@lumenmail.com,Furniture,2,42.99,0.0,Social,ZZ,variant
ORD-000382,03/05/2024,CUST-00324,cust-00324@lumenmail.com,Furniture,2,127.48,0.0,Organic,US,control
ORD-001828,2024-11-11,CUST-02932,cust-02932@lumenmail.com,Lighting,1,36.46,0.0,Paid Search,US,
ORD-003384,2024-02-11,,guest@lumenmail.com,Furniture,2,31.9,0.1,Social,UK,
ORD-002820,,CUST-02211,cust-02211@lumenmail.com,Lighting,1,29.15,0.1,Social,US,
ORD-004844,2024-08-06,CUST-00585,cust-00585@lumenmail.com,Lighting,1,272.95,0.25,Paid Search,ZZ,
ORD-007558,2024-09-05,CUST-02799,cust-02799@lumenmail.com,Outdoor,4,209.83,0.0,Organic,US,control
ORD-002466,2024-10-12,,guest@lumenmail.com,Lighting,1,161.17,0.2,Paid Search,US,
ORD-005269,2024-09-12,CUST-01555,cust-01555@lumenmail.com,Outdoor,6,458.64,0.0,Paid Search,UK,variant
ORD-001076,2023-06-10,CUST-01427,cust-01427@lumenmail.com,Décor,1,75.78,0.05,Email,CA,control
ORD-001820,2024-04-30,CUST-01394,cust-01394@lumenmail.com,Lightng,2,11.58,5.0,Organic,US,
ORD-004352,2024-10-19,CUST-01510,cust-01510@lumenmail.com,Décor,2,553.54,0.05,Paid Search,US,control
ORD-005394,2023-11-02,CUST-00334,cust-00334@lumenmail.com,Décor,2,39.38,0.1,Paid Search,US,
ORD-002040,2024-08-25,CUST-02362,cust-02362@lumenmail.com,Lighting,2,359.71,0.1,Organic,US,
ORD-004153,2024-04-28,CUST-02679,cust-02679@lumenmail.com,Décor,1,562.74,0.05,Social,US,variant
ORD-008740,2024-08-02,CUST-02722,cust-02722@lumenmail.com,Lighting,4,334.46,0.0,Social,US,variant
ORD-006221,2024-08-13,CUST-00320,cust-00320@lumenmail.com,Décor,4,272.44,0.05,Organic,US,variant
ORD-002565,22/01/2024,CUST-00926,cust-00926@lumenmail.com,Accessories,1,305.68,0.0,Email,US,
ORD-002755,,CUST-02966,cust-02966@lumenmail.com,Lighting,1,40.04,0.05,Paid Search,US,control
ORD-006586,30/01/2024,CUST-01119,cust-01119@lumenmail.com,Lighting,5,42.88,0.1,Organic,US,control
ORD-002561,2023-10-22,CUST-02589,cust-02589@lumenmail.com,Lighting,3,382.6,0.15,Paid Search,UK,control
ORD-001433,,CUST-00118,cust-00118@lumenmail.com,Décor,3,136.61,0.05,Email,US,control
ORD-005024,2024-06-27,CUST-02251,cust-02251@lumenmail.com,Accessories,2,20.57,0.05,Organic,AU,control
ORD-008392,08/11/2024,,guest@lumenmail.com,Décor,2,87.17,0.1,Email,US,variant
ORD-005158,2023-09-01,CUST-01183,cust-01183@lumenmail.com,Furniture,7,46.79,0.05,Organic,US,variant
ORD-002937,2023-07-15,CUST-01331,cust-01331@lumenmail.com,Décor,2,48.49,0.25,Paid Search,AU,control
ORD-008842,2024-08-08,CUST-02977,cust-02977@lumenmail.com,Outdoor,5,351.82,0.15,Paid Search,US,control
ORD-004864,09/09/2023,CUST-00063,cust-00063@lumenmail.com,Lighting,1,117.02,0.0,Email,US,variant
ORD-003759,2023-06-07,CUST-00506,cust-00506@lumenmail.com,Furniture,4,43.65,0.05,Email,US,
ORD-000302,22/09/2024,CUST-01943,cust-01943@lumenmail.com,Furniture,2,124.61,0.0,Email,US,
ORD-007409,2023-06-06,CUST-01307,cust-01307@lumenmail.com,Décor,3,66.53,0.1,Organic,AU,
ORD-000963,2024-10-03,CUST-02265,cust-02265@lumenmail.com,Décor,2,18.12,0.2,Organic,CA,control
ORD-004409,2023-12-24,CUST-02388,cust-02388@lumenmail.com,Lighting,4,773.44,0.15,Paid Search,UK,control
ORD-007909,2023-11-20,CUST-00662,cust-00662@lumenmail.com,Furniture,1,25.0,0.1,Organic,US,
ORD-008599,26/11/2023,CUST-01099,cust-01099@lumenmail.com,Décor,2,190.37,0.0,Paid Search,AU,variant
ORD-009286,2023-12-17,CUST-00056,cust-00056@lumenmail.com,Accessories,1,77.88,0.0,Organic,US,variant
ORD-001180,2024-06-12,CUST-01974,cust-01974@lumenmail.com,Lightng,3,369.68,0.05,Paid Search,AU,control
ORD-001623,2023-06-27,CUST-01463,cust-01463@lumenmail.com,Décor,3,21.79,0.1,Social,US,variant
ORD-004457,2024-08-15,CUST-00330,cust-00330@lumenmail.com,Décor,2,686.05,0.0,Email,US,control
ORD-008434,14/11/2023,CUST-02437,cust-02437@lumenmail.com,Lighting,2,145.42,0.0,Paid Search,US,
ORD-001288,2024-07-17,CUST-02696,cust-02696@lumenmail.com,Lighting,1,505.58,0.05,Organic,US,control
ORD-007189,2023-09-30,,guest@lumenmail.com,Outdoor,1,79.09,0.0,Social,CA,
ORD-008589,20/05/2024,CUST-00481,cust-00481@lumenmail.com,Lighting,2,100.58,20.0,Email,UK,
ORD-004952,2024-03-24,CUST-02856,cust-02856@lumenmail.com,Décor,2,139.96,0.0,Email,US,
ORD-002708,29/12/2023,CUST-01193,cust-01193@lumenmail.com,Lightng,1,68.0,0.0,Social,US,variant
ORD-005247,2024-07-04,CUST-00446,cust-00446@lumenmail.com,Décor,3,198.41,0.0,Organic,US,variant
ORD-006624,2023-07-19,CUST-02101,cust-02101@lumenmail.com,Accessories,1,36.29,0.0,Email,US,variant
ORD-007747,2024-08-21,CUST-00157,cust-00157@lumenmail.com,Furniture,2,107.34,0.0,,CA,control
ORD-006189,2023-09-24,CUST-00664,cust-00664@lumenmail.com,Furniture,6,47.46,0.1,Paid Search,US,
ORD-007129,2024-04-25,CUST-00898,cust-00898@lumenmail.com,Furniture,1,225.51,0.0,Social,US,control
ORD-003679,2024-06-14,CUST-00713,cust-00713@lumenmail.com,Outdoor,1,143.48,0.0,Paid Search,US,variant
ORD-005724,2024-10-01,CUST-02343,cust-02343@lumenmail.com,Lighting,2,36.77,0.15,Social,AU,control
ORD-001682,2024-01-19,CUST-00910,cust-00910@lumenmail.com,Furniture,2,45.75,0.0,Email,UK,variant
ORD-002889,27/01/2024,CUST-00160,cust-00160@lumenmail.com,Décor,1,104.57,0.05,Paid Search,US,variant
ORD-008762,2024-04-22,CUST-02541,cust-02541@lumenmail.com,Outdoor,4,160.94,0.0,Paid Search,CA,
ORD-006253,2024-10-14,CUST-01080,cust-01080@lumenmail.com,Décor,1,12.62,0.0,Paid Search,US,control
ORD-003467,2024-01-09,CUST-00517,cust-00517@lumenmail.com,Furniture,3,32.44,0.2,Email,US,
ORD-004298,2023-08-10,CUST-01654,cust-01654@lumenmail.com,Lighting,1,335.08,0.15,,US,
ORD-004484,2024-07-25,CUST-02056,cust-02056@lumenmail.com,Furniture,1,210.1,0.0,Paid Search,US,
ORD-009120,01/10/2024,CUST-00221,cust-00221@lumenmail.com,Lighting,5,95.04,0.05,Email,US,control
ORD-006954,2024-01-27,CUST-00503,cust-00503@lumenmail.com,Furniture,4,183.89,0.1,Paid Search,CA,control
ORD-008227,2024-04-02,CUST-00493,cust-00493@lumenmail.com,Décor,1,66.54,0.15,Email,US,control
ORD-004520,02/12/2024,CUST-00532,cust-00532@lumenmail.com,Décor,2,15.59,0.05,Organic,US,
ORD-006321,2024-08-12,CUST-00879,cust-00879@lumenmail.com,Lighting,2,72.56,0.0,Paid Search,US,control
ORD-005807,2023-09-29,CUST-02923,cust-02923@lumenmail.com,Furniture,1,24.03,0.1,Email,US,
ORD-002731,11/09/2023,CUST-00229,cust-00229@lumenmail.com,Furniture,4,96.38,0.25,Paid Search,US,control
ORD-003829,2024-11-27,CUST-01374,cust-01374@lumenmail.com,Accessories,2,42.83,15.0,Social,UK,variant
ORD-006393,2024-10-03,CUST-00432,cust-00432@lumenmail.com,Lighting,1,51.09,0.0,Email,US,control
ORD-001839,2023-06-09,CUST-02286,cust-02286@lumenmail.com,Décor,1,12.88,0.15,Paid Search,US,
ORD-008321,2024-12-01,CUST-00562,cust-00562@lumenmail.com,Décor,1,34.9,0.0,Social,US,variant
ORD-008979,2024-08-04,CUST-00013,cust-00013@lumenmail.com,Furniture,2,174.36,0.0,Organic,US,control
ORD-002898,2023-08-29,CUST-00649,cust-00649@lumenmail.com,Lighting,1,155.24,0.0,Paid Search,US,variant
ORD-002745,2024-01-31,CUST-00666,cust-00666@lumenmail.com,Lighting,-1,54.79,0.25,Organic,CA,control
ORD-007998,2024-03-07,CUST-01211,cust-01211@lumenmail.com,Furniture,1,86.0,0.05,Organic,US,control
ORD-006326,04/12/2023,CUST-02523,cust-02523@lumenmail.com,Lighting,2,43.29,0.0,Email,US,control
ORD-005300,30/10/2024,CUST-01086,cust-01086@lumenmail.com,Décor,2,312.29,0.0,Email,US,variant
ORD-006315,2023-06-27,CUST-01507,cust-01507@lumenmail.com,Outdoor,5,68.97,0.0,Paid Search,ZZ,
ORD-008079,31/03/2024,CUST-00288,cust-00288@lumenmail.com,Lighting,1,144.44,0.0,Organic,CA,
ORD-006140,21/08/2024,CUST-00888,cust-00888@lumenmail.com,Outdoor,1,99.24,0.0,Paid Search,US,control
ORD-005303,2023-10-17,CUST-02426,cust-02426@lumenmail.com,Lighting,7,26.24,10.0,Email,US,
ORD-007169,2024-06-28,CUST-01508,cust-01508@lumenmail.com,Décor,5,29.89,0.1,Paid Search,US,
ORD-000344,2024-09-15,CUST-00285,cust-00285@lumenmail.com,Lighting,3,173.27,0.15,Paid Search,AU,variant
ORD-000774,2023-12-31,CUST-00920,cust-00920@lumenmail.com,Furniture,2,37.96,0.15,Email,CA,
ORD-009297,2024-06-14,,guest@lumenmail.com,Furniture,1,85.09,15.0,Paid Search,CA,variant
ORD-006934,2024-11-29,CUST-02773,cust-02773@lumenmail.com,Outdoor,1,15.17,0.0,Email,US,
ORD-009123,2024-06-27,CUST-02548,cust-02548@lumenmail.com,Furniture,2,65.13,0.0,Organic,US,
ORD-008313,2023-06-03,CUST-02045,cust-02045@lumenmail.com,Lighting,1,554.53,0.05,,CA,variant
ORD-003930,2024-12-06,CUST-00639,cust-00639@lumenmail.com,Outdoor,1,17.45,0.2,Paid Search,US,
ORD-008727,2024-12-15,,guest@lumenmail.com,Lighting,-5,36.72,0.2,Email,CA,
ORD-003114,2023-07-20,CUST-00933,cust-00933@lumenmail.com,Décor,2,53.29,0.05,Email,US,control
ORD-001122,2024-01-28,CUST-02330,cust-02330@lumenmail.com,Décor,2,62.92,0.0,Email,US,
ORD-006279,10/06/2023,CUST-01183,cust-01183@lumenmail.com,Décor,5,49.91,0.2,Paid Search,US,control
ORD-003510,2023-12-14,CUST-00071,cust-00071@lumenmail.com,Décor,1,300.99,0.1,Email,US,control
ORD-001100,2024-09-23,CUST-00346,cust-00346@lumenmail.com,Lighting,3,71.93,0.05,Email,CA,
ORD-001906,2024-05-17,CUST-02258,cust-02258@lumenmail.com,Décor,4,95.54,0.0,Social,US,variant
ORD-006300,28/10/2023,CUST-00872,cust-00872@lumenmail.com,Furniture,-1,63.2,0.2,Social,US,control
ORD-008134,2024-06-02,CUST-00501,cust-00501@lumenmail.com,Décor,1,270.65,5.0,Social,UK,
ORD-005486,2024-03-01,CUST-02603,cust-02603@lumenmail.com,Lighting,1,24.9,0.05,Organic,US,variant
ORD-001740,2024-07-19,CUST-01568,cust-01568@lumenmail.com,Outdoor,1,267.42,0.0,Paid Search,CA,
ORD-005925,04/11/2024,CUST-01462,cust-01462@lumenmail.com,Accessories,4,12.94,0.0,Paid Search,ZZ,variant
ORD-007839,2024-07-22,CUST-00943,cust-00943@lumenmail.com,Décor,2,107.59,0.2,Organic,CA,control
ORD-009162,2024-05-28,CUST-01950,cust-01950@lumenmail.com,Lighting,1,243.36,0.0,Paid Search,UK,control
ORD-001684,2024-05-02,,guest@lumenmail.com,Lighting,1,208.15,0.25,Email,UK,control
ORD-000985,2024-01-15,CUST-02386,cust-02386@lumenmail.com,Outdoor,6,37.34,0.1,,US,
ORD-000808,2024-04-10,CUST-00685,cust-00685@lumenmail.com,Furniture,1,12.27,0.0,Email,UK,
ORD-004362,2023-06-23,CUST-01494,cust-01494@lumenmail.com,Décor,2,528.55,0.1,Paid Search,US,
ORD-001488,2024-06-01,CUST-01554,cust-01554@lumenmail.com,Décor,2,6.1,0.0,Social,US,
ORD-007898,2024-08-04,CUST-02178,cust-02178@lumenmail.com,Lighting,3,8.24,5.0,Paid Search,CA,variant
ORD-004576,2024-02-11,,guest@lumenmail.com,Outdoor,1,267.32,0.05,Paid Search,US,
ORD-007863,2023-06-29,CUST-01721,cust-01721@lumenmail.com,Furniture,2,139.35,0.1,Paid Search,AU,control
ORD-008418,2024-06-09,,guest@lumenmail.com,Lighting,1,52.03,0.0,Organic,US,
ORD-003042,2024-09-20,CUST-00333,cust-00333@lumenmail.com,Décor,1,60.62,0.0,Social,US,
ORD-007085,2023-12-23,CUST-02182,cust-02182@lumenmail.com,Furniture,1,22.91,0.0,Paid Search,CA,
ORD-000012,2024-05-06,CUST-00203,cust-00203@lumenmail.com,Furniture,3,194.02,10.0,Paid Search,US,
ORD-006348,2024-05-11,CUST-02536,cust-02536@lumenmail.com,Décor,2,12.45,0.0,Social,US,
ORD-004383,2024-04-20,,guest@lumenmail.com,Outdoor,1,153.45,0.05,Organic,US,control
ORD-000341,2024-06-14,CUST-02149,cust-02149@lumenmail.com,Lighting,1,277.69,0.0,Social,US,control
ORD-002955,,CUST-01590,cust-01590@lumenmail.com,Furniture,1,121.01,0.15,Paid Search,CA,variant
ORD-007032,2024-01-23,CUST-02894,cust-02894@lumenmail.com,Décor,-1,25.52,0.1,Email,CA,variant
ORD-000448,2024-02-03,CUST-00383,cust-00383@lumenmail.com,Lighting,2,760.6,0.0,Email,AU,
ORD-003395,10/06/2024,CUST-01691,cust-01691@lumenmail.com,Lighting,1,192.86,0.0,Social,CA,control
ORD-001199,2024-10-26,CUST-00669,cust-00669@lumenmail.com,Lighting,1,44.89,0.0,Email,UK,control
ORD-006980,2024-11-20,CUST-01005,cust-01005@lumenmail.com,Furniture,3,69.48,0.1,Email,US,variant
ORD-003419,2024-06-16,CUST-00933,cust-00933@lumenmail.com,Lighting,4,34.34,0.2,Paid Search,US,variant
ORD-009398,15/09/2024,CUST-02280,cust-02280@lumenmail.com,lighting,2,18.2,0.0,Organic,US,variant
ORD-008871,2024-12-15,CUST-01288,cust-01288@lumenmail.com,Lighting,1,189.72,0.0,Social,US,
ORD-004618,24/01/2024,CUST-00132,cust-00132@lumenmail.com,Décor,1,305.94,0.05,Paid Search,US,variant
ORD-008463,2024-04-15,CUST-02866,cust-02866@lumenmail.com,Outdoor,1,39.07,0.05,Organic,US,
ORD-003734,2024-05-09,CUST-01357,cust-01357@lumenmail.com,Décor,2,34.31,0.15,Paid Search,US,variant
ORD-003201,2023-10-02,CUST-00492,cust-00492@lumenmail.com,Lightng,1,67.53,0.05,Social,UK,control
ORD-000016,2023-08-10,CUST-02785,cust-02785@lumenmail.com,Décor,1,181.72,0.25,Paid Search,US,variant
ORD-004627,2024-04-21,CUST-01406,cust-01406@lumenmail.com,Furniture,1,15.92,0.0,Organic,CA,control
ORD-005391,2023-09-19,CUST-02934,cust-02934@lumenmail.com,Lighting,1,72.39,0.05,Email,CA,
ORD-000595,24/10/2023,CUST-01737,cust-01737@lumenmail.com,Furniture,1,228.42,0.15,Organic,US,
ORD-000596,2024-06-06,CUST-01679,cust-01679@lumenmail.com,Accessories,2,31.21,0.1,Paid Search,US,
ORD-006587,,CUST-00488,cust-00488@lumenmail.com,Décor,1,49.33,0.0,Paid Search,US,variant
ORD-009386,2024-12-23,CUST-00899,cust-00899@lumenmail.com,Outdoor,3,45.88,0.0,Paid Search,US,
ORD-000139,2024-12-23,CUST-01768,cust-01768@lumenmail.com,Décor,3,96.99,0.05,Organic,US,
ORD-004050,2023-12-28,CUST-00388,cust-00388@lumenmail.com,Outdoor,-1,21.24,0.0,Email,ZZ,control
ORD-004477,27/12/2023,CUST-02645,cust-02645@lumenmail.com,Décor,2,415.28,0.0,Email,US,variant
ORD-001861,2024-08-06,CUST-02307,cust-02307@lumenmail.com,Outdoor,2,461.82,0.1,Social,US,variant
ORD-007274,2024-01-24,,guest@lumenmail.com,Accessories,3,247.44,0.0,Paid Search,CA,
ORD-009353,2023-12-18,CUST-02119,cust-02119@lumenmail.com,Outdoor,3,70.23,15.0,Paid Search,US,variant
ORD-007539,2023-09-05,CUST-02233,cust-02233@lumenmail.com,Décor,2,14.46,0.1,Social,US,control
ORD-005762,2023-12-31,CUST-00660,cust-00660@lumenmail.com,Lighting,1,66.91,0.0,Paid Search,UK,control
ORD-003917,2024-06-22,CUST-00015,cust-00015@lumenmail.com,Furniture,2,149.46,0.0,Organic,US,
ORD-008818,30/04/2024,CUST-01720,cust-01720@lumenmail.com,Outdoor,1,76.91,0.05,Organic,UK,
ORD-008763,2023-11-10,CUST-02192,cust-02192@lumenmail.com,Furniture,1,331.8,0.05,Paid Search,ZZ,variant
ORD-002336,31/03/2024,CUST-01559,cust-01559@lumenmail.com,Lighting,2,194.34,0.0,Social,US,variant
ORD-001594,2023-10-15,,guest@lumenmail.com,Lighting,1,55.77,0.1,Email,UK,
ORD-003124,09/01/2024,CUST-02143,cust-02143@lumenmail.com,Furniture,1,8.37,0.0,Organic,CA,control
ORD-001282,2024-10-16,CUST-01264,cust-01264@lumenmail.com,Lighting,3,26.34,0.0,Email,US,
ORD-007567,2024-06-04,CUST-00894,cust-00894@lumenmail.com,Furniture,5,34.91,0.0,Paid Search,US,control
ORD-000260,2023-11-26,CUST-00398,cust-00398@lumenmail.com,Furniture,3,136.76,0.0,Organic,US,control
ORD-000078,2024-12-18,CUST-02759,cust-02759@lumenmail.com,Accessories,2,15.69,0.1,Email,US,control
ORD-008066,2023-09-11,CUST-01362,cust-01362@lumenmail.com,Outdoor,3,48.35,0.1,Organic,US,
ORD-005187,2024-08-25,CUST-02676,cust-02676@lumenmail.com,Outdoor,4,72.53,0.2,Email,US,variant
ORD-009396,2023-06-12,CUST-01146,cust-01146@lumenmail.com,Lighting,2,380.8,0.15,,CA,
ORD-006276,2024-08-29,CUST-00134,cust-00134@lumenmail.com,Lighting,5,10.48,0.0,Email,UK,variant
ORD-005277,2023-10-27,CUST-00133,cust-00133@lumenmail.com,Accessories,1,15.28,0.0,Paid Search,CA,
ORD-007611,2023-09-11,CUST-01251,cust-01251@lumenmail.com,Décor,2,20.21,0.0,Organic,CA,
ORD-003748,2024-09-15,CUST-01609,cust-01609@lumenmail.com,Lighting,2,172.94,0.15,Email,UK,
ORD-006440,2023-07-03,CUST-02237,cust-02237@lumenmail.com,Décor,1,319.33,0.1,Email,CA,
ORD-001042,2024-08-27,CUST-02501,cust-02501@lumenmail.com,Furniture,4,12.36,0.15,Email,US,
ORD-001920,2023-09-11,CUST-01255,cust-01255@lumenmail.com,Décor,2,35.38,0.0,Paid Search,CA,
ORD-007297,2024-02-04,CUST-00021,cust-00021@lumenmail.com,Outdoor,1,90.16,20.0,Email,US,variant
ORD-002689,2024-07-03,CUST-00846,cust-00846@lumenmail.com,Lighting,1,59.39,0.2,Social,US,
ORD-007757,22/09/2024,CUST-02978,cust-02978@lumenmail.com,Décor,1,157.03,5.0,Email,US,variant
ORD-002020,2024-11-23,CUST-02033,cust-02033@lumenmail.com,Furniture,3,147.74,0.0,Paid Search,US,
ORD-004073,,CUST-01610,cust-01610@lumenmail.com,Lighting,2,24.03,0.1,Paid Search,US,variant
ORD-006458,2023-12-28,CUST-02044,cust-02044@lumenmail.com,Lightng,4,345.08,0.0,Paid Search,US,control
ORD-000652,25/03/2024,CUST-00755,cust-00755@lumenmail.com,Décor,2,197.65,0.05,Organic,UK,
ORD-008940,2023-08-14,CUST-02805,cust-02805@lumenmail.com,Lighting,1,50.19,0.2,Email,UK,
ORD-006117,2023-11-23,CUST-00591,cust-00591@lumenmail.com,Lighting,1,91.28,0.0,Paid Search,US,
ORD-009481,2024-12-18,CUST-01992,cust-01992@lumenmail.com,Décor,3,383.13,0.0,Organic,US,variant
ORD-008819,2024-07-19,,guest@lumenmail.com,Décor,1,12.78,0.0,Paid Search,US,variant
ORD-003973,27/07/2023,CUST-00845,cust-00845@lumenmail.com,Lighting,1,41.48,0.05,Organic,US,control
ORD-008595,05/07/2023,CUST-01673,cust-01673@lumenmail.com,Décor,3,96.1,0.0,Paid Search,CA,
ORD-001436,2023-11-21,CUST-02899,cust-02899@lumenmail.com,Lighting,1,186.36,0.15,Paid Search,CA,control
ORD-005441,2024-07-24,CUST-00546,cust-00546@lumenmail.com,Outdoor,1,114.94,0.0,Organic,AU,control
ORD-005585,2024-12-30,CUST-00236,cust-00236@lumenmail.com,Furniture,1,127.2,0.15,Organic,US,
ORD-003440,2023-10-10,CUST-01459,cust-01459@lumenmail.com,Outdoor,1,43.91,0.2,Paid Search,AU,
ORD-005319,2024-12-09,CUST-02506,cust-02506@lumenmail.com,Décor,1,106.09,5.0,Email,US,control
ORD-001362,2023-08-11,CUST-00922,cust-00922@lumenmail.com,Furniture,1,9.5,0.05,Paid Search,US,
ORD-007079,2023-11-22,CUST-00418,cust-00418@lumenmail.com,Décor,1,44.82,0.0,Paid Search,US,
ORD-005116,2024-12-28,CUST-01824,cust-01824@lumenmail.com,Lighting,3,19.63,0.1,Social,UK,variant
ORD-005995,2024-04-21,,guest@lumenmail.com,Furniture,-1,81.88,0.15,Email,US,
ORD-000798,2024-03-14,CUST-00659,cust-00659@lumenmail.com,Outdoor,1,22.88,0.05,Paid Search,AU,control
ORD-000110,2024-07-08,CUST-00050,cust-00050@lumenmail.com,Décor,1,60.39,0.0,,US,control
ORD-008802,2024-12-12,CUST-00831,cust-00831@lumenmail.com,Outdoor,1,146.96,0.2,Email,US,variant
ORD-002607,2023-12-03,CUST-02028,cust-02028@lumenmail.com,Furniture,2,74.04,0.0,Email,US,control
ORD-005086,2024-07-05,CUST-00116,cust-00116@lumenmail.com,Outdoor,1,84.58,0.2,Organic,US,
ORD-003521,2024-04-08,CUST-02522,cust-02522@lumenmail.com,Outdoor,-1,34.57,0.1,Paid Search,UK,variant
ORD-007991,2024-06-06,CUST-02233,cust-02233@lumenmail.com,Accessories,4,158.67,0.2,Email,US,variant
ORD-000639,2024-08-31,CUST-01292,cust-01292@lumenmail.com,Décor,2,38.97,0.0,Paid Search,US,
ORD-003738,2024-05-27,CUST-00682,cust-00682@lumenmail.com,Lighting,1,13.64,0.2,Paid Search,UK,variant
ORD-008889,2024-01-22,CUST-01698,cust-01698@lumenmail.com,Lighting,3,52.38,0.0,Organic,CA,control
ORD-008361,2023-12-13,CUST-02838,cust-02838@lumenmail.com,Lighting,3,45.84,0.2,Email,US,
ORD-005824,2024-01-08,CUST-01441,cust-01441@lumenmail.com,Lighting,2,23.46,0.1,Social,US,
ORD-004197,2024-03-26,CUST-01931,cust-01931@lumenmail.com,Lighting,1,107.27,0.25,Email,US,control
ORD-003477,2023-12-15,CUST-02578,cust-02578@lumenmail.com,Décor,7,139.46,0.1,Paid Search,US,
ORD-003414,2024-01-31,CUST-00964,cust-00964@lumenmail.com,Lighting,4,216.62,15.0,Organic,US,control
ORD-004512,2024-08-13,CUST-00519,cust-00519@lumenmail.com,Lighting,3,295.72,0.1,Paid Search,US,
ORD-009570,2024-08-21,CUST-02892,cust-02892@lumenmail.com,Lighting,1,158.15,15.0,Email,CA,
ORD-001241,2024-03-08,CUST-01664,cust-01664@lumenmail.com,Décor,2,111.64,0.0,Paid Search,CA,control
ORD-006176,2023-10-14,CUST-02433,cust-02433@lumenmail.com,Furniture,3,632.32,0.1,Social,US,
ORD-007196,2023-09-30,CUST-00194,cust-00194@lumenmail.com,Accessories,5,0.0,5.0,,UK,
ORD-002549,2024-11-05,CUST-01443,cust-01443@lumenmail.com,Outdoor,2,506.75,0.0,Paid Search,US,
ORD-002036,2023-06-18,CUST-02447,cust-02447@lumenmail.com,Accessories,1,157.88,0.1,Paid Search,US,
ORD-000994,2023-08-11,CUST-02984,cust-02984@lumenmail.com,Accessories,1,133.1,0.2,Email,US,
ORD-003527,2024-01-14,CUST-01840,cust-01840@lumenmail.com,Lighting,3,52.3,0.05,Email,US,variant
ORD-001947,2024-06-01,,guest@lumenmail.com,Lighting,2,133.63,0.0,Social,US,control
ORD-006853,2024-10-11,CUST-00112,cust-00112@lumenmail.com,Lighting,3,79.14,0.0,Paid Search,CA,
ORD-004996,2023-09-30,CUST-00893,cust-00893@lumenmail.com,Lighting,5,29.37,0.0,Paid Search,US,control
ORD-002688,2024-04-18,CUST-00190,cust-00190@lumenmail.com,Lighting,-2,183.79,0.15,Paid Search,US,
ORD-000727,21/01/2024,CUST-00065,cust-00065@lumenmail.com,Furniture,1,97.36,0.1,Organic,US,control
ORD-003513,18/10/2023,CUST-02065,cust-02065@lumenmail.com,Lighting,1,272.79,0.0,Social,US,variant
ORD-002492,2023-10-27,CUST-00859,cust-00859@lumenmail.com,Furniture,1,239.0,0.0,Paid Search,CA,
ORD-003619,12/12/2024,CUST-02721,cust-02721@lumenmail.com,Décor,1,189.14,0.0,Paid Search,US,
ORD-003132,,CUST-00367,cust-00367@lumenmail.com,Furniture,2,52.05,0.0,Email,US,control
ORD-009510,2024-10-12,CUST-01720,cust-01720@lumenmail.com,Outdoor,1,99.52,0.0,Paid Search,US,control
ORD-004220,2024-09-03,CUST-01316,cust-01316@lumenmail.com,Accessories,2,22.51,0.15,Social,UK,
ORD-008610,2024-11-07,CUST-01233,cust-01233@lumenmail.com,Décor,1,190.9,25.0,Email,US,
ORD-006672,2024-06-23,CUST-00852,cust-00852@lumenmail.com,Décor,1,7.6,0.05,Email,US,variant
ORD-003813,2024-04-05,CUST-02512,cust-02512@lumenmail.com,Lighting,1,36.26,0.1,Paid Search,US,
ORD-002094,2024-05-09,CUST-02197,cust-02197@lumenmail.com,Décor,2,146.67,0.0,Organic,US,
ORD-005693,2024-01-13,CUST-00550,cust-00550@lumenmail.com,Furniture,2,63.94,0.0,Email,US,
ORD-004868,2024-07-13,CUST-01749,cust-01749@lumenmail.com,Lighting,2,44.63,0.0,Email,US,
ORD-004555,2024-04-02,CUST-01610,cust-01610@lumenmail.com,Lighting,1,407.92,0.1,Email,US,variant
ORD-007755,2023-08-21,CUST-00765,cust-00765@lumenmail.com,Accessories,1,67.49,5.0,Paid Search,US,control
ORD-006020,2023-12-08,CUST-01777,cust-01777@lumenmail.com,Décor,2,73.36,0.0,Email,US,control
ORD-007470,2024-12-12,CUST-00446,cust-00446@lumenmail.com,Furniture,2,59.47,0.0,Paid Search,US,variant
ORD-001428,08/12/2024,,guest@lumenmail.com,lighting,2,374.61,0.15,Paid Search,US,
ORD-007960,2024-05-21,CUST-01451,cust-01451@lumenmail.com,Furniture,1,5.25,0.0,Social,CA,control
ORD-006547,2024-01-24,CUST-02888,cust-02888@lumenmail.com,Décor,2,60.71,0.0,Organic,US,variant
ORD-000814,2024-09-10,CUST-00133,cust-00133@lumenmail.com,Accessories,1,28.05,5.0,Paid Search,US,variant
ORD-007934,16/03/2024,,guest@lumenmail.com,Lighting,2,390.54,0.0,Social,US,
ORD-007911,2024-11-22,CUST-00709,cust-00709@lumenmail.com,Décor,2,43.93,0.0,Organic,US,variant
ORD-005957,2024-09-29,CUST-00709,cust-00709@lumenmail.com,Décor,1,78.94,0.05,Paid Search,US,variant
ORD-005248,2024-12-11,CUST-00984,cust-00984@lumenmail.com,Lighting,1,144.08,0.1,Organic,US,
ORD-006696,07/03/2024,CUST-00459,cust-00459@lumenmail.com,Lighting,3,208.24,0.0,Email,US,
ORD-003958,2024-12-06,CUST-02632,cust-02632@lumenmail.com,Décor,1,31.35,0.0,Social,US,control
ORD-002484,2023-09-07,CUST-01682,cust-01682@lumenmail.com,Lighting,1,0.0,0.0,Email,ZZ,control
ORD-006246,13/07/2023,CUST-01235,cust-01235@lumenmail.com,Lighting,2,26.36,10.0,,US,variant
ORD-009531,2024-09-21,CUST-01863,cust-01863@lumenmail.com,Outdoor,2,27.23,0.05,Organic,US,control
ORD-007861,2024-03-21,CUST-01122,cust-01122@lumenmail.com,Décor,2,134.47,0.0,Paid Search,US,
ORD-001359,2023-10-16,CUST-00263,cust-00263@lumenmail.com,Décor,1,37.73,0.1,Paid Search,US,
ORD-001859,2024-09-21,CUST-02455,cust-02455@lumenmail.com,Outdoor,3,192.4,0.05,Paid Search,US,variant
ORD-005828,2024-09-19,CUST-00922,cust-00922@lumenmail.com,lighting,7,184.05,0.05,Social,US,control
ORD-001580,2023-12-17,CUST-00622,cust-00622@lumenmail.com,Lighting,3,250.45,0.15,Organic,UK,
ORD-002690,18/01/2024,CUST-01945,cust-01945@lumenmail.com,Lighting,2,64.55,0.2,Organic,CA,variant
ORD-005450,2024-09-08,CUST-02317,cust-02317@lumenmail.com,Outdoor,1,37.69,0.0,Organic,US,
ORD-000615,11/07/2024,CUST-00629,cust-00629@lumenmail.com,Décor,2,9.32,0.0,Paid Search,US,
ORD-006299,2024-12-29,CUST-02468,cust-02468@lumenmail.com,Lighting,2,38.66,0.05,Email,US,control
ORD-007759,2024-10-24,,guest@lumenmail.com,Furniture,1,89.24,5.0,Paid Search,CA,variant
ORD-003397,2024-03-12,CUST-00145,cust-00145@lumenmail.com,Furniture,1,21.75,0.25,Email,US,variant
ORD-004819,24/02/2024,CUST-00267,cust-00267@lumenmail.com,Décor,1,39.17,0.2,,US,control
ORD-003934,2024-11-27,,guest@lumenmail.com,Furniture,2,90.6,0.0,,UK,variant
ORD-002042,2024-11-18,CUST-02834,cust-02834@lumenmail.com,Lighting,3,173.15,0.15,Email,US,control
ORD-004593,2023-07-19,CUST-00126,cust-00126@lumenmail.com,Outdoor,1,316.73,0.15,Paid Search,UK,variant
ORD-008174,2024-12-03,CUST-01225,cust-01225@lumenmail.com,Furniture,5,76.6,0.25,Email,US,control
ORD-004247,2023-07-10,CUST-01917,cust-01917@lumenmail.com,Furniture,1,22.84,5.0,Paid Search,CA,variant
ORD-007163,2024-02-04,CUST-02261,cust-02261@lumenmail.com,Furniture,2,687.77,0.05,Social,US,variant
ORD-003807,2024-06-24,CUST-01981,cust-01981@lumenmail.com,Décor,4,96.58,0.1,,UK,
ORD-004639,2024-01-10,CUST-00491,cust-00491@lumenmail.com,Outdoor,1,117.34,0.0,Email,US,control
ORD-009078,2024-09-05,CUST-00154,cust-00154@lumenmail.com,Décor,1,220.83,0.0,Email,US,
ORD-004782,2023-09-24,CUST-00702,cust-00702@lumenmail.com,Furniture,4,71.92,0.2,Organic,AU,
ORD-002995,2023-07-03,CUST-01819,cust-01819@lumenmail.com,Lighting,2,47.65,0.0,Email,CA,
ORD-004187,2024-03-28,CUST-00294,cust-00294@lumenmail.com,Lighting,1,234.79,0.05,Social,US,
ORD-004353,2024-02-10,CUST-01483,cust-01483@lumenmail.com,Décor,1,35.31,0.15,Paid Search,US,
ORD-007719,2024-05-24,CUST-02835,cust-02835@lumenmail.com,Décor,1,54.74,0.2,Email,US,variant
ORD-002134,21/06/2024,CUST-01536,cust-01536@lumenmail.com,Outdoor,6,33.35,0.0,Email,US,control
ORD-004033,24/04/2024,CUST-02818,cust-02818@lumenmail.com,Lighting,3,90.94,0.1,Paid Search,US,
ORD-004103,2023-06-16,CUST-01128,cust-01128@lumenmail.com,Décor,1,197.44,0.0,Social,US,variant
ORD-001517,2024-10-11,CUST-02239,cust-02239@lumenmail.com,Accessories,1,28.56,0.15,Social,US,control
ORD-006935,2023-10-30,CUST-01760,cust-01760@lumenmail.com,Outdoor,1,10.94,0.15,Email,US,control
ORD-003568,2024-05-02,,guest@lumenmail.com,Lighting,3,255.95,0.0,Organic,UK,variant
ORD-002453,12/09/2024,CUST-00576,cust-00576@lumenmail.com,Décor,5,56.89,0.0,Paid Search,US,
ORD-001989,2024-08-28,CUST-02712,cust-02712@lumenmail.com,Décor,1,95.06,0.05,Social,US,
ORD-004689,2024-10-05,CUST-00262,cust-00262@lumenmail.com,Lighting,1,48.51,0.0,Organic,UK,
ORD-000669,2024-04-29,CUST-01809,cust-01809@lumenmail.com,Décor,1,55.01,10.0,Paid Search,AU,variant
ORD-001530,2024-09-22,CUST-00558,cust-00558@lumenmail.com,Lighting,1,366.02,0.0,Paid Search,US,control
ORD-008219,2024-11-07,CUST-00644,cust-00644@lumenmail.com,Outdoor,3,331.11,0.1,Email,AU,control
ORD-005360,2024-11-24,CUST-01057,cust-01057@lumenmail.com,Lighting,-1,135.85,0.0,Paid Search,UK,control
ORD-003435,19/06/2023,CUST-01191,cust-01191@lumenmail.com,Lighting,1,227.27,0.1,Email,US,control
ORD-002054,26/03/2024,CUST-00328,cust-00328@lumenmail.com,Lighting,2,526.25,0.05,,US,
ORD-007820,2024-08-11,CUST-02277,cust-02277@lumenmail.com,Lighting,1,105.98,0.0,Paid Search,US,variant
ORD-009079,2024-03-04,CUST-02110,cust-02110@lumenmail.com,Décor,2,240.76,0.15,Organic,US,variant
ORD-007089,2024-01-10,CUST-01233,cust-01233@lumenmail.com,Accessories,3,697.86,0.0,Paid Search,US,
ORD-006306,2023-07-10,CUST-00589,cust-00589@lumenmail.com,Outdoor,2,28.94,0.0,Email,CA,
ORD-006373,23/11/2023,CUST-01792,cust-01792@lumenmail.com,Décor,3,377.23,0.2,Organic,US,
ORD-001169,2023-06-21,CUST-02194,cust-02194@lumenmail.com,Lighting,3,63.79,0.05,Email,US,control
ORD-008746,2023-11-22,CUST-01923,cust-01923@lumenmail.com,Furniture,2,39.71,0.0,Paid Search,US,
ORD-006632,2023-06-25,CUST-01966,cust-01966@lumenmail.com,Outdoor,3,302.7,0.0,Paid Search,US,variant
ORD-004953,13/10/2024,CUST-02956,cust-02956@lumenmail.com,Décor,7,156.8,0.0,Email,US,variant
ORD-007902,2024-03-22,CUST-01822,cust-01822@lumenmail.com,Furniture,3,76.0,0.1,Email,UK,control
ORD-005943,2023-12-07,CUST-02805,cust-02805@lumenmail.com,Outdoor,1,59.1,0.0,Organic,CA,control
ORD-001583,2024-03-14,CUST-00149,cust-00149@lumenmail.com,Lighting,1,14.44,0.05,Email,UK,
ORD-007365,2023-10-12,CUST-00881,cust-00881@lumenmail.com,Accessoires,5,28.39,0.0,Paid Search,AU,variant
ORD-005687,2023-07-16,CUST-00182,cust-00182@lumenmail.com,Lighting,5,84.4,0.15,Email,CA,variant
ORD-008435,2023-06-18,CUST-00783,cust-00783@lumenmail.com,Lighting,2,84.97,0.05,Email,US,variant
ORD-008429,2024-12-18,CUST-02858,cust-02858@lumenmail.com,Lighting,2,11.58,0.05,Paid Search,CA,
ORD-003091,2023-12-10,CUST-00684,cust-00684@lumenmail.com,Décor,1,175.05,0.05,Email,US,control
ORD-007417,2023-09-17,,guest@lumenmail.com,Furniture,1,356.42,0.2,,UK,control
ORD-006296,2024-08-18,CUST-00875,cust-00875@lumenmail.com,Lightng,3,56.18,10.0,Social,US,
ORD-000430,2024-09-07,CUST-02438,cust-02438@lumenmail.com,lighting,1,47.48,0.2,Email,CA,variant
ORD-003167,2023-06-30,CUST-00942,cust-00942@lumenmail.com,Furniture,1,42.77,0.1,Email,US,
ORD-001607,2024-12-29,CUST-00574,cust-00574@lumenmail.com,Décor,6,90.35,0.0,Paid Search,CA,
ORD-009131,01/09/2024,CUST-02435,cust-02435@lumenmail.com,Furniture,1,358.54,0.25,Paid Search,US,control
ORD-002523,07/05/2024,,guest@lumenmail.com,Accessories,1,44.85,0.05,Paid Search,AU,
ORD-005514,18/06/2024,CUST-02721,cust-02721@lumenmail.com,Outdoor,1,454.9,0.1,Paid Search,US,control
ORD-001832,2023-06-28,CUST-01214,cust-01214@lumenmail.com,Accessories,7,22.29,0.0,Paid Search,CA,
ORD-002372,2023-08-02,CUST-02175,cust-02175@lumenmail.com,Outdoor,3,115.91,0.0,Paid Search,CA,control
ORD-009437,2023-06-22,CUST-01860,cust-01860@lumenmail.com,Furniture,1,24.17,0.1,Paid Search,US,variant
ORD-003417,2024-02-19,,guest@lumenmail.com,Lighting,1,123.54,0.0,Organic,UK,variant
ORD-004437,2023-10-29,CUST-02823,cust-02823@lumenmail.com,Lighting,4,322.38,0.0,Email,UK,control
ORD-008741,2023-12-12,CUST-00430,cust-00430@lumenmail.com,Décor,2,14.1,0.1,Email,CA,variant
ORD-000481,24/09/2023,CUST-01118,cust-01118@lumenmail.com,Lighting,1,137.71,0.05,Email,US,variant
ORD-005859,2024-01-17,CUST-01089,cust-01089@lumenmail.com,Décor,1,42.21,0.0,Paid Search,US,
ORD-007676,2023-10-20,CUST-00236,cust-00236@lumenmail.com,Outdoor,2,57.35,0.05,Organic,CA,control
ORD-008312,2023-12-11,CUST-01968,cust-01968@lumenmail.com,Lightng,4,270.79,0.1,,US,
ORD-007961,2023-08-23,CUST-01310,cust-01310@lumenmail.com,Outdoor,5,230.6,15.0,Email,US,
ORD-006917,2023-07-16,,guest@lumenmail.com,Lighting,1,90.56,0.05,,US,
ORD-002274,2023-09-13,CUST-01369,cust-01369@lumenmail.com,Lighting,1,38.04,0.0,,US,control
ORD-009315,2023-11-15,CUST-00158,cust-00158@lumenmail.com,Lighting,4,48.25,0.15,Paid Search,US,control
ORD-002230,2024-11-06,CUST-00998,cust-00998@lumenmail.com,Lighting,1,32.89,0.05,Organic,US,
ORD-001776,2024-11-16,CUST-01835,cust-01835@lumenmail.com,Outdoor,7,48.5,0.2,Paid Search,US,
ORD-002365,2024-08-18,CUST-02337,cust-02337@lumenmail.com,Lighting,5,55.43,0.05,Paid Search,US,
ORD-003578,2023-11-10,CUST-02433,cust-02433@lumenmail.com,Lighting,1,104.98,0.15,Social,US,variant
ORD-000122,2023-08-25,CUST-02831,cust-02831@lumenmail.com,Outdoor,2,65.06,0.05,Organic,US,variant
ORD-004936,06/10/2023,,guest@lumenmail.com,Furniture,7,269.36,0.1,Organic,US,
ORD-008318,2024-09-24,CUST-02324,cust-02324@lumenmail.com,Lighting,5,560.35,0.15,Paid Search,US,
ORD-007473,2024-04-18,CUST-02810,cust-02810@lumenmail.com,Lighting,1,356.41,0.0,Paid Search,US,
ORD-002078,2024-11-18,CUST-00585,cust-00585@lumenmail.com,Furniture,5,196.09,0.05,Email,US,control
ORD-004445,2024-05-01,CUST-02010,cust-02010@lumenmail.com,Décor,1,46.69,0.25,Paid Search,US,
ORD-007734,2024-07-05,,guest@lumenmail.com,Décor,1,123.76,0.1,Social,US,
ORD-003501,2024-02-08,,guest@lumenmail.com,Décor,1,38.44,0.25,Email,CA,control
ORD-006381,2024-06-30,,guest@lumenmail.com,Furniture,2,177.9,0.05,Social,US,variant
ORD-005622,2023-11-09,CUST-00948,cust-00948@lumenmail.com,Outdoor,1,35.03,0.15,,ZZ,control
ORD-002373,2023-12-06,CUST-02331,cust-02331@lumenmail.com,Lighting,2,121.25,0.15,Email,US,
ORD-001903,2023-09-30,CUST-02186,cust-02186@lumenmail.com,Décor,1,85.74,0.0,Paid Search,UK,
ORD-001059,30/12/2024,CUST-01867,cust-01867@lumenmail.com,Lighting,-4,619.35,0.1,Email,UK,control
ORD-006787,2024-08-25,CUST-02388,cust-02388@lumenmail.com,Outdoor,4,56.62,5.0,Organic,US,variant
ORD-000405,04/08/2024,CUST-01609,cust-01609@lumenmail.com,Décor,2,44.25,0.1,Paid Search,US,variant
ORD-003009,2023-09-24,CUST-02068,cust-02068@lumenmail.com,Décor,3,35.9,0.05,Organic,US,
ORD-001208,2024-07-13,,guest@lumenmail.com,Décor,1,59.59,0.0,Paid Search,CA,control
ORD-009565,2024-04-18,CUST-01499,cust-01499@lumenmail.com,Lighting,1,47.82,0.15,Paid Search,UK,variant
ORD-007226,2024-11-25,CUST-00328,cust-00328@lumenmail.com,Décor,2,63.19,5.0,Email,CA,
ORD-003848,2023-07-10,CUST-00045,cust-00045@lumenmail.com,Furniture,2,513.19,0.2,Email,US,
ORD-005308,2024-09-09,CUST-02582,cust-02582@lumenmail.com,Décor,7,78.68,0.15,Paid Search,US,
ORD-004899,2023-08-22,,guest@lumenmail.com,Accessories,1,197.63,0.0,Paid Search,US,variant
ORD-006437,2024-12-15,CUST-00678,cust-00678@lumenmail.com,Décor,3,186.26,0.05,Email,US,variant
ORD-008993,2024-04-20,CUST-02027,cust-02027@lumenmail.com,Lighting,3,16.86,0.0,Email,CA,
ORD-000625,2024-11-07,CUST-00984,cust-00984@lumenmail.com,Décor,6,28.79,0.2,Paid Search,US,variant
ORD-006803,2024-02-22,CUST-01349,cust-01349@lumenmail.com,Lighting,3,45.37,0.2,Paid Search,UK,control
ORD-007933,2024-03-14,CUST-01906,cust-01906@lumenmail.com,Furniture,2,479.2,0.1,Social,US,
ORD-003667,12/08/2024,,guest@lumenmail.com,Lighting,3,154.5,0.15,Social,US,
ORD-005665,2023-06-02,CUST-01286,cust-01286@lumenmail.com,Outdoor,2,36.12,0.0,Organic,AU,
ORD-009230,04/03/2024,CUST-02757,cust-02757@lumenmail.com,Outdoor,4,101.61,0.0,Social,AU,
ORD-007123,2024-10-08,CUST-00292,cust-00292@lumenmail.com,Décor,2,220.99,0.0,Paid Search,US,
ORD-001136,04/12/2024,CUST-01607,cust-01607@lumenmail.com,Outdoor,5,103.48,0.2,Organic,US,control
ORD-007366,2024-03-01,CUST-01518,cust-01518@lumenmail.com,Lighting,2,167.63,0.05,Email,UK,variant
ORD-008466,25/01/2024,CUST-00567,cust-00567@lumenmail.com,Furniture,1,232.16,0.15,Email,US,control
ORD-008934,2023-09-10,CUST-00768,cust-00768@lumenmail.com,Furniture,3,34.56,0.15,Social,US,variant
ORD-004097,2024-05-11,CUST-00304,cust-00304@lumenmail.com,Décor,2,153.3,0.0,Paid Search,US,control
ORD-001826,2024-07-27,CUST-00733,cust-00733@lumenmail.com,Lighting,2,27.95,0.0,Social,CA,
ORD-009086,2024-03-10,CUST-02161,cust-02161@lumenmail.com,Lighting,4,56.42,0.0,Organic,ZZ,variant
ORD-002441,2024-01-08,CUST-01346,cust-01346@lumenmail.com,Outdoor,1,87.68,0.0,Paid Search,US,
ORD-001888,11/05/2024,CUST-01285,cust-01285@lumenmail.com,Lighting,1,33.52,0.0,Paid Search,US,control
ORD-009015,2024-12-07,CUST-01433,cust-01433@lumenmail.com,Furniture,1,29.29,0.15,Organic,US,variant
ORD-008003,2024-02-24,CUST-01462,cust-01462@lumenmail.com,Lighting,2,13.32,0.0,Email,US,control
ORD-002125,2024-02-10,CUST-02633,cust-02633@lumenmail.com,Décor,1,688.87,0.0,Paid Search,US,variant
ORD-006646,2023-11-06,CUST-00838,cust-00838@lumenmail.com,Décor,1,38.46,0.1,,US,
ORD-000925,2023-10-02,CUST-02307,cust-02307@lumenmail.com,Furniture,2,38.37,0.15,Organic,US,
ORD-000424,2024-09-02,,guest@lumenmail.com,Furniture,6,99.89,0.05,Organic,US,
ORD-001124,2024-11-13,CUST-00076,cust-00076@lumenmail.com,Décor,1,233.67,0.0,Social,US,
ORD-004880,2024-05-25,,guest@lumenmail.com,Outdoor,2,53.28,0.0,Paid Search,AU,
ORD-009360,2024-10-20,CUST-00486,cust-00486@lumenmail.com,Lighting,2,280.83,0.0,Paid Search,CA,control
ORD-006784,2023-08-14,CUST-01766,cust-01766@lumenmail.com,Furniture,1,35.58,0.0,Organic,US,variant
ORD-009410,21/03/2024,CUST-00019,cust-00019@lumenmail.com,Lighting,7,41.48,0.1,Social,US,control
ORD-008966,17/11/2024,CUST-02206,cust-02206@lumenmail.com,Outdoor,4,77.48,0.25,Paid Search,US,control
ORD-001754,2023-06-22,CUST-02994,cust-02994@lumenmail.com,Outdoor,1,87.55,0.0,Organic,UK,
ORD-006102,2024-02-05,CUST-00526,cust-00526@lumenmail.com,Décor,1,60.44,0.0,Social,US,control
ORD-004215,2024-02-01,CUST-02923,cust-02923@lumenmail.com,Lighting,7,0.0,0.05,Organic,US,control
ORD-002294,2024-11-28,,guest@lumenmail.com,Lighting,1,50.51,0.15,Email,US,control
ORD-004812,2023-09-17,CUST-01547,cust-01547@lumenmail.com,Lighting,2,75.04,0.0,Paid Search,US,
ORD-005880,2024-02-13,CUST-02876,cust-02876@lumenmail.com,Lighting,3,49.6,0.05,Social,CA,
ORD-001884,02/06/2023,,guest@lumenmail.com,Décor,3,89.64,5.0,Email,US,
ORD-002669,2024-04-02,CUST-01984,cust-01984@lumenmail.com,Décor,2,273.56,0.25,Social,CA,
ORD-005080,2024-02-28,,guest@lumenmail.com,Décor,2,76.43,0.05,Email,US,variant
ORD-006821,22/10/2023,CUST-02564,cust-02564@lumenmail.com,Décor,2,50.4,0.0,Email,US,control
ORD-005632,2024-10-13,CUST-01705,cust-01705@lumenmail.com,Lighting,-4,87.9,0.0,Organic,US,
ORD-007199,2023-11-28,CUST-02923,cust-02923@lumenmail.com,Accessories,1,130.98,15.0,Paid Search,US,control
ORD-009106,2024-01-07,CUST-02586,cust-02586@lumenmail.com,Lighting,2,244.48,0.1,Paid Search,US,
ORD-002345,2024-11-26,CUST-00027,cust-00027@lumenmail.com,Accessories,2,29.31,0.25,Social,UK,control
ORD-001514,2023-06-06,CUST-01089,cust-01089@lumenmail.com,Décor,2,67.02,0.05,Paid Search,US,
ORD-007254,2024-06-04,CUST-00275,cust-00275@lumenmail.com,Décor,1,47.75,0.15,Email,CA,control
ORD-008778,2023-09-14,CUST-03000,cust-03000@lumenmail.com,Lighting,1,174.76,0.05,Paid Search,US,variant
ORD-005196,09/01/2024,CUST-02409,cust-02409@lumenmail.com,Furniture,1,22.03,0.15,Organic,US,
ORD-003985,2024-01-20,CUST-00696,cust-00696@lumenmail.com,Outdoor,1,37.07,0.15,Social,AU,variant
ORD-006961,2023-11-10,CUST-01311,cust-01311@lumenmail.com,Lighting,1,412.35,0.25,Paid Search,UK,control
ORD-006014,2024-04-24,CUST-01353,cust-01353@lumenmail.com,Furniture,3,770.11,0.05,Email,CA,
ORD-007766,2024-01-26,CUST-02668,cust-02668@lumenmail.com,Lighting,1,10.64,0.0,Paid Search,US,
ORD-002753,2024-09-04,CUST-02129,cust-02129@lumenmail.com,Lighting,1,38.1,0.2,Email,US,variant
ORD-007957,2023-12-06,CUST-00182,cust-00182@lumenmail.com,Furniture,1,91.37,0.0,Social,US,variant
ORD-006782,2023-11-04,,guest@lumenmail.com,Décor,1,35.46,0.15,Paid Search,US,
ORD-002227,2023-07-04,CUST-02998,cust-02998@lumenmail.com,Décor,2,44.79,0.0,Paid Search,US,control
ORD-009411,29/01/2024,CUST-01212,cust-01212@lumenmail.com,Lighting,1,15.32,0.0,Email,CA,
ORD-000544,2024-10-01,CUST-01710,cust-01710@lumenmail.com,Furniture,1,59.21,0.25,Paid Search,US,variant
ORD-006910,2023-11-07,CUST-01269,cust-01269@lumenmail.com,Lighting,2,354.04,0.2,Email,UK,
ORD-006450,2023-11-30,CUST-01192,cust-01192@lumenmail.com,Outdoor,3,115.95,0.0,Organic,US,variant
ORD-007701,25/10/2023,CUST-01111,cust-01111@lumenmail.com,Décor,1,131.7,0.05,Paid Search,US,control
ORD-004112,2024-05-14,CUST-00650,cust-00650@lumenmail.com,Décor,1,48.78,0.0,Organic,US,variant
ORD-006025,2024-04-25,CUST-02843,cust-02843@lumenmail.com,Furniture,5,113.62,0.05,Organic,ZZ,variant
ORD-002710,2024-11-24,CUST-01128,cust-01128@lumenmail.com,Furniture,3,646.17,0.1,Paid Search,US,control
ORD-008679,2023-09-03,CUST-02444,cust-02444@lumenmail.com,Décor,1,38.43,0.1,Paid Search,US,
ORD-007640,09/10/2023,CUST-01212,cust-01212@lumenmail.com,Lighting,2,226.89,0.0,Paid Search,UK,control
ORD-005040,2024-12-25,CUST-01779,cust-01779@lumenmail.com,Lighting,3,108.02,0.05,Email,CA,
ORD-004907,2024-05-20,CUST-01319,cust-01319@lumenmail.com,Furniture,2,66.58,0.0,Email,UK,
ORD-004935,2024-04-20,CUST-01274,cust-01274@lumenmail.com,Lighting,1,177.12,0.0,Organic,CA,
ORD-008816,2023-07-15,CUST-01900,cust-01900@lumenmail.com,Décor,2,39.87,0.05,Email,US,variant
ORD-007353,2023-06-26,CUST-02917,cust-02917@lumenmail.com,Furniture,4,30.93,0.0,Email,AU,
ORD-001914,2024-10-15,CUST-02669,cust-02669@lumenmail.com,Furniture,7,65.19,0.05,Email,UK,
ORD-000506,2024-09-05,CUST-00938,cust-00938@lumenmail.com,Outdoor,2,57.91,0.0,Paid Search,US,variant
ORD-001515,2023-09-03,CUST-02357,cust-02357@lumenmail.com,Lighting,1,11.99,0.0,Organic,UK,variant
ORD-008798,2024-06-07,CUST-00496,cust-00496@lumenmail.com,lighting,4,82.22,0.0,Paid Search,CA,control
ORD-004667,2024-01-06,CUST-02551,cust-02551@lumenmail.com,Outdoor,1,49.99,0.0,Organic,US,
ORD-005768,2023-11-06,CUST-01446,cust-01446@lumenmail.com,Outdoor,2,31.18,20.0,Organic,CA,control
ORD-005237,03/09/2024,CUST-01344,cust-01344@lumenmail.com,Lighting,2,78.03,5.0,Email,US,variant
ORD-005703,10/12/2024,CUST-01225,cust-01225@lumenmail.com,Décor,2,110.73,0.15,Organic,US,control
ORD-008853,26/10/2023,CUST-02851,cust-02851@lumenmail.com,Lighting,3,39.03,5.0,Paid Search,UK,control
ORD-006038,10/12/2024,CUST-02422,cust-02422@lumenmail.com,lighting,3,191.39,0.05,Paid Search,US,control
ORD-003936,20/02/2024,CUST-00736,cust-00736@lumenmail.com,Lighting,1,79.12,0.0,Paid Search,CA,
ORD-008926,2024-05-18,CUST-00443,cust-00443@lumenmail.com,Accessories,2,170.26,0.2,Email,UK,variant
ORD-004043,25/07/2023,,guest@lumenmail.com,Décor,2,79.35,0.05,,US,variant
ORD-005164,2024-02-07,CUST-02206,cust-02206@lumenmail.com,Décor,3,65.83,0.15,Email,US,variant
ORD-000499,2023-08-02,CUST-02738,cust-02738@lumenmail.com,Décor,1,323.2,0.0,Organic,US,variant
ORD-002723,2024-07-23,CUST-00796,cust-00796@lumenmail.com,Décor,1,72.43,0.1,Paid Search,CA,
ORD-006229,22/08/2024,CUST-00248,cust-00248@lumenmail.com,Décor,2,112.86,0.05,Email,UK,variant
ORD-004937,2023-12-14,CUST-00173,cust-00173@lumenmail.com,Décor,1,28.51,0.05,Paid Search,US,control
ORD-003539,2024-09-18,CUST-00932,cust-00932@lumenmail.com,Lighting,2,16.42,0.15,Organic,UK,control
ORD-008154,2024-12-26,CUST-02661,cust-02661@lumenmail.com,Accessories,5,46.9,0.1,Email,US,
ORD-001793,2024-06-19,CUST-00219,cust-00219@lumenmail.com,Lighting,5,18.48,0.1,Paid Search,UK,
ORD-000340,2024-01-13,CUST-02037,cust-02037@lumenmail.com,Décor,5,198.38,0.0,Email,US,variant
ORD-003876,2024-03-09,,guest@lumenmail.com,Lighting,1,29.52,0.1,Paid Search,US,
ORD-004995,2024-11-12,CUST-02409,cust-02409@lumenmail.com,Lightng,7,10.24,0.0,Paid Search,UK,
ORD-007653,2023-07-11,CUST-02108,cust-02108@lumenmail.com,Lighting,2,243.39,0.05,Paid Search,US,
ORD-006565,2024-07-05,CUST-01482,cust-01482@lumenmail.com,Décor,1,380.67,0.1,Organic,US,
ORD-006600,2024-05-19,CUST-01901,cust-01901@lumenmail.com,Lighting,6,78.39,0.05,Paid Search,US,control
ORD-007315,2024-04-19,CUST-02572,cust-02572@lumenmail.com,Outdoor,2,15.1,0.15,Paid Search,US,variant
ORD-000837,2024-09-29,CUST-00969,cust-00969@lumenmail.com,Décor,1,29.75,10.0,,US,variant
ORD-008767,2024-07-20,CUST-02061,cust-02061@lumenmail.com,Lighting,2,67.44,10.0,Paid Search,CA,variant
ORD-004470,2023-09-04,CUST-00990,cust-00990@lumenmail.com,Décor,1,238.38,0.05,Paid Search,US,control
ORD-001539,2024-05-26,CUST-00157,cust-00157@lumenmail.com,Lighting,2,51.78,0.0,Organic,UK,variant
ORD-005165,2023-06-07,CUST-00197,cust-00197@lumenmail.com,Décor,1,38.37,5.0,,US,variant
ORD-004395,01/12/2023,CUST-01485,cust-01485@lumenmail.com,Lighting,2,90.21,0.0,Organic,US,control
ORD-008632,2023-11-15,CUST-01051,cust-01051@lumenmail.com,Décor,4,66.33,0.0,Email,US,control
ORD-009599,2024-04-08,CUST-00954,cust-00954@lumenmail.com,Décor,1,43.25,0.1,Organic,UK,
ORD-008395,2024-09-18,CUST-01076,cust-01076@lumenmail.com,Décor,2,50.99,0.05,Paid Search,US,
ORD-001933,2024-09-26,CUST-01469,cust-01469@lumenmail.com,Décor,1,155.54,0.2,Email,US,control
ORD-007221,2024-09-22,,guest@lumenmail.com,Outdoor,4,36.36,10.0,Email,ZZ,
ORD-003348,07/07/2024,CUST-02255,cust-02255@lumenmail.com,Accessories,6,57.03,0.15,Email,US,
ORD-001051,2024-01-19,CUST-00290,cust-00290@lumenmail.com,Décor,1,145.28,0.15,Paid Search,US,
ORD-001069,04/09/2023,CUST-02705,cust-02705@lumenmail.com,Furniture,1,399.32,0.0,Email,ZZ,
ORD-006479,2024-10-25,CUST-02950,cust-02950@lumenmail.com,Furniture,1,80.71,0.0,Paid Search,US,variant
ORD-008744,2023-12-15,CUST-00715,cust-00715@lumenmail.com,Lighting,1,184.38,0.05,Paid Search,CA,control
ORD-008255,21/09/2024,CUST-00389,cust-00389@lumenmail.com,Lighting,2,23.0,0.0,Paid Search,CA,variant
ORD-008728,2024-10-01,CUST-02515,cust-02515@lumenmail.com,Lighting,7,127.94,0.0,Organic,US,control
ORD-008560,2024-05-14,CUST-02928,cust-02928@lumenmail.com,Décor,3,29.13,0.05,Social,CA,
ORD-007585,2023-12-15,CUST-01692,cust-01692@lumenmail.com,Furniture,1,48.89,0.0,Paid Search,UK,control
ORD-000901,2023-12-31,CUST-00189,cust-00189@lumenmail.com,Furniture,1,623.83,0.1,Organic,UK,control
ORD-009461,2024-05-25,CUST-00664,cust-00664@lumenmail.com,Décor,1,119.95,0.05,Social,ZZ,variant
ORD-008214,2024-01-24,CUST-01441,cust-01441@lumenmail.com,Lighting,1,56.25,0.0,Paid Search,US,variant
ORD-005812,2024-06-02,CUST-01053,cust-01053@lumenmail.com,Furniture,2,134.06,0.1,Paid Search,CA,
ORD-003065,2024-07-17,CUST-00920,cust-00920@lumenmail.com,Décor,1,332.33,0.0,Social,US,
ORD-003815,2024-03-17,CUST-00093,cust-00093@lumenmail.com,Outdoor,5,37.48,0.05,Organic,US,control
ORD-005993,2024-03-01,CUST-01100,cust-01100@lumenmail.com,Lighting,3,99.21,0.0,Email,US,
ORD-003649,2023-06-12,CUST-00712,cust-00712@lumenmail.com,Accessories,2,97.42,0.15,Organic,US,
ORD-001264,2024-11-25,CUST-00447,cust-00447@lumenmail.com,Lighting,3,23.23,0.25,Social,US,control
ORD-004509,2023-06-13,CUST-01616,cust-01616@lumenmail.com,lighting,1,60.98,0.0,Paid Search,US,variant
ORD-009189,2023-08-26,CUST-01284,cust-01284@lumenmail.com,Lighting,4,295.22,0.0,Paid Search,US,
ORD-001213,2024-07-04,CUST-02000,cust-02000@lumenmail.com,Décor,1,145.53,0.0,Email,US,variant
ORD-007864,2023-06-26,CUST-02391,cust-02391@lumenmail.com,lighting,4,39.32,0.0,Paid Search,CA,
ORD-008931,2024-08-07,CUST-01830,cust-01830@lumenmail.com,Décor,1,70.32,0.25,Social,US,variant
ORD-007593,18/03/2024,CUST-01177,cust-01177@lumenmail.com,Lighting,2,393.33,0.15,Paid Search,US,variant
ORD-005371,2024-01-10,CUST-00164,cust-00164@lumenmail.com,Décor,1,76.06,0.0,Email,US,
ORD-005767,2024-12-10,CUST-01635,cust-01635@lumenmail.com,Décor,2,147.52,0.0,Organic,US,control
ORD-002326,2023-10-17,CUST-00024,cust-00024@lumenmail.com,Décor,2,99.39,0.1,Organic,AU,variant
ORD-009236,17/11/2024,CUST-00902,cust-00902@lumenmail.com,Outdoor,1,125.48,0.0,Email,US,
ORD-005388,2023-10-19,CUST-00778,cust-00778@lumenmail.com,Furniture,-1,33.38,0.05,Paid Search,US,variant
ORD-002218,2023-11-01,CUST-01146,cust-01146@lumenmail.com,Lighting,5,69.8,0.15,Email,US,
ORD-002670,2023-12-17,CUST-00523,cust-00523@lumenmail.com,Lighting,-1,45.16,0.15,Social,CA,
ORD-000527,2023-07-05,CUST-00395,cust-00395@lumenmail.com,Outdoor,2,84.99,0.0,Organic,US,control
ORD-007879,2024-12-30,CUST-02314,cust-02314@lumenmail.com,Décor,1,23.75,0.1,Organic,UK,
ORD-009446,2023-10-06,CUST-00223,cust-00223@lumenmail.com,Décor,1,39.54,0.25,Email,US,variant
ORD-003253,2023-08-06,CUST-02042,cust-02042@lumenmail.com,Furniture,1,76.78,0.05,Social,AU,control
ORD-007333,2023-11-19,CUST-01607,cust-01607@lumenmail.com,Lighting,1,26.97,0.25,Email,US,control
ORD-001260,2024-08-30,CUST-02476,cust-02476@lumenmail.com,Outdoor,1,23.24,0.2,Paid Search,US,variant
ORD-009566,05/07/2023,CUST-02142,cust-02142@lumenmail.com,Lighting,2,224.18,0.0,Organic,US,
ORD-004637,2024-06-07,CUST-00716,cust-00716@lumenmail.com,Lighting,7,93.89,0.05,Paid Search,UK,
ORD-005433,2023-07-01,CUST-02534,cust-02534@lumenmail.com,Lighting,1,47.1,0.1,Email,UK,control
ORD-002338,2024-04-09,CUST-01962,cust-01962@lumenmail.com,Outdoor,1,468.13,0.1,Email,US,variant
ORD-006719,2024-04-12,CUST-00276,cust-00276@lumenmail.com,Lighting,1,8.75,0.1,Organic,US,
ORD-006666,2024-11-17,CUST-01102,cust-01102@lumenmail.com,Lighting,1,87.14,0.05,Paid Search,US,control
ORD-003877,2024-01-18,CUST-01194,cust-01194@lumenmail.com,Décor,-1,361.09,0.15,Organic,US,
ORD-001722,,CUST-02667,cust-02667@lumenmail.com,Lighting,2,696.7,0.0,Organic,US,variant
ORD-000144,2024-02-19,CUST-02142,cust-02142@lumenmail.com,Décor,1,14.13,0.0,Email,UK,variant
ORD-001090,2024-01-09,CUST-00980,cust-00980@lumenmail.com,Accessories,1,451.22,0.2,Organic,US,control
ORD-001850,2024-01-21,,guest@lumenmail.com,Décor,5,579.79,0.1,Organic,US,variant
ORD-001860,2024-12-29,CUST-00516,cust-00516@lumenmail.com,Décor,1,29.83,0.0,Paid Search,AU,control
ORD-001142,2024-02-23,CUST-00932,cust-00932@lumenmail.com,Lighting,4,66.85,0.05,Organic,US,control
ORD-005916,2023-09-16,CUST-01342,cust-01342@lumenmail.com,Outdoor,1,6.32,0.0,Email,US,variant
ORD-008302,2023-07-17,CUST-01526,cust-01526@lumenmail.com,Décor,-2,98.38,0.0,Social,UK,variant
ORD-004166,2023-11-25,CUST-00468,cust-00468@lumenmail.com,Décor,2,45.47,0.0,Paid Search,US,variant
ORD-003046,2023-11-17,CUST-00198,cust-00198@lumenmail.com,Accessories,1,33.08,0.15,Paid Search,US,
ORD-001622,2023-06-19,CUST-01324,cust-01324@lumenmail.com,Lighting,3,690.02,0.0,Email,US,control
ORD-003746,2024-12-17,,guest@lumenmail.com,Décor,5,60.02,0.0,Email,ZZ,control
ORD-009006,13/11/2024,CUST-00841,cust-00841@lumenmail.com,Furniture,1,0.0,0.0,Paid Search,UK,variant
ORD-004558,2023-11-02,CUST-02101,cust-02101@lumenmail.com,Décor,1,77.25,0.05,Organic,AU,
ORD-006206,2023-06-24,CUST-02415,cust-02415@lumenmail.com,Furniture,1,125.9,0.05,Organic,CA,variant
ORD-002928,2023-08-26,,guest@lumenmail.com,Lighting,4,98.01,0.0,Email,UK,control
ORD-007744,2024-03-08,CUST-00418,cust-00418@lumenmail.com,Décor,3,12.16,0.2,Email,CA,variant
ORD-008397,2024-06-12,CUST-00376,cust-00376@lumenmail.com,Lighting,5,39.56,0.05,Organic,US,control
ORD-003330,2024-12-05,CUST-01298,cust-01298@lumenmail.com,Lighting,1,20.42,0.0,Email,US,
ORD-005546,2024-11-24,,guest@lumenmail.com,Décor,5,22.9,0.15,Paid Search,US,variant
ORD-005118,2023-09-11,CUST-02072,cust-02072@lumenmail.com,Décor,4,307.07,0.05,Paid Search,US,control
ORD-008222,2023-12-02,,guest@lumenmail.com,Décor,1,88.81,0.15,Email,UK,
ORD-004478,2024-06-13,CUST-02984,cust-02984@lumenmail.com,Lighting,4,218.25,0.0,Organic,US,
ORD-001664,14/05/2024,CUST-02506,cust-02506@lumenmail.com,Lighting,3,26.06,0.2,Organic,US,
ORD-004486,2024-02-03,CUST-00198,cust-00198@lumenmail.com,Furniture,1,55.44,0.0,Organic,US,control
ORD-008603,2024-11-18,CUST-01671,cust-01671@lumenmail.com,Lighting,2,147.8,0.0,Email,US,
ORD-004978,2024-01-21,CUST-01775,cust-01775@lumenmail.com,Décor,1,114.52,15.0,Email,US,control
ORD-002569,2024-06-08,CUST-01637,cust-01637@lumenmail.com,Décor,1,164.71,0.1,Paid Search,US,
ORD-004099,2024-07-28,CUST-02959,cust-02959@lumenmail.com,Décor,1,41.19,0.05,Social,CA,variant
ORD-008570,06/11/2023,CUST-02897,cust-02897@lumenmail.com,Lighting,1,250.52,0.1,Paid Search,CA,
ORD-008166,2024-08-23,CUST-01599,cust-01599@lumenmail.com,Furniture,3,183.97,0.1,Organic,CA,control
ORD-003221,2024-03-11,CUST-00853,cust-00853@lumenmail.com,Accessories,4,374.05,10.0,Organic,US,variant
ORD-006599,2024-12-10,CUST-02336,cust-02336@lumenmail.com,Décor,2,129.99,0.0,Paid Search,US,control
ORD-000383,2023-12-31,CUST-00713,cust-00713@lumenmail.com,Décor,1,55.2,0.05,Organic,US,control
ORD-005549,2024-11-02,CUST-01642,cust-01642@lumenmail.com,Lighting,1,30.75,0.15,Email,UK,variant
ORD-001891,2024-03-06,CUST-02394,cust-02394@lumenmail.com,Furniture,1,141.94,0.05,Email,US,
ORD-005737,2023-10-21,CUST-02218,cust-02218@lumenmail.com,Lighting,2,6.65,0.0,Email,US,control
ORD-006633,2024-07-18,CUST-02596,cust-02596@lumenmail.com,lighting,1,394.0,0.0,Email,US,control
ORD-000687,2023-10-17,CUST-02760,cust-02760@lumenmail.com,Lighting,1,85.0,0.0,Social,US,
ORD-006688,2024-08-06,CUST-02094,cust-02094@lumenmail.com,Accessories,2,131.85,0.15,Social,US,
ORD-008982,2024-04-13,CUST-01082,cust-01082@lumenmail.com,Furniture,4,520.24,15.0,Social,UK,
ORD-005026,29/12/2023,CUST-01490,cust-01490@lumenmail.com,Décor,1,82.88,0.05,Email,UK,control
ORD-003089,2024-07-03,CUST-00200,cust-00200@lumenmail.com,Décor,1,49.58,0.1,Organic,US,variant
ORD-000217,2023-07-28,CUST-02405,cust-02405@lumenmail.com,Lighting,6,87.59,0.05,Organic,CA,variant
ORD-005921,16/04/2024,CUST-00394,cust-00394@lumenmail.com,Outdoor,3,120.46,0.0,Social,US,variant
ORD-002210,25/09/2024,CUST-02965,cust-02965@lumenmail.com,Décor,1,105.52,0.0,Organic,US,
ORD-007748,2024-12-26,CUST-00390,cust-00390@lumenmail.com,Furniture,2,223.81,0.0,Organic,US,variant
ORD-000516,2024-11-24,CUST-02402,cust-02402@lumenmail.com,Décor,1,0.0,0.0,Paid Search,US,
ORD-008576,2023-09-17,CUST-00879,cust-00879@lumenmail.com,Lighting,2,23.15,0.0,Social,UK,variant
ORD-006067,2024-08-06,CUST-00157,cust-00157@lumenmail.com,Décor,5,197.54,0.2,Email,US,
ORD-000599,2024-09-27,CUST-02637,cust-02637@lumenmail.com,Lighting,2,307.34,0.1,Social,US,
ORD-007037,2023-11-21,CUST-01857,cust-01857@lumenmail.com,Décor,2,76.17,0.0,Email,US,control
ORD-009595,2024-12-15,CUST-01026,cust-01026@lumenmail.com,Furniture,2,37.71,0.2,Paid Search,US,
ORD-004137,2023-07-08,CUST-02401,cust-02401@lumenmail.com,Outdoor,5,5.32,20.0,Social,US,control
ORD-003727,2024-07-16,CUST-02863,cust-02863@lumenmail.com,Décor,-3,64.28,0.0,Organic,US,control
ORD-005903,2024-10-15,CUST-00486,cust-00486@lumenmail.com,Furniture,4,17.29,0.05,Social,US,
ORD-006682,2024-05-28,CUST-02865,cust-02865@lumenmail.com,Lighting,3,278.71,0.05,Email,US,control
ORD-009225,2023-11-29,CUST-00182,cust-00182@lumenmail.com,Décor,3,92.66,0.2,Email,CA,control
ORD-002590,2023-08-17,CUST-01357,cust-01357@lumenmail.com,Lighting,4,14.01,0.0,Email,UK,
ORD-007655,2024-02-24,CUST-00714,cust-00714@lumenmail.com,Lighting,2,67.04,0.0,Email,CA,
ORD-002606,2024-05-21,CUST-02712,cust-02712@lumenmail.com,Lighting,2,98.34,0.05,,UK,variant
ORD-006219,01/06/2023,CUST-02252,cust-02252@lumenmail.com,Lighting,3,23.08,0.1,Paid Search,US,variant
ORD-005039,2024-08-17,CUST-01454,cust-01454@lumenmail.com,Lighting,2,26.29,0.0,Paid Search,US,variant
ORD-006649,2024-12-29,CUST-00274,cust-00274@lumenmail.com,Lighting,2,73.02,0.05,Social,US,variant
ORD-003789,07/11/2024,CUST-00567,cust-00567@lumenmail.com,Lighting,2,48.83,0.05,Paid Search,US,variant
ORD-003127,2024-10-12,,guest@lumenmail.com,Furniture,2,48.45,0.1,Email,US,variant
ORD-004122,2023-06-29,CUST-00347,cust-00347@lumenmail.com,Accessories,3,37.3,0.0,Organic,US,
ORD-000072,2023-12-13,CUST-00182,cust-00182@lumenmail.com,Lighting,1,17.8,0.0,Email,US,variant
ORD-000816,2024-10-30,CUST-00746,cust-00746@lumenmail.com,Outdoor,5,463.66,0.05,,ZZ,control
ORD-007977,2024-08-03,CUST-01512,cust-01512@lumenmail.com,Outdoor,4,13.76,0.05,Email,ZZ,
ORD-004884,2023-12-27,CUST-02336,cust-02336@lumenmail.com,Outdoor,-1,94.66,0.0,Email,US,
ORD-004554,02/10/2024,CUST-01822,cust-01822@lumenmail.com,Décor,1,11.38,0.0,Social,UK,
ORD-003307,2023-08-17,CUST-02819,cust-02819@lumenmail.com,Furniture,2,197.38,20.0,Email,US,variant
ORD-009087,2024-03-11,CUST-02468,cust-02468@lumenmail.com,Outdoor,1,431.04,0.0,Social,UK,
ORD-002791,13/11/2024,CUST-01393,cust-01393@lumenmail.com,Lighting,2,270.87,0.2,Paid Search,ZZ,variant
ORD-003292,2023-09-01,CUST-02824,cust-02824@lumenmail.com,Furniture,5,7.57,0.0,Organic,UK,
ORD-006096,2023-10-08,CUST-01396,cust-01396@lumenmail.com,Outdoor,2,48.29,0.25,Paid Search,US,variant
ORD-008884,2024-09-16,CUST-00949,cust-00949@lumenmail.com,Lighting,1,164.58,0.05,Organic,US,control
ORD-001235,2024-01-04,CUST-02543,cust-02543@lumenmail.com,Décor,2,83.7,0.1,Email,US,variant
ORD-006487,2024-01-29,,guest@lumenmail.com,Outdoor,3,231.22,0.0,,US,control
ORD-006768,2024-08-04,CUST-01582,cust-01582@lumenmail.com,Décor,1,134.7,0.15,Paid Search,US,variant
ORD-005487,2024-06-05,CUST-01793,cust-01793@lumenmail.com,Décor,1,42.17,0.05,Social,UK,control
ORD-007187,21/02/2024,CUST-01224,cust-01224@lumenmail.com,Lighting,2,59.37,0.0,Paid Search,US,
ORD-006799,10/09/2024,CUST-02852,cust-02852@lumenmail.com,Lighting,7,189.19,0.0,Email,US,control
ORD-000783,05/03/2024,CUST-02961,cust-02961@lumenmail.com,Lighting,6,50.78,0.05,Email,US,control
ORD-008898,2023-09-09,CUST-02499,cust-02499@lumenmail.com,Furniture,1,0.0,0.05,Email,US,control
ORD-001007,2023-08-01,CUST-02321,cust-02321@lumenmail.com,Furniture,2,372.34,0.05,Paid Search,US,
ORD-008100,2023-07-28,CUST-01112,cust-01112@lumenmail.com,Lighting,3,198.85,0.05,Social,CA,
ORD-006492,2023-09-14,CUST-00177,cust-00177@lumenmail.com,Lighting,5,6.65,0.2,Paid Search,CA,control
ORD-007171,2024-09-28,CUST-02946,cust-02946@lumenmail.com,Lighting,1,26.39,0.0,Paid Search,US,variant
ORD-008776,2024-08-27,CUST-00056,cust-00056@lumenmail.com,Outdoor,1,260.52,0.0,Paid Search,US,variant
ORD-003929,2023-07-01,CUST-00101,cust-00101@lumenmail.com,Lighting,3,98.83,0.0,,US,
ORD-001465,2023-06-30,CUST-01061,cust-01061@lumenmail.com,Furniture,2,404.82,0.0,Paid Search,US,
ORD-002321,2023-09-20,CUST-01619,cust-01619@lumenmail.com,Lighting,2,582.95,0.0,Paid Search,US,control
ORD-008580,2024-11-28,CUST-01632,cust-01632@lumenmail.com,Décor,1,8.94,0.05,Social,CA,control
ORD-005740,2023-09-08,,guest@lumenmail.com,Lighting,4,80.23,0.0,Paid Search,CA,control
ORD-000792,2024-02-14,CUST-00496,cust-00496@lumenmail.com,Lighting,3,232.27,0.15,Organic,US,variant
ORD-002622,2024-11-04,CUST-01037,cust-01037@lumenmail.com,Décor,2,24.93,0.05,Organic,UK,variant
ORD-006927,2024-12-27,CUST-01514,cust-01514@lumenmail.com,Lighting,1,285.1,0.05,Paid Search,UK,variant
ORD-002392,2024-11-06,CUST-00057,cust-00057@lumenmail.com,Furniture,2,82.09,0.05,Social,CA,control
ORD-001659,2024-01-27,,guest@lumenmail.com,Lighting,5,396.45,0.1,Paid Search,US,variant
ORD-003952,2024-09-05,CUST-02358,cust-02358@lumenmail.com,Lighting,3,90.84,0.05,Organic,UK,variant
ORD-002925,2024-06-04,CUST-02109,cust-02109@lumenmail.com,Lighting,3,7.68,0.05,Paid Search,CA,variant
ORD-002624,2024-02-18,CUST-00915,cust-00915@lumenmail.com,Lighting,1,120.06,0.0,Email,US,variant
ORD-001191,2024-01-28,CUST-02354,cust-02354@lumenmail.com,Outdoor,5,49.84,0.0,,US,variant
ORD-001255,2023-12-04,,guest@lumenmail.com,Furniture,4,89.2,0.0,Paid Search,US,control
ORD-000541,2024-04-19,CUST-00012,cust-00012@lumenmail.com,Décor,1,196.66,0.2,Paid Search,US,variant
ORD-000288,2023-06-08,CUST-02974,cust-02974@lumenmail.com,Outdoor,1,91.57,0.0,Organic,US,variant
ORD-003866,2023-10-08,CUST-00976,cust-00976@lumenmail.com,Décor,1,38.42,0.25,Paid Search,CA,control
ORD-005584,2024-09-06,CUST-01180,cust-01180@lumenmail.com,Décor,1,246.92,0.05,Social,CA,variant
ORD-003832,2023-10-29,CUST-02049,cust-02049@lumenmail.com,Lightng,2,144.09,0.25,Paid Search,US,variant
ORD-002403,2023-11-13,CUST-00215,cust-00215@lumenmail.com,Décor,3,474.76,0.15,Paid Search,UK,
ORD-007249,2024-10-19,CUST-01764,cust-01764@lumenmail.com,Décor,2,38.67,0.1,Paid Search,UK,control
ORD-003911,04/01/2024,CUST-02004,cust-02004@lumenmail.com,Furniture,2,47.26,0.1,Paid Search,US,
ORD-000937,09/01/2024,CUST-02246,cust-02246@lumenmail.com,Décor,-1,41.69,0.0,Organic,US,control
ORD-005756,2024-04-17,CUST-00768,cust-00768@lumenmail.com,Lighting,-1,47.3,0.1,Organic,AU,variant
ORD-009502,2024-11-14,CUST-00055,cust-00055@lumenmail.com,Lighting,1,193.5,0.1,Email,US,variant
ORD-008136,2024-07-04,CUST-02742,cust-02742@lumenmail.com,Furniture,1,98.04,5.0,Email,CA,control
ORD-004251,2023-10-31,CUST-02253,cust-02253@lumenmail.com,Décor,3,25.6,0.15,Email,CA,variant
ORD-008453,2024-11-29,CUST-02538,cust-02538@lumenmail.com,Décor,1,570.89,0.0,Paid Search,US,control
ORD-001038,08/07/2023,CUST-01028,cust-01028@lumenmail.com,Lighting,2,121.78,0.05,Email,US,control
ORD-006428,2024-02-22,CUST-00925,cust-00925@lumenmail.com,Accessories,1,61.59,0.0,Social,UK,
ORD-007805,2023-09-26,CUST-01346,cust-01346@lumenmail.com,Furniture,1,182.25,0.0,Organic,US,
ORD-002956,2023-07-11,CUST-00603,cust-00603@lumenmail.com,Accessories,1,141.93,0.15,Organic,UK,variant
ORD-004268,2023-06-15,CUST-00461,cust-00461@lumenmail.com,Lighting,-2,736.25,0.05,Email,US,variant
ORD-006978,2024-12-24,CUST-01745,cust-01745@lumenmail.com,Furniture,1,77.33,0.05,Paid Search,US,control
ORD-007782,2024-09-15,,guest@lumenmail.com,lighting,1,17.84,0.2,Email,UK,variant
ORD-001424,2023-10-26,,guest@lumenmail.com,Décor,1,48.1,0.0,Social,US,control
ORD-003666,2024-07-13,CUST-01480,cust-01480@lumenmail.com,Furniture,2,49.72,0.2,Paid Search,US,
ORD-008685,2023-11-30,CUST-00011,cust-00011@lumenmail.com,Lighting,2,112.44,0.0,,US,
ORD-008094,2023-09-28,CUST-00597,cust-00597@lumenmail.com,Décor,2,61.59,0.0,Social,US,control
ORD-006923,2023-10-24,CUST-01248,cust-01248@lumenmail.com,Outdoor,3,29.86,0.0,Organic,US,
ORD-005288,2024-08-02,CUST-01950,cust-01950@lumenmail.com,Lighting,2,36.64,0.2,Paid Search,US,control
ORD-003714,2024-05-30,CUST-01083,cust-01083@lumenmail.com,Décor,2,43.53,0.05,Paid Search,CA,variant
ORD-003244,2024-07-26,CUST-02470,cust-02470@lumenmail.com,Lighting,1,388.16,0.15,Email,US,variant
ORD-005430,2023-09-11,CUST-02028,cust-02028@lumenmail.com,Lighting,1,70.45,0.15,Paid Search,US,variant
ORD-005571,10/10/2023,CUST-02259,cust-02259@lumenmail.com,Outdoor,2,390.8,5.0,Email,US,variant
ORD-009308,2024-05-19,CUST-00904,cust-00904@lumenmail.com,Furniture,1,17.53,0.0,Organic,US,control
ORD-002303,2024-02-25,CUST-00747,cust-00747@lumenmail.com,Lighting,2,22.69,0.1,Paid Search,US,control
ORD-000299,14/12/2023,CUST-00936,cust-00936@lumenmail.com,Lighting,2,626.28,0.0,Email,US,
ORD-008925,2023-12-30,CUST-00326,cust-00326@lumenmail.com,Décor,4,110.63,0.2,Paid Search,US,variant
ORD-004745,22/06/2024,CUST-00501,cust-00501@lumenmail.com,Lighting,3,382.16,0.05,Social,US,variant
ORD-009195,2024-09-10,CUST-02990,cust-02990@lumenmail.com,Furniture,2,94.61,15.0,Email,CA,control
ORD-004641,2024-11-29,CUST-01287,cust-01287@lumenmail.com,Outdoor,5,5.51,0.0,Email,US,variant
ORD-002220,2024-02-16,CUST-01676,cust-01676@lumenmail.com,Lighting,1,270.0,0.2,Email,US,
ORD-006711,14/01/2024,CUST-00576,cust-00576@lumenmail.com,Lighting,1,136.4,0.0,Paid Search,CA,
ORD-004140,2024-11-26,CUST-00925,cust-00925@lumenmail.com,Décor,1,92.74,0.0,Email,CA,variant
ORD-004347,2024-04-24,CUST-01278,cust-01278@lumenmail.com,Lighting,3,78.05,0.15,Social,CA,
ORD-001612,2024-10-14,CUST-00261,cust-00261@lumenmail.com,Furniture,3,108.39,0.05,Paid Search,AU,control
ORD-006570,2023-10-19,CUST-02787,cust-02787@lumenmail.com,Lighting,2,49.15,0.0,Paid Search,US,variant
ORD-003341,2023-12-24,CUST-00739,cust-00739@lumenmail.com,Décor,2,59.14,0.15,Email,CA,variant
ORD-007683,2024-05-19,CUST-00907,cust-00907@lumenmail.com,Outdoor,1,183.8,0.0,Paid Search,UK,
ORD-006636,2023-10-22,CUST-00395,cust-00395@lumenmail.com,Furniture,3,389.27,0.05,Email,US,
ORD-001117,2024-11-16,CUST-00003,cust-00003@lumenmail.com,Furniture,2,139.08,0.15,Email,US,
ORD-005310,2023-07-22,CUST-00708,cust-00708@lumenmail.com,Décor,1,724.52,0.05,Paid Search,US,
ORD-001419,2023-10-20,,guest@lumenmail.com,Outdoor,1,361.71,0.0,Paid Search,US,variant
ORD-008452,2024-09-29,CUST-01928,cust-01928@lumenmail.com,Furniture,2,132.32,0.0,,US,control
ORD-003890,2024-09-30,,guest@lumenmail.com,Accessories,4,317.85,0.15,Organic,US,control
ORD-001844,2024-06-04,CUST-01422,cust-01422@lumenmail.com,Décor,1,45.88,0.0,Paid Search,UK,variant
ORD-000332,2024-12-01,CUST-02732,cust-02732@lumenmail.com,Lighting,2,99.96,0.05,Paid Search,UK,variant
ORD-009384,2023-09-26,CUST-00499,cust-00499@lumenmail.com,Lighting,1,41.58,0.0,Paid Search,US,control
ORD-000337,2024-06-11,CUST-01307,cust-01307@lumenmail.com,Lighting,2,49.55,0.05,Social,UK,control
ORD-006860,2024-08-08,CUST-02734,cust-02734@lumenmail.com,Outdoor,2,103.92,10.0,Email,US,variant
ORD-004238,2024-06-01,CUST-00547,cust-00547@lumenmail.com,Outdoor,6,38.71,0.0,Social,US,
ORD-003504,2023-12-13,CUST-02700,cust-02700@lumenmail.com,Lighting,-3,195.1,0.15,Social,UK,variant
ORD-006663,2023-06-12,CUST-00263,cust-00263@lumenmail.com,Décor,2,27.94,0.2,Paid Search,US,control
ORD-003749,2024-11-07,CUST-02927,cust-02927@lumenmail.com,Accessories,2,193.96,0.15,Paid Search,AU,
ORD-009098,2024-11-21,CUST-00403,cust-00403@lumenmail.com,Furniture,1,41.64,0.0,Paid Search,US,
ORD-002002,2024-03-31,CUST-01050,cust-01050@lumenmail.com,Lighting,3,173.02,5.0,Organic,US,control
ORD-000740,2023-12-23,,guest@lumenmail.com,Outdoor,2,546.4,0.05,Paid Search,US,
ORD-007659,24/08/2023,CUST-01718,cust-01718@lumenmail.com,Furniture,1,6.32,0.0,Paid Search,CA,
ORD-006687,2023-07-19,CUST-00128,cust-00128@lumenmail.com,Décor,-6,541.62,0.05,Social,US,control
ORD-002052,2023-07-06,CUST-01361,cust-01361@lumenmail.com,Outdoor,1,149.32,15.0,Email,US,variant
ORD-007191,2024-08-23,CUST-00246,cust-00246@lumenmail.com,Outdoor,3,151.71,0.05,Paid Search,US,
ORD-008505,2024-02-28,CUST-02590,cust-02590@lumenmail.com,Furniture,1,137.6,0.0,Social,US,control
ORD-004061,2024-07-31,CUST-01350,cust-01350@lumenmail.com,Lighting,1,97.29,0.0,Paid Search,US,
ORD-002663,2024-05-20,CUST-00424,cust-00424@lumenmail.com,Décor,2,750.92,0.15,Organic,US,
ORD-004120,2024-07-13,CUST-02540,cust-02540@lumenmail.com,Décor,3,59.38,0.0,Email,US,variant
ORD-005102,2024-06-19,CUST-01539,cust-01539@lumenmail.com,Furniture,3,90.83,0.15,Email,UK,
ORD-003737,2023-07-17,CUST-01862,cust-01862@lumenmail.com,Décor,2,182.4,0.25,Paid Search,US,variant
ORD-005658,15/03/2024,CUST-00821,cust-00821@lumenmail.com,Décor,3,61.01,0.0,Paid Search,CA,control
ORD-007980,2024-10-29,CUST-00605,cust-00605@lumenmail.com,Outdoor,4,13.0,0.25,Paid Search,US,control
ORD-007046,2023-11-17,CUST-02351,cust-02351@lumenmail.com,Lighting,2,41.16,0.05,Paid Search,US,
ORD-008635,2024-03-02,CUST-00770,cust-00770@lumenmail.com,Lighting,2,73.52,5.0,Paid Search,US,control
ORD-006262,2024-09-02,CUST-00360,cust-00360@lumenmail.com,Lighting,2,16.04,0.0,Paid Search,US,control
ORD-009101,2023-09-06,CUST-00986,cust-00986@lumenmail.com,Lighting,1,155.46,0.1,Paid Search,US,variant
ORD-000929,28/10/2024,CUST-02397,cust-02397@lumenmail.com,Accessories,1,19.94,0.1,Email,US,control
ORD-008598,16/08/2024,CUST-02991,cust-02991@lumenmail.com,Lighting,1,97.55,0.05,Organic,US,control
ORD-004668,2024-08-14,CUST-02654,cust-02654@lumenmail.com,Décor,1,226.43,0.15,Email,US,
ORD-003977,2024-02-24,CUST-00059,cust-00059@lumenmail.com,Décor,2,24.24,10.0,Organic,CA,control
ORD-008699,2024-03-26,CUST-02835,cust-02835@lumenmail.com,Décor,1,49.5,0.05,Social,US,
ORD-001946,2024-11-26,CUST-01970,cust-01970@lumenmail.com,Outdoor,3,602.86,0.0,Email,US,variant
ORD-001976,2024-08-29,CUST-00410,cust-00410@lumenmail.com,Accessories,2,41.76,10.0,Paid Search,CA,
ORD-006400,2024-11-30,,guest@lumenmail.com,Furniture,1,67.78,0.1,Email,US,control
ORD-007918,2024-10-31,CUST-00053,cust-00053@lumenmail.com,Outdoor,1,183.05,0.05,Email,US,
ORD-005411,2024-02-15,CUST-01394,cust-01394@lumenmail.com,Lighting,2,515.22,0.0,Social,US,
ORD-005336,2024-10-14,CUST-02811,cust-02811@lumenmail.com,Décor,2,188.33,0.0,Email,US,control
ORD-000277,2024-11-12,CUST-01572,cust-01572@lumenmail.com,Décor,5,30.29,0.05,Organic,US,variant
ORD-000290,2023-12-23,CUST-01047,cust-01047@lumenmail.com,Furniture,1,94.08,0.2,Social,US,
ORD-004351,2023-09-08,CUST-00173,cust-00173@lumenmail.com,Lighting,1,391.88,0.1,Social,CA,
ORD-005358,01/03/2024,,guest@lumenmail.com,Furniture,4,383.47,0.05,Email,US,variant
ORD-005004,2024-11-05,CUST-02736,cust-02736@lumenmail.com,Lighting,1,16.21,0.0,Paid Search,CA,
ORD-006352,2024-10-18,CUST-02868,cust-02868@lumenmail.com,Furniture,1,199.67,0.05,Organic,AU,control
ORD-002980,2024-01-29,CUST-00312,cust-00312@lumenmail.com,Lighting,2,22.41,0.0,Paid Search,CA,variant
ORD-000011,2024-11-30,CUST-00473,cust-00473@lumenmail.com,Furniture,1,31.51,0.15,Email,US,
ORD-004277,2023-07-10,CUST-02409,cust-02409@lumenmail.com,Décor,2,32.52,15.0,Paid Search,UK,control
ORD-009475,2023-11-27,CUST-01723,cust-01723@lumenmail.com,Furniture,5,23.95,0.0,Paid Search,US,
ORD-001458,04/01/2024,,guest@lumenmail.com,lighting,2,13.96,0.2,Paid Search,US,control
ORD-003424,16/09/2024,CUST-01045,cust-01045@lumenmail.com,Décor,1,54.22,0.15,,AU,
ORD-002679,09/06/2023,CUST-01228,cust-01228@lumenmail.com,Furniture,1,61.92,0.0,Email,US,
ORD-004275,2024-05-06,,guest@lumenmail.com,Lighting,1,186.02,0.05,Paid Search,US,variant
ORD-002245,2024-08-26,CUST-00109,cust-00109@lumenmail.com,Décor,1,57.59,0.1,Paid Search,US,control
ORD-008774,23/11/2023,CUST-02699,cust-02699@lumenmail.com,Décor,1,56.73,0.05,Email,US,variant
ORD-007206,2023-08-28,CUST-00393,cust-00393@lumenmail.com,Furniture,1,42.61,0.0,Email,US,variant
ORD-004859,09/11/2024,CUST-02516,cust-02516@lumenmail.com,Furniture,-1,124.92,0.15,Organic,ZZ,control
ORD-005316,2024-02-11,,guest@lumenmail.com,Furniture,1,320.6,0.0,Email,US,control
ORD-001576,2024-11-14,CUST-01267,cust-01267@lumenmail.com,Lighting,2,88.64,0.0,Organic,US,control
ORD-007313,2024-08-20,CUST-00496,cust-00496@lumenmail.com,Lighting,1,74.59,0.0,Social,US,
ORD-008058,2024-03-07,CUST-02962,cust-02962@lumenmail.com,Outdoor,1,116.93,25.0,Social,US,
ORD-008249,2024-03-13,CUST-01059,cust-01059@lumenmail.com,Outdoor,2,44.81,0.15,Email,US,variant
ORD-006197,2024-12-05,CUST-02536,cust-02536@lumenmail.com,Lighting,3,319.27,0.25,Paid Search,US,control
ORD-002157,2023-11-08,CUST-00087,cust-00087@lumenmail.com,Outdoor,2,316.09,20.0,Social,US,variant
ORD-008338,2024-04-11,CUST-00395,cust-00395@lumenmail.com,Décor,1,707.63,0.05,Organic,US,control
ORD-004658,2023-10-21,CUST-00849,cust-00849@lumenmail.com,Décor,4,601.72,0.0,Paid Search,US,variant
ORD-006146,2024-01-05,CUST-02926,cust-02926@lumenmail.com,Accessories,6,384.19,0.0,Email,US,variant
ORD-003638,22/08/2023,CUST-02589,cust-02589@lumenmail.com,Furniture,1,5.03,0.05,Email,US,
ORD-004515,2023-09-30,CUST-02965,cust-02965@lumenmail.com,Décor,3,119.22,0.0,Paid Search,US,
ORD-008569,2023-12-25,CUST-00519,cust-00519@lumenmail.com,Furniture,3,31.97,0.2,Paid Search,US,control
ORD-002005,2024-06-07,CUST-01820,cust-01820@lumenmail.com,Furniture,2,549.36,0.05,Organic,US,variant
ORD-004621,2024-09-18,CUST-00593,cust-00593@lumenmail.com,Accessories,1,12.83,0.0,Organic,US,variant
ORD-004806,2023-11-21,CUST-02685,cust-02685@lumenmail.com,Lighting,1,356.7,0.1,Paid Search,US,
ORD-008402,2024-06-25,CUST-02561,cust-02561@lumenmail.com,Décor,-7,109.03,0.1,Social,US,control
ORD-001276,2023-08-30,CUST-01837,cust-01837@lumenmail.com,Furniture,1,31.79,0.1,Organic,US,control
ORD-003944,2024-06-11,CUST-00965,cust-00965@lumenmail.com,Lighting,3,10.92,0.0,Social,US,
ORD-000418,2024-03-21,,guest@lumenmail.com,Lighting,2,14.43,10.0,Social,US,variant
ORD-005302,2024-01-03,CUST-02191,cust-02191@lumenmail.com,Lighting,4,11.68,0.0,Paid Search,US,
ORD-009468,2024-07-28,CUST-00527,cust-00527@lumenmail.com,Décor,3,43.8,0.0,Paid Search,US,variant
ORD-009039,2024-01-20,,guest@lumenmail.com,Lighting,1,72.34,0.2,Email,US,
ORD-000545,2024-11-13,CUST-01379,cust-01379@lumenmail.com,Furniture,3,86.73,0.1,Paid Search,US,
ORD-002421,2024-12-02,CUST-00817,cust-00817@lumenmail.com,Furniture,5,301.7,0.0,Paid Search,US,control
ORD-004993,2023-08-09,CUST-00977,cust-00977@lumenmail.com,Accessories,1,14.8,0.0,Organic,CA,
ORD-001886,23/10/2024,CUST-02818,cust-02818@lumenmail.com,Accessories,5,50.08,5.0,Paid Search,ZZ,control
ORD-004213,2024-12-30,CUST-01020,cust-01020@lumenmail.com,Furniture,1,28.98,0.0,,US,control
ORD-005494,2024-06-08,CUST-02642,cust-02642@lumenmail.com,Lighting,2,35.69,0.15,Paid Search,US,
ORD-001324,2024-02-27,CUST-01718,cust-01718@lumenmail.com,Décor,1,13.86,0.1,Paid Search,US,
ORD-002017,2024-10-28,CUST-02214,cust-02214@lumenmail.com,Décor,3,73.38,0.1,,US,
ORD-009100,2024-03-26,CUST-00474,cust-00474@lumenmail.com,Furniture,3,228.6,0.0,Organic,US,
ORD-008032,2023-07-26,CUST-01428,cust-01428@lumenmail.com,Décor,1,136.65,0.0,Paid Search,US,variant
ORD-006005,2023-09-28,CUST-02536,cust-02536@lumenmail.com,Décor,1,18.54,0.0,Social,CA,variant
ORD-003394,2023-07-15,CUST-00934,cust-00934@lumenmail.com,Outdoor,3,40.77,0.25,,US,
ORD-009141,10/07/2023,CUST-00533,cust-00533@lumenmail.com,Lighting,2,32.77,0.05,Organic,US,
ORD-001764,2024-12-30,CUST-02234,cust-02234@lumenmail.com,Lighting,1,658.11,0.0,Social,UK,
ORD-008771,2023-09-07,CUST-02596,cust-02596@lumenmail.com,Lighting,2,257.27,5.0,Email,US,
ORD-005467,14/05/2024,,guest@lumenmail.com,Furniture,2,80.38,0.05,Email,US,control
ORD-007787,2024-08-05,CUST-01098,cust-01098@lumenmail.com,Furniture,1,72.47,0.05,Paid Search,US,
ORD-007170,2024-10-17,CUST-02570,cust-02570@lumenmail.com,Lighting,2,25.82,0.0,Organic,US,
ORD-005557,2024-09-15,,guest@lumenmail.com,Furniture,2,59.42,0.05,Social,US,control
ORD-006652,16/10/2023,CUST-01567,cust-01567@lumenmail.com,Décor,2,66.54,15.0,Organic,US,
ORD-000869,30/05/2024,CUST-00755,cust-00755@lumenmail.com,Lighting,3,83.42,0.0,Email,US,control
ORD-006345,2023-07-07,CUST-02325,cust-02325@lumenmail.com,Décor,2,80.47,0.1,Social,US,control
ORD-003087,2024-05-22,CUST-01677,cust-01677@lumenmail.com,Décor,1,31.43,0.0,Paid Search,US,control
ORD-007724,2024-04-22,CUST-00224,cust-00224@lumenmail.com,Lighting,1,43.96,0.0,Paid Search,CA,variant
ORD-004943,2023-07-27,CUST-01365,cust-01365@lumenmail.com,Lighting,1,98.57,0.0,,UK,variant
ORD-001071,2024-04-17,CUST-02588,cust-02588@lumenmail.com,Lighting,2,195.56,0.0,,US,variant
ORD-000484,2024-09-26,CUST-01908,cust-01908@lumenmail.com,Lighting,1,54.24,0.15,Paid Search,US,
ORD-005732,2024-08-06,CUST-00623,cust-00623@lumenmail.com,Lighting,1,45.39,0.25,Social,US,variant
ORD-002625,2023-10-19,CUST-01254,cust-01254@lumenmail.com,Lighting,4,0.0,20.0,Email,US,control
ORD-009516,2024-11-11,CUST-01581,cust-01581@lumenmail.com,Lightng,1,81.38,0.05,Email,US,control
ORD-008093,2024-03-20,CUST-01081,cust-01081@lumenmail.com,Décor,2,31.42,0.2,Paid Search,ZZ,variant
ORD-003151,2024-11-13,CUST-02654,cust-02654@lumenmail.com,Furniture,5,24.08,0.0,Email,US,
ORD-002857,,CUST-00679,cust-00679@lumenmail.com,Lighting,1,186.27,0.0,Organic,US,control
ORD-005251,2024-05-13,,guest@lumenmail.com,Outdoor,2,93.28,15.0,Paid Search,US,
ORD-001320,2023-07-08,CUST-00585,cust-00585@lumenmail.com,Furniture,6,56.37,0.0,Email,US,
ORD-006434,27/02/2024,CUST-00892,cust-00892@lumenmail.com,Décor,1,21.4,0.0,Email,US,control
ORD-002236,2023-10-11,CUST-02009,cust-02009@lumenmail.com,Décor,1,164.02,0.15,Social,US,
ORD-005897,2024-02-26,,guest@lumenmail.com,Outdoor,-1,57.19,0.25,Organic,US,control
ORD-003258,2024-01-07,CUST-00490,cust-00490@lumenmail.com,Décor,1,42.44,0.0,Social,UK,control
ORD-002611,2024-03-15,CUST-01113,cust-01113@lumenmail.com,Décor,1,7.67,0.0,Paid Search,US,
ORD-000997,2023-08-13,CUST-00963,cust-00963@lumenmail.com,Furniture,2,79.97,0.0,Email,US,variant
ORD-001525,2023-07-04,CUST-00031,cust-00031@lumenmail.com,Accessories,4,40.14,0.0,Social,US,variant
ORD-000384,2024-01-09,CUST-02594,cust-02594@lumenmail.com,Décor,1,48.51,0.0,Email,ZZ,
ORD-007130,2023-12-02,CUST-00312,cust-00312@lumenmail.com,Furniture,1,288.44,0.05,Paid Search,AU,
ORD-006659,2024-03-08,CUST-02303,cust-02303@lumenmail.com,Outdoor,3,369.69,0.0,Email,AU,control
ORD-005751,2024-01-26,CUST-01565,cust-01565@lumenmail.com,Lighting,1,24.23,0.0,Email,US,
ORD-007475,2024-05-28,CUST-02746,cust-02746@lumenmail.com,Outdoor,1,88.17,0.05,Paid Search,US,variant
ORD-001841,2023-06-20,CUST-02378,cust-02378@lumenmail.com,Décor,3,68.58,0.2,Email,US,
ORD-005470,2023-11-19,CUST-00802,cust-00802@lumenmail.com,Accessories,2,56.74,0.1,Email,US,
ORD-008358,2024-07-29,CUST-02281,cust-02281@lumenmail.com,Lighting,2,54.73,0.05,,US,variant
ORD-002842,2024-05-10,CUST-02916,cust-02916@lumenmail.com,Lighting,1,20.97,0.0,Organic,CA,
ORD-009538,2024-12-09,CUST-00274,cust-00274@lumenmail.com,Lighting,2,217.63,0.15,Email,US,control
ORD-007651,2024-07-04,CUST-01027,cust-01027@lumenmail.com,lighting,2,39.31,0.05,Email,US,control
ORD-004147,19/02/2024,,guest@lumenmail.com,Outdoor,2,31.24,5.0,Paid Search,US,variant
ORD-005257,2023-10-16,CUST-00908,cust-00908@lumenmail.com,Furniture,2,471.25,0.0,Paid Search,US,
ORD-005351,2024-10-24,CUST-01040,cust-01040@lumenmail.com,Furniture,1,352.79,0.0,Paid Search,US,control
ORD-000899,2023-07-16,CUST-01490,cust-01490@lumenmail.com,Furniture,4,57.38,0.0,Social,US,control
ORD-007726,07/01/2024,CUST-00837,cust-00837@lumenmail.com,Lighting,1,0.0,0.1,Social,US,control
ORD-002658,2023-12-25,CUST-01870,cust-01870@lumenmail.com,Lighting,2,149.99,0.1,Paid Search,US,control
ORD-007042,2023-10-08,,guest@lumenmail.com,Lighting,2,197.75,0.1,Email,US,
ORD-003592,2024-04-11,CUST-02056,cust-02056@lumenmail.com,Décor,4,78.76,15.0,Email,US,variant
ORD-008826,2024-09-16,CUST-01432,cust-01432@lumenmail.com,Lighting,-2,42.92,0.0,Email,US,control
ORD-009137,2024-06-03,CUST-01680,cust-01680@lumenmail.com,Décor,6,175.21,0.0,Paid Search,CA,
ORD-000580,2024-04-07,CUST-01819,cust-01819@lumenmail.com,Décor,5,18.2,0.1,Paid Search,US,control
ORD-008738,03/06/2023,CUST-02310,cust-02310@lumenmail.com,Décor,-1,81.26,0.1,Organic,US,control
ORD-000582,2024-02-04,CUST-00904,cust-00904@lumenmail.com,Furniture,1,321.18,0.0,Social,US,
ORD-001266,2024-08-26,CUST-02081,cust-02081@lumenmail.com,Accessories,1,52.82,0.2,Paid Search,US,control
ORD-009558,2024-07-03,CUST-01775,cust-01775@lumenmail.com,Décor,7,46.25,0.0,Email,US,control
ORD-004370,2024-11-04,CUST-00953,cust-00953@lumenmail.com,Décor,2,94.88,0.0,Email,CA,
ORD-005519,2024-05-12,CUST-01941,cust-01941@lumenmail.com,lighting,2,46.39,0.15,Email,AU,
ORD-006074,2024-05-29,,guest@lumenmail.com,Furniture,1,60.08,0.1,Email,US,variant
ORD-007581,2024-07-15,CUST-01230,cust-01230@lumenmail.com,Accessories,2,277.65,0.0,Paid Search,CA,
ORD-005643,2024-09-20,CUST-00844,cust-00844@lumenmail.com,Décor,2,26.17,0.2,Email,CA,control
ORD-003353,2024-01-28,CUST-00575,cust-00575@lumenmail.com,Outdoor,4,776.58,0.0,Paid Search,CA,variant
ORD-001491,2024-09-30,CUST-02546,cust-02546@lumenmail.com,Décor,1,335.03,0.1,Organic,AU,control
ORD-008467,2023-10-24,CUST-01020,cust-01020@lumenmail.com,Décor,2,23.14,0.0,Paid Search,US,
ORD-007740,2024-07-27,CUST-02205,cust-02205@lumenmail.com,Outdoor,4,61.51,0.0,Organic,AU,control
ORD-004494,2023-09-04,CUST-02556,cust-02556@lumenmail.com,Outdoor,2,55.79,0.05,Email,CA,
ORD-000598,2024-01-26,CUST-00331,cust-00331@lumenmail.com,Furniture,1,86.94,0.05,Email,CA,variant
ORD-009018,2024-12-10,CUST-01925,cust-01925@lumenmail.com,Décor,1,211.48,0.0,Social,US,
ORD-003764,2024-12-24,CUST-01280,cust-01280@lumenmail.com,Furniture,1,358.9,0.1,Social,US,
ORD-002757,2023-07-20,CUST-00015,cust-00015@lumenmail.com,Lighting,5,566.84,0.0,Email,UK,control
ORD-003778,2024-11-09,CUST-02154,cust-02154@lumenmail.com,Outdoor,2,330.99,0.0,Paid Search,AU,control
ORD-007552,2024-02-09,CUST-00147,cust-00147@lumenmail.com,Furniture,1,25.84,0.0,Social,US,
ORD-009329,2024-05-22,CUST-00073,cust-00073@lumenmail.com,Décor,4,37.53,0.0,Email,US,variant
ORD-000704,17/07/2023,CUST-01104,cust-01104@lumenmail.com,Lighting,3,50.46,0.05,,CA,variant
ORD-009113,09/12/2023,CUST-00524,cust-00524@lumenmail.com,Furniture,5,32.05,0.1,Social,CA,control
ORD-004525,2024-09-10,CUST-00856,cust-00856@lumenmail.com,Décor,1,126.52,0.0,Paid Search,US,
ORD-003997,2024-01-02,CUST-01211,cust-01211@lumenmail.com,Lighting,4,48.96,0.2,Email,US,control
ORD-001217,2023-08-22,CUST-00635,cust-00635@lumenmail.com,Lighting,1,159.39,0.1,Social,UK,control
ORD-005971,2024-04-21,CUST-00727,cust-00727@lumenmail.com,Décor,2,64.15,0.0,Organic,US,
ORD-007822,2024-10-02,CUST-02206,cust-02206@lumenmail.com,Furniture,-1,259.95,0.1,Paid Search,US,
ORD-001375,2023-12-30,CUST-00243,cust-00243@lumenmail.com,Lighting,1,30.84,0.0,Paid Search,US,variant
ORD-002912,2023-09-30,CUST-01809,cust-01809@lumenmail.com,Furniture,2,528.37,0.0,Email,US,
ORD-003227,,CUST-01625,cust-01625@lumenmail.com,Lighting,-1,64.1,0.25,Email,US,
ORD-007322,2024-06-12,CUST-01970,cust-01970@lumenmail.com,Outdoor,1,18.12,0.15,Paid Search,UK,variant
ORD-005581,2024-09-21,,guest@lumenmail.com,Accessoires,4,194.33,0.2,Paid Search,US,variant
ORD-006990,2024-06-18,CUST-01648,cust-01648@lumenmail.com,Outdoor,1,120.4,0.0,,AU,control
ORD-004252,2024-05-18,,guest@lumenmail.com,Décor,7,38.17,0.05,Email,US,variant
ORD-001736,2024-12-14,CUST-01799,cust-01799@lumenmail.com,Décor,1,140.64,0.1,Email,US,control
ORD-009551,2024-12-16,CUST-02539,cust-02539@lumenmail.com,Accessories,1,32.52,0.0,Paid Search,US,control
ORD-001961,2024-02-22,CUST-00287,cust-00287@lumenmail.com,Furniture,1,127.46,0.05,Email,US,
ORD-007575,2024-09-16,CUST-01424,cust-01424@lumenmail.com,Outdoor,4,86.15,0.15,Paid Search,US,variant
ORD-006461,13/11/2023,CUST-00180,cust-00180@lumenmail.com,Outdoor,1,0.0,0.1,Social,US,variant
ORD-003754,2024-06-17,,guest@lumenmail.com,Outdoor,2,80.02,0.2,Email,US,
ORD-006424,27/11/2024,CUST-00516,cust-00516@lumenmail.com,Outdoor,4,38.96,20.0,Social,AU,variant
ORD-007174,,CUST-00228,cust-00228@lumenmail.com,Outdoor,2,76.91,15.0,Paid Search,US,control
ORD-008487,2023-09-05,CUST-02236,cust-02236@lumenmail.com,Lighting,2,189.42,0.15,Organic,US,control
ORD-005779,2024-02-09,CUST-00292,cust-00292@lumenmail.com,Décor,1,78.73,0.05,Email,CA,control
ORD-000119,2024-06-15,CUST-00322,cust-00322@lumenmail.com,Lighting,1,191.88,0.0,Organic,UK,control
ORD-007838,2024-11-29,CUST-00567,cust-00567@lumenmail.com,Lighting,-3,124.99,0.25,Paid Search,US,
ORD-001426,2024-03-06,CUST-01610,cust-01610@lumenmail.com,Décor,1,51.42,0.1,Social,US,
ORD-000423,2024-01-19,CUST-00423,cust-00423@lumenmail.com,Lighting,1,85.1,0.0,Email,US,
ORD-005142,2023-10-01,CUST-01701,cust-01701@lumenmail.com,Lighting,3,132.57,0.1,Social,US,variant
ORD-003673,2023-06-14,CUST-02382,cust-02382@lumenmail.com,Furniture,2,91.12,0.2,Paid Search,ZZ,control
ORD-008067,2023-11-12,CUST-02092,cust-02092@lumenmail.com,Lighting,1,19.51,0.25,Email,US,control
ORD-002598,2024-08-31,CUST-00171,cust-00171@lumenmail.com,Lighting,2,10.78,0.05,Organic,US,
ORD-002295,28/12/2024,CUST-02260,cust-02260@lumenmail.com,Lighting,2,352.38,0.0,Email,US,control
ORD-007816,2024-11-06,CUST-01200,cust-01200@lumenmail.com,Accessories,-1,14.78,0.05,Organic,ZZ,variant
ORD-001601,2023-09-21,CUST-01548,cust-01548@lumenmail.com,Lighting,1,67.31,0.0,Paid Search,US,
ORD-002746,22/09/2023,CUST-00893,cust-00893@lumenmail.com,Lighting,3,558.22,0.2,Paid Search,US,
ORD-004916,2024-03-13,CUST-01029,cust-01029@lumenmail.com,Décor,2,146.0,0.15,Paid Search,US,variant
ORD-006749,18/06/2024,CUST-00045,cust-00045@lumenmail.com,Lighting,1,40.08,0.0,Organic,US,control
ORD-001899,2024-04-17,,guest@lumenmail.com,Outdoor,1,568.72,0.05,Email,US,variant
ORD-008498,2024-04-22,CUST-02397,cust-02397@lumenmail.com,Décor,1,34.14,5.0,Email,US,
ORD-003470,2024-09-11,CUST-01857,cust-01857@lumenmail.com,Décor,2,14.17,0.0,Organic,AU,variant
ORD-008709,2023-11-01,CUST-00427,cust-00427@lumenmail.com,Lighting,2,64.78,0.05,Paid Search,US,control
ORD-001569,2023-10-07,CUST-02287,cust-02287@lumenmail.com,Outdoor,1,148.65,0.0,Social,US,
ORD-003965,2024-10-07,CUST-02127,cust-02127@lumenmail.com,Accessories,4,132.45,0.1,Email,US,variant
ORD-007020,21/12/2023,CUST-02815,cust-02815@lumenmail.com,Outdoor,2,57.93,0.2,Email,US,variant
ORD-008011,2023-08-10,CUST-01232,cust-01232@lumenmail.com,Accessories,1,127.54,0.0,Paid Search,US,
ORD-005200,2023-08-22,CUST-01315,cust-01315@lumenmail.com,Lighting,4,24.83,0.25,Social,US,
ORD-006777,2024-03-04,CUST-00605,cust-00605@lumenmail.com,Furniture,1,21.46,0.1,Paid Search,CA,
ORD-002811,2024-05-27,CUST-01333,cust-01333@lumenmail.com,Décor,1,96.81,10.0,Organic,US,
ORD-004642,28/05/2024,CUST-01799,cust-01799@lumenmail.com,Accessories,3,46.03,0.1,Paid Search,US,control
ORD-000978,2023-07-17,CUST-02342,cust-02342@lumenmail.com,Décor,1,9.91,0.05,Email,US,
ORD-006931,2024-09-13,CUST-02738,cust-02738@lumenmail.com,Décor,2,166.74,0.0,Organic,US,
ORD-004826,2024-01-24,CUST-00538,cust-00538@lumenmail.com,Décor,1,88.23,0.05,Email,US,
ORD-006076,2024-06-21,CUST-00709,cust-00709@lumenmail.com,Outdoor,2,353.45,0.0,Email,US,
ORD-008855,2023-10-19,CUST-01795,cust-01795@lumenmail.com,Décor,2,142.81,0.05,Paid Search,US,control
ORD-005542,20/06/2023,CUST-01993,cust-01993@lumenmail.com,Outdoor,2,69.38,0.0,Paid Search,UK,control
ORD-005229,2024-05-09,CUST-00664,cust-00664@lumenmail.com,Furniture,2,312.37,0.0,Paid Search,CA,
ORD-006753,2024-03-03,,guest@lumenmail.com,Accessories,1,28.72,0.05,Email,US,control
ORD-000606,2024-05-14,CUST-00950,cust-00950@lumenmail.com,Décor,1,95.23,0.0,Email,UK,
ORD-007937,,CUST-01576,cust-01576@lumenmail.com,Furniture,1,241.2,0.05,,US,control
ORD-000927,01/09/2024,,guest@lumenmail.com,Accessories,3,308.44,0.0,Organic,CA,
ORD-000892,2023-10-04,CUST-00942,cust-00942@lumenmail.com,Lighting,1,22.39,0.2,Social,US,
ORD-008814,2024-04-16,CUST-00100,cust-00100@lumenmail.com,Furniture,4,89.12,0.0,Email,US,
ORD-001344,2023-08-29,CUST-01855,cust-01855@lumenmail.com,Décor,1,100.81,0.0,Paid Search,US,variant
ORD-001173,2024-08-06,CUST-02811,cust-02811@lumenmail.com,Furniture,1,70.48,0.2,Paid Search,US,control
ORD-009319,2024-03-06,CUST-02266,cust-02266@lumenmail.com,Décor,1,600.66,0.0,Social,US,variant
ORD-004407,06/09/2023,CUST-00236,cust-00236@lumenmail.com,Lighting,-2,65.83,0.0,Paid Search,US,
ORD-005848,2024-02-13,CUST-02846,cust-02846@lumenmail.com,Accessories,1,94.74,0.05,Paid Search,CA,
ORD-007021,2024-05-05,CUST-02937,cust-02937@lumenmail.com,Furniture,3,93.39,0.0,Email,US,variant
ORD-000177,2023-09-07,CUST-00492,cust-00492@lumenmail.com,Décor,1,106.95,0.25,Organic,CA,control
ORD-006974,2023-12-30,CUST-01865,cust-01865@lumenmail.com,Lighting,1,232.94,0.05,Email,CA,control
ORD-007699,2024-09-25,CUST-00472,cust-00472@lumenmail.com,Outdoor,1,38.48,0.25,Email,US,control
ORD-005223,2024-04-16,CUST-00653,cust-00653@lumenmail.com,Outdoor,2,139.28,0.0,Organic,CA,control
ORD-008701,2024-09-23,,guest@lumenmail.com,Outdoor,2,465.61,0.0,Email,US,variant
ORD-005064,2024-05-20,CUST-02243,cust-02243@lumenmail.com,Lighting,1,324.02,0.0,Paid Search,US,control
ORD-000883,2024-08-27,CUST-02552,cust-02552@lumenmail.com,Lightng,1,111.5,0.05,Email,CA,control
ORD-001913,26/08/2024,CUST-01657,cust-01657@lumenmail.com,Lighting,1,99.24,0.0,Paid Search,AU,control
ORD-001188,2024-11-19,CUST-00419,cust-00419@lumenmail.com,Décor,2,85.52,0.0,Organic,US,
ORD-004889,2024-09-12,CUST-02631,cust-02631@lumenmail.com,Décor,1,121.96,0.0,Paid Search,ZZ,
ORD-002789,2023-08-24,CUST-01162,cust-01162@lumenmail.com,Décor,2,266.42,0.05,Email,US,variant
ORD-005936,2023-10-18,CUST-00823,cust-00823@lumenmail.com,Lighting,7,194.91,0.2,Organic,UK,control
ORD-003604,2024-12-09,,guest@lumenmail.com,Décor,3,67.1,0.05,Paid Search,US,variant
ORD-008462,2024-06-29,CUST-02970,cust-02970@lumenmail.com,Lighting,1,142.02,5.0,Email,US,
ORD-006909,2023-09-07,CUST-00733,cust-00733@lumenmail.com,Lighting,1,52.53,0.0,Social,AU,variant
ORD-007212,2024-02-08,CUST-02302,cust-02302@lumenmail.com,Lighting,7,9.53,10.0,Email,US,variant
ORD-001853,2023-11-05,CUST-02593,cust-02593@lumenmail.com,Décor,3,383.5,0.0,Paid Search,US,
ORD-008561,2024-10-17,CUST-02495,cust-02495@lumenmail.com,Accessories,2,296.85,0.1,Paid Search,US,
ORD-002744,2023-06-23,CUST-00192,cust-00192@lumenmail.com,Lighting,2,352.27,0.0,Email,CA,
ORD-000583,2024-10-24,CUST-00647,cust-00647@lumenmail.com,Lightng,4,156.87,0.2,Paid Search,UK,control
ORD-001649,2024-03-21,CUST-01651,cust-01651@lumenmail.com,Furniture,1,85.3,0.0,Paid Search,US,
ORD-001711,2023-07-15,CUST-02301,cust-02301@lumenmail.com,Lighting,1,19.17,0.0,Paid Search,CA,variant
ORD-006650,2024-11-06,CUST-00658,cust-00658@lumenmail.com,Lighting,4,480.51,0.2,Email,US,
ORD-005588,2024-12-22,CUST-00768,cust-00768@lumenmail.com,Lighting,4,177.52,0.0,Social,AU,
ORD-009118,2023-09-12,CUST-00174,cust-00174@lumenmail.com,Lighting,1,145.0,0.05,Social,US,control
ORD-000240,2024-03-08,CUST-02750,cust-02750@lumenmail.com,Lighting,1,28.26,0.0,Email,US,control
ORD-005383,19/09/2024,CUST-00411,cust-00411@lumenmail.com,Accessories,2,56.51,0.05,Paid Search,CA,
ORD-008026,2023-09-02,CUST-02252,cust-02252@lumenmail.com,Furniture,1,24.01,0.05,Paid Search,US,
ORD-003535,2024-12-14,CUST-02188,cust-02188@lumenmail.com,Accessories,1,8.36,0.0,Paid Search,CA,control
ORD-000059,2024-01-01,CUST-02932,cust-02932@lumenmail.com,Décor,1,109.67,0.15,Email,UK,control
ORD-008549,2024-01-23,,guest@lumenmail.com,Décor,2,11.28,0.05,Email,US,
ORD-008044,2024-04-27,CUST-01882,cust-01882@lumenmail.com,Lighting,1,100.32,0.15,Paid Search,US,variant
ORD-000746,2023-07-02,,guest@lumenmail.com,Lighting,1,95.14,0.0,Email,US,variant
ORD-007352,2023-06-04,CUST-01500,cust-01500@lumenmail.com,Accessories,1,398.15,0.0,Email,US,
ORD-009464,2024-09-03,CUST-02213,cust-02213@lumenmail.com,Accessories,1,11.33,0.05,Paid Search,CA,control
ORD-008053,2024-01-17,CUST-02331,cust-02331@lumenmail.com,Lighting,2,156.4,0.0,Paid Search,US,
ORD-006856,2024-01-07,CUST-02232,cust-02232@lumenmail.com,Outdoor,2,58.09,0.0,Organic,US,control
ORD-008565,2024-09-29,CUST-00896,cust-00896@lumenmail.com,Furniture,1,105.87,0.0,Paid Search,CA,control
ORD-002415,2023-08-25,CUST-00700,cust-00700@lumenmail.com,Furniture,1,41.47,0.0,Organic,CA,
ORD-000437,22/11/2024,CUST-00196,cust-00196@lumenmail.com,Décor,1,17.71,0.0,Paid Search,UK,
ORD-001129,2024-01-06,CUST-00625,cust-00625@lumenmail.com,Accessories,4,138.67,0.05,Email,AU,
ORD-009428,2023-11-15,CUST-00936,cust-00936@lumenmail.com,Lighting,1,123.57,0.0,Paid Search,US,variant
ORD-009121,09/09/2024,CUST-01109,cust-01109@lumenmail.com,Accessoires,3,93.74,0.15,Email,AU,variant
ORD-002204,2024-08-23,CUST-00041,cust-00041@lumenmail.com,Furniture,2,189.69,0.15,Social,CA,variant
ORD-006861,2024-02-17,CUST-01061,cust-01061@lumenmail.com,Lighting,2,73.74,0.2,Paid Search,US,control
ORD-005393,19/02/2024,CUST-01220,cust-01220@lumenmail.com,Outdoor,2,36.05,0.0,Email,CA,control
ORD-003721,2024-09-22,CUST-02372,cust-02372@lumenmail.com,Lighting,2,44.14,0.0,Organic,US,
ORD-006925,2024-10-05,CUST-01349,cust-01349@lumenmail.com,Furniture,2,29.67,0.0,Paid Search,US,variant
ORD-008630,2023-10-25,CUST-01176,cust-01176@lumenmail.com,Décor,1,188.8,0.0,Organic,US,control
ORD-004237,2023-11-18,CUST-00621,cust-00621@lumenmail.com,Décor,1,16.56,0.0,Paid Search,US,
ORD-000839,2024-07-14,CUST-02044,cust-02044@lumenmail.com,Furniture,2,46.79,0.0,Email,CA,variant
ORD-001816,2023-08-23,CUST-02468,cust-02468@lumenmail.com,Lighting,1,14.24,0.0,Email,US,
ORD-008296,03/11/2023,CUST-00436,cust-00436@lumenmail.com,Furniture,2,123.71,0.1,Paid Search,US,
ORD-001971,2024-08-29,CUST-01355,cust-01355@lumenmail.com,Décor,1,168.38,0.0,Paid Search,US,
ORD-003747,14/11/2024,CUST-02264,cust-02264@lumenmail.com,Furniture,3,24.09,0.0,Paid Search,US,control
ORD-009144,2024-02-29,CUST-02638,cust-02638@lumenmail.com,Décor,1,387.27,0.0,Organic,US,variant
ORD-001585,2024-08-09,CUST-01635,cust-01635@lumenmail.com,Furniture,-1,118.73,0.0,Social,UK,
ORD-003147,2023-07-02,CUST-02223,cust-02223@lumenmail.com,Lighting,2,95.99,0.0,Paid Search,CA,control
ORD-005108,08/10/2023,CUST-02707,cust-02707@lumenmail.com,Furniture,-1,39.72,0.0,Paid Search,US,
ORD-007479,2023-12-17,CUST-01562,cust-01562@lumenmail.com,Décor,1,33.07,0.15,Paid Search,US,variant
ORD-005959,2023-08-03,CUST-00664,cust-00664@lumenmail.com,Lighting,2,41.78,0.0,,CA,
ORD-000113,2024-08-11,CUST-00352,cust-00352@lumenmail.com,Lighting,3,199.59,0.0,Email,UK,variant
ORD-008832,,CUST-01307,cust-01307@lumenmail.com,Lighting,1,794.86,0.05,Paid Search,CA,variant
ORD-004216,2024-06-17,CUST-00402,cust-00402@lumenmail.com,Furniture,3,13.46,0.0,Organic,AU,
ORD-000885,2024-10-16,CUST-02427,cust-02427@lumenmail.com,Lighting,4,144.99,5.0,Email,US,variant
ORD-004987,2023-12-08,CUST-00710,cust-00710@lumenmail.com,Décor,5,20.05,0.15,Organic,CA,control
ORD-003068,2024-09-14,CUST-01404,cust-01404@lumenmail.com,Lighting,1,26.08,0.1,Social,US,variant
ORD-002555,2024-07-27,CUST-00701,cust-00701@lumenmail.com,Accessories,1,227.0,0.05,Email,US,variant
ORD-004677,,CUST-00955,cust-00955@lumenmail.com,Outdoor,1,36.77,0.15,Organic,US,control
ORD-000385,2024-03-01,CUST-00119,cust-00119@lumenmail.com,Furniture,3,14.39,0.0,Email,US,
ORD-002271,2023-11-18,CUST-00639,cust-00639@lumenmail.com,Outdoor,-1,59.82,0.0,Email,US,
ORD-000918,2023-12-23,CUST-01042,cust-01042@lumenmail.com,lighting,1,29.79,5.0,Organic,US,variant
ORD-002287,2023-08-12,CUST-02283,cust-02283@lumenmail.com,Décor,1,30.58,0.2,Social,US,
ORD-002997,2023-09-21,,guest@lumenmail.com,Décor,1,33.2,0.0,Organic,US,
ORD-004779,2023-07-31,CUST-02832,cust-02832@lumenmail.com,Décor,5,34.73,0.0,Paid Search,US,variant
ORD-002314,2024-06-19,CUST-00844,cust-00844@lumenmail.com,Furniture,1,262.11,0.1,Paid Search,US,
ORD-003873,2024-10-30,CUST-00165,cust-00165@lumenmail.com,Outdoor,2,146.67,0.05,Paid Search,US,
ORD-003532,2024-06-03,CUST-00403,cust-00403@lumenmail.com,Décor,2,30.06,0.1,Organic,CA,control
ORD-001896,2024-09-10,CUST-01348,cust-01348@lumenmail.com,Lighting,3,64.6,0.0,Email,ZZ,variant
ORD-000053,2023-11-13,CUST-01832,cust-01832@lumenmail.com,Accessories,1,94.09,0.05,Social,ZZ,control
ORD-004193,2024-11-03,CUST-01700,cust-01700@lumenmail.com,Outdoor,1,540.52,0.0,Paid Search,CA,variant
ORD-001693,2024-03-14,CUST-00924,cust-00924@lumenmail.com,Furniture,4,147.89,0.05,Email,US,variant
ORD-006182,2024-02-13,CUST-02264,cust-02264@lumenmail.com,Lighting,2,581.48,0.0,Paid Search,AU,
ORD-005805,2024-07-09,CUST-01839,cust-01839@lumenmail.com,Outdoor,2,203.15,0.0,Paid Search,US,variant
ORD-006444,2024-02-03,,guest@lumenmail.com,Outdoor,2,23.55,0.2,Organic,UK,
ORD-003160,25/12/2023,CUST-00195,cust-00195@lumenmail.com,Furniture,1,28.8,0.0,Paid Search,CA,control
ORD-001078,2024-09-08,CUST-02797,cust-02797@lumenmail.com,Décor,1,78.8,0.1,Organic,US,control
ORD-008433,2024-07-19,CUST-02125,cust-02125@lumenmail.com,Décor,3,28.2,0.0,Email,AU,variant
ORD-004878,2023-11-22,CUST-00252,cust-00252@lumenmail.com,Lighting,1,36.83,0.25,Email,US,
ORD-002000,26/06/2023,CUST-02921,cust-02921@lumenmail.com,Décor,1,655.21,0.0,Organic,US,
ORD-000132,2024-06-29,CUST-00553,cust-00553@lumenmail.com,Lighting,1,9.46,0.2,Email,CA,variant
ORD-001063,2024-08-11,CUST-01339,cust-01339@lumenmail.com,Décor,2,172.96,0.0,Organic,CA,control
ORD-006211,,CUST-01316,cust-01316@lumenmail.com,Décor,2,69.63,0.05,Email,UK,control
ORD-008046,2024-04-23,CUST-01307,cust-01307@lumenmail.com,Décor,2,66.31,5.0,Organic,US,
ORD-007166,09/10/2024,,guest@lumenmail.com,Furniture,2,55.23,0.0,Email,US,control
ORD-003409,2023-08-28,CUST-02075,cust-02075@lumenmail.com,Accessories,1,589.18,0.05,Organic,US,variant
ORD-007476,2024-09-07,CUST-02142,cust-02142@lumenmail.com,Lighting,2,36.73,0.0,Paid Search,US,variant
ORD-006166,2023-11-07,CUST-00829,cust-00829@lumenmail.com,Furniture,3,77.85,0.0,Organic,US,variant
ORD-007468,2023-10-14,,guest@lumenmail.com,Lighting,2,710.41,0.1,Paid Search,US,
ORD-001482,2024-09-08,CUST-00152,cust-00152@lumenmail.com,Accessories,1,62.44,0.0,Paid Search,US,variant
ORD-006057,,CUST-01628,cust-01628@lumenmail.com,Décor,1,13.53,0.0,Organic,US,variant
ORD-007905,2023-06-07,CUST-02481,cust-02481@lumenmail.com,Décor,2,70.71,0.0,Organic,UK,variant
ORD-009355,2024-10-19,CUST-00055,cust-00055@lumenmail.com,Furniture,2,795.24,0.0,Organic,US,
ORD-008924,2024-08-14,CUST-01549,cust-01549@lumenmail.com,Lighting,-1,31.88,0.05,Organic,UK,
ORD-001557,08/07/2023,CUST-01042,cust-01042@lumenmail.com,Outdoor,4,30.92,0.0,Organic,UK,variant
ORD-006812,05/03/2024,CUST-00486,cust-00486@lumenmail.com,Lighting,2,88.27,0.0,Paid Search,US,variant
ORD-007983,2024-08-12,CUST-01282,cust-01282@lumenmail.com,Furniture,1,293.62,0.0,Social,US,
ORD-004580,2024-11-17,CUST-02595,cust-02595@lumenmail.com,Furniture,1,276.99,0.0,Organic,US,control
ORD-007592,2024-09-13,,guest@lumenmail.com,Accessories,5,183.75,0.1,Paid Search,CA,
ORD-004678,2023-12-13,CUST-00384,cust-00384@lumenmail.com,Lighting,1,325.39,0.0,,US,control
ORD-004568,2024-12-15,,guest@lumenmail.com,Décor,1,26.87,0.05,Organic,US,
ORD-006670,2023-12-01,CUST-01845,cust-01845@lumenmail.com,Décor,1,31.07,0.1,Email,US,
ORD-001274,2024-08-23,CUST-01870,cust-01870@lumenmail.com,Lighting,1,5.16,0.1,Organic,US,variant
ORD-007550,2023-07-24,CUST-02421,cust-02421@lumenmail.com,Furniture,2,25.88,0.1,Organic,UK,variant
ORD-009342,2024-07-28,CUST-00525,cust-00525@lumenmail.com,Accessories,1,48.82,0.1,Paid Search,AU,
ORD-005593,2023-12-03,,guest@lumenmail.com,Décor,1,22.29,0.15,Paid Search,US,variant
ORD-002428,2024-11-10,,guest@lumenmail.com,Lighting,1,66.76,0.1,Social,UK,variant
ORD-008854,2024-07-10,CUST-02755,cust-02755@lumenmail.com,Furniture,1,88.14,0.0,Organic,CA,
ORD-000919,2024-03-01,CUST-01172,cust-01172@lumenmail.com,Lighting,4,179.02,0.2,Paid Search,US,
ORD-002284,2024-08-05,,guest@lumenmail.com,Accessories,-1,127.41,25.0,Paid Search,CA,
ORD-002720,2024-11-13,CUST-02239,cust-02239@lumenmail.com,Outdoor,1,183.15,0.2,Organic,US,control
ORD-008524,2024-12-09,CUST-01965,cust-01965@lumenmail.com,Décor,1,122.15,0.15,Organic,US,control
ORD-009206,2024-08-10,CUST-02909,cust-02909@lumenmail.com,Décor,1,67.39,0.0,,US,
ORD-000467,13/12/2023,CUST-00219,cust-00219@lumenmail.com,Lighting,1,63.06,0.0,Paid Search,US,variant
ORD-000022,2024-09-12,CUST-01273,cust-01273@lumenmail.com,Furniture,1,0.0,0.1,Organic,UK,
ORD-006513,2024-09-08,CUST-00149,cust-00149@lumenmail.com,Furniture,1,365.52,0.1,Paid Search,US,
ORD-007590,2023-10-25,CUST-01420,cust-01420@lumenmail.com,Furniture,3,198.93,0.15,Email,US,control
ORD-001339,2024-03-07,CUST-02948,cust-02948@lumenmail.com,Outdoor,5,34.89,0.0,Paid Search,CA,control
ORD-003238,2023-08-31,CUST-02084,cust-02084@lumenmail.com,Furniture,1,57.03,0.0,Paid Search,US,
ORD-003326,2024-10-17,CUST-02905,cust-02905@lumenmail.com,Décor,1,599.93,0.15,Paid Search,UK,control
ORD-003643,2024-01-06,CUST-01839,cust-01839@lumenmail.com,Lighting,1,245.74,0.05,Organic,CA,
ORD-007346,2024-02-18,CUST-00555,cust-00555@lumenmail.com,Outdoor,5,14.16,0.1,Paid Search,US,variant
ORD-001321,2023-06-04,CUST-02157,cust-02157@lumenmail.com,Décor,2,147.43,0.0,Email,US,
ORD-006194,2024-04-30,CUST-02224,cust-02224@lumenmail.com,Lighting,2,93.07,0.25,Organic,AU,control
ORD-000867,10/02/2024,CUST-00418,cust-00418@lumenmail.com,lighting,2,19.67,0.0,Email,US,variant
ORD-000238,2024-10-19,CUST-02857,cust-02857@lumenmail.com,Accessories,1,219.43,0.25,Social,US,control
ORD-007624,,,guest@lumenmail.com,Outdoor,1,264.0,0.1,Email,US,
ORD-004129,04/12/2024,CUST-02014,cust-02014@lumenmail.com,Accessories,3,343.05,0.0,Paid Search,CA,control
ORD-007299,2024-07-10,CUST-01424,cust-01424@lumenmail.com,Furniture,1,30.6,0.25,Paid Search,UK,variant
ORD-000782,26/07/2023,CUST-01931,cust-01931@lumenmail.com,Outdoor,2,0.0,0.05,Email,UK,variant
ORD-007414,2024-10-12,CUST-02074,cust-02074@lumenmail.com,Outdoor,2,44.43,0.05,Paid Search,US,
ORD-008213,2023-11-07,CUST-00948,cust-00948@lumenmail.com,Lighting,1,137.83,0.1,Social,US,variant
ORD-005214,2023-06-11,CUST-00629,cust-00629@lumenmail.com,Outdoor,2,18.63,0.15,Paid Search,US,control
ORD-007023,2023-12-23,CUST-00159,cust-00159@lumenmail.com,Furniture,2,89.39,0.0,Email,CA,
ORD-000237,2023-12-26,CUST-01434,cust-01434@lumenmail.com,Furniture,2,57.4,0.0,Paid Search,US,
ORD-002286,22/04/2024,CUST-00912,cust-00912@lumenmail.com,Lighting,5,53.03,0.0,Email,US,variant
ORD-001200,2024-05-26,CUST-02357,cust-02357@lumenmail.com,Lighting,2,69.73,0.05,Email,US,control
ORD-005984,2023-08-09,CUST-01067,cust-01067@lumenmail.com,Outdoor,2,156.62,0.25,Paid Search,UK,variant
ORD-009500,2024-02-24,CUST-01855,cust-01855@lumenmail.com,Lighting,1,39.07,0.0,Organic,US,
ORD-004071,2024-04-28,CUST-02149,cust-02149@lumenmail.com,Lighting,4,45.01,0.15,Social,US,control
ORD-004694,31/03/2024,CUST-02109,cust-02109@lumenmail.com,Décor,4,48.53,0.05,Social,CA,
ORD-000020,2023-10-09,CUST-00722,cust-00722@lumenmail.com,lighting,3,128.83,0.1,Email,US,
ORD-008155,2024-05-09,CUST-01858,cust-01858@lumenmail.com,Lighting,5,340.31,5.0,Organic,CA,control
ORD-004188,2023-06-16,CUST-02898,cust-02898@lumenmail.com,Lighting,-1,155.81,0.05,Paid Search,US,
ORD-001407,2024-01-29,CUST-00420,cust-00420@lumenmail.com,Accessories,3,6.0,0.1,Email,CA,
ORD-009420,2023-09-12,CUST-01904,cust-01904@lumenmail.com,Lighting,3,31.2,0.0,Email,US,control
ORD-005218,2023-11-18,CUST-01095,cust-01095@lumenmail.com,Décor,2,71.07,0.0,Organic,US,control
ORD-001494,2023-11-01,CUST-02022,cust-02022@lumenmail.com,Lighting,1,304.2,15.0,Email,AU,control
ORD-005548,21/09/2023,CUST-02639,cust-02639@lumenmail.com,Lighting,1,309.55,15.0,Organic,CA,variant
ORD-003507,2024-07-06,CUST-01975,cust-01975@lumenmail.com,Lighting,1,155.76,0.05,Paid Search,US,control
ORD-007650,2023-06-07,CUST-00344,cust-00344@lumenmail.com,Accessories,1,497.25,0.1,Paid Search,CA,
ORD-008002,2024-02-04,CUST-01334,cust-01334@lumenmail.com,Outdoor,3,161.91,0.0,Social,UK,
ORD-009574,2024-10-30,CUST-01404,cust-01404@lumenmail.com,Furniture,1,87.14,0.05,Social,US,control
ORD-002500,23/10/2024,CUST-01219,cust-01219@lumenmail.com,Accessories,2,298.11,0.0,Email,US,
ORD-007415,13/01/2024,CUST-02119,cust-02119@lumenmail.com,Furniture,2,51.37,0.0,Paid Search,US,variant
ORD-006290,2023-08-09,CUST-00451,cust-00451@lumenmail.com,Décor,3,597.55,0.0,Email,US,
ORD-003659,2024-01-16,CUST-02751,cust-02751@lumenmail.com,Lighting,1,39.92,0.0,Paid Search,US,control
ORD-006125,17/11/2024,CUST-00277,cust-00277@lumenmail.com,Décor,1,93.72,0.15,Organic,US,variant
ORD-001598,2023-08-18,CUST-01287,cust-01287@lumenmail.com,Lighting,3,88.49,0.15,,US,control
ORD-008165,20/07/2024,CUST-02976,cust-02976@lumenmail.com,Lighting,3,44.22,0.0,Paid Search,US,control
ORD-007482,2024-02-13,CUST-01589,cust-01589@lumenmail.com,Furniture,3,87.9,0.0,Social,US,
ORD-008694,09/01/2024,CUST-01282,cust-01282@lumenmail.com,Accessories,2,408.43,15.0,Paid Search,US,variant
ORD-000442,2023-10-26,,guest@lumenmail.com,Furniture,2,253.34,0.15,Email,CA,
ORD-000010,2023-09-15,CUST-02178,cust-02178@lumenmail.com,Lighting,1,51.81,0.15,Paid Search,US,control
ORD-005234,2023-10-09,CUST-00197,cust-00197@lumenmail.com,Furniture,1,153.67,0.0,Organic,US,
ORD-006267,2024-06-18,CUST-00055,cust-00055@lumenmail.com,Lighting,2,39.37,0.1,Social,US,
ORD-003264,2023-11-24,CUST-02503,cust-02503@lumenmail.com,Lighting,1,68.48,0.05,Email,CA,variant
ORD-008605,2023-10-07,CUST-02364,cust-02364@lumenmail.com,Furniture,7,710.54,0.05,Paid Search,US,control
ORD-007110,2024-12-22,CUST-01201,cust-01201@lumenmail.com,Lighting,3,64.19,0.0,Email,US,control
ORD-002033,2023-11-17,CUST-02750,cust-02750@lumenmail.com,Décor,1,7.92,0.05,Paid Search,US,control
ORD-006120,2023-12-18,CUST-01374,cust-01374@lumenmail.com,Outdoor,2,47.02,0.0,Email,US,
ORD-004504,2023-12-21,,guest@lumenmail.com,Lighting,5,496.17,0.0,Paid Search,US,variant
ORD-005400,2023-09-25,CUST-00121,cust-00121@lumenmail.com,Lighting,3,229.16,0.05,Organic,CA,variant
ORD-003722,2024-02-05,CUST-00209,cust-00209@lumenmail.com,Lighting,2,435.82,0.05,Social,US,variant
ORD-001382,2023-09-16,CUST-00914,cust-00914@lumenmail.com,Décor,1,24.63,0.05,Organic,US,control
ORD-007829,2023-11-17,,guest@lumenmail.com,Lighting,1,26.01,0.0,Organic,US,control
ORD-007451,2024-12-26,,guest@lumenmail.com,Furniture,-2,168.96,0.2,Paid Search,US,control
ORD-006040,2023-12-19,CUST-00275,cust-00275@lumenmail.com,Lighting,2,98.68,0.0,Email,US,variant
ORD-005271,2024-08-07,CUST-02233,cust-02233@lumenmail.com,Furniture,2,89.52,0.0,Paid Search,US,variant
ORD-000806,2023-11-18,CUST-01775,cust-01775@lumenmail.com,Décor,1,76.68,0.0,Organic,US,variant
ORD-006523,2023-11-04,CUST-01546,cust-01546@lumenmail.com,Furniture,1,20.55,0.2,Organic,US,
ORD-005366,2023-06-26,CUST-00219,cust-00219@lumenmail.com,Accessoires,1,27.16,0.0,Paid Search,US,
ORD-000130,2024-09-15,CUST-01778,cust-01778@lumenmail.com,Lighting,1,169.71,0.05,Social,US,control
ORD-004314,2024-09-17,CUST-01506,cust-01506@lumenmail.com,Décor,2,41.09,0.25,Email,US,
ORD-006292,2023-08-07,CUST-02745,cust-02745@lumenmail.com,Furniture,1,95.45,0.1,Organic,US,variant
ORD-008710,2024-07-19,CUST-01554,cust-01554@lumenmail.com,Lighting,2,80.94,0.25,Organic,AU,control
ORD-002170,2023-09-21,CUST-01267,cust-01267@lumenmail.com,Furniture,1,114.09,0.1,Paid Search,US,control
ORD-001438,2023-11-17,CUST-01300,cust-01300@lumenmail.com,Outdoor,1,58.93,0.1,Paid Search,US,
ORD-002226,16/07/2023,CUST-01037,cust-01037@lumenmail.com,Outdoor,1,7.99,10.0,Paid Search,CA,variant
ORD-008552,24/06/2023,,guest@lumenmail.com,Décor,2,86.32,0.0,Email,US,variant
ORD-003405,2024-08-08,CUST-02513,cust-02513@lumenmail.com,Furniture,4,33.29,0.05,Paid Search,US,
ORD-007591,2023-06-16,CUST-02453,cust-02453@lumenmail.com,Outdoor,2,26.54,0.0,Paid Search,US,
ORD-001132,2024-05-19,CUST-00373,cust-00373@lumenmail.com,Furniture,3,61.58,0.2,Email,ZZ,variant
ORD-004418,2024-08-25,CUST-01751,cust-01751@lumenmail.com,Décor,1,153.98,0.0,Social,US,
ORD-003742,2024-12-14,CUST-02599,cust-02599@lumenmail.com,Accessoires,1,455.05,5.0,Paid Search,UK,
ORD-004534,27/04/2024,CUST-02112,cust-02112@lumenmail.com,Accessories,1,785.21,10.0,,UK,variant
ORD-008409,2024-06-10,CUST-00928,cust-00928@lumenmail.com,Décor,1,340.72,0.0,Paid Search,US,variant
ORD-002895,2023-12-15,CUST-00125,cust-00125@lumenmail.com,Lighting,1,130.09,0.1,Organic,US,variant
ORD-005466,2023-10-27,CUST-00446,cust-00446@lumenmail.com,Décor,2,236.63,0.0,Paid Search,US,control
ORD-006012,2024-04-16,CUST-01501,cust-01501@lumenmail.com,Lighting,2,169.14,0.1,Paid Search,US,
ORD-008567,2024-01-31,CUST-02428,cust-02428@lumenmail.com,Décor,2,42.78,0.0,Paid Search,US,variant
ORD-007848,2024-12-25,CUST-01382,cust-01382@lumenmail.com,Lighting,2,29.41,0.0,Email,US,control
ORD-004092,2023-09-07,CUST-02201,cust-02201@lumenmail.com,Lighting,1,90.5,0.05,Organic,AU,variant
ORD-009114,2024-10-05,,guest@lumenmail.com,Outdoor,1,274.54,0.1,Organic,CA,control
ORD-007876,2024-02-25,CUST-00707,cust-00707@lumenmail.com,Furniture,1,20.97,0.1,Paid Search,US,variant
ORD-006354,29/07/2023,CUST-02956,cust-02956@lumenmail.com,Lighting,1,23.27,0.1,Paid Search,US,control
ORD-002866,2023-07-07,CUST-01488,cust-01488@lumenmail.com,Lighting,2,90.03,0.0,Paid Search,US,control
ORD-000725,2024-01-14,CUST-02480,cust-02480@lumenmail.com,Décor,1,163.28,0.0,Email,US,
ORD-008959,2024-03-01,,guest@lumenmail.com,Outdoor,1,221.58,0.2,Email,US,control
ORD-001445,2024-07-11,CUST-01766,cust-01766@lumenmail.com,Lighting,2,69.69,0.2,Social,US,variant
ORD-007995,2024-08-17,CUST-02670,cust-02670@lumenmail.com,Décor,2,47.98,0.1,Organic,US,variant
ORD-007504,2023-07-20,CUST-00620,cust-00620@lumenmail.com,Outdoor,1,138.26,0.1,,US,control
ORD-005184,2023-12-15,CUST-01992,cust-01992@lumenmail.com,Lightng,1,38.43,0.1,Paid Search,US,control
ORD-002522,2023-07-15,CUST-02859,cust-02859@lumenmail.com,Lighting,2,113.88,0.05,Paid Search,US,variant
ORD-005926,2024-10-07,CUST-02457,cust-02457@lumenmail.com,Accessories,4,33.26,0.0,Paid Search,US,control
ORD-001174,2023-09-08,CUST-01922,cust-01922@lumenmail.com,Outdoor,3,57.05,0.05,Organic,US,control
ORD-005620,2024-10-21,CUST-00116,cust-00116@lumenmail.com,Outdoor,1,22.35,0.15,Email,US,
ORD-005898,2023-10-30,CUST-01192,cust-01192@lumenmail.com,Décor,1,100.46,0.1,Organic,US,
ORD-003193,2023-06-03,CUST-00252,cust-00252@lumenmail.com,Lighting,2,116.77,0.0,Organic,US,variant
ORD-008009,2024-07-28,CUST-02990,cust-02990@lumenmail.com,Furniture,3,160.68,0.15,Paid Search,US,
ORD-009199,2024-01-26,CUST-02830,cust-02830@lumenmail.com,Lighting,1,34.91,25.0,Email,US,control
ORD-000125,2024-10-27,CUST-02468,cust-02468@lumenmail.com,Lighting,1,14.35,0.05,Email,US,control
ORD-003129,2023-12-20,CUST-01416,cust-01416@lumenmail.com,Décor,2,239.86,0.05,Email,US,variant
ORD-002538,2024-05-05,CUST-00971,cust-00971@lumenmail.com,Lighting,5,90.38,0.25,Paid Search,US,control
ORD-009099,2024-03-10,CUST-01073,cust-01073@lumenmail.com,Lighting,2,121.09,0.0,Paid Search,AU,control
ORD-009021,2024-04-23,CUST-01878,cust-01878@lumenmail.com,Lighting,1,76.69,0.1,Email,US,variant
ORD-003773,2024-06-02,CUST-00998,cust-00998@lumenmail.com,Lighting,4,94.59,0.05,Email,US,
ORD-006090,2024-04-04,CUST-00357,cust-00357@lumenmail.com,lighting,-7,513.51,0.05,Email,CA,
ORD-001934,2023-06-16,CUST-01522,cust-01522@lumenmail.com,Lighting,2,41.87,0.1,Organic,US,variant
ORD-004364,2024-02-23,CUST-01607,cust-01607@lumenmail.com,Outdoor,3,19.09,5.0,Paid Search,US,
ORD-004964,2023-06-04,CUST-02945,cust-02945@lumenmail.com,Outdoor,1,52.23,0.0,Organic,US,control
ORD-002881,2023-08-08,CUST-02810,cust-02810@lumenmail.com,Outdoor,2,30.88,0.05,Organic,UK,
ORD-003282,2024-07-01,CUST-01839,cust-01839@lumenmail.com,Furniture,1,51.6,0.0,Paid Search,US,
ORD-009369,2023-06-19,CUST-01822,cust-01822@lumenmail.com,Furniture,1,33.75,0.05,Paid Search,CA,control
ORD-002665,2024-04-09,CUST-00919,cust-00919@lumenmail.com,Décor,3,195.01,0.0,Email,CA,variant
ORD-005738,2024-10-09,CUST-01768,cust-01768@lumenmail.com,Décor,2,103.73,0.15,Social,CA,
ORD-006412,2024-06-29,CUST-00540,cust-00540@lumenmail.com,Lighting,2,175.99,0.05,Paid Search,US,control
ORD-003432,2023-08-17,CUST-02544,cust-02544@lumenmail.com,Lighting,4,27.25,0.2,Paid Search,US,
ORD-003462,21/10/2024,CUST-02533,cust-02533@lumenmail.com,Furniture,2,77.42,5.0,Email,US,
ORD-000724,2023-08-14,CUST-00205,cust-00205@lumenmail.com,Outdoor,1,314.02,0.05,Email,US,control
ORD-004227,2023-06-26,CUST-00437,cust-00437@lumenmail.com,Lighting,2,155.04,0.05,Social,US,control
ORD-004440,2023-12-14,CUST-00160,cust-00160@lumenmail.com,Décor,1,353.99,0.0,Email,UK,control
ORD-000744,2024-10-30,CUST-00057,cust-00057@lumenmail.com,Lighting,2,97.59,0.2,Social,US,control
ORD-001690,2024-07-17,CUST-00698,cust-00698@lumenmail.com,Furniture,1,105.55,0.2,Organic,US,variant
ORD-003516,02/06/2024,CUST-02590,cust-02590@lumenmail.com,Lighting,1,119.29,0.0,Paid Search,CA,
ORD-001423,2024-01-02,CUST-01018,cust-01018@lumenmail.com,Décor,1,376.37,0.15,Organic,UK,variant
ORD-009109,2023-08-28,CUST-02161,cust-02161@lumenmail.com,Accessoires,3,81.95,15.0,Organic,UK,
ORD-005850,16/11/2023,CUST-02554,cust-02554@lumenmail.com,Outdoor,2,16.01,0.0,Email,US,
ORD-003838,2024-07-18,CUST-01815,cust-01815@lumenmail.com,Décor,3,121.38,0.0,Social,US,control
ORD-009201,2024-12-24,CUST-01047,cust-01047@lumenmail.com,Furniture,3,27.61,0.0,Organic,US,
ORD-007004,2024-02-24,CUST-02802,cust-02802@lumenmail.com,Furniture,3,101.81,0.05,Organic,US,
ORD-002229,2024-12-28,CUST-00738,cust-00738@lumenmail.com,Outdoor,2,76.81,0.0,Social,AU,
ORD-006797,2023-12-10,CUST-02663,cust-02663@lumenmail.com,Lighting,1,384.02,0.15,Email,US,variant
ORD-004256,2024-12-26,CUST-00975,cust-00975@lumenmail.com,Décor,3,403.1,0.2,Paid Search,US,variant
ORD-000815,2023-12-12,CUST-02809,cust-02809@lumenmail.com,Outdoor,1,157.33,0.0,Paid Search,US,control
ORD-005602,2023-11-28,CUST-02466,cust-02466@lumenmail.com,Lighting,1,560.76,0.05,Organic,CA,control
ORD-009503,2024-07-06,CUST-02888,cust-02888@lumenmail.com,Furniture,1,26.08,0.0,Email,UK,control
ORD-008881,2024-11-16,CUST-01892,cust-01892@lumenmail.com,Lighting,-4,799.06,15.0,Email,US,
ORD-003215,2024-05-07,CUST-00271,cust-00271@lumenmail.com,Lighting,1,34.24,0.0,Paid Search,US,variant
ORD-004542,04/10/2023,CUST-02516,cust-02516@lumenmail.com,Lighting,2,41.31,0.0,Paid Search,AU,control
ORD-007521,13/08/2024,CUST-01897,cust-01897@lumenmail.com,Accessories,1,6.64,0.0,Organic,US,control
ORD-009150,2024-02-01,CUST-00692,cust-00692@lumenmail.com,Décor,1,98.84,0.05,,CA,variant
ORD-004201,,,guest@lumenmail.com,Outdoor,1,36.12,0.0,Email,UK,variant
ORD-000254,2024-02-07,,guest@lumenmail.com,Furniture,4,55.47,0.0,,AU,control
ORD-001411,2024-08-21,CUST-02793,cust-02793@lumenmail.com,Lighting,1,65.84,0.0,Email,UK,control
ORD-003304,2023-08-29,CUST-01324,cust-01324@lumenmail.com,Outdoor,1,68.74,0.05,Email,UK,variant
ORD-008539,2024-01-28,CUST-02222,cust-02222@lumenmail.com,Furniture,1,98.37,0.0,Email,US,
ORD-000028,2024-02-07,CUST-02914,cust-02914@lumenmail.com,Furniture,2,147.31,0.0,Email,UK,
ORD-001247,2024-05-09,CUST-01244,cust-01244@lumenmail.com,Accessories,2,90.48,0.0,Paid Search,US,control
ORD-003898,2023-06-04,,guest@lumenmail.com,Outdoor,3,40.93,0.0,Organic,US,variant
ORD-002505,2023-07-11,CUST-02311,cust-02311@lumenmail.com,Lighting,1,176.11,0.0,Email,US,control
ORD-004813,02/07/2023,CUST-01042,cust-01042@lumenmail.com,Accessories,2,91.94,0.0,Paid Search,US,control
ORD-005013,2024-07-13,CUST-01064,cust-01064@lumenmail.com,Outdoor,1,0.0,0.1,Social,US,
ORD-006760,2024-07-30,CUST-02814,cust-02814@lumenmail.com,Décor,1,103.94,0.05,Organic,CA,
ORD-002355,2023-11-07,CUST-00483,cust-00483@lumenmail.com,Décor,2,14.52,0.0,Email,US,control
ORD-003088,31/07/2023,CUST-00977,cust-00977@lumenmail.com,Outdoor,4,247.97,0.05,Organic,US,control
ORD-000086,2024-02-23,CUST-02627,cust-02627@lumenmail.com,Lighting,3,266.8,0.0,Organic,US,variant
ORD-006963,2023-06-24,CUST-02339,cust-02339@lumenmail.com,Outdoor,2,57.32,0.05,,US,variant
ORD-003782,2023-10-13,CUST-00849,cust-00849@lumenmail.com,Décor,2,156.53,0.2,Email,US,variant
ORD-001611,2023-11-01,CUST-01632,cust-01632@lumenmail.com,Lighting,1,111.16,0.0,Paid Search,US,variant
ORD-005823,2024-04-05,CUST-01444,cust-01444@lumenmail.com,Furniture,-6,90.74,0.1,Organic,US,
ORD-004989,2023-10-25,CUST-02308,cust-02308@lumenmail.com,Furniture,2,130.73,0.0,Email,US,variant
ORD-002008,2024-09-02,CUST-02684,cust-02684@lumenmail.com,Lighting,3,97.3,0.0,Email,AU,
ORD-001365,2023-07-09,CUST-00320,cust-00320@lumenmail.com,Décor,-2,31.88,0.15,Organic,US,
ORD-001916,2024-11-19,CUST-00134,cust-00134@lumenmail.com,Lighting,2,714.05,0.05,Email,US,variant
ORD-009171,2024-08-12,CUST-00568,cust-00568@lumenmail.com,Décor,1,33.69,0.15,Organic,CA,
ORD-004822,2023-07-17,CUST-01511,cust-01511@lumenmail.com,Lighting,3,14.31,0.05,Social,US,control
ORD-004469,2023-08-01,CUST-01145,cust-01145@lumenmail.com,Lighting,1,32.39,0.1,Email,UK,control
ORD-003888,2023-11-15,CUST-00169,cust-00169@lumenmail.com,Outdoor,1,117.06,0.05,Email,UK,variant
ORD-002645,2023-11-07,CUST-02066,cust-02066@lumenmail.com,Décor,3,731.58,0.15,Paid Search,US,
ORD-005797,2024-09-30,CUST-02639,cust-02639@lumenmail.com,Lighting,2,65.26,0.1,Email,US,
ORD-006042,2024-04-17,CUST-00222,cust-00222@lumenmail.com,Accessories,1,67.6,0.15,Email,US,
ORD-008387,06/10/2024,,guest@lumenmail.com,Lighting,6,21.01,0.05,Email,US,variant
ORD-008646,2023-11-20,CUST-01177,cust-01177@lumenmail.com,Décor,5,40.29,0.05,Social,US,
ORD-003751,2024-12-27,CUST-00873,cust-00873@lumenmail.com,Lighting,4,82.07,0.1,Organic,US,
ORD-002841,07/10/2023,CUST-02537,cust-02537@lumenmail.com,Outdoor,1,106.27,5.0,Paid Search,US,
ORD-002257,2023-12-31,CUST-01838,cust-01838@lumenmail.com,Lighting,1,81.62,0.0,Paid Search,US,variant
ORD-000469,2024-12-01,CUST-00578,cust-00578@lumenmail.com,Outdoor,2,68.42,0.1,,UK,
ORD-002337,2024-11-22,CUST-01567,cust-01567@lumenmail.com,Outdoor,1,39.62,0.1,Paid Search,US,
ORD-005867,2024-08-20,CUST-02370,cust-02370@lumenmail.com,Furniture,1,387.82,0.1,Organic,UK,
ORD-006790,2024-05-26,CUST-00234,cust-00234@lumenmail.com,Furniture,2,43.01,0.1,Email,US,variant
ORD-003413,02/10/2024,CUST-00700,cust-00700@lumenmail.com,Outdoor,3,195.77,0.25,Organic,UK,
ORD-008018,2024-09-03,CUST-00416,cust-00416@lumenmail.com,Furniture,-1,41.11,0.05,Email,UK,variant
ORD-001982,2023-07-16,CUST-02473,cust-02473@lumenmail.com,Décor,1,182.58,0.0,Email,US,
ORD-007707,2023-10-22,CUST-00440,cust-00440@lumenmail.com,Lighting,1,104.09,0.0,Organic,UK,
ORD-008223,2024-03-26,CUST-00587,cust-00587@lumenmail.com,Décor,2,49.89,0.0,Social,US,control
ORD-001757,2023-12-01,CUST-02290,cust-02290@lumenmail.com,Lighting,-1,421.17,0.1,Organic,UK,
ORD-006835,2024-11-24,CUST-00209,cust-00209@lumenmail.com,Lighting,3,46.04,0.05,Social,CA,control
ORD-002029,2023-07-20,CUST-02765,cust-02765@lumenmail.com,Décor,1,179.77,0.0,Paid Search,CA,control
ORD-005652,2023-10-08,CUST-00421,cust-00421@lumenmail.com,Furniture,2,58.25,15.0,Paid Search,UK,
ORD-002327,2023-11-15,CUST-01003,cust-01003@lumenmail.com,Furniture,4,79.85,0.0,Social,US,control
ORD-003716,2023-07-25,CUST-02269,cust-02269@lumenmail.com,Lightng,3,174.38,0.2,Email,UK,variant
ORD-003381,2024-06-25,CUST-02956,cust-02956@lumenmail.com,Lighting,1,92.82,0.0,Paid Search,US,
ORD-008380,2024-10-15,CUST-00279,cust-00279@lumenmail.com,Décor,3,755.16,0.1,Paid Search,US,
ORD-009009,2023-12-24,CUST-02306,cust-02306@lumenmail.com,Décor,2,46.36,0.0,Email,US,control
ORD-001233,2024-02-09,CUST-01195,cust-01195@lumenmail.com,Furniture,1,61.07,0.0,Paid Search,US,
ORD-005071,2024-09-30,CUST-02761,cust-02761@lumenmail.com,Outdoor,3,31.59,0.0,Organic,US,control
ORD-003511,,CUST-02416,cust-02416@lumenmail.com,Furniture,3,255.87,0.0,Paid Search,US,control
ORD-009349,2023-06-17,CUST-00812,cust-00812@lumenmail.com,Furniture,1,87.09,0.1,Social,UK,control
ORD-001430,06/02/2024,CUST-01582,cust-01582@lumenmail.com,Furniture,1,27.15,0.0,Social,US,variant
ORD-003272,2023-08-17,CUST-00128,cust-00128@lumenmail.com,Lighting,1,13.32,10.0,Organic,US,control
ORD-004725,30/11/2024,CUST-02574,cust-02574@lumenmail.com,Décor,3,94.74,0.0,Email,US,variant
ORD-004329,2024-04-25,CUST-02970,cust-02970@lumenmail.com,Lighting,2,150.0,0.2,Social,US,
ORD-002729,2024-12-09,CUST-00504,cust-00504@lumenmail.com,Outdoor,1,126.57,0.0,Paid Search,ZZ,
ORD-001921,09/09/2024,,guest@lumenmail.com,Décor,1,173.41,0.05,Social,US,
ORD-001652,2024-07-21,CUST-02402,cust-02402@lumenmail.com,Accessories,2,79.7,15.0,Email,US,control
ORD-005526,2023-08-14,CUST-01514,cust-01514@lumenmail.com,Accessories,2,12.41,0.2,Email,US,
ORD-006270,12/09/2024,CUST-00362,cust-00362@lumenmail.com,Décor,1,90.94,0.0,Email,AU,variant
ORD-007219,2024-12-30,CUST-00597,cust-00597@lumenmail.com,Décor,1,33.86,0.05,Email,US,control
ORD-000709,2024-12-17,CUST-00798,cust-00798@lumenmail.com,Outdoor,1,188.1,0.0,Email,UK,control
ORD-007989,2024-10-21,CUST-01708,cust-01708@lumenmail.com,Décor,2,89.74,0.1,Paid Search,US,variant
ORD-006721,2024-11-19,CUST-02657,cust-02657@lumenmail.com,Lighting,2,24.94,0.1,Social,US,control
ORD-003317,21/08/2023,CUST-01772,cust-01772@lumenmail.com,Décor,1,179.46,5.0,Social,US,variant
ORD-000578,2024-06-25,CUST-01022,cust-01022@lumenmail.com,Lighting,1,70.5,0.0,Email,US,
ORD-001979,2024-08-15,CUST-00783,cust-00783@lumenmail.com,Outdoor,2,90.61,0.15,Paid Search,US,
ORD-002185,2023-09-09,CUST-00339,cust-00339@lumenmail.com,Décor,1,61.41,0.0,,US,
ORD-004983,22/07/2024,CUST-01551,cust-01551@lumenmail.com,Lighting,1,158.79,0.15,Email,US,variant
ORD-006592,2023-09-15,CUST-02073,cust-02073@lumenmail.com,Lighting,1,32.74,0.15,Organic,US,control
ORD-002104,2024-06-25,CUST-02443,cust-02443@lumenmail.com,Furniture,2,367.87,0.1,Email,US,
ORD-001348,2024-09-16,CUST-01369,cust-01369@lumenmail.com,Lighting,1,81.9,0.0,Organic,US,variant
ORD-003961,2024-04-02,CUST-00544,cust-00544@lumenmail.com,Lighting,1,17.32,0.1,Social,US,
ORD-003964,2023-11-11,CUST-02859,cust-02859@lumenmail.com,Outdoor,1,61.44,0.05,Paid Search,US,variant
ORD-002150,15/04/2024,CUST-01831,cust-01831@lumenmail.com,Décor,3,43.94,0.0,Paid Search,CA,
ORD-008344,2023-06-04,CUST-02702,cust-02702@lumenmail.com,Lighting,1,183.13,0.2,Email,US,variant
ORD-004979,2024-01-27,CUST-02363,cust-02363@lumenmail.com,Décor,1,108.61,0.1,Email,US,variant
ORD-006026,2023-09-28,CUST-01457,cust-01457@lumenmail.com,Furniture,4,20.72,0.0,Organic,US,variant
ORD-003034,2023-11-25,CUST-02702,cust-02702@lumenmail.com,Lighting,1,43.33,0.0,Social,UK,variant
ORD-006435,2024-08-01,CUST-00119,cust-00119@lumenmail.com,Furniture,1,347.72,0.2,Paid Search,ZZ,
ORD-003153,2024-12-01,CUST-00743,cust-00743@lumenmail.com,Lighting,2,162.86,20.0,Email,US,
ORD-002704,2024-12-20,CUST-02067,cust-02067@lumenmail.com,Furniture,1,31.72,0.1,Paid Search,US,variant
ORD-001372,2024-12-29,CUST-02270,cust-02270@lumenmail.com,Furniture,1,169.53,0.0,Paid Search,US,control
ORD-005274,2023-10-30,CUST-02641,cust-02641@lumenmail.com,Lighting,1,773.94,0.05,Email,US,control
ORD-005378,2024-08-08,CUST-00196,cust-00196@lumenmail.com,Furniture,2,13.66,5.0,Paid Search,US,control
ORD-007203,15/01/2024,CUST-02475,cust-02475@lumenmail.com,Décor,1,52.09,0.1,Organic,CA,control
ORD-004232,2024-04-23,CUST-02814,cust-02814@lumenmail.com,Lighting,2,25.87,0.2,Paid Search,US,variant
ORD-008801,29/08/2024,CUST-01582,cust-01582@lumenmail.com,Furniture,5,160.86,0.0,Paid Search,US,variant
ORD-001538,2024-07-06,CUST-02919,cust-02919@lumenmail.com,Accessories,3,65.65,10.0,Email,US,
ORD-001918,2023-11-11,CUST-01134,cust-01134@lumenmail.com,Furniture,4,16.64,0.1,Paid Search,US,control
ORD-008486,2024-08-02,CUST-01218,cust-01218@lumenmail.com,Accessories,2,339.01,0.0,Social,CA,variant
ORD-009488,2024-03-06,CUST-00180,cust-00180@lumenmail.com,Décor,3,111.52,0.05,Organic,UK,
ORD-006258,2023-10-09,CUST-02716,cust-02716@lumenmail.com,Décor,3,20.64,0.05,Social,US,control
ORD-000232,2024-05-29,,guest@lumenmail.com,Décor,1,7.55,0.0,,US,control
ORD-003130,2023-11-18,CUST-02498,cust-02498@lumenmail.com,Lighting,3,170.32,0.0,Paid Search,US,
ORD-005863,2023-06-20,CUST-02695,cust-02695@lumenmail.com,Outdoor,1,35.55,0.05,Email,US,variant
ORD-002146,2024-10-25,CUST-02254,cust-02254@lumenmail.com,Lighting,1,44.86,0.0,Paid Search,US,control
ORD-003893,2023-12-16,CUST-02895,cust-02895@lumenmail.com,Décor,5,29.9,0.0,Social,US,
ORD-001614,2024-07-17,CUST-00926,cust-00926@lumenmail.com,Lighting,1,20.98,0.05,Email,US,control
ORD-005673,2024-07-03,CUST-01775,cust-01775@lumenmail.com,lighting,3,62.68,0.1,Organic,US,
ORD-009543,2023-06-08,CUST-01109,cust-01109@lumenmail.com,Décor,1,23.6,0.0,Email,US,
ORD-004303,2023-10-24,CUST-00790,cust-00790@lumenmail.com,Décor,4,40.76,25.0,,US,variant
ORD-000717,2024-11-14,,guest@lumenmail.com,Furniture,1,50.35,0.05,Paid Search,US,variant
ORD-008267,08/12/2024,CUST-00837,cust-00837@lumenmail.com,Accessories,2,99.53,0.2,Email,US,control
ORD-003450,2024-05-03,CUST-00468,cust-00468@lumenmail.com,Furniture,3,67.23,0.05,Paid Search,US,variant
ORD-006132,2023-06-25,CUST-02197,cust-02197@lumenmail.com,Furniture,5,41.51,0.0,Email,CA,control
ORD-003745,2024-10-05,CUST-00463,cust-00463@lumenmail.com,Lightng,1,164.63,0.25,Paid Search,US,control
ORD-004508,2024-06-01,CUST-01179,cust-01179@lumenmail.com,Décor,5,247.01,0.2,Organic,UK,control
ORD-006627,2023-12-28,CUST-01315,cust-01315@lumenmail.com,Décor,1,33.08,0.0,Email,AU,variant
ORD-008063,2024-11-21,CUST-01072,cust-01072@lumenmail.com,Lighting,2,60.35,0.0,Social,CA,
ORD-002320,27/09/2024,CUST-02516,cust-02516@lumenmail.com,Décor,2,62.05,0.0,Organic,CA,
ORD-003657,2023-11-05,CUST-01526,cust-01526@lumenmail.com,Décor,1,71.01,0.05,Paid Search,CA,control
ORD-008681,2023-09-19,CUST-02186,cust-02186@lumenmail.com,Décor,1,5.99,0.05,Paid Search,US,variant
ORD-000264,2024-03-26,CUST-00501,cust-00501@lumenmail.com,Décor,1,317.16,0.15,Paid Search,CA,control
ORD-006459,,CUST-02775,cust-02775@lumenmail.com,Décor,2,361.47,0.0,Email,US,variant
ORD-005629,2024-02-22,CUST-01538,cust-01538@lumenmail.com,Décor,2,84.27,0.05,Email,US,variant
ORD-005263,19/04/2024,CUST-01673,cust-01673@lumenmail.com,Outdoor,2,53.25,0.05,Email,US,control
ORD-006202,2023-06-17,CUST-00328,cust-00328@lumenmail.com,Décor,6,99.28,0.0,Social,US,variant
ORD-004958,2024-09-26,CUST-02860,cust-02860@lumenmail.com,Accessories,5,14.53,0.0,Organic,US,
ORD-007667,2024-01-26,CUST-01592,cust-01592@lumenmail.com,Furniture,2,192.86,5.0,Social,US,variant
ORD-002806,2023-09-16,CUST-01684,cust-01684@lumenmail.com,Accessories,2,427.32,0.0,Organic,UK,
ORD-009307,2024-10-29,CUST-00491,cust-00491@lumenmail.com,Décor,1,121.15,0.1,Paid Search,UK,variant
ORD-001184,2024-06-29,CUST-02600,cust-02600@lumenmail.com,Lighting,2,0.0,0.0,Organic,US,
ORD-004563,2023-12-09,,guest@lumenmail.com,Décor,2,26.18,0.1,Email,CA,control
ORD-007574,12/09/2023,CUST-02253,cust-02253@lumenmail.com,Accessories,1,116.27,0.0,Organic,US,variant
ORD-003095,2023-10-26,,guest@lumenmail.com,Décor,1,377.85,0.05,Paid Search,UK,
ORD-000117,2024-05-17,CUST-00812,cust-00812@lumenmail.com,Outdoor,2,129.92,0.05,Social,CA,
ORD-002419,2024-05-13,CUST-00263,cust-00263@lumenmail.com,Outdoor,2,466.79,0.0,Social,US,control
ORD-007895,2024-01-07,,guest@lumenmail.com,Décor,5,27.0,0.0,Email,US,variant
ORD-004194,2023-08-21,CUST-00155,cust-00155@lumenmail.com,Lighting,2,50.02,0.2,Paid Search,US,control
ORD-004693,2024-02-23,CUST-00395,cust-00395@lumenmail.com,Décor,2,119.04,0.1,Email,US,variant
ORD-005832,11/04/2024,CUST-00057,cust-00057@lumenmail.com,Furniture,3,381.9,0.0,Organic,US,variant
ORD-002394,2024-08-14,CUST-01208,cust-01208@lumenmail.com,Décor,1,640.27,0.0,Organic,UK,
ORD-004072,19/10/2024,CUST-01568,cust-01568@lumenmail.com,Décor,1,31.79,0.0,Paid Search,UK,
ORD-007027,2024-10-07,CUST-01220,cust-01220@lumenmail.com,Lighting,1,43.03,0.0,Organic,US,
ORD-000675,2024-02-12,CUST-01918,cust-01918@lumenmail.com,Lighting,3,47.24,0.1,Email,CA,
ORD-000916,2023-11-20,CUST-02475,cust-02475@lumenmail.com,Lighting,1,202.19,0.0,Paid Search,AU,control
ORD-008347,2024-07-19,CUST-02003,cust-02003@lumenmail.com,Lighting,3,142.22,0.0,Email,US,
ORD-007997,2023-09-14,CUST-02523,cust-02523@lumenmail.com,Lighting,1,238.2,0.2,Email,US,control
ORD-003849,2024-02-01,,guest@lumenmail.com,Lighting,1,43.26,0.0,Email,US,
ORD-005714,2023-06-15,CUST-02003,cust-02003@lumenmail.com,Lighting,1,75.49,0.1,Email,US,variant
ORD-007580,2023-10-30,CUST-02927,cust-02927@lumenmail.com,Furniture,6,217.73,0.0,Paid Search,US,
ORD-000185,2023-12-15,CUST-02933,cust-02933@lumenmail.com,Décor,5,341.02,15.0,Paid Search,US,variant
ORD-006968,2023-07-14,CUST-02345,cust-02345@lumenmail.com,Outdoor,3,233.48,0.0,Paid Search,US,
ORD-000186,2023-10-21,CUST-00163,cust-00163@lumenmail.com,Lighting,1,99.16,0.25,Email,US,control
ORD-009159,2024-03-25,,guest@lumenmail.com,Furniture,2,98.97,0.1,Email,US,variant
ORD-006781,2024-02-01,CUST-00718,cust-00718@lumenmail.com,Outdoor,2,58.85,0.1,Organic,CA,control
ORD-001263,2024-10-05,CUST-00296,cust-00296@lumenmail.com,Lighting,1,45.36,0.0,Email,AU,control
ORD-006190,2023-08-10,CUST-00354,cust-00354@lumenmail.com,Décor,2,713.89,0.0,Paid Search,US,
ORD-008383,2024-04-15,CUST-00640,cust-00640@lumenmail.com,Outdoor,4,43.65,0.15,Social,CA,variant
ORD-003963,2024-08-20,CUST-01527,cust-01527@lumenmail.com,Furniture,2,63.91,0.15,Organic,US,
ORD-001015,03/08/2024,CUST-02597,cust-02597@lumenmail.com,Accessories,3,27.79,0.05,Email,UK,variant
ORD-008224,2023-09-04,CUST-01490,cust-01490@lumenmail.com,Outdoor,1,179.93,0.05,Organic,US,variant
ORD-007900,2024-07-09,CUST-01891,cust-01891@lumenmail.com,Lighting,1,689.71,0.0,Paid Search,US,variant
ORD-000246,2023-07-10,CUST-02024,cust-02024@lumenmail.com,Lighting,2,287.31,0.2,Organic,US,control
ORD-005181,2024-08-16,CUST-02207,cust-02207@lumenmail.com,Décor,3,607.2,0.1,Social,US,variant
ORD-007012,16/12/2024,CUST-02169,cust-02169@lumenmail.com,Lighting,4,9.84,0.05,Email,US,control
ORD-003412,02/12/2023,CUST-00221,cust-00221@lumenmail.com,Furniture,1,12.88,10.0,Social,UK,variant
ORD-000358,2024-09-11,CUST-00875,cust-00875@lumenmail.com,Furniture,-1,93.02,0.0,Paid Search,US,
ORD-001278,2023-12-12,CUST-01808,cust-01808@lumenmail.com,Lighting,1,288.34,0.0,Social,CA,
ORD-008659,2024-09-17,CUST-02079,cust-02079@lumenmail.com,Lighting,2,21.54,0.0,Social,CA,variant
ORD-000485,2023-09-26,CUST-02336,cust-02336@lumenmail.com,Furniture,2,638.4,0.15,Social,US,variant
ORD-001650,2024-11-22,CUST-02435,cust-02435@lumenmail.com,Lighting,1,508.38,0.0,Email,US,variant
ORD-000250,2024-04-14,CUST-01477,cust-01477@lumenmail.com,Furniture,1,62.86,0.1,Email,US,control
ORD-008110,2024-11-08,CUST-01512,cust-01512@lumenmail.com,Lighting,1,180.11,0.1,Social,ZZ,
ORD-009341,2024-11-07,CUST-00804,cust-00804@lumenmail.com,Accessories,1,45.55,0.05,Organic,US,control
ORD-001814,2024-05-20,,guest@lumenmail.com,Lighting,1,21.71,0.0,Email,US,control
ORD-004479,2024-10-03,CUST-01218,cust-01218@lumenmail.com,Lighting,1,165.79,0.2,Social,US,control
ORD-001635,12/09/2023,CUST-00442,cust-00442@lumenmail.com,Outdoor,5,6.35,0.0,Email,US,control
ORD-006056,20/11/2023,CUST-02617,cust-02617@lumenmail.com,Lighting,1,12.8,0.0,Organic,US,
ORD-007907,2023-08-26,CUST-02108,cust-02108@lumenmail.com,Outdoor,3,138.78,0.0,Email,US,variant
ORD-004299,2024-07-31,CUST-02685,cust-02685@lumenmail.com,Décor,2,23.09,0.15,Paid Search,US,
ORD-005854,2024-10-09,CUST-01670,cust-01670@lumenmail.com,Furniture,2,17.89,0.05,Paid Search,US,
ORD-006209,2024-11-29,CUST-02999,cust-02999@lumenmail.com,Lighting,2,98.7,0.1,Paid Search,US,control
ORD-007727,2024-02-20,CUST-00748,cust-00748@lumenmail.com,Décor,3,36.67,0.0,Paid Search,US,
ORD-002681,2024-06-09,CUST-00311,cust-00311@lumenmail.com,Décor,2,42.48,0.1,Paid Search,UK,
ORD-008348,2023-09-05,CUST-01435,cust-01435@lumenmail.com,Décor,2,18.62,0.0,Organic,US,
ORD-000390,13/05/2024,CUST-00636,cust-00636@lumenmail.com,Accessories,1,0.0,0.05,Paid Search,US,
ORD-002828,2024-08-03,CUST-02743,cust-02743@lumenmail.com,Décor,4,137.17,0.0,Paid Search,US,variant
ORD-009096,2023-10-20,CUST-02346,cust-02346@lumenmail.com,Accessories,1,309.42,0.0,Organic,US,control
ORD-000148,26/04/2024,CUST-00622,cust-00622@lumenmail.com,Furniture,3,41.06,0.0,Paid Search,US,
ORD-000851,2023-10-04,CUST-00965,cust-00965@lumenmail.com,Lighting,2,31.35,15.0,Paid Search,US,control
ORD-002214,2024-10-12,CUST-02524,cust-02524@lumenmail.com,Lighting,2,21.9,0.0,Organic,US,variant
ORD-001717,2024-11-18,CUST-02908,cust-02908@lumenmail.com,Furniture,1,83.14,0.0,Paid Search,US,variant
ORD-006874,2023-07-26,CUST-01485,cust-01485@lumenmail.com,Lightng,1,87.06,20.0,Organic,US,
ORD-002158,2023-11-19,CUST-00886,cust-00886@lumenmail.com,Outdoor,1,164.42,0.2,Paid Search,US,control
ORD-005051,2024-02-27,CUST-01379,cust-01379@lumenmail.com,Furniture,7,7.23,0.05,Paid Search,ZZ,
ORD-007050,2023-11-05,CUST-00685,cust-00685@lumenmail.com,Lighting,2,93.48,0.05,Paid Search,US,control
ORD-004056,2024-12-27,CUST-01843,cust-01843@lumenmail.com,Décor,1,86.49,0.0,Paid Search,US,variant
ORD-006416,13/06/2023,CUST-01289,cust-01289@lumenmail.com,Furniture,4,798.28,0.05,Email,US,
ORD-005022,2024-10-19,CUST-01892,cust-01892@lumenmail.com,Lighting,2,377.68,0.15,Organic,US,
ORD-004240,2024-04-30,CUST-00487,cust-00487@lumenmail.com,Furniture,5,153.19,0.2,Organic,UK,control
ORD-006386,2024-03-21,CUST-02323,cust-02323@lumenmail.com,Accessories,1,90.39,0.0,Social,US,variant
ORD-007817,17/08/2024,CUST-00380,cust-00380@lumenmail.com,Lighting,3,163.55,0.1,Paid Search,US,control
ORD-003011,2024-07-15,CUST-00371,cust-00371@lumenmail.com,Décor,4,20.52,0.1,Email,US,control
ORD-008207,31/07/2023,CUST-02581,cust-02581@lumenmail.com,Accessories,1,0.0,0.05,Email,US,control
ORD-005963,16/11/2023,CUST-00798,cust-00798@lumenmail.com,Décor,5,690.84,0.25,Paid Search,US,
ORD-000353,18/09/2023,CUST-01093,cust-01093@lumenmail.com,Furniture,4,141.91,0.15,Paid Search,US,control
ORD-005473,23/10/2023,CUST-00840,cust-00840@lumenmail.com,Lighting,4,168.19,0.0,Email,CA,variant
ORD-004959,2024-09-07,CUST-00818,cust-00818@lumenmail.com,Furniture,3,49.91,0.0,Email,UK,control
ORD-000397,2023-11-15,CUST-01117,cust-01117@lumenmail.com,Furniture,2,81.79,0.05,Email,US,
ORD-008848,2024-08-19,CUST-02493,cust-02493@lumenmail.com,Décor,-1,299.16,0.2,Email,US,control
ORD-006870,2024-07-20,CUST-00965,cust-00965@lumenmail.com,Accessories,5,8.16,0.0,Paid Search,AU,control
ORD-004108,31/07/2023,CUST-02034,cust-02034@lumenmail.com,Décor,2,23.73,0.0,,US,
ORD-000836,2024-11-13,CUST-02936,cust-02936@lumenmail.com,Accessories,2,281.53,0.1,Social,US,variant
ORD-004078,2024-06-06,CUST-02422,cust-02422@lumenmail.com,Accessories,2,35.47,0.0,Organic,CA,
ORD-006330,2023-12-07,CUST-02730,cust-02730@lumenmail.com,Furniture,4,47.41,0.0,Email,US,
ORD-006507,2024-11-22,CUST-00765,cust-00765@lumenmail.com,Lighting,3,92.42,0.05,Paid Search,US,
ORD-000214,2024-09-21,CUST-00970,cust-00970@lumenmail.com,Décor,1,57.34,0.0,Paid Search,UK,
ORD-004816,2023-12-24,CUST-01047,cust-01047@lumenmail.com,Lighting,4,649.8,0.05,Email,US,
ORD-008822,20/04/2024,CUST-01546,cust-01546@lumenmail.com,Furniture,1,37.82,0.0,Email,CA,
ORD-003833,2024-08-24,CUST-02780,cust-02780@lumenmail.com,Décor,5,319.42,0.1,Email,US,
ORD-007241,2024-12-17,CUST-02948,cust-02948@lumenmail.com,Lighting,1,26.59,0.1,Social,UK,
ORD-003391,2024-01-30,CUST-00860,cust-00860@lumenmail.com,Furniture,1,27.47,0.0,Paid Search,US,control
ORD-008225,2024-02-18,CUST-01083,cust-01083@lumenmail.com,Furniture,2,82.15,0.0,Paid Search,US,control
ORD-000266,2024-09-30,CUST-01265,cust-01265@lumenmail.com,Lighting,1,602.89,0.0,Email,US,
ORD-005048,2024-01-13,CUST-02322,cust-02322@lumenmail.com,Décor,1,77.65,0.1,Email,US,control
ORD-007600,31/05/2024,CUST-01552,cust-01552@lumenmail.com,Décor,1,77.2,0.0,Email,AU,variant
ORD-003708,2023-09-26,CUST-02400,cust-02400@lumenmail.com,Décor,2,32.39,0.1,Organic,US,control
ORD-003052,2024-07-31,,guest@lumenmail.com,Furniture,1,30.07,0.0,Organic,US,control
ORD-003036,15/02/2024,CUST-02559,cust-02559@lumenmail.com,Furniture,2,53.0,0.0,Email,CA,
ORD-006517,2023-10-07,,guest@lumenmail.com,Lighting,1,171.81,0.0,Email,US,control
ORD-000498,2023-10-06,CUST-02394,cust-02394@lumenmail.com,Outdoor,1,16.06,0.0,Email,US,
ORD-001730,2024-06-14,CUST-02885,cust-02885@lumenmail.com,Lighting,1,35.29,0.05,Email,US,
ORD-000115,2024-09-08,CUST-00284,cust-00284@lumenmail.com,Lighting,-2,127.13,15.0,Paid Search,US,variant
ORD-008974,2023-10-15,CUST-01116,cust-01116@lumenmail.com,Outdoor,2,188.84,0.0,Social,ZZ,control
ORD-001805,2024-03-08,CUST-00930,cust-00930@lumenmail.com,Accessories,5,192.97,0.05,Paid Search,US,control
ORD-001291,02/08/2024,CUST-02624,cust-02624@lumenmail.com,Furniture,1,28.32,0.05,Organic,CA,variant
ORD-003225,01/07/2024,CUST-01620,cust-01620@lumenmail.com,Furniture,1,131.2,0.0,Organic,US,variant
ORD-007490,2024-01-04,CUST-00499,cust-00499@lumenmail.com,Outdoor,1,196.52,0.15,Paid Search,US,variant
ORD-008412,14/05/2024,CUST-01427,cust-01427@lumenmail.com,lighting,3,165.22,0.05,Social,US,
ORD-002930,2024-02-09,CUST-01187,cust-01187@lumenmail.com,Outdoor,1,12.13,0.05,Paid Search,US,variant
ORD-009092,2023-07-17,CUST-02344,cust-02344@lumenmail.com,Lighting,4,0.0,0.1,Paid Search,UK,variant
ORD-002051,2023-12-30,CUST-00775,cust-00775@lumenmail.com,Outdoor,1,32.25,0.0,Organic,US,
ORD-004154,2024-01-02,CUST-02560,cust-02560@lumenmail.com,Furniture,2,94.11,0.1,Organic,US,
ORD-006439,2023-10-01,CUST-02198,cust-02198@lumenmail.com,Lighting,2,28.63,0.2,Organic,CA,control
ORD-001630,2023-07-19,CUST-00929,cust-00929@lumenmail.com,Furniture,2,26.39,0.0,Paid Search,US,variant
ORD-003677,2023-11-04,CUST-02475,cust-02475@lumenmail.com,Accessories,3,187.51,0.0,Organic,US,
ORD-001704,2024-03-13,CUST-01904,cust-01904@lumenmail.com,Décor,7,24.0,0.0,,US,
ORD-004540,2024-12-29,CUST-01417,cust-01417@lumenmail.com,Lighting,5,438.45,0.05,Social,US,
ORD-000738,2024-12-16,CUST-01568,cust-01568@lumenmail.com,Décor,2,378.05,0.0,Email,CA,
ORD-004765,2024-12-03,,guest@lumenmail.com,Décor,1,167.55,0.1,Paid Search,UK,variant
ORD-005930,2023-11-02,CUST-02129,cust-02129@lumenmail.com,Décor,2,64.45,0.0,Email,CA,variant
ORD-000105,13/12/2024,CUST-00531,cust-00531@lumenmail.com,Décor,1,321.05,0.05,Email,CA,control
ORD-009166,2024-11-03,CUST-01319,cust-01319@lumenmail.com,Lighting,2,11.24,0.15,Email,UK,
ORD-005870,2024-10-30,,guest@lumenmail.com,Furniture,2,520.62,0.25,Paid Search,US,control
ORD-000152,17/08/2023,,guest@lumenmail.com,Décor,1,195.2,0.0,Email,US,variant
ORD-005889,2023-10-02,CUST-00531,cust-00531@lumenmail.com,Lighting,3,54.42,0.0,Email,ZZ,variant
ORD-007623,2024-06-03,CUST-01438,cust-01438@lumenmail.com,Furniture,1,11.04,20.0,Email,US,
ORD-004211,09/11/2024,CUST-01102,cust-01102@lumenmail.com,Lighting,-1,13.66,0.0,,US,control
ORD-005468,2024-04-12,CUST-02789,cust-02789@lumenmail.com,Décor,1,107.46,0.0,Email,AU,
ORD-001685,2024-10-26,CUST-00485,cust-00485@lumenmail.com,Lighting,2,106.8,0.1,Organic,CA,
ORD-009224,2024-01-13,CUST-00010,cust-00010@lumenmail.com,Lighting,1,153.55,0.15,Social,US,
ORD-001413,26/10/2024,CUST-00560,cust-00560@lumenmail.com,Furniture,2,184.69,20.0,Email,US,
ORD-001340,2024-08-15,CUST-01593,cust-01593@lumenmail.com,Lighting,7,88.09,0.2,Email,US,variant
ORD-000739,2023-07-21,CUST-00390,cust-00390@lumenmail.com,Lighting,3,146.4,0.05,Organic,US,
ORD-000666,2024-10-22,CUST-01590,cust-01590@lumenmail.com,Lighting,1,31.61,0.05,Organic,CA,
ORD-008726,11/10/2023,CUST-02830,cust-02830@lumenmail.com,Lighting,2,12.68,0.1,Organic,US,
ORD-004422,2024-05-21,CUST-00572,cust-00572@lumenmail.com,Accessories,1,654.37,0.0,Email,UK,variant
ORD-001995,2024-01-31,CUST-00011,cust-00011@lumenmail.com,Lighting,1,93.05,0.05,Paid Search,US,
ORD-008513,2024-11-17,,guest@lumenmail.com,Lighting,1,92.06,0.0,Email,US,variant
ORD-001355,2024-02-08,,guest@lumenmail.com,Décor,2,37.05,0.0,Paid Search,US,
ORD-007440,2023-09-02,CUST-00080,cust-00080@lumenmail.com,Lighting,3,286.7,0.0,Paid Search,US,
ORD-007435,2024-04-26,CUST-02194,cust-02194@lumenmail.com,lighting,3,165.71,15.0,Organic,UK,
ORD-000330,31/08/2024,CUST-02711,cust-02711@lumenmail.com,Lighting,1,96.22,0.2,Email,UK,
ORD-001968,2023-08-21,CUST-00135,cust-00135@lumenmail.com,Lighting,4,77.85,0.0,Paid Search,US,
ORD-001858,2024-08-13,CUST-01069,cust-01069@lumenmail.com,Furniture,1,81.57,0.15,Paid Search,US,variant
ORD-002069,2023-07-15,CUST-02317,cust-02317@lumenmail.com,Décor,1,94.43,0.1,Organic,US,
ORD-000331,2024-03-03,CUST-01060,cust-01060@lumenmail.com,Décor,7,135.04,0.05,Social,US,control
ORD-001342,2024-06-29,CUST-02471,cust-02471@lumenmail.com,Décor,2,17.61,0.05,Organic,UK,
ORD-000425,2024-12-09,CUST-00658,cust-00658@lumenmail.com,Décor,1,336.53,0.0,Paid Search,US,
ORD-005453,2023-08-03,CUST-00105,cust-00105@lumenmail.com,Outdoor,1,21.34,0.2,Social,US,
ORD-007337,2023-12-10,CUST-02370,cust-02370@lumenmail.com,Décor,1,28.25,0.0,Paid Search,UK,
ORD-004435,2024-07-23,CUST-01531,cust-01531@lumenmail.com,Furniture,1,49.66,0.0,Social,US,
ORD-001897,2023-10-15,CUST-02418,cust-02418@lumenmail.com,lighting,3,154.95,0.05,Organic,CA,variant
ORD-004581,26/06/2023,CUST-00192,cust-00192@lumenmail.com,Accessories,1,384.29,0.0,Paid Search,CA,
ORD-007511,2024-06-26,CUST-00456,cust-00456@lumenmail.com,Lighting,-4,27.66,0.15,Social,US,
ORD-006805,2023-11-19,CUST-02935,cust-02935@lumenmail.com,Furniture,2,140.93,0.15,Organic,AU,control
ORD-005649,2024-09-04,,guest@lumenmail.com,Lighting,2,13.28,5.0,Organic,US,
ORD-004496,19/07/2023,CUST-01975,cust-01975@lumenmail.com,Décor,1,121.54,0.05,Social,US,control
ORD-006958,01/01/2024,CUST-00325,cust-00325@lumenmail.com,Lighting,4,74.28,0.0,Social,US,
ORD-008279,25/12/2024,CUST-00707,cust-00707@lumenmail.com,Lighting,4,793.54,0.15,Paid Search,US,control
ORD-009597,2023-06-20,CUST-01835,cust-01835@lumenmail.com,Lighting,1,41.68,0.05,Paid Search,AU,control
ORD-008799,2024-12-13,,guest@lumenmail.com,Décor,1,182.72,0.0,Paid Search,US,variant
ORD-005766,2024-12-14,CUST-02180,cust-02180@lumenmail.com,Furniture,1,62.76,0.05,Organic,US,variant
ORD-007628,31/07/2023,CUST-00860,cust-00860@lumenmail.com,Furniture,2,259.24,0.1,Email,AU,variant
ORD-002122,2023-06-30,CUST-02981,cust-02981@lumenmail.com,Furniture,1,788.04,0.05,Email,US,control
ORD-003389,2024-02-21,CUST-02417,cust-02417@lumenmail.com,Lighting,1,95.47,0.0,Paid Search,US,
ORD-001643,25/07/2024,,guest@lumenmail.com,Furniture,2,10.42,0.0,Paid Search,US,control
ORD-003404,2024-01-02,CUST-01666,cust-01666@lumenmail.com,Décor,2,91.26,0.0,Organic,US,control
ORD-007843,2023-07-02,CUST-00373,cust-00373@lumenmail.com,Décor,2,22.55,0.0,Paid Search,UK,
ORD-004507,25/06/2024,CUST-02248,cust-02248@lumenmail.com,Décor,2,213.61,0.0,Paid Search,AU,control
ORD-004217,2024-06-06,CUST-00654,cust-00654@lumenmail.com,Lighting,2,9.35,0.15,Email,US,variant
ORD-008226,2024-09-23,CUST-01983,cust-01983@lumenmail.com,Décor,1,26.21,0.0,Paid Search,US,control
ORD-001951,2023-12-24,CUST-01187,cust-01187@lumenmail.com,Furniture,1,71.27,0.1,Email,UK,
ORD-003410,17/11/2024,CUST-01477,cust-01477@lumenmail.com,Lighting,2,56.12,0.0,Paid Search,US,control
ORD-005596,20/04/2024,CUST-00339,cust-00339@lumenmail.com,Outdoor,1,76.26,0.1,Email,US,
ORD-002844,2023-10-12,CUST-02107,cust-02107@lumenmail.com,Décor,4,72.41,0.0,Organic,US,
ORD-002297,2024-02-15,CUST-02374,cust-02374@lumenmail.com,Accessories,2,127.19,0.05,Paid Search,ZZ,control
ORD-006655,26/09/2023,CUST-01529,cust-01529@lumenmail.com,Décor,3,79.99,20.0,Email,US,variant
ORD-000620,2023-11-10,CUST-01621,cust-01621@lumenmail.com,Décor,3,784.66,0.1,Organic,UK,control
ORD-002270,2024-12-30,CUST-00516,cust-00516@lumenmail.com,Furniture,5,61.65,15.0,Email,CA,variant
ORD-009433,26/11/2024,CUST-02657,cust-02657@lumenmail.com,Accessories,3,243.81,0.0,Organic,AU,
ORD-001402,2024-01-20,CUST-02521,cust-02521@lumenmail.com,Décor,2,39.88,0.05,Organic,CA,control
ORD-003357,2024-04-24,CUST-01219,cust-01219@lumenmail.com,Outdoor,1,496.98,5.0,Paid Search,US,
ORD-004720,06/06/2023,CUST-02899,cust-02899@lumenmail.com,Outdoor,1,6.68,0.0,Paid Search,US,
ORD-003875,2024-03-03,CUST-00437,cust-00437@lumenmail.com,Lighting,2,160.12,0.0,Email,CA,variant
ORD-003270,2023-12-16,CUST-02071,cust-02071@lumenmail.com,Décor,1,716.48,0.1,Organic,UK,control
ORD-006728,06/05/2024,CUST-00582,cust-00582@lumenmail.com,Lighting,2,142.61,0.2,Social,US,control
ORD-005868,29/09/2023,CUST-01481,cust-01481@lumenmail.com,Décor,2,124.01,0.0,Paid Search,US,control
ORD-000627,2024-07-13,CUST-00567,cust-00567@lumenmail.com,Décor,1,608.73,10.0,Organic,US,
ORD-003531,2024-09-29,CUST-01009,cust-01009@lumenmail.com,Furniture,2,84.33,0.05,Paid Search,US,control
ORD-008468,15/04/2024,CUST-01037,cust-01037@lumenmail.com,Furniture,1,334.06,0.0,Organic,US,control
ORD-001019,2023-12-29,CUST-00893,cust-00893@lumenmail.com,Lighting,2,45.64,5.0,Email,US,control
ORD-006324,2024-03-11,CUST-02854,cust-02854@lumenmail.com,Décor,3,42.93,0.1,Organic,US,control
ORD-007826,2023-11-10,CUST-02476,cust-02476@lumenmail.com,Lighting,3,687.37,0.05,Organic,US,
ORD-005353,2023-09-16,CUST-01577,cust-01577@lumenmail.com,Furniture,1,63.5,0.2,Email,US,control
ORD-007464,2023-06-26,CUST-02333,cust-02333@lumenmail.com,Décor,1,23.67,0.0,Email,US,variant
ORD-003067,2023-06-08,CUST-02098,cust-02098@lumenmail.com,Lighting,1,52.46,0.0,Organic,UK,
ORD-002488,2024-11-13,CUST-01448,cust-01448@lumenmail.com,Décor,3,31.43,0.0,Email,US,
ORD-002499,2024-03-01,CUST-02957,cust-02957@lumenmail.com,Lighting,1,277.03,0.0,Email,US,variant
ORD-008992,2023-06-11,CUST-01337,cust-01337@lumenmail.com,Accessories,1,120.12,0.05,Social,US,variant
ORD-009148,24/12/2024,CUST-02496,cust-02496@lumenmail.com,Furniture,1,142.69,0.05,Paid Search,US,variant
ORD-001327,,CUST-01476,cust-01476@lumenmail.com,lighting,1,48.67,0.2,Email,US,control
ORD-005862,2024-10-19,CUST-02446,cust-02446@lumenmail.com,Lighting,2,27.27,0.15,Paid Search,US,control
ORD-001680,2024-02-10,CUST-01731,cust-01731@lumenmail.com,Lighting,3,81.83,0.05,Paid Search,US,control
ORD-004590,2023-10-30,CUST-02263,cust-02263@lumenmail.com,Accessories,2,181.07,0.0,Social,US,variant
ORD-008182,2024-05-24,CUST-00011,cust-00011@lumenmail.com,Lighting,2,97.73,0.0,Organic,US,variant
ORD-003368,2023-07-21,,guest@lumenmail.com,Accessories,2,375.24,0.0,Organic,US,
ORD-004820,2024-03-11,CUST-02920,cust-02920@lumenmail.com,Décor,1,199.49,0.0,Paid Search,US,variant
ORD-000622,2024-01-21,CUST-01930,cust-01930@lumenmail.com,Décor,1,18.34,0.05,Paid Search,US,variant
ORD-006372,2024-07-12,CUST-01427,cust-01427@lumenmail.com,Outdoor,1,40.06,0.0,Paid Search,CA,
ORD-007247,2023-08-07,CUST-00516,cust-00516@lumenmail.com,Lighting,1,318.68,0.05,Email,CA,control
ORD-000035,2023-10-17,,guest@lumenmail.com,Outdoor,1,23.34,5.0,Paid Search,US,variant
ORD-005095,2024-08-29,CUST-01451,cust-01451@lumenmail.com,Lighting,3,83.07,0.0,Paid Search,US,
ORD-007192,2024-01-13,CUST-00813,cust-00813@lumenmail.com,Lighting,3,25.81,0.05,Organic,US,
ORD-000097,2024-11-03,CUST-01496,cust-01496@lumenmail.com,Accessories,2,30.44,0.1,Email,CA,
ORD-005770,2024-09-28,CUST-01748,cust-01748@lumenmail.com,Outdoor,3,68.5,0.15,Email,US,
ORD-005455,10/03/2024,CUST-01647,cust-01647@lumenmail.com,Lighting,2,8.54,0.0,Paid Search,CA,variant
ORD-001079,2024-07-16,CUST-00306,cust-00306@lumenmail.com,Furniture,1,117.27,0.0,Paid Search,US,control
ORD-007634,2024-09-02,CUST-01755,cust-01755@lumenmail.com,Outdoor,1,224.63,0.0,Email,CA,
ORD-003418,2024-05-15,CUST-00230,cust-00230@lumenmail.com,Lightng,2,724.8,0.0,Organic,US,
ORD-006027,2024-01-04,CUST-00775,cust-00775@lumenmail.com,Lighting,4,10.53,0.0,Paid Search,US,
ORD-009535,08/11/2024,CUST-01722,cust-01722@lumenmail.com,Décor,1,7.49,0.05,Organic,US,
ORD-001103,2024-05-17,CUST-00899,cust-00899@lumenmail.com,Outdoor,2,232.5,0.0,Social,AU,
ORD-008373,2023-08-16,CUST-00569,cust-00569@lumenmail.com,Accessories,2,62.99,0.05,Paid Search,CA,control
ORD-008923,,CUST-02068,cust-02068@lumenmail.com,Décor,2,88.6,0.25,Social,UK,
ORD-001281,2024-08-09,CUST-02619,cust-02619@lumenmail.com,Lighting,1,14.11,0.05,Organic,CA,
ORD-003116,27/03/2024,CUST-00206,cust-00206@lumenmail.com,Décor,2,27.83,0.05,Email,CA,
ORD-008297,2023-12-21,CUST-02455,cust-02455@lumenmail.com,Lighting,1,71.51,0.1,Paid Search,US,control
ORD-006227,2023-08-17,CUST-01967,cust-01967@lumenmail.com,Décor,4,35.87,0.0,Organic,US,control
ORD-003059,2024-03-05,CUST-02780,cust-02780@lumenmail.com,Lighting,2,9.28,0.0,Paid Search,CA,control
ORD-006959,2023-10-30,CUST-02490,cust-02490@lumenmail.com,Furniture,5,148.36,0.0,Email,US,variant
ORD-006694,2024-05-01,CUST-02002,cust-02002@lumenmail.com,Décor,5,26.44,0.2,Organic,US,
ORD-009356,2024-09-21,CUST-02837,cust-02837@lumenmail.com,Accessories,1,31.57,0.05,Paid Search,US,
ORD-001677,2024-07-14,CUST-02018,cust-02018@lumenmail.com,Lighting,2,186.3,0.0,Paid Search,UK,
ORD-002014,2024-10-01,CUST-00987,cust-00987@lumenmail.com,Décor,2,212.59,0.1,Organic,US,control
ORD-008157,2023-12-28,CUST-02879,cust-02879@lumenmail.com,Outdoor,2,71.69,0.0,Social,US,
ORD-008815,2023-12-19,CUST-00682,cust-00682@lumenmail.com,Accessories,5,173.53,0.05,Social,US,
ORD-002459,07/07/2023,CUST-02309,cust-02309@lumenmail.com,Lighting,1,32.01,0.15,Paid Search,US,
ORD-000931,2024-02-16,CUST-01284,cust-01284@lumenmail.com,Lighting,1,10.74,0.0,Organic,AU,
ORD-003242,2024-12-08,CUST-02918,cust-02918@lumenmail.com,Lighting,3,9.2,0.0,Email,US,
ORD-007053,2023-09-17,CUST-00135,cust-00135@lumenmail.com,Décor,1,30.02,0.05,Email,UK,
ORD-007049,2024-06-13,CUST-01670,cust-01670@lumenmail.com,Accessories,1,765.54,0.0,Paid Search,AU,
ORD-002215,2023-07-21,CUST-01464,cust-01464@lumenmail.com,Furniture,2,176.51,0.1,Paid Search,US,control
ORD-000419,2023-10-07,CUST-00282,cust-00282@lumenmail.com,Décor,1,117.2,0.05,Organic,US,
ORD-008483,2024-08-27,CUST-01397,cust-01397@lumenmail.com,lighting,1,376.41,0.05,Organic,US,variant
ORD-007120,2023-12-21,CUST-00781,cust-00781@lumenmail.com,Décor,-4,110.22,0.0,Paid Search,US,variant
ORD-008950,2023-07-18,CUST-00013,cust-00013@lumenmail.com,Outdoor,1,8.44,0.0,Paid Search,US,
ORD-000168,2024-08-04,CUST-02774,cust-02774@lumenmail.com,Lightng,1,8.09,0.2,Paid Search,UK,
ORD-002964,2024-06-30,CUST-01060,cust-01060@lumenmail.com,Outdoor,5,189.37,0.1,Social,US,variant
ORD-005947,2023-12-07,CUST-00844,cust-00844@lumenmail.com,Lighting,3,9.36,0.0,Paid Search,AU,control
ORD-009344,2024-02-01,CUST-02422,cust-02422@lumenmail.com,Furniture,3,46.97,0.05,Email,UK,control
ORD-000133,31/01/2024,CUST-00646,cust-00646@lumenmail.com,Lighting,1,219.56,0.05,Email,CA,variant
ORD-007520,2024-01-19,CUST-01839,cust-01839@lumenmail.com,Lighting,2,31.51,0.2,Paid Search,US,
ORD-003210,2024-02-10,CUST-01952,cust-01952@lumenmail.com,Outdoor,6,45.07,0.1,Organic,CA,control
ORD-005788,15/02/2024,CUST-02833,cust-02833@lumenmail.com,Furniture,-4,188.85,0.0,Organic,US,
ORD-002779,11/11/2023,CUST-01965,cust-01965@lumenmail.com,Décor,3,44.77,0.05,Paid Search,US,
ORD-005794,2024-04-14,CUST-02815,cust-02815@lumenmail.com,Lighting,3,286.71,0.2,,US,variant
ORD-007875,2024-06-07,CUST-02418,cust-02418@lumenmail.com,Lighting,1,38.76,0.1,Paid Search,US,control
ORD-007999,2023-11-14,CUST-01713,cust-01713@lumenmail.com,Furniture,3,12.37,0.2,Email,CA,
ORD-001183,2024-06-29,CUST-02480,cust-02480@lumenmail.com,Décor,2,625.62,0.0,Email,US,
ORD-005994,28/10/2024,CUST-00984,cust-00984@lumenmail.com,Outdoor,2,6.05,0.0,Email,UK,variant
ORD-008253,19/12/2024,CUST-02882,cust-02882@lumenmail.com,Décor,1,360.17,0.15,Paid Search,US,variant
ORD-009209,2024-08-25,CUST-02639,cust-02639@lumenmail.com,Lighting,2,6.87,0.15,Organic,US,control
ORD-001881,2024-07-09,CUST-00211,cust-00211@lumenmail.com,Lighting,1,69.38,0.0,Email,CA,
ORD-004179,2024-04-22,CUST-00833,cust-00833@lumenmail.com,Lighting,1,168.13,0.0,Paid Search,AU,
ORD-006902,2024-05-16,CUST-00637,cust-00637@lumenmail.com,Lighting,1,147.04,0.05,Email,US,
ORD-001657,2024-12-20,CUST-02615,cust-02615@lumenmail.com,Décor,2,102.96,0.25,Email,US,control
ORD-004913,2024-02-21,CUST-01212,cust-01212@lumenmail.com,Lightng,1,85.74,0.1,Paid Search,US,control
ORD-005608,2023-12-07,CUST-02414,cust-02414@lumenmail.com,Décor,2,89.12,0.0,Organic,US,
ORD-008471,2024-01-27,CUST-01628,cust-01628@lumenmail.com,Lighting,2,170.0,15.0,Social,UK,
ORD-005796,2024-06-29,CUST-01158,cust-01158@lumenmail.com,Furniture,1,120.68,0.0,Social,US,variant
ORD-005063,2024-05-30,CUST-02997,cust-02997@lumenmail.com,Décor,1,26.57,0.1,Social,CA,variant
ORD-000767,20/09/2023,CUST-00858,cust-00858@lumenmail.com,Outdoor,1,189.72,10.0,Paid Search,US,control
ORD-002783,2023-09-06,CUST-02052,cust-02052@lumenmail.com,Lighting,1,95.92,0.05,,CA,
ORD-009073,2023-08-28,CUST-01119,cust-01119@lumenmail.com,Lighting,1,150.63,0.1,Email,US,
ORD-003288,2024-12-12,CUST-01522,cust-01522@lumenmail.com,Accessories,1,21.94,0.15,Paid Search,US,
ORD-005390,2023-07-14,CUST-02066,cust-02066@lumenmail.com,Décor,1,193.8,10.0,Email,UK,
ORD-005606,2024-09-25,CUST-02654,cust-02654@lumenmail.com,Décor,2,73.37,0.15,Social,US,variant
ORD-004975,2024-08-13,,guest@lumenmail.com,Décor,1,34.07,10.0,Email,UK,control
ORD-002541,2024-10-21,CUST-00410,cust-00410@lumenmail.com,Lighting,1,194.59,0.0,Organic,CA,control
ORD-006187,2024-10-20,CUST-01356,cust-01356@lumenmail.com,Lighting,2,605.3,0.0,Social,UK,
ORD-002631,2024-02-17,CUST-01953,cust-01953@lumenmail.com,lighting,3,57.13,0.05,Paid Search,AU,
ORD-003641,2024-01-04,CUST-00430,cust-00430@lumenmail.com,Décor,4,37.98,0.2,Organic,UK,control
ORD-000141,2024-03-02,CUST-00823,cust-00823@lumenmail.com,Lighting,1,48.78,0.05,Paid Search,US,
ORD-008263,27/10/2024,CUST-01672,cust-01672@lumenmail.com,Lighting,2,174.84,0.0,Email,CA,
ORD-008839,10/08/2023,CUST-02152,cust-02152@lumenmail.com,Lighting,3,657.61,0.0,Paid Search,US,variant
ORD-002558,01/12/2024,CUST-00009,cust-00009@lumenmail.com,Furniture,2,87.96,0.05,Email,US,control
ORD-008024,2024-09-11,CUST-00450,cust-00450@lumenmail.com,Lighting,3,88.42,0.1,Paid Search,CA,variant
ORD-001511,2023-10-28,CUST-01008,cust-01008@lumenmail.com,Accessories,1,30.54,0.25,Paid Search,CA,variant
ORD-000375,2024-05-29,CUST-01286,cust-01286@lumenmail.com,Lighting,1,265.83,0.15,Paid Search,AU,control
ORD-008259,2023-11-06,CUST-02992,cust-02992@lumenmail.com,Décor,2,333.74,0.0,Email,UK,
ORD-004610,2024-11-23,CUST-01344,cust-01344@lumenmail.com,Furniture,1,0.0,0.0,Paid Search,US,
ORD-007830,2024-02-14,CUST-02426,cust-02426@lumenmail.com,Lighting,3,218.27,0.0,Email,UK,control
ORD-002977,2024-04-20,CUST-00670,cust-00670@lumenmail.com,Outdoor,2,42.93,10.0,Paid Search,US,control
ORD-006531,2023-12-27,CUST-00386,cust-00386@lumenmail.com,Décor,1,76.18,0.0,Social,UK,control
ORD-003364,2023-12-25,CUST-01390,cust-01390@lumenmail.com,Décor,1,64.43,15.0,Paid Search,US,
ORD-001005,2024-05-08,CUST-02047,cust-02047@lumenmail.com,Furniture,3,39.65,0.05,Email,US,variant
ORD-001550,2023-12-06,CUST-00048,cust-00048@lumenmail.com,Décor,1,62.22,0.0,Paid Search,US,
ORD-007443,2023-10-13,CUST-01021,cust-01021@lumenmail.com,Décor,2,0.0,0.0,Email,ZZ,variant
ORD-002687,2024-10-15,CUST-02516,cust-02516@lumenmail.com,Furniture,3,45.15,0.0,Paid Search,UK,variant
ORD-003484,2024-10-27,CUST-02497,cust-02497@lumenmail.com,Décor,1,91.87,0.1,Organic,US,control
ORD-000058,,CUST-01026,cust-01026@lumenmail.com,Décor,2,220.2,0.25,Email,US,variant
ORD-004157,2024-06-05,CUST-01563,cust-01563@lumenmail.com,Décor,3,49.66,0.2,Organic,US,
ORD-009462,26/08/2023,CUST-02817,cust-02817@lumenmail.com,Accessories,1,22.4,0.0,Social,CA,control
ORD-006678,2024-07-21,CUST-01940,cust-01940@lumenmail.com,Décor,2,8.33,0.05,Organic,US,control
ORD-002915,2024-09-09,CUST-01872,cust-01872@lumenmail.com,Lighting,2,66.8,0.0,Email,US,variant
ORD-004100,2023-09-10,CUST-02803,cust-02803@lumenmail.com,Lighting,-2,39.53,0.0,Email,US,variant
ORD-004430,2024-12-10,CUST-02143,cust-02143@lumenmail.com,Furniture,2,46.0,0.0,Email,US,
ORD-001384,2024-12-14,CUST-00494,cust-00494@lumenmail.com,Furniture,1,51.59,0.1,Paid Search,US,variant
ORD-007695,2024-02-02,CUST-00854,cust-00854@lumenmail.com,Décor,1,196.31,5.0,Paid Search,AU,
ORD-005597,22/10/2024,CUST-01540,cust-01540@lumenmail.com,Accessories,1,56.84,0.2,Social,US,variant
ORD-006848,20/12/2023,CUST-00223,cust-00223@lumenmail.com,Décor,-6,132.65,0.05,Paid Search,US,control
ORD-006970,2023-12-29,CUST-01545,cust-01545@lumenmail.com,Outdoor,-4,355.18,5.0,Email,US,
ORD-008041,2023-11-07,CUST-02383,cust-02383@lumenmail.com,Lighting,1,455.52,0.05,Email,US,
ORD-000976,2024-04-19,CUST-01277,cust-01277@lumenmail.com,Lighting,1,47.43,0.0,Paid Search,US,variant
ORD-004861,2024-07-18,CUST-02967,cust-02967@lumenmail.com,Furniture,1,14.74,0.0,Email,US,
ORD-009270,2023-12-30,CUST-01113,cust-01113@lumenmail.com,Lighting,1,184.26,0.0,Paid Search,US,control
ORD-000865,2023-12-17,CUST-00882,cust-00882@lumenmail.com,Décor,1,75.39,0.05,Social,US,control
ORD-003522,2024-05-05,CUST-01792,cust-01792@lumenmail.com,Furniture,2,14.14,10.0,Email,US,variant
ORD-006394,2024-01-03,CUST-01305,cust-01305@lumenmail.com,Lighting,4,85.51,0.1,Social,US,variant
ORD-001148,2024-02-07,CUST-02993,cust-02993@lumenmail.com,Furniture,3,23.64,0.1,Social,CA,control
ORD-005083,2023-11-20,CUST-00384,cust-00384@lumenmail.com,Furniture,2,98.91,0.0,Organic,CA,
ORD-007643,2024-09-26,CUST-01370,cust-01370@lumenmail.com,Furniture,1,49.9,0.0,Email,US,
ORD-007566,2023-10-31,CUST-00765,cust-00765@lumenmail.com,Lighting,4,91.04,0.0,Paid Search,US,
ORD-005974,2024-06-04,CUST-02355,cust-02355@lumenmail.com,Furniture,7,91.42,0.05,Paid Search,US,variant
ORD-000991,2023-07-23,CUST-01990,cust-01990@lumenmail.com,Décor,1,36.88,5.0,Paid Search,US,
ORD-004048,2024-07-19,CUST-00788,cust-00788@lumenmail.com,Outdoor,1,25.59,0.0,Paid Search,US,variant
ORD-005931,2024-09-06,CUST-02962,cust-02962@lumenmail.com,Furniture,1,6.09,5.0,Organic,US,variant
ORD-002483,2023-11-24,CUST-00608,cust-00608@lumenmail.com,Lighting,2,110.01,0.2,Paid Search,ZZ,
ORD-008281,2024-02-06,CUST-01210,cust-01210@lumenmail.com,Décor,2,42.3,0.05,Paid Search,ZZ,control
ORD-003268,,CUST-01855,cust-01855@lumenmail.com,Outdoor,1,343.35,0.0,Social,US,
ORD-000118,2024-10-28,CUST-02433,cust-02433@lumenmail.com,Lighting,2,185.59,0.0,Organic,UK,
ORD-007563,2023-11-05,CUST-02100,cust-02100@lumenmail.com,Décor,1,673.91,0.05,Paid Search,UK,control
ORD-007519,2023-10-24,CUST-02922,cust-02922@lumenmail.com,Lighting,1,23.98,0.0,,US,control
ORD-008261,2024-12-03,CUST-01547,cust-01547@lumenmail.com,lighting,2,33.96,0.0,Email,CA,
ORD-009008,2023-09-20,CUST-00816,cust-00816@lumenmail.com,Accessories,2,9.05,0.0,Social,US,
ORD-008160,2023-07-02,CUST-00966,cust-00966@lumenmail.com,Outdoor,-1,19.56,0.15,Email,US,control
ORD-009259,2024-12-13,CUST-02657,cust-02657@lumenmail.com,Lighting,3,81.64,5.0,Email,CA,
ORD-008179,2024-01-26,CUST-01664,cust-01664@lumenmail.com,Lighting,5,141.03,0.1,Email,UK,
ORD-009427,2024-10-14,CUST-02343,cust-02343@lumenmail.com,Décor,3,71.09,0.0,Organic,US,variant
ORD-009302,07/06/2023,CUST-01171,cust-01171@lumenmail.com,Lighting,2,120.14,0.15,Email,US,
ORD-005354,14/10/2024,CUST-00762,cust-00762@lumenmail.com,Lighting,3,40.86,0.05,Organic,UK,variant
ORD-008421,2024-08-02,CUST-00571,cust-00571@lumenmail.com,Lighting,3,791.46,0.0,Paid Search,US,control
ORD-000069,2023-08-25,CUST-02749,cust-02749@lumenmail.com,Décor,5,174.73,0.0,Paid Search,UK,
ORD-003609,2024-06-03,CUST-02505,cust-02505@lumenmail.com,Lighting,2,22.18,0.1,Email,US,variant
ORD-005506,2024-08-09,CUST-00571,cust-00571@lumenmail.com,Accessoires,2,33.3,0.1,Organic,US,variant
ORD-000621,21/01/2024,CUST-01958,cust-01958@lumenmail.com,Lighting,2,42.51,0.2,Email,CA,control
ORD-006138,2024-10-17,CUST-02965,cust-02965@lumenmail.com,Furniture,1,39.26,0.05,Email,UK,variant
ORD-000657,2024-09-20,CUST-00949,cust-00949@lumenmail.com,Lighting,-4,281.98,10.0,Organic,US,control
ORD-004891,2024-02-24,CUST-02103,cust-02103@lumenmail.com,Furniture,4,11.31,0.05,Paid Search,US,control
ORD-001629,11/06/2023,CUST-00678,cust-00678@lumenmail.com,Furniture,4,33.41,0.05,Social,US,control
ORD-006971,2024-07-09,CUST-00578,cust-00578@lumenmail.com,Furniture,2,15.61,0.05,Social,US,variant
ORD-005937,2024-08-13,CUST-00170,cust-00170@lumenmail.com,Décor,-3,10.55,0.05,Paid Search,US,control
ORD-001669,25/12/2024,CUST-01277,cust-01277@lumenmail.com,Lighting,2,12.71,0.0,Social,US,variant
ORD-006815,2024-09-15,CUST-01116,cust-01116@lumenmail.com,Lighting,2,35.78,0.0,Paid Search,US,control
ORD-004544,2024-07-17,CUST-00446,cust-00446@lumenmail.com,Décor,3,267.21,0.2,Email,US,control
ORD-001575,08/10/2024,CUST-00248,cust-00248@lumenmail.com,Décor,1,77.72,0.05,Email,US,
ORD-000586,2024-06-15,CUST-01862,cust-01862@lumenmail.com,Lighting,3,70.13,0.05,Paid Search,CA,
ORD-008779,2024-05-14,CUST-02707,cust-02707@lumenmail.com,Décor,2,38.77,0.15,Organic,US,
ORD-000427,2024-04-23,CUST-02514,cust-02514@lumenmail.com,Lighting,3,318.1,0.0,Social,CA,control
ORD-007183,14/10/2023,CUST-02893,cust-02893@lumenmail.com,Accessories,1,86.2,0.05,Paid Search,US,variant
ORD-007811,2023-11-13,CUST-00725,cust-00725@lumenmail.com,Lighting,2,121.06,0.0,Organic,ZZ,
ORD-003703,2024-08-17,CUST-00569,cust-00569@lumenmail.com,Outdoor,1,82.76,15.0,,US,control
ORD-003236,2024-09-29,CUST-01235,cust-01235@lumenmail.com,Furniture,4,127.76,0.0,Organic,US,
ORD-000846,2023-06-09,CUST-02207,cust-02207@lumenmail.com,Lighting,5,25.13,0.0,Paid Search,ZZ,variant
ORD-005042,07/06/2024,CUST-00927,cust-00927@lumenmail.com,Décor,4,190.0,0.0,Email,CA,
ORD-000261,2024-12-28,CUST-02055,cust-02055@lumenmail.com,Outdoor,2,39.05,0.0,Email,CA,variant
ORD-004651,2023-10-05,CUST-00367,cust-00367@lumenmail.com,Décor,2,24.68,0.05,Organic,US,
ORD-000979,2023-10-06,CUST-02850,cust-02850@lumenmail.com,Furniture,1,146.18,0.05,Paid Search,US,
ORD-006307,2023-12-22,CUST-00128,cust-00128@lumenmail.com,Lighting,3,28.96,0.05,Paid Search,US,variant
ORD-004341,2023-09-18,CUST-02751,cust-02751@lumenmail.com,Décor,3,54.02,0.05,Paid Search,CA,control
ORD-007804,25/11/2024,CUST-02112,cust-02112@lumenmail.com,Furniture,1,269.26,0.2,Social,UK,control
ORD-005317,2024-06-11,CUST-00398,cust-00398@lumenmail.com,Lighting,1,27.1,0.05,Social,US,control
ORD-007627,2024-09-07,CUST-01373,cust-01373@lumenmail.com,Accessories,6,31.4,0.0,Paid Search,US,variant
ORD-007158,2024-04-04,CUST-02978,cust-02978@lumenmail.com,Accessories,1,722.81,0.0,,US,
ORD-006284,2024-02-06,CUST-01018,cust-01018@lumenmail.com,Lighting,1,154.52,0.05,Paid Search,UK,
ORD-001689,2023-07-15,CUST-02498,cust-02498@lumenmail.com,Décor,1,5.69,0.0,Email,AU,variant
ORD-008803,2024-02-02,CUST-02636,cust-02636@lumenmail.com,Décor,3,250.77,0.2,Paid Search,US,
ORD-000369,2024-10-06,CUST-02999,cust-02999@lumenmail.com,Lighting,2,528.54,0.0,Social,US,
ORD-005429,12/12/2023,CUST-01344,cust-01344@lumenmail.com,Lighting,1,128.06,0.0,Social,US,
ORD-006339,10/12/2023,,guest@lumenmail.com,Accessories,1,153.89,0.05,Social,US,
ORD-001297,2024-10-12,CUST-00740,cust-00740@lumenmail.com,Furniture,2,183.14,0.0,Paid Search,US,control
ORD-000444,2024-01-08,CUST-00613,cust-00613@lumenmail.com,Outdoor,7,483.24,0.05,Social,US,variant
ORD-001561,2024-08-24,CUST-02179,cust-02179@lumenmail.com,Furniture,4,17.55,0.0,Organic,US,control
ORD-008150,2024-05-27,CUST-00862,cust-00862@lumenmail.com,Accessories,1,66.19,0.2,Email,UK,control
ORD-006303,2023-09-19,CUST-02245,cust-02245@lumenmail.com,Décor,2,85.49,0.05,Paid Search,US,
ORD-001304,2024-04-26,,guest@lumenmail.com,Lighting,1,41.15,0.0,Organic,US,control
ORD-004427,2024-07-13,CUST-01540,cust-01540@lumenmail.com,Décor,3,118.17,0.0,Paid Search,US,
ORD-000947,2024-07-18,CUST-00761,cust-00761@lumenmail.com,Décor,1,109.77,0.05,Email,US,control
ORD-003016,2024-05-04,CUST-00264,cust-00264@lumenmail.com,Lighting,2,52.09,0.05,Paid Search,CA,control
ORD-005374,2023-08-19,,guest@lumenmail.com,Furniture,7,65.87,5.0,Organic,AU,
ORD-002769,2023-10-16,CUST-00028,cust-00028@lumenmail.com,Outdoor,-1,82.77,10.0,Organic,UK,variant
ORD-008413,2023-10-12,CUST-01548,cust-01548@lumenmail.com,Décor,5,257.31,10.0,Organic,US,variant
ORD-006727,2024-07-03,CUST-00955,cust-00955@lumenmail.com,Décor,1,83.16,0.05,Paid Search,CA,control
ORD-003004,2024-04-25,CUST-01784,cust-01784@lumenmail.com,Décor,1,94.23,0.05,Email,US,variant
ORD-005479,2023-08-18,CUST-00108,cust-00108@lumenmail.com,Décor,1,92.52,20.0,Paid Search,US,
ORD-000323,2024-03-04,CUST-00312,cust-00312@lumenmail.com,Décor,2,134.28,0.0,Email,ZZ,
ORD-001617,2024-11-12,CUST-01278,cust-01278@lumenmail.com,Décor,3,107.3,0.1,Email,US,
ORD-003731,2024-03-27,CUST-01752,cust-01752@lumenmail.com,Lightng,7,91.48,0.15,Email,AU,control
ORD-001050,2024-10-13,CUST-00260,cust-00260@lumenmail.com,Décor,4,59.69,0.1,Organic,CA,
ORD-001181,07/10/2023,CUST-01905,cust-01905@lumenmail.com,Lighting,2,107.72,0.15,Paid Search,US,variant
ORD-004403,2024-02-18,,guest@lumenmail.com,Accessories,3,59.27,0.0,Organic,US,
ORD-008193,2024-10-02,CUST-02629,cust-02629@lumenmail.com,Décor,1,46.79,0.15,Organic,UK,
ORD-002461,2024-06-17,CUST-01931,cust-01931@lumenmail.com,Accessories,1,106.59,0.25,Social,AU,
ORD-003104,2023-12-31,CUST-01018,cust-01018@lumenmail.com,Décor,2,49.76,0.0,,ZZ,variant
ORD-001758,2024-02-20,CUST-00809,cust-00809@lumenmail.com,Furniture,2,10.36,0.0,Email,CA,
ORD-007230,2024-03-14,CUST-01332,cust-01332@lumenmail.com,Furniture,1,52.2,0.0,Social,US,
ORD-000411,2023-07-22,CUST-00254,cust-00254@lumenmail.com,Lighting,1,26.13,0.0,Social,US,
ORD-003943,2024-05-03,CUST-00094,cust-00094@lumenmail.com,Furniture,1,37.08,0.2,Organic,US,variant
ORD-005006,2024-11-17,CUST-01611,cust-01611@lumenmail.com,Lighting,1,24.38,0.0,Social,US,
ORD-007320,2024-04-27,CUST-01317,cust-01317@lumenmail.com,Furniture,2,167.19,0.15,Paid Search,CA,variant
ORD-007334,2024-06-10,CUST-02280,cust-02280@lumenmail.com,Lighting,1,67.58,0.0,Paid Search,US,variant
ORD-005195,2023-10-12,CUST-02318,cust-02318@lumenmail.com,Décor,1,95.71,0.05,Paid Search,US,variant
ORD-007505,2024-11-18,CUST-01339,cust-01339@lumenmail.com,Furniture,1,335.17,0.05,Email,AU,
ORD-005752,27/07/2024,CUST-00182,cust-00182@lumenmail.com,Décor,1,134.96,20.0,Organic,US,variant
ORD-003590,2023-06-22,CUST-00907,cust-00907@lumenmail.com,Furniture,2,511.28,0.2,Paid Search,AU,
ORD-007376,28/12/2024,CUST-02406,cust-02406@lumenmail.com,Furniture,1,31.91,0.0,Email,US,control
ORD-007913,2023-08-07,CUST-00557,cust-00557@lumenmail.com,Lighting,2,95.83,0.05,Email,CA,
ORD-007544,14/11/2023,CUST-00509,cust-00509@lumenmail.com,Outdoor,2,26.16,0.1,Organic,US,
ORD-006430,2024-02-13,CUST-00181,cust-00181@lumenmail.com,Lighting,3,72.99,0.0,Paid Search,US,variant
ORD-004572,09/07/2024,CUST-00907,cust-00907@lumenmail.com,Lighting,3,52.21,0.0,,US,control
ORD-005087,2024-05-08,CUST-02248,cust-02248@lumenmail.com,Décor,1,555.76,0.15,Email,US,
ORD-004119,2024-04-01,CUST-02417,cust-02417@lumenmail.com,Furniture,4,27.83,0.0,Social,US,control
ORD-002174,2024-11-18,CUST-00199,cust-00199@lumenmail.com,Furniture,5,25.99,0.15,Email,CA,
ORD-004655,2024-02-14,CUST-02399,cust-02399@lumenmail.com,Décor,1,65.84,0.0,Paid Search,US,
ORD-003597,2023-10-05,CUST-00792,cust-00792@lumenmail.com,Lighting,2,39.95,0.0,Paid Search,UK,control
ORD-006991,2024-07-11,CUST-02776,cust-02776@lumenmail.com,lighting,6,149.2,0.0,Organic,US,control
ORD-001164,2024-08-27,CUST-01593,cust-01593@lumenmail.com,Accessories,1,43.94,0.0,Organic,UK,variant
ORD-000833,2024-04-05,,guest@lumenmail.com,Décor,4,107.33,0.1,Organic,US,control
ORD-003553,,CUST-02272,cust-02272@lumenmail.com,Furniture,2,82.64,0.0,Email,US,control
ORD-003239,2024-07-13,CUST-02792,cust-02792@lumenmail.com,Lighting,2,26.59,5.0,Email,US,
ORD-003733,2024-04-07,CUST-01845,cust-01845@lumenmail.com,Lighting,3,39.93,0.0,Paid Search,CA,variant
ORD-006462,2023-06-19,CUST-00448,cust-00448@lumenmail.com,Furniture,4,36.22,0.0,Email,US,variant
ORD-001821,2023-11-10,CUST-02213,cust-02213@lumenmail.com,Lighting,2,189.2,5.0,Email,CA,variant
ORD-006519,2024-04-17,CUST-01108,cust-01108@lumenmail.com,Outdoor,1,57.28,0.0,Paid Search,US,
ORD-008840,2024-06-16,CUST-01361,cust-01361@lumenmail.com,Lighting,2,37.33,0.0,Social,US,
ORD-006814,2023-12-13,CUST-01978,cust-01978@lumenmail.com,Lighting,5,90.53,10.0,,UK,variant
ORD-007556,2023-07-28,CUST-02807,cust-02807@lumenmail.com,Lighting,1,46.59,0.0,Email,US,control
ORD-006754,2023-10-02,CUST-02395,cust-02395@lumenmail.com,Furniture,1,56.93,5.0,Organic,UK,variant
ORD-006941,06/10/2024,CUST-01890,cust-01890@lumenmail.com,Furniture,1,614.06,0.0,Email,US,control
ORD-001854,2024-01-19,CUST-02830,cust-02830@lumenmail.com,Lighting,4,34.33,0.05,Email,US,variant
ORD-000083,2023-11-22,CUST-01451,cust-01451@lumenmail.com,Lighting,4,53.1,0.15,Social,UK,control
ORD-001987,30/07/2023,CUST-00338,cust-00338@lumenmail.com,Furniture,1,287.46,0.05,Paid Search,ZZ,control
ORD-003611,26/07/2023,CUST-02521,cust-02521@lumenmail.com,Décor,6,373.15,0.0,Paid Search,US,variant
ORD-000797,2024-12-28,CUST-01766,cust-01766@lumenmail.com,Lighting,-1,72.56,0.05,Email,US,
ORD-007959,21/02/2024,CUST-02547,cust-02547@lumenmail.com,Lighting,2,151.81,20.0,Paid Search,CA,control
ORD-006868,2024-05-16,CUST-00271,cust-00271@lumenmail.com,Furniture,1,0.0,0.15,Paid Search,CA,control
ORD-000664,2023-08-14,CUST-00645,cust-00645@lumenmail.com,Lighting,1,575.77,0.1,Social,US,control
ORD-003976,2023-09-28,,guest@lumenmail.com,Décor,6,40.32,0.1,Email,US,
ORD-003523,05/06/2023,CUST-02726,cust-02726@lumenmail.com,Furniture,2,15.01,0.05,Email,US,
ORD-008097,2023-12-02,CUST-01030,cust-01030@lumenmail.com,Furniture,3,59.41,0.0,Social,US,control
ORD-003918,2023-11-12,CUST-02484,cust-02484@lumenmail.com,Accessories,3,177.5,0.05,Email,UK,control
ORD-002273,2024-08-22,CUST-02210,cust-02210@lumenmail.com,Outdoor,2,189.33,0.0,Organic,US,
ORD-004449,2023-12-13,CUST-00543,cust-00543@lumenmail.com,Lighting,5,85.59,0.0,Paid Search,CA,control
ORD-009482,28/08/2024,CUST-02751,cust-02751@lumenmail.com,Furniture,1,36.02,0.05,Paid Search,US,variant
ORD-004894,2024-10-10,CUST-00040,cust-00040@lumenmail.com,Furniture,1,79.7,0.0,Paid Search,US,control
ORD-004756,2023-08-06,,guest@lumenmail.com,Lighting,2,354.04,0.0,Paid Search,AU,control
ORD-002872,2024-05-10,CUST-00559,cust-00559@lumenmail.com,Décor,2,84.29,0.05,Paid Search,US,control
ORD-005361,2024-09-17,CUST-01428,cust-01428@lumenmail.com,Accessories,4,32.08,0.05,Organic,CA,
ORD-002782,10/09/2023,CUST-02960,cust-02960@lumenmail.com,Décor,1,132.71,0.0,Email,AU,control
ORD-005540,2023-06-15,,guest@lumenmail.com,Furniture,3,23.7,0.1,Paid Search,CA,
ORD-000294,2024-11-03,CUST-00172,cust-00172@lumenmail.com,Furniture,1,83.78,0.0,Organic,UK,control
ORD-001029,2023-10-02,CUST-02467,cust-02467@lumenmail.com,Décor,1,47.62,5.0,Paid Search,AU,variant
ORD-000715,01/11/2024,CUST-00549,cust-00549@lumenmail.com,Furniture,4,188.73,0.1,Social,US,variant
ORD-003033,11/11/2024,CUST-01764,cust-01764@lumenmail.com,Furniture,1,92.73,0.0,Organic,US,
ORD-006802,2024-06-05,CUST-00637,cust-00637@lumenmail.com,Décor,1,45.06,0.0,Email,US,
ORD-006153,2024-04-06,CUST-01160,cust-01160@lumenmail.com,Décor,2,183.97,0.0,Social,US,
ORD-000243,2024-01-22,CUST-00018,cust-00018@lumenmail.com,Décor,6,387.96,0.0,Social,AU,control
ORD-005543,04/06/2023,CUST-02267,cust-02267@lumenmail.com,Furniture,1,36.73,0.1,Email,US,
ORD-002944,2024-12-24,CUST-01703,cust-01703@lumenmail.com,Furniture,3,352.73,0.0,Organic,UK,variant
ORD-009232,22/11/2023,CUST-00468,cust-00468@lumenmail.com,Lighting,1,290.94,0.1,,US,variant
ORD-008456,2024-11-16,CUST-00846,cust-00846@lumenmail.com,lighting,1,259.45,0.0,Organic,US,
ORD-009037,2024-05-12,CUST-00359,cust-00359@lumenmail.com,Outdoor,4,24.51,0.0,Paid Search,UK,control
ORD-006605,2023-07-05,CUST-01520,cust-01520@lumenmail.com,Décor,-1,23.75,0.0,Social,ZZ,
ORD-003466,2024-03-30,CUST-01064,cust-01064@lumenmail.com,Furniture,5,184.1,0.05,Organic,UK,variant
ORD-002023,2024-08-17,CUST-00241,cust-00241@lumenmail.com,Lighting,1,342.53,0.05,Email,US,control
ORD-002086,2024-12-19,CUST-01320,cust-01320@lumenmail.com,Lighting,1,30.22,0.05,Paid Search,US,
ORD-002677,2024-03-04,CUST-01142,cust-01142@lumenmail.com,Décor,2,24.39,0.0,Email,US,control
ORD-006088,2024-03-29,CUST-01513,cust-01513@lumenmail.com,Lighting,1,23.16,0.15,Social,US,control
ORD-003178,2023-12-01,CUST-01308,cust-01308@lumenmail.com,Lighting,1,661.76,0.15,Paid Search,ZZ,variant
ORD-002405,2023-06-14,CUST-02603,cust-02603@lumenmail.com,Lighting,3,197.82,0.0,Email,US,control
ORD-002772,2024-08-26,,guest@lumenmail.com,Décor,1,46.15,0.05,Organic,US,variant
ORD-009183,2024-08-10,CUST-02672,cust-02672@lumenmail.com,Lighting,3,32.9,0.15,Email,US,variant
ORD-007919,2023-07-25,CUST-00808,cust-00808@lumenmail.com,Outdoor,1,40.4,0.15,Paid Search,US,variant
ORD-003874,2024-11-16,CUST-01269,cust-01269@lumenmail.com,Lighting,2,49.91,0.05,Organic,US,variant
ORD-007286,2023-06-21,CUST-02107,cust-02107@lumenmail.com,Outdoor,1,191.06,0.1,Paid Search,US,variant
ORD-001248,2024-02-04,CUST-02107,cust-02107@lumenmail.com,Furniture,3,250.34,0.1,Paid Search,UK,variant
ORD-000718,2023-12-16,CUST-00853,cust-00853@lumenmail.com,Furniture,4,276.83,0.1,Organic,US,control
ORD-002357,17/04/2024,CUST-01497,cust-01497@lumenmail.com,Décor,5,713.11,0.1,Organic,CA,
ORD-007582,08/11/2023,CUST-02375,cust-02375@lumenmail.com,Accessories,1,19.4,0.0,Paid Search,US,
ORD-003775,2023-07-29,,guest@lumenmail.com,Décor,1,90.2,0.05,Social,ZZ,variant
ORD-003617,2024-12-05,CUST-02320,cust-02320@lumenmail.com,Lighting,1,149.37,0.2,Paid Search,UK,
ORD-007867,23/10/2023,CUST-00736,cust-00736@lumenmail.com,Furniture,1,113.93,0.0,Email,US,
ORD-004459,2024-01-29,CUST-00234,cust-00234@lumenmail.com,Accessories,1,15.91,0.05,Paid Search,US,variant
ORD-007259,2024-04-13,CUST-02650,cust-02650@lumenmail.com,Lighting,2,143.07,0.0,Email,US,control
ORD-003400,2024-03-30,CUST-02292,cust-02292@lumenmail.com,Décor,2,9.29,0.2,Organic,CA,control
ORD-000251,2024-03-07,CUST-00150,cust-00150@lumenmail.com,Furniture,2,68.77,10.0,Organic,UK,
ORD-000252,2024-12-22,,guest@lumenmail.com,Outdoor,4,702.71,0.0,Email,US,variant
ORD-003946,2024-09-25,,guest@lumenmail.com,Lighting,1,10.33,0.05,Email,US,control
ORD-008228,2024-08-04,CUST-00912,cust-00912@lumenmail.com,Accessories,4,16.41,5.0,Social,US,control
ORD-009067,2023-11-01,CUST-02045,cust-02045@lumenmail.com,Accessories,1,27.22,0.05,Email,US,
ORD-002312,26/04/2024,CUST-00209,cust-00209@lumenmail.com,Lighting,1,185.54,0.15,Email,AU,
ORD-008276,2023-08-19,CUST-01506,cust-01506@lumenmail.com,Lighting,3,53.58,0.0,Email,US,
ORD-006967,2024-01-31,CUST-02526,cust-02526@lumenmail.com,Furniture,1,188.71,0.2,Organic,CA,
ORD-000393,2024-10-16,CUST-01771,cust-01771@lumenmail.com,Lighting,1,0.0,0.15,Organic,US,
ORD-004379,12/07/2024,CUST-02439,cust-02439@lumenmail.com,Décor,1,62.23,0.05,Paid Search,US,control
ORD-001994,2024-02-07,CUST-01770,cust-01770@lumenmail.com,Lighting,6,185.3,0.0,Email,CA,variant
ORD-006334,2024-06-17,CUST-02207,cust-02207@lumenmail.com,Furniture,4,75.44,5.0,Paid Search,US,control
ORD-002414,2024-09-26,CUST-02554,cust-02554@lumenmail.com,Lighting,5,195.83,0.0,,US,
ORD-006052,26/02/2024,CUST-01275,cust-01275@lumenmail.com,Lighting,1,188.77,0.1,Email,CA,
ORD-003199,2024-05-13,CUST-01064,cust-01064@lumenmail.com,Furniture,1,181.59,0.0,Email,CA,control
ORD-008602,2024-03-16,CUST-02392,cust-02392@lumenmail.com,Décor,1,312.05,0.0,Paid Search,UK,variant
ORD-005375,2023-09-22,CUST-02843,cust-02843@lumenmail.com,Lighting,1,31.56,0.2,Social,US,
ORD-007842,2024-02-22,,guest@lumenmail.com,Décor,1,222.03,0.1,Paid Search,US,
ORD-005893,23/08/2024,CUST-01404,cust-01404@lumenmail.com,Décor,1,48.45,0.0,Paid Search,US,
ORD-001536,2024-07-18,CUST-00804,cust-00804@lumenmail.com,Furniture,5,117.63,0.0,Social,AU,variant
ORD-007260,30/10/2023,,guest@lumenmail.com,Outdoor,2,79.58,0.05,Paid Search,US,control
ORD-007445,2024-07-21,CUST-02864,cust-02864@lumenmail.com,Lighting,1,43.08,0.05,Email,US,control
ORD-003212,2023-07-24,CUST-00446,cust-00446@lumenmail.com,Lighting,4,170.27,0.2,Social,CA,control
ORD-003290,01/11/2023,CUST-01782,cust-01782@lumenmail.com,Décor,1,155.25,0.0,Paid Search,US,
ORD-008909,2024-03-24,CUST-00782,cust-00782@lumenmail.com,Accessories,-1,80.86,0.0,Organic,US,
ORD-001924,2023-11-16,,guest@lumenmail.com,Décor,1,470.04,0.05,Email,US,
ORD-008886,2024-03-31,CUST-02525,cust-02525@lumenmail.com,Furniture,1,332.2,0.1,Email,CA,variant
ORD-003277,2023-08-13,CUST-01947,cust-01947@lumenmail.com,Lighting,2,88.57,0.0,Paid Search,ZZ,
ORD-001926,2024-02-26,CUST-01015,cust-01015@lumenmail.com,Furniture,5,96.78,0.15,Social,CA,
ORD-005159,2024-11-21,CUST-00839,cust-00839@lumenmail.com,Lighting,1,344.65,0.0,Paid Search,US,variant
ORD-000052,2023-09-12,CUST-00895,cust-00895@lumenmail.com,Décor,3,5.43,0.0,Email,US,
ORD-006949,2024-01-24,CUST-02768,cust-02768@lumenmail.com,Outdoor,4,252.09,25.0,Organic,US,control
ORD-000174,2023-08-28,CUST-01148,cust-01148@lumenmail.com,Furniture,3,167.83,0.1,Organic,CA,control
ORD-005589,2023-12-12,CUST-00015,cust-00015@lumenmail.com,Décor,5,749.12,0.25,Paid Search,US,
ORD-003960,2024-05-13,CUST-00360,cust-00360@lumenmail.com,Outdoor,2,56.64,0.0,,UK,
ORD-007491,,CUST-00530,cust-00530@lumenmail.com,Furniture,4,134.49,0.1,Email,US,variant
ORD-004142,2024-04-24,CUST-00136,cust-00136@lumenmail.com,Lighting,1,172.19,0.1,Paid Search,UK,
ORD-001083,2024-03-16,CUST-01722,cust-01722@lumenmail.com,Décor,1,63.66,0.0,Paid Search,UK,variant
ORD-000685,13/10/2024,CUST-00661,cust-00661@lumenmail.com,Décor,4,176.58,0.1,,US,
ORD-001709,07/05/2024,CUST-00553,cust-00553@lumenmail.com,Décor,1,34.98,0.15,Email,US,
ORD-006558,2023-08-24,CUST-02885,cust-02885@lumenmail.com,Lighting,4,104.06,0.05,Paid Search,US,
ORD-009505,2023-07-28,CUST-00368,cust-00368@lumenmail.com,Outdoor,-5,27.36,0.1,Email,CA,
ORD-001033,2024-06-05,CUST-00095,cust-00095@lumenmail.com,Décor,2,75.24,0.0,Paid Search,CA,variant
ORD-004233,2024-02-17,CUST-00599,cust-00599@lumenmail.com,Furniture,1,50.6,15.0,Paid Search,US,control
ORD-006736,2024-01-13,CUST-01311,cust-01311@lumenmail.com,Lighting,1,16.36,0.0,Email,UK,control
ORD-000546,2024-03-15,CUST-00916,cust-00916@lumenmail.com,Furniture,1,85.13,0.05,Social,US,
ORD-002356,2024-04-18,CUST-01963,cust-01963@lumenmail.com,Lighting,2,63.94,0.1,Email,US,control
ORD-008028,2024-08-29,CUST-02608,cust-02608@lumenmail.com,Lighting,1,19.54,0.05,Email,US,
ORD-004342,06/09/2024,CUST-01340,cust-01340@lumenmail.com,Accessories,1,171.89,0.15,Email,US,
ORD-006601,2023-10-18,CUST-01373,cust-01373@lumenmail.com,Décor,1,93.24,0.0,Paid Search,CA,variant
ORD-000482,2024-03-30,CUST-00076,cust-00076@lumenmail.com,Décor,1,179.31,0.1,Social,US,
ORD-002239,2024-01-25,CUST-02548,cust-02548@lumenmail.com,Outdoor,1,79.1,0.1,Email,US,control
ORD-002196,2024-03-18,CUST-01987,cust-01987@lumenmail.com,Lighting,3,59.56,0.1,Paid Search,US,
ORD-006377,2023-12-28,CUST-00275,cust-00275@lumenmail.com,Décor,1,128.85,0.05,Organic,AU,control
ORD-003921,2024-09-01,CUST-02140,cust-02140@lumenmail.com,Outdoor,2,258.76,0.05,Paid Search,US,
ORD-001031,09/06/2024,CUST-02521,cust-02521@lumenmail.com,Lighting,3,118.61,15.0,Organic,US,
ORD-002135,16/09/2024,CUST-02705,cust-02705@lumenmail.com,Décor,1,95.86,0.05,Paid Search,US,control
ORD-005121,2024-10-08,CUST-02221,cust-02221@lumenmail.com,Furniture,1,27.44,0.0,Paid Search,US,control
ORD-007678,2024-11-02,CUST-01448,cust-01448@lumenmail.com,Outdoor,1,46.45,0.0,Organic,US,control
ORD-007966,2023-10-20,CUST-02876,cust-02876@lumenmail.com,Lighting,1,81.61,0.0,Email,CA,variant
ORD-000049,2024-10-26,CUST-01194,cust-01194@lumenmail.com,Furniture,5,51.2,0.0,Organic,CA,
ORD-008171,2023-09-22,CUST-02953,cust-02953@lumenmail.com,Lighting,6,45.11,0.05,Paid Search,US,
ORD-006385,2023-06-16,,guest@lumenmail.com,Lighting,2,28.39,0.05,Paid Search,UK,variant
ORD-003162,2023-07-01,CUST-02331,cust-02331@lumenmail.com,Décor,1,130.44,0.1,Paid Search,US,variant
ORD-003894,2023-06-16,CUST-01656,cust-01656@lumenmail.com,Outdoor,2,195.8,0.05,Organic,US,variant
ORD-005266,2023-07-23,CUST-02535,cust-02535@lumenmail.com,Décor,1,65.37,0.0,Social,UK,
ORD-002056,2023-10-15,CUST-02032,cust-02032@lumenmail.com,Lighting,2,39.55,0.1,Email,US,
ORD-002198,2024-02-21,CUST-01587,cust-01587@lumenmail.com,Furniture,2,334.38,0.0,Paid Search,US,variant
ORD-009095,2023-09-28,CUST-01427,cust-01427@lumenmail.com,Lighting,2,152.04,0.25,Organic,US,variant
ORD-001840,17/12/2023,CUST-01065,cust-01065@lumenmail.com,Accessories,2,94.86,0.05,Organic,UK,control
ORD-009316,2023-11-27,CUST-01606,cust-01606@lumenmail.com,Outdoor,-1,63.08,5.0,Paid Search,US,
ORD-003344,2024-11-03,CUST-00421,cust-00421@lumenmail.com,Accessories,1,21.96,0.0,Organic,CA,control
ORD-007648,2024-09-16,CUST-00023,cust-00023@lumenmail.com,Accessories,7,68.35,0.0,Organic,US,
ORD-005225,03/04/2024,CUST-02889,cust-02889@lumenmail.com,Décor,1,281.06,0.0,Email,CA,
ORD-000259,2024-12-02,CUST-01366,cust-01366@lumenmail.com,Décor,2,24.89,0.1,Paid Search,US,variant
ORD-001852,2024-06-13,CUST-02020,cust-02020@lumenmail.com,Lighting,1,47.35,0.05,Paid Search,US,control
ORD-009390,2023-10-29,CUST-01801,cust-01801@lumenmail.com,Lighting,3,716.57,0.0,Social,US,control
ORD-002629,2024-01-01,CUST-01631,cust-01631@lumenmail.com,Décor,1,48.42,0.0,Email,UK,variant
ORD-001587,2023-08-26,,guest@lumenmail.com,Lighting,7,475.86,0.15,Organic,US,
ORD-003712,2024-07-04,CUST-01870,cust-01870@lumenmail.com,Décor,3,64.45,0.05,Email,US,
ORD-006691,2024-07-30,CUST-02029,cust-02029@lumenmail.com,Lighting,5,87.16,10.0,Organic,US,control
ORD-005522,2023-09-09,CUST-00306,cust-00306@lumenmail.com,Outdoor,4,58.68,0.1,Email,UK,
ORD-005817,2024-03-25,CUST-00133,cust-00133@lumenmail.com,Décor,1,277.07,0.0,Paid Search,US,
ORD-007394,28/09/2023,CUST-01331,cust-01331@lumenmail.com,Lighting,2,196.51,0.2,Paid Search,US,
ORD-003007,2024-01-31,CUST-01662,cust-01662@lumenmail.com,Lighting,2,34.96,0.0,Organic,AU,
ORD-008403,2024-12-20,CUST-00120,cust-00120@lumenmail.com,Lighting,2,31.59,0.2,Social,US,control
ORD-007282,2023-08-14,CUST-00322,cust-00322@lumenmail.com,Décor,1,40.27,0.1,Email,CA,variant
ORD-003948,2023-08-18,CUST-00195,cust-00195@lumenmail.com,Lighting,1,371.15,0.05,,UK,control
ORD-000921,2023-09-03,,guest@lumenmail.com,Lighting,6,476.97,0.0,Email,US,control
ORD-006033,2024-12-18,CUST-00392,cust-00392@lumenmail.com,Furniture,2,65.01,0.05,Email,US,variant
ORD-007421,2024-11-18,CUST-01413,cust-01413@lumenmail.com,Lighting,1,30.0,0.0,Email,US,
ORD-004778,19/02/2024,CUST-02647,cust-02647@lumenmail.com,Lighting,3,64.33,0.0,Email,UK,variant
ORD-005917,2023-11-05,CUST-01250,cust-01250@lumenmail.com,Outdoor,4,35.6,0.0,Paid Search,US,variant
ORD-005307,2024-09-09,CUST-02636,cust-02636@lumenmail.com,Furniture,1,539.86,0.1,Organic,US,variant
ORD-003309,2024-11-15,CUST-01794,cust-01794@lumenmail.com,Lighting,1,39.63,0.1,Paid Search,UK,variant
ORD-001626,2023-07-02,CUST-00074,cust-00074@lumenmail.com,Lighting,1,28.95,0.0,Paid Search,CA,
ORD-006851,2024-03-23,CUST-01124,cust-01124@lumenmail.com,Décor,1,79.83,0.25,Paid Search,ZZ,
ORD-006061,21/09/2023,CUST-01492,cust-01492@lumenmail.com,Lighting,2,16.34,0.05,Email,US,variant
ORD-004543,2023-07-27,CUST-00519,cust-00519@lumenmail.com,Accessories,2,113.17,0.2,Email,US,control
ORD-003029,2024-02-16,CUST-00145,cust-00145@lumenmail.com,Décor,1,172.68,0.0,Paid Search,US,
ORD-001893,2024-03-09,,guest@lumenmail.com,Lighting,2,650.75,0.0,Email,CA,control
ORD-000190,2024-06-05,CUST-00112,cust-00112@lumenmail.com,Furniture,7,72.65,0.0,Paid Search,US,variant
ORD-007536,2024-08-17,CUST-01991,cust-01991@lumenmail.com,Lighting,1,40.23,0.05,,US,variant
ORD-002283,2023-12-30,CUST-01162,cust-01162@lumenmail.com,Décor,1,37.94,0.0,Paid Search,US,control
ORD-002399,2023-09-25,CUST-01335,cust-01335@lumenmail.com,Lighting,2,10.84,0.0,Email,US,control
ORD-006951,2024-11-06,CUST-02781,cust-02781@lumenmail.com,Accessories,1,235.97,0.0,Paid Search,US,
ORD-006003,2024-12-20,CUST-00811,cust-00811@lumenmail.com,Décor,1,291.35,0.2,Social,UK,
ORD-006045,2024-12-15,CUST-01605,cust-01605@lumenmail.com,Lighting,1,68.64,0.2,Paid Search,US,control
ORD-006282,2024-07-21,CUST-01692,cust-01692@lumenmail.com,Furniture,1,173.35,0.0,Organic,US,variant
ORD-003108,2024-05-27,CUST-01344,cust-01344@lumenmail.com,Lighting,5,25.26,0.0,Organic,US,
ORD-005005,2024-06-09,CUST-01419,cust-01419@lumenmail.com,Furniture,1,43.92,0.1,Organic,ZZ,
ORD-000679,2023-08-01,CUST-02283,cust-02283@lumenmail.com,Lighting,5,44.03,0.1,Paid Search,US,
ORD-004202,2023-08-24,CUST-00360,cust-00360@lumenmail.com,Furniture,2,64.94,0.0,Email,US,
ORD-009194,2024-09-27,CUST-01263,cust-01263@lumenmail.com,Accessories,2,49.97,0.0,Email,US,control
ORD-000993,18/10/2024,CUST-02429,cust-02429@lumenmail.com,Lighting,1,26.45,0.25,Organic,US,
ORD-000013,2024-10-01,CUST-02734,cust-02734@lumenmail.com,Lighting,1,300.06,0.0,Email,US,
ORD-003839,2023-09-13,CUST-02030,cust-02030@lumenmail.com,Furniture,1,42.89,0.2,Paid Search,US,
ORD-008582,15/08/2024,CUST-00610,cust-00610@lumenmail.com,Lighting,2,290.44,0.0,Social,US,variant
ORD-002897,2023-12-24,CUST-00978,cust-00978@lumenmail.com,Lighting,2,205.64,0.05,Paid Search,UK,
ORD-003278,2023-08-09,CUST-00090,cust-00090@lumenmail.com,Outdoor,1,49.63,0.05,Paid Search,US,control
ORD-008095,2024-03-08,CUST-02643,cust-02643@lumenmail.com,Lighting,2,334.81,0.0,,US,control
ORD-008440,2024-07-27,CUST-02592,cust-02592@lumenmail.com,Accessories,1,33.78,0.0,Organic,US,control
ORD-005980,2024-01-01,CUST-01047,cust-01047@lumenmail.com,Lighting,4,183.29,0.05,Paid Search,US,
ORD-008232,2024-10-29,CUST-00261,cust-00261@lumenmail.com,Lighting,1,113.55,0.15,Organic,US,control
ORD-009060,2024-04-04,CUST-00477,cust-00477@lumenmail.com,Décor,1,82.14,0.0,Social,UK,
ORD-004784,2024-01-26,,guest@lumenmail.com,Accessories,2,31.76,0.1,Email,US,variant
ORD-002302,25/11/2024,CUST-00279,cust-00279@lumenmail.com,Décor,4,52.2,0.0,Paid Search,AU,variant
ORD-003243,04/12/2024,CUST-00157,cust-00157@lumenmail.com,Furniture,-1,61.49,0.1,Organic,ZZ,
ORD-004620,2024-11-11,CUST-01470,cust-01470@lumenmail.com,Décor,3,30.81,0.15,Organic,CA,control
ORD-009290,2023-11-02,CUST-02224,cust-02224@lumenmail.com,Décor,3,36.33,0.05,Paid Search,US,
ORD-006388,2023-06-05,CUST-00884,cust-00884@lumenmail.com,Accessories,2,726.47,0.15,Email,UK,control
ORD-008995,2024-08-23,CUST-01685,cust-01685@lumenmail.com,Lighting,-3,584.0,0.0,Email,CA,
ORD-001045,2024-04-17,CUST-01364,cust-01364@lumenmail.com,Furniture,2,299.1,0.2,Paid Search,US,variant
ORD-008300,2023-09-04,CUST-00837,cust-00837@lumenmail.com,Lighting,1,343.17,0.0,Email,ZZ,variant
ORD-001467,2023-06-03,CUST-01489,cust-01489@lumenmail.com,Accessoires,1,234.03,5.0,Email,US,variant
ORD-000613,2024-04-12,CUST-01296,cust-01296@lumenmail.com,Lighting,3,36.46,0.0,Organic,US,variant
ORD-008695,2023-07-09,CUST-01354,cust-01354@lumenmail.com,Furniture,3,68.26,0.0,Organic,US,
ORD-005442,09/11/2023,CUST-00738,cust-00738@lumenmail.com,Furniture,4,6.88,0.15,Organic,AU,variant
ORD-007011,2023-10-03,CUST-02871,cust-02871@lumenmail.com,Décor,1,151.03,0.05,Paid Search,UK,control
ORD-008680,29/03/2024,CUST-01129,cust-01129@lumenmail.com,Lighting,4,219.37,0.0,Email,UK,
ORD-004471,2024-02-07,,guest@lumenmail.com,Furniture,2,84.42,0.15,Email,CA,variant
ORD-006706,2024-12-14,CUST-01702,cust-01702@lumenmail.com,Furniture,1,72.46,0.0,Paid Search,US,variant
ORD-004064,2024-11-16,CUST-00756,cust-00756@lumenmail.com,Furniture,1,495.12,0.0,Paid Search,UK,
ORD-004337,08/01/2024,CUST-01134,cust-01134@lumenmail.com,Lighting,1,171.2,0.1,Paid Search,UK,variant
ORD-008674,2023-07-23,CUST-01665,cust-01665@lumenmail.com,Lighting,1,726.48,0.25,Paid Search,US,
ORD-000737,2024-03-12,CUST-00238,cust-00238@lumenmail.com,Lighting,2,35.99,0.1,Social,CA,variant
ORD-000276,2024-04-23,CUST-01286,cust-01286@lumenmail.com,Lighting,1,22.86,15.0,Organic,US,variant
ORD-004045,2023-12-12,CUST-01590,cust-01590@lumenmail.com,Décor,1,33.07,0.2,Social,US,control
ORD-002009,2024-07-28,CUST-00528,cust-00528@lumenmail.com,Outdoor,2,220.07,0.0,Social,US,
ORD-004472,2023-06-10,CUST-01849,cust-01849@lumenmail.com,Furniture,1,164.44,0.05,Organic,US,
ORD-000067,2023-09-21,,guest@lumenmail.com,Furniture,2,112.38,0.0,Social,US,control
ORD-008758,2024-11-09,CUST-00134,cust-00134@lumenmail.com,Lighting,1,24.35,0.05,Paid Search,US,
ORD-007920,2023-11-25,CUST-02267,cust-02267@lumenmail.com,Outdoor,3,191.91,0.2,Organic,US,
ORD-000881,02/08/2024,CUST-02175,cust-02175@lumenmail.com,Outdoor,1,23.92,5.0,Organic,UK,control
ORD-002906,2024-11-27,CUST-02481,cust-02481@lumenmail.com,Lighting,1,21.97,0.0,Email,US,control
ORD-006548,2024-11-28,CUST-02588,cust-02588@lumenmail.com,Furniture,3,184.15,0.0,Organic,UK,variant
ORD-006383,2024-11-30,CUST-02987,cust-02987@lumenmail.com,Lighting,1,366.28,0.15,Email,US,
ORD-008793,2024-04-22,CUST-02968,cust-02968@lumenmail.com,Furniture,1,124.97,0.05,Email,US,control
ORD-002131,2024-12-02,CUST-00407,cust-00407@lumenmail.com,Furniture,2,21.41,0.1,Social,ZZ,control
ORD-006236,10/06/2023,CUST-00332,cust-00332@lumenmail.com,Furniture,1,172.56,0.0,Paid Search,US,control
ORD-006920,2023-08-04,CUST-00873,cust-00873@lumenmail.com,Furniture,1,418.25,0.05,Organic,US,variant
ORD-008326,2023-09-21,CUST-01378,cust-01378@lumenmail.com,Lighting,1,73.12,0.0,Social,CA,
ORD-002628,2024-01-01,CUST-02233,cust-02233@lumenmail.com,Lighting,3,140.01,0.2,Organic,UK,variant
ORD-005918,2024-02-10,CUST-01417,cust-01417@lumenmail.com,Furniture,2,437.41,0.0,Organic,UK,variant
ORD-004612,2024-12-17,CUST-02239,cust-02239@lumenmail.com,Furniture,1,178.66,0.05,Email,US,
ORD-006268,2024-07-04,CUST-00946,cust-00946@lumenmail.com,Décor,4,272.07,5.0,Paid Search,US,control
ORD-008833,2023-09-23,CUST-00137,cust-00137@lumenmail.com,Furniture,-3,336.46,0.05,Organic,CA,variant
ORD-002968,2024-10-20,CUST-00569,cust-00569@lumenmail.com,Outdoor,1,94.06,0.0,Email,US,
ORD-004066,2024-03-08,CUST-02987,cust-02987@lumenmail.com,Décor,1,232.82,0.1,,US,control
ORD-004087,2024-10-20,CUST-02071,cust-02071@lumenmail.com,Accessories,3,253.72,0.0,Email,US,variant
ORD-008478,2024-04-11,CUST-00122,cust-00122@lumenmail.com,Décor,2,798.08,0.0,Organic,US,
ORD-009444,2023-09-15,CUST-01207,cust-01207@lumenmail.com,Lighting,2,79.54,0.1,Paid Search,US,variant
ORD-007939,22/12/2024,CUST-01696,cust-01696@lumenmail.com,Décor,2,21.68,0.05,Organic,US,
ORD-000477,2024-06-27,CUST-00523,cust-00523@lumenmail.com,Décor,2,42.61,0.05,Organic,UK,
ORD-000794,23/09/2023,CUST-00907,cust-00907@lumenmail.com,Lightng,1,0.0,0.15,Social,US,
ORD-008411,07/11/2023,,guest@lumenmail.com,Lighting,1,39.29,0.05,Social,US,variant
ORD-007690,2024-11-09,CUST-02572,cust-02572@lumenmail.com,Lighting,1,16.74,0.0,Organic,UK,variant
ORD-000517,2024-05-24,CUST-02530,cust-02530@lumenmail.com,Furniture,1,83.08,0.0,,US,
ORD-008199,2024-04-07,CUST-00061,cust-00061@lumenmail.com,Outdoor,1,84.31,0.1,Email,US,
ORD-005857,2024-02-01,CUST-02925,cust-02925@lumenmail.com,Décor,1,17.88,0.05,Paid Search,US,variant
ORD-009582,2024-03-02,CUST-01496,cust-01496@lumenmail.com,Accessories,2,188.61,0.1,Paid Search,CA,variant
ORD-008455,2023-12-21,CUST-02803,cust-02803@lumenmail.com,Lighting,1,90.42,0.1,,US,variant
ORD-001944,13/12/2024,CUST-00548,cust-00548@lumenmail.com,Lighting,4,91.39,0.1,Paid Search,US,
ORD-002400,2024-09-03,CUST-01582,cust-01582@lumenmail.com,Furniture,1,470.34,0.1,Organic,US,control
ORD-009246,2024-07-05,CUST-02601,cust-02601@lumenmail.com,Décor,4,43.67,0.1,Paid Search,US,
ORD-001307,2023-06-10,CUST-00420,cust-00420@lumenmail.com,Lighting,1,67.93,0.0,Email,CA,
ORD-000574,2023-06-23,CUST-02918,cust-02918@lumenmail.com,Furniture,2,70.26,0.05,,US,variant
ORD-006765,2024-03-07,CUST-01160,cust-01160@lumenmail.com,Décor,1,25.51,0.0,Email,US,control
ORD-002766,2024-03-13,CUST-00847,cust-00847@lumenmail.com,Lightng,1,64.8,0.0,Paid Search,CA,control
ORD-000913,2024-07-30,CUST-00795,cust-00795@lumenmail.com,Accessories,2,274.44,0.0,Organic,US,
ORD-007426,2024-01-15,CUST-01213,cust-01213@lumenmail.com,Furniture,2,235.9,0.05,Social,US,
ORD-003725,08/05/2024,CUST-02576,cust-02576@lumenmail.com,Décor,4,14.88,0.0,Email,US,
ORD-005699,2023-07-10,CUST-02081,cust-02081@lumenmail.com,Lighting,2,132.32,0.0,Paid Search,CA,
ORD-000733,13/09/2024,CUST-01723,cust-01723@lumenmail.com,Furniture,1,85.11,0.0,Paid Search,US,
ORD-005451,2024-10-12,CUST-02355,cust-02355@lumenmail.com,Lighting,1,124.66,0.15,Email,US,control
ORD-003358,2024-12-05,CUST-02242,cust-02242@lumenmail.com,Furniture,1,77.12,0.15,Organic,US,variant
ORD-009312,2023-12-16,CUST-02754,cust-02754@lumenmail.com,Lighting,1,169.86,0.05,Email,US,variant
ORD-002366,2024-12-30,CUST-02022,cust-02022@lumenmail.com,Lighting,4,342.54,0.0,Social,US,variant
ORD-009140,2023-08-12,CUST-01692,cust-01692@lumenmail.com,Furniture,3,285.98,0.05,Social,US,control
ORD-003968,2023-06-27,CUST-01780,cust-01780@lumenmail.com,Furniture,1,41.1,0.05,,AU,control
ORD-002343,25/10/2024,CUST-01434,cust-01434@lumenmail.com,Lighting,1,30.55,0.05,Email,US,
ORD-007687,2023-10-04,CUST-00898,cust-00898@lumenmail.com,Décor,5,36.66,0.0,Organic,US,
ORD-009172,2024-06-06,CUST-02314,cust-02314@lumenmail.com,Furniture,1,342.34,0.0,Email,US,variant
ORD-004234,2024-12-01,CUST-01409,cust-01409@lumenmail.com,Furniture,2,46.27,0.0,Email,UK,variant
ORD-008090,2023-09-21,CUST-00724,cust-00724@lumenmail.com,Furniture,2,192.29,0.2,Paid Search,US,control
ORD-004214,24/11/2023,CUST-01809,cust-01809@lumenmail.com,Décor,1,20.6,0.05,Organic,CA,control
ORD-009422,2023-08-30,CUST-02275,cust-02275@lumenmail.com,Décor,3,217.68,0.1,Email,UK,
ORD-002216,2024-07-02,CUST-01830,cust-01830@lumenmail.com,Furniture,2,29.83,0.1,Email,US,variant
ORD-007564,2024-04-17,,guest@lumenmail.com,Décor,2,83.16,0.05,Organic,US,
ORD-001672,2023-10-05,CUST-01532,cust-01532@lumenmail.com,Décor,2,41.89,0.1,Paid Search,US,control
ORD-005911,2024-04-16,,guest@lumenmail.com,Décor,2,66.37,0.0,Social,US,control
ORD-004059,2024-08-20,CUST-01647,cust-01647@lumenmail.com,Outdoor,2,17.9,0.15,Email,UK,
ORD-002988,2024-05-10,CUST-01468,cust-01468@lumenmail.com,Lighting,1,81.11,0.0,Paid Search,US,variant
ORD-005969,2023-09-27,CUST-00816,cust-00816@lumenmail.com,Décor,1,68.99,0.05,Email,US,variant
ORD-008649,2024-11-07,CUST-00115,cust-00115@lumenmail.com,Accessories,3,31.27,0.05,Email,US,
ORD-008660,2024-11-26,CUST-00952,cust-00952@lumenmail.com,Décor,1,102.37,0.05,Paid Search,UK,variant
ORD-000761,2023-12-17,CUST-00853,cust-00853@lumenmail.com,Furniture,3,90.69,15.0,Paid Search,US,control
ORD-002024,2024-07-16,CUST-00449,cust-00449@lumenmail.com,Lighting,2,44.66,0.0,Organic,US,
ORD-007503,2023-07-17,,guest@lumenmail.com,Accessories,1,109.06,0.05,Social,US,control
ORD-002159,2024-11-09,CUST-02685,cust-02685@lumenmail.com,Décor,2,37.63,0.0,Email,UK,control
ORD-006273,16/01/2024,CUST-01303,cust-01303@lumenmail.com,Lighting,1,117.96,0.15,Paid Search,CA,variant
ORD-006346,10/12/2023,CUST-02574,cust-02574@lumenmail.com,Outdoor,2,144.72,0.0,Paid Search,US,variant
ORD-005890,13/08/2024,,guest@lumenmail.com,Décor,3,26.94,0.0,Email,US,variant
ORD-003637,2023-07-08,CUST-00156,cust-00156@lumenmail.com,Furniture,1,399.68,25.0,Paid Search,US,
ORD-009542,03/04/2024,CUST-00702,cust-00702@lumenmail.com,Furniture,1,447.31,0.0,Organic,CA,control
ORD-002307,2024-08-17,CUST-01000,cust-01000@lumenmail.com,Outdoor,4,155.88,0.1,Paid Search,AU,control
ORD-003074,2023-12-24,CUST-01163,cust-01163@lumenmail.com,Furniture,1,51.23,0.15,Email,US,variant
ORD-001061,2023-07-17,CUST-01937,cust-01937@lumenmail.com,Lighting,1,174.27,0.0,Email,US,
ORD-006198,17/09/2023,CUST-00550,cust-00550@lumenmail.com,Outdoor,4,99.35,0.0,Email,US,
ORD-005226,2023-10-17,CUST-00726,cust-00726@lumenmail.com,Lighting,1,44.3,0.0,Paid Search,US,control
ORD-006926,2023-06-24,CUST-00438,cust-00438@lumenmail.com,Furniture,1,128.87,0.0,Organic,AU,
ORD-004393,2024-09-06,CUST-02173,cust-02173@lumenmail.com,Accessories,3,119.65,0.0,Paid Search,CA,control
ORD-005628,2024-11-27,CUST-00455,cust-00455@lumenmail.com,Décor,3,293.67,0.05,Paid Search,US,control
ORD-006773,2024-07-26,,guest@lumenmail.com,Décor,2,63.03,0.05,,US,
ORD-007710,2024-03-27,CUST-01208,cust-01208@lumenmail.com,Décor,2,436.02,0.1,,US,
ORD-007474,2024-09-14,CUST-00083,cust-00083@lumenmail.com,Furniture,1,280.39,0.05,Organic,US,variant
ORD-007665,18/01/2024,CUST-02678,cust-02678@lumenmail.com,Décor,5,188.48,0.0,Organic,US,variant
ORD-004997,2024-02-16,CUST-02075,cust-02075@lumenmail.com,Outdoor,1,159.61,0.0,Paid Search,CA,control
ORD-002431,2024-06-04,CUST-02862,cust-02862@lumenmail.com,Accessories,1,35.34,0.0,Paid Search,US,control
ORD-003991,21/12/2023,CUST-00505,cust-00505@lumenmail.com,Décor,5,171.96,0.2,Organic,US,control
ORD-008626,2023-12-16,CUST-02660,cust-02660@lumenmail.com,Décor,5,267.12,0.05,Paid Search,US,
ORD-000640,2023-07-25,CUST-00171,cust-00171@lumenmail.com,Lighting,1,32.84,0.0,Social,US,variant
ORD-002972,2023-10-04,CUST-01221,cust-01221@lumenmail.com,Lightng,4,24.56,0.0,Organic,US,
ORD-006317,2024-11-03,CUST-00631,cust-00631@lumenmail.com,Lighting,1,564.28,0.25,Paid Search,US,control
ORD-007262,2023-07-14,CUST-01441,cust-01441@lumenmail.com,Furniture,2,261.3,0.0,Organic,US,variant
ORD-006238,19/10/2023,CUST-01851,cust-01851@lumenmail.com,Furniture,1,182.71,0.05,Paid Search,US,control
ORD-007205,2023-09-11,CUST-02391,cust-02391@lumenmail.com,Lighting,2,162.87,15.0,Email,US,variant
ORD-007019,2024-03-31,CUST-00323,cust-00323@lumenmail.com,Accessories,1,147.5,0.0,Organic,US,
ORD-005386,2024-09-21,CUST-01370,cust-01370@lumenmail.com,Furniture,2,141.11,0.05,Email,US,
ORD-000464,2024-09-04,CUST-02138,cust-02138@lumenmail.com,Lighting,1,188.93,0.05,Social,US,variant
ORD-001974,2023-06-24,CUST-01283,cust-01283@lumenmail.com,Lighting,2,36.36,0.2,Email,US,
ORD-008640,2024-08-11,CUST-02376,cust-02376@lumenmail.com,Lighting,1,12.68,0.0,Paid Search,UK,variant
ORD-004009,06/04/2024,CUST-00696,cust-00696@lumenmail.com,Décor,5,49.88,0.0,Email,US,variant
ORD-000085,2024-09-25,CUST-00780,cust-00780@lumenmail.com,Outdoor,2,278.31,0.1,Email,US,control
ORD-004133,2023-08-21,CUST-01636,cust-01636@lumenmail.com,Décor,2,47.52,0.0,Social,US,variant
ORD-009026,08/04/2024,CUST-02468,cust-02468@lumenmail.com,Lighting,2,24.44,0.1,Paid Search,US,
ORD-002862,2023-10-26,CUST-02235,cust-02235@lumenmail.com,Accessories,3,374.65,0.0,Organic,US,
ORD-000789,2024-06-29,CUST-00854,cust-00854@lumenmail.com,Lighting,3,75.22,0.15,Social,US,
ORD-008586,2024-01-24,CUST-02218,cust-02218@lumenmail.com,Lighting,3,21.32,0.0,Email,US,control
ORD-001838,03/10/2023,CUST-02568,cust-02568@lumenmail.com,Décor,1,55.86,0.0,Paid Search,UK,variant
ORD-002973,2023-07-23,CUST-01629,cust-01629@lumenmail.com,Décor,1,88.81,0.05,Organic,US,
ORD-005033,13/08/2023,CUST-00992,cust-00992@lumenmail.com,Outdoor,1,176.49,0.0,Email,US,
ORD-009248,07/10/2024,CUST-01633,cust-01633@lumenmail.com,Outdoor,1,716.26,0.0,Social,CA,control
ORD-003206,2024-09-24,CUST-01761,cust-01761@lumenmail.com,Lighting,1,93.89,0.0,Paid Search,US,variant
ORD-006000,2023-09-25,CUST-00152,cust-00152@lumenmail.com,Outdoor,1,189.98,0.05,Social,US,
ORD-005399,2024-10-29,CUST-00685,cust-00685@lumenmail.com,Lighting,1,94.71,25.0,Paid Search,UK,
ORD-009130,2023-11-03,CUST-02766,cust-02766@lumenmail.com,Furniture,1,5.98,0.05,Paid Search,US,variant
ORD-009336,12/02/2024,CUST-01544,cust-01544@lumenmail.com,Furniture,1,138.95,0.2,Email,CA,
ORD-002971,2024-05-26,CUST-02484,cust-02484@lumenmail.com,Lighting,3,789.73,0.1,Organic,US,control
ORD-003452,,CUST-01303,cust-01303@lumenmail.com,Décor,2,29.62,0.1,Paid Search,US,control
ORD-000581,2024-12-15,CUST-00977,cust-00977@lumenmail.com,Décor,5,48.21,0.0,Paid Search,US,control
ORD-009251,02/12/2023,CUST-01185,cust-01185@lumenmail.com,Furniture,3,24.04,0.0,Organic,CA,control
ORD-005208,2023-10-19,CUST-02485,cust-02485@lumenmail.com,Décor,1,34.48,0.0,Paid Search,UK,
ORD-009472,2024-06-22,CUST-02643,cust-02643@lumenmail.com,Accessories,1,77.48,0.0,Paid Search,UK,variant
ORD-000611,2024-08-18,CUST-02970,cust-02970@lumenmail.com,Décor,1,341.58,0.0,,UK,variant
ORD-003892,2023-09-09,CUST-00621,cust-00621@lumenmail.com,Lightng,1,11.83,0.05,Paid Search,CA,
ORD-002460,2023-11-15,CUST-02987,cust-02987@lumenmail.com,Furniture,6,271.9,0.1,Email,US,
ORD-007669,2024-11-01,CUST-01981,cust-01981@lumenmail.com,Lighting,2,63.2,0.25,Paid Search,US,variant
ORD-005093,2024-07-01,CUST-00548,cust-00548@lumenmail.com,Lighting,2,63.77,0.2,Paid Search,US,control
ORD-006717,2024-03-03,CUST-01410,cust-01410@lumenmail.com,Furniture,2,686.36,0.15,Paid Search,US,
ORD-003596,15/08/2023,CUST-00990,cust-00990@lumenmail.com,Décor,2,87.44,0.05,Email,CA,control
ORD-005357,2024-10-23,CUST-01248,cust-01248@lumenmail.com,Décor,2,46.62,0.15,Organic,UK,control
ORD-008743,2024-05-09,CUST-01026,cust-01026@lumenmail.com,Décor,1,172.37,0.05,Paid Search,US,
ORD-002003,2023-07-02,CUST-02166,cust-02166@lumenmail.com,Décor,1,21.39,0.0,Organic,US,variant
ORD-008996,2023-06-30,CUST-01232,cust-01232@lumenmail.com,Accessories,5,88.81,0.0,Paid Search,AU,
ORD-006169,2024-07-27,,guest@lumenmail.com,Accessories,3,77.59,0.0,Social,CA,control
ORD-009457,2023-06-15,CUST-00331,cust-00331@lumenmail.com,Décor,1,42.29,0.0,Paid Search,UK,
ORD-002985,2024-03-23,CUST-00105,cust-00105@lumenmail.com,Accessories,1,393.44,0.0,Email,US,variant
ORD-008645,2024-12-04,CUST-00281,cust-00281@lumenmail.com,Furniture,1,784.57,0.0,Paid Search,US,control
ORD-003863,2023-09-08,CUST-02637,cust-02637@lumenmail.com,Outdoor,1,35.99,0.05,Email,US,control
ORD-004204,2024-02-07,CUST-00665,cust-00665@lumenmail.com,Furniture,2,25.95,0.2,Email,US,
ORD-006089,2024-10-18,CUST-00334,cust-00334@lumenmail.com,Décor,5,7.96,0.0,Social,US,
ORD-008795,2023-11-27,CUST-02769,cust-02769@lumenmail.com,Lighting,1,29.61,0.05,Paid Search,US,
ORD-005590,2023-07-18,CUST-02589,cust-02589@lumenmail.com,Accessories,6,110.82,0.0,Paid Search,US,control
ORD-004152,2024-02-24,CUST-02180,cust-02180@lumenmail.com,Furniture,2,228.03,0.05,Social,US,
ORD-006500,19/11/2024,CUST-02230,cust-02230@lumenmail.com,Outdoor,2,512.22,15.0,Paid Search,US,variant
ORD-001973,2024-09-24,CUST-01123,cust-01123@lumenmail.com,Outdoor,2,173.11,0.05,Social,US,
ORD-001008,2024-12-08,CUST-01351,cust-01351@lumenmail.com,Lighting,3,79.09,0.0,Social,CA,variant
ORD-002910,2024-06-10,CUST-01655,cust-01655@lumenmail.com,Décor,1,65.24,0.05,Organic,CA,variant
ORD-002816,2024-05-10,CUST-01285,cust-01285@lumenmail.com,Lighting,1,142.55,0.05,Organic,CA,control
ORD-002049,2023-07-05,CUST-00053,cust-00053@lumenmail.com,Décor,2,61.2,0.0,Email,US,variant
ORD-004462,2023-10-29,CUST-00542,cust-00542@lumenmail.com,Furniture,4,34.22,0.1,Email,US,variant
ORD-005334,2024-02-14,CUST-01612,cust-01612@lumenmail.com,Furniture,1,41.04,0.2,,US,control
ORD-007006,2023-08-19,CUST-01366,cust-01366@lumenmail.com,Décor,2,94.76,0.05,Organic,US,
ORD-000688,24/11/2024,CUST-00873,cust-00873@lumenmail.com,Furniture,2,499.38,0.0,Organic,AU,control
ORD-007952,2024-03-30,CUST-02099,cust-02099@lumenmail.com,Lighting,1,525.48,0.0,Paid Search,US,control
ORD-007223,2024-06-18,CUST-02437,cust-02437@lumenmail.com,Lighting,2,36.84,0.0,Paid Search,US,control
ORD-007756,2024-09-07,CUST-01814,cust-01814@lumenmail.com,Décor,2,166.92,0.0,,US,variant
ORD-006690,2024-12-16,CUST-00330,cust-00330@lumenmail.com,Furniture,1,196.71,0.0,Email,US,variant
ORD-001919,2024-07-09,CUST-01357,cust-01357@lumenmail.com,lighting,2,93.97,0.0,,UK,
ORD-001640,2024-05-15,,guest@lumenmail.com,Décor,1,162.52,0.1,Paid Search,US,
ORD-003583,2024-07-24,CUST-02643,cust-02643@lumenmail.com,Lighting,2,119.53,0.0,,US,control
ORD-003975,2023-09-11,CUST-01667,cust-01667@lumenmail.com,Lighting,1,118.85,0.05,Organic,US,control
ORD-007916,2023-12-22,CUST-02674,cust-02674@lumenmail.com,Furniture,5,169.65,0.15,Organic,US,control
ORD-008083,09/06/2023,CUST-02867,cust-02867@lumenmail.com,Accessories,5,71.65,0.1,Paid Search,AU,control
ORD-007774,2024-09-19,,guest@lumenmail.com,Décor,4,17.14,0.15,Email,UK,
ORD-005790,13/12/2024,CUST-01533,cust-01533@lumenmail.com,Furniture,5,385.68,0.05,Email,US,variant
ORD-004628,2024-08-01,CUST-00425,cust-00425@lumenmail.com,Furniture,5,283.63,0.2,Paid Search,CA,control
ORD-002524,2023-08-16,CUST-02655,cust-02655@lumenmail.com,Lighting,1,175.85,0.2,Email,CA,control
ORD-003041,2024-01-14,CUST-00931,cust-00931@lumenmail.com,Furniture,5,496.12,0.05,Email,UK,
ORD-000863,2024-11-18,CUST-00973,cust-00973@lumenmail.com,Accessories,3,64.38,0.05,Organic,US,variant
ORD-002904,2024-08-21,CUST-00834,cust-00834@lumenmail.com,Furniture,2,190.55,0.2,Social,ZZ,
ORD-007459,2023-06-27,CUST-02530,cust-02530@lumenmail.com,Décor,1,106.47,0.05,Email,UK,
ORD-006905,2023-07-24,CUST-01224,cust-01224@lumenmail.com,Décor,1,493.32,0.15,Organic,UK,
ORD-006207,2023-12-15,CUST-02169,cust-02169@lumenmail.com,Furniture,1,148.07,0.15,,US,
ORD-000790,2024-07-29,CUST-01892,cust-01892@lumenmail.com,Décor,1,37.85,0.05,Organic,US,
ORD-006593,2024-06-18,CUST-02742,cust-02742@lumenmail.com,Décor,4,14.26,0.05,Paid Search,US,variant
ORD-007217,2023-06-30,CUST-00429,cust-00429@lumenmail.com,Outdoor,3,39.01,0.0,Email,US,control
ORD-003313,2024-10-02,CUST-00764,cust-00764@lumenmail.com,Décor,1,139.28,0.0,Organic,CA,variant
ORD-003376,2024-07-08,CUST-01929,cust-01929@lumenmail.com,Décor,3,25.94,0.15,Organic,US,variant
ORD-006635,08/12/2023,CUST-00178,cust-00178@lumenmail.com,Lighting,2,32.33,0.0,Paid Search,US,
ORD-005987,22/10/2024,CUST-01438,cust-01438@lumenmail.com,Accessories,1,33.12,0.15,Social,CA,control
ORD-009281,2024-07-20,CUST-01942,cust-01942@lumenmail.com,Accessories,1,509.18,0.0,Paid Search,US,control
ORD-006640,2024-08-29,CUST-00662,cust-00662@lumenmail.com,Lighting,-1,121.43,0.05,Organic,US,
ORD-006316,2024-09-19,CUST-01055,cust-01055@lumenmail.com,Outdoor,5,20.51,10.0,Social,US,
ORD-001688,2024-04-09,CUST-00628,cust-00628@lumenmail.com,Accessories,2,104.17,0.05,Email,CA,variant
ORD-009161,2023-10-31,CUST-02981,cust-02981@lumenmail.com,Outdoor,2,135.1,15.0,Paid Search,US,control
ORD-002385,2024-06-10,CUST-01240,cust-01240@lumenmail.com,Décor,4,79.19,0.05,Paid Search,US,control
ORD-005135,2024-11-10,CUST-02259,cust-02259@lumenmail.com,Lighting,2,291.2,0.05,Email,US,control
ORD-009557,2024-12-23,CUST-02608,cust-02608@lumenmail.com,Lighting,1,106.59,20.0,Email,UK,variant
ORD-008450,28/10/2024,CUST-02733,cust-02733@lumenmail.com,Outdoor,3,19.73,0.1,Social,US,control
ORD-003350,2024-07-02,CUST-00611,cust-00611@lumenmail.com,Lighting,1,40.77,0.0,Organic,US,control
ORD-003445,2024-01-23,CUST-02335,cust-02335@lumenmail.com,Décor,1,47.99,0.0,Email,CA,
ORD-005231,2023-10-24,CUST-02497,cust-02497@lumenmail.com,Outdoor,2,626.89,0.0,Paid Search,CA,control
ORD-006223,2023-12-30,CUST-01251,cust-01251@lumenmail.com,Décor,1,29.53,0.0,Email,US,control
ORD-000992,2024-05-18,CUST-00955,cust-00955@lumenmail.com,Lighting,1,568.25,5.0,Email,UK,variant
ORD-001242,03/08/2024,CUST-01092,cust-01092@lumenmail.com,Lighting,3,106.47,0.1,Organic,UK,variant
ORD-002350,2024-09-21,,guest@lumenmail.com,Furniture,2,243.09,0.25,Paid Search,CA,control
ORD-008556,2024-10-11,CUST-00258,cust-00258@lumenmail.com,Outdoor,1,60.07,0.15,Email,US,
ORD-005741,2023-07-04,CUST-02502,cust-02502@lumenmail.com,Furniture,2,118.13,0.2,Email,US,variant
ORD-001984,2024-06-26,CUST-01705,cust-01705@lumenmail.com,Décor,7,21.43,0.0,Social,AU,
ORD-006839,2024-04-08,CUST-01483,cust-01483@lumenmail.com,Décor,1,97.21,0.0,Social,US,
ORD-006699,2024-11-08,,guest@lumenmail.com,Décor,1,351.84,0.0,Paid Search,US,variant
ORD-006796,10/09/2024,CUST-01019,cust-01019@lumenmail.com,Lighting,3,12.88,15.0,Organic,US,variant
ORD-008354,2024-01-12,CUST-01343,cust-01343@lumenmail.com,Lighting,3,650.0,0.15,Social,US,variant
ORD-001653,2024-10-07,CUST-01989,cust-01989@lumenmail.com,Outdoor,2,72.77,0.0,Paid Search,US,control
ORD-001638,25/11/2024,CUST-02249,cust-02249@lumenmail.com,Furniture,2,46.63,0.0,Paid Search,AU,variant
ORD-005646,2024-06-26,CUST-01915,cust-01915@lumenmail.com,Lighting,1,175.53,15.0,Organic,UK,
ORD-005908,2024-11-19,CUST-02423,cust-02423@lumenmail.com,Outdoor,1,16.44,0.05,Paid Search,ZZ,
ORD-004802,2024-06-21,CUST-01881,cust-01881@lumenmail.com,Furniture,3,38.67,0.05,Organic,US,
ORD-007570,2023-07-24,CUST-00478,cust-00478@lumenmail.com,Lighting,3,11.81,0.0,Email,CA,
ORD-004877,2024-04-14,CUST-01689,cust-01689@lumenmail.com,Décor,1,113.7,0.05,Email,US,
ORD-003123,2024-10-16,CUST-02091,cust-02091@lumenmail.com,Lighting,2,155.02,15.0,Organic,US,
ORD-000205,2024-06-08,CUST-02348,cust-02348@lumenmail.com,Décor,2,6.56,0.0,Email,US,control
ORD-009476,2023-08-23,CUST-00355,cust-00355@lumenmail.com,Lighting,7,171.16,0.05,Paid Search,CA,
ORD-002878,2024-12-28,,guest@lumenmail.com,Outdoor,2,73.06,0.0,Social,US,control
ORD-003064,2023-10-26,CUST-02855,cust-02855@lumenmail.com,Lighting,2,48.77,0.2,Organic,AU,control
ORD-008618,2023-06-23,,guest@lumenmail.com,Lighting,5,26.63,0.1,Paid Search,UK,
ORD-002449,2024-04-24,CUST-00271,cust-00271@lumenmail.com,Décor,1,6.89,0.0,Organic,CA,control
ORD-003121,2024-11-02,CUST-01307,cust-01307@lumenmail.com,Lighting,3,31.79,0.1,Organic,US,
ORD-004357,2023-09-24,CUST-02454,cust-02454@lumenmail.com,Outdoor,1,120.77,0.0,Organic,US,control
ORD-004151,12/12/2023,,guest@lumenmail.com,Décor,3,548.65,0.0,,US,
ORD-005811,2024-01-07,,guest@lumenmail.com,Outdoor,3,0.0,0.2,Organic,CA,
ORD-001769,2023-10-28,CUST-02089,cust-02089@lumenmail.com,Lighting,1,215.04,0.0,Paid Search,CA,control
ORD-003741,2023-12-20,CUST-00082,cust-00082@lumenmail.com,Furniture,3,65.38,0.0,Paid Search,CA,
ORD-004165,2023-10-27,CUST-02690,cust-02690@lumenmail.com,Décor,2,74.06,0.05,Paid Search,US,
ORD-007382,2023-09-06,CUST-02182,cust-02182@lumenmail.com,Furniture,1,16.52,0.15,Social,US,variant
ORD-007609,19/07/2024,CUST-02274,cust-02274@lumenmail.com,Accessories,4,231.55,0.0,Social,CA,
ORD-006551,,CUST-01523,cust-01523@lumenmail.com,Lighting,3,60.04,0.0,Paid Search,CA,control
ORD-004432,2024-06-15,,guest@lumenmail.com,Lighting,1,111.47,0.0,Social,CA,control
ORD-009213,2024-05-28,CUST-01597,cust-01597@lumenmail.com,Lighting,1,60.4,0.1,Paid Search,CA,
ORD-004205,2023-12-21,CUST-01903,cust-01903@lumenmail.com,Décor,2,174.93,20.0,Organic,US,control
ORD-002832,2024-07-18,CUST-01508,cust-01508@lumenmail.com,Outdoor,1,496.55,0.0,Paid Search,UK,
ORD-002605,2023-07-06,CUST-00815,cust-00815@lumenmail.com,Décor,1,7.28,0.25,Paid Search,US,
ORD-004887,2024-07-23,CUST-02950,cust-02950@lumenmail.com,Accessories,2,37.32,0.0,Email,US,
ORD-007131,2024-04-15,CUST-02900,cust-02900@lumenmail.com,Lighting,4,22.93,0.15,Paid Search,US,control
ORD-007444,2023-08-01,CUST-00487,cust-00487@lumenmail.com,Décor,1,36.73,0.0,Organic,US,control
ORD-003953,14/10/2024,CUST-00562,cust-00562@lumenmail.com,Lighting,1,24.71,0.0,Email,US,
ORD-005222,2024-12-16,CUST-01544,cust-01544@lumenmail.com,Lighting,1,721.43,0.0,Paid Search,US,
ORD-005342,2024-04-29,,guest@lumenmail.com,Lighting,2,520.83,0.0,Paid Search,US,control
ORD-000146,2023-12-29,CUST-01638,cust-01638@lumenmail.com,Lighting,3,483.86,0.15,Social,US,control
ORD-004522,2023-12-19,CUST-00035,cust-00035@lumenmail.com,Décor,4,150.59,0.0,Paid Search,US,variant
ORD-005725,22/04/2024,CUST-02033,cust-02033@lumenmail.com,Outdoor,2,61.35,0.0,Social,US,
ORD-005860,2024-03-10,CUST-01920,cust-01920@lumenmail.com,Lighting,1,9.08,0.0,Email,US,variant
ORD-006866,2023-10-01,CUST-01775,cust-01775@lumenmail.com,Décor,1,40.6,0.0,Organic,US,control
ORD-008266,2024-11-16,CUST-02216,cust-02216@lumenmail.com,Furniture,1,83.18,0.1,Paid Search,US,control
ORD-002610,2024-02-19,CUST-00556,cust-00556@lumenmail.com,Lighting,2,101.58,0.0,Paid Search,US,
ORD-001812,2024-05-03,CUST-02854,cust-02854@lumenmail.com,Furniture,3,32.9,0.05,Email,US,control
ORD-002770,2023-09-23,CUST-00950,cust-00950@lumenmail.com,Décor,3,31.79,0.0,Paid Search,US,variant
ORD-002241,04/12/2024,CUST-00943,cust-00943@lumenmail.com,Décor,1,150.41,0.0,Organic,US,variant
ORD-006745,2023-11-07,CUST-02131,cust-02131@lumenmail.com,Furniture,2,47.66,20.0,Email,CA,control
ORD-006683,2024-03-01,CUST-02043,cust-02043@lumenmail.com,Décor,3,190.99,0.0,,US,
ORD-000196,2023-08-12,CUST-00297,cust-00297@lumenmail.com,Décor,4,8.13,0.15,Social,US,
ORD-002954,2024-02-28,CUST-02796,cust-02796@lumenmail.com,Décor,1,41.24,0.0,Email,AU,control
ORD-005989,2024-12-27,CUST-01272,cust-01272@lumenmail.com,Décor,1,143.58,0.05,Email,US,
ORD-007096,2023-11-02,CUST-01644,cust-01644@lumenmail.com,Décor,1,11.64,0.0,Organic,US,
ORD-004788,,CUST-02393,cust-02393@lumenmail.com,Décor,2,194.7,0.0,Organic,US,
ORD-000741,2023-12-31,CUST-00252,cust-00252@lumenmail.com,Lighting,1,125.9,0.0,Social,US,
ORD-004286,2023-12-19,CUST-02215,cust-02215@lumenmail.com,Lighting,2,77.92,0.1,Social,US,
ORD-007375,2024-08-10,CUST-02149,cust-02149@lumenmail.com,Lighting,1,46.84,0.1,Email,US,
ORD-005720,2024-11-02,CUST-01748,cust-01748@lumenmail.com,Lighting,1,152.41,0.25,Email,US,variant
ORD-005146,2023-10-17,CUST-01017,cust-01017@lumenmail.com,Outdoor,1,15.92,0.05,Organic,US,control
ORD-006417,2023-10-24,CUST-00656,cust-00656@lumenmail.com,Lighting,2,197.6,0.2,Paid Search,US,
ORD-007097,2024-12-07,CUST-02372,cust-02372@lumenmail.com,Lighting,2,161.6,0.0,Paid Search,US,
ORD-001216,2024-08-08,,guest@lumenmail.com,Lighting,1,48.69,0.0,Social,US,control
ORD-003019,22/07/2023,CUST-01615,cust-01615@lumenmail.com,Décor,1,75.63,25.0,Email,US,control
ORD-006220,2024-03-09,CUST-02108,cust-02108@lumenmail.com,Outdoor,1,36.08,0.05,Email,US,control
ORD-006091,2024-10-20,CUST-00556,cust-00556@lumenmail.com,Décor,3,136.57,0.05,Organic,US,
ORD-005402,2024-03-23,CUST-00921,cust-00921@lumenmail.com,Furniture,4,112.65,0.05,Paid Search,US,control
ORD-004836,2023-07-09,CUST-00904,cust-00904@lumenmail.com,Lighting,2,73.59,0.1,Email,US,control
ORD-006867,2023-07-26,CUST-02883,cust-02883@lumenmail.com,Outdoor,2,9.61,0.0,Organic,UK,
ORD-000272,2023-10-06,,guest@lumenmail.com,Lighting,3,144.2,0.0,Email,US,control
ORD-002575,2024-10-21,CUST-00520,cust-00520@lumenmail.com,Lightng,1,30.52,0.2,,US,
ORD-002050,2024-06-12,CUST-01603,cust-01603@lumenmail.com,Lighting,5,99.35,0.2,Paid Search,CA,
ORD-006738,2023-10-04,CUST-02950,cust-02950@lumenmail.com,Furniture,1,61.11,0.0,Paid Search,US,
ORD-008939,2024-02-23,CUST-02568,cust-02568@lumenmail.com,Décor,4,21.73,0.05,Paid Search,US,variant
ORD-006591,2023-08-14,CUST-02947,cust-02947@lumenmail.com,Décor,1,104.78,0.0,Paid Search,US,control
ORD-002233,2024-04-17,,guest@lumenmail.com,Lighting,4,53.55,0.0,,CA,variant
ORD-003668,28/12/2023,CUST-01040,cust-01040@lumenmail.com,Outdoor,1,144.96,0.15,Organic,US,variant
ORD-007091,2023-08-14,CUST-02564,cust-02564@lumenmail.com,Lighting,2,109.33,0.0,Social,UK,variant
ORD-007691,2024-12-18,CUST-02611,cust-02611@lumenmail.com,Lighting,1,26.31,15.0,Email,US,
ORD-007324,2024-03-25,CUST-02989,cust-02989@lumenmail.com,Décor,3,39.08,0.2,Paid Search,UK,variant
ORD-002672,2023-09-10,CUST-02700,cust-02700@lumenmail.com,Décor,2,130.53,0.0,Organic,CA,
ORD-001168,25/04/2024,CUST-00062,cust-00062@lumenmail.com,Accessories,4,30.9,0.25,Paid Search,US,variant
ORD-001272,2023-06-25,CUST-00006,cust-00006@lumenmail.com,Décor,1,56.85,0.2,,US,variant
ORD-000683,2024-01-26,CUST-01058,cust-01058@lumenmail.com,Furniture,2,210.43,0.0,,US,
ORD-004712,2024-12-15,CUST-00929,cust-00929@lumenmail.com,Outdoor,2,16.0,0.0,Email,US,
ORD-007758,29/08/2024,CUST-02268,cust-02268@lumenmail.com,Outdoor,1,404.78,0.0,Email,US,control
ORD-008984,2024-07-21,CUST-01951,cust-01951@lumenmail.com,Décor,6,11.83,0.1,Paid Search,US,variant
ORD-003798,2024-07-16,CUST-01557,cust-01557@lumenmail.com,Furniture,1,331.87,0.0,,US,variant
ORD-005305,2024-11-12,CUST-01032,cust-01032@lumenmail.com,Furniture,2,59.67,0.05,Paid Search,UK,control
ORD-003571,2023-08-03,CUST-00606,cust-00606@lumenmail.com,Décor,1,329.26,0.2,,CA,variant
ORD-007547,2024-10-08,CUST-00023,cust-00023@lumenmail.com,Lighting,1,137.85,10.0,Email,US,variant
ORD-006387,2024-10-04,CUST-01393,cust-01393@lumenmail.com,Décor,1,170.89,0.0,Organic,CA,
ORD-001941,2024-07-30,CUST-01119,cust-01119@lumenmail.com,Décor,1,535.2,0.05,Paid Search,US,
ORD-006653,2023-09-27,CUST-02616,cust-02616@lumenmail.com,Décor,1,527.53,0.05,Email,CA,
ORD-006588,2023-08-23,,guest@lumenmail.com,Accessories,1,118.53,0.0,Email,CA,variant
ORD-006579,2024-02-09,CUST-02901,cust-02901@lumenmail.com,Outdoor,1,268.36,0.15,Paid Search,AU,
ORD-004858,29/12/2024,CUST-00112,cust-00112@lumenmail.com,Furniture,1,26.04,10.0,Email,US,
ORD-003490,2024-07-02,CUST-02191,cust-02191@lumenmail.com,Furniture,3,136.81,0.0,Paid Search,US,
ORD-004410,2024-01-15,CUST-02519,cust-02519@lumenmail.com,Lighting,5,101.86,0.0,Email,US,
ORD-001781,2024-06-29,CUST-01065,cust-01065@lumenmail.com,Furniture,5,290.22,0.0,Email,US,
ORD-007731,2024-03-18,CUST-02010,cust-02010@lumenmail.com,Furniture,1,195.54,0.0,Email,US,
ORD-002376,2024-09-09,CUST-01406,cust-01406@lumenmail.com,Lighting,-2,53.57,0.0,Organic,CA,variant
ORD-002724,2024-11-13,CUST-02210,cust-02210@lumenmail.com,Lightng,5,150.87,10.0,Paid Search,CA,variant
ORD-008308,2023-07-01,CUST-01447,cust-01447@lumenmail.com,Lighting,2,258.58,0.1,Email,US,
ORD-003594,15/02/2024,CUST-01119,cust-01119@lumenmail.com,Décor,5,61.77,0.25,Organic,US,control
ORD-002563,2023-12-13,CUST-02228,cust-02228@lumenmail.com,Lighting,2,21.28,0.15,Organic,US,
ORD-001559,12/04/2024,CUST-02226,cust-02226@lumenmail.com,Décor,1,283.54,0.0,Organic,US,control
ORD-008534,2024-08-06,CUST-01336,cust-01336@lumenmail.com,Lighting,1,348.87,0.0,Organic,US,variant
ORD-002173,2024-06-28,CUST-02438,cust-02438@lumenmail.com,Accessories,3,179.4,0.05,Social,CA,variant
ORD-007041,2023-11-27,CUST-01584,cust-01584@lumenmail.com,Décor,1,99.07,0.0,Email,UK,control
ORD-009107,2023-09-12,CUST-02867,cust-02867@lumenmail.com,Décor,1,7.89,0.15,Paid Search,US,variant
ORD-001070,2023-11-06,CUST-01947,cust-01947@lumenmail.com,Décor,1,78.66,0.0,Paid Search,US,control
ORD-000163,2023-11-26,CUST-00783,cust-00783@lumenmail.com,Furniture,1,120.23,0.1,Organic,US,
ORD-001963,2024-06-16,CUST-02726,cust-02726@lumenmail.com,Outdoor,2,46.09,0.0,Paid Search,UK,
ORD-002540,28/07/2024,CUST-01948,cust-01948@lumenmail.com,lighting,1,44.6,0.0,Email,US,
ORD-009216,2024-11-20,CUST-01032,cust-01032@lumenmail.com,Décor,2,8.52,0.05,Paid Search,US,control
ORD-004145,2024-09-27,,guest@lumenmail.com,Décor,1,31.04,0.0,Paid Search,US,
ORD-005044,2023-07-21,CUST-01142,cust-01142@lumenmail.com,Décor,2,38.53,0.05,Paid Search,US,
ORD-008149,09/09/2024,CUST-01065,cust-01065@lumenmail.com,Décor,1,107.81,25.0,Email,UK,variant
ORD-007378,2023-07-21,CUST-01130,cust-01130@lumenmail.com,Furniture,1,27.02,0.0,Email,CA,variant
ORD-003836,2023-07-11,CUST-00888,cust-00888@lumenmail.com,Décor,6,194.96,15.0,Email,US,variant
ORD-008289,2024-01-24,,guest@lumenmail.com,Furniture,1,33.87,0.0,Email,US,control
ORD-008867,2024-05-03,CUST-00591,cust-00591@lumenmail.com,Furniture,4,7.65,0.15,Organic,UK,variant
ORD-002826,01/11/2024,,guest@lumenmail.com,Furniture,-1,69.7,0.0,Organic,US,
ORD-008057,2023-07-16,CUST-02641,cust-02641@lumenmail.com,Décor,3,134.82,0.15,Email,US,
ORD-009517,2023-09-12,CUST-02219,cust-02219@lumenmail.com,Lighting,2,324.73,0.0,Paid Search,US,control
ORD-003190,2024-01-23,CUST-01761,cust-01761@lumenmail.com,Outdoor,2,74.2,0.05,Email,US,control
ORD-008231,2023-06-03,CUST-02410,cust-02410@lumenmail.com,Décor,1,54.96,0.0,Email,AU,control
ORD-002255,2024-07-23,CUST-01701,cust-01701@lumenmail.com,Furniture,1,162.93,0.0,Paid Search,US,
ORD-005827,2024-03-23,CUST-02691,cust-02691@lumenmail.com,Décor,1,154.41,0.05,Email,US,variant
ORD-002531,2023-07-28,CUST-00743,cust-00743@lumenmail.com,Lighting,1,165.67,0.0,Paid Search,CA,variant
ORD-006196,2024-05-27,,guest@lumenmail.com,Lighting,1,136.9,0.05,Paid Search,US,variant
ORD-005492,2023-09-17,CUST-02542,cust-02542@lumenmail.com,Outdoor,1,42.32,0.0,Organic,CA,variant
ORD-003298,2023-07-23,CUST-00287,cust-00287@lumenmail.com,Lighting,1,47.23,0.05,Social,US,
ORD-005443,2024-10-31,CUST-01921,cust-01921@lumenmail.com,lighting,2,461.86,0.0,Organic,CA,
ORD-008244,2023-07-25,CUST-00011,cust-00011@lumenmail.com,Outdoor,1,76.55,5.0,Social,US,control
ORD-007904,2024-11-25,CUST-02921,cust-02921@lumenmail.com,Lighting,2,31.45,0.0,Email,CA,
ORD-001283,2024-10-26,CUST-02870,cust-02870@lumenmail.com,Décor,1,49.98,0.0,Paid Search,US,variant
ORD-004849,2024-03-21,CUST-00271,cust-00271@lumenmail.com,Lighting,2,725.21,0.0,Paid Search,US,variant
ORD-003342,07/01/2024,CUST-02933,cust-02933@lumenmail.com,Décor,3,46.72,0.0,Social,US,variant
ORD-003615,22/10/2023,CUST-02615,cust-02615@lumenmail.com,Outdoor,1,8.8,0.0,Social,CA,
ORD-007974,2024-10-24,CUST-00197,cust-00197@lumenmail.com,Furniture,3,127.7,0.0,Paid Search,US,control
ORD-006344,2024-07-17,CUST-02473,cust-02473@lumenmail.com,Lighting,2,168.66,0.25,Social,US,
ORD-005131,2024-11-16,CUST-02259,cust-02259@lumenmail.com,Lighting,2,373.22,0.0,Organic,US,variant
ORD-003119,2023-11-13,CUST-00801,cust-00801@lumenmail.com,Lighting,2,17.91,0.05,Social,US,variant
ORD-003623,2023-06-04,CUST-01296,cust-01296@lumenmail.com,Lightng,1,387.3,0.0,Paid Search,ZZ,
ORD-009127,26/07/2024,CUST-00590,cust-00590@lumenmail.com,Accessories,1,27.15,0.1,Organic,US,control
ORD-007139,2023-08-21,CUST-02598,cust-02598@lumenmail.com,Furniture,2,73.0,0.0,,US,variant
ORD-009082,2023-09-07,CUST-01326,cust-01326@lumenmail.com,Accessories,1,56.88,0.0,Organic,US,variant
ORD-000946,2024-09-27,CUST-02796,cust-02796@lumenmail.com,Accessories,3,18.04,0.1,Email,US,
ORD-000882,2024-12-18,CUST-01438,cust-01438@lumenmail.com,Lighting,2,540.33,0.0,Organic,CA,control
ORD-007588,2024-01-10,CUST-00914,cust-00914@lumenmail.com,Outdoor,3,15.55,0.1,Email,US,variant
ORD-005285,2023-07-16,CUST-02489,cust-02489@lumenmail.com,Furniture,1,91.87,0.1,Paid Search,US,variant
ORD-009431,2024-01-31,CUST-00749,cust-00749@lumenmail.com,Accessories,1,97.83,0.0,Organic,CA,variant
ORD-002712,2024-04-13,CUST-02325,cust-02325@lumenmail.com,Outdoor,3,19.83,0.0,Paid Search,UK,
ORD-002092,03/09/2023,CUST-01034,cust-01034@lumenmail.com,Décor,1,5.16,0.1,Social,US,variant
ORD-007548,2024-05-01,CUST-01507,cust-01507@lumenmail.com,Lighting,1,121.77,0.0,Social,US,
ORD-008887,2024-06-03,CUST-00098,cust-00098@lumenmail.com,Lighting,5,25.95,5.0,Paid Search,UK,variant
ORD-000268,2024-05-03,,guest@lumenmail.com,Accessories,1,56.1,0.1,Email,US,variant
ORD-006380,2024-02-20,CUST-00747,cust-00747@lumenmail.com,Lighting,1,84.02,0.0,Paid Search,US,control
ORD-002994,19/11/2023,CUST-01552,cust-01552@lumenmail.com,Lighting,5,65.28,0.0,Paid Search,US,control
ORD-003762,26/04/2024,CUST-02904,cust-02904@lumenmail.com,Décor,2,224.63,0.0,Email,US,
ORD-000667,2023-10-27,,guest@lumenmail.com,Décor,2,312.71,0.0,Organic,US,
ORD-001406,2023-10-10,CUST-02550,cust-02550@lumenmail.com,Furniture,-2,171.51,0.1,Social,CA,variant
ORD-008062,2024-06-28,CUST-02052,cust-02052@lumenmail.com,Lighting,1,205.35,0.0,Social,US,
ORD-003824,2024-02-26,CUST-02387,cust-02387@lumenmail.com,Décor,1,19.99,0.0,Social,US,
ORD-006482,2024-09-06,CUST-00269,cust-00269@lumenmail.com,Lighting,3,160.85,0.0,Social,US,variant
ORD-005872,2024-12-14,CUST-02389,cust-02389@lumenmail.com,Lighting,1,114.61,0.0,Email,AU,control
ORD-000089,2024-04-28,CUST-02005,cust-02005@lumenmail.com,Furniture,2,118.77,0.1,Email,US,
ORD-002893,2024-04-16,CUST-00796,cust-00796@lumenmail.com,Décor,1,34.15,15.0,Organic,UK,control
ORD-001556,2024-01-02,CUST-02744,cust-02744@lumenmail.com,Lighting,1,99.58,0.1,Paid Search,ZZ,variant
ORD-005844,2023-09-27,CUST-02138,cust-02138@lumenmail.com,Outdoor,2,521.93,0.0,Organic,US,variant
ORD-006842,2024-10-20,CUST-00145,cust-00145@lumenmail.com,Outdoor,2,34.82,0.0,,US,variant
ORD-006173,19/04/2024,CUST-02251,cust-02251@lumenmail.com,Lighting,2,39.07,0.1,Social,ZZ,variant
ORD-001801,2023-06-26,CUST-01141,cust-01141@lumenmail.com,Lighting,-3,353.1,0.0,Email,US,variant
ORD-007530,2024-02-06,CUST-01574,cust-01574@lumenmail.com,Décor,1,25.02,0.0,Paid Search,US,
ORD-000509,2023-07-07,,guest@lumenmail.com,Lighting,1,149.04,0.0,Organic,UK,
ORD-004991,2023-06-04,CUST-01291,cust-01291@lumenmail.com,Décor,1,159.24,0.0,Paid Search,US,control
ORD-008677,2023-08-19,CUST-00002,cust-00002@lumenmail.com,Lighting,3,168.8,0.0,Paid Search,US,
ORD-003491,02/02/2024,CUST-02042,cust-02042@lumenmail.com,Outdoor,2,48.09,0.1,Social,US,control
ORD-000415,06/01/2024,,guest@lumenmail.com,Outdoor,1,29.54,0.0,Email,US,
ORD-008643,2023-12-18,CUST-01005,cust-01005@lumenmail.com,Furniture,1,15.21,0.0,Organic,CA,control
ORD-002260,2023-06-09,CUST-01155,cust-01155@lumenmail.com,Lighting,2,34.02,0.0,Organic,CA,variant
ORD-001341,2024-12-24,CUST-01334,cust-01334@lumenmail.com,Accessories,3,746.58,0.15,Paid Search,US,
ORD-007106,2023-11-03,CUST-01780,cust-01780@lumenmail.com,Furniture,1,11.27,0.2,Paid Search,US,
ORD-003323,27/09/2023,CUST-02711,cust-02711@lumenmail.com,Outdoor,1,225.7,0.0,Paid Search,US,control
ORD-000880,2023-09-22,CUST-02668,cust-02668@lumenmail.com,Décor,1,117.51,0.05,Paid Search,US,
ORD-008283,2023-11-12,CUST-02985,cust-02985@lumenmail.com,Furniture,3,58.5,0.0,Social,US,
ORD-006204,2024-05-11,CUST-02614,cust-02614@lumenmail.com,Décor,1,29.36,0.0,Paid Search,US,
ORD-002406,2023-06-09,CUST-00333,cust-00333@lumenmail.com,Furniture,1,76.63,0.0,Social,UK,variant
ORD-000753,01/02/2024,CUST-01027,cust-01027@lumenmail.com,Furniture,-2,45.47,0.0,Organic,CA,variant
ORD-002734,2023-10-30,CUST-00486,cust-00486@lumenmail.com,Furniture,1,182.64,0.1,Paid Search,UK,control
ORD-006392,2024-08-17,CUST-02982,cust-02982@lumenmail.com,Décor,1,41.37,0.2,Social,US,variant
ORD-004775,2024-08-28,CUST-02302,cust-02302@lumenmail.com,Lighting,4,304.91,0.0,Paid Search,CA,control
ORD-006180,2023-11-22,CUST-01558,cust-01558@lumenmail.com,Décor,5,286.74,0.15,Paid Search,US,control
ORD-003460,2023-08-23,CUST-02428,cust-02428@lumenmail.com,Décor,6,317.22,0.15,Paid Search,CA,variant
ORD-006036,2024-01-03,,guest@lumenmail.com,Décor,2,88.02,0.2,Organic,US,variant
ORD-003263,13/07/2023,CUST-00825,cust-00825@lumenmail.com,Lighting,2,106.32,0.1,Social,US,
ORD-005294,2023-08-17,CUST-02201,cust-02201@lumenmail.com,Furniture,2,26.29,0.05,Email,US,
ORD-002087,2023-07-29,CUST-02024,cust-02024@lumenmail.com,Lightng,-3,194.21,0.0,Social,US,control
ORD-008571,21/10/2023,CUST-02203,cust-02203@lumenmail.com,lighting,1,86.49,0.0,Email,UK,
ORD-007928,2023-09-29,CUST-01256,cust-01256@lumenmail.com,Lighting,4,33.27,0.0,Paid Search,CA,
ORD-001352,19/02/2024,CUST-01792,cust-01792@lumenmail.com,Outdoor,1,24.84,15.0,Paid Search,UK,
ORD-005459,2023-10-18,CUST-02504,cust-02504@lumenmail.com,Furniture,2,93.11,0.0,Organic,US,control
ORD-006001,2023-12-19,CUST-02154,cust-02154@lumenmail.com,Lighting,2,63.25,0.15,Social,AU,
ORD-006047,2024-05-16,CUST-02070,cust-02070@lumenmail.com,Furniture,1,61.49,0.0,Organic,US,variant
ORD-007160,2024-12-06,CUST-02406,cust-02406@lumenmail.com,Furniture,1,152.0,0.05,Email,US,control
ORD-002777,2024-06-30,CUST-02692,cust-02692@lumenmail.com,Lighting,-5,131.16,0.15,Social,US,control
ORD-003063,22/12/2023,CUST-00853,cust-00853@lumenmail.com,Décor,2,86.42,0.15,Email,US,
ORD-009262,2023-09-18,CUST-00229,cust-00229@lumenmail.com,Lighting,1,72.85,0.15,Social,US,variant
ORD-007039,01/10/2023,CUST-01691,cust-01691@lumenmail.com,Décor,1,85.4,0.0,Organic,US,
ORD-005457,2023-08-25,CUST-00071,cust-00071@lumenmail.com,Accessories,2,52.33,0.05,,US,variant
ORD-009062,2023-06-17,,guest@lumenmail.com,Lighting,1,14.4,0.25,Paid Search,US,control
ORD-000311,2024-09-18,CUST-02404,cust-02404@lumenmail.com,Décor,-2,12.47,0.2,,US,control
ORD-006864,2024-03-13,CUST-02406,cust-02406@lumenmail.com,Accessoires,1,27.83,0.2,,CA,control
ORD-008773,2024-01-10,CUST-02858,cust-02858@lumenmail.com,Furniture,3,69.31,0.1,Paid Search,US,variant
ORD-003626,16/10/2023,CUST-02320,cust-02320@lumenmail.com,Furniture,1,127.5,0.1,Email,US,control
ORD-007914,16/04/2024,CUST-01383,cust-01383@lumenmail.com,Lighting,3,62.58,0.0,Email,US,
ORD-005979,2024-04-20,CUST-00221,cust-00221@lumenmail.com,Outdoor,2,61.91,10.0,Paid Search,AU,
ORD-000600,2023-08-29,CUST-01064,cust-01064@lumenmail.com,Lighting,1,21.8,0.1,Organic,UK,control
ORD-009059,2023-10-12,CUST-01754,cust-01754@lumenmail.com,Outdoor,3,39.98,0.1,Paid Search,US,
ORD-006013,2024-07-03,CUST-00424,cust-00424@lumenmail.com,Lightng,1,34.29,0.0,Email,US,
ORD-006725,2023-08-08,CUST-00107,cust-00107@lumenmail.com,Lighting,2,27.31,0.1,Organic,US,
ORD-006560,2024-09-26,CUST-01498,cust-01498@lumenmail.com,Décor,1,170.11,0.0,Paid Search,US,
ORD-006159,2023-11-21,CUST-01938,cust-01938@lumenmail.com,Décor,1,148.74,0.1,Email,US,
ORD-004708,2024-12-18,CUST-01262,cust-01262@lumenmail.com,Décor,1,43.79,0.0,Paid Search,ZZ,variant
ORD-000801,2024-04-24,CUST-02730,cust-02730@lumenmail.com,Outdoor,2,12.29,0.0,Email,US,control
ORD-005533,2023-08-22,,guest@lumenmail.com,Décor,2,63.04,0.2,Organic,US,variant
ORD-009465,2024-02-13,CUST-01587,cust-01587@lumenmail.com,Décor,5,42.69,0.0,Social,US,
ORD-008294,30/09/2023,CUST-01533,cust-01533@lumenmail.com,Décor,2,30.4,0.0,Paid Search,AU,control
ORD-007454,2024-06-11,CUST-01738,cust-01738@lumenmail.com,Lighting,2,21.93,0.0,Email,US,
ORD-004302,08/09/2024,CUST-01888,cust-01888@lumenmail.com,Furniture,1,93.64,0.05,Organic,US,
ORD-003451,30/05/2024,CUST-01665,cust-01665@lumenmail.com,Furniture,3,23.52,0.1,Social,AU,
ORD-007238,2024-05-16,CUST-01495,cust-01495@lumenmail.com,Outdoor,4,43.45,0.0,Paid Search,US,variant
ORD-006362,2024-09-03,CUST-00693,cust-00693@lumenmail.com,Lighting,2,54.04,0.05,Paid Search,US,variant
ORD-004973,2024-03-13,CUST-01254,cust-01254@lumenmail.com,Outdoor,1,132.9,0.05,Email,US,variant
ORD-006239,2024-12-05,CUST-00648,cust-00648@lumenmail.com,Lighting,1,180.09,0.05,Paid Search,US,control
ORD-003648,12/11/2024,CUST-01764,cust-01764@lumenmail.com,Furniture,5,15.89,0.0,Organic,US,
ORD-008572,2023-09-23,CUST-02650,cust-02650@lumenmail.com,Furniture,1,14.68,0.05,Paid Search,US,
ORD-002888,2024-03-24,CUST-00345,cust-00345@lumenmail.com,Outdoor,4,18.52,0.0,Social,UK,
ORD-006062,2023-07-06,CUST-00757,cust-00757@lumenmail.com,Lighting,2,52.01,0.15,Organic,US,control
ORD-004390,15/05/2024,CUST-00557,cust-00557@lumenmail.com,Furniture,4,139.2,0.0,Paid Search,US,variant
ORD-001408,2024-04-14,,guest@lumenmail.com,Lighting,1,8.42,0.0,Email,US,variant
ORD-004018,2024-10-27,CUST-01008,cust-01008@lumenmail.com,Accessories,1,183.67,0.1,Paid Search,UK,
ORD-006218,2023-08-07,CUST-01535,cust-01535@lumenmail.com,Accessories,1,94.29,0.1,Organic,US,control
ORD-007493,2023-10-04,CUST-00776,cust-00776@lumenmail.com,Accessories,2,581.76,0.0,Email,CA,
ORD-009421,2024-11-28,CUST-02170,cust-02170@lumenmail.com,Décor,1,52.71,0.0,Paid Search,ZZ,variant
ORD-009272,2023-10-01,CUST-01151,cust-01151@lumenmail.com,Furniture,3,353.42,0.0,Email,US,control
ORD-008016,2024-01-01,CUST-01561,cust-01561@lumenmail.com,Lighting,1,378.33,20.0,Email,CA,control
ORD-007207,2023-11-22,CUST-02697,cust-02697@lumenmail.com,Décor,2,72.01,0.05,,US,variant
ORD-002332,2023-10-24,CUST-02786,cust-02786@lumenmail.com,Décor,2,74.43,0.25,Social,US,
ORD-006030,20/06/2024,CUST-02122,cust-02122@lumenmail.com,Accessories,1,50.43,0.1,Email,US,
ORD-002118,2024-06-28,CUST-00377,cust-00377@lumenmail.com,Décor,2,12.68,0.0,Paid Search,CA,
ORD-003710,2023-10-25,,guest@lumenmail.com,Lighting,4,29.58,0.0,Email,US,
ORD-009340,2023-11-20,CUST-01969,cust-01969@lumenmail.com,Furniture,1,19.75,0.15,Paid Search,US,
ORD-008490,2024-01-22,CUST-02391,cust-02391@lumenmail.com,Outdoor,1,84.11,0.0,Email,US,control
ORD-006998,2023-08-17,CUST-01285,cust-01285@lumenmail.com,Outdoor,1,112.39,0.05,Email,US,variant
ORD-004290,2024-09-24,CUST-02321,cust-02321@lumenmail.com,Lighting,2,29.35,0.05,Social,CA,control
ORD-001085,2024-04-27,CUST-01315,cust-01315@lumenmail.com,Décor,2,152.91,0.0,Paid Search,AU,
ORD-001857,2024-09-05,CUST-01532,cust-01532@lumenmail.com,Furniture,2,266.16,0.1,Organic,AU,variant
ORD-006109,2024-01-12,CUST-00596,cust-00596@lumenmail.com,Décor,1,29.06,0.0,Paid Search,US,variant
ORD-003131,2024-09-03,CUST-02203,cust-02203@lumenmail.com,Lightng,2,43.33,0.25,Email,US,control
ORD-007427,2024-10-19,CUST-00922,cust-00922@lumenmail.com,Lighting,1,51.19,0.0,Email,US,
ORD-001589,2023-10-28,CUST-02235,cust-02235@lumenmail.com,Lighting,1,93.27,0.1,Organic,ZZ,variant
ORD-003303,2024-02-25,CUST-00122,cust-00122@lumenmail.com,Décor,4,43.4,0.0,Organic,US,variant
ORD-006886,2024-04-05,CUST-02600,cust-02600@lumenmail.com,Lighting,2,0.0,0.0,Organic,US,
ORD-000909,2024-03-01,CUST-00440,cust-00440@lumenmail.com,Lighting,1,31.01,0.2,Paid Search,US,variant
ORD-006291,2024-10-27,,guest@lumenmail.com,Lightng,3,27.03,0.1,Email,US,control
ORD-002117,15/05/2024,CUST-01947,cust-01947@lumenmail.com,Furniture,1,25.41,0.0,Email,US,variant
ORD-002839,2024-03-16,CUST-01740,cust-01740@lumenmail.com,Lighting,7,154.93,0.0,Paid Search,US,
ORD-004487,2024-12-12,CUST-02482,cust-02482@lumenmail.com,Décor,6,15.84,0.15,Social,US,
ORD-004835,2023-06-13,CUST-00690,cust-00690@lumenmail.com,Décor,1,302.44,5.0,Organic,US,
ORD-006530,2023-12-16,CUST-01714,cust-01714@lumenmail.com,Lighting,5,29.02,0.0,Social,CA,
ORD-005447,2024-04-15,CUST-02947,cust-02947@lumenmail.com,Accessories,1,7.45,0.0,Email,US,
ORD-000793,29/12/2024,CUST-00272,cust-00272@lumenmail.com,Furniture,2,44.46,0.1,Social,UK,control
ORD-007885,2024-04-20,,guest@lumenmail.com,Lighting,3,249.95,0.2,Email,UK,variant
ORD-009330,28/10/2023,CUST-01116,cust-01116@lumenmail.com,lighting,5,170.25,15.0,Organic,AU,variant
ORD-007620,20/12/2024,CUST-02463,cust-02463@lumenmail.com,Lighting,2,21.69,0.2,Paid Search,US,variant
ORD-005815,2024-09-19,CUST-02611,cust-02611@lumenmail.com,Lighting,3,8.06,0.0,Paid Search,US,control
ORD-002868,2024-09-16,CUST-02936,cust-02936@lumenmail.com,Outdoor,2,36.41,0.05,Organic,US,
ORD-009288,2024-03-07,CUST-00417,cust-00417@lumenmail.com,Lighting,1,170.17,0.25,,US,
ORD-005634,2024-06-06,CUST-00399,cust-00399@lumenmail.com,Décor,1,69.67,0.0,Email,US,control
ORD-005784,2023-07-27,CUST-01018,cust-01018@lumenmail.com,Accessories,2,30.01,0.05,Social,CA,control
ORD-003314,03/04/2024,CUST-02952,cust-02952@lumenmail.com,Lighting,1,13.48,20.0,Paid Search,US,control
ORD-005573,14/12/2024,CUST-01541,cust-01541@lumenmail.com,Accessories,1,67.55,0.0,Social,ZZ,
ORD-004326,2024-01-25,CUST-00256,cust-00256@lumenmail.com,Furniture,2,12.81,0.1,Paid Search,US,variant
ORD-004925,2023-11-11,CUST-02769,cust-02769@lumenmail.com,Accessories,1,27.01,0.05,Email,CA,variant
ORD-004272,2023-10-27,CUST-00337,cust-00337@lumenmail.com,Lighting,1,71.54,0.0,Paid Search,CA,variant
ORD-008566,09/08/2024,CUST-02925,cust-02925@lumenmail.com,Décor,1,9.13,0.0,Social,UK,
ORD-001670,2024-10-29,CUST-01303,cust-01303@lumenmail.com,Accessories,1,64.1,0.0,,UK,control
ORD-001868,2023-12-05,CUST-01387,cust-01387@lumenmail.com,Décor,1,37.71,10.0,Email,UK,
ORD-007765,2024-05-31,CUST-02040,cust-02040@lumenmail.com,Décor,7,35.65,0.1,Email,CA,control
ORD-000129,09/06/2023,CUST-00306,cust-00306@lumenmail.com,Décor,2,31.86,0.0,Organic,UK,control
ORD-006504,2024-02-18,CUST-02806,cust-02806@lumenmail.com,Furniture,1,28.82,0.1,Organic,US,control
ORD-009480,2024-09-05,CUST-01901,cust-01901@lumenmail.com,Furniture,1,326.46,0.0,Organic,CA,control
ORD-000697,02/09/2024,CUST-02353,cust-02353@lumenmail.com,Furniture,1,18.0,0.05,,CA,control
ORD-002834,2023-09-09,CUST-00311,cust-00311@lumenmail.com,Lighting,1,6.48,0.25,Paid Search,US,
ORD-003186,2024-12-18,CUST-01288,cust-01288@lumenmail.com,Lighting,4,89.35,5.0,Organic,AU,variant
ORD-003415,2024-08-10,CUST-00084,cust-00084@lumenmail.com,Furniture,2,89.4,0.25,Paid Search,US,
ORD-003761,2024-11-27,,guest@lumenmail.com,Accessories,2,67.91,0.0,Paid Search,US,variant
ORD-003048,2023-09-24,CUST-00705,cust-00705@lumenmail.com,Outdoor,1,27.74,0.0,Paid Search,ZZ,
ORD-005452,2024-06-04,CUST-00204,cust-00204@lumenmail.com,Décor,3,36.49,0.0,Email,CA,variant
ORD-003183,2024-12-23,CUST-01496,cust-01496@lumenmail.com,Lighting,2,47.84,0.05,Organic,US,
ORD-004808,2024-09-10,CUST-01946,cust-01946@lumenmail.com,Décor,3,68.64,0.05,Email,CA,
ORD-002340,2023-09-25,CUST-00130,cust-00130@lumenmail.com,Lightng,1,5.84,0.0,Paid Search,US,control
ORD-005365,02/06/2024,CUST-00830,cust-00830@lumenmail.com,Décor,2,97.69,0.05,Paid Search,US,
ORD-005575,2024-10-21,CUST-00716,cust-00716@lumenmail.com,Décor,1,41.62,0.05,Organic,US,
ORD-000698,2024-09-16,CUST-00299,cust-00299@lumenmail.com,Décor,1,347.52,0.0,Paid Search,US,
ORD-007535,2024-03-27,CUST-02609,cust-02609@lumenmail.com,Lighting,-1,68.28,0.0,Organic,US,
ORD-003401,2024-10-11,,guest@lumenmail.com,lighting,2,222.29,0.05,Organic,US,control
ORD-009275,27/08/2023,CUST-02840,cust-02840@lumenmail.com,Furniture,1,35.57,0.2,Email,US,variant
ORD-001634,2024-03-17,,guest@lumenmail.com,Lighting,4,185.74,0.05,Email,CA,
ORD-003487,2024-06-24,CUST-02762,cust-02762@lumenmail.com,Furniture,2,141.27,0.0,Paid Search,AU,variant
ORD-002945,03/10/2024,CUST-02459,cust-02459@lumenmail.com,Furniture,6,319.99,0.15,Organic,US,variant
ORD-009572,03/12/2024,,guest@lumenmail.com,Décor,1,26.56,0.0,Email,US,
ORD-005864,2024-10-20,CUST-01413,cust-01413@lumenmail.com,Décor,5,15.97,0.0,Social,ZZ,variant
ORD-002750,2023-09-09,CUST-00318,cust-00318@lumenmail.com,Décor,1,379.43,0.05,Paid Search,US,
ORD-005688,2024-03-17,CUST-02700,cust-02700@lumenmail.com,Lighting,3,659.15,0.05,Paid Search,AU,
ORD-000972,2023-12-27,CUST-01600,cust-01600@lumenmail.com,lighting,3,89.91,0.1,Paid Search,US,control
ORD-004638,2024-08-03,CUST-02603,cust-02603@lumenmail.com,Lighting,2,58.49,0.0,Email,ZZ,variant
ORD-004360,2023-08-31,,guest@lumenmail.com,Lighting,5,90.03,0.1,Email,US,variant
ORD-000088,2023-06-07,CUST-01244,cust-01244@lumenmail.com,Décor,1,68.84,0.2,Email,UK,
ORD-001486,2024-07-05,CUST-01792,cust-01792@lumenmail.com,Lighting,1,168.11,0.15,Paid Search,UK,control
ORD-000221,2024-10-25,CUST-01841,cust-01841@lumenmail.com,Accessories,2,262.57,0.0,Organic,AU,variant
ORD-008747,2023-10-10,CUST-02565,cust-02565@lumenmail.com,Lighting,2,380.34,0.0,Paid Search,CA,
ORD-000080,2023-07-31,CUST-00804,cust-00804@lumenmail.com,Furniture,1,74.41,0.15,Email,US,
ORD-009132,2024-08-04,CUST-02313,cust-02313@lumenmail.com,Lighting,3,114.43,0.0,Paid Search,AU,
ORD-000551,2023-06-14,CUST-01579,cust-01579@lumenmail.com,Lighting,1,154.87,0.0,Paid Search,US,
ORD-002553,2024-07-31,,guest@lumenmail.com,Lighting,2,41.82,0.0,Organic,UK,
ORD-005012,2023-08-17,CUST-00853,cust-00853@lumenmail.com,Décor,1,41.24,0.0,Email,US,
ORD-003851,27/09/2023,CUST-02258,cust-02258@lumenmail.com,Décor,2,87.65,0.0,Social,US,variant
ORD-002517,2024-03-14,CUST-02586,cust-02586@lumenmail.com,Outdoor,1,89.24,0.0,Social,CA,
ORD-007533,,CUST-00505,cust-00505@lumenmail.com,Lighting,2,116.09,0.15,Email,US,
ORD-009061,2024-07-25,CUST-01871,cust-01871@lumenmail.com,Décor,4,98.09,0.15,Social,ZZ,
ORD-009126,2024-12-22,CUST-01409,cust-01409@lumenmail.com,Furniture,1,6.19,0.15,Paid Search,US,
ORD-002807,2024-03-13,,guest@lumenmail.com,Outdoor,1,46.16,0.05,Organic,US,control
ORD-002495,2024-06-12,CUST-01276,cust-01276@lumenmail.com,Décor,1,19.38,0.05,Social,UK,
ORD-002367,2024-05-28,CUST-01622,cust-01622@lumenmail.com,Furniture,1,17.39,0.05,Paid Search,US,control
ORD-008750,2024-07-24,CUST-01608,cust-01608@lumenmail.com,Lighting,5,66.44,0.15,Email,US,control
ORD-006272,2023-10-12,CUST-01198,cust-01198@lumenmail.com,Outdoor,2,38.97,0.0,Organic,CA,variant
ORD-006472,2024-05-08,CUST-02049,cust-02049@lumenmail.com,Lighting,1,7.45,20.0,Social,US,control
ORD-008553,2024-11-08,CUST-02087,cust-02087@lumenmail.com,Lighting,4,134.78,0.1,Organic,US,control
ORD-008668,2023-08-10,CUST-00136,cust-00136@lumenmail.com,Outdoor,2,94.62,0.0,Email,US,variant
ORD-005220,2023-07-13,CUST-01685,cust-01685@lumenmail.com,Décor,2,49.23,0.15,Paid Search,ZZ,control
ORD-008653,19/10/2023,CUST-01549,cust-01549@lumenmail.com,Décor,1,44.56,0.1,,US,variant
ORD-008749,2024-10-18,CUST-01153,cust-01153@lumenmail.com,Lighting,2,10.61,0.0,Email,CA,
ORD-001592,2024-06-08,CUST-00450,cust-00450@lumenmail.com,Décor,1,64.63,0.05,Paid Search,US,variant
ORD-000450,09/04/2024,,guest@lumenmail.com,Décor,2,15.03,0.0,Paid Search,US,
ORD-008316,2024-10-15,,guest@lumenmail.com,Lighting,1,46.65,0.1,Social,UK,variant
ORD-008270,2024-05-17,CUST-02292,cust-02292@lumenmail.com,Lighting,2,12.13,0.0,Social,US,variant
ORD-000292,2024-08-21,CUST-01334,cust-01334@lumenmail.com,Outdoor,1,34.06,0.1,Email,US,
ORD-000821,2023-10-01,CUST-02853,cust-02853@lumenmail.com,Lighting,1,20.55,0.1,Email,US,
ORD-004248,2024-12-21,CUST-02639,cust-02639@lumenmail.com,Lighting,1,95.81,0.05,Organic,US,control
ORD-005144,2024-12-06,CUST-00132,cust-00132@lumenmail.com,Furniture,1,235.2,0.0,Organic,US,
ORD-007298,2024-05-02,,guest@lumenmail.com,Lighting,3,159.21,0.05,Organic,US,
ORD-006154,2023-07-23,CUST-01954,cust-01954@lumenmail.com,Lighting,1,356.63,0.15,Paid Search,US,
ORD-002648,2024-04-16,CUST-02440,cust-02440@lumenmail.com,Décor,1,119.88,0.0,Paid Search,US,variant
ORD-007484,2024-07-03,CUST-02256,cust-02256@lumenmail.com,Décor,2,171.65,0.05,Organic,AU,
ORD-005975,2023-09-12,CUST-01086,cust-01086@lumenmail.com,Furniture,-2,158.11,0.0,Organic,ZZ,control
ORD-001681,12/10/2024,CUST-02077,cust-02077@lumenmail.com,Lighting,2,26.62,0.1,Organic,US,
ORD-002263,27/11/2023,CUST-02987,cust-02987@lumenmail.com,Furniture,3,83.87,0.0,Paid Search,US,variant
ORD-008163,2024-04-02,CUST-00434,cust-00434@lumenmail.com,Outdoor,1,16.96,0.0,Organic,US,
ORD-006041,2023-08-26,CUST-01105,cust-01105@lumenmail.com,Lighting,3,116.65,0.0,Organic,US,
ORD-006489,2024-07-13,CUST-01492,cust-01492@lumenmail.com,Accessories,3,88.8,0.0,Email,CA,variant
ORD-000900,2024-01-15,CUST-01267,cust-01267@lumenmail.com,Décor,1,181.09,0.0,Email,US,variant
ORD-009598,07/01/2024,CUST-01835,cust-01835@lumenmail.com,Lighting,1,92.01,15.0,Paid Search,US,control
ORD-007433,2023-08-07,,guest@lumenmail.com,Lightng,4,7.22,0.05,Paid Search,CA,control
ORD-005816,2023-11-01,CUST-01663,cust-01663@lumenmail.com,Décor,-2,44.44,0.0,Organic,US,variant
ORD-001287,2023-09-04,CUST-02776,cust-02776@lumenmail.com,Furniture,1,63.59,0.0,Email,US,
ORD-006561,2024-07-13,CUST-00383,cust-00383@lumenmail.com,Furniture,2,137.55,0.2,Email,CA,variant
ORD-002533,2023-09-13,CUST-00342,cust-00342@lumenmail.com,Lighting,1,326.75,0.0,Email,US,variant
ORD-004560,2024-12-30,CUST-00381,cust-00381@lumenmail.com,Lightng,7,117.62,5.0,Email,US,
ORD-000457,2023-12-31,,guest@lumenmail.com,Décor,1,165.17,0.0,Email,US,
ORD-008725,15/10/2023,CUST-01466,cust-01466@lumenmail.com,Outdoor,2,168.31,0.0,Paid Search,US,variant
ORD-005617,2023-07-12,CUST-00958,cust-00958@lumenmail.com,Décor,1,26.11,0.0,Email,US,variant
ORD-006208,04/06/2024,CUST-02348,cust-02348@lumenmail.com,Décor,1,69.75,0.0,Paid Search,US,variant
ORD-003315,2024-08-25,CUST-00806,cust-00806@lumenmail.com,Outdoor,2,47.89,0.05,Paid Search,US,
ORD-002855,2024-01-06,CUST-02074,cust-02074@lumenmail.com,Accessories,3,0.0,0.05,Email,UK,variant
ORD-008386,2023-10-27,CUST-02301,cust-02301@lumenmail.com,Lightng,3,5.68,0.1,Paid Search,US,
ORD-007722,10/05/2024,CUST-00915,cust-00915@lumenmail.com,Outdoor,-1,136.58,0.0,Email,US,variant
ORD-002462,2024-07-25,CUST-02742,cust-02742@lumenmail.com,Furniture,-1,41.09,0.05,Email,US,
ORD-007608,2024-09-16,CUST-00640,cust-00640@lumenmail.com,Décor,1,109.69,0.1,Organic,UK,
ORD-000111,2023-09-26,CUST-01980,cust-01980@lumenmail.com,Décor,1,607.99,0.15,Paid Search,CA,control
ORD-002427,2024-06-04,CUST-00286,cust-00286@lumenmail.com,Décor,-3,133.64,0.0,,US,
ORD-005198,2024-02-09,CUST-00006,cust-00006@lumenmail.com,Lightng,1,7.04,0.0,Paid Search,US,control
ORD-006698,2024-01-16,CUST-02377,cust-02377@lumenmail.com,Lighting,1,8.9,0.05,Paid Search,US,
ORD-005809,2024-07-16,CUST-00044,cust-00044@lumenmail.com,Lighting,2,76.59,0.15,Organic,US,
ORD-008305,2024-05-07,CUST-01126,cust-01126@lumenmail.com,lighting,3,180.36,0.15,Organic,US,variant
ORD-006464,2023-08-16,CUST-00754,cust-00754@lumenmail.com,Furniture,1,127.17,0.0,Social,US,variant
ORD-001440,2023-10-02,CUST-02673,cust-02673@lumenmail.com,Lightng,4,150.07,0.15,Paid Search,US,control
ORD-002189,2024-12-15,CUST-01713,cust-01713@lumenmail.com,Furniture,7,29.61,0.1,Social,US,
ORD-002213,2023-11-16,CUST-00634,cust-00634@lumenmail.com,Lighting,2,12.27,0.05,Organic,US,variant
ORD-001774,2024-01-08,CUST-01133,cust-01133@lumenmail.com,Lighting,1,86.61,0.0,Email,US,variant
ORD-009300,2023-10-15,CUST-00053,cust-00053@lumenmail.com,Décor,1,55.88,0.0,Organic,CA,
ORD-009197,2023-11-01,CUST-02785,cust-02785@lumenmail.com,Furniture,1,48.55,0.0,Email,US,
ORD-003197,2023-07-17,CUST-00061,cust-00061@lumenmail.com,Décor,5,13.53,0.05,Organic,CA,control
ORD-001889,2024-04-04,,guest@lumenmail.com,Furniture,1,17.82,0.0,Paid Search,US,
ORD-002280,2023-08-14,CUST-01827,cust-01827@lumenmail.com,Décor,2,398.09,0.0,Email,US,control
ORD-004706,2024-03-04,CUST-00862,cust-00862@lumenmail.com,Décor,3,58.19,0.2,Organic,US,
ORD-009108,2024-05-12,CUST-01869,cust-01869@lumenmail.com,Furniture,2,21.05,0.05,Organic,US,variant
ORD-003601,23/06/2024,CUST-00079,cust-00079@lumenmail.com,Furniture,2,330.77,0.05,Paid Search,US,
ORD-006011,2023-06-16,CUST-02371,cust-02371@lumenmail.com,Décor,1,75.59,0.0,Social,US,control
ORD-008398,2024-11-27,CUST-02045,cust-02045@lumenmail.com,Décor,1,183.35,0.0,Paid Search,US,variant
ORD-009072,2023-08-25,CUST-02521,cust-02521@lumenmail.com,Outdoor,1,65.15,0.0,Organic,UK,control
ORD-002324,2024-11-03,CUST-02289,cust-02289@lumenmail.com,Lighting,2,430.03,0.05,Paid Search,US,variant
ORD-009584,2023-07-24,CUST-02897,cust-02897@lumenmail.com,Lighting,1,201.67,0.05,Paid Search,US,variant
ORD-001792,2024-08-28,CUST-02751,cust-02751@lumenmail.com,Décor,2,329.16,0.05,Paid Search,AU,control
ORD-005078,2023-09-16,CUST-01801,cust-01801@lumenmail.com,Furniture,4,216.63,0.05,Email,US,
ORD-006100,2024-04-09,CUST-01038,cust-01038@lumenmail.com,Outdoor,2,239.6,0.0,Email,AU,
ORD-007044,2023-11-01,CUST-02769,cust-02769@lumenmail.com,Lighting,3,92.9,0.05,Organic,UK,variant
ORD-000194,2024-05-06,CUST-02781,cust-02781@lumenmail.com,Lighting,3,499.4,5.0,Organic,US,variant
ORD-003287,2024-11-21,CUST-00555,cust-00555@lumenmail.com,Décor,-1,177.15,0.05,Paid Search,US,
ORD-005834,2024-02-14,CUST-01074,cust-01074@lumenmail.com,Furniture,2,653.63,0.1,Paid Search,US,control
ORD-009600,2023-12-26,CUST-02215,cust-02215@lumenmail.com,Décor,1,40.83,0.0,,CA,control
ORD-007772,2024-06-07,CUST-01976,cust-01976@lumenmail.com,Furniture,2,81.27,0.05,Paid Search,US,variant
ORD-009332,2024-10-20,CUST-01587,cust-01587@lumenmail.com,Accessories,6,326.77,0.05,Organic,US,control
ORD-000121,03/01/2024,CUST-01950,cust-01950@lumenmail.com,Outdoor,1,545.53,0.0,Organic,US,
ORD-001509,2024-03-03,CUST-02536,cust-02536@lumenmail.com,Lighting,4,11.67,0.0,,UK,variant
ORD-008131,2023-08-15,CUST-01110,cust-01110@lumenmail.com,Outdoor,2,34.52,0.0,Organic,US,control
ORD-007132,23/10/2024,CUST-02819,cust-02819@lumenmail.com,Lighting,3,62.33,0.0,Paid Search,US,control
ORD-006224,2023-09-18,CUST-02432,cust-02432@lumenmail.com,Furniture,1,40.82,0.05,Email,AU,control
ORD-009509,2024-12-13,CUST-01410,cust-01410@lumenmail.com,Furniture,1,37.29,0.0,Email,UK,
ORD-002726,2023-11-14,CUST-00783,cust-00783@lumenmail.com,Furniture,1,28.35,0.2,Paid Search,US,control
ORD-009239,2024-11-25,CUST-00232,cust-00232@lumenmail.com,Lighting,2,119.43,0.05,Email,US,
ORD-003117,2023-09-14,CUST-02703,cust-02703@lumenmail.com,Décor,1,311.85,0.0,Social,US,variant
ORD-003889,2023-11-16,CUST-01369,cust-01369@lumenmail.com,Décor,-1,74.72,0.2,Organic,US,
ORD-000231,2023-12-14,CUST-00616,cust-00616@lumenmail.com,Accessories,1,629.37,0.0,Paid Search,ZZ,control
ORD-000829,2024-01-25,CUST-01440,cust-01440@lumenmail.com,Lighting,1,198.68,0.0,Social,US,control
ORD-007419,2024-04-09,CUST-00543,cust-00543@lumenmail.com,Outdoor,2,238.5,0.0,,AU,variant
ORD-006783,2024-02-20,CUST-00108,cust-00108@lumenmail.com,Décor,2,186.64,0.0,Organic,US,control
ORD-007532,12/03/2024,CUST-01286,cust-01286@lumenmail.com,Lighting,1,14.87,0.2,,US,control
ORD-007397,2024-06-24,CUST-01106,cust-01106@lumenmail.com,Décor,4,20.18,0.0,Organic,US,control
ORD-009065,2024-12-19,CUST-01322,cust-01322@lumenmail.com,Furniture,1,0.0,0.15,Organic,ZZ,
ORD-009313,2023-11-15,,guest@lumenmail.com,Outdoor,1,63.54,0.0,Paid Search,US,control
ORD-000887,2024-12-21,CUST-00851,cust-00851@lumenmail.com,Accessories,1,192.85,0.0,Social,US,variant
ORD-007808,2024-03-02,CUST-00207,cust-00207@lumenmail.com,Décor,3,35.74,0.0,Email,UK,
ORD-003545,2024-10-03,CUST-02297,cust-02297@lumenmail.com,Furniture,1,96.7,0.1,Paid Search,US,control
ORD-007881,2024-07-20,CUST-00910,cust-00910@lumenmail.com,Lighting,5,261.52,0.1,Paid Search,US,variant
ORD-001743,2024-08-13,CUST-02565,cust-02565@lumenmail.com,Décor,1,5.74,0.0,Organic,US,
ORD-002952,2023-09-24,CUST-01985,cust-01985@lumenmail.com,Décor,3,18.42,0.0,Paid Search,US,
ORD-008759,2023-06-10,CUST-01794,cust-01794@lumenmail.com,Outdoor,4,320.96,0.15,Paid Search,US,
ORD-001655,2023-06-06,CUST-01606,cust-01606@lumenmail.com,Décor,5,308.76,20.0,Email,AU,variant
ORD-005661,2024-08-19,CUST-01681,cust-01681@lumenmail.com,Accessories,2,148.03,5.0,Email,AU,variant
ORD-008356,2023-10-18,CUST-00821,cust-00821@lumenmail.com,Outdoor,3,34.9,0.0,Paid Search,US,variant
ORD-006325,2024-03-29,CUST-02719,cust-02719@lumenmail.com,Décor,3,367.53,0.0,Email,US,control
ORD-003020,2023-08-26,CUST-02914,cust-02914@lumenmail.com,Outdoor,4,63.4,0.05,Email,CA,variant
ORD-001991,2023-06-25,CUST-02740,cust-02740@lumenmail.com,Accessories,4,12.62,0.0,Paid Search,US,control
ORD-008518,2024-06-13,CUST-02382,cust-02382@lumenmail.com,Décor,1,64.71,0.0,,AU,control
ORD-004510,2024-07-25,CUST-02788,cust-02788@lumenmail.com,Décor,1,180.99,0.1,,CA,variant
ORD-005261,2023-08-12,CUST-01239,cust-01239@lumenmail.com,Décor,1,398.77,0.0,Email,US,
ORD-003359,2024-02-28,CUST-00503,cust-00503@lumenmail.com,Décor,2,153.76,0.15,Email,US,
ORD-006668,2024-11-29,CUST-02186,cust-02186@lumenmail.com,Décor,2,82.3,0.05,Organic,US,
ORD-004906,2024-10-12,CUST-00967,cust-00967@lumenmail.com,Lighting,3,29.74,0.15,Organic,US,
ORD-003380,2024-12-21,CUST-01531,cust-01531@lumenmail.com,Décor,1,185.63,0.0,Paid Search,US,variant
ORD-000327,2024-12-12,CUST-01062,cust-01062@lumenmail.com,Lighting,6,73.23,0.0,Paid Search,US,
ORD-002683,2024-02-12,CUST-01842,cust-01842@lumenmail.com,Lighting,1,7.91,0.1,Email,US,
ORD-001138,2023-06-15,CUST-00354,cust-00354@lumenmail.com,Accessories,3,29.33,0.05,Email,US,control
ORD-001195,2024-07-27,CUST-02057,cust-02057@lumenmail.com,Décor,1,35.68,0.2,Social,CA,
ORD-006338,2024-12-25,CUST-00895,cust-00895@lumenmail.com,Furniture,7,55.38,0.0,Email,CA,control
ORD-004376,30/11/2023,,guest@lumenmail.com,Lighting,1,373.9,0.15,Paid Search,UK,
ORD-004946,2024-12-04,CUST-00831,cust-00831@lumenmail.com,Accessories,2,31.55,0.15,Paid Search,US,
ORD-002208,2024-01-28,CUST-00017,cust-00017@lumenmail.com,lighting,1,170.07,0.0,,US,variant
ORD-009477,28/08/2023,CUST-01764,cust-01764@lumenmail.com,Lighting,2,17.49,0.0,Paid Search,US,variant
ORD-000550,2023-08-11,CUST-01297,cust-01297@lumenmail.com,Décor,1,96.42,0.1,Paid Search,US,variant
ORD-003850,2023-11-20,CUST-01087,cust-01087@lumenmail.com,Décor,3,105.19,0.15,Organic,US,variant
ORD-002735,2024-03-21,,guest@lumenmail.com,Furniture,3,313.5,0.05,Organic,US,
ORD-004408,2024-12-14,CUST-01800,cust-01800@lumenmail.com,Outdoor,1,166.39,0.1,Email,US,
ORD-002592,2024-12-11,CUST-02620,cust-02620@lumenmail.com,Furniture,1,46.19,0.0,Paid Search,US,control
ORD-004570,2024-04-23,CUST-00427,cust-00427@lumenmail.com,Lighting,2,99.56,15.0,Email,CA,variant
ORD-001796,24/02/2024,CUST-01794,cust-01794@lumenmail.com,Lighting,1,22.98,0.0,Paid Search,US,control
ORD-005053,2024-05-08,CUST-02174,cust-02174@lumenmail.com,Outdoor,1,65.7,0.05,Organic,US,
ORD-002389,22/01/2024,CUST-01137,cust-01137@lumenmail.com,Lighting,4,84.67,0.0,Organic,US,control
ORD-001306,2023-12-05,,guest@lumenmail.com,Lighting,1,13.48,0.15,Paid Search,US,control
ORD-003138,2024-02-19,CUST-03000,cust-03000@lumenmail.com,Décor,2,31.44,0.0,Paid Search,AU,
ORD-000102,2023-12-19,CUST-01009,cust-01009@lumenmail.com,Lighting,1,175.56,0.1,Paid Search,US,
ORD-008314,2024-09-04,CUST-00822,cust-00822@lumenmail.com,Accessories,1,122.02,0.05,Organic,US,control
ORD-005684,06/07/2023,CUST-02151,cust-02151@lumenmail.com,Lighting,1,56.84,0.1,Social,US,variant
ORD-002095,21/04/2024,CUST-00303,cust-00303@lumenmail.com,Furniture,2,257.91,0.1,Organic,US,
ORD-005708,2024-08-03,CUST-01204,cust-01204@lumenmail.com,Lighting,4,39.26,0.0,Paid Search,US,
ORD-000070,2024-08-29,CUST-01036,cust-01036@lumenmail.com,Décor,1,396.01,0.25,Social,US,
ORD-001135,2023-07-24,CUST-00953,cust-00953@lumenmail.com,Furniture,1,580.38,0.2,Email,UK,control
ORD-004795,11/07/2024,CUST-01617,cust-01617@lumenmail.com,Lighting,1,41.41,0.0,Paid Search,US,
ORD-007784,2023-06-02,CUST-00068,cust-00068@lumenmail.com,Furniture,4,28.24,0.0,Organic,US,variant
ORD-002298,2024-10-14,CUST-01595,cust-01595@lumenmail.com,Lighting,3,0.0,20.0,Email,AU,control
ORD-006849,2024-08-20,CUST-02317,cust-02317@lumenmail.com,Lighting,4,0.0,0.0,Email,ZZ,variant
ORD-005774,2024-02-07,CUST-02715,cust-02715@lumenmail.com,Lighting,3,49.77,0.1,Paid Search,CA,control
ORD-008593,2024-02-04,CUST-00631,cust-00631@lumenmail.com,Lighting,1,41.1,0.0,Organic,CA,variant
ORD-008119,2023-09-14,CUST-00274,cust-00274@lumenmail.com,Accessories,1,198.92,0.25,Email,AU,
ORD-008523,2023-11-02,CUST-02514,cust-02514@lumenmail.com,Lighting,4,24.42,0.05,Email,US,
ORD-003753,2024-11-27,CUST-02592,cust-02592@lumenmail.com,Furniture,2,550.1,0.05,Organic,AU,control
ORD-001330,2024-12-08,CUST-02786,cust-02786@lumenmail.com,Lighting,1,31.51,0.05,Organic,US,control
ORD-006405,2024-02-23,CUST-01682,cust-01682@lumenmail.com,Furniture,2,666.36,0.0,Email,US,
ORD-001917,2023-12-09,CUST-00503,cust-00503@lumenmail.com,Furniture,5,392.68,0.05,Paid Search,CA,variant
ORD-001461,2023-11-30,CUST-01681,cust-01681@lumenmail.com,Lighting,2,131.77,0.05,Organic,US,variant
ORD-001463,2023-12-28,CUST-00944,cust-00944@lumenmail.com,Accessories,5,31.24,0.0,Email,US,control
ORD-005664,2024-05-02,CUST-01708,cust-01708@lumenmail.com,Lighting,-2,63.18,0.1,Email,US,control
ORD-001439,2024-04-03,CUST-00052,cust-00052@lumenmail.com,Furniture,5,68.32,0.15,Social,US,
ORD-007137,30/06/2023,CUST-00909,cust-00909@lumenmail.com,Accessories,1,80.87,0.15,Paid Search,CA,
ORD-006739,2024-07-27,CUST-00962,cust-00962@lumenmail.com,Lighting,2,99.02,0.05,Paid Search,US,variant
ORD-009401,2024-11-11,CUST-02745,cust-02745@lumenmail.com,Lighting,1,65.89,0.0,Email,US,
ORD-001000,2024-06-20,CUST-01790,cust-01790@lumenmail.com,Furniture,1,92.91,0.0,Organic,CA,control
ORD-007546,2023-07-18,CUST-00030,cust-00030@lumenmail.com,Accessories,-1,60.73,0.1,Organic,US,
ORD-000388,2023-12-24,,guest@lumenmail.com,Lighting,1,35.29,5.0,Paid Search,CA,control
ORD-000026,2024-06-15,CUST-02181,cust-02181@lumenmail.com,Lighting,7,20.41,0.0,Social,US,
ORD-002325,05/07/2023,CUST-01370,cust-01370@lumenmail.com,Décor,-1,264.53,0.0,Paid Search,US,
ORD-008012,2023-10-09,CUST-02195,cust-02195@lumenmail.com,Lighting,1,44.33,0.05,Organic,US,control
ORD-001262,,CUST-00511,cust-00511@lumenmail.com,Lighting,3,117.77,0.15,Email,US,
ORD-004974,2024-09-23,CUST-01440,cust-01440@lumenmail.com,Lighting,3,185.31,0.15,Email,US,variant
ORD-001259,18/06/2024,CUST-00824,cust-00824@lumenmail.com,Décor,1,46.26,0.0,Paid Search,CA,control
ORD-009156,2024-09-28,CUST-01932,cust-01932@lumenmail.com,Décor,1,750.66,0.15,Paid Search,US,variant
ORD-000143,2024-06-26,CUST-01117,cust-01117@lumenmail.com,Furniture,2,38.84,0.15,Email,US,variant
ORD-004042,2024-10-05,CUST-02171,cust-02171@lumenmail.com,Outdoor,5,190.02,0.0,Social,US,
ORD-005120,2024-05-11,CUST-02022,cust-02022@lumenmail.com,Lighting,2,132.98,0.15,Organic,US,
ORD-005427,2024-12-20,CUST-00320,cust-00320@lumenmail.com,Lighting,1,195.12,5.0,Paid Search,US,
ORD-004733,2024-03-30,CUST-02529,cust-02529@lumenmail.com,Lighting,1,27.13,0.1,Paid Search,US,control
ORD-007234,2023-06-19,CUST-01611,cust-01611@lumenmail.com,lighting,1,516.64,15.0,Organic,UK,variant
ORD-004113,2024-09-07,CUST-00922,cust-00922@lumenmail.com,Furniture,1,166.27,0.0,,UK,
ORD-009486,2024-07-02,CUST-00250,cust-00250@lumenmail.com,Lighting,2,46.03,0.15,Paid Search,US,control
ORD-001808,2024-11-29,CUST-02638,cust-02638@lumenmail.com,Accessories,1,267.36,0.05,Organic,US,
ORD-009139,21/12/2024,CUST-00975,cust-00975@lumenmail.com,Lighting,2,20.31,0.15,Paid Search,US,
ORD-007573,2024-06-28,CUST-02270,cust-02270@lumenmail.com,Outdoor,1,130.47,0.0,Organic,US,
ORD-007866,2024-08-08,CUST-01419,cust-01419@lumenmail.com,Lighting,2,779.61,0.0,Email,US,control
ORD-000658,2024-11-29,CUST-00950,cust-00950@lumenmail.com,Furniture,1,194.87,0.0,Email,US,
ORD-008880,17/09/2023,CUST-00412,cust-00412@lumenmail.com,Décor,2,34.87,0.0,Email,US,control
ORD-008911,30/09/2023,CUST-01770,cust-01770@lumenmail.com,Accessoires,2,429.81,0.0,Email,AU,variant
ORD-009338,22/05/2024,CUST-01846,cust-01846@lumenmail.com,Décor,1,63.44,0.1,Organic,US,control
ORD-004841,26/03/2024,CUST-00140,cust-00140@lumenmail.com,Furniture,2,9.73,0.15,Organic,US,variant
ORD-004838,2023-12-13,CUST-02088,cust-02088@lumenmail.com,Décor,3,44.61,0.1,Organic,CA,
ORD-000446,2024-09-27,CUST-01199,cust-01199@lumenmail.com,Décor,2,111.66,0.05,Paid Search,US,
ORD-005638,2023-08-28,CUST-00417,cust-00417@lumenmail.com,Lighting,1,65.17,0.15,Paid Search,US,variant
ORD-000346,2024-08-22,CUST-00244,cust-00244@lumenmail.com,Lighting,1,26.73,0.05,Paid Search,US,control
ORD-001041,2023-09-20,CUST-02048,cust-02048@lumenmail.com,Lighting,4,34.56,0.0,Social,US,variant
ORD-005920,2024-01-22,CUST-01860,cust-01860@lumenmail.com,Lighting,2,36.73,0.0,Email,US,
ORD-006266,2023-07-09,,guest@lumenmail.com,Décor,3,100.9,0.05,Social,US,variant
ORD-003937,2024-02-16,CUST-01192,cust-01192@lumenmail.com,Décor,2,61.57,0.2,Organic,US,variant
ORD-000953,2023-10-24,CUST-02487,cust-02487@lumenmail.com,Furniture,5,39.76,0.0,Paid Search,UK,control
ORD-002268,2023-10-22,CUST-02538,cust-02538@lumenmail.com,Furniture,5,150.17,0.05,Paid Search,US,variant
ORD-003982,2024-06-08,CUST-02014,cust-02014@lumenmail.com,Lighting,1,103.72,0.1,,US,
ORD-004926,2023-10-13,,guest@lumenmail.com,Furniture,1,48.17,15.0,Paid Search,US,control
ORD-007115,2024-07-24,CUST-00916,cust-00916@lumenmail.com,Outdoor,5,67.81,0.05,Paid Search,US,
ORD-002567,2023-08-03,CUST-00740,cust-00740@lumenmail.com,Décor,1,93.6,0.2,Paid Search,US,control
ORD-008753,13/07/2024,CUST-00212,cust-00212@lumenmail.com,Lighting,3,11.29,0.0,Paid Search,US,control
ORD-003038,2023-11-19,CUST-02718,cust-02718@lumenmail.com,Lighting,-4,199.09,0.05,Email,US,variant
ORD-009579,2024-09-30,CUST-02239,cust-02239@lumenmail.com,Furniture,1,37.6,15.0,Organic,US,control
ORD-000065,2024-05-18,CUST-00836,cust-00836@lumenmail.com,Lighting,1,160.53,0.0,Email,US,control
ORD-008185,17/12/2023,CUST-01861,cust-01861@lumenmail.com,Outdoor,2,104.18,0.0,Social,US,control
ORD-007587,06/09/2023,CUST-00340,cust-00340@lumenmail.com,Furniture,2,109.54,0.0,Organic,US,variant
ORD-000754,01/01/2024,CUST-01484,cust-01484@lumenmail.com,Furniture,3,57.06,0.0,Paid Search,US,variant
ORD-008912,2024-11-18,CUST-01176,cust-01176@lumenmail.com,Lighting,1,17.53,0.1,Email,CA,variant
ORD-008719,2024-09-03,CUST-01437,cust-01437@lumenmail.com,Furniture,1,35.17,0.15,Organic,CA,
ORD-005818,2023-08-02,CUST-01559,cust-01559@lumenmail.com,Lighting,1,67.93,0.0,Paid Search,US,control
ORD-003316,25/03/2024,CUST-02228,cust-02228@lumenmail.com,Lighting,2,101.81,0.0,Email,US,variant
ORD-000099,2024-06-26,CUST-01947,cust-01947@lumenmail.com,Décor,3,25.43,0.1,Email,US,control
ORD-008379,2023-10-23,CUST-02363,cust-02363@lumenmail.com,Accessories,1,6.54,0.0,Email,US,variant
ORD-005306,21/11/2024,CUST-01358,cust-01358@lumenmail.com,Furniture,3,128.45,0.05,Organic,AU,
ORD-005739,2024-12-17,CUST-02782,cust-02782@lumenmail.com,Outdoor,1,52.35,0.05,Email,US,control
ORD-007631,2023-11-10,CUST-02442,cust-02442@lumenmail.com,Furniture,1,156.41,0.1,Email,US,
ORD-004170,08/09/2024,CUST-02949,cust-02949@lumenmail.com,Lighting,2,527.7,0.0,,US,control
ORD-006235,02/12/2023,CUST-00817,cust-00817@lumenmail.com,Lighting,2,194.58,25.0,Organic,US,control
ORD-002571,2023-06-13,CUST-01849,cust-01849@lumenmail.com,Décor,1,186.98,0.0,Email,US,control
ORD-006641,2023-09-23,CUST-01438,cust-01438@lumenmail.com,Décor,1,95.97,0.15,Organic,UK,control
ORD-008140,2023-10-11,CUST-02020,cust-02020@lumenmail.com,Décor,2,47.46,0.0,Paid Search,US,control
ORD-003025,2023-09-05,CUST-01905,cust-01905@lumenmail.com,Furniture,1,263.0,0.05,Paid Search,US,
ORD-004032,24/07/2023,CUST-02194,cust-02194@lumenmail.com,Décor,1,32.31,0.05,Social,US,
ORD-004053,2023-11-14,CUST-02237,cust-02237@lumenmail.com,Outdoor,1,144.1,0.2,Email,CA,
ORD-008542,16/02/2024,CUST-00602,cust-00602@lumenmail.com,Lighting,4,45.16,0.0,Email,AU,
ORD-009138,2023-12-10,CUST-02762,cust-02762@lumenmail.com,Furniture,1,47.01,0.0,Paid Search,UK,control
ORD-002699,2023-06-22,CUST-01580,cust-01580@lumenmail.com,Furniture,3,321.22,0.1,Organic,US,
ORD-004714,2023-11-25,CUST-01664,cust-01664@lumenmail.com,Décor,3,29.12,0.05,Social,CA,control
ORD-004981,2024-06-05,CUST-01752,cust-01752@lumenmail.com,Décor,1,63.32,0.05,Email,UK,
ORD-006525,2024-08-19,CUST-00924,cust-00924@lumenmail.com,Furniture,1,305.76,0.0,Email,CA,control
ORD-006908,04/06/2024,,guest@lumenmail.com,Décor,4,44.2,0.05,Email,CA,
ORD-004519,2023-09-01,CUST-00259,cust-00259@lumenmail.com,Lighting,1,18.87,0.1,Email,US,control
ORD-005885,2024-09-04,CUST-02695,cust-02695@lumenmail.com,Décor,3,192.52,0.0,Social,US,
ORD-008330,2024-09-30,CUST-02827,cust-02827@lumenmail.com,Lighting,1,6.53,0.0,Social,US,control
ORD-003431,2023-08-14,CUST-00190,cust-00190@lumenmail.com,Décor,1,45.67,0.0,,US,variant
ORD-004291,2023-11-15,CUST-01929,cust-01929@lumenmail.com,Lighting,3,69.75,0.0,Email,UK,
ORD-001175,2024-06-03,CUST-02538,cust-02538@lumenmail.com,Furniture,5,153.01,0.2,Social,US,
ORD-004128,2023-11-13,CUST-01716,cust-01716@lumenmail.com,Décor,2,21.64,0.0,Email,US,control
ORD-006404,07/07/2023,CUST-01291,cust-01291@lumenmail.com,Outdoor,1,163.09,0.0,Paid Search,UK,variant
ORD-005804,2023-08-30,CUST-00814,cust-00814@lumenmail.com,Lighting,1,81.41,0.0,Email,US,
ORD-001631,2023-12-24,CUST-02999,cust-02999@lumenmail.com,Décor,1,28.86,0.0,Social,US,
ORD-003951,2024-08-06,CUST-00845,cust-00845@lumenmail.com,Décor,3,188.13,0.0,Email,CA,variant
ORD-003427,2023-12-28,CUST-01729,cust-01729@lumenmail.com,Lighting,2,56.15,0.0,Paid Search,US,
ORD-001827,2024-04-09,,guest@lumenmail.com,Lighting,1,59.65,15.0,Organic,UK,variant
ORD-003950,2024-02-21,CUST-00502,cust-00502@lumenmail.com,Décor,2,73.02,0.15,Email,US,variant
ORD-008672,19/06/2024,CUST-00467,cust-00467@lumenmail.com,Lighting,5,711.27,0.0,Paid Search,US,variant
ORD-002315,2023-06-25,CUST-02161,cust-02161@lumenmail.com,Décor,2,359.1,0.0,Email,US,
ORD-002660,2024-02-25,CUST-01467,cust-01467@lumenmail.com,Décor,1,47.38,0.0,Paid Search,US,
ORD-003372,2024-12-01,CUST-02447,cust-02447@lumenmail.com,Furniture,1,35.65,0.0,Email,UK,control
ORD-007625,2024-10-15,CUST-00718,cust-00718@lumenmail.com,lighting,4,274.2,0.05,Paid Search,US,
ORD-008917,2024-08-09,CUST-02719,cust-02719@lumenmail.com,Outdoor,1,49.51,0.05,Email,AU,
ORD-007095,2024-03-14,CUST-00367,cust-00367@lumenmail.com,lighting,5,53.62,0.1,Organic,US,control
ORD-000368,2024-07-09,CUST-02386,cust-02386@lumenmail.com,Outdoor,2,36.12,0.0,Social,US,variant
ORD-005895,21/10/2023,CUST-00377,cust-00377@lumenmail.com,Accessories,2,382.32,20.0,Paid Search,US,
ORD-008891,2023-08-11,CUST-01341,cust-01341@lumenmail.com,Outdoor,4,117.08,15.0,Email,CA,
ORD-005166,2023-12-23,CUST-02333,cust-02333@lumenmail.com,Furniture,4,55.78,0.15,Email,US,control
ORD-001064,10/02/2024,CUST-02627,cust-02627@lumenmail.com,Furniture,2,11.2,0.05,Paid Search,CA,
ORD-006836,2024-08-06,CUST-00538,cust-00538@lumenmail.com,Outdoor,5,169.47,0.25,,CA,
ORD-008554,03/04/2024,CUST-01125,cust-01125@lumenmail.com,Lighting,1,533.18,0.0,Paid Search,US,variant
ORD-004591,2023-09-21,CUST-02386,cust-02386@lumenmail.com,Furniture,2,26.09,0.0,Paid Search,CA,
ORD-003325,14/02/2024,CUST-00050,cust-00050@lumenmail.com,Décor,2,87.23,0.0,Paid Search,US,variant
ORD-001409,2023-07-18,CUST-01433,cust-01433@lumenmail.com,Lighting,5,17.08,0.0,Paid Search,US,variant
ORD-000817,03/08/2024,CUST-00136,cust-00136@lumenmail.com,Lighting,3,28.74,0.0,Paid Search,US,variant
ORD-001996,2024-06-06,CUST-02956,cust-02956@lumenmail.com,Lightng,2,38.11,0.0,Organic,CA,control
ORD-005968,2024-06-30,CUST-00346,cust-00346@lumenmail.com,Furniture,4,160.21,0.0,Email,US,control
ORD-005279,2023-11-15,,guest@lumenmail.com,Lighting,1,24.26,0.05,Organic,UK,control
ORD-004669,2024-03-16,CUST-02808,cust-02808@lumenmail.com,Décor,2,26.84,0.0,Email,US,variant
ORD-009077,2024-07-08,CUST-00921,cust-00921@lumenmail.com,Décor,3,304.39,0.05,Organic,US,
ORD-007016,2023-06-13,CUST-00787,cust-00787@lumenmail.com,Lighting,2,6.66,0.0,Paid Search,US,control
ORD-008245,2024-12-19,CUST-01370,cust-01370@lumenmail.com,Décor,1,267.81,0.0,Paid Search,US,
ORD-002649,12/12/2023,CUST-01072,cust-01072@lumenmail.com,Décor,2,121.67,0.1,Paid Search,US,variant
ORD-003012,2024-09-19,CUST-01058,cust-01058@lumenmail.com,Outdoor,2,214.39,0.0,Paid Search,US,
ORD-000359,2024-08-11,CUST-02033,cust-02033@lumenmail.com,Lighting,2,115.33,0.0,Organic,US,control
ORD-009119,2024-10-01,CUST-02730,cust-02730@lumenmail.com,Furniture,2,82.58,0.2,Paid Search,AU,
ORD-002426,2024-03-10,CUST-01629,cust-01629@lumenmail.com,Furniture,3,38.73,0.15,Email,US,control
ORD-008506,2024-08-31,CUST-00958,cust-00958@lumenmail.com,Furniture,1,134.64,0.2,Paid Search,US,
ORD-003910,2024-04-26,CUST-02912,cust-02912@lumenmail.com,Décor,4,32.94,0.0,Paid Search,US,control
ORD-005241,25/06/2024,CUST-01138,cust-01138@lumenmail.com,Furniture,3,156.33,0.1,Email,US,control
ORD-000328,02/06/2023,CUST-02887,cust-02887@lumenmail.com,Outdoor,1,96.54,0.0,Email,US,control
ORD-004744,14/10/2024,CUST-01242,cust-01242@lumenmail.com,Outdoor,2,353.2,0.0,Email,US,variant
ORD-003101,2023-06-25,CUST-01928,cust-01928@lumenmail.com,Décor,1,62.14,0.0,,UK,control
ORD-007500,2023-07-14,CUST-00549,cust-00549@lumenmail.com,Décor,4,25.13,0.0,Email,UK,
ORD-004921,2024-12-20,CUST-00709,cust-00709@lumenmail.com,Furniture,2,45.15,0.0,Email,US,
ORD-007723,2024-02-09,CUST-02443,cust-02443@lumenmail.com,Furniture,-1,12.01,0.0,Email,CA,variant
ORD-006997,2024-02-21,CUST-01379,cust-01379@lumenmail.com,Furniture,1,0.0,0.1,Paid Search,US,
ORD-008885,2024-02-05,,guest@lumenmail.com,Décor,1,59.99,0.05,Paid Search,US,
ORD-004096,2024-08-30,CUST-01806,cust-01806@lumenmail.com,Accessories,1,65.0,0.0,Email,US,
ORD-000593,16/06/2024,CUST-01779,cust-01779@lumenmail.com,Lighting,1,302.68,0.25,Email,US,
ORD-002530,2024-10-17,,guest@lumenmail.com,Outdoor,1,88.38,0.05,Organic,US,control
ORD-007220,2024-07-19,CUST-00748,cust-00748@lumenmail.com,Lighting,1,185.78,0.0,Paid Search,US,
ORD-003557,2023-07-04,CUST-00792,cust-00792@lumenmail.com,Lighting,2,675.47,0.05,Paid Search,US,variant
ORD-004023,26/09/2023,CUST-01880,cust-01880@lumenmail.com,Furniture,2,78.71,0.0,,US,
ORD-001221,26/07/2023,CUST-02705,cust-02705@lumenmail.com,Décor,1,100.92,0.0,Paid Search,US,control
ORD-006368,2024-08-14,CUST-00636,cust-00636@lumenmail.com,Lighting,2,538.15,0.0,Paid Search,AU,control
ORD-005490,2023-08-07,CUST-02377,cust-02377@lumenmail.com,Décor,1,99.66,0.05,Organic,US,variant
ORD-000671,2024-04-03,CUST-01524,cust-01524@lumenmail.com,Décor,4,42.04,0.15,Email,US,control
ORD-000852,2023-10-10,CUST-00748,cust-00748@lumenmail.com,Outdoor,1,195.05,0.1,Paid Search,CA,variant
ORD-002046,2024-04-23,CUST-00176,cust-00176@lumenmail.com,Lighting,2,17.93,0.0,,UK,variant
ORD-000964,2024-01-27,CUST-00656,cust-00656@lumenmail.com,Furniture,1,20.91,0.0,Organic,CA,variant
ORD-002439,2024-08-31,,guest@lumenmail.com,Décor,2,64.16,0.0,Paid Search,CA,
ORD-007602,2024-09-20,CUST-01001,cust-01001@lumenmail.com,Outdoor,3,33.71,0.0,Email,US,control
ORD-005504,2024-07-25,,guest@lumenmail.com,Outdoor,1,44.27,0.1,Paid Search,US,variant
ORD-007498,2023-11-05,CUST-02940,cust-02940@lumenmail.com,Décor,1,297.78,0.15,Email,US,control
ORD-002304,2024-08-09,CUST-00236,cust-00236@lumenmail.com,Lighting,1,261.71,0.05,Organic,US,
ORD-005141,2024-04-04,CUST-00329,cust-00329@lumenmail.com,Décor,1,337.96,0.05,Paid Search,UK,variant
ORD-006408,2023-06-09,CUST-00066,cust-00066@lumenmail.com,Furniture,2,38.8,0.0,Organic,US,
ORD-008639,2023-06-19,CUST-00469,cust-00469@lumenmail.com,Décor,2,243.84,0.25,Email,US,
ORD-008888,2023-10-25,CUST-01825,cust-01825@lumenmail.com,Lighting,1,260.5,15.0,Organic,ZZ,
ORD-005364,2023-11-30,,guest@lumenmail.com,Lighting,-4,71.78,0.0,Email,CA,control
ORD-004304,2023-10-02,CUST-02318,cust-02318@lumenmail.com,Accessories,2,66.47,0.05,Email,US,
ORD-003533,2024-11-28,CUST-01810,cust-01810@lumenmail.com,Accessories,2,179.56,0.0,Email,US,control
ORD-006250,2023-06-25,CUST-01807,cust-01807@lumenmail.com,Décor,1,27.99,0.2,Social,US,
ORD-003698,2024-06-15,CUST-01824,cust-01824@lumenmail.com,Furniture,2,782.78,0.0,Paid Search,US,
ORD-000824,2024-07-28,CUST-02977,cust-02977@lumenmail.com,Lighting,1,751.04,10.0,Email,US,control
ORD-001782,2024-07-31,CUST-02431,cust-02431@lumenmail.com,Lighting,1,44.17,0.0,Paid Search,US,
ORD-006058,2023-10-28,CUST-02640,cust-02640@lumenmail.com,Lighting,5,673.53,0.0,Paid Search,US,variant
ORD-003755,2024-07-20,CUST-01141,cust-01141@lumenmail.com,Outdoor,2,135.0,0.0,Organic,US,control
ORD-006583,2024-05-07,CUST-02681,cust-02681@lumenmail.com,Lighting,2,133.44,0.0,Organic,AU,
ORD-002578,2024-03-03,CUST-02195,cust-02195@lumenmail.com,Furniture,1,210.56,0.15,Paid Search,US,control
ORD-006804,2024-01-03,CUST-02102,cust-02102@lumenmail.com,Décor,1,338.84,0.0,Email,AU,control
ORD-004780,2023-07-12,CUST-00551,cust-00551@lumenmail.com,Lighting,2,49.31,0.0,Organic,AU,
ORD-004236,2023-07-26,,guest@lumenmail.com,Accessories,3,44.8,0.1,Paid Search,US,control
ORD-002534,20/08/2023,CUST-01696,cust-01696@lumenmail.com,Décor,1,30.87,0.0,Paid Search,US,
ORD-004172,2023-10-01,CUST-02033,cust-02033@lumenmail.com,Décor,7,63.82,0.0,Paid Search,US,variant
ORD-003294,2023-12-27,CUST-02102,cust-02102@lumenmail.com,Décor,2,69.2,0.0,Email,ZZ,variant
ORD-002258,2023-09-28,CUST-02310,cust-02310@lumenmail.com,Décor,3,12.77,0.1,Paid Search,UK,variant
ORD-005869,2024-12-18,CUST-00165,cust-00165@lumenmail.com,Décor,1,367.76,0.15,Paid Search,CA,
ORD-001799,2023-07-06,,guest@lumenmail.com,Accessories,2,18.86,0.05,Email,UK,control
ORD-003525,2024-01-31,CUST-00634,cust-00634@lumenmail.com,Décor,2,81.55,5.0,Email,US,variant
ORD-008629,2024-12-08,CUST-01009,cust-01009@lumenmail.com,lighting,2,34.72,0.2,Social,US,variant
ORD-004546,2024-09-26,CUST-00204,cust-00204@lumenmail.com,Décor,1,27.75,5.0,Organic,US,variant
ORD-006559,2024-02-20,CUST-02214,cust-02214@lumenmail.com,Lighting,3,389.59,0.0,,UK,variant
ORD-007141,2023-12-15,CUST-02380,cust-02380@lumenmail.com,Furniture,1,77.52,0.2,Paid Search,US,variant
ORD-009559,2023-06-08,CUST-02451,cust-02451@lumenmail.com,Furniture,1,265.74,0.05,Organic,US,
ORD-001035,2024-06-30,CUST-02366,cust-02366@lumenmail.com,Lighting,1,73.95,10.0,Organic,CA,
ORD-005458,2024-03-25,CUST-00560,cust-00560@lumenmail.com,Lighting,3,97.52,0.0,Paid Search,US,variant
ORD-009324,2024-09-21,,guest@lumenmail.com,Lighting,5,211.33,0.05,Paid Search,AU,
ORD-004086,2023-09-04,,guest@lumenmail.com,Lighting,1,5.34,0.0,Paid Search,US,control
ORD-008465,29/03/2024,CUST-00300,cust-00300@lumenmail.com,Décor,1,70.86,0.1,Organic,US,variant
ORD-005318,2023-06-14,CUST-01354,cust-01354@lumenmail.com,Outdoor,1,84.04,0.25,Paid Search,US,
ORD-005836,2023-06-27,,guest@lumenmail.com,Lighting,2,204.1,0.15,,UK,variant
ORD-003932,2024-11-04,CUST-00297,cust-00297@lumenmail.com,Lighting,1,85.88,0.0,Paid Search,US,variant
ORD-005043,2023-08-15,CUST-00586,cust-00586@lumenmail.com,Outdoor,1,6.49,0.0,Email,UK,
ORD-008908,2024-05-09,CUST-01265,cust-01265@lumenmail.com,Décor,2,12.62,0.0,Paid Search,US,control
ORD-001066,2024-10-23,CUST-01728,cust-01728@lumenmail.com,Furniture,4,225.12,0.2,Paid Search,US,
ORD-007917,2024-07-10,CUST-00415,cust-00415@lumenmail.com,Furniture,1,209.52,0.15,Paid Search,US,control
ORD-003135,2023-10-20,CUST-02292,cust-02292@lumenmail.com,Décor,1,223.29,0.0,Social,UK,control
ORD-004933,2023-10-09,CUST-01418,cust-01418@lumenmail.com,Furniture,1,213.73,0.0,Email,US,variant
ORD-005795,2023-10-17,CUST-01467,cust-01467@lumenmail.com,Décor,2,36.91,0.0,Email,US,
ORD-001493,2024-09-07,CUST-01446,cust-01446@lumenmail.com,Furniture,2,239.58,0.2,Email,UK,control
ORD-001026,2023-11-07,CUST-02143,cust-02143@lumenmail.com,Furniture,1,586.07,0.15,Paid Search,US,
ORD-006684,2024-07-24,CUST-00201,cust-00201@lumenmail.com,Furniture,1,738.9,0.0,Social,UK,control
ORD-008248,2024-03-23,CUST-01494,cust-01494@lumenmail.com,Décor,2,93.17,15.0,Email,US,variant
ORD-007870,2024-01-26,,guest@lumenmail.com,Décor,1,99.53,0.0,Paid Search,US,
ORD-002469,2023-08-01,CUST-01939,cust-01939@lumenmail.com,Lighting,2,229.72,0.0,Organic,AU,
ORD-003670,2024-06-02,CUST-00849,cust-00849@lumenmail.com,Décor,2,227.6,0.1,Organic,US,variant
ORD-001236,2024-11-07,,guest@lumenmail.com,Lighting,1,155.56,0.15,Paid Search,US,variant
ORD-000662,2023-06-12,CUST-02578,cust-02578@lumenmail.com,Lighting,1,237.61,0.1,Paid Search,UK,variant
ORD-001553,15/03/2024,CUST-01222,cust-01222@lumenmail.com,Furniture,3,640.74,0.0,Email,US,
ORD-008081,2024-04-26,CUST-00554,cust-00554@lumenmail.com,Lighting,4,63.48,0.2,Organic,US,variant
ORD-002576,2024-08-30,CUST-01338,cust-01338@lumenmail.com,Furniture,-6,48.32,0.0,Organic,US,
ORD-004687,2023-10-16,CUST-02363,cust-02363@lumenmail.com,Lighting,1,48.32,0.0,Paid Search,AU,variant
ORD-004412,2024-06-03,CUST-01000,cust-01000@lumenmail.com,Décor,1,28.69,0.0,Organic,US,
ORD-005996,2024-07-01,CUST-02427,cust-02427@lumenmail.com,Lighting,1,34.41,0.0,Email,AU,variant
ORD-005448,2024-01-24,CUST-02916,cust-02916@lumenmail.com,Furniture,1,193.11,0.05,Email,US,control
ORD-008172,2024-02-11,,guest@lumenmail.com,Décor,3,45.68,0.15,Social,US,
ORD-009318,2024-03-16,CUST-00992,cust-00992@lumenmail.com,Furniture,3,136.8,0.0,Paid Search,US,
ORD-003383,2023-09-25,CUST-00657,cust-00657@lumenmail.com,Furniture,1,83.47,0.0,Email,US,
ORD-000156,2023-06-03,CUST-00251,cust-00251@lumenmail.com,Lighting,1,34.6,0.1,Social,UK,variant
ORD-002285,2023-12-09,CUST-02759,cust-02759@lumenmail.com,Lighting,1,34.81,0.05,Email,UK,control
ORD-006275,2024-06-10,CUST-00912,cust-00912@lumenmail.com,Furniture,1,7.01,0.0,Paid Search,US,
ORD-005079,2024-04-08,CUST-02543,cust-02543@lumenmail.com,Décor,1,5.23,0.05,Paid Search,US,
ORD-003503,2024-10-04,CUST-00989,cust-00989@lumenmail.com,Accessories,1,182.64,0.2,Social,US,
ORD-006829,2023-10-08,CUST-02509,cust-02509@lumenmail.com,Outdoor,2,107.59,0.1,Paid Search,CA,
ORD-002114,2023-07-10,,guest@lumenmail.com,Outdoor,4,6.98,0.0,Organic,CA,
ORD-005772,2023-09-20,CUST-02977,cust-02977@lumenmail.com,Lighting,1,21.01,0.1,Paid Search,UK,control
ORD-005653,2023-11-18,CUST-01075,cust-01075@lumenmail.com,Furniture,-5,65.11,25.0,Paid Search,US,
ORD-005034,2023-09-18,CUST-01547,cust-01547@lumenmail.com,Outdoor,7,77.88,15.0,Paid Search,US,variant
ORD-008443,2024-06-21,CUST-00492,cust-00492@lumenmail.com,Lighting,1,16.75,0.0,Email,US,
ORD-006274,2023-10-20,CUST-02402,cust-02402@lumenmail.com,Accessories,4,123.2,0.15,Email,UK,control
ORD-006643,2024-11-16,CUST-00032,cust-00032@lumenmail.com,Décor,1,73.43,0.05,Social,US,
ORD-002525,2024-09-18,CUST-02254,cust-02254@lumenmail.com,Lighting,2,24.8,0.05,Organic,US,variant
ORD-001075,2024-11-20,CUST-02542,cust-02542@lumenmail.com,Accessories,1,67.35,0.15,Organic,US,
ORD-000518,2024-02-27,CUST-01404,cust-01404@lumenmail.com,Outdoor,1,148.52,0.0,Organic,US,variant
ORD-000636,2023-06-04,CUST-01226,cust-01226@lumenmail.com,Lighting,1,381.26,0.05,Paid Search,CA,control
ORD-003978,2023-12-07,CUST-02295,cust-02295@lumenmail.com,Furniture,1,41.52,0.05,Organic,UK,variant
ORD-000350,2023-08-09,CUST-01411,cust-01411@lumenmail.com,Lighting,3,92.47,0.0,Organic,US,control
ORD-007850,2024-05-13,CUST-01524,cust-01524@lumenmail.com,Décor,6,169.8,0.0,Email,US,
ORD-009448,2024-12-26,CUST-00572,cust-00572@lumenmail.com,Lighting,4,77.86,0.0,Paid Search,US,variant
ORD-006726,2024-04-07,CUST-02944,cust-02944@lumenmail.com,Lighting,3,33.88,15.0,Organic,US,
ORD-005667,2024-11-27,CUST-02873,cust-02873@lumenmail.com,Furniture,1,28.04,0.2,Paid Search,US,variant
ORD-001993,2024-12-20,CUST-00919,cust-00919@lumenmail.com,Décor,2,589.69,0.2,Social,US,
ORD-001098,2024-02-25,CUST-01077,cust-01077@lumenmail.com,Lighting,4,69.38,0.0,Paid Search,US,variant
ORD-002914,2024-04-12,CUST-01146,cust-01146@lumenmail.com,Décor,3,169.25,0.05,Paid Search,UK,variant
ORD-006183,2023-08-22,CUST-02688,cust-02688@lumenmail.com,Lighting,2,117.79,0.0,Email,UK,
ORD-001760,2024-02-21,CUST-02885,cust-02885@lumenmail.com,Outdoor,1,99.26,0.0,Organic,CA,variant
ORD-004828,2023-06-24,CUST-00242,cust-00242@lumenmail.com,Décor,1,98.31,0.1,Paid Search,US,
ORD-003940,13/06/2024,CUST-02071,cust-02071@lumenmail.com,Furniture,2,50.89,0.15,Organic,US,
ORD-004062,25/03/2024,CUST-01726,cust-01726@lumenmail.com,Lighting,1,0.0,0.05,Paid Search,US,
ORD-002161,2024-06-12,CUST-00802,cust-00802@lumenmail.com,Outdoor,1,199.94,0.0,Paid Search,US,control
ORD-002183,2023-12-21,CUST-01511,cust-01511@lumenmail.com,Décor,2,771.72,0.0,Social,US,
ORD-002084,2024-10-08,CUST-00126,cust-00126@lumenmail.com,Furniture,1,152.68,0.0,Paid Search,US,
ORD-005424,2023-12-27,CUST-01477,cust-01477@lumenmail.com,Lighting,4,24.07,0.0,,US,
ORD-007268,2023-07-18,CUST-01936,cust-01936@lumenmail.com,Lighting,4,36.61,0.05,,UK,
ORD-006620,2023-12-22,CUST-02803,cust-02803@lumenmail.com,Furniture,4,187.47,0.05,Organic,CA,control
ORD-002097,2023-06-23,CUST-02252,cust-02252@lumenmail.com,Lighting,2,45.75,0.0,Paid Search,CA,
ORD-005497,24/03/2024,,guest@lumenmail.com,Lighting,1,75.76,0.0,,AU,variant
ORD-001843,2024-03-01,CUST-01743,cust-01743@lumenmail.com,Accessories,2,23.65,0.25,Email,US,variant
ORD-006701,2024-01-09,CUST-00020,cust-00020@lumenmail.com,Lighting,1,327.12,5.0,Paid Search,US,
ORD-009593,2024-03-09,CUST-00813,cust-00813@lumenmail.com,Lighting,1,262.07,0.2,Paid Search,US,control
ORD-003720,2023-10-12,CUST-01056,cust-01056@lumenmail.com,Outdoor,2,75.99,0.0,Organic,CA,control
ORD-002436,2023-06-16,CUST-02393,cust-02393@lumenmail.com,Lighting,1,44.01,0.05,Social,US,variant
ORD-004082,2024-07-25,CUST-02219,cust-02219@lumenmail.com,Lighting,2,58.27,0.0,Paid Search,UK,variant
ORD-000349,2023-10-16,CUST-01999,cust-01999@lumenmail.com,Décor,1,39.3,0.2,Social,US,variant
ORD-005185,2023-08-13,CUST-01597,cust-01597@lumenmail.com,Décor,1,29.58,0.05,Paid Search,US,
ORD-004956,2024-04-30,,guest@lumenmail.com,Outdoor,2,61.11,0.0,Paid Search,US,
ORD-003897,2023-11-12,,guest@lumenmail.com,Furniture,4,184.67,0.0,Organic,CA,control
ORD-002467,2024-08-23,CUST-00799,cust-00799@lumenmail.com,Décor,1,87.39,20.0,Social,US,variant
ORD-005215,2024-08-30,CUST-00135,cust-00135@lumenmail.com,Accessories,1,314.07,0.05,Organic,US,control
ORD-004866,11/01/2024,CUST-02068,cust-02068@lumenmail.com,Accessories,1,172.81,0.1,,US,
ORD-009182,2023-07-09,CUST-01161,cust-01161@lumenmail.com,Décor,2,49.46,0.15,Email,US,
ORD-001600,2023-09-12,CUST-02329,cust-02329@lumenmail.com,Lighting,2,140.56,0.0,Paid Search,CA,variant
ORD-009536,2024-07-11,CUST-00948,cust-00948@lumenmail.com,Lighting,1,348.98,0.0,Organic,US,
ORD-008827,2024-07-11,CUST-00566,cust-00566@lumenmail.com,Lighting,1,307.39,0.05,Paid Search,CA,variant
ORD-008797,2024-01-30,CUST-00211,cust-00211@lumenmail.com,Décor,2,69.06,0.15,Paid Search,US,variant
ORD-001495,26/02/2024,CUST-01968,cust-01968@lumenmail.com,Outdoor,1,35.46,0.0,Email,US,control
ORD-002172,2023-06-18,CUST-02891,cust-02891@lumenmail.com,Accessories,3,194.59,0.15,Email,CA,control
ORD-002259,27/01/2024,CUST-00149,cust-00149@lumenmail.com,Accessories,1,50.61,0.2,Organic,US,
ORD-005601,2024-03-31,CUST-01244,cust-01244@lumenmail.com,Lighting,2,370.47,0.0,Social,US,
ORD-002880,2023-12-20,CUST-01031,cust-01031@lumenmail.com,Lighting,2,97.6,0.2,Paid Search,US,
ORD-003385,2024-08-20,CUST-00765,cust-00765@lumenmail.com,Accessories,2,95.49,0.0,Paid Search,US,variant
ORD-008494,2024-08-03,CUST-00188,cust-00188@lumenmail.com,Lighting,1,341.82,0.05,Email,US,
ORD-005115,31/01/2024,CUST-01045,cust-01045@lumenmail.com,Décor,4,222.22,0.0,Organic,UK,
ORD-009027,2024-11-17,CUST-01807,cust-01807@lumenmail.com,Lighting,1,123.85,0.05,Organic,CA,
ORD-003075,2024-01-10,CUST-00899,cust-00899@lumenmail.com,Décor,1,18.97,0.0,Paid Search,US,
ORD-004334,13/11/2024,CUST-01450,cust-01450@lumenmail.com,Lighting,2,22.83,0.25,Email,US,control
ORD-007605,2024-11-13,CUST-00862,cust-00862@lumenmail.com,Lighting,-1,72.95,15.0,Paid Search,US,
ORD-003956,16/11/2024,CUST-01567,cust-01567@lumenmail.com,Accessories,1,171.9,0.0,Email,US,
ORD-003736,06/01/2024,CUST-01034,cust-01034@lumenmail.com,Décor,1,185.13,0.0,Social,ZZ,control
ORD-009306,,CUST-02014,cust-02014@lumenmail.com,Décor,4,61.58,0.0,Social,US,control
ORD-006661,2024-01-10,CUST-02660,cust-02660@lumenmail.com,Lighting,-3,8.2,0.05,Email,CA,
ORD-002279,2024-08-09,CUST-02934,cust-02934@lumenmail.com,Décor,7,33.05,0.0,Email,US,variant
ORD-004691,29/06/2023,CUST-00787,cust-00787@lumenmail.com,Furniture,1,87.15,0.1,Paid Search,US,control
ORD-002852,2024-10-04,CUST-00751,cust-00751@lumenmail.com,Lighting,5,62.14,0.05,Email,US,control
ORD-004429,18/07/2023,CUST-02462,cust-02462@lumenmail.com,Furniture,1,32.96,0.15,Paid Search,US,
ORD-006257,2024-12-14,CUST-02324,cust-02324@lumenmail.com,Accessories,1,180.01,0.15,Email,US,variant
ORD-000542,2023-09-10,CUST-00645,cust-00645@lumenmail.com,Lightng,1,100.01,0.0,Email,US,
ORD-002143,2024-01-05,CUST-02572,cust-02572@lumenmail.com,Outdoor,2,44.45,0.0,Social,US,variant
ORD-002341,2023-10-15,CUST-01305,cust-01305@lumenmail.com,Décor,2,111.16,0.0,Organic,UK,
ORD-005345,2024-06-12,CUST-00458,cust-00458@lumenmail.com,Lighting,3,94.84,0.0,Organic,US,
ORD-008973,30/10/2024,CUST-00002,cust-00002@lumenmail.com,Lighting,1,311.37,0.05,Social,US,
ORD-008667,03/06/2023,CUST-00855,cust-00855@lumenmail.com,Lighting,2,511.21,0.05,Email,US,control
ORD-000653,15/02/2024,CUST-01420,cust-01420@lumenmail.com,Lighting,1,67.44,0.0,Paid Search,US,variant
ORD-002475,2024-04-16,CUST-00039,cust-00039@lumenmail.com,Lightng,4,81.24,0.0,Email,AU,variant
ORD-003139,2024-11-09,CUST-00044,cust-00044@lumenmail.com,Décor,2,200.0,0.2,Email,US,variant
ORD-001831,16/06/2024,CUST-00706,cust-00706@lumenmail.com,Décor,3,78.8,0.0,Paid Search,US,
ORD-007453,2024-09-05,CUST-00293,cust-00293@lumenmail.com,Lighting,1,142.1,10.0,Social,UK,
ORD-003766,2023-07-10,CUST-02159,cust-02159@lumenmail.com,Outdoor,1,39.86,0.25,Paid Search,US,variant
ORD-003473,2024-05-04,CUST-01332,cust-01332@lumenmail.com,Lighting,1,78.35,0.0,Social,US,control
ORD-008721,2024-06-18,CUST-01559,cust-01559@lumenmail.com,Outdoor,-2,103.68,10.0,Paid Search,US,control
ORD-003625,2024-10-21,CUST-00343,cust-00343@lumenmail.com,lighting,1,172.13,0.0,Organic,US,variant
ORD-000628,2024-07-04,CUST-00298,cust-00298@lumenmail.com,Décor,3,76.38,0.05,Organic,US,
ORD-001981,23/06/2023,CUST-01498,cust-01498@lumenmail.com,Décor,3,44.2,0.0,Paid Search,US,control
ORD-009552,2023-12-31,CUST-01504,cust-01504@lumenmail.com,Lighting,1,727.68,0.0,Organic,US,variant
ORD-007845,2023-08-18,CUST-01550,cust-01550@lumenmail.com,lighting,1,31.1,0.0,Organic,US,
ORD-007940,25/10/2023,CUST-01087,cust-01087@lumenmail.com,Lighting,4,28.64,0.05,Organic,US,variant
ORD-002601,2023-10-07,CUST-02033,cust-02033@lumenmail.com,Lighting,1,70.96,0.0,Email,US,variant
ORD-008068,2023-06-18,CUST-02018,cust-02018@lumenmail.com,Lighting,1,19.61,0.0,Organic,US,control
ORD-006360,2024-07-29,CUST-01069,cust-01069@lumenmail.com,Lighting,2,127.29,0.0,Email,CA,
ORD-007392,2024-08-01,CUST-02609,cust-02609@lumenmail.com,Accessories,4,80.21,0.0,Email,US,
ORD-005746,2024-07-11,CUST-00928,cust-00928@lumenmail.com,Décor,1,56.08,0.0,Email,US,control
ORD-005935,2023-09-26,CUST-01456,cust-01456@lumenmail.com,Accessories,2,752.79,0.1,Email,US,variant
ORD-001022,2024-06-11,CUST-00727,cust-00727@lumenmail.com,Lighting,1,7.84,0.0,Paid Search,US,variant
ORD-007143,2024-08-10,CUST-02331,cust-02331@lumenmail.com,Lighting,1,59.87,0.05,Organic,US,
ORD-009125,2023-12-26,CUST-02696,cust-02696@lumenmail.com,Furniture,2,30.39,0.05,Organic,US,
ORD-004602,2023-12-12,CUST-01292,cust-01292@lumenmail.com,Furniture,2,339.9,0.0,Paid Search,CA,
ORD-008700,2023-08-29,CUST-00807,cust-00807@lumenmail.com,Furniture,2,170.42,0.0,Paid Search,CA,
ORD-000029,2024-09-17,CUST-00529,cust-00529@lumenmail.com,Outdoor,3,49.19,0.0,Organic,US,
ORD-006205,2024-02-06,CUST-00226,cust-00226@lumenmail.com,Accessories,1,96.0,0.0,Organic,US,control
ORD-003111,2024-03-15,CUST-02387,cust-02387@lumenmail.com,Décor,1,71.16,0.05,Email,US,variant
ORD-002603,2024-09-11,CUST-01461,cust-01461@lumenmail.com,Furniture,1,39.26,0.0,Email,CA,variant
ORD-004945,2024-11-17,CUST-00131,cust-00131@lumenmail.com,Décor,2,29.85,0.0,Paid Search,AU,
ORD-007404,04/09/2023,CUST-00190,cust-00190@lumenmail.com,Lighting,3,33.04,5.0,Paid Search,US,variant
ORD-009133,09/09/2023,CUST-02543,cust-02543@lumenmail.com,Furniture,-1,592.0,0.0,Paid Search,US,variant
ORD-001131,2024-06-29,CUST-01525,cust-01525@lumenmail.com,Lighting,1,772.04,0.05,Paid Search,US,variant
ORD-005997,01/01/2024,CUST-01480,cust-01480@lumenmail.com,Décor,-1,184.01,0.0,Paid Search,US,
ORD-005114,2024-09-17,CUST-02205,cust-02205@lumenmail.com,Décor,1,92.51,0.0,Email,US,variant
ORD-008927,05/06/2024,CUST-01702,cust-01702@lumenmail.com,Lighting,1,87.87,0.15,Paid Search,US,
ORD-005875,2024-12-23,CUST-02059,cust-02059@lumenmail.com,Lighting,1,150.45,0.05,Email,CA,
ORD-004527,2024-05-08,CUST-01186,cust-01186@lumenmail.com,Lighting,1,79.39,0.15,Organic,UK,
ORD-004635,2023-09-23,CUST-02063,cust-02063@lumenmail.com,Décor,3,31.2,0.0,Organic,UK,
ORD-008998,2024-09-03,CUST-00696,cust-00696@lumenmail.com,Lighting,1,289.15,0.0,Organic,US,variant
ORD-004817,2024-05-15,CUST-02817,cust-02817@lumenmail.com,Décor,2,32.36,0.05,Email,US,control
ORD-008257,2024-10-22,,guest@lumenmail.com,Lighting,2,99.29,0.1,Email,US,
ORD-000532,31/08/2023,CUST-01414,cust-01414@lumenmail.com,Décor,4,290.76,0.05,Social,US,
ORD-002942,2024-09-27,CUST-00137,cust-00137@lumenmail.com,Accessories,1,78.99,0.0,Organic,CA,variant
ORD-007791,2024-12-02,CUST-00003,cust-00003@lumenmail.com,Décor,2,185.99,0.0,Email,US,control
ORD-001447,2024-11-23,CUST-00531,cust-00531@lumenmail.com,Furniture,3,32.73,0.25,Social,US,control
ORD-001108,06/12/2024,CUST-02492,cust-02492@lumenmail.com,Lighting,2,67.85,0.0,Organic,US,
ORD-000438,2024-07-26,CUST-02053,cust-02053@lumenmail.com,Lighting,1,167.53,0.0,Organic,US,
ORD-007733,2024-05-26,CUST-00384,cust-00384@lumenmail.com,Lighting,3,388.77,0.05,Paid Search,US,
ORD-006314,2024-10-13,CUST-00089,cust-00089@lumenmail.com,Furniture,3,188.03,0.0,Organic,ZZ,variant
ORD-002597,2024-07-15,CUST-00107,cust-00107@lumenmail.com,Décor,1,264.35,0.1,Paid Search,US,
ORD-006156,2024-05-03,CUST-01468,cust-01468@lumenmail.com,Lighting,3,168.46,0.0,Organic,US,control
ORD-007308,2024-07-17,CUST-02642,cust-02642@lumenmail.com,Lighting,5,203.82,0.0,Email,US,control
ORD-004420,2023-07-12,CUST-01499,cust-01499@lumenmail.com,Décor,2,52.34,0.0,Email,US,variant
ORD-009117,2024-02-14,CUST-02959,cust-02959@lumenmail.com,Furniture,6,176.15,0.0,Email,US,
ORD-004944,2023-11-26,CUST-00022,cust-00022@lumenmail.com,Lighting,2,34.32,0.15,Email,ZZ,
ORD-005332,2024-12-10,CUST-01778,cust-01778@lumenmail.com,Furniture,2,38.88,0.0,Paid Search,CA,control
ORD-000769,2024-09-28,CUST-00628,cust-00628@lumenmail.com,Lighting,1,165.31,0.0,Paid Search,CA,
ORD-007950,2023-07-09,CUST-00026,cust-00026@lumenmail.com,Lighting,1,181.13,0.0,Organic,US,
ORD-002450,2024-02-15,CUST-01509,cust-01509@lumenmail.com,Accessories,1,70.76,0.05,Social,US,variant
ORD-001275,2024-05-31,CUST-00865,cust-00865@lumenmail.com,Furniture,1,36.55,0.05,Organic,US,
ORD-007972,2024-02-19,,guest@lumenmail.com,Furniture,2,109.27,0.0,,UK,variant
ORD-008941,2024-07-08,CUST-01631,cust-01631@lumenmail.com,Décor,3,36.73,20.0,Email,US,control
ORD-001785,2023-09-09,CUST-01484,cust-01484@lumenmail.com,Lighting,1,94.54,0.0,Organic,US,control
ORD-004833,2024-04-19,CUST-01333,cust-01333@lumenmail.com,Lighting,5,15.0,0.0,Paid Search,US,control
ORD-000512,2023-06-19,CUST-02598,cust-02598@lumenmail.com,Furniture,1,240.94,0.05,Organic,UK,variant
ORD-009135,2023-09-25,CUST-00781,cust-00781@lumenmail.com,Décor,2,78.68,0.0,Social,US,variant
ORD-004905,2024-01-03,CUST-01064,cust-01064@lumenmail.com,Lighting,-2,37.54,0.0,Social,CA,
ORD-003149,2024-03-26,CUST-00949,cust-00949@lumenmail.com,Lighting,1,103.27,20.0,Social,US,control
ORD-005856,2023-09-12,CUST-00617,cust-00617@lumenmail.com,lighting,2,234.34,0.15,Email,CA,
ORD-006226,11/09/2023,CUST-01767,cust-01767@lumenmail.com,Accessories,2,121.08,0.05,Paid Search,CA,
ORD-001679,2024-09-27,CUST-01819,cust-01819@lumenmail.com,Décor,2,17.88,25.0,Organic,US,variant
ORD-008720,,,guest@lumenmail.com,Lighting,1,87.18,0.0,Social,US,
ORD-004134,17/09/2023,CUST-01961,cust-01961@lumenmail.com,Lighting,-1,366.06,0.0,Paid Search,US,variant
ORD-002443,23/08/2023,CUST-02912,cust-02912@lumenmail.com,Lighting,1,513.42,0.0,Social,UK,
ORD-002682,2024-07-03,CUST-02580,cust-02580@lumenmail.com,Outdoor,1,22.37,0.05,Paid Search,US,variant
ORD-002516,2023-07-06,CUST-00060,cust-00060@lumenmail.com,Lighting,3,186.16,0.0,Paid Search,US,variant
ORD-002504,2024-12-20,,guest@lumenmail.com,Outdoor,2,42.2,0.0,Organic,CA,variant
ORD-004020,2024-09-24,CUST-00124,cust-00124@lumenmail.com,Lighting,7,164.96,0.0,Paid Search,US,variant
ORD-001988,22/01/2024,CUST-00776,cust-00776@lumenmail.com,Lighting,3,170.36,0.1,Paid Search,CA,variant
ORD-007155,2024-08-20,CUST-01127,cust-01127@lumenmail.com,Lighting,5,354.57,0.2,Social,UK,
ORD-003724,2024-05-31,CUST-00916,cust-00916@lumenmail.com,Furniture,7,48.25,0.0,Organic,UK,control
ORD-000297,2024-06-17,CUST-02281,cust-02281@lumenmail.com,Outdoor,3,37.05,0.1,Paid Search,AU,
ORD-004369,2023-08-02,CUST-00559,cust-00559@lumenmail.com,Lighting,2,112.61,0.0,Paid Search,US,variant
ORD-006302,20/09/2023,CUST-01813,cust-01813@lumenmail.com,Décor,2,129.05,5.0,Email,US,control
ORD-005003,2023-12-12,CUST-00017,cust-00017@lumenmail.com,Lighting,1,144.15,0.0,Email,CA,variant
ORD-007477,2024-10-20,CUST-01755,cust-01755@lumenmail.com,Lighting,5,357.32,20.0,Paid Search,ZZ,variant
ORD-007159,01/12/2023,CUST-02440,cust-02440@lumenmail.com,Furniture,1,14.16,0.15,,ZZ,
ORD-002249,2024-09-30,CUST-02221,cust-02221@lumenmail.com,Furniture,5,368.18,0.25,Organic,US,control
ORD-006244,2024-10-13,,guest@lumenmail.com,Furniture,1,109.83,0.05,Email,CA,variant
ORD-008439,2024-11-03,CUST-01808,cust-01808@lumenmail.com,Outdoor,1,412.65,0.0,Paid Search,CA,
ORD-005565,2023-07-04,CUST-01939,cust-01939@lumenmail.com,Furniture,-2,678.14,0.0,Paid Search,US,
ORD-008644,2024-04-05,,guest@lumenmail.com,Décor,2,247.97,0.0,Email,CA,
ORD-000960,2023-10-28,,guest@lumenmail.com,Décor,1,322.97,0.15,Email,US,control
ORD-000409,2023-06-25,CUST-01829,cust-01829@lumenmail.com,Décor,3,183.79,0.2,Paid Search,UK,control
ORD-008082,2023-11-07,CUST-00621,cust-00621@lumenmail.com,Outdoor,1,672.53,0.0,Paid Search,US,variant
ORD-003701,27/08/2024,CUST-02017,cust-02017@lumenmail.com,Décor,2,19.78,0.05,Organic,US,control
ORD-002044,2024-12-22,CUST-01514,cust-01514@lumenmail.com,Décor,1,49.94,0.0,Email,AU,control
ORD-000178,2023-10-31,CUST-00996,cust-00996@lumenmail.com,Lighting,2,152.94,0.0,Paid Search,CA,
ORD-005337,2024-12-27,CUST-01052,cust-01052@lumenmail.com,Furniture,1,38.02,0.2,Paid Search,US,control
ORD-000590,2023-07-19,CUST-00783,cust-00783@lumenmail.com,Lighting,1,22.99,0.0,Organic,US,variant
ORD-006883,2024-04-30,CUST-02929,cust-02929@lumenmail.com,Lighting,1,59.46,0.25,Paid Search,CA,
ORD-009544,2023-11-22,CUST-01426,cust-01426@lumenmail.com,Furniture,3,44.43,15.0,Organic,US,control
ORD-006323,2024-01-04,CUST-02233,cust-02233@lumenmail.com,Lighting,2,126.93,0.05,Organic,US,control
ORD-005750,05/12/2023,CUST-01899,cust-01899@lumenmail.com,Accessories,1,67.26,0.15,Organic,US,
ORD-001572,13/11/2024,CUST-02986,cust-02986@lumenmail.com,Outdoor,5,382.15,0.15,Organic,US,control
ORD-001628,2024-08-07,CUST-02191,cust-02191@lumenmail.com,Décor,1,285.5,0.1,Organic,UK,variant
ORD-008521,2024-08-13,CUST-01296,cust-01296@lumenmail.com,Lighting,1,17.23,0.0,Email,US,
ORD-007951,2024-06-27,CUST-01028,cust-01028@lumenmail.com,Décor,1,84.87,0.0,Paid Search,AU,variant
ORD-003092,2024-10-21,CUST-00836,cust-00836@lumenmail.com,Outdoor,2,57.51,0.05,Social,UK,variant
ORD-007741,2024-02-07,CUST-02962,cust-02962@lumenmail.com,Lighting,1,126.37,0.0,Paid Search,US,control
ORD-004615,2024-02-04,CUST-01849,cust-01849@lumenmail.com,Décor,1,36.95,0.05,Paid Search,UK,variant
ORD-008875,2023-12-28,CUST-02687,cust-02687@lumenmail.com,Accessories,2,110.52,0.15,Social,CA,
ORD-004208,2023-10-14,CUST-00174,cust-00174@lumenmail.com,Décor,3,50.71,0.0,Email,US,variant
ORD-004269,2024-09-25,CUST-02254,cust-02254@lumenmail.com,Lighting,2,92.41,0.05,Paid Search,CA,variant
ORD-005564,2023-10-25,CUST-02072,cust-02072@lumenmail.com,Furniture,1,141.91,0.05,Email,CA,variant
ORD-005425,13/08/2024,CUST-01584,cust-01584@lumenmail.com,Décor,5,316.15,0.05,Paid Search,US,variant
ORD-003680,2024-08-04,CUST-02352,cust-02352@lumenmail.com,Accessories,1,36.29,0.0,Social,US,variant
ORD-003614,09/12/2023,CUST-01405,cust-01405@lumenmail.com,Outdoor,1,43.7,0.0,Social,US,variant
ORD-005324,2024-03-04,CUST-01873,cust-01873@lumenmail.com,Lighting,2,132.43,0.0,Paid Search,CA,variant
ORD-000057,2024-09-07,CUST-00524,cust-00524@lumenmail.com,Lighting,3,714.87,0.0,Social,US,
ORD-002580,2024-10-15,CUST-02614,cust-02614@lumenmail.com,Outdoor,1,374.79,0.05,Paid Search,UK,
ORD-001668,2024-07-01,CUST-01179,cust-01179@lumenmail.com,Furniture,1,330.33,0.05,Paid Search,US,
ORD-002409,2023-11-10,CUST-00659,cust-00659@lumenmail.com,Furniture,2,73.32,0.05,Paid Search,US,control
ORD-006403,2023-09-24,CUST-00212,cust-00212@lumenmail.com,Lighting,5,246.75,15.0,Organic,US,
ORD-009467,2023-12-17,CUST-02060,cust-02060@lumenmail.com,Lighting,-1,33.1,0.15,Social,CA,
ORD-004273,2023-06-05,CUST-00448,cust-00448@lumenmail.com,Accessories,1,27.22,0.0,Email,US,variant
ORD-005206,2024-02-11,CUST-00510,cust-00510@lumenmail.com,Lighting,4,62.42,0.05,Email,US,
ORD-007494,2024-06-05,CUST-01755,cust-01755@lumenmail.com,Lighting,3,58.48,0.1,Organic,CA,control
ORD-003872,03/05/2024,CUST-02929,cust-02929@lumenmail.com,Lighting,3,42.95,0.05,Paid Search,CA,variant
ORD-009309,2023-09-10,CUST-01660,cust-01660@lumenmail.com,Furniture,1,312.52,0.05,Organic,US,variant
ORD-008896,2024-10-31,CUST-01281,cust-01281@lumenmail.com,Lighting,1,38.62,0.05,Email,CA,control
ORD-003024,2023-08-29,CUST-00536,cust-00536@lumenmail.com,Furniture,2,136.36,0.2,Paid Search,US,variant
ORD-001849,2024-07-10,CUST-01750,cust-01750@lumenmail.com,Furniture,7,338.21,0.05,Organic,US,
ORD-007422,2023-11-18,CUST-01807,cust-01807@lumenmail.com,Furniture,1,91.09,0.05,Email,CA,
ORD-005395,25/12/2024,CUST-00001,cust-00001@lumenmail.com,Outdoor,2,48.78,0.1,Email,CA,control
ORD-001301,2024-07-24,CUST-00023,cust-00023@lumenmail.com,Lighting,3,177.97,0.05,Organic,UK,variant
ORD-006528,06/02/2024,CUST-00919,cust-00919@lumenmail.com,Lighting,1,56.38,10.0,Social,US,control
ORD-005001,2023-08-17,CUST-01432,cust-01432@lumenmail.com,Lighting,1,168.21,0.0,,US,
ORD-000720,04/06/2024,,guest@lumenmail.com,Lighting,1,43.8,0.25,Email,CA,
ORD-007469,2023-06-07,CUST-02450,cust-02450@lumenmail.com,Décor,5,71.14,0.0,Paid Search,US,
ORD-004475,2024-10-04,CUST-02645,cust-02645@lumenmail.com,Lighting,2,44.11,0.05,Email,US,control
ORD-001731,2023-09-10,CUST-01317,cust-01317@lumenmail.com,Décor,6,319.08,0.0,Organic,CA,control
ORD-007117,2024-04-09,CUST-02030,cust-02030@lumenmail.com,Outdoor,1,60.61,0.1,Email,CA,control
ORD-001310,2024-11-27,CUST-02387,cust-02387@lumenmail.com,Outdoor,4,369.83,0.1,Paid Search,ZZ,
ORD-008325,2024-10-28,CUST-01986,cust-01986@lumenmail.com,Lighting,2,78.74,0.0,Organic,US,
ORD-004589,2024-08-26,CUST-00369,cust-00369@lumenmail.com,Furniture,5,62.9,0.1,Paid Search,US,control
ORD-003403,2023-06-24,,guest@lumenmail.com,Furniture,2,472.82,0.05,Email,US,variant
ORD-004845,18/12/2024,CUST-02429,cust-02429@lumenmail.com,Furniture,1,97.28,0.0,,US,variant
ORD-005831,2024-05-24,CUST-01253,cust-01253@lumenmail.com,Furniture,2,37.09,0.05,Email,CA,variant
ORD-005906,2024-07-03,CUST-00440,cust-00440@lumenmail.com,Outdoor,3,762.75,0.1,Social,ZZ,
ORD-007795,2024-04-07,CUST-02381,cust-02381@lumenmail.com,Accessories,4,116.56,0.0,Email,US,
ORD-002812,2024-10-01,CUST-02259,cust-02259@lumenmail.com,Outdoor,1,16.18,0.0,Email,CA,control
ORD-009504,20/10/2024,CUST-01221,cust-01221@lumenmail.com,Décor,2,64.48,0.1,Email,UK,control
ORD-008946,2024-10-08,CUST-01751,cust-01751@lumenmail.com,Furniture,2,35.05,0.0,,US,control
ORD-008963,2023-07-31,CUST-01898,cust-01898@lumenmail.com,Lighting,3,197.64,0.25,Email,ZZ,variant
ORD-002458,2023-12-12,CUST-01584,cust-01584@lumenmail.com,Décor,3,143.07,0.0,Email,US,variant
ORD-004847,2024-11-15,CUST-00203,cust-00203@lumenmail.com,Décor,4,88.2,5.0,Email,CA,
ORD-007661,2024-09-17,CUST-02443,cust-02443@lumenmail.com,Outdoor,-3,17.87,0.05,Paid Search,US,
ORD-001795,02/07/2024,CUST-02193,cust-02193@lumenmail.com,Lighting,1,88.74,0.05,Paid Search,US,
ORD-005250,2024-07-12,CUST-01181,cust-01181@lumenmail.com,Outdoor,1,63.33,0.0,Organic,AU,variant
ORD-005626,2024-06-11,CUST-02920,cust-02920@lumenmail.com,Outdoor,1,111.62,0.05,Email,ZZ,control
ORD-006328,2024-10-28,CUST-00315,cust-00315@lumenmail.com,lighting,1,131.21,0.05,Paid Search,CA,
ORD-002850,2024-09-19,CUST-00142,cust-00142@lumenmail.com,Outdoor,4,342.82,0.0,Paid Search,CA,control
ORD-001895,2024-06-23,CUST-02543,cust-02543@lumenmail.com,Furniture,1,760.08,0.0,Social,ZZ,
ORD-008130,2024-12-21,CUST-02994,cust-02994@lumenmail.com,Furniture,3,105.92,0.2,Email,UK,control
ORD-006844,2024-03-03,,guest@lumenmail.com,Furniture,1,19.35,10.0,Paid Search,US,
ORD-003845,2024-02-13,CUST-00142,cust-00142@lumenmail.com,lighting,2,39.63,0.0,Social,UK,control
ORD-003949,2024-07-25,CUST-00861,cust-00861@lumenmail.com,Furniture,3,168.03,0.0,Paid Search,US,variant
ORD-009192,2024-03-20,CUST-00437,cust-00437@lumenmail.com,Décor,2,43.17,0.0,Email,US,variant
ORD-006779,2024-02-14,CUST-00693,cust-00693@lumenmail.com,Outdoor,2,68.76,0.15,Paid Search,UK,
ORD-007925,2024-03-17,CUST-01789,cust-01789@lumenmail.com,Lighting,1,34.74,0.1,Organic,US,variant
ORD-007296,2024-06-05,CUST-01301,cust-01301@lumenmail.com,Lighting,2,613.39,0.0,Email,US,control
ORD-006085,2024-02-23,,guest@lumenmail.com,Lighting,1,362.61,0.1,Organic,US,
ORD-005156,2023-06-18,CUST-01030,cust-01030@lumenmail.com,Lighting,-1,65.5,0.0,Organic,UK,variant
ORD-008292,2023-07-01,CUST-02608,cust-02608@lumenmail.com,Lighting,1,367.21,0.0,Social,US,
ORD-003248,2024-06-15,CUST-02850,cust-02850@lumenmail.com,Furniture,1,24.8,0.0,Paid Search,UK,
ORD-007595,2024-11-23,CUST-02757,cust-02757@lumenmail.com,Décor,1,206.79,0.0,Organic,US,control
ORD-009492,2023-11-09,CUST-02295,cust-02295@lumenmail.com,Furniture,5,117.91,0.05,Organic,AU,control
ORD-004825,2024-12-26,CUST-01170,cust-01170@lumenmail.com,Lighting,7,33.4,0.0,Email,US,
ORD-007026,2024-08-22,CUST-02662,cust-02662@lumenmail.com,Furniture,3,54.92,0.0,Social,US,variant
ORD-001877,2024-05-26,CUST-01111,cust-01111@lumenmail.com,Décor,1,83.28,0.0,Email,CA,control
ORD-007081,2023-09-03,CUST-01727,cust-01727@lumenmail.com,Lighting,1,133.19,0.05,Paid Search,US,control
ORD-000096,2024-12-22,CUST-01138,cust-01138@lumenmail.com,Furniture,1,40.36,0.0,Email,US,variant
ORD-004583,2023-11-02,CUST-00973,cust-00973@lumenmail.com,Décor,3,175.57,0.0,Paid Search,US,variant
ORD-008989,2023-09-04,CUST-02499,cust-02499@lumenmail.com,Furniture,1,706.48,0.05,Paid Search,CA,
ORD-006009,2023-08-12,CUST-02278,cust-02278@lumenmail.com,Décor,2,103.17,0.1,Organic,US,control
ORD-000421,15/09/2023,CUST-01653,cust-01653@lumenmail.com,Lighting,2,55.17,0.2,Paid Search,US,control
ORD-008106,2023-07-10,CUST-02449,cust-02449@lumenmail.com,Furniture,1,67.74,5.0,Email,US,control
ORD-001727,2024-06-25,CUST-02046,cust-02046@lumenmail.com,Décor,3,136.37,5.0,Email,US,
ORD-003902,2023-09-03,CUST-00700,cust-00700@lumenmail.com,Lighting,7,720.44,0.0,Paid Search,UK,control
ORD-008907,2023-07-21,CUST-01553,cust-01553@lumenmail.com,Décor,1,136.7,0.0,Paid Search,US,variant
ORD-007449,2023-08-25,CUST-00889,cust-00889@lumenmail.com,Décor,1,42.84,0.05,Organic,US,control
ORD-004776,2024-03-25,CUST-02307,cust-02307@lumenmail.com,Décor,2,398.31,0.15,Paid Search,US,control
ORD-009327,2024-01-02,CUST-01881,cust-01881@lumenmail.com,Lighting,1,157.11,0.1,Paid Search,US,variant
ORD-004131,23/07/2023,CUST-00987,cust-00987@lumenmail.com,Outdoor,1,65.36,0.1,Organic,US,variant
ORD-004573,2024-06-09,CUST-02221,cust-02221@lumenmail.com,Lighting,4,791.43,5.0,Organic,US,
ORD-004180,2023-07-25,CUST-01977,cust-01977@lumenmail.com,Outdoor,2,496.02,0.05,Email,US,
ORD-000443,2024-11-29,CUST-01734,cust-01734@lumenmail.com,Outdoor,2,681.83,0.1,Social,US,control
ORD-006298,2024-11-19,CUST-00027,cust-00027@lumenmail.com,Décor,1,58.81,0.05,Paid Search,UK,control
ORD-004423,28/09/2023,CUST-00851,cust-00851@lumenmail.com,Décor,1,74.57,0.2,Organic,UK,variant
ORD-000989,2024-06-25,CUST-02354,cust-02354@lumenmail.com,Furniture,2,24.07,5.0,Email,US,
ORD-008739,19/06/2023,CUST-02773,cust-02773@lumenmail.com,Lighting,3,28.82,0.0,Organic,UK,variant
ORD-004748,2024-06-02,CUST-01530,cust-01530@lumenmail.com,Décor,7,49.65,0.0,Email,US,control
ORD-000619,2023-06-12,CUST-00368,cust-00368@lumenmail.com,Lighting,1,70.01,0.1,Email,CA,
ORD-002532,2024-10-07,CUST-01332,cust-01332@lumenmail.com,Décor,2,312.15,0.0,Paid Search,CA,variant
ORD-008362,2023-10-22,CUST-00986,cust-00986@lumenmail.com,Décor,2,22.84,0.0,Paid Search,US,
ORD-008020,2024-11-15,CUST-00919,cust-00919@lumenmail.com,Décor,1,385.65,0.1,Organic,US,control
ORD-006966,2023-07-02,CUST-02943,cust-02943@lumenmail.com,Décor,-3,70.51,0.0,Email,US,
ORD-001074,2023-10-20,CUST-01513,cust-01513@lumenmail.com,Accessories,3,39.61,0.05,Email,CA,control
ORD-007069,2023-07-06,CUST-00070,cust-00070@lumenmail.com,Décor,3,73.48,0.05,Email,UK,variant
ORD-006940,2023-09-28,CUST-00363,cust-00363@lumenmail.com,Furniture,1,9.11,0.1,Paid Search,US,control
ORD-006904,09/07/2024,,guest@lumenmail.com,Lighting,1,133.0,0.0,Email,US,control
ORD-006521,2023-06-23,CUST-02621,cust-02621@lumenmail.com,Décor,4,49.29,0.0,Paid Search,US,control
ORD-009254,2024-08-25,CUST-01907,cust-01907@lumenmail.com,Décor,1,103.0,0.0,Paid Search,US,
ORD-005707,2024-04-23,CUST-01297,cust-01297@lumenmail.com,Outdoor,2,18.58,0.1,Email,US,
ORD-001691,21/10/2023,CUST-00331,cust-00331@lumenmail.com,Furniture,1,26.97,0.0,Email,UK,control
ORD-005445,2024-06-07,CUST-01027,cust-01027@lumenmail.com,Accessories,-1,61.17,0.0,Organic,CA,control
ORD-003665,2024-03-22,CUST-02694,cust-02694@lumenmail.com,Lighting,4,120.72,0.0,Organic,US,control
ORD-002730,2023-12-28,CUST-01713,cust-01713@lumenmail.com,Lighting,1,77.35,0.1,Paid Search,CA,variant
ORD-002147,2024-05-04,CUST-02966,cust-02966@lumenmail.com,Lighting,1,43.01,0.05,Paid Search,US,control
ORD-002101,2024-07-15,CUST-00750,cust-00750@lumenmail.com,Furniture,4,88.82,0.05,Email,US,
ORD-005055,2024-07-31,,guest@lumenmail.com,Furniture,1,369.63,0.0,Paid Search,CA,control
ORD-000161,2024-06-01,CUST-00744,cust-00744@lumenmail.com,Lighting,1,116.69,0.0,Paid Search,ZZ,
ORD-006671,2023-06-20,CUST-01845,cust-01845@lumenmail.com,Furniture,2,98.29,0.0,,US,control
ORD-004924,2024-10-08,CUST-00448,cust-00448@lumenmail.com,Lighting,1,63.48,0.0,,US,
ORD-007717,2024-02-02,CUST-00776,cust-00776@lumenmail.com,Décor,2,100.24,0.2,Paid Search,US,
ORD-007338,2024-12-12,CUST-00701,cust-00701@lumenmail.com,Accessories,1,14.66,0.0,Paid Search,AU,
ORD-002613,2023-08-08,CUST-01962,cust-01962@lumenmail.com,Accessories,3,88.31,0.0,Paid Search,ZZ,
ORD-003213,2023-12-14,CUST-01502,cust-01502@lumenmail.com,Décor,2,11.65,0.0,Paid Search,AU,variant
ORD-005272,2023-08-12,CUST-00210,cust-00210@lumenmail.com,Décor,2,142.27,0.0,Paid Search,UK,control
ORD-002123,2024-10-11,CUST-00250,cust-00250@lumenmail.com,Décor,1,192.03,0.0,Paid Search,US,variant
ORD-003862,2023-06-21,CUST-01248,cust-01248@lumenmail.com,Furniture,1,48.7,0.25,Email,UK,variant
ORD-005952,2024-08-10,CUST-00940,cust-00940@lumenmail.com,Lighting,2,38.47,0.05,Paid Search,US,
ORD-004190,2024-11-09,CUST-02879,cust-02879@lumenmail.com,Furniture,2,249.84,0.15,Email,US,control
ORD-006634,2023-08-15,CUST-01525,cust-01525@lumenmail.com,Décor,1,12.19,10.0,Email,US,
ORD-003061,21/09/2023,CUST-01352,cust-01352@lumenmail.com,Lighting,1,195.73,0.05,Email,US,
ORD-007289,2023-12-25,CUST-01307,cust-01307@lumenmail.com,Lighting,1,297.78,0.05,Paid Search,US,variant
ORD-009200,2024-09-02,CUST-01687,cust-01687@lumenmail.com,Lighting,2,36.92,0.0,Email,CA,
ORD-000015,2024-08-22,CUST-01340,cust-01340@lumenmail.com,Décor,3,91.95,20.0,Social,US,variant
ORD-004703,2024-03-06,CUST-02892,cust-02892@lumenmail.com,Lighting,1,48.82,0.0,Social,AU,
ORD-000547,30/05/2024,CUST-00627,cust-00627@lumenmail.com,Outdoor,1,85.66,0.0,Social,US,variant
ORD-003346,2024-08-04,CUST-00582,cust-00582@lumenmail.com,Décor,3,79.01,0.0,Social,CA,control
ORD-001845,2023-07-08,CUST-01833,cust-01833@lumenmail.com,Lighting,1,19.22,25.0,Paid Search,US,
ORD-004069,2024-01-17,CUST-00657,cust-00657@lumenmail.com,Furniture,1,219.27,0.0,Paid Search,UK,control
ORD-004257,2023-12-12,CUST-01602,cust-01602@lumenmail.com,Décor,1,58.0,0.0,Email,US,control
ORD-008857,2023-10-28,CUST-00979,cust-00979@lumenmail.com,Lighting,1,105.0,0.1,Organic,US,
ORD-005666,2023-12-12,CUST-01287,cust-01287@lumenmail.com,Lighting,2,335.71,0.0,Paid Search,UK,
ORD-002938,2024-10-17,CUST-01902,cust-01902@lumenmail.com,Accessories,2,148.91,0.2,Organic,US,
ORD-007981,2023-07-06,CUST-02091,cust-02091@lumenmail.com,Outdoor,2,496.74,0.0,Organic,US,
ORD-005516,2024-08-22,CUST-02225,cust-02225@lumenmail.com,Outdoor,3,50.8,0.1,Email,US,
ORD-008008,2024-01-05,CUST-02797,cust-02797@lumenmail.com,Outdoor,1,726.38,0.0,Social,US,variant
ORD-000176,2023-07-14,CUST-00516,cust-00516@lumenmail.com,Outdoor,1,88.8,5.0,Organic,US,control
ORD-001334,2024-10-08,CUST-00498,cust-00498@lumenmail.com,Décor,1,90.4,0.0,Email,US,
ORD-004021,2024-09-10,CUST-01482,cust-01482@lumenmail.com,Outdoor,1,8.57,0.0,Social,US,
ORD-007560,05/09/2023,CUST-01292,cust-01292@lumenmail.com,Outdoor,1,475.35,10.0,Paid Search,US,variant
ORD-003656,2024-09-09,CUST-01977,cust-01977@lumenmail.com,Décor,1,34.94,0.0,,US,variant
ORD-001489,2023-11-15,CUST-00223,cust-00223@lumenmail.com,Furniture,3,601.13,0.15,Email,US,
ORD-004898,2023-07-15,CUST-02980,cust-02980@lumenmail.com,lighting,2,28.55,0.05,Organic,UK,control
ORD-001959,20/12/2024,CUST-01780,cust-01780@lumenmail.com,Furniture,4,163.79,0.1,Organic,CA,
ORD-002424,2024-04-01,CUST-01981,cust-01981@lumenmail.com,lighting,1,186.38,0.15,Social,US,control
ORD-003434,2023-11-29,CUST-01525,cust-01525@lumenmail.com,Décor,1,14.55,0.05,Email,CA,
ORD-003076,09/09/2023,CUST-00470,cust-00470@lumenmail.com,Furniture,5,114.82,0.05,Email,US,
ORD-001794,2023-07-08,CUST-02452,cust-02452@lumenmail.com,Décor,-3,662.54,0.0,Organic,US,
ORD-009430,2024-03-14,CUST-01010,cust-01010@lumenmail.com,Décor,2,83.94,0.1,Paid Search,UK,
ORD-002709,2024-12-05,CUST-00898,cust-00898@lumenmail.com,Lighting,1,372.49,0.0,Organic,US,variant
ORD-009507,2023-11-03,CUST-02956,cust-02956@lumenmail.com,Furniture,1,11.52,0.15,Paid Search,CA,
ORD-007060,2023-08-02,CUST-01046,cust-01046@lumenmail.com,Furniture,1,48.91,0.05,Organic,CA,
ORD-009187,01/06/2023,CUST-02734,cust-02734@lumenmail.com,Lighting,1,24.93,0.05,Email,US,
ORD-008034,2024-10-30,,guest@lumenmail.com,Furniture,2,23.69,0.0,Social,US,
ORD-003393,2023-06-10,CUST-00974,cust-00974@lumenmail.com,Décor,3,93.65,0.15,Organic,US,
ORD-007153,2024-03-20,CUST-02980,cust-02980@lumenmail.com,Furniture,2,143.54,0.05,Paid Search,US,variant
ORD-001004,2023-07-28,,guest@lumenmail.com,Accessories,6,59.2,0.05,Paid Search,UK,control
ORD-001474,2024-11-01,CUST-01315,cust-01315@lumenmail.com,Furniture,1,47.51,0.0,,US,control
ORD-006576,23/04/2024,CUST-00019,cust-00019@lumenmail.com,Accessories,1,69.83,0.1,Email,US,
ORD-001824,2024-03-24,CUST-00772,cust-00772@lumenmail.com,Lighting,2,51.72,0.25,Social,US,variant
ORD-008144,2024-02-26,CUST-00559,cust-00559@lumenmail.com,Accessories,1,23.06,0.1,Paid Search,US,
ORD-000495,2024-09-08,CUST-00055,cust-00055@lumenmail.com,Lighting,1,20.3,10.0,Email,CA,
ORD-004893,02/07/2024,CUST-00574,cust-00574@lumenmail.com,Lighting,1,188.4,0.05,Paid Search,AU,
ORD-001975,2023-11-25,,guest@lumenmail.com,Furniture,1,346.46,0.05,Social,US,control
ORD-001269,2024-03-30,CUST-02907,cust-02907@lumenmail.com,Outdoor,1,93.33,0.0,Email,AU,
ORD-001139,2024-08-28,CUST-01065,cust-01065@lumenmail.com,Lighting,7,7.82,0.0,Email,US,variant
ORD-000235,2024-02-27,CUST-01970,cust-01970@lumenmail.com,Outdoor,1,28.8,0.0,Email,US,control
ORD-007335,2023-07-22,CUST-02617,cust-02617@lumenmail.com,Furniture,1,778.16,0.05,Email,US,control
ORD-005715,2023-09-19,CUST-00915,cust-00915@lumenmail.com,Décor,7,76.61,0.05,Social,CA,variant
ORD-007005,2023-10-30,CUST-01337,cust-01337@lumenmail.com,Furniture,1,790.26,0.0,Paid Search,US,
ORD-007778,2024-01-18,CUST-00046,cust-00046@lumenmail.com,Outdoor,1,0.0,0.0,Paid Search,US,
ORD-000870,2024-01-03,CUST-02658,cust-02658@lumenmail.com,Décor,5,15.5,0.1,Paid Search,US,
ORD-009035,2023-11-10,CUST-02852,cust-02852@lumenmail.com,Décor,3,86.55,0.0,Paid Search,US,control
ORD-000233,2023-12-11,CUST-02524,cust-02524@lumenmail.com,Décor,1,17.41,0.05,Paid Search,UK,
ORD-008030,16/11/2023,CUST-00275,cust-00275@lumenmail.com,Lighting,2,163.52,0.2,Organic,US,
ORD-008275,2024-11-07,CUST-02889,cust-02889@lumenmail.com,Lighting,3,131.61,0.05,Social,CA,control
ORD-006108,2024-10-04,CUST-00531,cust-00531@lumenmail.com,Décor,3,262.36,0.15,Email,US,control
ORD-004279,,CUST-00412,cust-00412@lumenmail.com,Décor,1,5.66,0.1,Organic,US,control
ORD-005435,2024-04-03,CUST-01761,cust-01761@lumenmail.com,Lighting,2,23.88,0.0,Email,US,
ORD-000342,2023-07-08,CUST-01526,cust-01526@lumenmail.com,Accessories,1,80.19,0.15,Social,US,control
ORD-008913,11/04/2024,CUST-02125,cust-02125@lumenmail.com,Lighting,2,46.71,0.0,Paid Search,AU,control
ORD-004604,2023-07-30,CUST-00624,cust-00624@lumenmail.com,Accessories,1,83.76,0.05,Email,CA,control
ORD-001194,2023-08-26,CUST-02465,cust-02465@lumenmail.com,Lighting,3,70.88,0.1,Social,CA,
ORD-001667,2024-10-21,CUST-01646,cust-01646@lumenmail.com,Accessories,1,13.29,0.1,Paid Search,UK,
ORD-001429,2023-09-30,CUST-02915,cust-02915@lumenmail.com,Lighting,1,208.27,0.15,Organic,CA,
ORD-004666,2024-12-15,CUST-02619,cust-02619@lumenmail.com,Furniture,-6,47.55,0.1,Organic,US,variant
ORD-003226,2023-09-11,CUST-02389,cust-02389@lumenmail.com,Furniture,1,40.74,0.05,Email,US,
ORD-001475,26/07/2023,,guest@lumenmail.com,Lighting,2,93.04,0.0,Organic,UK,
ORD-001449,2024-03-07,CUST-02128,cust-02128@lumenmail.com,Furniture,2,119.53,0.2,Paid Search,CA,
ORD-001526,2024-04-04,CUST-01203,cust-01203@lumenmail.com,Décor,1,45.2,0.05,Email,US,variant
ORD-008396,15/07/2024,CUST-02180,cust-02180@lumenmail.com,Décor,4,44.38,15.0,Paid Search,US,variant
ORD-007531,2023-08-29,CUST-01969,cust-01969@lumenmail.com,Lighting,1,39.96,0.15,,US,
ORD-009435,2023-08-07,CUST-00453,cust-00453@lumenmail.com,Outdoor,1,28.64,0.0,Paid Search,CA,control
ORD-009497,2024-09-17,CUST-00512,cust-00512@lumenmail.com,Décor,7,11.99,0.0,Email,US,
ORD-001763,12/01/2024,CUST-02615,cust-02615@lumenmail.com,Accessories,3,294.12,0.0,Organic,US,variant
ORD-006136,2024-12-03,CUST-01164,cust-01164@lumenmail.com,Furniture,3,605.35,0.2,Organic,US,control
ORD-002784,2023-07-12,CUST-00682,cust-00682@lumenmail.com,Furniture,1,7.34,0.05,Paid Search,CA,
ORD-004672,2023-10-09,CUST-01234,cust-01234@lumenmail.com,Outdoor,1,21.66,0.0,Organic,US,control
ORD-003595,2023-08-21,CUST-00537,cust-00537@lumenmail.com,Lighting,-3,39.1,0.0,Email,CA,
ORD-006422,2023-09-18,CUST-00299,cust-00299@lumenmail.com,Lighting,1,14.14,0.05,Social,US,
ORD-006538,12/11/2024,CUST-01566,cust-01566@lumenmail.com,Lighting,1,67.97,0.0,Paid Search,CA,
ORD-003187,2024-08-07,CUST-01046,cust-01046@lumenmail.com,Furniture,5,226.97,0.1,Organic,US,control
ORD-004411,,,guest@lumenmail.com,Décor,2,371.38,0.0,Paid Search,US,
ORD-003853,2024-12-14,CUST-01591,cust-01591@lumenmail.com,Lighting,5,26.87,0.0,Email,UK,control
ORD-005322,,CUST-00059,cust-00059@lumenmail.com,Décor,2,57.73,0.0,Organic,UK,variant
ORD-007891,2024-04-07,,guest@lumenmail.com,Décor,1,6.38,0.05,Email,AU,control
ORD-004886,2024-05-30,CUST-01074,cust-01074@lumenmail.com,Furniture,1,95.09,0.0,Social,US,control
ORD-005401,2024-10-07,CUST-00520,cust-00520@lumenmail.com,Décor,1,18.6,0.05,Paid Search,US,variant
ORD-006230,2024-03-29,CUST-00022,cust-00022@lumenmail.com,Décor,1,78.38,0.2,Paid Search,US,variant
ORD-005838,2023-11-09,CUST-00646,cust-00646@lumenmail.com,Furniture,1,24.57,0.1,Paid Search,US,variant
ORD-007266,2024-08-12,CUST-01979,cust-01979@lumenmail.com,Lighting,2,531.64,0.05,Organic,CA,variant
ORD-003235,2023-10-24,CUST-00663,cust-00663@lumenmail.com,Furniture,1,181.3,0.05,Email,UK,variant
ORD-002983,13/08/2024,CUST-00648,cust-00648@lumenmail.com,Lighting,1,114.86,0.05,Social,CA,
ORD-007065,2023-11-21,CUST-01759,cust-01759@lumenmail.com,Décor,2,55.87,0.0,Paid Search,US,variant
ORD-000665,2023-06-16,CUST-00350,cust-00350@lumenmail.com,Lighting,1,170.67,0.15,Paid Search,US,
ORD-006113,2024-01-03,CUST-01476,cust-01476@lumenmail.com,Lighting,2,85.13,0.1,Email,US,
ORD-009167,16/07/2024,CUST-00778,cust-00778@lumenmail.com,Furniture,1,245.72,0.15,Social,US,variant
ORD-002395,2024-10-23,CUST-02633,cust-02633@lumenmail.com,Décor,1,93.27,0.25,Email,CA,
ORD-007819,19/12/2023,CUST-02860,cust-02860@lumenmail.com,Décor,1,10.03,0.0,Organic,CA,variant
ORD-008611,2023-12-08,CUST-01943,cust-01943@lumenmail.com,Outdoor,1,62.13,0.05,Paid Search,AU,variant
ORD-004098,05/12/2024,CUST-02907,cust-02907@lumenmail.com,Décor,1,86.22,0.0,Email,UK,control
ORD-002639,2024-10-11,,guest@lumenmail.com,Lighting,1,197.19,0.05,Social,US,variant
ORD-003476,2023-09-18,CUST-01001,cust-01001@lumenmail.com,Accessories,1,35.85,0.0,Social,UK,
ORD-008994,2024-07-21,CUST-01287,cust-01287@lumenmail.com,Lightng,3,161.05,0.05,Paid Search,CA,variant
ORD-003456,2024-09-28,CUST-01321,cust-01321@lumenmail.com,Décor,4,122.59,0.0,,US,
ORD-000802,2024-07-05,CUST-02196,cust-02196@lumenmail.com,Lighting,4,129.14,0.0,Paid Search,ZZ,control
ORD-001224,2023-06-20,CUST-01607,cust-01607@lumenmail.com,Lighting,1,33.95,0.0,Email,CA,control
ORD-007462,2024-11-05,CUST-00958,cust-00958@lumenmail.com,Lighting,4,667.5,0.25,Paid Search,ZZ,
ORD-006023,2023-11-21,CUST-00598,cust-00598@lumenmail.com,Décor,2,210.72,0.1,Email,US,control
ORD-000380,2024-12-12,CUST-02183,cust-02183@lumenmail.com,Décor,2,34.88,0.05,Social,US,variant
ORD-001492,2024-02-19,,guest@lumenmail.com,Lighting,6,193.52,10.0,Social,US,variant
ORD-005960,2023-06-09,CUST-00385,cust-00385@lumenmail.com,Décor,2,191.68,0.15,Social,US,variant
ORD-001178,2023-10-09,CUST-00013,cust-00013@lumenmail.com,Décor,1,118.18,0.15,Paid Search,US,control
ORD-003776,2023-07-03,CUST-00089,cust-00089@lumenmail.com,Décor,2,49.04,0.2,Email,US,control
ORD-001702,2024-06-01,CUST-02306,cust-02306@lumenmail.com,Outdoor,1,16.3,0.15,Organic,ZZ,
ORD-006615,2023-06-02,CUST-02360,cust-02360@lumenmail.com,Lighting,1,71.96,0.0,Email,UK,control
ORD-006465,2024-01-27,CUST-01509,cust-01509@lumenmail.com,Outdoor,5,294.64,0.0,Paid Search,UK,
ORD-006618,2024-12-07,CUST-00619,cust-00619@lumenmail.com,Furniture,1,150.27,0.2,Paid Search,US,
ORD-008514,2024-01-30,CUST-02777,cust-02777@lumenmail.com,Furniture,2,217.0,0.0,Email,CA,variant
ORD-004640,2024-10-20,CUST-01444,cust-01444@lumenmail.com,Décor,3,184.17,0.05,Paid Search,US,control
ORD-009235,2024-12-18,CUST-02245,cust-02245@lumenmail.com,Accessories,2,304.84,0.15,Social,ZZ,control
ORD-000907,2024-05-06,CUST-01984,cust-01984@lumenmail.com,Lighting,3,163.71,0.0,Email,US,control
ORD-008879,2023-08-21,CUST-02312,cust-02312@lumenmail.com,Lighting,2,253.85,0.15,Organic,UK,variant
ORD-002787,2023-08-25,CUST-02814,cust-02814@lumenmail.com,Décor,2,47.63,0.15,Organic,US,control
ORD-002837,2024-08-22,CUST-01741,cust-01741@lumenmail.com,Outdoor,1,156.38,0.0,Email,US,control
ORD-004065,2024-09-17,CUST-01947,cust-01947@lumenmail.com,Lighting,1,286.48,0.1,Paid Search,UK,variant
ORD-000124,2023-06-23,CUST-00463,cust-00463@lumenmail.com,Accessoires,-1,246.24,0.0,,US,
ORD-006766,2024-01-16,CUST-02500,cust-02500@lumenmail.com,Lighting,3,122.22,0.25,Organic,US,variant
ORD-000082,2024-02-15,CUST-02657,cust-02657@lumenmail.com,Outdoor,1,84.42,0.2,Paid Search,US,control
ORD-005802,2023-07-20,CUST-00363,cust-00363@lumenmail.com,Décor,1,14.03,0.05,Organic,US,control
ORD-005259,2023-12-24,CUST-01044,cust-01044@lumenmail.com,Lighting,1,374.08,0.0,Social,AU,control
ORD-005670,2023-11-23,CUST-00525,cust-00525@lumenmail.com,Décor,2,11.3,10.0,Paid Search,CA,variant
ORD-008235,2023-09-07,,guest@lumenmail.com,Lighting,2,642.01,0.1,Paid Search,US,
ORD-006078,2024-10-19,CUST-02699,cust-02699@lumenmail.com,Outdoor,2,47.52,0.0,Organic,US,
ORD-008527,2024-11-16,CUST-01962,cust-01962@lumenmail.com,Furniture,4,31.91,0.0,Organic,US,control
ORD-006743,2024-03-05,CUST-02681,cust-02681@lumenmail.com,Décor,1,16.07,0.0,Organic,US,
ORD-005680,2023-06-07,,guest@lumenmail.com,Décor,3,21.79,0.0,Organic,US,variant
ORD-001778,2024-12-17,CUST-02477,cust-02477@lumenmail.com,Lighting,1,305.14,0.0,Social,US,
ORD-002064,2023-11-04,,guest@lumenmail.com,Décor,1,262.41,0.0,Social,ZZ,
ORD-001062,24/03/2024,CUST-01873,cust-01873@lumenmail.com,Lighting,1,149.82,0.2,Organic,US,variant
ORD-007018,2023-12-12,CUST-00859,cust-00859@lumenmail.com,Outdoor,3,22.35,0.0,Email,AU,control
ORD-009163,2024-09-17,CUST-01013,cust-01013@lumenmail.com,Décor,1,276.46,0.0,Email,US,variant
ORD-003699,27/12/2023,CUST-02154,cust-02154@lumenmail.com,Lighting,1,120.25,0.0,,US,
ORD-002085,2024-06-27,CUST-01544,cust-01544@lumenmail.com,Décor,2,361.05,0.1,Organic,UK,
ORD-001835,2024-09-23,CUST-00247,cust-00247@lumenmail.com,Furniture,1,266.59,0.05,Organic,CA,variant
ORD-002375,2023-10-27,CUST-01739,cust-01739@lumenmail.com,Lightng,2,116.6,0.1,,UK,control
ORD-006596,2023-11-03,CUST-00705,cust-00705@lumenmail.com,Décor,4,74.17,10.0,Email,US,control
ORD-007880,2024-05-22,CUST-02137,cust-02137@lumenmail.com,Furniture,3,38.64,0.0,Paid Search,US,variant
ORD-009407,10/07/2024,CUST-00633,cust-00633@lumenmail.com,Décor,1,69.83,10.0,Organic,UK,variant
ORD-007218,2024-07-26,CUST-00698,cust-00698@lumenmail.com,Décor,1,164.69,0.05,Organic,CA,
ORD-005683,2024-08-13,CUST-01012,cust-01012@lumenmail.com,Lighting,2,651.41,0.0,Organic,US,control
ORD-005700,2024-11-03,CUST-00231,cust-00231@lumenmail.com,Furniture,-1,58.74,10.0,Paid Search,UK,variant
ORD-000354,2023-08-13,CUST-02713,cust-02713@lumenmail.com,Décor,3,73.07,0.1,Organic,CA,
ORD-007261,2024-07-30,CUST-00175,cust-00175@lumenmail.com,Outdoor,3,96.34,0.15,Organic,US,variant
ORD-008135,28/12/2023,CUST-01396,cust-01396@lumenmail.com,Furniture,5,658.27,5.0,Paid Search,US,control
ORD-006982,2024-11-01,CUST-00540,cust-00540@lumenmail.com,Outdoor,2,174.62,0.0,Email,US,
ORD-006826,2024-11-25,CUST-01531,cust-01531@lumenmail.com,Lighting,2,194.34,0.15,Social,US,control
ORD-004118,2024-05-22,CUST-01274,cust-01274@lumenmail.com,Lighting,1,121.6,0.1,,US,
ORD-005199,2024-05-05,CUST-02652,cust-02652@lumenmail.com,Lighting,3,89.71,0.0,Email,US,variant
ORD-002661,2023-12-09,CUST-00310,cust-00310@lumenmail.com,Furniture,1,30.15,0.05,Organic,US,
ORD-003443,2023-12-16,CUST-02364,cust-02364@lumenmail.com,Furniture,1,21.61,0.2,Paid Search,US,variant
ORD-005954,2024-10-21,CUST-00480,cust-00480@lumenmail.com,Décor,1,172.36,0.05,Organic,US,
ORD-009013,2023-07-18,CUST-02054,cust-02054@lumenmail.com,Accessories,4,136.3,0.05,Email,AU,variant
ORD-006575,2024-07-29,CUST-01794,cust-01794@lumenmail.com,Décor,3,46.12,0.0,Paid Search,CA,variant
ORD-005833,2024-12-09,CUST-01952,cust-01952@lumenmail.com,Outdoor,2,46.82,0.0,Social,ZZ,variant
ORD-006431,2023-12-21,CUST-00230,cust-00230@lumenmail.com,Furniture,3,174.17,0.05,Paid Search,CA,variant
ORD-004600,2024-03-06,CUST-02876,cust-02876@lumenmail.com,Lighting,1,10.53,0.0,Organic,US,control
ORD-002875,26/10/2024,CUST-01354,cust-01354@lumenmail.com,Furniture,4,16.75,5.0,Email,CA,variant
ORD-008416,2023-09-26,CUST-01577,cust-01577@lumenmail.com,Décor,4,425.47,0.05,Email,US,
ORD-004075,2024-07-23,CUST-01398,cust-01398@lumenmail.com,Décor,1,0.0,0.05,Organic,US,
ORD-004575,2024-07-12,CUST-01687,cust-01687@lumenmail.com,Furniture,2,89.71,0.15,Social,US,
ORD-001149,2024-05-30,CUST-02347,cust-02347@lumenmail.com,Furniture,2,399.19,10.0,Paid Search,CA,
ORD-001290,2024-12-14,CUST-02844,cust-02844@lumenmail.com,Furniture,7,86.16,0.0,Paid Search,US,
ORD-002139,2024-01-24,CUST-01793,cust-01793@lumenmail.com,Lighting,3,56.71,10.0,Organic,US,control
ORD-002339,2024-08-24,CUST-01157,cust-01157@lumenmail.com,Lighting,1,25.4,0.1,Email,US,variant
ORD-008200,2024-10-26,CUST-02148,cust-02148@lumenmail.com,Décor,1,184.29,5.0,,US,variant
ORD-008915,2024-06-26,CUST-02876,cust-02876@lumenmail.com,lighting,2,83.2,0.0,Email,CA,
ORD-005236,2023-07-12,CUST-01023,cust-01023@lumenmail.com,Furniture,1,137.48,0.1,Organic,US,control
ORD-008850,2023-09-20,CUST-00156,cust-00156@lumenmail.com,Accessories,3,11.04,0.05,Paid Search,UK,variant
ORD-003185,25/01/2024,CUST-00044,cust-00044@lumenmail.com,Accessories,1,67.65,0.0,Social,US,variant
ORD-005552,2024-11-29,CUST-02818,cust-02818@lumenmail.com,Furniture,2,410.08,0.1,Social,US,variant
ORD-004939,2023-07-04,CUST-00031,cust-00031@lumenmail.com,Décor,4,286.74,0.0,Social,US,control
ORD-003564,2023-09-19,CUST-00971,cust-00971@lumenmail.com,Outdoor,1,61.51,0.2,Social,US,variant
ORD-006965,2023-09-23,CUST-02016,cust-02016@lumenmail.com,Lighting,1,619.12,0.0,Email,US,
ORD-005311,2023-06-06,CUST-01979,cust-01979@lumenmail.com,Outdoor,3,62.24,0.2,Organic,US,variant
ORD-003505,01/11/2023,CUST-00743,cust-00743@lumenmail.com,Décor,2,784.33,0.0,Paid Search,CA,variant
ORD-004116,2024-07-22,CUST-00745,cust-00745@lumenmail.com,Outdoor,4,70.4,0.1,Paid Search,US,
ORD-004466,2024-03-07,CUST-02843,cust-02843@lumenmail.com,Décor,3,39.25,0.1,Organic,US,variant
ORD-007954,2024-06-07,CUST-02226,cust-02226@lumenmail.com,Lightng,1,78.02,0.1,,US,variant
ORD-009284,2024-03-31,CUST-00438,cust-00438@lumenmail.com,Lighting,1,20.25,0.05,Social,AU,
ORD-000956,2023-09-08,,guest@lumenmail.com,Accessories,2,11.07,0.0,Email,US,variant
ORD-004592,14/11/2024,CUST-02683,cust-02683@lumenmail.com,Accessories,1,44.13,0.05,Email,CA,control
ORD-001162,05/03/2024,,guest@lumenmail.com,Décor,2,83.99,0.1,Paid Search,US,variant
ORD-008606,2024-04-21,CUST-00467,cust-00467@lumenmail.com,Accessories,5,73.9,0.0,Email,US,control
ORD-001739,2024-07-14,CUST-00030,cust-00030@lumenmail.com,Outdoor,1,71.06,10.0,Email,US,control
ORD-002354,2024-09-17,CUST-00207,cust-00207@lumenmail.com,Lighting,2,56.39,0.15,Email,US,
ORD-002145,11/08/2023,CUST-01002,cust-01002@lumenmail.com,Furniture,1,89.57,0.05,Email,US,variant
ORD-000204,2023-10-19,CUST-02842,cust-02842@lumenmail.com,Lighting,1,84.05,0.05,,US,
ORD-006066,2023-06-22,CUST-02299,cust-02299@lumenmail.com,Décor,4,93.84,0.0,Paid Search,US,
ORD-009267,2024-02-14,CUST-02395,cust-02395@lumenmail.com,Décor,2,43.18,0.05,Organic,US,control
ORD-006543,31/10/2023,CUST-00955,cust-00955@lumenmail.com,Lighting,1,211.54,0.0,Email,CA,variant
ORD-001120,26/12/2024,CUST-00041,cust-00041@lumenmail.com,Lighting,3,278.58,0.1,Paid Search,UK,control
ORD-004738,2024-04-20,CUST-00781,cust-00781@lumenmail.com,Décor,3,199.88,0.15,Paid Search,US,
ORD-005711,2023-11-07,CUST-00184,cust-00184@lumenmail.com,Lighting,1,24.82,0.0,Paid Search,US,control
ORD-002275,04/08/2024,CUST-00235,cust-00235@lumenmail.com,Décor,1,44.01,0.0,Paid Search,US,variant
ORD-004697,2024-06-08,CUST-00912,cust-00912@lumenmail.com,Lighting,2,141.92,0.05,Paid Search,UK,
ORD-001726,2024-07-30,CUST-02781,cust-02781@lumenmail.com,Lighting,4,76.92,0.0,Email,US,variant
ORD-006899,2023-06-24,CUST-00940,cust-00940@lumenmail.com,Décor,3,91.3,0.25,Email,US,
ORD-002393,2023-07-28,CUST-02945,cust-02945@lumenmail.com,Lighting,2,36.01,0.1,Social,US,variant
ORD-005419,2023-09-25,CUST-01638,cust-01638@lumenmail.com,Lighting,1,29.52,0.0,Organic,US,
ORD-008813,2024-11-02,CUST-02541,cust-02541@lumenmail.com,Lighting,1,465.99,0.25,Organic,UK,
ORD-003097,2024-01-02,CUST-00748,cust-00748@lumenmail.com,Décor,1,40.53,0.0,Organic,CA,variant
ORD-003520,2024-09-29,CUST-00395,cust-00395@lumenmail.com,Furniture,1,94.24,0.05,Paid Search,US,variant
ORD-007321,2024-05-26,CUST-01508,cust-01508@lumenmail.com,Lighting,2,40.67,0.1,Social,US,
ORD-000873,2024-05-08,CUST-00717,cust-00717@lumenmail.com,Lighting,3,25.08,0.0,Email,UK,variant
ORD-004243,2024-11-16,CUST-02919,cust-02919@lumenmail.com,Décor,4,62.42,0.0,Social,US,
ORD-003043,2024-02-13,CUST-01573,cust-01573@lumenmail.com,Furniture,5,39.58,0.0,Paid Search,AU,control
ORD-007929,2024-06-01,CUST-00855,cust-00855@lumenmail.com,Décor,2,284.56,0.2,Organic,US,
ORD-009257,17/10/2023,,guest@lumenmail.com,Lighting,2,100.18,0.05,Email,US,variant
ORD-005298,2024-10-23,CUST-02179,cust-02179@lumenmail.com,Outdoor,1,260.08,0.15,Paid Search,US,
ORD-007688,2024-01-02,CUST-02476,cust-02476@lumenmail.com,Lighting,5,392.45,20.0,Social,US,variant
ORD-007161,15/11/2024,CUST-01091,cust-01091@lumenmail.com,Lighting,1,159.17,5.0,Organic,US,control
ORD-002719,2024-12-13,CUST-02384,cust-02384@lumenmail.com,Furniture,6,42.38,0.0,Email,CA,variant
ORD-002887,2024-02-11,CUST-01003,cust-01003@lumenmail.com,Outdoor,-1,22.79,0.15,Paid Search,US,
ORD-000219,2024-05-12,CUST-00399,cust-00399@lumenmail.com,Lighting,1,15.23,0.05,Social,US,control
ORD-007565,2023-09-13,CUST-01462,cust-01462@lumenmail.com,Décor,4,271.5,0.05,Organic,UK,control
ORD-009034,2024-11-26,CUST-02251,cust-02251@lumenmail.com,Lighting,1,248.94,0.0,Social,US,control
ORD-000463,2024-02-27,CUST-01923,cust-01923@lumenmail.com,Lighting,1,10.99,5.0,Paid Search,US,control
ORD-005927,28/05/2024,CUST-01534,cust-01534@lumenmail.com,Furniture,5,70.01,0.0,Paid Search,US,variant
ORD-000825,2023-06-02,CUST-01587,cust-01587@lumenmail.com,Lighting,2,28.04,0.05,Paid Search,US,
ORD-005944,2024-07-21,CUST-01308,cust-01308@lumenmail.com,lighting,1,191.18,20.0,Paid Search,UK,
ORD-004336,2024-04-09,CUST-00558,cust-00558@lumenmail.com,Lighting,1,42.69,0.05,Organic,UK,control
ORD-009378,2023-12-17,,guest@lumenmail.com,Accessories,2,611.13,0.0,Email,US,control
ORD-000014,2024-08-05,CUST-01593,cust-01593@lumenmail.com,Lighting,3,156.91,0.1,Organic,US,
ORD-002381,2024-02-24,CUST-01331,cust-01331@lumenmail.com,Lighting,1,16.16,0.05,Email,US,
ORD-002039,2024-01-06,CUST-00175,cust-00175@lumenmail.com,Furniture,2,167.49,0.0,Organic,US,
ORD-008999,2024-06-13,CUST-01005,cust-01005@lumenmail.com,Outdoor,1,82.34,0.0,Email,US,control
ORD-004415,2024-01-04,CUST-00920,cust-00920@lumenmail.com,Furniture,2,267.19,0.0,Organic,US,
ORD-004024,2023-11-24,CUST-01661,cust-01661@lumenmail.com,Lighting,2,141.56,0.1,Email,CA,
ORD-000915,03/08/2024,CUST-01808,cust-01808@lumenmail.com,Décor,1,587.91,0.05,Email,UK,control
ORD-007713,07/02/2024,CUST-00151,cust-00151@lumenmail.com,Décor,2,193.5,0.1,Paid Search,UK,variant
ORD-004278,2023-12-02,CUST-01314,cust-01314@lumenmail.com,Décor,1,514.29,0.0,Paid Search,US,
ORD-000410,2024-10-15,CUST-00067,cust-00067@lumenmail.com,Lighting,3,133.63,0.0,Paid Search,US,control
ORD-007311,2024-04-14,CUST-02602,cust-02602@lumenmail.com,Accessoires,2,355.59,0.0,Paid Search,US,
ORD-002705,2023-12-26,CUST-01207,cust-01207@lumenmail.com,Furniture,1,67.78,0.05,Organic,US,
ORD-008997,07/12/2024,CUST-01221,cust-01221@lumenmail.com,Furniture,5,57.6,0.0,Social,US,
ORD-004538,2023-06-28,CUST-00416,cust-00416@lumenmail.com,Furniture,2,237.89,0.0,Paid Search,AU,control
ORD-005472,2024-09-17,CUST-02786,cust-02786@lumenmail.com,Outdoor,1,13.08,0.0,Social,US,control
ORD-003817,2024-10-22,CUST-02430,cust-02430@lumenmail.com,Décor,1,98.48,0.0,Paid Search,US,
ORD-005934,2023-12-15,CUST-01061,cust-01061@lumenmail.com,Décor,2,442.62,0.25,Paid Search,US,control
ORD-007785,2023-07-09,CUST-02868,cust-02868@lumenmail.com,Furniture,1,133.36,0.2,Email,AU,variant
ORD-006347,2024-03-25,CUST-02350,cust-02350@lumenmail.com,Furniture,2,355.44,0.0,Social,US,
ORD-009564,2024-01-27,CUST-01482,cust-01482@lumenmail.com,Lighting,4,43.14,0.05,Email,US,control
ORD-006115,2023-12-15,CUST-01081,cust-01081@lumenmail.com,lighting,-1,24.43,5.0,Email,CA,
ORD-006937,2024-09-21,CUST-00738,cust-00738@lumenmail.com,Décor,4,13.75,0.05,Email,UK,control
ORD-003602,2023-07-23,CUST-01733,cust-01733@lumenmail.com,Furniture,1,54.78,0.0,Email,US,variant
ORD-005915,2023-09-20,CUST-01371,cust-01371@lumenmail.com,Lighting,1,83.48,0.05,Social,US,
ORD-008648,2024-03-17,CUST-02445,cust-02445@lumenmail.com,Furniture,2,43.62,0.15,Paid Search,UK,control
ORD-004685,2023-06-11,CUST-01013,cust-01013@lumenmail.com,Lighting,1,133.19,0.25,Organic,US,
ORD-005648,2024-03-09,CUST-00524,cust-00524@lumenmail.com,Furniture,4,95.29,0.05,Paid Search,US,
ORD-007846,2024-08-06,CUST-01383,cust-01383@lumenmail.com,Furniture,1,34.91,20.0,Organic,US,control
ORD-006269,2024-05-21,CUST-01266,cust-01266@lumenmail.com,Lighting,2,26.1,0.05,Email,AU,
ORD-000501,02/06/2024,CUST-01733,cust-01733@lumenmail.com,Lighting,1,272.29,0.15,Organic,US,control
ORD-009414,2023-12-05,CUST-01049,cust-01049@lumenmail.com,Lighting,1,28.79,0.0,Paid Search,US,
ORD-008363,2024-12-07,CUST-01781,cust-01781@lumenmail.com,Décor,1,20.92,0.25,Email,CA,variant
ORD-000248,2023-07-27,CUST-02080,cust-02080@lumenmail.com,Accessories,2,80.66,0.0,Paid Search,US,control
ORD-006421,14/08/2023,CUST-00685,cust-00685@lumenmail.com,Décor,-1,27.6,0.1,Organic,US,
ORD-008859,2024-02-04,CUST-00360,cust-00360@lumenmail.com,Furniture,1,191.73,0.1,Organic,ZZ,variant
ORD-007508,2024-05-20,CUST-02118,cust-02118@lumenmail.com,Accessories,6,65.45,0.25,Email,US,control
ORD-008563,2024-05-05,CUST-02948,cust-02948@lumenmail.com,Lighting,3,27.17,0.2,Paid Search,CA,
ORD-003340,2024-01-08,CUST-02078,cust-02078@lumenmail.com,Accessories,1,35.56,0.05,Paid Search,US,
ORD-006537,2024-08-11,CUST-02122,cust-02122@lumenmail.com,lighting,3,133.36,0.0,Paid Search,UK,
ORD-008812,2024-06-06,CUST-01818,cust-01818@lumenmail.com,Outdoor,2,107.35,0.0,Organic,US,variant
ORD-006889,2023-09-18,,guest@lumenmail.com,Décor,2,136.3,0.0,Organic,US,variant
ORD-006160,2023-10-01,CUST-02486,cust-02486@lumenmail.com,Lighting,2,152.27,5.0,Paid Search,US,control
ORD-008299,2024-04-03,CUST-01535,cust-01535@lumenmail.com,Furniture,1,52.53,0.15,Email,US,variant
ORD-004274,2024-05-21,CUST-02701,cust-02701@lumenmail.com,Décor,3,699.24,0.0,Paid Search,CA,
ORD-000280,,CUST-02270,cust-02270@lumenmail.com,Décor,1,62.72,0.2,Email,US,control
ORD-008329,2024-03-18,,guest@lumenmail.com,Décor,2,31.42,0.2,Organic,US,control
ORD-006648,2024-09-05,CUST-01027,cust-01027@lumenmail.com,Furniture,2,258.41,0.1,Paid Search,US,
ORD-005315,2024-01-11,CUST-01878,cust-01878@lumenmail.com,Lighting,2,20.4,0.15,Organic,UK,
ORD-000988,2024-03-28,CUST-01918,cust-01918@lumenmail.com,Lighting,1,336.89,0.15,Email,US,
ORD-000926,2023-10-23,CUST-01401,cust-01401@lumenmail.com,Lighting,2,315.75,0.0,Paid Search,US,
ORD-004922,2024-11-18,CUST-01157,cust-01157@lumenmail.com,Accessories,4,15.05,0.05,Paid Search,US,
ORD-001456,2023-07-09,CUST-02720,cust-02720@lumenmail.com,Furniture,2,28.19,0.0,Email,US,control
ORD-003447,2023-07-18,CUST-01172,cust-01172@lumenmail.com,Décor,1,66.26,0.15,Paid Search,US,control
ORD-002347,2023-12-21,CUST-00290,cust-00290@lumenmail.com,lighting,3,699.04,0.05,Paid Search,US,variant
ORD-008332,2024-03-25,CUST-01460,cust-01460@lumenmail.com,Décor,1,9.76,0.15,,US,variant
ORD-002187,29/07/2023,CUST-00112,cust-00112@lumenmail.com,Lighting,1,24.47,0.05,Organic,US,
ORD-009352,2024-02-08,CUST-02838,cust-02838@lumenmail.com,Décor,2,342.43,0.0,Paid Search,US,variant
ORD-008790,01/09/2024,CUST-02952,cust-02952@lumenmail.com,Lighting,1,30.39,0.15,Organic,CA,
ORD-003194,2024-08-29,CUST-00628,cust-00628@lumenmail.com,Décor,2,189.83,0.2,Email,US,variant
ORD-001420,13/12/2024,CUST-02100,cust-02100@lumenmail.com,Lighting,2,251.89,0.05,Email,US,control
ORD-006729,09/02/2024,CUST-00362,cust-00362@lumenmail.com,Décor,3,32.76,0.0,Organic,ZZ,
ORD-006098,2023-12-12,CUST-01875,cust-01875@lumenmail.com,Lighting,1,46.09,0.05,Organic,US,
ORD-000352,2023-06-27,CUST-02421,cust-02421@lumenmail.com,Décor,1,235.79,10.0,Email,US,
ORD-009019,2024-10-28,CUST-02066,cust-02066@lumenmail.com,Décor,2,37.59,0.05,Social,US,
ORD-003107,2024-03-05,CUST-00111,cust-00111@lumenmail.com,Outdoor,2,146.88,0.05,Email,US,
ORD-003972,2023-08-25,,guest@lumenmail.com,Lighting,1,76.24,0.0,Email,US,control
ORD-005829,2024-12-02,CUST-01871,cust-01871@lumenmail.com,Lighting,1,5.97,0.0,Email,US,control
ORD-002854,2023-09-12,CUST-02950,cust-02950@lumenmail.com,Outdoor,2,296.42,0.0,Paid Search,US,
ORD-006128,2023-12-07,CUST-02353,cust-02353@lumenmail.com,Décor,1,59.46,0.05,Organic,US,
ORD-002579,2024-02-19,CUST-02736,cust-02736@lumenmail.com,Lighting,1,195.77,0.0,Email,CA,variant
ORD-000957,2024-11-06,CUST-00598,cust-00598@lumenmail.com,Furniture,1,241.49,0.05,Paid Search,US,control
ORD-009377,12/02/2024,CUST-01326,cust-01326@lumenmail.com,Lighting,1,200.31,0.0,Email,UK,control
ORD-003763,09/02/2024,CUST-01421,cust-01421@lumenmail.com,Lighting,2,54.46,0.0,Email,US,control
ORD-004582,2023-12-06,CUST-01302,cust-01302@lumenmail.com,Décor,1,89.05,0.05,Paid Search,US,variant
ORD-007912,21/09/2024,CUST-01414,cust-01414@lumenmail.com,Lighting,1,0.0,0.0,Paid Search,US,
ORD-001040,2024-05-12,CUST-02941,cust-02941@lumenmail.com,Lighting,-1,76.22,0.1,Social,US,
ORD-001952,2024-11-29,CUST-00863,cust-00863@lumenmail.com,Outdoor,2,46.34,0.0,Organic,ZZ,variant
ORD-003650,03/09/2023,CUST-00908,cust-00908@lumenmail.com,Lighting,2,170.64,0.15,Email,US,
ORD-007619,2024-06-17,CUST-02279,cust-02279@lumenmail.com,Accessories,2,193.62,0.1,Organic,US,control
ORD-004361,2023-08-25,CUST-02832,cust-02832@lumenmail.com,Décor,1,15.09,0.05,Organic,US,
ORD-004310,2024-01-16,CUST-01619,cust-01619@lumenmail.com,Furniture,2,86.63,0.15,Email,US,control
ORD-007015,2024-11-16,,guest@lumenmail.com,Furniture,1,274.0,0.0,Organic,AU,control
ORD-001929,2024-08-29,CUST-02698,cust-02698@lumenmail.com,Décor,1,173.79,0.0,Social,US,control
ORD-007915,2024-07-31,CUST-02528,cust-02528@lumenmail.com,Furniture,-2,34.35,0.0,Email,US,control
ORD-005356,2024-07-03,CUST-01351,cust-01351@lumenmail.com,Accessories,1,182.95,10.0,Paid Search,UK,
ORD-004940,2024-01-22,CUST-01811,cust-01811@lumenmail.com,Furniture,1,364.24,0.0,Organic,UK,control
ORD-004727,2023-11-25,CUST-00579,cust-00579@lumenmail.com,Outdoor,1,80.15,0.1,Organic,US,
ORD-005949,2024-01-09,CUST-00768,cust-00768@lumenmail.com,Furniture,1,121.43,0.1,Paid Search,CA,
ORD-007339,2024-09-02,CUST-02044,cust-02044@lumenmail.com,Décor,2,21.92,0.0,Paid Search,CA,
ORD-001787,2024-01-06,CUST-02822,cust-02822@lumenmail.com,Furniture,1,22.5,0.0,Email,US,control
ORD-008491,2024-03-05,CUST-02828,cust-02828@lumenmail.com,lighting,3,241.7,0.05,Paid Search,US,
ORD-003542,2024-02-24,CUST-00929,cust-00929@lumenmail.com,Outdoor,1,38.52,0.1,Paid Search,US,
ORD-009380,2024-08-29,CUST-01964,cust-01964@lumenmail.com,Lighting,3,10.04,0.0,Email,US,variant
ORD-000871,08/09/2024,CUST-01907,cust-01907@lumenmail.com,Décor,3,151.27,0.0,Email,US,control
ORD-008375,12/07/2024,CUST-01355,cust-01355@lumenmail.com,Lighting,2,99.3,15.0,Email,US,variant
ORD-001171,15/02/2024,CUST-01243,cust-01243@lumenmail.com,Lighting,4,9.72,0.05,Email,US,variant
ORD-002537,2023-08-09,CUST-01436,cust-01436@lumenmail.com,Décor,1,289.93,0.2,,AU,
ORD-004467,2023-09-23,CUST-02225,cust-02225@lumenmail.com,Lighting,1,96.81,0.0,Paid Search,US,variant
ORD-006261,2023-10-31,CUST-02755,cust-02755@lumenmail.com,Lighting,5,72.02,0.1,Organic,US,variant
ORD-003993,2023-11-05,CUST-02437,cust-02437@lumenmail.com,Accessories,2,7.6,0.0,,US,variant
ORD-007075,2024-06-18,CUST-02778,cust-02778@lumenmail.com,Décor,2,125.61,0.0,Social,CA,
ORD-007509,2023-06-15,CUST-01740,cust-01740@lumenmail.com,lighting,1,172.48,0.05,Paid Search,UK,control
ORD-008114,11/04/2024,CUST-02121,cust-02121@lumenmail.com,Outdoor,1,82.08,10.0,Email,US,variant
ORD-001602,2024-10-11,CUST-01084,cust-01084@lumenmail.com,Décor,2,32.39,0.0,Organic,US,variant
ORD-001713,2023-12-01,CUST-01355,cust-01355@lumenmail.com,Lighting,3,76.66,0.2,Paid Search,US,
ORD-002301,2023-06-02,CUST-01062,cust-01062@lumenmail.com,Lighting,1,88.14,0.05,Organic,US,control
ORD-005189,2024-05-30,CUST-01752,cust-01752@lumenmail.com,Lighting,1,34.72,0.05,Organic,US,variant
ORD-004547,2023-10-05,,guest@lumenmail.com,Accessories,2,77.37,0.2,Email,US,variant
ORD-001777,2024-04-09,CUST-01135,cust-01135@lumenmail.com,Outdoor,1,132.38,0.0,Organic,US,variant
ORD-001862,2023-07-06,CUST-00669,cust-00669@lumenmail.com,Lighting,1,132.57,0.05,Organic,ZZ,control
ORD-007679,01/03/2024,CUST-01095,cust-01095@lumenmail.com,Accessoires,1,531.05,0.0,Email,US,variant
ORD-001401,2024-07-20,CUST-02888,cust-02888@lumenmail.com,Furniture,2,364.15,0.1,Social,UK,
ORD-009278,2023-09-28,CUST-00130,cust-00130@lumenmail.com,Décor,1,65.5,0.0,,CA,variant
ORD-006019,2023-12-21,CUST-01199,cust-01199@lumenmail.com,Lighting,1,389.15,0.1,Email,US,
ORD-001305,2023-07-05,CUST-02029,cust-02029@lumenmail.com,Furniture,7,60.65,0.0,Paid Search,ZZ,variant
ORD-005072,2023-08-25,,guest@lumenmail.com,Décor,-7,220.63,0.15,Social,CA,
ORD-004138,2024-07-23,CUST-02849,cust-02849@lumenmail.com,Furniture,2,38.55,0.0,Organic,US,variant
ORD-002346,2024-07-19,CUST-00402,cust-00402@lumenmail.com,Lighting,3,119.17,0.0,Social,CA,
ORD-008622,,CUST-02806,cust-02806@lumenmail.com,Outdoor,3,18.23,0.1,Paid Search,US,
ORD-006050,2024-06-23,,guest@lumenmail.com,Lightng,1,19.84,0.0,Paid Search,US,
ORD-003676,2023-09-06,CUST-00366,cust-00366@lumenmail.com,Décor,2,39.87,0.0,Email,CA,variant
ORD-000379,2023-08-26,CUST-00966,cust-00966@lumenmail.com,Accessories,2,41.79,0.1,Organic,US,
ORD-008769,2023-10-07,CUST-02513,cust-02513@lumenmail.com,Outdoor,-1,34.84,0.2,Organic,UK,variant
ORD-007801,,CUST-02805,cust-02805@lumenmail.com,Lighting,1,499.72,0.05,Social,US,
ORD-004473,2024-01-01,CUST-00795,cust-00795@lumenmail.com,Outdoor,4,324.94,0.0,Paid Search,US,
ORD-001978,2024-09-01,CUST-01417,cust-01417@lumenmail.com,Outdoor,1,112.64,0.1,Organic,US,control
ORD-002604,2023-09-14,CUST-00697,cust-00697@lumenmail.com,Furniture,1,87.13,0.15,Paid Search,CA,control
ORD-004645,2024-06-03,CUST-00239,cust-00239@lumenmail.com,Furniture,3,632.91,0.15,Paid Search,US,
ORD-002383,2023-10-31,CUST-00931,cust-00931@lumenmail.com,Décor,4,621.19,5.0,Paid Search,CA,
ORD-001885,2024-01-03,CUST-00074,cust-00074@lumenmail.com,Accessories,1,671.43,0.15,Paid Search,ZZ,control
ORD-009334,2023-07-11,CUST-01793,cust-01793@lumenmail.com,Furniture,3,135.15,10.0,Paid Search,US,
ORD-008530,2024-02-12,CUST-00651,cust-00651@lumenmail.com,Furniture,2,226.63,0.0,Paid Search,US,
ORD-003013,2024-09-07,CUST-02728,cust-02728@lumenmail.com,Furniture,1,154.74,0.0,Paid Search,US,control
ORD-007102,2023-10-05,CUST-01052,cust-01052@lumenmail.com,Lighting,2,44.46,0.1,,US,
ORD-003156,2023-08-04,CUST-00347,cust-00347@lumenmail.com,lighting,2,78.11,0.2,Organic,US,
ORD-005292,2024-12-30,CUST-02206,cust-02206@lumenmail.com,Furniture,2,89.5,0.0,,CA,control
ORD-001432,2023-08-07,CUST-02355,cust-02355@lumenmail.com,Lighting,2,45.65,0.05,Organic,US,
ORD-006407,2024-11-12,CUST-01142,cust-01142@lumenmail.com,Furniture,2,130.76,0.1,Organic,US,
ORD-001752,2023-10-12,CUST-02594,cust-02594@lumenmail.com,Outdoor,1,86.55,0.0,Organic,AU,
ORD-007055,2024-07-30,CUST-00610,cust-00610@lumenmail.com,Décor,1,631.39,0.0,Paid Search,US,variant
ORD-002119,2024-06-06,CUST-00114,cust-00114@lumenmail.com,Décor,1,447.43,10.0,,US,control
ORD-005437,2023-09-14,CUST-02149,cust-02149@lumenmail.com,Lighting,4,628.45,0.0,Email,US,
ORD-006957,2024-12-19,CUST-01739,cust-01739@lumenmail.com,Furniture,3,83.27,0.2,Email,CA,
ORD-002028,01/07/2024,CUST-01092,cust-01092@lumenmail.com,Lighting,1,633.62,5.0,Paid Search,US,control
ORD-003291,2024-08-14,CUST-00092,cust-00092@lumenmail.com,Lighting,3,15.0,0.05,Organic,US,control
ORD-008537,2024-09-04,CUST-00917,cust-00917@lumenmail.com,Décor,1,140.34,0.05,Paid Search,US,control
ORD-003472,06/09/2023,CUST-01460,cust-01460@lumenmail.com,Furniture,1,120.64,0.0,Email,AU,
ORD-005716,2024-10-30,CUST-00622,cust-00622@lumenmail.com,Décor,1,26.34,0.0,Paid Search,US,control
ORD-005577,2024-04-17,CUST-01679,cust-01679@lumenmail.com,Furniture,1,132.17,0.0,Organic,US,
ORD-001397,16/01/2024,CUST-02258,cust-02258@lumenmail.com,Furniture,2,590.65,15.0,Paid Search,US,
ORD-001999,2024-08-04,CUST-00299,cust-00299@lumenmail.com,Accessories,2,56.79,0.0,Email,US,
ORD-008310,2024-07-01,CUST-02421,cust-02421@lumenmail.com,Furniture,1,383.29,0.05,Email,UK,
ORD-003267,2024-12-30,CUST-01427,cust-01427@lumenmail.com,Décor,1,72.26,0.2,Paid Search,US,
ORD-001471,02/09/2023,CUST-00873,cust-00873@lumenmail.com,Décor,1,65.32,0.05,Social,US,variant
ORD-003895,2023-09-13,CUST-01012,cust-01012@lumenmail.com,Outdoor,3,26.18,0.05,Social,US,
ORD-004954,2023-10-31,CUST-00733,cust-00733@lumenmail.com,Lighting,2,74.63,0.15,Paid Search,US,control
ORD-001223,2023-11-26,CUST-01428,cust-01428@lumenmail.com,Outdoor,2,81.49,0.15,Paid Search,US,
ORD-002264,2024-02-24,CUST-02356,cust-02356@lumenmail.com,Furniture,3,56.96,0.0,Paid Search,US,
ORD-006184,15/10/2023,CUST-01945,cust-01945@lumenmail.com,Furniture,1,7.29,0.1,Organic,US,
ORD-006893,2023-07-01,CUST-01766,cust-01766@lumenmail.com,Lighting,1,41.93,0.0,Organic,US,variant
ORD-004313,2023-09-26,CUST-02299,cust-02299@lumenmail.com,Lighting,3,369.79,20.0,Organic,US,variant
ORD-006477,2024-02-21,CUST-00557,cust-00557@lumenmail.com,Lighting,7,115.45,0.25,Paid Search,CA,variant
ORD-005780,2023-11-20,CUST-01357,cust-01357@lumenmail.com,Lighting,2,21.95,0.05,Email,US,control
ORD-003639,2024-06-10,CUST-02327,cust-02327@lumenmail.com,Furniture,2,9.03,0.0,Email,CA,control
ORD-004301,06/11/2024,CUST-00088,cust-00088@lumenmail.com,Décor,1,38.57,0.05,Paid Search,CA,
ORD-000184,2024-03-04,CUST-00034,cust-00034@lumenmail.com,Lighting,2,47.16,0.0,Organic,US,
ORD-008076,2024-02-24,CUST-01616,cust-01616@lumenmail.com,Décor,2,92.76,0.05,Paid Search,US,variant
ORD-003195,2023-10-08,CUST-00984,cust-00984@lumenmail.com,Outdoor,7,780.02,0.15,Paid Search,CA,
ORD-005480,2023-07-19,CUST-00507,cust-00507@lumenmail.com,Décor,2,66.36,0.05,Paid Search,CA,
ORD-000604,2024-09-15,CUST-02503,cust-02503@lumenmail.com,Lighting,1,210.59,0.15,Email,UK,variant
ORD-000750,2023-12-13,CUST-01202,cust-01202@lumenmail.com,Accessories,1,233.04,0.15,Email,CA,
ORD-007485,2024-12-24,CUST-00218,cust-00218@lumenmail.com,Décor,1,136.63,0.2,Email,US,control
ORD-005476,2024-06-02,CUST-02716,cust-02716@lumenmail.com,Décor,1,797.89,10.0,Email,US,control
ORD-001496,2024-04-19,CUST-00815,cust-00815@lumenmail.com,Lighting,2,131.22,0.0,,US,
ORD-006919,2024-08-08,CUST-00020,cust-00020@lumenmail.com,Lighting,2,10.81,0.05,Paid Search,US,
ORD-001807,2024-07-09,CUST-01142,cust-01142@lumenmail.com,Décor,1,93.51,0.0,Email,US,
ORD-009364,2024-05-19,CUST-02598,cust-02598@lumenmail.com,Furniture,5,298.96,0.05,Organic,US,
ORD-002404,2024-07-15,CUST-01076,cust-01076@lumenmail.com,Lighting,2,71.39,0.0,Organic,US,
ORD-001391,2024-08-13,CUST-00868,cust-00868@lumenmail.com,Lighting,1,63.22,0.15,Email,US,variant
ORD-007278,2024-04-13,CUST-02578,cust-02578@lumenmail.com,Accessories,1,500.52,0.0,Organic,AU,
ORD-007697,2023-12-27,CUST-02691,cust-02691@lumenmail.com,Accessories,4,107.21,20.0,Organic,US,control
ORD-002950,2024-09-06,CUST-01744,cust-01744@lumenmail.com,Lighting,2,118.98,0.2,Paid Search,US,variant
ORD-006775,2024-06-03,CUST-02589,cust-02589@lumenmail.com,Accessories,1,117.87,5.0,Social,CA,control
ORD-005734,2024-11-08,CUST-02409,cust-02409@lumenmail.com,Décor,4,42.15,0.0,Social,US,
ORD-007243,23/09/2024,CUST-02335,cust-02335@lumenmail.com,Décor,1,9.51,0.0,Organic,UK,control
ORD-004636,2024-09-02,CUST-01045,cust-01045@lumenmail.com,Lighting,1,67.3,0.0,Paid Search,CA,
ORD-008698,2023-10-18,CUST-01571,cust-01571@lumenmail.com,Accessories,1,51.71,0.0,Organic,UK,
ORD-005038,2024-11-18,,guest@lumenmail.com,lighting,4,263.87,0.0,Paid Search,UK,
ORD-008274,2024-03-29,CUST-00940,cust-00940@lumenmail.com,Furniture,1,243.96,0.15,Organic,CA,variant
ORD-008138,2024-02-17,,guest@lumenmail.com,Lighting,2,251.75,0.0,Email,US,control
ORD-007635,01/11/2023,CUST-00974,cust-00974@lumenmail.com,Lighting,3,28.47,0.15,Email,US,
ORD-006900,2024-04-11,CUST-02279,cust-02279@lumenmail.com,Décor,2,142.15,0.0,Paid Search,US,variant
ORD-006018,2023-06-04,CUST-00531,cust-00531@lumenmail.com,Furniture,7,30.42,0.0,Email,US,
ORD-006800,2024-09-09,CUST-02578,cust-02578@lumenmail.com,Lighting,1,46.67,0.0,Organic,US,control
ORD-006452,2024-01-08,CUST-01669,cust-01669@lumenmail.com,Furniture,2,92.77,0.2,Email,US,control
ORD-001746,2023-09-06,CUST-00019,cust-00019@lumenmail.com,Lighting,2,14.92,0.0,Paid Search,US,control
ORD-007524,2023-07-03,CUST-01902,cust-01902@lumenmail.com,Décor,2,15.31,0.0,Paid Search,CA,
ORD-009354,2024-09-01,CUST-00010,cust-00010@lumenmail.com,Furniture,1,99.42,0.1,Organic,CA,control
ORD-007362,2023-12-06,,guest@lumenmail.com,Furniture,4,41.28,0.1,Social,US,control
ORD-003241,2024-10-04,CUST-00326,cust-00326@lumenmail.com,Lighting,2,48.54,0.05,Social,US,control
ORD-001865,30/09/2023,CUST-01062,cust-01062@lumenmail.com,Décor,1,41.36,0.0,Paid Search,US,
ORD-000608,2023-07-13,CUST-01836,cust-01836@lumenmail.com,Lighting,4,0.0,0.1,Paid Search,CA,
ORD-008112,2024-09-27,CUST-00365,cust-00365@lumenmail.com,Lighting,1,35.2,0.05,Paid Search,CA,variant
ORD-003334,2024-10-13,CUST-02902,cust-02902@lumenmail.com,Décor,2,14.47,0.15,Social,US,
ORD-005851,2024-01-18,CUST-00978,cust-00978@lumenmail.com,Décor,2,26.13,0.05,Email,AU,variant
ORD-008190,,CUST-00612,cust-00612@lumenmail.com,Accessories,1,25.07,0.15,Paid Search,UK,control
ORD-004759,2024-06-18,CUST-01629,cust-01629@lumenmail.com,Accessories,2,21.34,0.05,Email,CA,
ORD-002877,2023-11-24,CUST-01769,cust-01769@lumenmail.com,Lighting,2,37.23,0.1,Email,US,control
ORD-006544,2024-10-09,CUST-02888,cust-02888@lumenmail.com,Décor,5,22.1,0.05,Paid Search,US,
ORD-006467,2024-02-27,CUST-02816,cust-02816@lumenmail.com,Lighting,1,396.78,0.0,Paid Search,US,
ORD-007906,2024-09-16,CUST-00270,cust-00270@lumenmail.com,Lighting,2,58.71,10.0,Organic,US,
ORD-007003,2024-02-29,CUST-01975,cust-01975@lumenmail.com,Lighting,1,44.48,0.15,Organic,US,control
ORD-005483,2023-08-14,CUST-00250,cust-00250@lumenmail.com,Furniture,1,118.84,10.0,Social,UK,variant
ORD-004177,2024-09-17,CUST-01185,cust-01185@lumenmail.com,Outdoor,3,149.89,0.0,Paid Search,AU,variant
ORD-005481,2024-08-22,CUST-00274,cust-00274@lumenmail.com,Lightng,1,19.71,25.0,,UK,variant
ORD-002799,2024-03-02,CUST-02152,cust-02152@lumenmail.com,Décor,2,228.2,0.1,Paid Search,US,variant
ORD-000426,2024-11-28,CUST-01185,cust-01185@lumenmail.com,Furniture,1,48.45,5.0,Social,AU,
ORD-007743,2024-11-11,CUST-02761,cust-02761@lumenmail.com,Outdoor,2,27.33,0.05,Paid Search,US,variant
ORD-008484,20/01/2024,,guest@lumenmail.com,lighting,-6,29.01,0.0,Email,US,
ORD-008145,2024-12-15,CUST-01647,cust-01647@lumenmail.com,Décor,1,144.47,0.1,Email,US,
ORD-007935,2024-08-02,CUST-01449,cust-01449@lumenmail.com,Furniture,1,36.06,0.15,Paid Search,UK,
ORD-004867,18/02/2024,CUST-02095,cust-02095@lumenmail.com,Décor,2,332.64,0.2,Social,US,control
ORD-006735,2024-07-20,CUST-01582,cust-01582@lumenmail.com,Outdoor,1,82.92,0.0,Email,US,control
ORD-008535,2024-06-28,CUST-01621,cust-01621@lumenmail.com,Outdoor,2,338.92,0.25,Paid Search,US,variant
ORD-009473,2024-02-01,CUST-01825,cust-01825@lumenmail.com,Lighting,2,16.05,0.25,Social,US,variant
ORD-008921,2024-12-21,,guest@lumenmail.com,Accessories,1,43.09,0.0,Email,US,control
ORD-008000,2024-09-10,CUST-01366,cust-01366@lumenmail.com,Accessories,3,32.66,0.1,Paid Search,US,
ORD-000576,2024-12-04,CUST-00032,cust-00032@lumenmail.com,Outdoor,7,25.13,0.0,,ZZ,variant
ORD-007126,2023-11-20,CUST-00163,cust-00163@lumenmail.com,Lighting,1,46.72,0.0,Email,US,variant
ORD-007857,2024-07-06,CUST-00055,cust-00055@lumenmail.com,Outdoor,1,383.38,0.1,Paid Search,US,control
ORD-007028,2024-07-28,CUST-02144,cust-02144@lumenmail.com,Décor,1,197.46,0.1,Paid Search,CA,variant
ORD-002144,2024-12-12,CUST-02335,cust-02335@lumenmail.com,Accessories,1,161.48,0.0,Email,US,control
ORD-002796,2024-02-07,CUST-01896,cust-01896@lumenmail.com,Furniture,-1,279.44,0.0,Social,US,variant
ORD-005456,2023-11-25,CUST-02677,cust-02677@lumenmail.com,Décor,1,30.99,0.0,Social,US,
ORD-005076,2024-01-16,CUST-00227,cust-00227@lumenmail.com,Décor,6,44.51,0.0,Paid Search,US,control
ORD-004521,16/04/2024,CUST-00986,cust-00986@lumenmail.com,Lighting,1,47.0,0.0,Organic,US,
ORD-009347,2023-07-22,CUST-01108,cust-01108@lumenmail.com,Outdoor,1,91.29,0.0,Organic,US,control
ORD-009534,2023-11-29,CUST-01566,cust-01566@lumenmail.com,Lighting,1,153.79,0.1,Organic,US,
ORD-008634,2024-11-12,CUST-02173,cust-02173@lumenmail.com,Furniture,1,377.76,0.0,Email,CA,
ORD-004588,2023-10-12,CUST-00785,cust-00785@lumenmail.com,Lighting,3,50.78,0.2,Paid Search,CA,variant
ORD-004381,2024-09-22,CUST-01378,cust-01378@lumenmail.com,Lighting,1,20.82,0.15,Paid Search,UK,control
ORD-005923,2023-10-11,CUST-01463,cust-01463@lumenmail.com,Décor,3,82.06,0.1,Email,US,variant
ORD-003957,16/08/2024,CUST-01644,cust-01644@lumenmail.com,Décor,1,771.84,0.2,,UK,
ORD-005958,2024-06-18,CUST-01297,cust-01297@lumenmail.com,Décor,4,78.9,0.2,Email,US,variant
ORD-009493,2024-08-19,CUST-01552,cust-01552@lumenmail.com,Lighting,5,33.23,0.0,Email,US,variant
ORD-004692,2024-08-11,CUST-00866,cust-00866@lumenmail.com,Lighting,1,389.05,0.05,Organic,US,variant
ORD-005972,02/04/2024,CUST-02800,cust-02800@lumenmail.com,Lighting,2,10.02,0.0,Organic,AU,
ORD-002609,2024-06-19,CUST-01983,cust-01983@lumenmail.com,Furniture,1,646.86,0.05,Paid Search,US,variant
ORD-007996,2024-11-02,CUST-01837,cust-01837@lumenmail.com,Furniture,1,734.53,20.0,Organic,US,
ORD-001416,2024-02-29,CUST-02323,cust-02323@lumenmail.com,Décor,2,48.33,0.0,Organic,US,
ORD-001012,2024-12-02,CUST-00784,cust-00784@lumenmail.com,Décor,2,166.98,0.25,Email,US,variant
ORD-006578,2024-03-08,CUST-02024,cust-02024@lumenmail.com,Décor,1,45.49,0.0,Social,UK,variant
ORD-004266,2023-06-24,CUST-02606,cust-02606@lumenmail.com,Furniture,2,192.01,0.0,Social,US,
ORD-006255,2023-07-31,CUST-02628,cust-02628@lumenmail.com,Lighting,3,314.81,15.0,Email,US,
ORD-005876,2024-06-19,,guest@lumenmail.com,Lighting,2,89.7,0.0,Email,US,variant
ORD-000813,2024-04-14,CUST-01906,cust-01906@lumenmail.com,Lighting,1,24.51,0.05,Paid Search,US,control
ORD-005710,2023-07-26,CUST-00106,cust-00106@lumenmail.com,lighting,1,611.87,0.05,Paid Search,UK,variant
ORD-007750,2023-09-04,CUST-00738,cust-00738@lumenmail.com,Lighting,1,133.48,0.2,Organic,UK,variant
ORD-002621,2023-11-25,CUST-02249,cust-02249@lumenmail.com,Furniture,1,276.55,0.15,Email,UK,variant
ORD-001829,,CUST-00037,cust-00037@lumenmail.com,Furniture,1,383.9,0.0,Email,US,
ORD-003192,2023-07-10,CUST-01761,cust-01761@lumenmail.com,Décor,3,131.98,0.1,Organic,CA,variant
ORD-008860,2023-09-02,CUST-02096,cust-02096@lumenmail.com,Outdoor,1,341.91,0.0,Email,US,control
ORD-006277,31/10/2023,CUST-01773,cust-01773@lumenmail.com,Lightng,1,153.03,0.2,Paid Search,US,
ORD-000031,2024-03-07,CUST-00537,cust-00537@lumenmail.com,Lighting,7,43.17,0.0,Organic,US,
ORD-002490,2023-07-08,CUST-00194,cust-00194@lumenmail.com,Accessories,2,17.49,0.1,Email,US,control
ORD-008390,2023-07-01,,guest@lumenmail.com,Outdoor,2,46.49,0.15,Organic,US,
ORD-004051,2024-07-04,CUST-02866,cust-02866@lumenmail.com,Décor,1,288.6,0.05,Organic,CA,control
ORD-005404,2024-08-14,CUST-02057,cust-02057@lumenmail.com,Lighting,6,391.23,0.0,Social,UK,control
ORD-004363,2023-06-30,CUST-01856,cust-01856@lumenmail.com,Furniture,2,90.14,0.0,Email,US,control
ORD-002212,29/05/2024,CUST-01277,cust-01277@lumenmail.com,Lighting,1,316.37,0.0,Email,US,control
ORD-001197,26/08/2023,CUST-00456,cust-00456@lumenmail.com,Lighting,1,92.24,0.05,Paid Search,AU,variant
ORD-004241,2024-09-20,CUST-02325,cust-02325@lumenmail.com,Lighting,2,21.83,0.0,Social,CA,
ORD-009212,2024-05-06,CUST-00397,cust-00397@lumenmail.com,Outdoor,1,145.89,0.0,Email,AU,
ORD-008666,2024-09-10,CUST-02831,cust-02831@lumenmail.com,Furniture,1,22.23,0.0,Paid Search,US,control
ORD-008693,2024-03-10,CUST-01673,cust-01673@lumenmail.com,Décor,5,34.39,0.1,Paid Search,US,control
ORD-006340,2024-08-26,CUST-00516,cust-00516@lumenmail.com,Furniture,1,694.86,0.0,Email,US,control
ORD-003155,2024-02-17,CUST-01826,cust-01826@lumenmail.com,Lighting,1,153.42,0.0,Organic,US,
ORD-001351,2024-01-15,CUST-02540,cust-02540@lumenmail.com,Décor,2,119.96,0.05,Email,US,
ORD-004476,2023-10-07,,guest@lumenmail.com,Décor,3,137.25,0.15,Organic,US,control
ORD-000244,2023-07-27,CUST-02231,cust-02231@lumenmail.com,Décor,7,129.92,0.1,Email,US,variant
ORD-009478,2024-02-02,CUST-01322,cust-01322@lumenmail.com,Décor,1,23.37,0.1,Email,AU,
ORD-006679,2024-09-25,CUST-01385,cust-01385@lumenmail.com,Furniture,1,132.94,0.0,Paid Search,US,variant
ORD-001065,2024-06-12,CUST-01864,cust-01864@lumenmail.com,Accessories,7,88.37,0.05,Email,US,
ORD-006705,2024-06-30,CUST-02853,cust-02853@lumenmail.com,Décor,2,25.92,0.2,Paid Search,US,variant
ORD-005465,2024-10-08,CUST-02988,cust-02988@lumenmail.com,Lighting,2,62.55,0.1,Email,US,
ORD-002076,2023-09-06,CUST-01035,cust-01035@lumenmail.com,Furniture,2,44.26,0.1,Email,US,control
ORD-008096,,CUST-00393,cust-00393@lumenmail.com,Furniture,1,132.77,0.15,Social,CA,variant
ORD-004262,2024-01-13,CUST-02335,cust-02335@lumenmail.com,Décor,1,57.97,0.0,Organic,UK,variant
ORD-006751,2024-06-30,CUST-01004,cust-01004@lumenmail.com,Furniture,1,43.55,0.0,Email,CA,variant
ORD-001386,06/07/2023,CUST-01272,cust-01272@lumenmail.com,Décor,2,58.86,0.15,Paid Search,US,
ORD-005792,2024-07-16,CUST-02952,cust-02952@lumenmail.com,Lighting,2,132.77,0.15,Organic,US,variant
ORD-000372,2023-06-29,CUST-01738,cust-01738@lumenmail.com,Accessories,1,12.09,0.0,Email,US,variant
ORD-005346,2024-07-27,CUST-00867,cust-00867@lumenmail.com,Furniture,1,175.99,0.05,Email,US,control
ORD-000696,2024-12-13,CUST-02103,cust-02103@lumenmail.com,Décor,1,38.14,0.1,Paid Search,US,control
ORD-000850,2024-04-01,CUST-01212,cust-01212@lumenmail.com,Décor,3,113.72,0.1,Social,AU,
ORD-000413,2024-04-17,CUST-01904,cust-01904@lumenmail.com,Décor,1,70.52,0.0,Paid Search,US,control
ORD-007349,22/08/2023,CUST-00806,cust-00806@lumenmail.com,Lighting,1,27.91,0.0,Organic,CA,control
ORD-006017,2024-06-20,CUST-02120,cust-02120@lumenmail.com,Accessories,3,67.28,0.0,Paid Search,UK,
ORD-004354,2024-06-22,,guest@lumenmail.com,Accessories,1,214.26,25.0,Organic,US,
ORD-009066,2024-05-01,CUST-00140,cust-00140@lumenmail.com,Lighting,1,84.57,0.05,Organic,US,control
ORD-006203,2024-05-08,CUST-01193,cust-01193@lumenmail.com,Furniture,2,77.89,0.25,,UK,variant
ORD-007790,2024-02-15,CUST-02327,cust-02327@lumenmail.com,Outdoor,-1,72.33,0.0,Paid Search,US,control
ORD-002512,2024-01-18,CUST-01534,cust-01534@lumenmail.com,Lighting,1,67.08,0.0,Paid Search,US,control
ORD-001937,2024-08-09,CUST-00189,cust-00189@lumenmail.com,Furniture,2,264.43,0.1,Organic,UK,variant
ORD-009532,12/02/2024,CUST-00430,cust-00430@lumenmail.com,Outdoor,1,48.43,0.05,Paid Search,US,
ORD-004518,2024-10-25,CUST-01133,cust-01133@lumenmail.com,Furniture,5,40.32,0.2,Email,UK,variant
ORD-000491,21/06/2023,CUST-01639,cust-01639@lumenmail.com,Lighting,1,459.05,0.1,Paid Search,ZZ,
ORD-002885,2024-05-22,CUST-02716,cust-02716@lumenmail.com,Furniture,2,371.88,0.0,Paid Search,US,
ORD-005436,2024-07-25,CUST-00083,cust-00083@lumenmail.com,Lighting,1,213.25,0.2,Email,US,variant
ORD-002966,2023-08-09,CUST-00123,cust-00123@lumenmail.com,Lighting,3,24.38,0.0,Paid Search,US,variant
ORD-004254,2024-10-15,,guest@lumenmail.com,Accessories,3,136.9,0.0,Paid Search,US,control
ORD-006143,2024-03-16,CUST-02021,cust-02021@lumenmail.com,Accessoires,1,137.06,0.0,Paid Search,AU,control
ORD-007480,2024-08-15,CUST-02828,cust-02828@lumenmail.com,Outdoor,2,95.69,0.05,,UK,
ORD-007399,11/11/2024,CUST-00719,cust-00719@lumenmail.com,Décor,1,77.9,0.2,Organic,US,control
ORD-000333,2023-06-01,CUST-01918,cust-01918@lumenmail.com,Accessories,5,38.97,0.0,Social,CA,variant
ORD-002891,2023-12-16,CUST-02398,cust-02398@lumenmail.com,Lightng,1,222.38,0.0,Organic,US,variant
ORD-003332,2024-02-12,CUST-00070,cust-00070@lumenmail.com,Furniture,1,149.28,0.2,Social,CA,
ORD-004324,2023-11-25,CUST-00579,cust-00579@lumenmail.com,Décor,2,31.54,0.0,Paid Search,US,
ORD-001099,12/10/2024,CUST-01173,cust-01173@lumenmail.com,Lighting,1,88.46,0.05,Organic,AU,variant
ORD-007869,2024-08-12,CUST-02036,cust-02036@lumenmail.com,Décor,5,113.58,0.05,Organic,US,
ORD-003686,2023-09-01,CUST-02946,cust-02946@lumenmail.com,Furniture,1,94.97,0.0,Organic,US,
ORD-001962,2024-09-17,CUST-02229,cust-02229@lumenmail.com,Lighting,1,16.39,0.2,Paid Search,US,
ORD-000577,2024-06-12,CUST-00302,cust-00302@lumenmail.com,Décor,2,9.16,0.0,Paid Search,US,variant
ORD-003494,2023-11-28,CUST-00719,cust-00719@lumenmail.com,Décor,5,424.02,0.2,Paid Search,US,control
ORD-009553,2023-09-01,CUST-02589,cust-02589@lumenmail.com,Furniture,-2,253.58,0.0,,US,variant
ORD-003265,01/10/2024,CUST-00001,cust-00001@lumenmail.com,Accessories,2,104.33,0.05,Email,CA,variant
ORD-007002,2024-08-17,CUST-02620,cust-02620@lumenmail.com,Accessories,2,48.8,0.0,Email,CA,control
ORD-003711,2024-10-07,CUST-00235,cust-00235@lumenmail.com,Furniture,2,150.62,0.0,Organic,US,control
ORD-000198,2024-04-12,CUST-01791,cust-01791@lumenmail.com,Lighting,2,384.33,25.0,Social,US,control
ORD-006055,2023-09-04,CUST-00133,cust-00133@lumenmail.com,Décor,4,24.24,0.05,Email,US,
ORD-006094,2023-07-18,CUST-02380,cust-02380@lumenmail.com,Outdoor,3,45.7,0.0,Social,CA,variant
ORD-001577,2024-01-04,CUST-02247,cust-02247@lumenmail.com,Décor,4,156.16,0.1,Organic,US,
ORD-000891,2024-01-14,CUST-00762,cust-00762@lumenmail.com,Furniture,5,18.78,0.0,Email,US,control
ORD-006379,2023-09-20,CUST-00276,cust-00276@lumenmail.com,Décor,3,60.48,0.0,Email,US,variant
ORD-005201,2024-01-07,,guest@lumenmail.com,Outdoor,3,122.87,0.1,Organic,UK,
ORD-004674,2023-10-07,CUST-01944,cust-01944@lumenmail.com,Furniture,4,428.49,0.05,Organic,US,control
ORD-007636,2024-08-18,CUST-00949,cust-00949@lumenmail.com,Lighting,4,29.18,0.0,Paid Search,US,
ORD-007224,2024-03-21,CUST-02315,cust-02315@lumenmail.com,Décor,6,22.01,0.0,Email,US,control
ORD-008619,23/10/2023,CUST-00711,cust-00711@lumenmail.com,Décor,2,69.65,0.0,Organic,US,control
ORD-000981,2024-09-21,CUST-01214,cust-01214@lumenmail.com,Lighting,1,133.13,0.05,Organic,US,
ORD-001911,2024-06-19,CUST-02130,cust-02130@lumenmail.com,Outdoor,2,45.73,0.0,Organic,UK,variant
ORD-004297,2024-09-05,CUST-01825,cust-01825@lumenmail.com,Furniture,1,246.45,0.05,Organic,US,
ORD-008588,2023-10-18,CUST-00698,cust-00698@lumenmail.com,Décor,-2,50.19,0.25,Paid Search,CA,control
ORD-000458,2024-01-13,CUST-02926,cust-02926@lumenmail.com,Furniture,1,53.6,0.05,Paid Search,US,control
ORD-006075,18/12/2023,CUST-00011,cust-00011@lumenmail.com,Outdoor,1,54.79,0.2,Social,CA,
ORD-002814,2024-03-14,CUST-01479,cust-01479@lumenmail.com,Décor,-1,279.48,0.0,Organic,US,variant
ORD-001719,2024-07-02,CUST-01332,cust-01332@lumenmail.com,lighting,2,147.45,0.2,Email,CA,variant
ORD-008252,2023-11-27,CUST-02897,cust-02897@lumenmail.com,Lighting,2,99.48,0.0,Email,AU,
ORD-001101,2024-05-15,CUST-00422,cust-00422@lumenmail.com,Lighting,2,71.34,0.0,Organic,US,
ORD-005592,27/05/2024,CUST-01659,cust-01659@lumenmail.com,Furniture,1,22.16,0.0,Paid Search,US,
ORD-001596,2023-10-13,CUST-00492,cust-00492@lumenmail.com,Décor,1,183.03,0.0,Social,US,control
ORD-000494,07/12/2024,CUST-02971,cust-02971@lumenmail.com,Lighting,2,63.54,0.0,Paid Search,US,
ORD-007762,2024-05-08,CUST-00226,cust-00226@lumenmail.com,lighting,-1,270.78,0.1,Email,US,variant
ORD-006977,2023-11-10,,guest@lumenmail.com,Outdoor,2,77.78,0.0,Email,US,variant
ORD-002420,2023-11-23,CUST-02121,cust-02121@lumenmail.com,Décor,1,7.62,0.1,Organic,US,variant
ORD-005434,2024-08-11,CUST-01013,cust-01013@lumenmail.com,Lighting,2,23.19,0.0,Paid Search,CA,
ORD-001588,2023-10-09,CUST-00007,cust-00007@lumenmail.com,Décor,1,164.78,0.1,Email,ZZ,
ORD-008021,2024-06-04,CUST-00141,cust-00141@lumenmail.com,Décor,1,177.14,0.1,Organic,US,control
ORD-006441,10/06/2024,,guest@lumenmail.com,Furniture,2,49.79,0.0,Paid Search,US,control
ORD-005953,2024-09-06,CUST-01786,cust-01786@lumenmail.com,Décor,2,29.9,0.0,Paid Search,US,control
ORD-002987,2024-03-07,CUST-00915,cust-00915@lumenmail.com,Accessories,4,108.64,0.05,Email,US,
ORD-005505,2024-11-01,CUST-00583,cust-00583@lumenmail.com,Lighting,3,143.71,0.05,Email,US,
ORD-007047,18/05/2024,CUST-01023,cust-01023@lumenmail.com,Lighting,1,87.14,0.1,Organic,US,
ORD-000713,10/10/2024,CUST-02088,cust-02088@lumenmail.com,Décor,1,72.54,10.0,Organic,US,variant
ORD-007942,2023-07-06,CUST-01965,cust-01965@lumenmail.com,Décor,1,192.59,0.05,Paid Search,UK,variant
ORD-004210,2023-07-05,CUST-02981,cust-02981@lumenmail.com,Décor,1,90.16,0.0,Paid Search,US,control
ORD-004676,2024-01-18,CUST-00747,cust-00747@lumenmail.com,Décor,-5,12.04,0.05,Email,US,
ORD-009282,2024-03-10,CUST-01341,cust-01341@lumenmail.com,Décor,1,6.01,0.05,Paid Search,US,control
ORD-005397,2023-12-29,CUST-00824,cust-00824@lumenmail.com,Lighting,1,30.35,0.0,Paid Search,US,variant
ORD-007516,2024-09-10,CUST-01750,cust-01750@lumenmail.com,Lighting,1,81.16,0.1,Email,US,
ORD-001775,2024-08-10,CUST-01430,cust-01430@lumenmail.com,Décor,2,107.73,5.0,Email,US,control
ORD-000079,2023-06-19,CUST-01373,cust-01373@lumenmail.com,Lighting,1,315.32,0.2,Social,AU,
ORD-001610,2024-02-26,CUST-00661,cust-00661@lumenmail.com,Lighting,3,7.98,0.1,Email,US,control
ORD-006418,2024-02-09,CUST-02751,cust-02751@lumenmail.com,Décor,1,45.6,20.0,Email,US,control
ORD-005100,2024-12-11,CUST-00905,cust-00905@lumenmail.com,Furniture,1,654.83,0.0,Email,US,
ORD-000308,2024-12-28,CUST-01689,cust-01689@lumenmail.com,Accessories,2,197.3,5.0,Organic,US,variant
ORD-003057,01/10/2023,CUST-01710,cust-01710@lumenmail.com,Décor,2,89.24,0.0,Email,US,variant
ORD-002882,2024-08-03,CUST-02360,cust-02360@lumenmail.com,Accessories,3,52.92,0.0,Paid Search,US,
ORD-001298,2024-03-27,CUST-01508,cust-01508@lumenmail.com,Décor,2,81.87,0.25,Paid Search,UK,
ORD-008428,2023-06-01,CUST-00813,cust-00813@lumenmail.com,Lighting,1,295.39,0.0,Email,US,control
ORD-002693,2024-10-15,CUST-02900,cust-02900@lumenmail.com,Décor,4,93.6,0.25,Paid Search,UK,control
ORD-003179,2024-11-08,CUST-00641,cust-00641@lumenmail.com,Lighting,1,91.87,0.25,Paid Search,CA,
ORD-009562,2024-09-02,CUST-01380,cust-01380@lumenmail.com,Lighting,1,278.3,0.1,Paid Search,AU,variant
ORD-001767,2023-10-28,CUST-01281,cust-01281@lumenmail.com,Outdoor,1,162.29,0.25,Paid Search,US,control
ORD-007022,2023-07-26,CUST-00414,cust-00414@lumenmail.com,Outdoor,3,57.92,0.0,Paid Search,UK,
ORD-002242,2023-06-01,CUST-01422,cust-01422@lumenmail.com,lighting,2,161.24,0.0,Organic,US,
ORD-007780,2024-10-28,CUST-01299,cust-01299@lumenmail.com,Lighting,2,667.19,0.1,Paid Search,US,variant
ORD-007144,2024-11-10,CUST-01742,cust-01742@lumenmail.com,Accessories,1,251.75,0.15,Email,UK,variant
ORD-006673,2024-01-05,CUST-00259,cust-00259@lumenmail.com,Lighting,1,175.59,0.05,Paid Search,US,control
ORD-000986,2024-12-24,CUST-00634,cust-00634@lumenmail.com,Furniture,2,25.47,0.15,Email,US,variant
ORD-006165,10/08/2023,CUST-02605,cust-02605@lumenmail.com,Décor,1,24.62,0.0,Organic,AU,variant
ORD-003794,2024-08-31,CUST-01711,cust-01711@lumenmail.com,Décor,1,178.46,0.0,Email,CA,variant
ORD-000942,17/09/2024,,guest@lumenmail.com,Décor,6,415.07,0.1,Organic,US,variant
ORD-002692,2023-11-06,CUST-00351,cust-00351@lumenmail.com,Lighting,-1,94.79,0.0,Organic,US,variant
ORD-008204,2023-08-21,CUST-02318,cust-02318@lumenmail.com,Furniture,-2,68.01,0.0,Email,US,
ORD-002486,06/02/2024,,guest@lumenmail.com,Lighting,2,52.74,0.0,Email,CA,variant
ORD-000682,2023-06-27,CUST-02022,cust-02022@lumenmail.com,Lighting,1,80.47,0.2,Organic,US,variant
ORD-000795,2023-09-12,,guest@lumenmail.com,Furniture,1,86.19,0.1,Paid Search,US,
ORD-005228,2023-11-04,CUST-00304,cust-00304@lumenmail.com,Furniture,2,317.66,0.05,Email,US,control
ORD-007202,24/10/2023,CUST-00949,cust-00949@lumenmail.com,Lighting,1,26.84,0.05,Email,US,control
ORD-006105,2024-09-28,CUST-00643,cust-00643@lumenmail.com,Lighting,1,43.22,0.0,Paid Search,US,control
ORD-009395,2024-08-05,,guest@lumenmail.com,Furniture,1,98.03,0.0,Email,US,
ORD-005654,2023-08-19,CUST-00457,cust-00457@lumenmail.com,Furniture,1,279.43,0.05,Email,UK,control
ORD-006590,2023-09-08,CUST-01176,cust-01176@lumenmail.com,Furniture,1,58.8,0.25,Email,US,variant
ORD-006232,2024-02-22,CUST-00074,cust-00074@lumenmail.com,Furniture,2,76.75,0.0,Paid Search,US,
ORD-007093,01/06/2023,CUST-01939,cust-01939@lumenmail.com,Lighting,1,170.36,0.25,Organic,US,
ORD-006786,2024-06-30,CUST-01280,cust-01280@lumenmail.com,Outdoor,1,34.04,0.1,Email,CA,variant
ORD-002012,05/02/2024,CUST-02048,cust-02048@lumenmail.com,Lighting,1,7.09,0.0,Social,US,
ORD-003575,2024-03-01,CUST-00938,cust-00938@lumenmail.com,Décor,1,144.66,15.0,Social,US,variant
ORD-007396,2023-12-19,CUST-02708,cust-02708@lumenmail.com,Lighting,2,88.75,0.1,Organic,CA,
ORD-005382,29/09/2024,CUST-02768,cust-02768@lumenmail.com,Décor,1,20.91,5.0,Social,US,
ORD-006245,2024-04-24,CUST-00196,cust-00196@lumenmail.com,Décor,2,71.34,0.0,Email,ZZ,
ORD-000529,2023-08-16,CUST-02669,cust-02669@lumenmail.com,Décor,3,504.89,0.0,Organic,US,
ORD-000098,2024-12-29,CUST-01137,cust-01137@lumenmail.com,Furniture,4,59.64,0.1,Organic,CA,
ORD-007837,2024-07-10,CUST-01446,cust-01446@lumenmail.com,Outdoor,1,136.46,0.0,Organic,US,
ORD-001110,2024-07-06,CUST-02920,cust-02920@lumenmail.com,Outdoor,1,62.9,0.1,Paid Search,US,control
ORD-007660,15/01/2024,CUST-02811,cust-02811@lumenmail.com,Lighting,-3,41.69,0.05,Email,CA,variant
ORD-009038,28/07/2024,CUST-02207,cust-02207@lumenmail.com,Furniture,2,507.69,0.0,Email,US,
ORD-008870,2024-03-24,CUST-00959,cust-00959@lumenmail.com,Décor,2,27.36,0.0,Social,US,variant
ORD-006750,2024-08-15,CUST-02528,cust-02528@lumenmail.com,Lighting,1,154.8,0.0,,US,
ORD-000633,2023-08-25,,guest@lumenmail.com,Lighting,2,17.14,5.0,Paid Search,ZZ,variant
ORD-001997,25/10/2023,CUST-02048,cust-02048@lumenmail.com,Lighting,4,31.47,0.1,Social,US,control
ORD-006553,04/11/2024,CUST-00528,cust-00528@lumenmail.com,Décor,1,62.16,0.05,Email,UK,control
ORD-008479,2023-10-27,,guest@lumenmail.com,Décor,3,55.41,0.0,Email,US,
ORD-004106,2024-03-22,CUST-00772,cust-00772@lumenmail.com,Furniture,3,26.6,0.0,Social,AU,
ORD-008715,2024-02-03,CUST-02734,cust-02734@lumenmail.com,Lighting,1,245.26,0.0,Paid Search,US,
ORD-009456,21/11/2024,CUST-00141,cust-00141@lumenmail.com,Décor,2,97.56,0.2,Organic,US,
ORD-006710,2024-09-24,CUST-02665,cust-02665@lumenmail.com,Décor,1,56.26,0.15,Paid Search,CA,variant
ORD-008201,2023-08-16,,guest@lumenmail.com,Décor,2,133.85,0.0,Social,CA,control
ORD-006473,2023-10-17,CUST-00176,cust-00176@lumenmail.com,Décor,1,373.79,0.0,Paid Search,US,control
ORD-008393,2023-09-19,CUST-02510,cust-02510@lumenmail.com,Lightng,4,79.39,0.0,Paid Search,CA,control
ORD-008476,2024-03-28,CUST-00857,cust-00857@lumenmail.com,Décor,1,50.61,0.0,Organic,US,
ORD-005177,2024-10-25,CUST-01681,cust-01681@lumenmail.com,Décor,1,24.92,0.15,Email,US,
ORD-009425,2024-02-24,CUST-01073,cust-01073@lumenmail.com,Lighting,1,107.82,0.15,Organic,UK,variant
ORD-003053,2024-04-17,CUST-00418,cust-00418@lumenmail.com,Décor,2,452.57,0.2,Paid Search,US,
ORD-008124,2023-10-30,CUST-00147,cust-00147@lumenmail.com,Décor,1,48.49,0.1,Organic,US,variant
ORD-008965,2024-08-13,CUST-00758,cust-00758@lumenmail.com,Décor,2,99.94,0.25,Organic,US,control
ORD-005148,2023-08-24,CUST-01841,cust-01841@lumenmail.com,Accessories,1,46.29,0.05,Paid Search,US,control
ORD-008327,2024-05-03,CUST-02743,cust-02743@lumenmail.com,Furniture,1,330.23,0.0,Organic,AU,control
ORD-005061,2023-12-22,CUST-01666,cust-01666@lumenmail.com,Lighting,2,795.58,0.0,Email,US,
ORD-000823,2023-12-25,CUST-02389,cust-02389@lumenmail.com,Décor,3,159.31,0.0,Email,UK,control
ORD-003519,2024-07-12,,guest@lumenmail.com,Furniture,3,446.14,0.0,Email,UK,
ORD-002112,2024-10-07,CUST-02294,cust-02294@lumenmail.com,Outdoor,1,46.16,0.05,Organic,US,
ORD-002011,2024-11-05,CUST-02738,cust-02738@lumenmail.com,Lighting,1,37.25,0.0,Organic,US,variant
ORD-006259,2024-09-05,CUST-02957,cust-02957@lumenmail.com,Lighting,1,189.69,0.2,Email,CA,
ORD-002452,2024-08-21,CUST-02339,cust-02339@lumenmail.com,Furniture,2,8.82,0.1,Email,US,control
ORD-004855,04/06/2024,CUST-00108,cust-00108@lumenmail.com,Décor,2,114.21,0.0,Organic,US,variant
ORD-000531,23/11/2023,CUST-00848,cust-00848@lumenmail.com,Outdoor,3,30.4,0.0,Paid Search,US,
ORD-007350,2024-06-22,CUST-01979,cust-01979@lumenmail.com,Lighting,1,188.11,0.05,Organic,US,variant
ORD-001644,2024-12-13,CUST-02873,cust-02873@lumenmail.com,Furniture,1,307.23,15.0,Paid Search,CA,variant
ORD-000845,2024-02-26,CUST-02863,cust-02863@lumenmail.com,Décor,3,20.22,0.0,Email,US,control
ORD-007104,01/08/2024,CUST-00409,cust-00409@lumenmail.com,Furniture,2,81.36,0.0,Organic,AU,control
ORD-004740,2024-02-29,CUST-00136,cust-00136@lumenmail.com,Furniture,3,399.38,0.1,Email,UK,
ORD-000218,2024-07-03,CUST-01047,cust-01047@lumenmail.com,Outdoor,5,18.53,0.05,Organic,UK,control
ORD-000459,2024-03-19,CUST-02168,cust-02168@lumenmail.com,Furniture,2,645.21,0.0,Social,CA,control
ORD-001189,18/12/2024,CUST-00565,cust-00565@lumenmail.com,Décor,2,102.75,0.0,Organic,CA,
ORD-001923,2024-01-31,,guest@lumenmail.com,Décor,1,21.82,0.0,Social,US,
ORD-004594,2024-09-05,CUST-00379,cust-00379@lumenmail.com,Outdoor,4,69.65,0.0,Email,UK,
ORD-004929,2023-09-17,,guest@lumenmail.com,Accessories,1,47.95,0.05,Social,CA,
ORD-004499,2024-01-06,CUST-01949,cust-01949@lumenmail.com,Lighting,6,96.05,0.0,Organic,US,control
ORD-005176,2024-01-03,CUST-01615,cust-01615@lumenmail.com,Décor,-3,33.32,0.0,Email,US,variant
ORD-001780,2024-06-07,CUST-02853,cust-02853@lumenmail.com,Lighting,2,119.62,0.05,Email,UK,control
ORD-006708,2023-10-29,CUST-00531,cust-00531@lumenmail.com,Lighting,1,23.49,0.0,Organic,CA,variant
ORD-008800,2024-12-16,CUST-02111,cust-02111@lumenmail.com,Furniture,1,49.45,0.0,Paid Search,US,
ORD-007488,2023-10-28,CUST-01186,cust-01186@lumenmail.com,Décor,5,67.64,0.1,Email,US,variant
ORD-008585,2024-09-03,CUST-00364,cust-00364@lumenmail.com,Décor,1,37.97,0.0,Paid Search,US,
ORD-003795,2023-09-24,CUST-00472,cust-00472@lumenmail.com,Furniture,1,45.36,0.1,Paid Search,UK,
ORD-004196,2024-05-03,CUST-02946,cust-02946@lumenmail.com,Outdoor,1,36.69,0.15,Email,US,
ORD-005640,2023-08-05,CUST-00488,cust-00488@lumenmail.com,Décor,3,30.48,0.0,Paid Search,UK,variant
ORD-004567,2023-10-14,CUST-01112,cust-01112@lumenmail.com,Décor,1,42.52,0.0,Email,US,variant
ORD-003814,2023-06-14,CUST-00696,cust-00696@lumenmail.com,Lighting,2,81.35,0.0,Paid Search,US,control
ORD-007257,25/04/2024,CUST-02783,cust-02783@lumenmail.com,Lighting,7,174.0,20.0,Paid Search,US,control
ORD-000224,2023-11-16,CUST-02759,cust-02759@lumenmail.com,Décor,1,23.27,0.05,Organic,AU,variant
ORD-004571,2024-03-24,CUST-01676,cust-01676@lumenmail.com,Furniture,2,80.75,0.05,Email,ZZ,control
ORD-004184,11/06/2023,CUST-01397,cust-01397@lumenmail.com,Furniture,1,38.17,0.05,Organic,US,
ORD-007569,2024-10-06,CUST-01449,cust-01449@lumenmail.com,Accessories,3,176.26,0.1,Paid Search,US,
ORD-000755,2023-11-22,CUST-02296,cust-02296@lumenmail.com,Lighting,1,44.66,0.0,Organic,ZZ,variant
ORD-008858,2024-09-25,CUST-01005,cust-01005@lumenmail.com,Lighting,1,61.18,0.1,Paid Search,US,variant
ORD-009310,2023-10-11,CUST-01142,cust-01142@lumenmail.com,Lighting,3,27.3,0.1,Email,CA,control
ORD-005291,2024-11-30,CUST-01158,cust-01158@lumenmail.com,Décor,2,95.97,0.0,Paid Search,US,variant
ORD-007281,2024-06-02,CUST-02825,cust-02825@lumenmail.com,Lighting,-2,88.2,0.0,Email,US,control
ORD-005414,2023-11-23,CUST-01986,cust-01986@lumenmail.com,Décor,1,11.92,0.0,Organic,US,control
ORD-000402,2023-07-13,,guest@lumenmail.com,Accessories,2,246.17,0.1,Email,US,
ORD-003171,2024-03-29,CUST-02650,cust-02650@lumenmail.com,Lighting,3,333.73,0.1,Social,UK,control
ORD-006549,2024-04-18,CUST-02936,cust-02936@lumenmail.com,Furniture,3,48.16,0.0,Email,US,control
ORD-003772,2024-08-14,CUST-00112,cust-00112@lumenmail.com,Lighting,5,51.36,0.05,Paid Search,US,
ORD-002038,2024-10-03,,guest@lumenmail.com,Lighting,2,24.62,0.05,Email,US,
ORD-007342,2023-11-06,CUST-02597,cust-02597@lumenmail.com,Décor,2,114.46,0.0,Paid Search,US,
ORD-007941,2024-05-17,CUST-02425,cust-02425@lumenmail.com,Furniture,1,369.8,0.0,Paid Search,US,control
ORD-007343,2024-10-30,CUST-01477,cust-01477@lumenmail.com,Furniture,1,31.72,0.0,Social,US,control
ORD-004695,2023-12-20,CUST-00230,cust-00230@lumenmail.com,Lighting,2,90.34,0.15,Organic,CA,
ORD-007632,2023-11-05,CUST-01368,cust-01368@lumenmail.com,Lighting,2,86.65,0.2,Paid Search,CA,control
ORD-000554,2024-06-04,CUST-02882,cust-02882@lumenmail.com,Lighting,7,493.09,0.1,Email,UK,
ORD-006476,2023-09-10,CUST-00361,cust-00361@lumenmail.com,Furniture,1,48.51,0.2,Organic,CA,
ORD-004338,09/01/2024,CUST-01854,cust-01854@lumenmail.com,Décor,1,30.5,0.2,Paid Search,US,variant
ORD-001624,2024-06-20,CUST-01526,cust-01526@lumenmail.com,Accessories,1,77.81,0.0,Paid Search,CA,control
ORD-006693,2023-12-19,CUST-01368,cust-01368@lumenmail.com,Décor,4,82.01,0.2,Paid Search,US,control
ORD-005170,2023-12-06,CUST-01399,cust-01399@lumenmail.com,Décor,1,322.64,0.05,Paid Search,UK,
ORD-008499,2023-07-16,,guest@lumenmail.com,Lighting,5,192.96,0.15,Email,US,control
ORD-009023,2023-07-06,CUST-00257,cust-00257@lumenmail.com,Décor,1,100.24,0.1,,CA,variant
ORD-001379,2024-01-12,CUST-02805,cust-02805@lumenmail.com,Décor,1,153.78,0.0,Organic,US,
ORD-008052,07/10/2024,CUST-00620,cust-00620@lumenmail.com,Lighting,1,44.2,0.0,,UK,
ORD-007779,2024-08-08,CUST-01685,cust-01685@lumenmail.com,Furniture,1,26.99,0.0,Email,UK,
ORD-007662,2024-06-07,,guest@lumenmail.com,Furniture,2,169.81,0.0,Email,US,variant
ORD-001356,2023-11-25,CUST-01856,cust-01856@lumenmail.com,Lighting,1,690.67,0.05,Organic,US,
ORD-008958,2024-07-21,CUST-02125,cust-02125@lumenmail.com,Furniture,4,153.61,0.15,Paid Search,UK,control
ORD-008048,2023-09-07,CUST-00910,cust-00910@lumenmail.com,Lighting,1,67.93,0.1,Organic,CA,variant
ORD-008841,25/06/2023,CUST-00545,cust-00545@lumenmail.com,Lighting,3,20.59,0.0,Paid Search,UK,
ORD-003126,2024-09-09,CUST-02296,cust-02296@lumenmail.com,Furniture,1,84.03,0.0,Organic,US,
ORD-009546,29/10/2023,CUST-02900,cust-02900@lumenmail.com,Lighting,3,189.12,15.0,Email,US,variant
ORD-008772,11/12/2023,CUST-02149,cust-02149@lumenmail.com,Lighting,4,20.74,5.0,Email,US,control
ORD-004377,2024-10-20,CUST-01033,cust-01033@lumenmail.com,Lighting,4,64.54,0.0,Paid Search,US,variant
ORD-003099,09/12/2024,CUST-02199,cust-02199@lumenmail.com,Furniture,2,250.22,0.15,Social,CA,
ORD-009530,2023-07-10,,guest@lumenmail.com,Outdoor,3,49.18,20.0,Email,CA,control
ORD-009177,12/07/2024,CUST-00647,cust-00647@lumenmail.com,Accessories,3,131.28,0.0,Social,US,variant
ORD-003488,2024-05-27,CUST-00868,cust-00868@lumenmail.com,Outdoor,3,188.18,0.0,Email,US,
ORD-004839,2023-11-18,CUST-00323,cust-00323@lumenmail.com,Lighting,2,68.87,0.15,Organic,UK,
ORD-008953,06/09/2024,CUST-01433,cust-01433@lumenmail.com,Furniture,1,0.0,0.0,,UK,variant
ORD-005964,2023-07-08,CUST-02591,cust-02591@lumenmail.com,Décor,2,561.07,0.15,Social,US,variant
ORD-001723,2023-06-01,CUST-01276,cust-01276@lumenmail.com,Lighting,2,86.09,0.0,Email,US,
ORD-008320,2024-08-06,CUST-00182,cust-00182@lumenmail.com,Furniture,2,30.37,0.05,Paid Search,CA,control
ORD-001708,16/09/2024,CUST-00139,cust-00139@lumenmail.com,Décor,2,44.46,0.0,Email,US,control
ORD-000140,2023-07-10,CUST-00513,cust-00513@lumenmail.com,Outdoor,5,18.56,0.0,Paid Search,UK,control
ORD-002595,30/10/2024,CUST-02949,cust-02949@lumenmail.com,Outdoor,3,149.92,0.0,Paid Search,CA,
ORD-005689,2024-12-09,CUST-02630,cust-02630@lumenmail.com,Décor,1,14.44,10.0,Organic,US,
ORD-003361,01/07/2024,CUST-02470,cust-02470@lumenmail.com,Lighting,1,60.5,0.0,Paid Search,US,
ORD-005216,2024-12-02,,guest@lumenmail.com,Lighting,1,43.14,0.05,Organic,US,
ORD-006071,11/10/2023,CUST-01886,cust-01886@lumenmail.com,Furniture,1,165.29,0.0,Social,US,
ORD-007441,,CUST-01622,cust-01622@lumenmail.com,Furniture,1,9.77,0.15,Paid Search,US,control
ORD-005846,2024-06-05,CUST-02617,cust-02617@lumenmail.com,Lighting,3,55.91,0.2,Email,UK,control
ORD-002927,,CUST-00230,cust-00230@lumenmail.com,Accessories,6,68.02,0.0,Paid Search,US,variant
ORD-004552,2024-08-23,CUST-00806,cust-00806@lumenmail.com,Décor,1,25.17,0.15,Organic,US,variant
ORD-002093,24/07/2024,CUST-00681,cust-00681@lumenmail.com,Décor,-1,29.81,0.0,Email,US,
ORD-004892,2024-10-30,CUST-02779,cust-02779@lumenmail.com,Décor,2,10.84,0.0,Organic,UK,variant
ORD-009214,2024-05-27,,guest@lumenmail.com,Furniture,3,115.49,0.1,Paid Search,US,variant
ORD-004903,2024-06-07,CUST-02705,cust-02705@lumenmail.com,Lighting,2,9.06,0.0,Paid Search,US,
ORD-005642,16/10/2023,CUST-00285,cust-00285@lumenmail.com,Lighting,1,382.62,0.15,Paid Search,US,control
ORD-000677,26/05/2024,CUST-00614,cust-00614@lumenmail.com,Lighting,1,395.39,0.0,Email,US,
ORD-007361,21/12/2023,CUST-00275,cust-00275@lumenmail.com,Lighting,7,34.12,0.15,Email,US,control
ORD-008345,14/06/2023,CUST-02261,cust-02261@lumenmail.com,Furniture,2,80.91,0.05,Organic,US,
ORD-002368,2023-07-17,CUST-01283,cust-01283@lumenmail.com,Furniture,1,27.67,0.0,Paid Search,US,control
ORD-002407,2023-12-12,CUST-01257,cust-01257@lumenmail.com,lighting,2,53.48,0.0,Email,US,variant
ORD-005681,2024-04-05,CUST-00594,cust-00594@lumenmail.com,Outdoor,3,42.65,0.0,Organic,US,variant
ORD-002908,17/05/2024,CUST-00202,cust-00202@lumenmail.com,Accessories,1,729.7,0.0,Organic,US,
ORD-002653,2024-10-14,CUST-02841,cust-02841@lumenmail.com,Lighting,1,150.87,0.2,Paid Search,UK,control
ORD-005296,28/08/2023,CUST-00665,cust-00665@lumenmail.com,Furniture,2,255.57,0.15,Paid Search,CA,
ORD-002793,2023-11-28,,guest@lumenmail.com,Lighting,2,61.2,0.1,Paid Search,US,
ORD-002630,27/10/2023,CUST-00363,cust-00363@lumenmail.com,Furniture,2,84.43,0.0,Organic,CA,variant
ORD-007323,28/09/2024,CUST-00501,cust-00501@lumenmail.com,Outdoor,1,44.8,25.0,Paid Search,UK,
ORD-000605,2023-09-09,CUST-01652,cust-01652@lumenmail.com,Furniture,1,98.9,15.0,Email,CA,
ORD-000799,26/08/2024,CUST-02800,cust-02800@lumenmail.com,Lighting,1,10.3,0.1,Email,US,control
ORD-007922,2023-08-24,CUST-00854,cust-00854@lumenmail.com,Décor,3,97.27,0.1,Email,AU,variant
ORD-001044,01/10/2024,CUST-00743,cust-00743@lumenmail.com,Décor,1,196.88,0.15,Paid Search,US,variant
ORD-003182,23/01/2024,CUST-00990,cust-00990@lumenmail.com,Décor,2,53.63,0.0,Paid Search,US,
ORD-001591,2024-01-25,CUST-02421,cust-02421@lumenmail.com,Décor,1,233.6,0.05,Paid Search,US,control
ORD-005190,2024-05-08,,guest@lumenmail.com,Lighting,5,45.03,0.0,Paid Search,US,control
ORD-001082,2024-07-23,,guest@lumenmail.com,Furniture,1,45.05,0.15,Social,US,control
ORD-007497,19/04/2024,CUST-01629,cust-01629@lumenmail.com,Accessories,2,31.1,0.05,Email,US,control
ORD-001392,2023-12-18,CUST-01554,cust-01554@lumenmail.com,Décor,1,54.29,0.1,Organic,US,
ORD-008098,2024-10-14,CUST-01554,cust-01554@lumenmail.com,Décor,5,16.98,0.0,Organic,US,
ORD-004300,14/11/2023,CUST-01863,cust-01863@lumenmail.com,Décor,1,42.32,0.0,Email,US,control
ORD-005791,2023-12-17,CUST-01434,cust-01434@lumenmail.com,Décor,1,39.66,0.2,Social,AU,variant
ORD-004760,2024-12-29,CUST-02307,cust-02307@lumenmail.com,Lighting,2,46.05,0.0,Paid Search,UK,variant
ORD-008033,2023-11-27,,guest@lumenmail.com,Lighting,2,36.1,0.0,Organic,US,control
ORD-001289,2023-08-13,CUST-00214,cust-00214@lumenmail.com,Lighting,2,79.82,0.15,Paid Search,US,variant
ORD-003106,2024-04-24,CUST-01421,cust-01421@lumenmail.com,Lighting,1,53.03,0.0,Paid Search,US,control
ORD-008246,2024-08-30,CUST-00059,cust-00059@lumenmail.com,Décor,4,72.94,0.05,Paid Search,UK,control
ORD-007753,06/09/2023,CUST-02108,cust-02108@lumenmail.com,Outdoor,4,65.98,0.0,Organic,US,
ORD-004491,2024-04-17,,guest@lumenmail.com,Furniture,1,136.81,0.25,Paid Search,US,
ORD-007180,2023-11-06,CUST-00401,cust-00401@lumenmail.com,Furniture,4,42.55,0.15,Social,UK,control
ORD-001802,2024-12-05,CUST-01543,cust-01543@lumenmail.com,Outdoor,1,94.7,0.15,,US,
ORD-006162,2023-10-11,CUST-00107,cust-00107@lumenmail.com,Lighting,1,133.23,0.0,Email,US,
ORD-002074,2023-11-28,CUST-00561,cust-00561@lumenmail.com,Lighting,2,225.23,25.0,Email,US,variant
ORD-007769,2023-10-22,CUST-02578,cust-02578@lumenmail.com,Furniture,1,40.62,0.0,Organic,US,control
ORD-002362,2023-06-10,CUST-00692,cust-00692@lumenmail.com,Décor,1,49.74,0.05,Organic,UK,variant
ORD-006130,,CUST-00572,cust-00572@lumenmail.com,Lighting,1,15.79,0.25,Organic,UK,control
ORD-004707,2023-10-03,CUST-00067,cust-00067@lumenmail.com,Furniture,1,12.9,15.0,Paid Search,CA,
ORD-002991,2024-01-08,CUST-02704,cust-02704@lumenmail.com,Lighting,7,60.24,0.0,Organic,US,
ORD-006288,2024-06-19,,guest@lumenmail.com,Décor,2,39.99,0.05,Social,US,variant
ORD-008187,2024-01-13,CUST-02171,cust-02171@lumenmail.com,Lighting,3,52.96,5.0,Paid Search,US,
ORD-003181,25/09/2023,CUST-01894,cust-01894@lumenmail.com,Lighting,3,185.31,0.05,Social,US,control
ORD-001058,30/06/2024,CUST-01658,cust-01658@lumenmail.com,Lighting,5,97.06,0.05,Email,US,control
ORD-008702,2023-09-04,CUST-01784,cust-01784@lumenmail.com,Lighting,2,257.85,0.15,Paid Search,US,
ORD-005837,13/08/2023,CUST-01659,cust-01659@lumenmail.com,Furniture,2,576.94,0.15,Email,US,
ORD-004569,2024-05-04,CUST-01487,cust-01487@lumenmail.com,Furniture,6,10.64,0.2,Paid Search,US,control
ORD-004143,2023-06-16,CUST-02259,cust-02259@lumenmail.com,Lighting,3,99.4,0.0,Social,US,control
ORD-009056,2023-09-03,CUST-02341,cust-02341@lumenmail.com,Décor,1,15.82,0.0,Email,US,control
ORD-000456,2023-07-02,CUST-01149,cust-01149@lumenmail.com,Décor,2,139.86,0.0,Social,US,variant
ORD-002136,2024-12-05,CUST-00041,cust-00041@lumenmail.com,Décor,1,33.38,5.0,Paid Search,AU,
ORD-003723,2023-09-20,CUST-00395,cust-00395@lumenmail.com,Furniture,4,42.07,0.2,Paid Search,US,control
ORD-001875,26/05/2024,CUST-02737,cust-02737@lumenmail.com,Décor,2,267.94,0.05,Email,CA,
ORD-009454,14/04/2024,CUST-01898,cust-01898@lumenmail.com,Outdoor,4,22.5,0.1,Paid Search,AU,variant
ORD-007442,2023-09-25,CUST-01096,cust-01096@lumenmail.com,Lighting,2,287.73,0.0,Paid Search,US,
ORD-002680,2024-01-02,CUST-02005,cust-02005@lumenmail.com,Furniture,2,87.13,0.0,Email,US,
ORD-009382,2024-09-24,CUST-02655,cust-02655@lumenmail.com,Lighting,1,41.18,0.05,Email,UK,variant
ORD-000371,09/04/2024,CUST-00883,cust-00883@lumenmail.com,Lightng,2,313.16,0.0,Paid Search,US,
ORD-000950,2023-11-03,CUST-00726,cust-00726@lumenmail.com,Accessories,1,232.82,0.05,Social,US,control
ORD-002476,25/09/2023,CUST-01403,cust-01403@lumenmail.com,Décor,1,240.61,0.0,Paid Search,US,
ORD-003273,2024-10-17,CUST-02680,cust-02680@lumenmail.com,Outdoor,2,696.56,0.0,Organic,CA,control
ORD-006518,2024-06-28,CUST-00038,cust-00038@lumenmail.com,Furniture,2,49.78,0.1,Paid Search,US,variant
ORD-001721,2024-06-10,CUST-02602,cust-02602@lumenmail.com,Lighting,3,122.57,0.0,Social,US,variant
ORD-008139,2024-06-18,CUST-02067,cust-02067@lumenmail.com,Furniture,3,164.01,0.0,Email,CA,
ORD-000436,2024-01-26,CUST-00221,cust-00221@lumenmail.com,Décor,1,373.93,0.1,Social,US,variant
ORD-004285,2024-08-08,CUST-01489,cust-01489@lumenmail.com,Décor,3,74.89,0.0,Organic,US,variant
ORD-006093,2024-08-31,CUST-02771,cust-02771@lumenmail.com,Lighting,2,166.97,0.0,Organic,US,
ORD-003740,2024-02-27,CUST-01538,cust-01538@lumenmail.com,Lighting,2,77.73,0.05,Organic,US,variant
ORD-000996,2023-07-09,,guest@lumenmail.com,Furniture,6,49.03,0.1,Paid Search,CA,variant
ORD-009578,11/11/2024,CUST-02314,cust-02314@lumenmail.com,Décor,1,88.74,0.05,Social,US,control
ORD-002695,2023-12-31,CUST-01424,cust-01424@lumenmail.com,Furniture,2,74.97,0.0,Email,AU,control
ORD-002016,2024-11-13,CUST-02680,cust-02680@lumenmail.com,Lighting,1,75.83,0.05,Paid Search,US,variant
ORD-007486,2024-03-01,CUST-00262,cust-00262@lumenmail.com,Lighting,2,13.47,0.0,Organic,US,variant
ORD-009587,2023-11-21,CUST-02820,cust-02820@lumenmail.com,Décor,-1,44.23,0.0,Paid Search,US,control
ORD-002965,2023-07-09,CUST-02595,cust-02595@lumenmail.com,Lighting,7,140.62,0.15,Email,CA,
ORD-002057,2023-11-30,,guest@lumenmail.com,Décor,2,144.78,0.2,Organic,US,control
ORD-007868,2024-04-12,CUST-02554,cust-02554@lumenmail.com,Furniture,2,91.94,0.1,Organic,US,control
ORD-001931,2024-02-26,CUST-01577,cust-01577@lumenmail.com,Décor,1,23.96,0.0,Social,US,control
ORD-000830,2024-11-11,CUST-02804,cust-02804@lumenmail.com,Outdoor,2,0.0,0.0,Email,US,
ORD-004721,10/06/2023,CUST-00665,cust-00665@lumenmail.com,Lighting,1,111.48,0.15,Paid Search,US,variant
ORD-005210,2024-03-23,CUST-00422,cust-00422@lumenmail.com,Décor,1,186.23,0.0,Organic,US,variant
ORD-006495,2024-08-29,CUST-01048,cust-01048@lumenmail.com,lighting,1,228.06,0.2,Email,US,variant
ORD-002846,2024-04-10,CUST-02492,cust-02492@lumenmail.com,Lighting,3,33.48,0.0,Paid Search,US,
ORD-003051,24/08/2023,CUST-02912,cust-02912@lumenmail.com,Décor,4,20.99,0.0,Organic,AU,control
ORD-002974,2024-01-31,CUST-02657,cust-02657@lumenmail.com,Lighting,6,169.9,0.05,Email,CA,variant
ORD-002662,2023-12-15,CUST-02937,cust-02937@lumenmail.com,Outdoor,1,188.98,0.0,Social,CA,
ORD-007703,2024-12-09,CUST-01884,cust-01884@lumenmail.com,Lighting,5,52.83,0.05,Social,ZZ,variant
ORD-002006,2024-07-26,CUST-00397,cust-00397@lumenmail.com,Lighting,3,26.43,0.0,Paid Search,US,
ORD-003662,2024-11-28,CUST-02199,cust-02199@lumenmail.com,Décor,3,193.57,0.25,Paid Search,CA,
ORD-003598,2024-03-06,CUST-02324,cust-02324@lumenmail.com,Furniture,2,141.65,0.0,Email,CA,
ORD-004660,2024-12-30,CUST-02283,cust-02283@lumenmail.com,Lighting,1,570.01,0.0,Paid Search,ZZ,variant
ORD-008049,2023-12-11,CUST-02428,cust-02428@lumenmail.com,Outdoor,4,150.37,5.0,Email,US,
ORD-009205,2024-10-30,CUST-02514,cust-02514@lumenmail.com,Lighting,1,35.48,0.0,Paid Search,UK,control
ORD-002916,2024-05-31,CUST-00799,cust-00799@lumenmail.com,Décor,2,117.84,0.0,Email,US,control
ORD-005983,2024-08-07,CUST-00759,cust-00759@lumenmail.com,Lighting,1,21.12,0.15,Email,US,variant
ORD-005537,2024-03-04,CUST-02801,cust-02801@lumenmail.com,Lighting,1,44.89,0.0,Paid Search,UK,control
ORD-004031,02/08/2023,CUST-02032,cust-02032@lumenmail.com,Décor,4,11.9,0.0,Organic,US,control
ORD-007932,2024-04-17,CUST-00347,cust-00347@lumenmail.com,Furniture,1,342.82,0.05,Paid Search,US,
ORD-001414,2023-09-04,CUST-02567,cust-02567@lumenmail.com,Décor,1,31.45,0.1,Email,US,
ORD-004757,06/04/2024,CUST-02398,cust-02398@lumenmail.com,Décor,3,9.24,5.0,Email,CA,variant
ORD-003437,2024-01-12,,guest@lumenmail.com,Lighting,-1,78.82,0.05,Organic,US,
ORD-007292,2023-06-17,CUST-02696,cust-02696@lumenmail.com,Furniture,4,81.19,0.2,Paid Search,US,control
ORD-008128,2024-11-13,,guest@lumenmail.com,Décor,2,16.45,0.0,Social,US,control
ORD-005639,2024-09-17,CUST-01473,cust-01473@lumenmail.com,Décor,2,643.94,0.1,Organic,US,variant
ORD-006423,2023-09-26,CUST-00438,cust-00438@lumenmail.com,Lighting,2,681.66,0.1,Email,US,control
ORD-008594,2024-12-11,CUST-00494,cust-00494@lumenmail.com,Lighting,2,77.42,0.0,Organic,US,control
ORD-007597,2023-06-28,CUST-02633,cust-02633@lumenmail.com,Furniture,2,74.75,0.1,Email,US,
ORD-003551,2023-09-27,CUST-01420,cust-01420@lumenmail.com,Lighting,5,90.48,0.1,Email,UK,
ORD-006595,2024-04-21,,guest@lumenmail.com,Furniture,1,30.23,0.1,Organic,US,
ORD-009594,2024-12-25,CUST-02604,cust-02604@lumenmail.com,Outdoor,1,364.2,0.15,Paid Search,ZZ,variant
ORD-002262,2024-07-04,CUST-00752,cust-00752@lumenmail.com,Lighting,1,32.91,0.05,Paid Search,US,
ORD-001945,2024-10-25,CUST-01008,cust-01008@lumenmail.com,Accessories,1,9.9,0.1,Paid Search,CA,
ORD-007663,2024-09-19,CUST-02684,cust-02684@lumenmail.com,Décor,1,81.73,0.0,Paid Search,US,control
ORD-008942,10/06/2023,CUST-02584,cust-02584@lumenmail.com,Lighting,-1,26.54,0.0,Email,UK,
ORD-007389,2023-09-22,CUST-01018,cust-01018@lumenmail.com,Décor,1,48.89,0.1,Email,US,variant
ORD-002805,2024-11-01,CUST-02073,cust-02073@lumenmail.com,Lighting,1,71.67,0.0,Paid Search,AU,control
ORD-000575,2023-12-13,CUST-02211,cust-02211@lumenmail.com,Lighting,3,35.58,0.0,Paid Search,CA,
ORD-006332,2023-08-27,CUST-02134,cust-02134@lumenmail.com,Lighting,2,22.95,0.0,Organic,US,variant
ORD-002548,2024-07-22,CUST-00682,cust-00682@lumenmail.com,Accessories,1,26.92,0.2,Organic,US,
ORD-003499,18/07/2023,CUST-01594,cust-01594@lumenmail.com,Lighting,-2,28.78,0.1,Organic,ZZ,
ORD-004130,2024-01-11,CUST-02629,cust-02629@lumenmail.com,Décor,1,84.09,0.05,Paid Search,US,
ORD-005025,2024-07-29,CUST-00073,cust-00073@lumenmail.com,Furniture,5,74.53,0.15,Organic,US,variant
ORD-006024,2024-05-25,CUST-00039,cust-00039@lumenmail.com,Lighting,3,68.05,0.2,Email,US,
ORD-008194,2024-11-14,CUST-00428,cust-00428@lumenmail.com,Lighting,1,88.64,0.0,Email,US,control
ORD-008964,2024-01-05,CUST-02619,cust-02619@lumenmail.com,Lighting,3,52.59,0.05,Paid Search,UK,
ORD-004609,2024-04-27,CUST-01903,cust-01903@lumenmail.com,Outdoor,1,11.34,0.05,Paid Search,CA,
ORD-007994,2024-11-17,,guest@lumenmail.com,Accessories,2,754.88,0.0,Paid Search,US,control
ORD-008242,2023-11-14,CUST-02973,cust-02973@lumenmail.com,Lighting,2,89.44,0.0,Paid Search,US,variant
ORD-006604,11/04/2024,CUST-00922,cust-00922@lumenmail.com,Accessories,2,30.76,0.0,Paid Search,CA,variant
ORD-006907,2023-08-29,CUST-02456,cust-02456@lumenmail.com,Outdoor,1,0.0,0.0,Social,CA,control
ORD-007034,2023-10-10,CUST-01464,cust-01464@lumenmail.com,Lighting,5,191.24,0.2,Email,US,
ORD-006764,2024-04-30,CUST-01464,cust-01464@lumenmail.com,Lighting,7,8.47,0.0,Paid Search,UK,control
ORD-008075,2024-08-23,CUST-00003,cust-00003@lumenmail.com,Décor,1,75.2,0.05,Paid Search,US,control
ORD-003455,2023-09-29,CUST-01211,cust-01211@lumenmail.com,Lighting,1,36.38,0.2,Organic,US,variant
ORD-008633,2024-03-18,CUST-02846,cust-02846@lumenmail.com,Décor,1,66.15,0.15,Paid Search,US,
ORD-000454,2024-02-28,CUST-00360,cust-00360@lumenmail.com,Accessories,1,316.17,0.0,Organic,US,
ORD-005085,2023-08-04,CUST-00108,cust-00108@lumenmail.com,Furniture,2,47.04,0.0,Paid Search,UK,
ORD-005413,2023-12-03,CUST-01466,cust-01466@lumenmail.com,Décor,2,47.9,0.0,Organic,US,
ORD-004121,2024-03-05,CUST-00789,cust-00789@lumenmail.com,Décor,1,309.72,0.0,Paid Search,US,variant
ORD-005211,2024-12-23,CUST-00275,cust-00275@lumenmail.com,Accessories,1,59.53,0.15,Paid Search,US,control
ORD-004404,2023-08-04,CUST-02529,cust-02529@lumenmail.com,Outdoor,4,109.74,0.2,Social,CA,
ORD-002116,2024-05-08,CUST-01616,cust-01616@lumenmail.com,Furniture,1,674.92,0.05,Social,US,
ORD-004439,2023-08-28,CUST-01078,cust-01078@lumenmail.com,Outdoor,2,319.51,0.0,Email,CA,
ORD-007832,2023-12-03,CUST-00544,cust-00544@lumenmail.com,Lighting,2,43.8,0.1,Paid Search,US,
ORD-009408,2023-07-16,CUST-01218,cust-01218@lumenmail.com,Outdoor,2,543.23,0.0,Paid Search,US,control
ORD-001286,03/02/2024,CUST-01094,cust-01094@lumenmail.com,Accessories,1,82.91,0.0,Organic,US,
ORD-001848,2024-01-11,CUST-02012,cust-02012@lumenmail.com,Décor,4,75.38,0.0,Paid Search,ZZ,variant
ORD-008254,2023-10-24,CUST-01291,cust-01291@lumenmail.com,Lighting,1,165.23,0.0,Paid Search,US,
ORD-000999,2024-08-26,CUST-02855,cust-02855@lumenmail.com,Lighting,4,40.06,0.25,Organic,US,variant
ORD-001442,2024-07-16,CUST-02126,cust-02126@lumenmail.com,Accessories,2,116.83,0.0,Social,UK,control
ORD-009515,2024-01-10,CUST-01896,cust-01896@lumenmail.com,Décor,4,13.5,0.0,Paid Search,US,
ORD-002209,2023-12-28,CUST-02252,cust-02252@lumenmail.com,Décor,1,75.92,0.1,Social,US,variant
ORD-009361,2024-08-12,,guest@lumenmail.com,Furniture,1,85.46,0.2,Paid Search,US,variant
ORD-000786,2024-01-17,CUST-02197,cust-02197@lumenmail.com,Décor,2,30.21,0.1,Organic,US,control
ORD-008960,01/09/2024,CUST-01338,cust-01338@lumenmail.com,Décor,1,22.15,0.05,Organic,US,control
ORD-005373,2024-12-12,CUST-01121,cust-01121@lumenmail.com,Furniture,7,196.2,0.05,Email,US,control
ORD-008820,09/10/2023,CUST-01254,cust-01254@lumenmail.com,Furniture,1,88.94,0.0,Social,US,variant
ORD-000910,2024-09-25,CUST-00118,cust-00118@lumenmail.com,Furniture,2,144.84,0.0,,CA,control
ORD-006201,2023-10-23,CUST-00040,cust-00040@lumenmail.com,Accessories,1,539.2,0.1,Email,CA,
ORD-003529,2024-06-25,CUST-01355,cust-01355@lumenmail.com,lighting,3,43.72,0.15,Paid Search,US,
ORD-005887,2023-12-07,CUST-01837,cust-01837@lumenmail.com,Lightng,4,245.95,0.0,Paid Search,US,
ORD-000361,2024-12-29,CUST-00745,cust-00745@lumenmail.com,Outdoor,4,101.64,0.0,Organic,UK,control
ORD-008186,2024-01-04,CUST-01012,cust-01012@lumenmail.com,Lighting,2,339.01,0.0,Email,US,variant
ORD-000775,2024-10-17,CUST-00305,cust-00305@lumenmail.com,lighting,1,20.17,0.25,Social,US,control
ORD-004239,2023-09-02,CUST-00071,cust-00071@lumenmail.com,Lighting,5,149.47,0.0,Social,US,
ORD-005515,2023-12-02,CUST-02052,cust-02052@lumenmail.com,Décor,2,71.49,0.0,Email,US,control
ORD-005607,10/09/2024,CUST-00863,cust-00863@lumenmail.com,Outdoor,2,53.96,0.0,Email,CA,
ORD-001468,2024-11-18,CUST-00803,cust-00803@lumenmail.com,Furniture,2,0.0,0.15,Organic,UK,control
ORD-006535,2024-06-09,CUST-02511,cust-02511@lumenmail.com,Lighting,1,92.04,0.0,Email,US,variant
ORD-004617,2023-09-25,CUST-02985,cust-02985@lumenmail.com,Décor,1,226.56,5.0,Paid Search,US,variant
ORD-006188,2024-06-02,CUST-00456,cust-00456@lumenmail.com,Décor,1,148.06,0.05,Organic,ZZ,
ORD-007263,29/12/2024,CUST-01987,cust-01987@lumenmail.com,Lighting,2,94.39,0.0,Email,US,
ORD-001967,2024-10-17,CUST-01281,cust-01281@lumenmail.com,Décor,2,65.85,0.0,Paid Search,CA,control
ORD-006895,2023-09-17,CUST-01812,cust-01812@lumenmail.com,Outdoor,1,559.2,0.0,Paid Search,US,
ORD-007827,11/10/2024,CUST-01180,cust-01180@lumenmail.com,Accessories,2,80.31,0.05,Paid Search,CA,
ORD-007615,2023-09-16,CUST-00057,cust-00057@lumenmail.com,Furniture,1,77.0,0.0,Social,US,control
ORD-007332,2024-09-02,CUST-01606,cust-01606@lumenmail.com,Décor,1,248.09,0.15,Email,CA,
ORD-007725,2023-07-26,CUST-02821,cust-02821@lumenmail.com,Décor,1,163.87,0.2,Email,US,variant
ORD-007431,2024-10-09,CUST-02205,cust-02205@lumenmail.com,Décor,1,56.51,0.0,Email,US,variant
ORD-006526,20/11/2023,CUST-01341,cust-01341@lumenmail.com,Furniture,1,9.46,0.0,Paid Search,US,
ORD-006285,,CUST-02529,cust-02529@lumenmail.com,Lighting,3,95.23,0.05,Paid Search,US,
ORD-009276,2024-11-10,CUST-00180,cust-00180@lumenmail.com,Outdoor,2,152.13,0.0,Email,US,
ORD-005376,2023-11-23,CUST-00808,cust-00808@lumenmail.com,Outdoor,2,27.15,0.0,Organic,US,variant
ORD-008751,2023-06-03,CUST-01112,cust-01112@lumenmail.com,Lighting,1,47.83,0.05,Email,US,control
ORD-009339,2023-06-06,CUST-00965,cust-00965@lumenmail.com,Décor,2,492.22,0.0,Paid Search,US,
ORD-005377,2023-07-28,CUST-01678,cust-01678@lumenmail.com,Furniture,1,23.65,0.0,,US,control
ORD-003697,2023-07-24,CUST-01675,cust-01675@lumenmail.com,Lighting,2,31.13,0.0,Organic,UK,variant
ORD-005841,2024-10-26,,guest@lumenmail.com,Outdoor,1,726.52,0.1,Email,US,
ORD-001593,2023-07-05,CUST-01436,cust-01436@lumenmail.com,Lighting,4,161.88,0.05,,UK,control
ORD-003702,2024-06-11,CUST-01105,cust-01105@lumenmail.com,Décor,3,33.19,0.15,Email,US,variant
ORD-002164,2024-11-20,CUST-00367,cust-00367@lumenmail.com,Lighting,1,135.03,0.0,Paid Search,UK,
ORD-009261,,CUST-02366,cust-02366@lumenmail.com,Lighting,2,44.35,0.1,Paid Search,US,
ORD-007735,2024-05-03,CUST-02855,cust-02855@lumenmail.com,Lighting,1,56.25,0.05,Email,CA,variant
ORD-004830,2024-08-19,,guest@lumenmail.com,Décor,1,22.83,0.1,Email,CA,
ORD-001791,2024-02-29,CUST-02521,cust-02521@lumenmail.com,Lighting,2,568.6,0.1,Organic,CA,
ORD-001123,2024-01-01,CUST-00708,cust-00708@lumenmail.com,lighting,1,231.33,0.1,Paid Search,CA,
ORD-002232,30/12/2024,,guest@lumenmail.com,Lighting,5,34.83,0.0,Email,US,
ORD-005105,2023-12-03,CUST-00031,cust-00031@lumenmail.com,Furniture,3,32.9,0.0,Paid Search,US,variant
ORD-006647,05/02/2024,CUST-02943,cust-02943@lumenmail.com,Lightng,1,173.03,0.05,Email,UK,
ORD-000171,2024-05-08,CUST-01017,cust-01017@lumenmail.com,Décor,1,156.35,0.05,Paid Search,US,control
ORD-008991,2023-07-09,CUST-01402,cust-01402@lumenmail.com,Accessories,1,448.12,0.1,Social,UK,
ORD-008906,2024-04-11,CUST-02090,cust-02090@lumenmail.com,Accessories,6,221.32,0.0,Social,AU,variant
ORD-001425,2024-02-02,CUST-01705,cust-01705@lumenmail.com,Décor,1,378.85,0.05,Organic,US,
ORD-004607,2023-10-05,CUST-01442,cust-01442@lumenmail.com,Outdoor,2,372.46,0.05,Organic,CA,variant
ORD-003157,30/08/2023,CUST-02866,cust-02866@lumenmail.com,Lighting,2,214.62,0.0,Paid Search,US,
ORD-002440,2023-12-12,CUST-02996,cust-02996@lumenmail.com,Outdoor,2,193.11,0.25,Paid Search,CA,
ORD-007962,2024-01-18,CUST-00001,cust-00001@lumenmail.com,Décor,1,49.89,0.0,,AU,variant
ORD-000038,2024-05-29,CUST-02574,cust-02574@lumenmail.com,Outdoor,1,370.19,0.0,Social,CA,variant
ORD-006546,2023-12-01,CUST-01203,cust-01203@lumenmail.com,Furniture,2,175.98,0.05,Organic,US,
ORD-001361,2024-04-18,CUST-00798,cust-00798@lumenmail.com,Lighting,1,171.23,0.0,Organic,US,control
ORD-002587,2024-09-23,CUST-01132,cust-01132@lumenmail.com,Lighting,3,45.29,0.25,Paid Search,CA,
ORD-005706,2024-10-01,CUST-00212,cust-00212@lumenmail.com,Furniture,1,24.86,0.0,Email,UK,variant
ORD-003026,2023-07-05,CUST-02558,cust-02558@lumenmail.com,Lighting,5,81.52,0.1,Organic,US,variant
ORD-003800,04/11/2023,CUST-00524,cust-00524@lumenmail.com,Lighting,1,94.75,0.1,Email,US,variant
ORD-004104,2024-06-10,CUST-02770,cust-02770@lumenmail.com,Outdoor,1,32.96,0.0,Email,US,variant
ORD-001581,19/04/2024,CUST-00408,cust-00408@lumenmail.com,Furniture,-2,49.39,0.1,Email,US,variant
ORD-008445,2023-10-28,CUST-02151,cust-02151@lumenmail.com,Lighting,4,71.81,0.15,Organic,US,control
ORD-005265,2023-12-27,CUST-01096,cust-01096@lumenmail.com,Lighting,4,115.56,0.05,Paid Search,CA,variant
ORD-004750,2024-06-24,CUST-02442,cust-02442@lumenmail.com,Décor,1,289.55,0.0,Paid Search,US,
ORD-003605,2024-09-30,,guest@lumenmail.com,Furniture,1,381.53,0.2,Paid Search,US,
ORD-009228,,CUST-00294,cust-00294@lumenmail.com,Lighting,2,184.07,0.2,Organic,US,
ORD-001813,2023-10-14,CUST-00352,cust-00352@lumenmail.com,Décor,1,269.39,0.0,Email,US,
ORD-002650,2024-05-13,CUST-00418,cust-00418@lumenmail.com,Outdoor,2,217.95,0.2,Organic,UK,control
ORD-006356,2023-08-11,CUST-00263,cust-00263@lumenmail.com,Décor,7,99.77,0.0,Paid Search,AU,variant
ORD-002417,2024-06-27,CUST-01479,cust-01479@lumenmail.com,Outdoor,2,49.17,0.15,Paid Search,US,
ORD-009348,2024-02-11,CUST-00103,cust-00103@lumenmail.com,Décor,3,73.49,0.0,Paid Search,UK,control
ORD-000983,2024-12-26,CUST-00866,cust-00866@lumenmail.com,lighting,1,67.9,0.2,Email,US,
ORD-008385,2024-10-16,,guest@lumenmail.com,Outdoor,1,174.84,0.2,Email,UK,variant
ORD-000832,02/09/2023,CUST-01081,cust-01081@lumenmail.com,Furniture,3,25.97,0.1,Paid Search,US,
ORD-002865,2023-08-19,CUST-00249,cust-00249@lumenmail.com,Lighting,1,16.66,0.0,Paid Search,US,variant
ORD-009305,2024-06-05,CUST-01839,cust-01839@lumenmail.com,Lighting,2,10.94,0.15,Social,UK,variant
ORD-004095,2024-08-31,CUST-02215,cust-02215@lumenmail.com,Décor,2,698.45,0.05,Paid Search,US,
ORD-002129,2023-06-29,CUST-00203,cust-00203@lumenmail.com,Lighting,2,43.29,0.2,Paid Search,US,control
ORD-008568,2023-09-14,,guest@lumenmail.com,Lighting,1,93.62,0.0,Email,CA,
ORD-008900,2023-08-24,CUST-00418,cust-00418@lumenmail.com,Décor,1,83.53,0.0,Email,US,control
ORD-007099,2024-08-08,CUST-01909,cust-01909@lumenmail.com,Accessories,1,87.65,0.0,Paid Search,CA,
ORD-001970,23/02/2024,CUST-01013,cust-01013@lumenmail.com,Décor,1,7.23,0.0,,CA,
ORD-003203,2023-09-01,CUST-00556,cust-00556@lumenmail.com,Décor,2,64.52,15.0,Paid Search,US,control
ORD-005278,2023-08-20,,guest@lumenmail.com,Accessories,1,337.34,0.2,Email,AU,variant
ORD-000488,2023-10-12,,guest@lumenmail.com,Lighting,1,93.26,0.0,Organic,UK,variant
ORD-008600,2024-05-08,CUST-02679,cust-02679@lumenmail.com,Décor,2,11.71,0.1,Paid Search,US,control
ORD-002929,02/10/2023,CUST-00282,cust-00282@lumenmail.com,Décor,2,186.27,0.25,Social,CA,control
ORD-004296,2024-02-09,,guest@lumenmail.com,Décor,5,33.26,0.0,Email,UK,control
ORD-000147,2023-08-29,CUST-00913,cust-00913@lumenmail.com,Décor,2,91.25,0.05,Paid Search,US,
ORD-005874,2024-02-01,CUST-02064,cust-02064@lumenmail.com,Accessories,2,63.7,0.0,Paid Search,UK,control
ORD-003941,2024-11-01,CUST-00699,cust-00699@lumenmail.com,Décor,2,102.61,0.05,Organic,US,
ORD-003854,2024-09-14,CUST-00610,cust-00610@lumenmail.com,Lighting,1,99.14,0.1,Paid Search,CA,control
ORD-004144,2023-10-10,CUST-01072,cust-01072@lumenmail.com,Lighting,2,60.64,0.05,Paid Search,US,
ORD-009104,2023-07-23,CUST-02169,cust-02169@lumenmail.com,Lighting,4,99.41,0.05,Email,CA,variant
ORD-002751,2023-11-28,CUST-01882,cust-01882@lumenmail.com,Décor,2,7.64,0.0,Paid Search,US,variant
ORD-004837,2023-12-11,CUST-00165,cust-00165@lumenmail.com,Décor,1,252.48,0.25,Social,CA,
ORD-000536,2023-07-10,,guest@lumenmail.com,Furniture,6,622.6,0.0,Paid Search,UK,variant
ORD-003663,2023-10-12,CUST-00142,cust-00142@lumenmail.com,Furniture,5,325.97,0.0,Email,US,variant
ORD-003981,2023-07-16,CUST-02979,cust-02979@lumenmail.com,Outdoor,1,493.56,0.0,Organic,US,
ORD-000571,2023-06-13,CUST-02343,cust-02343@lumenmail.com,Décor,5,5.82,0.15,Social,US,
ORD-006406,2023-10-11,CUST-00041,cust-00041@lumenmail.com,Lighting,4,303.74,0.0,Organic,CA,control
ORD-002344,2023-10-21,CUST-02722,cust-02722@lumenmail.com,Furniture,1,96.14,0.0,Organic,CA,
ORD-009237,2023-10-11,CUST-01362,cust-01362@lumenmail.com,Outdoor,5,265.67,0.0,Social,US,control
ORD-004348,2024-01-23,CUST-02105,cust-02105@lumenmail.com,Lighting,1,61.7,0.0,Email,US,
ORD-005233,2024-03-05,CUST-01131,cust-01131@lumenmail.com,Lighting,2,320.0,0.05,Email,CA,control
ORD-002299,2024-03-07,CUST-01841,cust-01841@lumenmail.com,Lighting,2,43.11,0.0,Paid Search,CA,variant
ORD-004548,2024-06-19,CUST-01939,cust-01939@lumenmail.com,Furniture,2,460.93,0.0,Paid Search,US,control
ORD-000834,2023-08-03,CUST-00001,cust-00001@lumenmail.com,Lighting,1,352.95,0.1,Social,CA,
ORD-009548,2023-06-20,CUST-00663,cust-00663@lumenmail.com,Lighting,4,490.14,0.0,Paid Search,US,control
ORD-001986,2024-02-01,CUST-02138,cust-02138@lumenmail.com,Furniture,1,342.93,0.1,Paid Search,US,variant
ORD-001016,2023-07-07,,guest@lumenmail.com,Lighting,6,39.77,0.15,,US,control
ORD-008788,2024-02-22,CUST-01924,cust-01924@lumenmail.com,Lighting,2,25.42,0.15,Email,US,
ORD-007356,17/08/2023,CUST-02653,cust-02653@lumenmail.com,Lightng,1,33.97,0.0,Social,AU,variant
ORD-000247,2024-12-01,CUST-00486,cust-00486@lumenmail.com,Furniture,1,94.86,0.05,Paid Search,US,variant
ORD-002246,2024-07-06,CUST-00704,cust-00704@lumenmail.com,Outdoor,4,36.99,0.1,Paid Search,US,variant
ORD-004557,2023-10-28,CUST-01271,cust-01271@lumenmail.com,Furniture,1,116.44,10.0,Email,UK,variant
ORD-002153,2023-11-20,CUST-01753,cust-01753@lumenmail.com,Accessories,2,190.76,0.25,Paid Search,CA,variant
ORD-005508,2024-07-12,CUST-00910,cust-00910@lumenmail.com,Lighting,1,134.05,0.0,Paid Search,US,variant
ORD-007675,2024-12-30,CUST-01213,cust-01213@lumenmail.com,Accessories,1,71.02,0.0,Paid Search,US,variant
ORD-006975,2024-05-13,CUST-02601,cust-02601@lumenmail.com,Outdoor,1,20.88,0.0,Organic,AU,variant
ORD-003567,2023-06-30,CUST-01363,cust-01363@lumenmail.com,Lighting,1,42.2,5.0,Social,AU,variant
ORD-009190,2023-07-19,CUST-01707,cust-01707@lumenmail.com,Lighting,3,15.4,0.25,Paid Search,US,
ORD-007182,2024-08-24,CUST-01787,cust-01787@lumenmail.com,Lighting,2,44.15,0.0,Paid Search,US,
ORD-003109,2024-06-09,CUST-01250,cust-01250@lumenmail.com,Décor,1,28.33,0.0,Social,AU,
ORD-007607,2024-01-20,CUST-00369,cust-00369@lumenmail.com,Décor,2,88.45,0.05,Organic,US,
ORD-005326,2024-01-08,CUST-02909,cust-02909@lumenmail.com,Outdoor,1,316.98,0.1,Paid Search,US,variant
ORD-002007,2024-12-30,CUST-01206,cust-01206@lumenmail.com,Lighting,1,626.3,0.0,Paid Search,US,variant
ORD-007138,2024-11-23,CUST-00025,cust-00025@lumenmail.com,Décor,1,299.34,0.05,Organic,US,variant
ORD-007681,2023-08-22,CUST-00344,cust-00344@lumenmail.com,Lighting,-2,6.23,0.2,Organic,US,control
ORD-009097,2023-08-24,,guest@lumenmail.com,Lighting,5,84.18,0.1,Paid Search,CA,
ORD-005527,2024-05-22,,guest@lumenmail.com,Lighting,1,25.12,0.05,Email,CA,variant
ORD-006992,2024-03-13,CUST-01920,cust-01920@lumenmail.com,Outdoor,1,66.45,0.1,Email,US,variant
ORD-005010,2024-10-05,CUST-01088,cust-01088@lumenmail.com,Lighting,3,79.6,0.0,Organic,US,
ORD-004934,2024-04-09,CUST-02667,cust-02667@lumenmail.com,Décor,1,52.06,0.0,Email,US,variant
ORD-004492,2023-12-07,CUST-02669,cust-02669@lumenmail.com,Furniture,3,84.86,0.2,Social,US,
ORD-003784,2024-06-07,CUST-02571,cust-02571@lumenmail.com,Décor,1,119.37,0.0,Paid Search,US,
ORD-006602,2024-06-21,CUST-01095,cust-01095@lumenmail.com,Lighting,2,170.13,0.05,Organic,AU,
ORD-003077,2024-02-29,CUST-01387,cust-01387@lumenmail.com,Outdoor,2,99.72,10.0,Social,AU,
ORD-007760,2024-03-17,CUST-00422,cust-00422@lumenmail.com,Outdoor,1,26.94,0.05,Paid Search,US,variant
ORD-002433,2023-06-24,CUST-01539,cust-01539@lumenmail.com,Furniture,2,185.45,0.0,Email,US,control
ORD-007033,2023-10-23,CUST-01653,cust-01653@lumenmail.com,Furniture,1,165.44,0.0,Email,US,
ORD-003774,2024-10-30,CUST-01507,cust-01507@lumenmail.com,Furniture,1,156.22,0.15,Organic,US,
ORD-000973,21/12/2024,,guest@lumenmail.com,Furniture,1,60.96,0.1,Organic,CA,
ORD-009016,2023-06-10,CUST-00146,cust-00146@lumenmail.com,Lighting,1,61.75,0.05,Paid Search,US,variant
ORD-007233,06/10/2023,CUST-01148,cust-01148@lumenmail.com,Lighting,1,603.92,0.0,Paid Search,UK,variant
ORD-004136,07/03/2024,CUST-01622,cust-01622@lumenmail.com,Décor,-1,239.7,0.05,Paid Search,US,
ORD-000504,2024-02-04,CUST-01047,cust-01047@lumenmail.com,Outdoor,1,34.9,0.05,Paid Search,US,variant
ORD-005845,2024-09-08,CUST-01911,cust-01911@lumenmail.com,Furniture,1,34.13,0.0,Organic,CA,control
ORD-001009,2024-10-11,CUST-00029,cust-00029@lumenmail.com,Lightng,1,92.74,0.1,Paid Search,AU,control
ORD-005659,2023-07-20,,guest@lumenmail.com,Furniture,2,145.27,0.0,Paid Search,US,variant
ORD-007140,2024-08-03,CUST-02935,cust-02935@lumenmail.com,Furniture,1,222.52,0.05,Paid Search,UK,
ORD-000216,2024-04-13,CUST-01039,cust-01039@lumenmail.com,Furniture,1,6.69,0.15,Email,US,variant
ORD-007383,2024-01-07,CUST-01177,cust-01177@lumenmail.com,Accessories,1,197.53,0.0,Organic,US,control
ORD-003855,2024-11-13,CUST-01728,cust-01728@lumenmail.com,Lighting,3,262.44,0.0,Organic,CA,control
ORD-001091,2024-06-04,CUST-00116,cust-00116@lumenmail.com,Décor,1,0.0,0.2,Paid Search,US,
ORD-003988,2024-06-22,CUST-00614,cust-00614@lumenmail.com,Lighting,1,81.46,0.05,Organic,CA,
ORD-006222,2024-08-08,CUST-01179,cust-01179@lumenmail.com,Lighting,1,5.22,0.15,Email,US,
ORD-006506,2023-12-29,CUST-02145,cust-02145@lumenmail.com,Outdoor,4,38.93,0.0,Organic,US,control
ORD-007700,2024-06-22,CUST-02193,cust-02193@lumenmail.com,Furniture,2,30.24,0.05,Email,US,control
ORD-007173,2024-12-30,CUST-00911,cust-00911@lumenmail.com,Furniture,1,176.86,0.0,Email,US,
ORD-001446,2024-08-24,CUST-00728,cust-00728@lumenmail.com,Furniture,1,163.03,0.05,Organic,US,control
ORD-007147,2023-08-06,CUST-02144,cust-02144@lumenmail.com,Accessories,4,42.18,0.0,Email,AU,control
ORD-007030,2023-06-18,CUST-02012,cust-02012@lumenmail.com,Lighting,1,30.84,0.0,Organic,US,control
ORD-001094,,CUST-01874,cust-01874@lumenmail.com,Lighting,1,38.84,0.0,Organic,US,
ORD-004950,2024-11-05,CUST-00320,cust-00320@lumenmail.com,Décor,2,62.55,0.0,Organic,CA,variant
ORD-006824,2024-10-31,CUST-01882,cust-01882@lumenmail.com,Furniture,1,28.83,0.0,Social,UK,control
ORD-007938,2024-09-23,,guest@lumenmail.com,Outdoor,1,144.45,0.15,Organic,US,
ORD-005242,2023-11-05,CUST-02017,cust-02017@lumenmail.com,Décor,1,179.5,0.1,Email,US,variant
ORD-001725,2023-10-15,CUST-02147,cust-02147@lumenmail.com,Lighting,1,125.51,0.2,Paid Search,UK,control
ORD-007968,2024-03-28,CUST-01441,cust-01441@lumenmail.com,Décor,1,61.82,0.15,,US,
ORD-006933,2024-07-16,CUST-01646,cust-01646@lumenmail.com,Décor,2,381.75,0.05,Email,US,variant
ORD-005793,2024-06-21,CUST-00213,cust-00213@lumenmail.com,Lighting,-1,100.24,0.1,Paid Search,UK,control
ORD-005340,05/07/2024,CUST-00916,cust-00916@lumenmail.com,Décor,1,32.61,10.0,Email,US,
ORD-003146,2023-08-02,,guest@lumenmail.com,Décor,2,108.27,0.0,Paid Search,US,
ORD-007100,2024-01-05,,guest@lumenmail.com,Lighting,1,53.51,0.05,Email,US,
ORD-000641,29/11/2024,CUST-01523,cust-01523@lumenmail.com,Lighting,2,235.76,0.0,Organic,CA,
ORD-003857,2024-01-24,CUST-02666,cust-02666@lumenmail.com,Lighting,4,175.08,0.0,Social,UK,variant
ORD-001990,2024-01-19,CUST-00947,cust-00947@lumenmail.com,Décor,2,71.35,0.0,Social,UK,variant
ORD-006168,21/11/2024,CUST-01994,cust-01994@lumenmail.com,Outdoor,1,168.03,0.0,Email,US,
ORD-007800,2024-03-26,CUST-02994,cust-02994@lumenmail.com,Décor,2,128.37,20.0,Paid Search,US,
ORD-002790,2023-09-29,CUST-01891,cust-01891@lumenmail.com,Lighting,1,66.25,0.0,Email,US,control
ORD-006859,2023-12-30,CUST-00867,cust-00867@lumenmail.com,Furniture,2,38.1,0.0,Paid Search,US,
ORD-000310,2023-10-30,CUST-02226,cust-02226@lumenmail.com,Décor,1,150.67,0.15,Paid Search,CA,variant
ORD-006756,2023-06-12,CUST-00614,cust-00614@lumenmail.com,Furniture,4,99.97,0.15,Paid Search,US,variant
ORD-003457,2024-05-09,CUST-01973,cust-01973@lumenmail.com,Furniture,4,247.23,0.0,Email,US,
ORD-001047,2023-08-14,CUST-00701,cust-00701@lumenmail.com,Décor,3,78.75,0.2,Social,US,control
ORD-004596,2024-03-27,CUST-02914,cust-02914@lumenmail.com,Accessories,2,72.06,5.0,Paid Search,US,
ORD-005368,2024-06-18,CUST-02341,cust-02341@lumenmail.com,Lighting,1,25.8,0.0,Organic,US,
ORD-004222,2023-12-13,CUST-00038,cust-00038@lumenmail.com,Lighting,1,54.99,0.0,Paid Search,US,control
ORD-006939,2024-05-20,CUST-01747,cust-01747@lumenmail.com,Lighting,1,34.13,0.2,Organic,US,variant
ORD-009050,2024-01-08,CUST-02634,cust-02634@lumenmail.com,Furniture,1,78.25,0.0,Paid Search,CA,
ORD-003261,2024-08-15,CUST-00967,cust-00967@lumenmail.com,Furniture,1,74.65,0.0,Email,UK,control
ORD-001750,2024-05-26,,guest@lumenmail.com,Lighting,1,41.04,0.1,Email,US,variant
ORD-005814,2023-06-19,CUST-02977,cust-02977@lumenmail.com,Lighting,2,187.21,0.2,Paid Search,US,variant
ORD-003871,2023-12-21,CUST-00834,cust-00834@lumenmail.com,Décor,1,43.7,0.05,Organic,CA,
ORD-004264,,CUST-00919,cust-00919@lumenmail.com,Lighting,4,88.61,0.0,Social,CA,control
ORD-006557,2023-12-22,CUST-00844,cust-00844@lumenmail.com,Lighting,2,294.36,0.0,Paid Search,US,variant
ORD-007054,2023-08-13,CUST-02987,cust-02987@lumenmail.com,Accessories,5,495.63,0.15,Social,US,variant
ORD-000162,2024-03-30,CUST-01135,cust-01135@lumenmail.com,Lighting,2,13.81,0.0,Email,US,
ORD-005227,2023-12-11,CUST-01418,cust-01418@lumenmail.com,Furniture,2,267.9,0.05,Organic,US,
ORD-008718,2023-10-23,CUST-02376,cust-02376@lumenmail.com,Décor,3,38.38,0.05,Organic,US,
ORD-002528,2024-08-27,CUST-00815,cust-00815@lumenmail.com,Accessories,2,200.1,0.05,Paid Search,US,
ORD-008198,10/12/2024,CUST-01472,cust-01472@lumenmail.com,Furniture,5,37.73,0.0,Email,US,control
ORD-008236,2024-04-20,CUST-00945,cust-00945@lumenmail.com,Décor,2,138.5,0.15,Paid Search,US,variant
ORD-003228,2023-06-18,CUST-02769,cust-02769@lumenmail.com,Lighting,1,113.18,0.2,Paid Search,US,
ORD-000407,2024-12-29,CUST-00661,cust-00661@lumenmail.com,Décor,3,52.43,0.05,Paid Search,US,variant
ORD-007074,13/06/2024,CUST-01039,cust-01039@lumenmail.com,Furniture,1,31.32,0.0,Email,CA,control
ORD-008464,2024-04-15,CUST-02167,cust-02167@lumenmail.com,Furniture,2,338.39,0.1,Email,US,variant
ORD-002497,2024-05-28,CUST-00438,cust-00438@lumenmail.com,Furniture,2,222.17,0.0,Social,US,control
ORD-003524,2024-12-17,CUST-01634,cust-01634@lumenmail.com,Lighting,1,319.48,0.05,Paid Search,US,control
ORD-006185,2024-01-15,CUST-01893,cust-01893@lumenmail.com,Lighting,5,119.38,0.1,Email,US,control
ORD-000160,2023-07-30,CUST-02695,cust-02695@lumenmail.com,Décor,1,77.96,0.1,Paid Search,UK,
ORD-004824,2023-12-08,CUST-02840,cust-02840@lumenmail.com,Outdoor,2,54.86,0.0,Email,US,control
ORD-006522,2024-09-29,CUST-00158,cust-00158@lumenmail.com,Furniture,6,568.94,0.0,Paid Search,US,control
ORD-006631,2024-11-16,CUST-00100,cust-00100@lumenmail.com,Accessories,2,30.17,0.0,Email,US,variant
ORD-006343,2024-12-10,CUST-01797,cust-01797@lumenmail.com,Outdoor,2,56.69,0.05,Email,US,
ORD-004965,2024-06-16,CUST-01673,cust-01673@lumenmail.com,Accessories,2,6.65,0.0,Social,US,
ORD-007341,2024-10-26,CUST-02677,cust-02677@lumenmail.com,Décor,1,66.96,0.05,Paid Search,ZZ,
ORD-006816,2024-04-22,CUST-00341,cust-00341@lumenmail.com,Outdoor,3,84.04,0.0,Organic,UK,control
ORD-001109,01/09/2023,CUST-02477,cust-02477@lumenmail.com,Outdoor,3,202.13,0.2,Organic,UK,variant
ORD-002706,2024-03-22,CUST-01563,cust-01563@lumenmail.com,Outdoor,1,32.96,0.2,Organic,US,
ORD-005530,28/06/2023,CUST-02306,cust-02306@lumenmail.com,Outdoor,1,75.32,0.0,Organic,US,variant
ORD-000607,2023-10-01,CUST-02747,cust-02747@lumenmail.com,Lighting,1,419.16,0.0,Email,UK,control
ORD-007775,2023-12-23,CUST-02358,cust-02358@lumenmail.com,Décor,3,27.23,0.1,Organic,US,control
ORD-002266,2023-12-07,CUST-01973,cust-01973@lumenmail.com,Décor,1,267.48,0.0,,US,
ORD-001772,2023-12-04,CUST-01491,cust-01491@lumenmail.com,Furniture,3,73.34,0.0,Email,US,control
ORD-003969,2024-07-12,CUST-00577,cust-00577@lumenmail.com,Furniture,2,590.19,0.15,Social,US,control
ORD-000077,2024-08-25,CUST-01458,cust-01458@lumenmail.com,Lighting,2,7.29,0.0,Organic,UK,
ORD-009269,2024-03-17,CUST-01054,cust-01054@lumenmail.com,Décor,1,372.52,0.0,Organic,US,
ORD-007204,11/11/2023,CUST-01649,cust-01649@lumenmail.com,Décor,1,30.57,0.15,Organic,US,
ORD-000629,27/04/2024,CUST-00649,cust-00649@lumenmail.com,Lighting,3,57.3,0.0,Paid Search,CA,variant
ORD-003728,2024-02-17,CUST-00020,cust-00020@lumenmail.com,Outdoor,2,187.14,0.0,Paid Search,US,
ORD-000420,2024-12-02,CUST-01110,cust-01110@lumenmail.com,Furniture,-2,42.22,0.0,Paid Search,US,variant
ORD-008872,2023-06-14,CUST-02153,cust-02153@lumenmail.com,Lighting,2,195.33,0.1,Email,US,
ORD-005579,2023-12-17,CUST-00335,cust-00335@lumenmail.com,Décor,1,92.2,0.0,Social,US,
ORD-003756,10/07/2024,CUST-01056,cust-01056@lumenmail.com,Lighting,3,86.35,0.0,Paid Search,US,
ORD-009569,2023-07-31,CUST-01748,cust-01748@lumenmail.com,Lighting,3,93.54,0.0,Email,US,control
ORD-001487,2023-08-26,CUST-00600,cust-00600@lumenmail.com,Décor,1,83.43,0.15,Paid Search,US,
ORD-003066,02/04/2024,CUST-01896,cust-01896@lumenmail.com,Lighting,2,32.42,0.0,Email,US,
ORD-001104,2023-07-09,CUST-01804,cust-01804@lumenmail.com,Accessories,1,41.72,0.0,Paid Search,CA,variant
ORD-004400,2023-12-07,CUST-00511,cust-00511@lumenmail.com,Lighting,2,140.97,0.05,Paid Search,CA,
ORD-003465,03/08/2024,CUST-00239,cust-00239@lumenmail.com,Lighting,3,79.3,0.05,Email,UK,
ORD-004821,2024-03-08,CUST-01728,cust-01728@lumenmail.com,Décor,1,120.75,0.0,Email,UK,variant
ORD-008675,2024-03-27,CUST-02018,cust-02018@lumenmail.com,Furniture,2,93.77,0.1,Paid Search,US,
ORD-004749,2023-08-29,CUST-02690,cust-02690@lumenmail.com,Furniture,1,364.46,0.1,Paid Search,CA,
ORD-003517,2024-09-05,CUST-02796,cust-02796@lumenmail.com,Lighting,2,65.36,0.25,Paid Search,CA,
ORD-004017,2023-12-12,,guest@lumenmail.com,Furniture,4,29.46,0.0,Organic,AU,variant
ORD-009419,2023-11-14,CUST-01811,cust-01811@lumenmail.com,Lighting,1,46.06,0.1,Email,US,
ORD-002949,2023-08-02,CUST-01073,cust-01073@lumenmail.com,Lighting,1,9.03,0.0,Paid Search,CA,variant
ORD-001809,2024-07-23,CUST-01235,cust-01235@lumenmail.com,Lighting,5,96.26,0.25,Email,US,
ORD-006336,2024-02-20,CUST-01178,cust-01178@lumenmail.com,Furniture,1,80.56,0.0,Paid Search,US,control
ORD-008902,2023-11-04,CUST-00657,cust-00657@lumenmail.com,Furniture,5,64.36,0.15,Paid Search,CA,
ORD-007859,2023-06-16,,guest@lumenmail.com,Accessories,2,206.89,0.0,Social,US,control
ORD-008432,2023-10-22,CUST-02266,cust-02266@lumenmail.com,Furniture,2,70.64,0.25,Email,US,
ORD-005474,2023-10-23,CUST-01527,cust-01527@lumenmail.com,Furniture,-2,104.8,0.15,Paid Search,US,
ORD-004684,2024-09-12,,guest@lumenmail.com,Lighting,2,119.59,0.25,Paid Search,US,control
ORD-004085,2023-12-06,,guest@lumenmail.com,Lighting,1,57.53,0.25,Organic,US,variant
ORD-005119,2024-08-18,CUST-01860,cust-01860@lumenmail.com,Décor,6,159.58,0.0,Email,US,control
ORD-006825,2024-09-28,,guest@lumenmail.com,Décor,2,65.67,0.0,Social,US,
ORD-004325,2024-02-27,CUST-00529,cust-00529@lumenmail.com,Accessories,1,84.65,0.05,Organic,AU,control
ORD-002133,2024-09-11,CUST-00118,cust-00118@lumenmail.com,Lighting,1,48.66,0.15,Social,US,variant
ORD-003757,2024-05-18,CUST-01745,cust-01745@lumenmail.com,Outdoor,1,54.6,0.15,Email,US,
ORD-004768,2024-11-15,CUST-02946,cust-02946@lumenmail.com,Lighting,3,16.29,15.0,Paid Search,UK,
ORD-002521,2024-02-11,CUST-02291,cust-02291@lumenmail.com,Outdoor,-7,32.57,0.05,,UK,control
ORD-004804,2024-09-02,CUST-00228,cust-00228@lumenmail.com,Outdoor,1,91.73,0.05,Email,CA,
ORD-004323,2023-08-11,CUST-00789,cust-00789@lumenmail.com,Décor,1,16.31,0.15,Paid Search,CA,control
ORD-006984,2024-07-26,CUST-01396,cust-01396@lumenmail.com,Décor,4,31.68,0.0,Email,US,variant
ORD-001548,18/03/2024,CUST-02519,cust-02519@lumenmail.com,Outdoor,1,789.11,0.15,Paid Search,US,control
ORD-005929,2023-09-25,CUST-00189,cust-00189@lumenmail.com,Accessories,3,433.88,0.05,Organic,ZZ,
ORD-000651,2024-07-30,CUST-01173,cust-01173@lumenmail.com,Décor,2,347.27,0.15,Social,US,control
ORD-007167,2023-11-23,CUST-01021,cust-01021@lumenmail.com,Lighting,1,29.19,0.05,Social,US,control
ORD-007883,2024-02-09,CUST-01351,cust-01351@lumenmail.com,Lighting,5,402.11,0.0,Paid Search,US,control
ORD-008736,11/12/2023,CUST-01030,cust-01030@lumenmail.com,Lighting,2,93.79,0.0,Paid Search,CA,
ORD-001390,2023-12-29,CUST-00947,cust-00947@lumenmail.com,Décor,1,41.68,0.05,Email,UK,
ORD-001170,2024-07-26,CUST-01487,cust-01487@lumenmail.com,Lighting,2,64.21,0.0,Paid Search,US,variant
ORD-003979,2023-07-01,CUST-02541,cust-02541@lumenmail.com,Lighting,3,177.29,0.05,Paid Search,US,
ORD-001322,2023-10-01,CUST-01035,cust-01035@lumenmail.com,Furniture,1,136.64,0.15,Paid Search,US,variant
ORD-003371,2023-09-10,CUST-02445,cust-02445@lumenmail.com,Accessoires,2,36.39,0.05,Organic,UK,variant
ORD-001261,28/07/2024,CUST-02504,cust-02504@lumenmail.com,Décor,2,93.88,0.0,Email,US,
ORD-000313,2023-09-06,CUST-01562,cust-01562@lumenmail.com,Furniture,1,39.89,0.0,Paid Search,UK,variant
ORD-008957,2023-11-25,CUST-02870,cust-02870@lumenmail.com,Lighting,3,149.45,0.0,Organic,ZZ,
ORD-004414,2023-08-14,CUST-00943,cust-00943@lumenmail.com,Lightng,1,64.07,0.05,Paid Search,US,
ORD-002646,2023-06-23,CUST-00565,cust-00565@lumenmail.com,Furniture,1,44.12,0.0,Paid Search,US,control
ORD-007970,2024-08-30,CUST-00637,cust-00637@lumenmail.com,Accessories,2,29.46,0.0,Social,UK,control
ORD-000935,2024-09-24,CUST-00598,cust-00598@lumenmail.com,Accessories,2,20.77,0.05,Email,US,
ORD-009511,2023-08-06,CUST-00320,cust-00320@lumenmail.com,Décor,2,18.82,0.1,Organic,US,control
ORD-004665,2024-07-17,CUST-01397,cust-01397@lumenmail.com,Accessories,2,37.54,0.0,Social,US,control
ORD-005556,2023-07-22,CUST-01947,cust-01947@lumenmail.com,Furniture,1,36.82,0.0,Paid Search,US,
ORD-001955,31/07/2023,CUST-02080,cust-02080@lumenmail.com,Décor,1,150.2,0.0,Organic,UK,control
ORD-007992,2023-12-10,CUST-00618,cust-00618@lumenmail.com,Décor,2,36.73,0.0,Social,CA,
ORD-002801,2023-07-23,CUST-00013,cust-00013@lumenmail.com,Décor,3,67.99,0.1,Email,CA,control
ORD-007990,2023-08-30,CUST-00477,cust-00477@lumenmail.com,Outdoor,1,35.0,0.05,Paid Search,CA,control
ORD-005765,13/08/2023,CUST-00963,cust-00963@lumenmail.com,Furniture,2,164.15,0.25,Email,US,variant
ORD-002901,2024-10-26,CUST-01200,cust-01200@lumenmail.com,Décor,2,24.26,0.0,Paid Search,ZZ,control
ORD-008916,2024-01-27,CUST-00511,cust-00511@lumenmail.com,Accessories,1,17.08,0.05,Organic,US,control
ORD-009415,2024-06-15,CUST-02255,cust-02255@lumenmail.com,Lighting,1,620.41,0.0,Email,US,
ORD-006082,2024-05-11,,guest@lumenmail.com,Furniture,1,40.98,0.05,,CA,variant
ORD-000558,2024-09-20,CUST-01099,cust-01099@lumenmail.com,Lighting,3,159.26,0.0,Email,US,
ORD-003274,2024-08-25,CUST-00603,cust-00603@lumenmail.com,Lighting,3,180.42,0.2,,US,variant
ORD-004502,2023-11-05,CUST-00700,cust-00700@lumenmail.com,Outdoor,2,87.4,0.0,Organic,US,
ORD-007692,2024-01-26,CUST-00041,cust-00041@lumenmail.com,Lighting,2,158.65,0.15,Paid Search,UK,variant
ORD-007288,2024-07-23,CUST-02147,cust-02147@lumenmail.com,Lighting,2,702.7,0.15,Social,US,variant
ORD-004258,2024-12-05,CUST-01728,cust-01728@lumenmail.com,Décor,2,42.33,0.05,Paid Search,US,
ORD-001353,28/06/2024,CUST-00245,cust-00245@lumenmail.com,Outdoor,3,189.71,0.0,Paid Search,US,variant
ORD-008711,2024-06-19,CUST-00568,cust-00568@lumenmail.com,Lighting,1,784.27,0.1,Organic,CA,
ORD-002588,2023-10-23,CUST-00422,cust-00422@lumenmail.com,Outdoor,3,89.63,0.0,Social,US,
ORD-003319,2023-08-13,CUST-00367,cust-00367@lumenmail.com,Lighting,1,138.5,0.05,Paid Search,US,
ORD-009337,2024-05-22,CUST-02883,cust-02883@lumenmail.com,Outdoor,3,33.09,0.15,Organic,CA,
ORD-006994,2023-08-27,CUST-02542,cust-02542@lumenmail.com,Furniture,7,24.31,0.2,Paid Search,US,
ORD-007408,2024-10-02,,guest@lumenmail.com,Lighting,5,12.69,15.0,Organic,US,variant
ORD-002330,06/11/2023,CUST-01224,cust-01224@lumenmail.com,Accessories,1,81.89,0.0,Organic,UK,variant
ORD-006069,2024-04-17,CUST-00244,cust-00244@lumenmail.com,Furniture,4,42.26,0.1,Paid Search,UK,control
ORD-005132,2024-07-01,CUST-02677,cust-02677@lumenmail.com,Décor,2,57.63,0.05,Paid Search,US,variant
ORD-004606,01/06/2024,CUST-02538,cust-02538@lumenmail.com,Lighting,1,210.97,20.0,Paid Search,US,control
ORD-002328,2023-08-06,CUST-02373,cust-02373@lumenmail.com,Décor,1,29.0,0.1,Social,US,
ORD-004490,06/07/2023,CUST-00889,cust-00889@lumenmail.com,Furniture,7,42.39,0.0,Paid Search,US,control
ORD-007211,2024-05-14,CUST-01358,cust-01358@lumenmail.com,Décor,1,17.84,0.0,Organic,US,variant
ORD-008349,2024-02-26,CUST-02206,cust-02206@lumenmail.com,Furniture,4,353.55,0.0,Organic,US,control
ORD-007657,2024-10-21,CUST-01814,cust-01814@lumenmail.com,Furniture,1,80.24,0.0,Organic,US,variant
ORD-009047,2023-08-09,CUST-00936,cust-00936@lumenmail.com,Outdoor,1,176.18,0.1,Email,US,control
ORD-000706,2024-09-29,,guest@lumenmail.com,Accessories,1,44.39,0.05,Organic,UK,variant
ORD-006700,2023-09-27,CUST-02296,cust-02296@lumenmail.com,Furniture,2,11.26,0.0,Email,US,
ORD-009303,2024-08-01,CUST-01346,cust-01346@lumenmail.com,Décor,1,77.88,0.0,Email,UK,
ORD-004549,2024-12-09,CUST-00216,cust-00216@lumenmail.com,Lighting,4,107.18,0.0,Email,UK,variant
ORD-005785,2024-06-17,CUST-00112,cust-00112@lumenmail.com,Accessories,1,20.5,0.05,Paid Search,UK,
ORD-000200,2024-03-26,CUST-00585,cust-00585@lumenmail.com,Outdoor,2,42.65,0.05,Paid Search,US,
ORD-000034,2023-08-12,CUST-02693,cust-02693@lumenmail.com,Lighting,2,60.32,0.0,Email,ZZ,
ORD-000898,2024-01-08,CUST-00131,cust-00131@lumenmail.com,Furniture,2,469.08,0.0,Social,AU,variant
ORD-007240,2024-11-27,CUST-00288,cust-00288@lumenmail.com,Outdoor,1,28.28,0.0,Email,US,variant
ORD-004923,09/08/2024,CUST-02133,cust-02133@lumenmail.com,Décor,3,96.74,0.05,Organic,UK,variant
ORD-007070,2023-06-24,CUST-02655,cust-02655@lumenmail.com,Lighting,4,22.96,0.0,,US,variant
ORD-002845,2024-06-14,CUST-01589,cust-01589@lumenmail.com,Outdoor,1,76.75,0.05,Email,UK,
ORD-003105,12/08/2024,CUST-01899,cust-01899@lumenmail.com,Lighting,3,30.12,0.15,Email,US,
ORD-000175,11/06/2023,CUST-00524,cust-00524@lumenmail.com,Lighting,1,27.42,0.2,Paid Search,US,
ORD-004774,2024-07-22,CUST-02891,cust-02891@lumenmail.com,Accessories,5,664.28,0.1,Email,US,variant
ORD-008205,2023-12-24,CUST-00651,cust-00651@lumenmail.com,Décor,3,632.59,0.1,Email,US,
ORD-006876,24/09/2024,,guest@lumenmail.com,Furniture,3,113.14,0.0,Paid Search,US,
ORD-004402,2024-08-24,CUST-01139,cust-01139@lumenmail.com,Lighting,3,28.87,0.0,Paid Search,CA,control
ORD-002342,2024-05-15,CUST-00705,cust-00705@lumenmail.com,Lighting,6,98.53,0.0,Email,CA,variant
ORD-003159,2024-08-17,CUST-02545,cust-02545@lumenmail.com,Lighting,2,78.55,0.05,,US,control
ORD-009586,06/03/2024,CUST-00137,cust-00137@lumenmail.com,Outdoor,1,82.96,0.05,Organic,UK,
ORD-007258,08/12/2024,CUST-01865,cust-01865@lumenmail.com,Accessories,5,187.52,0.0,Email,US,variant
ORD-002931,2024-07-17,CUST-00397,cust-00397@lumenmail.com,Lighting,1,29.61,0.25,,US,control
ORD-000286,2024-05-20,,guest@lumenmail.com,Furniture,2,73.45,0.05,Paid Search,UK,control
ORD-002182,05/10/2024,,guest@lumenmail.com,Furniture,1,18.69,0.1,Email,US,variant
ORD-001503,2024-05-18,CUST-01542,cust-01542@lumenmail.com,Lighting,2,384.49,0.0,Organic,CA,variant
ORD-007430,2023-06-29,CUST-00777,cust-00777@lumenmail.com,Furniture,1,180.84,0.15,,US,control
ORD-004909,2023-07-01,CUST-01217,cust-01217@lumenmail.com,Outdoor,3,307.88,0.1,Email,US,
ORD-004690,01/09/2024,CUST-00466,cust-00466@lumenmail.com,Décor,1,64.66,0.0,Email,US,variant
ORD-001606,22/09/2024,,guest@lumenmail.com,Décor,3,123.19,0.05,Email,US,
ORD-004396,2023-08-18,CUST-02322,cust-02322@lumenmail.com,Décor,2,44.52,0.05,,US,
ORD-004148,28/10/2024,CUST-02047,cust-02047@lumenmail.com,Décor,2,11.66,0.0,Organic,US,control
ORD-003168,01/06/2024,CUST-01437,cust-01437@lumenmail.com,Décor,1,119.56,0.0,Paid Search,UK,control
ORD-004249,2024-04-13,CUST-00570,cust-00570@lumenmail.com,Accessories,1,17.16,0.1,Paid Search,US,
ORD-009345,2023-09-04,CUST-01240,cust-01240@lumenmail.com,Lighting,3,71.0,0.0,Email,US,variant
ORD-005067,2023-07-18,CUST-01299,cust-01299@lumenmail.com,Accessories,1,40.84,0.1,,CA,variant
ORD-000853,2024-05-09,CUST-01981,cust-01981@lumenmail.com,Lighting,1,20.76,0.05,Paid Search,US,variant
ORD-005821,2023-08-08,CUST-02355,cust-02355@lumenmail.com,Lighting,1,158.73,0.1,Paid Search,CA,variant
ORD-001627,2024-08-21,CUST-00150,cust-00150@lumenmail.com,Outdoor,3,27.58,0.05,,US,
ORD-007398,2024-04-03,CUST-00401,cust-00401@lumenmail.com,Furniture,3,9.33,0.0,Email,UK,
ORD-002132,2024-07-30,,guest@lumenmail.com,Accessories,1,63.82,0.2,Organic,CA,control
ORD-003018,2024-07-25,CUST-01311,cust-01311@lumenmail.com,Lightng,1,60.82,0.15,Organic,US,control
ORD-006118,2023-08-23,CUST-00155,cust-00155@lumenmail.com,Décor,2,46.12,0.0,Organic,US,
ORD-008794,2023-07-21,CUST-00940,cust-00940@lumenmail.com,Décor,2,23.02,0.05,Paid Search,US,variant
ORD-007680,2024-01-24,CUST-00181,cust-00181@lumenmail.com,Lighting,2,31.69,0.1,Social,US,
ORD-007971,2024-12-19,CUST-00741,cust-00741@lumenmail.com,Décor,5,185.71,0.2,Paid Search,US,
ORD-005062,05/01/2024,CUST-00086,cust-00086@lumenmail.com,Lighting,4,0.0,20.0,Email,US,
ORD-002140,2024-11-26,CUST-00776,cust-00776@lumenmail.com,Décor,1,401.13,0.1,Social,US,variant
ORD-008394,2024-11-08,CUST-02670,cust-02670@lumenmail.com,Décor,3,85.38,0.0,Paid Search,US,variant
ORD-004503,2024-05-04,CUST-01953,cust-01953@lumenmail.com,Décor,2,146.5,0.25,,US,control
ORD-002813,2024-10-29,CUST-00394,cust-00394@lumenmail.com,Lighting,2,54.33,10.0,Email,CA,variant
ORD-008123,2024-04-08,CUST-02222,cust-02222@lumenmail.com,Lighting,1,27.2,0.1,Email,US,
ORD-008488,2024-11-23,CUST-02093,cust-02093@lumenmail.com,Furniture,1,752.98,0.05,Paid Search,AU,control
ORD-002619,2024-07-02,CUST-02970,cust-02970@lumenmail.com,Décor,1,104.71,0.05,Paid Search,US,variant
ORD-004044,2024-11-02,CUST-00091,cust-00091@lumenmail.com,Décor,2,24.43,0.15,Paid Search,US,control
ORD-009240,2023-12-15,CUST-02196,cust-02196@lumenmail.com,Accessories,1,68.46,0.2,Email,US,control
ORD-005194,2023-08-17,CUST-02893,cust-02893@lumenmail.com,Lighting,6,7.82,0.0,Social,CA,
ORD-003821,2024-05-09,CUST-01391,cust-01391@lumenmail.com,Lighting,1,41.69,0.0,Email,US,variant
ORD-001842,2024-11-18,,guest@lumenmail.com,Décor,2,60.75,0.0,Organic,CA,control
ORD-004386,2023-11-01,CUST-01361,cust-01361@lumenmail.com,Furniture,2,33.44,0.1,Organic,US,
ORD-005289,2024-09-11,CUST-02136,cust-02136@lumenmail.com,Lighting,2,117.05,0.25,Paid Search,US,variant
ORD-009295,2024-08-08,CUST-00171,cust-00171@lumenmail.com,Furniture,3,50.44,0.0,Paid Search,US,control
ORD-001636,2023-07-25,CUST-02913,cust-02913@lumenmail.com,Accessories,2,156.68,0.1,Organic,US,
ORD-003251,2023-08-17,CUST-02261,cust-02261@lumenmail.com,Outdoor,1,772.86,0.15,Email,US,control
ORD-001215,2023-12-20,CUST-01502,cust-01502@lumenmail.com,Accessories,2,25.33,0.1,Email,UK,control
ORD-004389,2024-11-29,CUST-01928,cust-01928@lumenmail.com,Outdoor,3,38.82,0.0,Paid Search,US,control
ORD-006657,2024-08-02,CUST-01051,cust-01051@lumenmail.com,Lighting,6,128.56,0.15,Paid Search,US,control
ORD-009238,2024-11-12,CUST-01461,cust-01461@lumenmail.com,Décor,1,415.9,0.0,Organic,US,
ORD-003083,2024-10-30,CUST-00806,cust-00806@lumenmail.com,Lighting,1,88.03,0.0,Email,US,control
ORD-005591,2024-12-11,CUST-00299,cust-00299@lumenmail.com,Décor,1,18.93,0.05,Social,UK,control
ORD-004664,11/10/2024,CUST-02397,cust-02397@lumenmail.com,Furniture,1,71.95,15.0,Organic,US,control
ORD-003613,2023-07-30,CUST-02318,cust-02318@lumenmail.com,Lighting,2,29.67,10.0,Email,CA,
ORD-003269,2024-07-18,CUST-02424,cust-02424@lumenmail.com,Décor,2,17.99,0.0,Paid Search,US,variant
ORD-003246,2023-07-13,CUST-01578,cust-01578@lumenmail.com,Décor,1,12.89,15.0,Email,US,
ORD-001203,2023-06-02,CUST-01541,cust-01541@lumenmail.com,Lighting,5,0.0,0.15,Paid Search,CA,variant
ORD-001068,2024-02-12,CUST-01821,cust-01821@lumenmail.com,Décor,2,54.29,5.0,Organic,US,
ORD-006845,2023-08-25,CUST-02414,cust-02414@lumenmail.com,Lighting,2,321.75,0.1,Paid Search,US,variant
ORD-003173,2024-12-30,CUST-00509,cust-00509@lumenmail.com,Décor,1,57.75,0.05,Paid Search,US,control
ORD-001532,2024-12-17,CUST-00649,cust-00649@lumenmail.com,Décor,2,749.96,0.05,Paid Search,CA,control
ORD-001543,2024-07-16,CUST-00139,cust-00139@lumenmail.com,Décor,2,73.15,0.0,Organic,US,variant
ORD-006007,2024-11-14,CUST-01705,cust-01705@lumenmail.com,Lighting,4,89.57,0.0,Paid Search,US,variant
ORD-004661,2024-10-09,CUST-00849,cust-00849@lumenmail.com,Outdoor,2,592.04,0.1,Organic,US,
ORD-006630,2024-12-10,CUST-02800,cust-02800@lumenmail.com,Décor,1,199.43,0.0,Organic,CA,variant
ORD-008829,2024-09-05,CUST-02979,cust-02979@lumenmail.com,Lighting,1,11.97,0.0,Paid Search,US,control
ORD-003100,2024-01-01,CUST-00593,cust-00593@lumenmail.com,Furniture,4,153.44,0.05,Email,US,
ORD-001555,2024-02-02,CUST-01992,cust-01992@lumenmail.com,Décor,1,71.52,0.0,Paid Search,US,variant
ORD-006913,2023-10-30,CUST-02083,cust-02083@lumenmail.com,Décor,2,112.18,0.0,Paid Search,US,variant
ORD-001811,2023-09-24,CUST-00984,cust-00984@lumenmail.com,Décor,5,19.86,0.0,Email,US,
ORD-007277,2024-01-12,CUST-01267,cust-01267@lumenmail.com,Lighting,2,275.43,0.0,Social,UK,
ORD-007512,2023-11-21,,guest@lumenmail.com,Outdoor,5,93.88,0.15,Email,US,control
ORD-005787,2024-03-09,CUST-01592,cust-01592@lumenmail.com,Furniture,1,73.3,0.15,Email,CA,control
ORD-006881,05/11/2023,CUST-00631,cust-00631@lumenmail.com,Accessories,3,16.39,0.05,Paid Search,US,variant
ORD-003770,2023-10-17,CUST-01742,cust-01742@lumenmail.com,Lighting,2,28.23,0.15,Social,US,variant
ORD-000363,2024-05-16,CUST-01037,cust-01037@lumenmail.com,Lighting,1,415.57,10.0,Social,ZZ,
ORD-009279,2023-07-10,CUST-00411,cust-00411@lumenmail.com,Outdoor,2,165.41,0.1,Organic,US,
ORD-002615,30/09/2023,CUST-00655,cust-00655@lumenmail.com,Décor,4,145.05,0.0,Email,CA,
ORD-007164,2023-08-10,CUST-00511,cust-00511@lumenmail.com,Outdoor,1,66.45,0.05,Email,US,control
ORD-008652,2023-10-14,,guest@lumenmail.com,Lighting,2,79.13,0.0,Social,US,control
ORD-001800,25/08/2024,CUST-00019,cust-00019@lumenmail.com,Lighting,2,0.0,0.05,Paid Search,US,control
ORD-009524,2024-11-13,CUST-01429,cust-01429@lumenmail.com,Furniture,2,92.02,0.05,Paid Search,US,variant
ORD-007007,2024-08-05,CUST-00614,cust-00614@lumenmail.com,Lighting,1,366.26,0.2,Email,US,variant
ORD-004739,2024-04-01,CUST-00572,cust-00572@lumenmail.com,Furniture,1,100.17,0.0,Social,US,
ORD-001695,2024-08-10,CUST-02693,cust-02693@lumenmail.com,Décor,3,107.84,0.05,Organic,US,
ORD-000047,2023-11-15,CUST-00695,cust-00695@lumenmail.com,Décor,1,32.69,0.1,Email,US,variant
ORD-001788,2024-01-08,CUST-02690,cust-02690@lumenmail.com,Furniture,2,33.48,0.25,Paid Search,US,variant
ORD-001237,2023-10-30,CUST-02650,cust-02650@lumenmail.com,Furniture,2,300.14,0.05,Social,US,variant
ORD-000923,2024-07-12,CUST-01736,cust-01736@lumenmail.com,Lighting,2,61.84,0.15,Organic,ZZ,
ORD-001715,27/06/2023,CUST-00910,cust-00910@lumenmail.com,Décor,1,156.07,0.0,Email,US,control
ORD-009451,2023-07-17,CUST-01602,cust-01602@lumenmail.com,Décor,1,6.99,0.0,Email,US,variant
ORD-002142,14/07/2024,CUST-00312,cust-00312@lumenmail.com,Décor,3,60.07,5.0,Organic,US,control
ORD-004191,2024-05-30,,guest@lumenmail.com,Outdoor,1,11.13,0.15,Email,UK,
ORD-000533,22/12/2023,CUST-01475,cust-01475@lumenmail.com,Lighting,3,89.13,0.15,Organic,CA,control
ORD-004482,2023-11-22,CUST-00205,cust-00205@lumenmail.com,Furniture,1,119.53,5.0,Email,US,control
ORD-005701,2024-03-21,CUST-02540,cust-02540@lumenmail.com,Furniture,-1,249.88,0.25,Paid Search,ZZ,variant
ORD-008507,2024-12-04,CUST-00380,cust-00380@lumenmail.com,Furniture,3,10.87,0.1,Email,AU,control
ORD-003373,2024-08-03,CUST-00691,cust-00691@lumenmail.com,Furniture,1,47.89,0.0,Paid Search,US,control
ORD-000023,19/10/2024,CUST-01421,cust-01421@lumenmail.com,Lighting,-3,46.9,0.2,Organic,US,
ORD-004840,2024-05-16,,guest@lumenmail.com,Lighting,3,94.85,0.15,,US,control
ORD-000635,2024-01-31,,guest@lumenmail.com,Furniture,1,21.54,5.0,Paid Search,US,variant
ORD-006264,2024-08-09,CUST-00876,cust-00876@lumenmail.com,Lighting,1,19.2,0.0,Social,US,variant
ORD-005439,2023-10-11,CUST-02868,cust-02868@lumenmail.com,Décor,1,292.92,0.05,Email,CA,
ORD-008342,2024-08-18,CUST-02102,cust-02102@lumenmail.com,Décor,4,336.08,0.25,Paid Search,US,variant
ORD-000951,2024-06-13,CUST-00797,cust-00797@lumenmail.com,Décor,1,55.89,20.0,Organic,US,
ORD-000587,2024-02-16,CUST-00227,cust-00227@lumenmail.com,Décor,1,183.17,0.0,Email,US,control
ORD-001748,2024-11-01,CUST-01470,cust-01470@lumenmail.com,Décor,4,84.92,0.1,Organic,UK,
ORD-000949,2024-12-13,CUST-01879,cust-01879@lumenmail.com,Lighting,1,78.63,0.0,Paid Search,US,variant
ORD-005645,2024-12-18,CUST-02162,cust-02162@lumenmail.com,Accessories,2,100.63,0.0,Social,US,
ORD-006278,2023-06-30,,guest@lumenmail.com,Furniture,1,199.44,0.0,Paid Search,UK,variant
ORD-007197,2023-07-10,CUST-02000,cust-02000@lumenmail.com,Furniture,2,41.46,0.0,Paid Search,US,
ORD-003474,2023-08-09,CUST-00148,cust-00148@lumenmail.com,Accessories,1,139.99,0.0,Social,US,variant
ORD-000561,2024-07-15,,guest@lumenmail.com,Furniture,2,118.24,0.0,Organic,US,
ORD-004807,2024-01-15,CUST-01151,cust-01151@lumenmail.com,Furniture,1,81.1,0.0,Organic,US,
ORD-001077,2024-01-09,CUST-02242,cust-02242@lumenmail.com,Lighting,6,385.31,0.05,Email,US,variant
ORD-004039,2023-11-08,CUST-00116,cust-00116@lumenmail.com,Furniture,1,10.84,0.1,Email,US,
ORD-003777,2023-08-25,CUST-02683,cust-02683@lumenmail.com,Accessories,5,172.02,0.0,Paid Search,US,
ORD-002083,2024-06-24,CUST-02552,cust-02552@lumenmail.com,Furniture,-1,64.31,0.05,Email,US,control
ORD-009030,2024-09-30,CUST-02079,cust-02079@lumenmail.com,Décor,1,42.88,0.0,,CA,
ORD-006584,2024-04-20,CUST-00582,cust-00582@lumenmail.com,lighting,1,0.0,0.2,Email,CA,variant
ORD-001632,2024-05-20,CUST-00146,cust-00146@lumenmail.com,Décor,1,83.74,0.0,Paid Search,US,variant
ORD-000785,03/04/2024,CUST-02327,cust-02327@lumenmail.com,Lighting,1,29.04,0.15,Paid Search,US,variant
ORD-006152,11/10/2023,CUST-02685,cust-02685@lumenmail.com,Outdoor,2,142.42,0.2,Paid Search,UK,variant
ORD-000818,02/02/2024,CUST-01431,cust-01431@lumenmail.com,Lighting,3,90.12,0.05,Social,US,variant
ORD-007045,2023-12-22,CUST-02220,cust-02220@lumenmail.com,Outdoor,2,158.85,10.0,Paid Search,US,control
ORD-000440,2024-11-19,CUST-01640,cust-01640@lumenmail.com,Furniture,2,21.95,0.0,Paid Search,US,
ORD-000530,2023-12-22,CUST-00407,cust-00407@lumenmail.com,Décor,1,72.79,0.15,Organic,CA,variant
ORD-006497,2024-11-06,CUST-01929,cust-01929@lumenmail.com,Furniture,2,397.06,0.0,Paid Search,US,
ORD-002043,2023-12-17,CUST-00691,cust-00691@lumenmail.com,Lighting,1,39.95,0.0,Paid Search,US,variant
ORD-000689,2023-10-14,CUST-02714,cust-02714@lumenmail.com,Furniture,5,92.33,0.0,Paid Search,US,variant
ORD-001837,2023-10-23,CUST-00654,cust-00654@lumenmail.com,Lighting,6,128.02,0.2,Organic,US,control
ORD-007673,2024-06-28,CUST-00279,cust-00279@lumenmail.com,lighting,3,187.69,0.0,Social,US,variant
ORD-001728,2024-11-10,CUST-01468,cust-01468@lumenmail.com,Accessories,3,96.68,0.05,Paid Search,US,variant
ORD-001244,2023-10-22,,guest@lumenmail.com,Furniture,2,17.94,0.0,Email,CA,variant
ORD-006524,2023-07-24,CUST-02777,cust-02777@lumenmail.com,Lighting,1,138.85,0.0,Social,US,
ORD-003541,2024-02-18,CUST-02376,cust-02376@lumenmail.com,Décor,1,51.75,0.0,Organic,US,variant
ORD-007370,2024-11-03,CUST-02195,cust-02195@lumenmail.com,Accessories,1,86.1,0.05,Email,US,
ORD-001130,2023-09-22,CUST-00803,cust-00803@lumenmail.com,Décor,1,13.82,0.15,Paid Search,US,
ORD-009423,02/12/2024,CUST-00378,cust-00378@lumenmail.com,Outdoor,1,36.04,0.05,Paid Search,US,variant
ORD-000520,2024-02-07,CUST-01250,cust-01250@lumenmail.com,Furniture,2,127.42,0.0,Paid Search,US,variant
ORD-000940,2023-11-25,,guest@lumenmail.com,Lighting,2,54.2,0.05,Organic,US,
ORD-004781,2024-02-17,CUST-01495,cust-01495@lumenmail.com,Décor,-2,204.3,0.05,Email,UK,control
ORD-005990,20/08/2024,CUST-02269,cust-02269@lumenmail.com,Décor,1,326.44,0.0,Organic,US,variant
ORD-002149,21/09/2023,,guest@lumenmail.com,Décor,1,96.23,0.1,Organic,CA,variant
ORD-004786,2024-10-28,CUST-02672,cust-02672@lumenmail.com,Lighting,2,40.79,0.2,Email,CA,
ORD-005182,10/11/2024,CUST-00429,cust-00429@lumenmail.com,Lighting,1,36.31,0.0,Paid Search,US,variant
ORD-004737,2024-05-16,CUST-01767,cust-01767@lumenmail.com,Lighting,-3,154.71,0.0,Paid Search,AU,control
ORD-001034,19/07/2024,CUST-02455,cust-02455@lumenmail.com,Lighting,1,47.08,0.2,Email,US,variant
ORD-008014,2023-08-17,CUST-02659,cust-02659@lumenmail.com,Décor,3,271.76,0.1,Social,UK,
ORD-004067,2023-06-08,CUST-01646,cust-01646@lumenmail.com,Décor,2,39.02,0.05,Paid Search,US,control
ORD-005586,2024-06-02,CUST-02316,cust-02316@lumenmail.com,Outdoor,4,38.95,0.0,Paid Search,CA,
ORD-004428,2024-02-14,CUST-01401,cust-01401@lumenmail.com,Furniture,4,80.57,0.0,Email,US,variant
ORD-009547,2024-05-12,,guest@lumenmail.com,Furniture,3,38.32,0.15,Email,UK,
ORD-007090,2024-09-03,CUST-00090,cust-00090@lumenmail.com,Lighting,4,369.05,0.15,Paid Search,AU,control
ORD-003705,2023-12-17,CUST-00852,cust-00852@lumenmail.com,Furniture,1,161.45,0.1,Paid Search,US,
ORD-008162,2024-12-15,CUST-01148,cust-01148@lumenmail.com,Décor,1,8.16,0.2,Email,US,control
ORD-000093,2023-09-13,,guest@lumenmail.com,Lighting,2,38.22,0.0,Paid Search,US,control
ORD-007051,2024-01-05,CUST-02424,cust-02424@lumenmail.com,Décor,2,305.77,0.2,Social,US,variant
ORD-002361,2024-12-11,CUST-02399,cust-02399@lumenmail.com,Lighting,2,28.1,0.25,Organic,UK,
ORD-001014,2024-05-26,CUST-00175,cust-00175@lumenmail.com,Lighting,1,148.78,0.05,Paid Search,US,variant
ORD-004646,2024-05-17,CUST-01754,cust-01754@lumenmail.com,Lighting,2,262.24,0.0,Email,US,variant
ORD-003591,05/04/2024,CUST-00301,cust-00301@lumenmail.com,Lighting,-6,29.12,0.05,Paid Search,US,
ORD-008705,2024-04-27,CUST-00803,cust-00803@lumenmail.com,Lighting,3,49.37,0.05,Email,US,variant
ORD-007098,2024-12-22,CUST-01070,cust-01070@lumenmail.com,Lighting,1,286.86,0.0,Social,UK,variant
ORD-005138,2023-09-06,CUST-01270,cust-01270@lumenmail.com,Outdoor,1,412.84,0.15,Paid Search,US,variant
ORD-003856,2024-01-28,CUST-02956,cust-02956@lumenmail.com,Décor,4,504.86,0.05,Paid Search,US,variant
ORD-008656,08/01/2024,CUST-01666,cust-01666@lumenmail.com,Lighting,3,26.1,0.2,Email,US,variant
ORD-004468,,CUST-02114,cust-02114@lumenmail.com,Décor,4,64.13,0.0,Paid Search,US,variant
ORD-004942,16/09/2023,CUST-01455,cust-01455@lumenmail.com,Outdoor,4,788.8,0.0,Email,UK,
ORD-006141,08/06/2024,CUST-02671,cust-02671@lumenmail.com,Décor,1,25.68,0.0,Paid Search,US,control
ORD-007771,2024-05-18,CUST-02170,cust-02170@lumenmail.com,Outdoor,2,159.72,0.05,Paid Search,US,
ORD-009247,2024-07-04,CUST-01958,cust-01958@lumenmail.com,Lighting,5,114.23,0.1,Social,US,control
ORD-005151,2023-07-26,CUST-01624,cust-01624@lumenmail.com,Furniture,3,70.16,5.0,Organic,US,
ORD-004763,2023-08-25,,guest@lumenmail.com,Outdoor,1,14.77,0.05,Paid Search,US,
ORD-006322,2024-04-07,CUST-02561,cust-02561@lumenmail.com,Décor,3,11.32,0.1,,CA,variant
ORD-008277,2024-10-28,CUST-02364,cust-02364@lumenmail.com,Décor,1,11.26,0.1,Paid Search,UK,
ORD-008303,2024-05-11,CUST-00198,cust-00198@lumenmail.com,Décor,2,92.27,10.0,Email,UK,
ORD-006581,2024-03-21,CUST-01313,cust-01313@lumenmail.com,Furniture,1,283.77,0.1,Email,US,
ORD-006294,2023-09-15,CUST-00464,cust-00464@lumenmail.com,Furniture,3,11.06,0.0,Organic,US,
ORD-006625,2024-05-07,CUST-00108,cust-00108@lumenmail.com,Accessories,2,24.13,0.1,Social,US,
ORD-008684,2024-12-10,CUST-02911,cust-02911@lumenmail.com,Décor,1,25.23,0.0,Paid Search,AU,
ORD-006331,2024-11-13,CUST-02334,cust-02334@lumenmail.com,Outdoor,2,112.68,0.0,Organic,ZZ,
ORD-001790,2024-04-13,CUST-02182,cust-02182@lumenmail.com,Lighting,2,43.43,0.05,Email,US,control
ORD-005070,15/06/2023,CUST-02577,cust-02577@lumenmail.com,Furniture,2,37.25,10.0,Paid Search,US,variant
ORD-005733,2024-04-18,CUST-02384,cust-02384@lumenmail.com,Furniture,2,39.45,0.1,Organic,US,variant
ORD-005023,2024-07-10,CUST-00914,cust-00914@lumenmail.com,Furniture,6,128.66,0.0,Paid Search,US,control
ORD-003356,20/03/2024,CUST-01197,cust-01197@lumenmail.com,Accessories,1,40.31,0.1,Email,US,variant
ORD-001724,18/12/2024,CUST-00661,cust-00661@lumenmail.com,Furniture,2,169.86,0.0,Paid Search,CA,control
ORD-006801,2024-04-27,CUST-02380,cust-02380@lumenmail.com,Lighting,1,55.83,0.2,Organic,US,variant
ORD-002235,2024-05-07,CUST-01588,cust-01588@lumenmail.com,Lighting,1,36.45,0.0,,UK,variant
ORD-006411,2023-10-18,CUST-02794,cust-02794@lumenmail.com,lighting,2,727.64,0.0,Paid Search,UK,control
ORD-008878,2024-12-15,CUST-00386,cust-00386@lumenmail.com,Décor,1,212.91,0.0,Email,US,control
ORD-003475,2024-06-14,CUST-01362,cust-01362@lumenmail.com,Outdoor,1,166.56,0.0,,UK,control
ORD-006060,10/10/2023,CUST-02028,cust-02028@lumenmail.com,Décor,-2,344.72,0.0,,US,control
ORD-000073,26/10/2024,CUST-02849,cust-02849@lumenmail.com,Lighting,2,45.4,0.05,Paid Search,US,control
ORD-007052,2023-12-01,CUST-02917,cust-02917@lumenmail.com,Furniture,2,118.63,0.05,Email,UK,
ORD-007024,2024-11-18,CUST-01355,cust-01355@lumenmail.com,Décor,4,68.53,0.2,Paid Search,US,variant
ORD-004090,2023-07-28,CUST-02117,cust-02117@lumenmail.com,Accessories,3,75.93,0.15,Organic,AU,
ORD-006151,2024-01-01,CUST-00999,cust-00999@lumenmail.com,Décor,2,29.31,0.0,Email,AU,
ORD-007145,,CUST-00794,cust-00794@lumenmail.com,Décor,6,28.04,5.0,Email,US,control
ORD-001534,2024-08-14,CUST-00391,cust-00391@lumenmail.com,Décor,1,93.26,0.0,Email,US,
ORD-002547,2024-08-08,,guest@lumenmail.com,Furniture,3,50.83,5.0,Paid Search,CA,variant
ORD-002401,2024-09-23,CUST-00386,cust-00386@lumenmail.com,Outdoor,3,74.73,0.0,Paid Search,US,control
ORD-009292,2024-10-01,CUST-02541,cust-02541@lumenmail.com,Décor,1,199.91,0.0,Paid Search,US,variant
ORD-005798,2024-04-13,CUST-02036,cust-02036@lumenmail.com,Lighting,3,150.87,0.05,Email,US,
ORD-004688,2024-01-14,CUST-02670,cust-02670@lumenmail.com,Outdoor,4,24.63,0.0,Social,US,variant
ORD-000938,2024-06-29,CUST-01380,cust-01380@lumenmail.com,Lighting,1,328.04,0.0,Paid Search,US,
ORD-002080,2024-02-25,CUST-02708,cust-02708@lumenmail.com,Lighting,2,35.55,0.0,Social,US,
ORD-001930,29/12/2024,CUST-02043,cust-02043@lumenmail.com,Décor,1,89.61,0.1,Paid Search,CA,control
ORD-003050,2024-02-04,CUST-00098,cust-00098@lumenmail.com,Furniture,3,55.34,0.1,Paid Search,US,
ORD-004308,2024-11-10,CUST-02833,cust-02833@lumenmail.com,Furniture,1,36.55,0.05,Email,US,
ORD-002105,07/11/2023,CUST-01400,cust-01400@lumenmail.com,Lighting,3,141.17,0.0,Paid Search,US,variant
ORD-008961,2024-04-21,CUST-00396,cust-00396@lumenmail.com,Décor,4,133.99,0.1,Social,US,control
ORD-005295,2023-11-25,CUST-01134,cust-01134@lumenmail.com,Décor,5,25.98,0.0,Paid Search,US,variant
ORD-001067,2023-12-31,CUST-00308,cust-00308@lumenmail.com,Outdoor,1,545.57,0.05,Email,UK,
ORD-008364,2024-10-17,CUST-00868,cust-00868@lumenmail.com,Décor,2,20.97,5.0,Paid Search,US,control
ORD-003811,2023-06-11,CUST-00739,cust-00739@lumenmail.com,Accessories,-4,53.27,0.0,Organic,US,
ORD-001481,2023-10-29,CUST-02372,cust-02372@lumenmail.com,Lighting,1,31.4,0.1,Paid Search,US,variant
ORD-004226,14/06/2023,CUST-00709,cust-00709@lumenmail.com,Décor,1,89.85,0.0,Organic,US,control
ORD-005524,2024-10-07,CUST-02803,cust-02803@lumenmail.com,Décor,1,146.67,0.0,Organic,CA,
ORD-001002,2024-08-19,CUST-02883,cust-02883@lumenmail.com,Furniture,2,37.75,0.1,Social,US,
ORD-005727,2023-08-08,CUST-01951,cust-01951@lumenmail.com,Décor,1,137.27,0.1,Paid Search,US,variant
ORD-004815,2024-05-07,CUST-00842,cust-00842@lumenmail.com,Lighting,1,376.85,0.2,Organic,US,
ORD-008203,2024-12-14,CUST-01006,cust-01006@lumenmail.com,Lighting,1,686.16,0.0,Email,CA,control
ORD-006533,2023-12-29,CUST-00452,cust-00452@lumenmail.com,Outdoor,1,55.2,0.05,Organic,UK,control
ORD-007849,2024-03-05,CUST-00662,cust-00662@lumenmail.com,Décor,4,108.71,0.1,Social,US,control
ORD-004718,12/08/2023,CUST-02865,cust-02865@lumenmail.com,Furniture,1,85.56,0.25,Paid Search,UK,
ORD-005007,2024-05-09,CUST-01488,cust-01488@lumenmail.com,Furniture,3,44.66,0.0,Organic,US,
ORD-003616,2023-06-05,CUST-02201,cust-02201@lumenmail.com,Lighting,3,15.76,0.1,Organic,AU,
ORD-001049,2024-02-23,CUST-02710,cust-02710@lumenmail.com,Décor,4,27.0,0.0,Email,US,
ORD-001363,2024-07-02,CUST-00893,cust-00893@lumenmail.com,Accessories,4,20.32,0.1,Paid Search,US,variant
ORD-001751,2024-02-13,CUST-02612,cust-02612@lumenmail.com,Lightng,2,45.6,5.0,Paid Search,US,
ORD-003321,2023-06-20,CUST-00654,cust-00654@lumenmail.com,Décor,1,5.97,0.1,Organic,US,variant
ORD-007040,2024-01-16,CUST-00816,cust-00816@lumenmail.com,Furniture,1,81.53,0.0,Paid Search,US,control
ORD-006319,2024-02-01,CUST-01525,cust-01525@lumenmail.com,Décor,2,48.85,0.0,Email,US,
ORD-001733,05/02/2024,CUST-01858,cust-01858@lumenmail.com,Lighting,2,25.03,0.05,Email,US,control
ORD-003515,2024-12-15,CUST-02716,cust-02716@lumenmail.com,Lighting,1,67.88,0.1,Social,ZZ,control
ORD-008137,2024-09-13,CUST-02958,cust-02958@lumenmail.com,Furniture,2,38.8,0.15,Social,CA,
ORD-002474,2024-07-30,CUST-02351,cust-02351@lumenmail.com,Décor,4,777.49,0.15,,AU,variant
ORD-000591,11/06/2023,CUST-02573,cust-02573@lumenmail.com,Lightng,1,46.91,0.25,Social,CA,variant
ORD-004622,2023-09-16,CUST-02785,cust-02785@lumenmail.com,Lighting,2,39.99,0.05,Email,US,
ORD-007272,2024-04-18,CUST-02563,cust-02563@lumenmail.com,Lighting,1,197.58,0.0,Email,UK,control
ORD-007515,2023-09-20,CUST-00151,cust-00151@lumenmail.com,Lighting,1,431.27,0.15,Organic,US,variant
ORD-005171,2024-04-19,CUST-01016,cust-01016@lumenmail.com,Lighting,2,87.02,0.1,Email,AU,variant
ORD-008346,2023-06-20,CUST-02353,cust-02353@lumenmail.com,Accessories,4,44.8,0.1,Email,US,control
ORD-000962,2023-07-17,CUST-00723,cust-00723@lumenmail.com,Décor,2,88.46,0.05,Email,US,
ORD-000648,2024-01-28,CUST-00212,cust-00212@lumenmail.com,Lighting,1,185.41,0.0,Social,US,
ORD-005384,26/11/2024,CUST-01857,cust-01857@lumenmail.com,Décor,1,137.61,0.0,Organic,US,
ORD-000068,2024-10-19,CUST-01337,cust-01337@lumenmail.com,lighting,1,191.25,0.05,Email,US,control
ORD-009583,2024-12-05,CUST-00788,cust-00788@lumenmail.com,Accessories,2,30.25,0.0,Organic,US,control
ORD-005950,2023-06-04,CUST-00959,cust-00959@lumenmail.com,Décor,3,75.74,0.0,Social,US,variant
ORD-002969,2024-10-03,CUST-00237,cust-00237@lumenmail.com,Furniture,1,37.93,0.0,Paid Search,AU,
ORD-004766,2023-06-10,CUST-01676,cust-01676@lumenmail.com,Décor,6,331.64,0.15,Organic,CA,
ORD-007088,2023-06-10,CUST-00180,cust-00180@lumenmail.com,Décor,-2,382.85,0.05,Paid Search,CA,control
ORD-009389,2023-11-09,CUST-01280,cust-01280@lumenmail.com,Décor,3,358.05,0.25,Organic,AU,variant
ORD-007523,2024-09-28,CUST-00988,cust-00988@lumenmail.com,Furniture,2,173.32,0.0,Email,US,variant
ORD-007150,2023-11-10,CUST-00571,cust-00571@lumenmail.com,Furniture,1,24.75,0.0,Email,CA,
ORD-009203,2024-12-01,CUST-00211,cust-00211@lumenmail.com,Lighting,3,212.13,0.15,Paid Search,CA,variant
ORD-005021,2024-12-27,CUST-00207,cust-00207@lumenmail.com,Accessories,1,65.04,0.0,Organic,UK,control
ORD-003806,2024-05-18,CUST-01961,cust-01961@lumenmail.com,Lighting,3,109.76,0.1,Organic,UK,variant
ORD-001326,2024-03-16,CUST-00835,cust-00835@lumenmail.com,Lighting,2,23.13,0.0,Organic,US,variant
ORD-001073,2023-07-12,CUST-02725,cust-02725@lumenmail.com,Décor,2,50.51,0.0,Paid Search,ZZ,
ORD-003283,2024-09-03,CUST-01507,cust-01507@lumenmail.com,Lighting,4,344.61,0.0,Organic,US,
ORD-002197,2023-07-27,CUST-01294,cust-01294@lumenmail.com,Furniture,1,15.96,0.1,Paid Search,UK,control
ORD-004977,2023-09-21,CUST-02320,cust-02320@lumenmail.com,Accessories,1,79.68,0.15,Organic,US,
ORD-005942,2024-01-06,,guest@lumenmail.com,Outdoor,1,43.02,0.0,Social,UK,control
ORD-006890,2024-05-22,CUST-00570,cust-00570@lumenmail.com,Accessories,1,106.5,0.05,Paid Search,US,
ORD-001639,19/05/2024,CUST-00147,cust-00147@lumenmail.com,Furniture,1,155.23,0.0,Social,US,control
ORD-006496,2024-11-16,CUST-02544,cust-02544@lumenmail.com,Lighting,4,62.63,0.05,Paid Search,US,variant
ORD-006752,2024-02-26,,guest@lumenmail.com,Furniture,1,26.01,0.05,Paid Search,US,variant
ORD-001107,2024-09-23,CUST-01855,cust-01855@lumenmail.com,Décor,1,786.79,0.1,Social,US,control
ORD-001460,19/11/2024,CUST-02269,cust-02269@lumenmail.com,Décor,1,290.81,0.0,Email,US,control
ORD-001964,2024-07-19,CUST-01086,cust-01086@lumenmail.com,Décor,1,81.05,0.0,Paid Search,US,control
ORD-009003,2023-07-19,CUST-00369,cust-00369@lumenmail.com,Lighting,4,226.1,0.0,Paid Search,CA,
ORD-009242,08/10/2024,CUST-02455,cust-02455@lumenmail.com,Outdoor,1,270.27,0.0,Paid Search,CA,variant
ORD-000315,2024-04-13,,guest@lumenmail.com,Outdoor,1,29.28,0.1,Email,UK,control
ORD-007557,2023-06-28,CUST-00484,cust-00484@lumenmail.com,Décor,7,51.83,0.2,Paid Search,AU,variant
ORD-008752,2024-07-04,CUST-02767,cust-02767@lumenmail.com,Furniture,6,182.76,0.1,Organic,ZZ,control
ORD-003207,08/09/2023,CUST-02600,cust-02600@lumenmail.com,Décor,-1,241.23,0.05,Social,CA,
ORD-007764,2024-08-04,CUST-00222,cust-00222@lumenmail.com,Lighting,5,75.12,25.0,Social,US,
ORD-000691,2023-12-12,CUST-00122,cust-00122@lumenmail.com,Furniture,2,21.19,0.0,Email,CA,
ORD-005267,2024-08-07,CUST-01626,cust-01626@lumenmail.com,Lighting,1,6.36,0.0,Paid Search,UK,control
ORD-000660,2023-08-19,CUST-00119,cust-00119@lumenmail.com,Furniture,7,6.98,0.0,Paid Search,US,control
ORD-006508,05/01/2024,,guest@lumenmail.com,Lighting,1,222.24,0.0,Paid Search,US,variant
ORD-001520,2024-01-13,CUST-00348,cust-00348@lumenmail.com,Décor,2,93.66,0.0,Paid Search,UK,
ORD-004767,2024-10-07,CUST-01955,cust-01955@lumenmail.com,Décor,6,170.22,0.1,Paid Search,US,variant
ORD-009271,2024-11-04,CUST-01467,cust-01467@lumenmail.com,Furniture,1,93.1,0.0,Social,US,control
ORD-008928,2024-07-11,CUST-00821,cust-00821@lumenmail.com,Lighting,1,14.76,10.0,Social,US,
ORD-008381,2024-08-30,CUST-02303,cust-02303@lumenmail.com,Furniture,2,198.83,0.1,Paid Search,US,
ORD-002201,2023-06-02,CUST-02779,cust-02779@lumenmail.com,Lighting,3,61.63,0.0,Paid Search,US,control
ORD-007244,2024-08-30,CUST-02681,cust-02681@lumenmail.com,Furniture,4,468.77,0.1,Organic,US,
ORD-001003,19/12/2024,CUST-00232,cust-00232@lumenmail.com,Décor,1,347.8,0.05,Social,UK,variant
ORD-008161,29/12/2024,CUST-01191,cust-01191@lumenmail.com,Lighting,2,320.31,0.2,Paid Search,US,
ORD-005471,2024-10-29,CUST-02998,cust-02998@lumenmail.com,Lighting,-4,43.41,0.0,Email,US,variant
ORD-008322,2023-09-30,,guest@lumenmail.com,Furniture,1,72.13,15.0,Email,US,
ORD-004559,14/11/2024,,guest@lumenmail.com,lighting,4,24.76,0.0,Social,US,control
ORD-006857,2024-01-14,CUST-00018,cust-00018@lumenmail.com,Décor,2,5.35,0.1,Organic,US,control
ORD-006398,2023-12-19,CUST-02997,cust-02997@lumenmail.com,Lighting,1,60.56,0.0,Organic,AU,control
ORD-007395,2023-08-09,CUST-01195,cust-01195@lumenmail.com,Furniture,1,25.88,0.15,Organic,CA,variant
ORD-002200,2023-11-29,CUST-02084,cust-02084@lumenmail.com,Décor,1,29.07,0.0,Paid Search,CA,control
ORD-002847,12/07/2023,CUST-02064,cust-02064@lumenmail.com,Lighting,3,132.52,0.0,Organic,UK,variant
ORD-001822,2023-06-22,CUST-00566,cust-00566@lumenmail.com,Lightng,2,43.88,0.15,Email,CA,
ORD-005134,2023-12-21,CUST-02324,cust-02324@lumenmail.com,Décor,2,241.8,20.0,Email,US,
ORD-004577,2024-04-20,CUST-00318,cust-00318@lumenmail.com,Outdoor,1,79.46,0.0,Email,CA,variant
ORD-001024,2023-10-01,CUST-00224,cust-00224@lumenmail.com,Décor,1,19.26,0.2,Organic,US,variant
ORD-000642,2023-12-27,CUST-02406,cust-02406@lumenmail.com,Lightng,1,270.92,0.2,Organic,US,
ORD-009049,2024-01-23,CUST-02994,cust-02994@lumenmail.com,Lighting,3,82.98,0.0,Social,US,control
ORD-004397,06/09/2024,CUST-01334,cust-01334@lumenmail.com,Décor,1,105.13,0.0,Paid Search,US,control
ORD-006945,2024-07-21,,guest@lumenmail.com,Lighting,4,58.29,0.0,Email,US,variant
ORD-001147,2023-09-26,CUST-02485,cust-02485@lumenmail.com,Accessories,2,32.91,0.0,Organic,US,
ORD-005370,2023-11-24,,guest@lumenmail.com,Furniture,4,20.35,0.05,Email,CA,control
ORD-004599,2023-12-25,CUST-00126,cust-00126@lumenmail.com,Décor,1,13.36,0.0,Paid Search,UK,
ORD-004709,2023-08-04,CUST-00439,cust-00439@lumenmail.com,Furniture,2,85.68,0.25,Organic,US,control
ORD-008520,2024-05-08,,guest@lumenmail.com,Outdoor,1,49.63,0.1,Paid Search,UK,variant
ORD-008406,2024-07-08,CUST-01762,cust-01762@lumenmail.com,Décor,3,131.04,0.05,Paid Search,UK,control
ORD-003220,30/06/2023,CUST-00098,cust-00098@lumenmail.com,Furniture,3,215.4,0.0,Paid Search,US,variant
ORD-001605,2023-06-17,,guest@lumenmail.com,Lighting,2,581.18,0.05,Organic,CA,variant
ORD-009568,2023-08-03,CUST-02812,cust-02812@lumenmail.com,Décor,2,19.82,0.15,Email,CA,control
ORD-002752,2024-09-06,CUST-02434,cust-02434@lumenmail.com,Décor,2,81.35,0.2,Paid Search,AU,control
ORD-000948,2024-07-21,CUST-01924,cust-01924@lumenmail.com,Décor,1,40.5,0.2,,US,
ORD-008975,2024-07-04,CUST-00231,cust-00231@lumenmail.com,Lighting,1,47.83,0.0,Organic,US,
ORD-000876,2023-06-05,CUST-02657,cust-02657@lumenmail.com,Lighting,1,92.8,0.0,Organic,US,control
ORD-006193,2023-09-16,CUST-02238,cust-02238@lumenmail.com,Lighting,1,183.74,0.0,Paid Search,US,
ORD-005125,2024-05-02,CUST-02723,cust-02723@lumenmail.com,Lighting,2,56.35,0.0,,UK,variant
ORD-000471,2024-10-15,CUST-00713,cust-00713@lumenmail.com,Furniture,6,129.42,0.0,Email,UK,
ORD-003717,2024-10-02,CUST-00560,cust-00560@lumenmail.com,Furniture,3,276.24,0.05,Social,US,control
ORD-002638,2024-10-12,CUST-02796,cust-02796@lumenmail.com,Furniture,2,46.43,0.15,Paid Search,US,
ORD-000044,2024-08-05,CUST-01416,cust-01416@lumenmail.com,Furniture,3,198.73,5.0,Email,US,control
ORD-008856,2024-07-25,CUST-00653,cust-00653@lumenmail.com,Furniture,5,21.26,0.15,Paid Search,US,
ORD-006651,2024-06-19,CUST-00489,cust-00489@lumenmail.com,Lightng,4,53.37,0.05,Paid Search,US,control
ORD-009479,2024-11-30,,guest@lumenmail.com,Lighting,5,184.05,0.0,Paid Search,US,control
ORD-004359,2024-11-15,CUST-01959,cust-01959@lumenmail.com,lighting,4,105.0,0.0,Email,US,variant
ORD-005415,2023-12-30,CUST-02721,cust-02721@lumenmail.com,Outdoor,1,107.55,0.0,Organic,UK,control
ORD-007471,2024-01-19,CUST-01875,cust-01875@lumenmail.com,Furniture,2,15.78,0.1,Paid Search,US,
ORD-008547,2024-08-30,CUST-01325,cust-01325@lumenmail.com,Lighting,2,278.43,5.0,Email,US,
ORD-000661,2023-11-18,CUST-00468,cust-00468@lumenmail.com,Lighting,4,342.87,0.05,Paid Search,AU,variant
ORD-009436,06/11/2023,CUST-01175,cust-01175@lumenmail.com,Décor,1,8.66,0.15,Email,CA,
ORD-006101,2024-02-02,CUST-02594,cust-02594@lumenmail.com,Décor,-2,768.46,0.0,Paid Search,US,variant
ORD-004895,23/12/2023,CUST-02064,cust-02064@lumenmail.com,Outdoor,3,197.24,0.1,Paid Search,US,control
ORD-005966,2023-08-02,CUST-01239,cust-01239@lumenmail.com,Lighting,4,392.19,0.0,Organic,US,control
ORD-009388,2024-12-15,CUST-00937,cust-00937@lumenmail.com,Décor,2,361.11,0.15,Email,ZZ,control
ORD-008085,2023-08-18,CUST-01010,cust-01010@lumenmail.com,Décor,3,49.83,0.0,Social,US,control
ORD-000643,2024-10-24,CUST-00332,cust-00332@lumenmail.com,Décor,2,5.32,0.05,Organic,US,variant
ORD-008366,2024-01-14,CUST-02056,cust-02056@lumenmail.com,Furniture,1,41.89,0.05,Paid Search,US,
ORD-005073,2024-10-11,CUST-00014,cust-00014@lumenmail.com,Lighting,1,54.94,20.0,Email,US,variant
ORD-008682,04/01/2024,CUST-00443,cust-00443@lumenmail.com,Décor,1,42.83,0.0,Paid Search,US,
ORD-006503,2024-03-28,CUST-02239,cust-02239@lumenmail.com,Décor,1,53.86,0.05,Email,CA,control
ORD-001887,2023-10-28,CUST-02700,cust-02700@lumenmail.com,Furniture,6,113.04,0.1,Social,US,
ORD-007273,2024-08-03,CUST-01486,cust-01486@lumenmail.com,Accessories,2,177.71,0.0,Organic,US,variant
ORD-003933,2023-07-01,CUST-00168,cust-00168@lumenmail.com,Lighting,1,17.86,0.0,Email,US,variant
ORD-004416,2024-08-11,CUST-01995,cust-01995@lumenmail.com,Furniture,3,48.16,0.0,Paid Search,US,
ORD-002739,2024-06-02,CUST-00132,cust-00132@lumenmail.com,Décor,2,7.72,0.0,Email,CA,
ORD-002063,02/01/2024,CUST-01687,cust-01687@lumenmail.com,Décor,2,188.47,0.1,Paid Search,CA,variant
ORD-004041,2024-07-26,CUST-02557,cust-02557@lumenmail.com,Outdoor,1,14.8,0.2,Email,CA,
ORD-004417,2024-09-20,CUST-01829,cust-01829@lumenmail.com,Outdoor,2,52.08,0.05,Organic,US,
ORD-007245,2024-01-16,CUST-02123,cust-02123@lumenmail.com,Lighting,2,136.71,0.05,Paid Search,US,
ORD-006999,2024-07-29,CUST-00491,cust-00491@lumenmail.com,Décor,2,24.31,0.05,Organic,CA,control
ORD-000325,2024-11-13,CUST-02768,cust-02768@lumenmail.com,Furniture,2,62.47,0.05,Paid Search,CA,control
ORD-002715,2024-08-05,,guest@lumenmail.com,Décor,2,26.71,0.0,Organic,US,control
ORD-000370,2023-12-04,CUST-01463,cust-01463@lumenmail.com,Décor,2,116.86,5.0,Paid Search,CA,
ORD-002472,05/11/2023,CUST-01595,cust-01595@lumenmail.com,Lighting,5,95.57,0.1,Email,US,
ORD-004077,2024-05-27,CUST-02851,cust-02851@lumenmail.com,Furniture,1,309.92,0.0,Paid Search,US,control
ORD-003927,06/12/2023,CUST-00928,cust-00928@lumenmail.com,Outdoor,3,77.85,0.0,Social,US,control
ORD-004986,2024-08-20,CUST-02228,cust-02228@lumenmail.com,Furniture,5,79.87,0.05,Paid Search,UK,variant
ORD-005559,2023-09-20,CUST-01786,cust-01786@lumenmail.com,Décor,1,94.49,0.1,Paid Search,CA,variant
ORD-002843,2024-05-09,CUST-02466,cust-02466@lumenmail.com,Furniture,6,17.63,0.0,Paid Search,US,variant
ORD-005130,,CUST-00274,cust-00274@lumenmail.com,Lighting,1,71.97,0.0,Paid Search,CA,
ORD-005826,2023-12-26,CUST-00235,cust-00235@lumenmail.com,Décor,3,281.56,0.0,Paid Search,US,control
ORD-004280,2023-10-06,CUST-02594,cust-02594@lumenmail.com,Lighting,2,21.89,0.0,Paid Search,CA,
ORD-007478,2023-10-18,CUST-02368,cust-02368@lumenmail.com,Lightng,2,37.17,0.2,Organic,US,
ORD-005123,2024-02-20,CUST-02411,cust-02411@lumenmail.com,Lighting,3,60.76,0.0,Paid Search,UK,control
ORD-009449,2024-01-07,CUST-00995,cust-00995@lumenmail.com,Furniture,2,43.06,0.2,Paid Search,US,
ORD-003446,2024-04-13,CUST-00193,cust-00193@lumenmail.com,Outdoor,4,60.49,0.0,Paid Search,ZZ,
ORD-007307,15/12/2023,CUST-02500,cust-02500@lumenmail.com,Lighting,2,773.56,5.0,Social,US,control
ORD-006486,01/03/2024,CUST-01075,cust-01075@lumenmail.com,Outdoor,1,287.29,0.15,Email,ZZ,control
ORD-004058,2023-12-03,CUST-00214,cust-00214@lumenmail.com,Furniture,1,122.35,0.15,Paid Search,CA,control
ORD-000656,2023-07-02,CUST-01557,cust-01557@lumenmail.com,Décor,4,99.45,0.2,Social,US,variant
ORD-009376,2024-01-13,CUST-01374,cust-01374@lumenmail.com,Décor,4,50.26,0.1,Paid Search,US,
ORD-005221,2024-07-01,CUST-02175,cust-02175@lumenmail.com,Lighting,-1,622.68,0.0,Social,UK,
ORD-002479,2023-07-02,CUST-00590,cust-00590@lumenmail.com,Furniture,4,36.93,0.05,Paid Search,UK,
ORD-004288,2024-09-15,CUST-01696,cust-01696@lumenmail.com,Décor,1,79.87,0.05,Paid Search,US,
ORD-000566,2023-06-13,CUST-01466,cust-01466@lumenmail.com,Décor,1,58.56,0.0,Email,CA,
ORD-007303,2023-11-21,CUST-00997,cust-00997@lumenmail.com,Lighting,1,255.46,0.1,Paid Search,US,control
ORD-003586,01/11/2024,CUST-00025,cust-00025@lumenmail.com,Outdoor,3,496.37,5.0,Email,US,
ORD-008340,2024-02-23,CUST-02027,cust-02027@lumenmail.com,Lighting,1,199.37,0.05,Paid Search,US,
ORD-008240,2024-12-08,CUST-02156,cust-02156@lumenmail.com,Furniture,-4,99.37,0.1,Email,US,variant
ORD-000486,2024-07-24,CUST-02097,cust-02097@lumenmail.com,Furniture,4,60.83,0.05,Organic,UK,control
ORD-002454,2024-11-12,CUST-00827,cust-00827@lumenmail.com,Furniture,2,45.66,0.25,Social,US,
ORD-007114,23/06/2023,CUST-02448,cust-02448@lumenmail.com,Lighting,6,185.03,0.0,Organic,CA,variant
ORD-005637,2024-04-21,CUST-01896,cust-01896@lumenmail.com,Décor,1,135.78,0.0,Social,US,
ORD-008072,2024-10-24,CUST-01585,cust-01585@lumenmail.com,Furniture,2,193.73,0.25,Paid Search,UK,variant
ORD-008970,2024-11-10,CUST-02025,cust-02025@lumenmail.com,lighting,1,12.32,0.0,Paid Search,US,
ORD-005313,2024-04-14,CUST-00127,cust-00127@lumenmail.com,Accessories,3,33.88,0.05,Paid Search,CA,
ORD-003113,09/06/2023,CUST-00462,cust-00462@lumenmail.com,Lighting,3,154.98,0.15,,US,control
ORD-002551,2024-10-04,CUST-02067,cust-02067@lumenmail.com,Outdoor,2,97.75,0.1,Organic,CA,control
ORD-003204,23/09/2024,CUST-02165,cust-02165@lumenmail.com,Décor,1,97.65,0.1,Social,CA,control
ORD-004803,2024-02-12,CUST-02389,cust-02389@lumenmail.com,Outdoor,4,6.16,0.0,Email,US,
ORD-008430,2024-05-24,CUST-01301,cust-01301@lumenmail.com,Outdoor,2,61.6,0.25,Paid Search,US,variant
ORD-000678,2024-09-10,CUST-01245,cust-01245@lumenmail.com,Lighting,2,96.43,0.05,Organic,US,
ORD-005282,2024-09-29,CUST-01677,cust-01677@lumenmail.com,Lighting,6,150.72,0.15,Email,ZZ,
ORD-004876,2024-09-30,CUST-00725,cust-00725@lumenmail.com,Décor,1,24.08,15.0,Email,US,
ORD-002205,2024-12-02,CUST-02617,cust-02617@lumenmail.com,Outdoor,4,193.56,0.25,Paid Search,CA,
ORD-008333,2024-11-25,CUST-02948,cust-02948@lumenmail.com,Décor,4,598.97,0.0,Paid Search,ZZ,variant
ORD-003312,2024-12-20,CUST-00865,cust-00865@lumenmail.com,Décor,1,10.69,0.0,Paid Search,US,
ORD-005651,2024-07-30,CUST-00391,cust-00391@lumenmail.com,Décor,1,175.24,0.0,,US,
ORD-007073,2023-06-03,CUST-00783,cust-00783@lumenmail.com,Furniture,2,100.71,0.0,Email,US,variant
ORD-002626,2024-09-21,CUST-01926,cust-01926@lumenmail.com,Lighting,2,10.75,0.0,Paid Search,UK,
ORD-009032,2024-12-19,CUST-02609,cust-02609@lumenmail.com,Furniture,4,76.62,15.0,Paid Search,UK,variant
ORD-000293,2024-02-17,CUST-00719,cust-00719@lumenmail.com,lighting,2,49.29,0.0,,US,control
ORD-006846,2024-05-01,CUST-01094,cust-01094@lumenmail.com,Furniture,3,205.73,0.0,Paid Search,US,
ORD-004109,2024-01-17,CUST-01644,cust-01644@lumenmail.com,Outdoor,4,11.93,0.0,Organic,US,
ORD-004536,2024-04-27,CUST-01517,cust-01517@lumenmail.com,Furniture,4,316.09,0.0,Paid Search,US,variant
ORD-003790,2024-04-07,CUST-01197,cust-01197@lumenmail.com,Lighting,1,74.1,0.0,Organic,US,variant
ORD-000803,2024-02-14,CUST-02718,cust-02718@lumenmail.com,Lighting,2,284.91,0.15,Email,UK,control
ORD-006063,2023-09-26,CUST-02352,cust-02352@lumenmail.com,Furniture,2,270.16,0.0,Paid Search,US,control
ORD-000273,2023-06-07,CUST-02008,cust-02008@lumenmail.com,Lighting,1,180.88,0.0,Paid Search,US,
ORD-005446,2024-04-29,CUST-00637,cust-00637@lumenmail.com,Décor,1,87.95,0.0,Paid Search,CA,
ORD-008512,2023-10-24,CUST-00081,cust-00081@lumenmail.com,Outdoor,3,98.11,10.0,Email,UK,control
ORD-003010,2024-05-19,,guest@lumenmail.com,Décor,2,76.79,0.15,Email,UK,control
ORD-002154,2023-12-23,CUST-01402,cust-01402@lumenmail.com,Lighting,6,67.65,10.0,Social,US,control
ORD-005668,2024-07-02,CUST-01533,cust-01533@lumenmail.com,Lighting,1,33.97,0.0,Organic,US,
ORD-000278,11/10/2023,CUST-01965,cust-01965@lumenmail.com,Lighting,6,225.5,0.0,Organic,US,control
ORD-006254,2024-07-25,CUST-01489,cust-01489@lumenmail.com,Décor,1,50.7,0.2,Paid Search,US,variant
ORD-000525,2024-06-13,CUST-00381,cust-00381@lumenmail.com,Lighting,3,156.66,0.0,Organic,US,
ORD-000136,2024-05-13,CUST-00714,cust-00714@lumenmail.com,Furniture,1,119.49,0.05,Paid Search,UK,variant
ORD-001296,2024-04-20,CUST-00725,cust-00725@lumenmail.com,Outdoor,2,79.27,0.0,Paid Search,US,control
ORD-002058,2024-03-18,CUST-02749,cust-02749@lumenmail.com,Lighting,2,40.85,0.0,Paid Search,US,control
ORD-009202,22/11/2023,CUST-01007,cust-01007@lumenmail.com,Décor,3,155.56,0.2,Paid Search,AU,
ORD-003150,2023-07-10,CUST-01306,cust-01306@lumenmail.com,Décor,1,397.55,0.05,Organic,US,
ORD-006724,2024-09-14,CUST-01502,cust-01502@lumenmail.com,Décor,2,38.94,0.0,Paid Search,CA,
ORD-007310,2024-06-03,CUST-02594,cust-02594@lumenmail.com,Décor,1,46.35,0.05,Social,US,control
ORD-004465,2024-10-23,CUST-00871,cust-00871@lumenmail.com,Accessories,5,127.75,0.0,Paid Search,US,control
ORD-001412,2024-03-22,CUST-02911,cust-02911@lumenmail.com,Lighting,1,53.47,0.05,Social,US,
ORD-002386,2023-12-05,CUST-01538,cust-01538@lumenmail.com,Décor,1,279.63,0.05,Email,UK,control
ORD-002678,09/12/2023,CUST-01334,cust-01334@lumenmail.com,Décor,4,523.0,5.0,Email,US,control
ORD-008256,2024-10-25,CUST-00170,cust-00170@lumenmail.com,Furniture,2,324.89,25.0,,US,control
ORD-009335,09/04/2024,CUST-00690,cust-00690@lumenmail.com,Décor,1,124.5,0.0,Paid Search,US,variant
ORD-002206,2024-10-29,CUST-00126,cust-00126@lumenmail.com,Furniture,1,154.67,0.0,Organic,US,
ORD-001505,,CUST-00204,cust-00204@lumenmail.com,Décor,3,389.34,0.1,Paid Search,US,
ORD-000228,2024-06-01,CUST-02496,cust-02496@lumenmail.com,Accessories,2,48.46,20.0,Organic,US,
ORD-005913,2024-11-10,CUST-00398,cust-00398@lumenmail.com,Furniture,1,27.58,5.0,Email,AU,variant
ORD-008042,2024-03-06,CUST-00793,cust-00793@lumenmail.com,Décor,1,90.0,0.15,Social,US,
ORD-000172,2024-08-04,CUST-02823,cust-02823@lumenmail.com,Lighting,1,97.58,0.0,Paid Search,US,variant
ORD-000239,2023-09-08,CUST-02868,cust-02868@lumenmail.com,Lighting,3,43.61,0.1,Organic,UK,control
ORD-000001,2023-06-09,CUST-00200,cust-00200@lumenmail.com,Furniture,2,75.02,0.1,Email,US,variant
ORD-000312,2024-06-22,CUST-00679,cust-00679@lumenmail.com,Décor,1,13.33,0.15,Organic,US,
ORD-000638,2023-07-16,CUST-00963,cust-00963@lumenmail.com,Lighting,2,95.49,0.1,Paid Search,US,
ORD-002696,29/10/2023,CUST-01118,cust-01118@lumenmail.com,Outdoor,1,47.94,0.0,Email,US,
ORD-009012,2023-10-30,CUST-00819,cust-00819@lumenmail.com,Furniture,2,37.31,0.0,Paid Search,US,variant
ORD-002384,2023-10-22,CUST-01029,cust-01029@lumenmail.com,Lighting,2,33.1,0.0,Organic,US,variant
ORD-001676,2024-10-31,,guest@lumenmail.com,Lighting,1,23.35,15.0,Paid Search,CA,control
ORD-008893,2023-06-14,CUST-00290,cust-00290@lumenmail.com,Accessories,5,97.7,0.0,Email,US,
ORD-003286,2024-01-01,CUST-01605,cust-01605@lumenmail.com,Lighting,2,70.08,0.0,Social,US,control
ORD-001582,2024-07-30,CUST-00201,cust-00201@lumenmail.com,Lighting,1,49.95,0.05,Social,US,control
ORD-007824,21/06/2023,CUST-02844,cust-02844@lumenmail.com,Décor,1,516.62,0.0,Email,US,control
ORD-002277,2024-10-09,,guest@lumenmail.com,Outdoor,4,199.26,10.0,Paid Search,CA,variant
ORD-003498,2024-06-15,CUST-02697,cust-02697@lumenmail.com,Lighting,1,36.66,0.15,Paid Search,US,control
ORD-001102,2024-10-19,CUST-00815,cust-00815@lumenmail.com,Furniture,2,44.86,0.05,Paid Search,AU,control
ORD-006806,2023-12-21,CUST-01926,cust-01926@lumenmail.com,Furniture,2,98.62,0.1,Organic,US,variant
ORD-008399,2024-04-11,CUST-00731,cust-00731@lumenmail.com,Furniture,1,68.93,0.05,Social,US,
ORD-001864,2023-12-10,CUST-02280,cust-02280@lumenmail.com,Outdoor,1,68.97,10.0,Paid Search,AU,variant
ORD-009294,2024-03-04,CUST-01794,cust-01794@lumenmail.com,Lighting,2,82.63,0.0,Organic,US,control
ORD-006527,2023-10-08,CUST-00122,cust-00122@lumenmail.com,Décor,4,621.54,0.1,Organic,US,
ORD-008504,2023-09-12,CUST-01303,cust-01303@lumenmail.com,Décor,1,124.62,0.05,Paid Search,US,
ORD-006894,2024-11-27,CUST-00037,cust-00037@lumenmail.com,Décor,6,86.89,0.0,Organic,ZZ,
ORD-004011,2023-08-25,CUST-02166,cust-02166@lumenmail.com,Furniture,3,0.0,0.0,,US,variant
ORD-006611,2023-09-12,CUST-00807,cust-00807@lumenmail.com,Outdoor,1,65.79,0.0,Paid Search,US,
ORD-000722,02/06/2023,CUST-00126,cust-00126@lumenmail.com,Outdoor,3,63.53,0.0,,CA,
ORD-001028,2023-11-18,,guest@lumenmail.com,Furniture,1,74.36,0.0,Email,US,
ORD-006035,16/08/2024,CUST-00156,cust-00156@lumenmail.com,Lighting,1,181.65,0.0,Email,US,variant
ORD-000155,2024-05-28,CUST-00194,cust-00194@lumenmail.com,Furniture,2,35.3,0.05,Paid Search,US,control
ORD-001823,02/10/2024,CUST-00505,cust-00505@lumenmail.com,Furniture,1,89.1,0.0,Email,US,control
ORD-005045,2024-10-23,CUST-00612,cust-00612@lumenmail.com,Décor,3,30.74,0.0,Paid Search,US,
ORD-003891,2023-10-26,,guest@lumenmail.com,Accessories,1,48.7,0.0,Email,CA,variant
ORD-002037,2023-11-10,CUST-02141,cust-02141@lumenmail.com,Décor,1,45.81,0.05,Email,US,
ORD-006077,2024-09-29,CUST-01723,cust-01723@lumenmail.com,Lighting,2,114.77,0.0,Social,CA,
ORD-002848,2023-12-08,CUST-01109,cust-01109@lumenmail.com,Outdoor,1,67.23,0.0,Email,US,control
ORD-002794,2024-08-04,CUST-00130,cust-00130@lumenmail.com,Lighting,2,22.14,0.0,Email,US,
ORD-008027,2023-11-29,CUST-01522,cust-01522@lumenmail.com,Lighting,3,94.75,5.0,Paid Search,US,
ORD-005396,2024-10-06,CUST-02686,cust-02686@lumenmail.com,Décor,3,65.76,0.2,Paid Search,UK,control
ORD-008944,2024-04-23,CUST-01824,cust-01824@lumenmail.com,Décor,1,563.14,0.0,Email,US,control
ORD-002156,2023-06-13,CUST-00112,cust-00112@lumenmail.com,Lighting,2,190.31,0.1,Email,US,control
ORD-002168,2023-07-19,CUST-02393,cust-02393@lumenmail.com,Furniture,3,71.44,0.0,Email,UK,control
ORD-006433,2024-11-27,CUST-00296,cust-00296@lumenmail.com,Outdoor,1,59.02,0.15,Organic,US,
ORD-002694,2024-03-24,CUST-00435,cust-00435@lumenmail.com,Furniture,4,86.48,0.0,Social,US,
ORD-009122,2023-08-30,CUST-01307,cust-01307@lumenmail.com,Lighting,1,66.08,0.0,Paid Search,US,
ORD-000521,2024-12-03,CUST-02591,cust-02591@lumenmail.com,Lighting,1,163.92,0.0,Email,CA,
ORD-000684,2023-12-06,,guest@lumenmail.com,Décor,5,202.28,0.0,Email,US,variant
ORD-003947,2024-07-20,CUST-02282,cust-02282@lumenmail.com,Lighting,1,375.34,0.1,Paid Search,US,variant
ORD-005147,2023-10-04,CUST-02869,cust-02869@lumenmail.com,Outdoor,2,132.11,0.05,,CA,variant
ORD-005293,2024-06-18,CUST-02471,cust-02471@lumenmail.com,Accessories,5,76.23,0.0,Paid Search,US,
ORD-007810,2024-05-17,CUST-00316,cust-00316@lumenmail.com,Lighting,1,60.47,0.05,Email,US,control
ORD-002749,2024-12-25,,guest@lumenmail.com,Décor,4,54.08,0.1,Paid Search,CA,variant
ORD-003486,10/09/2024,CUST-01707,cust-01707@lumenmail.com,Décor,1,11.74,0.0,Organic,US,control
ORD-003550,2023-10-24,CUST-00090,cust-00090@lumenmail.com,Furniture,1,380.1,10.0,Paid Search,US,variant
ORD-002485,2023-06-01,CUST-01775,cust-01775@lumenmail.com,lighting,1,45.16,0.0,Email,US,control
ORD-006776,2024-07-23,CUST-00345,cust-00345@lumenmail.com,Lighting,2,9.52,0.1,Organic,US,variant
ORD-000441,2024-12-05,CUST-02455,cust-02455@lumenmail.com,Lighting,2,5.26,0.0,Organic,US,
ORD-008039,2024-09-14,CUST-01943,cust-01943@lumenmail.com,Furniture,1,18.52,0.0,Paid Search,US,
ORD-001196,2024-11-07,CUST-00331,cust-00331@lumenmail.com,Accessories,1,56.08,0.0,Social,US,
ORD-000579,2024-01-22,,guest@lumenmail.com,lighting,1,564.06,0.0,Paid Search,US,variant
ORD-002764,2023-12-20,CUST-00065,cust-00065@lumenmail.com,Lighting,1,9.5,0.0,Email,US,variant
ORD-005773,2024-07-11,CUST-00881,cust-00881@lumenmail.com,Décor,1,207.88,0.1,Email,US,control
ORD-000904,,CUST-00248,cust-00248@lumenmail.com,Décor,4,91.69,0.0,Paid Search,CA,control
ORD-001980,2024-12-09,CUST-00158,cust-00158@lumenmail.com,Outdoor,2,136.58,0.2,Email,US,variant
ORD-009418,19/10/2023,CUST-00474,cust-00474@lumenmail.com,Lighting,1,33.13,0.0,Email,US,
ORD-006629,2023-09-08,CUST-00459,cust-00459@lumenmail.com,Lighting,1,33.6,0.05,Email,US,control
ORD-005020,2024-10-26,CUST-02164,cust-02164@lumenmail.com,Décor,1,183.53,0.05,Paid Search,UK,control
ORD-004349,16/12/2024,CUST-02415,cust-02415@lumenmail.com,Lighting,1,14.04,0.05,Email,AU,variant
ORD-001518,2023-06-20,,guest@lumenmail.com,Lighting,1,21.8,0.0,Email,US,variant
ORD-006610,2023-12-16,CUST-01792,cust-01792@lumenmail.com,Furniture,2,122.02,0.1,Organic,AU,
ORD-001902,2024-01-30,CUST-01019,cust-01019@lumenmail.com,Lighting,1,396.49,0.05,Organic,US,variant
ORD-008151,2023-07-16,CUST-00585,cust-00585@lumenmail.com,Outdoor,3,30.73,0.1,Paid Search,CA,variant
ORD-002349,2023-12-27,CUST-00272,cust-00272@lumenmail.com,Lighting,5,37.73,0.0,Paid Search,US,control
ORD-003580,12/07/2023,CUST-00504,cust-00504@lumenmail.com,Furniture,1,785.32,0.05,Paid Search,US,
ORD-000603,2023-10-02,CUST-00836,cust-00836@lumenmail.com,Outdoor,2,104.62,0.05,Paid Search,US,control
ORD-004605,2023-06-21,CUST-02099,cust-02099@lumenmail.com,Lighting,1,7.23,0.1,Organic,US,control
ORD-003141,2024-12-18,CUST-00413,cust-00413@lumenmail.com,Outdoor,3,214.8,0.0,Email,CA,control
ORD-004367,2023-07-30,CUST-02914,cust-02914@lumenmail.com,Décor,5,614.11,10.0,Paid Search,US,variant
ORD-004181,2024-02-06,,guest@lumenmail.com,Lighting,2,47.07,0.0,Paid Search,US,variant
ORD-002554,2024-03-14,CUST-02285,cust-02285@lumenmail.com,Outdoor,1,88.73,0.0,Paid Search,CA,
ORD-003296,2024-02-03,CUST-00499,cust-00499@lumenmail.com,Lighting,2,21.96,0.05,Organic,ZZ,control
ORD-005392,2024-06-09,CUST-02304,cust-02304@lumenmail.com,Accessories,1,177.48,0.2,Paid Search,US,control
ORD-006357,2024-05-26,CUST-01195,cust-01195@lumenmail.com,Lighting,3,76.47,0.15,Email,US,variant
ORD-007894,2024-06-19,CUST-01633,cust-01633@lumenmail.com,Furniture,1,278.45,0.1,Paid Search,US,
ORD-008153,2024-09-22,CUST-01722,cust-01722@lumenmail.com,Décor,1,0.0,0.15,Paid Search,US,control
ORD-007686,2024-01-24,CUST-02059,cust-02059@lumenmail.com,Lighting,1,73.08,0.0,Email,US,
ORD-007457,2024-09-07,CUST-02974,cust-02974@lumenmail.com,Furniture,1,180.51,0.0,Paid Search,US,control
ORD-007956,2023-07-08,CUST-01953,cust-01953@lumenmail.com,Lighting,1,65.96,0.0,Organic,US,variant
ORD-000528,2023-10-01,,guest@lumenmail.com,Furniture,1,29.58,0.05,Paid Search,US,
ORD-006488,2023-09-15,CUST-02462,cust-02462@lumenmail.com,Lighting,4,61.71,0.05,Organic,US,variant
ORD-009186,07/05/2024,CUST-01975,cust-01975@lumenmail.com,Décor,1,278.88,0.05,Organic,US,
ORD-006470,2023-10-15,CUST-01040,cust-01040@lumenmail.com,Lighting,1,335.64,0.0,Organic,US,control
ORD-005101,25/07/2023,CUST-01198,cust-01198@lumenmail.com,Furniture,1,67.89,0.0,Paid Search,US,
ORD-000356,2024-08-17,CUST-01699,cust-01699@lumenmail.com,Accessories,2,359.94,0.0,Organic,UK,
ORD-000699,2024-06-28,CUST-01406,cust-01406@lumenmail.com,Lighting,1,51.35,0.0,Email,US,
ORD-007293,2023-12-23,CUST-01756,cust-01756@lumenmail.com,Décor,1,38.48,0.05,Social,US,control
ORD-004719,2024-01-04,CUST-01652,cust-01652@lumenmail.com,Décor,6,465.8,0.0,Email,US,control
ORD-003743,2023-12-16,CUST-00643,cust-00643@lumenmail.com,Outdoor,1,194.49,0.0,Organic,US,control
ORD-004831,2023-12-01,CUST-01593,cust-01593@lumenmail.com,Décor,2,81.54,0.05,Email,US,variant
ORD-001268,2024-02-08,CUST-02726,cust-02726@lumenmail.com,Lighting,4,43.07,0.1,Email,UK,variant
ORD-004356,2023-08-30,,guest@lumenmail.com,Lighting,-2,288.39,0.1,Organic,US,
ORD-004185,2024-04-25,CUST-01680,cust-01680@lumenmail.com,Décor,3,93.67,0.1,Email,AU,
ORD-002568,2024-12-16,CUST-00036,cust-00036@lumenmail.com,Décor,1,156.88,0.1,Organic,AU,variant
ORD-009576,2024-04-05,CUST-02729,cust-02729@lumenmail.com,Accessories,3,282.66,10.0,Organic,CA,control
ORD-000812,2023-06-10,CUST-02143,cust-02143@lumenmail.com,Décor,2,10.98,0.05,Paid Search,AU,control
ORD-002920,2024-10-21,CUST-00379,cust-00379@lumenmail.com,Décor,3,5.36,0.1,Email,US,control
ORD-003142,2024-07-03,CUST-00247,cust-00247@lumenmail.com,Décor,1,22.99,0.0,Organic,US,control
ORD-009571,2023-11-30,CUST-00581,cust-00581@lumenmail.com,Décor,2,280.28,0.05,Paid Search,US,control
ORD-001958,2023-06-03,CUST-02717,cust-02717@lumenmail.com,Décor,2,148.09,10.0,Email,US,
ORD-003365,2023-09-14,CUST-01302,cust-01302@lumenmail.com,Lightng,1,50.99,0.0,Organic,AU,variant
ORD-009245,2023-09-15,CUST-02393,cust-02393@lumenmail.com,lighting,1,325.15,0.1,Organic,US,
ORD-001394,2024-08-16,CUST-02825,cust-02825@lumenmail.com,Furniture,3,60.26,0.0,Social,ZZ,
ORD-002219,2024-02-03,CUST-02310,cust-02310@lumenmail.com,Lighting,4,32.05,0.0,Social,US,variant
ORD-001273,2024-10-19,CUST-01491,cust-01491@lumenmail.com,Lighting,1,89.03,0.0,Social,UK,
ORD-007456,2024-07-30,CUST-00370,cust-00370@lumenmail.com,Décor,1,379.75,0.15,Social,UK,
ORD-008461,2024-09-03,CUST-00265,cust-00265@lumenmail.com,Décor,2,354.49,0.0,Email,US,variant
ORD-001377,2023-11-30,CUST-02647,cust-02647@lumenmail.com,Lightng,1,43.57,0.15,Paid Search,US,
ORD-000203,2023-07-10,CUST-01073,cust-01073@lumenmail.com,Lighting,1,38.42,0.1,,US,variant
ORD-005539,2024-05-01,,guest@lumenmail.com,Furniture,1,96.17,0.25,Paid Search,US,
ORD-006053,2024-12-24,CUST-02145,cust-02145@lumenmail.com,Lightng,1,14.35,0.15,,US,control
ORD-004346,2024-11-28,CUST-00431,cust-00431@lumenmail.com,Accessories,1,70.27,0.15,Social,ZZ,variant
ORD-009217,2024-06-03,CUST-02337,cust-02337@lumenmail.com,Décor,5,39.72,5.0,Email,US,
ORD-001459,14/07/2024,CUST-02992,cust-02992@lumenmail.com,Lightng,1,49.45,0.0,Paid Search,US,control
ORD-000540,04/09/2023,CUST-01886,cust-01886@lumenmail.com,Lighting,1,298.75,0.05,Social,US,control
ORD-007236,19/01/2024,CUST-01701,cust-01701@lumenmail.com,Furniture,1,168.63,0.0,Email,UK,variant
ORD-001874,2024-05-17,CUST-02628,cust-02628@lumenmail.com,Décor,2,27.56,0.1,Email,US,
ORD-007947,2023-08-27,CUST-01110,cust-01110@lumenmail.com,Furniture,4,314.82,0.2,Social,US,control
ORD-004132,2023-11-24,CUST-00650,cust-00650@lumenmail.com,Décor,2,23.29,0.0,Email,US,
ORD-003995,2023-06-11,CUST-01408,cust-01408@lumenmail.com,Lighting,1,742.68,0.15,Email,US,
ORD-006943,2024-12-07,CUST-02398,cust-02398@lumenmail.com,Furniture,4,98.4,0.0,Paid Search,CA,control
ORD-001558,2024-10-01,CUST-02233,cust-02233@lumenmail.com,Furniture,3,81.26,0.0,Social,AU,
ORD-008051,2024-01-25,CUST-01644,cust-01644@lumenmail.com,Furniture,4,163.0,0.0,Paid Search,US,control
ORD-004770,2023-10-29,CUST-02080,cust-02080@lumenmail.com,Furniture,1,199.56,0.0,Email,UK,variant
ORD-003599,2023-12-06,CUST-01407,cust-01407@lumenmail.com,lighting,2,137.64,0.0,Email,US,variant
ORD-006626,2024-02-01,,guest@lumenmail.com,Lighting,3,35.47,0.0,Social,US,control
ORD-005704,,CUST-02629,cust-02629@lumenmail.com,Décor,6,100.87,10.0,Email,US,control
ORD-005367,2024-11-21,CUST-00716,cust-00716@lumenmail.com,Décor,4,66.03,0.2,Organic,US,
ORD-004209,2024-11-05,CUST-00781,cust-00781@lumenmail.com,Lighting,4,359.95,0.0,Email,US,variant
ORD-008495,2023-09-13,CUST-02653,cust-02653@lumenmail.com,Lighting,1,28.67,0.15,Paid Search,US,
ORD-007768,2023-07-25,CUST-01049,cust-01049@lumenmail.com,Décor,4,135.34,0.0,Social,US,
ORD-006413,20/05/2024,CUST-01219,cust-01219@lumenmail.com,Lighting,2,118.63,10.0,Social,CA,control
ORD-003408,2024-06-18,CUST-02839,cust-02839@lumenmail.com,Accessories,1,17.58,0.0,Social,US,variant
ORD-006021,2024-08-10,CUST-01642,cust-01642@lumenmail.com,Décor,2,134.63,0.0,Paid Search,UK,
ORD-008977,2023-10-07,CUST-01094,cust-01094@lumenmail.com,Décor,2,111.04,0.0,Social,UK,
ORD-000654,2024-05-15,CUST-00457,cust-00457@lumenmail.com,Lighting,1,356.01,0.1,Paid Search,US,variant
ORD-003509,2024-01-03,CUST-02030,cust-02030@lumenmail.com,Lighting,1,74.05,0.0,Email,US,control
ORD-000434,2023-11-30,CUST-00206,cust-00206@lumenmail.com,Décor,2,63.62,0.0,Paid Search,US,
ORD-003843,2024-03-09,CUST-01281,cust-01281@lumenmail.com,Accessories,-3,13.8,0.0,Email,US,
ORD-007927,2023-10-12,CUST-01069,cust-01069@lumenmail.com,Décor,2,145.21,0.0,Paid Search,US,control
ORD-000106,,CUST-00928,cust-00928@lumenmail.com,Lighting,1,99.58,0.05,Organic,US,variant
ORD-008500,2024-02-14,,guest@lumenmail.com,Lighting,1,91.48,0.0,Paid Search,US,
ORD-005758,2024-03-29,CUST-02322,cust-02322@lumenmail.com,Furniture,1,41.34,0.1,Social,US,
ORD-004679,2024-11-03,CUST-01633,cust-01633@lumenmail.com,Lighting,2,318.68,0.05,Social,US,control
ORD-008088,2024-11-05,CUST-00556,cust-00556@lumenmail.com,Furniture,1,194.1,0.0,Email,CA,variant
ORD-001152,2023-09-24,CUST-01100,cust-01100@lumenmail.com,Décor,2,41.24,0.0,Paid Search,UK,
ORD-006031,2024-08-07,CUST-00755,cust-00755@lumenmail.com,Furniture,1,19.59,0.25,Email,UK,control
ORD-004797,2024-04-22,CUST-00187,cust-00187@lumenmail.com,Furniture,2,85.41,0.0,Email,US,control
ORD-003808,2023-11-18,CUST-00725,cust-00725@lumenmail.com,Accessories,5,6.67,0.05,Paid Search,US,variant
ORD-007589,2023-10-20,CUST-02073,cust-02073@lumenmail.com,Outdoor,2,50.75,0.2,Organic,US,
ORD-005986,14/08/2023,,guest@lumenmail.com,Décor,1,49.64,25.0,Organic,UK,control
ORD-002981,2024-05-05,,guest@lumenmail.com,Décor,5,6.13,0.15,Social,UK,variant
ORD-007428,2023-06-28,CUST-01330,cust-01330@lumenmail.com,Lighting,1,44.32,5.0,Organic,ZZ,control
ORD-001398,2024-06-16,CUST-02555,cust-02555@lumenmail.com,Décor,2,145.97,0.05,Paid Search,US,variant
ORD-001293,2023-11-03,CUST-02859,cust-02859@lumenmail.com,Décor,1,7.5,10.0,Email,CA,control
ORD-009221,2024-07-24,CUST-00595,cust-00595@lumenmail.com,Accessories,2,448.0,0.0,,US,control
ORD-003468,2024-12-28,CUST-02925,cust-02925@lumenmail.com,Décor,3,12.1,0.2,Email,UK,control
ORD-000314,2023-06-18,CUST-00007,cust-00007@lumenmail.com,Lighting,3,22.51,0.1,Email,AU,variant
ORD-000968,2023-07-17,CUST-02714,cust-02714@lumenmail.com,Furniture,1,52.96,0.0,Paid Search,CA,
ORD-007458,19/07/2023,CUST-01627,cust-01627@lumenmail.com,Lighting,1,722.03,0.1,Organic,US,control
ORD-002703,2023-12-13,CUST-00013,cust-00013@lumenmail.com,Décor,3,91.04,0.1,Paid Search,US,control
ORD-001371,2024-09-13,CUST-01630,cust-01630@lumenmail.com,Décor,2,327.98,0.0,Paid Search,US,
ORD-000396,2024-03-14,CUST-00987,cust-00987@lumenmail.com,Outdoor,1,253.86,0.0,Email,US,
ORD-001642,2024-04-29,CUST-01199,cust-01199@lumenmail.com,Lighting,1,115.4,0.1,Organic,US,control
ORD-000066,2024-07-25,CUST-00032,cust-00032@lumenmail.com,Lighting,1,138.73,0.1,Social,US,
ORD-001032,2023-07-08,CUST-01766,cust-01766@lumenmail.com,Furniture,1,24.63,0.1,Email,AU,variant
ORD-006502,2023-12-14,,guest@lumenmail.com,Furniture,2,129.86,0.0,Paid Search,US,
ORD-000460,2024-09-18,CUST-01426,cust-01426@lumenmail.com,Accessories,1,472.94,0.0,Social,US,variant
ORD-003134,2024-04-09,CUST-02748,cust-02748@lumenmail.com,Outdoor,3,8.94,0.1,Organic,UK,control
ORD-007528,04/06/2024,CUST-02273,cust-02273@lumenmail.com,Outdoor,2,85.98,0.0,Social,US,
ORD-007434,23/12/2023,CUST-01798,cust-01798@lumenmail.com,Outdoor,4,157.68,0.0,Email,CA,control
ORD-003923,2023-10-10,CUST-02445,cust-02445@lumenmail.com,Lighting,2,34.95,0.0,Organic,UK,control
ORD-008309,2024-09-21,CUST-01686,cust-01686@lumenmail.com,Lighting,1,82.32,0.0,Paid Search,US,variant
ORD-006376,04/10/2024,CUST-02895,cust-02895@lumenmail.com,Lighting,-1,155.77,0.0,Paid Search,US,control
ORD-003788,2024-11-07,CUST-02239,cust-02239@lumenmail.com,Furniture,3,5.06,0.0,Organic,US,
ORD-002045,2024-04-08,CUST-00489,cust-00489@lumenmail.com,Lighting,1,104.73,0.25,,US,variant
ORD-009022,30/06/2024,CUST-00920,cust-00920@lumenmail.com,Lighting,1,129.41,20.0,Paid Search,CA,control
ORD-004426,2024-09-24,CUST-01639,cust-01639@lumenmail.com,Accessories,1,46.0,0.05,Social,US,variant
ORD-004431,2023-09-23,CUST-00887,cust-00887@lumenmail.com,Décor,2,129.88,0.05,Organic,CA,variant
ORD-004493,2024-04-25,CUST-00661,cust-00661@lumenmail.com,Lighting,6,38.84,0.0,Paid Search,US,
ORD-005157,2023-12-13,CUST-02966,cust-02966@lumenmail.com,Lighting,1,24.3,0.05,Email,US,variant
ORD-001010,2023-06-03,CUST-02418,cust-02418@lumenmail.com,Lighting,1,38.74,0.0,Email,CA,
ORD-002614,2024-05-04,,guest@lumenmail.com,Accessories,2,93.85,0.2,Email,CA,control
ORD-002776,18/01/2024,CUST-00834,cust-00834@lumenmail.com,Lighting,1,162.73,0.15,Organic,AU,variant
ORD-002318,2023-06-24,CUST-00223,cust-00223@lumenmail.com,Décor,1,22.93,0.0,,US,
ORD-009143,2023-09-14,CUST-02047,cust-02047@lumenmail.com,Lighting,4,21.18,0.2,Email,US,
ORD-002192,2024-03-26,CUST-01773,cust-01773@lumenmail.com,Lighting,2,96.83,0.0,Paid Search,US,variant
ORD-008374,27/08/2023,CUST-01450,cust-01450@lumenmail.com,Lighting,1,75.37,0.0,Social,US,
ORD-004897,2024-09-14,CUST-01034,cust-01034@lumenmail.com,Furniture,1,7.91,0.05,Organic,US,
ORD-002919,2023-09-18,CUST-00205,cust-00205@lumenmail.com,Furniture,2,41.8,0.1,Organic,US,
ORD-005244,2024-07-30,CUST-00926,cust-00926@lumenmail.com,Lighting,1,66.48,0.2,Email,US,
ORD-003573,2024-11-26,CUST-01131,cust-01131@lumenmail.com,Lighting,4,349.45,0.0,Email,US,
ORD-002861,08/11/2023,CUST-02681,cust-02681@lumenmail.com,Décor,1,38.36,0.0,Organic,US,
ORD-002387,2024-07-06,CUST-00211,cust-00211@lumenmail.com,Lighting,1,22.21,20.0,Email,US,variant
ORD-007978,2024-08-03,CUST-00649,cust-00649@lumenmail.com,Furniture,1,35.65,0.0,Paid Search,CA,variant
ORD-006730,29/11/2024,CUST-00353,cust-00353@lumenmail.com,Outdoor,-2,313.5,0.1,Paid Search,US,control
ORD-000784,2024-09-16,CUST-01592,cust-01592@lumenmail.com,Lighting,1,12.38,0.0,Social,US,control
ORD-003606,2024-08-13,CUST-01562,cust-01562@lumenmail.com,Accessories,1,77.9,0.2,Organic,UK,
ORD-002430,2024-05-21,CUST-00937,cust-00937@lumenmail.com,Lighting,4,646.66,20.0,Social,US,
ORD-006037,17/04/2024,CUST-00769,cust-00769@lumenmail.com,Décor,2,129.06,0.15,Email,US,variant
ORD-002267,2024-10-08,CUST-02295,cust-02295@lumenmail.com,Outdoor,1,180.36,0.05,Email,AU,
ORD-005239,2023-08-11,,guest@lumenmail.com,Décor,4,42.79,0.05,Paid Search,CA,variant
ORD-001479,07/09/2023,CUST-00522,cust-00522@lumenmail.com,Furniture,1,11.82,0.0,Email,US,
ORD-003266,2024-04-27,CUST-00421,cust-00421@lumenmail.com,Outdoor,1,78.86,0.0,,ZZ,variant
ORD-005912,2024-07-08,CUST-00716,cust-00716@lumenmail.com,Décor,1,10.67,0.0,Social,US,control
ORD-001161,2023-06-01,CUST-01854,cust-01854@lumenmail.com,Outdoor,3,62.68,0.2,Email,US,variant
ORD-004454,18/05/2024,CUST-01196,cust-01196@lumenmail.com,Lighting,-1,23.9,0.0,Organic,UK,control
ORD-000378,2023-08-04,CUST-00944,cust-00944@lumenmail.com,Lighting,1,40.85,0.25,Paid Search,UK,variant
ORD-005015,17/04/2024,CUST-02540,cust-02540@lumenmail.com,Décor,2,58.11,0.0,Organic,CA,control
ORD-000019,17/11/2023,CUST-02559,cust-02559@lumenmail.com,Lighting,5,788.92,0.15,Paid Search,UK,variant
ORD-006740,2023-10-05,CUST-00705,cust-00705@lumenmail.com,Lighting,6,89.19,5.0,Paid Search,UK,control
ORD-005500,2024-04-02,CUST-00591,cust-00591@lumenmail.com,Lighting,4,54.27,0.1,Paid Search,US,variant
ORD-000179,2024-04-04,CUST-02341,cust-02341@lumenmail.com,Lighting,2,588.21,0.05,Organic,UK,control
ORD-008291,2023-09-08,CUST-01359,cust-01359@lumenmail.com,Lighting,3,91.37,0.0,Email,UK,control
ORD-004055,16/09/2024,CUST-00957,cust-00957@lumenmail.com,Outdoor,1,516.66,0.0,,CA,
ORD-002031,2024-09-17,CUST-00896,cust-00896@lumenmail.com,Décor,3,337.4,0.05,Email,US,
ORD-003352,29/07/2024,CUST-02916,cust-02916@lumenmail.com,Accessories,2,40.25,0.0,Organic,UK,
ORD-002835,2024-10-24,CUST-01443,cust-01443@lumenmail.com,Lighting,2,97.06,0.0,Paid Search,UK,variant
ORD-004320,2024-04-22,CUST-00214,cust-00214@lumenmail.com,Furniture,2,199.92,0.2,Paid Search,US,variant
ORD-001303,10/05/2024,CUST-01365,cust-01365@lumenmail.com,Décor,1,20.73,0.0,Email,US,variant
ORD-000295,2023-07-17,,guest@lumenmail.com,Lighting,1,340.47,0.0,Organic,US,
ORD-007181,2024-07-24,CUST-02247,cust-02247@lumenmail.com,Furniture,1,57.2,0.1,Email,US,variant
ORD-008904,2023-09-26,CUST-01406,cust-01406@lumenmail.com,Lighting,-1,115.67,0.0,Social,US,
ORD-003819,21/11/2024,CUST-01681,cust-01681@lumenmail.com,Lighting,1,83.75,0.05,Social,US,variant
ORD-001346,2024-04-29,CUST-00026,cust-00026@lumenmail.com,Lighting,2,48.06,0.05,Paid Search,US,variant
ORD-005712,2023-08-14,CUST-01666,cust-01666@lumenmail.com,Lighting,1,66.07,10.0,Social,ZZ,variant
ORD-008609,2024-01-11,CUST-01496,cust-01496@lumenmail.com,Furniture,1,234.28,0.0,Email,US,variant
ORD-009226,14/11/2023,CUST-01026,cust-01026@lumenmail.com,lighting,1,23.17,0.0,Paid Search,US,
ORD-000291,2024-08-17,CUST-01177,cust-01177@lumenmail.com,Furniture,2,323.33,0.0,Paid Search,US,
ORD-000135,2024-11-07,CUST-01009,cust-01009@lumenmail.com,Accessories,2,40.87,0.15,Paid Search,US,
ORD-000153,2024-01-07,CUST-01245,cust-01245@lumenmail.com,lighting,1,52.59,0.1,Social,US,variant
ORD-002673,10/10/2023,CUST-02346,cust-02346@lumenmail.com,Accessories,1,67.41,0.0,Email,US,control
ORD-009004,2023-12-01,CUST-00547,cust-00547@lumenmail.com,Furniture,2,74.28,0.0,Email,US,variant
ORD-009010,2024-02-16,CUST-01103,cust-01103@lumenmail.com,Lighting,2,192.92,0.0,Email,US,
ORD-005866,2024-06-18,,guest@lumenmail.com,Lighting,4,198.77,0.2,Email,US,control
ORD-000655,2023-09-14,CUST-00069,cust-00069@lumenmail.com,Décor,5,519.88,0.0,,US,
ORD-003907,04/09/2023,CUST-01624,cust-01624@lumenmail.com,Lighting,1,43.17,0.0,Email,CA,variant
ORD-001912,2023-08-07,CUST-00382,cust-00382@lumenmail.com,Décor,1,48.96,10.0,Paid Search,US,control
ORD-004203,2024-04-23,,guest@lumenmail.com,Décor,2,163.92,0.0,Paid Search,CA,variant
ORD-000112,2023-07-21,CUST-00347,cust-00347@lumenmail.com,Accessories,2,292.98,0.0,Paid Search,US,control
ORD-005771,2024-10-22,CUST-00720,cust-00720@lumenmail.com,Furniture,2,53.82,0.0,Paid Search,UK,
ORD-000589,2023-06-12,CUST-00148,cust-00148@lumenmail.com,Décor,1,52.95,25.0,Organic,US,variant
ORD-000503,2024-04-13,CUST-00887,cust-00887@lumenmail.com,Furniture,5,100.47,0.0,Email,US,control
ORD-006906,2024-02-10,CUST-01404,cust-01404@lumenmail.com,Décor,3,55.85,0.15,Email,US,variant
ORD-009218,03/01/2024,CUST-02307,cust-02307@lumenmail.com,Furniture,2,46.53,0.0,Email,US,
ORD-000728,29/11/2023,CUST-02342,cust-02342@lumenmail.com,Décor,2,60.13,0.0,Paid Search,CA,
ORD-009179,2024-09-03,CUST-02109,cust-02109@lumenmail.com,Décor,1,19.83,0.25,Paid Search,US,
ORD-004531,2023-09-19,CUST-01618,cust-01618@lumenmail.com,Décor,4,29.22,0.0,Organic,US,control
ORD-005822,2023-06-10,CUST-01557,cust-01557@lumenmail.com,Furniture,1,22.26,0.0,Organic,US,variant
ORD-002359,13/11/2024,CUST-02805,cust-02805@lumenmail.com,Décor,4,449.55,0.25,Paid Search,US,
ORD-003810,2024-12-21,CUST-01379,cust-01379@lumenmail.com,Furniture,1,23.83,0.05,Email,US,control
ORD-003543,2024-05-18,CUST-00862,cust-00862@lumenmail.com,Décor,3,85.86,0.0,Social,CA,
ORD-003865,2024-06-13,CUST-02589,cust-02589@lumenmail.com,Lighting,1,165.55,0.15,Organic,AU,control
ORD-002388,2024-03-16,CUST-02570,cust-02570@lumenmail.com,Furniture,2,149.31,0.0,Email,US,variant
ORD-004726,2024-03-09,,guest@lumenmail.com,Lighting,1,138.62,0.05,Paid Search,US,variant
ORD-002859,2024-05-11,CUST-00495,cust-00495@lumenmail.com,Accessories,1,22.45,0.25,,US,variant
ORD-003198,2024-11-28,CUST-01801,cust-01801@lumenmail.com,Furniture,1,48.87,0.15,Social,US,
ORD-008627,2023-11-13,CUST-00592,cust-00592@lumenmail.com,Furniture,2,171.02,0.0,Email,US,
ORD-004931,2023-12-10,CUST-01802,cust-01802@lumenmail.com,Lighting,2,92.05,0.0,Email,US,control
ORD-000609,2024-12-09,CUST-00005,cust-00005@lumenmail.com,Furniture,2,37.16,0.0,Paid Search,US,variant
ORD-002306,2024-07-30,CUST-02773,cust-02773@lumenmail.com,Décor,1,146.39,0.0,Social,AU,control
ORD-004186,2024-06-12,CUST-02633,cust-02633@lumenmail.com,Décor,1,140.71,0.15,Social,AU,
ORD-003970,2024-08-18,CUST-00513,cust-00513@lumenmail.com,Furniture,1,184.36,0.2,Social,US,control
ORD-001311,2023-11-05,CUST-01549,cust-01549@lumenmail.com,Lighting,1,79.94,0.05,Email,US,
ORD-001880,2024-11-27,,guest@lumenmail.com,Décor,1,90.05,10.0,Organic,US,variant
ORD-001225,24/07/2024,CUST-02448,cust-02448@lumenmail.com,Lighting,1,56.78,5.0,Email,US,
ORD-002932,2023-09-29,CUST-00040,cust-00040@lumenmail.com,Lighting,5,187.45,15.0,Paid Search,US,
ORD-001380,2023-09-15,CUST-00605,cust-00605@lumenmail.com,Décor,1,29.88,0.0,Paid Search,US,variant
ORD-006723,23/05/2024,CUST-00187,cust-00187@lumenmail.com,Accessories,1,10.33,15.0,Email,US,
ORD-002377,2023-07-15,CUST-00597,cust-00597@lumenmail.com,Outdoor,2,27.41,0.1,Email,US,variant
ORD-000367,27/11/2024,CUST-02169,cust-02169@lumenmail.com,Furniture,1,78.19,0.0,Organic,ZZ,variant
ORD-003219,2024-07-24,,guest@lumenmail.com,Décor,2,31.25,0.05,Social,US,
ORD-005432,2024-12-01,CUST-01711,cust-01711@lumenmail.com,Décor,4,16.06,0.15,Organic,US,
ORD-006703,10/03/2024,CUST-01097,cust-01097@lumenmail.com,Décor,2,143.89,0.1,Paid Search,US,variant
ORD-005381,2023-06-17,CUST-00227,cust-00227@lumenmail.com,Lighting,2,7.84,0.1,Organic,US,control
ORD-009046,2024-12-22,,guest@lumenmail.com,Outdoor,1,180.85,0.05,Social,ZZ,control
ORD-001096,2024-04-18,CUST-00694,cust-00694@lumenmail.com,Lighting,2,104.44,0.0,Social,US,
ORD-000298,2024-08-02,CUST-02615,cust-02615@lumenmail.com,Lighting,1,380.18,0.15,Paid Search,US,
ORD-002225,2024-11-05,CUST-01869,cust-01869@lumenmail.com,Furniture,1,64.62,0.15,Paid Search,US,
ORD-003112,2024-02-19,CUST-00180,cust-00180@lumenmail.com,Lighting,4,184.26,0.0,Email,US,control
ORD-005037,2024-09-03,CUST-00200,cust-00200@lumenmail.com,Outdoor,2,17.02,0.0,Paid Search,US,
ORD-009220,2024-02-21,CUST-00206,cust-00206@lumenmail.com,Décor,1,75.1,0.05,Paid Search,CA,control
ORD-007276,2024-04-26,CUST-02490,cust-02490@lumenmail.com,Décor,2,393.36,0.0,Email,US,control
ORD-001279,2023-06-30,CUST-00310,cust-00310@lumenmail.com,Lighting,4,78.26,0.05,Email,US,
ORD-000399,2023-06-06,CUST-00135,cust-00135@lumenmail.com,Lighting,2,75.12,0.0,Paid Search,UK,
ORD-005719,13/01/2024,CUST-01855,cust-01855@lumenmail.com,Outdoor,2,374.36,20.0,Organic,CA,variant
ORD-003983,2024-10-13,CUST-00441,cust-00441@lumenmail.com,Outdoor,1,164.27,0.0,Email,US,
ORD-002282,2024-01-03,CUST-01069,cust-01069@lumenmail.com,Décor,2,361.97,0.0,Social,ZZ,variant
ORD-009264,2024-07-03,CUST-00807,cust-00807@lumenmail.com,Décor,1,18.41,0.05,Paid Search,US,control
ORD-009404,2023-08-22,CUST-00212,cust-00212@lumenmail.com,Décor,1,20.82,0.15,Organic,CA,control
ORD-008183,2024-09-21,CUST-02692,cust-02692@lumenmail.com,Lighting,5,59.06,20.0,Organic,AU,
ORD-006029,2024-05-28,CUST-00064,cust-00064@lumenmail.com,Décor,1,45.9,0.0,Organic,UK,control
ORD-008895,2024-08-09,,guest@lumenmail.com,Lighting,2,145.04,0.0,Organic,US,
ORD-004006,2024-10-07,CUST-02353,cust-02353@lumenmail.com,Lighting,4,78.95,0.1,Social,CA,variant
ORD-002047,2023-10-01,CUST-02523,cust-02523@lumenmail.com,Outdoor,5,45.32,5.0,Paid Search,US,control
ORD-007390,2023-06-15,CUST-02589,cust-02589@lumenmail.com,Accessories,-1,287.01,0.05,Organic,UK,
ORD-007555,2023-12-25,CUST-01513,cust-01513@lumenmail.com,Décor,2,110.92,0.05,Paid Search,US,variant
ORD-001927,2023-07-24,CUST-02799,cust-02799@lumenmail.com,Outdoor,1,21.34,0.1,Email,US,variant
ORD-000170,2024-06-26,CUST-02611,cust-02611@lumenmail.com,Décor,1,86.32,0.1,Paid Search,CA,control
ORD-009181,2024-05-04,CUST-01381,cust-01381@lumenmail.com,Lighting,7,35.48,0.15,Paid Search,US,
ORD-008806,2023-07-11,CUST-00466,cust-00466@lumenmail.com,Furniture,1,395.1,0.05,Email,US,variant
ORD-007693,2024-01-12,CUST-02912,cust-02912@lumenmail.com,Furniture,1,464.88,0.0,Email,US,
ORD-008369,2023-11-12,CUST-01130,cust-01130@lumenmail.com,Lighting,1,29.04,0.05,Organic,US,
ORD-006944,2024-08-27,CUST-00869,cust-00869@lumenmail.com,Furniture,6,62.68,20.0,Email,US,
ORD-009045,2024-09-10,CUST-02765,cust-02765@lumenmail.com,Lighting,5,220.21,0.05,Paid Search,CA,
ORD-003073,2023-07-28,CUST-01584,cust-01584@lumenmail.com,Outdoor,2,100.93,0.0,Email,US,control
ORD-000004,2024-11-16,CUST-01462,cust-01462@lumenmail.com,Lighting,1,161.29,0.05,Email,US,variant
ORD-001654,2024-05-29,CUST-00528,cust-00528@lumenmail.com,Outdoor,1,23.26,10.0,Email,US,variant
ORD-001560,2023-10-05,CUST-01045,cust-01045@lumenmail.com,Furniture,1,58.77,0.05,Social,AU,control
ORD-002933,2024-01-27,CUST-02642,cust-02642@lumenmail.com,Décor,1,306.88,0.15,Email,US,
ORD-001851,2023-08-20,CUST-01078,cust-01078@lumenmail.com,Furniture,4,20.19,0.0,Organic,US,variant
ORD-000475,2024-09-12,CUST-02084,cust-02084@lumenmail.com,Accessories,1,54.26,0.1,Paid Search,US,
ORD-005347,2024-09-13,CUST-02458,cust-02458@lumenmail.com,Lighting,1,134.89,0.0,Paid Search,US,control
ORD-000007,2024-02-25,CUST-02487,cust-02487@lumenmail.com,Furniture,1,163.26,0.0,Email,UK,control
ORD-004938,2024-09-18,CUST-02516,cust-02516@lumenmail.com,Décor,1,6.48,0.05,Organic,ZZ,variant
ORD-005066,25/11/2023,CUST-01970,cust-01970@lumenmail.com,Furniture,1,12.03,0.0,Organic,ZZ,
ORD-009458,26/01/2024,CUST-00779,cust-00779@lumenmail.com,Décor,2,132.49,0.0,Paid Search,CA,variant
ORD-005106,31/05/2024,CUST-02857,cust-02857@lumenmail.com,Lighting,1,34.49,0.25,Paid Search,US,
ORD-002809,2023-10-25,CUST-00770,cust-00770@lumenmail.com,Décor,6,32.48,0.0,Organic,CA,variant
ORD-007305,2023-10-20,CUST-02243,cust-02243@lumenmail.com,Décor,2,122.33,0.0,Email,CA,
ORD-002425,2023-12-14,CUST-02379,cust-02379@lumenmail.com,Outdoor,-4,80.18,0.0,,UK,variant
ORD-006606,2023-08-03,CUST-01684,cust-01684@lumenmail.com,lighting,5,51.29,0.0,Email,US,variant
ORD-002768,2024-09-06,CUST-00592,cust-00592@lumenmail.com,Furniture,1,19.41,0.0,Social,UK,variant
ORD-008577,2024-06-14,CUST-00633,cust-00633@lumenmail.com,Accessories,2,386.84,0.0,Social,UK,variant
ORD-003152,13/10/2024,CUST-01498,cust-01498@lumenmail.com,Furniture,1,18.08,0.0,Paid Search,US,control
ORD-002493,2023-09-15,CUST-02238,cust-02238@lumenmail.com,Lighting,1,12.15,0.25,Social,CA,
ORD-005262,2024-08-13,CUST-01777,cust-01777@lumenmail.com,Décor,1,40.01,0.0,Email,UK,
ORD-001965,2024-09-01,CUST-01216,cust-01216@lumenmail.com,Lighting,1,83.28,0.0,Paid Search,CA,
ORD-008538,2024-07-02,CUST-00701,cust-00701@lumenmail.com,Décor,1,281.91,0.0,Paid Search,US,
ORD-003801,2024-05-26,CUST-00632,cust-00632@lumenmail.com,Furniture,2,198.78,0.1,Paid Search,AU,control
ORD-000584,2023-11-04,CUST-00963,cust-00963@lumenmail.com,Lighting,1,777.25,0.0,Organic,US,
ORD-009440,2023-12-20,CUST-00119,cust-00119@lumenmail.com,Lighting,1,36.5,0.1,Organic,UK,control
ORD-005268,2024-02-22,CUST-02249,cust-02249@lumenmail.com,Outdoor,3,5.25,20.0,Social,US,
ORD-008147,2024-03-30,CUST-01279,cust-01279@lumenmail.com,Furniture,3,291.83,0.0,Organic,US,
ORD-000095,2024-05-31,CUST-02317,cust-02317@lumenmail.com,Lighting,2,21.7,0.0,Paid Search,US,control
ORD-008336,2024-10-02,CUST-00042,cust-00042@lumenmail.com,Lighting,2,45.79,0.1,Paid Search,US,control
ORD-001770,2024-03-11,CUST-01131,cust-01131@lumenmail.com,Lighting,3,31.49,0.0,Paid Search,AU,variant
ORD-007594,2024-03-14,CUST-01615,cust-01615@lumenmail.com,Décor,3,80.85,0.0,Organic,US,variant
ORD-006446,16/07/2024,CUST-02360,cust-02360@lumenmail.com,Lighting,1,90.19,0.0,Paid Search,US,variant
ORD-006918,08/04/2024,CUST-01984,cust-01984@lumenmail.com,Décor,5,62.49,0.15,Paid Search,US,
ORD-003420,2024-10-03,CUST-00177,cust-00177@lumenmail.com,Décor,2,729.92,0.0,Email,US,control
ORD-005338,2023-07-22,CUST-00586,cust-00586@lumenmail.com,Décor,4,189.34,0.0,Paid Search,US,control
ORD-002546,15/08/2023,CUST-01361,cust-01361@lumenmail.com,Décor,1,11.48,0.2,Social,US,variant
ORD-000959,,CUST-02204,cust-02204@lumenmail.com,Décor,2,7.94,0.05,Email,US,
ORD-004761,10/07/2023,CUST-00258,cust-00258@lumenmail.com,Accessories,2,121.37,0.05,Organic,US,
ORD-002711,2024-06-15,CUST-00913,cust-00913@lumenmail.com,Lighting,2,46.55,0.05,Email,US,control
ORD-006880,2023-08-13,CUST-02793,cust-02793@lumenmail.com,Outdoor,2,42.95,0.1,Email,US,
ORD-000103,2024-12-18,,guest@lumenmail.com,Décor,1,398.67,0.1,Organic,US,
ORD-009180,2023-12-27,CUST-00089,cust-00089@lumenmail.com,Outdoor,1,7.94,0.1,Email,US,
ORD-005098,2023-09-01,CUST-01697,cust-01697@lumenmail.com,Lighting,1,385.33,5.0,Email,US,control
ORD-007496,15/09/2024,CUST-01145,cust-01145@lumenmail.com,Furniture,1,624.9,0.15,Email,US,variant
ORD-008006,2023-12-03,CUST-00903,cust-00903@lumenmail.com,Lighting,1,59.03,0.1,Social,US,
ORD-007177,2024-07-28,CUST-01344,cust-01344@lumenmail.com,Furniture,2,158.47,0.1,Email,US,control
ORD-000222,2023-12-21,CUST-00283,cust-00283@lumenmail.com,Accessories,1,99.61,0.25,Paid Search,CA,
ORD-005421,02/01/2024,CUST-00283,cust-00283@lumenmail.com,Lighting,2,40.17,0.15,Organic,US,variant
ORD-003512,26/08/2023,CUST-02301,cust-02301@lumenmail.com,Outdoor,2,117.79,0.0,Social,CA,
ORD-001599,2024-04-26,CUST-01595,cust-01595@lumenmail.com,Accessories,-2,100.45,0.2,Paid Search,US,variant
ORD-002289,29/01/2024,CUST-02477,cust-02477@lumenmail.com,Décor,3,45.25,0.0,Paid Search,US,variant
ORD-000975,23/02/2024,CUST-00867,cust-00867@lumenmail.com,Furniture,3,33.09,0.1,Organic,US,
ORD-008446,2024-07-20,CUST-02964,cust-02964@lumenmail.com,Décor,3,306.1,0.05,Email,CA,control
ORD-004345,2024-12-04,,guest@lumenmail.com,Lighting,2,29.98,0.2,Organic,ZZ,variant
ORD-005871,2024-05-07,CUST-02950,cust-02950@lumenmail.com,Décor,1,40.62,0.05,Paid Search,CA,variant
ORD-002292,2023-10-20,CUST-00147,cust-00147@lumenmail.com,Lighting,2,14.53,0.05,,US,
ORD-007078,2024-06-23,CUST-01689,cust-01689@lumenmail.com,Décor,1,70.18,0.1,Organic,US,
ORD-006742,2023-06-15,CUST-01164,cust-01164@lumenmail.com,Outdoor,2,39.22,0.0,Paid Search,US,variant
ORD-005056,2024-04-01,CUST-00931,cust-00931@lumenmail.com,Furniture,2,755.55,0.0,Social,CA,variant
ORD-001431,2024-02-18,CUST-01213,cust-01213@lumenmail.com,Décor,2,151.1,0.1,Social,US,variant
ORD-005103,2024-10-08,CUST-01166,cust-01166@lumenmail.com,Décor,1,34.6,15.0,Paid Search,US,
ORD-003189,2024-05-04,CUST-01915,cust-01915@lumenmail.com,Furniture,5,10.57,0.0,,CA,control
ORD-003781,2023-11-02,CUST-01588,cust-01588@lumenmail.com,Lighting,2,151.31,0.0,Social,US,variant
ORD-004523,2023-12-13,CUST-02514,cust-02514@lumenmail.com,Décor,2,38.31,0.1,Social,US,variant
ORD-006960,2024-01-31,CUST-01661,cust-01661@lumenmail.com,Accessories,2,83.98,0.0,Social,CA,
ORD-000123,2024-03-13,CUST-02428,cust-02428@lumenmail.com,Furniture,1,22.78,0.0,Email,US,
ORD-008988,2024-02-01,CUST-02669,cust-02669@lumenmail.com,lighting,1,41.39,0.0,Paid Search,US,control
ORD-000461,2024-08-15,CUST-00142,cust-00142@lumenmail.com,Décor,1,60.2,0.0,Email,US,
ORD-000944,2024-04-25,CUST-01659,cust-01659@lumenmail.com,Décor,1,203.08,0.15,Organic,UK,variant
ORD-006828,2024-11-16,CUST-00055,cust-00055@lumenmail.com,Furniture,-3,140.98,0.25,Email,ZZ,
ORD-007124,2024-12-07,,guest@lumenmail.com,Lighting,1,375.2,0.0,Paid Search,UK,variant
ORD-004413,2024-07-10,CUST-00588,cust-00588@lumenmail.com,Furniture,1,40.44,0.0,Paid Search,US,control
ORD-006807,2024-02-14,CUST-02418,cust-02418@lumenmail.com,Décor,4,41.41,0.0,Organic,US,control
ORD-005186,2023-08-14,CUST-00599,cust-00599@lumenmail.com,Lighting,7,64.41,0.15,Social,US,control
ORD-006390,2023-09-18,,guest@lumenmail.com,Accessories,2,24.91,0.0,Organic,AU,variant
ORD-005485,2024-01-13,CUST-00323,cust-00323@lumenmail.com,lighting,1,22.02,0.1,Paid Search,AU,control
ORD-001542,28/08/2024,CUST-01342,cust-01342@lumenmail.com,Lighting,4,265.01,0.05,Email,US,control
ORD-008080,2024-11-10,CUST-01767,cust-01767@lumenmail.com,Lighting,3,35.7,0.0,Paid Search,US,variant
ORD-006231,2024-04-28,CUST-01153,cust-01153@lumenmail.com,Décor,1,166.29,0.05,Organic,US,control
ORD-006481,2024-05-18,CUST-00201,cust-00201@lumenmail.com,Furniture,1,350.35,0.15,Social,AU,
ORD-005778,2024-11-29,CUST-01563,cust-01563@lumenmail.com,Lighting,1,49.46,0.05,Email,ZZ,
ORD-004311,2024-12-09,CUST-02277,cust-02277@lumenmail.com,Lighting,1,27.71,0.0,,US,
ORD-000659,2024-11-30,,guest@lumenmail.com,Furniture,1,84.62,0.0,Email,US,variant
ORD-003276,2023-12-11,CUST-02856,cust-02856@lumenmail.com,Lighting,2,17.44,0.0,Email,UK,control
ORD-006512,2023-08-18,CUST-01121,cust-01121@lumenmail.com,Décor,1,40.51,0.05,Paid Search,US,
ORD-005359,12/07/2023,CUST-00539,cust-00539@lumenmail.com,Lighting,1,96.5,0.0,Paid Search,UK,variant
ORD-002402,19/09/2024,CUST-02160,cust-02160@lumenmail.com,Furniture,2,377.64,0.0,Organic,UK,variant
ORD-004218,2023-06-28,CUST-01927,cust-01927@lumenmail.com,Lighting,1,12.07,0.0,,US,variant
ORD-003021,2023-08-15,CUST-00533,cust-00533@lumenmail.com,Furniture,1,189.95,0.05,,US,control
ORD-000226,2024-11-12,CUST-02798,cust-02798@lumenmail.com,Décor,7,5.11,0.0,Email,US,variant
ORD-006059,2023-06-17,CUST-01102,cust-01102@lumenmail.com,Lighting,2,12.11,0.0,Paid Search,US,
ORD-006104,2024-03-31,CUST-00186,cust-00186@lumenmail.com,Décor,2,46.62,0.1,,US,variant
ORD-000716,2024-08-11,CUST-01050,cust-01050@lumenmail.com,Outdoor,1,411.07,0.1,Organic,US,variant
ORD-004316,13/09/2024,CUST-00300,cust-00300@lumenmail.com,Furniture,3,324.15,0.1,Organic,US,
ORD-004171,2023-12-12,CUST-02212,cust-02212@lumenmail.com,Furniture,1,309.26,0.05,Paid Search,US,control
ORD-006542,08/09/2023,CUST-01817,cust-01817@lumenmail.com,Furniture,3,46.99,0.1,Social,CA,
ORD-003438,2024-02-12,CUST-00872,cust-00872@lumenmail.com,Furniture,2,14.01,0.1,,US,control
ORD-007926,2024-11-24,CUST-02792,cust-02792@lumenmail.com,Outdoor,2,16.84,0.15,Organic,US,
ORD-007056,30/12/2023,CUST-01189,cust-01189@lumenmail.com,Accessories,1,40.09,0.0,Social,US,variant
ORD-003565,2024-10-06,CUST-00072,cust-00072@lumenmail.com,Lighting,1,144.01,0.0,Email,ZZ,variant
ORD-001137,2024-03-08,CUST-00382,cust-00382@lumenmail.com,Décor,3,18.05,0.1,Social,US,variant
ORD-002465,2024-11-12,CUST-01049,cust-01049@lumenmail.com,Furniture,5,38.48,0.0,Paid Search,US,control
ORD-009052,2024-02-27,,guest@lumenmail.com,Lighting,1,59.08,0.0,Email,CA,
ORD-008897,2023-07-27,CUST-00709,cust-00709@lumenmail.com,Décor,-5,127.29,0.0,Paid Search,AU,
ORD-008272,2023-11-17,CUST-01977,cust-01977@lumenmail.com,Furniture,2,14.99,0.1,Paid Search,US,
ORD-008218,2024-02-19,CUST-01823,cust-01823@lumenmail.com,Lighting,1,112.94,0.0,Paid Search,AU,control
ORD-008805,2024-06-19,CUST-00411,cust-00411@lumenmail.com,Décor,1,372.45,0.1,Social,US,
ORD-000387,14/11/2024,CUST-00010,cust-00010@lumenmail.com,Furniture,4,19.09,0.0,Social,US,
ORD-004178,2024-05-21,CUST-00935,cust-00935@lumenmail.com,Lighting,1,319.48,0.0,Organic,UK,variant
ORD-008458,2024-06-22,CUST-00599,cust-00599@lumenmail.com,Décor,1,92.94,0.15,Organic,CA,control
ORD-002935,31/10/2023,,guest@lumenmail.com,Lighting,2,138.5,0.1,Organic,US,variant
ORD-005633,2023-12-08,CUST-02698,cust-02698@lumenmail.com,Outdoor,-4,195.62,0.2,Email,US,
ORD-006135,2023-06-12,CUST-00254,cust-00254@lumenmail.com,Décor,-2,25.89,0.2,,CA,variant
ORD-002496,2024-06-05,CUST-02909,cust-02909@lumenmail.com,Décor,1,272.11,0.15,Paid Search,US,control
ORD-002310,2023-12-28,CUST-00608,cust-00608@lumenmail.com,Outdoor,1,144.82,0.15,Social,US,variant
ORD-007698,2023-06-02,CUST-02170,cust-02170@lumenmail.com,Lighting,2,150.74,0.0,Paid Search,US,control
ORD-004047,2024-06-27,CUST-00332,cust-00332@lumenmail.com,Furniture,2,778.17,0.2,Email,US,
ORD-000279,2023-11-12,CUST-01533,cust-01533@lumenmail.com,Lighting,3,114.28,0.2,Social,UK,
ORD-001570,17/06/2024,CUST-01187,cust-01187@lumenmail.com,Lighting,1,41.46,0.0,Organic,US,variant
ORD-002482,,CUST-00910,cust-00910@lumenmail.com,Furniture,2,39.66,0.0,Paid Search,AU,control
ORD-005511,2024-11-03,CUST-00264,cust-00264@lumenmail.com,Décor,3,123.6,0.25,Social,US,control
ORD-003442,2023-08-10,CUST-00753,cust-00753@lumenmail.com,Furniture,3,296.66,0.1,Email,US,
ORD-008290,2023-09-19,CUST-01817,cust-01817@lumenmail.com,Furniture,1,19.32,0.05,Social,CA,
ORD-003367,2024-01-25,CUST-02194,cust-02194@lumenmail.com,Décor,1,95.41,10.0,Social,CA,
ORD-000747,2024-05-13,CUST-02066,cust-02066@lumenmail.com,Décor,2,164.61,10.0,Email,US,variant
ORD-005416,27/10/2024,CUST-02754,cust-02754@lumenmail.com,Outdoor,6,156.22,0.05,Email,CA,control
ORD-006006,2024-02-02,CUST-01514,cust-01514@lumenmail.com,Furniture,1,26.33,10.0,Organic,CA,variant
ORD-000756,2024-10-19,CUST-01761,cust-01761@lumenmail.com,Décor,1,113.57,0.25,Organic,US,
ORD-006962,2023-06-11,CUST-02072,cust-02072@lumenmail.com,Lighting,1,43.85,0.2,Email,UK,
ORD-000911,10/07/2024,,guest@lumenmail.com,Furniture,2,21.26,0.15,Organic,AU,variant
ORD-006265,2023-09-08,,guest@lumenmail.com,Décor,4,8.26,0.2,Email,US,control
ORD-006520,2024-05-23,CUST-01623,cust-01623@lumenmail.com,Furniture,2,570.58,0.0,Organic,US,
ORD-004022,15/11/2023,CUST-02108,cust-02108@lumenmail.com,Lighting,5,271.48,0.0,Organic,US,variant
ORD-002411,28/08/2023,CUST-02962,cust-02962@lumenmail.com,Lighting,1,318.95,0.15,Email,CA,variant
ORD-005625,12/06/2024,CUST-02945,cust-02945@lumenmail.com,Outdoor,-2,77.82,0.0,Organic,US,control
ORD-000389,2024-09-13,CUST-02232,cust-02232@lumenmail.com,Furniture,1,71.31,0.1,Paid Search,US,variant
ORD-004125,2023-07-01,CUST-00964,cust-00964@lumenmail.com,Outdoor,2,45.44,0.0,Organic,AU,control
ORD-005232,2023-12-06,CUST-00257,cust-00257@lumenmail.com,Lighting,1,132.51,0.05,Paid Search,UK,control
ORD-005904,2023-08-17,CUST-01525,cust-01525@lumenmail.com,Décor,2,56.44,0.1,Paid Search,US,variant
ORD-003306,2023-11-03,,guest@lumenmail.com,Outdoor,1,55.02,0.0,Paid Search,US,variant
ORD-001892,2023-09-07,CUST-02745,cust-02745@lumenmail.com,Décor,6,93.23,5.0,Email,UK,
ORD-009406,2023-09-08,CUST-02569,cust-02569@lumenmail.com,Lighting,2,134.49,0.0,Organic,US,
ORD-005728,2024-11-15,,guest@lumenmail.com,Décor,1,51.12,5.0,Paid Search,US,variant
ORD-000984,2023-10-24,CUST-01414,cust-01414@lumenmail.com,Lighting,1,87.93,0.1,Social,CA,control
ORD-007062,2024-08-10,CUST-01893,cust-01893@lumenmail.com,Décor,5,146.48,0.05,Organic,US,
ORD-008755,2024-11-01,CUST-02488,cust-02488@lumenmail.com,Lighting,1,112.17,0.05,Paid Search,US,variant
ORD-007059,2023-12-04,CUST-02183,cust-02183@lumenmail.com,Furniture,2,555.99,0.25,Email,US,
ORD-004616,09/09/2024,CUST-00223,cust-00223@lumenmail.com,Lighting,1,65.2,0.05,Email,UK,
ORD-002412,2024-10-07,CUST-00321,cust-00321@lumenmail.com,Décor,1,22.44,0.0,Email,CA,variant
ORD-007586,2023-11-10,CUST-00463,cust-00463@lumenmail.com,Outdoor,5,17.19,0.0,Social,UK,control
ORD-009372,2023-08-04,CUST-01382,cust-01382@lumenmail.com,Décor,1,14.99,0.1,Organic,US,control
ORD-002004,2024-10-29,CUST-01270,cust-01270@lumenmail.com,Lighting,1,321.43,0.0,Social,CA,control
ORD-008834,2024-02-12,CUST-00083,cust-00083@lumenmail.com,Lighting,2,266.31,0.05,Email,US,variant
ORD-006571,2023-09-13,,guest@lumenmail.com,Décor,2,87.48,0.0,Email,US,variant
ORD-001925,2023-10-23,CUST-00055,cust-00055@lumenmail.com,Décor,1,188.42,0.05,Email,US,
ORD-008077,2024-11-04,CUST-01871,cust-01871@lumenmail.com,Décor,1,40.06,10.0,Email,CA,variant
ORD-001427,,CUST-01523,cust-01523@lumenmail.com,Outdoor,2,7.79,0.05,Email,CA,control
ORD-001243,2024-06-22,CUST-00758,cust-00758@lumenmail.com,Outdoor,1,179.19,0.0,Email,UK,control
ORD-008457,2023-07-20,CUST-01025,cust-01025@lumenmail.com,Furniture,2,15.38,20.0,Email,US,variant
ORD-001399,2024-08-10,CUST-01351,cust-01351@lumenmail.com,Furniture,1,0.0,0.0,Paid Search,CA,
ORD-003328,2024-06-15,CUST-01850,cust-01850@lumenmail.com,Lighting,1,176.61,0.0,Social,US,
ORD-003211,2024-04-04,CUST-01298,cust-01298@lumenmail.com,Lighting,1,38.79,0.05,Paid Search,US,
ORD-007770,2023-06-20,CUST-02393,cust-02393@lumenmail.com,Outdoor,3,134.44,0.2,Social,ZZ,control
ORD-005008,2024-10-22,CUST-00862,cust-00862@lumenmail.com,Furniture,2,94.88,0.05,Email,AU,
ORD-003439,2024-07-27,CUST-01805,cust-01805@lumenmail.com,Décor,1,306.63,0.2,Email,US,variant
ORD-006896,2023-06-28,CUST-02845,cust-02845@lumenmail.com,Décor,4,638.59,5.0,Paid Search,CA,control
ORD-008189,2023-08-18,CUST-01607,cust-01607@lumenmail.com,Furniture,1,74.85,0.0,Paid Search,CA,
ORD-004333,2024-04-12,CUST-02152,cust-02152@lumenmail.com,Outdoor,1,176.06,0.0,Social,US,variant
ORD-008071,2024-09-08,CUST-02112,cust-02112@lumenmail.com,Décor,5,86.92,0.1,Paid Search,US,
ORD-006155,08/12/2023,CUST-02700,cust-02700@lumenmail.com,Décor,2,29.49,0.0,Social,US,
ORD-005152,2024-03-19,,guest@lumenmail.com,Lighting,2,28.88,0.1,Paid Search,US,variant
ORD-007674,2023-11-29,CUST-00951,cust-00951@lumenmail.com,Outdoor,1,25.42,0.0,,US,
ORD-008661,,CUST-01622,cust-01622@lumenmail.com,Lightng,1,27.89,0.15,Paid Search,US,
ORD-006529,2024-08-19,CUST-00761,cust-00761@lumenmail.com,Furniture,3,211.26,0.05,Organic,US,
ORD-002748,2024-09-27,CUST-01225,cust-01225@lumenmail.com,Accessories,5,336.42,0.05,Email,UK,control
ORD-001395,2023-11-02,CUST-01532,cust-01532@lumenmail.com,Lighting,1,13.3,0.0,Organic,CA,variant
ORD-001718,2024-11-12,CUST-00605,cust-00605@lumenmail.com,Furniture,2,184.04,0.0,Paid Search,US,control
ORD-005091,2023-06-21,,guest@lumenmail.com,Furniture,2,176.74,0.05,Paid Search,US,
ORD-009447,2023-10-29,CUST-02269,cust-02269@lumenmail.com,Furniture,1,111.38,0.2,Organic,US,control
ORD-004287,2023-06-28,CUST-01350,cust-01350@lumenmail.com,Lighting,1,61.07,5.0,Organic,US,variant
ORD-004919,2024-03-18,CUST-00238,cust-00238@lumenmail.com,Outdoor,1,83.68,0.0,Organic,US,control
ORD-006044,2023-10-21,CUST-01188,cust-01188@lumenmail.com,Décor,2,15.2,0.15,Email,US,
ORD-008890,2023-09-11,CUST-01701,cust-01701@lumenmail.com,Furniture,1,41.9,0.0,Email,US,variant
ORD-008546,2024-06-29,CUST-01653,cust-01653@lumenmail.com,Lighting,3,520.74,0.0,Email,US,variant
ORD-001512,10/08/2024,CUST-00261,cust-00261@lumenmail.com,Lighting,1,89.8,0.2,Organic,US,
ORD-008377,2024-05-24,CUST-00715,cust-00715@lumenmail.com,Furniture,1,84.07,0.05,Paid Search,UK,
ORD-003767,2024-08-12,CUST-00900,cust-00900@lumenmail.com,Décor,3,123.83,0.0,,US,control
ORD-002410,2023-07-20,CUST-00665,cust-00665@lumenmail.com,Décor,1,15.32,0.15,Organic,AU,variant
ORD-006810,2024-03-23,CUST-01966,cust-01966@lumenmail.com,Décor,2,322.99,0.0,Paid Search,AU,variant
ORD-008544,2024-10-30,CUST-02376,cust-02376@lumenmail.com,Décor,2,82.75,0.0,Organic,US,
ORD-001554,2024-05-10,CUST-00590,cust-00590@lumenmail.com,Furniture,1,9.9,0.0,Paid Search,US,control
ORD-004315,2023-08-26,,guest@lumenmail.com,Accessories,3,65.62,0.0,Organic,CA,variant
ORD-001027,,CUST-02910,cust-02910@lumenmail.com,Lighting,1,65.08,0.05,,US,variant
ORD-003502,2023-10-22,CUST-02720,cust-02720@lumenmail.com,Lighting,1,680.05,0.15,Organic,CA,variant
ORD-003322,2024-05-11,CUST-00408,cust-00408@lumenmail.com,Lighting,-1,93.53,0.1,Paid Search,UK,control
ORD-001595,2024-12-18,CUST-00372,cust-00372@lumenmail.com,Furniture,1,26.63,0.15,Social,US,
ORD-003027,2024-12-26,CUST-00068,cust-00068@lumenmail.com,Décor,1,395.88,0.0,Organic,US,
ORD-000242,2023-11-20,CUST-02694,cust-02694@lumenmail.com,Accessories,2,228.89,0.1,,CA,
ORD-000282,2024-04-20,CUST-00436,cust-00436@lumenmail.com,Décor,3,7.33,0.25,Paid Search,US,control
ORD-005438,30/11/2023,CUST-00850,cust-00850@lumenmail.com,Lighting,3,229.77,0.0,Social,US,variant
ORD-005217,2024-10-17,CUST-00064,cust-00064@lumenmail.com,Lighting,1,171.08,0.0,Email,US,
ORD-009304,08/12/2023,,guest@lumenmail.com,Furniture,1,31.44,0.25,Email,US,control
ORD-002333,2023-12-25,CUST-02267,cust-02267@lumenmail.com,Décor,1,40.32,0.0,Organic,US,control
ORD-000241,2023-12-13,CUST-02315,cust-02315@lumenmail.com,Outdoor,4,49.56,0.05,Paid Search,US,
ORD-004654,2024-03-18,CUST-02919,cust-02919@lumenmail.com,Outdoor,1,521.64,10.0,Email,US,
ORD-004772,2023-10-20,CUST-01033,cust-01033@lumenmail.com,Lighting,1,378.2,0.2,Organic,UK,
ORD-007963,2024-06-07,CUST-01366,cust-01366@lumenmail.com,Furniture,4,291.47,0.1,Email,UK,variant
ORD-000732,04/07/2024,CUST-01213,cust-01213@lumenmail.com,Lighting,3,173.55,0.05,Paid Search,CA,variant
ORD-004810,2024-12-15,CUST-02039,cust-02039@lumenmail.com,Décor,6,92.89,0.0,Email,US,control
ORD-006240,2023-08-01,CUST-02100,cust-02100@lumenmail.com,Lighting,3,49.97,0.0,Paid Search,US,
ORD-003926,2023-11-29,CUST-00810,cust-00810@lumenmail.com,Furniture,1,398.88,0.0,Organic,AU,
ORD-007761,2023-12-05,CUST-02140,cust-02140@lumenmail.com,Outdoor,2,32.36,0.0,Organic,US,
ORD-002124,2024-05-30,CUST-00389,cust-00389@lumenmail.com,Furniture,1,85.54,0.0,Email,CA,
ORD-000771,2024-02-15,CUST-01398,cust-01398@lumenmail.com,Outdoor,1,372.64,0.0,Paid Search,US,
ORD-007571,2023-10-08,CUST-01964,cust-01964@lumenmail.com,Furniture,1,66.79,0.0,Paid Search,UK,
ORD-006757,2024-09-17,CUST-00548,cust-00548@lumenmail.com,Furniture,2,68.12,0.0,Paid Search,US,
ORD-002252,02/10/2024,CUST-01875,cust-01875@lumenmail.com,Décor,3,40.3,5.0,Organic,US,
ORD-001766,2024-09-27,CUST-01824,cust-01824@lumenmail.com,Outdoor,1,28.4,0.0,Paid Search,US,
ORD-005507,2024-01-21,CUST-02127,cust-02127@lumenmail.com,Décor,3,336.35,0.1,Email,UK,
ORD-005000,2023-08-15,CUST-01232,cust-01232@lumenmail.com,Furniture,2,269.79,0.0,Social,US,
ORD-006480,2024-01-02,CUST-01767,cust-01767@lumenmail.com,Outdoor,1,86.79,0.0,Paid Search,CA,
ORD-009054,2024-10-02,CUST-00141,cust-00141@lumenmail.com,Décor,2,75.96,0.1,Paid Search,UK,control
ORD-001825,2024-09-12,CUST-02612,cust-02612@lumenmail.com,Furniture,1,123.66,0.0,Email,UK,control
ORD-009158,2023-08-03,CUST-01255,cust-01255@lumenmail.com,Accessories,1,395.79,0.0,Email,UK,variant
ORD-008540,2024-12-22,CUST-00911,cust-00911@lumenmail.com,Lighting,1,18.54,0.15,Email,US,control
ORD-002557,2023-06-08,CUST-00122,cust-00122@lumenmail.com,Lighting,1,297.44,0.0,Paid Search,US,
ORD-007862,2024-09-05,CUST-00536,cust-00536@lumenmail.com,lighting,2,72.42,0.2,Email,US,variant
ORD-003217,2023-09-25,CUST-02048,cust-02048@lumenmail.com,Décor,1,27.97,0.0,Paid Search,US,
ORD-001229,19/07/2023,,guest@lumenmail.com,Décor,2,237.23,0.0,Paid Search,UK,variant
ORD-008664,06/07/2023,CUST-01527,cust-01527@lumenmail.com,Lighting,2,5.41,0.0,Email,US,
ORD-007168,2023-06-24,CUST-00105,cust-00105@lumenmail.com,Accessories,1,410.55,0.0,Organic,AU,
ORD-007072,2024-06-06,,guest@lumenmail.com,Furniture,1,174.52,0.1,Social,US,control
ORD-003627,2023-08-09,CUST-01347,cust-01347@lumenmail.com,Outdoor,1,638.24,0.1,Organic,US,control
ORD-004960,2024-07-26,CUST-01014,cust-01014@lumenmail.com,Furniture,2,31.4,0.0,Email,US,
ORD-007483,2024-08-01,CUST-00915,cust-00915@lumenmail.com,Furniture,2,100.2,0.1,Paid Search,US,
ORD-003999,2023-10-25,CUST-02190,cust-02190@lumenmail.com,Décor,-1,74.17,0.0,Email,CA,control
ORD-006617,15/11/2023,CUST-02576,cust-02576@lumenmail.com,Lighting,-1,99.63,5.0,,UK,variant
ORD-003122,2023-06-01,CUST-02458,cust-02458@lumenmail.com,Décor,1,69.79,0.0,Organic,CA,
ORD-005843,2024-09-17,CUST-02589,cust-02589@lumenmail.com,Lightng,4,68.46,0.1,Paid Search,CA,
ORD-008407,2023-10-03,CUST-02168,cust-02168@lumenmail.com,Lighting,4,33.37,0.25,Paid Search,AU,
ORD-004529,2023-11-24,,guest@lumenmail.com,Lighting,2,23.84,0.0,Paid Search,US,variant
ORD-001836,2024-01-15,CUST-02636,cust-02636@lumenmail.com,Lighting,3,665.8,0.05,Paid Search,US,control
ORD-002082,02/10/2024,CUST-00913,cust-00913@lumenmail.com,Furniture,1,196.69,0.0,Organic,ZZ,variant
ORD-002364,2023-09-05,CUST-01963,cust-01963@lumenmail.com,Décor,2,11.5,0.1,Email,US,variant
ORD-005167,2024-10-16,CUST-02312,cust-02312@lumenmail.com,Lighting,4,644.98,0.05,Organic,US,
ORD-002542,2024-03-24,CUST-01434,cust-01434@lumenmail.com,Lighting,2,102.58,0.15,Email,CA,control
ORD-002962,2024-06-05,CUST-02640,cust-02640@lumenmail.com,Lighting,2,123.36,0.05,Social,US,control
ORD-005922,2023-06-06,CUST-00694,cust-00694@lumenmail.com,Lighting,-1,50.65,0.05,Social,US,variant
ORD-000021,2024-04-16,,guest@lumenmail.com,Outdoor,2,119.96,0.1,Paid Search,US,
ORD-004595,22/06/2024,CUST-01394,cust-01394@lumenmail.com,Décor,7,92.95,0.1,Paid Search,AU,variant
ORD-000663,02/05/2024,CUST-02143,cust-02143@lumenmail.com,Décor,3,752.58,0.0,Social,US,control
ORD-009514,2023-11-11,CUST-00123,cust-00123@lumenmail.com,Décor,2,23.15,0.05,Paid Search,CA,
ORD-001144,2024-06-19,CUST-01960,cust-01960@lumenmail.com,Outdoor,1,350.48,0.1,Paid Search,US,
ORD-007527,2024-05-18,CUST-00030,cust-00030@lumenmail.com,Furniture,1,50.76,0.15,Paid Search,US,
ORD-003651,2024-01-10,CUST-00090,cust-00090@lumenmail.com,Lightng,1,260.68,0.0,Email,CA,control
ORD-007738,2024-05-07,,guest@lumenmail.com,Outdoor,1,71.38,0.1,Email,US,
ORD-007242,2024-08-05,CUST-00239,cust-00239@lumenmail.com,Décor,1,417.29,0.0,Organic,ZZ,
ORD-003655,25/07/2024,CUST-00890,cust-00890@lumenmail.com,Lighting,2,151.4,0.0,Organic,US,variant
ORD-004321,2023-12-31,,guest@lumenmail.com,Décor,2,232.76,0.0,Email,ZZ,variant
ORD-000159,2024-06-03,CUST-01083,cust-01083@lumenmail.com,Furniture,2,52.64,0.0,Email,US,control
ORD-006755,2024-03-04,CUST-02319,cust-02319@lumenmail.com,Accessories,1,37.08,0.1,Email,US,
ORD-001625,2023-11-06,CUST-02717,cust-02717@lumenmail.com,Décor,2,189.6,0.0,Paid Search,US,
ORD-006563,19/04/2024,CUST-01035,cust-01035@lumenmail.com,Furniture,2,34.9,0.2,Paid Search,US,variant
ORD-001871,2024-05-08,,guest@lumenmail.com,Décor,5,400.75,5.0,Email,AU,control
ORD-007890,2024-10-01,CUST-00635,cust-00635@lumenmail.com,Outdoor,6,7.27,0.0,Paid Search,US,variant
ORD-005493,2024-11-10,CUST-02307,cust-02307@lumenmail.com,Lighting,7,50.25,0.1,Email,US,
ORD-007387,2024-11-17,CUST-01269,cust-01269@lumenmail.com,Lighting,1,39.72,0.1,Email,CA,
ORD-006308,2024-12-04,CUST-01062,cust-01062@lumenmail.com,Outdoor,7,294.86,0.05,Organic,US,variant
ORD-000317,2023-08-05,CUST-00212,cust-00212@lumenmail.com,Lighting,2,85.96,10.0,Paid Search,US,variant
ORD-007406,2024-05-07,CUST-01494,cust-01494@lumenmail.com,Furniture,2,11.43,0.1,Email,US,
ORD-000108,2024-06-28,CUST-00400,cust-00400@lumenmail.com,Outdoor,1,697.06,0.1,Email,UK,variant
ORD-002727,2024-10-08,CUST-01327,cust-01327@lumenmail.com,Outdoor,1,70.55,0.0,Organic,US,control
ORD-002594,2024-12-16,CUST-02129,cust-02129@lumenmail.com,Furniture,2,21.67,5.0,Paid Search,CA,variant
ORD-003249,2024-09-07,,guest@lumenmail.com,Lighting,4,389.53,0.05,Social,US,
ORD-005977,2024-08-13,CUST-02316,cust-02316@lumenmail.com,Lighting,1,546.23,0.0,Social,US,
ORD-004501,04/06/2023,CUST-01136,cust-01136@lumenmail.com,Lighting,2,32.98,0.2,Organic,UK,
ORD-001300,2024-11-01,CUST-00887,cust-00887@lumenmail.com,Lighting,2,83.42,0.1,Organic,US,variant
ORD-001578,2023-08-29,CUST-01470,cust-01470@lumenmail.com,Furniture,1,340.75,0.0,,US,control
ORD-006834,2024-11-19,CUST-01415,cust-01415@lumenmail.com,Décor,3,83.38,10.0,Organic,US,variant
ORD-008971,2024-03-23,CUST-01077,cust-01077@lumenmail.com,Furniture,1,73.75,0.0,Email,US,
ORD-008508,2024-03-24,CUST-00272,cust-00272@lumenmail.com,Furniture,2,226.64,0.0,Organic,US,
ORD-006286,2023-10-02,CUST-02804,cust-02804@lumenmail.com,Accessories,1,30.96,0.0,Social,CA,control
ORD-008564,2023-07-23,CUST-02925,cust-02925@lumenmail.com,Lighting,2,382.64,0.0,Email,US,
ORD-003846,2024-12-09,CUST-02635,cust-02635@lumenmail.com,Lighting,2,59.89,0.2,Email,US,control
ORD-004971,2024-06-23,CUST-00376,cust-00376@lumenmail.com,Lighting,1,20.61,0.0,Organic,UK,variant
ORD-003674,2024-01-19,CUST-00161,cust-00161@lumenmail.com,Furniture,4,79.42,0.1,Paid Search,US,control
ORD-002738,2024-11-25,CUST-01096,cust-01096@lumenmail.com,Furniture,2,733.57,0.0,Paid Search,US,control
ORD-004438,10/05/2024,CUST-00246,cust-00246@lumenmail.com,Décor,1,86.84,0.0,Organic,CA,
ORD-002152,2023-07-17,CUST-02403,cust-02403@lumenmail.com,Furniture,2,62.32,0.0,Email,CA,variant
ORD-000417,2024-11-18,,guest@lumenmail.com,Décor,1,304.08,0.05,Paid Search,UK,control
ORD-008074,2024-04-27,CUST-01238,cust-01238@lumenmail.com,Accessories,7,651.23,0.0,Email,AU,variant
ORD-009434,2023-12-24,CUST-01975,cust-01975@lumenmail.com,Lighting,2,99.29,0.0,Email,US,
ORD-008371,2024-01-07,CUST-01236,cust-01236@lumenmail.com,Lighting,1,82.04,0.0,Paid Search,UK,control
ORD-008754,2023-11-18,,guest@lumenmail.com,Décor,1,45.12,0.15,Organic,US,
ORD-006359,2023-11-21,CUST-01257,cust-01257@lumenmail.com,Furniture,1,42.42,0.05,Organic,US,control
ORD-007732,2024-09-11,CUST-02446,cust-02446@lumenmail.com,Furniture,1,43.3,0.0,Paid Search,CA,variant
ORD-001613,23/10/2023,CUST-02860,cust-02860@lumenmail.com,Furniture,1,6.36,0.0,Social,US,
ORD-009405,2024-04-09,CUST-02911,cust-02911@lumenmail.com,Lighting,1,26.17,0.0,Organic,US,control
ORD-002138,2024-09-19,CUST-00055,cust-00055@lumenmail.com,Décor,3,149.32,0.15,Email,US,
ORD-000602,25/05/2024,CUST-00643,cust-00643@lumenmail.com,lighting,3,91.69,0.15,Organic,US,variant
ORD-006419,03/08/2023,CUST-01812,cust-01812@lumenmail.com,Furniture,6,231.5,0.05,Paid Search,US,control
ORD-003299,2024-02-02,CUST-02402,cust-02402@lumenmail.com,Décor,2,337.71,0.0,Paid Search,US,control
ORD-007513,2024-03-04,CUST-00923,cust-00923@lumenmail.com,Décor,-5,160.99,0.05,Paid Search,CA,variant
ORD-006987,2023-09-25,,guest@lumenmail.com,Accessories,2,166.78,0.0,Organic,US,control
ORD-004696,2024-05-15,CUST-01729,cust-01729@lumenmail.com,Furniture,1,83.61,0.0,Paid Search,CA,
ORD-001810,2024-05-17,CUST-02311,cust-02311@lumenmail.com,Lighting,1,197.94,0.1,Organic,US,
ORD-003256,2023-08-13,CUST-02938,cust-02938@lumenmail.com,Lighting,7,143.43,0.2,Paid Search,CA,variant
ORD-007749,2024-08-06,CUST-02027,cust-02027@lumenmail.com,Décor,3,57.58,0.1,Paid Search,AU,
ORD-009499,2024-12-26,CUST-02712,cust-02712@lumenmail.com,Lighting,1,11.2,0.0,Organic,UK,variant
ORD-008519,2024-08-24,CUST-01786,cust-01786@lumenmail.com,Lighting,1,110.44,0.1,Paid Search,US,
ORD-000565,18/01/2024,CUST-00945,cust-00945@lumenmail.com,Décor,4,42.68,0.0,Paid Search,CA,variant
ORD-007908,2024-01-16,CUST-00425,cust-00425@lumenmail.com,Furniture,5,24.98,0.05,Email,UK,
ORD-000647,2024-08-18,CUST-02120,cust-02120@lumenmail.com,Décor,4,371.89,10.0,Email,US,
ORD-009429,2024-02-29,CUST-01059,cust-01059@lumenmail.com,Lighting,1,28.94,0.05,Organic,US,control
ORD-008597,2023-12-20,CUST-02060,cust-02060@lumenmail.com,Lighting,1,94.54,0.2,Email,US,control
ORD-003569,2023-10-21,CUST-00574,cust-00574@lumenmail.com,Lighting,2,44.65,0.1,Paid Search,US,
ORD-007371,2023-08-17,CUST-02090,cust-02090@lumenmail.com,Lighting,4,23.01,0.15,Email,CA,
ORD-009577,2024-09-23,CUST-00825,cust-00825@lumenmail.com,Furniture,1,60.88,0.0,Organic,US,control
ORD-008031,2023-11-06,CUST-02310,cust-02310@lumenmail.com,Décor,3,72.52,0.05,Email,AU,variant
ORD-006073,2024-10-23,CUST-00717,cust-00717@lumenmail.com,Lighting,1,35.33,5.0,Organic,US,
ORD-006297,2024-01-22,CUST-00435,cust-00435@lumenmail.com,Furniture,5,183.67,0.0,Organic,US,
ORD-005948,2024-10-28,CUST-00845,cust-00845@lumenmail.com,Furniture,1,36.8,0.15,Email,US,
ORD-009263,2024-10-10,,guest@lumenmail.com,Lighting,3,113.66,0.15,Paid Search,UK,variant
ORD-009291,2024-12-14,,guest@lumenmail.com,Outdoor,4,44.82,0.0,Organic,UK,variant
ORD-002238,2023-07-02,CUST-00222,cust-00222@lumenmail.com,Outdoor,1,148.91,0.05,Paid Search,CA,control
ORD-002413,2023-12-08,CUST-02203,cust-02203@lumenmail.com,Décor,1,7.19,0.0,Email,US,variant
ORD-006734,2023-07-21,,guest@lumenmail.com,Furniture,1,18.52,0.0,Paid Search,ZZ,
ORD-005099,2024-02-04,CUST-00499,cust-00499@lumenmail.com,Outdoor,2,88.1,0.0,Organic,US,
ORD-000735,2023-06-12,CUST-01552,cust-01552@lumenmail.com,Décor,1,189.93,0.0,Organic,US,
ORD-002025,2024-08-07,CUST-01221,cust-01221@lumenmail.com,Furniture,-1,271.17,0.0,Paid Search,US,control
ORD-005046,2024-12-22,,guest@lumenmail.com,Furniture,3,87.83,0.0,Paid Search,CA,
ORD-005363,2024-03-22,CUST-00248,cust-00248@lumenmail.com,Décor,4,11.8,0.05,Email,US,
ORD-001086,2024-06-09,CUST-01234,cust-01234@lumenmail.com,Lighting,1,158.05,0.2,Social,CA,control
ORD-005240,2024-04-20,CUST-01731,cust-01731@lumenmail.com,Furniture,2,78.62,0.0,Organic,US,
ORD-005909,2024-06-21,CUST-00251,cust-00251@lumenmail.com,Décor,2,80.44,0.1,Social,US,
ORD-000027,2024-02-07,CUST-02942,cust-02942@lumenmail.com,Accessories,3,63.09,0.05,Email,CA,control
ORD-000173,2024-10-29,CUST-02949,cust-02949@lumenmail.com,Décor,4,29.09,0.0,Paid Search,CA,variant
ORD-000924,2024-09-19,CUST-01536,cust-01536@lumenmail.com,Furniture,1,145.53,0.05,Paid Search,US,control
ORD-003458,14/06/2023,CUST-01391,cust-01391@lumenmail.com,Accessories,1,133.68,0.0,Social,US,control
ORD-005810,2024-03-20,CUST-02534,cust-02534@lumenmail.com,Lighting,2,78.86,0.05,Organic,UK,
ORD-005084,2024-05-25,CUST-00680,cust-00680@lumenmail.com,Décor,2,146.4,0.0,Social,US,
ORD-007639,2024-06-25,CUST-02156,cust-02156@lumenmail.com,Lighting,5,110.96,0.0,Email,AU,variant
ORD-006555,2024-04-22,CUST-02804,cust-02804@lumenmail.com,Décor,4,363.68,0.0,Organic,US,
ORD-005169,2024-05-05,CUST-02389,cust-02389@lumenmail.com,Lighting,2,143.72,0.0,Paid Search,CA,control
ORD-004060,2024-09-26,CUST-01727,cust-01727@lumenmail.com,Accessories,3,11.2,0.0,Email,ZZ,variant
ORD-004158,2024-11-08,CUST-02484,cust-02484@lumenmail.com,Décor,1,67.53,0.25,Paid Search,US,control
ORD-004328,2024-11-24,CUST-01443,cust-01443@lumenmail.com,Décor,2,170.45,10.0,Paid Search,US,control
ORD-007369,2023-10-05,CUST-00470,cust-00470@lumenmail.com,Lighting,5,12.27,0.0,Paid Search,US,
ORD-002758,25/09/2024,CUST-00321,cust-00321@lumenmail.com,Furniture,3,54.55,0.15,Social,US,
ORD-005149,2023-07-31,CUST-02257,cust-02257@lumenmail.com,Outdoor,2,23.12,0.1,Email,ZZ,
ORD-005203,2023-07-16,CUST-02911,cust-02911@lumenmail.com,Lighting,2,87.62,0.0,Email,US,control
ORD-004911,2023-10-05,CUST-01971,cust-01971@lumenmail.com,Lighting,1,111.37,0.0,Paid Search,CA,control
ORD-008817,2023-06-09,CUST-01370,cust-01370@lumenmail.com,Décor,1,298.5,0.0,Paid Search,AU,variant
ORD-006832,2023-07-23,CUST-02661,cust-02661@lumenmail.com,Outdoor,1,79.03,0.15,Email,US,
ORD-000206,2023-12-04,CUST-01194,cust-01194@lumenmail.com,Furniture,1,50.51,0.0,Paid Search,US,
ORD-002096,2023-11-21,CUST-02306,cust-02306@lumenmail.com,Lighting,1,56.85,0.05,Paid Search,US,
ORD-002464,10/12/2024,CUST-01562,cust-01562@lumenmail.com,Furniture,1,588.85,0.2,Email,US,control
ORD-000549,2024-03-14,CUST-02291,cust-02291@lumenmail.com,Lighting,1,149.74,0.25,Paid Search,US,control
ORD-000182,2024-02-29,CUST-00548,cust-00548@lumenmail.com,Lighting,1,616.27,0.05,Email,US,control
ORD-001313,15/02/2024,CUST-01924,cust-01924@lumenmail.com,Lighting,2,6.08,0.2,Paid Search,UK,control
ORD-000563,2024-01-04,CUST-01426,cust-01426@lumenmail.com,Décor,1,146.01,0.0,Paid Search,CA,variant
ORD-006658,2024-11-19,CUST-02315,cust-02315@lumenmail.com,Lightng,5,66.94,0.1,Paid Search,US,variant
ORD-005551,2024-03-22,CUST-00636,cust-00636@lumenmail.com,Furniture,3,187.47,0.15,Paid Search,UK,control
ORD-008351,2023-12-14,CUST-01018,cust-01018@lumenmail.com,Outdoor,5,119.27,0.0,Organic,US,
ORD-009528,2024-04-24,CUST-01147,cust-01147@lumenmail.com,Furniture,3,60.24,0.0,Email,US,control
ORD-002684,2024-12-23,CUST-00722,cust-00722@lumenmail.com,Accessories,2,664.99,0.15,Email,US,variant
ORD-000930,2024-10-18,CUST-00662,cust-00662@lumenmail.com,Accessories,2,67.76,0.1,Paid Search,CA,control
ORD-009231,2024-04-19,CUST-01902,cust-01902@lumenmail.com,Lighting,1,20.22,0.0,Paid Search,US,control
ORD-008592,2023-08-05,,guest@lumenmail.com,Outdoor,1,23.03,0.0,Paid Search,US,
ORD-005309,2023-07-16,CUST-00298,cust-00298@lumenmail.com,Lighting,1,60.71,0.05,Social,US,
ORD-005615,2024-06-20,CUST-01070,cust-01070@lumenmail.com,Lighting,3,207.44,0.05,Email,US,
ORD-004025,28/12/2024,CUST-00338,cust-00338@lumenmail.com,Décor,5,189.36,0.15,Paid Search,UK,
ORD-007806,2024-01-21,CUST-00156,cust-00156@lumenmail.com,Décor,2,82.57,0.2,Email,US,control
ORD-007094,2023-10-05,,guest@lumenmail.com,Furniture,1,52.61,0.0,Paid Search,US,control
ORD-004980,2024-08-20,CUST-01915,cust-01915@lumenmail.com,Décor,2,12.53,0.2,,US,control
ORD-000804,2023-11-04,CUST-01215,cust-01215@lumenmail.com,Lighting,2,151.92,0.0,Organic,US,control
ORD-008372,2024-03-03,CUST-02023,cust-02023@lumenmail.com,Furniture,2,62.39,0.0,Paid Search,CA,
ORD-007425,2024-12-09,CUST-00580,cust-00580@lumenmail.com,Furniture,1,70.35,0.0,Social,ZZ,control
ORD-009323,30/03/2024,,guest@lumenmail.com,Décor,2,192.79,0.05,,US,control
ORD-005692,2023-08-23,CUST-01793,cust-01793@lumenmail.com,Décor,5,190.17,0.0,Organic,US,variant
ORD-002737,2024-12-23,CUST-00025,cust-00025@lumenmail.com,Outdoor,2,22.36,0.0,Organic,US,variant
ORD-002539,2023-09-17,CUST-00699,cust-00699@lumenmail.com,Décor,2,42.77,0.05,Social,US,variant
ORD-009455,2023-12-13,CUST-02702,cust-02702@lumenmail.com,Furniture,1,29.22,0.1,Paid Search,US,
ORD-005598,2024-08-12,CUST-00241,cust-00241@lumenmail.com,Furniture,2,71.57,25.0,Social,US,variant
ORD-002918,2023-08-07,CUST-01988,cust-01988@lumenmail.com,Lighting,3,73.67,0.0,Organic,US,
ORD-008717,2024-04-27,CUST-01915,cust-01915@lumenmail.com,Furniture,1,395.54,5.0,Organic,UK,variant
ORD-009036,03/10/2024,CUST-01592,cust-01592@lumenmail.com,Lighting,1,52.84,0.0,Social,US,variant
ORD-008777,2023-12-13,CUST-02068,cust-02068@lumenmail.com,Outdoor,3,7.31,0.1,Paid Search,CA,variant
ORD-008581,2023-08-03,CUST-01863,cust-01863@lumenmail.com,lighting,3,397.99,0.0,Organic,CA,variant
ORD-001519,2023-10-28,CUST-02298,cust-02298@lumenmail.com,Lighting,1,146.73,0.15,Social,US,variant
ORD-000265,2023-06-14,CUST-01115,cust-01115@lumenmail.com,Outdoor,1,167.67,0.05,Email,US,
ORD-006289,2024-10-23,CUST-00204,cust-00204@lumenmail.com,Furniture,1,312.87,0.15,Email,US,variant
ORD-000982,2024-04-22,CUST-00004,cust-00004@lumenmail.com,Furniture,1,81.69,10.0,Email,US,variant
ORD-004229,2023-07-29,CUST-02732,cust-02732@lumenmail.com,Furniture,1,205.73,0.0,Paid Search,UK,control
ORD-002651,2023-06-18,CUST-00523,cust-00523@lumenmail.com,Outdoor,1,181.6,0.0,Paid Search,CA,
ORD-000646,2023-10-11,,guest@lumenmail.com,Furniture,1,125.14,0.0,Paid Search,US,variant
ORD-007178,2024-05-16,CUST-01258,cust-01258@lumenmail.com,Lighting,1,56.0,0.2,Organic,US,
ORD-000285,19/10/2024,CUST-00120,cust-00120@lumenmail.com,Décor,7,40.14,0.15,Social,US,variant
ORD-006566,2024-12-19,CUST-02012,cust-02012@lumenmail.com,Lighting,1,114.4,0.0,Social,CA,control
ORD-005418,2024-08-15,CUST-00225,cust-00225@lumenmail.com,Lighting,1,75.28,0.15,Paid Search,US,variant
ORD-009014,2023-10-05,CUST-02986,cust-02986@lumenmail.com,Accessories,1,261.16,0.0,Email,US,variant
ORD-005454,2023-08-02,CUST-00013,cust-00013@lumenmail.com,Lighting,3,197.83,5.0,Paid Search,US,variant
ORD-002874,2023-08-26,CUST-02224,cust-02224@lumenmail.com,Furniture,1,42.89,0.0,Organic,US,control
ORD-002902,2024-10-15,CUST-01267,cust-01267@lumenmail.com,Lighting,5,42.01,0.25,Paid Search,UK,control
ORD-002634,2023-11-02,CUST-02286,cust-02286@lumenmail.com,Accessories,1,138.19,0.0,Paid Search,US,control
ORD-000229,2023-10-05,CUST-00406,cust-00406@lumenmail.com,Furniture,1,96.68,0.0,Paid Search,US,
ORD-002188,2024-09-05,CUST-00646,cust-00646@lumenmail.com,Décor,2,242.43,0.25,Paid Search,US,variant
ORD-004195,2024-11-18,CUST-02836,cust-02836@lumenmail.com,Lighting,2,60.98,0.0,Social,US,
ORD-003030,04/05/2024,CUST-02172,cust-02172@lumenmail.com,Lighting,7,17.94,0.0,Paid Search,US,control
ORD-003085,2023-08-15,CUST-01908,cust-01908@lumenmail.com,Outdoor,1,99.37,0.1,Paid Search,US,control
ORD-000343,2024-11-16,CUST-01144,cust-01144@lumenmail.com,Décor,2,376.68,0.1,Paid Search,UK,control
ORD-002288,2024-08-04,CUST-02289,cust-02289@lumenmail.com,Furniture,1,37.03,0.0,Email,CA,
ORD-008733,2023-08-03,CUST-01835,cust-01835@lumenmail.com,Lighting,1,126.42,0.05,Organic,US,variant
ORD-007943,2023-07-04,CUST-02274,cust-02274@lumenmail.com,Décor,2,197.96,0.05,,US,control
ORD-003329,2023-08-17,CUST-02524,cust-02524@lumenmail.com,Lighting,4,144.72,0.0,Paid Search,UK,
ORD-004003,2024-07-03,,guest@lumenmail.com,Décor,1,49.46,0.2,Social,US,control
ORD-006171,19/10/2023,CUST-02131,cust-02131@lumenmail.com,Lighting,2,536.93,5.0,Organic,AU,
ORD-004394,2024-08-25,CUST-00076,cust-00076@lumenmail.com,Lightng,-1,21.26,0.1,Email,UK,variant
ORD-006772,2024-07-01,CUST-01172,cust-01172@lumenmail.com,Décor,3,59.02,20.0,Email,US,variant
ORD-007377,2024-07-19,CUST-00175,cust-00175@lumenmail.com,Furniture,1,191.85,0.0,Organic,US,
ORD-002169,2024-01-19,CUST-02378,cust-02378@lumenmail.com,Lighting,1,142.46,0.15,Email,US,
ORD-003338,28/07/2024,CUST-01353,cust-01353@lumenmail.com,Lighting,2,12.45,0.0,Email,US,variant
ORD-000519,2023-08-08,CUST-00149,cust-00149@lumenmail.com,Lighting,1,316.3,0.2,Paid Search,US,
ORD-008986,2024-12-07,CUST-02096,cust-02096@lumenmail.com,Lighting,1,782.33,0.2,Email,US,
ORD-001936,2024-01-20,CUST-02353,cust-02353@lumenmail.com,Furniture,1,40.03,0.0,Social,US,
ORD-005124,2024-12-05,CUST-02437,cust-02437@lumenmail.com,Furniture,2,150.1,0.0,Email,UK,
ORD-005243,2024-03-14,CUST-01599,cust-01599@lumenmail.com,Furniture,5,39.43,0.0,Email,US,variant
ORD-003295,2023-12-18,CUST-00187,cust-00187@lumenmail.com,Décor,2,114.52,5.0,Paid Search,US,
ORD-002429,2024-08-04,,guest@lumenmail.com,Outdoor,2,93.54,0.0,Social,UK,control
ORD-003786,2023-12-31,CUST-00857,cust-00857@lumenmail.com,Décor,3,94.98,0.1,Organic,US,control
ORD-005919,2023-07-27,CUST-00436,cust-00436@lumenmail.com,Décor,2,294.7,0.0,Social,AU,variant
ORD-007641,2024-04-01,CUST-00543,cust-00543@lumenmail.com,Furniture,3,154.88,0.1,Paid Search,US,
ORD-001565,2023-10-08,CUST-02111,cust-02111@lumenmail.com,Décor,1,14.22,0.2,Organic,ZZ,variant
ORD-006536,2024-06-14,CUST-00845,cust-00845@lumenmail.com,Outdoor,7,0.0,0.0,Organic,CA,control
ORD-003347,2023-09-27,,guest@lumenmail.com,Lighting,2,173.47,0.15,Paid Search,US,
ORD-005260,2024-02-01,CUST-01109,cust-01109@lumenmail.com,Lighting,2,118.35,0.2,Paid Search,CA,control
ORD-005478,2024-06-10,CUST-01932,cust-01932@lumenmail.com,Furniture,1,294.16,0.05,Paid Search,US,
ORD-006763,2024-06-26,CUST-02889,cust-02889@lumenmail.com,Lighting,1,39.47,0.05,Organic,UK,
ORD-004002,2023-06-27,CUST-02487,cust-02487@lumenmail.com,Outdoor,2,44.05,0.05,Paid Search,US,
ORD-008562,2024-10-01,CUST-01922,cust-01922@lumenmail.com,Lighting,1,83.51,0.0,Social,US,variant
ORD-009241,2024-05-31,CUST-01910,cust-01910@lumenmail.com,Lighting,2,113.89,0.05,Social,US,
ORD-007360,23/03/2024,,guest@lumenmail.com,Décor,2,383.22,10.0,Paid Search,AU,control
ORD-005088,12/08/2023,CUST-01778,cust-01778@lumenmail.com,Lighting,1,669.53,0.05,Social,US,
ORD-002564,2024-01-23,,guest@lumenmail.com,Lighting,1,84.15,0.0,Email,UK,
ORD-000680,2023-08-14,CUST-02381,cust-02381@lumenmail.com,Furniture,2,194.51,0.05,Organic,AU,
ORD-003785,2024-01-07,CUST-02634,cust-02634@lumenmail.com,Lighting,1,155.39,0.05,Organic,US,variant
ORD-004339,2023-06-22,CUST-01382,cust-01382@lumenmail.com,Furniture,1,66.57,0.15,Paid Search,US,
ORD-004754,21/01/2024,CUST-02620,cust-02620@lumenmail.com,Lighting,2,125.22,0.2,Paid Search,AU,
ORD-005582,2023-10-27,CUST-00894,cust-00894@lumenmail.com,Décor,1,85.58,0.0,Paid Search,US,control
ORD-003901,2024-05-09,CUST-00814,cust-00814@lumenmail.com,Outdoor,3,715.3,0.0,Organic,US,control
ORD-002698,2024-08-12,,guest@lumenmail.com,Lighting,1,84.93,0.0,Email,US,variant
ORD-005069,2023-08-24,CUST-01853,cust-01853@lumenmail.com,Lighting,5,143.86,0.0,Email,US,control
ORD-009537,15/02/2024,CUST-00857,cust-00857@lumenmail.com,Outdoor,1,504.39,0.1,Paid Search,US,
ORD-008173,2024-11-28,CUST-02682,cust-02682@lumenmail.com,Accessories,2,471.76,0.2,Paid Search,CA,
ORD-007344,2023-06-01,CUST-01026,cust-01026@lumenmail.com,Décor,1,48.23,0.0,Social,CA,control
ORD-007393,05/12/2024,CUST-01393,cust-01393@lumenmail.com,Décor,1,500.94,0.0,Paid Search,US,control
ORD-006195,18/01/2024,CUST-00138,cust-00138@lumenmail.com,Décor,4,44.63,0.1,Social,US,control
ORD-002207,2023-07-22,CUST-00165,cust-00165@lumenmail.com,Lighting,4,19.14,0.0,Organic,US,
ORD-000987,2024-12-19,CUST-01153,cust-01153@lumenmail.com,Accessories,-1,124.69,0.0,Email,US,
ORD-007380,03/08/2023,CUST-00743,cust-00743@lumenmail.com,Décor,1,145.72,0.0,Paid Search,AU,variant
ORD-000192,2024-02-24,CUST-01901,cust-01901@lumenmail.com,Lighting,-2,57.63,0.0,Social,US,variant
ORD-004446,2023-12-02,CUST-00709,cust-00709@lumenmail.com,Outdoor,1,26.73,0.0,Paid Search,US,
ORD-000601,2024-07-04,CUST-00100,cust-00100@lumenmail.com,Furniture,3,143.98,0.1,,UK,control
ORD-001226,2023-07-19,CUST-00757,cust-00757@lumenmail.com,Décor,3,83.96,0.1,Organic,US,variant
ORD-007878,2024-02-04,CUST-01072,cust-01072@lumenmail.com,Outdoor,5,55.05,0.05,Email,US,
ORD-008851,16/10/2023,CUST-02072,cust-02072@lumenmail.com,Décor,3,441.33,0.0,Email,AU,variant
ORD-004371,2024-11-19,CUST-00028,cust-00028@lumenmail.com,Décor,1,34.24,5.0,,US,control
ORD-003706,2023-09-07,CUST-00595,cust-00595@lumenmail.com,Décor,5,27.15,0.2,,US,
ORD-008919,2023-12-14,CUST-01824,cust-01824@lumenmail.com,Furniture,1,453.66,0.1,Organic,US,variant
ORD-003301,14/06/2024,CUST-02518,cust-02518@lumenmail.com,Outdoor,1,19.0,0.0,Email,CA,
ORD-002334,2024-12-23,,guest@lumenmail.com,Décor,2,23.81,0.1,Paid Search,CA,
ORD-001662,2024-10-25,CUST-02470,cust-02470@lumenmail.com,Décor,1,40.73,0.0,Paid Search,US,
ORD-008876,2024-08-15,CUST-02208,cust-02208@lumenmail.com,Décor,1,85.44,0.0,Email,US,control
ORD-000778,14/01/2024,CUST-01636,cust-01636@lumenmail.com,Accessories,2,771.95,0.05,Email,US,variant
ORD-005985,01/02/2024,CUST-00330,cust-00330@lumenmail.com,Outdoor,1,103.11,0.0,Social,US,control
ORD-000552,2024-03-27,CUST-00167,cust-00167@lumenmail.com,Furniture,3,227.37,0.0,Paid Search,US,
ORD-008578,2024-04-20,CUST-00429,cust-00429@lumenmail.com,Lighting,2,298.83,0.15,Organic,UK,
ORD-000104,2024-08-14,CUST-02592,cust-02592@lumenmail.com,Furniture,1,18.08,0.0,Email,US,variant
ORD-002570,31/05/2024,CUST-01267,cust-01267@lumenmail.com,Décor,1,10.25,0.15,Email,UK,control
ORD-009424,2024-02-24,CUST-01317,cust-01317@lumenmail.com,Outdoor,2,8.13,0.0,,US,variant
ORD-004335,2024-08-16,CUST-02277,cust-02277@lumenmail.com,Outdoor,1,24.58,0.0,Paid Search,US,
ORD-000362,2023-11-22,CUST-01218,cust-01218@lumenmail.com,Furniture,7,100.14,0.05,Email,US,control
ORD-001060,2023-08-18,CUST-00129,cust-00129@lumenmail.com,Accessories,1,46.58,0.05,Paid Search,US,
ORD-004105,21/12/2023,,guest@lumenmail.com,Décor,1,46.12,0.0,Organic,CA,variant
ORD-002053,2023-11-02,CUST-01993,cust-01993@lumenmail.com,Outdoor,2,6.81,0.05,Paid Search,UK,
ORD-004458,2024-02-25,CUST-01179,cust-01179@lumenmail.com,Décor,4,79.53,0.15,Paid Search,US,control
ORD-008985,24/07/2024,CUST-01568,cust-01568@lumenmail.com,Décor,1,604.23,0.15,Email,US,variant
ORD-002961,2024-05-18,CUST-02892,cust-02892@lumenmail.com,Accessories,4,11.8,0.05,Social,AU,
ORD-005094,2024-09-28,CUST-00974,cust-00974@lumenmail.com,Outdoor,1,194.68,0.15,Organic,AU,control
ORD-000347,2024-11-09,CUST-01271,cust-01271@lumenmail.com,Lighting,3,70.7,0.05,Paid Search,UK,
ORD-009523,08/05/2024,,guest@lumenmail.com,Lighting,1,183.06,0.1,Organic,US,
ORD-004966,2024-07-16,CUST-02951,cust-02951@lumenmail.com,Lighting,2,714.09,0.0,Organic,US,control
ORD-006119,2023-11-17,CUST-01598,cust-01598@lumenmail.com,lighting,2,89.32,0.1,Paid Search,US,
ORD-004054,2024-11-20,CUST-01924,cust-01924@lumenmail.com,Décor,3,145.08,0.05,Email,US,
ORD-000903,,CUST-01991,cust-01991@lumenmail.com,Lighting,2,66.57,0.05,Organic,US,
ORD-008903,2023-12-01,CUST-01436,cust-01436@lumenmail.com,Lighting,3,317.92,0.0,Organic,US,
ORD-007874,2024-05-14,CUST-02610,cust-02610@lumenmail.com,Outdoor,1,171.72,0.0,Email,US,control
ORD-001421,2024-08-28,CUST-00737,cust-00737@lumenmail.com,Décor,4,68.51,0.0,Social,US,variant
ORD-003426,2024-05-17,CUST-02773,cust-02773@lumenmail.com,Furniture,5,191.02,0.0,Email,UK,variant
ORD-003429,2024-08-30,CUST-00574,cust-00574@lumenmail.com,Décor,5,171.32,0.0,Organic,US,control
ORD-009438,2024-01-06,CUST-00434,cust-00434@lumenmail.com,Décor,-4,88.3,0.0,Email,CA,
ORD-006612,2024-06-10,CUST-00240,cust-00240@lumenmail.com,Lighting,1,47.28,0.0,Paid Search,US,control
ORD-002951,2024-04-28,CUST-02746,cust-02746@lumenmail.com,Furniture,1,70.59,0.05,Social,US,
ORD-003165,2024-10-06,CUST-00505,cust-00505@lumenmail.com,Décor,1,351.9,0.1,Social,US,
ORD-009250,2024-05-17,CUST-00107,cust-00107@lumenmail.com,Furniture,6,37.95,0.05,Email,CA,
ORD-004811,2023-06-05,CUST-02366,cust-02366@lumenmail.com,Lighting,3,174.57,0.05,Email,US,variant
ORD-001901,18/11/2024,,guest@lumenmail.com,Furniture,1,54.79,0.0,Paid Search,ZZ,
ORD-008696,2023-07-13,CUST-02337,cust-02337@lumenmail.com,Furniture,1,119.33,0.05,Social,US,control
ORD-007742,2023-07-20,CUST-02680,cust-02680@lumenmail.com,Furniture,1,97.6,0.05,Email,US,variant
ORD-004421,2023-06-03,CUST-02901,cust-02901@lumenmail.com,Outdoor,1,26.2,0.1,Paid Search,US,control
ORD-006877,2024-02-20,CUST-02818,cust-02818@lumenmail.com,Furniture,1,39.59,0.0,Organic,US,control
ORD-006123,2023-07-21,CUST-01726,cust-01726@lumenmail.com,Décor,4,26.71,0.0,Paid Search,US,variant
ORD-000796,25/09/2024,CUST-01157,cust-01157@lumenmail.com,Accessories,2,112.43,0.05,Email,US,control
ORD-003967,2023-06-15,CUST-00636,cust-00636@lumenmail.com,Décor,1,159.05,0.05,Email,AU,variant
ORD-002760,28/09/2024,CUST-01489,cust-01489@lumenmail.com,Décor,2,135.14,0.1,,CA,
ORD-007152,2023-07-07,CUST-02913,cust-02913@lumenmail.com,Lighting,3,159.8,0.0,Paid Search,US,control
ORD-001687,2023-09-19,CUST-02514,cust-02514@lumenmail.com,Accessories,6,63.13,0.0,Email,US,variant
ORD-009168,2023-07-20,CUST-01377,cust-01377@lumenmail.com,Lighting,1,86.17,0.15,Paid Search,US,
ORD-009155,2024-03-09,,guest@lumenmail.com,Décor,1,25.22,0.1,Paid Search,US,variant
ORD-007112,2023-10-08,CUST-01584,cust-01584@lumenmail.com,Lighting,2,59.65,0.0,Email,US,variant
ORD-005270,20/06/2024,CUST-01606,cust-01606@lumenmail.com,Décor,1,236.81,0.0,Social,US,control
ORD-000449,2023-07-03,CUST-01921,cust-01921@lumenmail.com,Outdoor,2,41.19,0.0,Social,CA,
ORD-000888,2024-01-14,CUST-02305,cust-02305@lumenmail.com,Lighting,2,59.7,0.0,Email,US,variant
ORD-008288,2024-04-16,CUST-00673,cust-00673@lumenmail.com,Décor,3,280.02,0.05,Paid Search,US,
ORD-006780,2024-08-08,CUST-01971,cust-01971@lumenmail.com,Furniture,5,69.4,10.0,Paid Search,US,variant
ORD-001771,2024-05-12,CUST-01599,cust-01599@lumenmail.com,Lighting,1,782.61,0.1,Paid Search,US,
ORD-008775,2024-03-06,CUST-02857,cust-02857@lumenmail.com,Outdoor,-2,8.7,0.05,Organic,US,control
ORD-000719,2024-08-29,CUST-02108,cust-02108@lumenmail.com,Furniture,1,69.07,0.15,Email,AU,control
ORD-001953,14/07/2024,CUST-02322,cust-02322@lumenmail.com,Lighting,1,5.95,0.0,,UK,
ORD-008115,2024-02-05,CUST-02636,cust-02636@lumenmail.com,Furniture,3,395.93,0.0,Organic,CA,variant
ORD-007858,2023-06-23,CUST-01323,cust-01323@lumenmail.com,Décor,1,154.01,20.0,Email,US,control
ORD-005839,2024-04-20,CUST-02489,cust-02489@lumenmail.com,Lighting,1,195.97,0.2,Paid Search,US,control
ORD-007092,2024-04-08,CUST-01761,cust-01761@lumenmail.com,Décor,3,53.11,0.05,Organic,UK,control
ORD-008782,2023-11-07,,guest@lumenmail.com,Décor,4,48.89,0.0,Paid Search,CA,
ORD-001506,2023-08-10,CUST-02928,cust-02928@lumenmail.com,Furniture,2,15.84,0.2,Social,AU,control
ORD-008623,2023-06-20,CUST-01965,cust-01965@lumenmail.com,Décor,3,59.94,0.1,Paid Search,US,
ORD-001761,2024-09-02,CUST-02163,cust-02163@lumenmail.com,Décor,2,188.66,0.1,Email,UK,
ORD-003481,2024-12-08,CUST-01889,cust-01889@lumenmail.com,Décor,1,126.69,0.05,Organic,CA,
ORD-007077,2024-04-09,CUST-00648,cust-00648@lumenmail.com,Furniture,2,171.21,0.1,Paid Search,ZZ,variant
ORD-005677,2024-02-29,CUST-00960,cust-00960@lumenmail.com,Décor,1,87.5,0.0,,US,
ORD-006541,2024-08-20,CUST-02900,cust-02900@lumenmail.com,Lighting,2,154.67,0.0,Organic,US,control
ORD-005224,2023-10-24,CUST-02701,cust-02701@lumenmail.com,Furniture,2,68.75,0.2,Paid Search,CA,
ORD-004456,2024-05-21,CUST-02332,cust-02332@lumenmail.com,Outdoor,3,210.22,0.05,Paid Search,UK,variant
ORD-003271,19/06/2023,CUST-00790,cust-00790@lumenmail.com,Décor,2,190.68,10.0,Organic,AU,
ORD-002686,2024-07-11,CUST-02559,cust-02559@lumenmail.com,Outdoor,2,0.0,0.0,Paid Search,CA,
ORD-007216,2024-07-31,CUST-02618,cust-02618@lumenmail.com,Décor,1,550.13,0.15,Organic,CA,variant
ORD-003336,2024-11-24,CUST-02660,cust-02660@lumenmail.com,Accessories,1,64.88,0.0,Organic,US,variant
ORD-003275,2023-07-20,CUST-02199,cust-02199@lumenmail.com,Décor,1,18.01,0.0,Paid Search,ZZ,
ORD-001618,2024-07-17,CUST-00368,cust-00368@lumenmail.com,Outdoor,1,179.17,5.0,Paid Search,US,control
ORD-008282,2024-12-26,CUST-02769,cust-02769@lumenmail.com,Furniture,1,139.5,0.15,Email,US,
ORD-006942,2023-12-08,CUST-01509,cust-01509@lumenmail.com,Lighting,4,28.32,0.0,Organic,CA,
ORD-004994,2024-03-18,CUST-00287,cust-00287@lumenmail.com,Furniture,1,356.0,0.2,Paid Search,US,control
ORD-002447,19/03/2024,CUST-02089,cust-02089@lumenmail.com,Décor,3,31.14,0.05,,US,control
ORD-002840,2024-07-09,CUST-00681,cust-00681@lumenmail.com,Outdoor,1,80.21,0.0,Organic,US,control
ORD-001325,2024-01-13,CUST-02858,cust-02858@lumenmail.com,Outdoor,1,185.82,0.0,Email,US,control
ORD-000432,2023-12-26,CUST-01941,cust-01941@lumenmail.com,Outdoor,5,43.8,0.0,Organic,US,
ORD-007084,,CUST-01980,cust-01980@lumenmail.com,Décor,1,88.56,0.0,Paid Search,AU,variant
ORD-003090,2024-10-28,CUST-00535,cust-00535@lumenmail.com,Décor,2,35.8,0.05,Email,US,
ORD-008918,2024-03-25,CUST-02164,cust-02164@lumenmail.com,Décor,1,182.39,0.0,Paid Search,US,
ORD-008642,2024-06-30,CUST-00808,cust-00808@lumenmail.com,Outdoor,1,589.68,0.05,Paid Search,CA,control
ORD-004327,2024-04-19,,guest@lumenmail.com,Décor,3,198.86,0.05,Paid Search,ZZ,
ORD-009350,2024-02-11,CUST-00704,cust-00704@lumenmail.com,Furniture,1,97.94,0.0,Organic,US,
ORD-009591,2023-12-25,CUST-01219,cust-01219@lumenmail.com,Outdoor,3,97.13,0.1,Email,US,control
ORD-007391,2024-04-22,CUST-01618,cust-01618@lumenmail.com,Furniture,1,23.23,0.0,Organic,US,variant
ORD-008175,2024-06-08,CUST-01161,cust-01161@lumenmail.com,Furniture,1,15.38,0.05,Organic,US,
ORD-007086,01/12/2024,CUST-00608,cust-00608@lumenmail.com,Furniture,1,92.32,0.15,Organic,AU,control
ORD-001706,2023-09-03,CUST-02900,cust-02900@lumenmail.com,lighting,4,24.18,0.0,Social,US,variant
ORD-006888,2024-01-30,CUST-01140,cust-01140@lumenmail.com,Lighting,2,710.63,0.1,Email,US,
ORD-002418,2024-06-25,CUST-01790,cust-01790@lumenmail.com,Furniture,2,28.13,0.0,Email,US,control
ORD-005254,2024-10-23,CUST-02130,cust-02130@lumenmail.com,Lighting,1,575.1,0.05,Social,US,control
ORD-002503,2023-09-13,CUST-01018,cust-01018@lumenmail.com,Lighting,1,75.5,0.05,Organic,US,control
ORD-008324,2023-10-18,CUST-00796,cust-00796@lumenmail.com,Lighting,3,162.96,0.1,Paid Search,US,variant
ORD-002664,2023-08-31,CUST-00105,cust-00105@lumenmail.com,Furniture,1,37.18,0.1,,CA,control
ORD-008059,2024-06-06,CUST-00795,cust-00795@lumenmail.com,Accessories,1,39.79,0.0,Email,US,control
ORD-004818,2023-08-16,CUST-00842,cust-00842@lumenmail.com,Lighting,4,140.77,0.05,Email,US,variant
ORD-004093,2024-08-18,CUST-02770,cust-02770@lumenmail.com,Lighting,2,322.26,0.0,Email,CA,variant
ORD-005502,2023-06-10,CUST-02315,cust-02315@lumenmail.com,Décor,1,157.14,0.0,Organic,US,control
ORD-008837,2024-10-08,CUST-02164,cust-02164@lumenmail.com,Furniture,3,80.54,0.0,Email,US,control
ORD-009093,2024-02-06,CUST-00204,cust-00204@lumenmail.com,Furniture,4,18.29,0.0,Social,US,
ORD-004398,18/08/2024,CUST-00114,cust-00114@lumenmail.com,lighting,2,37.26,0.0,Email,US,control
ORD-004292,2024-10-06,CUST-00217,cust-00217@lumenmail.com,Furniture,-3,94.25,0.05,Paid Search,CA,variant
ORD-002903,29/10/2024,CUST-01006,cust-01006@lumenmail.com,Décor,2,399.86,0.0,Email,US,control
ORD-006051,2023-06-07,CUST-00168,cust-00168@lumenmail.com,Décor,2,14.93,0.0,Organic,UK,control
ORD-007265,2023-09-22,CUST-01513,cust-01513@lumenmail.com,Outdoor,1,10.94,0.0,Email,UK,variant
ORD-009533,2024-05-24,CUST-02131,cust-02131@lumenmail.com,Lighting,6,69.96,0.1,Organic,CA,control
ORD-003208,25/02/2024,CUST-01847,cust-01847@lumenmail.com,Furniture,1,369.71,0.0,Paid Search,ZZ,
ORD-005327,2023-07-17,CUST-00769,cust-00769@lumenmail.com,Lighting,3,99.99,0.0,Paid Search,US,control
ORD-001590,2023-08-19,CUST-02493,cust-02493@lumenmail.com,Décor,-1,61.69,0.1,Email,UK,control
ORD-008614,17/07/2024,CUST-01385,cust-01385@lumenmail.com,Furniture,2,12.52,0.0,,US,variant
ORD-002599,09/06/2023,CUST-02485,cust-02485@lumenmail.com,Outdoor,3,65.75,0.0,Social,US,variant
ORD-003454,2024-08-14,CUST-00678,cust-00678@lumenmail.com,Accessories,1,25.91,0.1,Email,US,control
ORD-008654,2023-09-03,CUST-01511,cust-01511@lumenmail.com,Lighting,1,88.4,0.05,Organic,CA,
ORD-005594,2024-08-13,CUST-00549,cust-00549@lumenmail.com,Décor,1,196.0,0.0,Email,US,
ORD-005647,2023-06-25,CUST-02050,cust-02050@lumenmail.com,Furniture,2,27.02,0.0,Organic,US,
ORD-008357,2024-04-24,CUST-01982,cust-01982@lumenmail.com,Lighting,3,49.48,0.0,Paid Search,US,variant
ORD-002773,2024-05-22,CUST-02898,cust-02898@lumenmail.com,Décor,2,45.12,0.05,Email,US,variant
ORD-004498,2024-10-19,CUST-01281,cust-01281@lumenmail.com,Furniture,1,192.71,0.1,Email,US,variant
ORD-005532,2024-11-25,CUST-01438,cust-01438@lumenmail.com,Lightng,1,38.49,0.2,Paid Search,US,control
ORD-004743,2024-08-04,CUST-00402,cust-00402@lumenmail.com,Lighting,5,381.58,0.2,Paid Search,US,
ORD-009331,2024-04-10,CUST-01619,cust-01619@lumenmail.com,Furniture,1,54.96,0.0,Email,ZZ,
ORD-005408,2024-08-22,CUST-02713,cust-02713@lumenmail.com,Furniture,3,557.75,0.1,Email,US,control
ORD-003086,2024-09-08,CUST-00201,cust-00201@lumenmail.com,Outdoor,2,213.75,0.1,Paid Search,CA,variant
ORD-002714,2023-08-26,CUST-02099,cust-02099@lumenmail.com,Lighting,2,250.77,5.0,Paid Search,US,variant
ORD-007576,2024-01-29,CUST-01650,cust-01650@lumenmail.com,Furniture,3,267.06,0.25,Social,US,variant
ORD-000048,2024-03-03,CUST-01849,cust-01849@lumenmail.com,Lighting,2,483.35,0.25,Email,US,
ORD-002515,27/10/2023,CUST-02581,cust-02581@lumenmail.com,Décor,2,9.36,0.0,Email,US,control
ORD-004076,2024-06-02,CUST-02346,cust-02346@lumenmail.com,Accessories,1,394.74,0.0,Email,CA,variant
ORD-009198,2024-01-21,CUST-02225,cust-02225@lumenmail.com,Décor,1,44.87,0.0,Email,US,variant
ORD-006016,2023-11-03,CUST-00681,cust-00681@lumenmail.com,Décor,1,48.4,0.05,Organic,US,variant
ORD-007080,2024-10-18,CUST-00880,cust-00880@lumenmail.com,Lighting,1,90.04,0.15,Email,US,control
ORD-008047,2024-12-10,CUST-00817,cust-00817@lumenmail.com,Décor,2,12.23,0.0,Social,US,variant
ORD-009545,30/06/2023,CUST-02440,cust-02440@lumenmail.com,Lighting,1,20.95,0.05,Email,CA,variant
ORD-004441,01/02/2024,CUST-01927,cust-01927@lumenmail.com,Décor,4,47.0,0.0,Email,US,control
ORD-007108,2024-07-16,CUST-01320,cust-01320@lumenmail.com,Accessories,1,12.28,0.1,Email,UK,variant
ORD-001389,2023-12-05,CUST-00495,cust-00495@lumenmail.com,Accessories,1,161.7,0.05,Paid Search,CA,
ORD-008824,2024-10-01,CUST-01609,cust-01609@lumenmail.com,Accessories,4,140.32,0.0,Email,US,
ORD-004049,2024-07-04,CUST-02160,cust-02160@lumenmail.com,Accessories,3,87.71,0.1,Paid Search,US,variant
ORD-005671,,CUST-00344,cust-00344@lumenmail.com,Furniture,2,37.2,0.05,Email,US,control
ORD-005517,14/09/2024,CUST-00289,cust-00289@lumenmail.com,Lightng,4,513.05,0.0,Email,US,variant
ORD-003971,2024-01-06,,guest@lumenmail.com,Lightng,1,353.25,15.0,Paid Search,US,variant
ORD-000559,2023-09-10,CUST-01256,cust-01256@lumenmail.com,Décor,4,24.73,0.1,Organic,UK,
ORD-004230,2024-07-19,CUST-01835,cust-01835@lumenmail.com,Furniture,4,151.52,0.05,Email,US,variant
ORD-002316,2024-07-12,CUST-01668,cust-01668@lumenmail.com,Outdoor,2,88.3,0.0,Email,US,
ORD-004037,2023-11-04,,guest@lumenmail.com,Décor,1,99.38,0.1,Organic,US,variant
ORD-000360,2024-07-11,CUST-00918,cust-00918@lumenmail.com,Furniture,2,81.48,0.05,Paid Search,US,variant
ORD-000092,2024-01-30,CUST-02382,cust-02382@lumenmail.com,Outdoor,2,6.68,0.0,Social,US,
ORD-001830,2023-10-09,CUST-01860,cust-01860@lumenmail.com,Lighting,2,124.05,0.15,Organic,US,variant
ORD-001686,11/03/2024,CUST-02572,cust-02572@lumenmail.com,Furniture,5,25.04,0.05,Social,CA,variant
ORD-000890,2024-06-27,CUST-00357,cust-00357@lumenmail.com,Lighting,1,326.68,0.1,Email,CA,control
ORD-003311,2024-03-24,CUST-02758,cust-02758@lumenmail.com,Accessories,3,21.96,0.0,Paid Search,US,
ORD-009044,,CUST-00802,cust-00802@lumenmail.com,Décor,1,98.42,0.15,,US,control
ORD-001434,2023-10-19,CUST-00505,cust-00505@lumenmail.com,Furniture,4,39.55,0.0,Organic,US,variant
ORD-007646,2024-10-23,CUST-00707,cust-00707@lumenmail.com,lighting,1,65.51,0.0,Email,US,
ORD-005065,2023-12-01,CUST-02027,cust-02027@lumenmail.com,Lighting,4,19.66,0.0,Paid Search,US,
ORD-002130,2024-05-24,CUST-01729,cust-01729@lumenmail.com,Lighting,2,99999.0,0.15,Organic,UK,variant
ORD-008706,2024-01-26,CUST-01712,cust-01712@lumenmail.com,Lighting,2,19.03,0.0,Social,US,variant
ORD-002519,2023-10-13,CUST-00447,cust-00447@lumenmail.com,Accessories,1,49.09,0.0,Paid Search,US,control
ORD-005343,2023-10-05,CUST-02330,cust-02330@lumenmail.com,Lighting,1,38.64,0.15,Social,US,control
ORD-003579,23/04/2024,CUST-00793,cust-00793@lumenmail.com,Outdoor,5,32.32,0.1,Organic,US,
ORD-008448,2024-08-28,CUST-02631,cust-02631@lumenmail.com,Outdoor,1,30.32,0.05,,ZZ,
ORD-000090,2023-07-24,CUST-02731,cust-02731@lumenmail.com,Outdoor,5,94.53,0.15,Email,US,
ORD-005609,2024-04-25,CUST-00291,cust-00291@lumenmail.com,Outdoor,2,75.08,0.05,Social,US,control
ORD-000668,2024-05-21,CUST-02839,cust-02839@lumenmail.com,Lighting,1,32.39,0.0,Email,AU,variant
ORD-005058,2024-01-13,CUST-00887,cust-00887@lumenmail.com,Lighting,3,36.51,0.05,Organic,US,control
ORD-007616,2024-12-12,CUST-02629,cust-02629@lumenmail.com,Furniture,2,137.32,0.05,Paid Search,US,
ORD-005219,2024-04-25,CUST-01016,cust-01016@lumenmail.com,Lighting,1,41.36,0.0,Email,AU,control
ORD-001714,2024-02-12,,guest@lumenmail.com,Furniture,3,696.35,0.0,Email,US,variant
ORD-006455,2024-07-03,CUST-00717,cust-00717@lumenmail.com,Outdoor,1,29.96,0.0,Organic,CA,control
ORD-001314,2024-03-31,CUST-02086,cust-02086@lumenmail.com,Accessories,1,20.78,0.05,Organic,US,variant
ORD-006645,2024-06-02,CUST-01005,cust-01005@lumenmail.com,Furniture,1,8.51,0.1,Social,UK,
ORD-004650,2024-04-24,CUST-00714,cust-00714@lumenmail.com,Lighting,3,183.73,0.0,Organic,US,
ORD-004424,2024-07-23,CUST-02482,cust-02482@lumenmail.com,Furniture,1,105.45,15.0,Paid Search,UK,
ORD-000612,19/01/2024,CUST-00953,cust-00953@lumenmail.com,Lighting,1,102.32,0.15,Paid Search,US,
ORD-007649,2024-05-06,CUST-01047,cust-01047@lumenmail.com,Accessories,2,55.22,0.05,Email,AU,control
ORD-004500,2023-10-11,CUST-01420,cust-01420@lumenmail.com,Décor,1,49.6,0.0,Email,US,variant
ORD-003355,2024-04-05,CUST-02803,cust-02803@lumenmail.com,Lighting,7,360.25,0.15,Email,US,variant
ORD-001876,2023-10-12,,guest@lumenmail.com,Lighting,1,58.11,15.0,Paid Search,US,control
ORD-002643,2024-11-07,CUST-01715,cust-01715@lumenmail.com,Lightng,4,50.51,5.0,Social,US,variant
ORD-006457,2024-10-21,CUST-01648,cust-01648@lumenmail.com,Lighting,-1,28.01,0.05,Email,US,
ORD-004793,23/12/2024,,guest@lumenmail.com,Décor,1,91.54,0.0,Email,US,
ORD-003232,2024-01-07,CUST-01736,cust-01736@lumenmail.com,Furniture,1,56.58,0.0,Email,CA,variant
ORD-000462,2023-07-19,CUST-02685,cust-02685@lumenmail.com,Décor,4,30.08,0.0,Organic,US,control
ORD-007367,2024-04-02,CUST-00700,cust-00700@lumenmail.com,Lighting,1,53.0,0.05,Organic,US,variant
ORD-006167,22/06/2023,,guest@lumenmail.com,Lightng,3,252.17,0.0,Paid Search,US,
ORD-007279,2023-11-11,CUST-01280,cust-01280@lumenmail.com,Outdoor,2,91.0,20.0,Email,UK,
ORD-008862,2023-10-21,CUST-00018,cust-00018@lumenmail.com,Décor,3,714.26,0.0,Paid Search,US,control
ORD-003922,2024-10-15,CUST-02863,cust-02863@lumenmail.com,Outdoor,1,74.45,0.0,Organic,UK,
ORD-008073,2024-03-04,CUST-00888,cust-00888@lumenmail.com,Décor,-2,78.12,0.15,Email,US,
ORD-004350,2023-10-20,CUST-01137,cust-01137@lumenmail.com,Outdoor,1,49.17,0.0,Paid Search,US,
ORD-007200,2024-02-23,CUST-00203,cust-00203@lumenmail.com,Décor,1,81.83,0.1,Email,UK,control
ORD-001904,2024-12-16,CUST-02999,cust-02999@lumenmail.com,Lighting,1,191.95,0.1,,US,
ORD-001783,2024-05-19,CUST-01707,cust-01707@lumenmail.com,Lighting,2,97.47,0.1,Organic,US,control
ORD-008551,2023-12-07,CUST-02066,cust-02066@lumenmail.com,Furniture,1,585.87,0.15,Email,CA,control
ORD-001435,2024-07-27,CUST-00499,cust-00499@lumenmail.com,Lighting,1,8.07,0.0,Organic,CA,control
ORD-008493,2024-09-23,CUST-02285,cust-02285@lumenmail.com,Décor,3,156.47,0.0,Paid Search,US,variant
ORD-007746,2024-06-02,CUST-01982,cust-01982@lumenmail.com,Lighting,1,119.39,0.0,,UK,variant
ORD-001573,16/01/2024,CUST-00559,cust-00559@lumenmail.com,Outdoor,1,7.69,0.05,Email,UK,
ORD-002573,2024-05-26,CUST-01075,cust-01075@lumenmail.com,Décor,6,230.7,0.15,Email,CA,
ORD-006432,2024-04-21,CUST-02712,cust-02712@lumenmail.com,Décor,1,37.55,5.0,Social,US,control
ORD-000809,2023-11-19,CUST-00490,cust-00490@lumenmail.com,Lighting,3,245.8,0.1,Email,US,
ORD-009466,16/04/2024,,guest@lumenmail.com,Décor,1,30.53,0.1,Paid Search,US,
ORD-002666,2024-05-08,CUST-02867,cust-02867@lumenmail.com,Accessories,3,44.43,0.0,Paid Search,CA,variant
ORD-006761,2024-09-17,CUST-01175,cust-01175@lumenmail.com,Outdoor,1,87.8,0.0,Paid Search,US,control
ORD-009508,2024-11-14,CUST-02017,cust-02017@lumenmail.com,Décor,2,28.36,0.15,Email,US,variant
ORD-006656,2024-05-09,CUST-01349,cust-01349@lumenmail.com,Outdoor,4,35.51,0.15,Paid Search,US,variant
ORD-004004,2023-12-10,CUST-02368,cust-02368@lumenmail.com,Décor,2,45.88,0.0,Organic,US,variant
ORD-009573,25/09/2024,CUST-02151,cust-02151@lumenmail.com,Décor,1,782.0,0.0,Organic,UK,variant
ORD-005567,2024-02-27,CUST-01912,cust-01912@lumenmail.com,Décor,2,142.66,0.0,Organic,US,variant
ORD-004920,2024-08-23,CUST-02819,cust-02819@lumenmail.com,Accessories,-1,43.1,0.0,Paid Search,US,
ORD-001935,2024-08-24,CUST-01788,cust-01788@lumenmail.com,Lighting,1,230.62,0.2,Paid Search,US,control
ORD-000054,2024-12-21,CUST-02242,cust-02242@lumenmail.com,Décor,3,79.23,0.15,Organic,US,
ORD-002487,2024-08-23,CUST-00151,cust-00151@lumenmail.com,Outdoor,3,19.0,0.0,Paid Search,CA,
ORD-004127,2024-09-18,CUST-01365,cust-01365@lumenmail.com,Lighting,2,60.08,0.15,Paid Search,US,variant
ORD-008017,07/01/2024,CUST-02595,cust-02595@lumenmail.com,Furniture,3,93.92,0.0,,CA,control
ORD-000514,,CUST-00597,cust-00597@lumenmail.com,Lighting,1,82.34,0.15,,CA,variant
ORD-002167,2023-06-05,CUST-01577,cust-01577@lumenmail.com,Furniture,5,146.63,10.0,Email,UK,variant
ORD-006087,2024-01-16,CUST-00656,cust-00656@lumenmail.com,Décor,1,69.19,0.05,Organic,UK,variant
ORD-004027,02/05/2024,CUST-02723,cust-02723@lumenmail.com,Lighting,4,513.4,0.0,Paid Search,CA,control
ORD-007969,2023-08-12,,guest@lumenmail.com,Décor,1,95.13,0.2,Email,AU,
ORD-005423,16/08/2023,CUST-00724,cust-00724@lumenmail.com,Furniture,4,92.52,0.0,Email,US,
ORD-007572,2024-10-08,CUST-02950,cust-02950@lumenmail.com,Lighting,1,15.4,0.0,Paid Search,US,variant
ORD-006680,2024-09-18,CUST-00004,cust-00004@lumenmail.com,Lightng,3,276.52,0.0,Organic,US,control
ORD-001048,2023-06-16,CUST-00310,cust-00310@lumenmail.com,Lighting,5,10.15,0.15,Email,US,control
ORD-002073,10/08/2023,CUST-01068,cust-01068@lumenmail.com,Accessories,1,172.43,0.15,Paid Search,AU,
ORD-007495,2024-09-06,CUST-01081,cust-01081@lumenmail.com,Furniture,1,124.94,0.0,Organic,US,
ORD-001376,2024-07-20,CUST-01685,cust-01685@lumenmail.com,Décor,4,12.48,0.15,Email,UK,variant
ORD-003561,2023-09-02,CUST-00124,cust-00124@lumenmail.com,Lighting,1,39.32,0.1,Organic,CA,
ORD-000902,06/03/2024,CUST-02497,cust-02497@lumenmail.com,Lighting,1,223.11,0.1,Paid Search,US,variant
ORD-006137,2024-10-12,CUST-00346,cust-00346@lumenmail.com,Lighting,2,376.78,0.0,Paid Search,CA,
ORD-007975,2024-09-01,CUST-00229,cust-00229@lumenmail.com,Outdoor,1,29.77,15.0,Paid Search,ZZ,variant
ORD-009283,2024-03-14,CUST-02222,cust-02222@lumenmail.com,Lighting,1,59.16,0.1,Paid Search,US,variant
ORD-007538,2024-10-20,CUST-02942,cust-02942@lumenmail.com,Accessories,1,0.0,0.2,Organic,US,variant
ORD-003161,2024-03-16,CUST-00605,cust-00605@lumenmail.com,Lighting,1,781.03,10.0,Paid Search,US,
ORD-008828,22/07/2024,CUST-01024,cust-01024@lumenmail.com,Lighting,1,46.65,0.0,Social,US,control
ORD-004516,2023-11-23,CUST-01525,cust-01525@lumenmail.com,Décor,3,27.23,0.1,Organic,UK,variant
ORD-005782,2024-04-18,CUST-01529,cust-01529@lumenmail.com,Furniture,1,378.8,0.15,Email,US,control
ORD-000042,2023-07-06,CUST-01240,cust-01240@lumenmail.com,Décor,1,123.94,0.0,Social,US,
ORD-000307,2024-04-13,CUST-00440,cust-00440@lumenmail.com,Lighting,1,182.36,0.0,Paid Search,AU,
ORD-005428,2024-08-20,CUST-01362,cust-01362@lumenmail.com,Décor,2,163.95,5.0,Paid Search,CA,control
ORD-007195,2024-01-02,CUST-02784,cust-02784@lumenmail.com,Outdoor,2,77.27,0.0,Paid Search,US,control
ORD-002593,2023-08-12,CUST-01683,cust-01683@lumenmail.com,Décor,1,58.78,0.0,Email,US,variant
ORD-004391,2024-11-17,CUST-00459,cust-00459@lumenmail.com,Outdoor,3,44.56,0.1,Paid Search,US,control
ORD-000511,2024-08-03,CUST-01993,cust-01993@lumenmail.com,Décor,1,48.45,0.1,Organic,US,
ORD-007300,02/10/2023,CUST-02784,cust-02784@lumenmail.com,Décor,2,160.12,0.0,Email,US,
ORD-005992,2024-12-10,CUST-01030,cust-01030@lumenmail.com,Furniture,1,124.23,0.0,Email,ZZ,control
ORD-007116,2024-07-18,CUST-02661,cust-02661@lumenmail.com,Outdoor,7,67.74,0.0,Social,US,control
ORD-008164,,CUST-01981,cust-01981@lumenmail.com,Décor,2,40.61,0.05,Social,US,
ORD-008451,12/07/2024,CUST-00212,cust-00212@lumenmail.com,Décor,1,25.82,0.1,Organic,US,
ORD-001227,2023-08-11,CUST-00578,cust-00578@lumenmail.com,Lighting,1,239.2,0.0,Email,UK,
ORD-005030,2024-07-11,,guest@lumenmail.com,Lighting,1,104.09,0.0,Paid Search,AU,control
ORD-004283,21/10/2023,CUST-01486,cust-01486@lumenmail.com,Accessories,1,16.58,0.0,Email,CA,variant
ORD-003154,11/07/2023,CUST-02366,cust-02366@lumenmail.com,Outdoor,2,74.43,0.15,,CA,variant
ORD-004385,2024-05-13,CUST-02451,cust-02451@lumenmail.com,Outdoor,5,115.02,0.05,Paid Search,ZZ,
ORD-008756,2024-04-21,CUST-00231,cust-00231@lumenmail.com,Lighting,3,165.96,0.05,Organic,US,control
ORD-008703,2023-06-19,CUST-00346,cust-00346@lumenmail.com,Lighting,1,135.27,5.0,Organic,UK,variant
ORD-000842,16/03/2024,CUST-02680,cust-02680@lumenmail.com,Décor,1,33.71,0.0,Organic,US,control
ORD-009445,2023-12-10,CUST-00745,cust-00745@lumenmail.com,Outdoor,-1,308.33,0.0,Paid Search,CA,variant
ORD-008054,2024-03-20,CUST-00444,cust-00444@lumenmail.com,Décor,1,393.62,0.1,Social,UK,
ORD-007082,21/08/2024,CUST-00873,cust-00873@lumenmail.com,Accessories,4,61.53,0.1,Email,US,control
ORD-006252,2024-07-09,CUST-02659,cust-02659@lumenmail.com,Lighting,1,213.07,0.0,Email,UK,variant
ORD-002445,2023-12-21,CUST-02333,cust-02333@lumenmail.com,Accessoires,4,179.31,0.0,Email,US,
ORD-002998,19/12/2023,CUST-00306,cust-00306@lumenmail.com,Accessories,1,51.92,0.0,Social,US,control
ORD-000759,2023-11-07,CUST-02231,cust-02231@lumenmail.com,Lighting,1,173.3,0.0,Email,US,
ORD-000445,2023-09-30,CUST-02656,cust-02656@lumenmail.com,Lighting,2,107.99,0.05,Email,US,variant
ORD-000758,11/11/2024,CUST-02636,cust-02636@lumenmail.com,Décor,2,76.23,0.15,Paid Search,US,variant
ORD-006669,2024-02-20,CUST-02644,cust-02644@lumenmail.com,Décor,1,38.27,0.0,,US,variant
ORD-007815,2024-04-14,CUST-02439,cust-02439@lumenmail.com,Lighting,3,215.57,0.15,Social,US,control
ORD-002829,2023-07-25,CUST-01494,cust-01494@lumenmail.com,Lighting,1,338.15,0.0,Email,AU,
ORD-000094,03/07/2023,CUST-02273,cust-02273@lumenmail.com,Décor,3,105.96,0.05,Organic,US,
ORD-004526,2024-11-03,CUST-02250,cust-02250@lumenmail.com,Décor,1,79.64,0.05,,US,variant
ORD-006794,2024-09-27,CUST-02150,cust-02150@lumenmail.com,Décor,1,168.58,0.05,Paid Search,UK,control
ORD-005761,2024-02-25,CUST-01798,cust-01798@lumenmail.com,Furniture,4,632.49,0.0,Paid Search,US,
ORD-002591,2023-10-12,CUST-01365,cust-01365@lumenmail.com,Décor,2,394.38,0.0,Email,US,variant
ORD-004597,2023-12-16,CUST-01121,cust-01121@lumenmail.com,Lighting,2,428.84,0.05,Social,UK,
ORD-000210,23/05/2024,CUST-02760,cust-02760@lumenmail.com,Lighting,1,387.61,0.0,Paid Search,US,control
ORD-004746,24/11/2024,CUST-01518,cust-01518@lumenmail.com,Outdoor,2,82.43,0.0,,US,
ORD-004579,2023-09-20,CUST-00618,cust-00618@lumenmail.com,Lighting,1,37.46,0.15,Organic,UK,
ORD-009399,04/06/2024,CUST-00369,cust-00369@lumenmail.com,Lighting,1,66.89,0.0,Organic,AU,variant
ORD-005813,23/07/2023,,guest@lumenmail.com,Décor,1,73.96,0.0,Paid Search,CA,variant
ORD-003588,2024-01-24,CUST-00289,cust-00289@lumenmail.com,Lighting,2,87.74,0.1,Social,UK,
ORD-003143,2023-06-04,CUST-01792,cust-01792@lumenmail.com,Lighting,2,32.32,0.0,,US,control
ORD-007010,19/06/2023,CUST-00023,cust-00023@lumenmail.com,Outdoor,1,110.02,0.1,Email,US,
ORD-008243,2024-11-22,CUST-02947,cust-02947@lumenmail.com,Furniture,1,123.19,0.0,Paid Search,CA,control
ORD-007330,2024-02-22,CUST-02379,cust-02379@lumenmail.com,Décor,1,62.53,10.0,Paid Search,US,variant
ORD-008442,2024-01-04,CUST-01419,cust-01419@lumenmail.com,Outdoor,1,36.92,0.0,Paid Search,US,
ORD-003880,2024-02-23,CUST-01969,cust-01969@lumenmail.com,Décor,2,79.61,0.0,Social,US,
ORD-003327,2024-10-31,,guest@lumenmail.com,Accessoires,2,43.53,0.0,Organic,US,control
ORD-001878,2024-08-04,CUST-02281,cust-02281@lumenmail.com,Lighting,1,137.81,0.05,Organic,US,
ORD-003169,2023-08-17,CUST-00554,cust-00554@lumenmail.com,Décor,5,504.81,0.1,Social,CA,control
ORD-000183,2024-06-05,CUST-00879,cust-00879@lumenmail.com,Décor,2,117.26,0.0,Paid Search,US,
ORD-004682,2023-10-04,CUST-00993,cust-00993@lumenmail.com,Décor,1,44.98,0.15,Paid Search,UK,
ORD-008731,2023-12-26,CUST-00969,cust-00969@lumenmail.com,Lighting,1,165.18,0.0,Organic,US,variant
ORD-000071,2024-12-13,CUST-00176,cust-00176@lumenmail.com,Lighting,1,49.29,0.0,Paid Search,UK,control
ORD-003730,18/12/2023,CUST-02265,cust-02265@lumenmail.com,Décor,6,457.27,0.1,Paid Search,US,variant
ORD-000760,2024-02-16,CUST-02955,cust-02955@lumenmail.com,Lighting,6,350.65,0.15,Social,US,
ORD-001789,2024-08-20,CUST-02180,cust-02180@lumenmail.com,Lighting,5,782.93,0.15,Paid Search,US,
ORD-004951,2024-05-06,CUST-00739,cust-00739@lumenmail.com,Lighting,2,181.19,0.0,,US,variant
ORD-004982,2024-10-26,CUST-02519,cust-02519@lumenmail.com,Furniture,1,143.21,0.0,Email,US,control
ORD-006778,2024-05-27,CUST-02786,cust-02786@lumenmail.com,Furniture,2,119.74,10.0,Organic,US,control
ORD-002329,2024-08-08,CUST-00259,cust-00259@lumenmail.com,Décor,5,37.02,0.0,Paid Search,US,control
ORD-002926,2024-02-20,CUST-02842,cust-02842@lumenmail.com,Lighting,2,12.36,0.0,Email,AU,control
ORD-003792,2024-08-19,CUST-02367,cust-02367@lumenmail.com,Outdoor,1,695.09,0.0,Paid Search,CA,
ORD-001318,2023-09-24,CUST-02780,cust-02780@lumenmail.com,Furniture,1,44.98,0.15,Paid Search,CA,
ORD-000800,2024-03-12,CUST-01053,cust-01053@lumenmail.com,Outdoor,5,55.6,0.05,Social,US,control
ORD-000766,2024-03-01,CUST-00554,cust-00554@lumenmail.com,Outdoor,1,32.68,0.0,Organic,US,
ORD-006121,2024-12-15,CUST-02927,cust-02927@lumenmail.com,Lighting,2,216.7,0.1,Paid Search,US,control
ORD-005304,2023-09-02,CUST-02377,cust-02377@lumenmail.com,Accessoires,5,30.23,0.0,Email,US,variant
ORD-002070,2024-03-06,CUST-02157,cust-02157@lumenmail.com,Accessories,1,44.63,0.05,Paid Search,US,control
ORD-007135,2024-04-13,CUST-01863,cust-01863@lumenmail.com,Décor,2,20.5,0.1,Organic,UK,
ORD-008575,2024-09-29,CUST-02537,cust-02537@lumenmail.com,Furniture,2,32.04,0.15,Social,US,variant
ORD-005484,17/05/2024,CUST-02271,cust-02271@lumenmail.com,Décor,2,440.91,0.0,Email,UK,control
ORD-005603,07/09/2023,CUST-02711,cust-02711@lumenmail.com,Décor,1,25.38,0.0,Paid Search,US,variant
ORD-004890,2023-11-07,CUST-01437,cust-01437@lumenmail.com,Lighting,1,303.2,0.1,,US,control
ORD-001146,2024-03-10,CUST-02601,cust-02601@lumenmail.com,Lighting,1,46.96,0.0,Email,US,variant
ORD-006129,2023-11-27,CUST-02614,cust-02614@lumenmail.com,Lighting,1,77.08,10.0,Paid Search,US,
ORD-003896,2024-06-16,CUST-00778,cust-00778@lumenmail.com,Lighting,1,633.11,0.0,Organic,US,variant
ORD-001160,2024-02-25,CUST-02933,cust-02933@lumenmail.com,Accessories,1,43.61,0.05,Email,CA,variant
ORD-002978,05/05/2024,CUST-00200,cust-00200@lumenmail.com,Décor,1,28.95,0.1,Paid Search,US,control
ORD-009322,2023-09-16,CUST-02418,cust-02418@lumenmail.com,Lighting,3,54.39,0.1,Email,US,
ORD-001186,2024-04-16,,guest@lumenmail.com,Furniture,-3,81.76,0.25,Social,US,
ORD-008328,2024-02-09,CUST-02900,cust-02900@lumenmail.com,Furniture,3,71.79,0.0,Paid Search,UK,variant
ORD-001450,2023-06-30,CUST-02651,cust-02651@lumenmail.com,Décor,3,21.16,0.15,Email,CA,
ORD-003164,2024-11-01,CUST-02541,cust-02541@lumenmail.com,Accessories,2,31.72,5.0,Email,US,variant
ORD-000063,2023-08-17,CUST-00553,cust-00553@lumenmail.com,Outdoor,2,76.32,0.05,Paid Search,US,control
ORD-007671,2024-09-21,CUST-00409,cust-00409@lumenmail.com,Décor,1,95.32,0.0,Social,US,
ORD-001928,2024-05-20,CUST-00078,cust-00078@lumenmail.com,Accessories,1,11.89,0.05,Social,UK,control
ORD-006809,2023-12-02,CUST-00181,cust-00181@lumenmail.com,Furniture,1,50.24,0.0,Email,US,
ORD-006369,2024-08-16,CUST-00241,cust-00241@lumenmail.com,Lighting,6,191.57,0.0,Email,US,control
ORD-005092,2023-12-26,CUST-00418,cust-00418@lumenmail.com,Furniture,3,46.84,0.0,Social,ZZ,
ORD-001604,2023-09-09,CUST-01919,cust-01919@lumenmail.com,Accessories,1,81.81,0.0,Email,US,
ORD-003003,2023-12-14,CUST-01395,cust-01395@lumenmail.com,Outdoor,1,11.16,0.2,Paid Search,UK,
ORD-007162,2023-11-25,,guest@lumenmail.com,Outdoor,1,31.19,0.15,Email,US,variant
ORD-008590,,CUST-02935,cust-02935@lumenmail.com,Lighting,2,31.79,0.1,Organic,US,control
ORD-008981,2023-09-14,CUST-02082,cust-02082@lumenmail.com,Décor,1,53.35,20.0,Paid Search,US,control
ORD-008836,2024-12-22,CUST-02510,cust-02510@lumenmail.com,Lighting,2,103.72,0.05,Email,US,variant
ORD-008496,20/12/2024,CUST-00585,cust-00585@lumenmail.com,lighting,1,670.52,0.1,Organic,US,
ORD-007910,2024-11-01,CUST-00706,cust-00706@lumenmail.com,Décor,2,260.43,0.0,,US,
ORD-000249,2023-08-19,CUST-01110,cust-01110@lumenmail.com,Décor,1,8.46,0.0,Organic,US,
ORD-008760,2024-07-21,CUST-02465,cust-02465@lumenmail.com,Accessories,1,502.65,0.1,Email,US,control
ORD-008559,2024-03-30,CUST-02722,cust-02722@lumenmail.com,Lighting,2,15.74,0.0,Paid Search,US,variant
ORD-003691,2023-11-01,CUST-02815,cust-02815@lumenmail.com,Outdoor,-6,21.24,0.1,Paid Search,UK,
ORD-004375,2024-11-08,CUST-02376,cust-02376@lumenmail.com,Décor,2,174.81,0.2,Email,US,variant
ORD-005140,2023-06-08,CUST-02168,cust-02168@lumenmail.com,Décor,4,110.84,20.0,Organic,US,
ORD-002228,27/08/2024,CUST-02586,cust-02586@lumenmail.com,Lighting,1,178.6,0.05,Paid Search,US,control
ORD-004777,12/09/2023,CUST-02067,cust-02067@lumenmail.com,Décor,2,112.44,0.0,Social,US,
ORD-001230,2024-05-18,,guest@lumenmail.com,Outdoor,-1,149.55,0.1,Paid Search,US,control
ORD-001254,2024-12-18,CUST-02485,cust-02485@lumenmail.com,Outdoor,1,96.66,0.0,Social,US,
ORD-003174,2024-11-09,CUST-01936,cust-01936@lumenmail.com,Lighting,1,7.14,0.0,Email,UK,control
ORD-007836,2024-11-14,CUST-00595,cust-00595@lumenmail.com,Décor,1,6.25,0.1,Paid Search,US,
ORD-000329,2024-09-12,CUST-01757,cust-01757@lumenmail.com,Décor,1,72.89,0.0,Organic,US,variant
ORD-008509,2024-06-29,CUST-02021,cust-02021@lumenmail.com,Furniture,2,20.96,0.25,Organic,US,variant
ORD-008113,2023-08-03,CUST-00388,cust-00388@lumenmail.com,Accessories,2,61.0,0.05,Social,US,variant
ORD-009145,2024-07-17,CUST-01276,cust-01276@lumenmail.com,Décor,1,32.15,0.2,Social,US,control
ORD-008141,2023-09-07,CUST-00394,cust-00394@lumenmail.com,Décor,1,54.63,0.1,Email,UK,variant
ORD-004276,2023-06-06,CUST-02546,cust-02546@lumenmail.com,Furniture,1,281.56,0.0,Organic,US,
ORD-001165,2023-09-05,CUST-00243,cust-00243@lumenmail.com,Lighting,1,60.87,0.05,Email,US,
ORD-007087,2024-02-01,CUST-01498,cust-01498@lumenmail.com,Furniture,1,74.29,0.0,Email,AU,
ORD-002544,31/05/2024,CUST-00931,cust-00931@lumenmail.com,Décor,1,406.69,0.05,,US,variant
ORD-009554,2024-02-03,CUST-00664,cust-00664@lumenmail.com,Outdoor,4,86.78,0.1,Email,CA,
ORD-006769,30/05/2024,CUST-01256,cust-01256@lumenmail.com,Lighting,1,98.18,0.0,Email,CA,
ORD-003577,2024-07-29,CUST-00079,cust-00079@lumenmail.com,Lighting,4,56.48,0.1,,US,variant
ORD-005246,2023-11-21,CUST-02408,cust-02408@lumenmail.com,Lighting,6,769.76,0.0,Paid Search,UK,variant
ORD-004489,24/06/2024,,guest@lumenmail.com,Décor,2,41.96,0.15,Organic,US,
ORD-006704,25/10/2023,CUST-00602,cust-00602@lumenmail.com,Outdoor,1,28.15,0.1,,ZZ,control
ORD-005914,2023-07-27,CUST-00604,cust-00604@lumenmail.com,Lighting,1,180.55,0.0,Email,US,
ORD-000731,2024-08-20,CUST-00675,cust-00675@lumenmail.com,Furniture,2,100.67,0.05,Social,US,variant
ORD-008935,2023-10-21,CUST-02851,cust-02851@lumenmail.com,Outdoor,4,9.9,0.0,Paid Search,US,
ORD-006597,13/07/2023,CUST-01550,cust-01550@lumenmail.com,Décor,2,28.3,0.05,Paid Search,US,control
ORD-006854,2024-04-04,CUST-02407,cust-02407@lumenmail.com,Lighting,1,258.91,0.1,Email,US,control
ORD-007579,2023-08-09,CUST-00925,cust-00925@lumenmail.com,Lighting,-1,297.53,0.1,Organic,US,variant
ORD-008129,2024-03-11,CUST-01942,cust-01942@lumenmail.com,Outdoor,1,25.8,0.0,Paid Search,ZZ,control
ORD-007487,2023-11-21,CUST-01685,cust-01685@lumenmail.com,Décor,1,45.47,0.2,Organic,US,variant
ORD-004029,2023-09-28,CUST-00486,cust-00486@lumenmail.com,Outdoor,1,215.63,0.0,Email,US,control
ORD-002088,2024-06-15,CUST-02001,cust-02001@lumenmail.com,Furniture,1,332.14,0.1,Social,CA,control
ORD-003028,2024-07-09,CUST-01786,cust-01786@lumenmail.com,Décor,1,27.78,0.0,Organic,US,variant
ORD-004124,21/09/2023,CUST-02711,cust-02711@lumenmail.com,Lighting,1,511.4,0.05,Organic,UK,variant
ORD-005290,2023-11-26,CUST-00738,cust-00738@lumenmail.com,Décor,2,76.57,0.0,Organic,CA,
ORD-003436,2024-07-10,CUST-02848,cust-02848@lumenmail.com,Lighting,1,31.51,0.05,Paid Search,US,control
ORD-003069,22/08/2023,CUST-01733,cust-01733@lumenmail.com,Outdoor,1,558.46,0.0,,UK,variant
ORD-002894,2024-02-04,CUST-02681,cust-02681@lumenmail.com,Furniture,4,10.8,0.0,Organic,US,control
ORD-003379,16/05/2024,CUST-00462,cust-00462@lumenmail.com,Lighting,5,112.79,0.1,Social,AU,
ORD-002473,05/07/2024,,guest@lumenmail.com,Lighting,1,121.06,0.05,Email,UK,control
ORD-002323,2024-12-01,CUST-01841,cust-01841@lumenmail.com,Outdoor,2,44.13,0.05,Organic,CA,control
ORD-009094,2024-10-18,CUST-02776,cust-02776@lumenmail.com,Outdoor,1,87.2,0.1,Organic,US,
ORD-002481,2024-08-14,CUST-00342,cust-00342@lumenmail.com,Accessories,2,217.31,0.0,Social,US,variant
ORD-003555,2023-10-31,CUST-00331,cust-00331@lumenmail.com,Furniture,-1,40.47,5.0,Social,UK,
ORD-006871,25/12/2024,CUST-02118,cust-02118@lumenmail.com,Accessories,1,57.67,0.0,Email,US,variant
ORD-000151,2024-04-18,CUST-02935,cust-02935@lumenmail.com,Outdoor,4,42.77,0.05,Paid Search,US,control
ORD-006865,30/05/2024,CUST-02837,cust-02837@lumenmail.com,Lightng,1,71.89,0.0,Email,ZZ,
ORD-007584,2023-08-22,CUST-02797,cust-02797@lumenmail.com,Lighting,5,181.42,0.1,Email,CA,control
ORD-003658,2024-11-24,CUST-02676,cust-02676@lumenmail.com,Décor,4,173.82,0.0,Paid Search,AU,control
ORD-006032,2024-12-27,CUST-00530,cust-00530@lumenmail.com,Outdoor,1,86.48,0.15,Paid Search,US,variant
ORD-004007,2023-07-30,CUST-00732,cust-00732@lumenmail.com,Lighting,1,10.74,0.1,Email,UK,
ORD-004879,2024-10-01,CUST-01490,cust-01490@lumenmail.com,Furniture,2,136.27,0.05,Email,US,
ORD-003537,2023-07-03,CUST-02682,cust-02682@lumenmail.com,Furniture,2,20.18,0.1,Paid Search,US,control
ORD-003388,2024-04-02,CUST-01176,cust-01176@lumenmail.com,Lighting,2,727.22,0.0,Email,CA,
ORD-008894,2024-10-18,CUST-02730,cust-02730@lumenmail.com,Lighting,1,150.6,0.0,Paid Search,US,control
ORD-007549,2024-01-13,CUST-02524,cust-02524@lumenmail.com,Lighting,1,110.1,0.05,Social,US,
ORD-002637,2024-08-15,CUST-00877,cust-00877@lumenmail.com,Lighting,4,89.66,0.0,Email,CA,
ORD-008234,2024-04-16,CUST-02534,cust-02534@lumenmail.com,Décor,1,12.13,0.1,Paid Search,US,variant
ORD-002456,2023-12-24,CUST-02287,cust-02287@lumenmail.com,Furniture,2,148.99,0.1,Email,UK,control
ORD-003621,26/06/2024,,guest@lumenmail.com,Furniture,1,12.66,20.0,Email,UK,variant
ORD-000674,2024-02-17,CUST-02002,cust-02002@lumenmail.com,Lighting,1,100.81,0.0,Email,CA,control
ORD-006004,2023-11-19,CUST-01346,cust-01346@lumenmail.com,Lighting,2,71.41,0.0,Organic,US,control
ORD-009358,2024-01-05,CUST-02743,cust-02743@lumenmail.com,Lighting,3,40.87,0.0,Email,CA,control
ORD-005976,,CUST-02735,cust-02735@lumenmail.com,Décor,2,145.15,0.1,Email,US,control
ORD-002098,2023-12-04,CUST-00680,cust-00680@lumenmail.com,Furniture,1,120.72,0.0,Email,UK,
ORD-001938,2024-05-11,CUST-00207,cust-00207@lumenmail.com,Lighting,2,165.59,0.25,Organic,US,
ORD-007256,30/04/2024,CUST-02206,cust-02206@lumenmail.com,Furniture,1,268.26,0.05,Organic,ZZ,variant
ORD-003060,2024-12-05,,guest@lumenmail.com,Décor,2,104.54,0.2,Email,UK,
ORD-004713,10/02/2024,CUST-00961,cust-00961@lumenmail.com,Lighting,1,653.11,0.0,Organic,US,control
ORD-003683,2023-07-04,,guest@lumenmail.com,Décor,1,27.19,0.05,Email,US,variant
ORD-005297,2024-07-03,CUST-02107,cust-02107@lumenmail.com,Lighting,2,470.73,0.0,Paid Search,US,control
ORD-008317,2024-11-03,,guest@lumenmail.com,Lighting,2,161.59,0.2,Social,UK,control
ORD-002953,2023-11-25,CUST-02100,cust-02100@lumenmail.com,Lighting,1,73.86,0.0,Organic,US,variant
ORD-008651,2024-05-10,CUST-01619,cust-01619@lumenmail.com,Furniture,2,95.51,0.1,Paid Search,UK,control
ORD-002830,2023-10-31,CUST-01608,cust-01608@lumenmail.com,Lighting,1,184.9,0.0,Email,US,control
ORD-002360,2024-11-29,CUST-00705,cust-00705@lumenmail.com,Furniture,2,48.92,0.15,Organic,UK,variant
ORD-009293,02/09/2023,CUST-02354,cust-02354@lumenmail.com,Lighting,5,26.2,0.15,Paid Search,US,
ORD-004259,2024-06-11,CUST-01089,cust-01089@lumenmail.com,Outdoor,1,302.97,0.0,,CA,variant
ORD-000631,2024-02-16,CUST-00619,cust-00619@lumenmail.com,Outdoor,2,49.56,0.0,Paid Search,US,
ORD-004985,2024-01-07,,guest@lumenmail.com,Lighting,5,62.19,0.0,Organic,US,
ORD-006516,2023-12-16,CUST-01980,cust-01980@lumenmail.com,Furniture,1,149.23,10.0,Paid Search,ZZ,control
ORD-002317,2024-09-14,CUST-00972,cust-00972@lumenmail.com,Décor,1,42.56,0.05,Email,US,control
ORD-008376,2023-09-28,CUST-02546,cust-02546@lumenmail.com,lighting,3,122.83,0.1,Email,US,variant
ORD-008920,02/06/2023,CUST-02390,cust-02390@lumenmail.com,Furniture,1,19.34,0.15,,AU,control
ORD-000505,2024-03-31,CUST-00181,cust-00181@lumenmail.com,Lighting,1,70.54,0.05,Paid Search,UK,variant
ORD-006644,2024-06-21,CUST-00715,cust-00715@lumenmail.com,Décor,2,93.49,0.0,Organic,ZZ,variant
ORD-008264,07/07/2023,CUST-02829,cust-02829@lumenmail.com,Furniture,1,96.74,0.0,Paid Search,US,
ORD-000969,2024-02-29,CUST-02925,cust-02925@lumenmail.com,Décor,2,59.64,0.05,Paid Search,US,variant
ORD-007709,2024-12-04,CUST-01464,cust-01464@lumenmail.com,Furniture,2,60.76,0.0,Email,US,
ORD-001720,2024-06-13,CUST-00197,cust-00197@lumenmail.com,Accessories,1,68.29,0.0,Paid Search,US,
ORD-002863,2023-12-03,CUST-01291,cust-01291@lumenmail.com,Furniture,2,787.14,0.15,Email,US,
ORD-008678,2024-12-22,CUST-01892,cust-01892@lumenmail.com,Furniture,3,13.61,0.1,Email,US,
ORD-001660,2023-06-15,CUST-00948,cust-00948@lumenmail.com,Lighting,7,6.91,0.0,,US,variant
ORD-004495,2023-12-10,CUST-01728,cust-01728@lumenmail.com,Décor,2,33.55,0.1,Organic,US,control
ORD-008295,2024-08-01,CUST-01909,cust-01909@lumenmail.com,Accessories,2,375.5,0.0,Email,US,
ORD-005547,2024-05-30,CUST-02623,cust-02623@lumenmail.com,Accessories,2,27.7,0.0,Organic,US,variant
ORD-003285,2024-01-25,CUST-02947,cust-02947@lumenmail.com,Furniture,2,61.97,0.0,Email,US,
ORD-008647,16/04/2024,CUST-01665,cust-01665@lumenmail.com,Outdoor,1,270.55,0.1,Paid Search,US,variant
ORD-000050,2024-01-01,CUST-02447,cust-02447@lumenmail.com,Lighting,7,177.13,0.0,Social,CA,
ORD-004968,2024-04-02,CUST-02551,cust-02551@lumenmail.com,Lighting,4,80.72,0.0,Paid Search,AU,
ORD-004442,2023-11-20,CUST-00566,cust-00566@lumenmail.com,Lighting,3,43.42,0.0,Paid Search,US,variant
ORD-005193,2023-08-17,CUST-01803,cust-01803@lumenmail.com,Décor,1,93.39,0.0,Organic,US,variant
ORD-003528,2024-02-25,CUST-01701,cust-01701@lumenmail.com,Lighting,1,0.0,0.0,Organic,US,variant
ORD-001985,03/09/2023,CUST-00992,cust-00992@lumenmail.com,Furniture,1,49.77,0.05,Email,CA,
ORD-004388,07/02/2024,CUST-00980,cust-00980@lumenmail.com,Lighting,1,446.45,0.05,Organic,US,
ORD-004631,2023-11-17,CUST-00347,cust-00347@lumenmail.com,lighting,4,0.0,0.25,Paid Search,US,
ORD-007239,2024-09-15,CUST-02089,cust-02089@lumenmail.com,Furniture,2,96.25,0.15,Paid Search,US,
ORD-000692,2023-06-21,CUST-02026,cust-02026@lumenmail.com,Outdoor,-1,90.03,0.15,Paid Search,US,
ORD-006716,2023-09-06,CUST-02517,cust-02517@lumenmail.com,Accessories,2,34.05,0.0,Email,US,variant
ORD-008947,2024-05-19,CUST-00494,cust-00494@lumenmail.com,Lighting,1,14.22,0.2,Paid Search,ZZ,variant
ORD-003556,12/12/2023,CUST-00480,cust-00480@lumenmail.com,Décor,2,67.27,0.0,Paid Search,UK,
ORD-005204,2023-12-10,,guest@lumenmail.com,Lighting,-7,228.04,0.1,Paid Search,US,control
ORD-002785,2024-02-09,CUST-01425,cust-01425@lumenmail.com,Décor,3,19.84,5.0,Paid Search,CA,variant
ORD-004585,2024-01-04,CUST-02356,cust-02356@lumenmail.com,Lighting,1,374.3,0.0,Paid Search,US,control
ORD-002180,04/02/2024,CUST-00946,cust-00946@lumenmail.com,Lighting,1,179.1,0.0,Organic,US,variant
ORD-004957,07/09/2023,CUST-00073,cust-00073@lumenmail.com,Décor,1,33.04,0.15,Paid Search,US,
ORD-005109,2023-08-29,CUST-01306,cust-01306@lumenmail.com,Furniture,2,734.86,0.15,Paid Search,US,variant
ORD-007492,20/08/2023,,guest@lumenmail.com,Lighting,4,83.63,0.0,Paid Search,UK,
ORD-005017,2024-10-07,CUST-00203,cust-00203@lumenmail.com,Accessories,2,94.91,0.1,Organic,US,
ORD-001969,2024-06-07,CUST-02582,cust-02582@lumenmail.com,Outdoor,3,30.4,0.0,Paid Search,CA,variant
ORD-004312,2023-10-04,CUST-01213,cust-01213@lumenmail.com,Furniture,1,9.04,5.0,Organic,US,
ORD-001145,2024-11-05,CUST-02708,cust-02708@lumenmail.com,Outdoor,1,21.03,0.0,Organic,CA,variant
ORD-001571,2024-09-16,CUST-02101,cust-02101@lumenmail.com,Lighting,2,299.47,0.0,Email,US,variant
ORD-005676,2024-08-23,CUST-01292,cust-01292@lumenmail.com,Furniture,1,116.94,0.0,Organic,CA,control
ORD-009328,2024-11-18,CUST-01421,cust-01421@lumenmail.com,Décor,-2,23.67,0.0,Social,US,variant
ORD-001960,2024-06-29,CUST-01837,cust-01837@lumenmail.com,Lighting,1,476.39,0.0,,UK,variant
ORD-005387,2024-09-25,CUST-02356,cust-02356@lumenmail.com,Accessories,2,17.95,0.0,Paid Search,UK,control
ORD-000626,2024-04-27,CUST-01432,cust-01432@lumenmail.com,Lighting,1,26.98,0.2,Paid Search,US,control
ORD-008676,2024-02-24,CUST-02220,cust-02220@lumenmail.com,Outdoor,2,15.89,25.0,Email,US,
ORD-006574,2024-08-07,CUST-01138,cust-01138@lumenmail.com,Lighting,1,16.34,0.25,Social,UK,control
ORD-008990,2023-10-23,CUST-02885,cust-02885@lumenmail.com,Lighting,6,105.98,0.2,Paid Search,AU,control
ORD-000374,2024-06-01,CUST-02002,cust-02002@lumenmail.com,Décor,5,239.39,5.0,Organic,US,
ORD-003463,2024-11-08,CUST-02298,cust-02298@lumenmail.com,Furniture,3,6.0,0.2,Organic,UK,control
ORD-002448,2024-05-19,,guest@lumenmail.com,Décor,1,140.62,0.05,Paid Search,US,
ORD-005495,16/01/2024,CUST-01179,cust-01179@lumenmail.com,Décor,2,22.19,0.0,Email,UK,
ORD-007198,15/11/2023,CUST-02250,cust-02250@lumenmail.com,Accessories,1,362.57,0.05,Social,UK,
ORD-004284,,CUST-02803,cust-02803@lumenmail.com,Décor,3,783.51,0.2,Organic,US,variant
ORD-007855,11/09/2024,CUST-02696,cust-02696@lumenmail.com,Décor,1,114.36,0.0,Paid Search,US,control
ORD-003506,2024-05-15,CUST-00834,cust-00834@lumenmail.com,Décor,2,85.34,0.05,Organic,UK,control
ORD-004578,2023-11-15,,guest@lumenmail.com,Furniture,1,48.73,0.05,Social,US,control
ORD-003660,2024-09-07,CUST-01881,cust-01881@lumenmail.com,lighting,3,45.7,0.0,Paid Search,CA,
ORD-004387,2024-10-26,CUST-02214,cust-02214@lumenmail.com,Décor,2,144.79,0.0,Social,US,
ORD-000707,2024-07-20,CUST-01177,cust-01177@lumenmail.com,Décor,1,206.07,0.0,Email,CA,variant
ORD-007304,31/10/2023,CUST-01005,cust-01005@lumenmail.com,Furniture,3,22.86,0.0,Paid Search,US,control
ORD-007889,25/11/2024,CUST-01869,cust-01869@lumenmail.com,Outdoor,4,49.06,0.0,Paid Search,US,
ORD-006863,19/10/2024,CUST-00038,cust-00038@lumenmail.com,Furniture,1,84.61,0.05,Social,CA,control
ORD-009115,2023-06-09,CUST-00610,cust-00610@lumenmail.com,Accessories,3,264.45,0.05,Paid Search,US,control
ORD-003343,2024-01-21,CUST-00809,cust-00809@lumenmail.com,Outdoor,2,20.21,0.1,Email,US,variant
ORD-000970,2024-03-14,CUST-01403,cust-01403@lumenmail.com,Outdoor,2,204.64,0.0,Email,CA,control
ORD-002202,2024-03-31,CUST-00447,cust-00447@lumenmail.com,Furniture,1,74.43,0.05,Organic,US,
ORD-006454,2024-07-07,CUST-02160,cust-02160@lumenmail.com,Lightng,2,46.67,0.15,Organic,US,
ORD-000181,22/09/2024,CUST-01747,cust-01747@lumenmail.com,Décor,1,175.33,0.0,Email,US,variant
ORD-005656,2024-11-15,CUST-00532,cust-00532@lumenmail.com,Lighting,1,87.13,0.1,Paid Search,US,control
ORD-002831,2023-09-21,CUST-02271,cust-02271@lumenmail.com,Accessories,4,138.13,0.0,Email,AU,variant
ORD-001106,2023-07-22,CUST-01217,cust-01217@lumenmail.com,Lightng,2,11.7,0.0,Email,US,variant
ORD-007617,2024-01-23,CUST-02771,cust-02771@lumenmail.com,Décor,3,197.81,0.05,Paid Search,US,control
ORD-003681,2024-12-26,CUST-00659,cust-00659@lumenmail.com,Outdoor,2,299.1,0.05,Social,UK,
ORD-009460,2024-04-26,CUST-02552,cust-02552@lumenmail.com,Décor,-2,20.01,0.05,Paid Search,US,variant
ORD-003852,28/04/2024,CUST-00411,cust-00411@lumenmail.com,Furniture,2,0.0,0.0,Email,ZZ,variant
ORD-005276,2023-09-13,CUST-02483,cust-02483@lumenmail.com,Outdoor,2,165.06,0.0,,US,control
ORD-008650,2023-06-22,CUST-02332,cust-02332@lumenmail.com,Lighting,7,199.18,0.1,Organic,US,variant
ORD-006191,2024-10-06,,guest@lumenmail.com,Outdoor,2,36.02,0.05,Paid Search,CA,
ORD-009556,2024-06-27,CUST-01536,cust-01536@lumenmail.com,Furniture,1,129.19,0.1,Social,UK,variant
ORD-001932,2023-11-16,CUST-02732,cust-02732@lumenmail.com,Outdoor,2,703.73,0.0,Email,US,
ORD-002849,2024-02-27,CUST-00427,cust-00427@lumenmail.com,Furniture,3,19.22,0.0,Organic,US,
ORD-006333,25/12/2024,CUST-02843,cust-02843@lumenmail.com,Décor,2,94.04,0.0,Email,UK,control
ORD-005253,2024-03-23,CUST-01194,cust-01194@lumenmail.com,Outdoor,1,102.33,20.0,Paid Search,US,variant
ORD-007331,2024-07-03,CUST-02160,cust-02160@lumenmail.com,Outdoor,5,346.37,0.1,Paid Search,US,
ORD-004293,2024-07-01,CUST-01117,cust-01117@lumenmail.com,Lighting,1,75.27,0.15,Organic,US,variant
ORD-003430,2024-10-10,CUST-00523,cust-00523@lumenmail.com,Outdoor,1,46.53,0.0,Email,AU,
ORD-003252,2024-11-21,CUST-00841,cust-00841@lumenmail.com,Lighting,1,10.86,0.0,Paid Search,ZZ,
ORD-001882,2024-11-09,CUST-02348,cust-02348@lumenmail.com,Lighting,2,317.09,0.0,Paid Search,UK,
ORD-007253,2024-11-30,CUST-00343,cust-00343@lumenmail.com,Outdoor,2,57.83,0.0,,US,control
ORD-007786,2024-12-17,CUST-01260,cust-01260@lumenmail.com,Décor,2,23.05,0.1,Email,UK,
ORD-003624,2024-10-18,,guest@lumenmail.com,Furniture,1,199.7,0.2,Email,US,variant
ORD-007985,2023-09-24,CUST-01755,cust-01755@lumenmail.com,Lightng,2,770.19,0.0,Email,US,variant
ORD-001023,2023-07-31,CUST-00922,cust-00922@lumenmail.com,Lighting,1,5.73,0.05,Paid Search,US,variant
ORD-001299,23/08/2023,CUST-00076,cust-00076@lumenmail.com,Décor,1,69.54,0.0,Organic,US,control
ORD-003837,2023-07-01,CUST-00151,cust-00151@lumenmail.com,lighting,1,29.98,0.2,Organic,US,
ORD-003974,2023-07-12,CUST-01111,cust-01111@lumenmail.com,Lighting,2,313.96,0.0,Paid Search,AU,variant
ORD-002397,2023-09-30,CUST-02307,cust-02307@lumenmail.com,Lighting,2,400.48,0.0,Email,UK,variant
ORD-002374,07/06/2024,CUST-02946,cust-02946@lumenmail.com,Lighting,1,126.14,5.0,Email,US,variant
ORD-000304,2024-04-25,CUST-00044,cust-00044@lumenmail.com,Décor,1,72.65,0.1,Paid Search,US,
ORD-003255,2023-06-05,CUST-01059,cust-01059@lumenmail.com,Décor,4,5.11,0.0,Organic,US,variant
ORD-002019,2023-09-22,CUST-00323,cust-00323@lumenmail.com,Outdoor,1,26.2,0.15,Paid Search,CA,control
ORD-003166,2024-10-18,CUST-02455,cust-02455@lumenmail.com,Outdoor,2,136.35,0.1,Paid Search,UK,variant
ORD-002089,24/11/2024,CUST-00319,cust-00319@lumenmail.com,Outdoor,1,65.22,0.0,Organic,US,variant
ORD-000914,2024-12-24,CUST-00482,cust-00482@lumenmail.com,Accessories,1,40.92,0.1,Organic,US,
ORD-008980,2024-11-13,CUST-00688,cust-00688@lumenmail.com,Décor,2,165.43,0.0,Email,US,
ORD-001265,2023-11-01,CUST-01404,cust-01404@lumenmail.com,Lighting,3,147.36,0.0,Paid Search,CA,variant
ORD-005753,2024-06-29,CUST-01158,cust-01158@lumenmail.com,Décor,1,79.77,0.1,Email,CA,control
ORD-005212,2024-02-06,CUST-01627,cust-01627@lumenmail.com,Furniture,1,45.4,0.05,Paid Search,US,control
ORD-005600,,,guest@lumenmail.com,Lighting,1,526.63,20.0,Paid Search,US,variant
ORD-005314,2024-01-25,CUST-01759,cust-01759@lumenmail.com,Lighting,1,312.18,0.1,Email,US,control
ORD-003671,2024-07-07,CUST-01434,cust-01434@lumenmail.com,Furniture,2,54.68,0.05,Email,US,variant
ORD-007232,2023-09-01,CUST-00251,cust-00251@lumenmail.com,Décor,1,192.52,0.05,Email,US,
ORD-005329,2023-07-21,CUST-00153,cust-00153@lumenmail.com,Lighting,3,101.79,0.0,Social,UK,
ORD-006161,2024-03-17,CUST-02187,cust-02187@lumenmail.com,Lighting,1,118.51,0.0,Email,US,control
ORD-001383,2023-08-13,CUST-01040,cust-01040@lumenmail.com,Lighting,4,261.53,0.2,Organic,AU,
ORD-008846,2023-06-24,,guest@lumenmail.com,Lighting,1,22.6,0.15,Email,US,
ORD-005799,2024-11-05,CUST-02236,cust-02236@lumenmail.com,Lighting,1,0.0,0.0,Social,US,
ORD-000339,2024-03-05,CUST-01351,cust-01351@lumenmail.com,Furniture,1,182.84,0.1,Organic,US,control
ORD-009452,2024-01-23,CUST-00398,cust-00398@lumenmail.com,Furniture,5,35.35,0.25,Email,US,
ORD-007373,2024-12-13,CUST-02630,cust-02630@lumenmail.com,Furniture,2,191.34,0.05,Email,US,variant
ORD-001143,07/08/2024,CUST-00133,cust-00133@lumenmail.com,Lighting,1,44.02,0.05,Social,US,variant
ORD-007252,2024-10-03,CUST-00297,cust-00297@lumenmail.com,Lighting,1,42.25,0.05,Social,AU,
ORD-000166,2024-04-03,CUST-01972,cust-01972@lumenmail.com,Furniture,1,26.38,0.1,Organic,UK,variant
ORD-007896,2024-02-26,CUST-01073,cust-01073@lumenmail.com,Furniture,4,60.92,0.0,Paid Search,US,
ORD-009588,03/02/2024,CUST-02959,cust-02959@lumenmail.com,Furniture,2,30.53,0.0,Email,US,variant
ORD-000567,2024-12-02,CUST-00518,cust-00518@lumenmail.com,Outdoor,2,119.43,0.15,Email,AU,control
ORD-000234,2024-04-11,CUST-01729,cust-01729@lumenmail.com,Décor,3,196.6,0.0,Social,US,
ORD-001819,2024-01-28,CUST-02149,cust-02149@lumenmail.com,Décor,2,134.8,0.05,Paid Search,CA,
ORD-003335,17/12/2023,CUST-02345,cust-02345@lumenmail.com,Furniture,4,131.35,0.0,Paid Search,US,variant
ORD-004014,2024-09-05,CUST-02868,cust-02868@lumenmail.com,Furniture,2,95.77,0.2,,US,variant
ORD-006271,2024-11-10,CUST-01162,cust-01162@lumenmail.com,Décor,2,516.27,0.25,Paid Search,US,control
ORD-006420,07/01/2024,CUST-02791,cust-02791@lumenmail.com,Furniture,1,85.06,0.0,Organic,US,
ORD-004461,2023-06-24,CUST-01564,cust-01564@lumenmail.com,Lighting,1,69.24,0.0,Organic,US,control
ORD-001597,2024-12-29,CUST-01913,cust-01913@lumenmail.com,Outdoor,5,12.86,0.1,Social,ZZ,
ORD-006827,05/08/2023,CUST-00156,cust-00156@lumenmail.com,Décor,2,86.13,0.2,Paid Search,CA,variant
ORD-002635,2024-02-06,CUST-01786,cust-01786@lumenmail.com,lighting,1,93.06,0.1,Organic,US,variant
ORD-009005,2024-12-15,CUST-02013,cust-02013@lumenmail.com,Décor,3,55.5,0.05,Paid Search,CA,variant
ORD-003133,2024-10-27,CUST-01508,cust-01508@lumenmail.com,Décor,1,89.74,0.05,Paid Search,US,control
ORD-004235,2024-09-13,,guest@lumenmail.com,Outdoor,2,6.19,0.0,Paid Search,US,variant
ORD-008930,2024-12-05,CUST-00934,cust-00934@lumenmail.com,Accessories,1,176.29,0.0,Email,US,control
ORD-002871,2023-06-19,CUST-00960,cust-00960@lumenmail.com,Furniture,2,97.41,0.05,Email,US,variant
ORD-006798,2023-06-06,CUST-00186,cust-00186@lumenmail.com,Lighting,1,184.14,0.15,Paid Search,US,
ORD-004074,2023-07-06,,guest@lumenmail.com,Outdoor,6,96.39,0.0,Email,US,
ORD-008864,2023-06-06,CUST-01133,cust-01133@lumenmail.com,Accessories,1,58.12,0.25,Email,US,control
ORD-005888,2023-07-16,CUST-02731,cust-02731@lumenmail.com,Lighting,4,22.53,0.05,Social,US,variant
ORD-003812,19/06/2023,CUST-00479,cust-00479@lumenmail.com,Accessories,1,25.75,0.0,Social,CA,control
ORD-005145,26/08/2023,CUST-01261,cust-01261@lumenmail.com,Décor,1,190.22,0.0,Paid Search,US,control
ORD-001621,2024-09-24,CUST-00761,cust-00761@lumenmail.com,Lightng,2,61.27,25.0,Organic,US,variant
ORD-006065,2023-06-13,,guest@lumenmail.com,Décor,6,179.5,0.2,Organic,US,control
ORD-002582,10/08/2024,CUST-02965,cust-02965@lumenmail.com,Décor,4,0.0,5.0,Paid Search,CA,
ORD-001499,2023-09-17,CUST-02469,cust-02469@lumenmail.com,Furniture,1,98.28,0.1,Paid Search,US,control
ORD-005002,2024-01-07,CUST-02186,cust-02186@lumenmail.com,Décor,3,231.66,0.0,Paid Search,US,control
ORD-004511,2024-06-19,CUST-00231,cust-00231@lumenmail.com,Lighting,2,152.96,0.0,Social,US,control
ORD-008641,2024-10-09,CUST-02801,cust-02801@lumenmail.com,Lighting,2,93.72,0.15,Paid Search,US,
ORD-009215,2024-03-20,CUST-00898,cust-00898@lumenmail.com,Furniture,4,63.22,0.0,Paid Search,US,control
ORD-008262,2024-07-13,CUST-02064,cust-02064@lumenmail.com,Furniture,1,126.33,0.15,Organic,US,variant
ORD-008117,2024-10-31,CUST-01619,cust-01619@lumenmail.com,Décor,4,90.48,0.2,Paid Search,CA,variant
ORD-006225,2024-11-19,CUST-02458,cust-02458@lumenmail.com,Lighting,1,5.26,0.15,Organic,US,
ORD-001528,2023-07-04,CUST-01003,cust-01003@lumenmail.com,Furniture,1,85.1,0.05,Email,CA,variant
ORD-003072,15/11/2023,CUST-01444,cust-01444@lumenmail.com,Lighting,4,74.16,0.0,Organic,US,variant
ORD-007730,19/11/2024,CUST-01610,cust-01610@lumenmail.com,Décor,1,174.32,0.0,Organic,US,
ORD-003998,2024-11-05,CUST-01914,cust-01914@lumenmail.com,Lighting,2,16.28,0.2,Email,UK,
ORD-000974,2023-10-04,CUST-00735,cust-00735@lumenmail.com,Furniture,4,7.49,0.15,Organic,US,
ORD-006988,2024-05-30,CUST-01657,cust-01657@lumenmail.com,Lighting,2,431.23,0.0,Organic,US,control
ORD-006607,2024-03-20,CUST-00024,cust-00024@lumenmail.com,Décor,1,7.42,0.25,Paid Search,CA,
ORD-006110,04/07/2024,CUST-01616,cust-01616@lumenmail.com,Décor,6,341.64,0.0,Paid Search,US,variant
ORD-006952,30/12/2024,CUST-00127,cust-00127@lumenmail.com,Outdoor,1,7.92,0.0,Organic,US,
ORD-006039,2024-04-26,CUST-01622,cust-01622@lumenmail.com,Outdoor,2,182.85,0.0,Email,CA,
ORD-000610,02/06/2024,CUST-01159,cust-01159@lumenmail.com,Furniture,2,757.93,0.1,Social,UK,
ORD-006378,2023-10-16,CUST-02706,cust-02706@lumenmail.com,Lightng,1,61.11,0.1,Organic,US,
ORD-006234,2023-06-16,CUST-01606,cust-01606@lumenmail.com,Lighting,2,62.75,0.05,Paid Search,US,variant
ORD-006713,09/11/2024,CUST-01546,cust-01546@lumenmail.com,Lighting,1,232.93,0.1,Paid Search,US,
ORD-000624,2024-08-05,CUST-02558,cust-02558@lumenmail.com,Décor,5,376.94,0.2,Organic,US,
ORD-000269,2023-10-29,CUST-01118,cust-01118@lumenmail.com,Furniture,2,153.2,0.05,Email,US,variant
ORD-008844,2024-09-02,CUST-02753,cust-02753@lumenmail.com,Lighting,3,49.03,0.0,Social,US,variant
ORD-001768,09/08/2024,,guest@lumenmail.com,Lighting,1,66.74,0.0,Paid Search,US,variant
ORD-003675,2023-07-06,CUST-01016,cust-01016@lumenmail.com,Lighting,7,88.73,0.0,Email,UK,control
ORD-005110,2024-02-03,CUST-01783,cust-01783@lumenmail.com,Furniture,1,111.91,5.0,Organic,US,control
ORD-003177,2023-12-09,CUST-02032,cust-02032@lumenmail.com,Outdoor,1,223.26,0.15,Email,US,
ORD-000810,2023-06-27,CUST-02450,cust-02450@lumenmail.com,Furniture,1,141.89,0.2,Paid Search,US,variant
ORD-000936,2024-05-05,CUST-00517,cust-00517@lumenmail.com,Lighting,4,39.99,0.0,,CA,
ORD-003125,2024-12-14,CUST-00499,cust-00499@lumenmail.com,Lighting,2,31.25,0.0,Email,US,control
ORD-008690,2023-06-19,CUST-00994,cust-00994@lumenmail.com,Lighting,1,16.62,0.1,Organic,UK,
ORD-004192,2024-09-25,,guest@lumenmail.com,Lighting,1,63.9,0.0,Email,UK,
ORD-005462,2023-06-10,CUST-01751,cust-01751@lumenmail.com,Accessories,2,61.1,0.0,Email,US,
ORD-006395,04/10/2024,CUST-02882,cust-02882@lumenmail.com,Furniture,2,23.19,0.0,Social,UK,variant
ORD-009383,2024-05-27,CUST-00860,cust-00860@lumenmail.com,Lighting,1,63.23,0.25,Organic,CA,
ORD-005286,2023-09-21,CUST-02412,cust-02412@lumenmail.com,Lighting,4,437.84,0.0,Email,UK,control
ORD-001939,2023-10-22,,guest@lumenmail.com,Furniture,4,117.97,0.0,Organic,US,variant
ORD-003262,09/07/2023,CUST-01342,cust-01342@lumenmail.com,Décor,1,177.74,0.15,Email,US,
ORD-003390,2023-10-29,CUST-01894,cust-01894@lumenmail.com,Décor,1,151.24,0.2,Organic,CA,control
ORD-006722,,CUST-00456,cust-00456@lumenmail.com,Outdoor,1,96.66,0.25,Paid Search,US,
ORD-004425,2024-07-14,CUST-02170,cust-02170@lumenmail.com,Outdoor,1,109.99,5.0,Email,US,variant
ORD-003398,2023-09-26,CUST-01271,cust-01271@lumenmail.com,Décor,2,374.87,0.0,Email,US,variant
ORD-008127,2024-12-30,CUST-02788,cust-02788@lumenmail.com,Furniture,2,155.1,0.2,Paid Search,US,
ORD-004173,2024-07-05,CUST-02800,cust-02800@lumenmail.com,Outdoor,2,39.03,0.0,Social,CA,control
ORD-004260,2023-10-24,CUST-00652,cust-00652@lumenmail.com,Outdoor,3,73.05,0.1,Email,US,control
ORD-008148,2023-12-23,CUST-01584,cust-01584@lumenmail.com,Lighting,2,13.9,0.1,Paid Search,AU,control
ORD-006928,02/08/2024,CUST-02277,cust-02277@lumenmail.com,Lighting,1,14.65,0.15,Organic,US,variant
ORD-003653,21/02/2024,CUST-02611,cust-02611@lumenmail.com,Outdoor,7,169.01,0.1,Organic,US,variant
ORD-003096,2023-10-16,CUST-02620,cust-02620@lumenmail.com,Lighting,4,61.15,0.25,Organic,US,control
ORD-009074,2023-12-13,CUST-00512,cust-00512@lumenmail.com,Accessories,2,209.98,0.0,Email,US,variant
ORD-006484,2024-06-13,CUST-00415,cust-00415@lumenmail.com,Outdoor,1,48.93,0.0,Social,UK,variant
ORD-000394,2024-05-11,CUST-02960,cust-02960@lumenmail.com,Décor,2,104.42,0.0,Organic,UK,control
ORD-001870,2023-09-23,CUST-02639,cust-02639@lumenmail.com,Furniture,1,46.05,0.0,Paid Search,US,variant
ORD-008922,2024-04-14,CUST-00618,cust-00618@lumenmail.com,Lighting,2,97.19,0.0,Paid Search,US,
ORD-007154,05/04/2024,CUST-02690,cust-02690@lumenmail.com,Décor,1,8.79,0.0,Paid Search,CA,variant
ORD-009522,2024-11-06,CUST-01804,cust-01804@lumenmail.com,Accessories,1,113.27,0.1,Organic,US,
ORD-001316,2023-07-20,CUST-00647,cust-00647@lumenmail.com,Accessories,1,102.53,0.05,Organic,AU,
ORD-007048,2024-12-20,CUST-01675,cust-01675@lumenmail.com,Décor,2,46.5,5.0,Email,CA,
ORD-000562,2024-05-06,CUST-00731,cust-00731@lumenmail.com,Accessories,1,689.65,0.1,Email,UK,
ORD-006748,2023-07-20,CUST-01510,cust-01510@lumenmail.com,Outdoor,2,182.58,0.2,Email,US,variant
ORD-000840,2023-08-16,,guest@lumenmail.com,Lightng,1,191.96,0.15,Organic,US,variant
ORD-001294,15/06/2024,CUST-01656,cust-01656@lumenmail.com,Décor,2,56.87,0.0,Email,US,variant
ORD-008202,05/12/2023,,guest@lumenmail.com,Lighting,1,198.21,0.0,Social,US,variant
ORD-001797,2024-11-19,CUST-00114,cust-00114@lumenmail.com,Décor,1,81.03,0.0,Organic,US,variant
ORD-008502,2023-07-08,CUST-00946,cust-00946@lumenmail.com,Lighting,6,88.97,0.0,Paid Search,US,control
ORD-006374,2024-08-15,CUST-02889,cust-02889@lumenmail.com,Lighting,2,139.33,0.0,Paid Search,US,control
ORD-003045,2024-05-29,CUST-01320,cust-01320@lumenmail.com,Lighting,1,15.45,0.1,Social,US,
ORD-000076,2023-07-03,CUST-00099,cust-00099@lumenmail.com,Lighting,4,42.37,0.05,Email,US,variant
ORD-000874,2024-01-29,CUST-00749,cust-00749@lumenmail.com,Décor,1,181.35,0.05,Paid Search,US,control
ORD-003175,2024-11-13,CUST-02564,cust-02564@lumenmail.com,Décor,1,250.84,0.0,Paid Search,US,
ORD-002434,2024-02-26,CUST-02624,cust-02624@lumenmail.com,Furniture,7,17.86,0.1,Paid Search,UK,control
ORD-008285,2024-12-21,CUST-00685,cust-00685@lumenmail.com,Accessoires,2,86.44,0.2,Organic,CA,control
ORD-009057,2023-08-01,CUST-02058,cust-02058@lumenmail.com,Outdoor,3,171.94,0.15,Email,US,
ORD-005635,2024-12-03,CUST-00429,cust-00429@lumenmail.com,Furniture,1,64.34,0.1,Social,US,control
ORD-008480,2024-04-18,CUST-00778,cust-00778@lumenmail.com,Décor,1,8.68,0.0,Organic,US,variant
ORD-003582,16/10/2023,CUST-02516,cust-02516@lumenmail.com,Furniture,2,173.47,0.0,Email,US,variant
ORD-005139,2024-10-10,CUST-01009,cust-01009@lumenmail.com,Outdoor,1,38.54,0.0,Organic,US,variant
ORD-002529,2023-11-14,CUST-02859,cust-02859@lumenmail.com,Furniture,3,716.07,0.0,Email,US,
ORD-006175,2023-06-19,CUST-02356,cust-02356@lumenmail.com,Furniture,4,268.98,0.1,Organic,UK,variant
ORD-008084,2024-02-28,CUST-01119,cust-01119@lumenmail.com,Décor,4,54.23,20.0,Paid Search,AU,variant
ORD-004514,16/01/2024,CUST-00124,cust-00124@lumenmail.com,Outdoor,1,49.54,0.0,Email,US,
ORD-007210,2023-12-30,CUST-00791,cust-00791@lumenmail.com,Furniture,3,9.32,0.1,Paid Search,CA,variant
ORD-003646,2024-09-30,CUST-02655,cust-02655@lumenmail.com,Accessoires,1,20.38,0.0,Social,CA,variant
ORD-007840,2023-12-20,CUST-01157,cust-01157@lumenmail.com,Outdoor,1,293.35,0.0,Email,CA,
ORD-007899,2024-12-27,CUST-01979,cust-01979@lumenmail.com,Furniture,1,128.09,10.0,Social,US,
ORD-001658,08/11/2024,,guest@lumenmail.com,Lighting,1,70.65,0.0,Organic,US,control
ORD-008612,2023-12-06,CUST-02688,cust-02688@lumenmail.com,Lighting,3,0.0,0.0,Paid Search,CA,control
ORD-003642,2023-08-03,CUST-01120,cust-01120@lumenmail.com,Lighting,-1,180.5,0.15,Email,ZZ,
ORD-008596,2023-07-22,CUST-01097,cust-01097@lumenmail.com,Lighting,4,187.93,0.15,Paid Search,ZZ,variant
ORD-002222,2024-03-21,CUST-00653,cust-00653@lumenmail.com,Outdoor,5,122.69,0.25,Paid Search,CA,control
ORD-004164,2023-06-14,CUST-02537,cust-02537@lumenmail.com,Lighting,1,72.05,0.0,Paid Search,UK,variant
ORD-005389,2024-08-01,CUST-00437,cust-00437@lumenmail.com,Furniture,2,78.72,0.05,Paid Search,CA,variant
ORD-000770,2023-08-24,CUST-02138,cust-02138@lumenmail.com,Furniture,1,23.14,0.0,Email,US,control
ORD-002444,2024-11-05,CUST-01317,cust-01317@lumenmail.com,Lighting,1,119.59,0.15,Paid Search,US,variant
ORD-009033,2024-04-08,CUST-01816,cust-01816@lumenmail.com,Décor,1,133.39,0.1,Paid Search,US,variant
ORD-000556,2023-12-14,CUST-00958,cust-00958@lumenmail.com,Accessories,1,158.39,0.05,Organic,US,variant
ORD-007518,2023-10-31,CUST-01522,cust-01522@lumenmail.com,Lighting,-2,285.06,0.15,Organic,US,control
ORD-003378,2024-02-06,CUST-00315,cust-00315@lumenmail.com,Outdoor,1,76.52,0.0,Organic,US,
ORD-000479,11/12/2024,CUST-00285,cust-00285@lumenmail.com,Décor,2,12.54,0.2,Email,UK,
ORD-003645,2023-10-27,CUST-02166,cust-02166@lumenmail.com,Décor,1,173.11,0.0,Organic,US,
ORD-007704,2024-10-19,CUST-00032,cust-00032@lumenmail.com,Outdoor,2,88.24,0.0,Organic,US,
ORD-006792,2023-09-17,CUST-02798,cust-02798@lumenmail.com,Outdoor,2,5.32,0.0,Social,US,variant
ORD-003844,,CUST-02771,cust-02771@lumenmail.com,Lighting,3,174.35,0.2,Organic,US,variant
ORD-000283,2024-10-11,CUST-01707,cust-01707@lumenmail.com,Outdoor,2,44.58,0.0,Email,US,control
ORD-007446,2024-05-29,,guest@lumenmail.com,Outdoor,2,602.08,0.1,Paid Search,US,variant
ORD-007638,2024-06-12,CUST-02560,cust-02560@lumenmail.com,Lighting,2,12.3,0.05,Paid Search,US,variant
ORD-006054,2024-01-06,CUST-02071,cust-02071@lumenmail.com,Décor,1,46.01,0.0,Paid Search,US,
ORD-001317,2023-08-03,,guest@lumenmail.com,Furniture,1,23.76,0.05,Email,UK,control
ORD-001502,2023-12-23,CUST-00536,cust-00536@lumenmail.com,Furniture,1,149.48,0.1,Email,US,variant
ORD-009084,02/09/2023,CUST-02296,cust-02296@lumenmail.com,Furniture,1,159.42,0.0,Paid Search,CA,variant
ORD-009443,2023-10-27,CUST-02651,cust-02651@lumenmail.com,Lighting,2,43.98,0.05,Organic,US,
ORD-002178,2024-08-07,CUST-00598,cust-00598@lumenmail.com,Outdoor,1,283.21,0.0,Organic,CA,control
ORD-002190,2024-04-15,CUST-02660,cust-02660@lumenmail.com,Furniture,1,215.19,0.1,Email,UK,
ORD-001157,2023-11-01,CUST-00041,cust-00041@lumenmail.com,Lighting,1,21.73,25.0,Paid Search,UK,variant
ORD-009506,2023-12-16,CUST-01248,cust-01248@lumenmail.com,Accessories,1,151.18,0.05,Email,US,control
ORD-001705,04/11/2023,CUST-00944,cust-00944@lumenmail.com,Lighting,4,28.05,0.0,Paid Search,US,control
ORD-003231,26/09/2024,CUST-02340,cust-02340@lumenmail.com,Décor,5,64.54,0.0,Email,US,variant
ORD-005570,2024-09-21,CUST-00885,cust-00885@lumenmail.com,Lighting,1,108.67,0.1,Paid Search,US,
ORD-006789,2023-08-30,CUST-01104,cust-01104@lumenmail.com,Lighting,2,26.69,0.0,Organic,UK,control
ORD-003492,2024-04-19,CUST-01363,cust-01363@lumenmail.com,Lighting,5,589.79,0.0,Social,US,
ORD-004553,2024-09-23,CUST-02633,cust-02633@lumenmail.com,Lighting,1,124.16,0.1,Paid Search,AU,variant
ORD-000958,2023-09-20,CUST-00006,cust-00006@lumenmail.com,Décor,1,60.77,0.0,Email,US,
ORD-006456,2024-11-18,CUST-02534,cust-02534@lumenmail.com,Lighting,3,50.4,0.15,Organic,US,
ORD-008732,2023-09-30,CUST-00233,cust-00233@lumenmail.com,Décor,2,99.19,0.0,Paid Search,CA,variant
ORD-007664,2024-04-04,CUST-02656,cust-02656@lumenmail.com,Outdoor,1,15.06,0.05,Paid Search,US,variant
ORD-001357,07/06/2024,CUST-02305,cust-02305@lumenmail.com,Lighting,4,25.06,0.0,Paid Search,US,control
ORD-002184,2024-10-13,CUST-02237,cust-02237@lumenmail.com,Furniture,1,303.1,0.05,Email,US,
ORD-004586,2024-08-31,CUST-00635,cust-00635@lumenmail.com,Lighting,2,121.84,0.0,Email,ZZ,variant
ORD-003205,2023-07-26,CUST-02281,cust-02281@lumenmail.com,Furniture,2,520.71,0.0,Social,US,control
ORD-006714,2024-08-24,CUST-02775,cust-02775@lumenmail.com,Décor,1,78.43,0.0,Email,US,control
ORD-005057,2023-06-17,CUST-00684,cust-00684@lumenmail.com,Lighting,1,48.68,0.05,Paid Search,UK,control
ORD-007317,2024-04-18,CUST-00967,cust-00967@lumenmail.com,Outdoor,2,158.17,0.05,Organic,US,
ORD-008273,2024-05-17,CUST-01678,cust-01678@lumenmail.com,Décor,6,12.63,0.1,Email,US,variant
ORD-007853,17/03/2024,CUST-00649,cust-00649@lumenmail.com,Lighting,2,152.9,0.15,Paid Search,US,control
ORD-001549,2023-12-31,CUST-01160,cust-01160@lumenmail.com,Décor,4,38.42,0.05,Email,CA,
ORD-002959,2024-11-07,,guest@lumenmail.com,Outdoor,-1,65.04,0.0,Email,US,control
ORD-002099,2023-09-27,CUST-00464,cust-00464@lumenmail.com,Lighting,1,47.55,0.1,Organic,CA,
ORD-001563,2023-06-13,CUST-00439,cust-00439@lumenmail.com,Lighting,1,138.43,0.0,Paid Search,US,
ORD-006475,2024-12-03,CUST-02946,cust-02946@lumenmail.com,Lighting,2,98.61,0.2,Paid Search,ZZ,control
ORD-002163,25/07/2024,CUST-01858,cust-01858@lumenmail.com,Décor,3,73.78,0.0,Email,US,control
ORD-002640,2023-07-08,CUST-00792,cust-00792@lumenmail.com,Décor,1,31.89,0.1,Paid Search,US,variant
ORD-007347,2023-06-04,CUST-00886,cust-00886@lumenmail.com,Lightng,4,117.4,0.05,Paid Search,AU,
ORD-000917,2024-11-19,,guest@lumenmail.com,Accessories,-2,41.52,0.1,Organic,UK,
ORD-004888,2023-11-26,CUST-01615,cust-01615@lumenmail.com,Lighting,2,41.35,0.1,Social,US,control
ORD-005981,2023-06-21,CUST-02880,cust-02880@lumenmail.com,Décor,2,26.42,0.05,Organic,UK,
ORD-001773,2023-12-10,CUST-00924,cust-00924@lumenmail.com,Lighting,2,303.16,0.0,Social,CA,control
ORD-005150,2023-10-11,CUST-01367,cust-01367@lumenmail.com,Outdoor,1,34.1,15.0,Email,ZZ,
ORD-001846,14/08/2024,CUST-00084,cust-00084@lumenmail.com,Furniture,4,100.31,0.0,Email,US,control
ORD-007118,2024-09-20,CUST-01936,cust-01936@lumenmail.com,Accessories,2,39.3,0.2,Organic,US,control
ORD-001477,16/02/2024,CUST-02486,cust-02486@lumenmail.com,Lighting,5,157.68,0.2,Organic,US,variant
ORD-007656,2024-11-01,CUST-02504,cust-02504@lumenmail.com,Outdoor,2,106.87,0.0,Email,US,variant
ORD-001480,2023-06-19,CUST-00775,cust-00775@lumenmail.com,Lighting,1,126.24,0.05,Organic,UK,variant
ORD-002313,,CUST-02550,cust-02550@lumenmail.com,Décor,2,7.95,0.05,Paid Search,US,
ORD-001954,26/08/2023,CUST-01266,cust-01266@lumenmail.com,Lighting,2,104.05,0.1,Email,US,control
ORD-003779,2024-10-19,CUST-01926,cust-01926@lumenmail.com,Décor,3,47.06,0.0,Paid Search,US,variant
ORD-005907,2023-12-13,CUST-02060,cust-02060@lumenmail.com,Furniture,1,80.4,0.05,Paid Search,US,control
ORD-002979,04/05/2024,CUST-00836,cust-00836@lumenmail.com,Décor,2,311.29,0.0,Email,UK,variant
ORD-000230,2023-11-04,CUST-02716,cust-02716@lumenmail.com,Accessories,5,137.22,0.15,Email,CA,
ORD-006662,20/11/2023,CUST-00363,cust-00363@lumenmail.com,Lighting,1,17.48,0.05,Email,ZZ,control
ORD-001619,03/03/2024,CUST-02476,cust-02476@lumenmail.com,Décor,1,9.62,0.1,Social,US,variant
ORD-004747,2024-02-26,CUST-00665,cust-00665@lumenmail.com,Décor,1,85.63,0.0,Paid Search,US,control
ORD-008208,2024-10-16,CUST-02297,cust-02297@lumenmail.com,Furniture,2,391.62,0.0,Email,UK,
ORD-001156,23/09/2024,CUST-02235,cust-02235@lumenmail.com,Furniture,1,288.58,0.0,Social,US,control
ORD-005534,2023-10-23,CUST-02955,cust-02955@lumenmail.com,Outdoor,1,273.14,0.0,Paid Search,CA,control
ORD-008116,2023-08-07,CUST-02273,cust-02273@lumenmail.com,Furniture,2,112.73,0.1,Social,UK,control
ORD-002477,2023-06-21,CUST-02072,cust-02072@lumenmail.com,Furniture,1,724.16,0.05,Social,US,control
ORD-008948,2024-03-02,CUST-00251,cust-00251@lumenmail.com,Outdoor,1,128.13,0.1,,UK,
ORD-006891,2023-06-26,CUST-01720,cust-01720@lumenmail.com,Accessories,1,25.7,25.0,Email,CA,
ORD-001956,2023-11-17,CUST-00383,cust-00383@lumenmail.com,Accessories,3,142.31,0.0,Email,US,control
ORD-007301,2024-07-20,CUST-00709,cust-00709@lumenmail.com,Outdoor,2,21.84,0.0,Email,US,variant
ORD-004524,2024-11-07,CUST-02528,cust-02528@lumenmail.com,Furniture,1,389.79,0.0,Organic,AU,variant
ORD-009103,2024-03-12,CUST-02252,cust-02252@lumenmail.com,Lighting,1,18.4,0.0,,US,variant
ORD-006929,29/09/2023,CUST-02221,cust-02221@lumenmail.com,Accessories,3,45.37,0.2,Organic,US,
ORD-000779,2024-04-13,CUST-01447,cust-01447@lumenmail.com,lighting,1,302.91,0.25,Email,CA,variant
ORD-003904,2024-11-03,CUST-00514,cust-00514@lumenmail.com,Lighting,3,64.6,0.0,Paid Search,CA,
ORD-005558,02/12/2024,CUST-00111,cust-00111@lumenmail.com,Furniture,2,107.22,0.0,Email,UK,variant
ORD-001529,2024-05-03,CUST-00250,cust-00250@lumenmail.com,Furniture,1,30.35,0.1,Social,ZZ,control
ORD-000878,15/07/2024,CUST-01973,cust-01973@lumenmail.com,Lighting,3,31.26,0.05,Organic,CA,control
ORD-005179,2024-04-15,CUST-01312,cust-01312@lumenmail.com,Outdoor,2,51.13,0.0,Paid Search,CA,
ORD-004633,2024-03-24,CUST-00992,cust-00992@lumenmail.com,Furniture,3,196.63,5.0,,US,control
ORD-007630,2024-08-19,,guest@lumenmail.com,Outdoor,2,34.28,0.2,Paid Search,US,control
ORD-007794,2024-01-17,CUST-02130,cust-02130@lumenmail.com,Lighting,1,14.01,0.0,Email,CA,
ORD-007357,21/10/2023,CUST-01797,cust-01797@lumenmail.com,Lighting,2,29.72,0.1,Paid Search,US,
ORD-003416,2024-10-23,CUST-02822,cust-02822@lumenmail.com,Lighting,4,38.52,0.2,Paid Search,US,
ORD-002181,2023-08-15,CUST-02051,cust-02051@lumenmail.com,Accessoires,4,310.81,0.0,Email,US,variant
ORD-005035,2023-12-29,CUST-02959,cust-02959@lumenmail.com,Lighting,1,89.39,0.15,Email,US,control
ORD-007314,2023-06-03,CUST-01211,cust-01211@lumenmail.com,Lighting,2,61.1,0.0,Email,CA,variant
ORD-009110,2023-12-27,,guest@lumenmail.com,Furniture,3,89.63,0.0,Organic,US,variant
ORD-000006,2023-10-17,CUST-01134,cust-01134@lumenmail.com,Outdoor,1,192.76,0.0,Paid Search,UK,variant
ORD-004732,2023-09-25,CUST-00096,cust-00096@lumenmail.com,Furniture,1,36.84,0.05,Paid Search,US,
ORD-007467,2024-10-08,CUST-02835,cust-02835@lumenmail.com,Furniture,2,197.48,0.0,Email,US,control
ORD-002633,2024-04-09,CUST-02110,cust-02110@lumenmail.com,Lighting,4,124.31,5.0,Organic,US,control
ORD-000690,2024-05-02,CUST-02533,cust-02533@lumenmail.com,Furniture,3,782.62,0.2,Paid Search,US,
ORD-000187,2024-02-29,CUST-01011,cust-01011@lumenmail.com,Décor,2,89.22,0.0,Email,US,variant
ORD-003421,2024-03-11,CUST-00649,cust-00649@lumenmail.com,Lighting,1,40.17,0.05,Social,UK,variant
ORD-007767,2023-11-08,CUST-01633,cust-01633@lumenmail.com,Lighting,7,129.33,0.1,Paid Search,US,control
ORD-007781,2024-03-02,CUST-02984,cust-02984@lumenmail.com,Accessories,1,208.66,0.0,Email,US,control
ORD-001905,2024-12-15,CUST-00562,cust-00562@lumenmail.com,Décor,1,124.62,0.0,Social,US,control
ORD-004741,2023-09-26,CUST-00033,cust-00033@lumenmail.com,Furniture,1,7.4,0.15,Email,UK,
ORD-005082,2024-06-23,CUST-00350,cust-00350@lumenmail.com,Accessories,1,42.04,0.0,Paid Search,US,
ORD-006251,2023-06-26,CUST-02136,cust-02136@lumenmail.com,Furniture,2,69.49,0.0,Email,US,
ORD-000841,2024-04-05,CUST-01726,cust-01726@lumenmail.com,Décor,1,227.94,0.0,Paid Search,UK,variant
ORD-003497,2023-07-12,CUST-01158,cust-01158@lumenmail.com,Lighting,4,64.57,0.0,Paid Search,CA,
ORD-002913,2023-12-26,CUST-01423,cust-01423@lumenmail.com,Décor,7,351.88,0.05,Email,US,
ORD-007429,2023-11-13,CUST-00732,cust-00732@lumenmail.com,Décor,4,38.66,0.0,Organic,UK,variant
ORD-002620,2024-10-14,CUST-02823,cust-02823@lumenmail.com,Lighting,1,50.62,0.0,Paid Search,US,control
ORD-001485,28/03/2024,CUST-02108,cust-02108@lumenmail.com,Lighting,1,355.97,0.0,Organic,US,control
ORD-002884,2024-06-05,CUST-01526,cust-01526@lumenmail.com,Outdoor,-1,43.08,0.05,Paid Search,US,variant
ORD-006281,2024-09-25,CUST-01011,cust-01011@lumenmail.com,Outdoor,1,760.85,0.0,Organic,US,
ORD-004659,2023-07-30,CUST-02194,cust-02194@lumenmail.com,Décor,2,69.42,0.0,Social,US,control
ORD-004163,2024-12-21,CUST-01475,cust-01475@lumenmail.com,Lighting,5,21.44,0.1,Email,US,
ORD-008212,2023-10-29,CUST-01766,cust-01766@lumenmail.com,Décor,1,41.92,0.1,Paid Search,US,
ORD-000257,2024-11-05,,guest@lumenmail.com,Lighting,1,34.01,0.0,Paid Search,US,
ORD-006791,2024-11-12,CUST-00399,cust-00399@lumenmail.com,lighting,2,227.47,0.15,Paid Search,CA,control
ORD-000781,2024-12-24,CUST-01681,cust-01681@lumenmail.com,Furniture,1,18.19,0.0,Social,US,variant
ORD-009495,2024-01-31,CUST-02231,cust-02231@lumenmail.com,Furniture,2,51.04,0.1,Paid Search,CA,control
ORD-002491,2024-05-24,CUST-02013,cust-02013@lumenmail.com,Décor,7,13.8,0.0,Paid Search,US,control
ORD-007502,2024-11-28,CUST-02198,cust-02198@lumenmail.com,Lighting,3,292.85,0.15,Paid Search,UK,control
ORD-009432,2024-03-07,CUST-00613,cust-00613@lumenmail.com,Lighting,5,22.64,0.05,Email,US,variant
ORD-007014,29/11/2024,CUST-02020,cust-02020@lumenmail.com,Lighting,4,193.35,0.1,Paid Search,CA,variant
ORD-001159,2024-02-09,CUST-00913,cust-00913@lumenmail.com,Décor,1,197.75,0.1,Paid Search,US,
ORD-005096,2024-08-15,,guest@lumenmail.com,Décor,1,13.37,0.15,Organic,CA,control
ORD-004221,2024-02-23,CUST-01920,cust-01920@lumenmail.com,Furniture,2,74.97,0.2,Email,AU,control
ORD-006215,27/01/2024,CUST-02646,cust-02646@lumenmail.com,Lighting,7,142.63,0.1,Email,US,
ORD-007642,2023-06-03,CUST-00359,cust-00359@lumenmail.com,Décor,1,81.74,0.0,Email,US,
ORD-008460,2024-07-10,,guest@lumenmail.com,Accessories,1,39.93,0.1,Paid Search,US,variant
ORD-007716,2024-12-24,CUST-02494,cust-02494@lumenmail.com,Lighting,2,10.2,0.0,Paid Search,US,control
ORD-002736,21/12/2023,CUST-01095,cust-01095@lumenmail.com,Lighting,1,89.33,0.05,Social,US,
ORD-001121,2023-08-19,CUST-00980,cust-00980@lumenmail.com,Furniture,2,281.41,0.15,Email,US,
ORD-008013,2023-06-19,CUST-01888,cust-01888@lumenmail.com,Outdoor,1,94.38,0.0,Paid Search,US,control
ORD-005605,2023-09-04,,guest@lumenmail.com,Lighting,2,18.07,10.0,Email,CA,variant
ORD-002984,01/09/2024,CUST-01124,cust-01124@lumenmail.com,Décor,4,29.08,0.05,Paid Search,AU,
ORD-004141,2023-07-08,CUST-02364,cust-02364@lumenmail.com,Décor,1,81.55,0.1,Email,US,
ORD-001466,2023-09-15,CUST-01547,cust-01547@lumenmail.com,Décor,1,19.23,0.1,Paid Search,US,control
ORD-000952,2024-12-19,CUST-01536,cust-01536@lumenmail.com,Lighting,1,92.02,0.0,Email,US,
ORD-004010,16/11/2024,CUST-02546,cust-02546@lumenmail.com,Lighting,2,48.27,0.0,Paid Search,CA,control
ORD-004561,2024-05-17,CUST-00260,cust-00260@lumenmail.com,Outdoor,4,344.76,0.05,Social,CA,
ORD-005563,09/09/2024,CUST-00680,cust-00680@lumenmail.com,Décor,1,86.2,0.1,Email,US,
ORD-001700,2024-09-15,,guest@lumenmail.com,Furniture,2,19.61,10.0,Paid Search,US,
ORD-008168,2024-08-26,CUST-01305,cust-01305@lumenmail.com,Furniture,1,26.24,0.25,Paid Search,US,
ORD-004401,2023-06-25,,guest@lumenmail.com,Furniture,1,112.43,0.1,Social,US,control
ORD-001508,2024-12-01,CUST-00888,cust-00888@lumenmail.com,Décor,3,347.21,0.25,Paid Search,US,
ORD-004079,27/12/2023,CUST-02014,cust-02014@lumenmail.com,Furniture,4,99.3,0.05,Organic,ZZ,
ORD-000508,2024-09-10,CUST-01658,cust-01658@lumenmail.com,Lighting,1,78.72,0.0,Organic,CA,
ORD-008335,05/01/2024,CUST-02730,cust-02730@lumenmail.com,Accessories,1,67.06,15.0,Paid Search,US,variant
ORD-007553,2024-11-20,CUST-00730,cust-00730@lumenmail.com,Décor,1,0.0,0.1,Email,US,variant
ORD-001737,2024-10-08,,guest@lumenmail.com,Outdoor,2,384.02,0.0,Paid Search,US,variant
ORD-008060,2024-06-05,CUST-00057,cust-00057@lumenmail.com,Lighting,1,710.99,0.05,Email,AU,variant
ORD-002026,2024-02-25,CUST-02877,cust-02877@lumenmail.com,Accessories,1,94.81,0.0,Paid Search,US,variant
ORD-006228,2024-08-18,CUST-01446,cust-01446@lumenmail.com,Outdoor,2,19.82,0.2,Organic,AU,control
ORD-000827,2024-09-10,CUST-00885,cust-00885@lumenmail.com,Lighting,2,151.28,0.1,Email,US,
ORD-000502,18/01/2024,CUST-02110,cust-02110@lumenmail.com,Outdoor,3,85.86,0.15,Email,US,variant
ORD-005731,2024-12-27,CUST-00098,cust-00098@lumenmail.com,Lighting,4,23.19,0.1,Organic,US,variant
ORD-001568,2024-08-16,CUST-01739,cust-01739@lumenmail.com,Outdoor,1,276.22,0.05,Paid Search,US,control
ORD-001140,2024-04-24,CUST-02737,cust-02737@lumenmail.com,Décor,1,131.92,0.15,Paid Search,US,
ORD-008132,2023-12-10,CUST-02807,cust-02807@lumenmail.com,Décor,1,30.6,0.1,Email,US,
ORD-004941,2024-10-19,CUST-01591,cust-01591@lumenmail.com,Décor,2,92.26,0.0,Paid Search,CA,
ORD-004629,2024-10-19,,guest@lumenmail.com,lighting,6,271.02,0.1,Organic,UK,
ORD-001046,2023-11-18,CUST-01538,cust-01538@lumenmail.com,Accessories,1,42.67,0.0,Organic,UK,control
ORD-004374,30/08/2024,CUST-00975,cust-00975@lumenmail.com,Décor,2,56.46,10.0,Paid Search,AU,variant
ORD-001651,2023-11-07,CUST-02109,cust-02109@lumenmail.com,Décor,4,132.17,0.0,Email,US,variant
ORD-001541,2024-09-17,,guest@lumenmail.com,Furniture,2,27.0,0.0,Paid Search,US,
ORD-002071,2023-12-22,CUST-01772,cust-01772@lumenmail.com,Décor,2,165.93,0.2,Organic,US,
ORD-007537,2024-04-28,CUST-01414,cust-01414@lumenmail.com,Lighting,1,292.94,0.1,Paid Search,US,control
ORD-007813,2024-02-26,CUST-01523,cust-01523@lumenmail.com,Lighting,1,81.32,0.0,Organic,CA,control
ORD-007385,2023-12-19,CUST-00242,cust-00242@lumenmail.com,Décor,2,151.7,0.15,Organic,CA,variant
ORD-004928,2024-05-15,CUST-01340,cust-01340@lumenmail.com,Décor,2,290.95,0.0,Email,CA,
ORD-002061,2024-11-04,CUST-00952,cust-00952@lumenmail.com,Furniture,1,37.66,0.05,Paid Search,US,variant
ORD-001909,2024-10-29,CUST-01118,cust-01118@lumenmail.com,Lighting,1,88.09,0.0,Social,US,
ORD-007302,2023-09-06,CUST-00058,cust-00058@lumenmail.com,Furniture,3,363.59,0.15,Paid Search,US,
ORD-006114,2024-05-10,CUST-02497,cust-02497@lumenmail.com,Décor,1,51.54,10.0,Social,US,
ORD-002939,2024-05-23,CUST-00100,cust-00100@lumenmail.com,Furniture,1,28.75,0.25,Paid Search,US,control
ORD-002817,2023-06-27,CUST-01590,cust-01590@lumenmail.com,Outdoor,1,82.24,0.05,Email,UK,
ORD-005077,2023-07-10,,guest@lumenmail.com,Furniture,2,757.08,0.0,Paid Search,US,control
ORD-006249,2024-05-19,CUST-00302,cust-00302@lumenmail.com,Lighting,2,84.79,0.0,Email,US,variant
ORD-003259,2023-06-21,CUST-02426,cust-02426@lumenmail.com,Lighting,1,184.75,0.05,Paid Search,US,control
ORD-005896,2023-11-17,CUST-00417,cust-00417@lumenmail.com,Décor,1,12.45,0.05,Organic,US,
ORD-003110,19/09/2023,,guest@lumenmail.com,Accessories,1,41.97,0.2,Social,CA,
ORD-005852,2024-06-19,CUST-01290,cust-01290@lumenmail.com,Décor,2,57.89,0.25,Paid Search,US,control
ORD-007418,2024-02-14,CUST-01948,cust-01948@lumenmail.com,Accessories,1,142.0,0.05,Paid Search,ZZ,control
ORD-006976,2024-12-22,CUST-01244,cust-01244@lumenmail.com,Lighting,1,175.09,0.05,Email,AU,variant
ORD-003879,2024-04-03,CUST-00452,cust-00452@lumenmail.com,Furniture,3,77.96,0.1,Email,UK,
ORD-003607,2023-10-29,CUST-01176,cust-01176@lumenmail.com,Furniture,1,102.09,10.0,Email,US,
ORD-003688,2024-12-26,CUST-02104,cust-02104@lumenmail.com,Furniture,1,31.76,0.15,Paid Search,AU,
ORD-005982,19/09/2024,CUST-00640,cust-00640@lumenmail.com,Décor,5,97.37,0.0,Organic,US,
ORD-009031,2023-12-28,,guest@lumenmail.com,Lighting,3,25.13,0.0,Organic,UK,
ORD-004644,2024-11-02,CUST-01365,cust-01365@lumenmail.com,Lighting,1,260.71,0.0,Social,US,variant
ORD-004874,2024-04-24,CUST-00009,cust-00009@lumenmail.com,Lighting,4,42.39,0.1,Email,US,variant
ORD-009274,2024-06-28,CUST-00753,cust-00753@lumenmail.com,Furniture,1,138.76,5.0,Paid Search,US,control
ORD-008825,2023-12-13,CUST-02534,cust-02534@lumenmail.com,Furniture,1,187.13,0.0,Social,CA,variant
ORD-005808,2024-04-15,CUST-01097,cust-01097@lumenmail.com,Outdoor,1,84.87,0.1,Email,US,
ORD-007386,2023-11-12,CUST-00969,cust-00969@lumenmail.com,Outdoor,2,379.2,0.15,Organic,US,
ORD-002358,2024-05-13,CUST-01504,cust-01504@lumenmail.com,Lighting,2,45.25,0.1,Paid Search,UK,variant
ORD-002583,2023-12-15,CUST-01493,cust-01493@lumenmail.com,Outdoor,1,137.04,0.15,,US,
ORD-005650,2023-06-14,CUST-02614,cust-02614@lumenmail.com,Furniture,5,43.51,0.0,Email,US,variant
ORD-007979,2024-07-02,CUST-01969,cust-01969@lumenmail.com,Lighting,1,85.29,0.1,Email,US,
ORD-004551,2024-10-20,CUST-01794,cust-01794@lumenmail.com,Accessories,1,616.75,0.0,Email,CA,
ORD-000236,2023-12-05,CUST-00334,cust-00334@lumenmail.com,Lighting,1,62.05,0.05,Paid Search,AU,
ORD-002654,2024-06-12,,guest@lumenmail.com,Lighting,2,12.08,0.0,Organic,US,variant
ORD-005464,2023-12-07,CUST-02202,cust-02202@lumenmail.com,Décor,7,273.4,0.1,Email,US,variant
ORD-007856,2024-05-17,CUST-02669,cust-02669@lumenmail.com,Outdoor,2,28.67,0.0,,US,
ORD-003732,2024-07-21,CUST-02525,cust-02525@lumenmail.com,Lighting,2,476.03,0.25,Paid Search,US,
ORD-000844,2024-02-17,CUST-01843,cust-01843@lumenmail.com,lighting,1,53.05,0.05,Social,CA,
ORD-004046,2024-05-28,,guest@lumenmail.com,Lighting,1,83.98,0.0,Email,AU,
ORD-002457,2024-05-09,CUST-00516,cust-00516@lumenmail.com,Outdoor,-1,25.09,0.0,Email,US,control
ORD-002253,28/09/2024,CUST-00132,cust-00132@lumenmail.com,Accessories,4,225.04,0.0,Paid Search,US,
ORD-009048,2023-09-30,CUST-01058,cust-01058@lumenmail.com,Lighting,1,76.69,0.1,Social,US,control
ORD-000912,2024-06-21,CUST-01905,cust-01905@lumenmail.com,Furniture,4,37.45,0.2,Organic,US,
ORD-006820,2023-06-14,CUST-00608,cust-00608@lumenmail.com,Lightng,3,29.44,15.0,Social,US,
ORD-009580,2023-07-22,CUST-01081,cust-01081@lumenmail.com,Lighting,2,738.74,0.05,Email,CA,control
ORD-003483,2023-11-07,CUST-01192,cust-01192@lumenmail.com,Accessories,2,43.06,0.0,Paid Search,US,control
ORD-001328,2023-10-15,CUST-01419,cust-01419@lumenmail.com,Lighting,2,218.28,0.0,Organic,US,
ORD-008783,2024-03-12,CUST-01394,cust-01394@lumenmail.com,Lighting,1,738.65,0.15,Email,US,control
ORD-006474,2024-03-19,CUST-02535,cust-02535@lumenmail.com,Furniture,1,78.87,0.0,Paid Search,US,
ORD-003684,2024-12-27,CUST-01232,cust-01232@lumenmail.com,Outdoor,2,174.41,0.0,Paid Search,US,control
ORD-008233,28/08/2024,CUST-01742,cust-01742@lumenmail.com,Accessories,3,9.66,0.0,Email,US,variant
ORD-005510,2023-10-04,CUST-01736,cust-01736@lumenmail.com,Lighting,1,49.81,0.05,Paid Search,US,variant
ORD-002256,19/09/2023,CUST-00905,cust-00905@lumenmail.com,Lighting,1,376.83,0.0,Organic,UK,control
ORD-000497,2024-09-14,CUST-02172,cust-02172@lumenmail.com,Décor,1,799.78,0.15,Email,CA,
ORD-002641,2023-08-01,CUST-01282,cust-01282@lumenmail.com,Lighting,1,48.91,0.0,Email,US,
ORD-003905,2024-09-22,CUST-02998,cust-02998@lumenmail.com,Lighting,7,65.49,0.0,Paid Search,CA,
ORD-008557,2024-11-13,CUST-00164,cust-00164@lumenmail.com,Accessories,1,50.3,0.0,,US,control
ORD-001358,2024-12-10,CUST-02005,cust-02005@lumenmail.com,Furniture,1,43.53,0.0,Email,US,variant
ORD-002948,25/02/2024,CUST-00233,cust-00233@lumenmail.com,Furniture,1,51.45,0.15,Social,US,control
ORD-003245,2023-10-16,,guest@lumenmail.com,Furniture,2,86.37,0.0,Paid Search,US,variant
ORD-004250,2024-11-24,,guest@lumenmail.com,Furniture,1,644.0,15.0,Paid Search,US,variant
ORD-004801,2024-09-01,CUST-02820,cust-02820@lumenmail.com,Furniture,2,199.96,0.0,Paid Search,AU,control
ORD-004724,29/10/2023,CUST-02254,cust-02254@lumenmail.com,Décor,2,80.75,0.0,Paid Search,CA,
ORD-003200,2023-06-14,CUST-02025,cust-02025@lumenmail.com,Accessories,1,73.29,0.15,Organic,CA,
ORD-001393,2024-09-29,CUST-02778,cust-02778@lumenmail.com,Décor,2,20.81,0.0,Paid Search,US,
ORD-002102,2024-04-05,CUST-01216,cust-01216@lumenmail.com,Furniture,2,181.23,0.0,Organic,US,control
ORD-002398,2024-12-07,CUST-01842,cust-01842@lumenmail.com,Lighting,3,531.43,5.0,Organic,AU,control
ORD-004331,16/04/2024,CUST-02162,cust-02162@lumenmail.com,Lighting,-1,37.1,0.2,Paid Search,US,
ORD-001387,2023-07-18,CUST-02800,cust-02800@lumenmail.com,Lighting,1,43.47,0.0,Social,ZZ,
ORD-007982,2023-12-04,CUST-01430,cust-01430@lumenmail.com,Outdoor,1,139.5,0.1,,CA,control
ORD-000723,04/02/2024,CUST-02227,cust-02227@lumenmail.com,Décor,6,73.89,0.0,Organic,UK,control
ORD-007229,09/11/2024,CUST-01785,cust-01785@lumenmail.com,Outdoor,1,31.54,0.1,Email,US,control
ORD-008056,,CUST-00606,cust-00606@lumenmail.com,Accessories,1,35.08,0.15,Organic,UK,variant
ORD-007672,2024-09-13,CUST-01635,cust-01635@lumenmail.com,Lighting,1,206.32,0.25,Paid Search,US,variant
ORD-008608,2024-02-05,CUST-01931,cust-01931@lumenmail.com,Lighting,3,89.41,15.0,Paid Search,US,
ORD-000386,2023-07-22,CUST-02646,cust-02646@lumenmail.com,Outdoor,2,38.65,0.05,Paid Search,US,
ORD-001369,2023-11-30,CUST-01222,cust-01222@lumenmail.com,Furniture,1,85.45,0.1,Email,US,control
ORD-009207,26/07/2024,CUST-02011,cust-02011@lumenmail.com,Accessories,1,15.14,0.0,Organic,US,variant
ORD-000045,2024-03-03,CUST-02294,cust-02294@lumenmail.com,Lighting,1,86.63,0.1,Organic,US,
ORD-007705,2024-02-07,CUST-00426,cust-00426@lumenmail.com,Lighting,2,51.62,5.0,Organic,US,control
ORD-007271,2023-11-10,CUST-02652,cust-02652@lumenmail.com,Décor,2,279.74,0.0,Email,US,control
ORD-004228,2023-10-04,CUST-01507,cust-01507@lumenmail.com,Outdoor,2,600.22,0.0,Email,CA,variant
ORD-008169,2024-12-18,CUST-02736,cust-02736@lumenmail.com,Furniture,1,360.97,0.0,Organic,US,control
ORD-008001,16/07/2023,CUST-01123,cust-01123@lumenmail.com,Lighting,1,72.75,0.05,Email,US,
ORD-008092,17/03/2024,CUST-00367,cust-00367@lumenmail.com,Décor,1,143.57,0.0,Paid Search,CA,variant
ORD-006674,2024-03-01,CUST-00678,cust-00678@lumenmail.com,Lighting,2,111.06,0.0,Social,US,variant
ORD-006903,2024-11-01,CUST-02195,cust-02195@lumenmail.com,Lighting,1,31.04,0.0,Paid Search,US,
ORD-005840,08/08/2023,CUST-02673,cust-02673@lumenmail.com,Lighting,1,33.91,0.0,Email,US,control
ORD-000695,2024-09-10,CUST-01323,cust-01323@lumenmail.com,Furniture,1,98.14,0.05,Paid Search,UK,variant
ORD-001080,2023-09-16,CUST-01237,cust-01237@lumenmail.com,Furniture,1,291.81,0.0,Paid Search,US,
ORD-006310,2024-10-20,CUST-02264,cust-02264@lumenmail.com,Décor,1,77.87,0.0,Social,CA,control
ORD-008438,2023-07-17,CUST-01102,cust-01102@lumenmail.com,Outdoor,2,129.95,0.15,Social,US,variant
ORD-001374,2024-10-26,CUST-01720,cust-01720@lumenmail.com,Furniture,2,35.0,0.0,Paid Search,US,variant
ORD-006501,23/10/2023,CUST-01823,cust-01823@lumenmail.com,Lightng,3,97.59,0.05,Email,US,variant
ORD-003289,2023-08-16,,guest@lumenmail.com,Décor,4,70.12,0.0,Organic,US,control
ORD-001699,2024-10-13,CUST-02213,cust-02213@lumenmail.com,Furniture,7,84.16,0.0,Paid Search,CA,control
ORD-002107,2024-07-06,CUST-01887,cust-01887@lumenmail.com,Lighting,2,76.98,15.0,Email,US,
ORD-002478,2023-06-23,CUST-01329,cust-01329@lumenmail.com,Lighting,1,68.06,0.0,Email,US,control
ORD-004289,2024-02-27,CUST-02124,cust-02124@lumenmail.com,Accessories,1,80.48,0.0,Paid Search,UK,control
ORD-002947,2024-11-28,CUST-00623,cust-00623@lumenmail.com,Furniture,1,174.77,0.0,Social,US,
ORD-009233,2023-12-30,CUST-00935,cust-00935@lumenmail.com,Décor,2,23.24,0.0,Paid Search,US,control
ORD-002335,2024-02-18,CUST-01287,cust-01287@lumenmail.com,Décor,1,85.66,0.05,Email,US,control
ORD-000864,2024-11-02,CUST-01002,cust-01002@lumenmail.com,Décor,1,272.97,0.1,Social,CA,
ORD-007798,2023-08-22,CUST-01501,cust-01501@lumenmail.com,Lighting,1,155.98,0.0,Social,US,
ORD-003240,11/10/2023,CUST-02911,cust-02911@lumenmail.com,Décor,1,47.45,0.0,Social,US,
ORD-008307,2024-04-04,CUST-00478,cust-00478@lumenmail.com,Lighting,1,308.78,0.05,Organic,US,variant
ORD-006142,2024-11-14,CUST-00831,cust-00831@lumenmail.com,Furniture,2,128.23,0.25,Social,US,
ORD-006995,2023-08-15,CUST-01895,cust-01895@lumenmail.com,Lighting,1,28.1,0.05,Paid Search,US,
ORD-002718,2023-10-09,CUST-01286,cust-01286@lumenmail.com,Lighting,1,86.61,0.1,Social,CA,variant
ORD-008937,2023-12-15,CUST-02732,cust-02732@lumenmail.com,Outdoor,2,72.04,0.1,Social,US,variant
ORD-003464,23/12/2024,CUST-01230,cust-01230@lumenmail.com,Furniture,3,38.73,0.0,Email,US,control
ORD-007283,2024-08-29,CUST-00798,cust-00798@lumenmail.com,Décor,2,16.74,0.0,Paid Search,US,variant
ORD-008796,2024-06-29,CUST-02055,cust-02055@lumenmail.com,Décor,3,66.1,0.0,Email,US,
ORD-006233,08/11/2023,CUST-00112,cust-00112@lumenmail.com,Lighting,2,752.21,0.0,Paid Search,US,
ORD-003280,2024-06-11,CUST-02830,cust-02830@lumenmail.com,Décor,1,433.45,0.15,Paid Search,US,
ORD-002331,2023-07-08,CUST-01632,cust-01632@lumenmail.com,Décor,1,388.72,0.2,,US,control
ORD-006936,2024-05-04,CUST-01388,cust-01388@lumenmail.com,Outdoor,1,275.78,0.05,Email,US,control
ORD-000060,2024-11-22,CUST-00494,cust-00494@lumenmail.com,Furniture,2,71.7,15.0,Paid Search,UK,
ORD-008019,2023-08-09,CUST-02349,cust-02349@lumenmail.com,Furniture,1,407.63,0.0,Paid Search,US,
ORD-001088,2024-04-03,CUST-00418,cust-00418@lumenmail.com,Lighting,1,117.41,0.25,Organic,AU,
ORD-006127,18/06/2024,CUST-01380,cust-01380@lumenmail.com,Lighting,2,68.76,0.05,Email,CA,control
ORD-004207,2023-07-17,CUST-02190,cust-02190@lumenmail.com,Décor,2,368.03,0.0,Email,US,variant
ORD-002281,2023-11-30,CUST-01724,cust-01724@lumenmail.com,Furniture,6,32.75,0.0,Paid Search,UK,
ORD-009063,2024-09-29,CUST-02273,cust-02273@lumenmail.com,Décor,2,8.32,0.0,Paid Search,US,control
ORD-003771,2024-11-30,CUST-02909,cust-02909@lumenmail.com,Lighting,5,619.93,0.0,Paid Search,UK,control
ORD-000365,2023-06-19,CUST-00829,cust-00829@lumenmail.com,Lighting,2,148.32,0.0,Organic,US,
ORD-002721,2024-04-28,,guest@lumenmail.com,Décor,1,5.06,0.05,Organic,US,control
ORD-002077,2024-06-29,CUST-01089,cust-01089@lumenmail.com,Furniture,1,5.69,0.15,Email,US,variant
ORD-004967,2023-07-05,CUST-01900,cust-01900@lumenmail.com,Furniture,2,286.45,10.0,Email,US,control
ORD-009385,2024-08-02,CUST-02086,cust-02086@lumenmail.com,Furniture,1,50.2,0.0,Social,UK,variant
ORD-007844,2024-09-20,CUST-00759,cust-00759@lumenmail.com,Décor,4,85.74,0.1,Email,US,
ORD-005555,2024-09-02,CUST-00478,cust-00478@lumenmail.com,Lighting,1,60.58,0.0,Social,US,control
ORD-007949,2024-11-29,CUST-01646,cust-01646@lumenmail.com,Lighting,1,340.93,0.1,Paid Search,US,
ORD-005256,2024-10-17,CUST-01758,cust-01758@lumenmail.com,Lighting,7,44.32,0.0,Email,UK,
ORD-001473,2024-05-20,CUST-00434,cust-00434@lumenmail.com,Outdoor,-1,44.96,0.05,Email,US,control
ORD-001222,2024-11-15,CUST-00898,cust-00898@lumenmail.com,Décor,2,137.29,0.25,Organic,US,variant
ORD-001280,2024-11-28,CUST-02234,cust-02234@lumenmail.com,Lighting,3,61.47,0.0,Email,US,control
ORD-007841,2024-12-17,CUST-00001,cust-00001@lumenmail.com,Furniture,1,14.67,0.05,Email,US,control
ORD-000730,11/11/2024,CUST-01084,cust-01084@lumenmail.com,Lighting,5,133.53,0.0,Organic,US,variant
ORD-008936,10/11/2024,CUST-02128,cust-02128@lumenmail.com,Lighting,2,96.77,0.0,Organic,US,
ORD-008637,08/09/2023,CUST-00533,cust-00533@lumenmail.com,Décor,1,43.76,0.0,Paid Search,CA,
ORD-005054,2023-07-24,CUST-02581,cust-02581@lumenmail.com,Décor,3,90.05,5.0,,UK,
ORD-007345,2024-06-24,CUST-02972,cust-02972@lumenmail.com,Décor,2,24.42,0.0,Organic,US,
ORD-000207,2023-10-16,CUST-01334,cust-01334@lumenmail.com,Décor,2,180.11,0.0,Paid Search,US,variant
ORD-007036,2024-12-14,CUST-02898,cust-02898@lumenmail.com,Furniture,2,603.71,0.2,Email,US,control
ORD-002976,2023-09-16,CUST-01440,cust-01440@lumenmail.com,Outdoor,6,15.45,0.0,Email,UK,variant
ORD-006882,2024-02-19,CUST-00829,cust-00829@lumenmail.com,Lighting,3,12.77,0.0,Email,AU,variant
ORD-001166,2024-02-07,CUST-00847,cust-00847@lumenmail.com,Furniture,1,99.06,0.2,Paid Search,AU,
ORD-006830,13/08/2024,CUST-02483,cust-02483@lumenmail.com,Furniture,2,259.6,0.0,,US,variant
ORD-003585,2024-09-26,CUST-01354,cust-01354@lumenmail.com,Décor,5,542.85,0.05,Paid Search,US,variant
ORD-007063,22/03/2024,CUST-02451,cust-02451@lumenmail.com,Lighting,2,23.65,0.2,Email,CA,
ORD-005946,2024-01-10,CUST-01009,cust-01009@lumenmail.com,Lighting,2,180.09,0.1,Paid Search,US,variant
ORD-009076,2024-08-10,CUST-00621,cust-00621@lumenmail.com,Outdoor,1,772.22,10.0,Organic,US,
ORD-005560,2023-11-25,CUST-02135,cust-02135@lumenmail.com,Furniture,3,377.05,5.0,Organic,US,
ORD-005209,2023-12-30,CUST-00585,cust-00585@lumenmail.com,Lighting,5,88.75,0.1,Paid Search,US,
ORD-008353,2023-06-29,CUST-01423,cust-01423@lumenmail.com,Furniture,4,179.01,0.05,Paid Search,CA,
ORD-007988,2024-12-26,CUST-01370,cust-01370@lumenmail.com,Décor,1,194.23,0.0,Email,US,control
ORD-003469,2024-12-09,CUST-00154,cust-00154@lumenmail.com,Lighting,1,293.24,0.0,Paid Search,US,variant
ORD-008152,2024-01-23,CUST-02093,cust-02093@lumenmail.com,Accessories,2,60.82,0.0,,US,control
ORD-009351,2024-11-26,CUST-02517,cust-02517@lumenmail.com,Furniture,2,11.49,0.0,Paid Search,US,variant
ORD-007029,2024-04-27,CUST-01816,cust-01816@lumenmail.com,Outdoor,2,117.71,0.05,Email,US,variant
ORD-001141,2023-06-12,CUST-00063,cust-00063@lumenmail.com,Lighting,1,149.29,0.0,Organic,UK,control
ORD-000245,2024-01-21,CUST-00371,cust-00371@lumenmail.com,Lighting,1,157.69,0.25,Email,UK,
ORD-001574,2024-05-24,CUST-00142,cust-00142@lumenmail.com,Lighting,-3,37.3,0.15,Paid Search,US,
ORD-003640,2023-06-10,CUST-02457,cust-02457@lumenmail.com,Décor,2,35.22,0.0,Email,CA,
ORD-008558,2023-10-31,CUST-00129,cust-00129@lumenmail.com,Furniture,1,17.68,0.0,Paid Search,CA,control
ORD-008873,2024-04-21,CUST-01981,cust-01981@lumenmail.com,Décor,2,54.62,0.0,Organic,UK,control
ORD-005655,2023-11-20,CUST-01956,cust-01956@lumenmail.com,Lighting,1,5.41,0.0,Paid Search,CA,variant
ORD-003694,,CUST-02329,cust-02329@lumenmail.com,Furniture,2,205.95,0.0,Email,US,control
ORD-005562,2023-08-08,,guest@lumenmail.com,Lighting,1,94.82,0.05,Email,US,variant
ORD-000861,2024-11-21,CUST-02501,cust-02501@lumenmail.com,Décor,2,79.73,0.0,Paid Search,ZZ,
ORD-002141,2024-07-24,CUST-02182,cust-02182@lumenmail.com,Décor,2,268.96,0.0,Social,US,control
ORD-006689,2024-09-20,CUST-02818,cust-02818@lumenmail.com,Furniture,3,122.24,0.15,Email,US,
ORD-007064,2024-02-22,CUST-02377,cust-02377@lumenmail.com,Lighting,1,299.89,0.0,Organic,US,control
ORD-005528,2024-04-09,CUST-01644,cust-01644@lumenmail.com,Furniture,-1,80.75,15.0,Email,US,variant
ORD-007275,13/09/2023,CUST-00347,cust-00347@lumenmail.com,Décor,3,145.78,0.0,Email,AU,
ORD-009085,2023-11-27,CUST-02751,cust-02751@lumenmail.com,Furniture,2,110.49,0.05,Organic,US,
ORD-008417,2023-08-16,CUST-00467,cust-00467@lumenmail.com,Furniture,1,66.58,0.0,Organic,US,
ORD-001093,2024-02-24,CUST-01031,cust-01031@lumenmail.com,Lighting,2,42.05,0.05,Paid Search,US,control
ORD-006568,2024-04-02,CUST-00058,cust-00058@lumenmail.com,Décor,1,115.38,0.15,Email,UK,
ORD-006453,2023-10-31,CUST-00778,cust-00778@lumenmail.com,Lighting,-2,5.86,0.05,Email,US,control
ORD-008972,2024-03-30,CUST-01607,cust-01607@lumenmail.com,Accessories,2,195.46,0.1,Organic,US,control
ORD-002348,2023-12-27,CUST-01884,cust-01884@lumenmail.com,Décor,4,58.47,0.2,Paid Search,US,variant
ORD-005283,2024-07-16,CUST-02224,cust-02224@lumenmail.com,Outdoor,2,29.64,5.0,Social,US,
ORD-005060,09/12/2023,CUST-01357,cust-01357@lumenmail.com,Lighting,1,89.87,0.05,Paid Search,US,
ORD-005760,2024-03-27,CUST-01453,cust-01453@lumenmail.com,Décor,1,127.54,0.0,Organic,AU,
ORD-005090,2024-08-04,CUST-00508,cust-00508@lumenmail.com,Furniture,6,719.28,5.0,Email,US,control
ORD-006086,2024-07-09,CUST-02577,cust-02577@lumenmail.com,Décor,3,160.92,0.0,Social,UK,
ORD-005879,2024-08-10,CUST-02535,cust-02535@lumenmail.com,Lighting,2,698.23,0.05,Organic,US,
ORD-006425,2024-05-08,CUST-00334,cust-00334@lumenmail.com,Lightng,2,15.31,0.0,Organic,CA,variant
ORD-003600,2024-08-17,CUST-01742,cust-01742@lumenmail.com,Furniture,2,255.63,0.15,Social,US,control
ORD-004433,2024-12-23,CUST-02544,cust-02544@lumenmail.com,lighting,7,24.08,0.0,Paid Search,AU,control
ORD-007113,2024-06-02,CUST-00745,cust-00745@lumenmail.com,Outdoor,1,91.66,0.05,Email,US,variant
ORD-006660,2023-06-13,CUST-00138,cust-00138@lumenmail.com,Furniture,7,108.35,0.0,Email,US,control
ORD-007148,2024-08-08,CUST-02545,cust-02545@lumenmail.com,Furniture,3,133.86,15.0,Paid Search,US,
ORD-008126,2024-10-25,CUST-00701,cust-00701@lumenmail.com,Lighting,1,130.09,0.0,Organic,US,
ORD-008708,2023-12-19,CUST-00598,cust-00598@lumenmail.com,Lighting,2,20.07,0.0,Paid Search,US,variant
ORD-004623,2024-03-23,CUST-02403,cust-02403@lumenmail.com,Furniture,2,181.9,0.05,Email,ZZ,
ORD-001323,2024-06-02,CUST-02780,cust-02780@lumenmail.com,Outdoor,1,15.57,0.05,Organic,US,variant
ORD-002021,2023-06-09,CUST-00898,cust-00898@lumenmail.com,Furniture,3,8.23,0.15,Social,US,variant
ORD-003828,2024-03-05,CUST-00371,cust-00371@lumenmail.com,Lighting,1,57.19,0.05,Social,US,variant
ORD-009561,2023-10-19,CUST-01172,cust-01172@lumenmail.com,Furniture,-4,197.26,0.1,Email,US,control
ORD-005961,2024-03-11,CUST-02705,cust-02705@lumenmail.com,Outdoor,2,11.72,0.1,Paid Search,US,
ORD-005721,08/06/2024,CUST-01787,cust-01787@lumenmail.com,Lighting,3,206.95,0.2,Social,US,control
ORD-005016,2024-02-24,CUST-02863,cust-02863@lumenmail.com,Lighting,1,175.33,0.0,Paid Search,CA,
ORD-001615,2024-02-29,CUST-02416,cust-02416@lumenmail.com,Lighting,7,36.81,0.0,Paid Search,ZZ,
ORD-002110,26/08/2023,CUST-00729,cust-00729@lumenmail.com,Décor,1,181.88,0.05,Email,CA,variant
ORD-001368,23/02/2024,CUST-02169,cust-02169@lumenmail.com,Lighting,4,156.15,0.25,Organic,US,control
ORD-003661,2024-02-10,CUST-01339,cust-01339@lumenmail.com,Lighting,2,591.36,0.0,Paid Search,US,control
ORD-002261,2023-11-04,CUST-01550,cust-01550@lumenmail.com,Accessories,2,79.7,0.05,Email,UK,
ORD-003925,19/06/2023,CUST-01245,cust-01245@lumenmail.com,Accessories,1,53.76,0.0,Paid Search,AU,
ORD-003885,2023-06-30,CUST-00316,cust-00316@lumenmail.com,Décor,2,295.82,0.1,Email,CA,
ORD-000191,2024-04-12,CUST-01772,cust-01772@lumenmail.com,Lighting,1,341.95,0.0,Paid Search,CA,control
ORD-004710,2023-08-11,CUST-02948,cust-02948@lumenmail.com,Accessories,-5,16.12,0.05,Social,US,
ORD-000515,10/08/2024,CUST-02707,cust-02707@lumenmail.com,Lighting,2,181.57,0.1,Email,US,variant
ORD-007186,2023-06-06,,guest@lumenmail.com,Décor,2,142.52,0.0,Paid Search,US,variant
ORD-001671,2023-11-09,CUST-01328,cust-01328@lumenmail.com,Lighting,3,104.67,0.1,Paid Search,US,
ORD-001182,09/06/2024,CUST-00502,cust-00502@lumenmail.com,Lighting,6,129.59,0.0,Email,US,
ORD-006545,2023-09-22,CUST-01523,cust-01523@lumenmail.com,Lighting,2,5.47,0.0,Paid Search,US,control
ORD-001218,2024-08-22,CUST-01895,cust-01895@lumenmail.com,Outdoor,3,84.93,0.1,Organic,US,variant
ORD-009409,2023-10-01,CUST-02265,cust-02265@lumenmail.com,lighting,2,23.67,0.1,Paid Search,US,
ORD-009563,2023-08-29,CUST-02512,cust-02512@lumenmail.com,Décor,2,240.61,0.0,Organic,US,
ORD-007834,2023-11-02,CUST-00085,cust-00085@lumenmail.com,Outdoor,1,42.75,0.0,Social,US,variant
ORD-001245,2024-11-23,CUST-02528,cust-02528@lumenmail.com,Furniture,1,149.19,0.0,Paid Search,US,
ORD-005133,16/10/2023,CUST-00863,cust-00863@lumenmail.com,Outdoor,2,89.64,0.0,Organic,AU,variant
ORD-001373,02/07/2024,,guest@lumenmail.com,lighting,3,102.42,0.0,Email,US,control
ORD-000585,2024-11-19,CUST-02172,cust-02172@lumenmail.com,Décor,3,53.27,0.1,Paid Search,US,control
ORD-001545,11/12/2023,CUST-00090,cust-00090@lumenmail.com,Lighting,1,94.47,0.1,Paid Search,US,control
ORD-005417,2024-08-25,CUST-02725,cust-02725@lumenmail.com,Accessories,2,438.09,5.0,Organic,UK,variant
ORD-004261,2023-09-21,CUST-01461,cust-01461@lumenmail.com,Accessories,3,54.82,0.1,Email,US,
ORD-003544,2024-10-09,CUST-01516,cust-01516@lumenmail.com,Décor,1,64.52,15.0,Email,US,
ORD-008543,2024-05-25,CUST-01180,cust-01180@lumenmail.com,Furniture,3,77.09,25.0,Email,AU,control
ORD-006953,2024-07-28,CUST-01867,cust-01867@lumenmail.com,Lighting,5,63.35,0.1,Paid Search,US,variant
ORD-008526,2024-04-15,CUST-00034,cust-00034@lumenmail.com,Accessories,1,111.94,0.05,Email,US,
ORD-007209,2024-05-03,,guest@lumenmail.com,Accessories,2,15.28,0.05,Email,US,
ORD-008714,2023-06-10,CUST-00332,cust-00332@lumenmail.com,Lighting,1,198.88,0.2,Paid Search,US,variant
ORD-002786,09/11/2023,CUST-02310,cust-02310@lumenmail.com,Décor,2,47.49,0.05,Organic,US,
ORD-006079,2023-12-02,CUST-01478,cust-01478@lumenmail.com,Furniture,1,0.0,0.05,Organic,US,
ORD-004444,2024-10-28,CUST-02849,cust-02849@lumenmail.com,Décor,1,130.76,0.0,Organic,US,control
ORD-005155,2024-03-13,CUST-01706,cust-01706@lumenmail.com,Accessories,1,97.69,0.15,Email,CA,control
ORD-001177,2024-01-23,CUST-01780,cust-01780@lumenmail.com,Outdoor,1,183.75,5.0,Organic,UK,
ORD-006843,2023-08-14,CUST-00945,cust-00945@lumenmail.com,Furniture,2,153.05,0.15,Email,US,control
ORD-002176,17/02/2024,CUST-00987,cust-00987@lumenmail.com,Furniture,1,117.68,0.0,Organic,CA,
ORD-007888,2023-06-19,CUST-00196,cust-00196@lumenmail.com,Accessories,2,29.04,0.0,Paid Search,ZZ,
ORD-001869,2023-08-13,CUST-02164,cust-02164@lumenmail.com,Lighting,2,173.69,0.0,Organic,US,variant
ORD-000650,2024-12-06,CUST-02687,cust-02687@lumenmail.com,Furniture,1,26.23,0.0,Email,UK,
ORD-005835,2024-01-18,CUST-01194,cust-01194@lumenmail.com,Lighting,1,20.12,0.25,Paid Search,US,
ORD-005755,2024-02-15,CUST-00241,cust-00241@lumenmail.com,Furniture,1,30.23,0.1,Paid Search,UK,
ORD-005842,2024-03-11,CUST-02141,cust-02141@lumenmail.com,Lighting,2,54.28,5.0,Email,US,
ORD-002851,2023-10-30,CUST-02297,cust-02297@lumenmail.com,Lightng,7,34.53,0.1,Email,UK,
ORD-000468,2023-12-13,,guest@lumenmail.com,Accessories,6,72.45,0.0,Email,US,
ORD-000729,05/04/2024,,guest@lumenmail.com,Décor,1,69.12,0.0,Email,UK,
ORD-000428,2024-08-29,CUST-00762,cust-00762@lumenmail.com,Lighting,3,372.35,0.15,,US,
ORD-003500,2024-02-18,CUST-01039,cust-01039@lumenmail.com,Furniture,1,350.83,0.0,Social,AU,variant
ORD-001900,11/10/2023,CUST-02786,cust-02786@lumenmail.com,Décor,7,11.86,0.05,Paid Search,US,variant
ORD-001176,2024-08-21,CUST-02684,cust-02684@lumenmail.com,Lighting,6,153.09,0.15,Paid Search,US,
ORD-003493,2024-09-17,CUST-02226,cust-02226@lumenmail.com,Lighting,1,144.6,0.05,Paid Search,US,
ORD-002870,2024-03-17,CUST-02069,cust-02069@lumenmail.com,Accessories,3,88.95,0.05,Paid Search,US,variant
ORD-007246,22/05/2024,CUST-01018,cust-01018@lumenmail.com,Furniture,2,56.97,0.0,Email,UK,control
ORD-002989,2023-12-24,CUST-01130,cust-01130@lumenmail.com,Lightng,2,493.27,0.2,Email,AU,variant
ORD-008962,26/09/2024,CUST-02117,cust-02117@lumenmail.com,Décor,2,99.23,15.0,Paid Search,UK,variant
ORD-007788,,CUST-01637,cust-01637@lumenmail.com,Décor,3,46.93,0.0,Social,US,control
ORD-006471,2024-07-17,CUST-00785,cust-00785@lumenmail.com,Lighting,1,17.47,0.05,Email,US,
ORD-008007,2023-06-23,CUST-00161,cust-00161@lumenmail.com,Lighting,2,37.99,0.1,Social,US,control
ORD-001833,2023-12-26,CUST-00308,cust-00308@lumenmail.com,Outdoor,-1,180.87,0.2,Organic,US,variant
ORD-003924,2023-09-08,CUST-02141,cust-02141@lumenmail.com,Furniture,1,10.85,0.0,Paid Search,US,variant
ORD-007107,2024-10-01,CUST-02866,cust-02866@lumenmail.com,Lighting,2,6.41,0.0,Email,CA,
ORD-000211,2024-12-19,,guest@lumenmail.com,Accessories,2,56.33,0.15,Social,CA,
ORD-003820,2024-12-06,CUST-02808,cust-02808@lumenmail.com,Lighting,5,87.73,15.0,Paid Search,CA,variant
ORD-008945,2023-08-19,CUST-02055,cust-02055@lumenmail.com,Lighting,2,15.52,0.0,Organic,US,
ORD-001915,18/07/2024,CUST-01253,cust-01253@lumenmail.com,Lighting,1,103.27,0.1,Paid Search,US,
ORD-004382,2024-01-31,CUST-02495,cust-02495@lumenmail.com,Décor,7,97.39,0.15,,CA,control
ORD-002668,2023-10-26,CUST-01102,cust-01102@lumenmail.com,Lighting,2,128.72,0.0,Organic,US,control
ORD-008929,07/08/2023,CUST-01476,cust-01476@lumenmail.com,Décor,7,58.9,0.0,Organic,US,
ORD-005235,2023-06-26,CUST-00841,cust-00841@lumenmail.com,Lighting,1,337.47,0.1,Email,US,control
ORD-006572,2023-12-18,CUST-01727,cust-01727@lumenmail.com,Lighting,1,206.02,0.0,Organic,CA,
ORD-004856,2024-12-24,CUST-01519,cust-01519@lumenmail.com,Furniture,1,109.99,0.05,Paid Search,CA,
ORD-000087,30/09/2023,CUST-02477,cust-02477@lumenmail.com,Furniture,3,26.23,0.1,Social,US,control
ORD-001204,2024-08-11,CUST-01512,cust-01512@lumenmail.com,Furniture,1,44.1,0.0,Social,US,
ORD-008247,2023-09-27,CUST-02474,cust-02474@lumenmail.com,Furniture,1,81.31,0.1,Paid Search,US,control
ORD-002778,2024-08-15,CUST-02162,cust-02162@lumenmail.com,Lighting,1,15.59,0.0,Organic,US,control
ORD-003514,30/05/2024,CUST-00305,cust-00305@lumenmail.com,Accessories,4,94.44,5.0,Email,US,control
ORD-003861,2023-10-06,CUST-00499,cust-00499@lumenmail.com,Lighting,3,28.62,0.0,Organic,US,
ORD-005894,2024-06-21,CUST-00365,cust-00365@lumenmail.com,Lighting,2,38.74,0.0,Email,CA,
ORD-005583,2024-12-19,CUST-00046,cust-00046@lumenmail.com,lighting,5,26.06,0.2,Paid Search,CA,variant
ORD-001219,2024-07-17,CUST-02675,cust-02675@lumenmail.com,Lighting,1,153.77,0.0,Social,US,
ORD-008525,18/05/2024,,guest@lumenmail.com,Décor,1,95.2,0.05,Email,US,variant
ORD-007066,18/07/2023,CUST-00685,cust-00685@lumenmail.com,Décor,2,12.39,0.0,Paid Search,AU,control
ORD-005173,2024-12-15,CUST-00409,cust-00409@lumenmail.com,Outdoor,2,81.76,0.0,Paid Search,US,control
ORD-008877,2024-08-13,,guest@lumenmail.com,Furniture,1,289.61,0.1,Social,US,
ORD-006022,2023-10-22,CUST-02258,cust-02258@lumenmail.com,Décor,1,51.45,0.0,Organic,UK,variant
ORD-008574,2024-02-28,CUST-01350,cust-01350@lumenmail.com,Furniture,3,10.47,0.0,Paid Search,UK,variant
ORD-001097,2023-09-12,CUST-01441,cust-01441@lumenmail.com,Accessories,5,47.34,0.05,Email,US,variant
ORD-009359,2023-08-20,CUST-02989,cust-02989@lumenmail.com,Lightng,-2,31.92,0.0,Email,US,
ORD-002437,2024-04-15,CUST-02874,cust-02874@lumenmail.com,Lightng,1,20.5,5.0,Organic,US,
ORD-005999,2024-05-02,CUST-02769,cust-02769@lumenmail.com,Lightng,2,57.17,0.1,Email,US,variant
ORD-001403,2023-06-02,,guest@lumenmail.com,Lighting,1,62.03,0.1,Paid Search,US,variant
ORD-002250,2024-03-13,CUST-01726,cust-01726@lumenmail.com,Lighting,1,28.38,0.05,Paid Search,US,control
ORD-003103,05/05/2024,CUST-00637,cust-00637@lumenmail.com,Lighting,4,97.9,0.15,Paid Search,US,
ORD-004149,20/11/2024,CUST-00602,cust-00602@lumenmail.com,Décor,1,210.66,0.0,Organic,US,variant
ORD-003387,2024-03-06,,guest@lumenmail.com,Accessories,2,321.41,0.0,Paid Search,US,
ORD-009417,18/05/2024,CUST-00769,cust-00769@lumenmail.com,Accessories,2,469.71,0.2,Email,US,control
ORD-003536,2023-12-19,,guest@lumenmail.com,Lighting,2,41.1,0.05,,UK,variant
ORD-001367,2024-03-16,CUST-02856,cust-02856@lumenmail.com,Accessories,3,13.13,0.0,,US,
ORD-008197,2023-07-01,CUST-02848,cust-02848@lumenmail.com,Décor,1,13.27,0.05,Paid Search,US,variant
ORD-002291,2024-02-14,CUST-02156,cust-02156@lumenmail.com,Décor,1,68.96,0.0,Organic,UK,control
ORD-006862,2024-04-29,CUST-02451,cust-02451@lumenmail.com,Lighting,1,11.74,0.05,Social,UK,variant
ORD-004083,2024-10-07,CUST-00764,cust-00764@lumenmail.com,Furniture,1,761.51,0.2,Organic,US,
ORD-005369,2024-04-02,CUST-02742,cust-02742@lumenmail.com,Furniture,2,93.16,5.0,Organic,CA,
ORD-009266,26/05/2024,CUST-02951,cust-02951@lumenmail.com,Décor,1,90.76,0.0,Organic,US,
ORD-000788,2024-11-15,CUST-00149,cust-00149@lumenmail.com,Lighting,5,6.2,0.15,Social,US,
ORD-000492,2023-09-30,CUST-01332,cust-01332@lumenmail.com,Décor,1,14.42,0.2,Email,UK,
ORD-003362,2024-12-04,CUST-02237,cust-02237@lumenmail.com,Lighting,1,245.65,0.0,Organic,CA,
ORD-002700,2024-01-08,,guest@lumenmail.com,Décor,1,27.26,0.05,Email,US,
ORD-007987,2023-12-25,CUST-02549,cust-02549@lumenmail.com,Décor,4,43.58,0.05,Email,US,control
ORD-003023,2024-04-01,CUST-00504,cust-00504@lumenmail.com,Accessories,3,338.27,0.0,Email,US,variant
ORD-007122,2023-06-30,CUST-00751,cust-00751@lumenmail.com,Lighting,2,483.37,0.05,Social,US,variant
ORD-006622,2024-04-27,CUST-01517,cust-01517@lumenmail.com,Accessories,1,60.46,0.05,Social,US,
ORD-005747,2024-01-29,CUST-02442,cust-02442@lumenmail.com,Furniture,6,63.46,0.0,Organic,CA,control
ORD-002560,2024-10-31,CUST-02578,cust-02578@lumenmail.com,Lighting,1,84.15,0.0,Email,US,
ORD-003825,22/12/2023,CUST-00400,cust-00400@lumenmail.com,Lighting,1,82.31,0.0,Paid Search,CA,control
ORD-000703,14/08/2024,CUST-01631,cust-01631@lumenmail.com,Décor,3,46.59,25.0,Organic,UK,control
ORD-000708,28/11/2024,CUST-02182,cust-02182@lumenmail.com,Décor,1,309.82,0.05,Organic,US,
ORD-001531,2024-02-18,CUST-01861,cust-01861@lumenmail.com,Décor,1,24.97,10.0,Email,US,variant
ORD-004901,2024-10-01,CUST-01135,cust-01135@lumenmail.com,Furniture,1,39.25,0.25,Email,US,
ORD-004550,2024-01-24,CUST-02547,cust-02547@lumenmail.com,Lighting,1,124.16,0.0,Organic,US,
ORD-002823,2024-11-21,CUST-01777,cust-01777@lumenmail.com,Furniture,1,309.29,0.05,Paid Search,US,
ORD-008206,2024-07-25,CUST-01765,cust-01765@lumenmail.com,Décor,1,22.31,0.15,Paid Search,AU,control
ORD-000676,2024-09-10,CUST-02013,cust-02013@lumenmail.com,Lighting,2,0.0,0.0,Email,US,variant
ORD-004653,09/03/2024,,guest@lumenmail.com,Furniture,1,26.02,0.0,Paid Search,CA,variant
ORD-004614,2024-10-05,CUST-00055,cust-00055@lumenmail.com,Lighting,1,75.9,0.0,Organic,US,variant
ORD-009368,2023-12-04,CUST-00366,cust-00366@lumenmail.com,Outdoor,6,181.12,0.05,Paid Search,CA,control
ORD-005052,2024-12-08,CUST-00407,cust-00407@lumenmail.com,Lighting,1,72.52,0.25,Organic,AU,variant
ORD-007463,04/09/2024,CUST-01411,cust-01411@lumenmail.com,Lighting,4,134.27,0.0,Social,US,control
ORD-006351,06/08/2023,CUST-01339,cust-01339@lumenmail.com,Lighting,3,73.6,0.15,Social,US,variant
ORD-004139,2024-03-28,CUST-02154,cust-02154@lumenmail.com,Lighting,4,17.49,0.2,Social,US,variant
ORD-008221,2024-11-26,CUST-02830,cust-02830@lumenmail.com,Lighting,3,78.54,0.05,Social,US,control
ORD-001507,2024-09-20,,guest@lumenmail.com,Outdoor,1,48.81,0.0,Organic,UK,variant
ORD-000270,2023-06-16,CUST-02027,cust-02027@lumenmail.com,Accessories,2,15.52,0.0,Organic,CA,
ORD-006534,2023-06-27,CUST-01890,cust-01890@lumenmail.com,Décor,1,114.82,0.0,Paid Search,US,control
ORD-006831,2024-11-29,,guest@lumenmail.com,Furniture,2,93.49,0.0,Organic,US,control
ORD-003804,2024-11-25,CUST-02889,cust-02889@lumenmail.com,Décor,2,225.86,0.05,Paid Search,US,variant
ORD-008419,2024-08-20,CUST-00036,cust-00036@lumenmail.com,Lighting,2,725.03,0.0,Paid Search,US,variant
ORD-000253,27/08/2023,CUST-01540,cust-01540@lumenmail.com,Lighting,1,360.57,0.0,Paid Search,US,
ORD-003093,20/09/2023,CUST-00086,cust-00086@lumenmail.com,Décor,1,663.46,0.0,Paid Search,UK,
ORD-006241,2023-06-05,CUST-01086,cust-01086@lumenmail.com,Lighting,3,10.34,0.05,Paid Search,US,variant
ORD-001185,2024-01-08,CUST-02947,cust-02947@lumenmail.com,Furniture,4,54.65,0.25,Paid Search,US,control
ORD-003989,2024-03-22,CUST-02528,cust-02528@lumenmail.com,Décor,1,9.14,0.05,Email,CA,
ORD-003632,2024-08-12,CUST-01697,cust-01697@lumenmail.com,Lighting,1,163.74,0.0,Paid Search,US,control
ORD-005412,2023-08-04,CUST-00525,cust-00525@lumenmail.com,Décor,1,212.91,0.0,Email,US,
ORD-004355,2024-08-28,CUST-00317,cust-00317@lumenmail.com,Furniture,1,29.52,0.0,Paid Search,US,variant
ORD-008624,2024-01-13,CUST-00138,cust-00138@lumenmail.com,Furniture,-4,118.93,0.0,Organic,US,control
ORD-008474,2024-06-01,CUST-00874,cust-00874@lumenmail.com,Décor,1,335.5,15.0,Organic,US,
ORD-004598,2023-08-03,CUST-00104,cust-00104@lumenmail.com,Accessories,1,358.33,0.0,Email,US,variant
ORD-003144,17/01/2024,CUST-00344,cust-00344@lumenmail.com,Outdoor,1,92.41,5.0,Paid Search,US,
ORD-007712,04/08/2024,CUST-00423,cust-00423@lumenmail.com,Outdoor,6,345.4,0.1,Paid Search,US,variant
ORD-000826,2024-05-12,CUST-00040,cust-00040@lumenmail.com,Outdoor,3,679.95,0.0,Social,US,control
ORD-008938,2024-04-02,CUST-01126,cust-01126@lumenmail.com,Lighting,2,196.22,0.0,Email,US,
ORD-001246,2024-08-22,CUST-01901,cust-01901@lumenmail.com,Décor,1,69.36,0.15,Email,AU,
ORD-008043,2024-02-05,CUST-02271,cust-02271@lumenmail.com,Lighting,1,67.36,5.0,Paid Search,US,
ORD-002221,2024-05-01,CUST-02751,cust-02751@lumenmail.com,Outdoor,2,295.44,0.2,Paid Search,US,
ORD-006107,2024-08-03,CUST-00800,cust-00800@lumenmail.com,Lighting,1,16.3,0.0,Email,US,
ORD-000872,2024-08-06,CUST-00897,cust-00897@lumenmail.com,Décor,2,87.53,0.05,Social,US,
ORD-004244,2024-03-25,CUST-02120,cust-02120@lumenmail.com,Outdoor,1,37.39,0.15,Paid Search,CA,control
ORD-001454,2024-06-07,CUST-02280,cust-02280@lumenmail.com,Lighting,5,108.33,0.1,Email,US,variant
ORD-003713,2024-10-10,CUST-02224,cust-02224@lumenmail.com,Décor,2,168.7,0.0,Paid Search,AU,
ORD-000543,2023-06-02,CUST-00598,cust-00598@lumenmail.com,Outdoor,1,42.47,0.0,Paid Search,US,
ORD-003137,2023-07-27,CUST-02189,cust-02189@lumenmail.com,Outdoor,1,49.4,0.1,Email,US,control
ORD-004918,28/04/2024,CUST-02564,cust-02564@lumenmail.com,Décor,1,31.1,0.0,Paid Search,US,
ORD-005735,2023-09-04,CUST-02952,cust-02952@lumenmail.com,Lighting,1,98.08,0.0,Organic,US,control
ORD-005496,2024-01-23,CUST-02167,cust-02167@lumenmail.com,Décor,1,42.62,0.2,Social,US,
ORD-007685,2024-12-09,CUST-02487,cust-02487@lumenmail.com,Lighting,2,10.72,0.0,Paid Search,UK,variant
ORD-009326,2024-12-10,CUST-02642,cust-02642@lumenmail.com,Outdoor,1,182.71,0.0,Email,CA,
ORD-003428,2023-06-24,CUST-00801,cust-00801@lumenmail.com,Furniture,4,111.43,0.0,Email,US,variant
ORD-009174,2024-01-04,CUST-01576,cust-01576@lumenmail.com,Furniture,2,45.27,0.05,Paid Search,US,control
ORD-000447,2024-05-08,CUST-00693,cust-00693@lumenmail.com,Lighting,-1,336.27,0.0,Organic,UK,variant
ORD-000838,2024-11-07,CUST-00202,cust-00202@lumenmail.com,Décor,1,22.16,0.2,Organic,US,variant
ORD-005160,02/11/2023,CUST-02023,cust-02023@lumenmail.com,Lighting,2,150.57,0.1,Paid Search,CA,variant
ORD-003485,01/10/2024,CUST-01165,cust-01165@lumenmail.com,Furniture,3,127.07,0.05,Paid Search,US,variant
ORD-003218,2023-08-14,CUST-00589,cust-00589@lumenmail.com,Outdoor,5,55.9,0.15,Paid Search,CA,
ORD-001292,2024-05-01,CUST-01161,cust-01161@lumenmail.com,Décor,2,574.99,0.1,Paid Search,US,variant
ORD-006875,2023-11-23,CUST-02583,cust-02583@lumenmail.com,Décor,1,151.8,0.0,Paid Search,US,variant
ORD-004392,2024-11-21,CUST-01810,cust-01810@lumenmail.com,Lighting,2,68.05,0.15,Organic,UK,control
ORD-005718,2024-04-15,CUST-02699,cust-02699@lumenmail.com,Lighting,2,92.48,0.15,Organic,US,
ORD-003805,2024-08-14,CUST-00686,cust-00686@lumenmail.com,Furniture,1,162.15,0.0,Email,US,variant
ORD-007000,2024-12-05,CUST-00781,cust-00781@lumenmail.com,Décor,1,367.82,0.1,Paid Search,UK,
ORD-006095,2023-08-11,CUST-01981,cust-01981@lumenmail.com,Lighting,1,83.3,0.0,Paid Search,US,variant
ORD-008734,31/08/2023,CUST-00998,cust-00998@lumenmail.com,Lighting,3,68.19,0.05,Email,UK,
ORD-006841,2023-07-06,CUST-01071,cust-01071@lumenmail.com,Décor,1,98.91,0.2,Organic,US,
ORD-006243,22/06/2024,CUST-00410,cust-00410@lumenmail.com,Furniture,3,258.54,0.0,Paid Search,US,
ORD-000971,2024-10-11,CUST-00408,cust-00408@lumenmail.com,Lighting,7,107.13,0.05,Organic,CA,variant
ORD-006150,2024-01-20,CUST-00731,cust-00731@lumenmail.com,Outdoor,2,26.92,0.1,Email,US,
ORD-003115,2023-06-01,CUST-01920,cust-01920@lumenmail.com,Décor,1,77.68,0.0,Email,US,variant
ORD-008687,2023-11-01,CUST-01173,cust-01173@lumenmail.com,Décor,1,47.05,0.0,Social,US,
ORD-005754,2024-07-04,CUST-00446,cust-00446@lumenmail.com,Décor,7,13.03,0.0,Paid Search,UK,control
ORD-007708,2023-10-03,CUST-00665,cust-00665@lumenmail.com,Furniture,2,139.5,0.0,Email,US,control
ORD-003672,2024-09-16,CUST-01681,cust-01681@lumenmail.com,Outdoor,2,14.56,0.05,Organic,CA,variant
ORD-008220,2023-11-13,CUST-02772,cust-02772@lumenmail.com,Furniture,1,137.96,0.05,,US,control
ORD-001125,2024-05-17,CUST-00040,cust-00040@lumenmail.com,Furniture,1,192.1,10.0,Organic,US,variant
ORD-008365,2024-06-29,CUST-01569,cust-01569@lumenmail.com,Décor,1,357.91,0.2,Email,CA,variant
ORD-009501,2023-09-06,CUST-01819,cust-01819@lumenmail.com,Outdoor,1,512.23,0.05,Social,UK,control
ORD-000220,2024-02-10,CUST-01736,cust-01736@lumenmail.com,Décor,2,10.31,0.1,Email,UK,control
ORD-002722,08/11/2023,CUST-02932,cust-02932@lumenmail.com,Accessories,1,118.02,0.0,Organic,US,variant
ORD-000138,2023-09-03,CUST-00481,cust-00481@lumenmail.com,Décor,1,708.22,0.2,Social,US,variant
ORD-002034,2024-02-18,CUST-02561,cust-02561@lumenmail.com,Outdoor,1,78.27,0.05,Email,US,
ORD-004038,2023-08-23,,guest@lumenmail.com,Lighting,1,85.02,0.0,Email,CA,control
ORD-004842,2023-08-24,CUST-01037,cust-01037@lumenmail.com,Lighting,1,195.44,0.0,,US,variant
ORD-007542,2024-05-31,CUST-00793,cust-00793@lumenmail.com,Outdoor,2,95.33,0.0,Email,US,
ORD-007803,2024-03-27,CUST-01052,cust-01052@lumenmail.com,Lighting,1,34.88,0.0,Paid Search,US,
ORD-009487,2024-04-19,CUST-01251,cust-01251@lumenmail.com,Lighting,1,10.03,0.05,Paid Search,US,variant
ORD-003534,2024-10-11,CUST-00917,cust-00917@lumenmail.com,Accessories,2,498.13,0.05,Paid Search,US,
ORD-002585,2023-07-17,CUST-01600,cust-01600@lumenmail.com,Lighting,1,650.8,0.05,Paid Search,AU,variant
ORD-001112,2023-08-21,CUST-01573,cust-01573@lumenmail.com,Lighting,2,182.96,5.0,Paid Search,US,
ORD-003687,27/12/2024,CUST-00493,cust-00493@lumenmail.com,Outdoor,7,49.01,0.05,Paid Search,CA,
ORD-005610,2024-10-28,CUST-00418,cust-00418@lumenmail.com,Lighting,2,44.62,0.0,,US,variant
ORD-000005,2024-12-08,CUST-01449,cust-01449@lumenmail.com,Lighting,1,604.71,0.0,Organic,AU,variant
ORD-003990,2024-10-14,CUST-02032,cust-02032@lumenmail.com,Décor,1,57.23,0.0,Paid Search,CA,variant
ORD-005482,2023-10-31,CUST-01282,cust-01282@lumenmail.com,lighting,1,238.34,0.1,Organic,US,variant
ORD-008475,2023-12-17,CUST-02462,cust-02462@lumenmail.com,Accessories,-2,65.19,0.0,Email,UK,
ORD-000757,2024-02-12,CUST-01687,cust-01687@lumenmail.com,Furniture,1,7.58,0.15,,CA,control
ORD-001284,2023-08-24,CUST-02954,cust-02954@lumenmail.com,Furniture,1,28.12,0.15,Paid Search,US,variant
ORD-000557,2024-09-13,CUST-01276,cust-01276@lumenmail.com,Décor,1,39.3,0.0,Organic,UK,
ORD-000966,24/08/2023,CUST-01251,cust-01251@lumenmail.com,Furniture,4,28.97,0.0,Email,CA,variant
ORD-000274,23/04/2024,CUST-01315,cust-01315@lumenmail.com,Décor,1,75.42,25.0,Email,US,
ORD-008770,2024-03-23,CUST-00580,cust-00580@lumenmail.com,Furniture,1,144.56,0.05,Social,UK,variant
ORD-005075,2024-03-23,CUST-02165,cust-02165@lumenmail.com,Décor,2,160.02,0.05,Email,US,variant
ORD-007149,2024-01-21,CUST-01636,cust-01636@lumenmail.com,Lighting,1,71.24,0.25,Paid Search,US,control
ORD-008716,2023-11-09,CUST-02270,cust-02270@lumenmail.com,Décor,2,72.31,0.0,Organic,UK,
ORD-000811,2024-08-05,CUST-02355,cust-02355@lumenmail.com,Décor,2,301.87,0.0,Paid Search,UK,control
ORD-002438,2024-03-11,CUST-02878,cust-02878@lumenmail.com,Lighting,1,90.95,0.15,Email,CA,
ORD-001405,2023-07-24,CUST-00932,cust-00932@lumenmail.com,Lighting,1,82.24,0.0,Email,US,
ORD-008408,2023-08-25,CUST-01130,cust-01130@lumenmail.com,Lighting,1,69.07,0.0,Email,US,
ORD-002858,2024-07-28,CUST-00100,cust-00100@lumenmail.com,Furniture,3,68.98,0.1,Email,CA,variant
ORD-000303,2024-01-10,CUST-01463,cust-01463@lumenmail.com,Décor,2,96.29,0.15,Paid Search,US,
ORD-002685,2024-10-27,CUST-00282,cust-00282@lumenmail.com,Lighting,1,96.12,0.0,Paid Search,US,
ORD-008723,2024-09-25,CUST-00468,cust-00468@lumenmail.com,Décor,2,44.69,0.15,Email,CA,control
ORD-003869,2023-12-03,CUST-02140,cust-02140@lumenmail.com,Lighting,4,49.96,5.0,Organic,US,variant
ORD-006442,2024-04-12,CUST-02908,cust-02908@lumenmail.com,Décor,1,0.0,0.1,Social,US,control
ORD-008497,2023-09-22,CUST-00031,cust-00031@lumenmail.com,Décor,1,41.65,0.05,Email,CA,variant
ORD-000875,2024-12-17,CUST-02912,cust-02912@lumenmail.com,Lighting,1,52.33,0.15,Paid Search,US,variant
ORD-009529,2024-05-14,CUST-02591,cust-02591@lumenmail.com,Décor,2,163.85,0.1,Organic,US,variant
ORD-001661,2024-01-01,CUST-00197,cust-00197@lumenmail.com,Lighting,4,69.64,0.1,Social,US,control
ORD-006293,2024-01-16,CUST-02916,cust-02916@lumenmail.com,Furniture,2,35.22,25.0,,CA,variant
ORD-001228,2023-09-09,CUST-02203,cust-02203@lumenmail.com,Lighting,4,111.6,0.1,Paid Search,US,
ORD-009412,06/12/2023,CUST-02879,cust-02879@lumenmail.com,Lighting,3,0.0,0.05,,US,control
ORD-008541,2024-05-05,CUST-00360,cust-00360@lumenmail.com,Lighting,3,23.56,0.1,,UK,variant
ORD-008287,2024-09-22,CUST-01549,cust-01549@lumenmail.com,Lighting,1,71.73,0.0,,ZZ,variant
ORD-009051,2023-06-13,CUST-02753,cust-02753@lumenmail.com,Furniture,3,694.33,0.1,Paid Search,US,variant
ORD-009081,2024-10-01,CUST-01691,cust-01691@lumenmail.com,Décor,1,11.42,0.0,Social,US,
ORD-009204,2023-12-27,CUST-01616,cust-01616@lumenmail.com,Lighting,1,0.0,0.0,Email,US,control
ORD-006318,2023-06-17,CUST-00160,cust-00160@lumenmail.com,Décor,1,41.4,0.0,Organic,CA,variant
ORD-002111,2023-11-17,,guest@lumenmail.com,Lighting,2,10.87,0.0,Social,US,
ORD-005191,16/09/2023,CUST-02511,cust-02511@lumenmail.com,Lighting,2,609.41,0.0,Paid Search,US,
ORD-005865,2023-07-02,CUST-01018,cust-01018@lumenmail.com,Décor,1,20.15,0.1,Paid Search,US,
ORD-007682,,CUST-02730,cust-02730@lumenmail.com,Lighting,1,29.03,0.0,Paid Search,CA,variant
ORD-006510,2024-04-20,,guest@lumenmail.com,Lighting,2,47.95,0.15,,US,control
ORD-003331,2024-05-25,CUST-01900,cust-01900@lumenmail.com,Lighting,-1,49.8,0.0,Organic,US,variant
ORD-001127,2023-07-25,CUST-02372,cust-02372@lumenmail.com,Accessoires,1,35.18,0.05,Organic,US,
ORD-003423,2024-11-27,CUST-01569,cust-01569@lumenmail.com,Lighting,2,334.08,0.0,Organic,US,
ORD-008055,2024-01-13,CUST-02752,cust-02752@lumenmail.com,Furniture,2,56.32,5.0,Social,US,control
ORD-002363,2024-11-08,CUST-02360,cust-02360@lumenmail.com,Lighting,-1,21.06,0.15,Email,UK,
ORD-001052,08/10/2023,CUST-02597,cust-02597@lumenmail.com,Lighting,1,60.2,0.1,Social,CA,variant
ORD-008091,28/11/2024,CUST-01097,cust-01097@lumenmail.com,Lighting,3,123.82,0.05,Social,US,
ORD-003633,2024-10-03,CUST-02171,cust-02171@lumenmail.com,lighting,3,159.88,0.1,Organic,CA,variant
ORD-009069,12/12/2023,CUST-02944,cust-02944@lumenmail.com,Furniture,6,128.05,0.05,Email,US,
ORD-003078,2024-05-15,CUST-00381,cust-00381@lumenmail.com,Décor,3,142.53,0.0,Paid Search,US,
ORD-007967,2023-09-17,CUST-01596,cust-01596@lumenmail.com,Lighting,1,193.76,0.0,,US,
ORD-002765,2024-12-12,CUST-02841,cust-02841@lumenmail.com,Lighting,4,49.96,0.0,Paid Search,US,control
ORD-001818,2023-10-28,,guest@lumenmail.com,Lighting,4,8.66,0.0,Paid Search,US,control
ORD-003374,04/09/2023,CUST-00243,cust-00243@lumenmail.com,Accessories,2,91.9,0.0,Paid Search,UK,variant
ORD-001656,2024-09-10,CUST-01948,cust-01948@lumenmail.com,Décor,5,70.49,0.25,Paid Search,US,
ORD-003581,2024-01-31,CUST-02134,cust-02134@lumenmail.com,Lighting,3,25.4,0.0,Paid Search,UK,
ORD-002559,2024-05-27,CUST-01480,cust-01480@lumenmail.com,Décor,-2,68.95,0.05,Paid Search,US,variant
ORD-004532,2024-09-21,CUST-00128,cust-00128@lumenmail.com,Furniture,4,113.51,0.15,Email,CA,
ORD-003216,2024-05-04,CUST-01104,cust-01104@lumenmail.com,Lighting,3,37.52,0.2,Organic,US,variant
ORD-009314,2024-06-15,CUST-00805,cust-00805@lumenmail.com,Décor,1,392.25,0.0,Email,US,
ORD-002265,2024-12-24,CUST-01128,cust-01128@lumenmail.com,Furniture,1,105.46,5.0,Social,CA,
ORD-002109,2023-06-06,CUST-00082,cust-00082@lumenmail.com,Lighting,1,226.33,0.1,Social,US,control
ORD-003196,2024-11-03,CUST-01345,cust-01345@lumenmail.com,Lighting,2,19.58,0.0,Paid Search,US,variant
ORD-000195,2024-11-25,,guest@lumenmail.com,Accessories,2,374.75,0.05,Social,US,control
ORD-000932,28/11/2023,CUST-01059,cust-01059@lumenmail.com,Furniture,1,42.41,0.15,Email,US,
ORD-007812,04/08/2023,,guest@lumenmail.com,Furniture,6,44.06,0.05,Paid Search,US,control
ORD-008064,2023-09-14,CUST-02103,cust-02103@lumenmail.com,Outdoor,2,86.25,0.25,Paid Search,UK,variant
ORD-004852,28/09/2024,CUST-01220,cust-01220@lumenmail.com,Lighting,1,199.94,0.0,Paid Search,US,control
ORD-007629,2024-01-03,CUST-02640,cust-02640@lumenmail.com,Décor,1,67.71,0.2,Paid Search,US,control
ORD-001193,2024-05-25,CUST-02772,cust-02772@lumenmail.com,Décor,4,6.37,0.0,Organic,ZZ,
ORD-005281,2024-12-22,CUST-02152,cust-02152@lumenmail.com,Outdoor,2,280.25,0.0,Social,US,
ORD-009381,2023-10-22,CUST-02856,cust-02856@lumenmail.com,Furniture,1,74.71,0.0,Paid Search,CA,
ORD-000373,03/03/2024,CUST-00650,cust-00650@lumenmail.com,Décor,3,20.64,0.0,Paid Search,US,
ORD-005905,2024-07-04,CUST-00529,cust-00529@lumenmail.com,Décor,4,90.07,0.0,Paid Search,ZZ,control
ORD-007825,2024-03-23,CUST-02893,cust-02893@lumenmail.com,Décor,1,128.96,20.0,Paid Search,UK,variant
ORD-001834,2024-05-17,CUST-02850,cust-02850@lumenmail.com,Outdoor,3,179.25,0.1,Paid Search,US,control
ORD-000748,2024-04-20,CUST-01090,cust-01090@lumenmail.com,Outdoor,-2,96.48,0.0,Social,US,variant
ORD-001211,2024-12-18,CUST-00291,cust-00291@lumenmail.com,Lighting,1,88.51,20.0,Organic,UK,variant
ORD-005333,2023-07-13,CUST-00570,cust-00570@lumenmail.com,Lighting,2,473.92,0.0,Organic,US,
ORD-008943,23/12/2024,CUST-01368,cust-01368@lumenmail.com,Décor,1,304.78,0.0,Social,US,
ORD-000776,2024-06-30,CUST-00284,cust-00284@lumenmail.com,Lightng,1,24.94,0.05,Social,CA,variant
ORD-008359,10/11/2024,CUST-00331,cust-00331@lumenmail.com,Lighting,4,167.62,0.05,Paid Search,UK,
ORD-000995,03/06/2023,CUST-01985,cust-01985@lumenmail.com,Outdoor,2,50.28,0.0,Organic,CA,variant
ORD-001119,2024-06-12,CUST-01142,cust-01142@lumenmail.com,Lighting,1,67.6,0.0,Social,AU,
ORD-004545,2023-12-17,CUST-02122,cust-02122@lumenmail.com,Accessories,4,191.82,0.15,Email,CA,
ORD-001872,26/12/2024,CUST-00543,cust-00543@lumenmail.com,Décor,-1,16.88,0.05,Email,UK,control
ORD-004976,2024-08-03,CUST-00941,cust-00941@lumenmail.com,Décor,1,221.19,0.25,Paid Search,US,
ORD-009592,2023-09-17,CUST-02064,cust-02064@lumenmail.com,Furniture,-1,473.41,0.2,Email,US,control
ORD-003351,2024-03-15,CUST-02121,cust-02121@lumenmail.com,Lighting,2,61.52,0.0,Social,US,variant
ORD-000271,2023-09-30,CUST-02570,cust-02570@lumenmail.com,Accessories,1,566.48,0.0,Organic,CA,variant
ORD-004344,2024-02-14,,guest@lumenmail.com,Furniture,2,93.6,0.15,Email,US,
ORD-003375,2024-08-02,CUST-01354,cust-01354@lumenmail.com,Furniture,1,44.56,0.0,,CA,
ORD-009116,2024-05-13,CUST-02327,cust-02327@lumenmail.com,Lighting,2,82.68,0.0,Email,US,
ORD-001448,2023-08-06,CUST-01809,cust-01809@lumenmail.com,Furniture,4,83.98,0.05,Social,US,
ORD-008125,15/06/2023,CUST-00512,cust-00512@lumenmail.com,Lighting,-7,27.37,0.0,Organic,UK,
ORD-004419,2024-05-16,CUST-00467,cust-00467@lumenmail.com,Lighting,2,17.8,0.1,Social,US,variant
ORD-008444,2024-09-05,CUST-02865,cust-02865@lumenmail.com,Outdoor,7,9.01,25.0,Organic,CA,variant
ORD-006080,21/03/2024,CUST-02231,cust-02231@lumenmail.com,Décor,2,344.76,0.0,Email,US,control
ORD-005613,2024-01-15,CUST-02693,cust-02693@lumenmail.com,Décor,1,39.1,0.0,Email,AU,control
ORD-009134,27/08/2023,CUST-00846,cust-00846@lumenmail.com,Lighting,2,57.67,0.1,Email,UK,
ORD-009149,2024-05-31,CUST-00978,cust-00978@lumenmail.com,Décor,4,249.28,0.05,Organic,US,control
ORD-005902,2024-11-28,CUST-02923,cust-02923@lumenmail.com,Furniture,2,255.12,0.0,Email,US,control
ORD-005694,2024-12-17,CUST-02530,cust-02530@lumenmail.com,Décor,2,99.65,10.0,Email,US,
ORD-000051,2023-10-17,CUST-02272,cust-02272@lumenmail.com,Outdoor,4,173.76,0.0,Email,US,control
ORD-004796,2024-06-12,CUST-00900,cust-00900@lumenmail.com,Furniture,2,43.01,0.05,Paid Search,US,control
ORD-008636,2024-07-26,CUST-02099,cust-02099@lumenmail.com,Lighting,2,14.57,0.0,Email,US,
ORD-003320,2024-10-01,CUST-00880,cust-00880@lumenmail.com,Lighting,2,80.89,0.1,Email,CA,
ORD-002993,2024-02-01,CUST-02479,cust-02479@lumenmail.com,Lighting,2,87.56,0.0,Email,UK,
ORD-003636,2023-09-19,CUST-00231,cust-00231@lumenmail.com,Lighting,1,97.63,0.0,Organic,US,
ORD-002382,01/08/2023,,guest@lumenmail.com,Furniture,3,175.16,0.0,Paid Search,CA,
ORD-000165,2023-11-12,CUST-02024,cust-02024@lumenmail.com,lighting,-3,52.45,0.15,Paid Search,CA,variant
ORD-001784,2024-04-17,CUST-02907,cust-02907@lumenmail.com,Accessories,2,239.91,20.0,Paid Search,US,
ORD-007405,2024-04-24,CUST-00565,cust-00565@lumenmail.com,Lighting,4,237.69,0.05,Email,US,variant
ORD-004219,2023-11-25,CUST-00591,cust-00591@lumenmail.com,Outdoor,4,566.25,0.1,Email,CA,control
ORD-002967,2023-08-20,CUST-00780,cust-00780@lumenmail.com,Outdoor,2,86.39,0.15,Email,US,control
ORD-002543,2023-08-27,CUST-01188,cust-01188@lumenmail.com,Lighting,4,159.78,0.1,Paid Search,US,control
ORD-005207,2024-02-05,CUST-01973,cust-01973@lumenmail.com,Outdoor,3,151.53,10.0,Email,US,
ORD-008481,2023-07-03,CUST-00912,cust-00912@lumenmail.com,Lighting,4,23.93,0.2,Paid Search,US,
ORD-003480,24/01/2024,CUST-02277,cust-02277@lumenmail.com,Décor,1,188.51,0.15,Paid Search,US,control
ORD-006715,2024-02-14,CUST-00940,cust-00940@lumenmail.com,Furniture,1,160.12,0.15,Paid Search,UK,control
ORD-000568,2024-09-04,CUST-01157,cust-01157@lumenmail.com,Lighting,2,68.1,0.0,Social,ZZ,
ORD-009055,2024-04-27,CUST-00097,cust-00097@lumenmail.com,Outdoor,1,94.52,0.05,Paid Search,US,variant
ORD-000321,07/12/2023,CUST-00126,cust-00126@lumenmail.com,Accessories,4,263.41,0.0,Paid Search,US,control
ORD-002581,2024-05-01,,guest@lumenmail.com,Lighting,1,30.01,0.0,Paid Search,ZZ,control
ORD-004701,2023-06-24,CUST-01465,cust-01465@lumenmail.com,Lighting,1,160.6,0.05,Organic,US,variant
ORD-004857,2024-06-18,CUST-00506,cust-00506@lumenmail.com,Furniture,3,80.79,0.0,Paid Search,US,
ORD-009498,2024-04-14,CUST-00033,cust-00033@lumenmail.com,Décor,2,197.12,0.25,Social,US,
ORD-000854,2024-03-16,CUST-01031,cust-01031@lumenmail.com,Lighting,1,95.78,0.15,Organic,US,
ORD-008410,24/05/2024,,guest@lumenmail.com,Décor,5,193.31,0.05,Paid Search,CA,control
ORD-004537,01/09/2024,CUST-02118,cust-02118@lumenmail.com,Décor,1,160.97,0.0,Social,US,
ORD-001277,2023-09-06,CUST-02742,cust-02742@lumenmail.com,lighting,1,47.52,0.0,Social,US,variant
ORD-000524,27/11/2024,CUST-01940,cust-01940@lumenmail.com,Lighting,1,38.05,0.1,Paid Search,US,control
ORD-008545,2023-09-13,CUST-02043,cust-02043@lumenmail.com,Accessories,1,222.33,0.05,Paid Search,US,control
ORD-007777,2024-04-15,CUST-02309,cust-02309@lumenmail.com,Furniture,2,368.73,0.0,Social,US,variant
ORD-002128,2023-06-30,CUST-00827,cust-00827@lumenmail.com,Lighting,1,156.11,0.1,Paid Search,UK,
ORD-002702,2024-10-27,,guest@lumenmail.com,Décor,1,128.28,0.1,Email,ZZ,control
ORD-003407,2023-06-21,CUST-01463,cust-01463@lumenmail.com,Décor,5,233.43,0.0,Paid Search,CA,variant
ORD-008400,2024-05-24,,guest@lumenmail.com,Accessories,1,73.26,0.05,Paid Search,CA,
ORD-008531,2024-06-28,CUST-00587,cust-00587@lumenmail.com,Lighting,1,54.16,0.0,Organic,US,
ORD-005325,2024-05-06,CUST-00953,cust-00953@lumenmail.com,Décor,1,291.43,0.0,Paid Search,US,
ORD-008109,2024-05-19,CUST-01669,cust-01669@lumenmail.com,Lighting,2,398.95,0.2,Organic,CA,control
ORD-004089,2023-08-22,CUST-01703,cust-01703@lumenmail.com,Accessories,2,25.99,0.15,Paid Search,US,
ORD-009375,2023-11-11,CUST-01116,cust-01116@lumenmail.com,Décor,2,484.24,0.0,Email,UK,variant
ORD-006048,2024-11-04,CUST-02129,cust-02129@lumenmail.com,Lighting,1,34.12,10.0,Paid Search,US,variant
ORD-005330,2024-10-02,,guest@lumenmail.com,Accessories,2,7.67,0.05,Paid Search,US,variant
ORD-005407,2023-12-04,CUST-00067,cust-00067@lumenmail.com,Lighting,1,84.76,0.0,Organic,CA,
ORD-000941,2024-11-02,CUST-01949,cust-01949@lumenmail.com,Décor,1,17.19,0.0,Email,UK,control
ORD-006885,26/07/2024,CUST-01033,cust-01033@lumenmail.com,Furniture,2,237.08,0.0,Email,US,control
ORD-007797,2023-11-14,CUST-00234,cust-00234@lumenmail.com,Furniture,4,102.02,0.15,Social,CA,variant
ORD-009287,2024-06-06,CUST-01696,cust-01696@lumenmail.com,Lighting,4,151.31,0.0,Paid Search,US,
ORD-002217,06/11/2023,CUST-01633,cust-01633@lumenmail.com,Lighting,1,284.59,0.0,,US,variant
ORD-008191,2024-12-01,CUST-01088,cust-01088@lumenmail.com,lighting,2,176.13,0.0,Paid Search,US,
ORD-006260,2024-01-11,CUST-02776,cust-02776@lumenmail.com,Furniture,1,228.43,0.0,Organic,US,
ORD-007269,2023-10-28,CUST-01135,cust-01135@lumenmail.com,Furniture,4,15.76,0.0,Organic,US,variant
ORD-000262,21/07/2024,CUST-01198,cust-01198@lumenmail.com,Décor,1,12.85,0.15,,ZZ,variant
ORD-006621,2023-06-22,CUST-02017,cust-02017@lumenmail.com,Outdoor,1,100.45,0.1,Email,UK,
ORD-004625,2024-02-03,CUST-02218,cust-02218@lumenmail.com,Décor,2,218.72,0.0,Paid Search,UK,variant
ORD-002234,2023-10-20,,guest@lumenmail.com,Lighting,-6,307.06,0.05,Paid Search,US,control
ORD-005938,2023-08-20,,guest@lumenmail.com,Lighting,-3,14.17,0.05,Organic,UK,control
ORD-002617,2024-01-15,CUST-02037,cust-02037@lumenmail.com,Lighting,1,23.5,0.05,Organic,US,control
ORD-001329,2023-12-19,CUST-00145,cust-00145@lumenmail.com,Décor,2,513.01,20.0,Social,UK,control
ORD-007388,2023-07-01,CUST-02097,cust-02097@lumenmail.com,Furniture,2,88.12,0.1,Social,US,variant
ORD-008241,2024-09-17,CUST-02438,cust-02438@lumenmail.com,Décor,3,99.94,0.05,Paid Search,US,control
ORD-009146,2024-01-07,CUST-02035,cust-02035@lumenmail.com,Décor,3,109.04,0.15,Organic,ZZ,
ORD-009083,03/11/2024,,guest@lumenmail.com,Furniture,1,66.43,0.05,Organic,ZZ,
ORD-005616,2023-11-01,,guest@lumenmail.com,Lighting,4,453.6,0.1,Social,UK,control
ORD-008536,06/04/2024,CUST-02738,cust-02738@lumenmail.com,lighting,2,30.92,0.25,Organic,UK,variant
ORD-008868,2024-09-12,CUST-00958,cust-00958@lumenmail.com,Lighting,2,300.03,0.0,Organic,UK,
ORD-008010,2023-10-03,CUST-02181,cust-02181@lumenmail.com,Outdoor,1,322.56,0.15,Organic,AU,
ORD-003835,2024-01-22,CUST-02983,cust-02983@lumenmail.com,Outdoor,2,96.19,0.05,,CA,variant
ORD-005744,2023-06-26,CUST-00242,cust-00242@lumenmail.com,Décor,1,94.72,0.15,Paid Search,US,variant
ORD-009371,2024-06-12,,guest@lumenmail.com,Lighting,1,16.56,0.2,Organic,US,
ORD-004464,2024-09-15,CUST-02817,cust-02817@lumenmail.com,Furniture,2,27.71,0.05,Paid Search,CA,control
ORD-001620,2023-12-18,CUST-02474,cust-02474@lumenmail.com,Décor,1,160.97,0.05,Paid Search,CA,
ORD-003071,2024-09-24,CUST-01553,cust-01553@lumenmail.com,Décor,2,85.14,0.05,Social,AU,variant
ORD-002518,,CUST-00380,cust-00380@lumenmail.com,Outdoor,2,253.54,0.0,Social,US,control
ORD-004443,10/03/2024,,guest@lumenmail.com,Accessories,1,21.78,0.0,Organic,US,control
ORD-004702,2024-11-28,CUST-01994,cust-01994@lumenmail.com,Outdoor,5,681.33,0.0,Email,US,variant
ORD-006200,2024-01-08,CUST-02588,cust-02588@lumenmail.com,Décor,1,167.03,0.0,Paid Search,US,variant
ORD-007188,27/01/2024,CUST-02060,cust-02060@lumenmail.com,Furniture,2,31.39,0.0,Email,US,
ORD-002432,2023-12-04,CUST-02885,cust-02885@lumenmail.com,Lighting,1,84.57,0.05,Email,US,control
ORD-009491,2023-09-03,CUST-02164,cust-02164@lumenmail.com,Décor,1,67.17,0.05,Email,US,
ORD-000623,2023-06-16,CUST-02330,cust-02330@lumenmail.com,Outdoor,1,75.49,0.0,Organic,US,
ORD-003864,05/08/2023,CUST-00056,cust-00056@lumenmail.com,Furniture,2,67.29,0.2,Paid Search,US,
ORD-000338,2024-02-14,CUST-02760,cust-02760@lumenmail.com,Furniture,3,0.0,0.05,Paid Search,UK,
ORD-002137,2024-08-10,CUST-01813,cust-01813@lumenmail.com,Décor,1,32.68,0.0,Paid Search,UK,
ORD-008230,2023-11-17,CUST-01097,cust-01097@lumenmail.com,Lighting,4,242.53,0.0,Paid Search,US,
ORD-004652,2024-12-26,CUST-01921,cust-01921@lumenmail.com,Furniture,1,39.42,0.15,Email,US,control
ORD-007886,2023-10-08,CUST-01365,cust-01365@lumenmail.com,Furniture,3,33.46,0.15,Social,US,
ORD-001972,25/02/2024,CUST-01907,cust-01907@lumenmail.com,Furniture,3,41.88,0.0,Social,US,control
ORD-001683,2023-09-28,CUST-01852,cust-01852@lumenmail.com,Outdoor,4,45.56,0.2,Social,US,variant
ORD-003752,2024-09-28,CUST-00042,cust-00042@lumenmail.com,Lighting,1,87.1,0.0,Paid Search,UK,
ORD-009301,22/07/2023,CUST-02132,cust-02132@lumenmail.com,Lighting,1,319.5,0.1,Paid Search,CA,variant
ORD-006539,2024-01-30,CUST-00034,cust-00034@lumenmail.com,Outdoor,3,37.91,0.0,Organic,US,
ORD-009234,2024-01-11,CUST-01453,cust-01453@lumenmail.com,lighting,1,33.71,0.0,Email,US,
ORD-004970,2024-05-17,CUST-01629,cust-01629@lumenmail.com,Décor,1,82.6,0.05,Social,US,variant
ORD-007754,2024-07-07,CUST-00646,cust-00646@lumenmail.com,Lighting,1,216.49,0.05,Organic,US,variant
ORD-004649,2024-06-17,CUST-01933,cust-01933@lumenmail.com,Furniture,2,282.52,0.0,Paid Search,US,
ORD-006164,2024-10-16,CUST-00829,cust-00829@lumenmail.com,Décor,1,86.18,0.0,Paid Search,US,
ORD-002390,2024-10-22,CUST-01395,cust-01395@lumenmail.com,Lighting,7,83.21,10.0,Paid Search,US,control
ORD-002254,2024-04-28,CUST-00299,cust-00299@lumenmail.com,Décor,4,47.54,0.0,Email,US,
ORD-003796,2023-10-26,,guest@lumenmail.com,Décor,-4,55.24,0.15,Social,CA,variant
ORD-000256,2024-06-25,CUST-01765,cust-01765@lumenmail.com,Lighting,1,36.32,0.0,Organic,US,variant
ORD-008004,2023-07-12,CUST-02505,cust-02505@lumenmail.com,Outdoor,-1,313.97,0.05,Paid Search,US,variant
ORD-007696,2024-07-24,CUST-01802,cust-01802@lumenmail.com,Décor,1,186.2,0.0,Email,UK,
ORD-002958,2024-06-07,CUST-01618,cust-01618@lumenmail.com,Lighting,2,184.46,0.0,Paid Search,US,
ORD-004872,20/05/2024,CUST-02979,cust-02979@lumenmail.com,Accessories,1,83.03,0.2,Paid Search,US,
ORD-006256,21/06/2024,,guest@lumenmail.com,Lighting,1,21.38,0.0,Email,ZZ,variant
ORD-009253,2024-07-18,CUST-02734,cust-02734@lumenmail.com,Lighting,1,23.63,0.05,Email,US,variant
ORD-008835,2024-03-18,,guest@lumenmail.com,Décor,1,16.2,0.05,Organic,AU,
ORD-009002,2023-08-19,CUST-02874,cust-02874@lumenmail.com,Lighting,1,41.33,0.0,Email,US,
ORD-003001,12/10/2024,CUST-00301,cust-00301@lumenmail.com,Décor,4,13.25,0.15,Email,US,
ORD-002162,2024-08-26,CUST-01460,cust-01460@lumenmail.com,Lighting,2,9.8,0.0,Paid Search,UK,variant
ORD-000686,2023-12-03,CUST-01775,cust-01775@lumenmail.com,Décor,1,87.7,0.15,Email,US,
ORD-002853,,CUST-02650,cust-02650@lumenmail.com,Décor,1,60.98,0.0,Social,US,control
ORD-000003,30/12/2024,CUST-02346,cust-02346@lumenmail.com,Furniture,3,91.88,0.05,Email,US,
ORD-007156,2023-09-14,CUST-01664,cust-01664@lumenmail.com,Décor,1,30.63,0.05,Social,CA,variant
ORD-008284,2024-12-10,,guest@lumenmail.com,Furniture,1,41.04,0.0,Organic,CA,variant
ORD-003222,2024-08-20,CUST-01628,cust-01628@lumenmail.com,Furniture,3,14.05,0.0,Social,CA,control
ORD-008976,2024-10-12,CUST-00635,cust-00635@lumenmail.com,Lighting,4,45.85,0.1,Paid Search,CA,
ORD-003908,2024-05-13,CUST-02464,cust-02464@lumenmail.com,Lighting,1,161.87,0.1,Organic,US,control
ORD-003945,2024-08-08,CUST-01658,cust-01658@lumenmail.com,Lighting,1,94.09,0.0,Organic,US,
ORD-002248,2023-11-20,CUST-00359,cust-00359@lumenmail.com,Décor,2,20.27,0.0,Paid Search,US,control
ORD-007930,2024-06-04,CUST-00645,cust-00645@lumenmail.com,Outdoor,1,22.83,0.0,Email,CA,control
ORD-002798,2023-10-04,CUST-00155,cust-00155@lumenmail.com,Décor,1,231.92,0.15,Email,US,
ORD-003333,2024-08-23,CUST-00422,cust-00422@lumenmail.com,Accessories,1,40.22,0.0,Paid Search,US,variant
ORD-001116,2024-05-11,CUST-00861,cust-00861@lumenmail.com,Décor,2,440.5,0.0,Email,US,
ORD-008391,2024-06-13,CUST-00192,cust-00192@lumenmail.com,Accessories,3,48.94,0.0,Paid Search,US,
ORD-000408,2024-09-11,CUST-02522,cust-02522@lumenmail.com,Lighting,2,313.09,20.0,Email,US,control
ORD-001167,2023-12-28,CUST-02609,cust-02609@lumenmail.com,Lighting,2,25.47,5.0,Paid Search,UK,variant
ORD-004870,2024-03-09,CUST-02395,cust-02395@lumenmail.com,Décor,2,124.51,0.0,Organic,US,control
ORD-008425,2024-12-09,CUST-00358,cust-00358@lumenmail.com,Lighting,1,458.47,0.0,Paid Search,US,
ORD-007818,2024-06-27,CUST-00014,cust-00014@lumenmail.com,Accessories,1,676.1,0.1,Email,US,variant
ORD-001803,11/06/2023,,guest@lumenmail.com,Lighting,4,245.02,0.15,Paid Search,UK,
ORD-002103,2023-11-18,,guest@lumenmail.com,Lighting,1,89.32,10.0,Organic,US,
ORD-002511,2023-06-16,CUST-02581,cust-02581@lumenmail.com,Lighting,1,18.22,0.1,Email,US,control
ORD-006569,12/11/2023,CUST-02385,cust-02385@lumenmail.com,Décor,3,41.29,0.0,Social,AU,
ORD-000376,2023-09-19,CUST-00648,cust-00648@lumenmail.com,Outdoor,3,335.21,0.0,Organic,US,
ORD-004711,2023-06-26,CUST-00278,cust-00278@lumenmail.com,Furniture,3,10.84,0.05,Email,US,
ORD-008180,2023-12-09,CUST-02815,cust-02815@lumenmail.com,Décor,2,251.91,0.0,Organic,CA,variant
ORD-005350,2024-08-24,CUST-01425,cust-01425@lumenmail.com,Décor,2,302.51,0.15,Organic,US,control
ORD-003768,2023-10-25,CUST-02768,cust-02768@lumenmail.com,Décor,1,137.83,0.05,Paid Search,US,variant
ORD-002502,2024-01-12,CUST-00922,cust-00922@lumenmail.com,Furniture,1,56.05,0.15,Organic,US,variant
ORD-000134,2023-06-06,CUST-02142,cust-02142@lumenmail.com,Lighting,3,39.68,0.0,Email,US,variant
ORD-003260,2024-03-22,CUST-02013,cust-02013@lumenmail.com,Lighting,1,657.13,10.0,Email,UK,control
ORD-001163,2024-10-28,CUST-00620,cust-00620@lumenmail.com,Lighting,3,175.73,0.2,Paid Search,US,variant
ORD-009387,26/01/2024,CUST-00290,cust-00290@lumenmail.com,Lighting,1,661.51,0.05,Paid Search,US,
ORD-003928,2023-11-02,CUST-00756,cust-00756@lumenmail.com,Lighting,2,5.42,20.0,Email,CA,
ORD-007936,2024-04-24,CUST-00737,cust-00737@lumenmail.com,Décor,1,39.05,0.05,Paid Search,CA,
ORD-003878,2023-09-01,,guest@lumenmail.com,Accessories,2,73.04,0.0,Email,US,variant
ORD-005899,2023-07-06,CUST-00477,cust-00477@lumenmail.com,Décor,1,77.52,0.1,Social,US,control
ORD-006770,27/10/2024,CUST-00338,cust-00338@lumenmail.com,Décor,1,156.54,5.0,Email,US,
ORD-004294,2024-12-26,CUST-00315,cust-00315@lumenmail.com,Lighting,1,62.96,0.0,Social,CA,
ORD-009160,2024-03-08,CUST-01509,cust-01509@lumenmail.com,Décor,2,22.38,0.0,Social,ZZ,variant
ORD-003744,2024-07-18,CUST-01038,cust-01038@lumenmail.com,Lighting,4,18.99,0.2,Paid Search,US,variant
ORD-008843,2024-07-19,CUST-01416,cust-01416@lumenmail.com,Lighting,4,353.16,0.15,Social,CA,
ORD-001056,2023-10-06,CUST-01968,cust-01968@lumenmail.com,Furniture,1,92.73,0.0,Email,UK,variant
ORD-008786,2024-01-29,CUST-00325,cust-00325@lumenmail.com,Lighting,1,37.98,0.0,Email,US,
ORD-006564,2024-04-17,CUST-02933,cust-02933@lumenmail.com,Décor,-2,366.7,0.15,Social,US,variant
ORD-002353,2024-06-28,CUST-02174,cust-02174@lumenmail.com,Outdoor,2,152.46,0.0,Email,US,control
ORD-000700,2024-11-27,CUST-00654,cust-00654@lumenmail.com,Accessories,6,256.85,0.0,Email,US,variant
ORD-001806,2024-08-28,CUST-01945,cust-01945@lumenmail.com,Accessories,2,126.22,0.0,Email,US,control
ORD-002126,2024-07-23,CUST-00673,cust-00673@lumenmail.com,Outdoor,1,17.8,0.05,Email,US,
ORD-002269,2024-02-26,CUST-02173,cust-02173@lumenmail.com,Accessories,4,721.91,0.0,Email,CA,
ORD-005663,2023-12-21,CUST-00268,cust-00268@lumenmail.com,Accessories,1,54.66,0.0,Paid Search,AU,
ORD-008170,2024-10-26,CUST-01111,cust-01111@lumenmail.com,Décor,1,231.0,0.0,Paid Search,ZZ,
ORD-009374,2024-12-30,CUST-01460,cust-01460@lumenmail.com,Lighting,1,386.36,0.1,Organic,US,
ORD-002081,01/05/2024,CUST-00650,cust-00650@lumenmail.com,Décor,1,71.37,0.0,Paid Search,US,control
ORD-006811,2024-09-23,CUST-01031,cust-01031@lumenmail.com,Lighting,3,675.24,0.0,Paid Search,UK,
ORD-001469,29/12/2024,CUST-00310,cust-00310@lumenmail.com,Lighting,1,24.45,15.0,Organic,CA,
ORD-005764,2023-06-16,CUST-01303,cust-01303@lumenmail.com,Lighting,2,333.42,0.2,Email,US,
ORD-004448,2024-03-12,CUST-02446,cust-02446@lumenmail.com,Furniture,5,194.0,0.0,Paid Search,AU,control
ORD-000787,2024-01-13,CUST-02873,cust-02873@lumenmail.com,Décor,1,67.17,0.1,Organic,UK,
ORD-000213,2023-07-20,CUST-02699,cust-02699@lumenmail.com,Outdoor,1,304.86,0.0,Organic,UK,
ORD-005932,2024-06-15,CUST-00222,cust-00222@lumenmail.com,Furniture,3,22.81,0.0,Organic,US,variant
ORD-002352,2024-11-18,CUST-00383,cust-00383@lumenmail.com,Furniture,1,40.21,0.1,Organic,US,
ORD-005776,2023-12-05,CUST-00954,cust-00954@lumenmail.com,Lighting,3,102.64,20.0,,US,
ORD-004853,2024-05-20,CUST-00311,cust-00311@lumenmail.com,Furniture,2,67.63,0.0,Email,ZZ,
ORD-000886,2024-09-13,CUST-02905,cust-02905@lumenmail.com,Lightng,1,183.78,0.0,Paid Search,AU,control
ORD-001957,31/07/2024,CUST-00345,cust-00345@lumenmail.com,Décor,2,30.91,0.2,Organic,US,
ORD-005690,03/12/2024,CUST-01673,cust-01673@lumenmail.com,Lighting,1,22.97,0.05,Organic,US,
ORD-003935,2024-06-27,CUST-00569,cust-00569@lumenmail.com,Décor,2,348.79,0.0,Social,US,variant
ORD-003396,2023-12-24,CUST-00488,cust-00488@lumenmail.com,Accessories,3,11.49,0.1,Social,CA,control
ORD-002701,2024-10-14,CUST-01931,cust-01931@lumenmail.com,Furniture,1,51.48,0.1,Organic,US,
ORD-009439,2024-01-01,CUST-01639,cust-01639@lumenmail.com,Décor,1,131.27,0.1,Email,US,control
ORD-002378,2024-04-18,CUST-00316,cust-00316@lumenmail.com,Lighting,1,760.0,0.1,Paid Search,US,variant
ORD-006720,28/06/2023,CUST-01520,cust-01520@lumenmail.com,Accessories,4,415.03,0.05,Organic,US,variant
ORD-005154,2023-11-23,CUST-00032,cust-00032@lumenmail.com,Lighting,1,24.2,0.0,Email,US,control
ORD-001253,2024-10-17,CUST-01134,cust-01134@lumenmail.com,Décor,2,7.91,0.0,Social,UK,
ORD-005104,2024-09-14,CUST-01549,cust-01549@lumenmail.com,Furniture,1,5.63,0.1,Paid Search,US,
ORD-004513,2024-09-06,CUST-00580,cust-00580@lumenmail.com,Décor,2,152.65,0.0,Organic,US,
ORD-000773,2023-07-14,CUST-02758,cust-02758@lumenmail.com,Lighting,1,158.19,0.05,Social,UK,control
ORD-009244,2024-08-20,CUST-00952,cust-00952@lumenmail.com,Furniture,1,545.59,0.05,Social,CA,
ORD-008761,2024-11-09,CUST-02156,cust-02156@lumenmail.com,Décor,1,26.12,0.0,,ZZ,control
ORD-000906,2023-06-30,CUST-02261,cust-02261@lumenmail.com,Lighting,3,47.6,0.15,Email,US,variant
ORD-000351,03/10/2024,CUST-00669,cust-00669@lumenmail.com,Lighting,2,95.28,0.05,Email,US,
ORD-003886,2023-10-15,CUST-01094,cust-01094@lumenmail.com,Lighting,2,78.13,0.05,Paid Search,US,variant
ORD-007670,2024-08-06,,guest@lumenmail.com,Lighting,1,174.05,0.0,Email,US,control
ORD-008791,25/06/2023,CUST-02097,cust-02097@lumenmail.com,Lighting,1,246.89,0.1,Email,US,
ORD-009000,2023-10-13,CUST-00964,cust-00964@lumenmail.com,Décor,1,37.62,0.1,Email,CA,control
ORD-002860,17/02/2024,CUST-01271,cust-01271@lumenmail.com,Lighting,1,193.56,0.0,Email,UK,
ORD-005355,2024-03-23,CUST-02459,cust-02459@lumenmail.com,Lighting,1,683.66,0.1,Social,CA,control
ORD-000081,2023-08-18,CUST-00964,cust-00964@lumenmail.com,Furniture,2,363.91,0.0,Paid Search,CA,
ORD-003549,13/11/2023,CUST-00589,cust-00589@lumenmail.com,Furniture,1,126.95,0.05,Paid Search,AU,
ORD-006981,2024-10-14,CUST-01807,cust-01807@lumenmail.com,Lighting,3,48.34,0.2,Paid Search,CA,
ORD-000263,2024-08-21,CUST-01711,cust-01711@lumenmail.com,Lighting,1,44.21,0.0,Email,US,
ORD-001552,31/07/2024,CUST-02437,cust-02437@lumenmail.com,Accessories,2,51.59,0.0,Organic,US,
ORD-001239,2023-11-01,CUST-00109,cust-00109@lumenmail.com,Lighting,1,49.22,0.0,,AU,variant
ORD-004200,22/02/2024,CUST-02911,cust-02911@lumenmail.com,Outdoor,1,63.14,0.0,Social,UK,variant
ORD-001332,2024-07-12,CUST-00751,cust-00751@lumenmail.com,Accessories,1,166.82,0.0,Paid Search,UK,control
ORD-004246,05/11/2023,CUST-02690,cust-02690@lumenmail.com,Lighting,1,171.26,0.0,Email,UK,control
ORD-002091,2024-11-09,CUST-00584,cust-00584@lumenmail.com,Furniture,2,547.47,0.0,Paid Search,US,control
ORD-003360,2023-08-24,CUST-02524,cust-02524@lumenmail.com,Lighting,6,98.51,0.0,,US,
ORD-003955,2024-12-03,CUST-01431,cust-01431@lumenmail.com,Lighting,2,39.21,0.0,Social,US,
ORD-001418,2023-11-08,CUST-02879,cust-02879@lumenmail.com,Lighting,1,301.42,0.0,Social,CA,control
ORD-003587,2023-09-10,CUST-01566,cust-01566@lumenmail.com,Outdoor,2,166.14,0.2,Paid Search,US,control
ORD-009485,01/12/2024,CUST-01175,cust-01175@lumenmail.com,Décor,1,36.08,0.0,Paid Search,US,
ORD-006964,14/06/2023,CUST-00139,cust-00139@lumenmail.com,Lighting,2,37.7,0.0,Email,US,variant
ORD-009403,2023-07-23,CUST-00358,cust-00358@lumenmail.com,Furniture,1,20.71,0.0,Organic,US,variant
ORD-008022,2024-03-27,CUST-00593,cust-00593@lumenmail.com,Furniture,3,98.63,0.05,Organic,US,variant
ORD-004517,2023-12-17,CUST-01504,cust-01504@lumenmail.com,Accessories,2,726.96,0.0,Email,US,
ORD-005168,2024-11-09,CUST-02509,cust-02509@lumenmail.com,Accessories,1,717.45,0.2,Organic,US,variant
ORD-004368,2024-05-05,CUST-01593,cust-01593@lumenmail.com,Décor,1,103.42,0.0,Email,CA,variant
ORD-006887,2023-06-12,,guest@lumenmail.com,Accessories,5,75.09,0.05,Organic,US,
ORD-009589,2023-10-08,CUST-00971,cust-00971@lumenmail.com,Furniture,3,288.66,0.0,Paid Search,UK,
ORD-001579,2024-04-13,,guest@lumenmail.com,Furniture,1,319.11,0.05,Email,US,variant
ORD-007715,06/07/2023,CUST-02383,cust-02383@lumenmail.com,Décor,1,535.61,0.0,Paid Search,US,
ORD-002166,2023-09-13,CUST-02633,cust-02633@lumenmail.com,Furniture,1,48.34,10.0,Organic,CA,
ORD-006654,29/01/2024,CUST-00751,cust-00751@lumenmail.com,Outdoor,1,0.0,0.2,Paid Search,CA,control
ORD-001544,2023-06-23,CUST-00662,cust-00662@lumenmail.com,Outdoor,2,36.16,0.0,Paid Search,UK,
ORD-005726,2023-12-21,CUST-01359,cust-01359@lumenmail.com,Lighting,2,174.43,0.0,Email,CA,control
ORD-001922,2024-10-17,CUST-02761,cust-02761@lumenmail.com,Lighting,1,355.41,0.0,Organic,US,
ORD-006732,,CUST-02707,cust-02707@lumenmail.com,Outdoor,1,11.78,0.0,Email,US,control
ORD-001258,2024-02-15,CUST-02745,cust-02745@lumenmail.com,Lighting,3,82.28,0.05,Organic,US,variant
ORD-008370,2023-12-23,CUST-02475,cust-02475@lumenmail.com,Décor,1,462.17,0.1,Paid Search,CA,control
ORD-005769,2024-03-22,CUST-00525,cust-00525@lumenmail.com,Lighting,4,93.97,0.2,Email,CA,variant
ORD-000180,2023-09-10,CUST-00939,cust-00939@lumenmail.com,Outdoor,2,39.23,0.1,Email,US,
ORD-009365,13/10/2023,CUST-01199,cust-01199@lumenmail.com,Décor,6,84.12,5.0,Paid Search,US,control
ORD-008103,2024-08-01,CUST-00365,cust-00365@lumenmail.com,Furniture,6,276.97,0.2,,CA,
ORD-006436,2023-10-07,CUST-00301,cust-00301@lumenmail.com,Lighting,4,77.46,0.0,Organic,US,variant
ORD-002423,2023-09-21,CUST-01834,cust-01834@lumenmail.com,Décor,5,105.87,0.0,Email,US,variant
ORD-004809,2023-10-16,CUST-02107,cust-02107@lumenmail.com,Lighting,1,60.36,0.15,Paid Search,US,control
ORD-002917,2024-12-08,CUST-01107,cust-01107@lumenmail.com,Décor,2,59.18,0.0,,US,
ORD-001497,2024-11-14,CUST-00784,cust-00784@lumenmail.com,Furniture,1,49.73,0.0,Email,ZZ,
ORD-006002,2023-08-24,CUST-01449,cust-01449@lumenmail.com,Outdoor,1,48.25,0.0,Organic,US,variant
ORD-002936,2024-01-09,CUST-01866,cust-01866@lumenmail.com,Décor,2,95.54,0.0,Paid Search,CA,control
ORD-009489,2024-08-01,CUST-02963,cust-02963@lumenmail.com,Furniture,1,12.89,0.0,Email,CA,variant
ORD-001546,2023-10-31,CUST-00556,cust-00556@lumenmail.com,Lighting,1,40.06,0.05,Email,US,
ORD-002171,2023-12-17,CUST-02709,cust-02709@lumenmail.com,Lighting,2,88.78,0.2,Email,UK,
ORD-003422,2024-05-05,CUST-00705,cust-00705@lumenmail.com,Lighting,2,90.32,0.1,Email,UK,control
ORD-008865,2023-08-22,CUST-01302,cust-01302@lumenmail.com,Décor,2,260.58,0.25,Organic,CA,control
ORD-003508,13/05/2024,CUST-01436,cust-01436@lumenmail.com,Lighting,1,152.74,5.0,Social,CA,control
ORD-000169,2024-02-29,CUST-00245,cust-00245@lumenmail.com,Furniture,2,505.26,0.0,Email,US,control
ORD-005675,2023-07-19,CUST-00008,cust-00008@lumenmail.com,Lighting,1,233.85,0.15,Email,CA,control
ORD-007348,2023-06-10,CUST-00700,cust-00700@lumenmail.com,Lighting,1,245.07,0.05,Social,US,
ORD-008350,2024-04-22,CUST-02589,cust-02589@lumenmail.com,Décor,1,764.6,0.25,Paid Search,US,
ORD-006879,2023-08-30,CUST-02641,cust-02641@lumenmail.com,Lighting,1,28.85,10.0,Email,US,
ORD-001735,2024-12-27,CUST-00435,cust-00435@lumenmail.com,Accessories,2,15.93,0.0,Paid Search,US,
ORD-007359,2024-12-07,CUST-00013,cust-00013@lumenmail.com,Décor,2,40.17,0.0,Organic,AU,variant
ORD-007658,2024-04-03,CUST-02122,cust-02122@lumenmail.com,Lighting,2,30.97,0.1,Email,US,
ORD-005965,2023-06-01,CUST-02296,cust-02296@lumenmail.com,Lighting,4,89.3,0.0,Paid Search,US,variant
ORD-005624,2024-08-16,CUST-00160,cust-00160@lumenmail.com,Furniture,1,93.22,0.1,Organic,US,control
ORD-000980,2024-04-29,CUST-01113,cust-01113@lumenmail.com,Décor,2,69.74,0.0,Email,US,control
ORD-004372,2024-01-12,CUST-01798,cust-01798@lumenmail.com,Outdoor,3,35.05,0.05,Paid Search,UK,control
ORD-000062,2024-02-23,CUST-00370,cust-00370@lumenmail.com,Furniture,2,16.68,0.05,Paid Search,UK,
ORD-006429,2024-03-06,CUST-02759,cust-02759@lumenmail.com,Décor,1,44.3,0.1,Organic,US,
ORD-005550,07/09/2023,CUST-02975,cust-02975@lumenmail.com,Décor,1,107.36,0.0,Organic,US,control
ORD-004862,2023-08-01,CUST-02641,cust-02641@lumenmail.com,Décor,5,254.65,0.0,Email,US,control
ORD-001210,2023-09-07,CUST-01922,cust-01922@lumenmail.com,Accessories,3,30.19,0.0,Paid Search,UK,variant
ORD-008367,2024-10-11,CUST-00544,cust-00544@lumenmail.com,Décor,1,25.95,0.0,Paid Search,US,variant
ORD-005328,2024-05-12,CUST-01511,cust-01511@lumenmail.com,Lighting,4,753.45,0.0,Email,ZZ,
ORD-009298,10/12/2024,CUST-00875,cust-00875@lumenmail.com,Décor,1,0.0,0.1,Social,CA,
ORD-006070,2024-04-30,CUST-00489,cust-00489@lumenmail.com,Décor,1,123.23,0.0,Email,CA,control
ORD-009191,08/04/2024,CUST-00080,cust-00080@lumenmail.com,Lighting,1,239.14,0.05,Paid Search,US,
ORD-003884,2024-12-08,CUST-01599,cust-01599@lumenmail.com,Lighting,1,21.44,0.1,Email,US,control
ORD-006915,2024-10-06,,guest@lumenmail.com,Lighting,3,794.96,0.2,Organic,US,
ORD-004307,14/04/2024,CUST-02874,cust-02874@lumenmail.com,Lighting,1,0.0,0.0,Paid Search,ZZ,control
ORD-001249,20/03/2024,CUST-02291,cust-02291@lumenmail.com,Lighting,2,45.31,0.05,Email,US,
ORD-003230,10/08/2024,CUST-02877,cust-02877@lumenmail.com,lighting,3,695.89,0.0,Email,US,variant
ORD-004730,2023-10-13,CUST-00343,cust-00343@lumenmail.com,Furniture,2,71.98,0.05,Paid Search,US,control
ORD-008548,2024-02-13,CUST-02469,cust-02469@lumenmail.com,Lighting,-3,99.48,0.05,Email,US,
ORD-002066,2024-06-28,CUST-02885,cust-02885@lumenmail.com,Décor,1,38.91,0.0,Email,CA,
ORD-006737,2024-08-20,CUST-00829,cust-00829@lumenmail.com,Lighting,1,50.74,0.0,Organic,US,
ORD-003526,01/09/2023,CUST-02583,cust-02583@lumenmail.com,Furniture,2,58.55,0.0,Paid Search,US,
ORD-002068,2024-08-01,,guest@lumenmail.com,Décor,1,196.82,0.05,Organic,AU,variant
ORD-004160,2023-09-14,,guest@lumenmail.com,Lightng,4,34.8,0.15,Paid Search,US,control
ORD-003293,2023-12-05,CUST-01884,cust-01884@lumenmail.com,Furniture,4,41.74,0.0,Organic,US,variant
ORD-007852,2024-07-24,CUST-01583,cust-01583@lumenmail.com,Furniture,1,142.91,0.0,Email,CA,
ORD-009413,2023-10-08,CUST-00332,cust-00332@lumenmail.com,Lighting,1,67.88,0.0,Email,US,variant
ORD-002526,2024-01-17,,guest@lumenmail.com,Décor,2,11.77,0.0,Organic,US,variant
ORD-002100,2023-10-12,CUST-01820,cust-01820@lumenmail.com,Décor,1,42.3,0.2,Social,ZZ,control
ORD-003459,20/02/2024,CUST-01766,cust-01766@lumenmail.com,lighting,4,50.76,0.2,Email,US,control
ORD-005574,14/05/2024,CUST-00685,cust-00685@lumenmail.com,Lighting,4,14.38,0.2,Social,US,control
ORD-003610,2024-09-16,CUST-01368,cust-01368@lumenmail.com,Décor,1,169.29,0.0,Email,CA,variant
ORD-004265,2023-07-14,CUST-01396,cust-01396@lumenmail.com,Lightng,1,74.01,0.05,,US,control
ORD-007025,26/03/2024,CUST-01111,cust-01111@lumenmail.com,Décor,3,30.52,0.1,Paid Search,US,control
ORD-000036,2024-05-03,CUST-01600,cust-01600@lumenmail.com,Lighting,1,317.19,0.1,Email,ZZ,control
ORD-005669,2024-08-02,CUST-00454,cust-00454@lumenmail.com,Décor,2,190.59,0.15,Organic,UK,control
ORD-009526,2024-05-15,,guest@lumenmail.com,Furniture,2,59.69,0.05,Paid Search,UK,variant
ORD-009169,2024-10-02,,guest@lumenmail.com,Accessories,2,31.27,0.0,Social,CA,control
ORD-007763,2023-07-25,CUST-01459,cust-01459@lumenmail.com,Accessories,1,78.83,0.1,Email,US,control
ORD-006767,2023-10-14,CUST-00699,cust-00699@lumenmail.com,Lighting,1,426.91,0.0,Social,US,variant
ORD-003369,19/09/2024,CUST-01219,cust-01219@lumenmail.com,Lighting,3,10.44,0.2,Email,US,variant
ORD-007540,2023-10-28,CUST-00944,cust-00944@lumenmail.com,Lighting,2,84.04,0.0,Social,US,variant
ORD-004322,2024-08-17,,guest@lumenmail.com,Lighting,1,46.14,0.0,Paid Search,US,
ORD-003913,2024-04-02,CUST-01688,cust-01688@lumenmail.com,Outdoor,1,326.99,0.15,Paid Search,US,
ORD-008691,2023-09-25,CUST-02063,cust-02063@lumenmail.com,Furniture,7,422.96,0.05,Email,US,variant
ORD-003803,2023-09-29,CUST-01262,cust-01262@lumenmail.com,Lighting,1,31.79,15.0,Social,US,
ORD-000404,2023-09-30,CUST-01829,cust-01829@lumenmail.com,lighting,1,95.43,0.25,Paid Search,US,control
ORD-000894,2024-04-19,,guest@lumenmail.com,Lighting,1,323.35,0.0,Organic,US,
ORD-003566,2024-12-25,CUST-00336,cust-00336@lumenmail.com,Lighting,3,28.34,0.0,Paid Search,US,control
ORD-008766,05/07/2023,CUST-02393,cust-02393@lumenmail.com,Lighting,1,166.05,0.05,Organic,CA,variant
ORD-006855,2024-06-27,CUST-00141,cust-00141@lumenmail.com,Décor,1,100.79,0.1,Social,US,
ORD-004052,2023-11-02,CUST-00740,cust-00740@lumenmail.com,Lighting,1,53.69,0.2,Email,US,control
ORD-000043,2023-10-31,,guest@lumenmail.com,Décor,1,75.16,0.05,Paid Search,US,control
ORD-001765,2024-10-26,CUST-01526,cust-01526@lumenmail.com,Furniture,1,19.8,5.0,Social,US,variant
ORD-001537,13/08/2024,CUST-01275,cust-01275@lumenmail.com,Furniture,3,65.36,0.0,Email,US,variant
ORD-008808,2024-06-22,CUST-01450,cust-01450@lumenmail.com,Furniture,4,58.23,0.25,Organic,ZZ,
ORD-008532,2024-07-23,CUST-01282,cust-01282@lumenmail.com,Décor,2,15.89,5.0,Paid Search,CA,variant
ORD-000453,2023-11-08,CUST-00194,cust-00194@lumenmail.com,Furniture,2,8.91,0.0,Email,US,
ORD-009567,2023-06-09,CUST-00110,cust-00110@lumenmail.com,Lighting,1,248.04,0.15,Paid Search,UK,variant
ORD-001513,2023-08-28,CUST-02911,cust-02911@lumenmail.com,Accessories,1,82.07,0.0,Social,US,control
ORD-000164,2023-09-25,CUST-02644,cust-02644@lumenmail.com,Lighting,4,79.91,0.0,Paid Search,US,control
ORD-008968,2024-01-22,CUST-02567,cust-02567@lumenmail.com,Décor,1,55.3,0.05,Paid Search,CA,variant
ORD-003324,2023-09-19,CUST-01843,cust-01843@lumenmail.com,Furniture,1,24.5,0.15,Email,US,variant
ORD-000433,2024-02-27,CUST-00808,cust-00808@lumenmail.com,Accessories,1,11.42,5.0,Organic,CA,
ORD-000777,2024-11-24,CUST-00068,cust-00068@lumenmail.com,Furniture,3,117.87,0.05,Paid Search,US,variant
ORD-009441,2023-10-22,CUST-01696,cust-01696@lumenmail.com,Outdoor,2,101.79,0.15,Organic,US,variant
ORD-006350,2023-08-30,CUST-02815,cust-02815@lumenmail.com,Outdoor,3,23.6,0.05,Email,CA,
ORD-004225,2024-09-05,CUST-01161,cust-01161@lumenmail.com,Décor,4,37.71,0.0,,UK,
ORD-003049,2024-01-08,CUST-02542,cust-02542@lumenmail.com,Outdoor,1,50.77,0.0,Organic,US,control
ORD-004587,2024-08-20,CUST-01377,cust-01377@lumenmail.com,Lighting,2,77.58,0.15,,US,variant
ORD-004126,2024-11-02,CUST-01596,cust-01596@lumenmail.com,Lighting,-1,336.61,0.05,Social,CA,control
ORD-008781,2024-07-12,CUST-00923,cust-00923@lumenmail.com,Accessories,1,72.24,0.05,Organic,AU,variant
ORD-003406,2023-11-17,CUST-00596,cust-00596@lumenmail.com,Accessories,2,179.74,0.0,Email,ZZ,control
ORD-002825,2024-10-04,CUST-00614,cust-00614@lumenmail.com,Décor,1,265.64,15.0,Paid Search,US,control
ORD-005255,2023-10-20,CUST-01432,cust-01432@lumenmail.com,Furniture,1,0.0,0.0,Paid Search,US,control
ORD-001087,2024-12-23,CUST-01767,cust-01767@lumenmail.com,Accessories,1,294.07,0.1,Paid Search,UK,control
ORD-004716,2023-10-04,CUST-01378,cust-01378@lumenmail.com,Décor,1,69.04,20.0,Paid Search,AU,variant
ORD-000395,2024-05-20,CUST-01139,cust-01139@lumenmail.com,Décor,2,42.21,0.0,Email,US,
ORD-005143,06/03/2024,CUST-01511,cust-01511@lumenmail.com,Accessories,2,235.81,0.1,Organic,US,
ORD-007031,2024-04-06,CUST-01891,cust-01891@lumenmail.com,Décor,-1,13.52,0.15,Paid Search,UK,control
ORD-005910,2024-04-13,CUST-02810,cust-02810@lumenmail.com,Outdoor,3,85.07,0.25,Paid Search,US,
ORD-004800,2024-06-01,CUST-00585,cust-00585@lumenmail.com,Furniture,3,36.02,0.05,Paid Search,UK,variant
ORD-005967,2023-10-13,CUST-02023,cust-02023@lumenmail.com,Outdoor,4,92.12,0.0,Email,US,
ORD-000780,2024-12-24,CUST-02648,cust-02648@lumenmail.com,Lighting,1,77.69,0.05,Paid Search,US,control
ORD-003630,2024-02-21,CUST-01000,cust-01000@lumenmail.com,Lighting,1,492.78,0.0,Organic,US,
ORD-004608,2023-06-09,CUST-01091,cust-01091@lumenmail.com,Lighting,2,471.56,0.15,Email,US,
ORD-005032,2023-08-20,CUST-01953,cust-01953@lumenmail.com,Décor,4,21.25,0.0,Paid Search,CA,variant
ORD-003441,2023-11-06,,guest@lumenmail.com,Lighting,3,174.28,0.05,Organic,US,
ORD-008503,2024-05-28,CUST-01008,cust-01008@lumenmail.com,Décor,3,45.67,0.0,Paid Search,US,control
ORD-003959,13/07/2024,CUST-02787,cust-02787@lumenmail.com,Accessories,2,23.45,0.0,Organic,US,
ORD-007892,2023-06-26,CUST-01898,cust-01898@lumenmail.com,Décor,1,617.99,0.0,Social,US,
ORD-007736,2024-01-09,CUST-02459,cust-02459@lumenmail.com,Lighting,2,83.01,0.0,Organic,UK,variant
ORD-000116,2024-04-21,CUST-00736,cust-00736@lumenmail.com,Lighting,2,30.72,0.05,Organic,US,control
ORD-002470,2023-08-18,CUST-00357,cust-00357@lumenmail.com,Décor,1,346.21,5.0,Email,CA,
ORD-004773,2024-01-17,CUST-00394,cust-00394@lumenmail.com,Décor,1,108.48,0.0,,US,
ORD-001285,30/09/2023,CUST-01515,cust-01515@lumenmail.com,Lighting,5,7.69,0.0,Organic,US,variant
ORD-003224,27/02/2024,CUST-01586,cust-01586@lumenmail.com,Lighting,1,36.15,0.0,Organic,US,variant
ORD-006892,2023-08-16,CUST-01344,cust-01344@lumenmail.com,Lighting,1,742.25,0.0,Email,US,
ORD-003056,2024-04-08,,guest@lumenmail.com,Lighting,2,53.93,0.0,Paid Search,UK,
ORD-004736,2023-10-10,CUST-02690,cust-02690@lumenmail.com,Outdoor,2,22.92,0.0,Paid Search,US,control
ORD-003690,2024-06-08,CUST-02104,cust-02104@lumenmail.com,Outdoor,3,209.0,0.1,Email,CA,control
ORD-000522,2024-03-31,CUST-02743,cust-02743@lumenmail.com,Décor,1,198.34,0.05,Organic,US,
ORD-009164,2024-09-08,CUST-02315,cust-02315@lumenmail.com,Furniture,1,90.09,0.05,Social,US,
ORD-001504,2024-08-02,CUST-00226,cust-00226@lumenmail.com,Outdoor,1,309.96,0.0,Social,US,variant
ORD-003363,2024-06-13,CUST-01816,cust-01816@lumenmail.com,Lighting,2,50.67,0.2,Organic,US,control
ORD-001703,2024-02-01,CUST-00331,cust-00331@lumenmail.com,Lighting,4,38.89,0.0,Organic,US,
ORD-003214,2024-12-26,CUST-00489,cust-00489@lumenmail.com,Décor,1,303.51,0.0,Paid Search,US,control
ORD-000455,2023-09-07,CUST-00774,cust-00774@lumenmail.com,Outdoor,1,353.92,0.0,Email,CA,
ORD-008120,2024-08-13,CUST-00653,cust-00653@lumenmail.com,Furniture,2,39.91,0.0,Email,US,
ORD-004068,2024-01-05,,guest@lumenmail.com,Furniture,4,36.55,0.05,Email,US,control
ORD-003986,2024-01-10,CUST-00803,cust-00803@lumenmail.com,Outdoor,2,369.95,0.05,Paid Search,CA,
ORD-004735,2024-01-01,CUST-00154,cust-00154@lumenmail.com,Lighting,1,45.38,0.05,Paid Search,US,
ORD-005569,2023-12-22,CUST-00176,cust-00176@lumenmail.com,Furniture,1,300.28,0.0,Paid Search,ZZ,
ORD-008050,2023-08-16,CUST-01216,cust-01216@lumenmail.com,Lighting,1,76.31,0.0,Email,CA,
ORD-008118,2024-06-29,CUST-02521,cust-02521@lumenmail.com,Outdoor,1,82.6,0.0,Paid Search,US,
ORD-005641,2024-08-28,CUST-01226,cust-01226@lumenmail.com,Outdoor,2,42.36,0.1,Email,US,control
ORD-006911,2023-10-04,CUST-00302,cust-00302@lumenmail.com,Furniture,-3,10.45,0.05,Paid Search,CA,
ORD-006295,2023-09-04,CUST-02291,cust-02291@lumenmail.com,Décor,1,37.46,0.15,Email,US,variant
ORD-004198,2024-02-16,CUST-02317,cust-02317@lumenmail.com,Furniture,2,10.05,0.0,Email,CA,
ORD-008655,2024-02-10,,guest@lumenmail.com,Furniture,2,78.22,0.25,Paid Search,US,
ORD-008485,2023-10-21,CUST-01727,cust-01727@lumenmail.com,Outdoor,1,32.27,0.0,Organic,US,
ORD-000188,2023-09-02,CUST-01655,cust-01655@lumenmail.com,Lighting,2,87.24,0.05,,CA,control
ORD-004705,2024-10-10,CUST-01655,cust-01655@lumenmail.com,Furniture,1,84.01,0.15,Organic,US,
ORD-006808,2024-06-06,,guest@lumenmail.com,Lighting,2,48.94,0.0,Email,US,
ORD-006335,26/11/2023,CUST-02807,cust-02807@lumenmail.com,Furniture,1,108.12,0.1,Social,US,control
ORD-004556,2024-01-29,CUST-00730,cust-00730@lumenmail.com,Furniture,1,29.8,0.15,Paid Search,ZZ,control
ORD-003040,2023-08-02,CUST-00569,cust-00569@lumenmail.com,Lighting,1,58.2,0.1,Social,US,
ORD-003402,2023-08-16,CUST-00489,cust-00489@lumenmail.com,Outdoor,2,84.91,15.0,Paid Search,US,
ORD-001206,2024-05-30,,guest@lumenmail.com,lighting,2,372.53,0.0,Organic,US,variant
ORD-001336,2024-10-21,CUST-02597,cust-02597@lumenmail.com,Lighting,2,26.47,0.0,Email,US,variant
ORD-003229,2024-08-26,CUST-02997,cust-02997@lumenmail.com,Furniture,1,27.83,0.1,Organic,US,variant
ORD-008874,08/10/2023,CUST-02511,cust-02511@lumenmail.com,Décor,2,41.53,0.0,Email,US,
ORD-003765,2024-03-07,,guest@lumenmail.com,Furniture,1,49.3,0.0,Email,AU,control
ORD-000075,2023-08-04,CUST-02588,cust-02588@lumenmail.com,Décor,2,343.22,0.0,Email,US,
ORD-008910,2024-11-18,,guest@lumenmail.com,Outdoor,2,121.1,0.25,Paid Search,US,control
ORD-004827,2023-07-08,CUST-00758,cust-00758@lumenmail.com,Outdoor,2,67.42,0.15,Organic,AU,variant
ORD-000617,2023-08-01,CUST-02153,cust-02153@lumenmail.com,Lighting,1,78.88,0.1,Email,UK,variant
ORD-004094,19/09/2024,CUST-01135,cust-01135@lumenmail.com,Décor,1,83.94,0.05,Organic,US,
ORD-002623,2024-05-31,CUST-02112,cust-02112@lumenmail.com,Décor,1,16.49,0.15,Email,CA,variant
ORD-007179,2024-03-12,CUST-00819,cust-00819@lumenmail.com,Accessories,3,21.6,0.05,Paid Search,AU,variant
ORD-002741,25/12/2023,CUST-00944,cust-00944@lumenmail.com,Décor,1,172.68,0.0,Paid Search,US,control
ORD-002463,2024-09-12,CUST-01564,cust-01564@lumenmail.com,Outdoor,2,191.52,0.1,Organic,US,
ORD-004908,15/02/2024,CUST-01992,cust-01992@lumenmail.com,Furniture,1,566.34,0.0,Email,US,
ORD-004101,2024-02-24,CUST-00334,cust-00334@lumenmail.com,Accessories,2,362.61,0.0,Email,UK,control
ORD-007291,2024-03-14,CUST-01006,cust-01006@lumenmail.com,Décor,1,0.0,0.05,Organic,US,variant
ORD-000316,24/11/2024,CUST-00657,cust-00657@lumenmail.com,Accessories,4,175.87,0.0,Paid Search,US,control
ORD-009088,2023-09-27,CUST-00728,cust-00728@lumenmail.com,Lighting,-1,37.57,0.0,Social,US,
ORD-006817,2023-11-01,,guest@lumenmail.com,Décor,2,16.83,0.1,Email,US,
ORD-005299,2024-02-01,CUST-01183,cust-01183@lumenmail.com,Lighting,1,297.89,0.0,Organic,US,
ORD-001113,2023-07-13,CUST-02381,cust-02381@lumenmail.com,Lighting,1,192.37,0.05,Organic,CA,
ORD-005475,2024-03-21,,guest@lumenmail.com,Décor,3,95.83,0.0,Email,US,control
ORD-006397,02/08/2023,CUST-00156,cust-00156@lumenmail.com,Décor,1,65.22,0.0,Social,UK,control
ORD-003279,2024-05-02,CUST-02807,cust-02807@lumenmail.com,Accessories,1,166.24,0.0,,AU,variant
ORD-005991,,CUST-01653,cust-01653@lumenmail.com,Lighting,2,5.94,0.0,Paid Search,CA,
ORD-008932,,CUST-01898,cust-01898@lumenmail.com,lighting,3,7.49,0.0,Email,US,
ORD-000857,2024-05-17,CUST-01722,cust-01722@lumenmail.com,Décor,5,309.5,0.05,Email,US,
ORD-003750,2024-03-07,CUST-02564,cust-02564@lumenmail.com,Furniture,7,44.89,0.0,Social,US,control
ORD-002371,2024-11-05,CUST-00281,cust-00281@lumenmail.com,Décor,1,759.43,0.0,Paid Search,AU,
ORD-006028,2024-08-21,CUST-00534,cust-00534@lumenmail.com,Lighting,3,82.83,0.2,Paid Search,AU,
ORD-001535,2023-09-23,CUST-02906,cust-02906@lumenmail.com,Furniture,1,300.03,0.0,Social,US,
ORD-003847,2023-11-03,CUST-02128,cust-02128@lumenmail.com,Décor,-2,0.0,0.0,Email,US,variant
ORD-002800,2023-09-15,CUST-02107,cust-02107@lumenmail.com,Lighting,1,91.52,0.1,Organic,US,control
ORD-004883,2024-11-21,CUST-02481,cust-02481@lumenmail.com,Décor,2,94.25,0.0,Organic,US,control
ORD-006847,2024-06-15,CUST-02662,cust-02662@lumenmail.com,Lighting,1,41.96,0.0,Paid Search,US,variant
ORD-001755,2024-09-22,CUST-00957,cust-00957@lumenmail.com,Lighting,3,45.03,0.0,Paid Search,US,
ORD-008159,21/08/2024,CUST-02814,cust-02814@lumenmail.com,Furniture,4,108.04,0.0,Organic,CA,
ORD-001745,2024-07-24,,guest@lumenmail.com,Furniture,1,243.53,0.15,Email,US,control
ORD-001092,2024-09-15,CUST-01660,cust-01660@lumenmail.com,Outdoor,-3,170.35,0.15,Paid Search,US,variant
ORD-006327,2023-06-17,CUST-01856,cust-01856@lumenmail.com,Furniture,1,256.26,0.0,Paid Search,US,variant
ORD-007225,2023-07-29,CUST-01589,cust-01589@lumenmail.com,Outdoor,1,36.02,0.1,Organic,UK,variant
ORD-002055,2024-10-10,CUST-00027,cust-00027@lumenmail.com,lighting,2,80.64,0.0,Organic,US,variant
ORD-007877,22/01/2024,CUST-01118,cust-01118@lumenmail.com,Lighting,3,93.94,0.05,Email,US,
ORD-009042,2024-12-07,CUST-00464,cust-00464@lumenmail.com,Lighting,7,134.39,0.15,Paid Search,US,variant
ORD-006099,,CUST-02347,cust-02347@lumenmail.com,Lighting,1,73.67,0.15,Social,US,
ORD-008617,2024-01-19,CUST-00339,cust-00339@lumenmail.com,Lighting,3,443.53,0.0,Email,US,
ORD-000318,2024-03-25,CUST-01971,cust-01971@lumenmail.com,Accessories,1,11.98,0.15,Organic,US,
ORD-006850,2023-12-22,CUST-00974,cust-00974@lumenmail.com,Lighting,1,102.09,0.0,Social,US,
ORD-001942,2023-11-05,CUST-02968,cust-02968@lumenmail.com,Lightng,3,50.95,0.0,Email,CA,control
ORD-005877,28/11/2024,CUST-02206,cust-02206@lumenmail.com,Décor,1,651.91,0.1,Paid Search,US,variant
ORD-008745,2023-06-08,,guest@lumenmail.com,Furniture,1,251.85,0.0,Organic,CA,control
ORD-008686,2024-02-08,CUST-01928,cust-01928@lumenmail.com,Lighting,5,37.43,0.0,Email,US,variant
ORD-009575,2024-02-14,CUST-01142,cust-01142@lumenmail.com,Lighting,2,34.23,0.05,,US,
ORD-004885,20/06/2023,CUST-01419,cust-01419@lumenmail.com,Outdoor,4,13.05,0.2,Organic,US,variant
ORD-002243,2023-10-06,CUST-01489,cust-01489@lumenmail.com,Lighting,2,367.34,0.25,Paid Search,UK,
ORD-008029,2024-02-20,CUST-00058,cust-00058@lumenmail.com,Lighting,2,27.35,0.0,Paid Search,US,variant
ORD-006178,2023-07-10,CUST-02544,cust-02544@lumenmail.com,Furniture,2,286.68,0.05,Paid Search,US,control
ORD-001948,2024-06-10,CUST-02712,cust-02712@lumenmail.com,Lighting,2,725.56,0.0,Organic,UK,control
ORD-006427,2023-12-23,CUST-00500,cust-00500@lumenmail.com,Furniture,2,245.27,0.05,Email,CA,
ORD-005348,2023-11-26,CUST-02703,cust-02703@lumenmail.com,Furniture,4,110.87,0.0,Email,CA,
ORD-000736,29/05/2024,CUST-01957,cust-01957@lumenmail.com,Outdoor,1,51.65,0.1,Organic,US,variant
ORD-007514,2024-08-19,CUST-00713,cust-00713@lumenmail.com,Décor,2,24.77,0.05,Email,US,
ORD-000537,2024-01-31,CUST-01984,cust-01984@lumenmail.com,Furniture,1,77.87,0.0,Email,CA,variant
ORD-005097,2023-07-03,CUST-02590,cust-02590@lumenmail.com,Décor,1,38.72,0.0,Paid Search,CA,
ORD-009028,2024-05-24,CUST-00906,cust-00906@lumenmail.com,Lighting,1,52.87,5.0,Organic,US,
ORD-000167,2023-08-11,CUST-00757,cust-00757@lumenmail.com,Décor,1,49.77,0.0,Paid Search,CA,variant
ORD-004814,2023-06-17,CUST-01103,cust-01103@lumenmail.com,Furniture,2,46.28,0.1,Paid Search,US,control
ORD-004742,2023-09-23,CUST-02231,cust-02231@lumenmail.com,Lighting,2,276.17,0.0,Email,US,control
ORD-003022,2024-08-16,CUST-00403,cust-00403@lumenmail.com,Décor,3,456.59,0.0,Email,CA,control
ORD-008177,21/07/2024,CUST-00349,cust-00349@lumenmail.com,Furniture,4,31.0,0.1,Paid Search,US,
ORD-009080,2024-12-06,CUST-02865,cust-02865@lumenmail.com,Outdoor,2,23.36,0.1,Organic,US,control
ORD-006554,07/11/2024,CUST-01067,cust-01067@lumenmail.com,Accessories,1,13.04,0.15,,US,
ORD-008040,2023-09-09,CUST-01674,cust-01674@lumenmail.com,Décor,-1,159.12,0.1,Paid Search,CA,
ORD-005018,2024-10-06,CUST-02494,cust-02494@lumenmail.com,Furniture,1,78.44,0.1,Paid Search,US,variant
ORD-009317,2024-05-12,CUST-01969,cust-01969@lumenmail.com,lighting,3,762.07,0.2,Email,US,control
ORD-000572,2024-11-01,CUST-00035,cust-00035@lumenmail.com,Lighting,4,138.07,0.2,Organic,US,control
ORD-008195,2024-02-29,CUST-02635,cust-02635@lumenmail.com,Accessories,3,26.67,0.1,Email,US,variant
ORD-006157,26/07/2024,CUST-00930,cust-00930@lumenmail.com,Accessoires,2,55.44,0.0,Paid Search,ZZ,variant
ORD-000632,2024-09-20,CUST-01225,cust-01225@lumenmail.com,Lighting,3,95.86,0.1,Organic,US,
ORD-004915,2023-12-25,CUST-02153,cust-02153@lumenmail.com,Lighting,4,72.07,0.0,Paid Search,US,control
ORD-007562,2023-12-22,CUST-01141,cust-01141@lumenmail.com,Furniture,4,41.71,0.0,Email,UK,control
ORD-003574,2023-09-14,CUST-01479,cust-01479@lumenmail.com,Décor,1,127.28,0.2,Email,US,
ORD-008978,2024-10-16,CUST-02660,cust-02660@lumenmail.com,Furniture,2,659.25,0.0,Paid Search,AU,control
ORD-003818,2023-10-12,CUST-00847,cust-00847@lumenmail.com,Furniture,1,358.99,0.0,Organic,US,variant
ORD-000828,2023-10-24,CUST-01947,cust-01947@lumenmail.com,Décor,1,148.68,0.1,Organic,US,variant
ORD-002970,2023-08-24,,guest@lumenmail.com,Lighting,2,710.37,0.1,Organic,US,
ORD-007125,12/10/2023,CUST-00624,cust-00624@lumenmail.com,Outdoor,3,81.54,0.05,Organic,US,
ORD-001527,2023-09-23,CUST-01312,cust-01312@lumenmail.com,Furniture,2,125.3,0.0,Social,CA,control
ORD-002608,2023-08-16,CUST-02283,cust-02283@lumenmail.com,Lighting,2,391.12,0.0,Paid Search,UK,variant
ORD-005518,30/09/2024,CUST-01061,cust-01061@lumenmail.com,Outdoor,4,270.34,0.15,Social,CA,
ORD-006916,2023-08-23,CUST-00396,cust-00396@lumenmail.com,Décor,3,725.82,0.0,Paid Search,ZZ,variant
ORD-002506,2023-06-20,,guest@lumenmail.com,Lighting,1,428.7,0.05,,US,
ORD-002743,2023-07-09,CUST-00821,cust-00821@lumenmail.com,Lighting,-1,95.49,5.0,Paid Search,US,control
ORD-007185,2024-03-02,CUST-01265,cust-01265@lumenmail.com,Outdoor,5,23.83,0.0,Social,US,
ORD-004035,2023-09-08,CUST-00150,cust-00150@lumenmail.com,Lighting,6,344.91,0.0,Email,ZZ,control
ORD-007058,2023-11-25,CUST-01815,cust-01815@lumenmail.com,Accessories,-2,36.62,0.0,Paid Search,US,variant
ORD-000705,2024-04-14,CUST-02014,cust-02014@lumenmail.com,Décor,1,270.66,0.0,Organic,US,
ORD-008436,2023-10-12,CUST-00876,cust-00876@lumenmail.com,Décor,1,97.7,0.0,Social,US,
ORD-005820,2024-09-30,CUST-00100,cust-00100@lumenmail.com,lighting,4,650.0,5.0,Organic,UK,control
ORD-000510,2023-08-26,CUST-02917,cust-02917@lumenmail.com,Lighting,1,331.0,0.05,Paid Search,US,
ORD-008533,2024-08-20,CUST-00745,cust-00745@lumenmail.com,Furniture,3,45.87,0.0,Paid Search,CA,control
ORD-007374,2024-05-11,CUST-01116,cust-01116@lumenmail.com,Lighting,3,35.0,0.05,Paid Search,US,
ORD-005230,2024-09-18,CUST-01367,cust-01367@lumenmail.com,Lighting,3,236.75,0.0,Organic,US,variant
ORD-005730,27/09/2023,CUST-02502,cust-02502@lumenmail.com,Décor,7,62.07,0.25,Social,CA,control
ORD-004110,2024-10-13,CUST-02362,cust-02362@lumenmail.com,Décor,2,168.81,0.05,Paid Search,CA,
ORD-009525,25/06/2023,CUST-01336,cust-01336@lumenmail.com,Furniture,2,47.72,0.0,Email,AU,variant
ORD-000414,2023-11-28,CUST-02337,cust-02337@lumenmail.com,Lighting,1,43.68,0.15,Organic,US,
ORD-009280,2024-05-07,CUST-01260,cust-01260@lumenmail.com,Décor,2,140.79,0.0,Organic,US,variant
ORD-007799,2024-01-26,CUST-01769,cust-01769@lumenmail.com,Lighting,1,27.3,0.0,Organic,US,
ORD-005175,2024-01-14,CUST-01984,cust-01984@lumenmail.com,Furniture,1,225.94,0.1,Organic,US,control
ORD-001478,2023-12-17,CUST-00046,cust-00046@lumenmail.com,Lighting,1,112.87,0.0,Paid Search,CA,
ORD-002391,28/09/2024,CUST-02122,cust-02122@lumenmail.com,Outdoor,1,97.27,0.2,Social,AU,variant
ORD-004506,2024-03-18,CUST-00912,cust-00912@lumenmail.com,Décor,1,671.86,0.1,Organic,US,control
ORD-001256,2024-08-10,CUST-02865,cust-02865@lumenmail.com,Outdoor,7,115.79,0.1,Paid Search,US,
ORD-008528,2024-01-17,CUST-02313,cust-02313@lumenmail.com,Lighting,5,100.68,0.1,Organic,AU,variant
ORD-004634,2024-12-27,CUST-01693,cust-01693@lumenmail.com,Furniture,1,51.49,0.0,Paid Search,CA,control
ORD-002824,2024-02-01,CUST-01321,cust-01321@lumenmail.com,Lighting,1,391.16,0.0,Social,UK,control
ORD-001804,2024-01-01,CUST-00255,cust-00255@lumenmail.com,Accessories,1,174.93,5.0,Email,UK,control
ORD-004380,2023-07-10,CUST-01811,cust-01811@lumenmail.com,Furniture,2,67.59,0.1,Paid Search,CA,
ORD-006402,2023-08-03,,guest@lumenmail.com,Décor,1,263.55,0.0,Paid Search,US,
ORD-003055,2023-07-24,CUST-00596,cust-00596@lumenmail.com,Outdoor,2,27.38,0.0,Paid Search,CA,control
ORD-002946,2024-05-16,CUST-02684,cust-02684@lumenmail.com,Furniture,1,155.77,0.1,Organic,US,
ORD-001867,2023-08-23,CUST-00689,cust-00689@lumenmail.com,Décor,3,179.16,0.0,Social,UK,variant
ORD-003682,2023-10-01,CUST-02443,cust-02443@lumenmail.com,Lighting,3,365.11,0.1,Paid Search,US,control
ORD-008239,14/10/2023,CUST-02025,cust-02025@lumenmail.com,Décor,4,37.65,0.05,Email,US,variant
ORD-008089,2024-07-31,CUST-00281,cust-00281@lumenmail.com,Décor,4,95.45,0.05,Organic,US,
ORD-001943,2023-08-02,CUST-00765,cust-00765@lumenmail.com,Décor,2,196.3,0.0,Email,US,variant
ORD-006771,06/07/2024,CUST-01641,cust-01641@lumenmail.com,Lighting,4,12.22,0.05,Paid Search,US,
ORD-004224,2024-05-17,CUST-01731,cust-01731@lumenmail.com,Lighting,1,586.49,0.15,Email,CA,control
ORD-002707,,CUST-02581,cust-02581@lumenmail.com,Lighting,2,82.84,0.0,Email,US,variant
ORD-004223,2024-02-14,CUST-00729,cust-00729@lumenmail.com,Outdoor,1,97.33,0.0,Social,US,variant
ORD-008382,13/06/2023,CUST-00292,cust-00292@lumenmail.com,Décor,1,38.14,0.05,,ZZ,control
ORD-008133,11/10/2024,CUST-02744,cust-02744@lumenmail.com,Furniture,5,33.03,0.0,Paid Search,US,control
ORD-002545,2023-10-25,CUST-01144,cust-01144@lumenmail.com,Décor,-1,22.48,5.0,Email,UK,control
ORD-002921,17/01/2024,CUST-00003,cust-00003@lumenmail.com,Lighting,1,101.15,0.0,Paid Search,US,variant
ORD-004566,2024-08-21,CUST-00240,cust-00240@lumenmail.com,Furniture,1,19.86,0.2,Social,US,variant
ORD-008689,2023-07-08,CUST-00445,cust-00445@lumenmail.com,Furniture,1,77.66,0.0,,UK,control
ORD-009260,2023-11-17,CUST-00657,cust-00657@lumenmail.com,Furniture,1,45.07,0.0,Paid Search,US,control
ORD-008901,27/10/2024,CUST-00826,cust-00826@lumenmail.com,Lighting,1,22.86,0.0,Paid Search,UK,control
ORD-003308,2023-12-03,CUST-02046,cust-02046@lumenmail.com,Lighting,1,49.71,15.0,Paid Search,US,control
ORD-001879,2024-05-05,CUST-00692,cust-00692@lumenmail.com,Outdoor,1,249.59,25.0,Organic,UK,
ORD-001337,07/12/2023,CUST-01654,cust-01654@lumenmail.com,Décor,4,576.07,0.05,Email,US,
ORD-003593,2023-07-14,CUST-02268,cust-02268@lumenmail.com,Décor,2,46.21,0.25,Email,US,control
ORD-006409,2023-07-09,CUST-00329,cust-00329@lumenmail.com,Accessories,2,324.4,0.0,Paid Search,US,variant
ORD-002795,2024-06-27,CUST-00836,cust-00836@lumenmail.com,Décor,1,18.82,0.0,Email,CA,
ORD-004030,2024-11-21,,guest@lumenmail.com,Furniture,1,303.23,0.05,Organic,US,control
ORD-000749,2023-08-27,CUST-01646,cust-01646@lumenmail.com,Lighting,1,41.95,0.15,Email,AU,variant
ORD-005855,2024-05-13,CUST-00007,cust-00007@lumenmail.com,Décor,4,46.14,0.15,Paid Search,CA,variant
ORD-008178,,CUST-00227,cust-00227@lumenmail.com,Décor,1,78.47,0.05,Social,CA,
ORD-001744,2024-08-19,CUST-00462,cust-00462@lumenmail.com,Lighting,2,24.97,0.2,Paid Search,US,control
ORD-004378,2024-12-21,CUST-02135,cust-02135@lumenmail.com,Furniture,1,387.74,0.05,Social,CA,variant
ORD-009210,2024-09-02,CUST-00571,cust-00571@lumenmail.com,Accessories,1,42.4,0.0,Organic,US,control
ORD-002923,01/01/2024,CUST-02219,cust-02219@lumenmail.com,Décor,1,300.39,0.0,Paid Search,UK,variant
ORD-007325,2024-01-16,CUST-02186,cust-02186@lumenmail.com,Lighting,5,28.25,0.1,Email,UK,
ORD-003006,2023-10-12,CUST-00502,cust-00502@lumenmail.com,Lighting,1,49.74,0.1,Organic,US,
ORD-003787,16/06/2024,CUST-00778,cust-00778@lumenmail.com,Décor,1,123.83,0.2,Organic,US,control
ORD-003631,2023-09-12,CUST-00523,cust-00523@lumenmail.com,Décor,5,116.26,0.25,Organic,AU,
ORD-008737,2024-12-14,CUST-02074,cust-02074@lumenmail.com,Lighting,2,775.72,0.0,Organic,ZZ,variant
ORD-007157,2023-11-29,CUST-01380,cust-01380@lumenmail.com,Décor,5,41.26,0.05,Paid Search,CA,control
ORD-001366,22/12/2023,CUST-02621,cust-02621@lumenmail.com,Furniture,6,5.89,0.0,Email,US,
ORD-007455,2023-12-29,CUST-02653,cust-02653@lumenmail.com,Lighting,2,21.36,0.0,Organic,US,control
ORD-007214,2024-09-01,CUST-00621,cust-00621@lumenmail.com,Furniture,2,16.72,0.05,Social,US,variant
ORD-006898,2023-09-28,CUST-00802,cust-00802@lumenmail.com,Décor,1,21.78,0.25,Email,UK,control
ORD-003223,2024-04-18,CUST-00815,cust-00815@lumenmail.com,Furniture,7,634.08,0.15,Organic,UK,variant
ORD-008501,2023-11-13,CUST-02856,cust-02856@lumenmail.com,Accessories,1,44.64,20.0,Email,CA,
ORD-000879,2024-02-10,,guest@lumenmail.com,Décor,2,19.49,0.05,Paid Search,US,control
ORD-005183,2024-11-19,CUST-01097,cust-01097@lumenmail.com,Décor,1,378.63,0.15,Organic,US,
ORD-002175,2024-05-01,CUST-02170,cust-02170@lumenmail.com,Outdoor,1,26.66,0.0,Paid Search,UK,
ORD-002115,2024-12-18,CUST-02730,cust-02730@lumenmail.com,Accessories,1,39.61,10.0,Organic,AU,
ORD-003370,2024-04-25,CUST-00061,cust-00061@lumenmail.com,Décor,2,33.97,0.0,Paid Search,US,variant
ORD-007706,2024-08-21,CUST-02322,cust-02322@lumenmail.com,Lighting,1,118.49,0.2,Paid Search,UK,
ORD-001006,2024-06-03,CUST-02210,cust-02210@lumenmail.com,Lighting,3,170.38,0.05,Organic,CA,
ORD-007652,2024-11-25,CUST-00920,cust-00920@lumenmail.com,Furniture,3,654.4,0.05,Social,US,variant
ORD-004182,2023-07-09,CUST-02742,cust-02742@lumenmail.com,Décor,-1,182.23,0.2,Organic,AU,
ORD-003163,2024-05-05,CUST-00265,cust-00265@lumenmail.com,Furniture,1,347.59,0.0,Email,US,
ORD-006247,2023-11-25,CUST-02454,cust-02454@lumenmail.com,Lighting,3,91.35,0.0,Email,US,variant
ORD-005749,2023-11-03,CUST-02690,cust-02690@lumenmail.com,Accessories,1,42.01,0.0,,CA,
ORD-006731,2024-06-20,CUST-00527,cust-00527@lumenmail.com,Lighting,5,81.5,0.25,Organic,US,
ORD-002821,2023-12-17,CUST-00817,cust-00817@lumenmail.com,Lighting,2,499.14,0.05,Email,AU,
ORD-008037,2023-10-28,CUST-01492,cust-01492@lumenmail.com,Lighting,1,671.13,0.0,Email,CA,
ORD-002370,30/07/2023,CUST-02201,cust-02201@lumenmail.com,Outdoor,1,164.0,0.0,Organic,US,control
ORD-006177,30/06/2023,CUST-01128,cust-01128@lumenmail.com,Lighting,1,139.14,0.15,Email,ZZ,control
ORD-002941,2023-07-31,CUST-00076,cust-00076@lumenmail.com,Décor,1,524.49,0.05,Paid Search,US,
ORD-000496,2024-10-05,CUST-01515,cust-01515@lumenmail.com,Outdoor,2,692.18,0.05,Email,US,control
ORD-007358,2024-04-26,CUST-01721,cust-01721@lumenmail.com,Lighting,4,21.96,0.0,Email,US,
ORD-002808,2023-06-07,CUST-02747,cust-02747@lumenmail.com,lighting,1,49.26,0.1,Paid Search,US,control
ORD-009311,2024-01-15,CUST-01430,cust-01430@lumenmail.com,Outdoor,1,41.61,0.0,Paid Search,ZZ,variant
ORD-000109,2024-06-02,CUST-00490,cust-00490@lumenmail.com,Accessories,-1,607.37,0.05,Organic,US,
ORD-001043,2024-11-19,CUST-02326,cust-02326@lumenmail.com,Décor,1,75.61,0.1,Email,US,
ORD-008573,14/08/2024,CUST-02711,cust-02711@lumenmail.com,Lighting,4,35.37,0.0,Social,US,
ORD-000513,2023-06-17,CUST-00309,cust-00309@lumenmail.com,Accessories,1,56.76,0.05,Organic,US,control
ORD-005136,2024-09-26,CUST-01707,cust-01707@lumenmail.com,Lighting,2,22.99,0.0,Email,ZZ,variant
ORD-005743,2023-10-12,CUST-02331,cust-02331@lumenmail.com,Lighting,1,125.54,0.0,Paid Search,US,
ORD-002934,2023-08-29,,guest@lumenmail.com,Lighting,4,90.72,0.0,Paid Search,US,
ORD-003120,2024-01-20,,guest@lumenmail.com,Lighting,1,149.96,0.0,Organic,US,control
ORD-007814,2024-02-14,CUST-01679,cust-01679@lumenmail.com,Décor,2,505.44,0.0,Paid Search,CA,control
ORD-003444,2024-07-22,CUST-02152,cust-02152@lumenmail.com,Lighting,1,137.35,0.1,Social,US,
ORD-009392,2023-10-06,CUST-02693,cust-02693@lumenmail.com,Lighting,5,97.98,0.0,Organic,US,
ORD-005849,28/11/2023,CUST-02483,cust-02483@lumenmail.com,Lighting,1,7.5,0.0,Paid Search,CA,
ORD-002804,2023-11-22,CUST-00845,cust-00845@lumenmail.com,Décor,5,53.47,0.15,Organic,CA,variant
ORD-008757,2024-10-02,CUST-02939,cust-02939@lumenmail.com,Furniture,4,75.6,0.0,Paid Search,US,variant
ORD-003449,2024-08-29,CUST-00740,cust-00740@lumenmail.com,Accessories,-1,84.67,0.0,Organic,US,control
ORD-001187,26/05/2024,CUST-01392,cust-01392@lumenmail.com,Décor,3,44.5,0.0,Paid Search,CA,
ORD-001742,2023-11-14,CUST-01253,cust-01253@lumenmail.com,Décor,1,113.09,0.0,Email,CA,variant
ORD-008459,2023-11-29,CUST-01181,cust-01181@lumenmail.com,Décor,2,52.22,5.0,Social,CA,control
ORD-009064,2023-08-29,CUST-02029,cust-02029@lumenmail.com,Lighting,2,35.83,0.05,Organic,US,control
ORD-004832,2024-08-27,CUST-02213,cust-02213@lumenmail.com,Lighting,1,32.57,0.0,Social,ZZ,
ORD-006511,2023-08-20,CUST-01235,cust-01235@lumenmail.com,Décor,1,277.85,0.05,Paid Search,US,
ORD-006938,06/05/2024,CUST-01482,cust-01482@lumenmail.com,Outdoor,1,208.49,0.0,Paid Search,ZZ,
ORD-002501,2023-06-25,CUST-01155,cust-01155@lumenmail.com,Furniture,1,311.42,5.0,Organic,US,control
ORD-003479,2023-06-15,CUST-02706,cust-02706@lumenmail.com,Furniture,4,70.68,0.0,Organic,US,control
ORD-002759,2024-11-15,CUST-00180,cust-00180@lumenmail.com,Furniture,7,744.96,0.1,Paid Search,US,
ORD-002656,27/02/2024,CUST-00509,cust-00509@lumenmail.com,Furniture,1,10.99,0.0,Email,UK,variant
ORD-007684,24/03/2024,CUST-01540,cust-01540@lumenmail.com,Lighting,3,77.59,0.0,,UK,control
ORD-005059,2024-06-13,CUST-02753,cust-02753@lumenmail.com,Accessories,2,92.16,20.0,Organic,US,variant
ORD-002536,2023-09-16,,guest@lumenmail.com,Décor,1,91.78,0.2,Paid Search,US,variant
ORD-006092,22/03/2024,CUST-00717,cust-00717@lumenmail.com,Lighting,1,119.23,0.0,Paid Search,ZZ,
ORD-006676,2024-03-23,CUST-00063,cust-00063@lumenmail.com,Accessories,1,6.94,0.15,Paid Search,US,control
ORD-002642,2023-12-10,,guest@lumenmail.com,Outdoor,1,387.48,0.2,Paid Search,US,control
ORD-007400,2024-04-04,CUST-02725,cust-02725@lumenmail.com,Lightng,3,61.09,0.1,Email,US,
ORD-007068,2023-10-23,CUST-02343,cust-02343@lumenmail.com,Décor,1,66.99,0.0,,US,
ORD-008352,2024-01-27,CUST-00347,cust-00347@lumenmail.com,Lighting,5,174.33,0.05,Email,CA,
ORD-004972,28/03/2024,CUST-01735,cust-01735@lumenmail.com,Furniture,1,179.47,0.0,Organic,US,
ORD-005630,2024-08-20,CUST-00759,cust-00759@lumenmail.com,Furniture,4,98.28,0.25,Organic,US,
ORD-002498,2024-08-10,CUST-00533,cust-00533@lumenmail.com,Furniture,5,142.25,0.0,,US,variant
ORD-009105,2023-10-30,CUST-02514,cust-02514@lumenmail.com,Décor,3,22.84,0.05,Organic,US,
ORD-007551,2024-09-01,CUST-01255,cust-01255@lumenmail.com,Lighting,3,121.04,0.0,Paid Search,US,variant
ORD-000772,30/11/2023,CUST-00650,cust-00650@lumenmail.com,Outdoor,2,57.46,0.05,Email,US,control
ORD-009453,2023-12-04,CUST-00279,cust-00279@lumenmail.com,Lighting,2,17.33,0.1,Social,CA,
ORD-007854,2024-06-13,CUST-01296,cust-01296@lumenmail.com,Accessories,1,140.19,0.0,Email,US,variant
ORD-000645,2024-07-01,CUST-01649,cust-01649@lumenmail.com,lighting,1,327.31,0.05,Social,US,control
ORD-002520,2024-12-09,CUST-01333,cust-01333@lumenmail.com,Furniture,6,77.6,25.0,Paid Search,US,control
ORD-005245,2023-10-25,CUST-02660,cust-02660@lumenmail.com,Lighting,5,282.99,0.0,Social,US,variant
ORD-000702,2024-04-18,CUST-01106,cust-01106@lumenmail.com,Décor,1,643.8,0.0,Paid Search,US,variant
ORD-005420,2023-09-08,CUST-02518,cust-02518@lumenmail.com,Décor,7,621.9,0.0,Organic,CA,
ORD-002742,2024-06-22,,guest@lumenmail.com,Lighting,-1,143.43,0.0,Email,US,control
ORD-005029,2023-10-15,CUST-00272,cust-00272@lumenmail.com,Accessories,2,61.75,0.0,Organic,US,variant
ORD-003209,2024-01-09,CUST-01317,cust-01317@lumenmail.com,Furniture,1,42.8,5.0,Email,CA,
ORD-000672,2024-12-07,CUST-00322,cust-00322@lumenmail.com,Accessories,1,41.11,0.0,Email,CA,control
ORD-000897,2024-06-29,CUST-02894,cust-02894@lumenmail.com,Lighting,2,41.45,0.0,Organic,US,variant
ORD-002060,2023-11-08,CUST-01031,cust-01031@lumenmail.com,Outdoor,3,65.52,0.25,Email,US,
ORD-004000,2023-06-07,CUST-00360,cust-00360@lumenmail.com,Lighting,1,41.7,0.05,Paid Search,US,
ORD-007057,2023-08-04,CUST-02079,cust-02079@lumenmail.com,Lighting,1,149.84,0.0,Email,US,variant
ORD-004626,2023-12-01,CUST-02510,cust-02510@lumenmail.com,Outdoor,2,192.82,0.0,Paid Search,US,
ORD-002600,2024-08-03,CUST-00014,cust-00014@lumenmail.com,Furniture,2,100.39,0.0,Organic,US,variant
ORD-008121,2023-07-28,,guest@lumenmail.com,Furniture,2,339.83,0.15,Organic,US,
ORD-000895,2024-11-09,CUST-02797,cust-02797@lumenmail.com,Lighting,4,86.37,5.0,Paid Search,US,variant
ORD-005405,2023-08-05,CUST-01815,cust-01815@lumenmail.com,Accessories,2,16.91,0.05,Organic,US,
ORD-004680,2024-12-18,CUST-01415,cust-01415@lumenmail.com,Lighting,1,84.66,10.0,Paid Search,US,
ORD-007175,29/08/2023,CUST-00926,cust-00926@lumenmail.com,Décor,7,77.85,0.0,Email,US,variant
ORD-005409,2024-08-28,CUST-01187,cust-01187@lumenmail.com,Lighting,7,181.04,0.1,Email,US,variant
ORD-008601,,CUST-00965,cust-00965@lumenmail.com,Décor,4,81.03,0.0,Email,US,variant
ORD-000416,2024-02-04,CUST-02975,cust-02975@lumenmail.com,Lighting,1,111.98,0.1,Paid Search,UK,
ORD-005284,2024-01-01,CUST-01298,cust-01298@lumenmail.com,Décor,2,87.04,0.0,Social,UK,
ORD-002193,2023-12-05,CUST-01105,cust-01105@lumenmail.com,Outdoor,1,23.89,0.0,Social,UK,variant
ORD-005512,2023-11-13,CUST-02645,cust-02645@lumenmail.com,Furniture,1,9.05,0.1,Organic,US,control
ORD-006363,2023-08-02,CUST-00637,cust-00637@lumenmail.com,Outdoor,1,39.0,0.05,Email,US,control
ORD-005618,2024-10-13,CUST-00133,cust-00133@lumenmail.com,Furniture,1,64.22,0.0,Organic,UK,
ORD-006788,2024-01-12,CUST-01143,cust-01143@lumenmail.com,Lighting,3,105.69,0.0,Social,AU,control
ORD-004330,2024-09-09,CUST-01384,cust-01384@lumenmail.com,Furniture,1,51.26,0.0,Paid Search,US,
ORD-008215,2024-08-10,CUST-00804,cust-00804@lumenmail.com,Furniture,1,422.77,0.0,Organic,CA,
ORD-007654,2023-08-07,CUST-00822,cust-00822@lumenmail.com,Furniture,1,45.21,0.0,Social,US,control
ORD-004673,2024-07-27,CUST-00866,cust-00866@lumenmail.com,Lighting,1,199.53,0.0,Email,US,variant
ORD-002879,,CUST-01358,cust-01358@lumenmail.com,Lighting,1,394.85,0.0,Organic,US,variant
ORD-005612,2024-01-07,CUST-02628,cust-02628@lumenmail.com,Décor,2,88.19,0.0,Paid Search,US,control
ORD-001308,2024-04-27,CUST-01923,cust-01923@lumenmail.com,Lighting,2,751.07,0.0,Paid Search,CA,control
ORD-007450,2024-02-23,CUST-00533,cust-00533@lumenmail.com,Accessories,2,61.16,0.1,,US,variant
ORD-005781,20/10/2023,CUST-00130,cust-00130@lumenmail.com,Lighting,2,37.13,0.25,Social,US,variant
ORD-009025,2023-07-02,CUST-01089,cust-01089@lumenmail.com,Outdoor,2,40.31,0.0,Email,UK,control
ORD-007193,2023-06-30,CUST-01270,cust-01270@lumenmail.com,Outdoor,1,20.27,0.25,Paid Search,US,
ORD-008293,2023-09-02,CUST-00921,cust-00921@lumenmail.com,Décor,3,60.0,0.0,Organic,US,variant
ORD-008323,2023-12-29,CUST-00265,cust-00265@lumenmail.com,Furniture,4,413.02,0.1,Email,ZZ,variant
ORD-001633,2023-10-18,CUST-01087,cust-01087@lumenmail.com,Lighting,3,33.11,0.0,Social,US,
ORD-000934,2024-01-31,CUST-00618,cust-00618@lumenmail.com,Outdoor,1,17.54,0.0,Paid Search,UK,
ORD-009496,2024-03-02,CUST-00932,cust-00932@lumenmail.com,Outdoor,2,119.17,0.1,Organic,CA,variant
ORD-001172,2024-01-06,CUST-00048,cust-00048@lumenmail.com,Décor,1,68.18,0.0,Email,AU,
ORD-007222,2024-11-02,CUST-00846,cust-00846@lumenmail.com,Accessories,1,168.85,0.1,Organic,US,control
ORD-000569,2024-07-22,CUST-01192,cust-01192@lumenmail.com,Furniture,1,154.32,0.0,Social,US,
ORD-008384,2023-09-21,CUST-01957,cust-01957@lumenmail.com,Lighting,3,25.69,0.0,Paid Search,US,control
ORD-006608,2024-12-09,CUST-01046,cust-01046@lumenmail.com,Furniture,2,381.72,0.05,Paid Search,AU,
ORD-007402,2023-10-12,CUST-01226,cust-01226@lumenmail.com,Outdoor,2,172.33,0.0,Paid Search,US,
ORD-003996,2024-03-10,,guest@lumenmail.com,Décor,1,379.11,5.0,Organic,US,control
ORD-005538,27/12/2024,CUST-01909,cust-01909@lumenmail.com,Furniture,1,318.49,0.05,Paid Search,US,control
ORD-007507,2023-11-08,CUST-02369,cust-02369@lumenmail.com,Outdoor,6,59.3,0.0,Paid Search,US,
ORD-005853,2024-02-21,CUST-00878,cust-00878@lumenmail.com,Furniture,2,22.07,0.05,Paid Search,US,control
ORD-007614,2024-02-17,CUST-02526,cust-02526@lumenmail.com,Décor,1,136.48,10.0,Email,US,variant
ORD-004019,15/06/2024,CUST-00972,cust-00972@lumenmail.com,Décor,3,93.07,0.25,Organic,CA,
ORD-008268,2024-04-24,CUST-01864,cust-01864@lumenmail.com,Décor,1,178.41,0.1,Email,US,variant
ORD-001017,2023-12-29,CUST-02744,cust-02744@lumenmail.com,Lightng,6,132.35,0.05,Paid Search,ZZ,
ORD-009400,09/04/2024,CUST-00769,cust-00769@lumenmail.com,Furniture,2,81.52,10.0,Paid Search,AU,
ORD-004070,2024-05-03,CUST-00991,cust-00991@lumenmail.com,Décor,1,89.7,0.0,Paid Search,US,
ORD-009549,13/07/2023,CUST-02243,cust-02243@lumenmail.com,Décor,3,108.08,0.0,Paid Search,US,
ORD-000868,29/12/2024,CUST-02387,cust-02387@lumenmail.com,Décor,1,78.46,0.0,Email,US,control
ORD-002657,2023-11-21,CUST-01646,cust-01646@lumenmail.com,Décor,2,6.57,0.0,Social,US,
ORD-006514,,CUST-02982,cust-02982@lumenmail.com,Accessoires,1,64.48,0.0,Email,US,
ORD-006263,2024-08-07,,guest@lumenmail.com,Outdoor,2,96.12,0.1,Organic,CA,
ORD-002775,2023-07-17,CUST-02136,cust-02136@lumenmail.com,Décor,5,71.14,0.1,Paid Search,US,control
ORD-009243,2024-05-08,CUST-01708,cust-01708@lumenmail.com,Furniture,1,382.99,0.2,Paid Search,US,
ORD-008280,2023-10-03,CUST-00432,cust-00432@lumenmail.com,Lighting,3,175.28,0.1,Organic,US,control
ORD-006758,2023-06-15,CUST-01224,cust-01224@lumenmail.com,Accessories,2,62.79,0.05,Paid Search,US,control
ORD-007368,2023-09-17,CUST-00766,cust-00766@lumenmail.com,Lighting,4,43.33,0.15,Email,US,
ORD-009346,2024-01-09,CUST-01448,cust-01448@lumenmail.com,Lighting,1,188.53,0.05,Social,US,variant
ORD-008810,2023-08-15,CUST-00514,cust-00514@lumenmail.com,Lighting,2,155.06,0.0,Email,US,variant
ORD-008420,2024-07-10,CUST-00417,cust-00417@lumenmail.com,Outdoor,2,13.71,0.1,Organic,US,
ORD-002379,2024-05-31,CUST-00410,cust-00410@lumenmail.com,Lighting,2,157.3,0.0,Paid Search,US,control
ORD-000859,2024-06-25,,guest@lumenmail.com,Décor,1,54.68,0.0,Paid Search,US,
ORD-007973,2024-09-06,CUST-00356,cust-00356@lumenmail.com,Lighting,2,37.79,10.0,Email,US,
ORD-009020,2023-08-17,CUST-01311,cust-01311@lumenmail.com,Lighting,2,73.02,0.25,Paid Search,US,control
ORD-003882,2023-11-08,CUST-02062,cust-02062@lumenmail.com,Lighting,1,77.3,0.05,Email,UK,variant
ORD-000319,2023-12-01,,guest@lumenmail.com,Furniture,3,90.95,0.0,Organic,US,variant
ORD-006283,24/07/2023,CUST-00533,cust-00533@lumenmail.com,Décor,1,86.69,5.0,Organic,CA,control
ORD-009402,2024-09-19,CUST-01107,cust-01107@lumenmail.com,Lighting,1,10.24,0.0,Organic,US,variant
ORD-003538,2024-12-17,CUST-02912,cust-02912@lumenmail.com,Lighting,1,82.8,0.0,,US,
ORD-003962,2024-01-30,CUST-00625,cust-00625@lumenmail.com,Lighting,1,125.62,0.1,,ZZ,variant
ORD-007401,2023-11-04,CUST-00871,cust-00871@lumenmail.com,Outdoor,-5,504.38,0.0,Social,US,variant
ORD-000634,2023-09-09,CUST-01680,cust-01680@lumenmail.com,Lighting,2,27.21,0.0,Paid Search,US,variant
ORD-007776,2024-07-08,CUST-01590,cust-01590@lumenmail.com,Lighting,1,26.37,5.0,Email,US,control
ORD-000209,2024-12-15,CUST-01010,cust-01010@lumenmail.com,Furniture,1,23.61,0.05,Email,CA,
ORD-000275,02/09/2024,CUST-01556,cust-01556@lumenmail.com,Lighting,3,82.9,0.05,Email,US,
ORD-000008,2023-07-12,CUST-00027,cust-00027@lumenmail.com,Lighting,2,286.11,0.05,Social,US,
ORD-007599,2023-09-06,CUST-01689,cust-01689@lumenmail.com,Furniture,2,120.69,0.05,Email,US,variant
ORD-000157,2023-08-15,,guest@lumenmail.com,Lighting,1,244.37,0.2,Email,CA,variant
ORD-002494,31/01/2024,CUST-00867,cust-00867@lumenmail.com,Lighting,2,78.84,0.2,Paid Search,US,control
ORD-004717,2024-06-01,CUST-02305,cust-02305@lumenmail.com,Outdoor,1,74.09,0.0,Organic,UK,control
ORD-005163,2023-08-29,CUST-01518,cust-01518@lumenmail.com,Outdoor,1,71.66,20.0,Organic,US,variant
ORD-004028,08/11/2023,CUST-00894,cust-00894@lumenmail.com,Décor,3,238.36,0.1,Paid Search,US,control
ORD-009154,2024-12-15,CUST-02282,cust-02282@lumenmail.com,lighting,2,98.97,0.0,Organic,US,
ORD-007328,2024-12-15,CUST-02878,cust-02878@lumenmail.com,Furniture,1,137.67,0.0,Email,US,control
ORD-005884,2023-11-13,CUST-01443,cust-01443@lumenmail.com,Lighting,2,369.43,0.05,Social,US,
ORD-008210,2024-05-25,CUST-01609,cust-01609@lumenmail.com,Lighting,2,20.58,0.05,Paid Search,US,variant
ORD-008101,2023-10-06,,guest@lumenmail.com,Décor,2,93.14,0.0,,CA,control
ORD-000039,2024-12-25,CUST-00074,cust-00074@lumenmail.com,Lighting,1,68.2,0.0,Email,UK,control
ORD-001998,21/12/2023,CUST-01824,cust-01824@lumenmail.com,Furniture,1,151.45,0.0,Paid Search,US,
ORD-000056,2024-12-12,CUST-02905,cust-02905@lumenmail.com,Lighting,2,43.14,0.0,Paid Search,US,
ORD-007270,23/06/2024,CUST-02651,cust-02651@lumenmail.com,Lighting,1,53.99,0.0,Paid Search,US,
ORD-005682,2024-04-04,CUST-00785,cust-00785@lumenmail.com,Lighting,2,165.19,0.0,Email,US,
ORD-005491,2024-11-20,CUST-02508,cust-02508@lumenmail.com,Lighting,2,257.65,0.15,Organic,US,
ORD-001150,2023-10-16,CUST-00993,cust-00993@lumenmail.com,Lighting,2,34.91,0.0,Paid Search,US,variant
ORD-007151,08/06/2024,CUST-00938,cust-00938@lumenmail.com,Lighting,1,689.46,0.0,Email,US,variant
ORD-004729,2024-09-30,CUST-01075,cust-01075@lumenmail.com,Lighting,3,216.11,0.0,Paid Search,CA,variant
ORD-005627,2023-11-10,CUST-01964,cust-01964@lumenmail.com,Furniture,4,7.8,0.0,Paid Search,US,variant
ORD-008217,2024-12-19,CUST-02722,cust-02722@lumenmail.com,Outdoor,2,682.5,0.05,Organic,US,
ORD-004603,2023-09-26,CUST-01906,cust-01906@lumenmail.com,Lighting,2,209.47,0.15,Email,US,
ORD-006491,20/10/2024,CUST-01718,cust-01718@lumenmail.com,Décor,4,21.46,0.0,Paid Search,CA,
ORD-004562,24/04/2024,CUST-00678,cust-00678@lumenmail.com,Lighting,1,61.5,0.05,Email,UK,variant
ORD-001415,2023-09-25,,guest@lumenmail.com,Lighting,1,695.94,0.2,Social,US,
ORD-000831,2024-03-29,CUST-01891,cust-01891@lumenmail.com,Décor,2,733.24,0.0,Paid Search,UK,
ORD-008087,2024-08-08,CUST-00838,cust-00838@lumenmail.com,Furniture,2,158.6,0.2,Organic,UK,
ORD-006515,2024-10-16,CUST-01515,cust-01515@lumenmail.com,Furniture,3,20.73,0.05,Email,CA,
ORD-005685,2023-07-09,CUST-00145,cust-00145@lumenmail.com,Outdoor,4,35.72,0.0,Email,US,
ORD-000954,2023-09-16,CUST-00513,cust-00513@lumenmail.com,Lighting,2,18.37,0.0,Organic,US,
ORD-005748,2023-08-13,CUST-01236,cust-01236@lumenmail.com,Furniture,2,33.36,0.1,Email,UK,control
ORD-005545,2023-09-26,CUST-01027,cust-01027@lumenmail.com,Furniture,1,92.94,0.1,Email,UK,control
ORD-000320,2024-08-22,CUST-01526,cust-01526@lumenmail.com,Furniture,7,81.25,0.2,Social,ZZ,
ORD-007751,2023-07-20,CUST-02287,cust-02287@lumenmail.com,Furniture,1,68.7,0.0,Social,US,
ORD-008852,2024-10-15,CUST-00533,cust-00533@lumenmail.com,Lighting,-1,181.7,0.0,Email,US,
ORD-001729,2024-10-27,CUST-01409,cust-01409@lumenmail.com,Décor,2,6.9,0.2,Social,US,control
ORD-002369,2024-11-05,CUST-00350,cust-00350@lumenmail.com,Accessories,2,586.62,0.1,Paid Search,US,control
ORD-003994,06/11/2023,CUST-00409,cust-00409@lumenmail.com,Outdoor,1,33.42,0.05,Organic,US,control
ORD-006451,2023-12-23,CUST-02010,cust-02010@lumenmail.com,Lighting,1,88.91,0.0,Email,CA,
ORD-002293,2024-11-15,CUST-02330,cust-02330@lumenmail.com,Outdoor,1,25.19,0.15,Paid Search,CA,
ORD-007038,2024-12-24,CUST-01133,cust-01133@lumenmail.com,Décor,1,272.34,0.1,Paid Search,UK,control
ORD-009470,2024-10-27,CUST-02077,cust-02077@lumenmail.com,Décor,6,105.09,0.0,Email,US,
ORD-008107,11/04/2024,CUST-00065,cust-00065@lumenmail.com,Décor,5,44.92,0.15,Paid Search,CA,control
ORD-007452,2024-04-22,CUST-01882,cust-01882@lumenmail.com,Outdoor,3,30.13,0.0,,US,
ORD-000466,2024-01-04,,guest@lumenmail.com,Outdoor,4,21.33,5.0,Paid Search,US,
ORD-005027,2024-10-10,CUST-00902,cust-00902@lumenmail.com,Lighting,1,106.95,0.0,Email,US,control
ORD-008780,2024-03-21,CUST-02712,cust-02712@lumenmail.com,Lighting,2,309.46,0.0,Email,US,variant
ORD-002996,2023-08-02,CUST-02982,cust-02982@lumenmail.com,Décor,1,674.36,0.05,Paid Search,UK,control
ORD-003739,2023-06-05,CUST-01400,cust-01400@lumenmail.com,Décor,1,45.94,0.2,Paid Search,US,
ORD-003031,2023-06-21,CUST-02306,cust-02306@lumenmail.com,Furniture,1,49.25,0.1,Organic,US,
ORD-002489,2024-08-17,,guest@lumenmail.com,Décor,1,88.4,20.0,Email,US,
ORD-002224,2024-03-09,CUST-01361,cust-01361@lumenmail.com,Décor,4,169.22,0.0,Email,UK,control
ORD-007568,2023-12-11,CUST-01664,cust-01664@lumenmail.com,Décor,2,96.12,0.1,Paid Search,US,variant
ORD-004992,2023-12-10,CUST-01669,cust-01669@lumenmail.com,Décor,1,326.63,0.05,Email,US,
ORD-006695,2023-10-09,CUST-00103,cust-00103@lumenmail.com,Furniture,1,112.57,10.0,Paid Search,US,
ORD-005128,19/01/2024,CUST-01069,cust-01069@lumenmail.com,Lighting,1,164.15,0.1,Organic,UK,control
ORD-002596,2024-10-26,CUST-00817,cust-00817@lumenmail.com,Lighting,2,254.28,0.0,Organic,US,control
ORD-009112,2024-06-12,CUST-02246,cust-02246@lumenmail.com,Furniture,7,49.3,0.2,Email,ZZ,control
ORD-008414,2023-12-01,,guest@lumenmail.com,Décor,1,28.84,0.2,Organic,UK,
ORD-001645,2024-05-20,CUST-00528,cust-00528@lumenmail.com,Décor,1,292.21,0.0,Email,US,variant
ORD-005801,2023-12-30,CUST-00160,cust-00160@lumenmail.com,Lighting,1,59.82,0.0,Email,AU,
ORD-006083,2023-10-15,CUST-01968,cust-01968@lumenmail.com,Lighting,2,382.16,0.05,Social,US,
ORD-002247,2023-10-20,CUST-00579,cust-00579@lumenmail.com,Décor,2,161.09,0.05,Organic,CA,
ORD-007923,2023-06-11,CUST-02838,cust-02838@lumenmail.com,Lighting,2,35.95,0.2,Email,CA,
ORD-000355,2024-12-02,CUST-01637,cust-01637@lumenmail.com,Furniture,2,91.45,20.0,Organic,US,
ORD-006540,2024-02-01,CUST-01222,cust-01222@lumenmail.com,Furniture,3,5.6,0.0,Organic,US,
ORD-007001,2023-12-16,CUST-00921,cust-00921@lumenmail.com,Lighting,2,331.83,0.0,Email,US,variant
ORD-008673,2023-12-26,CUST-00552,cust-00552@lumenmail.com,Lightng,2,6.32,0.1,Organic,US,variant
ORD-008045,2023-12-07,CUST-02360,cust-02360@lumenmail.com,Furniture,3,87.66,0.0,Social,US,control
ORD-007865,2024-03-09,CUST-02687,cust-02687@lumenmail.com,Furniture,1,20.09,0.05,Organic,US,
ORD-004528,2024-08-27,CUST-01631,cust-01631@lumenmail.com,Furniture,4,124.02,0.05,Email,US,variant
ORD-001894,2023-12-27,CUST-01678,cust-01678@lumenmail.com,Furniture,1,80.89,0.0,Email,UK,
ORD-003399,2024-05-17,CUST-02194,cust-02194@lumenmail.com,Outdoor,5,38.71,0.0,Organic,US,control
ORD-009273,2024-07-16,CUST-00027,cust-00027@lumenmail.com,Lighting,2,283.99,0.2,Email,US,control
ORD-005301,2024-12-18,CUST-00093,cust-00093@lumenmail.com,Lighting,1,23.59,0.25,Organic,US,control
ORD-004869,10/10/2023,CUST-01137,cust-01137@lumenmail.com,Décor,1,79.68,0.2,Social,AU,
ORD-004990,2023-10-10,CUST-01899,cust-01899@lumenmail.com,Décor,-5,61.61,0.0,Email,US,variant
ORD-004155,16/08/2024,,guest@lumenmail.com,Outdoor,2,82.73,0.0,Paid Search,US,
ORD-008768,2024-07-09,CUST-01673,cust-01673@lumenmail.com,Accessories,2,95.97,0.0,Paid Search,ZZ,
ORD-005049,2024-04-27,CUST-01730,cust-01730@lumenmail.com,Lighting,-1,174.15,0.05,Organic,UK,control
ORD-005117,2024-10-24,CUST-00464,cust-00464@lumenmail.com,Lighting,2,149.8,0.15,Paid Search,US,variant
ORD-004036,2024-12-09,CUST-00366,cust-00366@lumenmail.com,Décor,1,37.82,0.2,Organic,UK,control
ORD-004189,2024-11-27,CUST-01614,cust-01614@lumenmail.com,Lighting,2,33.67,0.1,Email,US,variant
ORD-001404,28/06/2023,CUST-00720,cust-00720@lumenmail.com,Lighting,3,224.87,0.0,Email,UK,
ORD-008955,,CUST-01029,cust-01029@lumenmail.com,Furniture,2,6.03,0.15,Social,US,control
ORD-001648,2024-02-10,CUST-00310,cust-00310@lumenmail.com,Outdoor,1,45.32,0.05,Social,UK,variant
ORD-005881,2024-03-19,CUST-02319,cust-02319@lumenmail.com,Furniture,3,13.07,0.0,Email,US,
ORD-000644,2023-12-31,CUST-01252,cust-01252@lumenmail.com,Outdoor,-2,46.22,15.0,Paid Search,UK,variant
ORD-007626,2024-12-14,CUST-01254,cust-01254@lumenmail.com,Lighting,5,7.72,0.0,Paid Search,AU,variant
ORD-006532,2024-10-01,CUST-02991,cust-02991@lumenmail.com,Outdoor,1,744.7,0.05,Organic,US,variant
ORD-006746,2024-04-05,CUST-00990,cust-00990@lumenmail.com,Décor,-4,33.63,0.0,Paid Search,US,
ORD-003840,2024-02-08,CUST-02425,cust-02425@lumenmail.com,Furniture,1,90.5,0.05,Social,US,
ORD-006449,2024-12-15,CUST-00437,cust-00437@lumenmail.com,Accessories,5,26.98,0.15,Email,US,
ORD-004930,2023-11-23,CUST-01362,cust-01362@lumenmail.com,Furniture,2,38.67,0.15,Social,UK,control
ORD-009193,2023-11-29,CUST-02110,cust-02110@lumenmail.com,Lightng,2,514.32,0.0,Paid Search,CA,
ORD-000215,2024-08-10,CUST-00305,cust-00305@lumenmail.com,Furniture,2,42.22,0.05,,US,control
ORD-004111,2023-10-10,CUST-00850,cust-00850@lumenmail.com,Furniture,-2,258.92,0.0,Email,AU,
ORD-002963,2024-12-30,CUST-02119,cust-02119@lumenmail.com,Décor,3,438.48,0.25,Social,US,control
ORD-007534,2023-08-27,CUST-00117,cust-00117@lumenmail.com,Décor,1,15.62,10.0,Email,ZZ,
ORD-003826,2024-08-05,CUST-02721,cust-02721@lumenmail.com,Furniture,4,28.29,0.2,Email,US,variant
ORD-003102,2024-06-16,CUST-00042,cust-00042@lumenmail.com,Lighting,2,39.14,25.0,Email,ZZ,
ORD-004722,2024-04-29,CUST-01136,cust-01136@lumenmail.com,Lightng,2,65.46,0.0,Email,ZZ,
ORD-000597,2024-03-12,,guest@lumenmail.com,Lighting,-1,15.38,5.0,Email,US,
ORD-001037,12/06/2023,CUST-00273,cust-00273@lumenmail.com,Furniture,1,10.54,0.0,Organic,US,control
ORD-003704,2023-12-28,CUST-01740,cust-01740@lumenmail.com,Accessories,4,45.36,20.0,Paid Search,UK,
ORD-008415,04/10/2023,CUST-02935,cust-02935@lumenmail.com,Décor,1,66.76,0.25,Paid Search,CA,
ORD-009474,2024-12-18,CUST-00359,cust-00359@lumenmail.com,Lighting,5,95.42,0.0,Paid Search,US,
ORD-002319,05/12/2024,CUST-00173,cust-00173@lumenmail.com,Accessories,2,95.38,0.0,Organic,UK,control
ORD-007666,2023-09-15,,guest@lumenmail.com,Décor,5,67.05,0.05,Email,US,control
ORD-005945,2023-11-13,CUST-00442,cust-00442@lumenmail.com,Lighting,-1,6.87,0.05,Email,US,variant
ORD-007437,2024-10-11,CUST-02407,cust-02407@lumenmail.com,Furniture,2,484.35,10.0,Organic,CA,
ORD-001295,10/10/2023,CUST-02220,cust-02220@lumenmail.com,Lighting,-1,541.84,0.0,,UK,variant
ORD-007461,2024-05-27,CUST-01214,cust-01214@lumenmail.com,Décor,2,24.06,0.0,Paid Search,US,
ORD-005941,2024-09-26,CUST-01404,cust-01404@lumenmail.com,Furniture,1,93.15,15.0,Organic,CA,
ORD-001252,2024-10-24,CUST-01876,cust-01876@lumenmail.com,Furniture,1,452.53,0.1,Email,US,
ORD-000893,2023-11-28,CUST-02724,cust-02724@lumenmail.com,Accessories,1,271.78,10.0,Email,UK,variant
ORD-007809,01/11/2024,CUST-01169,cust-01169@lumenmail.com,Furniture,2,33.64,0.05,Email,US,variant
ORD-000710,2024-12-30,CUST-00882,cust-00882@lumenmail.com,Lighting,1,188.21,0.05,Organic,US,
ORD-006445,2023-09-01,CUST-00883,cust-00883@lumenmail.com,Lighting,1,89.93,0.0,Organic,AU,variant
ORD-003425,2023-09-25,CUST-00731,cust-00731@lumenmail.com,Outdoor,1,84.75,0.05,Email,US,control
ORD-002577,2023-06-22,CUST-02039,cust-02039@lumenmail.com,Décor,1,69.11,0.0,Email,US,
ORD-006872,2024-06-27,CUST-01940,cust-01940@lumenmail.com,Accessories,1,47.58,0.05,Email,US,variant
ORD-007201,2023-11-08,CUST-02299,cust-02299@lumenmail.com,Outdoor,2,12.49,0.05,Email,US,
ORD-009157,2024-01-14,CUST-00691,cust-00691@lumenmail.com,Décor,1,50.81,0.0,Organic,US,
ORD-003058,2023-09-01,CUST-02446,cust-02446@lumenmail.com,Décor,1,114.52,0.0,Email,US,
ORD-000101,2024-08-17,CUST-01580,cust-01580@lumenmail.com,Accessories,4,590.35,0.05,Paid Search,US,
ORD-000064,2023-07-04,CUST-00864,cust-00864@lumenmail.com,Outdoor,2,164.62,0.0,Organic,US,
ORD-008146,2024-02-08,CUST-02815,cust-02815@lumenmail.com,Lighting,1,122.45,0.0,Email,AU,control
ORD-006972,2024-04-16,CUST-02085,cust-02085@lumenmail.com,Outdoor,-3,52.86,0.0,Paid Search,UK,control
ORD-001089,2024-11-08,CUST-01345,cust-01345@lumenmail.com,Lighting,-1,5.27,0.15,,US,control
ORD-000149,07/01/2024,CUST-00985,cust-00985@lumenmail.com,Furniture,5,171.97,0.1,Social,US,variant
ORD-000694,2024-03-21,CUST-00657,cust-00657@lumenmail.com,Décor,2,648.8,0.0,Paid Search,CA,control
ORD-007860,2023-11-05,CUST-01942,cust-01942@lumenmail.com,Lighting,1,76.01,0.2,Organic,US,
ORD-000189,2024-06-12,CUST-02271,cust-02271@lumenmail.com,Accessories,2,266.91,0.1,Paid Search,CA,variant
ORD-002762,23/11/2024,CUST-01481,cust-01481@lumenmail.com,Lighting,2,52.14,0.0,Social,CA,variant
ORD-000326,2023-08-10,CUST-01072,cust-01072@lumenmail.com,Décor,1,54.73,0.05,Paid Search,US,
ORD-002838,2024-01-13,CUST-02578,cust-02578@lumenmail.com,Outdoor,-1,79.93,0.05,Organic,US,variant
ORD-001133,2024-01-05,CUST-02257,cust-02257@lumenmail.com,Accessories,2,81.58,0.0,Email,CA,
ORD-003647,2023-11-16,CUST-01427,cust-01427@lumenmail.com,Accessories,1,19.2,0.0,Email,US,variant
ORD-004317,2023-12-07,CUST-00413,cust-00413@lumenmail.com,Furniture,3,36.81,5.0,Social,US,control
ORD-003942,2024-09-19,CUST-02035,cust-02035@lumenmail.com,Décor,1,87.65,15.0,Social,US,
ORD-006313,2024-08-09,CUST-00048,cust-00048@lumenmail.com,Furniture,2,331.39,0.0,Organic,ZZ,variant
ORD-007737,2024-08-06,CUST-00903,cust-00903@lumenmail.com,Accessories,2,715.01,0.15,Paid Search,US,control
ORD-005939,2024-04-28,CUST-00117,cust-00117@lumenmail.com,Accessories,1,15.77,5.0,Paid Search,US,variant
ORD-004955,2024-11-02,CUST-00908,cust-00908@lumenmail.com,Lighting,1,89.58,0.0,Paid Search,US,variant
ORD-005339,2024-01-11,CUST-01741,cust-01741@lumenmail.com,Outdoor,2,53.67,0.0,Email,CA,
ORD-005861,2024-02-10,CUST-00517,cust-00517@lumenmail.com,Furniture,2,89.36,0.2,Email,US,
ORD-001302,2024-06-11,CUST-00885,cust-00885@lumenmail.com,Outdoor,1,736.11,0.05,Paid Search,US,control
ORD-005757,2023-07-09,CUST-01091,cust-01091@lumenmail.com,Outdoor,2,29.72,0.0,Paid Search,CA,control
ORD-000422,2023-08-26,CUST-02223,cust-02223@lumenmail.com,Lighting,1,89.72,0.0,Email,US,
ORD-001977,02/11/2024,CUST-01389,cust-01389@lumenmail.com,Décor,3,392.93,0.0,Email,US,variant
ORD-008713,2023-10-11,CUST-00682,cust-00682@lumenmail.com,Furniture,2,57.06,0.05,Email,US,variant
ORD-005081,04/10/2024,CUST-00746,cust-00746@lumenmail.com,Décor,1,168.67,0.15,Email,US,control
ORD-001907,2024-01-07,CUST-00205,cust-00205@lumenmail.com,Décor,7,48.46,0.05,Paid Search,UK,control
ORD-008105,2023-08-28,CUST-02366,cust-02366@lumenmail.com,Lighting,1,765.64,0.05,Paid Search,US,control
ORD-001381,2024-03-07,CUST-00212,cust-00212@lumenmail.com,Accessories,2,99.74,0.0,Paid Search,UK,
ORD-004670,2023-10-24,,guest@lumenmail.com,Furniture,4,195.93,0.05,Email,US,
ORD-006312,2023-11-12,CUST-02791,cust-02791@lumenmail.com,Accessories,-1,78.23,0.0,Social,CA,control
ORD-000267,2024-10-24,CUST-02038,cust-02038@lumenmail.com,Décor,1,260.93,0.0,Paid Search,CA,control
ORD-006623,2024-05-29,CUST-00199,cust-00199@lumenmail.com,Lighting,3,149.61,0.1,Paid Search,AU,variant
ORD-008423,2024-03-03,CUST-01856,cust-01856@lumenmail.com,Furniture,1,36.4,0.05,Paid Search,CA,
ORD-007146,2023-11-12,CUST-00809,cust-00809@lumenmail.com,Furniture,4,35.58,0.0,Organic,ZZ,variant
ORD-002030,2024-03-27,CUST-01396,cust-01396@lumenmail.com,Outdoor,1,353.14,0.0,Email,US,control
ORD-003984,2023-06-04,CUST-01970,cust-01970@lumenmail.com,Furniture,2,180.64,0.05,Email,CA,variant
ORD-000225,29/01/2024,CUST-00040,cust-00040@lumenmail.com,Accessories,1,320.65,0.25,Organic,US,
ORD-007363,2023-08-18,CUST-00767,cust-00767@lumenmail.com,Furniture,1,315.91,0.1,Paid Search,US,
ORD-000406,2024-01-07,CUST-02744,cust-02744@lumenmail.com,Lighting,1,394.29,0.0,Organic,UK,control
ORD-009513,2024-04-11,CUST-02722,cust-02722@lumenmail.com,Furniture,3,19.47,5.0,Paid Search,US,variant
ORD-007416,2024-10-06,CUST-01335,cust-01335@lumenmail.com,Lighting,1,552.51,0.0,Email,CA,control
ORD-007545,2024-04-19,CUST-02980,cust-02980@lumenmail.com,Décor,5,26.02,0.0,Paid Search,ZZ,
ORD-006785,2023-07-02,CUST-02162,cust-02162@lumenmail.com,Outdoor,-5,69.26,0.0,Email,ZZ,
ORD-009229,2023-07-15,CUST-00193,cust-00193@lumenmail.com,Furniture,3,30.66,0.05,,US,control
ORD-006131,2023-09-04,CUST-00188,cust-00188@lumenmail.com,Décor,1,72.66,0.1,Email,US,variant
ORD-008188,2024-11-11,CUST-00194,cust-00194@lumenmail.com,Lighting,2,318.52,0.0,Email,US,control
ORD-007931,2024-12-24,CUST-00365,cust-00365@lumenmail.com,Décor,1,196.99,0.15,Email,UK,
ORD-004015,14/01/2024,CUST-00835,cust-00835@lumenmail.com,Décor,1,131.49,0.0,Organic,US,
ORD-004799,2024-01-02,CUST-02948,cust-02948@lumenmail.com,Décor,1,203.5,0.15,Email,US,variant
ORD-007522,2024-10-04,CUST-00302,cust-00302@lumenmail.com,Furniture,1,32.55,0.0,Social,US,
ORD-003954,2024-04-26,CUST-01206,cust-01206@lumenmail.com,Outdoor,-1,185.03,0.0,Email,US,
ORD-003037,2024-12-28,CUST-01864,cust-01864@lumenmail.com,Lighting,2,498.1,0.0,Email,US,variant
ORD-006365,2023-11-19,,guest@lumenmail.com,Furniture,1,24.37,0.0,Organic,US,
ORD-005461,30/11/2024,CUST-01197,cust-01197@lumenmail.com,Furniture,2,51.49,0.0,Paid Search,AU,control
ORD-008216,2024-01-05,CUST-00119,cust-00119@lumenmail.com,Furniture,3,47.86,0.15,Paid Search,CA,control
ORD-003685,2023-10-31,CUST-01259,cust-01259@lumenmail.com,Décor,1,46.49,0.0,,US,
ORD-001319,2023-08-30,CUST-01021,cust-01021@lumenmail.com,Furniture,3,138.93,0.05,Paid Search,US,control
ORD-009416,2023-08-03,CUST-02462,cust-02462@lumenmail.com,Décor,1,141.18,0.05,Paid Search,US,variant
ORD-008863,2024-09-02,CUST-01773,cust-01773@lumenmail.com,Outdoor,2,156.31,0.0,Email,CA,control
ORD-001011,2024-11-04,CUST-02077,cust-02077@lumenmail.com,Furniture,2,11.79,0.0,Paid Search,CA,
ORD-006144,2024-10-31,CUST-00472,cust-00472@lumenmail.com,Outdoor,2,68.54,0.2,Email,US,variant
ORD-003783,2023-09-11,CUST-02055,cust-02055@lumenmail.com,Lighting,1,33.39,0.0,Paid Search,US,variant
ORD-007882,22/10/2023,CUST-02164,cust-02164@lumenmail.com,Lighting,2,83.39,0.05,Social,US,control
ORD-002165,2023-09-26,CUST-01958,cust-01958@lumenmail.com,Outdoor,2,70.63,0.05,Email,CA,variant
ORD-007510,2023-06-11,CUST-00503,cust-00503@lumenmail.com,Lighting,1,214.74,0.05,Paid Search,US,control
ORD-007228,2024-01-28,CUST-02091,cust-02091@lumenmail.com,Furniture,1,82.7,0.15,Email,AU,
ORD-008697,2024-01-01,CUST-00306,cust-00306@lumenmail.com,Outdoor,5,139.15,0.2,,US,
ORD-003678,08/10/2024,CUST-01932,cust-01932@lumenmail.com,Outdoor,4,38.65,5.0,Email,CA,control
ORD-002771,2024-10-25,,guest@lumenmail.com,Décor,1,374.56,0.2,Social,CA,control
ORD-000309,2024-09-21,,guest@lumenmail.com,Décor,1,162.26,0.1,Email,US,control
ORD-005698,2024-05-23,CUST-01563,cust-01563@lumenmail.com,Accessories,1,35.78,0.05,Paid Search,US,
ORD-005162,2023-12-19,CUST-00479,cust-00479@lumenmail.com,Décor,1,46.59,0.15,Organic,UK,
ORD-002480,2024-06-28,CUST-02876,cust-02876@lumenmail.com,Lighting,3,264.83,0.0,Email,US,control
ORD-002674,2024-10-05,CUST-02763,cust-02763@lumenmail.com,Furniture,1,253.85,0.0,Paid Search,US,variant
ORD-006692,2023-06-17,CUST-01094,cust-01094@lumenmail.com,Accessories,1,35.49,0.15,Paid Search,US,control
ORD-006112,2023-11-21,CUST-00414,cust-00414@lumenmail.com,Décor,1,614.24,0.15,Paid Search,US,control
ORD-005460,2024-04-05,CUST-00986,cust-00986@lumenmail.com,Lighting,2,97.77,0.05,Social,CA,
ORD-008722,18/08/2023,CUST-01702,cust-01702@lumenmail.com,Outdoor,-2,192.49,0.0,Organic,CA,variant
ORD-008742,2023-07-31,CUST-00250,cust-00250@lumenmail.com,Décor,2,9.09,0.05,Email,US,variant
ORD-007235,2023-09-01,CUST-02145,cust-02145@lumenmail.com,Furniture,5,749.05,0.0,Organic,US,
ORD-008987,2024-10-23,CUST-00231,cust-00231@lumenmail.com,Lighting,2,171.4,0.0,Email,US,control
ORD-006948,2024-12-30,CUST-00518,cust-00518@lumenmail.com,Outdoor,1,23.41,0.05,Email,US,control
ORD-007833,2024-04-04,CUST-02713,cust-02713@lumenmail.com,Outdoor,4,314.02,0.15,Organic,US,control
ORD-001697,08/06/2023,,guest@lumenmail.com,Lighting,4,365.83,0.0,Paid Search,US,control
ORD-008469,2024-06-14,CUST-00273,cust-00273@lumenmail.com,Décor,2,8.28,0.1,Email,US,variant
ORD-006097,2024-04-03,CUST-02202,cust-02202@lumenmail.com,Décor,2,359.34,0.0,Email,US,
ORD-008657,22/09/2024,CUST-00582,cust-00582@lumenmail.com,Furniture,2,5.83,0.0,Organic,US,control
ORD-004114,2023-07-03,CUST-00074,cust-00074@lumenmail.com,Furniture,1,250.0,0.0,Organic,ZZ,variant
ORD-007076,2024-10-23,CUST-00813,cust-00813@lumenmail.com,Décor,2,353.66,5.0,Paid Search,ZZ,variant
ORD-005273,2023-07-16,CUST-01449,cust-01449@lumenmail.com,Lighting,1,74.9,0.0,Paid Search,US,
ORD-009367,2023-06-30,CUST-01408,cust-01408@lumenmail.com,Lighting,4,56.1,0.05,Email,US,
ORD-001908,2024-09-21,CUST-00345,cust-00345@lumenmail.com,Décor,2,83.95,0.2,Paid Search,US,variant
ORD-001701,31/10/2023,CUST-02864,cust-02864@lumenmail.com,Lighting,6,243.23,0.0,Organic,US,
ORD-004648,2024-10-02,CUST-00766,cust-00766@lumenmail.com,Furniture,7,313.49,0.0,Paid Search,UK,variant
ORD-000614,2024-01-02,CUST-02176,cust-02176@lumenmail.com,Décor,2,77.71,10.0,Organic,US,
ORD-000822,2024-07-04,CUST-01972,cust-01972@lumenmail.com,Décor,1,197.96,5.0,Organic,US,
ORD-001134,2023-12-19,CUST-01123,cust-01123@lumenmail.com,Lighting,1,78.17,0.0,Email,CA,variant
ORD-000945,2024-05-26,,guest@lumenmail.com,Lighting,4,49.55,0.0,Email,CA,
ORD-005469,2024-11-15,CUST-01095,cust-01095@lumenmail.com,Lighting,7,39.79,0.05,Paid Search,US,control
ORD-009170,2024-03-26,CUST-00182,cust-00182@lumenmail.com,Lighting,1,69.7,0.05,Organic,UK,control
ORD-000024,2024-08-09,CUST-02410,cust-02410@lumenmail.com,Accessories,3,69.81,0.1,,US,
ORD-008712,2023-11-06,CUST-02956,cust-02956@lumenmail.com,Décor,2,11.73,0.0,Email,US,
ORD-004107,2024-09-12,CUST-02662,cust-02662@lumenmail.com,Décor,1,71.28,5.0,Organic,CA,variant
ORD-007802,2023-10-09,CUST-00581,cust-00581@lumenmail.com,Furniture,2,43.9,0.1,Organic,US,control
ORD-004984,2024-09-25,,guest@lumenmail.com,Outdoor,3,91.25,0.05,Organic,US,
ORD-007285,2023-12-14,CUST-01858,cust-01858@lumenmail.com,Accessories,4,53.62,0.0,Organic,US,variant
ORD-002108,2023-07-01,CUST-01980,cust-01980@lumenmail.com,Furniture,3,65.91,0.1,Organic,CA,control
ORD-002992,2024-12-03,CUST-00780,cust-00780@lumenmail.com,Lighting,3,35.79,0.0,Organic,US,variant
ORD-009560,2024-03-30,CUST-02171,cust-02171@lumenmail.com,Outdoor,-1,9.77,0.0,Email,UK,variant
ORD-009285,2023-09-20,CUST-00725,cust-00725@lumenmail.com,Décor,6,226.05,0.25,Email,CA,
ORD-003858,2023-11-24,CUST-00182,cust-00182@lumenmail.com,Accessories,1,178.08,0.15,Organic,CA,control
ORD-007729,2024-07-11,,guest@lumenmail.com,Lighting,1,29.14,0.0,Paid Search,US,
ORD-004902,2024-11-21,CUST-02744,cust-02744@lumenmail.com,Lighting,5,727.48,0.25,Paid Search,UK,variant
ORD-001863,,CUST-01635,cust-01635@lumenmail.com,Décor,2,126.74,0.25,Organic,US,
ORD-003570,2023-09-29,CUST-01471,cust-01471@lumenmail.com,Décor,2,225.6,5.0,Paid Search,US,
ORD-007644,2024-11-29,CUST-02662,cust-02662@lumenmail.com,Décor,3,8.48,0.05,Email,CA,control
ORD-000866,2023-09-04,CUST-00718,cust-00718@lumenmail.com,lighting,2,71.39,0.0,Paid Search,US,variant
ORD-001551,2024-11-22,CUST-00025,cust-00025@lumenmail.com,Furniture,1,76.95,0.15,Organic,US,
ORD-002179,2024-04-17,CUST-02982,cust-02982@lumenmail.com,Lighting,-3,42.99,0.0,Email,US,control
ORD-004791,2024-02-12,CUST-01951,cust-01951@lumenmail.com,Décor,2,29.56,0.05,Social,US,variant
ORD-000281,2023-06-11,CUST-02535,cust-02535@lumenmail.com,Furniture,2,75.11,0.05,Paid Search,US,control
ORD-008065,25/12/2023,CUST-02057,cust-02057@lumenmail.com,Décor,1,152.86,0.15,Organic,US,
ORD-008069,2024-05-03,CUST-01202,cust-01202@lumenmail.com,Lighting,2,657.43,0.0,Organic,US,control
ORD-000751,2023-07-27,CUST-02545,cust-02545@lumenmail.com,Furniture,1,68.95,0.1,Paid Search,US,
ORD-003234,11/10/2023,CUST-00510,cust-00510@lumenmail.com,Lighting,1,29.14,0.0,Email,US,variant
ORD-002300,2024-11-27,CUST-01643,cust-01643@lumenmail.com,Outdoor,1,142.57,0.05,Organic,US,control
ORD-006759,2023-12-20,CUST-02499,cust-02499@lumenmail.com,Outdoor,2,345.21,0.1,Paid Search,US,variant
ORD-003793,2023-06-04,CUST-01908,cust-01908@lumenmail.com,Accessories,4,54.62,0.1,Organic,US,variant
ORD-001855,2024-09-16,CUST-00699,cust-00699@lumenmail.com,Lighting,3,17.04,0.15,Paid Search,US,variant
ORD-001354,2024-03-09,,guest@lumenmail.com,Furniture,6,37.85,0.0,Paid Search,US,control
ORD-004850,2023-07-23,CUST-00578,cust-00578@lumenmail.com,Accessories,2,92.36,10.0,Email,CA,variant
ORD-004751,17/06/2023,CUST-00503,cust-00503@lumenmail.com,Furniture,1,692.95,0.0,Social,US,
ORD-002899,30/12/2023,CUST-00169,cust-00169@lumenmail.com,Lighting,4,378.61,0.0,Paid Search,US,control
ORD-000474,2023-06-12,CUST-00145,cust-00145@lumenmail.com,Décor,1,667.13,0.1,Paid Search,US,
ORD-009289,2024-03-14,CUST-00989,cust-00989@lumenmail.com,Furniture,1,85.24,0.15,Email,US,variant
ORD-005763,2024-04-08,CUST-00406,cust-00406@lumenmail.com,Outdoor,1,113.15,0.0,,US,
ORD-005686,2023-12-23,CUST-02025,cust-02025@lumenmail.com,Lighting,2,132.89,0.0,Paid Search,US,control
ORD-008331,2024-04-04,CUST-02930,cust-02930@lumenmail.com,Outdoor,2,181.61,0.0,Email,UK,control
ORD-007134,2023-11-14,,guest@lumenmail.com,Furniture,1,76.85,0.2,Paid Search,US,variant
ORD-001533,2024-07-28,CUST-02610,cust-02610@lumenmail.com,Accessories,5,282.45,0.15,Organic,CA,control
ORD-006884,2024-09-18,CUST-00102,cust-00102@lumenmail.com,Outdoor,5,194.91,0.0,Organic,CA,
ORD-007364,2024-10-14,CUST-01024,cust-01024@lumenmail.com,Furniture,1,227.62,0.25,Paid Search,UK,
ORD-006616,28/09/2024,,guest@lumenmail.com,Furniture,4,110.1,0.15,Email,CA,
ORD-005513,2024-02-28,CUST-02267,cust-02267@lumenmail.com,Accessories,7,38.93,0.05,Email,CA,control
ORD-002911,2023-08-17,CUST-00227,cust-00227@lumenmail.com,Décor,1,78.04,0.2,Paid Search,US,control
ORD-000928,2023-07-07,CUST-02300,cust-02300@lumenmail.com,Lighting,1,385.29,0.0,Email,US,control
ORD-006149,2023-09-01,,guest@lumenmail.com,Outdoor,1,49.58,0.05,Email,US,control
ORD-008265,2023-09-08,CUST-00041,cust-00041@lumenmail.com,Lighting,2,25.41,0.25,Paid Search,US,
ORD-006585,2024-01-06,CUST-01921,cust-01921@lumenmail.com,Furniture,2,73.52,0.0,Social,CA,control
ORD-000305,18/03/2024,CUST-01084,cust-01084@lumenmail.com,Outdoor,1,64.13,0.0,Email,US,control
ORD-008792,2023-10-12,CUST-02761,cust-02761@lumenmail.com,Outdoor,1,41.81,0.0,Paid Search,US,control
ORD-009393,2023-06-13,CUST-02427,cust-02427@lumenmail.com,Décor,1,235.33,0.0,Email,US,variant
ORD-001501,2024-09-25,CUST-00025,cust-00025@lumenmail.com,Accessories,3,82.33,0.05,Social,US,
ORD-001663,2023-07-30,CUST-00192,cust-00192@lumenmail.com,Furniture,2,74.11,0.0,,UK,control
ORD-004998,22/05/2024,CUST-00963,cust-00963@lumenmail.com,Furniture,1,182.74,0.1,Email,US,
ORD-006562,28/10/2024,,guest@lumenmail.com,Lighting,7,50.26,0.15,Paid Search,US,variant
ORD-005660,2024-09-25,CUST-02137,cust-02137@lumenmail.com,Furniture,3,22.61,0.0,Email,US,variant
ORD-007420,2024-02-14,CUST-00533,cust-00533@lumenmail.com,Décor,1,598.65,20.0,Email,US,control
ORD-008143,2024-07-08,CUST-01829,cust-01829@lumenmail.com,Lighting,3,136.38,0.15,Paid Search,US,
ORD-007306,2024-01-06,CUST-02542,cust-02542@lumenmail.com,Décor,1,57.16,0.25,Email,CA,control
ORD-002589,2023-08-29,CUST-02553,cust-02553@lumenmail.com,Décor,1,38.07,0.0,Paid Search,UK,control
ORD-006552,2023-09-22,CUST-01812,cust-01812@lumenmail.com,Décor,1,298.84,0.1,Paid Search,CA,
ORD-008905,30/10/2024,CUST-00515,cust-00515@lumenmail.com,Lighting,4,102.8,0.0,Social,US,
ORD-006598,2023-08-20,CUST-00334,cust-00334@lumenmail.com,Furniture,2,190.07,0.0,Email,UK,control
ORD-002527,2024-06-11,CUST-01863,cust-01863@lumenmail.com,Décor,2,232.08,0.05,Email,US,control
ORD-000905,2024-12-27,CUST-01590,cust-01590@lumenmail.com,Lighting,2,65.72,0.0,Paid Search,US,control
ORD-009483,2023-08-28,CUST-01799,cust-01799@lumenmail.com,Lighting,2,80.0,0.15,Organic,US,
ORD-005928,2024-06-23,CUST-00775,cust-00775@lumenmail.com,Accessories,5,11.3,0.2,Email,US,
ORD-007603,2024-04-28,CUST-01696,cust-01696@lumenmail.com,Lighting,2,36.94,0.05,Paid Search,US,
ORD-004675,2024-07-03,CUST-01129,cust-01129@lumenmail.com,Lighting,1,38.15,0.2,Paid Search,US,variant
ORD-005280,24/12/2024,CUST-01428,cust-01428@lumenmail.com,Décor,3,54.33,0.15,Paid Search,US,
ORD-003558,15/06/2023,CUST-01908,cust-01908@lumenmail.com,Décor,-2,144.41,0.1,Paid Search,US,control
ORD-000377,2024-04-03,CUST-02111,cust-02111@lumenmail.com,Décor,1,10.72,0.0,Paid Search,US,control
ORD-003084,2024-10-31,CUST-02072,cust-02072@lumenmail.com,Décor,7,11.57,0.0,Organic,CA,control
ORD-005978,2023-07-08,CUST-00307,cust-00307@lumenmail.com,Lighting,4,146.61,25.0,Paid Search,US,control
ORD-002873,2024-11-25,CUST-01322,cust-01322@lumenmail.com,Accessories,1,22.2,0.0,Paid Search,US,
ORD-000855,2023-12-01,CUST-00069,cust-00069@lumenmail.com,Décor,3,640.06,0.0,Paid Search,US,variant
ORD-007184,2024-03-05,CUST-01938,cust-01938@lumenmail.com,Décor,3,29.48,10.0,Email,US,
ORD-002151,2024-09-14,CUST-01436,cust-01436@lumenmail.com,Outdoor,1,405.18,0.15,Email,US,control
ORD-009091,02/12/2024,CUST-00571,cust-00571@lumenmail.com,Lighting,2,33.75,0.2,Email,US,
ORD-006463,2024-09-03,CUST-00533,cust-00533@lumenmail.com,Accessories,2,7.81,0.0,Email,CA,control
ORD-002120,2023-10-15,,guest@lumenmail.com,Outdoor,3,160.71,0.1,Paid Search,US,variant
ORD-000334,2023-10-18,CUST-02596,cust-02596@lumenmail.com,Lighting,2,84.27,0.15,Social,UK,
ORD-003919,2024-03-24,CUST-02596,cust-02596@lumenmail.com,Lighting,2,27.3,0.0,Social,US,control
ORD-006304,2024-05-05,,guest@lumenmail.com,Lighting,1,39.2,0.0,Email,ZZ,
ORD-009469,2024-07-03,CUST-01408,cust-01408@lumenmail.com,Lighting,2,38.17,0.0,Social,US,control
ORD-003628,2023-12-24,,guest@lumenmail.com,Décor,1,38.47,0.0,Paid Search,US,
ORD-004373,07/01/2024,CUST-02791,cust-02791@lumenmail.com,Décor,2,24.76,0.05,Paid Search,UK,variant
ORD-007694,2024-11-20,CUST-02663,cust-02663@lumenmail.com,Lighting,1,62.72,10.0,Organic,CA,variant
ORD-006580,2024-11-22,CUST-00522,cust-00522@lumenmail.com,Décor,2,21.99,0.0,Organic,UK,
ORD-001214,21/10/2023,CUST-01519,cust-01519@lumenmail.com,Furniture,1,128.31,0.05,Email,US,
ORD-000107,2023-09-25,CUST-00556,cust-00556@lumenmail.com,Décor,1,29.14,0.0,Email,US,
ORD-008638,14/09/2024,CUST-02083,cust-02083@lumenmail.com,Lighting,1,23.88,0.1,Organic,CA,control
ORD-006460,28/11/2023,CUST-00635,cust-00635@lumenmail.com,Lighting,1,85.74,0.0,Organic,US,
ORD-003860,2024-04-02,CUST-00771,cust-00771@lumenmail.com,Décor,2,21.32,0.15,Social,US,control
ORD-005011,2024-07-09,CUST-02980,cust-02980@lumenmail.com,Furniture,2,89.35,0.0,Social,US,control
ORD-005696,2024-09-08,CUST-00116,cust-00116@lumenmail.com,Lighting,3,652.06,0.0,Organic,US,control
ORD-003382,2024-03-28,CUST-01773,cust-01773@lumenmail.com,Décor,3,91.18,0.05,Paid Search,UK,variant
ORD-007897,2023-11-26,CUST-01210,cust-01210@lumenmail.com,Décor,1,63.16,0.0,Paid Search,US,control
ORD-002090,10/01/2024,CUST-01765,cust-01765@lumenmail.com,Furniture,2,22.5,0.0,Organic,UK,control
ORD-004102,2023-11-21,CUST-02908,cust-02908@lumenmail.com,Furniture,4,422.76,0.05,Social,US,variant
ORD-002957,08/08/2023,CUST-00327,cust-00327@lumenmail.com,Accessories,1,78.59,0.15,Organic,CA,
ORD-005112,2024-05-07,CUST-02055,cust-02055@lumenmail.com,Outdoor,-1,33.87,0.0,Paid Search,CA,
ORD-000142,2024-07-24,,guest@lumenmail.com,Furniture,1,29.56,0.0,Organic,CA,variant
ORD-001251,19/02/2024,CUST-00293,cust-00293@lumenmail.com,Lighting,1,178.67,0.0,,UK,variant
ORD-007327,2024-10-10,,guest@lumenmail.com,Lighting,2,33.94,0.0,Email,CA,
ORD-005973,2024-06-17,CUST-00777,cust-00777@lumenmail.com,Décor,1,12.99,0.15,Paid Search,US,
ORD-001707,2023-11-01,,guest@lumenmail.com,Furniture,1,32.18,0.0,Paid Search,US,variant
ORD-001522,2024-11-08,CUST-02557,cust-02557@lumenmail.com,Lighting,3,90.26,0.2,Paid Search,US,control
ORD-004460,2024-08-14,CUST-00952,cust-00952@lumenmail.com,Lighting,1,184.27,0.0,Paid Search,US,
ORD-009520,2024-11-19,CUST-00406,cust-00406@lumenmail.com,Furniture,5,738.71,0.1,,US,
ORD-000364,2023-07-03,CUST-00352,cust-00352@lumenmail.com,Lighting,2,26.37,0.0,Email,US,control
ORD-008360,2023-11-12,CUST-00465,cust-00465@lumenmail.com,Furniture,1,17.6,0.0,Email,US,control
ORD-007745,05/03/2024,CUST-00248,cust-00248@lumenmail.com,Outdoor,2,55.47,0.05,Paid Search,US,variant
ORD-005729,2023-06-22,CUST-00119,cust-00119@lumenmail.com,Lighting,1,559.07,10.0,Paid Search,CA,
ORD-004063,08/09/2024,CUST-00547,cust-00547@lumenmail.com,Accessories,2,87.13,0.15,Paid Search,CA,
ORD-007893,2023-10-09,CUST-00302,cust-00302@lumenmail.com,Accessories,1,78.81,0.0,Organic,CA,
ORD-008286,30/01/2024,CUST-00474,cust-00474@lumenmail.com,Décor,5,106.68,0.0,Organic,UK,
ORD-007208,2024-11-26,CUST-02906,cust-02906@lumenmail.com,Furniture,1,27.46,0.1,Email,UK,variant
ORD-002886,,CUST-00279,cust-00279@lumenmail.com,Décor,2,88.15,0.05,Organic,US,variant
ORD-006401,2023-06-17,,guest@lumenmail.com,Décor,-1,42.37,0.1,Email,US,variant
ORD-006375,24/06/2024,CUST-00801,cust-00801@lumenmail.com,Lighting,1,80.03,0.25,Organic,US,control
ORD-007466,2024-04-01,,guest@lumenmail.com,Furniture,2,57.21,0.0,Paid Search,US,control
ORD-000877,2024-07-08,CUST-00854,cust-00854@lumenmail.com,Lighting,2,24.95,0.1,Paid Search,US,
ORD-004167,2024-07-25,CUST-01825,cust-01825@lumenmail.com,Lighting,1,238.42,0.2,Organic,US,control
ORD-006349,2023-11-30,CUST-02165,cust-02165@lumenmail.com,Décor,1,152.28,0.1,Organic,US,
ORD-002508,2024-04-25,CUST-02324,cust-02324@lumenmail.com,Décor,1,166.13,0.15,Organic,US,variant
ORD-001417,2024-09-12,CUST-02709,cust-02709@lumenmail.com,Furniture,3,664.28,0.1,Social,US,
ORD-009394,2024-09-25,CUST-01593,cust-01593@lumenmail.com,Outdoor,2,175.21,0.0,Paid Search,UK,control
ORD-004846,19/10/2024,CUST-01868,cust-01868@lumenmail.com,Lighting,2,27.83,0.1,Organic,UK,variant
ORD-002435,2023-12-17,CUST-02618,cust-02618@lumenmail.com,Furniture,1,196.32,15.0,,AU,variant
ORD-003548,2024-08-18,,guest@lumenmail.com,Outdoor,2,165.75,0.0,Email,CA,variant
ORD-002982,04/12/2023,CUST-00858,cust-00858@lumenmail.com,Lighting,3,106.64,0.0,Organic,US,
ORD-004917,2023-06-14,,guest@lumenmail.com,Lighting,2,80.66,0.0,Organic,US,
ORD-005372,2024-01-31,CUST-02377,cust-02377@lumenmail.com,Lighting,1,48.79,0.0,Organic,US,variant
ORD-006686,2024-06-06,CUST-01756,cust-01756@lumenmail.com,Décor,1,349.04,0.05,,US,control
ORD-003939,2024-07-23,CUST-02422,cust-02422@lumenmail.com,Furniture,1,79.44,0.05,Organic,CA,control
ORD-005126,2024-10-09,CUST-00617,cust-00617@lumenmail.com,Lighting,4,33.77,0.15,Social,US,
ORD-002876,2024-01-30,,guest@lumenmail.com,Lightng,2,349.26,0.1,Paid Search,CA,variant
ORD-001992,2024-12-14,CUST-01134,cust-01134@lumenmail.com,Décor,2,70.16,0.0,Paid Search,CA,variant
ORD-005107,2024-01-28,CUST-00611,cust-00611@lumenmail.com,Furniture,3,117.68,0.0,Paid Search,US,variant
ORD-004900,2023-12-02,CUST-00384,cust-00384@lumenmail.com,Lighting,1,32.99,0.15,Email,US,control
ORD-009320,2023-10-04,CUST-02525,cust-02525@lumenmail.com,Accessories,1,206.91,0.0,Organic,CA,control
ORD-009041,2024-04-15,CUST-01630,cust-01630@lumenmail.com,Accessories,2,29.4,5.0,Organic,US,variant
ORD-005940,2024-10-30,CUST-01725,cust-01725@lumenmail.com,Lighting,2,8.89,0.0,Organic,US,
ORD-005440,15/12/2023,CUST-01101,cust-01101@lumenmail.com,Lighting,1,317.93,0.2,Organic,US,
ORD-000201,2024-08-02,CUST-02404,cust-02404@lumenmail.com,Décor,1,172.91,0.0,Organic,UK,
ORD-000743,29/06/2024,CUST-01813,cust-01813@lumenmail.com,lighting,1,23.25,0.0,Organic,CA,variant
ORD-001312,2024-09-28,CUST-01706,cust-01706@lumenmail.com,Lighting,5,177.3,0.0,Email,US,variant
ORD-001271,2024-03-12,CUST-00982,cust-00982@lumenmail.com,Décor,1,218.06,0.1,Paid Search,US,
ORD-008319,2024-12-25,CUST-02330,cust-02330@lumenmail.com,Lighting,7,163.12,0.0,Organic,US,
ORD-002059,2024-05-21,CUST-01749,cust-01749@lumenmail.com,Lighting,-1,80.42,0.05,Email,AU,variant
ORD-003842,2023-06-26,CUST-01811,cust-01811@lumenmail.com,Lighting,1,327.16,0.1,Social,US,
ORD-001257,2023-06-12,CUST-02722,cust-02722@lumenmail.com,Furniture,2,153.31,0.0,Paid Search,CA,
ORD-000100,2023-11-03,CUST-02324,cust-02324@lumenmail.com,Accessories,-3,75.99,0.25,Paid Search,US,variant
ORD-007577,2023-07-08,,guest@lumenmail.com,Lighting,2,160.5,0.0,Email,UK,
ORD-008620,2024-01-12,CUST-01048,cust-01048@lumenmail.com,Décor,2,213.56,0.0,,CA,
ORD-004769,2023-11-26,CUST-02260,cust-02260@lumenmail.com,Décor,1,392.14,0.0,Email,US,control
ORD-002148,2024-06-22,CUST-02589,cust-02589@lumenmail.com,Furniture,3,552.54,0.15,Paid Search,US,
ORD-005962,2023-09-02,CUST-01525,cust-01525@lumenmail.com,Outdoor,2,8.43,0.0,Paid Search,CA,
ORD-009484,2024-07-20,CUST-00296,cust-00296@lumenmail.com,Décor,2,152.42,0.15,Email,US,
ORD-007423,2023-11-24,CUST-00805,cust-00805@lumenmail.com,Lighting,1,47.27,0.0,Organic,US,
ORD-002015,2023-08-12,CUST-02775,cust-02775@lumenmail.com,Lighting,4,733.87,0.05,Social,US,variant
ORD-005449,2024-08-14,CUST-02408,cust-02408@lumenmail.com,Outdoor,1,13.0,0.0,Paid Search,US,
ORD-002072,2024-08-05,CUST-01557,cust-01557@lumenmail.com,Lighting,2,12.19,0.0,Social,US,
ORD-006573,2024-03-22,CUST-00612,cust-00612@lumenmail.com,Accessories,1,43.47,0.0,Paid Search,UK,control
ORD-004447,2023-08-28,CUST-01906,cust-01906@lumenmail.com,Décor,3,34.28,0.2,Organic,AU,variant
ORD-002986,2024-10-12,CUST-02999,cust-02999@lumenmail.com,Furniture,4,306.07,0.05,Paid Search,US,
ORD-005883,2024-01-11,CUST-00516,cust-00516@lumenmail.com,Décor,2,56.69,0.1,Organic,US,control
ORD-003827,2023-09-30,CUST-00338,cust-00338@lumenmail.com,Furniture,2,78.36,0.1,Organic,US,control
ORD-002869,2023-09-28,CUST-00944,cust-00944@lumenmail.com,Décor,1,61.87,0.2,Organic,UK,
ORD-003823,25/02/2024,CUST-01614,cust-01614@lumenmail.com,Lighting,3,105.9,0.05,Social,US,variant
ORD-001001,30/06/2023,CUST-01291,cust-01291@lumenmail.com,Décor,1,39.63,0.0,Organic,US,control
ORD-007472,2023-06-09,CUST-01424,cust-01424@lumenmail.com,Lighting,2,11.69,0.05,Email,US,control
ORD-001484,2024-12-02,CUST-00573,cust-00573@lumenmail.com,Accessories,3,355.11,0.0,Organic,US,control
ORD-005031,2024-05-04,CUST-01884,cust-01884@lumenmail.com,Furniture,1,47.72,0.0,Paid Search,US,
ORD-001940,2023-09-07,CUST-01258,cust-01258@lumenmail.com,Furniture,6,7.09,0.2,Paid Search,CA,
ORD-005444,30/10/2024,CUST-02567,cust-02567@lumenmail.com,Décor,3,70.34,0.0,Email,US,variant
ORD-000451,30/10/2024,CUST-00284,cust-00284@lumenmail.com,Décor,1,30.47,0.05,Organic,UK,
ORD-006170,2024-11-01,CUST-00882,cust-00882@lumenmail.com,Furniture,1,183.97,20.0,Paid Search,CA,
ORD-008102,2024-04-21,CUST-00358,cust-00358@lumenmail.com,Lighting,1,94.5,0.1,Social,CA,control
ORD-004013,12/07/2024,,guest@lumenmail.com,Lighting,1,63.73,0.05,Email,UK,variant
ORD-008111,2023-06-30,CUST-02555,cust-02555@lumenmail.com,Furniture,1,25.58,0.0,Paid Search,US,
ORD-004584,2024-05-14,CUST-00493,cust-00493@lumenmail.com,Lighting,1,144.66,0.15,Email,CA,
ORD-009173,07/07/2023,CUST-01372,cust-01372@lumenmail.com,Décor,2,8.49,0.05,Organic,US,
ORD-003715,2024-05-22,CUST-00730,cust-00730@lumenmail.com,Décor,-4,37.0,0.0,Social,US,
ORD-002652,2024-07-29,CUST-01621,cust-01621@lumenmail.com,Lighting,2,72.42,0.0,Organic,US,control
ORD-000592,2023-12-19,CUST-00778,cust-00778@lumenmail.com,Décor,2,40.28,0.0,Paid Search,CA,variant
ORD-000391,2024-04-23,CUST-02069,cust-02069@lumenmail.com,Lighting,1,69.49,0.05,Email,US,variant
ORD-004146,2024-05-23,CUST-00959,cust-00959@lumenmail.com,Lighting,1,97.44,0.05,Organic,CA,control
ORD-003654,2024-11-08,CUST-00734,cust-00734@lumenmail.com,Décor,4,44.25,0.2,Paid Search,CA,
ORD-007013,2024-09-04,CUST-00887,cust-00887@lumenmail.com,Lightng,2,181.95,0.05,Organic,US,variant
ORD-005933,2023-11-15,CUST-00270,cust-00270@lumenmail.com,Furniture,2,90.61,0.1,Social,CA,variant
ORD-005631,2023-07-24,CUST-00134,cust-00134@lumenmail.com,Lighting,1,94.87,0.0,Email,US,variant
ORD-003305,17/11/2023,CUST-01936,cust-01936@lumenmail.com,Furniture,1,42.05,0.15,Paid Search,US,
ORD-006341,2023-07-06,CUST-00972,cust-00972@lumenmail.com,Lighting,2,50.42,0.1,Paid Search,US,control
ORD-002890,2024-03-03,CUST-01320,cust-01320@lumenmail.com,Outdoor,1,19.74,0.05,Organic,US,
ORD-006158,2023-11-16,CUST-02522,cust-02522@lumenmail.com,Furniture,2,165.21,0.15,Email,US,
ORD-004728,2023-09-16,CUST-01308,cust-01308@lumenmail.com,Furniture,1,97.92,15.0,Email,AU,variant
ORD-007227,2024-09-29,CUST-00993,cust-00993@lumenmail.com,Lighting,1,124.24,0.0,Email,US,variant
ORD-003552,2024-04-01,CUST-00972,cust-00972@lumenmail.com,Lighting,1,33.76,0.0,Paid Search,UK,
ORD-004785,2024-09-08,CUST-00805,cust-00805@lumenmail.com,Outdoor,1,132.38,0.05,,US,variant
ORD-003118,2024-10-17,CUST-01069,cust-01069@lumenmail.com,lighting,2,145.39,0.0,Paid Search,US,
ORD-009333,2023-12-12,CUST-01793,cust-01793@lumenmail.com,Outdoor,2,33.43,0.1,Email,US,control
ORD-001510,2024-08-26,CUST-00049,cust-00049@lumenmail.com,Furniture,4,70.11,0.0,Paid Search,US,
ORD-009463,2024-04-15,CUST-01657,cust-01657@lumenmail.com,Outdoor,4,126.86,0.1,Paid Search,US,control
ORD-001309,2024-10-14,CUST-02524,cust-02524@lumenmail.com,Accessories,4,199.49,0.0,Organic,US,control
ORD-007721,2024-03-26,CUST-02994,cust-02994@lumenmail.com,Lighting,7,85.75,0.15,Organic,CA,
ORD-001747,2024-02-21,CUST-00492,cust-00492@lumenmail.com,Décor,2,13.49,0.2,Paid Search,CA,control
ORD-006509,2024-10-11,CUST-00107,cust-00107@lumenmail.com,Furniture,3,29.57,0.1,Paid Search,US,variant
ORD-006046,2024-04-03,CUST-01098,cust-01098@lumenmail.com,Accessories,1,39.09,0.15,Paid Search,US,variant
ORD-002351,2024-04-26,CUST-01666,cust-01666@lumenmail.com,Décor,6,91.21,0.0,Paid Search,US,control
ORD-006015,20/08/2024,CUST-01337,cust-01337@lumenmail.com,Accessories,3,14.82,0.0,Organic,UK,control
ORD-008707,2024-03-30,CUST-02632,cust-02632@lumenmail.com,Furniture,1,20.3,0.0,Organic,AU,control
ORD-009007,2023-10-31,CUST-02809,cust-02809@lumenmail.com,Lighting,2,33.25,0.0,Email,AU,control
ORD-009357,2023-11-28,,guest@lumenmail.com,Décor,2,180.02,0.0,Email,US,
ORD-005924,2024-11-13,CUST-02260,cust-02260@lumenmail.com,Décor,6,181.37,0.0,Organic,US,variant
ORD-003176,2023-09-04,CUST-00891,cust-00891@lumenmail.com,Furniture,1,135.31,10.0,Paid Search,CA,control
ORD-008671,2024-06-26,CUST-00254,cust-00254@lumenmail.com,Décor,4,30.71,0.0,Email,AU,
ORD-002960,2024-04-27,CUST-02386,cust-02386@lumenmail.com,Décor,1,30.8,0.05,Email,US,control
ORD-003281,2023-10-14,CUST-01653,cust-01653@lumenmail.com,Outdoor,2,165.64,0.0,Email,US,variant
ORD-000032,2024-08-21,CUST-01426,cust-01426@lumenmail.com,Lighting,5,12.34,0.0,Paid Search,CA,
ORD-002725,2024-02-09,CUST-01290,cust-01290@lumenmail.com,Lighting,1,49.78,0.0,Organic,US,variant
ORD-004829,2023-09-10,CUST-01589,cust-01589@lumenmail.com,Furniture,1,69.65,0.1,Paid Search,US,control
ORD-001020,2023-10-03,CUST-00636,cust-00636@lumenmail.com,Accessories,2,49.13,0.0,Organic,AU,variant
ORD-002810,2024-06-11,CUST-02590,cust-02590@lumenmail.com,Lighting,2,132.88,0.15,Social,US,
ORD-005604,2023-07-22,CUST-01371,cust-01371@lumenmail.com,Lighting,1,158.42,0.1,Paid Search,US,control
ORD-000284,2024-02-17,CUST-00220,cust-00220@lumenmail.com,Outdoor,1,156.73,0.15,Paid Search,US,variant
ORD-006469,2024-08-30,CUST-01994,cust-01994@lumenmail.com,Décor,1,42.55,10.0,Email,AU,control
ORD-002815,2023-07-07,CUST-02955,cust-02955@lumenmail.com,Décor,1,66.65,0.0,Social,CA,
ORD-003906,2024-09-26,CUST-01950,cust-01950@lumenmail.com,Furniture,3,29.53,0.2,Email,US,
ORD-000977,25/06/2024,CUST-02236,cust-02236@lumenmail.com,Décor,1,72.34,0.2,Social,US,
ORD-008334,2024-03-14,CUST-02581,cust-02581@lumenmail.com,Outdoor,3,318.74,5.0,Social,CA,
ORD-006139,2023-06-13,CUST-00022,cust-00022@lumenmail.com,Furniture,2,439.45,0.15,,US,
ORD-004206,2024-12-06,CUST-02551,cust-02551@lumenmail.com,Lighting,1,519.13,0.0,Email,US,variant
ORD-007871,2023-06-07,CUST-01979,cust-01979@lumenmail.com,Furniture,1,192.01,0.05,Email,US,control
ORD-004731,2024-09-24,CUST-02338,cust-02338@lumenmail.com,Décor,6,124.87,0.0,Paid Search,US,
ORD-004699,2024-02-25,CUST-01773,cust-01773@lumenmail.com,Lighting,1,15.39,0.0,Email,ZZ,variant
ORD-000306,2023-10-13,CUST-02945,cust-02945@lumenmail.com,Outdoor,2,15.33,0.0,Paid Search,US,control
ORD-001646,09/06/2023,CUST-01241,cust-01241@lumenmail.com,Décor,1,38.0,0.0,Paid Search,UK,
ORD-009258,2024-01-14,CUST-00813,cust-00813@lumenmail.com,Lighting,1,262.39,0.0,Organic,US,control
ORD-009178,2024-05-22,CUST-02228,cust-02228@lumenmail.com,Lighting,1,153.43,0.0,Paid Search,US,
ORD-002509,2023-07-27,CUST-00285,cust-00285@lumenmail.com,Décor,1,43.18,0.0,Organic,UK,variant
ORD-006667,2023-08-01,CUST-02831,cust-02831@lumenmail.com,Furniture,5,594.37,0.0,Email,US,variant
ORD-008260,2024-05-12,CUST-01639,cust-01639@lumenmail.com,Lighting,1,108.96,0.0,Organic,US,
ORD-004530,2024-11-17,CUST-01917,cust-01917@lumenmail.com,Furniture,1,98.56,0.2,Email,ZZ,variant
ORD-007264,2024-02-17,CUST-02177,cust-02177@lumenmail.com,Lighting,3,35.9,0.0,,US,control
ORD-000649,2024-12-14,CUST-00164,cust-00164@lumenmail.com,Furniture,1,16.92,0.2,Paid Search,CA,control
ORD-001540,2024-04-06,CUST-02904,cust-02904@lumenmail.com,Furniture,1,77.35,0.0,Paid Search,US,control
ORD-003495,2024-03-11,CUST-01877,cust-01877@lumenmail.com,Furniture,-1,96.57,0.05,Organic,US,
ORD-001609,,CUST-00067,cust-00067@lumenmail.com,Outdoor,1,67.14,0.15,Social,US,
ORD-005970,2024-08-18,CUST-00967,cust-00967@lumenmail.com,Décor,2,130.62,0.05,Email,US,
ORD-001883,2024-10-14,CUST-00182,cust-00182@lumenmail.com,Outdoor,1,129.78,0.05,Email,CA,variant
ORD-004057,2024-02-10,,guest@lumenmail.com,Lighting,1,41.07,0.0,Paid Search,US,
ORD-009539,2024-12-10,CUST-01203,cust-01203@lumenmail.com,Décor,6,290.58,0.0,Paid Search,CA,
ORD-000961,2024-05-13,CUST-01437,cust-01437@lumenmail.com,Décor,2,53.55,0.05,Social,UK,control
ORD-003912,2024-05-24,CUST-01330,cust-01330@lumenmail.com,Accessories,2,55.3,0.2,,US,variant
ORD-002223,2023-09-26,CUST-00324,cust-00324@lumenmail.com,Furniture,2,126.6,0.05,Organic,ZZ,
ORD-006399,2024-08-13,CUST-01769,cust-01769@lumenmail.com,Furniture,4,34.82,0.1,Paid Search,US,variant
ORD-005587,2024-07-07,CUST-01404,cust-01404@lumenmail.com,Lighting,1,40.24,0.2,Social,AU,variant
ORD-002237,24/11/2024,CUST-02819,cust-02819@lumenmail.com,Décor,1,144.68,0.05,Paid Search,UK,
ORD-002856,2024-09-27,CUST-02581,cust-02581@lumenmail.com,Accessories,2,85.72,0.1,Organic,CA,
ORD-004399,2024-04-02,CUST-01469,cust-01469@lumenmail.com,Outdoor,7,82.16,0.0,Email,UK,
ORD-001238,06/10/2023,CUST-02702,cust-02702@lumenmail.com,Outdoor,1,31.98,0.05,Email,US,control
ORD-005323,2024-05-13,CUST-00682,cust-00682@lumenmail.com,Furniture,2,24.08,0.15,Email,US,variant
ORD-000734,01/07/2023,CUST-02006,cust-02006@lumenmail.com,Furniture,1,0.0,0.2,Email,US,
ORD-008086,2024-02-25,CUST-02950,cust-02950@lumenmail.com,Décor,2,25.82,0.0,Paid Search,US,
ORD-005572,2024-04-23,CUST-01181,cust-01181@lumenmail.com,lighting,2,0.0,0.0,Organic,US,control
ORD-002032,2023-09-23,,guest@lumenmail.com,Décor,1,64.58,0.0,Organic,AU,
ORD-007598,09/03/2024,,guest@lumenmail.com,Lighting,1,387.11,0.15,Email,US,
ORD-002211,2023-08-26,CUST-00674,cust-00674@lumenmail.com,Furniture,2,79.67,0.05,Organic,US,variant
ORD-008196,2024-10-20,CUST-02152,cust-02152@lumenmail.com,Décor,1,66.83,0.0,Paid Search,US,variant
ORD-007986,2024-09-22,CUST-00364,cust-00364@lumenmail.com,Accessories,1,88.02,0.05,Paid Search,US,
ORD-005499,2024-02-13,,guest@lumenmail.com,Furniture,2,40.22,0.1,Email,US,variant
ORD-004662,2023-09-18,CUST-00265,cust-00265@lumenmail.com,Accessories,1,66.63,0.15,Organic,UK,
ORD-007384,2023-08-13,CUST-02902,cust-02902@lumenmail.com,Furniture,1,23.35,0.15,Paid Search,US,
ORD-000835,2023-10-31,CUST-00905,cust-00905@lumenmail.com,Décor,3,166.74,0.1,Organic,US,control
ORD-000819,2024-03-14,CUST-01977,cust-01977@lumenmail.com,Lighting,2,217.3,0.05,Paid Search,US,control
ORD-001378,2023-10-26,CUST-00234,cust-00234@lumenmail.com,Outdoor,2,28.33,0.05,Email,US,variant
ORD-002818,2023-06-11,CUST-00541,cust-00541@lumenmail.com,Lighting,1,49.19,0.25,,US,
ORD-004463,2024-09-23,CUST-00778,cust-00778@lumenmail.com,Décor,5,37.48,0.0,Social,CA,control
ORD-000762,2023-11-20,CUST-01956,cust-01956@lumenmail.com,Accessories,3,39.18,0.0,Paid Search,US,
ORD-009362,2024-01-10,CUST-01127,cust-01127@lumenmail.com,Accessories,1,15.12,0.0,Email,US,control
ORD-009124,2023-09-29,CUST-00120,cust-00120@lumenmail.com,Décor,2,302.28,0.15,Organic,US,variant
ORD-001360,2024-07-08,CUST-02883,cust-02883@lumenmail.com,Furniture,1,306.53,0.0,Email,US,control
ORD-006619,2023-12-09,CUST-02638,cust-02638@lumenmail.com,Décor,1,47.69,0.0,Email,US,
ORD-002728,2024-10-10,CUST-01642,cust-01642@lumenmail.com,Furniture,1,382.79,5.0,Paid Search,US,control
ORD-002990,2024-02-22,CUST-01071,cust-01071@lumenmail.com,Furniture,1,227.3,0.0,Organic,UK,
ORD-002231,2023-08-20,,guest@lumenmail.com,Décor,3,185.36,0.1,Email,US,
ORD-000701,2024-10-12,CUST-00597,cust-00597@lumenmail.com,Décor,1,64.16,0.0,Organic,US,variant
ORD-001949,2023-06-05,CUST-00431,cust-00431@lumenmail.com,Décor,1,59.57,0.2,Paid Search,CA,
ORD-001250,2024-05-25,CUST-01804,cust-01804@lumenmail.com,Lighting,2,39.08,0.0,,US,
ORD-000202,2023-09-18,CUST-00009,cust-00009@lumenmail.com,Accessories,1,229.49,0.2,Social,US,control
ORD-005249,2024-03-16,CUST-02224,cust-02224@lumenmail.com,Décor,1,57.35,0.2,Organic,UK,variant
ORD-006642,2024-10-03,CUST-01563,cust-01563@lumenmail.com,Outdoor,3,116.2,0.15,Paid Search,US,variant
ORD-003453,2024-08-14,CUST-02692,cust-02692@lumenmail.com,Décor,1,19.56,0.0,Social,US,control
ORD-001753,2024-07-21,CUST-00428,cust-00428@lumenmail.com,Lighting,1,73.21,0.0,Email,UK,control
ORD-009366,2024-12-17,CUST-00106,cust-00106@lumenmail.com,Lighting,3,97.42,0.0,Paid Search,US,variant
ORD-001523,2024-12-20,CUST-02288,cust-02288@lumenmail.com,Furniture,1,24.59,0.2,Paid Search,US,
ORD-004999,2024-08-06,CUST-02471,cust-02471@lumenmail.com,Outdoor,6,93.39,0.1,Organic,US,
ORD-008591,2024-06-02,CUST-01831,cust-01831@lumenmail.com,Furniture,1,16.37,0.05,Paid Search,CA,control
ORD-004319,2024-10-22,CUST-00481,cust-00481@lumenmail.com,Lighting,1,152.39,0.05,Paid Search,CA,variant
ORD-002186,2024-07-24,CUST-01730,cust-01730@lumenmail.com,Furniture,2,184.3,0.1,Paid Search,US,control
ORD-007009,2024-03-28,CUST-02595,cust-02595@lumenmail.com,Lighting,2,18.74,0.0,Social,US,control
ORD-005202,2023-11-01,CUST-02055,cust-02055@lumenmail.com,Accessories,2,11.05,0.0,Paid Search,US,
ORD-001756,31/08/2023,CUST-00092,cust-00092@lumenmail.com,lighting,1,56.6,0.2,Paid Search,US,
ORD-002675,08/06/2023,CUST-01965,cust-01965@lumenmail.com,Furniture,1,11.38,0.05,Paid Search,US,control
ORD-002644,2024-05-29,CUST-00573,cust-00573@lumenmail.com,Lighting,1,254.16,5.0,Paid Search,UK,control
ORD-003719,2023-08-05,CUST-02218,cust-02218@lumenmail.com,Furniture,3,301.85,0.0,,AU,
ORD-004242,06/07/2023,CUST-01213,cust-01213@lumenmail.com,Décor,1,65.85,0.0,Organic,US,variant
ORD-006163,2024-12-05,CUST-00238,cust-00238@lumenmail.com,Accessories,2,264.99,10.0,Social,CA,
ORD-004686,2024-11-02,CUST-01178,cust-01178@lumenmail.com,Furniture,5,197.06,0.2,Social,CA,variant
ORD-000126,04/10/2023,CUST-01191,cust-01191@lumenmail.com,Lighting,1,643.81,0.05,Paid Search,US,
ORD-004474,17/03/2024,CUST-01758,cust-01758@lumenmail.com,Décor,1,50.63,0.05,Paid Search,UK,
ORD-005036,2024-09-09,CUST-00995,cust-00995@lumenmail.com,Furniture,2,113.82,0.05,Email,US,control
ORD-005137,2024-07-11,CUST-00232,cust-00232@lumenmail.com,Outdoor,1,76.33,20.0,Organic,US,control
ORD-001562,2024-02-14,CUST-00645,cust-00645@lumenmail.com,Décor,1,264.44,0.0,Email,UK,
ORD-006174,14/06/2023,CUST-00670,cust-00670@lumenmail.com,Lighting,2,49.65,0.15,Paid Search,US,variant
ORD-007529,2024-03-21,CUST-00051,cust-00051@lumenmail.com,Outdoor,1,28.76,0.15,Email,US,variant
ORD-000500,2024-01-10,CUST-00913,cust-00913@lumenmail.com,Lighting,1,93.69,0.1,Email,US,control
ORD-000046,2024-05-07,,guest@lumenmail.com,Lighting,2,80.53,0.15,Paid Search,US,variant
ORD-002659,2024-06-04,CUST-01380,cust-01380@lumenmail.com,Décor,2,167.59,0.15,Organic,CA,variant
ORD-003530,2023-10-05,,guest@lumenmail.com,Décor,1,38.25,0.0,Email,US,
ORD-002788,2024-09-19,CUST-02258,cust-02258@lumenmail.com,Décor,1,13.92,0.0,Paid Search,CA,variant
ORD-001666,2023-09-06,CUST-00538,cust-00538@lumenmail.com,Outdoor,4,38.22,0.0,Social,UK,control
ORD-001267,2023-11-30,CUST-02042,cust-02042@lumenmail.com,Furniture,2,41.34,10.0,,US,control
ORD-004481,2023-07-23,,guest@lumenmail.com,Lightng,1,110.86,0.05,Paid Search,US,
ORD-005858,2023-10-31,CUST-01642,cust-01642@lumenmail.com,Outdoor,1,57.82,0.0,Paid Search,US,variant
ORD-006361,2024-06-12,CUST-02844,cust-02844@lumenmail.com,Lighting,1,53.01,0.05,Paid Search,UK,
ORD-000431,2024-01-27,CUST-00502,cust-00502@lumenmail.com,Lighting,1,166.37,5.0,Paid Search,AU,variant
ORD-006410,30/06/2023,CUST-00246,cust-00246@lumenmail.com,Lighting,2,329.46,5.0,Organic,CA,variant
ORD-007792,2023-11-17,CUST-00914,cust-00914@lumenmail.com,Lighting,1,495.43,0.1,Paid Search,CA,control
ORD-006186,2024-10-02,CUST-00717,cust-00717@lumenmail.com,Furniture,7,43.72,0.0,Social,UK,
ORD-004306,2023-08-19,CUST-00019,cust-00019@lumenmail.com,Lightng,1,61.35,0.0,Paid Search,US,control
ORD-001410,2024-10-01,CUST-01412,cust-01412@lumenmail.com,Lighting,1,75.8,0.2,Paid Search,AU,
ORD-005379,25/03/2024,CUST-01177,cust-01177@lumenmail.com,Décor,3,570.54,0.0,Email,US,
ORD-000296,2024-05-25,CUST-01292,cust-01292@lumenmail.com,Décor,1,52.46,5.0,Email,AU,
ORD-008023,2024-01-22,CUST-01204,cust-01204@lumenmail.com,Décor,2,84.28,0.0,Social,US,
ORD-004365,2024-05-05,CUST-00080,cust-00080@lumenmail.com,Furniture,1,72.39,0.05,Email,CA,
ORD-008036,2023-11-07,CUST-02133,cust-02133@lumenmail.com,Décor,1,32.53,0.0,Social,UK,
ORD-009518,2023-12-03,CUST-00321,cust-00321@lumenmail.com,Décor,3,369.95,0.1,Paid Search,CA,variant
ORD-006447,2024-11-29,CUST-00470,cust-00470@lumenmail.com,Lighting,1,33.59,0.15,,US,
ORD-009136,2023-08-24,CUST-00552,cust-00552@lumenmail.com,Lightng,1,152.36,0.1,Social,US,variant
ORD-008258,2024-07-07,CUST-00775,cust-00775@lumenmail.com,Décor,2,136.65,0.0,Social,US,variant
ORD-006901,16/02/2024,CUST-00966,cust-00966@lumenmail.com,Décor,1,798.71,0.15,Paid Search,US,
ORD-006628,2023-11-12,CUST-00556,cust-00556@lumenmail.com,Lighting,1,11.36,0.0,Organic,US,
ORD-007948,2024-03-21,CUST-02402,cust-02402@lumenmail.com,Lighting,1,51.8,0.05,Email,CA,control
ORD-002422,2023-06-06,CUST-01334,cust-01334@lumenmail.com,Décor,2,58.36,0.0,Email,US,variant
ORD-005529,2024-12-17,CUST-01528,cust-01528@lumenmail.com,Lighting,7,103.25,0.0,Email,US,variant
ORD-005344,2024-05-11,CUST-01968,cust-01968@lumenmail.com,Outdoor,5,128.81,0.0,Email,US,control
ORD-003482,2024-11-14,CUST-02192,cust-02192@lumenmail.com,Furniture,1,77.7,0.15,Social,US,
ORD-007336,2024-06-23,CUST-02893,cust-02893@lumenmail.com,Lighting,2,23.61,0.0,Paid Search,US,
ORD-008669,2024-10-31,CUST-01806,cust-01806@lumenmail.com,Lighting,1,25.71,0.0,Paid Search,US,
ORD-005287,2024-06-08,CUST-02989,cust-02989@lumenmail.com,Furniture,4,15.37,0.15,Organic,US,variant
ORD-004632,2024-08-09,CUST-02183,cust-02183@lumenmail.com,Lighting,1,110.95,0.0,Paid Search,US,
ORD-006478,2024-06-19,CUST-00233,cust-00233@lumenmail.com,Décor,6,50.86,0.15,Paid Search,US,control
ORD-007506,2024-05-05,CUST-01624,cust-01624@lumenmail.com,Outdoor,5,80.65,0.0,Email,US,variant
ORD-000721,2024-10-30,CUST-02640,cust-02640@lumenmail.com,Outdoor,5,22.33,0.0,Paid Search,US,control
ORD-000131,2024-10-16,CUST-01183,cust-01183@lumenmail.com,Décor,2,38.41,0.1,Organic,AU,
ORD-007610,2023-12-06,CUST-02612,cust-02612@lumenmail.com,Accessories,1,115.36,0.0,Paid Search,CA,
ORD-008730,2023-11-28,CUST-00097,cust-00097@lumenmail.com,Décor,-2,82.94,0.25,Paid Search,AU,variant
ORD-006214,2024-10-10,CUST-01150,cust-01150@lumenmail.com,Décor,7,67.65,0.0,Organic,US,
ORD-006199,2023-11-16,CUST-00821,cust-00821@lumenmail.com,Décor,4,21.59,0.25,Paid Search,US,variant
ORD-005398,2024-07-21,CUST-02307,cust-02307@lumenmail.com,Décor,1,115.44,5.0,Social,US,control
ORD-003900,2024-01-08,CUST-00243,cust-00243@lumenmail.com,Furniture,1,127.09,0.1,Email,US,control
ORD-005599,2024-08-25,CUST-00160,cust-00160@lumenmail.com,Lighting,1,19.74,0.15,Email,UK,control
ORD-000465,2024-02-20,CUST-01611,cust-01611@lumenmail.com,Outdoor,1,128.69,0.0,Paid Search,US,variant
ORD-002296,2024-09-14,CUST-01637,cust-01637@lumenmail.com,Lighting,1,44.5,25.0,Paid Search,US,variant
ORD-004949,2024-03-17,CUST-01032,cust-01032@lumenmail.com,Décor,2,12.97,0.15,Organic,UK,variant
ORD-008956,14/12/2023,CUST-01882,cust-01882@lumenmail.com,Décor,1,76.85,5.0,Social,US,variant
ORD-005174,19/01/2024,CUST-01403,cust-01403@lumenmail.com,Décor,2,15.25,0.15,Email,US,control
ORD-006741,2023-12-26,CUST-02722,cust-02722@lumenmail.com,Décor,1,139.88,0.05,Email,UK,variant
ORD-003540,2023-07-20,CUST-02618,cust-02618@lumenmail.com,Décor,5,188.52,0.0,Email,US,variant
ORD-007637,2023-12-02,CUST-02893,cust-02893@lumenmail.com,Décor,2,35.33,0.0,Paid Search,US,control
ORD-003158,2024-11-03,CUST-01376,cust-01376@lumenmail.com,Accessories,1,88.43,0.0,Organic,US,
ORD-008628,2024-01-17,CUST-01773,cust-01773@lumenmail.com,Décor,5,78.33,0.05,,US,variant
ORD-003080,2024-06-26,CUST-00028,cust-00028@lumenmail.com,Furniture,2,160.07,0.1,Organic,US,variant
ORD-003867,27/12/2023,CUST-02894,cust-02894@lumenmail.com,Outdoor,1,344.2,0.0,,US,
ORD-000398,28/09/2023,CUST-00077,cust-00077@lumenmail.com,Outdoor,1,152.1,0.0,Organic,US,variant
ORD-007944,2023-11-18,CUST-00775,cust-00775@lumenmail.com,Outdoor,1,47.81,0.05,Email,US,
ORD-008078,2023-12-08,CUST-00247,cust-00247@lumenmail.com,Furniture,1,162.12,0.05,Paid Search,US,
ORD-007287,2023-07-03,CUST-01792,cust-01792@lumenmail.com,Outdoor,1,154.81,0.1,Organic,US,
ORD-001732,2024-02-27,,guest@lumenmail.com,Décor,4,216.23,0.0,Social,US,
ORD-000392,2024-01-31,CUST-00010,cust-00010@lumenmail.com,Furniture,2,144.23,0.0,Organic,US,
ORD-007946,2024-10-08,CUST-00085,cust-00085@lumenmail.com,Furniture,3,54.21,0.0,Email,US,
ORD-003992,17/11/2024,,guest@lumenmail.com,Accessories,2,98.8,0.0,Email,US,
ORD-007354,02/11/2024,CUST-00114,cust-00114@lumenmail.com,Décor,2,35.48,0.0,Paid Search,US,variant
ORD-005161,2024-10-13,CUST-02171,cust-02171@lumenmail.com,Décor,7,136.28,0.0,Paid Search,US,
ORD-003669,2024-12-15,CUST-00571,cust-00571@lumenmail.com,Lighting,1,69.07,0.0,Paid Search,US,
ORD-008831,2023-10-10,CUST-02707,cust-02707@lumenmail.com,Décor,2,224.03,0.0,Social,CA,
ORD-004040,2023-07-29,,guest@lumenmail.com,Lighting,4,402.58,0.0,Paid Search,US,variant
ORD-000752,2024-01-03,,guest@lumenmail.com,Furniture,2,74.05,0.05,Email,CA,variant
ORD-003354,09/02/2024,CUST-02907,cust-02907@lumenmail.com,Outdoor,2,63.73,0.0,Email,US,control
ORD-008337,2024-01-21,CUST-01855,cust-01855@lumenmail.com,Outdoor,2,349.82,0.15,Email,US,variant
ORD-003693,2024-05-26,CUST-01965,cust-01965@lumenmail.com,Outdoor,2,115.68,0.2,Social,CA,control
ORD-005657,2024-05-28,CUST-01982,cust-01982@lumenmail.com,Lighting,2,554.01,0.05,Paid Search,US,
ORD-006897,2023-10-29,CUST-01548,cust-01548@lumenmail.com,Lighting,4,24.09,10.0,Email,US,control
ORD-001198,2023-10-13,CUST-01564,cust-01564@lumenmail.com,Accessories,3,5.25,0.05,Email,US,control
ORD-005614,2024-01-09,CUST-01325,cust-01325@lumenmail.com,Furniture,2,62.52,0.05,Social,US,variant
ORD-000145,2024-11-11,CUST-00077,cust-00077@lumenmail.com,Décor,1,53.9,0.05,Social,US,control
ORD-002716,2024-02-08,CUST-00531,cust-00531@lumenmail.com,Lighting,2,87.66,0.15,Organic,CA,
ORD-006833,2024-12-13,CUST-02827,cust-02827@lumenmail.com,Outdoor,2,27.8,20.0,Paid Search,US,
ORD-004969,2023-08-22,CUST-01674,cust-01674@lumenmail.com,Accessories,1,75.44,0.0,Paid Search,UK,control
ORD-005463,2024-01-14,CUST-00527,cust-00527@lumenmail.com,Décor,2,5.61,0.0,,US,variant
ORD-007403,2024-07-08,CUST-02477,cust-02477@lumenmail.com,Furniture,1,650.23,0.1,Organic,UK,
ORD-000030,2024-12-02,CUST-01181,cust-01181@lumenmail.com,Furniture,6,28.35,0.2,Email,US,control
ORD-002309,02/04/2024,CUST-02692,cust-02692@lumenmail.com,Furniture,2,64.88,0.1,Email,CA,control
ORD-004882,2023-09-08,CUST-02617,cust-02617@lumenmail.com,Furniture,-2,86.03,0.0,Email,US,
ORD-004574,2023-12-22,CUST-01760,cust-01760@lumenmail.com,Lighting,2,348.76,0.15,Email,CA,
ORD-008516,21/07/2023,CUST-01309,cust-01309@lumenmail.com,Décor,2,178.02,0.0,Social,US,variant
ORD-000009,2023-07-06,CUST-02604,cust-02604@lumenmail.com,Accessories,3,224.13,0.15,Social,UK,
ORD-000535,2024-12-29,CUST-01819,cust-01819@lumenmail.com,Décor,1,483.52,0.1,Organic,CA,control
ORD-001710,2023-06-25,CUST-02357,cust-02357@lumenmail.com,Décor,2,41.16,0.1,Social,CA,
ORD-006494,05/10/2023,CUST-01681,cust-01681@lumenmail.com,lighting,1,61.94,0.0,Paid Search,US,
ORD-006956,2024-06-27,CUST-00246,cust-00246@lumenmail.com,Furniture,-2,43.13,0.05,Paid Search,US,variant
ORD-001734,18/12/2023,CUST-00272,cust-00272@lumenmail.com,Décor,1,91.63,0.05,Paid Search,US,control
ORD-006084,2023-06-20,CUST-01023,cust-01023@lumenmail.com,Accessories,2,33.83,0.0,Organic,US,control
ORD-004005,17/07/2024,CUST-02083,cust-02083@lumenmail.com,Décor,2,288.18,0.25,Paid Search,US,
ORD-008555,2023-07-01,CUST-01180,cust-01180@lumenmail.com,Outdoor,1,41.08,0.25,Paid Search,UK,control
ORD-009512,2024-05-07,CUST-02875,cust-02875@lumenmail.com,Lighting,4,62.96,0.1,Paid Search,US,variant
ORD-007541,2024-01-29,CUST-01939,cust-01939@lumenmail.com,Lighting,1,187.99,0.0,Email,US,control
ORD-000588,2024-08-19,CUST-01467,cust-01467@lumenmail.com,Accessories,1,434.27,0.1,Paid Search,UK,
ORD-004834,09/01/2024,CUST-00040,cust-00040@lumenmail.com,Décor,5,6.47,0.25,Paid Search,AU,variant
ORD-005014,2023-06-27,CUST-02959,cust-02959@lumenmail.com,Lighting,2,28.37,0.0,Paid Search,US,control
ORD-001749,2023-06-08,CUST-02306,cust-02306@lumenmail.com,Lighting,1,31.32,0.15,Email,UK,control
ORD-006309,,CUST-02878,cust-02878@lumenmail.com,Accessories,1,72.52,0.15,Email,US,control
ORD-006287,2024-01-03,CUST-01779,cust-01779@lumenmail.com,Furniture,2,199.24,0.25,Paid Search,US,
ORD-006762,2023-11-16,CUST-00119,cust-00119@lumenmail.com,Outdoor,1,350.31,0.0,Email,US,
ORD-002833,2024-08-11,CUST-02277,cust-02277@lumenmail.com,Furniture,3,26.37,0.0,Email,US,
ORD-003471,2023-12-12,CUST-01769,cust-01769@lumenmail.com,Lighting,1,187.92,0.0,Paid Search,US,
ORD-001665,2024-11-24,CUST-00380,cust-00380@lumenmail.com,Lighting,5,81.55,0.2,Social,UK,
ORD-007407,2023-08-28,CUST-02454,cust-02454@lumenmail.com,Lightng,1,40.5,0.0,Paid Search,UK,
ORD-004488,2024-04-19,CUST-00581,cust-00581@lumenmail.com,Lighting,5,84.25,0.05,Email,AU,variant
ORD-003518,2024-11-06,CUST-01303,cust-01303@lumenmail.com,Accessories,1,35.32,0.0,Social,CA,control
ORD-002276,18/09/2024,CUST-00252,cust-00252@lumenmail.com,Décor,2,83.27,0.2,Paid Search,US,control
ORD-004932,08/04/2024,CUST-01763,cust-01763@lumenmail.com,Lighting,4,7.39,0.05,Paid Search,AU,control
ORD-009521,2023-11-04,CUST-00869,cust-00869@lumenmail.com,Outdoor,1,57.36,0.1,Organic,US,control
ORD-009068,2024-04-29,CUST-00227,cust-00227@lumenmail.com,Outdoor,1,16.62,0.0,Email,US,variant
ORD-001118,2024-09-03,CUST-01514,cust-01514@lumenmail.com,Lighting,1,110.19,0.0,Paid Search,UK,
ORD-000965,2024-02-07,CUST-01653,cust-01653@lumenmail.com,Outdoor,1,30.82,0.2,Email,CA,control
ORD-002892,2024-10-26,CUST-02177,cust-02177@lumenmail.com,Furniture,1,391.05,0.05,Email,US,control
ORD-000884,2023-07-02,CUST-00957,cust-00957@lumenmail.com,Décor,1,55.47,0.1,Paid Search,US,variant
ORD-001054,03/08/2023,CUST-01660,cust-01660@lumenmail.com,Décor,1,57.22,0.0,Organic,US,variant
ORD-006384,2024-07-23,CUST-00702,cust-00702@lumenmail.com,Lighting,1,73.89,0.0,Email,US,variant
ORD-004624,2024-08-19,CUST-01897,cust-01897@lumenmail.com,lighting,5,135.27,0.2,Paid Search,UK,
ORD-001983,2024-01-31,CUST-01547,cust-01547@lumenmail.com,Lighting,2,143.36,0.2,Organic,US,
ORD-000939,2023-07-09,CUST-02074,cust-02074@lumenmail.com,Accessories,4,24.6,0.1,Social,US,variant
ORD-004723,2023-10-13,CUST-02750,cust-02750@lumenmail.com,Lighting,2,59.73,0.2,Paid Search,US,control
ORD-004453,2023-12-05,CUST-02424,cust-02424@lumenmail.com,Lighting,1,31.79,0.15,Paid Search,CA,control
ORD-009040,29/11/2024,CUST-02415,cust-02415@lumenmail.com,Outdoor,2,15.32,0.1,Email,US,variant
ORD-003188,2023-08-10,CUST-00990,cust-00990@lumenmail.com,Lighting,1,17.42,0.0,Paid Search,US,
ORD-009256,2024-08-14,CUST-00912,cust-00912@lumenmail.com,Lighting,4,156.42,0.0,Social,AU,
ORD-004497,2024-01-16,CUST-00801,cust-00801@lumenmail.com,Outdoor,3,162.2,20.0,Organic,US,
ORD-009581,2024-06-15,CUST-02918,cust-02918@lumenmail.com,Furniture,2,137.86,0.1,Paid Search,US,
ORD-008807,2024-05-02,CUST-00720,cust-00720@lumenmail.com,Décor,4,31.13,0.1,Paid Search,US,variant
ORD-004001,2023-11-08,CUST-01146,cust-01146@lumenmail.com,Furniture,1,172.07,0.0,Organic,US,
ORD-006637,2023-09-23,CUST-01197,cust-01197@lumenmail.com,Décor,2,73.82,0.0,Email,US,
ORD-006947,2024-10-16,,guest@lumenmail.com,Furniture,2,151.2,0.1,Paid Search,US,
ORD-004611,02/09/2023,CUST-02295,cust-02295@lumenmail.com,Furniture,5,104.48,0.0,Organic,UK,control
ORD-007596,2024-11-15,CUST-02345,cust-02345@lumenmail.com,Furniture,1,22.25,0.05,Organic,US,
ORD-002041,2024-05-20,CUST-00036,cust-00036@lumenmail.com,Furniture,1,12.94,0.0,Email,US,
ORD-007958,2024-03-05,CUST-02770,cust-02770@lumenmail.com,Outdoor,1,28.41,0.05,Organic,US,variant
ORD-004947,25/10/2023,CUST-02883,cust-02883@lumenmail.com,Accessories,2,54.96,0.2,Email,US,variant
ORD-007290,06/01/2024,CUST-00253,cust-00253@lumenmail.com,Lighting,1,183.27,0.05,Paid Search,CA,
ORD-001338,2024-05-12,CUST-01473,cust-01473@lumenmail.com,Furniture,2,298.08,0.15,Email,US,control
ORD-001232,2024-12-29,CUST-02907,cust-02907@lumenmail.com,Décor,1,36.27,0.0,Paid Search,US,control
ORD-000473,2023-08-08,CUST-01443,cust-01443@lumenmail.com,Lighting,1,148.79,0.1,Email,CA,variant
ORD-006248,2024-10-28,CUST-00563,cust-00563@lumenmail.com,Lighting,2,466.45,0.0,Organic,US,
ORD-007136,2023-07-26,CUST-01076,cust-01076@lumenmail.com,Accessories,2,14.5,0.0,Email,US,control
ORD-003769,2024-11-06,CUST-01394,cust-01394@lumenmail.com,Lighting,1,38.78,0.15,Paid Search,US,
ORD-005009,28/05/2024,CUST-01258,cust-01258@lumenmail.com,Lighting,3,47.27,0.0,Social,UK,
ORD-008845,2024-03-24,CUST-00388,cust-00388@lumenmail.com,Furniture,1,27.52,0.0,Organic,US,variant
ORD-006718,2024-03-29,CUST-02715,cust-02715@lumenmail.com,Furniture,1,55.07,0.0,Paid Search,US,control
ORD-006485,2024-04-05,CUST-00841,cust-00841@lumenmail.com,Décor,2,395.27,0.25,Paid Search,ZZ,variant
ORD-000018,2023-10-06,CUST-01579,cust-01579@lumenmail.com,Décor,4,313.73,0.1,Paid Search,US,
ORD-002900,2023-12-08,CUST-02924,cust-02924@lumenmail.com,Furniture,3,43.08,0.2,Email,CA,
ORD-002717,2023-09-27,,guest@lumenmail.com,Lighting,2,39.15,15.0,Social,UK,variant
ORD-007499,2024-02-07,CUST-02578,cust-02578@lumenmail.com,Décor,-1,84.21,0.05,Social,US,
ORD-009325,2023-10-14,CUST-00002,cust-00002@lumenmail.com,Accessories,3,33.49,0.05,Social,US,
ORD-005503,2023-10-22,CUST-00565,cust-00565@lumenmail.com,Lighting,3,7.12,0.0,Organic,CA,variant
ORD-002655,2023-06-29,,guest@lumenmail.com,Accessories,1,180.28,0.0,Email,AU,
ORD-002905,2023-12-17,CUST-01185,cust-01185@lumenmail.com,Lighting,2,70.01,0.1,Organic,US,
ORD-004671,2024-12-08,CUST-00830,cust-00830@lumenmail.com,Lighting,4,5.21,0.0,Social,US,
ORD-008830,,CUST-02941,cust-02941@lumenmail.com,Lighting,2,23.78,0.0,Organic,US,
ORD-006490,01/11/2024,CUST-00530,cust-00530@lumenmail.com,Lighting,2,139.77,0.05,Paid Search,US,control
ORD-005312,2024-09-05,CUST-01923,cust-01923@lumenmail.com,Furniture,2,43.83,0.0,Social,US,variant
ORD-006550,2023-08-07,CUST-00293,cust-00293@lumenmail.com,Lighting,1,358.36,0.0,Paid Search,UK,variant
ORD-001345,2024-12-29,CUST-02581,cust-02581@lumenmail.com,Furniture,2,192.96,0.0,Paid Search,US,control
ORD-001786,2024-01-09,CUST-01992,cust-01992@lumenmail.com,Décor,4,676.75,0.0,Email,US,control
ORD-004245,2023-06-07,CUST-02675,cust-02675@lumenmail.com,Furniture,5,179.17,0.1,Organic,US,control
ORD-008511,2024-03-20,CUST-01788,cust-01788@lumenmail.com,Lighting,1,219.27,15.0,Paid Search,US,control
ORD-007554,2024-11-28,CUST-02824,cust-02824@lumenmail.com,Furniture,1,518.46,0.05,Email,US,control
ORD-000208,2023-08-07,CUST-01619,cust-01619@lumenmail.com,Lighting,-7,53.48,20.0,Paid Search,AU,variant
ORD-006950,2023-09-24,CUST-00792,cust-00792@lumenmail.com,Lighting,2,24.14,0.0,Paid Search,US,
ORD-008269,2023-07-19,CUST-02254,cust-02254@lumenmail.com,Outdoor,1,367.3,0.0,Organic,US,variant
ORD-008158,2023-11-18,CUST-00009,cust-00009@lumenmail.com,Décor,1,57.07,0.0,Paid Search,UK,control
ORD-000564,2024-07-23,,guest@lumenmail.com,Furniture,1,51.13,0.0,Paid Search,US,variant
ORD-007965,2024-01-21,CUST-02276,cust-02276@lumenmail.com,Outdoor,2,42.62,0.05,,CA,
ORD-006707,2023-06-28,CUST-00291,cust-00291@lumenmail.com,Furniture,2,83.25,0.05,Paid Search,US,
ORD-004156,2024-10-08,CUST-01350,cust-01350@lumenmail.com,Décor,7,37.51,0.05,Organic,AU,
ORD-007071,2023-12-17,CUST-01354,cust-01354@lumenmail.com,Lighting,1,187.72,0.0,Organic,US,
ORD-000548,2023-09-14,CUST-02969,cust-02969@lumenmail.com,Accessories,1,99.0,0.0,Paid Search,UK,
ORD-006367,10/06/2023,CUST-02177,cust-02177@lumenmail.com,Furniture,1,135.36,0.0,Email,US,
ORD-005775,2023-06-30,CUST-01144,cust-01144@lumenmail.com,Lighting,2,39.51,0.15,Social,US,
ORD-008271,2024-03-25,CUST-01199,cust-01199@lumenmail.com,Outdoor,1,362.33,0.0,Paid Search,US,
ORD-001692,2023-09-15,CUST-00277,cust-00277@lumenmail.com,Lighting,1,33.14,0.0,Paid Search,US,
ORD-009596,2024-10-30,CUST-02429,cust-02429@lumenmail.com,Lighting,1,31.05,0.05,Paid Search,CA,variant
ORD-008625,2023-11-12,,guest@lumenmail.com,Outdoor,2,69.26,0.0,Organic,CA,variant
ORD-003718,2023-08-22,CUST-00082,cust-00082@lumenmail.com,Lighting,1,22.31,0.0,Email,AU,
ORD-002113,2024-04-28,CUST-00105,cust-00105@lumenmail.com,Furniture,1,329.7,0.05,Paid Search,US,control
ORD-005611,2024-05-22,CUST-02719,cust-02719@lumenmail.com,Furniture,3,16.04,0.0,Paid Search,US,variant
ORD-008933,20/11/2024,CUST-00658,cust-00658@lumenmail.com,Décor,2,118.48,0.1,Organic,US,
ORD-007251,2024-06-03,CUST-02610,cust-02610@lumenmail.com,Furniture,2,95.39,0.0,Email,US,control
ORD-003070,2023-09-12,CUST-02427,cust-02427@lumenmail.com,Décor,3,296.33,0.0,,ZZ,variant
ORD-005825,2024-06-08,CUST-02483,cust-02483@lumenmail.com,Lighting,1,85.27,0.05,Email,US,control
ORD-008251,2023-08-31,CUST-01286,cust-01286@lumenmail.com,Décor,7,141.09,0.0,Organic,UK,
ORD-009370,2023-08-06,CUST-00278,cust-00278@lumenmail.com,Lighting,2,47.21,0.0,Organic,CA,
ORD-006677,01/11/2023,CUST-01435,cust-01435@lumenmail.com,Outdoor,3,6.88,0.0,Social,US,
ORD-006996,13/07/2024,CUST-00024,cust-00024@lumenmail.com,Décor,1,22.81,0.0,Paid Search,US,control
ORD-004734,2023-11-11,CUST-02925,cust-02925@lumenmail.com,Accessories,1,36.53,0.05,Organic,US,control
ORD-007601,2024-03-13,CUST-01869,cust-01869@lumenmail.com,Décor,2,37.95,0.1,Social,CA,variant
ORD-007128,2023-10-16,CUST-02779,cust-02779@lumenmail.com,Outdoor,6,53.99,10.0,Social,US,
ORD-009043,2023-06-06,CUST-00260,cust-00260@lumenmail.com,Furniture,6,58.86,0.0,Paid Search,US,variant
ORD-000400,2023-10-08,CUST-02501,cust-02501@lumenmail.com,Outdoor,1,56.18,0.0,Social,US,variant
ORD-005830,,CUST-02037,cust-02037@lumenmail.com,Décor,2,111.04,0.1,Paid Search,US,control
ORD-002767,2024-03-16,CUST-00006,cust-00006@lumenmail.com,Décor,1,152.69,0.05,Paid Search,AU,variant
ORD-004865,2023-08-26,CUST-02698,cust-02698@lumenmail.com,Furniture,2,39.29,0.05,Organic,CA,
ORD-005759,2024-03-22,CUST-02553,cust-02553@lumenmail.com,Furniture,1,444.06,0.2,Email,CA,
ORD-000922,2023-12-13,CUST-02215,cust-02215@lumenmail.com,Accessories,1,182.08,0.0,Paid Search,US,
ORD-006858,2024-09-25,CUST-02479,cust-02479@lumenmail.com,Furniture,1,682.73,0.0,Social,UK,control
ORD-008061,2023-06-12,,guest@lumenmail.com,Lighting,2,34.22,0.05,Organic,CA,
ORD-007501,2023-10-25,CUST-01854,cust-01854@lumenmail.com,Lighting,3,155.29,0.0,Email,US,variant
ORD-007295,2024-03-19,CUST-00904,cust-00904@lumenmail.com,Furniture,1,80.03,0.2,Paid Search,US,control
ORD-005129,2023-12-25,CUST-02449,cust-02449@lumenmail.com,Lighting,4,36.29,0.05,Paid Search,UK,variant
ORD-003377,2023-10-26,CUST-01358,cust-01358@lumenmail.com,Décor,5,48.46,0.25,Paid Search,UK,variant
ORD-002819,2023-07-14,CUST-01958,cust-01958@lumenmail.com,Furniture,1,7.45,0.15,Email,US,variant
ORD-006685,2023-06-22,CUST-00253,cust-00253@lumenmail.com,Furniture,1,9.72,0.05,Paid Search,US,variant
ORD-003831,2024-07-20,CUST-01224,cust-01224@lumenmail.com,Outdoor,1,77.08,0.0,Paid Search,CA,variant
ORD-003035,2024-02-02,CUST-01613,cust-01613@lumenmail.com,Accessories,1,782.09,0.05,Email,US,
ORD-003184,2023-08-05,CUST-02141,cust-02141@lumenmail.com,Furniture,2,34.1,0.0,Paid Search,UK,
ORD-000849,2023-09-02,CUST-01048,cust-01048@lumenmail.com,Lighting,3,69.08,0.0,Social,CA,
ORD-008735,2023-06-21,CUST-02624,cust-02624@lumenmail.com,Décor,3,49.93,0.15,Organic,US,
ORD-002062,2024-02-15,CUST-01539,cust-01539@lumenmail.com,Lighting,2,9.79,0.0,Paid Search,AU,variant
ORD-007612,2024-01-21,CUST-01300,cust-01300@lumenmail.com,Décor,3,80.56,0.15,Paid Search,US,variant
ORD-008389,2023-12-23,,guest@lumenmail.com,Furniture,3,235.9,0.1,Paid Search,US,variant
ORD-003883,2024-08-05,CUST-01610,cust-01610@lumenmail.com,Décor,2,5.59,0.0,Email,US,control
ORD-004434,2024-04-24,CUST-01903,cust-01903@lumenmail.com,Outdoor,1,26.96,0.0,Email,US,variant
ORD-001564,2024-07-21,CUST-01002,cust-01002@lumenmail.com,Furniture,1,28.36,0.0,Paid Search,UK,variant
ORD-004270,2024-01-11,CUST-02186,cust-02186@lumenmail.com,Lighting,1,74.02,0.15,Social,US,
ORD-003140,2023-07-05,CUST-00665,cust-00665@lumenmail.com,Décor,2,33.87,0.2,Paid Search,US,control
ORD-007828,2024-11-11,CUST-00807,cust-00807@lumenmail.com,Furniture,-2,95.91,0.1,Organic,US,control
ORD-007835,2024-06-23,,guest@lumenmail.com,Furniture,1,47.76,0.1,Social,AU,control
ORD-008211,01/07/2023,CUST-01608,cust-01608@lumenmail.com,Lighting,-1,142.37,0.1,Organic,US,
ORD-009011,2024-03-24,CUST-02314,cust-02314@lumenmail.com,Furniture,3,669.34,0.2,Email,US,
ORD-008122,23/07/2023,CUST-00190,cust-00190@lumenmail.com,Lighting,2,73.28,0.1,Paid Search,UK,variant
ORD-005697,2023-07-29,CUST-01822,cust-01822@lumenmail.com,lighting,4,12.14,0.05,Social,CA,
ORD-001205,2024-10-13,CUST-01286,cust-01286@lumenmail.com,Lighting,3,181.75,0.1,Social,CA,variant
ORD-001154,2024-08-24,CUST-00438,cust-00438@lumenmail.com,Furniture,1,48.13,0.05,Paid Search,CA,
ORD-002380,2024-10-24,CUST-01927,cust-01927@lumenmail.com,Accessories,1,162.3,0.0,Organic,UK,control
ORD-000025,2023-12-21,CUST-02291,cust-02291@lumenmail.com,Lighting,1,75.31,0.0,Paid Search,ZZ,control
ORD-005197,30/11/2023,CUST-00051,cust-00051@lumenmail.com,Décor,1,38.53,10.0,Organic,US,variant
ORD-000197,06/08/2024,,guest@lumenmail.com,Lighting,1,387.49,0.0,Email,UK,variant
ORD-001712,2024-01-27,CUST-02321,cust-02321@lumenmail.com,Décor,2,10.75,0.25,Paid Search,US,
ORD-008441,2024-07-14,,guest@lumenmail.com,Décor,4,313.93,0.05,Organic,US,
ORD-000255,2024-10-01,CUST-01457,cust-01457@lumenmail.com,Lighting,1,87.77,0.0,,US,variant
ORD-009471,2024-07-24,CUST-02227,cust-02227@lumenmail.com,Lighting,1,19.65,0.0,Organic,CA,
ORD-000742,2023-08-12,CUST-02073,cust-02073@lumenmail.com,Outdoor,2,11.94,0.15,Email,UK,variant
ORD-008587,2024-11-22,CUST-02070,cust-02070@lumenmail.com,Lighting,1,8.2,0.0,Organic,US,control
ORD-000403,2024-06-09,CUST-02819,cust-02819@lumenmail.com,Lighting,1,54.96,0.1,Paid Search,US,
ORD-000017,14/08/2023,CUST-01317,cust-01317@lumenmail.com,Outdoor,2,0.0,0.2,Email,US,control
ORD-001641,2024-01-20,CUST-02385,cust-02385@lumenmail.com,Accessories,6,111.21,0.05,Organic,US,control
ORD-002022,2023-12-30,CUST-01643,cust-01643@lumenmail.com,Furniture,1,522.16,0.1,Paid Search,AU,
ORD-004715,2024-09-07,CUST-01831,cust-01831@lumenmail.com,Lightng,1,49.27,0.1,Email,CA,variant
ORD-004176,2023-09-25,CUST-00366,cust-00366@lumenmail.com,Décor,2,10.69,0.2,Email,US,variant
ORD-002627,2024-02-27,CUST-01571,cust-01571@lumenmail.com,Lighting,2,17.43,0.0,Paid Search,ZZ,
ORD-004169,2023-06-06,CUST-02910,cust-02910@lumenmail.com,Accessories,1,251.0,0.2,Organic,US,control
ORD-004358,2024-07-16,CUST-00290,cust-00290@lumenmail.com,Outdoor,1,99.13,0.0,Social,US,control
ORD-006609,2023-06-24,CUST-02327,cust-02327@lumenmail.com,Décor,2,139.04,0.0,Social,US,control
ORD-007326,2023-11-29,CUST-01388,cust-01388@lumenmail.com,Décor,4,103.92,0.1,Paid Search,US,
ORD-002027,2023-09-25,CUST-02799,cust-02799@lumenmail.com,Lighting,1,175.56,0.0,Email,US,
ORD-003920,2023-09-05,CUST-01045,cust-01045@lumenmail.com,Lighting,1,126.02,0.05,Social,US,control
ORD-009223,2023-06-20,CUST-00169,cust-00169@lumenmail.com,Décor,1,78.96,0.0,Organic,US,control
ORD-001084,12/09/2023,CUST-02194,cust-02194@lumenmail.com,Lighting,1,83.14,0.05,Paid Search,US,variant
ORD-000862,2024-02-24,CUST-00373,cust-00373@lumenmail.com,Furniture,2,368.14,0.0,Email,US,
ORD-001866,2024-10-23,,guest@lumenmail.com,Décor,1,27.23,0.05,Organic,CA,control
ORD-002781,07/02/2024,CUST-01354,cust-01354@lumenmail.com,Lighting,3,46.36,0.05,Email,US,variant
ORD-007267,11/11/2024,CUST-01566,cust-01566@lumenmail.com,Décor,2,86.81,0.15,Social,US,control
ORD-009265,2024-03-28,CUST-00448,cust-00448@lumenmail.com,Décor,1,88.9,0.0,Paid Search,CA,variant
ORD-002747,2023-09-25,CUST-01363,cust-01363@lumenmail.com,Lighting,2,98.08,0.0,Paid Search,US,
ORD-009590,2024-05-31,,guest@lumenmail.com,Décor,1,37.06,0.0,Paid Search,US,variant
ORD-007831,2024-11-25,CUST-02954,cust-02954@lumenmail.com,Lighting,3,112.89,0.0,Email,UK,
ORD-001437,18/01/2024,CUST-00569,cust-00569@lumenmail.com,Accessories,-1,25.5,0.1,Email,US,variant
ORD-001240,2024-06-18,CUST-02504,cust-02504@lumenmail.com,Lighting,3,60.4,0.05,,US,variant
ORD-004271,2023-12-02,CUST-00240,cust-00240@lumenmail.com,Lighting,1,31.37,0.0,Email,US,variant
ORD-005380,2023-11-05,CUST-00579,cust-00579@lumenmail.com,Furniture,2,95.38,0.25,Paid Search,US,
ORD-009373,29/11/2024,CUST-01162,cust-01162@lumenmail.com,Lighting,-1,438.85,0.2,Paid Search,CA,variant
ORD-002756,26/05/2024,CUST-00659,cust-00659@lumenmail.com,Lighting,1,371.75,0.0,Paid Search,CA,variant
ORD-004927,04/12/2023,CUST-01294,cust-01294@lumenmail.com,Décor,1,136.15,0.2,Email,US,variant
ORD-008969,2023-10-31,CUST-01570,cust-01570@lumenmail.com,Lighting,4,26.33,0.0,Paid Search,US,variant
ORD-006823,2024-02-13,CUST-02513,cust-02513@lumenmail.com,Furniture,5,23.4,0.1,Paid Search,US,
ORD-007329,23/12/2024,CUST-02150,cust-02150@lumenmail.com,Décor,1,117.83,0.0,Paid Search,US,variant
ORD-004305,2024-01-25,CUST-01373,cust-01373@lumenmail.com,Furniture,2,210.52,0.0,Paid Search,US,
ORD-005521,2024-08-13,CUST-00698,cust-00698@lumenmail.com,Furniture,1,375.47,0.0,Paid Search,US,control
ORD-009188,2024-12-22,CUST-01388,cust-01388@lumenmail.com,Lighting,3,45.66,0.05,Paid Search,UK,control
ORD-000480,2024-03-08,CUST-00868,cust-00868@lumenmail.com,Décor,2,172.03,0.05,Organic,US,
ORD-007823,2023-11-12,CUST-00132,cust-00132@lumenmail.com,Lighting,1,6.8,0.0,Paid Search,US,control
ORD-006305,2023-09-04,CUST-00700,cust-00700@lumenmail.com,Furniture,-4,24.9,0.1,Organic,US,
ORD-004267,2024-07-31,CUST-01898,cust-01898@lumenmail.com,Outdoor,2,185.51,0.25,Paid Search,US,
ORD-007884,11/10/2023,,guest@lumenmail.com,Outdoor,1,362.69,0.0,Social,US,variant
ORD-005050,2024-04-21,CUST-01584,cust-01584@lumenmail.com,Accessories,2,37.94,0.05,Organic,US,
ORD-006237,13/04/2024,CUST-00402,cust-00402@lumenmail.com,Décor,3,229.55,0.05,Email,AU,
ORD-005742,2024-11-19,CUST-02942,cust-02942@lumenmail.com,Décor,1,89.49,0.0,Email,CA,
ORD-008454,2023-10-02,CUST-00531,cust-00531@lumenmail.com,Décor,2,82.92,0.15,Paid Search,UK,
ORD-004963,2024-09-26,CUST-01351,cust-01351@lumenmail.com,Décor,1,167.48,0.1,Paid Search,US,
ORD-007720,2023-07-07,CUST-02883,cust-02883@lumenmail.com,Furniture,2,196.71,0.15,Email,CA,variant
ORD-001476,2024-07-14,CUST-01392,cust-01392@lumenmail.com,Décor,2,34.79,0.1,Paid Search,US,
ORD-006912,2024-06-18,CUST-01724,cust-01724@lumenmail.com,Lighting,1,58.42,0.0,Social,US,control
ORD-004681,2024-12-03,CUST-01437,cust-01437@lumenmail.com,Lighting,1,89.44,0.0,Email,US,
ORD-000493,2024-07-12,CUST-00282,cust-00282@lumenmail.com,Décor,1,115.48,0.05,Paid Search,CA,variant
ORD-004881,2024-12-03,CUST-01666,cust-01666@lumenmail.com,Décor,1,18.18,0.15,Organic,CA,control
ORD-004854,2023-09-07,CUST-01521,cust-01521@lumenmail.com,Décor,1,23.83,10.0,Paid Search,US,variant
ORD-007739,2023-10-26,CUST-01086,cust-01086@lumenmail.com,Lighting,2,0.0,0.0,Organic,US,
ORD-005819,12/03/2024,CUST-02233,cust-02233@lumenmail.com,Furniture,1,21.43,0.0,Organic,US,control
ORD-005709,2023-10-17,CUST-00924,cust-00924@lumenmail.com,Outdoor,-2,13.9,0.0,Paid Search,CA,
ORD-006712,2023-08-21,CUST-00596,cust-00596@lumenmail.com,Lighting,1,61.05,0.0,Email,US,
ORD-000539,2024-11-05,CUST-00967,cust-00967@lumenmail.com,Lighting,1,43.17,0.05,Paid Search,CA,
ORD-005891,14/11/2024,,guest@lumenmail.com,Lighting,3,85.0,15.0,Paid Search,US,variant
ORD-008665,19/09/2024,CUST-02301,cust-02301@lumenmail.com,Furniture,1,92.21,0.0,Email,CA,
ORD-008670,2024-11-13,CUST-01079,cust-01079@lumenmail.com,Lighting,4,87.42,0.2,Social,US,control
ORD-002195,2024-02-29,CUST-02751,cust-02751@lumenmail.com,Outdoor,2,44.23,0.0,Paid Search,UK,
ORD-005886,2024-03-30,CUST-02325,cust-02325@lumenmail.com,Outdoor,3,31.87,0.0,Organic,US,control
ORD-003202,2024-04-22,CUST-01030,cust-01030@lumenmail.com,Lighting,4,186.92,0.0,Organic,CA,control
ORD-009299,2023-10-01,CUST-00545,cust-00545@lumenmail.com,Furniture,1,138.23,0.1,Email,US,variant
ORD-000074,2024-01-13,CUST-01074,cust-01074@lumenmail.com,Lighting,1,81.83,0.2,Organic,UK,control
ORD-006989,14/10/2023,CUST-02228,cust-02228@lumenmail.com,Lighting,3,258.48,0.1,Paid Search,US,variant
ORD-005341,06/10/2024,CUST-02043,cust-02043@lumenmail.com,Furniture,7,88.18,0.0,Paid Search,US,variant
ORD-008951,2024-10-29,CUST-01255,cust-01255@lumenmail.com,Outdoor,1,187.66,0.1,Organic,US,variant
ORD-006355,2024-06-17,CUST-00509,cust-00509@lumenmail.com,Outdoor,2,49.48,0.0,Email,US,variant
ORD-006993,2024-02-04,CUST-00679,cust-00679@lumenmail.com,Décor,4,153.55,0.1,Email,US,control
ORD-005153,2024-02-05,CUST-02199,cust-02199@lumenmail.com,Outdoor,2,154.13,0.2,Organic,UK,
ORD-002802,04/06/2023,CUST-00505,cust-00505@lumenmail.com,Furniture,2,192.29,0.15,Paid Search,US,
ORD-001335,2024-10-04,CUST-01976,cust-01976@lumenmail.com,Lighting,5,181.16,0.1,Email,CA,control
ORD-001451,07/10/2023,CUST-00666,cust-00666@lumenmail.com,Outdoor,3,65.48,0.0,Organic,US,control
ORD-002048,2024-06-13,CUST-02095,cust-02095@lumenmail.com,Lighting,3,46.82,0.15,Email,US,control
ORD-003559,2023-11-10,CUST-01811,cust-01811@lumenmail.com,Accessories,4,70.97,0.05,Organic,US,
ORD-000860,2023-08-07,CUST-02368,cust-02368@lumenmail.com,Outdoor,3,626.28,0.0,Paid Search,US,
ORD-005783,2024-09-29,CUST-00663,cust-00663@lumenmail.com,Lighting,1,6.16,0.0,Email,CA,control
ORD-002416,2024-04-05,CUST-00951,cust-00951@lumenmail.com,Lighting,1,31.02,10.0,Paid Search,US,control
ORD-008167,2023-07-02,CUST-02188,cust-02188@lumenmail.com,Lighting,6,159.1,0.1,Paid Search,UK,
ORD-006122,2023-08-29,CUST-02799,cust-02799@lumenmail.com,Outdoor,3,162.23,0.05,Email,US,control
ORD-005113,2024-06-21,CUST-01634,cust-01634@lumenmail.com,Lighting,1,81.56,0.1,Organic,US,variant
ORD-003562,2023-09-17,CUST-01797,cust-01797@lumenmail.com,Accessories,3,98.48,0.05,Email,CA,
ORD-000920,2024-03-27,CUST-00645,cust-00645@lumenmail.com,Décor,4,278.9,0.1,Paid Search,US,
ORD-003062,2023-06-24,CUST-02105,cust-02105@lumenmail.com,Décor,4,197.89,0.1,Paid Search,UK,control
ORD-005535,2023-09-12,CUST-02441,cust-02441@lumenmail.com,Furniture,3,152.2,0.0,Organic,US,
ORD-000472,2023-09-14,CUST-01685,cust-01685@lumenmail.com,Outdoor,2,32.17,0.0,Paid Search,US,variant
ORD-007280,2023-09-19,CUST-00037,cust-00037@lumenmail.com,Lighting,5,39.48,0.05,Email,CA,control
ORD-001128,2024-07-28,CUST-00148,cust-00148@lumenmail.com,Décor,1,39.56,0.15,Social,CA,
ORD-009071,2023-08-26,CUST-00226,cust-00226@lumenmail.com,Décor,1,166.82,0.15,Email,AU,
ORD-003560,2024-07-12,CUST-00846,cust-00846@lumenmail.com,Lighting,1,30.85,0.1,Email,US,
ORD-003966,2024-08-27,CUST-01078,cust-01078@lumenmail.com,Furniture,1,181.16,0.15,Paid Search,US,
ORD-001025,2024-06-28,CUST-00801,cust-00801@lumenmail.com,Accessories,3,24.36,0.2,Email,UK,variant
ORD-000061,2023-10-06,CUST-00022,cust-00022@lumenmail.com,Lighting,1,98.64,10.0,Social,CA,control
ORD-008184,2023-10-21,CUST-02371,cust-02371@lumenmail.com,Outdoor,1,28.92,0.0,Paid Search,ZZ,control
ORD-004704,2023-07-09,CUST-01534,cust-01534@lumenmail.com,Décor,3,115.57,0.1,Organic,US,variant
ORD-006793,2024-01-30,CUST-00606,cust-00606@lumenmail.com,Décor,4,85.55,0.1,Paid Search,CA,control
ORD-004199,2024-05-10,CUST-01892,cust-01892@lumenmail.com,Décor,3,382.01,0.1,Email,US,control
ORD-007410,2023-07-12,CUST-00760,cust-00760@lumenmail.com,Furniture,3,114.5,0.25,Paid Search,US,control
ORD-007526,2024-12-23,CUST-00434,cust-00434@lumenmail.com,Décor,2,26.94,0.0,Paid Search,US,
ORD-008341,2023-10-26,CUST-01231,cust-01231@lumenmail.com,Décor,1,429.33,0.05,Paid Search,US,control
ORD-003254,2023-12-02,CUST-02753,cust-02753@lumenmail.com,Lighting,1,57.1,0.1,Organic,US,control
ORD-007955,2024-05-15,CUST-01540,cust-01540@lumenmail.com,Accessories,3,91.28,10.0,Email,US,variant
ORD-003644,2023-10-27,CUST-02435,cust-02435@lumenmail.com,Furniture,2,328.59,0.25,Paid Search,US,
ORD-003916,2023-10-31,CUST-00393,cust-00393@lumenmail.com,Décor,3,37.7,0.15,Email,US,control
ORD-005525,2024-07-04,CUST-00393,cust-00393@lumenmail.com,Furniture,2,45.35,0.15,Email,US,
ORD-005800,2023-11-12,CUST-00485,cust-00485@lumenmail.com,Furniture,1,259.18,0.0,Social,US,control
ORD-006415,2023-07-25,CUST-02059,cust-02059@lumenmail.com,Lighting,4,55.41,0.05,Email,US,
ORD-006577,2024-01-22,CUST-00349,cust-00349@lumenmail.com,Furniture,2,16.5,20.0,Email,US,variant
ORD-007043,2023-11-21,CUST-02608,cust-02608@lumenmail.com,Décor,2,86.26,25.0,Social,UK,variant
ORD-004657,2024-06-23,CUST-02624,cust-02624@lumenmail.com,Lighting,1,26.91,0.0,Paid Search,US,control
ORD-001126,2023-12-20,CUST-01149,cust-01149@lumenmail.com,Lighting,1,138.3,0.0,Organic,US,variant
ORD-002308,2024-08-26,CUST-01968,cust-01968@lumenmail.com,Accessories,1,352.47,0.1,Paid Search,CA,control
ORD-009343,2023-06-17,CUST-02826,cust-02826@lumenmail.com,Furniture,1,16.24,0.0,Email,US,control
ORD-003802,2023-07-13,CUST-01813,cust-01813@lumenmail.com,Décor,1,24.9,0.05,Paid Search,US,variant
ORD-002191,2024-05-13,CUST-01508,cust-01508@lumenmail.com,Outdoor,1,172.04,0.1,Organic,CA,variant
ORD-006311,2024-10-17,CUST-02080,cust-02080@lumenmail.com,Accessories,3,101.78,0.0,Email,US,control
ORD-006747,2024-02-04,CUST-00521,cust-00521@lumenmail.com,Décor,1,37.5,0.15,Paid Search,US,variant
ORD-003079,2024-09-17,CUST-00049,cust-00049@lumenmail.com,Décor,4,355.73,0.1,Email,AU,
ORD-006930,2024-01-30,CUST-01860,cust-01860@lumenmail.com,Lighting,4,5.31,5.0,Paid Search,UK,control
ORD-004384,2024-11-27,CUST-02951,cust-02951@lumenmail.com,Décor,1,44.36,0.0,Email,US,variant
ORD-001847,2023-10-25,CUST-02968,cust-02968@lumenmail.com,Outdoor,2,147.87,0.05,Social,US,control
ORD-001030,2024-05-08,CUST-01275,cust-01275@lumenmail.com,Furniture,1,18.55,0.0,Organic,US,control
ORD-001190,2024-03-02,CUST-00392,cust-00392@lumenmail.com,Furniture,3,56.24,0.0,Paid Search,CA,variant
ORD-000967,2023-07-14,,guest@lumenmail.com,Lighting,-2,67.19,0.0,Paid Search,UK,control
ORD-008339,2023-12-26,CUST-01054,cust-01054@lumenmail.com,Furniture,2,117.52,0.0,Email,AU,
ORD-000618,2024-06-17,CUST-01411,cust-01411@lumenmail.com,Lighting,2,157.35,0.15,Paid Search,US,
ORD-001856,2023-09-10,CUST-01736,cust-01736@lumenmail.com,Lighting,2,40.48,0.1,Paid Search,US,
ORD-005431,2024-07-31,,guest@lumenmail.com,Décor,4,69.64,0.05,Paid Search,US,variant
ORD-008604,2023-12-30,CUST-02996,cust-02996@lumenmail.com,Décor,2,156.44,0.0,Email,US,
ORD-005477,2024-08-13,CUST-01673,cust-01673@lumenmail.com,Furniture,1,124.1,0.15,Paid Search,UK,
ORD-008607,2023-07-27,CUST-02471,cust-02471@lumenmail.com,Décor,1,174.97,0.2,Organic,UK,control
ORD-002586,2024-02-22,,guest@lumenmail.com,Décor,2,377.76,0.0,Organic,US,variant
ORD-000483,2024-07-24,CUST-01438,cust-01438@lumenmail.com,Furniture,2,12.88,0.05,Paid Search,US,variant
ORD-003172,20/02/2024,CUST-00179,cust-00179@lumenmail.com,Décor,1,75.35,0.1,Paid Search,US,control
ORD-003830,2024-07-10,CUST-02809,cust-02809@lumenmail.com,Lighting,5,29.04,0.0,Email,US,control
ORD-004904,2024-11-18,CUST-00839,cust-00839@lumenmail.com,Outdoor,2,180.26,0.0,Paid Search,UK,variant
ORD-003250,2024-10-02,CUST-01847,cust-01847@lumenmail.com,Décor,5,79.0,0.0,Email,CA,variant
ORD-003868,01/05/2024,CUST-01176,cust-01176@lumenmail.com,Lighting,2,582.17,0.0,Email,US,
ORD-004115,30/11/2024,CUST-01738,cust-01738@lumenmail.com,Accessories,-3,13.52,0.0,Email,AU,control
ORD-003822,2024-01-31,CUST-02019,cust-02019@lumenmail.com,Décor,2,44.87,0.0,Email,US,control
ORD-009494,2023-06-21,CUST-02821,cust-02821@lumenmail.com,Décor,2,94.34,0.05,Organic,US,variant
ORD-000711,2024-07-06,CUST-00984,cust-00984@lumenmail.com,Lighting,1,139.64,0.0,Social,ZZ,variant
ORD-006639,2024-06-12,CUST-01970,cust-01970@lumenmail.com,Lighting,1,22.36,0.05,Organic,CA,
ORD-003758,03/04/2024,CUST-00019,cust-00019@lumenmail.com,Décor,1,737.99,15.0,Organic,CA,control
ORD-006946,2023-12-31,CUST-02757,cust-02757@lumenmail.com,Décor,2,18.06,0.2,Email,AU,control
ORD-003094,2024-02-19,CUST-02634,cust-02634@lumenmail.com,Décor,1,496.13,0.0,Organic,US,control
ORD-006242,2024-11-07,CUST-01049,cust-01049@lumenmail.com,Décor,1,28.8,0.0,Email,US,variant
ORD-002867,2024-10-08,CUST-02193,cust-02193@lumenmail.com,Lighting,1,192.45,0.0,Social,US,control
ORD-007067,2024-11-11,CUST-02049,cust-02049@lumenmail.com,Décor,1,22.97,0.0,Paid Search,US,control
ORD-005331,2024-02-02,CUST-00409,cust-00409@lumenmail.com,Outdoor,7,48.76,0.1,Organic,US,
ORD-000843,14/10/2023,CUST-01861,cust-01861@lumenmail.com,Lighting,1,23.2,0.2,Paid Search,US,variant
ORD-005717,2023-07-18,CUST-00043,cust-00043@lumenmail.com,Lighting,1,375.78,0.05,Social,US,
ORD-001053,2024-11-16,CUST-01260,cust-01260@lumenmail.com,Décor,3,34.82,0.0,Paid Search,US,control
ORD-006837,2023-07-06,CUST-00287,cust-00287@lumenmail.com,Décor,4,191.81,0.0,Paid Search,CA,control
ORD-004805,2024-12-13,CUST-01964,cust-01964@lumenmail.com,Furniture,1,467.64,0.1,Paid Search,UK,
ORD-006126,2023-06-29,CUST-02931,cust-02931@lumenmail.com,Accessories,-1,29.97,0.15,Organic,US,variant
ORD-006483,2023-09-06,,guest@lumenmail.com,Furniture,3,234.99,0.05,Paid Search,US,variant
ORD-001616,18/07/2024,CUST-00333,cust-00333@lumenmail.com,Accessories,1,162.92,0.0,Organic,UK,
ORD-003054,13/11/2024,CUST-02202,cust-02202@lumenmail.com,Accessories,1,145.27,0.05,Organic,US,
ORD-000033,02/05/2024,CUST-00371,cust-00371@lumenmail.com,Décor,1,45.08,0.0,Paid Search,US,variant
ORD-004450,2024-10-14,CUST-01405,cust-01405@lumenmail.com,Accessories,2,78.98,0.05,Social,US,control
ORD-006448,2024-10-09,CUST-01504,cust-01504@lumenmail.com,Lighting,1,634.99,0.05,Social,US,control
ORD-000764,2024-01-26,,guest@lumenmail.com,Décor,7,68.76,0.0,,UK,
ORD-007702,2024-12-14,CUST-01038,cust-01038@lumenmail.com,Décor,3,115.11,0.0,Email,US,control
ORD-000120,2024-08-11,CUST-00940,cust-00940@lumenmail.com,Outdoor,1,111.49,0.0,Social,US,
ORD-008298,2023-08-01,CUST-02565,cust-02565@lumenmail.com,Décor,6,26.72,0.15,Email,US,
ORD-006396,2024-11-12,CUST-00092,cust-00092@lumenmail.com,Décor,-2,89.79,0.0,Paid Search,AU,variant
ORD-002442,2023-07-27,CUST-00114,cust-00114@lumenmail.com,lighting,2,92.15,0.0,Paid Search,US,
ORD-009165,2023-07-20,CUST-01356,cust-01356@lumenmail.com,Décor,2,32.53,0.05,Paid Search,CA,control
ORD-004875,2024-08-14,CUST-02872,cust-02872@lumenmail.com,Lighting,4,36.23,0.0,Email,US,variant
ORD-000955,2023-08-13,CUST-00396,cust-00396@lumenmail.com,Décor,3,173.68,0.1,Organic,US,
ORD-009024,2023-07-11,CUST-02484,cust-02484@lumenmail.com,Décor,1,762.48,0.15,Organic,US,
ORD-004159,2024-04-14,CUST-00057,cust-00057@lumenmail.com,Lighting,1,47.77,0.1,Paid Search,US,control
ORD-003629,2024-05-27,CUST-00815,cust-00815@lumenmail.com,Furniture,1,17.84,10.0,Paid Search,US,variant
ORD-001966,19/05/2024,CUST-01608,cust-01608@lumenmail.com,Outdoor,7,176.39,0.0,Paid Search,US,variant
ORD-000158,2023-08-31,CUST-00810,cust-00810@lumenmail.com,Lighting,4,35.71,0.0,Organic,US,variant
ORD-001039,2023-12-04,CUST-01216,cust-01216@lumenmail.com,Furniture,3,32.57,0.1,Paid Search,CA,variant
ORD-007789,19/12/2023,CUST-01797,cust-01797@lumenmail.com,Lighting,1,34.08,0.2,Social,US,
ORD-000381,2023-10-28,CUST-00229,cust-00229@lumenmail.com,Décor,2,39.51,0.0,Paid Search,US,
ORD-003547,2024-10-15,CUST-00242,cust-00242@lumenmail.com,Lighting,1,108.06,0.0,Email,UK,
ORD-004295,2024-06-21,CUST-02519,cust-02519@lumenmail.com,Décor,1,159.15,0.1,Social,US,
ORD-003899,2023-10-26,CUST-01823,cust-01823@lumenmail.com,Furniture,2,398.19,0.05,Organic,US,control
ORD-007561,19/11/2024,CUST-00085,cust-00085@lumenmail.com,Accessories,2,19.77,0.0,Social,US,variant
ORD-001270,2024-04-14,CUST-02584,cust-02584@lumenmail.com,Furniture,1,66.4,0.2,Paid Search,US,variant
ORD-003411,2023-10-04,CUST-01751,cust-01751@lumenmail.com,Accessories,1,112.77,0.0,Organic,US,
ORD-007489,2023-09-28,CUST-01784,cust-01784@lumenmail.com,Outdoor,3,189.63,0.0,Paid Search,US,control
ORD-007953,2024-12-29,CUST-01316,cust-01316@lumenmail.com,Outdoor,2,118.79,0.05,Email,ZZ,
ORD-006468,2024-01-23,CUST-02915,cust-02915@lumenmail.com,Lighting,1,48.47,0.05,,CA,variant
ORD-004282,2023-09-19,CUST-01948,cust-01948@lumenmail.com,Furniture,-4,340.18,0.05,Social,US,
ORD-008692,2024-05-23,CUST-00690,cust-00690@lumenmail.com,Lighting,7,40.9,15.0,Email,US,control
ORD-000470,2024-09-08,CUST-01094,cust-01094@lumenmail.com,Outdoor,3,24.83,0.0,Paid Search,US,control
ORD-006217,2023-08-17,,guest@lumenmail.com,Furniture,2,33.9,0.0,Email,US,
ORD-007622,2024-12-27,CUST-02966,cust-02966@lumenmail.com,Lighting,1,105.87,5.0,Paid Search,ZZ,variant
ORD-002632,2024-05-21,CUST-00330,cust-00330@lumenmail.com,lighting,1,62.74,0.15,,US,control
ORD-008662,2024-03-28,,guest@lumenmail.com,Accessories,1,153.48,0.0,Email,US,control
ORD-008492,25/10/2024,CUST-02403,cust-02403@lumenmail.com,Furniture,1,14.59,0.2,Email,US,control
ORD-003987,2023-09-04,CUST-00287,cust-00287@lumenmail.com,Lighting,1,91.98,15.0,Organic,US,control
ORD-006914,2024-11-30,CUST-02258,cust-02258@lumenmail.com,Outdoor,2,74.31,0.2,Social,CA,control
ORD-009391,2023-12-26,CUST-00666,cust-00666@lumenmail.com,Outdoor,2,44.92,0.0,Organic,AU,control
ORD-008729,2023-12-25,CUST-02642,cust-02642@lumenmail.com,Décor,2,271.56,0.0,Email,US,control
ORD-008847,2023-10-27,CUST-02005,cust-02005@lumenmail.com,Furniture,2,60.83,0.1,Paid Search,CA,control
ORD-006852,2024-04-24,CUST-02735,cust-02735@lumenmail.com,Décor,1,325.19,0.05,Organic,CA,
ORD-007284,2024-03-30,CUST-00055,cust-00055@lumenmail.com,Outdoor,2,236.9,0.0,Paid Search,US,
ORD-004452,2023-12-04,CUST-01268,cust-01268@lumenmail.com,Décor,3,108.96,5.0,Paid Search,US,variant
ORD-007903,2023-11-02,CUST-02656,cust-02656@lumenmail.com,Furniture,3,101.0,0.0,Email,US,control
ORD-007372,07/06/2024,CUST-01461,cust-01461@lumenmail.com,Lighting,2,307.15,0.15,Paid Search,US,variant
ORD-001890,18/04/2024,CUST-00546,cust-00546@lumenmail.com,Outdoor,1,89.22,0.15,Social,US,control
ORD-004771,2023-07-12,CUST-00147,cust-00147@lumenmail.com,Décor,1,153.21,0.0,Organic,US,variant
ORD-008983,2024-12-29,CUST-02196,cust-02196@lumenmail.com,Lighting,3,83.42,0.0,Email,US,variant
ORD-001212,11/05/2024,,guest@lumenmail.com,Furniture,2,134.82,0.25,Paid Search,UK,control
ORD-006181,2024-06-13,CUST-00636,cust-00636@lumenmail.com,Furniture,2,40.03,0.2,Paid Search,US,variant
ORD-008613,2024-07-26,CUST-00938,cust-00938@lumenmail.com,Lighting,2,34.1,0.0,Email,UK,
ORD-004406,2023-08-09,CUST-00110,cust-00110@lumenmail.com,Décor,7,32.59,0.2,,US,
ORD-007606,2024-10-30,CUST-02392,cust-02392@lumenmail.com,Lighting,1,25.17,10.0,Organic,US,
ORD-007543,2023-12-08,CUST-00839,cust-00839@lumenmail.com,Décor,1,350.19,0.15,,US,control
ORD-006733,2024-05-26,CUST-00501,cust-00501@lumenmail.com,Outdoor,1,13.17,0.0,Paid Search,UK,variant
ORD-007119,,CUST-00100,cust-00100@lumenmail.com,Outdoor,1,20.05,0.05,Organic,CA,control
ORD-003696,2024-10-22,CUST-02769,cust-02769@lumenmail.com,Furniture,5,7.54,0.0,Social,US,
ORD-009450,2024-01-13,CUST-00519,cust-00519@lumenmail.com,Outdoor,1,21.22,0.1,Organic,US,variant
ORD-009249,2024-04-27,CUST-01619,cust-01619@lumenmail.com,Outdoor,1,695.85,0.2,Paid Search,US,
ORD-009175,2023-08-07,CUST-01188,cust-01188@lumenmail.com,Accessoires,6,11.12,0.0,Paid Search,CA,variant
ORD-007783,2024-10-07,CUST-02544,cust-02544@lumenmail.com,Décor,2,21.18,0.0,Paid Search,US,control
ORD-000478,2024-07-15,CUST-00264,cust-00264@lumenmail.com,Décor,1,527.96,0.05,Social,UK,
ORD-007921,2024-05-13,CUST-02319,cust-02319@lumenmail.com,Lighting,1,74.34,0.2,Paid Search,US,
ORD-000726,2024-06-03,CUST-01582,cust-01582@lumenmail.com,Lighting,1,554.88,0.0,Paid Search,US,control
ORD-008209,2023-10-07,,guest@lumenmail.com,Décor,1,30.41,0.0,Organic,UK,control
ORD-003310,2024-09-18,CUST-01944,cust-01944@lumenmail.com,Lighting,2,198.09,0.05,Paid Search,AU,control
ORD-004505,05/04/2024,CUST-01371,cust-01371@lumenmail.com,Furniture,4,17.75,0.05,Social,CA,variant
ORD-007237,2024-06-06,CUST-01694,cust-01694@lumenmail.com,Lighting,1,10.66,0.0,Organic,AU,control
ORD-004455,2023-11-27,CUST-02708,cust-02708@lumenmail.com,Lighting,3,69.78,0.05,Email,UK,variant
ORD-009151,2024-10-09,CUST-02133,cust-02133@lumenmail.com,Décor,1,174.73,0.1,Paid Search,US,variant
ORD-001817,2024-03-22,CUST-01765,cust-01765@lumenmail.com,Furniture,1,57.03,0.2,Email,US,variant
ORD-005745,2023-11-01,CUST-02866,cust-02866@lumenmail.com,Furniture,2,242.57,0.1,Paid Search,CA,control
ORD-000401,2024-09-17,,guest@lumenmail.com,Outdoor,1,370.17,0.0,Organic,US,variant
ORD-003692,2024-04-10,CUST-00502,cust-00502@lumenmail.com,Furniture,2,37.79,0.0,Email,CA,variant
ORD-008301,2024-03-10,,guest@lumenmail.com,Décor,1,91.07,0.05,Organic,CA,control
ORD-004753,2023-10-21,CUST-02997,cust-02997@lumenmail.com,Décor,4,31.93,0.15,Paid Search,US,variant
ORD-001547,2023-10-22,CUST-00648,cust-00648@lumenmail.com,Lighting,2,307.92,0.05,Organic,ZZ,
ORD-002001,2023-06-08,CUST-00392,cust-00392@lumenmail.com,Lighting,1,41.19,0.0,Organic,US,variant
ORD-003695,2024-07-03,CUST-00336,cust-00336@lumenmail.com,Furniture,2,184.77,0.0,Social,US,control
ORD-005252,2024-08-06,CUST-01377,cust-01377@lumenmail.com,Furniture,1,59.91,0.2,Paid Search,US,
ORD-004281,2024-07-26,CUST-01812,cust-01812@lumenmail.com,Accessories,2,278.59,10.0,Organic,US,control
ORD-001483,2024-05-29,CUST-00919,cust-00919@lumenmail.com,Lightng,1,338.77,0.05,Paid Search,US,variant
ORD-009585,17/06/2023,CUST-02502,cust-02502@lumenmail.com,Outdoor,1,29.09,0.0,Social,CA,
ORD-005674,2024-06-23,,guest@lumenmail.com,Décor,1,141.53,0.15,Email,US,
ORD-009185,2023-11-22,CUST-02233,cust-02233@lumenmail.com,Lighting,4,225.05,0.0,Paid Search,US,
ORD-000137,2024-03-18,CUST-00828,cust-00828@lumenmail.com,Lighting,1,393.84,0.0,Social,CA,variant
ORD-004135,2024-01-15,CUST-00584,cust-00584@lumenmail.com,Décor,3,93.26,0.0,Social,US,control
ORD-004161,2024-05-17,,guest@lumenmail.com,Décor,2,274.25,0.15,Paid Search,CA,
ORD-005422,2023-08-11,CUST-02146,cust-02146@lumenmail.com,Décor,6,26.18,0.0,Paid Search,US,variant
ORD-002763,24/12/2023,CUST-00906,cust-00906@lumenmail.com,Décor,4,92.89,0.0,Email,US,
ORD-000289,2024-04-05,CUST-01946,cust-01946@lumenmail.com,Lighting,3,263.82,0.0,Organic,US,
ORD-001698,2024-05-30,CUST-01216,cust-01216@lumenmail.com,Décor,1,174.8,0.0,Paid Search,AU,
ORD-004758,2023-11-29,CUST-01240,cust-01240@lumenmail.com,Furniture,1,224.79,0.0,Paid Search,UK,control
ORD-006873,2023-06-21,CUST-02553,cust-02553@lumenmail.com,Furniture,3,152.99,0.1,Email,AU,control
ORD-003297,2023-12-15,CUST-01248,cust-01248@lumenmail.com,Décor,5,587.55,0.15,Email,US,variant
ORD-001516,2024-03-14,CUST-00927,cust-00927@lumenmail.com,Décor,2,27.31,0.05,Paid Search,US,variant
ORD-005636,27/07/2023,,guest@lumenmail.com,Lighting,5,6.1,0.0,Social,US,variant
ORD-001370,2023-07-06,CUST-01724,cust-01724@lumenmail.com,Lighting,4,53.81,0.0,Organic,US,
ORD-009222,2023-10-22,CUST-02346,cust-02346@lumenmail.com,Décor,2,44.49,0.25,Organic,US,
ORD-001385,2023-12-14,CUST-00353,cust-00353@lumenmail.com,Furniture,1,48.97,10.0,Paid Search,UK,
ORD-003859,2023-08-24,CUST-00165,cust-00165@lumenmail.com,Décor,2,89.85,0.0,Email,US,variant
ORD-005578,2024-10-03,CUST-00615,cust-00615@lumenmail.com,Outdoor,1,0.0,0.15,Email,AU,
ORD-007645,2024-03-27,CUST-01710,cust-01710@lumenmail.com,Accessories,1,31.7,0.2,Social,US,control
ORD-007807,2024-01-12,CUST-02160,cust-02160@lumenmail.com,Lighting,2,283.06,0.1,Paid Search,CA,
ORD-003887,2023-12-12,CUST-01989,cust-01989@lumenmail.com,Lighting,4,7.27,0.05,Social,US,variant
ORD-001111,2023-06-30,CUST-00001,cust-00001@lumenmail.com,Décor,2,683.16,0.15,Email,US,
ORD-004698,2024-12-17,CUST-01796,cust-01796@lumenmail.com,Lighting,1,17.84,0.0,Organic,US,
ORD-005892,01/12/2023,CUST-01500,cust-01500@lumenmail.com,Accessories,2,179.59,0.05,Paid Search,CA,control
ORD-004700,2024-04-24,CUST-01343,cust-01343@lumenmail.com,Lighting,2,24.17,0.0,Paid Search,US,variant
ORD-002556,2023-09-21,CUST-00585,cust-00585@lumenmail.com,Outdoor,1,65.52,0.25,Paid Search,US,
ORD-005561,2023-11-09,CUST-01623,cust-01623@lumenmail.com,Lighting,1,171.89,0.0,Organic,US,
ORD-008789,2023-09-26,CUST-02072,cust-02072@lumenmail.com,Décor,1,60.53,10.0,Paid Search,UK,
ORD-007312,09/12/2024,,guest@lumenmail.com,Décor,2,55.12,0.05,Email,US,variant
ORD-000487,2023-12-17,CUST-01556,cust-01556@lumenmail.com,Outdoor,3,15.15,0.0,Organic,US,
ORD-004231,2024-02-26,CUST-01128,cust-01128@lumenmail.com,Décor,1,163.89,0.0,Paid Search,US,
ORD-000889,2024-08-13,CUST-02740,cust-02740@lumenmail.com,Outdoor,2,308.82,0.0,Social,US,variant
ORD-001036,09/02/2024,CUST-01529,cust-01529@lumenmail.com,Furniture,1,0.0,0.0,Email,US,control
ORD-006813,2023-10-05,CUST-00237,cust-00237@lumenmail.com,Lighting,1,0.0,0.0,Paid Search,US,variant
ORD-007887,2023-08-26,,guest@lumenmail.com,Lighting,-1,137.79,0.05,Email,UK,
ORD-008809,2024-06-01,CUST-02384,cust-02384@lumenmail.com,Furniture,1,46.24,0.15,Social,US,variant
ORD-003729,10/11/2024,CUST-00666,cust-00666@lumenmail.com,Furniture,4,42.49,0.0,Paid Search,US,
ORD-008005,2023-11-09,CUST-00767,cust-00767@lumenmail.com,Décor,2,62.68,0.0,Email,CA,control
ORD-005901,2023-09-08,CUST-01053,cust-01053@lumenmail.com,Outdoor,7,194.31,0.0,Social,US,
ORD-004168,2024-05-26,CUST-02115,cust-02115@lumenmail.com,Lighting,1,91.33,0.15,Social,US,variant
ORD-001202,2024-05-31,CUST-01496,cust-01496@lumenmail.com,Décor,1,0.0,0.0,Organic,UK,variant
ORD-001452,2023-12-14,,guest@lumenmail.com,Lighting,1,347.33,0.0,Paid Search,US,
ORD-001209,2024-05-23,CUST-01997,cust-01997@lumenmail.com,Décor,4,299.35,0.15,,US,control
ORD-008437,2023-07-11,CUST-00277,cust-00277@lumenmail.com,Décor,3,51.24,0.0,Organic,US,
ORD-008821,2023-06-29,CUST-00591,cust-00591@lumenmail.com,Décor,1,86.61,0.0,Organic,US,control
ORD-002290,2023-06-12,CUST-00562,cust-00562@lumenmail.com,Furniture,1,252.74,0.1,Paid Search,US,variant
ORD-001453,23/09/2024,CUST-00560,cust-00560@lumenmail.com,Décor,3,16.0,0.05,Organic,US,control
ORD-007613,2023-07-21,CUST-01409,cust-01409@lumenmail.com,Décor,1,12.08,0.0,Email,CA,variant
ORD-005723,2024-09-29,CUST-00223,cust-00223@lumenmail.com,Furniture,2,54.75,0.0,Email,US,
ORD-003082,2024-11-01,CUST-01869,cust-01869@lumenmail.com,Lighting,-2,145.21,0.0,Social,US,variant
ORD-002602,2024-07-01,CUST-01630,cust-01630@lumenmail.com,Outdoor,1,41.79,0.0,Email,US,variant
ORD-007901,2024-04-24,CUST-02023,cust-02023@lumenmail.com,Lighting,2,85.51,0.0,Organic,US,
ORD-004912,2024-07-09,CUST-02809,cust-02809@lumenmail.com,Lighting,1,188.56,0.0,Paid Search,US,
ORD-002446,2023-06-28,CUST-00420,cust-00420@lumenmail.com,Décor,2,63.58,5.0,Email,CA,
ORD-009129,2024-12-13,CUST-01795,cust-01795@lumenmail.com,Lighting,2,24.63,0.05,,US,
ORD-005873,2024-11-21,CUST-02360,cust-02360@lumenmail.com,Décor,2,37.22,0.0,Paid Search,US,variant
ORD-000523,2024-04-07,CUST-01983,cust-01983@lumenmail.com,Lighting,4,22.96,0.15,Paid Search,US,
ORD-003809,2024-04-14,CUST-02608,cust-02608@lumenmail.com,Lighting,2,192.98,0.0,Email,US,
ORD-001678,2023-10-22,CUST-01217,cust-01217@lumenmail.com,Décor,1,5.28,0.15,Paid Search,US,control
ORD-004789,2024-11-30,CUST-00479,cust-00479@lumenmail.com,Lighting,1,504.22,0.15,Social,CA,control
ORD-001021,2023-07-27,CUST-02971,cust-02971@lumenmail.com,Décor,6,155.66,0.1,Email,US,variant
ORD-000336,2024-11-15,CUST-01495,cust-01495@lumenmail.com,Outdoor,1,138.55,0.0,Organic,UK,variant
ORD-008883,2023-09-19,CUST-02008,cust-02008@lumenmail.com,Lighting,2,81.94,0.0,Paid Search,US,control
ORD-007752,11/04/2024,CUST-02363,cust-02363@lumenmail.com,Outdoor,3,93.11,0.0,Email,US,variant
ORD-004863,2024-02-16,CUST-02035,cust-02035@lumenmail.com,Outdoor,1,50.65,0.0,Email,US,
ORD-007718,2023-12-27,CUST-02530,cust-02530@lumenmail.com,Outdoor,1,63.91,0.0,Organic,US,control
ORD-002075,2024-03-29,CUST-00429,cust-00429@lumenmail.com,Lighting,1,101.23,0.0,Email,US,variant
ORD-006697,2023-06-10,CUST-02749,cust-02749@lumenmail.com,Lighting,1,88.46,0.1,Paid Search,US,variant
ORD-007517,30/05/2024,CUST-00817,cust-00817@lumenmail.com,Lightng,1,82.1,0.1,Organic,CA,variant
ORD-002999,2023-06-25,CUST-02364,cust-02364@lumenmail.com,Décor,1,263.09,0.05,Social,US,
ORD-007677,2024-12-09,CUST-01949,cust-01949@lumenmail.com,Lighting,3,29.57,0.05,Paid Search,US,variant
ORD-001057,2023-09-03,CUST-00119,cust-00119@lumenmail.com,Lighting,4,87.43,0.0,Social,UK,variant
ORD-003386,,CUST-00499,cust-00499@lumenmail.com,Outdoor,2,90.76,0.05,Email,US,control
ORD-000681,2023-12-30,CUST-00475,cust-00475@lumenmail.com,Décor,7,122.05,0.0,Organic,US,
ORD-006973,2023-06-12,CUST-00533,cust-00533@lumenmail.com,Accessories,1,28.58,0.0,Organic,UK,control
ORD-000693,,CUST-00516,cust-00516@lumenmail.com,Décor,2,733.18,0.1,Email,US,control
ORD-006556,2024-09-07,CUST-02248,cust-02248@lumenmail.com,Lighting,1,68.91,0.05,Organic,US,control
ORD-002322,2024-07-14,CUST-00291,cust-00291@lumenmail.com,Furniture,5,74.46,0.0,Organic,US,control
ORD-001738,2024-06-22,CUST-02184,cust-02184@lumenmail.com,Outdoor,2,96.43,0.05,Email,US,control
ORD-008849,2024-09-20,CUST-01599,cust-01599@lumenmail.com,Lighting,5,369.85,0.1,Organic,US,control
ORD-003634,21/10/2024,,guest@lumenmail.com,Accessories,1,40.91,0.0,Paid Search,AU,control
ORD-007993,2024-04-30,CUST-00789,cust-00789@lumenmail.com,lighting,1,199.89,0.05,Social,US,control
ORD-000037,2023-08-09,CUST-01748,cust-01748@lumenmail.com,Décor,1,0.0,0.1,Paid Search,US,
ORD-004851,2023-08-05,CUST-02367,cust-02367@lumenmail.com,Décor,1,122.77,0.15,Email,CA,
ORD-008311,23/06/2024,CUST-01877,cust-01877@lumenmail.com,Furniture,1,541.85,0.0,Social,US,
ORD-004792,2024-12-06,CUST-00258,cust-00258@lumenmail.com,Lighting,1,184.76,0.1,Organic,US,
ORD-009442,2024-03-24,CUST-02534,cust-02534@lumenmail.com,Décor,3,110.66,0.0,Organic,AU,
ORD-002396,2024-06-12,CUST-01313,cust-01313@lumenmail.com,Lighting,2,50.6,0.0,Paid Search,US,
ORD-007633,2024-09-30,CUST-01639,cust-01639@lumenmail.com,Furniture,-1,26.29,0.05,Organic,CA,
ORD-001018,2023-09-19,CUST-01693,cust-01693@lumenmail.com,Lighting,1,16.75,0.05,Organic,US,control
ORD-005068,12/08/2023,CUST-02571,cust-02571@lumenmail.com,Lighting,1,175.43,0.0,Email,US,
ORD-002160,2024-05-08,CUST-00703,cust-00703@lumenmail.com,Décor,4,54.3,0.0,Email,US,variant
ORD-006389,2024-01-19,CUST-01173,cust-01173@lumenmail.com,Décor,3,127.8,0.0,Organic,US,
ORD-009227,2024-12-02,CUST-01358,cust-01358@lumenmail.com,Furniture,1,46.8,0.05,Organic,CA,
ORD-003635,2024-11-28,CUST-00130,cust-00130@lumenmail.com,Outdoor,4,51.22,0.05,Paid Search,AU,control
ORD-001584,2024-01-20,CUST-02662,cust-02662@lumenmail.com,Outdoor,1,30.35,0.0,Paid Search,AU,control
ORD-004480,,CUST-00874,cust-00874@lumenmail.com,Décor,2,99.17,0.2,Social,US,variant
ORD-003903,2024-01-31,CUST-00172,cust-00172@lumenmail.com,Décor,1,115.18,0.1,Email,US,control
ORD-007121,2024-11-28,CUST-01192,cust-01192@lumenmail.com,Lighting,1,46.38,0.0,Email,US,control
ORD-002018,2023-11-02,CUST-00718,cust-00718@lumenmail.com,Lighting,1,87.95,0.2,Email,CA,
ORD-003392,2024-04-23,CUST-01020,cust-01020@lumenmail.com,Décor,1,527.36,0.1,Social,US,
ORD-002943,2024-08-10,CUST-02236,cust-02236@lumenmail.com,Lighting,2,382.3,0.0,Social,US,
ORD-009184,2023-12-24,CUST-02663,cust-02663@lumenmail.com,Outdoor,2,22.83,0.05,Organic,US,
ORD-006216,2023-10-30,CUST-01090,cust-01090@lumenmail.com,Accessories,1,300.58,0.0,Organic,CA,
ORD-005541,2024-12-11,CUST-01360,cust-01360@lumenmail.com,Décor,2,67.19,0.0,Email,ZZ,control
ORD-003047,2024-09-30,CUST-01304,cust-01304@lumenmail.com,Lighting,2,517.05,0.15,Email,US,control
ORD-003233,2024-03-17,CUST-00424,cust-00424@lumenmail.com,Outdoor,1,689.0,0.15,Paid Search,US,control
ORD-006985,19/12/2024,,guest@lumenmail.com,Lighting,2,111.36,0.0,Organic,US,variant
ORD-005955,2023-09-21,CUST-01902,cust-01902@lumenmail.com,Outdoor,5,6.49,0.15,Email,US,control
ORD-000858,2024-09-27,CUST-01312,cust-01312@lumenmail.com,Furniture,2,360.29,0.15,Paid Search,US,control
ORD-009102,2024-01-22,CUST-01158,cust-01158@lumenmail.com,Furniture,3,15.69,0.1,,US,
ORD-008355,2024-04-28,CUST-02420,cust-02420@lumenmail.com,Décor,1,0.0,0.0,Email,US,variant
ORD-002822,2024-07-31,CUST-00485,cust-00485@lumenmail.com,Furniture,1,259.01,0.0,Social,CA,
ORD-007355,2024-05-18,CUST-02289,cust-02289@lumenmail.com,Furniture,1,333.84,0.0,Paid Search,US,control
ORD-009397,16/05/2024,,guest@lumenmail.com,Décor,3,187.05,0.2,Email,US,control
ORD-006145,03/08/2024,CUST-00427,cust-00427@lumenmail.com,Décor,2,45.03,0.1,Email,UK,
ORD-007872,2023-08-14,CUST-02157,cust-02157@lumenmail.com,Décor,1,349.17,0.0,Email,UK,
ORD-007294,2024-06-06,,guest@lumenmail.com,Accessoires,4,45.5,0.0,Paid Search,US,
ORD-000002,2023-12-02,CUST-02734,cust-02734@lumenmail.com,Furniture,1,10.7,0.25,Paid Search,US,variant
ORD-007668,2024-01-28,CUST-01200,cust-01200@lumenmail.com,Outdoor,2,184.13,0.2,Email,AU,variant
ORD-008804,2023-12-31,CUST-01696,cust-01696@lumenmail.com,Outdoor,3,185.76,0.1,Email,US,control
ORD-005320,2024-11-26,CUST-01832,cust-01832@lumenmail.com,Lighting,1,64.17,0.1,Organic,US,control
ORD-009089,2023-09-17,CUST-02195,cust-02195@lumenmail.com,lighting,2,36.57,0.05,Social,US,
ORD-004332,2024-08-28,CUST-01774,cust-01774@lumenmail.com,Furniture,4,224.16,0.0,Paid Search,US,
ORD-007248,2024-10-13,CUST-01659,cust-01659@lumenmail.com,Lighting,1,67.44,0.0,Social,UK,
ORD-000154,2024-04-30,CUST-01213,cust-01213@lumenmail.com,Lighting,-3,61.72,0.0,Email,UK,variant
ORD-005806,2023-12-17,CUST-01946,cust-01946@lumenmail.com,Lighting,4,84.21,0.15,Paid Search,US,
ORD-002244,2024-02-15,CUST-01523,cust-01523@lumenmail.com,Lighting,2,145.46,0.05,Social,US,control
ORD-007105,2024-01-01,CUST-02284,cust-02284@lumenmail.com,Accessories,1,19.55,0.15,Organic,US,
ORD-003337,06/02/2024,CUST-01412,cust-01412@lumenmail.com,Lighting,1,95.1,0.0,Organic,US,control
ORD-005705,2023-07-09,CUST-00210,cust-00210@lumenmail.com,Furniture,4,238.45,25.0,Paid Search,US,variant
ORD-003170,2024-05-19,CUST-02372,cust-02372@lumenmail.com,Furniture,1,143.49,0.05,Email,US,control
ORD-000150,2023-07-04,CUST-02168,cust-02168@lumenmail.com,Lighting,3,212.46,0.2,Organic,UK,variant
ORD-009519,2024-10-02,CUST-00870,cust-00870@lumenmail.com,Lighting,5,103.84,10.0,Email,CA,control
ORD-005595,2024-02-01,,guest@lumenmail.com,Décor,2,37.21,0.0,Email,US,
ORD-004084,2024-09-21,CUST-02901,cust-02901@lumenmail.com,Outdoor,4,64.1,0.0,Email,UK,control
ORD-002792,2024-06-06,CUST-01767,cust-01767@lumenmail.com,Décor,1,317.21,0.0,Email,US,control
ORD-000630,2024-12-22,CUST-01557,cust-01557@lumenmail.com,Lighting,2,26.05,0.0,Paid Search,AU,variant
ORD-003032,2023-08-24,CUST-01886,cust-01886@lumenmail.com,Outdoor,1,75.59,0.05,Email,US,
ORD-000848,2024-05-04,CUST-00006,cust-00006@lumenmail.com,Lighting,1,6.12,0.0,Email,UK,variant
ORD-001798,2024-01-14,CUST-00979,cust-00979@lumenmail.com,lighting,1,24.25,0.0,Social,UK,control
ORD-002471,2023-07-14,CUST-00530,cust-00530@lumenmail.com,Lighting,1,221.64,0.15,Paid Search,US,control
ORD-001759,2024-02-24,CUST-01678,cust-01678@lumenmail.com,Décor,4,62.14,0.0,Paid Search,US,variant
ORD-000847,2024-02-18,CUST-00001,cust-00001@lumenmail.com,Lighting,4,38.66,0.0,Paid Search,US,
ORD-003931,2024-03-14,CUST-01870,cust-01870@lumenmail.com,Lighting,5,37.94,0.05,Email,CA,control
ORD-000908,2024-09-25,CUST-00093,cust-00093@lumenmail.com,Outdoor,1,581.75,0.0,Email,US,control
ORD-008378,13/05/2024,,guest@lumenmail.com,Décor,1,81.64,0.0,Paid Search,US,control
ORD-008899,2023-10-12,CUST-01391,cust-01391@lumenmail.com,Outdoor,1,143.89,0.05,Email,US,
ORD-001220,2024-08-28,CUST-01755,cust-01755@lumenmail.com,Décor,1,325.82,0.05,Email,US,control
ORD-000670,28/09/2024,CUST-01373,cust-01373@lumenmail.com,Furniture,3,19.44,0.0,Paid Search,CA,
ORD-005566,14/09/2023,CUST-02364,cust-02364@lumenmail.com,Décor,1,11.11,0.0,Email,US,control
ORD-000128,2023-09-07,CUST-01324,cust-01324@lumenmail.com,Décor,3,149.35,0.0,Organic,US,control
ORD-003496,27/05/2024,CUST-02225,cust-02225@lumenmail.com,Décor,2,76.28,0.05,Email,CA,
ORD-000570,2024-09-27,CUST-00388,cust-00388@lumenmail.com,Furniture,1,108.63,0.05,Organic,CA,
ORD-006342,08/04/2024,CUST-01986,cust-01986@lumenmail.com,Accessories,1,370.44,0.1,Paid Search,CA,
ORD-002636,2023-07-03,CUST-00786,cust-00786@lumenmail.com,Lighting,4,46.56,0.0,Social,UK,control
ORD-008784,2023-11-01,,guest@lumenmail.com,Lighting,2,89.44,0.0,Social,US,control
ORD-004962,2023-09-29,CUST-00067,cust-00067@lumenmail.com,Outdoor,1,151.06,0.0,Email,US,
ORD-008583,26/05/2024,CUST-00454,cust-00454@lumenmail.com,Outdoor,1,42.76,0.2,Paid Search,ZZ,control
ORD-006213,2023-06-15,CUST-00508,cust-00508@lumenmail.com,Outdoor,1,21.78,0.1,Email,ZZ,control
ORD-004451,2023-11-17,CUST-01831,cust-01831@lumenmail.com,Lighting,1,38.73,0.0,Paid Search,US,variant
ORD-002836,2023-11-19,CUST-02845,cust-02845@lumenmail.com,Outdoor,4,282.81,0.25,Social,US,control
ORD-008658,23/09/2023,CUST-01672,cust-01672@lumenmail.com,Lighting,4,21.72,0.05,Organic,US,control
ORD-007432,2023-07-01,CUST-02748,cust-02748@lumenmail.com,Lighting,1,12.46,0.0,Organic,US,control
ORD-006795,13/11/2023,CUST-02830,cust-02830@lumenmail.com,Lighting,3,499.81,0.2,Email,US,variant
ORD-005531,2024-10-13,CUST-00309,cust-00309@lumenmail.com,Lighting,1,118.0,0.0,Organic,US,
ORD-001470,2024-07-12,CUST-02947,cust-02947@lumenmail.com,Outdoor,3,5.61,0.2,Email,US,control
ORD-006924,2024-11-15,,guest@lumenmail.com,Décor,1,142.1,0.0,Paid Search,CA,variant
ORD-002566,2023-11-22,,guest@lumenmail.com,Lighting,1,15.97,0.0,Email,CA,
ORD-004783,2024-10-28,CUST-00205,cust-00205@lumenmail.com,Décor,1,0.0,0.1,Paid Search,US,variant
ORD-004896,2023-07-04,CUST-02203,cust-02203@lumenmail.com,Lighting,1,220.51,0.0,Email,US,
ORD-002305,2024-05-06,CUST-00402,cust-00402@lumenmail.com,Lighting,4,162.19,0.0,Email,US,control
ORD-003584,2024-08-04,CUST-02901,cust-02901@lumenmail.com,Décor,6,77.85,0.05,Email,ZZ,variant
ORD-001396,2024-08-07,CUST-01418,cust-01418@lumenmail.com,Décor,1,324.31,0.05,Paid Search,UK,variant
ORD-007103,2023-07-01,CUST-01338,cust-01338@lumenmail.com,Furniture,2,13.53,0.2,Paid Search,US,control
ORD-001179,2024-10-07,,guest@lumenmail.com,Décor,3,12.7,0.05,Paid Search,AU,variant
ORD-002513,2024-08-27,CUST-01512,cust-01512@lumenmail.com,Accessories,-3,162.95,0.15,Organic,US,control
ORD-004088,2024-08-15,CUST-00184,cust-00184@lumenmail.com,Décor,2,224.64,0.0,Email,UK,control
ORD-003780,2023-09-08,CUST-00591,cust-00591@lumenmail.com,Lighting,1,15.83,0.25,,UK,control
ORD-009379,29/01/2024,CUST-01954,cust-01954@lumenmail.com,Outdoor,2,21.99,0.05,Email,US,variant
ORD-002616,2023-11-29,CUST-01262,cust-01262@lumenmail.com,Outdoor,1,30.05,0.0,Social,AU,control
ORD-004541,2023-07-14,CUST-00504,cust-00504@lumenmail.com,Furniture,2,9.79,0.0,,US,
ORD-008477,22/02/2024,CUST-00932,cust-00932@lumenmail.com,Lighting,1,120.12,0.0,Paid Search,CA,control
ORD-000412,2024-11-24,CUST-00282,cust-00282@lumenmail.com,Lighting,2,321.9,0.0,Email,US,control
ORD-003622,07/07/2024,,guest@lumenmail.com,Décor,6,26.05,0.0,Email,US,variant
ORD-009219,2024-07-31,CUST-00638,cust-00638@lumenmail.com,lighting,2,95.54,0.0,Social,US,
ORD-002740,2024-09-12,CUST-00118,cust-00118@lumenmail.com,Décor,1,350.47,0.0,Paid Search,US,variant
ORD-004008,2024-06-19,CUST-01430,cust-01430@lumenmail.com,Lighting,2,24.7,0.0,Email,US,variant
ORD-004343,2024-09-22,CUST-00722,cust-00722@lumenmail.com,Lighting,1,69.2,0.0,Organic,US,control
ORD-001153,16/09/2023,CUST-01385,cust-01385@lumenmail.com,Décor,4,127.79,0.25,Email,US,variant
ORD-009017,2023-06-28,CUST-00990,cust-00990@lumenmail.com,Furniture,-1,74.21,0.0,Social,US,control
ORD-001400,2024-03-02,CUST-01565,cust-01565@lumenmail.com,Accessories,1,45.32,0.2,Email,US,
ORD-006337,2023-06-20,CUST-01892,cust-01892@lumenmail.com,Lighting,2,165.31,0.0,Organic,AU,variant
ORD-006702,2023-06-30,CUST-02986,cust-02986@lumenmail.com,Furniture,1,314.94,0.05,Organic,US,variant
ORD-000345,24/12/2024,CUST-01310,cust-01310@lumenmail.com,Décor,3,7.79,0.1,Paid Search,US,
ORD-008688,2024-09-02,CUST-00865,cust-00865@lumenmail.com,Lighting,6,197.78,0.25,Paid Search,UK,control
ORD-008250,2023-11-14,CUST-02597,cust-02597@lumenmail.com,Décor,1,52.26,0.0,Email,UK,variant
ORD-004871,2024-05-15,CUST-00573,cust-00573@lumenmail.com,Lighting,2,45.21,0.0,Paid Search,US,
ORD-007465,2023-06-23,CUST-01689,cust-01689@lumenmail.com,Lighting,2,191.75,0.0,Email,US,
ORD-001441,2024-01-19,CUST-01762,cust-01762@lumenmail.com,Outdoor,1,251.69,0.0,Paid Search,US,control
ORD-008427,2024-12-09,,guest@lumenmail.com,Outdoor,1,515.53,5.0,Social,CA,variant
ORD-000712,2023-06-24,CUST-02281,cust-02281@lumenmail.com,Accessories,2,63.37,0.0,Email,US,
ORD-007439,2024-12-09,CUST-01087,cust-01087@lumenmail.com,Furniture,2,82.41,0.1,Social,UK,variant
ORD-008869,2024-11-03,CUST-00127,cust-00127@lumenmail.com,Furniture,4,81.85,0.05,Organic,CA,
ORD-008038,2023-08-24,CUST-01836,cust-01836@lumenmail.com,Accessories,1,171.86,0.05,Organic,US,variant
ORD-005180,2024-08-07,CUST-00134,cust-00134@lumenmail.com,Furniture,3,67.73,0.0,Paid Search,US,
ORD-000324,2024-12-06,CUST-01139,cust-01139@lumenmail.com,Lighting,7,19.05,0.15,Paid Search,US,variant
ORD-004436,2024-04-06,,guest@lumenmail.com,Outdoor,3,98.52,20.0,,US,control
ORD-006499,2023-12-31,CUST-00331,cust-00331@lumenmail.com,Décor,2,788.69,0.1,Email,US,control
ORD-005691,15/02/2024,CUST-00695,cust-00695@lumenmail.com,Décor,6,187.31,0.05,Organic,US,
ORD-008156,2024-12-10,CUST-01116,cust-01116@lumenmail.com,Décor,1,32.43,0.05,Email,US,variant
ORD-000366,22/10/2024,CUST-00166,cust-00166@lumenmail.com,Décor,1,27.53,0.0,Social,US,
ORD-004564,2024-04-28,CUST-01060,cust-01060@lumenmail.com,Accessories,1,74.78,0.0,Paid Search,US,
ORD-004483,2023-07-09,CUST-02481,cust-02481@lumenmail.com,Lighting,2,85.56,0.1,Organic,ZZ,variant
ORD-002510,09/07/2024,CUST-02121,cust-02121@lumenmail.com,Décor,1,181.68,0.15,Organic,US,variant
ORD-007976,2023-12-08,,guest@lumenmail.com,Furniture,1,215.47,0.05,Email,US,variant
ORD-007340,2024-02-05,CUST-00816,cust-00816@lumenmail.com,Lighting,3,276.31,0.0,Organic,UK,control
ORD-006969,2024-01-13,CUST-01984,cust-01984@lumenmail.com,Lighting,1,96.8,0.0,Paid Search,CA,
ORD-007351,2024-08-05,CUST-02864,cust-02864@lumenmail.com,Lighting,1,143.89,0.0,Email,US,variant
ORD-000055,2024-10-29,CUST-02260,cust-02260@lumenmail.com,Décor,-2,32.68,0.15,Organic,US,control
ORD-000322,2023-10-16,CUST-00585,cust-00585@lumenmail.com,Outdoor,2,46.88,0.1,Organic,US,variant
ORD-000526,03/09/2024,CUST-00444,cust-00444@lumenmail.com,Accessories,2,771.75,0.2,Paid Search,US,
ORD-001673,2024-10-07,CUST-00182,cust-00182@lumenmail.com,Lighting,4,250.58,0.0,Email,UK,
ORD-009111,2024-12-03,CUST-02016,cust-02016@lumenmail.com,Accessories,1,45.07,0.15,Paid Search,UK,
ORD-007190,2023-09-27,CUST-00224,cust-00224@lumenmail.com,Furniture,1,524.37,0.1,Paid Search,US,control
ORD-008401,2023-06-07,CUST-02489,cust-02489@lumenmail.com,Accessories,1,68.77,0.0,Social,CA,variant
ORD-009090,08/02/2024,CUST-02305,cust-02305@lumenmail.com,Outdoor,1,34.83,0.05,Email,CA,
ORD-004656,2023-06-25,CUST-00106,cust-00106@lumenmail.com,Lighting,1,194.81,0.0,Email,ZZ,control
ORD-001741,2024-10-04,CUST-01872,cust-01872@lumenmail.com,Furniture,1,93.38,0.0,Email,US,control
ORD-003834,2023-08-15,CUST-01669,cust-01669@lumenmail.com,Lighting,3,98.47,0.0,Email,CA,
ORD-006072,2024-07-23,CUST-00933,cust-00933@lumenmail.com,Lighting,1,236.5,0.0,Paid Search,US,variant
ORD-006818,2024-11-04,CUST-02578,cust-02578@lumenmail.com,Lightng,1,52.11,0.15,Email,UK,
ORD-001500,2024-04-15,CUST-00144,cust-00144@lumenmail.com,Furniture,1,81.19,0.15,Paid Search,US,variant
ORD-006034,2024-02-19,CUST-00534,cust-00534@lumenmail.com,Lighting,1,33.14,0.0,Organic,US,
ORD-001716,14/07/2023,CUST-02987,cust-02987@lumenmail.com,Furniture,3,41.03,0.1,Organic,US,
ORD-001762,10/03/2024,CUST-02904,cust-02904@lumenmail.com,Décor,1,43.23,0.2,Organic,US,control
ORD-001422,2024-09-19,CUST-01754,cust-01754@lumenmail.com,Furniture,1,161.98,0.0,Paid Search,UK,control
ORD-007689,05/07/2023,CUST-01059,cust-01059@lumenmail.com,Outdoor,1,6.83,0.1,Email,US,control
ORD-005041,2024-08-19,CUST-00872,cust-00872@lumenmail.com,Décor,2,98.38,0.05,Paid Search,US,
ORD-005213,2024-01-26,CUST-02935,cust-02935@lumenmail.com,Décor,4,34.22,0.2,Paid Search,CA,
ORD-005410,2024-05-23,CUST-01394,cust-01394@lumenmail.com,Outdoor,1,615.94,0.15,Paid Search,US,variant
ORD-003915,2023-10-25,CUST-02428,cust-02428@lumenmail.com,Furniture,2,54.71,0.1,Organic,US,
ORD-004263,2024-08-02,CUST-00161,cust-00161@lumenmail.com,Décor,3,47.43,0.0,Email,US,variant
ORD-008388,2024-01-16,CUST-00221,cust-00221@lumenmail.com,Lighting,3,199.39,0.05,Social,US,
ORD-001457,2024-11-20,CUST-00804,cust-00804@lumenmail.com,Outdoor,1,15.67,0.0,Social,CA,control
ORD-000335,2023-12-14,,guest@lumenmail.com,Outdoor,2,69.48,0.2,Social,AU,control
ORD-008015,2023-09-11,CUST-02138,cust-02138@lumenmail.com,Furniture,-1,178.8,5.0,Social,ZZ,
ORD-001347,2023-06-04,CUST-01010,cust-01010@lumenmail.com,Décor,2,17.56,0.0,Paid Search,US,variant
ORD-005127,2024-11-09,CUST-00174,cust-00174@lumenmail.com,Outdoor,2,153.61,0.0,Email,US,
ORD-000287,2024-05-12,CUST-00168,cust-00168@lumenmail.com,Lighting,4,11.2,0.0,Email,US,
ORD-006210,06/01/2024,CUST-02609,cust-02609@lumenmail.com,Lighting,2,55.21,0.0,Paid Search,UK,control
ORD-008304,2023-11-27,CUST-02180,cust-02180@lumenmail.com,Lighting,1,36.24,0.0,Organic,US,variant
ORD-003700,2024-08-24,CUST-02433,cust-02433@lumenmail.com,Lighting,5,285.45,0.0,Email,CA,
ORD-003284,2024-01-14,CUST-00319,cust-00319@lumenmail.com,Lighting,2,58.74,0.25,Organic,US,variant
ORD-006329,2023-12-22,CUST-01294,cust-01294@lumenmail.com,Décor,1,23.86,0.1,Paid Search,US,variant
ORD-000943,2023-07-08,CUST-02558,cust-02558@lumenmail.com,Accessories,1,14.83,0.05,Paid Search,US,variant
ORD-007481,19/04/2024,CUST-01296,cust-01296@lumenmail.com,Furniture,1,177.19,0.0,Email,CA,control
ORD-001388,2024-07-15,CUST-02306,cust-02306@lumenmail.com,Lighting,1,68.17,0.0,Social,US,
ORD-008368,2024-03-02,CUST-00976,cust-00976@lumenmail.com,Furniture,1,207.12,0.15,Organic,US,
ORD-004988,2024-10-16,CUST-02924,cust-02924@lumenmail.com,Furniture,1,70.83,0.05,Paid Search,US,variant
ORD-005264,16/10/2023,CUST-01114,cust-01114@lumenmail.com,Décor,1,69.88,0.15,Paid Search,US,control
ORD-005019,2024-06-26,CUST-00081,cust-00081@lumenmail.com,Lighting,2,313.26,0.0,Paid Search,US,
ORD-002572,2024-02-19,CUST-02281,cust-02281@lumenmail.com,Lighting,1,34.87,0.0,Organic,UK,
ORD-003709,2024-08-10,CUST-01822,cust-01822@lumenmail.com,Furniture,2,69.65,0.0,Organic,UK,control
ORD-005662,2024-08-24,CUST-00595,cust-00595@lumenmail.com,Décor,1,716.55,0.0,Paid Search,US,control
ORD-005321,2023-09-27,CUST-02741,cust-02741@lumenmail.com,Lighting,2,73.33,0.0,Organic,US,control
ORD-001349,2024-09-21,CUST-00905,cust-00905@lumenmail.com,Décor,2,95.0,0.0,Social,CA,variant
ORD-002514,,CUST-00821,cust-00821@lumenmail.com,Accessories,2,282.33,0.05,Email,UK,variant
ORD-008615,2024-10-20,CUST-02884,cust-02884@lumenmail.com,Furniture,1,51.23,0.05,,ZZ,control
ORD-006414,2023-08-21,CUST-01399,cust-01399@lumenmail.com,Lighting,5,22.93,10.0,Social,US,variant
ORD-009196,2024-03-22,CUST-00822,cust-00822@lumenmail.com,Lighting,4,24.42,0.05,Organic,US,
ORD-003707,2024-07-16,CUST-00978,cust-00978@lumenmail.com,Décor,2,0.0,0.05,Paid Search,CA,control
ORD-002065,2023-06-15,CUST-01998,cust-01998@lumenmail.com,Furniture,2,64.04,0.0,,US,
ORD-003433,2024-03-03,CUST-02938,cust-02938@lumenmail.com,Accessories,-1,25.23,0.05,Organic,US,control
ORD-001950,06/08/2024,CUST-01272,cust-01272@lumenmail.com,Décor,4,45.24,0.0,Email,US,variant
ORD-004848,2024-03-18,CUST-00554,cust-00554@lumenmail.com,Décor,4,65.75,0.0,Social,US,variant
ORD-003300,2024-02-19,CUST-02478,cust-02478@lumenmail.com,Décor,2,73.91,0.05,Paid Search,US,
ORD-006709,2024-10-27,CUST-02826,cust-02826@lumenmail.com,Furniture,3,90.1,0.25,Organic,UK,
ORD-007438,2024-04-04,CUST-02177,cust-02177@lumenmail.com,Furniture,4,95.45,0.15,Paid Search,US,control
ORD-002240,2024-09-05,CUST-00652,cust-00652@lumenmail.com,Lighting,2,0.0,0.1,Email,US,
ORD-008811,2024-06-18,CUST-02342,cust-02342@lumenmail.com,Lighting,1,77.66,0.0,Social,ZZ,
ORD-009152,2023-09-29,CUST-00149,cust-00149@lumenmail.com,Décor,1,146.14,0.1,Paid Search,US,control
ORD-000807,2024-08-29,CUST-01554,cust-01554@lumenmail.com,Furniture,2,14.48,0.1,Paid Search,US,control
ORD-000227,09/07/2024,CUST-01836,cust-01836@lumenmail.com,Furniture,2,63.22,0.0,Social,US,
ORD-002713,2024-12-29,,guest@lumenmail.com,Lighting,2,478.18,0.1,Paid Search,CA,variant
ORD-003870,2023-10-05,CUST-01636,cust-01636@lumenmail.com,Accessories,2,44.57,0.0,Email,US,
ORD-003572,10/08/2023,CUST-00072,cust-00072@lumenmail.com,Lighting,2,187.13,0.0,Paid Search,US,variant
ORD-003000,2023-06-28,,guest@lumenmail.com,Décor,1,88.61,0.0,Social,US,
ORD-003652,2024-08-02,CUST-00225,cust-00225@lumenmail.com,Décor,1,39.35,0.2,Paid Search,UK,variant
ORD-002671,2023-07-17,CUST-02615,cust-02615@lumenmail.com,Décor,2,236.3,25.0,Social,US,
ORD-006043,04/10/2024,,guest@lumenmail.com,Furniture,1,43.5,0.0,Paid Search,CA,control
ORD-006192,2024-04-29,CUST-00197,cust-00197@lumenmail.com,Lighting,1,83.93,0.0,Paid Search,US,variant
ORD-001637,2023-09-15,CUST-01048,cust-01048@lumenmail.com,Décor,1,50.78,0.05,Paid Search,US,
ORD-000084,2024-04-27,CUST-01137,cust-01137@lumenmail.com,Accessories,2,173.27,0.0,Email,UK,
ORD-000538,2023-07-26,CUST-00510,cust-00510@lumenmail.com,Décor,1,26.15,0.1,Organic,US,variant
ORD-007984,09/10/2024,CUST-00791,cust-00791@lumenmail.com,Accessories,1,33.34,0.0,Organic,US,control
ORD-002079,26/05/2024,CUST-00005,cust-00005@lumenmail.com,Furniture,1,331.89,0.0,Paid Search,US,
ORD-003546,2023-08-02,CUST-01002,cust-01002@lumenmail.com,Lighting,1,56.13,0.0,Email,CA,control
ORD-009490,2023-06-06,,guest@lumenmail.com,Lighting,3,38.93,0.05,Email,US,control
ORD-006505,2023-08-02,CUST-02922,cust-02922@lumenmail.com,Décor,1,112.17,0.0,Paid Search,AU,
ORD-002278,2024-11-27,CUST-02317,cust-02317@lumenmail.com,Lighting,1,247.35,0.1,Social,US,control
ORD-009540,2024-01-22,CUST-00313,cust-00313@lumenmail.com,Lighting,3,126.28,0.0,Email,US,control
ORD-005523,2024-04-02,CUST-01760,cust-01760@lumenmail.com,Accessories,1,114.54,0.0,Social,US,control
ORD-001472,2024-03-05,CUST-01363,cust-01363@lumenmail.com,Accessories,2,35.07,0.15,Email,US,control
ORD-008422,2023-10-14,CUST-00364,cust-00364@lumenmail.com,Lighting,1,128.85,0.0,Social,US,variant
ORD-005576,2023-08-12,CUST-01927,cust-01927@lumenmail.com,Lightng,1,32.16,0.0,Organic,US,
ORD-000439,2024-09-26,CUST-00107,cust-00107@lumenmail.com,Outdoor,1,7.79,0.0,Email,US,control
ORD-008882,2024-04-14,CUST-00922,cust-00922@lumenmail.com,Lighting,2,85.5,0.0,Organic,US,variant
ORD-005568,2024-05-06,CUST-02267,cust-02267@lumenmail.com,Lighting,1,561.14,0.0,Organic,US,
ORD-009153,2024-07-13,CUST-02703,cust-02703@lumenmail.com,Décor,4,241.45,0.0,Social,US,variant
ORD-004961,2024-10-18,CUST-01767,cust-01767@lumenmail.com,Lighting,3,271.13,0.0,Paid Search,US,
ORD-007250,2024-06-22,CUST-02891,cust-02891@lumenmail.com,Décor,1,74.79,0.0,Organic,US,variant
ORD-001694,2023-11-06,CUST-01223,cust-01223@lumenmail.com,Lighting,2,155.36,0.05,Paid Search,US,
ORD-008035,2024-11-27,CUST-01724,cust-01724@lumenmail.com,Furniture,1,124.53,0.0,,US,control
ORD-005679,2024-06-04,CUST-02521,cust-02521@lumenmail.com,Lighting,2,9.57,15.0,Social,US,
ORD-004601,2024-08-25,CUST-02432,cust-02432@lumenmail.com,Décor,2,6.32,0.05,Email,CA,
ORD-007578,2024-02-26,CUST-00952,cust-00952@lumenmail.com,Lighting,5,42.76,0.0,Email,US,variant
ORD-000452,2023-08-26,CUST-01792,cust-01792@lumenmail.com,Décor,1,302.96,0.05,Email,US,control
ORD-002013,2024-04-07,CUST-00011,cust-00011@lumenmail.com,Décor,7,205.59,0.15,Paid Search,US,variant
ORD-005074,2023-11-22,CUST-01035,cust-01035@lumenmail.com,Outdoor,1,98.08,0.0,Email,AU,variant
ORD-002535,2024-08-31,CUST-01916,cust-01916@lumenmail.com,Lighting,1,17.28,0.0,Email,US,
ORD-004647,2024-01-09,CUST-00618,cust-00618@lumenmail.com,Lighting,1,84.84,0.0,Email,CA,variant
ORD-009075,02/11/2024,CUST-02910,cust-02910@lumenmail.com,Lighting,1,25.95,0.0,Email,US,
ORD-006358,2024-03-01,CUST-02821,cust-02821@lumenmail.com,Accessories,1,51.44,0.0,Social,US,
ORD-000429,12/11/2023,CUST-01120,cust-01120@lumenmail.com,Outdoor,2,48.61,0.1,Social,US,variant
ORD-004255,2024-04-12,CUST-00845,cust-00845@lumenmail.com,Accessories,3,28.26,0.1,Paid Search,US,
ORD-001350,2024-01-12,,guest@lumenmail.com,Décor,1,85.93,0.0,Social,US,control
ORD-004794,2023-12-14,CUST-00466,cust-00466@lumenmail.com,Décor,2,24.7,0.05,Social,US,variant
ORD-006382,2024-11-11,CUST-00322,cust-00322@lumenmail.com,Lighting,5,18.86,0.0,Paid Search,US,variant
ORD-007411,2024-05-25,CUST-02271,cust-02271@lumenmail.com,Accessoires,3,25.32,0.0,Paid Search,US,variant
ORD-003612,2024-08-14,CUST-02455,cust-02455@lumenmail.com,Outdoor,1,223.63,0.0,Paid Search,US,variant
ORD-002121,2023-08-24,CUST-01440,cust-01440@lumenmail.com,Lighting,1,25.76,0.0,Email,AU,
ORD-001192,2023-11-22,CUST-02796,cust-02796@lumenmail.com,Décor,4,40.19,0.0,Email,US,variant
ORD-008663,2024-07-18,CUST-02101,cust-02101@lumenmail.com,Décor,1,155.0,0.0,Email,UK,control
ORD-003914,2024-07-26,CUST-01994,cust-01994@lumenmail.com,Accessoires,3,563.94,0.0,Organic,US,control
ORD-007008,2023-06-26,CUST-00396,cust-00396@lumenmail.com,Lighting,-1,49.66,0.05,Email,ZZ,
ORD-007618,2024-09-02,CUST-02089,cust-02089@lumenmail.com,Lighting,3,436.19,0.25,Paid Search,US,variant
ORD-006979,2023-08-17,CUST-02956,cust-02956@lumenmail.com,Furniture,2,90.22,0.15,Paid Search,US,
ORD-006466,2023-07-02,CUST-02268,cust-02268@lumenmail.com,Lightng,1,5.71,0.0,Social,UK,control
ORD-007851,19/07/2023,CUST-02009,cust-02009@lumenmail.com,Furniture,1,95.07,0.0,Paid Search,AU,variant
ORD-004117,2024-05-31,CUST-00717,cust-00717@lumenmail.com,Furniture,2,92.12,0.05,Organic,US,
ORD-003247,2024-04-26,CUST-01496,cust-01496@lumenmail.com,Décor,4,126.78,0.0,Organic,UK,
ORD-000258,2024-07-19,CUST-00646,cust-00646@lumenmail.com,Décor,4,312.53,0.2,Email,UK,control
ORD-003791,2024-05-22,CUST-01275,cust-01275@lumenmail.com,Furniture,6,52.52,0.0,Email,AU,variant
ORD-007583,08/01/2024,CUST-02937,cust-02937@lumenmail.com,Furniture,7,23.94,0.0,Organic,CA,
ORD-003339,26/05/2024,CUST-00269,cust-00269@lumenmail.com,Décor,1,94.14,0.1,Paid Search,UK,control
ORD-004539,2024-10-03,CUST-00558,cust-00558@lumenmail.com,Furniture,1,290.73,0.0,,AU,
ORD-003039,2023-08-07,CUST-00619,cust-00619@lumenmail.com,Décor,4,23.62,0.1,Social,US,control
ORD-001155,2024-10-06,,guest@lumenmail.com,Lighting,1,44.53,0.0,Organic,CA,control
ORD-003366,2024-06-15,CUST-01444,cust-01444@lumenmail.com,Décor,1,0.0,0.0,Email,US,
ORD-000594,2024-07-12,CUST-01613,cust-01613@lumenmail.com,Furniture,3,18.44,0.0,Email,US,
ORD-003128,2023-09-28,CUST-01086,cust-01086@lumenmail.com,Lighting,1,95.73,0.15,Email,US,variant
ORD-005786,2024-09-05,,guest@lumenmail.com,Lighting,2,192.54,0.05,Paid Search,US,
ORD-002909,2024-07-02,CUST-01579,cust-01579@lumenmail.com,Lighting,2,348.67,0.0,Organic,US,variant
ORD-006613,2023-11-19,CUST-02496,cust-02496@lumenmail.com,Accessories,2,86.37,0.15,Email,AU,
ORD-007213,08/03/2024,CUST-00062,cust-00062@lumenmail.com,Lighting,1,187.71,0.0,Organic,CA,control
ORD-004162,2024-10-29,CUST-02664,cust-02664@lumenmail.com,Lighting,1,196.19,0.0,Paid Search,US,control
ORD-003014,2024-02-07,CUST-01671,cust-01671@lumenmail.com,Décor,1,62.35,0.0,Email,AU,variant
ORD-008704,2024-05-17,CUST-00718,cust-00718@lumenmail.com,Lighting,1,95.97,0.05,Social,US,control
ORD-006008,30/08/2023,CUST-01257,cust-01257@lumenmail.com,Furniture,3,134.51,5.0,Social,US,
ORD-004405,2024-12-19,CUST-01307,cust-01307@lumenmail.com,Décor,2,86.1,0.05,Paid Search,US,
ORD-008192,2024-02-24,CUST-01838,cust-01838@lumenmail.com,Décor,2,17.62,0.0,,US,
ORD-008070,2024-05-26,CUST-01322,cust-01322@lumenmail.com,Lighting,3,81.81,0.0,Paid Search,UK,control
ORD-007255,2023-11-30,CUST-02933,cust-02933@lumenmail.com,Outdoor,2,141.99,0.1,Paid Search,UK,
ORD-002451,2023-10-22,CUST-02173,cust-02173@lumenmail.com,Furniture,1,40.43,0.1,Paid Search,US,
ORD-002883,2024-09-05,CUST-01604,cust-01604@lumenmail.com,Furniture,3,172.53,0.0,Organic,US,variant
ORD-006103,14/10/2024,CUST-02858,cust-02858@lumenmail.com,Lighting,2,93.52,0.0,Paid Search,UK,
ORD-008785,2024-09-01,CUST-02294,cust-02294@lumenmail.com,Lighting,1,28.61,0.1,Paid Search,US,
ORD-009070,2023-07-03,CUST-00775,cust-00775@lumenmail.com,Lighting,3,47.27,0.0,Email,US,variant
ORD-007172,2023-09-08,CUST-00020,cust-00020@lumenmail.com,Décor,3,88.7,0.1,Paid Search,US,variant
ORD-005672,2024-11-22,CUST-02890,cust-02890@lumenmail.com,Furniture,1,10.43,0.0,Email,US,control
ORD-003563,2024-09-06,CUST-01107,cust-01107@lumenmail.com,Lighting,1,110.01,5.0,Email,US,
ORD-007424,2023-07-31,CUST-02029,cust-02029@lumenmail.com,Outdoor,1,171.21,0.15,Organic,US,variant
ORD-000490,2023-08-14,CUST-00094,cust-00094@lumenmail.com,Décor,1,72.06,0.2,Organic,US,control
ORD-004123,2024-08-16,CUST-02502,cust-02502@lumenmail.com,Décor,2,247.14,0.2,Paid Search,AU,
ORD-008470,2024-10-24,CUST-00877,cust-00877@lumenmail.com,Lighting,3,97.76,0.1,Email,US,variant
ORD-004309,2024-11-15,CUST-00355,cust-00355@lumenmail.com,Outdoor,1,100.92,0.0,Paid Search,US,
ORD-004798,2023-10-08,CUST-00803,cust-00803@lumenmail.com,Lighting,1,399.72,0.0,Paid Search,US,variant
ORD-008823,2024-11-26,CUST-02176,cust-02176@lumenmail.com,Décor,6,20.08,0.0,Organic,US,control
ORD-007436,2024-08-01,CUST-01218,cust-01218@lumenmail.com,Décor,1,367.9,0.15,Organic,US,
ORD-007017,,CUST-02087,cust-02087@lumenmail.com,Décor,1,561.83,0.0,Organic,US,control
ORD-002550,20/09/2024,CUST-00874,cust-00874@lumenmail.com,Outdoor,2,318.55,0.1,Paid Search,US,variant
ORD-000573,2024-04-27,CUST-02904,cust-02904@lumenmail.com,Décor,1,196.13,0.0,Organic,US,
ORD-005205,2024-12-14,CUST-00263,cust-00263@lumenmail.com,Lighting,1,142.26,20.0,Social,US,variant
ORD-005258,2023-08-05,CUST-00416,cust-00416@lumenmail.com,Furniture,2,51.25,0.0,Email,US,variant
ORD-006391,2024-11-12,CUST-02499,cust-02499@lumenmail.com,Accessories,3,57.97,10.0,Paid Search,US,
ORD-003841,2024-03-01,CUST-01528,cust-01528@lumenmail.com,Outdoor,3,25.6,0.0,,US,variant
ORD-005122,2024-02-14,CUST-02170,cust-02170@lumenmail.com,Outdoor,1,34.15,0.1,Paid Search,CA,control
ORD-006665,11/06/2023,CUST-02024,cust-02024@lumenmail.com,Lighting,1,157.36,0.0,Organic,US,variant
ORD-006819,03/06/2023,CUST-02611,cust-02611@lumenmail.com,Lighting,2,69.36,0.05,Paid Search,UK,control
ORD-003136,2024-12-12,CUST-02197,cust-02197@lumenmail.com,Lighting,1,51.67,0.0,Paid Search,US,
ORD-000998,2024-11-24,,guest@lumenmail.com,Outdoor,5,102.63,0.2,Paid Search,US,
ORD-004630,02/07/2024,CUST-01807,cust-01807@lumenmail.com,Furniture,3,188.53,0.05,Email,US,
ORD-004948,2024-10-10,CUST-00857,cust-00857@lumenmail.com,Décor,2,143.65,0.1,Email,ZZ,control
ORD-000223,2024-12-18,CUST-01523,cust-01523@lumenmail.com,Décor,3,89.84,0.1,Organic,US,variant
ORD-008482,2023-08-12,CUST-02603,cust-02603@lumenmail.com,Accessories,1,531.72,0.0,Organic,US,
ORD-007111,2024-06-05,CUST-01777,cust-01777@lumenmail.com,Lighting,1,41.47,15.0,Email,US,
ORD-003349,2024-08-23,CUST-00373,cust-00373@lumenmail.com,Lighting,-2,23.55,0.05,Email,US,
ORD-003760,2023-07-04,CUST-02405,cust-02405@lumenmail.com,Accessories,3,0.0,5.0,Organic,US,control
ORD-003302,2023-10-09,,guest@lumenmail.com,Accessories,2,10.53,0.2,Organic,UK,variant
ORD-008449,2023-08-08,CUST-00975,cust-00975@lumenmail.com,Lighting,1,109.71,0.0,Organic,CA,control
ORD-002035,2023-08-14,CUST-01806,cust-01806@lumenmail.com,Furniture,2,79.21,0.0,Social,US,control
ORD-006366,2023-10-12,CUST-01081,cust-01081@lumenmail.com,Outdoor,1,255.09,15.0,Social,US,
ORD-006068,2024-02-13,CUST-01221,cust-01221@lumenmail.com,Décor,6,83.85,0.1,Organic,CA,variant
ORD-003554,2023-06-06,CUST-00545,cust-00545@lumenmail.com,Décor,1,12.48,0.1,Organic,US,variant
ORD-002106,2024-04-18,CUST-00870,cust-00870@lumenmail.com,Lighting,3,16.45,0.2,Organic,US,variant
ORD-000896,2024-08-31,CUST-01948,cust-01948@lumenmail.com,Lighting,2,29.97,0.0,Paid Search,ZZ,control
ORD-006582,15/09/2024,CUST-01829,cust-01829@lumenmail.com,Lighting,3,40.02,5.0,Organic,US,control
ORD-002780,20/02/2024,CUST-02789,cust-02789@lumenmail.com,Décor,2,30.4,5.0,Paid Search,US,variant
ORD-002774,2024-12-18,CUST-00322,cust-00322@lumenmail.com,Décor,3,45.43,0.0,Organic,UK,
ORD-001207,2024-08-12,CUST-02393,cust-02393@lumenmail.com,Décor,1,65.96,0.0,Social,UK,variant
ORD-002408,2024-07-27,CUST-00802,cust-00802@lumenmail.com,Furniture,4,19.01,0.0,Email,UK,
ORD-001081,11/03/2024,CUST-01900,cust-01900@lumenmail.com,Lightng,2,68.33,0.0,Paid Search,US,
ORD-000114,2023-08-26,CUST-02721,cust-02721@lumenmail.com,Décor,1,119.54,0.0,Paid Search,US,variant
ORD-009142,2023-09-24,CUST-01527,cust-01527@lumenmail.com,Furniture,2,42.13,0.0,Paid Search,US,control
ORD-003603,2023-11-07,CUST-02922,cust-02922@lumenmail.com,Lighting,1,338.64,0.1,Organic,CA,variant
ORD-001151,2024-02-06,CUST-02925,cust-02925@lumenmail.com,Accessories,2,24.5,0.05,Paid Search,US,control
ORD-006594,2024-02-24,CUST-02785,cust-02785@lumenmail.com,Décor,2,96.49,0.0,Paid Search,UK,control
ORD-004012,2024-07-21,CUST-01670,cust-01670@lumenmail.com,Lighting,3,63.97,0.0,Paid Search,US,control
ORD-005509,2024-06-30,CUST-02579,cust-02579@lumenmail.com,Accessories,1,60.82,5.0,Email,US,
ORD-009321,2024-10-29,CUST-02885,cust-02885@lumenmail.com,Décor,1,16.76,0.05,Paid Search,UK,
ORD-002067,09/06/2023,,guest@lumenmail.com,Décor,1,93.16,0.05,Email,US,
ORD-000212,2024-08-28,CUST-02126,cust-02126@lumenmail.com,lighting,2,81.96,0.0,Organic,ZZ,
ORD-004091,2024-03-28,CUST-01275,cust-01275@lumenmail.com,Lighting,3,280.12,0.0,Email,ZZ,variant
ORD-002924,2024-11-10,CUST-02749,cust-02749@lumenmail.com,Furniture,1,185.23,15.0,Email,US,
ORD-000041,2024-11-04,CUST-02692,cust-02692@lumenmail.com,Outdoor,1,25.38,0.05,Organic,US,control
ORD-002311,2024-09-30,CUST-00442,cust-00442@lumenmail.com,Lighting,-1,96.14,0.0,Social,CA,
ORD-005501,04/10/2023,,guest@lumenmail.com,Lighting,2,345.39,0.1,Email,US,variant
ORD-006106,10/09/2023,CUST-00285,cust-00285@lumenmail.com,Lighting,3,119.17,5.0,Organic,US,
ORD-008176,2023-11-21,CUST-02632,cust-02632@lumenmail.com,Décor,2,30.02,0.0,Organic,ZZ,
ORD-007231,2023-11-12,CUST-02848,cust-02848@lumenmail.com,Décor,1,68.03,0.15,Organic,US,control
ORD-001779,2023-12-09,CUST-00617,cust-00617@lumenmail.com,Outdoor,1,250.32,0.05,Paid Search,AU,variant
ORD-001873,29/04/2024,CUST-02491,cust-02491@lumenmail.com,Décor,1,79.47,0.05,Organic,CA,
ORD-001464,2023-07-25,CUST-01156,cust-01156@lumenmail.com,Décor,1,578.21,0.0,Email,CA,control
ORD-003576,2024-06-06,CUST-02401,cust-02401@lumenmail.com,Décor,1,57.2,0.05,Paid Search,US,variant
ORD-001201,2024-05-05,CUST-00918,cust-00918@lumenmail.com,Lighting,2,149.95,0.1,Social,AU,
ORD-006147,2024-12-30,CUST-01337,cust-01337@lumenmail.com,Lighting,1,41.89,0.05,Organic,US,
ORD-008099,2024-07-21,CUST-00249,cust-00249@lumenmail.com,Décor,2,10.4,0.0,Email,US,control
ORD-004843,2023-09-09,CUST-02864,cust-02864@lumenmail.com,Lighting,5,120.73,0.0,Email,US,control
ORD-003980,2023-11-01,CUST-01743,cust-01743@lumenmail.com,Décor,2,31.27,0.0,Organic,US,control
ORD-002199,2024-05-22,CUST-01480,cust-01480@lumenmail.com,Furniture,1,82.2,0.0,Organic,CA,control
ORD-001343,2024-08-08,CUST-00639,cust-00639@lumenmail.com,Lighting,2,742.65,5.0,Paid Search,US,
ORD-002733,09/07/2023,CUST-01145,cust-01145@lumenmail.com,Lighting,2,30.77,0.0,Paid Search,US,variant
ORD-002803,2024-08-11,CUST-00171,cust-00171@lumenmail.com,Décor,2,187.69,0.05,Paid Search,CA,
ORD-004253,2023-08-24,CUST-00734,cust-00734@lumenmail.com,Décor,-1,83.66,0.25,Email,UK,
ORD-007728,2024-06-21,CUST-01418,cust-01418@lumenmail.com,Outdoor,1,23.62,0.0,Paid Search,US,
ORD-004787,2024-08-28,CUST-00508,cust-00508@lumenmail.com,Lighting,1,22.07,0.15,Paid Search,US,
ORD-002761,2023-12-02,CUST-01693,cust-01693@lumenmail.com,Lighting,1,227.19,0.0,Organic,CA,control
ORD-009029,2023-08-24,,guest@lumenmail.com,Furniture,1,91.3,0.05,Paid Search,CA,variant
ORD-004183,2024-07-23,,guest@lumenmail.com,Décor,3,66.4,25.0,Email,US,
ORD-008405,2024-02-08,CUST-01656,cust-01656@lumenmail.com,Furniture,4,37.18,0.0,,US,variant
ORD-002896,2024-04-14,CUST-02799,cust-02799@lumenmail.com,Furniture,6,115.35,0.0,Paid Search,US,control
ORD-008949,10/07/2024,CUST-02091,cust-02091@lumenmail.com,Furniture,1,23.83,0.1,Paid Search,US,
ORD-007109,2023-07-24,CUST-01686,cust-01686@lumenmail.com,Décor,1,727.64,0.05,Social,US,
ORD-007448,2023-12-29,CUST-00082,cust-00082@lumenmail.com,Outdoor,1,12.88,0.0,Organic,US,control
ORD-005426,05/12/2024,CUST-00243,cust-00243@lumenmail.com,Accessories,1,202.71,0.05,Organic,US,variant
ORD-004366,2024-01-31,CUST-01320,cust-01320@lumenmail.com,Décor,1,57.45,0.0,Paid Search,CA,control
ORD-001231,2023-12-13,CUST-01073,cust-01073@lumenmail.com,Lighting,1,86.95,0.1,Paid Search,ZZ,
ORD-005988,2023-10-06,CUST-01408,cust-01408@lumenmail.com,Outdoor,1,48.56,0.0,Email,CA,control
ORD-003145,2024-04-21,CUST-00435,cust-00435@lumenmail.com,Lighting,1,725.81,0.05,Organic,CA,
ORD-006443,2024-12-21,CUST-02721,cust-02721@lumenmail.com,Furniture,1,106.29,0.0,Email,US,control
ORD-004914,2024-10-05,CUST-02399,cust-02399@lumenmail.com,Décor,2,508.79,0.0,Paid Search,UK,control
ORD-005900,2023-12-13,CUST-01208,cust-01208@lumenmail.com,Lighting,2,130.96,0.05,Organic,US,
ORD-005882,2024-05-05,,guest@lumenmail.com,Décor,1,80.15,0.1,Email,UK,
ORD-000435,2024-11-18,CUST-00499,cust-00499@lumenmail.com,Lighting,1,40.1,0.0,Organic,US,control
ORD-000990,2023-09-08,CUST-00651,cust-00651@lumenmail.com,Lighting,1,130.24,0.0,Email,US,
ORD-001674,2023-12-10,CUST-00154,cust-00154@lumenmail.com,Furniture,1,170.24,0.0,Email,UK,
ORD-006364,2024-11-09,CUST-01466,cust-01466@lumenmail.com,Décor,1,342.62,0.0,Email,US,variant
ORD-005678,2024-06-09,CUST-01272,cust-01272@lumenmail.com,Lighting,2,190.32,0.05,Paid Search,US,control
ORD-005789,2024-12-02,CUST-01600,cust-01600@lumenmail.com,Lighting,1,126.05,0.0,Paid Search,US,control
ORD-005803,2024-11-22,CUST-00548,cust-00548@lumenmail.com,Lighting,4,66.23,0.15,Social,US,control
ORD-005736,2023-07-23,CUST-01661,cust-01661@lumenmail.com,Décor,1,450.88,0.2,Paid Search,US,
ORD-001910,2023-09-26,CUST-02032,cust-02032@lumenmail.com,Décor,1,40.79,0.05,Social,US,
ORD-001095,2023-09-30,CUST-02660,cust-02660@lumenmail.com,Décor,3,127.21,0.05,Paid Search,AU,control
ORD-006426,2024-06-26,CUST-01901,cust-01901@lumenmail.com,Lighting,1,88.21,0.2,Paid Search,AU,
ORD-007447,2024-03-28,,guest@lumenmail.com,Lighting,3,35.9,0.0,Paid Search,AU,control
ORD-000555,2024-12-04,CUST-00579,cust-00579@lumenmail.com,Décor,2,108.18,0.0,Organic,US,control
ORD-002940,2023-12-15,CUST-00305,cust-00305@lumenmail.com,Furniture,1,68.84,0.25,Social,US,
ORD-008579,21/06/2023,CUST-01623,cust-01623@lumenmail.com,Lighting,4,767.15,0.0,Email,US,
ORD-008315,2024-10-12,CUST-02863,cust-02863@lumenmail.com,Furniture,7,79.11,0.05,Organic,CA,variant
ORD-001608,2023-07-26,CUST-00928,cust-00928@lumenmail.com,Lighting,1,92.65,0.1,Organic,CA,control
ORD-006922,2024-04-01,CUST-00581,cust-00581@lumenmail.com,Accessories,2,188.31,0.0,Email,UK,
ORD-006353,2024-01-28,CUST-00991,cust-00991@lumenmail.com,Outdoor,1,181.11,0.25,Email,US,control
ORD-009527,2024-04-10,CUST-02128,cust-02128@lumenmail.com,Lighting,-2,613.61,0.0,Email,US,
ORD-001443,2023-12-14,CUST-01339,cust-01339@lumenmail.com,Décor,2,62.98,0.0,Paid Search,AU,control
ORD-001603,2023-06-23,CUST-02394,cust-02394@lumenmail.com,Accessories,1,71.93,5.0,Paid Search,CA,
ORD-006124,2024-07-06,CUST-02529,cust-02529@lumenmail.com,Décor,1,265.28,0.1,Organic,US,control
ORD-002612,2024-02-04,CUST-00472,cust-00472@lumenmail.com,Lighting,2,23.35,0.15,Paid Search,CA,
ORD-000791,2024-12-18,CUST-01833,cust-01833@lumenmail.com,Décor,5,791.9,0.0,Organic,US,
ORD-001490,2023-09-14,CUST-01121,cust-01121@lumenmail.com,Accessories,2,47.68,0.05,Email,US,
ORD-001364,2024-08-24,CUST-01289,cust-01289@lumenmail.com,Accessories,1,57.13,0.2,Paid Search,UK,
ORD-001521,2023-12-31,CUST-02427,cust-02427@lumenmail.com,Lighting,3,7.75,0.0,,US,
ORD-009058,2024-10-24,CUST-00255,cust-00255@lumenmail.com,Outdoor,1,61.37,0.0,Paid Search,US,control
ORD-005089,2023-07-18,CUST-01079,cust-01079@lumenmail.com,Lighting,-2,70.57,0.0,Organic,AU,control
ORD-001815,2024-01-26,CUST-00810,cust-00810@lumenmail.com,Décor,-2,160.09,0.05,Email,US,control
ORD-008404,2024-02-13,CUST-01922,cust-01922@lumenmail.com,Outdoor,6,25.74,0.25,Paid Search,US,variant
ORD-008104,08/03/2024,CUST-00742,cust-00742@lumenmail.com,lighting,1,14.55,0.05,Organic,US,control
ORD-004764,2023-07-11,CUST-01171,cust-01171@lumenmail.com,Lighting,2,417.36,0.1,,CA,variant
ORD-002754,2023-08-24,CUST-02374,cust-02374@lumenmail.com,Décor,4,91.69,0.0,Paid Search,UK,control
ORD-004910,2023-06-29,CUST-00769,cust-00769@lumenmail.com,Furniture,1,110.52,0.0,Social,US,
ORD-007796,2024-07-13,CUST-02274,cust-02274@lumenmail.com,Accessories,3,48.38,0.0,Paid Search,UK,variant
ORD-006638,2023-10-13,CUST-00868,cust-00868@lumenmail.com,Décor,1,401.52,0.2,Paid Search,US,control
ORD-003478,2023-07-08,,guest@lumenmail.com,Lighting,3,65.84,0.0,Paid Search,ZZ,variant
ORD-000301,2024-03-10,,guest@lumenmail.com,Lighting,2,306.01,0.0,Social,CA,variant
ORD-000534,2024-09-17,CUST-00253,cust-00253@lumenmail.com,Lighting,2,14.2,0.0,Paid Search,AU,
ORD-006081,2024-12-26,CUST-00067,cust-00067@lumenmail.com,Outdoor,1,195.41,0.0,Email,US,control
ORD-005498,2023-10-23,CUST-02317,cust-02317@lumenmail.com,Outdoor,3,41.69,0.0,Email,UK,variant
ORD-000768,2024-01-28,CUST-01550,cust-01550@lumenmail.com,Outdoor,1,38.45,0.0,Social,UK,
ORD-004762,2024-06-25,CUST-00682,cust-00682@lumenmail.com,Furniture,-1,126.13,0.05,Social,US,control
ORD-001315,2023-11-16,CUST-02768,cust-02768@lumenmail.com,Outdoor,2,145.68,10.0,Paid Search,US,
ORD-008764,2024-04-28,CUST-02519,cust-02519@lumenmail.com,Furniture,1,0.0,0.05,Organic,UK,variant
ORD-000476,2024-01-11,CUST-01529,cust-01529@lumenmail.com,Lighting,2,576.62,0.0,Paid Search,CA,variant
ORD-002797,2024-02-25,CUST-02379,cust-02379@lumenmail.com,Lighting,2,10.4,15.0,Organic,US,control
ORD-000673,2024-06-10,CUST-01828,cust-01828@lumenmail.com,Décor,5,134.16,0.0,Organic,US,
ORD-003461,2024-11-18,CUST-01147,cust-01147@lumenmail.com,Accessories,1,29.81,0.0,Social,US,
ORD-009296,10/07/2023,CUST-00231,cust-00231@lumenmail.com,Lighting,5,27.32,0.15,Organic,AU,
ORD-005619,06/09/2023,CUST-01720,cust-01720@lumenmail.com,Furniture,2,118.94,0.0,Paid Search,UK,control
ORD-003044,2024-07-31,CUST-01856,cust-01856@lumenmail.com,Décor,4,34.32,0.0,Email,UK,control
ORD-008550,2024-10-04,CUST-02138,cust-02138@lumenmail.com,Lighting,1,576.45,0.2,Email,US,control
ORD-008621,2024-08-14,CUST-01140,cust-01140@lumenmail.com,Lighting,2,324.5,0.0,Organic,UK,variant
ORD-006320,2024-08-09,CUST-02127,cust-02127@lumenmail.com,Décor,6,64.09,0.0,Email,CA,variant
ORD-000616,2024-09-23,CUST-02705,cust-02705@lumenmail.com,Lighting,-3,76.96,0.05,Paid Search,US,control
ORD-008515,,CUST-02757,cust-02757@lumenmail.com,Furniture,1,31.88,0.0,Paid Search,UK,control
ORD-002562,13/10/2023,CUST-00490,cust-00490@lumenmail.com,Lighting,-1,13.53,0.0,,US,variant
ORD-001455,2024-12-22,CUST-00820,cust-00820@lumenmail.com,Furniture,2,54.05,5.0,Email,US,control
ORD-003938,2023-12-16,CUST-00143,cust-00143@lumenmail.com,Furniture,1,79.67,0.1,Email,US,control
ORD-006932,2024-11-17,CUST-00675,cust-00675@lumenmail.com,Décor,1,246.03,0.0,Email,US,variant
ORD-001567,2024-11-05,CUST-01378,cust-01378@lumenmail.com,Lighting,4,94.29,0.0,Organic,UK,
ORD-007061,2024-09-21,CUST-00420,cust-00420@lumenmail.com,Décor,1,49.79,0.0,Paid Search,US,variant
ORD-005385,2023-12-12,CUST-01768,cust-01768@lumenmail.com,Furniture,3,30.17,0.1,Email,US,
ORD-009459,18/01/2024,CUST-02507,cust-02507@lumenmail.com,Furniture,2,75.2,0.15,Organic,CA,control
ORD-007964,2024-05-20,,guest@lumenmail.com,Lighting,2,37.14,0.2,Paid Search,US,variant
ORD-006148,08/05/2024,CUST-01652,cust-01652@lumenmail.com,Furniture,2,18.36,0.0,Email,US,
ORD-006567,2024-07-06,CUST-00555,cust-00555@lumenmail.com,Lighting,1,19.84,0.0,Email,US,variant
ORD-003589,2024-11-09,CUST-02406,cust-02406@lumenmail.com,Furniture,6,17.11,0.0,Organic,UK,variant
ORD-005544,2023-10-25,CUST-01682,cust-01682@lumenmail.com,Lighting,-2,780.89,0.1,Email,US,variant
ORD-006371,2023-09-20,CUST-00700,cust-00700@lumenmail.com,Outdoor,4,51.8,0.05,Organic,US,variant
ORD-002618,2023-06-19,CUST-01620,cust-01620@lumenmail.com,Décor,3,10.19,0.0,Email,US,
ORD-009550,2024-05-23,CUST-01221,cust-01221@lumenmail.com,Accessories,2,86.1,0.1,Social,US,variant
ORD-007924,2024-11-06,CUST-00628,cust-00628@lumenmail.com,Décor,2,75.75,0.05,Email,US,
ORD-006681,,CUST-01457,cust-01457@lumenmail.com,Décor,2,37.43,0.0,Paid Search,US,variant
ORD-005695,29/12/2023,CUST-02313,cust-02313@lumenmail.com,Outdoor,3,24.13,0.1,Email,UK,control
ORD-005188,2024-04-30,CUST-02043,cust-02043@lumenmail.com,Décor,3,10.28,0.15,Email,US,
ORD-007316,2024-06-30,CUST-02039,cust-02039@lumenmail.com,Décor,1,28.83,0.0,Organic,US,variant
ORD-007142,2024-12-18,CUST-00376,cust-00376@lumenmail.com,Lighting,1,6.89,0.15,Organic,US,variant
ORD-005111,2023-10-29,CUST-00058,cust-00058@lumenmail.com,Décor,1,98.24,0.05,Social,UK,
ORD-001444,03/02/2024,CUST-00872,cust-00872@lumenmail.com,Outdoor,4,671.69,0.2,Email,US,control
ORD-007559,2024-06-19,CUST-01283,cust-01283@lumenmail.com,Lighting,2,388.96,0.0,Email,CA,
ORD-008787,2024-01-12,CUST-00566,cust-00566@lumenmail.com,Outdoor,4,365.78,0.0,,US,variant
ORD-006438,2023-10-17,CUST-02460,cust-02460@lumenmail.com,Lighting,1,280.82,0.15,Paid Search,US,variant
ORD-000040,2024-09-21,CUST-02041,cust-02041@lumenmail.com,Décor,1,21.76,0.15,,CA,
ORD-000300,2023-07-04,CUST-01699,cust-01699@lumenmail.com,Décor,4,73.03,0.05,Organic,US,variant
ORD-003881,2024-11-28,CUST-02709,cust-02709@lumenmail.com,Accessories,3,25.18,0.2,Organic,UK,
ORD-005847,2024-10-06,CUST-02217,cust-02217@lumenmail.com,Décor,5,74.17,0.0,Paid Search,AU,control
ORD-004535,2024-09-24,CUST-00521,cust-00521@lumenmail.com,Lighting,1,46.53,0.0,Email,US,control
ORD-002552,2024-04-07,CUST-01633,cust-01633@lumenmail.com,Accessories,2,211.87,0.0,Organic,UK,variant
ORD-007821,2024-01-10,CUST-00410,cust-00410@lumenmail.com,Furniture,1,57.79,0.0,Paid Search,US,control
ORD-000714,2024-06-06,CUST-02072,cust-02072@lumenmail.com,Lighting,5,30.91,0.05,Email,US,variant
ORD-003799,2024-01-16,CUST-02557,cust-02557@lumenmail.com,Décor,2,98.56,0.15,Organic,US,control
ORD-009128,11/08/2023,CUST-00260,cust-00260@lumenmail.com,Lighting,2,50.86,0.0,Social,AU,
ORD-008683,2024-11-12,CUST-00077,cust-00077@lumenmail.com,Lighting,2,204.25,0.0,Email,US,control
ORD-003148,2024-11-10,,guest@lumenmail.com,Accessories,3,320.68,0.0,Paid Search,US,
ORD-001158,2024-08-13,CUST-02792,cust-02792@lumenmail.com,Lighting,1,67.84,0.05,Organic,ZZ,
ORD-007035,2024-06-16,CUST-01984,cust-01984@lumenmail.com,Furniture,1,55.56,0.15,,US,control
ORD-007176,2023-12-26,CUST-02692,cust-02692@lumenmail.com,Furniture,2,597.73,0.05,Social,US,variant
ORD-001072,2024-07-09,CUST-00626,cust-00626@lumenmail.com,Décor,1,112.05,0.05,Organic,US,variant
ORD-004823,2023-09-17,CUST-00397,cust-00397@lumenmail.com,Lighting,2,190.63,0.2,Email,US,control
ORD-008954,2024-06-24,CUST-01756,cust-01756@lumenmail.com,Décor,3,98.31,0.0,Email,ZZ,control
ORD-000193,2024-12-05,CUST-01669,cust-01669@lumenmail.com,Décor,2,91.21,0.1,Organic,CA,control
ORD-004080,2023-10-15,CUST-02179,cust-02179@lumenmail.com,Décor,-6,198.38,0.0,Email,US,control
ORD-009255,2024-10-27,CUST-00937,cust-00937@lumenmail.com,Décor,5,395.92,0.05,Email,AU,variant
ORD-008472,2023-07-05,CUST-00900,cust-00900@lumenmail.com,Lighting,1,84.46,0.0,Paid Search,US,
ORD-005403,2024-02-28,,guest@lumenmail.com,Furniture,1,102.06,0.0,Email,US,control
ORD-000637,2023-12-22,CUST-01031,cust-01031@lumenmail.com,Lighting,1,33.36,0.0,Email,US,
ORD-007647,2023-07-28,CUST-00791,cust-00791@lumenmail.com,Furniture,1,89.5,0.1,Paid Search,US,variant
ORD-001586,15/11/2023,CUST-02820,cust-02820@lumenmail.com,Lightng,1,93.0,0.1,Paid Search,US,
ORD-001105,2023-08-18,CUST-00691,cust-00691@lumenmail.com,Accessories,1,90.26,0.0,Social,UK,variant
ORD-006133,2024-10-04,CUST-01043,cust-01043@lumenmail.com,Furniture,2,369.33,0.0,Organic,US,
ORD-008306,2023-11-23,,guest@lumenmail.com,Décor,1,33.38,0.0,Email,US,control
ORD-002251,2024-06-15,CUST-01491,cust-01491@lumenmail.com,Lighting,3,115.54,0.0,Paid Search,US,
ORD-001524,2023-07-29,CUST-01402,cust-01402@lumenmail.com,Lighting,3,77.25,0.1,Email,CA,
ORD-005553,2024-01-10,,guest@lumenmail.com,Décor,2,60.52,0.15,Paid Search,US,
ORD-008861,2024-04-28,CUST-01299,cust-01299@lumenmail.com,Furniture,1,47.94,0.0,Paid Search,UK,control
ORD-002647,2024-04-08,CUST-00006,cust-00006@lumenmail.com,Décor,1,37.08,0.15,Paid Search,US,variant
ORD-006064,,CUST-01009,cust-01009@lumenmail.com,Décor,1,19.75,0.0,Paid Search,UK,variant
ORD-003081,2024-01-11,CUST-02269,cust-02269@lumenmail.com,Furniture,1,28.66,0.0,Paid Search,CA,variant
ORD-003345,2024-02-06,CUST-02725,cust-02725@lumenmail.com,Décor,4,8.07,0.0,Paid Search,US,variant
ORD-008238,21/06/2023,CUST-00574,cust-00574@lumenmail.com,Décor,1,97.67,0.2,,US,
ORD-000507,2023-12-26,CUST-02748,cust-02748@lumenmail.com,Décor,1,98.71,0.05,Email,US,control
ORD-001331,2024-04-15,CUST-02751,cust-02751@lumenmail.com,Décor,1,91.3,0.0,Organic,US,control
ORD-002864,2024-04-15,CUST-00247,cust-00247@lumenmail.com,Lighting,6,161.51,0.0,Paid Search,US,variant
ORD-006179,2024-08-07,CUST-00573,cust-00573@lumenmail.com,Furniture,4,345.1,0.0,Organic,UK,
ORD-000745,,CUST-00686,cust-00686@lumenmail.com,Furniture,1,67.81,0.0,Paid Search,US,
ORD-005580,2024-08-01,CUST-00418,cust-00418@lumenmail.com,Décor,4,336.29,0.2,Email,US,variant
ORD-006134,2023-06-17,CUST-01538,cust-01538@lumenmail.com,Décor,1,502.22,0.0,Organic,US,
ORD-002010,2023-11-09,CUST-01589,cust-01589@lumenmail.com,Outdoor,4,52.09,0.0,Social,US,
ORD-008724,2024-02-29,CUST-02463,cust-02463@lumenmail.com,Furniture,1,11.93,0.0,Organic,US,control
ORD-009208,2024-10-12,CUST-00758,cust-00758@lumenmail.com,Décor,7,42.74,0.05,Email,US,variant
ORD-003180,30/10/2024,CUST-01029,cust-01029@lumenmail.com,Décor,3,177.7,0.1,Paid Search,UK,
ORD-004026,2023-11-15,CUST-00381,cust-00381@lumenmail.com,Décor,1,53.38,0.05,,US,control
ORD-004485,2024-05-11,CUST-02766,cust-02766@lumenmail.com,Lighting,3,232.99,0.0,Email,US,
ORD-002922,2024-07-07,CUST-02285,cust-02285@lumenmail.com,Décor,1,11.26,0.05,Email,UK,
ORD-005028,2024-06-07,CUST-01123,cust-01123@lumenmail.com,Accessories,1,12.84,0.0,Social,US,control
ORD-004790,2024-03-02,CUST-00358,cust-00358@lumenmail.com,Outdoor,1,69.38,0.05,Paid Search,CA,variant
ORD-000553,2024-11-08,,guest@lumenmail.com,Lighting,1,32.62,0.0,Email,US,
ORD-003797,2024-10-28,CUST-01515,cust-01515@lumenmail.com,Lighting,2,82.75,0.0,Social,US,
ORD-003909,2024-09-04,CUST-02395,cust-02395@lumenmail.com,Décor,2,39.35,0.1,Social,US,
ORD-003735,2023-10-26,CUST-02196,cust-02196@lumenmail.com,Lightng,1,660.1,0.0,Organic,US,variant
ORD-008866,2024-08-29,CUST-01196,cust-01196@lumenmail.com,Lighting,-1,126.41,0.0,Organic,US,variant
ORD-003005,2023-09-02,,guest@lumenmail.com,Outdoor,1,45.79,0.15,Organic,UK,variant
ORD-003620,08/03/2024,CUST-02242,cust-02242@lumenmail.com,Décor,1,64.38,0.05,Paid Search,UK,
ORD-005777,2023-10-30,CUST-02320,cust-02320@lumenmail.com,Décor,1,76.11,0.1,Organic,CA,
ORD-007945,2024-12-05,CUST-01770,cust-01770@lumenmail.com,Lighting,1,563.98,0.05,Paid Search,US,variant
ORD-008142,2023-10-05,,guest@lumenmail.com,Lighting,1,258.95,0.15,Social,US,
ORD-006111,2024-10-14,CUST-01894,cust-01894@lumenmail.com,Décor,7,197.33,0.0,Paid Search,US,
ORD-008748,2024-09-29,CUST-00869,cust-00869@lumenmail.com,Lighting,1,99.66,0.1,Email,UK,
ORD-003318,2023-09-05,CUST-01129,cust-01129@lumenmail.com,Décor,2,194.74,0.1,Organic,US,control
ORD-009363,2023-09-05,CUST-02314,cust-02314@lumenmail.com,Lighting,5,114.87,0.0,Social,US,
ORD-006983,2023-08-04,CUST-02068,cust-02068@lumenmail.com,Lighting,2,218.91,0.0,Organic,US,control
ORD-003816,2024-12-09,,guest@lumenmail.com,Lighting,1,155.39,0.1,Organic,CA,variant
ORD-008473,2023-09-17,CUST-01324,cust-01324@lumenmail.com,Outdoor,1,279.86,0.0,Email,US,
ORD-002907,14/11/2024,CUST-02543,cust-02543@lumenmail.com,Décor,3,64.53,0.0,Paid Search,US,
ORD-007873,2024-05-22,CUST-00830,cust-00830@lumenmail.com,Décor,1,44.12,0.0,Email,US,control
ORD-004643,2023-08-17,CUST-00623,cust-00623@lumenmail.com,Outdoor,1,194.4,0.25,Social,UK,variant
ORD-005489,2023-10-22,CUST-01903,cust-01903@lumenmail.com,Accessories,4,20.23,0.05,Email,US,
ORD-006774,2024-04-03,CUST-00949,cust-00949@lumenmail.com,Lighting,1,36.24,0.0,Paid Search,US,
ORD-002574,2023-12-03,CUST-01692,cust-01692@lumenmail.com,Furniture,1,128.53,0.0,Paid Search,US,
ORD-003608,2024-12-25,CUST-02380,cust-02380@lumenmail.com,Décor,1,46.26,0.15,Paid Search,AU,variant
ORD-007379,2024-09-13,CUST-02332,cust-02332@lumenmail.com,Furniture,2,415.81,0.05,Email,US,control
ORD-005878,2024-10-23,CUST-02025,cust-02025@lumenmail.com,Accessories,2,69.65,0.0,Organic,ZZ,
ORD-004016,2024-04-09,CUST-02398,cust-02398@lumenmail.com,Furniture,1,332.28,5.0,Email,US,variant
ORD-006744,2024-01-30,,guest@lumenmail.com,Lighting,1,199.64,0.0,Email,CA,control
ORD-009277,2024-04-17,CUST-00412,cust-00412@lumenmail.com,Décor,5,81.52,10.0,Paid Search,US,variant
ORD-009252,26/10/2024,CUST-02806,cust-02806@lumenmail.com,Furniture,4,27.5,0.05,Paid Search,US,control
ORD-002272,2024-04-25,CUST-01873,cust-01873@lumenmail.com,Outdoor,2,16.46,0.05,Paid Search,AU,control
ORD-005702,2024-03-25,CUST-02777,cust-02777@lumenmail.com,Furniture,1,39.15,0.0,Organic,UK,
ORD-005238,2023-09-25,CUST-00599,cust-00599@lumenmail.com,Décor,1,36.11,0.1,Social,CA,variant
ORD-000199,2024-09-07,CUST-02948,cust-02948@lumenmail.com,Lighting,1,26.68,10.0,,US,control
ORD-008025,2023-07-20,CUST-01988,cust-01988@lumenmail.com,Lighting,2,86.97,0.05,Email,US,
ORD-008510,2024-08-05,CUST-00442,cust-00442@lumenmail.com,Furniture,2,41.19,0.1,Email,US,
ORD-005644,25/12/2023,CUST-02407,cust-02407@lumenmail.com,Outdoor,4,99.22,0.0,Organic,US,control
ORD-006838,2024-07-02,,guest@lumenmail.com,Outdoor,3,107.76,0.2,Paid Search,CA,control
ORD-006822,2024-07-21,CUST-01357,cust-01357@lumenmail.com,Lighting,1,24.78,10.0,Email,US,control
ORD-000805,2024-06-19,CUST-01803,cust-01803@lumenmail.com,Lighting,1,286.73,0.0,Email,UK,control
ORD-009147,2024-05-25,CUST-01943,cust-01943@lumenmail.com,Outdoor,1,301.64,0.2,Organic,US,control
ORD-008584,2023-11-04,CUST-02939,cust-02939@lumenmail.com,Lighting,1,171.61,5.0,Organic,CA,
ORD-005621,2024-07-16,CUST-02814,cust-02814@lumenmail.com,Lighting,1,54.55,0.15,Organic,US,
ORD-006116,2024-07-24,CUST-02573,cust-02573@lumenmail.com,Accessories,3,74.35,10.0,Paid Search,ZZ,variant
ORD-008237,2024-06-11,CUST-02213,cust-02213@lumenmail.com,Lighting,1,25.71,0.05,Paid Search,US,variant
ORD-001114,2024-09-07,CUST-02320,cust-02320@lumenmail.com,Furniture,2,319.52,0.0,Social,US,
ORD-001696,04/07/2023,CUST-00336,cust-00336@lumenmail.com,Furniture,2,722.95,0.05,Social,US,control
ORD-004081,2023-12-26,CUST-00735,cust-00735@lumenmail.com,Lighting,3,330.45,0.1,Email,CA,variant
ORD-007413,2023-07-26,CUST-01364,cust-01364@lumenmail.com,lighting,1,57.46,0.0,Paid Search,CA,
ORD-003237,,CUST-02402,cust-02402@lumenmail.com,Lighting,-3,320.89,0.1,Email,UK,
ORD-007412,2024-08-20,CUST-01493,cust-01493@lumenmail.com,Décor,2,336.45,0.0,Email,UK,variant
ORD-004619,2024-01-31,CUST-02591,cust-02591@lumenmail.com,Décor,3,6.69,0.0,Paid Search,US,control
ORD-007083,17/10/2023,CUST-02299,cust-02299@lumenmail.com,Accessories,2,110.38,0.0,Organic,AU,
ORD-008426,2024-07-30,CUST-02630,cust-02630@lumenmail.com,Décor,1,24.86,0.0,Social,CA,
ORD-002455,2023-12-27,CUST-01878,cust-01878@lumenmail.com,Lighting,4,50.72,0.05,Email,US,variant
ORD-005362,2024-09-17,CUST-02279,cust-02279@lumenmail.com,Lighting,1,165.49,0.1,Paid Search,US,
ORD-000820,13/05/2024,CUST-02333,cust-02333@lumenmail.com,Décor,1,485.88,0.0,Paid Search,US,variant
ORD-002732,2023-07-02,,guest@lumenmail.com,Furniture,1,41.43,0.0,Organic,UK,control
ORD-004565,2024-03-24,CUST-02058,cust-02058@lumenmail.com,Décor,3,630.41,0.0,Paid Search,US,variant
ORD-007318,29/02/2024,CUST-01596,cust-01596@lumenmail.com,Furniture,5,81.81,0.2,Paid Search,US,
ORD-001013,2024-01-25,CUST-00139,cust-00139@lumenmail.com,Décor,1,98.73,0.1,Email,CA,
ORD-003257,2024-12-25,CUST-01100,cust-01100@lumenmail.com,Lighting,-4,48.98,0.15,Paid Search,UK,
ORD-006370,2024-06-06,CUST-01239,cust-01239@lumenmail.com,Furniture,1,233.64,0.1,Organic,US,variant
ORD-000560,2023-11-19,CUST-01416,cust-01416@lumenmail.com,Décor,-1,39.74,0.05,Paid Search,US,variant
ORD-004174,2024-08-04,CUST-00323,cust-00323@lumenmail.com,Furniture,1,305.58,0.1,Paid Search,ZZ,control
ORD-006921,2023-07-02,,guest@lumenmail.com,Décor,2,47.56,0.0,Organic,US,control
ORD-006301,2024-10-11,CUST-01257,cust-01257@lumenmail.com,Accessories,4,356.32,0.1,Paid Search,US,control
ORD-005275,27/05/2024,CUST-02738,cust-02738@lumenmail.com,Lighting,2,44.59,0.0,Paid Search,US,variant
ORD-003015,24/08/2024,CUST-02247,cust-02247@lumenmail.com,Furniture,6,29.62,0.15,Paid Search,US,variant
ORD-002177,2024-07-01,CUST-01905,cust-01905@lumenmail.com,Furniture,1,10.41,0.0,Paid Search,US,
ORD-007773,2024-04-29,CUST-02600,cust-02600@lumenmail.com,Outdoor,3,89.57,0.15,Email,ZZ,variant
ORD-008431,2024-06-25,CUST-00794,cust-00794@lumenmail.com,Décor,4,266.98,0.05,Social,AU,variant
ORD-006878,2023-08-08,CUST-02616,cust-02616@lumenmail.com,Lighting,1,440.36,0.05,Social,US,control
ORD-007215,2023-11-25,CUST-00392,cust-00392@lumenmail.com,Lighting,1,67.74,0.0,Social,ZZ,
ORD-008424,03/06/2023,,guest@lumenmail.com,Décor,4,668.41,10.0,Paid Search,US,variant
ORD-007319,2023-06-15,,guest@lumenmail.com,Lighting,1,84.44,0.0,Social,UK,control
ORD-006840,,CUST-02222,cust-02222@lumenmail.com,Outdoor,2,36.64,0.0,Paid Search,US,variant
ORD-006664,17/01/2024,CUST-00027,cust-00027@lumenmail.com,Lighting,1,20.74,0.0,Paid Search,US,
ORD-009001,2024-03-26,CUST-02515,cust-02515@lumenmail.com,Outdoor,1,26.94,0.1,Social,US,variant
ORD-005520,19/08/2024,CUST-02224,cust-02224@lumenmail.com,Lighting,2,29.53,0.05,Email,US,control
ORD-000091,2024-12-13,CUST-02175,cust-02175@lumenmail.com,Furniture,2,82.14,0.05,Organic,AU,control
ORD-007714,2024-03-16,CUST-02208,cust-02208@lumenmail.com,Outdoor,2,5.71,0.0,Paid Search,AU,
