order_id,order_date,customer_id,customer_email,product_category,quantity,unit_price,discount_pct,channel,country,experiment_group
ORD-007775,2024-05-29,CUST-00469,cust-00469@lumenmail.com,Décor,1,99.1,0.0,Social,US,
ORD-005679,2024-02-12,CUST-00918,cust-00918@lumenmail.com,Décor,1,11.84,0.0,Organic,US,control
ORD-007553,2023-10-31,CUST-00746,cust-00746@lumenmail.com,Décor,2,9.46,0.0,Social,US,control
ORD-000588,2023-11-23,,guest@lumenmail.com,Lighting,1,799.15,0.0,Email,US,
ORD-009040,2024-07-05,CUST-01402,cust-01402@lumenmail.com,Outdoor,2,133.2,0.0,Organic,UK,variant
ORD-001466,2023-11-12,CUST-01914,cust-01914@lumenmail.com,Accessories,1,508.2,0.15,Social,CA,variant
ORD-009085,2024-06-26,CUST-01310,cust-01310@lumenmail.com,Lighting,2,113.61,0.05,Social,US,
ORD-005328,2024-11-06,CUST-01970,cust-01970@lumenmail.com,Décor,2,262.37,0.1,Social,US,variant
ORD-000652,23/05/2024,CUST-02594,cust-02594@lumenmail.com,Décor,2,32.19,0.05,Organic,US,
ORD-009239,2023-11-12,CUST-01339,cust-01339@lumenmail.com,Lighting,4,51.6,0.0,Email,US,
ORD-008609,17/01/2024,CUST-01180,cust-01180@lumenmail.com,Lighting,1,148.9,0.05,Organic,US,variant
ORD-003388,2024-02-07,CUST-02946,cust-02946@lumenmail.com,Lighting,5,100.93,0.0,Paid Search,UK,
ORD-005713,2023-07-18,CUST-02734,cust-02734@lumenmail.com,Lighting,5,26.91,0.0,Paid Search,US,variant
ORD-009378,2023-09-06,CUST-01897,cust-01897@lumenmail.com,Lighting,1,28.16,0.1,,CA,
ORD-007823,2024-10-08,CUST-02659,cust-02659@lumenmail.com,Outdoor,1,55.77,0.0,Email,US,
ORD-009025,2023-12-28,,guest@lumenmail.com,Décor,1,152.01,0.0,Email,US,control
ORD-007073,2024-12-29,CUST-00557,cust-00557@lumenmail.com,Lighting,1,90.6,0.0,Organic,UK,
ORD-001358,2024-01-02,CUST-01633,cust-01633@lumenmail.com,Lighting,1,77.35,0.0,Email,US,control
ORD-003898,2024-05-22,CUST-00862,cust-00862@lumenmail.com,Furniture,1,46.45,0.05,Paid Search,CA,variant
ORD-006561,2023-11-09,CUST-01689,cust-01689@lumenmail.com,Accessories,1,37.57,0.0,Paid Search,CA,control
ORD-006305,2023-10-25,CUST-02651,cust-02651@lumenmail.com,Décor,2,184.07,0.2,Paid Search,US,variant
ORD-001853,2023-07-07,,guest@lumenmail.com,Lighting,3,529.91,0.0,Organic,US,variant
ORD-003300,2024-12-17,CUST-00081,cust-00081@lumenmail.com,Furniture,2,186.77,0.0,Paid Search,US,variant
ORD-001829,2024-12-26,CUST-02582,cust-02582@lumenmail.com,Décor,4,46.77,0.05,Email,UK,
ORD-005886,2024-01-03,CUST-00981,cust-00981@lumenmail.com,Furniture,-1,369.19,0.2,Organic,CA,control
ORD-003044,07/09/2023,CUST-01834,cust-01834@lumenmail.com,Décor,1,195.66,0.15,,UK,control
ORD-008236,04/07/2023,CUST-01354,cust-01354@lumenmail.com,Lighting,2,14.46,0.0,Organic,UK,
ORD-008653,2023-06-22,CUST-02773,cust-02773@lumenmail.com,Furniture,1,15.3,0.05,Social,US,variant
ORD-001991,2024-02-25,CUST-00762,cust-00762@lumenmail.com,Lighting,2,20.35,0.0,Email,US,variant
ORD-008099,2024-12-03,CUST-00475,cust-00475@lumenmail.com,Furniture,4,182.41,0.0,Email,US,control
ORD-002791,2023-06-20,CUST-01497,cust-01497@lumenmail.com,Lighting,2,29.82,0.05,Email,US,
ORD-006462,2024-05-11,CUST-01386,cust-01386@lumenmail.com,Outdoor,-1,43.77,0.2,Email,CA,
ORD-001531,2023-12-26,CUST-01629,cust-01629@lumenmail.com,Furniture,1,97.57,0.0,Organic,ZZ,control
ORD-008794,2023-12-13,CUST-02653,cust-02653@lumenmail.com,Furniture,7,29.47,0.0,Social,US,control
ORD-009199,2024-03-02,CUST-00022,cust-00022@lumenmail.com,Furniture,7,86.86,0.0,Paid Search,UK,
ORD-003408,02/01/2024,CUST-02328,cust-02328@lumenmail.com,Lighting,1,148.01,0.0,Social,US,
ORD-005498,2024-01-31,CUST-02959,cust-02959@lumenmail.com,Lighting,1,763.45,0.0,Email,US,control
ORD-009341,2024-03-24,CUST-00376,cust-00376@lumenmail.com,Lighting,1,40.34,0.0,Email,US,control
ORD-008751,2024-12-04,CUST-00855,cust-00855@lumenmail.com,Décor,2,126.15,0.05,Organic,US,variant
ORD-009367,2023-07-04,CUST-01603,cust-01603@lumenmail.com,Outdoor,5,58.22,0.1,Email,US,variant
ORD-006963,2023-10-06,CUST-02758,cust-02758@lumenmail.com,Accessories,3,13.43,0.1,Email,US,control
ORD-004443,2023-07-13,,guest@lumenmail.com,Furniture,2,47.71,0.15,Organic,US,control
ORD-004153,2023-09-20,CUST-02311,cust-02311@lumenmail.com,Décor,2,122.6,0.0,Paid Search,UK,
ORD-003133,2024-10-20,CUST-01906,cust-01906@lumenmail.com,Furniture,1,186.51,0.0,Organic,US,variant
ORD-002839,2023-08-19,CUST-02381,cust-02381@lumenmail.com,Lighting,3,738.59,0.1,Email,US,variant
ORD-000707,2023-12-14,CUST-01709,cust-01709@lumenmail.com,Décor,2,68.43,0.0,Paid Search,US,variant
ORD-004480,2024-09-29,CUST-01741,cust-01741@lumenmail.com,Lighting,1,184.71,0.05,Email,CA,variant
ORD-008314,2024-12-14,CUST-01104,cust-01104@lumenmail.com,Lighting,2,63.35,0.0,Paid Search,US,variant
ORD-001677,2024-11-14,CUST-00622,cust-00622@lumenmail.com,Lighting,2,69.9,0.0,Email,US,control
ORD-000939,2024-10-22,CUST-01301,cust-01301@lumenmail.com,Lighting,1,19.32,0.0,Organic,US,
ORD-005380,2024-03-16,CUST-01381,cust-01381@lumenmail.com,Décor,4,74.21,0.15,,US,variant
ORD-004112,2024-04-04,CUST-00298,cust-00298@lumenmail.com,Lighting,1,401.68,0.0,Email,US,control
ORD-005693,2024-05-31,CUST-01671,cust-01671@lumenmail.com,Accessories,1,132.7,0.2,Social,UK,
ORD-003583,2024-11-12,CUST-02422,cust-02422@lumenmail.com,Furniture,3,50.9,0.2,Paid Search,US,variant
ORD-007050,2023-08-30,CUST-02975,cust-02975@lumenmail.com,Décor,3,8.32,0.0,Organic,US,control
ORD-007313,2024-01-11,CUST-01111,cust-01111@lumenmail.com,Furniture,5,96.94,0.0,Paid Search,US,control
ORD-008989,2023-11-03,CUST-02451,cust-02451@lumenmail.com,Furniture,4,72.25,0.15,Paid Search,US,control
ORD-000135,2023-10-18,CUST-01411,cust-01411@lumenmail.com,Lighting,2,22.62,0.05,Social,AU,control
ORD-004568,2024-12-07,CUST-02696,cust-02696@lumenmail.com,Accessories,1,155.44,0.05,Paid Search,US,control
ORD-001396,2024-04-16,CUST-01378,cust-01378@lumenmail.com,Lighting,1,49.01,0.05,Paid Search,US,variant
ORD-000319,2024-04-19,CUST-02794,cust-02794@lumenmail.com,Lighting,2,42.73,0.0,Paid Search,CA,
ORD-005039,2024-02-14,CUST-02862,cust-02862@lumenmail.com,Lighting,5,222.09,0.2,Organic,US,control
ORD-001694,2023-11-30,CUST-02617,cust-02617@lumenmail.com,Lighting,2,197.23,0.0,Organic,AU,variant
ORD-003862,2023-12-12,CUST-00552,cust-00552@lumenmail.com,Décor,2,89.54,0.25,Organic,US,
ORD-000026,2024-10-27,CUST-01588,cust-01588@lumenmail.com,Décor,1,362.32,0.1,Paid Search,US,
ORD-001827,2024-01-18,CUST-00995,cust-00995@lumenmail.com,Décor,1,51.78,0.0,Email,UK,control
ORD-004698,16/06/2024,CUST-01188,cust-01188@lumenmail.com,Décor,3,392.98,0.2,Email,US,variant
ORD-006649,2023-09-11,CUST-02123,cust-02123@lumenmail.com,Lighting,1,51.27,0.15,Email,CA,variant
ORD-005982,2024-06-27,CUST-02306,cust-02306@lumenmail.com,Accessories,1,195.2,0.0,Social,UK,
ORD-003917,2023-07-28,CUST-01574,cust-01574@lumenmail.com,Lighting,5,68.62,0.0,Paid Search,ZZ,variant
ORD-000654,2024-02-05,CUST-01012,cust-01012@lumenmail.com,Lighting,1,196.86,0.05,Paid Search,US,control
ORD-008750,2023-11-15,CUST-01094,cust-01094@lumenmail.com,Furniture,2,171.68,0.0,Paid Search,UK,variant
ORD-005911,10/02/2024,CUST-00057,cust-00057@lumenmail.com,Décor,2,27.51,0.15,Paid Search,US,control
ORD-002036,2024-10-05,CUST-01473,cust-01473@lumenmail.com,Décor,2,39.16,0.0,Email,US,
ORD-005220,2023-12-07,CUST-01542,cust-01542@lumenmail.com,Lighting,1,81.42,0.15,Paid Search,US,
ORD-009263,2024-03-02,CUST-00806,cust-00806@lumenmail.com,Lighting,4,150.92,0.25,Social,US,
ORD-005628,2024-10-22,CUST-02450,cust-02450@lumenmail.com,Lighting,2,154.75,0.15,Organic,US,control
ORD-007122,10/07/2024,CUST-01217,cust-01217@lumenmail.com,Lighting,2,76.11,0.2,Email,UK,control
ORD-007740,2024-08-04,CUST-02482,cust-02482@lumenmail.com,Furniture,2,133.33,0.2,Email,US,control
ORD-000791,2024-08-19,CUST-00825,cust-00825@lumenmail.com,Lighting,3,56.6,0.1,Email,US,
ORD-009202,03/11/2023,CUST-00176,cust-00176@lumenmail.com,Accessories,1,49.83,0.0,Organic,US,
ORD-008582,2023-10-30,CUST-02638,cust-02638@lumenmail.com,Lighting,2,57.57,0.0,Paid Search,CA,
ORD-009366,24/05/2024,CUST-01911,cust-01911@lumenmail.com,Furniture,1,202.76,0.0,Social,AU,control
ORD-001185,2023-10-02,CUST-00097,cust-00097@lumenmail.com,Furniture,6,8.94,0.05,Paid Search,US,control
ORD-005005,2024-09-23,CUST-01456,cust-01456@lumenmail.com,Lighting,3,134.05,0.1,Organic,CA,control
ORD-009230,2024-05-25,CUST-01138,cust-01138@lumenmail.com,Furniture,1,110.8,0.2,Email,US,
ORD-002584,2024-08-17,CUST-02895,cust-02895@lumenmail.com,Furniture,2,128.55,0.05,Email,US,
ORD-007614,2023-06-02,CUST-02945,cust-02945@lumenmail.com,Furniture,2,318.91,0.05,Email,US,
ORD-009568,10/11/2023,CUST-02089,cust-02089@lumenmail.com,Lighting,3,156.88,0.15,Paid Search,US,variant
ORD-006384,2024-05-11,CUST-01902,cust-01902@lumenmail.com,Lighting,5,47.91,0.0,Organic,US,variant
ORD-000936,2024-09-30,CUST-01688,cust-01688@lumenmail.com,Lighting,2,90.1,0.05,Paid Search,US,control
ORD-004262,2024-11-04,CUST-02598,cust-02598@lumenmail.com,Accessories,2,37.81,0.0,Paid Search,US,control
ORD-001217,15/08/2023,CUST-01934,cust-01934@lumenmail.com,Décor,3,693.32,0.25,Organic,US,
ORD-001929,2024-11-17,CUST-01964,cust-01964@lumenmail.com,Lighting,1,0.0,0.0,Organic,CA,control
ORD-009261,21/05/2024,CUST-00930,cust-00930@lumenmail.com,Décor,2,94.73,0.0,Paid Search,ZZ,
ORD-008602,2024-10-05,,guest@lumenmail.com,Lighting,3,54.53,0.1,Social,US,
ORD-008162,2024-11-08,CUST-00669,cust-00669@lumenmail.com,Décor,5,185.93,0.05,Email,UK,
ORD-006487,2023-11-04,CUST-01749,cust-01749@lumenmail.com,Furniture,1,139.58,0.05,Social,US,control
ORD-002708,2024-04-07,CUST-00093,cust-00093@lumenmail.com,Décor,1,40.22,0.0,Paid Search,US,control
ORD-003751,2024-12-18,CUST-02076,cust-02076@lumenmail.com,Décor,1,27.0,0.15,Paid Search,US,
ORD-006510,2023-12-11,CUST-01441,cust-01441@lumenmail.com,Lighting,1,47.96,0.0,Social,CA,
ORD-009422,2024-08-20,CUST-01694,cust-01694@lumenmail.com,Furniture,1,13.69,0.0,Email,US,variant
ORD-007230,2023-07-03,CUST-02170,cust-02170@lumenmail.com,Outdoor,3,160.54,0.15,Email,UK,control
ORD-009205,2024-12-22,CUST-01997,cust-01997@lumenmail.com,Accessories,1,147.98,0.0,Paid Search,US,
ORD-001681,2024-09-17,CUST-01915,cust-01915@lumenmail.com,Décor,1,37.3,0.05,Email,UK,
ORD-009359,2024-07-17,CUST-00872,cust-00872@lumenmail.com,Outdoor,1,377.27,0.1,Organic,US,control
ORD-000365,19/04/2024,CUST-00870,cust-00870@lumenmail.com,Furniture,2,10.9,0.0,Organic,US,
ORD-004355,20/08/2024,,guest@lumenmail.com,Outdoor,3,52.56,0.15,Social,US,control
ORD-004373,2024-07-30,CUST-02723,cust-02723@lumenmail.com,Furniture,-7,672.1,0.05,Email,US,control
ORD-007966,2024-06-21,CUST-02742,cust-02742@lumenmail.com,Outdoor,5,30.33,0.0,Social,US,
ORD-008093,2023-12-31,CUST-01553,cust-01553@lumenmail.com,Accessories,1,323.4,0.0,Organic,UK,control
ORD-006602,2024-11-09,CUST-01782,cust-01782@lumenmail.com,Lighting,2,452.13,0.0,Organic,US,
ORD-003466,2024-02-25,CUST-00222,cust-00222@lumenmail.com,Lighting,1,32.95,0.25,Paid Search,US,
ORD-002258,12/03/2024,CUST-01790,cust-01790@lumenmail.com,Furniture,3,37.89,0.2,Email,US,variant
ORD-007359,2024-04-17,CUST-02071,cust-02071@lumenmail.com,Outdoor,2,66.37,0.1,Email,UK,
ORD-003847,2023-07-06,CUST-01049,cust-01049@lumenmail.com,Lighting,2,200.03,0.1,Organic,US,variant
ORD-008060,2023-10-09,CUST-00931,cust-00931@lumenmail.com,Lighting,2,193.41,0.0,Organic,US,variant
ORD-005493,2024-12-20,CUST-01363,cust-01363@lumenmail.com,Lighting,1,28.74,0.1,Organic,US,
ORD-007387,2024-03-19,CUST-01494,cust-01494@lumenmail.com,Outdoor,2,25.53,0.05,Paid Search,AU,control
ORD-001812,05/05/2024,CUST-01680,cust-01680@lumenmail.com,Lighting,7,33.94,0.0,Paid Search,US,variant
ORD-002616,2024-12-10,CUST-00023,cust-00023@lumenmail.com,Décor,1,155.69,0.1,Organic,CA,variant
ORD-007433,2024-04-30,CUST-01133,cust-01133@lumenmail.com,Décor,1,96.26,0.05,Email,US,
ORD-001895,2023-08-19,CUST-02465,cust-02465@lumenmail.com,Décor,4,47.54,0.05,Organic,US,
ORD-003537,10/11/2023,CUST-00837,cust-00837@lumenmail.com,Accessories,3,27.3,0.2,Email,UK,
ORD-004932,2024-12-23,CUST-00810,cust-00810@lumenmail.com,Lighting,1,164.13,0.0,Social,ZZ,
ORD-008146,2024-04-28,CUST-01904,cust-01904@lumenmail.com,Lighting,1,191.54,0.0,Organic,UK,control
ORD-002757,2024-07-26,CUST-00533,cust-00533@lumenmail.com,Lighting,3,13.81,0.05,Organic,US,
ORD-006598,01/10/2024,CUST-00277,cust-00277@lumenmail.com,Lighting,2,57.36,0.0,Paid Search,US,control
ORD-005410,2024-06-02,CUST-00975,cust-00975@lumenmail.com,Décor,1,43.32,0.0,Paid Search,US,variant
ORD-000928,2024-03-07,CUST-02836,cust-02836@lumenmail.com,Furniture,1,28.67,0.15,Paid Search,AU,
ORD-002932,2024-09-09,CUST-02374,cust-02374@lumenmail.com,Décor,1,248.34,0.0,Organic,US,
ORD-003601,2023-06-04,CUST-01438,cust-01438@lumenmail.com,Lighting,1,178.44,0.0,Email,UK,
ORD-006502,2024-11-13,CUST-00369,cust-00369@lumenmail.com,Furniture,3,216.26,0.0,Paid Search,US,
ORD-005893,2023-11-14,CUST-01390,cust-01390@lumenmail.com,Furniture,3,62.85,0.0,Paid Search,US,
ORD-003938,2024-07-26,CUST-02297,cust-02297@lumenmail.com,Accessories,3,29.26,0.0,Organic,US,control
ORD-006228,2024-02-08,CUST-01040,cust-01040@lumenmail.com,Furniture,2,76.07,0.0,Email,UK,variant
ORD-006167,2024-08-13,CUST-01971,cust-01971@lumenmail.com,Outdoor,1,49.46,0.0,Email,US,variant
ORD-002189,2024-01-25,CUST-01276,cust-01276@lumenmail.com,Lighting,2,31.81,0.0,,CA,variant
ORD-003887,07/07/2023,CUST-02705,cust-02705@lumenmail.com,Lighting,2,134.8,0.2,Organic,US,
ORD-008734,2024-11-04,CUST-01583,cust-01583@lumenmail.com,Décor,1,54.82,0.05,Email,US,
ORD-008565,2024-12-10,CUST-01812,cust-01812@lumenmail.com,Lighting,2,472.76,0.0,Organic,US,control
ORD-007382,2023-07-30,CUST-01514,cust-01514@lumenmail.com,Décor,1,92.89,0.1,Paid Search,US,
ORD-007531,04/09/2024,CUST-01490,cust-01490@lumenmail.com,Décor,1,45.64,0.05,Social,US,variant
ORD-007391,2023-09-03,CUST-00626,cust-00626@lumenmail.com,Lighting,1,29.71,0.15,Email,US,control
ORD-005958,2024-03-18,CUST-00310,cust-00310@lumenmail.com,Lighting,3,141.87,0.05,Email,AU,variant
ORD-001946,17/04/2024,CUST-00251,cust-00251@lumenmail.com,Lighting,1,198.41,0.0,Organic,US,
ORD-004384,2023-11-26,,guest@lumenmail.com,Décor,2,8.69,0.0,Paid Search,CA,
ORD-007289,2024-10-10,CUST-01091,cust-01091@lumenmail.com,Lighting,2,143.36,0.1,Email,CA,control
ORD-003461,2024-07-23,CUST-00934,cust-00934@lumenmail.com,Lighting,2,27.96,0.0,Paid Search,US,control
ORD-004399,2023-10-09,,guest@lumenmail.com,Accessories,1,145.33,0.1,Paid Search,AU,
ORD-005439,2024-02-20,CUST-01216,cust-01216@lumenmail.com,Lighting,-2,200.94,0.05,Paid Search,US,variant
ORD-001541,2024-04-09,CUST-00841,cust-00841@lumenmail.com,Lighting,2,20.54,0.0,Paid Search,AU,control
ORD-002195,10/01/2024,CUST-00600,cust-00600@lumenmail.com,Lighting,1,278.68,0.0,Paid Search,CA,variant
ORD-009018,2024-07-30,CUST-00308,cust-00308@lumenmail.com,Lighting,4,114.88,0.05,Paid Search,US,variant
ORD-007949,2024-10-21,CUST-02781,cust-02781@lumenmail.com,Lighting,1,511.34,0.0,Social,UK,control
ORD-000420,2024-08-19,CUST-00182,cust-00182@lumenmail.com,Lighting,2,38.01,0.05,Email,US,variant
ORD-005781,2024-08-30,CUST-02313,cust-02313@lumenmail.com,Outdoor,3,155.56,0.0,Email,US,control
ORD-001492,08/11/2023,CUST-00394,cust-00394@lumenmail.com,Lighting,7,135.18,0.0,Email,US,
ORD-004861,2023-08-13,CUST-02887,cust-02887@lumenmail.com,Lighting,1,91.35,0.1,Paid Search,CA,control
ORD-007245,22/07/2023,CUST-00792,cust-00792@lumenmail.com,Lighting,1,95.61,0.0,Email,US,variant
ORD-008016,2023-07-19,CUST-00135,cust-00135@lumenmail.com,Décor,2,59.85,0.0,Paid Search,US,
ORD-006494,2023-08-20,CUST-02315,cust-02315@lumenmail.com,Accessories,1,9.66,0.0,Email,US,
ORD-000558,2024-08-21,CUST-01689,cust-01689@lumenmail.com,Furniture,1,11.17,0.0,Email,US,
ORD-007411,2024-03-16,CUST-02948,cust-02948@lumenmail.com,Décor,2,21.32,0.15,Email,CA,
ORD-005790,2023-06-20,CUST-00500,cust-00500@lumenmail.com,Lighting,1,43.55,0.05,Paid Search,US,control
ORD-004140,2023-09-02,CUST-01018,cust-01018@lumenmail.com,Lighting,1,59.46,0.0,Email,US,control
ORD-006756,2024-10-19,CUST-02138,cust-02138@lumenmail.com,Lighting,2,469.07,0.2,Email,US,
ORD-008559,2024-04-01,CUST-00100,cust-00100@lumenmail.com,Décor,1,85.38,0.2,Paid Search,US,control
ORD-003335,2024-01-28,CUST-02638,cust-02638@lumenmail.com,Lighting,1,203.12,0.1,Paid Search,US,variant
ORD-004622,30/01/2024,CUST-00125,cust-00125@lumenmail.com,Lighting,7,11.4,0.15,Social,US,variant
ORD-006069,2024-04-20,CUST-02259,cust-02259@lumenmail.com,Accessories,1,15.91,0.1,Organic,US,variant
ORD-005563,2023-11-11,,guest@lumenmail.com,Furniture,2,573.22,0.05,Paid Search,US,variant
ORD-009065,2023-07-16,CUST-00445,cust-00445@lumenmail.com,Lighting,1,199.15,0.0,Paid Search,CA,
ORD-008957,27/07/2023,CUST-00364,cust-00364@lumenmail.com,Lighting,2,192.01,0.1,Email,US,variant
ORD-002850,09/07/2023,,guest@lumenmail.com,Lighting,1,354.31,0.05,Organic,ZZ,control
ORD-002122,2024-09-14,CUST-02043,cust-02043@lumenmail.com,Furniture,1,178.2,0.0,Organic,US,variant
ORD-002591,2024-05-22,CUST-02851,cust-02851@lumenmail.com,Furniture,3,32.71,0.0,Email,US,variant
ORD-003905,2023-09-24,CUST-00398,cust-00398@lumenmail.com,Décor,2,183.33,0.05,Paid Search,US,control
ORD-009059,2023-12-27,CUST-00336,cust-00336@lumenmail.com,Accessories,1,323.31,0.2,Social,AU,
ORD-005503,2024-06-04,CUST-01076,cust-01076@lumenmail.com,Furniture,1,184.89,0.05,Organic,UK,control
ORD-000993,2024-05-19,,guest@lumenmail.com,Outdoor,1,364.08,0.0,Paid Search,US,variant
ORD-004902,2024-12-04,CUST-02954,cust-02954@lumenmail.com,Furniture,1,132.53,0.1,Organic,CA,control
ORD-005924,2023-10-04,CUST-00855,cust-00855@lumenmail.com,Outdoor,2,565.07,0.15,Paid Search,US,
ORD-007992,2024-10-24,CUST-01206,cust-01206@lumenmail.com,Lighting,3,60.43,0.05,Paid Search,US,variant
ORD-004889,04/08/2024,CUST-00720,cust-00720@lumenmail.com,Lighting,4,333.03,0.15,Email,US,control
ORD-003050,2024-10-25,CUST-01592,cust-01592@lumenmail.com,Outdoor,1,333.14,0.0,Social,US,variant
ORD-001995,28/11/2023,CUST-00951,cust-00951@lumenmail.com,Décor,1,178.52,0.05,Organic,US,variant
ORD-008462,2024-05-11,CUST-00128,cust-00128@lumenmail.com,Furniture,1,38.9,0.05,Social,US,variant
ORD-002938,2023-11-22,CUST-01476,cust-01476@lumenmail.com,Lighting,1,15.0,0.2,Social,US,
ORD-002151,2024-02-10,CUST-00962,cust-00962@lumenmail.com,Furniture,1,28.64,0.0,,CA,variant
ORD-007881,2023-11-09,CUST-01429,cust-01429@lumenmail.com,Décor,2,309.45,0.1,Email,CA,
ORD-000174,2024-12-02,CUST-00784,cust-00784@lumenmail.com,Lighting,4,334.24,0.0,Email,US,control
ORD-005037,2024-02-15,CUST-02079,cust-02079@lumenmail.com,Accessories,1,137.91,0.0,Social,AU,
ORD-003358,2023-07-01,,guest@lumenmail.com,Lighting,1,34.8,0.25,Paid Search,US,variant
ORD-006064,2024-10-02,CUST-02393,cust-02393@lumenmail.com,Lighting,1,87.59,0.0,Organic,US,variant
ORD-004672,2024-06-15,CUST-02568,cust-02568@lumenmail.com,Furniture,2,50.61,0.0,Social,UK,
ORD-006731,05/05/2024,CUST-00762,cust-00762@lumenmail.com,Lighting,1,191.39,0.0,Organic,CA,
ORD-009499,2024-12-11,CUST-00695,cust-00695@lumenmail.com,Lighting,2,300.39,0.0,Paid Search,US,
ORD-001120,2024-01-04,CUST-02127,cust-02127@lumenmail.com,Furniture,1,81.18,0.15,Organic,US,control
ORD-005631,2024-08-23,CUST-02284,cust-02284@lumenmail.com,Lighting,2,784.43,0.0,Social,US,control
ORD-005270,2024-02-26,CUST-01549,cust-01549@lumenmail.com,Lighting,3,255.68,0.0,Social,UK,variant
ORD-008272,2023-08-31,CUST-02772,cust-02772@lumenmail.com,Lighting,1,257.98,0.0,Organic,US,control
ORD-002415,2024-08-08,CUST-01894,cust-01894@lumenmail.com,Lighting,7,68.57,0.05,Email,US,
ORD-004743,2024-01-19,CUST-02652,cust-02652@lumenmail.com,Outdoor,1,193.39,0.0,Email,CA,control
ORD-007036,2024-05-14,CUST-02493,cust-02493@lumenmail.com,Lighting,2,158.74,0.05,Social,US,control
ORD-003680,2024-06-30,CUST-01819,cust-01819@lumenmail.com,Lighting,2,48.4,0.0,Paid Search,ZZ,
ORD-001712,13/06/2024,CUST-01442,cust-01442@lumenmail.com,Outdoor,3,19.21,0.0,Email,US,
ORD-004268,03/12/2023,CUST-02757,cust-02757@lumenmail.com,Accessories,3,99.73,0.1,Email,US,control
ORD-008544,28/10/2023,CUST-01913,cust-01913@lumenmail.com,Accessories,2,747.62,0.0,Social,AU,control
ORD-004888,2023-08-13,CUST-02916,cust-02916@lumenmail.com,Lighting,1,228.73,0.1,Paid Search,US,
ORD-009413,13/08/2024,CUST-02638,cust-02638@lumenmail.com,Furniture,1,92.56,0.1,Paid Search,US,
ORD-008408,2023-10-28,CUST-02675,cust-02675@lumenmail.com,Accessories,1,33.09,0.25,,US,
ORD-004605,2023-11-08,CUST-01149,cust-01149@lumenmail.com,Lighting,1,18.21,0.05,Organic,AU,control
ORD-001064,2024-09-26,CUST-02147,cust-02147@lumenmail.com,Accessories,1,73.51,0.0,Paid Search,UK,
ORD-002337,2023-11-23,CUST-01468,cust-01468@lumenmail.com,Accessories,1,222.84,0.1,Email,US,
ORD-000113,2024-12-09,CUST-02708,cust-02708@lumenmail.com,Outdoor,3,35.27,0.0,,US,variant
ORD-001431,2023-09-13,CUST-00518,cust-00518@lumenmail.com,Décor,2,764.26,0.0,Email,US,control
ORD-006651,2023-06-05,CUST-01578,cust-01578@lumenmail.com,Furniture,2,537.62,0.15,,US,variant
ORD-009279,2023-11-07,CUST-00794,cust-00794@lumenmail.com,Lighting,1,29.88,0.05,Email,US,control
ORD-001448,2023-10-19,CUST-02290,cust-02290@lumenmail.com,Décor,2,198.42,0.0,Paid Search,CA,
ORD-006136,2024-05-07,CUST-01868,cust-01868@lumenmail.com,Outdoor,3,338.15,0.0,Paid Search,US,control
ORD-000458,2024-03-03,CUST-02743,cust-02743@lumenmail.com,Décor,1,24.99,0.1,Email,US,
ORD-007976,2023-08-11,CUST-00644,cust-00644@lumenmail.com,Lighting,1,251.22,0.0,Email,UK,variant
ORD-006257,2024-04-06,,guest@lumenmail.com,Lighting,1,64.85,0.0,Paid Search,US,control
ORD-004035,2024-05-06,CUST-02036,cust-02036@lumenmail.com,Lighting,2,5.77,0.05,Social,US,variant
ORD-001090,2024-08-19,CUST-01659,cust-01659@lumenmail.com,Lighting,2,149.12,0.0,Email,US,control
ORD-009585,2023-09-10,CUST-01728,cust-01728@lumenmail.com,Outdoor,6,145.16,0.0,Paid Search,UK,
ORD-008104,2024-03-26,,guest@lumenmail.com,Outdoor,1,32.46,0.0,Email,US,
ORD-002134,2024-05-22,CUST-02842,cust-02842@lumenmail.com,Lighting,4,42.19,0.2,Paid Search,US,variant
ORD-002011,2024-10-13,CUST-02396,cust-02396@lumenmail.com,Outdoor,2,32.1,0.1,Social,US,variant
ORD-001927,2024-08-18,CUST-01381,cust-01381@lumenmail.com,Décor,2,8.24,0.0,Organic,ZZ,
ORD-006351,2023-10-14,CUST-00687,cust-00687@lumenmail.com,Lighting,1,26.63,0.15,,UK,control
ORD-009521,2024-11-29,CUST-02708,cust-02708@lumenmail.com,Lighting,1,195.44,0.0,Organic,US,variant
ORD-001805,2024-09-14,CUST-00894,cust-00894@lumenmail.com,Furniture,3,243.54,0.2,,US,control
ORD-002580,2024-02-22,CUST-02946,cust-02946@lumenmail.com,Lighting,1,30.53,0.0,Paid Search,AU,variant
ORD-001543,2024-02-20,CUST-01077,cust-01077@lumenmail.com,Lighting,2,704.3,0.1,Social,US,control
ORD-008242,2023-10-23,CUST-01491,cust-01491@lumenmail.com,Furniture,1,148.69,0.1,Paid Search,CA,control
ORD-009439,2024-06-09,CUST-00379,cust-00379@lumenmail.com,Outdoor,1,88.89,0.25,Paid Search,US,variant
ORD-005330,16/10/2024,CUST-01198,cust-01198@lumenmail.com,Accessories,3,92.89,0.0,Organic,UK,variant
ORD-004503,2023-09-30,,guest@lumenmail.com,Décor,5,175.73,0.05,Paid Search,US,control
ORD-002474,2023-12-04,CUST-00578,cust-00578@lumenmail.com,Furniture,2,121.39,0.0,Social,CA,variant
ORD-001892,2023-07-01,CUST-02230,cust-02230@lumenmail.com,Lighting,3,189.61,0.0,Organic,US,
ORD-008041,2024-08-15,CUST-00575,cust-00575@lumenmail.com,Outdoor,2,122.29,0.05,Social,US,
ORD-003167,2023-08-08,CUST-01892,cust-01892@lumenmail.com,Lighting,1,131.0,0.1,Organic,US,control
ORD-006103,2023-08-11,CUST-01819,cust-01819@lumenmail.com,Outdoor,1,169.78,0.0,Email,US,variant
ORD-004418,2023-11-06,,guest@lumenmail.com,Outdoor,1,28.04,0.2,Paid Search,US,control
ORD-009252,2024-04-08,CUST-02283,cust-02283@lumenmail.com,Furniture,1,69.51,0.15,Paid Search,US,control
ORD-008050,28/04/2024,CUST-02760,cust-02760@lumenmail.com,Outdoor,1,19.96,0.15,Paid Search,US,variant
ORD-006217,2023-09-19,CUST-01593,cust-01593@lumenmail.com,Lighting,1,189.5,0.0,Paid Search,US,
ORD-008976,2023-12-11,CUST-02277,cust-02277@lumenmail.com,Outdoor,3,18.61,0.0,Paid Search,US,variant
ORD-008690,2023-11-27,CUST-01760,cust-01760@lumenmail.com,Lighting,1,34.86,0.0,Social,UK,
ORD-009520,2023-11-08,CUST-02366,cust-02366@lumenmail.com,Lighting,1,85.96,0.05,Paid Search,UK,control
ORD-004182,2023-07-16,CUST-01466,cust-01466@lumenmail.com,Lighting,1,44.9,0.0,Email,CA,control
ORD-000051,2023-11-19,CUST-02212,cust-02212@lumenmail.com,Lighting,1,48.53,0.05,Organic,US,variant
ORD-002039,2023-09-10,CUST-02199,cust-02199@lumenmail.com,Lighting,-2,264.41,0.1,Social,US,variant
ORD-001862,2023-10-17,CUST-00536,cust-00536@lumenmail.com,Lighting,4,225.11,0.0,Organic,US,
ORD-001027,2024-02-10,CUST-01762,cust-01762@lumenmail.com,Furniture,1,198.25,0.05,Paid Search,US,variant
ORD-000513,2024-06-12,,guest@lumenmail.com,Furniture,5,11.37,0.2,Email,US,variant
ORD-006148,2024-04-17,CUST-01289,cust-01289@lumenmail.com,Outdoor,1,29.34,0.0,Email,US,control
ORD-004965,19/06/2024,CUST-02465,cust-02465@lumenmail.com,Outdoor,1,139.4,0.05,Social,US,
ORD-007219,2024-09-21,,guest@lumenmail.com,Lighting,3,38.56,0.0,Social,US,variant
ORD-005482,2024-06-21,CUST-00711,cust-00711@lumenmail.com,Outdoor,1,627.63,0.0,Email,US,control
ORD-002781,2023-06-10,CUST-00449,cust-00449@lumenmail.com,Outdoor,2,735.7,0.0,Organic,US,variant
ORD-007818,2024-12-11,,guest@lumenmail.com,Lighting,3,324.07,0.05,Social,US,variant
ORD-005875,01/07/2023,CUST-01248,cust-01248@lumenmail.com,Lighting,1,36.09,0.05,Social,UK,
ORD-000021,,,guest@lumenmail.com,Furniture,4,190.53,0.1,Social,US,
ORD-005214,2024-04-12,CUST-00741,cust-00741@lumenmail.com,Furniture,3,19.74,0.15,Email,ZZ,variant
ORD-001390,2023-09-26,CUST-02992,cust-02992@lumenmail.com,Lighting,1,165.01,0.0,Email,US,variant
ORD-003240,2023-10-24,CUST-00449,cust-00449@lumenmail.com,Lighting,1,327.45,0.15,Email,US,control
ORD-003454,2024-05-13,CUST-02691,cust-02691@lumenmail.com,Lighting,1,57.34,0.1,Email,US,control
ORD-000048,2024-02-22,CUST-01947,cust-01947@lumenmail.com,Lighting,1,396.96,0.05,Email,US,variant
ORD-000391,2023-07-04,CUST-02401,cust-02401@lumenmail.com,Lighting,2,63.21,0.1,Organic,US,control
ORD-004847,2024-09-14,CUST-00432,cust-00432@lumenmail.com,Outdoor,3,21.2,0.0,Paid Search,US,
ORD-000297,2023-07-25,CUST-00364,cust-00364@lumenmail.com,Lighting,2,8.77,0.1,,UK,variant
ORD-006460,09/06/2023,CUST-01230,cust-01230@lumenmail.com,Lighting,1,331.17,0.0,Organic,US,
ORD-001207,19/07/2023,CUST-02470,cust-02470@lumenmail.com,Outdoor,2,18.42,0.05,Organic,US,
ORD-003094,2023-07-16,CUST-02692,cust-02692@lumenmail.com,Furniture,1,299.33,0.0,Paid Search,US,
ORD-006267,2024-10-14,CUST-00675,cust-00675@lumenmail.com,Furniture,5,94.24,0.0,Paid Search,US,control
ORD-005878,09/02/2024,CUST-02365,cust-02365@lumenmail.com,Décor,4,27.55,0.2,Paid Search,US,control
ORD-009380,2023-11-06,CUST-01938,cust-01938@lumenmail.com,Décor,3,85.71,0.2,Social,US,
ORD-000944,,CUST-02388,cust-02388@lumenmail.com,Lighting,6,46.45,0.0,Social,US,
ORD-005128,2024-11-10,CUST-02008,cust-02008@lumenmail.com,Furniture,2,188.23,0.0,Social,US,
ORD-006909,2024-09-08,CUST-01851,cust-01851@lumenmail.com,Lighting,1,123.21,0.0,,US,variant
ORD-005217,2024-11-27,CUST-01810,cust-01810@lumenmail.com,Décor,2,73.58,0.0,Paid Search,US,control
ORD-000463,2024-08-13,,guest@lumenmail.com,Accessories,1,11.32,0.0,Email,US,variant
ORD-007682,2024-08-27,,guest@lumenmail.com,Outdoor,3,13.57,0.05,Paid Search,CA,
ORD-002565,2023-10-04,CUST-01667,cust-01667@lumenmail.com,Lighting,2,159.83,0.0,Email,CA,variant
ORD-007879,2024-08-27,CUST-01822,cust-01822@lumenmail.com,Furniture,1,646.34,0.1,Organic,CA,control
ORD-003105,2024-02-16,CUST-00798,cust-00798@lumenmail.com,Accessories,1,64.45,0.05,Paid Search,US,variant
ORD-001477,2024-12-06,CUST-01242,cust-01242@lumenmail.com,Furniture,4,87.12,0.05,Email,US,
ORD-007025,,CUST-02443,cust-02443@lumenmail.com,Lighting,2,61.14,0.0,Email,ZZ,variant
ORD-009231,2024-07-07,CUST-00915,cust-00915@lumenmail.com,Accessories,1,103.9,0.05,Email,US,variant
ORD-002483,2024-09-02,CUST-00841,cust-00841@lumenmail.com,Décor,3,92.68,0.2,Organic,US,
ORD-002640,2023-07-22,CUST-01291,cust-01291@lumenmail.com,Furniture,1,49.73,0.05,Paid Search,US,variant
ORD-004793,2024-01-03,CUST-00486,cust-00486@lumenmail.com,Décor,1,163.55,0.1,Paid Search,US,
ORD-004851,2023-11-06,CUST-00730,cust-00730@lumenmail.com,Décor,6,43.67,0.05,Social,US,control
ORD-007848,2024-02-22,CUST-00193,cust-00193@lumenmail.com,Décor,7,48.05,0.0,Paid Search,US,control
ORD-009344,2024-08-13,CUST-02031,cust-02031@lumenmail.com,Décor,2,34.86,0.0,Email,US,
ORD-001105,2024-07-01,CUST-02595,cust-02595@lumenmail.com,Lighting,4,17.76,0.1,Paid Search,US,variant
ORD-005745,2024-10-26,CUST-02492,cust-02492@lumenmail.com,Accessories,1,23.7,0.15,Paid Search,US,variant
ORD-003645,13/12/2024,CUST-01544,cust-01544@lumenmail.com,Lighting,1,160.34,0.0,,US,variant
ORD-003470,2024-01-19,CUST-01342,cust-01342@lumenmail.com,Lighting,1,377.75,0.0,Email,US,variant
ORD-007320,2024-03-24,,guest@lumenmail.com,Furniture,1,34.98,0.0,Email,CA,
ORD-009402,2024-10-16,CUST-02076,cust-02076@lumenmail.com,Lighting,2,272.21,0.0,Paid Search,UK,control
ORD-000180,2023-06-07,CUST-02825,cust-02825@lumenmail.com,Furniture,7,125.23,0.0,Email,CA,
ORD-000318,2024-05-18,CUST-02921,cust-02921@lumenmail.com,Furniture,2,87.85,0.0,Paid Search,US,variant
ORD-007985,2024-06-23,CUST-02475,cust-02475@lumenmail.com,Décor,2,29.61,0.0,Email,US,
ORD-003593,2023-09-09,CUST-01763,cust-01763@lumenmail.com,Décor,1,71.17,0.15,Social,UK,control
ORD-009316,2023-08-06,CUST-02121,cust-02121@lumenmail.com,Furniture,1,27.7,0.0,Paid Search,CA,
ORD-001813,04/05/2024,CUST-01558,cust-01558@lumenmail.com,Furniture,2,128.81,0.0,Email,CA,
ORD-003702,2024-07-20,CUST-00488,cust-00488@lumenmail.com,Décor,1,164.71,0.0,Organic,US,
ORD-008054,2024-08-10,CUST-01614,cust-01614@lumenmail.com,Lighting,2,20.35,0.15,Email,CA,
ORD-004853,2023-08-19,CUST-00502,cust-00502@lumenmail.com,Outdoor,1,73.08,0.2,Paid Search,US,variant
ORD-009077,2024-11-09,CUST-02358,cust-02358@lumenmail.com,Outdoor,4,45.95,0.0,Paid Search,UK,control
ORD-000326,2024-10-19,CUST-01276,cust-01276@lumenmail.com,Décor,1,21.67,0.2,Paid Search,US,control
ORD-006439,2023-08-13,CUST-01935,cust-01935@lumenmail.com,Lighting,1,17.5,0.0,,ZZ,variant
ORD-007446,2024-07-08,CUST-02264,cust-02264@lumenmail.com,Furniture,1,160.64,0.0,Email,US,control
ORD-001923,09/10/2023,CUST-01152,cust-01152@lumenmail.com,Accessories,1,42.29,0.15,Email,US,control
ORD-002569,2024-01-15,CUST-01688,cust-01688@lumenmail.com,Outdoor,4,786.8,0.0,,US,variant
ORD-003542,2023-07-11,CUST-02637,cust-02637@lumenmail.com,Furniture,3,145.5,0.05,,US,variant
ORD-007685,2024-06-14,CUST-02769,cust-02769@lumenmail.com,Accessories,2,43.97,0.05,Paid Search,US,
ORD-005926,2024-04-12,CUST-01356,cust-01356@lumenmail.com,Outdoor,4,159.62,0.0,Paid Search,US,
ORD-008085,2023-06-02,,guest@lumenmail.com,Furniture,1,5.34,0.0,Social,US,
ORD-007725,10/12/2023,CUST-00847,cust-00847@lumenmail.com,Furniture,2,18.23,0.15,Organic,AU,variant
ORD-007924,2023-12-11,CUST-00511,cust-00511@lumenmail.com,Furniture,1,89.11,0.2,,US,variant
ORD-004966,2024-04-29,CUST-00945,cust-00945@lumenmail.com,Accessories,1,321.69,0.0,Paid Search,US,
ORD-000898,2024-03-05,CUST-02033,cust-02033@lumenmail.com,Outdoor,2,269.92,0.05,Organic,CA,control
ORD-009534,2024-07-07,CUST-00075,cust-00075@lumenmail.com,Lighting,2,370.89,0.05,Organic,UK,variant
ORD-007736,24/12/2023,CUST-02698,cust-02698@lumenmail.com,Furniture,4,144.29,0.1,Paid Search,US,variant
ORD-006557,2024-05-30,CUST-01869,cust-01869@lumenmail.com,Décor,1,5.94,0.05,Organic,US,control
ORD-002237,2023-09-21,CUST-02265,cust-02265@lumenmail.com,Furniture,2,82.23,0.1,Paid Search,US,control
ORD-008076,2024-03-14,CUST-01160,cust-01160@lumenmail.com,Furniture,1,31.91,0.05,Email,UK,control
ORD-007085,2024-09-25,CUST-01672,cust-01672@lumenmail.com,Décor,5,11.76,0.0,Paid Search,AU,variant
ORD-005008,2023-11-24,CUST-01571,cust-01571@lumenmail.com,Lighting,2,46.16,0.05,Paid Search,US,control
ORD-008782,2024-03-07,CUST-00423,cust-00423@lumenmail.com,Outdoor,2,134.58,0.0,Organic,CA,variant
ORD-004545,2024-06-25,CUST-00099,cust-00099@lumenmail.com,Lighting,3,259.16,0.0,Organic,US,variant
ORD-000761,2023-09-07,CUST-02950,cust-02950@lumenmail.com,Lighting,1,15.41,0.0,Organic,CA,control
ORD-001565,2024-03-09,CUST-01858,cust-01858@lumenmail.com,Décor,1,25.06,0.1,Email,CA,
ORD-003106,2024-11-13,CUST-01989,cust-01989@lumenmail.com,Outdoor,-6,741.1,0.0,Email,US,
ORD-008658,2023-08-10,CUST-02169,cust-02169@lumenmail.com,Lighting,2,149.75,0.15,Email,UK,variant
ORD-007485,2024-07-02,CUST-02745,cust-02745@lumenmail.com,Accessories,4,165.68,0.0,Paid Search,CA,variant
ORD-009219,2023-06-26,CUST-02423,cust-02423@lumenmail.com,Furniture,1,725.8,0.0,Social,AU,
ORD-004628,15/06/2023,CUST-00738,cust-00738@lumenmail.com,Lighting,4,9.84,0.05,Paid Search,CA,control
ORD-005464,2024-12-29,CUST-02659,cust-02659@lumenmail.com,Décor,2,166.39,0.1,Organic,CA,
ORD-008958,2023-07-11,CUST-02258,cust-02258@lumenmail.com,Lighting,1,191.13,0.15,Email,US,control
ORD-004024,2024-06-25,CUST-01056,cust-01056@lumenmail.com,Lighting,1,55.39,0.1,Social,US,variant
ORD-004515,2024-10-12,CUST-02749,cust-02749@lumenmail.com,Lighting,1,58.15,0.05,Email,US,control
ORD-008428,2024-02-26,CUST-01412,cust-01412@lumenmail.com,Décor,1,123.91,0.1,Organic,US,control
ORD-002760,2024-03-27,CUST-02406,cust-02406@lumenmail.com,Accessories,2,274.6,0.0,Social,US,variant
ORD-000720,2024-10-26,CUST-00090,cust-00090@lumenmail.com,Décor,3,50.1,0.0,Paid Search,US,variant
ORD-005294,2023-11-25,CUST-02048,cust-02048@lumenmail.com,Accessories,1,32.64,0.15,Email,US,control
ORD-006725,2024-12-04,CUST-00112,cust-00112@lumenmail.com,Furniture,3,67.93,0.0,Email,UK,
ORD-004510,2024-05-28,CUST-00554,cust-00554@lumenmail.com,Lighting,5,32.78,0.15,Paid Search,CA,control
ORD-006961,22/12/2024,CUST-02053,cust-02053@lumenmail.com,Décor,1,153.3,0.25,Paid Search,US,variant
ORD-001734,2023-11-18,CUST-00518,cust-00518@lumenmail.com,Décor,1,44.75,0.2,Email,US,
ORD-008165,2024-03-27,CUST-00212,cust-00212@lumenmail.com,Lighting,5,18.25,0.0,Paid Search,US,
ORD-000708,17/08/2024,,guest@lumenmail.com,Décor,2,511.82,0.0,Email,ZZ,variant
ORD-003911,2024-06-09,CUST-01078,cust-01078@lumenmail.com,Furniture,1,177.29,0.0,Email,US,control
ORD-007551,2024-05-13,CUST-00690,cust-00690@lumenmail.com,Lighting,2,41.88,0.0,Paid Search,US,
ORD-004401,2023-07-04,CUST-01801,cust-01801@lumenmail.com,Outdoor,1,31.54,0.0,Email,US,
ORD-009009,2023-07-30,CUST-00107,cust-00107@lumenmail.com,Lighting,4,120.21,0.0,Paid Search,US,
ORD-006749,22/05/2024,CUST-01697,cust-01697@lumenmail.com,Décor,2,49.97,0.0,Email,US,
ORD-000823,12/12/2023,CUST-01714,cust-01714@lumenmail.com,Décor,2,16.12,0.1,Organic,UK,variant
ORD-001845,2023-09-08,CUST-00512,cust-00512@lumenmail.com,Lighting,2,17.2,0.0,Paid Search,CA,variant
ORD-002324,23/09/2023,CUST-02100,cust-02100@lumenmail.com,Lighting,1,38.86,0.0,Paid Search,CA,variant
ORD-005943,2024-10-20,CUST-01464,cust-01464@lumenmail.com,Outdoor,3,33.77,0.05,Organic,US,control
ORD-009544,2024-10-11,CUST-01829,cust-01829@lumenmail.com,Furniture,1,18.72,0.1,Paid Search,CA,variant
ORD-007055,2024-11-11,CUST-00230,cust-00230@lumenmail.com,Outdoor,1,317.87,0.05,Organic,UK,control
ORD-002280,2024-11-24,CUST-00509,cust-00509@lumenmail.com,Furniture,1,182.63,0.05,Organic,US,variant
ORD-004663,22/10/2024,CUST-01811,cust-01811@lumenmail.com,Décor,1,292.19,0.0,Paid Search,US,control
ORD-000071,2024-09-12,CUST-01654,cust-01654@lumenmail.com,Outdoor,3,0.0,0.25,Email,US,variant
ORD-004930,2024-07-31,CUST-02582,cust-02582@lumenmail.com,Lighting,2,18.42,0.1,Paid Search,US,control
ORD-002596,2024-11-25,CUST-01941,cust-01941@lumenmail.com,Accessories,2,71.06,0.0,Email,US,
ORD-001429,23/12/2024,CUST-01808,cust-01808@lumenmail.com,Furniture,1,76.93,0.0,Organic,US,
ORD-002777,2023-12-08,CUST-02957,cust-02957@lumenmail.com,Décor,4,96.93,0.1,Paid Search,US,variant
ORD-003547,2023-08-26,CUST-02034,cust-02034@lumenmail.com,Lighting,2,97.45,0.0,Paid Search,US,variant
ORD-002427,17/02/2024,CUST-02865,cust-02865@lumenmail.com,Lighting,1,46.84,0.0,Organic,US,
ORD-009370,16/09/2024,CUST-01046,cust-01046@lumenmail.com,Décor,1,206.22,0.05,Organic,UK,variant
ORD-004065,18/12/2023,CUST-02849,cust-02849@lumenmail.com,Lighting,1,96.28,0.1,Email,US,
ORD-006670,2024-08-31,CUST-02301,cust-02301@lumenmail.com,Accessories,7,123.85,0.05,Organic,UK,variant
ORD-009044,29/03/2024,CUST-01742,cust-01742@lumenmail.com,Décor,2,143.14,0.2,,US,control
ORD-007946,2023-09-08,CUST-02411,cust-02411@lumenmail.com,Furniture,1,30.26,0.1,Paid Search,US,control
ORD-007191,2024-02-12,,guest@lumenmail.com,Furniture,1,42.68,0.0,Email,US,control
ORD-008463,2024-06-19,CUST-01067,cust-01067@lumenmail.com,Furniture,4,182.93,0.0,Paid Search,US,variant
ORD-005819,2024-08-10,CUST-02033,cust-02033@lumenmail.com,Furniture,1,77.98,0.05,Email,US,
ORD-000996,2024-12-29,CUST-02804,cust-02804@lumenmail.com,Décor,1,370.55,0.0,Organic,US,control
ORD-006435,2024-05-02,CUST-01165,cust-01165@lumenmail.com,Décor,1,259.08,0.2,Social,US,control
ORD-006203,2024-11-18,CUST-01158,cust-01158@lumenmail.com,Furniture,2,12.66,0.05,Paid Search,ZZ,control
ORD-004798,14/04/2024,CUST-02821,cust-02821@lumenmail.com,Lighting,3,37.57,0.05,Organic,US,control
ORD-001022,2024-05-17,CUST-01691,cust-01691@lumenmail.com,Furniture,1,388.41,0.0,Paid Search,US,
ORD-007915,2024-07-28,CUST-01950,cust-01950@lumenmail.com,Lighting,2,34.02,0.0,,US,variant
ORD-004161,2024-12-30,CUST-00908,cust-00908@lumenmail.com,Furniture,7,12.84,0.05,Email,CA,
ORD-000696,20/11/2023,CUST-01677,cust-01677@lumenmail.com,Lighting,1,29.33,0.2,Paid Search,US,control
ORD-004483,2023-08-04,CUST-00522,cust-00522@lumenmail.com,Décor,2,52.17,0.1,Paid Search,US,control
ORD-007388,2024-04-15,CUST-00200,cust-00200@lumenmail.com,Furniture,1,721.38,0.05,Email,US,variant
ORD-005618,2024-10-28,CUST-02717,cust-02717@lumenmail.com,Furniture,1,38.61,0.2,Organic,US,variant
ORD-001361,24/12/2023,,guest@lumenmail.com,Lighting,1,79.54,0.1,Paid Search,US,
ORD-000690,2023-10-27,CUST-00369,cust-00369@lumenmail.com,Lighting,1,55.01,0.0,Organic,UK,
ORD-002855,28/09/2023,CUST-01763,cust-01763@lumenmail.com,Décor,1,77.95,0.05,Social,US,
ORD-006962,2024-06-15,CUST-00431,cust-00431@lumenmail.com,Accessories,1,287.6,0.1,Paid Search,CA,
ORD-008628,2024-05-17,CUST-00535,cust-00535@lumenmail.com,Lighting,2,466.5,0.15,Paid Search,UK,
ORD-005610,2024-04-11,CUST-01553,cust-01553@lumenmail.com,Lighting,1,175.14,0.05,Paid Search,US,
ORD-004957,2023-11-12,CUST-01016,cust-01016@lumenmail.com,Accessories,1,94.56,0.0,Paid Search,US,variant
ORD-005049,2024-06-04,CUST-00175,cust-00175@lumenmail.com,Lighting,1,99.68,0.0,Organic,UK,
ORD-009297,2024-10-04,CUST-00841,cust-00841@lumenmail.com,Décor,3,31.97,0.05,Paid Search,UK,variant
ORD-002861,2024-01-15,CUST-02535,cust-02535@lumenmail.com,Lighting,1,190.68,0.05,Paid Search,US,variant
ORD-006294,2024-10-25,CUST-01470,cust-01470@lumenmail.com,Décor,1,191.39,0.05,Paid Search,UK,control
ORD-006436,2024-11-23,CUST-00048,cust-00048@lumenmail.com,Décor,1,534.35,0.0,Paid Search,US,variant
ORD-005770,2024-07-11,CUST-00502,cust-00502@lumenmail.com,Outdoor,2,34.92,0.0,Paid Search,US,
ORD-003523,2024-05-03,CUST-01613,cust-01613@lumenmail.com,Accessories,3,185.51,0.05,Paid Search,CA,
ORD-008715,2024-01-22,CUST-01395,cust-01395@lumenmail.com,Lighting,2,6.52,0.1,Social,US,control
ORD-008142,2024-11-06,CUST-02732,cust-02732@lumenmail.com,Lighting,1,58.47,0.0,Email,US,variant
ORD-007445,2023-12-04,CUST-01262,cust-01262@lumenmail.com,Lighting,5,85.08,0.05,Email,US,control
ORD-009206,2024-02-10,CUST-00247,cust-00247@lumenmail.com,Lighting,-1,55.35,0.0,Organic,US,control
ORD-008197,2023-07-18,CUST-01171,cust-01171@lumenmail.com,Lighting,2,39.13,0.05,Paid Search,US,
ORD-004459,2024-10-14,CUST-02476,cust-02476@lumenmail.com,Furniture,1,60.25,0.0,Organic,UK,
ORD-003307,2024-01-18,CUST-01510,cust-01510@lumenmail.com,Accessories,4,487.83,0.0,Social,US,variant
ORD-009195,2024-07-04,CUST-00326,cust-00326@lumenmail.com,Furniture,3,171.69,0.0,Organic,US,
ORD-005461,2024-05-06,CUST-02533,cust-02533@lumenmail.com,Furniture,2,8.39,0.0,Organic,US,
ORD-008233,2024-08-26,CUST-02785,cust-02785@lumenmail.com,Lighting,1,299.32,0.05,Organic,CA,variant
ORD-003663,2024-11-02,CUST-00738,cust-00738@lumenmail.com,Furniture,1,61.21,0.05,Paid Search,US,control
ORD-000969,2024-06-09,CUST-02708,cust-02708@lumenmail.com,Lighting,4,15.59,0.05,Organic,US,variant
ORD-005065,2023-09-25,CUST-02207,cust-02207@lumenmail.com,Décor,1,21.38,0.05,Organic,US,control
ORD-008427,2023-12-05,CUST-02496,cust-02496@lumenmail.com,Lighting,3,23.19,0.1,Organic,US,
ORD-006548,2024-10-25,CUST-00946,cust-00946@lumenmail.com,Décor,5,16.58,0.0,Email,UK,
ORD-007615,,CUST-01697,cust-01697@lumenmail.com,Lighting,3,5.58,0.0,Email,US,variant
ORD-001776,2023-10-14,CUST-00882,cust-00882@lumenmail.com,Décor,3,35.73,0.15,,US,control
ORD-003511,2024-05-25,CUST-00743,cust-00743@lumenmail.com,Lighting,1,36.05,0.0,Email,US,control
ORD-009162,28/12/2024,CUST-00392,cust-00392@lumenmail.com,Décor,1,49.27,0.1,Organic,US,
ORD-005449,2024-02-17,CUST-00778,cust-00778@lumenmail.com,Accessories,5,12.23,0.25,Paid Search,US,control
ORD-001887,2023-12-17,CUST-01592,cust-01592@lumenmail.com,Lighting,1,76.68,0.05,Paid Search,US,control
ORD-009447,2024-04-06,CUST-02584,cust-02584@lumenmail.com,Lighting,1,39.14,0.0,Social,US,variant
ORD-002968,2023-07-02,CUST-02973,cust-02973@lumenmail.com,Furniture,5,47.97,0.1,,US,control
ORD-008790,2023-12-06,,guest@lumenmail.com,Lighting,4,86.9,0.0,Paid Search,US,
ORD-005476,2024-04-22,CUST-01570,cust-01570@lumenmail.com,Décor,2,43.44,0.2,,US,variant
ORD-004130,2023-06-23,CUST-01334,cust-01334@lumenmail.com,Furniture,2,49.18,0.2,Social,AU,
ORD-004702,2024-10-24,,guest@lumenmail.com,Furniture,1,49.79,0.0,Paid Search,CA,
ORD-000270,15/09/2024,CUST-00273,cust-00273@lumenmail.com,Furniture,1,8.49,0.0,Organic,UK,
ORD-006006,2024-08-15,CUST-00356,cust-00356@lumenmail.com,Décor,3,95.68,0.1,Paid Search,US,control
ORD-008996,2023-12-20,CUST-00439,cust-00439@lumenmail.com,Lighting,2,16.79,0.1,Paid Search,US,
ORD-005094,25/05/2024,CUST-02583,cust-02583@lumenmail.com,Accessories,2,143.93,0.05,Paid Search,CA,variant
ORD-000325,2024-11-24,CUST-01670,cust-01670@lumenmail.com,Lighting,4,273.07,0.15,Email,US,control
ORD-009133,2024-10-08,CUST-02670,cust-02670@lumenmail.com,Furniture,2,43.54,0.05,Organic,US,
ORD-005118,2024-07-24,CUST-00361,cust-00361@lumenmail.com,Lighting,2,7.36,0.0,Email,US,variant
ORD-001297,2024-07-15,CUST-01936,cust-01936@lumenmail.com,Lighting,1,16.31,0.0,Email,CA,
ORD-004974,2024-10-22,CUST-00556,cust-00556@lumenmail.com,Lighting,2,81.24,0.1,Organic,US,
ORD-008277,2023-07-19,CUST-01899,cust-01899@lumenmail.com,Furniture,1,248.25,0.05,,US,variant
ORD-009017,2023-12-17,CUST-00319,cust-00319@lumenmail.com,Accessories,1,78.35,0.0,Social,UK,
ORD-000784,2024-03-31,CUST-01627,cust-01627@lumenmail.com,Lighting,2,196.65,0.0,Paid Search,US,
ORD-007323,2024-09-27,CUST-02417,cust-02417@lumenmail.com,Outdoor,1,14.73,0.1,Paid Search,US,control
ORD-004150,2023-09-10,CUST-02238,cust-02238@lumenmail.com,Furniture,2,44.01,0.1,Paid Search,CA,control
ORD-002446,2024-06-24,CUST-01568,cust-01568@lumenmail.com,Lighting,1,86.7,0.0,Paid Search,ZZ,variant
ORD-000214,2024-05-27,CUST-02159,cust-02159@lumenmail.com,Décor,2,76.97,0.0,Email,US,variant
ORD-006843,2024-05-18,CUST-02925,cust-02925@lumenmail.com,Lighting,4,57.68,0.0,Organic,ZZ,
ORD-001768,2024-04-06,CUST-02147,cust-02147@lumenmail.com,Décor,1,65.7,0.1,Email,US,variant
ORD-007404,2024-12-19,CUST-01545,cust-01545@lumenmail.com,Décor,2,7.94,0.15,Social,US,control
ORD-003513,2023-08-04,CUST-02128,cust-02128@lumenmail.com,Lighting,3,30.23,0.1,Email,UK,control
ORD-001981,2024-01-29,CUST-01803,cust-01803@lumenmail.com,Décor,6,317.11,0.1,Organic,US,control
ORD-000580,2024-12-19,CUST-00530,cust-00530@lumenmail.com,Décor,1,208.46,0.0,Paid Search,US,variant
ORD-007978,2024-05-29,CUST-00391,cust-00391@lumenmail.com,Décor,2,314.66,0.0,Social,US,control
ORD-003046,21/12/2024,CUST-01433,cust-01433@lumenmail.com,Décor,1,56.89,0.0,Paid Search,US,
ORD-001036,2023-07-08,CUST-01171,cust-01171@lumenmail.com,Lighting,3,71.75,0.0,Email,US,control
ORD-007888,25/09/2023,CUST-00810,cust-00810@lumenmail.com,Outdoor,1,46.42,0.2,Social,US,control
ORD-002579,2024-10-28,CUST-00066,cust-00066@lumenmail.com,Lighting,2,218.07,0.1,Social,CA,
ORD-005472,2023-07-27,CUST-02324,cust-02324@lumenmail.com,Lighting,2,22.75,0.0,Social,US,
ORD-001111,2024-10-31,,guest@lumenmail.com,Décor,7,381.68,0.15,Organic,US,
ORD-007899,2024-03-03,CUST-01927,cust-01927@lumenmail.com,Lighting,2,27.19,0.0,Paid Search,UK,
ORD-005138,2023-11-01,CUST-02526,cust-02526@lumenmail.com,Décor,4,216.36,0.0,Paid Search,US,
ORD-006945,26/08/2023,CUST-02551,cust-02551@lumenmail.com,Furniture,5,18.7,0.05,Organic,CA,variant
ORD-004804,2024-03-05,CUST-01079,cust-01079@lumenmail.com,Lighting,1,183.92,0.0,Organic,US,control
ORD-004688,2024-12-04,CUST-01545,cust-01545@lumenmail.com,Furniture,3,54.36,0.05,Email,AU,
ORD-002167,2024-05-11,CUST-00705,cust-00705@lumenmail.com,Décor,2,47.81,0.0,Social,US,variant
ORD-008676,2024-01-31,CUST-01895,cust-01895@lumenmail.com,Furniture,5,307.07,0.1,Email,US,control
ORD-004224,03/06/2023,CUST-02058,cust-02058@lumenmail.com,Accessories,1,72.72,0.15,Email,CA,control
ORD-003612,14/06/2023,CUST-00730,cust-00730@lumenmail.com,Lighting,1,193.47,0.15,Organic,CA,
ORD-004832,2024-04-06,CUST-01505,cust-01505@lumenmail.com,Outdoor,4,42.41,0.05,Paid Search,US,control
ORD-008689,2024-02-29,CUST-01285,cust-01285@lumenmail.com,Lighting,2,171.7,0.2,Organic,UK,
ORD-007302,2024-06-12,CUST-01196,cust-01196@lumenmail.com,Lighting,3,61.59,0.05,Email,US,
ORD-007292,2024-06-03,CUST-02213,cust-02213@lumenmail.com,Furniture,-3,145.9,0.15,Paid Search,US,
ORD-004294,2024-09-24,CUST-02426,cust-02426@lumenmail.com,Furniture,5,31.27,0.1,Paid Search,US,variant
ORD-004245,2024-04-13,CUST-00502,cust-00502@lumenmail.com,Lighting,1,0.0,0.15,Organic,CA,
ORD-009542,2023-10-26,CUST-01803,cust-01803@lumenmail.com,Lighting,2,77.85,0.05,Paid Search,US,control
ORD-007046,23/01/2024,CUST-01027,cust-01027@lumenmail.com,Furniture,1,16.05,0.0,Paid Search,US,variant
ORD-002351,2024-04-11,CUST-00727,cust-00727@lumenmail.com,Lighting,3,45.67,0.2,Organic,US,variant
ORD-001661,2024-09-17,CUST-00840,cust-00840@lumenmail.com,Décor,1,38.88,0.2,Paid Search,AU,
ORD-003631,2024-08-07,,guest@lumenmail.com,Furniture,2,511.08,0.0,Email,US,
ORD-004964,2024-05-17,CUST-02474,cust-02474@lumenmail.com,Lighting,4,48.14,0.0,Paid Search,AU,
ORD-003623,2024-06-17,CUST-02149,cust-02149@lumenmail.com,Décor,5,61.53,0.0,Email,US,control
ORD-004475,06/12/2023,CUST-02925,cust-02925@lumenmail.com,Accessories,1,147.91,0.1,Organic,UK,variant
ORD-009036,2024-11-23,CUST-02905,cust-02905@lumenmail.com,Furniture,5,57.09,0.0,Paid Search,US,control
ORD-000691,2023-08-07,CUST-01772,cust-01772@lumenmail.com,Lighting,7,74.89,0.05,Paid Search,CA,variant
ORD-008376,25/05/2024,CUST-01952,cust-01952@lumenmail.com,Lighting,1,124.01,0.15,Paid Search,US,
ORD-005619,2024-12-16,CUST-01871,cust-01871@lumenmail.com,Lighting,1,182.43,0.1,Email,US,variant
ORD-001191,2024-05-19,,guest@lumenmail.com,Lighting,5,148.36,0.05,Paid Search,US,
ORD-001698,2023-08-14,CUST-00022,cust-00022@lumenmail.com,Décor,1,434.72,0.0,Paid Search,CA,control
ORD-005667,2023-11-19,CUST-02134,cust-02134@lumenmail.com,Lighting,1,93.19,0.2,Organic,UK,control
ORD-003648,2024-12-20,CUST-02216,cust-02216@lumenmail.com,Furniture,1,362.57,0.0,Paid Search,US,control
ORD-006950,2023-06-19,CUST-00020,cust-00020@lumenmail.com,Décor,-2,36.69,0.0,Paid Search,US,control
ORD-001532,2024-07-06,CUST-02720,cust-02720@lumenmail.com,Furniture,2,131.99,0.1,Email,US,variant
ORD-004352,2024-12-08,CUST-01374,cust-01374@lumenmail.com,Lighting,1,6.21,0.25,Email,CA,
ORD-009386,2024-07-13,CUST-01358,cust-01358@lumenmail.com,Lighting,3,99.89,0.2,Paid Search,US,control
ORD-003953,2023-06-17,CUST-00024,cust-00024@lumenmail.com,Lighting,1,140.89,0.0,,US,
ORD-002874,07/06/2024,CUST-00265,cust-00265@lumenmail.com,Décor,2,12.89,0.0,Organic,US,
ORD-008771,14/06/2024,CUST-00830,cust-00830@lumenmail.com,Lighting,1,16.83,0.0,Organic,US,
ORD-004945,2024-08-26,CUST-01224,cust-01224@lumenmail.com,Lighting,1,64.13,0.15,Paid Search,UK,
ORD-002289,2023-11-16,,guest@lumenmail.com,Furniture,1,38.92,0.1,Email,CA,
ORD-000886,2023-08-20,CUST-02744,cust-02744@lumenmail.com,Furniture,1,64.36,0.05,Email,US,variant
ORD-000085,2024-06-03,CUST-00997,cust-00997@lumenmail.com,Lighting,1,344.72,0.0,Email,US,
ORD-001585,13/07/2024,CUST-00808,cust-00808@lumenmail.com,Lighting,1,50.47,0.1,Organic,US,control
ORD-001864,2024-05-16,CUST-00067,cust-00067@lumenmail.com,Décor,1,14.16,0.0,Organic,US,
ORD-004425,2024-01-08,CUST-02877,cust-02877@lumenmail.com,Outdoor,2,79.68,0.05,Email,US,variant
ORD-005050,2024-03-06,CUST-02094,cust-02094@lumenmail.com,Accessories,1,84.8,0.05,Paid Search,AU,variant
ORD-001150,2024-03-10,CUST-00900,cust-00900@lumenmail.com,Furniture,1,368.87,0.0,Paid Search,CA,variant
ORD-008511,2024-08-15,CUST-00697,cust-00697@lumenmail.com,Lighting,2,19.53,0.0,Paid Search,US,
ORD-008830,04/08/2023,CUST-02322,cust-02322@lumenmail.com,Accessories,2,141.01,0.0,Email,UK,
ORD-004264,2024-07-21,CUST-01112,cust-01112@lumenmail.com,Décor,1,51.12,0.15,Organic,US,
ORD-004528,2023-07-03,,guest@lumenmail.com,Décor,2,46.12,0.0,Social,UK,
ORD-005099,2024-04-08,CUST-00617,cust-00617@lumenmail.com,Accessories,2,14.3,0.2,Paid Search,CA,variant
ORD-009081,2024-03-05,CUST-01681,cust-01681@lumenmail.com,Outdoor,3,362.77,0.25,Organic,US,variant
ORD-000224,2024-05-31,CUST-00569,cust-00569@lumenmail.com,Furniture,2,97.09,0.0,Organic,US,control
ORD-000375,2023-12-16,CUST-00096,cust-00096@lumenmail.com,Lighting,1,401.89,0.0,,US,variant
ORD-000587,01/07/2023,CUST-00258,cust-00258@lumenmail.com,Lighting,3,535.66,0.0,Paid Search,US,variant
ORD-001425,2024-08-08,CUST-02600,cust-02600@lumenmail.com,Outdoor,4,23.92,0.05,Organic,US,
ORD-003084,2024-02-07,CUST-01768,cust-01768@lumenmail.com,Lighting,1,124.62,0.1,Organic,US,variant
ORD-000728,25/03/2024,CUST-02368,cust-02368@lumenmail.com,Furniture,5,49.06,0.0,Organic,US,
ORD-008167,2024-08-24,CUST-02507,cust-02507@lumenmail.com,Lighting,2,330.49,0.2,Organic,AU,variant
ORD-002312,2024-12-02,CUST-02260,cust-02260@lumenmail.com,Lighting,1,322.49,0.0,Email,US,control
ORD-003655,2024-04-20,CUST-02749,cust-02749@lumenmail.com,Lighting,1,261.51,0.05,Paid Search,US,
ORD-008416,10/11/2024,CUST-01318,cust-01318@lumenmail.com,Décor,2,99.3,0.0,Paid Search,US,variant
ORD-001208,2023-12-10,CUST-01358,cust-01358@lumenmail.com,Décor,3,83.25,0.2,Email,US,
ORD-000845,2023-11-25,CUST-00670,cust-00670@lumenmail.com,Lighting,2,93.93,0.0,Paid Search,US,
ORD-002266,2024-09-19,CUST-00877,cust-00877@lumenmail.com,Décor,-1,207.94,0.0,Paid Search,AU,variant
ORD-004867,2024-10-31,CUST-00349,cust-00349@lumenmail.com,Décor,1,265.56,0.0,Email,US,
ORD-005032,2023-09-09,CUST-01183,cust-01183@lumenmail.com,Furniture,1,273.54,0.2,Social,US,
ORD-001439,2024-08-26,CUST-02296,cust-02296@lumenmail.com,Furniture,1,74.8,0.1,Organic,US,control
ORD-003445,2024-06-22,CUST-01165,cust-01165@lumenmail.com,Furniture,1,57.86,0.0,Paid Search,US,
ORD-004795,2023-09-27,CUST-00091,cust-00091@lumenmail.com,Décor,3,183.96,0.0,Email,US,control
ORD-008834,2023-11-15,CUST-01577,cust-01577@lumenmail.com,Décor,6,389.74,0.05,Email,US,control
ORD-003704,2023-12-07,CUST-02534,cust-02534@lumenmail.com,Décor,2,88.35,0.05,Organic,US,
ORD-005899,2024-05-07,CUST-01037,cust-01037@lumenmail.com,Lighting,1,54.11,0.05,Social,CA,
ORD-008693,2024-02-18,CUST-00053,cust-00053@lumenmail.com,Lighting,1,240.38,0.0,Organic,US,variant
ORD-003425,01/09/2023,CUST-00249,cust-00249@lumenmail.com,Lighting,5,186.74,0.0,Paid Search,US,variant
ORD-002825,2023-11-15,CUST-01199,cust-01199@lumenmail.com,Outdoor,1,37.56,0.0,,US,control
ORD-008831,17/12/2023,CUST-00386,cust-00386@lumenmail.com,Lighting,2,0.0,0.0,,CA,variant
ORD-004516,2024-08-21,CUST-00406,cust-00406@lumenmail.com,Lighting,1,174.99,0.2,Email,AU,control
ORD-003108,2024-02-25,CUST-02462,cust-02462@lumenmail.com,Lighting,1,55.27,0.0,Paid Search,CA,
ORD-002774,2023-06-11,CUST-01558,cust-01558@lumenmail.com,Furniture,5,384.79,0.25,,US,
ORD-000514,,,guest@lumenmail.com,Décor,2,176.55,0.05,Paid Search,US,control
ORD-002045,2024-07-18,CUST-00724,cust-00724@lumenmail.com,Furniture,3,56.04,0.2,Organic,US,control
ORD-006937,06/01/2024,CUST-00152,cust-00152@lumenmail.com,Outdoor,3,42.72,0.0,Paid Search,US,variant
ORD-008852,2024-05-27,CUST-01869,cust-01869@lumenmail.com,Décor,1,54.39,0.2,Paid Search,CA,variant
ORD-005204,2023-09-25,CUST-01848,cust-01848@lumenmail.com,Lighting,1,36.52,0.0,Email,US,variant
ORD-006196,2023-07-30,CUST-02924,cust-02924@lumenmail.com,Accessories,1,423.21,0.0,Organic,US,
ORD-000564,2024-05-01,CUST-01388,cust-01388@lumenmail.com,Décor,1,44.7,0.15,Paid Search,UK,variant
ORD-007932,2024-10-16,CUST-01779,cust-01779@lumenmail.com,Outdoor,3,25.19,0.15,Email,US,variant
ORD-002656,06/08/2023,,guest@lumenmail.com,Lighting,2,74.98,0.15,Email,UK,control
ORD-007425,24/07/2024,CUST-00716,cust-00716@lumenmail.com,Décor,3,117.7,0.15,Social,US,control
ORD-007473,19/03/2024,CUST-01440,cust-01440@lumenmail.com,Outdoor,3,72.06,0.05,Organic,US,variant
ORD-007810,2023-12-02,CUST-02526,cust-02526@lumenmail.com,Furniture,1,705.77,0.05,Email,US,control
ORD-003819,2023-11-06,CUST-02117,cust-02117@lumenmail.com,Outdoor,5,37.98,0.0,Organic,CA,variant
ORD-005356,2024-09-18,CUST-01432,cust-01432@lumenmail.com,Décor,2,86.09,0.0,Email,US,
ORD-005838,2024-03-05,CUST-00572,cust-00572@lumenmail.com,Décor,1,641.58,0.2,Email,US,
ORD-003382,2023-12-02,CUST-01617,cust-01617@lumenmail.com,Lighting,2,55.5,0.1,Paid Search,US,
ORD-000286,23/08/2023,CUST-00166,cust-00166@lumenmail.com,Lighting,1,179.95,0.0,Paid Search,UK,control
ORD-009048,05/12/2024,CUST-00919,cust-00919@lumenmail.com,Lighting,3,73.94,0.05,Social,US,control
ORD-008337,2023-12-22,CUST-01182,cust-01182@lumenmail.com,Lighting,-2,146.28,0.05,Paid Search,US,variant
ORD-003615,2024-01-11,CUST-01333,cust-01333@lumenmail.com,Furniture,2,621.4,0.15,Email,US,
ORD-005881,2024-01-28,CUST-00084,cust-00084@lumenmail.com,Furniture,3,5.34,0.0,Social,AU,
ORD-005120,2024-02-17,CUST-01011,cust-01011@lumenmail.com,Décor,1,33.89,0.0,Paid Search,US,control
ORD-008284,2023-12-02,CUST-00187,cust-00187@lumenmail.com,Décor,1,48.83,0.0,Paid Search,US,control
ORD-009491,2024-09-26,CUST-00271,cust-00271@lumenmail.com,Lighting,1,70.3,0.15,Organic,US,control
ORD-005892,15/01/2024,CUST-02436,cust-02436@lumenmail.com,Accessories,2,26.53,0.1,Social,CA,
ORD-004334,2023-06-27,CUST-00740,cust-00740@lumenmail.com,Lighting,2,94.59,0.1,Organic,US,control
ORD-000931,2023-06-10,,guest@lumenmail.com,Furniture,2,172.03,0.15,Email,US,control
ORD-000094,2023-10-01,CUST-02181,cust-02181@lumenmail.com,Décor,1,131.29,0.0,Paid Search,US,
ORD-004540,2023-10-07,CUST-02236,cust-02236@lumenmail.com,Furniture,2,62.71,0.2,Organic,UK,control
ORD-007060,2023-06-27,CUST-02094,cust-02094@lumenmail.com,Outdoor,2,568.16,0.1,Organic,US,variant
ORD-005078,2024-03-24,CUST-00651,cust-00651@lumenmail.com,Furniture,2,33.91,0.0,Organic,US,
ORD-002635,2024-08-27,CUST-00719,cust-00719@lumenmail.com,Furniture,1,19.15,0.05,Paid Search,US,variant
ORD-006376,2023-10-22,CUST-02574,cust-02574@lumenmail.com,Lighting,3,71.0,0.0,Paid Search,US,control
ORD-004909,2024-01-09,CUST-02228,cust-02228@lumenmail.com,Furniture,2,29.93,0.2,Email,UK,control
ORD-007712,2023-11-12,CUST-00645,cust-00645@lumenmail.com,Accessories,2,574.38,0.05,Social,AU,control
ORD-004588,2023-11-04,CUST-00583,cust-00583@lumenmail.com,Lighting,1,23.16,0.0,Email,CA,
ORD-008710,2024-04-09,CUST-02204,cust-02204@lumenmail.com,Décor,4,23.2,0.0,Email,US,
ORD-005499,2024-03-13,CUST-02531,cust-02531@lumenmail.com,Accessories,5,12.11,0.0,Email,CA,variant
ORD-008080,2024-01-19,CUST-02116,cust-02116@lumenmail.com,Outdoor,5,97.29,0.1,Email,US,variant
ORD-006301,2024-11-01,,guest@lumenmail.com,Lighting,1,53.33,0.0,Social,CA,control
ORD-000953,01/07/2024,CUST-00138,cust-00138@lumenmail.com,Outdoor,1,46.47,0.0,Email,US,variant
ORD-004393,2024-02-06,CUST-01052,cust-01052@lumenmail.com,Décor,2,43.63,0.15,Social,US,
ORD-003318,2023-09-20,CUST-01610,cust-01610@lumenmail.com,Lighting,1,217.39,0.1,Email,US,control
ORD-003279,27/04/2024,CUST-00837,cust-00837@lumenmail.com,Outdoor,1,632.63,0.05,Email,US,control
ORD-001976,2024-05-21,CUST-02773,cust-02773@lumenmail.com,Lighting,1,372.61,0.0,Paid Search,US,control
ORD-005495,2024-08-23,CUST-02448,cust-02448@lumenmail.com,Décor,1,254.41,0.0,Email,CA,
ORD-005108,2023-10-30,,guest@lumenmail.com,Lighting,1,48.75,0.0,Email,US,variant
ORD-007556,18/09/2024,CUST-02071,cust-02071@lumenmail.com,Décor,3,68.04,0.0,Email,US,control
ORD-006973,23/07/2023,,guest@lumenmail.com,Accessories,2,194.72,0.0,Email,US,variant
ORD-003745,2024-08-19,CUST-01494,cust-01494@lumenmail.com,Furniture,3,56.66,0.15,Organic,UK,control
ORD-002467,2024-10-22,CUST-00801,cust-00801@lumenmail.com,Décor,2,45.71,0.0,Paid Search,US,control
ORD-005877,2024-04-19,CUST-01931,cust-01931@lumenmail.com,Lighting,1,21.86,0.0,Email,US,control
ORD-004994,2024-04-13,CUST-01928,cust-01928@lumenmail.com,Lighting,2,688.2,0.0,Organic,US,variant
ORD-007940,2024-01-23,CUST-01847,cust-01847@lumenmail.com,Furniture,4,569.35,0.1,Social,US,control
ORD-003958,07/07/2023,,guest@lumenmail.com,Accessories,1,6.25,0.15,Email,US,variant
ORD-002431,2023-11-20,CUST-02283,cust-02283@lumenmail.com,Lighting,1,18.44,0.15,Social,CA,variant
ORD-001931,2023-07-30,CUST-02439,cust-02439@lumenmail.com,Décor,1,209.36,0.1,Email,US,
ORD-000846,08/08/2024,CUST-00161,cust-00161@lumenmail.com,Furniture,2,53.15,0.1,Email,AU,control
ORD-001479,2024-09-25,CUST-00009,cust-00009@lumenmail.com,Lighting,3,44.12,0.1,Email,US,variant
ORD-002785,2024-04-03,CUST-00667,cust-00667@lumenmail.com,Furniture,1,12.31,0.0,Paid Search,US,control
ORD-006592,2024-12-24,CUST-00114,cust-00114@lumenmail.com,Lighting,2,462.55,0.0,Social,US,variant
ORD-007584,24/06/2024,CUST-01638,cust-01638@lumenmail.com,Furniture,1,115.78,0.0,Paid Search,US,control
ORD-001420,2024-02-24,CUST-02483,cust-02483@lumenmail.com,Outdoor,1,192.7,0.25,Organic,US,variant
ORD-001021,2024-01-10,CUST-00338,cust-00338@lumenmail.com,Furniture,1,43.42,0.1,Organic,UK,variant
ORD-006565,2024-08-13,CUST-01024,cust-01024@lumenmail.com,Furniture,2,50.76,0.0,,CA,variant
ORD-000781,2023-07-06,,guest@lumenmail.com,Décor,1,239.55,0.0,Email,US,control
ORD-002950,2024-08-10,CUST-01335,cust-01335@lumenmail.com,Lighting,4,56.53,0.0,Email,AU,control
ORD-004305,2023-08-22,CUST-01034,cust-01034@lumenmail.com,Décor,2,26.82,0.05,Paid Search,US,
ORD-006272,2023-11-17,CUST-00742,cust-00742@lumenmail.com,Furniture,2,60.69,0.0,Email,US,
ORD-006422,2023-09-12,CUST-02533,cust-02533@lumenmail.com,Lighting,2,365.41,0.1,Organic,US,variant
ORD-009054,2024-01-23,CUST-00746,cust-00746@lumenmail.com,Décor,1,15.92,0.15,Paid Search,US,variant
ORD-006520,2023-07-17,CUST-02144,cust-02144@lumenmail.com,Furniture,1,170.82,0.05,Email,CA,
ORD-003427,2024-11-18,CUST-00143,cust-00143@lumenmail.com,Outdoor,6,106.93,0.1,Paid Search,CA,variant
ORD-001639,2024-05-22,CUST-01512,cust-01512@lumenmail.com,Lighting,2,322.63,0.0,Email,US,
ORD-003333,2023-10-09,CUST-02190,cust-02190@lumenmail.com,Furniture,3,182.73,0.0,Paid Search,US,
ORD-002065,12/11/2023,CUST-00957,cust-00957@lumenmail.com,Furniture,1,5.32,0.05,Email,US,control
ORD-000973,2023-12-27,CUST-00583,cust-00583@lumenmail.com,Décor,1,5.74,0.0,Paid Search,UK,
ORD-005452,2024-08-22,CUST-01542,cust-01542@lumenmail.com,Décor,2,183.37,0.15,Paid Search,AU,variant
ORD-005035,2023-11-16,,guest@lumenmail.com,Accessories,1,23.09,0.0,Paid Search,CA,variant
ORD-001147,2024-09-06,CUST-01764,cust-01764@lumenmail.com,Lighting,1,27.37,0.15,Social,US,variant
ORD-008943,2023-10-11,CUST-00318,cust-00318@lumenmail.com,Décor,4,604.9,0.2,Email,US,
ORD-009306,2024-07-04,CUST-00693,cust-00693@lumenmail.com,Lighting,1,71.39,0.0,Organic,US,
ORD-006644,2024-03-18,CUST-01940,cust-01940@lumenmail.com,Lighting,1,21.16,0.05,Social,CA,control
ORD-004649,2024-06-20,CUST-00288,cust-00288@lumenmail.com,Décor,2,626.07,0.1,Paid Search,US,
ORD-007375,2023-07-15,CUST-02284,cust-02284@lumenmail.com,Furniture,3,37.28,0.0,Organic,US,control
ORD-007594,2024-10-11,CUST-00181,cust-00181@lumenmail.com,Décor,2,41.24,0.0,Paid Search,US,
ORD-000509,2024-04-20,CUST-02832,cust-02832@lumenmail.com,Lighting,2,37.56,0.2,Email,US,
ORD-001913,2023-11-08,CUST-00295,cust-00295@lumenmail.com,Lighting,3,315.02,0.0,Email,CA,
ORD-007510,2023-09-13,CUST-02952,cust-02952@lumenmail.com,Lighting,1,63.87,0.0,Paid Search,US,
ORD-007481,2024-04-21,CUST-02502,cust-02502@lumenmail.com,Furniture,5,196.98,0.1,,US,
ORD-006645,2023-11-09,CUST-01517,cust-01517@lumenmail.com,Décor,2,32.3,0.0,Organic,CA,variant
ORD-002593,2024-02-04,CUST-01447,cust-01447@lumenmail.com,Lighting,1,223.92,0.05,Paid Search,US,control
ORD-009443,2023-09-20,CUST-01155,cust-01155@lumenmail.com,Lighting,1,174.26,0.05,Paid Search,US,variant
ORD-004162,2023-10-25,,guest@lumenmail.com,Lighting,2,48.19,0.0,Paid Search,US,
ORD-009309,2024-10-03,CUST-02447,cust-02447@lumenmail.com,Décor,1,127.4,0.05,Paid Search,CA,
ORD-004499,2024-06-28,CUST-02663,cust-02663@lumenmail.com,Lighting,1,77.71,0.05,Organic,US,control
ORD-008485,2024-05-25,CUST-02299,cust-02299@lumenmail.com,Décor,1,38.95,0.0,Social,US,
ORD-004937,2023-12-03,,guest@lumenmail.com,Lighting,3,333.48,0.0,Organic,US,variant
ORD-000540,2024-01-20,CUST-00076,cust-00076@lumenmail.com,Furniture,1,58.28,0.05,Organic,US,variant
ORD-003712,2024-06-15,CUST-00547,cust-00547@lumenmail.com,Lighting,2,42.98,0.05,Email,US,
ORD-009478,2024-12-14,CUST-02096,cust-02096@lumenmail.com,Lighting,2,308.78,0.05,Email,US,control
ORD-009267,2023-09-27,,guest@lumenmail.com,Accessories,2,5.84,0.0,Organic,UK,
ORD-004060,2023-07-20,CUST-01869,cust-01869@lumenmail.com,Furniture,1,37.55,0.0,Paid Search,CA,variant
ORD-007348,10/01/2024,CUST-01858,cust-01858@lumenmail.com,Furniture,3,115.38,0.15,,US,variant
ORD-007169,10/08/2023,CUST-01708,cust-01708@lumenmail.com,Accessories,7,30.11,0.15,Email,UK,control
ORD-009346,2024-12-02,CUST-00284,cust-00284@lumenmail.com,Décor,2,8.91,0.05,Paid Search,US,
ORD-003855,2023-12-19,CUST-03000,cust-03000@lumenmail.com,Furniture,1,43.88,0.0,Paid Search,CA,control
ORD-001685,2023-10-29,CUST-01620,cust-01620@lumenmail.com,Lighting,1,32.79,0.0,Social,US,
ORD-002702,2023-09-27,CUST-01719,cust-01719@lumenmail.com,Lighting,1,62.21,0.0,Email,US,
ORD-009071,2024-07-16,CUST-02914,cust-02914@lumenmail.com,Lighting,2,48.64,0.1,Email,CA,control
ORD-001167,2024-01-08,CUST-00022,cust-00022@lumenmail.com,Lighting,2,333.44,0.2,Email,UK,control
ORD-007260,2023-12-06,CUST-01377,cust-01377@lumenmail.com,Furniture,1,573.43,0.0,Paid Search,CA,
ORD-007084,2023-09-06,,guest@lumenmail.com,Décor,1,82.39,0.05,Social,US,
ORD-006096,2024-11-22,CUST-01840,cust-01840@lumenmail.com,Lighting,2,62.71,0.1,Organic,US,
ORD-008674,2023-12-15,CUST-01597,cust-01597@lumenmail.com,Lighting,-1,272.47,0.1,Organic,UK,control
ORD-000657,2023-10-01,CUST-01479,cust-01479@lumenmail.com,Furniture,1,661.55,0.2,Paid Search,CA,
ORD-009555,23/09/2023,CUST-01136,cust-01136@lumenmail.com,Furniture,1,188.43,0.1,Paid Search,US,control
ORD-007440,05/01/2024,CUST-00434,cust-00434@lumenmail.com,Lighting,3,79.07,0.05,Email,US,variant
ORD-004857,2024-03-09,CUST-01396,cust-01396@lumenmail.com,Accessories,1,288.3,0.05,Paid Search,UK,
ORD-003625,2024-04-17,CUST-00574,cust-00574@lumenmail.com,Furniture,5,124.28,0.0,Email,US,control
ORD-007464,2024-04-30,,guest@lumenmail.com,Furniture,1,40.34,0.05,Social,AU,control
ORD-002315,2024-08-20,CUST-02649,cust-02649@lumenmail.com,Lighting,1,79.76,0.15,Organic,US,variant
ORD-001595,2023-09-14,CUST-02500,cust-02500@lumenmail.com,Lighting,4,427.36,0.0,Organic,US,control
ORD-006730,2024-04-24,CUST-00290,cust-00290@lumenmail.com,Lighting,1,261.04,0.05,Paid Search,AU,control
ORD-004944,2023-10-17,CUST-00067,cust-00067@lumenmail.com,Décor,1,46.65,0.0,Organic,UK,control
ORD-002610,2024-02-05,CUST-02534,cust-02534@lumenmail.com,Lighting,2,73.4,0.0,Organic,US,
ORD-000909,2024-12-23,CUST-02196,cust-02196@lumenmail.com,Furniture,2,39.66,0.05,Organic,AU,variant
ORD-003450,2024-01-14,CUST-00478,cust-00478@lumenmail.com,Outdoor,1,64.57,0.0,Organic,US,
ORD-000236,2024-01-29,CUST-02405,cust-02405@lumenmail.com,Accessories,2,386.74,0.05,Organic,UK,variant
ORD-001204,2023-06-08,CUST-02077,cust-02077@lumenmail.com,Décor,1,32.04,0.15,Paid Search,US,variant
ORD-006491,24/08/2024,CUST-01779,cust-01779@lumenmail.com,Outdoor,7,221.83,0.05,Paid Search,CA,variant
ORD-003992,2023-12-13,CUST-00846,cust-00846@lumenmail.com,Décor,2,24.21,0.2,Paid Search,US,
ORD-002414,2024-11-23,CUST-00420,cust-00420@lumenmail.com,Furniture,4,27.86,0.0,Paid Search,US,variant
ORD-006042,2023-06-07,CUST-01059,cust-01059@lumenmail.com,Lighting,3,9.73,0.15,Social,US,
ORD-004255,2024-08-01,CUST-01963,cust-01963@lumenmail.com,Lighting,4,65.43,0.0,Organic,US,control
ORD-002070,12/04/2024,CUST-01850,cust-01850@lumenmail.com,Lighting,1,111.44,0.05,Email,UK,
ORD-005502,05/09/2023,CUST-01075,cust-01075@lumenmail.com,Lighting,1,123.83,0.0,Organic,US,control
ORD-008810,2023-06-28,CUST-01423,cust-01423@lumenmail.com,Décor,2,189.14,0.2,Social,US,
ORD-006332,2024-09-01,CUST-02689,cust-02689@lumenmail.com,Outdoor,1,24.08,0.25,Paid Search,CA,variant
ORD-002423,2023-07-07,CUST-00681,cust-00681@lumenmail.com,Outdoor,3,88.38,0.0,Paid Search,US,control
ORD-009070,2024-10-14,CUST-01856,cust-01856@lumenmail.com,Outdoor,1,64.96,0.15,Organic,US,control
ORD-007314,2024-04-14,CUST-02067,cust-02067@lumenmail.com,Lighting,1,195.11,0.25,Paid Search,US,
ORD-008315,14/12/2024,CUST-02178,cust-02178@lumenmail.com,Décor,3,40.87,0.0,Email,US,control
ORD-000576,2023-06-28,CUST-01317,cust-01317@lumenmail.com,Outdoor,-4,54.12,0.05,Paid Search,UK,control
ORD-004709,2024-09-27,CUST-00679,cust-00679@lumenmail.com,Décor,6,94.43,0.0,Paid Search,US,
ORD-004551,2023-09-12,CUST-02990,cust-02990@lumenmail.com,Décor,2,193.53,0.0,Email,US,variant
ORD-000832,2024-01-21,CUST-00803,cust-00803@lumenmail.com,Outdoor,5,124.97,0.05,Paid Search,CA,
ORD-002534,2024-03-15,CUST-02431,cust-02431@lumenmail.com,Lighting,4,506.87,0.1,Paid Search,US,control
ORD-008246,2024-06-21,CUST-02522,cust-02522@lumenmail.com,Lighting,1,45.54,0.0,Email,US,variant
ORD-003076,2024-07-17,CUST-01146,cust-01146@lumenmail.com,Accessories,5,10.1,0.0,Email,CA,variant
ORD-003110,2023-10-25,CUST-00514,cust-00514@lumenmail.com,Accessories,1,355.2,0.05,Email,US,control
ORD-008178,2024-04-17,CUST-02240,cust-02240@lumenmail.com,Lighting,2,5.5,0.1,Organic,US,control
ORD-002561,2024-04-14,CUST-01167,cust-01167@lumenmail.com,Lighting,1,26.97,0.1,Email,UK,control
ORD-001593,04/07/2024,CUST-02399,cust-02399@lumenmail.com,Outdoor,1,177.27,0.05,Paid Search,US,
ORD-005573,2024-02-26,CUST-01654,cust-01654@lumenmail.com,Lighting,1,147.36,0.0,Organic,UK,control
ORD-009398,2023-10-22,CUST-02127,cust-02127@lumenmail.com,Lighting,1,306.64,0.1,Paid Search,CA,control
ORD-007843,26/10/2023,CUST-02008,cust-02008@lumenmail.com,Lighting,1,51.79,0.05,Email,US,variant
ORD-002990,2024-07-25,CUST-01543,cust-01543@lumenmail.com,Accessories,1,74.16,0.0,Social,US,
ORD-004271,2024-04-05,CUST-02560,cust-02560@lumenmail.com,Lighting,-1,75.71,0.1,Paid Search,CA,variant
ORD-007490,10/08/2023,,guest@lumenmail.com,Furniture,2,14.77,0.1,Organic,UK,control
ORD-005995,2024-08-08,CUST-01006,cust-01006@lumenmail.com,Furniture,2,199.4,0.1,Paid Search,CA,variant
ORD-008927,2023-08-15,CUST-00966,cust-00966@lumenmail.com,Outdoor,3,360.56,0.05,Social,US,control
ORD-003776,2024-11-20,CUST-00499,cust-00499@lumenmail.com,Furniture,1,346.99,0.05,Email,ZZ,control
ORD-008228,2024-02-01,CUST-02218,cust-02218@lumenmail.com,Décor,5,265.26,0.2,Organic,CA,
ORD-004581,2024-05-10,CUST-00157,cust-00157@lumenmail.com,Décor,3,65.4,0.1,Paid Search,US,control
ORD-001848,2023-08-04,CUST-02881,cust-02881@lumenmail.com,Lighting,1,538.77,0.0,Paid Search,US,control
ORD-001210,2023-10-01,CUST-01264,cust-01264@lumenmail.com,Décor,4,37.46,0.0,Paid Search,US,variant
ORD-000554,2024-01-27,CUST-00606,cust-00606@lumenmail.com,Furniture,1,366.05,0.05,Email,UK,control
ORD-003991,2023-06-03,CUST-00650,cust-00650@lumenmail.com,Furniture,2,737.32,0.05,Email,US,variant
ORD-007754,2024-07-24,CUST-02849,cust-02849@lumenmail.com,Décor,1,667.93,0.0,Organic,US,
ORD-000438,2024-11-28,CUST-01547,cust-01547@lumenmail.com,Lighting,3,39.49,0.0,Email,US,variant
ORD-009207,2023-12-18,CUST-02988,cust-02988@lumenmail.com,Furniture,1,14.9,0.25,Email,US,
ORD-004765,2024-04-17,CUST-00801,cust-00801@lumenmail.com,Lighting,1,546.24,0.0,Paid Search,US,control
ORD-000849,2024-09-04,CUST-00286,cust-00286@lumenmail.com,Décor,1,71.5,0.05,Social,US,control
ORD-004456,2024-02-07,CUST-01888,cust-01888@lumenmail.com,Décor,2,191.4,0.05,Email,US,variant
ORD-002510,2024-05-01,CUST-00593,cust-00593@lumenmail.com,Outdoor,3,237.75,0.0,Organic,US,
ORD-006815,2024-03-30,CUST-01574,cust-01574@lumenmail.com,Furniture,1,92.52,0.0,Organic,CA,control
ORD-002886,08/03/2024,CUST-00041,cust-00041@lumenmail.com,Outdoor,1,111.69,0.05,Paid Search,US,
ORD-007315,2023-11-18,CUST-02983,cust-02983@lumenmail.com,Lighting,3,772.52,0.15,Social,AU,control
ORD-001856,2024-05-09,CUST-02381,cust-02381@lumenmail.com,Lighting,1,32.28,0.0,Email,US,
ORD-007687,2023-07-29,CUST-00824,cust-00824@lumenmail.com,Lighting,1,789.2,0.1,Social,US,variant
ORD-005879,07/06/2023,CUST-00466,cust-00466@lumenmail.com,Décor,1,46.9,0.15,Paid Search,US,
ORD-009595,2024-12-22,CUST-02922,cust-02922@lumenmail.com,Outdoor,1,59.33,0.15,Organic,US,
ORD-006619,2023-09-27,CUST-02403,cust-02403@lumenmail.com,Outdoor,1,29.76,0.0,Organic,UK,
ORD-009536,2024-05-11,CUST-00288,cust-00288@lumenmail.com,Lighting,1,34.78,0.1,Organic,UK,variant
ORD-003027,2023-08-03,CUST-01672,cust-01672@lumenmail.com,Décor,5,86.59,0.0,,US,control
ORD-007265,2024-04-12,CUST-02225,cust-02225@lumenmail.com,Outdoor,2,0.0,0.15,Paid Search,US,variant
ORD-008007,2024-03-14,CUST-00565,cust-00565@lumenmail.com,Décor,2,328.63,0.2,,CA,variant
ORD-006507,2023-11-13,CUST-01843,cust-01843@lumenmail.com,Furniture,1,17.07,0.0,Paid Search,ZZ,control
ORD-001356,08/06/2024,CUST-00968,cust-00968@lumenmail.com,Décor,1,69.71,0.0,Paid Search,US,variant
ORD-008714,2024-12-06,CUST-00917,cust-00917@lumenmail.com,Lighting,3,195.98,0.15,,CA,
ORD-001907,17/06/2024,CUST-01399,cust-01399@lumenmail.com,Furniture,2,73.18,0.0,Email,CA,
ORD-001701,2024-12-17,,guest@lumenmail.com,Décor,2,91.5,0.1,Organic,ZZ,variant
ORD-002437,2024-11-01,CUST-02502,cust-02502@lumenmail.com,Lighting,3,39.78,0.05,,CA,variant
ORD-000312,29/12/2023,CUST-00764,cust-00764@lumenmail.com,Outdoor,2,69.01,0.05,Paid Search,US,control
ORD-002863,01/07/2023,CUST-01491,cust-01491@lumenmail.com,Furniture,1,122.82,0.0,Paid Search,US,variant
ORD-000850,2024-01-27,CUST-01141,cust-01141@lumenmail.com,Furniture,3,603.62,0.0,Paid Search,US,variant
ORD-007251,2023-06-05,CUST-00620,cust-00620@lumenmail.com,Furniture,-1,41.77,0.0,Email,US,variant
ORD-004999,2024-05-10,CUST-01069,cust-01069@lumenmail.com,Furniture,1,21.8,0.0,Paid Search,US,
ORD-000616,2024-03-04,CUST-02028,cust-02028@lumenmail.com,Accessories,2,399.31,0.1,Organic,UK,variant
ORD-000888,2023-12-29,CUST-01937,cust-01937@lumenmail.com,Décor,1,42.23,0.15,Organic,CA,
ORD-009228,2024-09-25,CUST-02983,cust-02983@lumenmail.com,Outdoor,2,211.99,0.0,Organic,US,
ORD-009290,2024-02-22,,guest@lumenmail.com,Décor,1,382.22,0.0,Email,US,
ORD-006898,2024-04-06,,guest@lumenmail.com,Accessories,1,8.49,0.2,Email,US,
ORD-001814,03/07/2024,CUST-01157,cust-01157@lumenmail.com,Décor,2,0.0,0.0,Email,US,
ORD-006904,2023-07-20,CUST-01628,cust-01628@lumenmail.com,Lighting,1,164.93,0.25,Social,US,
ORD-002862,2024-06-11,CUST-02150,cust-02150@lumenmail.com,Décor,-4,26.9,0.05,Paid Search,US,
ORD-004327,2023-09-21,CUST-01431,cust-01431@lumenmail.com,Décor,1,5.45,0.0,Email,US,control
ORD-005566,2024-07-07,CUST-02019,cust-02019@lumenmail.com,Décor,1,15.2,0.0,Paid Search,UK,
ORD-005844,2023-12-15,CUST-00803,cust-00803@lumenmail.com,Lighting,7,51.03,0.05,Paid Search,US,
ORD-000090,28/11/2023,CUST-00967,cust-00967@lumenmail.com,Lighting,7,22.75,0.0,Email,CA,
ORD-001237,2023-12-13,CUST-00550,cust-00550@lumenmail.com,Décor,2,141.68,0.1,,US,control
ORD-004295,2023-10-15,CUST-01241,cust-01241@lumenmail.com,Accessories,1,22.84,0.2,Paid Search,US,
ORD-001928,2024-10-24,CUST-01591,cust-01591@lumenmail.com,Décor,1,121.74,0.0,Email,US,
ORD-003124,2023-10-14,CUST-01995,cust-01995@lumenmail.com,Furniture,2,37.47,0.0,Email,US,
ORD-003019,2023-12-24,CUST-01256,cust-01256@lumenmail.com,Lighting,1,177.08,0.1,Email,US,control
ORD-002740,2023-10-28,CUST-01671,cust-01671@lumenmail.com,Lighting,2,94.58,0.0,Paid Search,US,variant
ORD-003187,2024-03-08,CUST-02019,cust-02019@lumenmail.com,Furniture,5,89.58,0.05,Social,US,variant
ORD-005407,2023-06-28,CUST-01156,cust-01156@lumenmail.com,Lighting,-1,127.43,0.0,Organic,ZZ,
ORD-004776,2023-10-11,CUST-02799,cust-02799@lumenmail.com,Lighting,1,10.14,0.0,Organic,US,variant
ORD-005381,2024-04-07,CUST-00600,cust-00600@lumenmail.com,Furniture,3,80.59,0.0,Paid Search,US,variant
ORD-006893,2024-05-06,CUST-01350,cust-01350@lumenmail.com,Décor,2,172.99,0.0,Paid Search,US,
ORD-008893,2023-12-19,CUST-02111,cust-02111@lumenmail.com,Lighting,2,197.42,0.05,Paid Search,US,variant
ORD-004196,2023-11-28,CUST-01527,cust-01527@lumenmail.com,Décor,1,13.88,0.0,Social,US,
ORD-006862,2024-08-09,CUST-00875,cust-00875@lumenmail.com,Décor,4,64.05,0.25,Paid Search,AU,
ORD-002273,2024-12-20,CUST-02394,cust-02394@lumenmail.com,Décor,1,82.83,0.0,Email,UK,
ORD-005706,12/09/2024,CUST-01435,cust-01435@lumenmail.com,Décor,1,37.23,0.0,Paid Search,US,
ORD-003668,03/08/2023,CUST-02819,cust-02819@lumenmail.com,Décor,1,65.29,0.05,Email,US,
ORD-004567,05/05/2024,CUST-01749,cust-01749@lumenmail.com,Furniture,-4,169.53,0.0,Organic,US,control
ORD-005735,2024-10-08,CUST-02364,cust-02364@lumenmail.com,Furniture,2,63.09,0.0,Organic,CA,variant
ORD-007406,2023-10-10,CUST-00181,cust-00181@lumenmail.com,Lighting,1,31.49,0.1,,US,
ORD-008985,26/11/2024,CUST-02596,cust-02596@lumenmail.com,Lighting,3,154.69,0.05,Email,AU,
ORD-003018,2024-05-09,CUST-02398,cust-02398@lumenmail.com,Décor,5,0.0,0.1,Paid Search,US,
ORD-000066,2024-11-20,CUST-02255,cust-02255@lumenmail.com,Lighting,1,42.1,0.15,Email,US,variant
ORD-003147,15/09/2023,CUST-01856,cust-01856@lumenmail.com,Outdoor,1,118.01,0.05,Email,US,control
ORD-002208,18/10/2024,CUST-01616,cust-01616@lumenmail.com,Décor,1,24.37,0.0,Social,US,
ORD-001238,05/09/2024,CUST-02570,cust-02570@lumenmail.com,Outdoor,3,73.76,0.0,Paid Search,US,
ORD-009033,2024-01-11,CUST-02718,cust-02718@lumenmail.com,Furniture,1,45.65,0.0,Email,UK,
ORD-008229,2023-11-12,CUST-01930,cust-01930@lumenmail.com,Furniture,2,392.3,0.1,Paid Search,CA,variant
ORD-002300,19/01/2024,CUST-00816,cust-00816@lumenmail.com,Décor,3,273.15,0.05,Organic,US,variant
ORD-003802,2024-05-26,CUST-00478,cust-00478@lumenmail.com,Lighting,3,249.64,0.0,Paid Search,CA,
ORD-007956,29/04/2024,CUST-02728,cust-02728@lumenmail.com,Lighting,3,343.09,0.0,Paid Search,UK,
ORD-004837,24/02/2024,CUST-02471,cust-02471@lumenmail.com,Décor,4,5.73,0.2,Email,US,
ORD-002723,02/09/2024,CUST-00842,cust-00842@lumenmail.com,Lighting,2,40.65,0.05,Paid Search,UK,
ORD-003059,2024-02-19,CUST-01489,cust-01489@lumenmail.com,Lighting,1,192.51,0.0,Paid Search,US,
ORD-007741,2024-03-05,CUST-02822,cust-02822@lumenmail.com,Décor,3,37.59,0.2,Social,US,control
ORD-007006,2024-06-24,CUST-01897,cust-01897@lumenmail.com,Lighting,1,33.87,0.0,Email,UK,variant
ORD-006662,30/06/2024,CUST-02099,cust-02099@lumenmail.com,Lighting,1,104.82,0.0,Social,CA,variant
ORD-000408,2023-09-19,CUST-02982,cust-02982@lumenmail.com,Lighting,-1,93.51,0.05,Email,US,control
ORD-009424,2024-10-07,CUST-00778,cust-00778@lumenmail.com,Furniture,1,19.38,0.2,Email,US,
ORD-007082,2024-12-19,CUST-00296,cust-00296@lumenmail.com,Décor,1,29.32,0.0,Email,US,
ORD-003522,2023-07-07,CUST-00551,cust-00551@lumenmail.com,Outdoor,3,790.33,0.1,Email,CA,variant
ORD-003768,2023-06-13,CUST-00432,cust-00432@lumenmail.com,Décor,1,10.98,0.0,Email,US,variant
ORD-000755,2024-01-01,CUST-01588,cust-01588@lumenmail.com,Accessories,4,87.28,0.05,Paid Search,US,
ORD-002367,2024-04-20,CUST-01246,cust-01246@lumenmail.com,Lighting,3,0.0,0.0,Social,US,control
ORD-008573,2024-04-26,CUST-00215,cust-00215@lumenmail.com,Décor,3,102.14,0.1,Email,US,
ORD-004429,16/10/2024,,guest@lumenmail.com,Outdoor,1,132.1,0.15,Social,AU,control
ORD-003058,02/06/2024,CUST-01111,cust-01111@lumenmail.com,Décor,2,216.95,0.0,Social,US,control
ORD-006327,2023-12-07,CUST-01562,cust-01562@lumenmail.com,Outdoor,1,17.9,0.2,Paid Search,UK,variant
ORD-008024,2024-06-08,CUST-02476,cust-02476@lumenmail.com,Accessories,1,57.92,0.05,Email,US,
ORD-001534,2024-05-15,CUST-02002,cust-02002@lumenmail.com,Furniture,2,58.6,0.1,Social,US,variant
ORD-001554,2024-12-03,CUST-02571,cust-02571@lumenmail.com,Décor,2,79.61,0.0,,ZZ,
ORD-000304,2023-10-01,CUST-01122,cust-01122@lumenmail.com,Outdoor,2,61.71,0.05,Organic,US,variant
ORD-006901,2023-10-01,CUST-00394,cust-00394@lumenmail.com,Lighting,2,86.25,0.05,Email,AU,variant
ORD-006413,2024-10-19,CUST-01729,cust-01729@lumenmail.com,Lighting,2,24.37,0.05,Organic,CA,
ORD-008411,2023-08-12,CUST-00791,cust-00791@lumenmail.com,Furniture,2,107.48,0.0,Email,US,variant
ORD-001226,2024-04-08,CUST-01775,cust-01775@lumenmail.com,Décor,6,28.21,0.1,Email,CA,
ORD-009457,19/06/2023,CUST-00437,cust-00437@lumenmail.com,Lighting,1,48.11,0.1,Email,US,
ORD-000847,2023-07-22,CUST-02038,cust-02038@lumenmail.com,Lighting,4,77.25,0.0,Organic,US,control
ORD-008683,2023-12-06,CUST-01082,cust-01082@lumenmail.com,Lighting,2,30.6,0.1,Organic,US,
ORD-007395,2023-06-08,CUST-02628,cust-02628@lumenmail.com,Furniture,2,37.3,0.05,Social,UK,control
ORD-002736,2024-12-29,CUST-01765,cust-01765@lumenmail.com,Décor,1,196.72,0.05,Organic,US,variant
ORD-002199,2023-11-05,CUST-02835,cust-02835@lumenmail.com,Lighting,1,339.45,0.0,Email,US,
ORD-001119,2023-09-17,CUST-01639,cust-01639@lumenmail.com,Lighting,1,167.25,0.1,Paid Search,CA,
ORD-006009,2024-09-20,CUST-02416,cust-02416@lumenmail.com,Accessories,2,56.64,0.0,Paid Search,US,control
ORD-008053,2023-10-10,CUST-02293,cust-02293@lumenmail.com,Décor,1,728.8,0.05,Paid Search,US,control
ORD-007721,2024-01-07,CUST-01638,cust-01638@lumenmail.com,Furniture,1,57.61,0.25,Paid Search,US,variant
ORD-001536,2023-11-09,CUST-00418,cust-00418@lumenmail.com,Décor,2,39.66,0.0,Social,CA,
ORD-005641,2023-07-01,CUST-00159,cust-00159@lumenmail.com,Furniture,2,75.55,0.1,Email,UK,control
ORD-005167,23/10/2023,CUST-02288,cust-02288@lumenmail.com,Décor,2,78.57,0.05,Email,US,
ORD-002821,2023-07-26,CUST-02813,cust-02813@lumenmail.com,Décor,1,33.86,0.05,Organic,US,control
ORD-005505,2024-10-14,,guest@lumenmail.com,Furniture,-1,23.28,0.25,Paid Search,CA,control
ORD-003053,2024-08-17,CUST-02549,cust-02549@lumenmail.com,Furniture,2,603.27,0.0,,US,variant
ORD-000166,2024-11-09,CUST-00574,cust-00574@lumenmail.com,Furniture,1,21.05,0.0,Paid Search,US,variant
ORD-001221,2024-05-13,CUST-02195,cust-02195@lumenmail.com,Furniture,1,228.79,0.2,Organic,US,
ORD-004802,2024-02-19,CUST-01136,cust-01136@lumenmail.com,Furniture,1,83.26,0.1,Social,US,control
ORD-001151,2023-12-18,CUST-02589,cust-02589@lumenmail.com,Outdoor,3,71.77,0.0,Paid Search,US,variant
ORD-005007,2024-05-17,CUST-02592,cust-02592@lumenmail.com,Décor,2,33.82,0.2,Social,US,
ORD-001199,24/10/2023,CUST-00669,cust-00669@lumenmail.com,Furniture,4,37.66,0.0,Paid Search,CA,control
ORD-004309,2024-12-27,CUST-00944,cust-00944@lumenmail.com,Lighting,4,39.96,0.0,Paid Search,US,
ORD-008932,2023-12-19,,guest@lumenmail.com,Décor,1,214.16,0.0,Email,CA,control
ORD-004015,2023-06-21,CUST-01375,cust-01375@lumenmail.com,Furniture,2,0.0,0.2,Organic,CA,
ORD-004571,03/12/2023,CUST-00890,cust-00890@lumenmail.com,Décor,1,35.25,0.0,Paid Search,US,control
ORD-004838,2024-09-24,CUST-02297,cust-02297@lumenmail.com,Lighting,4,695.51,0.0,Paid Search,AU,variant
ORD-003535,2023-10-24,CUST-02844,cust-02844@lumenmail.com,Lighting,5,44.34,0.2,Paid Search,US,
ORD-002111,2023-08-20,CUST-00172,cust-00172@lumenmail.com,Lighting,6,330.02,0.0,Email,US,variant
ORD-008221,02/09/2023,CUST-00102,cust-00102@lumenmail.com,Lighting,1,146.8,0.15,Email,US,variant
ORD-001756,2023-11-27,CUST-01674,cust-01674@lumenmail.com,Lighting,1,34.75,0.05,Organic,US,
ORD-003561,2024-02-05,CUST-02057,cust-02057@lumenmail.com,Furniture,2,115.21,0.0,Paid Search,US,
ORD-007310,2024-05-08,CUST-02751,cust-02751@lumenmail.com,Furniture,2,33.14,0.05,Organic,UK,
ORD-001688,29/03/2024,CUST-02305,cust-02305@lumenmail.com,Outdoor,1,50.79,0.0,Paid Search,US,control
ORD-009507,2023-06-17,CUST-01200,cust-01200@lumenmail.com,Furniture,2,66.41,0.05,Email,US,variant
ORD-006530,2023-08-31,CUST-01018,cust-01018@lumenmail.com,Outdoor,2,37.23,0.15,Organic,US,variant
ORD-001525,2024-05-20,CUST-02441,cust-02441@lumenmail.com,Décor,3,169.26,0.1,Email,UK,
ORD-005360,2024-03-19,CUST-02105,cust-02105@lumenmail.com,Lighting,5,106.97,0.25,Email,US,control
ORD-004413,2023-11-26,CUST-01018,cust-01018@lumenmail.com,Outdoor,3,36.68,0.0,Email,AU,variant
ORD-009185,2024-08-31,CUST-02138,cust-02138@lumenmail.com,Outdoor,1,37.14,0.05,Email,US,
ORD-005343,2023-07-28,CUST-02440,cust-02440@lumenmail.com,Furniture,1,64.81,0.05,Email,US,control
ORD-000905,2023-10-12,CUST-02862,cust-02862@lumenmail.com,Lighting,-3,56.5,0.0,Organic,US,variant
ORD-001083,2024-08-16,CUST-00675,cust-00675@lumenmail.com,Furniture,-4,23.52,0.0,Paid Search,UK,variant
ORD-009352,2024-10-15,CUST-01437,cust-01437@lumenmail.com,Outdoor,1,75.38,0.0,Email,UK,control
ORD-009111,2023-11-16,CUST-02673,cust-02673@lumenmail.com,Accessories,1,25.88,0.1,Social,UK,control
ORD-005963,11/10/2023,CUST-00572,cust-00572@lumenmail.com,Lighting,3,13.98,0.2,Paid Search,US,
ORD-005147,2024-08-29,CUST-00972,cust-00972@lumenmail.com,Lighting,5,120.22,0.0,Organic,US,
ORD-001040,17/02/2024,CUST-01247,cust-01247@lumenmail.com,Furniture,1,53.36,0.15,Organic,US,control
ORD-005708,2024-10-15,,guest@lumenmail.com,Décor,2,27.3,0.05,Organic,US,control
ORD-008153,2024-02-25,CUST-01005,cust-01005@lumenmail.com,Accessories,1,66.8,0.1,Email,US,
ORD-002201,23/06/2024,CUST-00738,cust-00738@lumenmail.com,Lighting,4,126.99,0.2,Organic,ZZ,variant
ORD-005103,2024-08-19,CUST-02671,cust-02671@lumenmail.com,Décor,4,79.73,0.1,Email,US,
ORD-005372,2024-07-05,CUST-02159,cust-02159@lumenmail.com,Décor,2,65.65,0.0,Social,UK,variant
ORD-004403,2024-06-17,,guest@lumenmail.com,Lighting,2,23.0,0.0,Email,US,control
ORD-005190,2024-09-24,CUST-01773,cust-01773@lumenmail.com,Outdoor,1,90.15,0.0,Paid Search,US,control
ORD-003371,2024-02-17,CUST-00273,cust-00273@lumenmail.com,Lighting,2,50.96,0.0,Social,CA,
ORD-003096,01/07/2023,CUST-02163,cust-02163@lumenmail.com,Lighting,3,19.03,0.05,Email,US,variant
ORD-002788,2024-11-16,CUST-02676,cust-02676@lumenmail.com,Furniture,1,535.76,0.05,Organic,US,control
ORD-006458,2024-03-09,CUST-02728,cust-02728@lumenmail.com,Furniture,1,37.14,0.15,Social,US,
ORD-006853,2024-06-03,CUST-01523,cust-01523@lumenmail.com,Accessories,2,93.94,0.25,Email,US,control
ORD-005739,03/04/2024,CUST-00935,cust-00935@lumenmail.com,Lighting,2,335.53,0.0,Email,CA,
ORD-008576,2024-01-30,CUST-01937,cust-01937@lumenmail.com,Lighting,1,316.17,0.25,Paid Search,US,
ORD-005455,2024-11-18,,guest@lumenmail.com,Lighting,2,375.6,0.05,,US,
ORD-002330,2023-11-20,CUST-00099,cust-00099@lumenmail.com,Furniture,1,60.64,0.0,Email,US,variant
ORD-004217,2023-09-26,CUST-01458,cust-01458@lumenmail.com,Décor,2,701.9,0.0,Email,CA,variant
ORD-002786,2023-07-27,CUST-00429,cust-00429@lumenmail.com,Furniture,1,33.08,0.0,Organic,US,
ORD-000890,2023-10-09,CUST-01318,cust-01318@lumenmail.com,Lighting,4,149.74,0.05,Organic,US,variant
ORD-005317,2024-01-20,,guest@lumenmail.com,Lighting,1,162.8,0.0,Paid Search,US,control
ORD-006831,2024-03-06,CUST-00941,cust-00941@lumenmail.com,Décor,2,11.36,0.1,Social,US,
ORD-003985,2024-01-27,CUST-01370,cust-01370@lumenmail.com,Lighting,1,29.4,0.0,Paid Search,CA,variant
ORD-009361,2023-06-19,CUST-02935,cust-02935@lumenmail.com,Outdoor,6,205.21,0.0,Organic,US,variant
ORD-008401,2024-09-01,CUST-02925,cust-02925@lumenmail.com,Furniture,2,7.18,0.05,Paid Search,US,variant
ORD-005454,2024-08-07,CUST-01807,cust-01807@lumenmail.com,Lighting,1,0.0,0.1,Email,AU,
ORD-004648,2024-06-18,CUST-00421,cust-00421@lumenmail.com,Décor,2,100.8,0.05,Social,US,
ORD-007234,19/01/2024,CUST-01768,cust-01768@lumenmail.com,Décor,1,41.06,0.0,Organic,US,
ORD-008181,2024-05-29,CUST-02795,cust-02795@lumenmail.com,Décor,1,135.04,0.0,Email,US,control
ORD-007852,16/07/2024,CUST-00639,cust-00639@lumenmail.com,Accessories,1,12.3,0.0,Social,US,variant
ORD-003189,2024-09-14,CUST-00830,cust-00830@lumenmail.com,Lighting,1,48.36,0.05,Social,US,control
ORD-009106,2024-12-03,CUST-01023,cust-01023@lumenmail.com,Furniture,1,47.64,0.0,Paid Search,AU,control
ORD-008498,2024-11-20,,guest@lumenmail.com,Lighting,1,38.89,0.0,Social,US,
ORD-007666,2024-03-11,CUST-02900,cust-02900@lumenmail.com,Décor,1,0.0,0.1,Paid Search,US,control
ORD-009546,16/09/2024,CUST-01972,cust-01972@lumenmail.com,Lighting,1,32.1,0.0,Email,US,
ORD-008993,2024-10-06,CUST-02770,cust-02770@lumenmail.com,Furniture,-2,13.7,0.05,Email,US,
ORD-006295,2023-06-11,CUST-01651,cust-01651@lumenmail.com,Outdoor,1,43.51,0.15,Organic,UK,
ORD-007891,2024-12-15,CUST-01043,cust-01043@lumenmail.com,Lighting,2,36.87,0.0,Paid Search,UK,variant
ORD-008299,2023-08-15,CUST-01272,cust-01272@lumenmail.com,Lighting,2,291.22,0.15,Email,US,control
ORD-004044,14/11/2024,CUST-02592,cust-02592@lumenmail.com,Furniture,2,95.43,0.1,Organic,CA,
ORD-008581,2024-03-27,CUST-01642,cust-01642@lumenmail.com,Lighting,1,184.12,0.0,Social,AU,
ORD-004555,2024-06-28,CUST-00185,cust-00185@lumenmail.com,Décor,3,86.73,0.0,Email,US,control
ORD-002120,27/01/2024,,guest@lumenmail.com,Lighting,1,135.07,0.2,Organic,US,control
ORD-006741,2024-10-02,,guest@lumenmail.com,Décor,4,189.28,0.15,Email,US,control
ORD-000204,2023-12-07,CUST-01917,cust-01917@lumenmail.com,Lighting,2,16.33,0.0,Email,US,
ORD-008589,2024-02-15,CUST-02437,cust-02437@lumenmail.com,Furniture,1,64.44,0.15,Email,AU,
ORD-005780,2024-11-05,CUST-00303,cust-00303@lumenmail.com,Furniture,2,79.61,0.0,Email,US,
ORD-000760,26/09/2023,CUST-02500,cust-02500@lumenmail.com,Furniture,2,106.68,0.2,Paid Search,AU,control
ORD-000146,2024-02-06,CUST-02634,cust-02634@lumenmail.com,Lighting,1,44.37,0.15,Social,UK,
ORD-008304,14/10/2024,CUST-00453,cust-00453@lumenmail.com,Furniture,2,390.24,0.05,Paid Search,US,
ORD-003626,2024-03-27,CUST-00298,cust-00298@lumenmail.com,Lighting,1,22.07,0.1,Email,US,
ORD-002800,2024-10-29,CUST-00444,cust-00444@lumenmail.com,Lighting,1,633.25,0.0,Organic,US,
ORD-008656,2024-04-01,CUST-02746,cust-02746@lumenmail.com,Furniture,6,311.88,0.0,Paid Search,US,
ORD-008072,2024-08-15,CUST-02139,cust-02139@lumenmail.com,Lighting,1,143.75,0.0,Paid Search,CA,variant
ORD-002299,2024-03-02,,guest@lumenmail.com,Furniture,5,103.82,0.1,Paid Search,US,control
ORD-005415,2023-06-16,CUST-02452,cust-02452@lumenmail.com,Accessories,2,57.09,0.0,Social,US,
ORD-005355,2024-08-23,CUST-01112,cust-01112@lumenmail.com,Lighting,1,68.87,0.05,Paid Search,US,
ORD-008340,10/12/2024,CUST-00291,cust-00291@lumenmail.com,Lighting,2,82.52,0.0,Paid Search,US,
ORD-004179,2024-05-16,CUST-01959,cust-01959@lumenmail.com,Furniture,2,258.25,0.0,Paid Search,US,
ORD-004806,2024-03-12,CUST-00666,cust-00666@lumenmail.com,Lighting,1,43.4,0.1,Paid Search,US,
ORD-008712,25/10/2023,CUST-02603,cust-02603@lumenmail.com,Outdoor,6,25.65,0.05,Paid Search,US,control
ORD-008699,2024-05-23,CUST-01523,cust-01523@lumenmail.com,Décor,1,52.59,0.1,,CA,control
ORD-006131,2024-09-19,CUST-02367,cust-02367@lumenmail.com,Décor,1,201.77,0.05,Paid Search,US,control
ORD-005698,05/12/2024,CUST-02616,cust-02616@lumenmail.com,Furniture,1,104.44,0.2,Paid Search,US,
ORD-006537,2024-09-03,CUST-00320,cust-00320@lumenmail.com,Outdoor,5,393.08,0.0,Organic,UK,control
ORD-002116,2023-08-30,CUST-01736,cust-01736@lumenmail.com,Furniture,-1,791.56,0.15,Organic,UK,control
ORD-001224,2024-09-07,CUST-00777,cust-00777@lumenmail.com,Outdoor,2,130.28,0.05,Paid Search,CA,
ORD-001744,21/03/2024,CUST-00455,cust-00455@lumenmail.com,Décor,4,26.06,0.1,Organic,CA,control
ORD-001035,2023-07-07,CUST-02185,cust-02185@lumenmail.com,Outdoor,2,6.48,0.0,Paid Search,US,control
ORD-004396,2023-09-14,CUST-01521,cust-01521@lumenmail.com,Décor,2,41.59,0.15,Email,US,variant
ORD-000300,10/06/2024,CUST-00670,cust-00670@lumenmail.com,Outdoor,1,146.59,0.1,Paid Search,US,
ORD-002682,2024-07-25,CUST-00751,cust-00751@lumenmail.com,Furniture,5,648.43,0.05,Paid Search,US,
ORD-006386,04/02/2024,CUST-01330,cust-01330@lumenmail.com,Lighting,2,182.78,0.2,Organic,US,
ORD-001600,2023-10-31,CUST-02517,cust-02517@lumenmail.com,Lighting,1,344.97,0.2,Social,US,
ORD-009545,2024-10-25,CUST-02523,cust-02523@lumenmail.com,Furniture,1,147.31,0.0,Email,US,
ORD-005577,2024-08-20,CUST-01739,cust-01739@lumenmail.com,Décor,1,129.04,0.2,Social,US,variant
ORD-009552,2024-08-06,CUST-01663,cust-01663@lumenmail.com,Lighting,2,36.61,0.15,Paid Search,AU,control
ORD-008074,2024-07-22,CUST-01064,cust-01064@lumenmail.com,Lighting,1,119.63,0.05,Email,US,variant
ORD-008813,15/12/2024,CUST-01743,cust-01743@lumenmail.com,Lighting,2,64.84,0.1,Paid Search,US,
ORD-002132,2024-03-26,CUST-01676,cust-01676@lumenmail.com,Décor,1,12.98,0.0,Email,US,control
ORD-005648,2024-10-12,CUST-01961,cust-01961@lumenmail.com,Lighting,1,24.67,0.0,Organic,US,variant
ORD-006560,2024-08-16,CUST-02559,cust-02559@lumenmail.com,Lighting,1,55.18,0.1,,US,
ORD-009453,2024-02-16,CUST-02268,cust-02268@lumenmail.com,Furniture,1,395.41,0.05,Paid Search,US,variant
ORD-003978,2023-06-30,CUST-00937,cust-00937@lumenmail.com,Lighting,7,181.63,0.0,Organic,US,
ORD-001975,2023-08-16,CUST-02767,cust-02767@lumenmail.com,Outdoor,1,0.0,0.2,Email,US,variant
ORD-009046,26/08/2023,CUST-00304,cust-00304@lumenmail.com,Lighting,1,64.91,0.15,Email,US,control
ORD-006099,2024-08-07,CUST-02594,cust-02594@lumenmail.com,Furniture,4,40.03,0.0,Organic,US,
ORD-000029,2024-05-24,CUST-00190,cust-00190@lumenmail.com,Outdoor,1,91.14,0.1,Email,US,
ORD-006366,2023-12-03,CUST-00793,cust-00793@lumenmail.com,Lighting,3,20.77,0.0,Paid Search,CA,control
ORD-006527,27/08/2024,CUST-00185,cust-00185@lumenmail.com,Furniture,-4,192.61,0.25,Social,US,
ORD-001457,2023-08-09,CUST-01910,cust-01910@lumenmail.com,Décor,1,173.39,0.0,Email,UK,control
ORD-000137,2024-04-23,CUST-02031,cust-02031@lumenmail.com,Lighting,6,19.07,0.2,Paid Search,CA,
ORD-009327,01/07/2024,,guest@lumenmail.com,Furniture,3,88.33,0.0,Organic,US,
ORD-000467,2024-08-09,CUST-00978,cust-00978@lumenmail.com,Lighting,1,26.28,0.1,Paid Search,UK,control
ORD-006866,2024-10-05,CUST-02060,cust-02060@lumenmail.com,Lighting,4,251.82,0.1,Social,US,control
ORD-000748,2024-07-14,CUST-00959,cust-00959@lumenmail.com,Accessories,2,171.09,0.0,Paid Search,US,control
ORD-006681,2024-12-02,CUST-01625,cust-01625@lumenmail.com,Furniture,1,15.08,0.0,Paid Search,US,
ORD-006637,2023-11-01,CUST-01110,cust-01110@lumenmail.com,Décor,1,90.43,0.0,Email,US,control
ORD-001691,04/10/2023,CUST-02626,cust-02626@lumenmail.com,Furniture,1,469.55,0.0,Email,AU,variant
ORD-002752,29/10/2024,CUST-01602,cust-01602@lumenmail.com,Furniture,7,22.44,0.0,Paid Search,CA,variant
ORD-000632,2024-02-18,CUST-01596,cust-01596@lumenmail.com,Lighting,1,15.67,0.0,Email,CA,variant
ORD-004180,2024-05-13,CUST-02688,cust-02688@lumenmail.com,Lighting,4,242.3,0.0,Email,US,
ORD-005591,15/06/2023,CUST-00970,cust-00970@lumenmail.com,Décor,1,70.99,0.05,Email,AU,
ORD-003710,2023-06-19,CUST-02351,cust-02351@lumenmail.com,Lighting,2,90.72,0.0,Paid Search,US,variant
ORD-004313,03/09/2024,CUST-00584,cust-00584@lumenmail.com,Décor,7,619.36,0.0,Email,US,control
ORD-007836,2023-08-24,CUST-00773,cust-00773@lumenmail.com,Outdoor,2,29.83,0.2,Organic,US,
ORD-001590,2023-06-30,CUST-02338,cust-02338@lumenmail.com,Décor,1,179.97,0.0,Social,UK,variant
ORD-001514,2024-11-30,CUST-02331,cust-02331@lumenmail.com,Furniture,3,18.51,0.1,Paid Search,US,variant
ORD-003651,04/06/2024,CUST-00077,cust-00077@lumenmail.com,Lighting,1,75.12,0.1,Paid Search,US,variant
ORD-009117,2024-04-05,CUST-00717,cust-00717@lumenmail.com,Lighting,1,185.1,0.15,Email,UK,
ORD-000752,13/06/2024,CUST-00707,cust-00707@lumenmail.com,Outdoor,1,361.34,0.05,,CA,
ORD-002668,2024-02-29,,guest@lumenmail.com,Outdoor,2,72.32,0.0,Organic,US,control
ORD-002576,18/06/2023,CUST-01270,cust-01270@lumenmail.com,Lighting,1,44.69,0.05,Paid Search,UK,
ORD-008383,2023-07-30,CUST-00449,cust-00449@lumenmail.com,Lighting,1,25.26,0.0,Organic,US,
ORD-003894,2023-09-20,CUST-01300,cust-01300@lumenmail.com,Accessories,1,164.96,0.1,Email,CA,variant
ORD-005082,2024-01-31,CUST-01569,cust-01569@lumenmail.com,Furniture,3,134.49,0.0,Organic,US,
ORD-002872,2024-02-20,CUST-01849,cust-01849@lumenmail.com,Lighting,1,146.11,0.15,Organic,US,variant
ORD-006519,2024-03-13,CUST-01095,cust-01095@lumenmail.com,Décor,3,98.72,0.05,Paid Search,US,
ORD-008835,2024-09-25,CUST-00435,cust-00435@lumenmail.com,Lighting,1,95.02,0.05,Social,US,control
ORD-002407,2024-09-16,CUST-02292,cust-02292@lumenmail.com,Furniture,1,240.11,0.05,Social,CA,
ORD-003051,2024-01-27,CUST-01881,cust-01881@lumenmail.com,Furniture,1,54.79,0.05,Email,US,control
ORD-002661,2024-04-11,CUST-01028,cust-01028@lumenmail.com,Furniture,2,92.94,0.0,Organic,UK,
ORD-005655,2024-04-02,CUST-01981,cust-01981@lumenmail.com,Lighting,1,59.87,0.1,Social,CA,
ORD-008849,2023-11-10,CUST-02892,cust-02892@lumenmail.com,Furniture,1,193.35,0.25,Organic,US,control
ORD-003025,24/09/2023,CUST-01681,cust-01681@lumenmail.com,Lighting,2,69.85,0.15,Paid Search,US,variant
ORD-006844,2023-09-13,CUST-00629,cust-00629@lumenmail.com,Furniture,2,73.98,0.0,Paid Search,US,
ORD-003395,2023-06-20,CUST-01484,cust-01484@lumenmail.com,Lighting,1,313.7,0.0,Social,US,
ORD-002835,2023-12-15,CUST-02083,cust-02083@lumenmail.com,Accessories,3,18.48,0.1,Email,US,
ORD-002294,2024-12-16,CUST-02766,cust-02766@lumenmail.com,Décor,2,389.82,0.05,Paid Search,US,
ORD-009493,2023-12-05,CUST-01794,cust-01794@lumenmail.com,Lighting,3,26.19,0.05,Email,UK,control
ORD-005470,2024-10-02,CUST-01909,cust-01909@lumenmail.com,Furniture,1,76.15,0.05,Email,US,control
ORD-004103,09/11/2023,CUST-00099,cust-00099@lumenmail.com,Accessories,1,32.89,0.0,Email,US,
ORD-006109,2023-08-08,CUST-02900,cust-02900@lumenmail.com,Outdoor,3,19.32,0.1,Email,US,
ORD-006587,2023-06-25,CUST-01007,cust-01007@lumenmail.com,Lighting,2,226.93,0.15,Email,US,control
ORD-009178,2024-09-13,CUST-00002,cust-00002@lumenmail.com,Décor,4,163.67,0.1,Email,AU,
ORD-007418,2024-09-03,CUST-01596,cust-01596@lumenmail.com,Outdoor,4,13.72,0.0,Social,UK,
ORD-007733,2023-06-20,CUST-00876,cust-00876@lumenmail.com,Lighting,3,297.27,0.15,Email,US,variant
ORD-001743,2024-10-09,CUST-00374,cust-00374@lumenmail.com,Décor,1,354.43,0.0,Email,US,variant
ORD-003286,31/10/2023,CUST-01897,cust-01897@lumenmail.com,Lighting,1,20.97,0.1,Paid Search,CA,variant
ORD-007003,2023-11-07,CUST-01446,cust-01446@lumenmail.com,Lighting,3,129.84,0.05,Email,CA,
ORD-004577,2024-11-05,CUST-01350,cust-01350@lumenmail.com,Outdoor,1,74.98,0.1,Organic,UK,variant
ORD-005183,2024-02-29,CUST-00035,cust-00035@lumenmail.com,Furniture,3,32.43,0.05,Social,US,variant
ORD-002840,2024-09-13,CUST-01585,cust-01585@lumenmail.com,Lighting,3,54.73,0.05,Organic,US,control
ORD-005394,18/07/2023,CUST-00274,cust-00274@lumenmail.com,Lighting,2,57.28,0.25,Social,CA,
ORD-000989,2024-12-26,CUST-02616,cust-02616@lumenmail.com,Outdoor,6,141.5,0.05,Organic,US,
ORD-007468,24/10/2024,CUST-02111,cust-02111@lumenmail.com,Lighting,1,20.63,0.1,Email,CA,variant
ORD-000310,2024-03-04,CUST-01436,cust-01436@lumenmail.com,Décor,3,189.72,0.05,Social,AU,
ORD-008654,2023-06-08,CUST-02976,cust-02976@lumenmail.com,Décor,3,22.65,0.0,Paid Search,CA,control
ORD-000994,2023-12-16,CUST-00345,cust-00345@lumenmail.com,Accessories,2,43.18,0.0,Email,US,
ORD-005308,2023-12-26,CUST-02555,cust-02555@lumenmail.com,Lighting,3,333.65,0.0,Email,UK,
ORD-005676,05/07/2023,CUST-00505,cust-00505@lumenmail.com,Furniture,5,116.9,0.25,Paid Search,UK,
ORD-008986,2023-07-18,CUST-00392,cust-00392@lumenmail.com,Outdoor,5,772.93,0.25,Paid Search,UK,variant
ORD-004575,20/06/2024,CUST-00236,cust-00236@lumenmail.com,Outdoor,1,286.24,0.1,Paid Search,US,
ORD-003859,2024-07-26,CUST-00029,cust-00029@lumenmail.com,Lighting,2,95.86,0.2,Paid Search,US,control
ORD-008435,2024-03-29,CUST-01347,cust-01347@lumenmail.com,Lighting,1,107.63,0.0,Organic,CA,
ORD-003014,17/05/2024,CUST-02996,cust-02996@lumenmail.com,Lighting,1,287.19,0.05,Paid Search,CA,
ORD-004617,2024-08-14,CUST-02534,cust-02534@lumenmail.com,Décor,2,26.84,0.1,Email,US,control
ORD-003485,2023-11-25,CUST-00611,cust-00611@lumenmail.com,Furniture,2,45.26,0.25,Email,US,variant
ORD-009254,,CUST-02811,cust-02811@lumenmail.com,Lighting,4,23.05,0.0,Organic,US,variant
ORD-006205,18/03/2024,CUST-01019,cust-01019@lumenmail.com,Accessories,4,80.4,0.25,Organic,US,control
ORD-006892,2023-11-26,CUST-00977,cust-00977@lumenmail.com,Lighting,2,483.21,0.05,Social,US,variant
ORD-003192,30/09/2023,CUST-00676,cust-00676@lumenmail.com,Décor,1,84.24,0.0,Organic,US,
ORD-009482,2024-09-26,CUST-02355,cust-02355@lumenmail.com,Décor,2,556.75,0.15,Paid Search,ZZ,
ORD-003984,2023-06-17,CUST-02532,cust-02532@lumenmail.com,Furniture,2,367.38,0.05,Email,US,
ORD-000389,2024-11-02,CUST-01108,cust-01108@lumenmail.com,Décor,4,140.99,0.25,Social,US,control
ORD-009300,2024-08-06,CUST-01032,cust-01032@lumenmail.com,Lighting,1,14.18,0.0,Paid Search,US,variant
ORD-009055,2024-05-15,CUST-02223,cust-02223@lumenmail.com,Lighting,1,151.8,0.0,Organic,US,variant
ORD-002062,2023-09-17,CUST-02965,cust-02965@lumenmail.com,Lighting,2,14.8,0.0,Social,UK,variant
ORD-004192,2024-03-27,CUST-02243,cust-02243@lumenmail.com,Décor,1,255.56,0.2,Paid Search,US,variant
ORD-000268,08/12/2023,CUST-02497,cust-02497@lumenmail.com,Outdoor,1,64.89,0.0,Paid Search,US,
ORD-007855,24/11/2024,CUST-01393,cust-01393@lumenmail.com,Accessories,6,183.88,0.2,Paid Search,US,control
ORD-008039,2024-03-24,,guest@lumenmail.com,Lighting,2,128.63,0.0,,US,control
ORD-002896,2024-11-09,CUST-01280,cust-01280@lumenmail.com,Lighting,3,46.23,0.0,Paid Search,US,control
ORD-005572,2024-12-25,CUST-02595,cust-02595@lumenmail.com,Décor,2,40.78,0.0,Email,US,variant
ORD-008308,2024-04-08,CUST-00372,cust-00372@lumenmail.com,Furniture,1,87.69,0.0,Paid Search,CA,
ORD-003933,2024-01-03,CUST-02572,cust-02572@lumenmail.com,Furniture,1,11.3,0.05,Paid Search,UK,variant
ORD-005607,2023-12-18,CUST-01944,cust-01944@lumenmail.com,Furniture,3,6.9,0.0,Organic,UK,control
ORD-003928,2024-12-25,CUST-02909,cust-02909@lumenmail.com,Outdoor,1,30.19,0.1,,US,control
ORD-002827,2024-06-30,CUST-00576,cust-00576@lumenmail.com,Outdoor,4,112.95,0.0,Paid Search,US,variant
ORD-007041,2024-10-28,CUST-00108,cust-00108@lumenmail.com,Lighting,1,28.05,0.0,Organic,US,
ORD-004993,2024-04-12,CUST-01038,cust-01038@lumenmail.com,Lighting,2,353.79,0.2,Social,US,variant
ORD-004329,2024-05-16,CUST-01680,cust-01680@lumenmail.com,Outdoor,2,142.22,0.0,Social,US,
ORD-006926,2024-08-26,CUST-02931,cust-02931@lumenmail.com,Décor,3,9.87,0.05,Paid Search,US,
ORD-008636,17/07/2024,CUST-01295,cust-01295@lumenmail.com,Décor,5,160.78,0.1,Social,US,
ORD-005243,2024-11-26,CUST-02030,cust-02030@lumenmail.com,Décor,2,32.87,0.0,Email,US,
ORD-003571,01/11/2023,CUST-02041,cust-02041@lumenmail.com,Accessories,1,42.74,0.05,Paid Search,US,control
ORD-002946,2024-04-16,CUST-01834,cust-01834@lumenmail.com,Lighting,1,116.57,0.0,Organic,CA,control
ORD-006965,2023-08-02,CUST-02026,cust-02026@lumenmail.com,Accessories,2,92.89,0.1,Organic,US,control
ORD-008739,2023-09-25,CUST-02665,cust-02665@lumenmail.com,Lighting,2,168.88,0.0,Email,US,
ORD-000181,2023-10-01,CUST-01891,cust-01891@lumenmail.com,Lighting,1,8.24,0.05,Email,CA,
ORD-001515,19/12/2023,CUST-00602,cust-00602@lumenmail.com,Décor,3,257.01,0.05,,CA,variant
ORD-008626,2024-01-25,CUST-01429,cust-01429@lumenmail.com,Décor,1,0.0,0.0,Organic,US,
ORD-006428,2024-11-08,CUST-01439,cust-01439@lumenmail.com,Furniture,2,81.18,0.0,Paid Search,CA,control
ORD-006500,2024-01-25,CUST-00331,cust-00331@lumenmail.com,Décor,4,117.07,0.1,Organic,US,variant
ORD-003687,25/06/2024,CUST-00523,cust-00523@lumenmail.com,Lighting,3,63.5,0.0,Social,CA,variant
ORD-004324,2023-11-08,CUST-02836,cust-02836@lumenmail.com,Furniture,2,21.81,0.1,Paid Search,US,control
ORD-003218,2024-09-27,CUST-02664,cust-02664@lumenmail.com,Décor,1,82.98,0.0,Social,US,
ORD-008863,2024-11-06,CUST-00940,cust-00940@lumenmail.com,Lighting,2,159.87,0.25,Email,UK,control
ORD-004525,2024-07-05,CUST-01544,cust-01544@lumenmail.com,Furniture,2,88.38,0.05,Paid Search,US,control
ORD-008923,2024-06-02,CUST-02703,cust-02703@lumenmail.com,Furniture,1,7.0,0.1,Organic,AU,variant
ORD-004609,2024-08-02,CUST-02454,cust-02454@lumenmail.com,Décor,1,47.69,0.1,Social,CA,control
ORD-008164,2023-12-21,CUST-01493,cust-01493@lumenmail.com,Décor,2,137.99,0.25,Paid Search,CA,
ORD-003543,2024-10-25,CUST-02497,cust-02497@lumenmail.com,Décor,3,114.42,0.0,Email,AU,control
ORD-008757,2024-05-22,CUST-02006,cust-02006@lumenmail.com,Décor,1,40.93,0.1,Paid Search,US,variant
ORD-004785,2023-10-10,CUST-00137,cust-00137@lumenmail.com,Furniture,4,64.69,0.0,Paid Search,US,variant
ORD-008179,2024-05-07,CUST-02616,cust-02616@lumenmail.com,Lighting,1,9.36,0.0,Organic,US,variant
ORD-007204,2023-07-30,CUST-00649,cust-00649@lumenmail.com,Lighting,6,49.15,0.15,Organic,UK,
ORD-006816,2024-02-29,,guest@lumenmail.com,Outdoor,1,199.72,0.05,Organic,US,
ORD-002405,2023-06-03,CUST-01986,cust-01986@lumenmail.com,Lighting,2,69.43,0.05,Email,AU,variant
ORD-006126,2024-11-16,CUST-01025,cust-01025@lumenmail.com,Accessories,7,45.4,0.2,Email,US,
ORD-007632,2023-06-03,CUST-02962,cust-02962@lumenmail.com,Décor,2,37.33,0.0,Email,US,
ORD-006209,2024-09-19,,guest@lumenmail.com,Lighting,1,138.05,0.1,Email,US,variant
ORD-002894,16/06/2024,CUST-02926,cust-02926@lumenmail.com,Décor,1,188.22,0.0,Email,UK,control
ORD-002865,2024-07-01,CUST-01831,cust-01831@lumenmail.com,Décor,-2,200.13,0.15,Paid Search,US,variant
ORD-006767,2024-12-25,CUST-02620,cust-02620@lumenmail.com,Décor,1,231.22,0.1,Organic,CA,control
ORD-009120,2024-06-27,CUST-01997,cust-01997@lumenmail.com,Lighting,1,22.98,0.0,Social,AU,
ORD-008510,2024-11-24,CUST-02880,cust-02880@lumenmail.com,Furniture,3,185.61,0.1,Email,US,
ORD-008523,2024-12-19,CUST-01716,cust-01716@lumenmail.com,Furniture,4,80.16,0.0,Social,US,
ORD-007989,,CUST-01314,cust-01314@lumenmail.com,Accessories,2,45.89,0.05,Organic,US,
ORD-009101,2024-10-18,CUST-02172,cust-02172@lumenmail.com,Furniture,1,164.46,0.1,Email,CA,variant
ORD-003976,2023-12-14,CUST-00009,cust-00009@lumenmail.com,Lighting,1,291.48,0.05,Organic,US,control
ORD-001258,22/09/2023,CUST-01779,cust-01779@lumenmail.com,Lighting,1,528.66,0.1,Paid Search,US,
ORD-002955,2023-11-26,CUST-02168,cust-02168@lumenmail.com,Décor,2,144.84,0.15,Organic,US,control
ORD-004681,2024-01-05,CUST-00356,cust-00356@lumenmail.com,Décor,1,501.98,0.0,Organic,US,
ORD-006369,2023-11-14,CUST-00105,cust-00105@lumenmail.com,Décor,1,20.29,0.1,Social,US,variant
ORD-006978,2024-10-05,CUST-01673,cust-01673@lumenmail.com,Outdoor,1,27.55,0.0,Paid Search,AU,variant
ORD-004414,2024-05-02,,guest@lumenmail.com,Furniture,1,42.62,0.0,Email,US,control
ORD-002348,25/03/2024,CUST-00682,cust-00682@lumenmail.com,Lighting,1,191.9,0.05,Paid Search,UK,control
ORD-000441,2024-02-09,CUST-02542,cust-02542@lumenmail.com,Décor,1,62.69,0.1,Social,UK,
ORD-001323,09/06/2023,CUST-02265,cust-02265@lumenmail.com,Outdoor,2,70.37,0.15,Social,AU,
ORD-001037,2024-12-26,CUST-01083,cust-01083@lumenmail.com,Décor,1,81.89,0.0,Paid Search,US,control
ORD-007974,2023-12-25,CUST-00851,cust-00851@lumenmail.com,Furniture,1,48.24,0.05,Paid Search,US,control
ORD-003708,2024-06-07,CUST-01091,cust-01091@lumenmail.com,Décor,-1,43.57,0.2,Paid Search,US,variant
ORD-005903,2024-06-15,CUST-00102,cust-00102@lumenmail.com,Lighting,4,275.83,0.0,Social,UK,control
ORD-001752,06/12/2023,CUST-02536,cust-02536@lumenmail.com,Outdoor,2,132.33,0.0,Email,ZZ,control
ORD-002797,2024-11-07,CUST-02633,cust-02633@lumenmail.com,Décor,1,114.51,0.0,Email,US,
ORD-007837,2023-09-05,CUST-01511,cust-01511@lumenmail.com,Furniture,7,34.3,0.0,Paid Search,US,control
ORD-000729,2024-11-24,CUST-00101,cust-00101@lumenmail.com,Accessories,1,22.25,0.2,Email,US,
ORD-007728,2023-08-21,,guest@lumenmail.com,Lighting,1,14.86,0.0,Paid Search,US,
ORD-008753,2023-10-04,,guest@lumenmail.com,Lighting,1,665.24,0.0,Paid Search,US,
ORD-008413,2023-11-12,CUST-00432,cust-00432@lumenmail.com,Décor,7,30.4,0.0,Paid Search,CA,
ORD-007807,2023-09-13,CUST-02385,cust-02385@lumenmail.com,Furniture,2,169.21,0.05,Organic,UK,control
ORD-007125,2024-05-30,CUST-00994,cust-00994@lumenmail.com,Décor,4,84.19,0.05,Email,UK,variant
ORD-001103,2024-04-12,CUST-01904,cust-01904@lumenmail.com,Décor,1,187.76,0.05,Organic,US,
ORD-009531,2024-09-23,CUST-02655,cust-02655@lumenmail.com,Furniture,3,132.07,0.1,Email,US,
ORD-008220,13/09/2023,CUST-00895,cust-00895@lumenmail.com,Lighting,1,124.65,0.15,Email,UK,control
ORD-002550,2023-07-09,CUST-00711,cust-00711@lumenmail.com,Décor,1,48.77,0.05,Social,US,variant
ORD-009247,2024-12-26,CUST-02006,cust-02006@lumenmail.com,Furniture,4,44.69,0.0,Email,UK,
ORD-004439,2024-12-01,CUST-02902,cust-02902@lumenmail.com,Furniture,3,736.08,0.0,Email,US,
ORD-008530,2024-11-27,CUST-02766,cust-02766@lumenmail.com,Décor,2,83.49,0.0,Organic,US,control
ORD-005208,2023-09-23,CUST-01324,cust-01324@lumenmail.com,Lighting,7,125.32,0.1,Organic,US,control
ORD-002592,2024-05-15,CUST-01157,cust-01157@lumenmail.com,Décor,2,46.86,0.0,Social,AU,
ORD-002297,2023-09-05,CUST-02803,cust-02803@lumenmail.com,Décor,1,39.76,0.0,Email,US,
ORD-005994,2024-03-23,CUST-01593,cust-01593@lumenmail.com,Accessories,1,212.73,0.0,Social,US,
ORD-001761,2024-08-17,CUST-02213,cust-02213@lumenmail.com,Lighting,1,37.66,0.15,Paid Search,US,
ORD-003103,05/06/2024,CUST-02086,cust-02086@lumenmail.com,Accessories,2,48.52,0.0,Paid Search,US,control
ORD-003604,01/07/2024,CUST-02703,cust-02703@lumenmail.com,Lighting,1,55.1,0.0,Paid Search,US,control
ORD-001824,2023-06-25,CUST-00519,cust-00519@lumenmail.com,Accessories,5,18.75,0.15,Paid Search,US,variant
ORD-002588,2023-10-16,,guest@lumenmail.com,Lighting,1,10.58,0.05,Organic,US,control
ORD-000986,2024-02-20,,guest@lumenmail.com,Lighting,2,31.49,0.0,Email,US,control
ORD-008213,2023-09-04,CUST-02160,cust-02160@lumenmail.com,Outdoor,1,79.93,0.0,Social,US,
ORD-002626,2023-09-08,CUST-00367,cust-00367@lumenmail.com,Outdoor,5,196.04,0.0,Email,US,
ORD-002150,23/08/2023,CUST-01698,cust-01698@lumenmail.com,Lighting,2,68.01,0.0,Social,CA,
ORD-001415,2024-11-19,CUST-00221,cust-00221@lumenmail.com,Lighting,3,16.52,0.05,Paid Search,US,
ORD-000015,2023-09-10,CUST-01443,cust-01443@lumenmail.com,Décor,-2,47.86,0.0,Organic,US,control
ORD-005888,2024-09-11,CUST-00037,cust-00037@lumenmail.com,Décor,-1,132.29,0.05,Paid Search,US,control
ORD-000126,2024-07-17,,guest@lumenmail.com,Lighting,1,6.33,0.1,Email,US,control
ORD-003296,2023-07-14,CUST-02866,cust-02866@lumenmail.com,Furniture,2,51.57,0.0,Organic,US,variant
ORD-008034,2024-09-24,CUST-01039,cust-01039@lumenmail.com,Furniture,1,184.87,0.15,Organic,US,variant
ORD-002021,2023-11-06,CUST-02237,cust-02237@lumenmail.com,Lighting,4,156.42,0.0,,UK,control
ORD-006154,2024-11-04,CUST-01998,cust-01998@lumenmail.com,Furniture,3,62.45,0.2,Email,US,variant
ORD-000032,2024-03-08,CUST-01107,cust-01107@lumenmail.com,Furniture,2,107.5,0.0,Organic,UK,control
ORD-008967,2024-08-22,CUST-00740,cust-00740@lumenmail.com,Lighting,3,583.96,0.05,Paid Search,US,
ORD-008263,2024-05-29,CUST-00932,cust-00932@lumenmail.com,Décor,1,389.44,0.15,Email,CA,variant
ORD-004817,2023-11-03,CUST-02743,cust-02743@lumenmail.com,Lighting,1,59.29,0.0,Organic,US,variant
ORD-006536,2023-11-05,CUST-00262,cust-00262@lumenmail.com,Décor,1,5.88,0.0,Paid Search,US,control
ORD-004455,2024-04-12,CUST-02120,cust-02120@lumenmail.com,Décor,1,705.57,0.0,Email,US,
ORD-003703,2023-12-15,CUST-02721,cust-02721@lumenmail.com,Décor,1,249.4,0.2,Organic,CA,
ORD-007997,2024-10-10,CUST-01036,cust-01036@lumenmail.com,Outdoor,1,248.33,0.05,Social,US,
ORD-001833,2024-09-17,CUST-01964,cust-01964@lumenmail.com,Lighting,3,144.69,0.05,Paid Search,US,variant
ORD-001380,2024-03-31,,guest@lumenmail.com,Furniture,1,114.0,0.1,Email,US,variant
ORD-006580,2024-02-15,CUST-00620,cust-00620@lumenmail.com,Outdoor,2,85.7,0.0,Organic,CA,
ORD-002964,2023-07-02,CUST-00559,cust-00559@lumenmail.com,Lighting,1,207.56,0.05,,US,control
ORD-000292,2024-06-09,CUST-02024,cust-02024@lumenmail.com,Lighting,4,189.85,0.1,Organic,US,
ORD-001341,2024-05-15,CUST-02739,cust-02739@lumenmail.com,Lighting,3,353.45,0.05,Organic,US,
ORD-003611,2023-11-04,,guest@lumenmail.com,Décor,3,89.32,0.2,Organic,US,
ORD-005723,2024-02-25,,guest@lumenmail.com,Lighting,5,313.74,0.05,Paid Search,US,
ORD-000919,2024-03-01,,guest@lumenmail.com,Furniture,1,198.43,0.0,Paid Search,AU,control
ORD-008334,2023-07-01,CUST-00091,cust-00091@lumenmail.com,Outdoor,1,30.65,0.05,Email,CA,
ORD-009188,2024-10-25,,guest@lumenmail.com,Outdoor,2,62.53,0.15,Organic,AU,control
ORD-008698,2024-02-19,CUST-00022,cust-00022@lumenmail.com,Lighting,4,365.56,0.0,Email,CA,variant
ORD-004556,2024-01-05,CUST-01436,cust-01436@lumenmail.com,Lighting,4,73.69,0.15,Paid Search,AU,variant
ORD-006248,2024-04-22,CUST-00143,cust-00143@lumenmail.com,Accessories,1,219.67,0.05,Paid Search,US,variant
ORD-002095,01/10/2024,CUST-02823,cust-02823@lumenmail.com,Lighting,1,71.92,0.0,,UK,control
ORD-005688,2024-12-21,CUST-01977,cust-01977@lumenmail.com,Outdoor,1,46.64,0.0,Paid Search,CA,
ORD-007198,2024-11-08,CUST-00099,cust-00099@lumenmail.com,Furniture,6,29.97,0.0,Email,US,
ORD-006768,2023-11-25,CUST-02480,cust-02480@lumenmail.com,Furniture,1,269.37,0.0,Organic,US,
ORD-004440,2024-06-25,,guest@lumenmail.com,Décor,1,14.23,0.0,Social,US,variant
ORD-008057,2023-12-06,CUST-02069,cust-02069@lumenmail.com,Outdoor,2,21.99,0.25,Email,US,
ORD-001669,18/09/2024,CUST-02482,cust-02482@lumenmail.com,Furniture,1,88.31,0.05,Organic,CA,
ORD-009056,2024-08-02,CUST-01446,cust-01446@lumenmail.com,Décor,1,10.5,0.1,Email,CA,variant
ORD-003808,2024-01-14,CUST-02012,cust-02012@lumenmail.com,Furniture,1,78.92,0.1,Email,CA,
ORD-000259,2024-09-04,CUST-01869,cust-01869@lumenmail.com,Outdoor,3,26.61,0.05,Paid Search,US,variant
ORD-003098,2023-12-13,,guest@lumenmail.com,Outdoor,1,105.32,0.0,Paid Search,AU,variant
ORD-004587,06/06/2023,,guest@lumenmail.com,Décor,7,27.67,0.05,Organic,CA,variant
ORD-002546,2024-12-03,CUST-01965,cust-01965@lumenmail.com,Lighting,2,25.21,0.0,Organic,US,variant
ORD-001074,2024-07-08,CUST-01364,cust-01364@lumenmail.com,Lighting,1,187.98,0.0,Social,US,
ORD-007035,2023-07-16,CUST-02053,cust-02053@lumenmail.com,Décor,2,15.47,0.15,Email,US,variant
ORD-005333,25/11/2023,CUST-01097,cust-01097@lumenmail.com,Accessories,3,180.0,0.0,Paid Search,US,variant
ORD-001990,2024-02-28,CUST-02851,cust-02851@lumenmail.com,Furniture,3,49.09,0.15,Paid Search,US,
ORD-006171,05/06/2023,CUST-02631,cust-02631@lumenmail.com,Accessories,5,13.01,0.0,Organic,US,
ORD-008244,2024-09-30,CUST-02828,cust-02828@lumenmail.com,Furniture,1,36.96,0.05,Social,UK,control
ORD-008351,2023-09-16,CUST-01779,cust-01779@lumenmail.com,Outdoor,2,164.32,0.15,Email,US,
ORD-008994,2023-12-16,CUST-02820,cust-02820@lumenmail.com,Lighting,1,147.24,0.05,Organic,US,variant
ORD-009150,2024-11-21,CUST-01746,cust-01746@lumenmail.com,Lighting,6,8.79,0.0,Email,UK,
ORD-007993,2023-07-12,CUST-00333,cust-00333@lumenmail.com,Lighting,1,55.66,0.05,Email,US,
ORD-005510,2023-09-05,CUST-02397,cust-02397@lumenmail.com,Outdoor,2,413.39,0.05,Email,UK,variant
ORD-005597,2024-10-25,CUST-01789,cust-01789@lumenmail.com,Furniture,1,169.36,0.1,Paid Search,ZZ,
ORD-008962,03/08/2024,CUST-01161,cust-01161@lumenmail.com,Lighting,5,312.32,0.0,Email,US,control
ORD-005081,2023-11-12,CUST-00610,cust-00610@lumenmail.com,Outdoor,3,80.76,0.1,Paid Search,CA,
ORD-001796,2024-04-25,CUST-00887,cust-00887@lumenmail.com,Décor,2,42.84,0.0,Paid Search,US,variant
ORD-000987,11/08/2023,CUST-01589,cust-01589@lumenmail.com,Lighting,5,48.08,0.0,Organic,US,
ORD-001533,05/06/2023,CUST-00684,cust-00684@lumenmail.com,Lighting,1,60.86,0.25,Organic,US,control
ORD-000693,2023-12-16,,guest@lumenmail.com,Furniture,1,99.76,0.25,Email,US,variant
ORD-005883,2024-03-14,CUST-00284,cust-00284@lumenmail.com,Lighting,2,23.78,0.0,Email,US,control
ORD-003545,25/10/2024,CUST-02750,cust-02750@lumenmail.com,Outdoor,1,233.4,0.2,Social,US,
ORD-008160,2023-06-11,CUST-01046,cust-01046@lumenmail.com,Lighting,3,91.29,0.05,Paid Search,US,
ORD-000378,2023-06-04,CUST-02659,cust-02659@lumenmail.com,Lighting,2,140.74,0.15,Paid Search,US,
ORD-006354,2023-12-21,CUST-01377,cust-01377@lumenmail.com,Lighting,-1,123.23,0.1,Email,US,control
ORD-005232,10/11/2023,CUST-02788,cust-02788@lumenmail.com,Lighting,1,175.52,0.1,Paid Search,US,variant
ORD-003667,2023-06-23,CUST-02009,cust-02009@lumenmail.com,Décor,1,387.17,0.05,Email,AU,
ORD-002540,2024-12-10,CUST-01178,cust-01178@lumenmail.com,Décor,1,241.88,0.1,Organic,US,variant
ORD-002601,2024-03-18,CUST-00922,cust-00922@lumenmail.com,Furniture,1,184.04,0.0,Organic,UK,
ORD-006902,2024-05-24,CUST-02847,cust-02847@lumenmail.com,Lighting,4,97.99,0.15,Social,US,
ORD-001475,26/12/2023,CUST-02727,cust-02727@lumenmail.com,Lighting,1,44.36,0.1,Organic,UK,control
ORD-007163,2023-06-30,CUST-00266,cust-00266@lumenmail.com,Outdoor,2,26.13,0.0,Email,CA,
ORD-008459,2024-01-30,CUST-02735,cust-02735@lumenmail.com,Lighting,6,54.01,0.05,Paid Search,US,control
ORD-009537,2024-07-12,CUST-01435,cust-01435@lumenmail.com,Lighting,1,39.21,0.15,Organic,US,
ORD-001409,2023-06-24,CUST-02522,cust-02522@lumenmail.com,Lighting,1,12.76,0.0,Email,AU,variant
ORD-003181,2024-01-29,CUST-00012,cust-00012@lumenmail.com,Outdoor,2,32.45,0.05,Paid Search,UK,variant
ORD-007341,2024-04-25,,guest@lumenmail.com,Furniture,1,45.33,0.2,Social,ZZ,
ORD-002113,2024-09-29,CUST-00975,cust-00975@lumenmail.com,Lighting,3,50.2,0.1,Social,AU,control
ORD-005660,2024-12-26,CUST-00497,cust-00497@lumenmail.com,Décor,1,200.69,0.0,Email,UK,control
ORD-004983,20/06/2023,CUST-01983,cust-01983@lumenmail.com,Furniture,4,92.24,0.0,Email,US,variant
ORD-002703,2024-07-29,CUST-02027,cust-02027@lumenmail.com,Décor,3,13.25,0.0,Paid Search,CA,variant
ORD-006575,30/09/2024,CUST-01873,cust-01873@lumenmail.com,Furniture,3,153.39,0.0,Email,US,
ORD-000424,2023-06-01,CUST-02172,cust-02172@lumenmail.com,Lighting,2,72.2,0.0,Email,US,
ORD-003071,2024-01-23,CUST-02840,cust-02840@lumenmail.com,Décor,2,94.67,0.0,Social,US,
ORD-000423,2024-10-07,CUST-02119,cust-02119@lumenmail.com,Lighting,2,85.11,0.0,Paid Search,CA,control
ORD-004498,2024-05-27,CUST-01233,cust-01233@lumenmail.com,Outdoor,1,187.03,0.1,Organic,US,variant
ORD-008930,2024-07-24,CUST-00628,cust-00628@lumenmail.com,Furniture,2,8.02,0.1,Paid Search,US,
ORD-002585,2024-07-07,CUST-02913,cust-02913@lumenmail.com,Furniture,1,92.85,0.05,Email,US,control
ORD-000479,2024-09-11,CUST-02943,cust-02943@lumenmail.com,Lighting,2,8.08,0.0,Organic,US,control
ORD-004612,2023-12-11,CUST-01265,cust-01265@lumenmail.com,Furniture,3,69.47,0.2,Paid Search,UK,
ORD-006887,2023-12-02,CUST-00042,cust-00042@lumenmail.com,Décor,2,26.84,0.0,Email,US,control
ORD-000870,01/07/2024,CUST-02402,cust-02402@lumenmail.com,Lighting,4,361.81,0.0,Paid Search,US,
ORD-005931,2024-07-21,CUST-01777,cust-01777@lumenmail.com,Lighting,1,200.81,0.25,Email,US,control
ORD-008433,2024-11-13,CUST-02055,cust-02055@lumenmail.com,Outdoor,3,27.1,0.15,Social,UK,
ORD-009240,18/11/2024,CUST-02599,cust-02599@lumenmail.com,Furniture,1,142.59,0.15,,US,
ORD-009445,29/02/2024,,guest@lumenmail.com,Lighting,7,67.14,0.0,Paid Search,CA,
ORD-004445,2024-09-06,CUST-00607,cust-00607@lumenmail.com,Furniture,1,5.43,0.15,Email,US,variant
ORD-004604,2023-09-22,CUST-01336,cust-01336@lumenmail.com,Furniture,1,13.9,0.1,Social,US,control
ORD-008616,02/06/2023,CUST-01198,cust-01198@lumenmail.com,Décor,1,125.38,0.0,Email,US,variant
ORD-001059,18/06/2024,CUST-01792,cust-01792@lumenmail.com,Furniture,2,69.24,0.0,Organic,US,control
ORD-008661,2024-02-14,CUST-02400,cust-02400@lumenmail.com,Accessories,5,41.31,0.0,Paid Search,US,variant
ORD-005475,2024-12-24,CUST-00187,cust-00187@lumenmail.com,Lighting,2,174.51,0.15,,US,variant
ORD-000366,2024-08-20,CUST-01060,cust-01060@lumenmail.com,Décor,1,151.4,0.0,Email,US,
ORD-004881,13/10/2024,CUST-00428,cust-00428@lumenmail.com,Outdoor,4,44.83,0.0,Organic,US,
ORD-003024,2024-09-09,CUST-02447,cust-02447@lumenmail.com,Furniture,1,67.11,0.1,Organic,US,
ORD-004070,2024-08-08,CUST-01135,cust-01135@lumenmail.com,Décor,4,135.86,0.0,Paid Search,CA,
ORD-005880,2023-12-13,CUST-01775,cust-01775@lumenmail.com,Lighting,1,121.33,0.1,Email,US,control
ORD-006100,2023-06-02,CUST-01659,cust-01659@lumenmail.com,Décor,1,17.02,0.0,Email,US,control
ORD-002949,2024-11-30,CUST-00362,cust-00362@lumenmail.com,Décor,2,98.12,0.05,Email,US,variant
ORD-008694,2024-09-02,CUST-00336,cust-00336@lumenmail.com,Lighting,1,87.59,0.0,Paid Search,US,variant
ORD-008556,2024-10-10,CUST-00576,cust-00576@lumenmail.com,Furniture,2,294.04,0.2,Email,US,variant
ORD-003204,2024-07-26,CUST-02919,cust-02919@lumenmail.com,Furniture,1,88.05,0.2,Paid Search,AU,
ORD-004749,15/11/2024,CUST-00427,cust-00427@lumenmail.com,Furniture,4,49.52,0.0,Paid Search,US,
ORD-008309,2024-10-18,CUST-00348,cust-00348@lumenmail.com,Furniture,1,66.77,0.15,Organic,CA,
ORD-004308,2024-04-29,CUST-01505,cust-01505@lumenmail.com,Lighting,2,46.44,0.1,Organic,UK,
ORD-006838,2024-04-01,,guest@lumenmail.com,Lighting,3,27.14,0.05,Organic,CA,variant
ORD-005622,2024-05-26,CUST-00793,cust-00793@lumenmail.com,Furniture,1,118.47,0.0,Organic,US,control
ORD-006201,2023-11-30,CUST-00121,cust-00121@lumenmail.com,Décor,1,38.89,0.0,Organic,US,variant
ORD-000022,2023-08-27,CUST-00756,cust-00756@lumenmail.com,Décor,1,66.96,0.1,Paid Search,US,
ORD-001897,2023-09-17,CUST-01874,cust-01874@lumenmail.com,Décor,1,150.51,0.0,Email,US,
ORD-006316,2023-08-12,CUST-01513,cust-01513@lumenmail.com,Furniture,1,14.32,0.1,Organic,US,variant
ORD-001376,2024-08-20,CUST-01028,cust-01028@lumenmail.com,Lighting,2,41.04,0.2,Organic,CA,control
ORD-005175,11/12/2023,CUST-01186,cust-01186@lumenmail.com,Furniture,3,67.93,0.25,Organic,US,variant
ORD-000223,2023-10-21,CUST-02982,cust-02982@lumenmail.com,Décor,3,81.67,0.0,Organic,CA,control
ORD-009317,2024-04-13,CUST-02010,cust-02010@lumenmail.com,Accessories,4,203.17,0.0,Email,US,control
ORD-001642,2024-09-15,CUST-01894,cust-01894@lumenmail.com,Lighting,2,41.84,0.0,Email,CA,control
ORD-004911,26/11/2023,CUST-00294,cust-00294@lumenmail.com,Furniture,2,31.76,0.05,Paid Search,UK,
ORD-006663,2024-06-28,CUST-02020,cust-02020@lumenmail.com,Décor,3,16.97,0.0,Organic,ZZ,
ORD-007630,07/08/2023,CUST-01741,cust-01741@lumenmail.com,Lighting,2,64.94,0.15,Paid Search,CA,
ORD-006478,2023-12-19,CUST-01706,cust-01706@lumenmail.com,Furniture,2,32.12,0.15,Email,US,
ORD-007452,2023-07-01,CUST-01731,cust-01731@lumenmail.com,Lighting,2,98.11,0.0,Paid Search,CA,variant
ORD-005059,2023-09-06,CUST-01541,cust-01541@lumenmail.com,Outdoor,1,0.0,0.05,Email,US,
ORD-002549,2024-04-04,CUST-00921,cust-00921@lumenmail.com,Lighting,2,81.62,0.1,Paid Search,US,control
ORD-003711,2023-11-22,CUST-02033,cust-02033@lumenmail.com,Décor,1,171.15,0.0,Social,AU,control
ORD-001365,07/03/2024,CUST-01993,cust-01993@lumenmail.com,Outdoor,1,48.29,0.05,Social,CA,
ORD-009458,2023-08-14,CUST-00943,cust-00943@lumenmail.com,Décor,1,128.92,0.0,Paid Search,US,control
ORD-000538,2023-10-24,CUST-00655,cust-00655@lumenmail.com,Lighting,4,7.46,0.0,Email,CA,control
ORD-002680,2023-07-23,CUST-00765,cust-00765@lumenmail.com,Décor,1,99.72,0.0,Email,UK,
ORD-008323,2024-03-04,CUST-00787,cust-00787@lumenmail.com,Décor,1,13.73,0.0,Email,US,control
ORD-006118,2024-02-15,CUST-02497,cust-02497@lumenmail.com,Décor,2,37.59,0.05,Paid Search,CA,
ORD-001318,2024-05-31,CUST-02834,cust-02834@lumenmail.com,Furniture,2,99.12,0.0,Paid Search,US,control
ORD-001190,16/09/2024,,guest@lumenmail.com,Outdoor,1,18.49,0.0,Email,UK,variant
ORD-005246,23/12/2023,CUST-01611,cust-01611@lumenmail.com,Outdoor,1,34.63,0.0,Organic,US,variant
ORD-004680,2023-07-21,CUST-01430,cust-01430@lumenmail.com,Lighting,2,23.85,0.05,Social,US,
ORD-002204,2024-06-02,CUST-00269,cust-00269@lumenmail.com,Lighting,1,10.78,0.05,Paid Search,US,control
ORD-009045,09/04/2024,CUST-01211,cust-01211@lumenmail.com,Lighting,1,26.06,0.0,Paid Search,US,control
ORD-001883,2024-07-24,CUST-02013,cust-02013@lumenmail.com,Lighting,4,6.13,0.25,Email,CA,
ORD-003932,2024-04-22,CUST-00588,cust-00588@lumenmail.com,Lighting,4,453.76,0.0,Paid Search,US,control
ORD-000001,2024-03-05,CUST-02079,cust-02079@lumenmail.com,Accessories,2,80.62,0.05,Organic,US,control
ORD-004166,2024-01-22,CUST-00097,cust-00097@lumenmail.com,Accessories,2,27.68,0.0,Social,US,variant
ORD-005664,2024-05-29,CUST-02286,cust-02286@lumenmail.com,Outdoor,1,20.94,0.05,Paid Search,US,control
ORD-007217,01/09/2024,CUST-02078,cust-02078@lumenmail.com,Furniture,1,129.89,0.1,Organic,US,variant
ORD-002694,2023-08-04,CUST-00942,cust-00942@lumenmail.com,Lighting,3,34.43,0.1,Email,AU,variant
ORD-005580,2023-12-11,CUST-00818,cust-00818@lumenmail.com,Lighting,2,187.68,0.0,Paid Search,US,
ORD-007424,18/03/2024,CUST-02564,cust-02564@lumenmail.com,Décor,1,602.17,0.0,Email,ZZ,control
ORD-007977,2024-01-01,CUST-01333,cust-01333@lumenmail.com,Décor,1,128.57,0.0,Paid Search,US,
ORD-008396,2024-11-12,CUST-00796,cust-00796@lumenmail.com,Lighting,2,25.92,0.1,Email,US,variant
ORD-006677,2024-09-07,CUST-01255,cust-01255@lumenmail.com,Lighting,1,170.71,0.05,Email,US,variant
ORD-000705,2024-11-23,CUST-01285,cust-01285@lumenmail.com,Accessories,1,126.54,0.2,Paid Search,US,
ORD-007110,2024-07-03,CUST-00178,cust-00178@lumenmail.com,Lighting,1,99.89,0.2,Paid Search,CA,variant
ORD-005097,26/08/2024,CUST-00157,cust-00157@lumenmail.com,Lighting,5,32.96,0.15,Organic,UK,
ORD-008845,2024-07-23,CUST-02560,cust-02560@lumenmail.com,Accessories,5,34.74,0.0,Paid Search,UK,
ORD-006694,2023-09-07,CUST-00524,cust-00524@lumenmail.com,Lighting,2,45.59,0.0,Paid Search,US,control
ORD-003081,26/12/2023,CUST-00701,cust-00701@lumenmail.com,Outdoor,3,38.9,0.0,Email,CA,
ORD-000730,2023-08-10,CUST-02397,cust-02397@lumenmail.com,Furniture,6,183.69,0.0,Social,US,
ORD-007083,2023-12-14,CUST-00945,cust-00945@lumenmail.com,Accessories,3,42.73,0.15,Email,CA,
ORD-002310,22/09/2023,CUST-00121,cust-00121@lumenmail.com,Décor,-2,83.65,0.05,Email,UK,
ORD-003446,08/11/2024,CUST-02898,cust-02898@lumenmail.com,Décor,1,311.23,0.0,Organic,US,
ORD-001844,2024-08-29,CUST-02155,cust-02155@lumenmail.com,Outdoor,2,104.66,0.1,Organic,CA,control
ORD-004514,2024-10-11,CUST-01075,cust-01075@lumenmail.com,Lighting,1,77.42,0.2,Organic,US,control
ORD-006061,2024-05-19,CUST-01008,cust-01008@lumenmail.com,Furniture,2,248.14,0.15,Paid Search,ZZ,
ORD-004086,2024-10-25,CUST-00859,cust-00859@lumenmail.com,Décor,1,734.91,0.05,Paid Search,US,
ORD-000197,2023-09-16,CUST-00195,cust-00195@lumenmail.com,Furniture,1,288.37,0.1,Paid Search,US,control
ORD-007665,2023-06-30,CUST-02582,cust-02582@lumenmail.com,Furniture,1,15.38,0.0,Paid Search,UK,variant
ORD-009449,19/04/2024,CUST-02679,cust-02679@lumenmail.com,Décor,6,32.5,0.05,,UK,variant
ORD-007215,2024-10-03,CUST-00899,cust-00899@lumenmail.com,Furniture,1,71.77,0.0,Organic,US,control
ORD-006258,2023-07-11,CUST-01847,cust-01847@lumenmail.com,Décor,1,47.48,0.0,Social,UK,
ORD-005796,2024-11-20,CUST-00160,cust-00160@lumenmail.com,Décor,1,35.76,0.25,Organic,US,
ORD-007885,2024-08-01,,guest@lumenmail.com,Décor,2,20.38,0.15,Email,CA,
ORD-001737,2024-05-16,CUST-01998,cust-01998@lumenmail.com,Furniture,1,374.83,0.15,Social,US,
ORD-006054,2024-05-20,CUST-00972,cust-00972@lumenmail.com,Lighting,-1,160.9,0.05,Email,US,
ORD-009576,2024-05-05,CUST-00242,cust-00242@lumenmail.com,Décor,4,54.34,0.0,Organic,US,variant
ORD-009529,2024-02-03,CUST-02559,cust-02559@lumenmail.com,Lighting,2,58.24,0.0,Social,US,control
ORD-006652,2023-07-12,CUST-01989,cust-01989@lumenmail.com,Lighting,2,271.82,0.0,Social,UK,control
ORD-003896,26/11/2024,CUST-02579,cust-02579@lumenmail.com,Lighting,1,110.9,0.2,Paid Search,US,variant
ORD-005286,2024-11-11,CUST-01979,cust-01979@lumenmail.com,Lighting,2,44.32,0.05,Email,US,
ORD-003074,2024-01-27,CUST-01593,cust-01593@lumenmail.com,Décor,6,32.76,0.1,Paid Search,US,
ORD-001283,2024-03-24,CUST-01041,cust-01041@lumenmail.com,Décor,2,11.0,0.0,Email,US,variant
ORD-006610,2024-07-27,,guest@lumenmail.com,Furniture,2,370.7,0.0,Social,US,variant
ORD-002436,29/01/2024,CUST-00896,cust-00896@lumenmail.com,Lighting,2,130.92,0.0,Social,CA,variant
ORD-003550,08/12/2023,CUST-02186,cust-02186@lumenmail.com,Lighting,1,46.89,0.1,Organic,US,variant
ORD-008348,27/04/2024,CUST-01182,cust-01182@lumenmail.com,Furniture,1,62.39,0.1,Social,US,control
ORD-007626,2024-12-18,CUST-01962,cust-01962@lumenmail.com,Lighting,2,394.08,0.1,Email,US,control
ORD-006958,2024-07-23,,guest@lumenmail.com,Furniture,1,429.12,0.0,Email,US,variant
ORD-006723,2023-07-15,CUST-02256,cust-02256@lumenmail.com,Furniture,2,39.04,0.05,Social,CA,
ORD-005420,28/09/2023,CUST-00051,cust-00051@lumenmail.com,Décor,2,85.22,0.05,Email,CA,
ORD-008838,2024-06-10,CUST-01036,cust-01036@lumenmail.com,Lighting,6,24.6,0.1,Social,US,
ORD-005807,2023-11-22,CUST-02639,cust-02639@lumenmail.com,Furniture,2,24.72,0.2,Paid Search,CA,variant
ORD-002107,2024-01-08,CUST-02634,cust-02634@lumenmail.com,Décor,2,91.72,0.0,Email,US,control
ORD-007057,2024-07-30,CUST-00208,cust-00208@lumenmail.com,Décor,2,101.89,0.15,Paid Search,US,control
ORD-003345,2023-07-02,CUST-00593,cust-00593@lumenmail.com,Furniture,1,54.17,0.15,Social,CA,control
ORD-008514,2024-03-04,CUST-01309,cust-01309@lumenmail.com,Lighting,1,24.72,0.0,Email,AU,
ORD-005768,2023-08-18,CUST-00031,cust-00031@lumenmail.com,Outdoor,4,462.71,0.2,Social,US,
ORD-005970,2023-09-18,CUST-02464,cust-02464@lumenmail.com,Accessories,1,162.68,0.1,Paid Search,US,variant
ORD-001804,2024-05-14,CUST-01835,cust-01835@lumenmail.com,Accessories,4,28.12,0.0,Email,US,control
ORD-008747,07/05/2024,CUST-02173,cust-02173@lumenmail.com,Accessories,1,69.5,0.1,Paid Search,AU,control
ORD-009159,2024-12-24,CUST-02853,cust-02853@lumenmail.com,Lighting,5,12.9,0.05,Paid Search,US,control
ORD-009421,2023-10-07,CUST-01895,cust-01895@lumenmail.com,Lighting,2,121.29,0.0,Paid Search,CA,
ORD-004219,2024-02-10,CUST-01692,cust-01692@lumenmail.com,Accessories,2,30.56,0.0,Organic,US,variant
ORD-000921,2023-11-27,CUST-00058,cust-00058@lumenmail.com,Lighting,2,239.24,0.0,Paid Search,CA,
ORD-001720,2023-11-22,CUST-00918,cust-00918@lumenmail.com,Décor,-3,58.63,0.15,Organic,US,variant
ORD-002494,2024-11-06,CUST-00491,cust-00491@lumenmail.com,Furniture,2,21.05,0.0,Paid Search,US,control
ORD-000714,2024-02-14,CUST-00602,cust-00602@lumenmail.com,Furniture,3,87.08,0.1,Paid Search,US,control
ORD-003726,10/07/2023,CUST-02950,cust-02950@lumenmail.com,Outdoor,3,395.23,0.15,Organic,US,control
ORD-001858,2024-08-09,CUST-01954,cust-01954@lumenmail.com,Lighting,1,47.36,0.0,,AU,variant
ORD-007809,2023-12-03,CUST-02503,cust-02503@lumenmail.com,Décor,1,104.67,0.0,Paid Search,CA,control
ORD-008538,2024-01-04,CUST-02209,cust-02209@lumenmail.com,Lighting,7,58.81,0.05,Social,US,control
ORD-001905,2023-10-17,CUST-01604,cust-01604@lumenmail.com,Furniture,1,51.93,0.05,Paid Search,US,control
ORD-006758,2024-06-28,,guest@lumenmail.com,Décor,1,161.85,0.0,Email,US,control
ORD-000330,2023-06-30,CUST-02126,cust-02126@lumenmail.com,Décor,1,34.17,0.0,Social,US,
ORD-004144,2023-12-05,CUST-01145,cust-01145@lumenmail.com,Lighting,2,55.93,0.0,Organic,US,
ORD-000675,26/03/2024,CUST-00747,cust-00747@lumenmail.com,Lighting,1,68.96,0.05,Email,CA,
ORD-000563,2024-01-04,CUST-01303,cust-01303@lumenmail.com,Outdoor,2,37.57,0.05,Email,US,control
ORD-003211,17/11/2023,CUST-02820,cust-02820@lumenmail.com,Lighting,-3,31.75,0.0,Email,UK,
ORD-002545,05/11/2024,CUST-01736,cust-01736@lumenmail.com,Lighting,1,28.73,0.25,Paid Search,US,
ORD-000642,2024-04-20,CUST-01361,cust-01361@lumenmail.com,Accessories,1,28.85,0.15,Social,US,control
ORD-003174,12/07/2024,,guest@lumenmail.com,Lighting,2,20.67,0.05,Social,CA,
ORD-008212,2024-11-19,CUST-00095,cust-00095@lumenmail.com,Outdoor,1,57.56,0.05,Email,US,
ORD-006540,2024-07-04,CUST-01142,cust-01142@lumenmail.com,Furniture,3,62.18,0.1,Paid Search,US,variant
ORD-000334,2024-01-14,,guest@lumenmail.com,Décor,1,197.75,0.15,Social,ZZ,variant
ORD-001774,,CUST-02115,cust-02115@lumenmail.com,Décor,2,24.35,0.15,Social,US,variant
ORD-004913,2024-01-11,CUST-00648,cust-00648@lumenmail.com,Lighting,2,22.25,0.0,Organic,CA,variant
ORD-004128,2023-08-31,CUST-01579,cust-01579@lumenmail.com,Furniture,1,13.8,0.05,Social,US,control
ORD-000741,2023-06-07,CUST-01584,cust-01584@lumenmail.com,Accessories,2,22.89,0.15,Email,US,
ORD-009138,2023-11-25,CUST-00232,cust-00232@lumenmail.com,Lighting,3,6.63,0.0,Email,CA,
ORD-000666,2023-11-18,CUST-02585,cust-02585@lumenmail.com,Décor,1,40.66,0.05,Email,CA,
ORD-000369,2024-03-18,CUST-02346,cust-02346@lumenmail.com,Lighting,2,21.05,0.25,Paid Search,US,
ORD-006772,2023-06-10,CUST-02352,cust-02352@lumenmail.com,Furniture,1,37.57,0.0,Organic,US,
ORD-002051,2024-09-21,CUST-00748,cust-00748@lumenmail.com,Furniture,1,48.5,0.0,Paid Search,US,control
ORD-004005,2023-07-08,CUST-02644,cust-02644@lumenmail.com,Lighting,2,58.43,0.0,Paid Search,UK,
ORD-008721,2023-10-29,CUST-00236,cust-00236@lumenmail.com,Furniture,1,225.97,0.25,Organic,US,variant
ORD-004370,2024-08-31,CUST-02235,cust-02235@lumenmail.com,Décor,1,140.8,0.0,Organic,US,variant
ORD-003462,13/03/2024,,guest@lumenmail.com,Outdoor,1,379.13,0.2,Email,US,control
ORD-000480,2024-07-23,CUST-02933,cust-02933@lumenmail.com,Furniture,2,133.24,0.0,Paid Search,US,variant
ORD-008884,19/08/2024,CUST-02238,cust-02238@lumenmail.com,Outdoor,2,767.3,0.0,Paid Search,US,control
ORD-006286,2024-04-09,CUST-02572,cust-02572@lumenmail.com,Furniture,3,141.61,0.05,Paid Search,US,
ORD-003650,17/12/2023,CUST-00941,cust-00941@lumenmail.com,Décor,1,18.0,0.2,Paid Search,US,variant
ORD-007577,2023-09-16,,guest@lumenmail.com,Furniture,5,104.75,0.0,Paid Search,US,
ORD-008644,2023-07-23,CUST-00431,cust-00431@lumenmail.com,Décor,2,700.89,0.0,Email,US,
ORD-002084,16/11/2023,CUST-00493,cust-00493@lumenmail.com,Accessories,2,172.97,0.0,Email,CA,control
ORD-005652,2024-08-24,CUST-00733,cust-00733@lumenmail.com,Accessories,3,7.47,0.05,Paid Search,AU,
ORD-000363,2024-11-05,CUST-01326,cust-01326@lumenmail.com,Outdoor,3,127.17,0.05,Social,UK,variant
ORD-004730,03/08/2023,CUST-00490,cust-00490@lumenmail.com,Lighting,1,11.91,0.05,Paid Search,US,
ORD-005474,2023-07-12,CUST-02097,cust-02097@lumenmail.com,Outdoor,1,99.45,0.0,Organic,US,
ORD-009161,2024-07-07,,guest@lumenmail.com,Décor,3,35.62,0.0,,US,
ORD-004868,2024-04-28,CUST-01162,cust-01162@lumenmail.com,Accessories,1,305.11,0.0,Organic,US,control
ORD-006194,2024-12-14,CUST-02610,cust-02610@lumenmail.com,Décor,4,31.89,0.2,Paid Search,US,
ORD-000372,2024-07-28,CUST-01190,cust-01190@lumenmail.com,Lighting,1,49.82,0.1,Paid Search,UK,variant
ORD-002934,2023-09-02,CUST-02151,cust-02151@lumenmail.com,Lighting,2,50.93,0.05,Organic,US,control
ORD-007138,2023-11-18,CUST-00115,cust-00115@lumenmail.com,Lighting,2,29.7,0.1,Email,US,variant
ORD-007590,2023-12-13,,guest@lumenmail.com,Décor,2,65.88,0.0,Social,US,variant
ORD-000644,2024-02-05,CUST-00193,cust-00193@lumenmail.com,Lighting,2,99.88,0.0,Paid Search,CA,variant
ORD-003662,2023-12-18,CUST-02861,cust-02861@lumenmail.com,Décor,4,28.01,0.2,Paid Search,US,
ORD-000786,2023-10-30,CUST-02820,cust-02820@lumenmail.com,Furniture,4,81.05,0.0,Organic,US,
ORD-005469,2024-01-04,CUST-00647,cust-00647@lumenmail.com,Furniture,-3,37.35,0.0,Email,AU,control
ORD-000025,2024-08-24,CUST-00222,cust-00222@lumenmail.com,Décor,2,162.43,0.0,Email,US,
ORD-000195,2024-09-17,CUST-01699,cust-01699@lumenmail.com,Lighting,2,9.76,0.0,Social,UK,variant
ORD-005605,02/01/2024,CUST-02636,cust-02636@lumenmail.com,Furniture,2,179.88,0.0,Email,US,
ORD-009328,2023-12-27,,guest@lumenmail.com,Lighting,1,57.82,0.05,Email,US,
ORD-009122,2024-01-28,CUST-02311,cust-02311@lumenmail.com,Lighting,1,270.53,0.1,Email,AU,
ORD-001930,2023-09-03,CUST-00453,cust-00453@lumenmail.com,Outdoor,1,37.03,0.0,Organic,US,variant
ORD-005185,2024-10-03,CUST-01521,cust-01521@lumenmail.com,Lighting,6,147.99,0.0,Email,US,variant
ORD-005369,2023-09-20,CUST-01167,cust-01167@lumenmail.com,Lighting,1,24.7,0.2,Social,ZZ,
ORD-004419,10/04/2024,CUST-01574,cust-01574@lumenmail.com,Lighting,1,12.43,0.0,Social,US,
ORD-007833,24/12/2024,CUST-01723,cust-01723@lumenmail.com,Lighting,1,238.78,0.0,Paid Search,AU,control
ORD-008455,2024-08-17,CUST-02506,cust-02506@lumenmail.com,Outdoor,3,314.2,0.0,Email,US,variant
ORD-006235,2024-11-25,CUST-02102,cust-02102@lumenmail.com,Décor,3,29.89,0.05,Social,US,
ORD-006053,2024-04-18,CUST-01351,cust-01351@lumenmail.com,Outdoor,1,20.02,0.0,Social,UK,
ORD-009058,2024-04-22,CUST-02784,cust-02784@lumenmail.com,Outdoor,1,343.04,0.0,Email,UK,variant
ORD-009340,15/02/2024,CUST-01078,cust-01078@lumenmail.com,Décor,1,20.46,0.0,Social,US,control
ORD-003885,2023-12-03,CUST-00466,cust-00466@lumenmail.com,Lighting,1,381.41,0.0,Organic,UK,control
ORD-004812,2024-11-15,CUST-01817,cust-01817@lumenmail.com,Décor,1,20.07,0.0,Organic,US,variant
ORD-006566,2024-10-14,CUST-00529,cust-00529@lumenmail.com,Lighting,3,622.25,0.1,Organic,CA,
ORD-005738,2023-10-09,,guest@lumenmail.com,Décor,2,360.92,0.0,Email,US,control
ORD-008274,2024-05-12,,guest@lumenmail.com,Décor,3,38.5,0.05,Paid Search,US,control
ORD-004186,20/02/2024,CUST-02553,cust-02553@lumenmail.com,Outdoor,2,88.18,0.05,Email,US,control
ORD-002217,2024-07-01,CUST-00138,cust-00138@lumenmail.com,Lighting,2,664.74,0.0,Paid Search,US,
ORD-004633,2024-08-10,CUST-01388,cust-01388@lumenmail.com,Accessories,2,131.16,0.15,Email,US,
ORD-004282,2024-03-12,CUST-01787,cust-01787@lumenmail.com,Furniture,-3,37.87,0.0,Social,US,variant
ORD-005341,2023-10-22,CUST-01530,cust-01530@lumenmail.com,Accessories,2,346.03,0.0,Email,US,
ORD-006499,29/10/2024,CUST-00726,cust-00726@lumenmail.com,Lighting,1,225.03,0.0,Organic,ZZ,variant
ORD-003111,2024-11-02,CUST-00701,cust-00701@lumenmail.com,Décor,2,7.57,0.2,Email,UK,variant
ORD-002711,2024-11-30,CUST-00346,cust-00346@lumenmail.com,Outdoor,1,181.61,0.15,Paid Search,US,control
ORD-001245,2024-02-11,CUST-01354,cust-01354@lumenmail.com,Lighting,3,160.74,0.05,Email,CA,control
ORD-007724,2023-08-08,CUST-01221,cust-01221@lumenmail.com,Décor,1,26.57,0.0,Email,US,control
ORD-002944,2024-08-10,CUST-00379,cust-00379@lumenmail.com,Accessories,6,51.13,0.05,Paid Search,US,
ORD-003568,2024-03-02,CUST-02086,cust-02086@lumenmail.com,Furniture,2,95.98,0.1,Paid Search,ZZ,variant
ORD-000855,2023-09-15,CUST-01620,cust-01620@lumenmail.com,Lighting,1,232.42,0.25,Paid Search,US,variant
ORD-000317,2024-08-15,CUST-01313,cust-01313@lumenmail.com,Furniture,2,396.52,0.15,Organic,CA,
ORD-006509,09/10/2023,CUST-00854,cust-00854@lumenmail.com,Accessories,1,376.57,0.1,Paid Search,US,
ORD-004032,2023-12-30,CUST-02588,cust-02588@lumenmail.com,Furniture,1,119.0,0.0,Paid Search,UK,control
ORD-004404,2024-12-03,CUST-01669,cust-01669@lumenmail.com,Décor,6,113.79,0.05,Email,US,variant
ORD-004342,2024-10-19,CUST-02498,cust-02498@lumenmail.com,Décor,1,84.03,0.0,Email,US,variant
ORD-001582,04/09/2024,CUST-01124,cust-01124@lumenmail.com,Accessories,1,131.46,0.05,Email,US,variant
ORD-008598,12/11/2023,CUST-01761,cust-01761@lumenmail.com,Décor,1,92.13,0.0,Paid Search,US,
ORD-009356,2024-06-25,CUST-02467,cust-02467@lumenmail.com,Furniture,1,54.75,0.1,Organic,US,control
ORD-009109,2023-06-24,CUST-01205,cust-01205@lumenmail.com,Décor,4,47.26,0.0,Paid Search,US,variant
ORD-003965,06/02/2024,CUST-00867,cust-00867@lumenmail.com,Décor,5,46.86,0.1,Organic,CA,
ORD-009318,2023-09-01,CUST-02151,cust-02151@lumenmail.com,Furniture,1,69.42,0.0,,UK,variant
ORD-001840,07/12/2023,CUST-00166,cust-00166@lumenmail.com,Lighting,3,76.75,0.05,Social,ZZ,
ORD-003637,2023-06-05,CUST-00238,cust-00238@lumenmail.com,Lighting,5,17.83,0.1,Paid Search,CA,
ORD-008959,2024-07-20,CUST-02656,cust-02656@lumenmail.com,Décor,1,82.05,0.15,Email,US,variant
ORD-006722,14/05/2024,,guest@lumenmail.com,Décor,1,36.38,0.0,Email,US,control
ORD-003521,03/05/2024,CUST-01730,cust-01730@lumenmail.com,Furniture,3,89.69,0.05,Paid Search,US,control
ORD-005196,,CUST-02881,cust-02881@lumenmail.com,Décor,-2,39.63,0.0,Social,US,control
ORD-008553,2024-06-24,CUST-01584,cust-01584@lumenmail.com,Lighting,2,377.27,0.0,Paid Search,AU,
ORD-006636,2024-10-16,CUST-02169,cust-02169@lumenmail.com,Décor,1,572.22,0.1,Email,US,control
ORD-008540,11/01/2024,CUST-00687,cust-00687@lumenmail.com,Outdoor,1,184.24,0.0,Paid Search,US,
ORD-003681,2023-12-19,CUST-01593,cust-01593@lumenmail.com,Décor,1,114.77,0.0,Email,US,control
ORD-002578,2024-04-22,CUST-02246,cust-02246@lumenmail.com,Outdoor,1,13.35,0.0,Paid Search,US,
ORD-004083,2023-12-05,CUST-01478,cust-01478@lumenmail.com,Lighting,1,49.69,0.0,Organic,US,control
ORD-004544,2024-10-04,CUST-01623,cust-01623@lumenmail.com,Décor,1,40.25,0.15,Paid Search,ZZ,
ORD-008404,2024-07-02,CUST-02380,cust-02380@lumenmail.com,Décor,2,162.07,0.0,Social,CA,variant
ORD-008515,2024-03-28,CUST-01505,cust-01505@lumenmail.com,Lighting,1,47.3,0.0,Email,US,variant
ORD-009200,2023-08-30,CUST-01249,cust-01249@lumenmail.com,Furniture,1,707.99,0.0,Social,US,control
ORD-002254,27/07/2024,CUST-02855,cust-02855@lumenmail.com,Furniture,1,29.88,0.15,Email,UK,variant
ORD-004914,04/08/2023,CUST-01016,cust-01016@lumenmail.com,Décor,-1,21.54,0.0,Organic,CA,
ORD-004980,2024-07-01,CUST-01203,cust-01203@lumenmail.com,Furniture,1,12.31,0.0,Organic,CA,
ORD-007938,24/04/2024,CUST-02703,cust-02703@lumenmail.com,Décor,2,415.87,0.15,Email,US,
ORD-005839,2024-09-13,CUST-01130,cust-01130@lumenmail.com,Décor,2,41.08,0.05,Email,US,
ORD-004975,2024-02-29,CUST-00808,cust-00808@lumenmail.com,Accessories,1,11.69,0.05,Paid Search,US,control
ORD-000196,2023-12-02,CUST-01495,cust-01495@lumenmail.com,Décor,1,148.68,0.0,Organic,US,control
ORD-001194,2023-11-22,CUST-02721,cust-02721@lumenmail.com,Lighting,7,343.44,0.05,Email,US,
ORD-005827,2024-08-10,CUST-01886,cust-01886@lumenmail.com,Accessories,1,303.35,0.2,Email,US,control
ORD-005795,2023-11-11,CUST-00764,cust-00764@lumenmail.com,Décor,2,46.3,0.0,Social,US,
ORD-004437,2023-11-17,CUST-00654,cust-00654@lumenmail.com,Furniture,3,50.23,0.05,Paid Search,US,control
ORD-008648,2024-04-01,CUST-00121,cust-00121@lumenmail.com,Accessories,2,38.09,0.1,Social,US,
ORD-001605,16/12/2023,CUST-01937,cust-01937@lumenmail.com,Outdoor,4,190.72,0.0,Email,UK,
ORD-004635,2024-07-10,,guest@lumenmail.com,Lighting,3,38.65,0.05,Paid Search,CA,
ORD-008622,2023-09-22,CUST-00299,cust-00299@lumenmail.com,Lighting,3,9.69,0.0,Social,UK,variant
ORD-000719,2023-10-24,CUST-01363,cust-01363@lumenmail.com,Lighting,-1,22.56,0.1,Social,US,
ORD-007463,03/01/2024,CUST-02273,cust-02273@lumenmail.com,Furniture,4,25.65,0.05,Organic,US,
ORD-004408,2024-10-27,CUST-01730,cust-01730@lumenmail.com,Accessories,2,36.09,0.1,Organic,UK,variant
ORD-004774,2024-06-24,CUST-01045,cust-01045@lumenmail.com,Décor,6,167.45,0.1,Paid Search,UK,control
ORD-008386,07/09/2024,CUST-02165,cust-02165@lumenmail.com,Décor,1,16.48,0.1,Social,US,variant
ORD-001721,2024-05-25,CUST-00614,cust-00614@lumenmail.com,Furniture,1,11.89,0.0,Email,US,
ORD-003586,2024-06-20,CUST-02436,cust-02436@lumenmail.com,Furniture,1,655.92,0.0,Paid Search,UK,variant
ORD-003966,2023-09-15,,guest@lumenmail.com,Accessories,1,238.11,0.1,Paid Search,AU,
ORD-000253,12/03/2024,CUST-00267,cust-00267@lumenmail.com,Lighting,3,89.76,0.0,Email,US,
ORD-009174,31/10/2024,CUST-00284,cust-00284@lumenmail.com,Furniture,2,114.02,0.05,Email,US,variant
ORD-002498,2023-11-26,CUST-02322,cust-02322@lumenmail.com,Décor,7,34.12,0.0,Social,US,control
ORD-002660,2024-04-16,CUST-02185,cust-02185@lumenmail.com,Outdoor,1,385.3,0.0,Paid Search,UK,variant
ORD-008919,2024-07-27,CUST-02971,cust-02971@lumenmail.com,Décor,1,39.72,0.2,Paid Search,US,
ORD-006613,2024-04-08,CUST-02656,cust-02656@lumenmail.com,Furniture,3,128.71,0.05,,CA,
ORD-004558,2023-12-13,CUST-01604,cust-01604@lumenmail.com,Décor,5,186.82,0.0,Paid Search,US,variant
ORD-004209,15/06/2023,CUST-00207,cust-00207@lumenmail.com,Décor,2,30.41,0.0,Organic,US,variant
ORD-002942,2024-12-07,CUST-00349,cust-00349@lumenmail.com,Outdoor,1,42.49,0.1,Email,UK,control
ORD-009089,2024-04-21,CUST-00340,cust-00340@lumenmail.com,Outdoor,4,433.78,0.15,Paid Search,US,
ORD-002907,2024-07-17,CUST-02208,cust-02208@lumenmail.com,Décor,1,10.87,0.05,Social,CA,
ORD-002157,2024-12-23,CUST-02926,cust-02926@lumenmail.com,Décor,3,80.29,0.05,Paid Search,UK,variant
ORD-003488,2024-10-10,CUST-01674,cust-01674@lumenmail.com,Lighting,1,12.31,0.05,Paid Search,US,
ORD-004831,2024-02-19,CUST-01737,cust-01737@lumenmail.com,Décor,1,27.2,0.05,Paid Search,AU,control
ORD-000099,2024-11-15,CUST-02926,cust-02926@lumenmail.com,Accessories,2,46.35,0.0,Email,US,control
ORD-007282,28/09/2023,CUST-00801,cust-00801@lumenmail.com,Décor,1,94.86,0.1,Email,US,
ORD-001410,2024-02-03,CUST-01775,cust-01775@lumenmail.com,Décor,1,302.54,0.05,Organic,US,control
ORD-005402,2024-06-09,CUST-00661,cust-00661@lumenmail.com,Furniture,1,729.18,0.2,Paid Search,UK,control
ORD-000139,2023-09-20,CUST-01414,cust-01414@lumenmail.com,Lighting,1,532.44,0.0,Organic,CA,variant
ORD-003319,20/04/2024,CUST-02018,cust-02018@lumenmail.com,Accessories,4,233.73,0.2,Email,CA,
ORD-006891,2024-12-27,CUST-00724,cust-00724@lumenmail.com,Lighting,1,20.7,0.15,Email,US,
ORD-005235,2023-07-28,CUST-00418,cust-00418@lumenmail.com,Outdoor,1,77.75,0.1,Organic,CA,variant
ORD-008903,2023-12-15,CUST-00788,cust-00788@lumenmail.com,Lighting,1,76.6,0.15,Social,CA,variant
ORD-004961,2023-12-22,CUST-02694,cust-02694@lumenmail.com,Lighting,1,52.48,0.2,Email,US,control
ORD-005803,2024-12-16,CUST-01346,cust-01346@lumenmail.com,Furniture,2,261.44,0.15,Email,US,
ORD-006492,2023-12-26,CUST-02775,cust-02775@lumenmail.com,Décor,1,143.12,0.0,Organic,US,
ORD-003548,2023-10-03,CUST-00699,cust-00699@lumenmail.com,Outdoor,3,70.64,0.05,Email,US,variant
ORD-009121,2024-11-13,CUST-02399,cust-02399@lumenmail.com,Lighting,1,46.36,0.0,Organic,US,
ORD-006883,2024-10-02,CUST-00435,cust-00435@lumenmail.com,Lighting,3,0.0,0.25,,US,
ORD-001594,2024-07-11,CUST-01999,cust-01999@lumenmail.com,Lighting,1,56.17,0.05,Social,US,
ORD-000940,2023-07-29,CUST-02976,cust-02976@lumenmail.com,Décor,1,599.05,0.05,Organic,US,control
ORD-003997,04/03/2024,CUST-00083,cust-00083@lumenmail.com,Lighting,1,99.88,0.0,,US,variant
ORD-001655,2024-07-09,CUST-00589,cust-00589@lumenmail.com,Décor,4,676.42,0.0,Paid Search,US,variant
ORD-006796,2024-01-20,CUST-02216,cust-02216@lumenmail.com,Accessories,7,55.05,0.05,Organic,CA,control
ORD-003476,18/08/2024,CUST-00936,cust-00936@lumenmail.com,Décor,4,93.91,0.0,Email,US,control
ORD-009456,04/07/2024,CUST-02775,cust-02775@lumenmail.com,Décor,1,11.17,0.05,Organic,AU,control
ORD-003577,2024-09-26,CUST-01684,cust-01684@lumenmail.com,Décor,5,25.91,0.0,Paid Search,US,
ORD-006277,2024-04-13,,guest@lumenmail.com,Lighting,1,18.62,0.15,Social,US,control
ORD-006630,2023-09-18,CUST-00882,cust-00882@lumenmail.com,Outdoor,2,27.55,0.1,Paid Search,US,control
ORD-003740,2024-05-24,CUST-01097,cust-01097@lumenmail.com,Décor,2,73.36,0.05,Organic,US,
ORD-002651,2024-02-26,CUST-02054,cust-02054@lumenmail.com,Outdoor,2,342.4,0.0,Paid Search,US,variant
ORD-004234,2023-11-30,CUST-00812,cust-00812@lumenmail.com,Lighting,2,178.12,0.05,Email,US,control
ORD-000430,2023-10-09,CUST-02698,cust-02698@lumenmail.com,Furniture,1,54.2,0.1,Paid Search,CA,
ORD-008524,2024-03-30,CUST-00650,cust-00650@lumenmail.com,Lighting,1,34.08,0.1,Paid Search,US,control
ORD-007527,2024-03-20,CUST-01350,cust-01350@lumenmail.com,Décor,1,75.57,0.05,Paid Search,UK,
ORD-002917,28/02/2024,CUST-01363,cust-01363@lumenmail.com,Lighting,1,70.2,0.0,Email,UK,variant
ORD-003732,2024-02-19,CUST-02723,cust-02723@lumenmail.com,Décor,1,29.24,0.0,Paid Search,US,
ORD-007277,2023-07-31,CUST-02970,cust-02970@lumenmail.com,Lighting,1,34.91,0.15,Email,US,control
ORD-005788,2023-06-15,CUST-00318,cust-00318@lumenmail.com,Furniture,-1,759.24,0.0,Social,US,control
ORD-003679,2024-04-23,CUST-00735,cust-00735@lumenmail.com,Lighting,1,192.82,0.0,Email,US,
ORD-008056,12/01/2024,CUST-00630,cust-00630@lumenmail.com,Lighting,2,35.51,0.0,Social,UK,control
ORD-008545,2024-08-07,CUST-02919,cust-02919@lumenmail.com,Accessories,3,7.7,0.0,Email,US,variant
ORD-005836,05/06/2024,,guest@lumenmail.com,Lighting,1,563.53,0.0,Organic,US,
ORD-009541,2023-12-15,CUST-01323,cust-01323@lumenmail.com,Lighting,2,99.16,0.0,Email,US,
ORD-005203,2024-10-12,CUST-02679,cust-02679@lumenmail.com,Décor,1,43.46,0.0,Paid Search,US,control
ORD-001616,11/04/2024,,guest@lumenmail.com,Lighting,1,132.3,0.0,Paid Search,US,
ORD-008064,2023-10-02,CUST-01900,cust-01900@lumenmail.com,Lighting,1,118.88,0.05,Social,US,
ORD-002016,2024-02-14,CUST-01998,cust-01998@lumenmail.com,Furniture,6,148.59,0.0,Paid Search,US,variant
ORD-003490,2023-08-31,CUST-00392,cust-00392@lumenmail.com,Décor,4,638.97,0.05,Social,CA,
ORD-007739,2024-05-07,CUST-00727,cust-00727@lumenmail.com,Furniture,1,162.9,0.05,Paid Search,AU,variant
ORD-007583,2024-03-18,CUST-00160,cust-00160@lumenmail.com,Décor,2,13.73,0.1,Organic,US,control
ORD-003017,2024-10-17,CUST-00473,cust-00473@lumenmail.com,Lighting,1,61.26,0.1,Organic,US,
ORD-002068,2024-01-19,CUST-00774,cust-00774@lumenmail.com,Outdoor,1,53.77,0.05,,US,variant
ORD-005197,2024-05-25,,guest@lumenmail.com,Décor,4,318.87,0.15,Paid Search,US,control
ORD-003716,2024-03-20,,guest@lumenmail.com,Lighting,4,35.98,0.1,Social,US,control
ORD-007945,2024-07-18,CUST-01980,cust-01980@lumenmail.com,Accessories,2,150.44,0.0,Paid Search,UK,variant
ORD-004936,2023-12-29,CUST-02472,cust-02472@lumenmail.com,Lighting,1,157.85,0.0,Organic,CA,control
ORD-009183,2024-08-28,CUST-01194,cust-01194@lumenmail.com,Accessories,3,537.13,0.1,Paid Search,US,control
ORD-006412,2024-10-28,CUST-01707,cust-01707@lumenmail.com,Lighting,1,181.09,0.0,Paid Search,CA,
ORD-004477,2023-12-01,CUST-00913,cust-00913@lumenmail.com,Furniture,2,23.22,0.0,Email,UK,variant
ORD-001758,2024-06-04,CUST-00518,cust-00518@lumenmail.com,Furniture,2,59.68,0.0,Organic,CA,control
ORD-006812,2023-07-26,,guest@lumenmail.com,Outdoor,5,51.62,0.2,Email,ZZ,variant
ORD-004532,2023-08-13,CUST-02142,cust-02142@lumenmail.com,Décor,1,14.93,0.1,Organic,US,control
ORD-009302,2023-11-27,CUST-01165,cust-01165@lumenmail.com,Outdoor,1,25.95,0.0,Paid Search,UK,control
ORD-003080,2024-02-17,CUST-02949,cust-02949@lumenmail.com,Décor,2,97.91,0.0,Email,US,
ORD-005525,2024-08-20,CUST-00346,cust-00346@lumenmail.com,Lighting,2,25.53,0.15,Paid Search,AU,control
ORD-002602,2024-05-07,CUST-01396,cust-01396@lumenmail.com,Lighting,1,39.13,0.1,Organic,US,control
ORD-001171,2024-02-15,CUST-02094,cust-02094@lumenmail.com,Furniture,1,32.99,0.0,Social,US,variant
ORD-001759,2023-07-18,CUST-02305,cust-02305@lumenmail.com,Décor,3,40.37,0.1,Email,UK,variant
ORD-003221,2024-01-21,CUST-00070,cust-00070@lumenmail.com,Lighting,1,67.72,0.2,Social,US,variant
ORD-005282,2023-12-17,CUST-00064,cust-00064@lumenmail.com,Décor,1,5.17,0.15,Paid Search,US,variant
ORD-009516,17/05/2024,CUST-00281,cust-00281@lumenmail.com,Lighting,1,5.27,0.05,Social,US,
ORD-005999,2024-05-10,,guest@lumenmail.com,Outdoor,2,112.76,0.0,Paid Search,UK,control
ORD-002376,2023-10-14,CUST-01695,cust-01695@lumenmail.com,Lighting,3,63.18,0.05,Email,US,
ORD-001493,16/09/2024,CUST-02793,cust-02793@lumenmail.com,Accessories,2,91.25,0.15,Organic,US,
ORD-000414,2024-05-19,CUST-02556,cust-02556@lumenmail.com,Outdoor,1,365.99,0.25,Email,US,
ORD-008407,2024-04-13,CUST-01420,cust-01420@lumenmail.com,Lighting,4,176.46,0.15,Paid Search,AU,variant
ORD-008527,2023-11-15,CUST-00509,cust-00509@lumenmail.com,Lighting,1,6.13,0.0,Organic,CA,
ORD-005828,2024-11-20,CUST-02376,cust-02376@lumenmail.com,Décor,2,27.98,0.15,Paid Search,US,control
ORD-009490,2024-10-17,,guest@lumenmail.com,Lighting,2,20.19,0.0,Paid Search,US,variant
ORD-007022,2024-03-06,CUST-00159,cust-00159@lumenmail.com,Furniture,1,23.56,0.0,Email,US,control
ORD-004740,02/10/2023,CUST-02126,cust-02126@lumenmail.com,Décor,1,285.37,0.0,Email,US,control
ORD-008245,09/04/2024,CUST-01682,cust-01682@lumenmail.com,Outdoor,1,66.03,0.1,Organic,US,
ORD-008520,2023-07-11,CUST-02706,cust-02706@lumenmail.com,Décor,2,419.62,0.1,Social,CA,control
ORD-003951,2024-01-13,CUST-00655,cust-00655@lumenmail.com,Outdoor,2,14.44,0.0,Paid Search,UK,control
ORD-001700,2024-05-11,CUST-00539,cust-00539@lumenmail.com,Accessories,1,13.56,0.05,Social,US,
ORD-002674,2023-07-20,CUST-02188,cust-02188@lumenmail.com,Lighting,-1,86.9,0.05,Organic,CA,control
ORD-003266,2024-08-08,CUST-00739,cust-00739@lumenmail.com,Lighting,1,27.64,0.15,Paid Search,US,variant
ORD-008110,2024-08-12,CUST-01639,cust-01639@lumenmail.com,Furniture,1,80.17,0.05,Email,UK,
ORD-008280,2024-09-26,CUST-00391,cust-00391@lumenmail.com,Lighting,3,131.97,0.0,Paid Search,ZZ,
ORD-004351,2023-11-13,CUST-00867,cust-00867@lumenmail.com,Furniture,1,99.69,0.0,Email,US,
ORD-000311,02/11/2023,CUST-02091,cust-02091@lumenmail.com,Furniture,1,186.41,0.05,Organic,CA,control
ORD-008486,2024-03-06,,guest@lumenmail.com,Décor,2,28.01,0.0,Organic,ZZ,control
ORD-006678,2024-01-26,CUST-02087,cust-02087@lumenmail.com,Lighting,2,161.38,0.0,Email,US,control
ORD-002612,2023-12-23,CUST-01201,cust-01201@lumenmail.com,Lighting,1,143.73,0.1,Paid Search,CA,control
ORD-004554,2023-09-01,CUST-02631,cust-02631@lumenmail.com,Furniture,1,34.78,0.05,Email,US,
ORD-004643,2023-10-07,CUST-02171,cust-02171@lumenmail.com,Outdoor,1,184.09,0.1,Email,US,
ORD-004610,2023-10-07,CUST-00706,cust-00706@lumenmail.com,Outdoor,3,177.86,0.0,,US,control
ORD-008881,2024-06-23,CUST-02290,cust-02290@lumenmail.com,Furniture,1,104.06,0.05,Paid Search,US,
ORD-003812,2024-08-06,CUST-00962,cust-00962@lumenmail.com,Outdoor,1,56.17,0.15,Paid Search,CA,variant
ORD-001047,2024-02-25,CUST-01130,cust-01130@lumenmail.com,Décor,1,397.49,0.1,Email,CA,control
ORD-007339,2024-10-27,CUST-00195,cust-00195@lumenmail.com,Furniture,1,48.56,0.0,Email,UK,control
ORD-000727,2024-06-24,CUST-00521,cust-00521@lumenmail.com,Outdoor,4,212.19,0.1,Email,US,variant
ORD-001129,2024-02-16,CUST-00406,cust-00406@lumenmail.com,Décor,1,19.08,0.15,Organic,UK,control
ORD-002548,2024-11-26,CUST-01769,cust-01769@lumenmail.com,Furniture,2,24.75,0.1,Paid Search,ZZ,
ORD-005564,2024-11-07,CUST-00110,cust-00110@lumenmail.com,Accessories,4,26.81,0.1,Email,CA,control
ORD-007495,2024-07-04,,guest@lumenmail.com,Décor,2,55.72,0.1,Paid Search,US,control
ORD-009460,2024-03-21,CUST-00272,cust-00272@lumenmail.com,Outdoor,1,26.66,0.0,Paid Search,US,
ORD-006058,2023-06-24,CUST-00030,cust-00030@lumenmail.com,Outdoor,2,62.02,0.0,Social,AU,
ORD-001422,2024-12-07,CUST-02795,cust-02795@lumenmail.com,Furniture,1,188.91,0.0,Paid Search,UK,control
ORD-005542,2023-06-21,CUST-01895,cust-01895@lumenmail.com,Lighting,1,157.36,0.05,Paid Search,US,variant
ORD-002221,2024-12-02,CUST-00922,cust-00922@lumenmail.com,Outdoor,4,31.45,0.1,Paid Search,US,
ORD-005910,2024-03-14,CUST-01875,cust-01875@lumenmail.com,Décor,3,0.0,0.0,Social,US,variant
ORD-005969,2024-12-30,CUST-01372,cust-01372@lumenmail.com,Furniture,1,83.59,0.1,Paid Search,US,
ORD-008578,2024-09-19,CUST-00228,cust-00228@lumenmail.com,Accessories,1,108.21,0.0,Paid Search,UK,variant
ORD-005349,2023-08-20,CUST-00592,cust-00592@lumenmail.com,Lighting,2,789.26,0.1,Organic,US,control
ORD-008988,2023-10-04,CUST-01603,cust-01603@lumenmail.com,Lighting,1,10.03,0.05,Paid Search,US,control
ORD-002270,2024-05-07,CUST-00715,cust-00715@lumenmail.com,Lighting,3,23.06,0.15,Paid Search,US,
ORD-000683,2024-10-27,CUST-00342,cust-00342@lumenmail.com,Lighting,4,98.21,0.0,Organic,US,
ORD-002505,28/11/2023,CUST-01443,cust-01443@lumenmail.com,Décor,2,172.52,0.0,Paid Search,CA,control
ORD-006531,2023-07-14,CUST-02735,cust-02735@lumenmail.com,Lighting,1,196.17,0.1,Paid Search,US,variant
ORD-003169,2024-11-18,CUST-00747,cust-00747@lumenmail.com,Lighting,1,102.21,0.0,Email,UK,variant
ORD-002090,12/02/2024,CUST-00327,cust-00327@lumenmail.com,Accessories,1,57.89,0.25,Paid Search,US,
ORD-002000,2023-08-01,CUST-01662,cust-01662@lumenmail.com,Décor,1,96.75,0.05,Paid Search,CA,variant
ORD-001587,2024-06-20,,guest@lumenmail.com,Outdoor,5,171.88,0.15,Social,CA,variant
ORD-003852,2024-01-28,CUST-02047,cust-02047@lumenmail.com,Accessories,3,93.96,0.1,Paid Search,US,control
ORD-001571,2024-01-05,CUST-01527,cust-01527@lumenmail.com,Furniture,3,71.07,0.0,Email,UK,variant
ORD-009201,2023-09-10,CUST-00777,cust-00777@lumenmail.com,Lighting,2,287.62,0.0,Organic,US,control
ORD-005630,2024-02-17,CUST-00711,cust-00711@lumenmail.com,Décor,1,52.66,0.05,Paid Search,US,control
ORD-004756,2024-03-22,CUST-01238,cust-01238@lumenmail.com,Lighting,2,48.85,0.15,Social,US,
ORD-009213,2024-05-30,CUST-01024,cust-01024@lumenmail.com,Furniture,1,8.2,0.05,Social,US,
ORD-008886,2024-03-01,CUST-02046,cust-02046@lumenmail.com,Furniture,5,76.82,0.05,Paid Search,US,
ORD-002174,,CUST-01760,cust-01760@lumenmail.com,Décor,1,129.35,0.05,Organic,US,variant
ORD-003198,22/01/2024,CUST-00717,cust-00717@lumenmail.com,Outdoor,1,86.57,0.0,Social,US,control
ORD-006342,2024-11-26,CUST-02406,cust-02406@lumenmail.com,Furniture,4,15.4,0.0,Paid Search,UK,control
ORD-008156,2023-09-09,CUST-02202,cust-02202@lumenmail.com,Lighting,4,0.0,0.1,Paid Search,AU,
ORD-006765,2024-03-29,,guest@lumenmail.com,Lighting,1,185.1,0.0,Organic,AU,
ORD-002967,2024-11-17,CUST-02185,cust-02185@lumenmail.com,Lighting,2,24.08,0.0,Paid Search,US,
ORD-004714,2023-11-12,CUST-01923,cust-01923@lumenmail.com,Décor,1,42.26,0.0,Email,CA,
ORD-006825,2023-10-27,CUST-00541,cust-00541@lumenmail.com,Lighting,1,136.51,0.0,Email,UK,
ORD-000844,2024-10-18,CUST-02156,cust-02156@lumenmail.com,Décor,1,38.64,0.05,Organic,US,
ORD-001836,2024-02-27,CUST-01497,cust-01497@lumenmail.com,Lighting,1,11.86,0.1,Organic,US,
ORD-006872,2024-06-05,CUST-01041,cust-01041@lumenmail.com,Lighting,2,71.29,0.0,Paid Search,US,variant
ORD-009335,2023-09-20,CUST-02131,cust-02131@lumenmail.com,Lighting,1,12.82,0.0,Organic,UK,
ORD-006603,2024-08-10,,guest@lumenmail.com,Lighting,3,127.75,0.0,Organic,US,
ORD-003841,2024-08-06,CUST-00361,cust-00361@lumenmail.com,Décor,1,60.92,0.15,Email,US,
ORD-004208,2024-05-17,CUST-00771,cust-00771@lumenmail.com,Accessories,2,194.56,0.0,Organic,US,variant
ORD-006092,15/10/2023,CUST-00725,cust-00725@lumenmail.com,Lighting,2,141.61,0.2,Email,US,control
ORD-000794,2024-01-22,CUST-01780,cust-01780@lumenmail.com,Lighting,1,9.05,0.1,Email,US,variant
ORD-003565,2023-06-19,CUST-01894,cust-01894@lumenmail.com,Lighting,2,6.53,0.15,Social,US,
ORD-002770,2023-12-17,CUST-02648,cust-02648@lumenmail.com,Lighting,2,38.6,0.0,Organic,CA,control
ORD-000938,03/11/2024,,guest@lumenmail.com,Lighting,7,41.73,0.1,Paid Search,US,variant
ORD-008032,2024-08-27,CUST-00147,cust-00147@lumenmail.com,Décor,1,44.58,0.0,Email,CA,control
ORD-008832,2024-02-23,CUST-00411,cust-00411@lumenmail.com,Outdoor,5,20.05,0.0,,US,
ORD-006975,2023-07-26,CUST-00487,cust-00487@lumenmail.com,Décor,1,139.12,0.0,Paid Search,UK,
ORD-002738,2024-07-13,CUST-01819,cust-01819@lumenmail.com,Lighting,1,721.19,0.1,Paid Search,UK,variant
ORD-008555,2024-09-10,CUST-01994,cust-01994@lumenmail.com,Lighting,2,76.06,0.05,Email,UK,control
ORD-000754,2023-10-08,,guest@lumenmail.com,Accessories,2,293.92,0.0,Email,US,
ORD-008092,2023-08-23,CUST-01939,cust-01939@lumenmail.com,Accessories,1,0.0,0.05,Email,ZZ,control
ORD-006476,2023-10-14,CUST-02378,cust-02378@lumenmail.com,Furniture,1,34.43,0.0,Email,CA,variant
ORD-002911,2024-03-13,,guest@lumenmail.com,Décor,1,28.83,0.05,Paid Search,US,
ORD-005957,2023-10-28,CUST-01794,cust-01794@lumenmail.com,Outdoor,5,6.21,0.15,Paid Search,US,
ORD-006291,2023-08-17,CUST-01412,cust-01412@lumenmail.com,Lighting,2,86.6,0.0,Paid Search,AU,variant
ORD-004149,2023-12-15,CUST-00706,cust-00706@lumenmail.com,Furniture,4,28.84,0.0,Social,CA,variant
ORD-007175,2024-05-22,CUST-02349,cust-02349@lumenmail.com,Furniture,3,16.97,0.1,Organic,CA,
ORD-002622,2024-08-19,CUST-00908,cust-00908@lumenmail.com,Outdoor,1,9.7,0.0,Social,CA,control
ORD-002433,2024-11-24,CUST-02278,cust-02278@lumenmail.com,Décor,-3,54.46,0.15,,US,variant
ORD-005104,2024-05-01,CUST-02274,cust-02274@lumenmail.com,Lighting,1,88.15,0.25,Email,CA,control
ORD-001287,2023-07-06,CUST-00324,cust-00324@lumenmail.com,Furniture,3,30.71,0.15,,US,
ORD-001573,2023-08-13,,guest@lumenmail.com,Furniture,3,310.57,0.2,,CA,
ORD-008030,2024-05-14,CUST-00154,cust-00154@lumenmail.com,Lighting,7,17.75,0.0,Email,CA,variant
ORD-003225,2024-05-30,CUST-00658,cust-00658@lumenmail.com,Furniture,2,53.46,0.0,Email,AU,
ORD-000243,2023-08-21,CUST-01185,cust-01185@lumenmail.com,Lighting,2,41.57,0.05,Organic,US,variant
ORD-005254,2023-09-11,CUST-02626,cust-02626@lumenmail.com,Lighting,2,27.72,0.0,,US,control
ORD-004969,2024-03-05,CUST-01434,cust-01434@lumenmail.com,Lighting,4,140.72,0.0,Paid Search,UK,control
ORD-001110,2024-02-04,CUST-01492,cust-01492@lumenmail.com,Accessories,1,80.94,0.0,Organic,US,
ORD-000130,2023-06-16,CUST-01906,cust-01906@lumenmail.com,Outdoor,1,129.57,0.1,Email,US,
ORD-003773,25/12/2024,CUST-00134,cust-00134@lumenmail.com,Lighting,5,54.05,0.2,Email,US,
ORD-001434,2024-06-06,CUST-01717,cust-01717@lumenmail.com,Furniture,1,38.63,0.0,Organic,UK,variant
ORD-001284,2024-11-16,CUST-02128,cust-02128@lumenmail.com,Lighting,3,49.03,0.05,Email,ZZ,control
ORD-000764,2024-03-26,CUST-01776,cust-01776@lumenmail.com,Furniture,7,40.55,0.0,Email,US,variant
ORD-005833,2024-02-07,CUST-01679,cust-01679@lumenmail.com,Lighting,2,21.64,0.0,Social,US,
ORD-002778,29/09/2024,CUST-01248,cust-01248@lumenmail.com,Décor,4,160.25,0.05,Organic,AU,variant
ORD-006449,23/04/2024,CUST-02154,cust-02154@lumenmail.com,Décor,1,127.47,0.1,Email,US,variant
ORD-002556,2023-08-12,,guest@lumenmail.com,Lighting,1,26.47,0.0,Paid Search,US,
ORD-003913,2024-06-16,CUST-02084,cust-02084@lumenmail.com,Lighting,2,22.1,0.0,Paid Search,CA,variant
ORD-005340,2023-07-07,CUST-01415,cust-01415@lumenmail.com,Lighting,1,17.29,0.1,Paid Search,US,
ORD-007221,2024-06-30,CUST-00868,cust-00868@lumenmail.com,Lighting,3,183.4,0.15,Paid Search,US,control
ORD-007586,2023-07-27,CUST-01439,cust-01439@lumenmail.com,Décor,3,20.62,0.15,Organic,US,variant
ORD-007625,2024-03-11,,guest@lumenmail.com,Décor,2,57.05,0.1,Social,UK,control
ORD-008586,21/11/2023,CUST-01451,cust-01451@lumenmail.com,Lighting,2,78.23,0.05,Organic,US,
ORD-006638,2024-06-29,CUST-01175,cust-01175@lumenmail.com,Outdoor,5,28.23,0.15,Paid Search,US,
ORD-007402,2024-05-10,CUST-00796,cust-00796@lumenmail.com,Outdoor,2,99.59,0.15,Email,US,control
ORD-004097,2023-12-30,,guest@lumenmail.com,Furniture,1,38.7,0.0,Paid Search,US,control
ORD-009569,2024-04-23,CUST-00843,cust-00843@lumenmail.com,Décor,1,97.46,0.05,Email,US,
ORD-003069,2024-10-13,CUST-01649,cust-01649@lumenmail.com,Décor,3,45.36,0.0,Email,CA,variant
ORD-005687,2023-11-29,CUST-01185,cust-01185@lumenmail.com,Décor,1,46.25,0.1,Organic,US,
ORD-007334,2024-10-12,CUST-00902,cust-00902@lumenmail.com,Accessories,1,174.66,0.2,Social,CA,control
ORD-001360,2024-03-09,CUST-01083,cust-01083@lumenmail.com,Lighting,2,137.06,0.0,,US,
ORD-002719,2023-09-06,CUST-02249,cust-02249@lumenmail.com,Lighting,1,142.62,0.05,Paid Search,US,
ORD-001374,03/12/2024,CUST-00657,cust-00657@lumenmail.com,Décor,4,168.44,0.2,Email,US,control
ORD-002410,2023-07-23,CUST-02969,cust-02969@lumenmail.com,Lighting,1,8.51,0.2,Organic,CA,control
ORD-005981,2023-08-16,CUST-02045,cust-02045@lumenmail.com,Décor,2,307.14,0.0,Organic,US,control
ORD-004046,2024-11-03,CUST-00790,cust-00790@lumenmail.com,Accessories,1,9.09,0.15,Paid Search,US,
ORD-007377,2024-07-18,,guest@lumenmail.com,Accessories,2,401.5,0.05,Paid Search,CA,variant
ORD-003722,2024-12-19,CUST-01578,cust-01578@lumenmail.com,Outdoor,3,168.63,0.1,Email,US,variant
ORD-003861,2024-05-26,CUST-00683,cust-00683@lumenmail.com,Lighting,3,87.79,0.1,Organic,CA,variant
ORD-006321,2024-01-16,CUST-02601,cust-02601@lumenmail.com,Furniture,-1,291.72,0.25,Paid Search,US,variant
ORD-001868,23/07/2024,CUST-02611,cust-02611@lumenmail.com,Lighting,2,57.84,0.15,Email,US,variant
ORD-009210,23/11/2023,CUST-00999,cust-00999@lumenmail.com,Lighting,5,103.56,0.15,Paid Search,ZZ,
ORD-004175,2023-07-04,CUST-02640,cust-02640@lumenmail.com,Accessories,2,704.75,0.0,Paid Search,US,variant
ORD-004051,2024-02-25,CUST-00183,cust-00183@lumenmail.com,Furniture,1,43.06,0.1,,CA,control
ORD-008807,2024-02-22,CUST-01722,cust-01722@lumenmail.com,Furniture,2,38.72,0.25,,CA,control
ORD-006600,2023-06-25,CUST-02839,cust-02839@lumenmail.com,Furniture,1,96.65,0.2,Social,US,control
ORD-007287,2024-07-25,CUST-01871,cust-01871@lumenmail.com,Furniture,2,32.37,0.0,,US,
ORD-009477,2023-07-12,CUST-00723,cust-00723@lumenmail.com,Lighting,1,362.84,0.0,Organic,US,control
ORD-008799,17/04/2024,CUST-01463,cust-01463@lumenmail.com,Décor,1,191.48,0.1,Paid Search,US,
ORD-003544,2024-06-08,CUST-01799,cust-01799@lumenmail.com,Décor,1,94.26,0.05,Paid Search,US,
ORD-008374,18/03/2024,CUST-02261,cust-02261@lumenmail.com,Décor,2,50.86,0.15,Social,US,variant
ORD-001767,2023-12-27,CUST-01128,cust-01128@lumenmail.com,Furniture,6,31.46,0.05,Organic,US,control
ORD-001280,2024-04-15,CUST-00748,cust-00748@lumenmail.com,Furniture,2,144.42,0.1,Social,UK,
ORD-005642,2024-09-18,CUST-01733,cust-01733@lumenmail.com,Décor,2,14.41,0.0,Email,US,variant
ORD-003524,2024-04-26,,guest@lumenmail.com,Décor,5,256.92,0.0,,US,control
ORD-005076,2024-07-12,CUST-00820,cust-00820@lumenmail.com,Lighting,1,75.5,0.0,Paid Search,US,control
ORD-004589,2023-12-16,CUST-01840,cust-01840@lumenmail.com,Décor,1,88.29,0.15,Social,AU,variant
ORD-005560,2024-07-24,CUST-02653,cust-02653@lumenmail.com,Accessories,1,20.33,0.0,Email,AU,control
ORD-005762,2023-08-13,CUST-02227,cust-02227@lumenmail.com,Lighting,1,193.46,0.0,Email,UK,control
ORD-004190,2024-03-29,CUST-00528,cust-00528@lumenmail.com,Décor,2,57.68,0.0,Paid Search,US,control
ORD-007063,2024-10-21,CUST-01114,cust-01114@lumenmail.com,Lighting,3,8.68,0.0,Paid Search,US,control
ORD-009338,2024-02-14,CUST-02028,cust-02028@lumenmail.com,Lighting,6,562.89,0.0,Paid Search,US,
ORD-000210,2023-08-23,CUST-01609,cust-01609@lumenmail.com,Décor,1,17.2,0.05,Social,CA,variant
ORD-006607,2024-08-29,CUST-00476,cust-00476@lumenmail.com,Accessories,6,161.44,0.0,,UK,control
ORD-006828,21/10/2023,CUST-00439,cust-00439@lumenmail.com,Décor,1,49.32,0.1,Social,CA,variant
ORD-008630,2024-01-21,CUST-00439,cust-00439@lumenmail.com,Lighting,2,10.64,0.2,Email,US,variant
ORD-004998,04/11/2023,CUST-00719,cust-00719@lumenmail.com,Décor,2,273.39,0.0,,AU,variant
ORD-003285,28/10/2024,CUST-00365,cust-00365@lumenmail.com,Lighting,1,48.27,0.2,Email,US,variant
ORD-003834,2024-09-19,CUST-02469,cust-02469@lumenmail.com,Décor,1,26.24,0.0,Organic,UK,control
ORD-009560,2024-01-10,CUST-02414,cust-02414@lumenmail.com,Outdoor,2,31.27,0.0,Organic,US,
ORD-006751,2023-12-18,CUST-01455,cust-01455@lumenmail.com,Lighting,4,232.09,0.0,Organic,CA,
ORD-008319,2024-06-12,CUST-02411,cust-02411@lumenmail.com,Lighting,3,72.07,0.05,Email,US,control
ORD-005329,2023-08-06,CUST-02977,cust-02977@lumenmail.com,Décor,2,213.54,0.1,Social,US,control
ORD-003785,2024-04-12,CUST-02618,cust-02618@lumenmail.com,Furniture,2,118.68,0.0,Email,US,
ORD-008502,2024-01-05,CUST-01425,cust-01425@lumenmail.com,Outdoor,1,140.31,0.05,Paid Search,US,
ORD-008938,08/09/2023,CUST-02750,cust-02750@lumenmail.com,Furniture,1,82.88,0.2,Paid Search,US,
ORD-007835,2024-08-18,CUST-01956,cust-01956@lumenmail.com,Décor,2,47.56,0.0,Social,US,variant
ORD-004241,2024-08-30,CUST-00683,cust-00683@lumenmail.com,Outdoor,1,10.71,0.05,Email,UK,
ORD-002716,10/08/2023,CUST-00477,cust-00477@lumenmail.com,Accessories,3,10.1,0.0,Social,US,
ORD-000073,2023-10-16,CUST-01096,cust-01096@lumenmail.com,Lighting,6,143.3,0.2,Organic,US,variant
ORD-002146,16/11/2023,CUST-00642,cust-00642@lumenmail.com,Outdoor,7,120.17,0.1,Email,CA,
ORD-006190,2024-02-27,CUST-01178,cust-01178@lumenmail.com,Décor,3,81.62,0.0,Paid Search,US,control
ORD-003089,08/05/2024,CUST-02674,cust-02674@lumenmail.com,Lighting,1,139.94,0.0,Social,US,
ORD-008975,2023-10-01,CUST-01697,cust-01697@lumenmail.com,Furniture,4,765.79,0.0,Paid Search,US,
ORD-005587,2024-10-31,CUST-02733,cust-02733@lumenmail.com,Décor,1,16.69,0.05,Paid Search,US,variant
ORD-008196,2023-11-28,CUST-01852,cust-01852@lumenmail.com,Furniture,2,24.01,0.2,Paid Search,US,
ORD-007595,18/09/2024,CUST-01937,cust-01937@lumenmail.com,Décor,4,41.79,0.0,Email,US,variant
ORD-005529,02/10/2024,CUST-00521,cust-00521@lumenmail.com,Lighting,3,151.08,0.05,Email,US,
ORD-002856,2023-09-29,,guest@lumenmail.com,Lighting,5,126.97,0.0,Social,AU,
ORD-008916,21/08/2023,CUST-02703,cust-02703@lumenmail.com,Décor,1,781.33,0.2,Organic,CA,
ORD-000930,2023-11-26,CUST-01013,cust-01013@lumenmail.com,Lighting,2,23.02,0.0,Paid Search,US,variant
ORD-008547,2023-08-02,CUST-01754,cust-01754@lumenmail.com,Accessories,2,63.04,0.1,,ZZ,
ORD-003021,06/10/2023,CUST-00860,cust-00860@lumenmail.com,Lighting,2,312.11,0.1,Email,ZZ,control
ORD-009298,13/10/2024,CUST-01451,cust-01451@lumenmail.com,Lighting,1,359.31,0.0,Email,US,variant
ORD-008239,24/02/2024,CUST-02111,cust-02111@lumenmail.com,Furniture,2,47.51,0.05,Organic,UK,
ORD-003121,2024-04-21,CUST-02161,cust-02161@lumenmail.com,Décor,1,39.45,0.1,Paid Search,CA,variant
ORD-007243,2024-01-09,CUST-02457,cust-02457@lumenmail.com,Outdoor,-1,114.54,0.15,Email,US,
ORD-002957,2024-06-25,CUST-02631,cust-02631@lumenmail.com,Outdoor,1,269.54,0.0,Paid Search,CA,
ORD-008069,2023-11-10,CUST-00408,cust-00408@lumenmail.com,Outdoor,2,87.5,0.0,Organic,US,
ORD-007135,2024-12-20,CUST-01072,cust-01072@lumenmail.com,Lighting,2,49.57,0.0,Paid Search,UK,
ORD-004636,2023-12-22,CUST-00742,cust-00742@lumenmail.com,Décor,2,84.89,0.05,Email,US,variant
ORD-007545,,CUST-02520,cust-02520@lumenmail.com,Lighting,4,286.72,0.05,Social,CA,
ORD-000288,2024-08-11,CUST-01633,cust-01633@lumenmail.com,Furniture,3,346.53,0.2,Paid Search,US,control
ORD-008291,18/07/2024,CUST-01983,cust-01983@lumenmail.com,Lighting,2,0.0,0.05,Email,US,control
ORD-000451,2024-11-25,CUST-02732,cust-02732@lumenmail.com,Lighting,3,98.9,0.05,Organic,US,variant
ORD-001728,23/12/2023,CUST-02351,cust-02351@lumenmail.com,Décor,1,24.48,0.0,Paid Search,CA,variant
ORD-000521,2023-06-14,CUST-00939,cust-00939@lumenmail.com,Furniture,1,84.03,0.0,Email,US,
ORD-006784,2023-09-09,CUST-02164,cust-02164@lumenmail.com,Outdoor,-1,94.76,0.0,Email,CA,control
ORD-008465,2024-10-10,CUST-00575,cust-00575@lumenmail.com,Lighting,3,225.14,0.1,Organic,ZZ,variant
ORD-002836,2023-06-28,CUST-02990,cust-02990@lumenmail.com,Furniture,2,114.28,0.0,Organic,US,
ORD-004116,2023-11-26,CUST-00053,cust-00053@lumenmail.com,Lighting,2,41.57,0.05,Social,US,control
ORD-003540,2024-07-14,CUST-00921,cust-00921@lumenmail.com,Décor,3,152.87,0.0,Paid Search,UK,variant
ORD-004447,2024-02-14,CUST-01598,cust-01598@lumenmail.com,Furniture,-2,30.59,0.0,Social,US,
ORD-004927,2024-06-10,CUST-02773,cust-02773@lumenmail.com,Furniture,1,6.62,0.0,Organic,US,control
ORD-001281,2023-06-01,CUST-01148,cust-01148@lumenmail.com,Décor,2,5.7,0.15,,CA,
ORD-001495,2024-05-11,CUST-00912,cust-00912@lumenmail.com,Lighting,2,38.69,0.05,Organic,CA,variant
ORD-000535,2024-04-13,CUST-02968,cust-02968@lumenmail.com,Accessories,2,241.1,0.1,Paid Search,US,
ORD-007241,2024-11-16,,guest@lumenmail.com,Furniture,2,74.47,0.0,Organic,US,control
ORD-002250,2024-02-06,CUST-00705,cust-00705@lumenmail.com,Décor,1,118.75,0.0,Social,US,variant
ORD-004543,13/11/2024,CUST-01482,cust-01482@lumenmail.com,Accessories,1,41.11,0.2,Email,UK,control
ORD-004361,2024-11-03,CUST-02602,cust-02602@lumenmail.com,Lighting,5,26.72,0.1,Paid Search,US,
ORD-005116,2023-10-30,CUST-00252,cust-00252@lumenmail.com,Décor,3,767.77,0.05,Paid Search,ZZ,
ORD-004188,06/09/2023,CUST-01516,cust-01516@lumenmail.com,Lighting,3,140.49,0.0,Email,US,control
ORD-006097,2024-09-30,CUST-01342,cust-01342@lumenmail.com,Outdoor,-2,46.09,0.05,,CA,variant
ORD-007355,2023-07-08,CUST-02080,cust-02080@lumenmail.com,Furniture,2,8.98,0.15,Organic,US,
ORD-006259,2024-09-03,CUST-00049,cust-00049@lumenmail.com,Furniture,6,142.26,0.0,Social,UK,variant
ORD-009358,2023-07-25,CUST-02636,cust-02636@lumenmail.com,Accessories,1,89.88,0.0,Social,US,control
ORD-003207,2023-11-19,CUST-00474,cust-00474@lumenmail.com,Outdoor,1,6.85,0.2,Paid Search,CA,control
ORD-000445,2024-09-08,CUST-02971,cust-02971@lumenmail.com,Décor,1,306.4,0.05,Organic,UK,variant
ORD-006147,2023-09-18,CUST-00388,cust-00388@lumenmail.com,Outdoor,3,47.24,0.1,Paid Search,UK,variant
ORD-005651,2024-06-14,,guest@lumenmail.com,Lighting,2,143.1,0.0,Social,CA,control
ORD-002153,2023-09-12,CUST-01960,cust-01960@lumenmail.com,Décor,3,186.9,0.0,Email,UK,variant
ORD-004330,2024-04-17,CUST-01734,cust-01734@lumenmail.com,Outdoor,5,527.6,0.0,Organic,US,variant
ORD-006396,2023-06-15,CUST-00368,cust-00368@lumenmail.com,Lighting,5,25.62,0.1,Paid Search,US,variant
ORD-007804,2023-10-24,CUST-02655,cust-02655@lumenmail.com,Lighting,2,40.18,0.05,Organic,US,variant
ORD-007998,2024-05-08,CUST-00175,cust-00175@lumenmail.com,Décor,4,27.8,0.15,Email,CA,control
ORD-000013,2024-05-10,CUST-01656,cust-01656@lumenmail.com,Lighting,4,333.25,0.0,Email,UK,
ORD-008429,2024-05-10,CUST-02798,cust-02798@lumenmail.com,Lighting,-3,169.83,0.0,Paid Search,US,control
ORD-007650,2023-08-15,CUST-00522,cust-00522@lumenmail.com,Lighting,4,91.72,0.15,Paid Search,AU,variant
ORD-005988,2024-10-19,CUST-00351,cust-00351@lumenmail.com,Lighting,4,70.5,0.0,Social,CA,control
ORD-009331,2024-12-01,CUST-02074,cust-02074@lumenmail.com,Lighting,6,78.41,0.0,Organic,CA,control
ORD-007882,2024-11-09,CUST-00272,cust-00272@lumenmail.com,Décor,1,39.3,0.0,Email,UK,control
ORD-008331,2024-02-13,CUST-02104,cust-02104@lumenmail.com,Lighting,5,93.96,0.0,Social,US,
ORD-001325,2024-11-12,CUST-00407,cust-00407@lumenmail.com,Décor,1,37.86,0.05,Paid Search,US,control
ORD-005114,2023-08-14,,guest@lumenmail.com,Accessories,4,8.91,0.1,Email,US,
ORD-003062,2024-05-06,CUST-00831,cust-00831@lumenmail.com,Lighting,2,36.35,0.0,Paid Search,US,control
ORD-001746,2024-09-13,,guest@lumenmail.com,Lighting,6,277.74,0.0,Email,US,
ORD-001865,2024-12-30,CUST-01955,cust-01955@lumenmail.com,Lighting,1,34.98,0.1,Organic,US,
ORD-002854,21/06/2023,CUST-01890,cust-01890@lumenmail.com,Furniture,1,30.98,0.0,Email,US,
ORD-000111,2024-05-30,CUST-02182,cust-02182@lumenmail.com,Décor,2,150.21,0.1,Paid Search,CA,
ORD-000911,2024-11-15,CUST-00943,cust-00943@lumenmail.com,Accessories,2,120.57,0.05,,US,
ORD-009246,2023-10-11,CUST-01158,cust-01158@lumenmail.com,Outdoor,7,107.08,0.0,Paid Search,US,variant
ORD-006925,2023-09-13,CUST-01027,cust-01027@lumenmail.com,Décor,3,767.11,0.15,,UK,
ORD-006682,2023-12-04,CUST-01765,cust-01765@lumenmail.com,Lighting,1,33.7,0.05,Email,US,variant
ORD-004163,2023-09-13,CUST-01066,cust-01066@lumenmail.com,Décor,1,46.65,0.05,Organic,US,control
ORD-008707,2024-08-22,CUST-02094,cust-02094@lumenmail.com,Furniture,1,91.19,0.25,Paid Search,US,
ORD-008992,2023-11-10,CUST-02387,cust-02387@lumenmail.com,Furniture,2,35.04,0.0,Paid Search,US,
ORD-004478,2024-08-18,CUST-01482,cust-01482@lumenmail.com,Outdoor,4,169.66,0.2,Paid Search,ZZ,control
ORD-005586,2023-12-29,CUST-02101,cust-02101@lumenmail.com,Lighting,1,97.74,0.0,Email,US,control
ORD-000607,19/12/2023,CUST-02382,cust-02382@lumenmail.com,Décor,2,123.44,0.2,Paid Search,CA,
ORD-007028,13/03/2024,CUST-02073,cust-02073@lumenmail.com,Furniture,2,95.72,0.0,Organic,US,
ORD-009119,2024-01-26,CUST-01875,cust-01875@lumenmail.com,Lighting,3,67.01,0.0,,CA,
ORD-000245,2023-12-06,CUST-00412,cust-00412@lumenmail.com,Furniture,4,93.61,0.1,Paid Search,CA,
ORD-003901,2023-12-25,CUST-02677,cust-02677@lumenmail.com,Lighting,1,8.38,0.0,Organic,US,
ORD-007503,08/12/2023,CUST-01628,cust-01628@lumenmail.com,Lighting,-6,294.51,0.05,Paid Search,US,
ORD-000491,27/11/2024,CUST-02839,cust-02839@lumenmail.com,Lighting,6,477.07,0.05,Paid Search,US,variant
ORD-000837,2024-08-14,,guest@lumenmail.com,Décor,-1,11.77,0.15,Email,CA,
ORD-005695,2023-07-02,CUST-00826,cust-00826@lumenmail.com,Furniture,1,77.99,0.2,Social,UK,
ORD-007263,2024-12-23,CUST-02285,cust-02285@lumenmail.com,Décor,3,358.55,0.1,Social,US,
ORD-006278,2023-12-24,CUST-02891,cust-02891@lumenmail.com,Lighting,1,74.75,0.0,Social,CA,control
ORD-003495,2023-06-27,CUST-00215,cust-00215@lumenmail.com,Outdoor,1,184.72,0.15,Paid Search,US,
ORD-001591,2023-06-13,CUST-01197,cust-01197@lumenmail.com,Accessories,1,150.22,0.0,Paid Search,US,control
ORD-006711,2024-05-26,CUST-01873,cust-01873@lumenmail.com,Outdoor,4,344.88,0.0,Paid Search,UK,control
ORD-004476,2024-07-23,,guest@lumenmail.com,Décor,1,44.06,0.05,Organic,US,variant
ORD-007040,14/10/2024,,guest@lumenmail.com,Décor,7,91.1,0.15,Email,US,
ORD-002007,15/04/2024,CUST-02123,cust-02123@lumenmail.com,Lighting,2,11.2,0.25,Email,US,
ORD-007081,2024-05-13,CUST-02131,cust-02131@lumenmail.com,Décor,1,90.44,0.05,Email,US,
ORD-003912,2024-07-15,CUST-00076,cust-00076@lumenmail.com,Lighting,2,54.67,0.0,Paid Search,CA,
ORD-002354,2023-10-15,CUST-02740,cust-02740@lumenmail.com,Outdoor,2,9.7,0.0,Organic,US,variant
ORD-005772,2023-10-20,CUST-01300,cust-01300@lumenmail.com,Décor,1,54.09,0.0,,US,control
ORD-005388,2024-12-25,CUST-02404,cust-02404@lumenmail.com,Lighting,3,17.85,0.0,Email,UK,
ORD-003252,2023-07-27,CUST-00562,cust-00562@lumenmail.com,Outdoor,1,16.71,0.0,Social,US,control
ORD-000248,2023-09-03,CUST-01520,cust-01520@lumenmail.com,Lighting,1,110.34,0.05,Paid Search,US,
ORD-002870,2024-05-04,CUST-00502,cust-00502@lumenmail.com,Accessories,3,22.63,0.0,Paid Search,CA,
ORD-005519,2024-02-05,CUST-00920,cust-00920@lumenmail.com,Lighting,1,34.93,0.0,Organic,US,
ORD-003954,2024-12-13,CUST-01969,cust-01969@lumenmail.com,Lighting,1,47.2,0.05,Paid Search,US,
ORD-009015,2024-02-19,CUST-00990,cust-00990@lumenmail.com,Lighting,2,11.98,0.0,Organic,AU,
ORD-002117,2024-02-11,CUST-00964,cust-00964@lumenmail.com,Furniture,5,77.37,0.05,Email,US,
ORD-007065,2024-06-21,CUST-00511,cust-00511@lumenmail.com,Furniture,2,105.98,0.1,Organic,US,control
ORD-004876,19/06/2024,CUST-01748,cust-01748@lumenmail.com,Décor,1,33.13,0.05,Organic,UK,
ORD-000602,18/01/2024,CUST-02312,cust-02312@lumenmail.com,Décor,2,16.99,0.1,Email,US,control
ORD-004214,2024-02-04,CUST-01434,cust-01434@lumenmail.com,Furniture,2,96.02,0.0,Paid Search,US,variant
ORD-007654,2023-09-09,CUST-01625,cust-01625@lumenmail.com,Décor,3,14.21,0.0,Paid Search,UK,control
ORD-000699,19/06/2023,CUST-01254,cust-01254@lumenmail.com,Furniture,2,32.99,0.05,Paid Search,US,
ORD-007280,26/01/2024,CUST-01148,cust-01148@lumenmail.com,Lighting,2,57.45,0.1,Paid Search,UK,variant
ORD-000092,2024-02-05,CUST-01125,cust-01125@lumenmail.com,Décor,1,50.98,0.0,Social,UK,
ORD-004710,2024-07-24,CUST-01783,cust-01783@lumenmail.com,Lighting,2,88.88,0.15,Paid Search,CA,variant
ORD-009216,2023-10-21,,guest@lumenmail.com,Décor,6,175.2,0.05,Organic,US,variant
ORD-006761,2024-10-02,CUST-02949,cust-02949@lumenmail.com,Accessories,1,436.28,0.0,Social,CA,variant
ORD-000277,2023-09-12,CUST-00414,cust-00414@lumenmail.com,Lighting,1,83.89,0.15,Social,AU,
ORD-000357,2024-07-07,CUST-02366,cust-02366@lumenmail.com,Lighting,1,137.03,0.0,Organic,US,
ORD-007903,2024-09-15,CUST-01640,cust-01640@lumenmail.com,Outdoor,1,149.02,0.2,,ZZ,control
ORD-001123,2024-11-22,,guest@lumenmail.com,Furniture,-1,194.8,0.05,Paid Search,US,control
ORD-001156,2023-07-10,CUST-01074,cust-01074@lumenmail.com,Lighting,6,597.12,0.2,Email,US,variant
ORD-002105,2023-12-31,CUST-00981,cust-00981@lumenmail.com,Accessories,1,109.82,0.15,Email,US,control
ORD-002597,2023-09-20,CUST-00337,cust-00337@lumenmail.com,Décor,4,61.17,0.0,Email,AU,control
ORD-009596,2024-06-06,CUST-00355,cust-00355@lumenmail.com,Décor,1,52.06,0.05,Organic,CA,
ORD-006528,2024-04-08,CUST-01734,cust-01734@lumenmail.com,Décor,5,150.76,0.0,Paid Search,UK,variant
ORD-007380,09/02/2024,CUST-02301,cust-02301@lumenmail.com,Accessories,1,78.2,0.05,Organic,US,
ORD-003569,01/09/2024,CUST-02351,cust-02351@lumenmail.com,Lighting,1,69.91,0.05,Paid Search,CA,control
ORD-004160,2024-06-10,CUST-02711,cust-02711@lumenmail.com,Décor,1,146.8,0.05,Email,US,
ORD-006779,2024-02-08,CUST-02387,cust-02387@lumenmail.com,Accessories,3,21.48,0.25,Paid Search,US,variant
ORD-001309,2023-09-24,CUST-01908,cust-01908@lumenmail.com,Outdoor,2,52.86,0.2,Paid Search,US,
ORD-001355,18/12/2024,CUST-00703,cust-00703@lumenmail.com,Outdoor,2,23.82,0.0,Paid Search,UK,variant
ORD-005616,2024-12-25,CUST-00144,cust-00144@lumenmail.com,Lighting,2,200.06,0.0,Email,UK,
ORD-008159,2024-08-17,,guest@lumenmail.com,Lighting,3,92.74,0.25,Paid Search,US,control
ORD-008906,2024-07-28,CUST-02856,cust-02856@lumenmail.com,Outdoor,2,98.92,0.0,Paid Search,US,control
ORD-007955,2024-08-02,CUST-01557,cust-01557@lumenmail.com,Lighting,2,339.06,0.05,Paid Search,AU,control
ORD-003438,2023-12-20,CUST-01286,cust-01286@lumenmail.com,Lighting,1,64.08,0.0,Paid Search,US,control
ORD-008281,2023-10-28,CUST-02415,cust-02415@lumenmail.com,Lighting,1,15.69,0.2,Paid Search,ZZ,control
ORD-008359,2024-04-17,CUST-01487,cust-01487@lumenmail.com,Lighting,2,141.75,0.0,Email,CA,control
ORD-007474,2024-01-25,CUST-01638,cust-01638@lumenmail.com,Accessories,1,33.03,0.15,Paid Search,US,control
ORD-006776,2024-11-05,CUST-02063,cust-02063@lumenmail.com,Lighting,2,220.33,0.0,Email,US,control
ORD-004378,2024-11-17,CUST-01314,cust-01314@lumenmail.com,Décor,1,103.87,0.2,Paid Search,AU,control
ORD-005843,2023-07-26,CUST-01652,cust-01652@lumenmail.com,Furniture,3,78.35,0.05,Paid Search,US,
ORD-001152,2024-10-20,CUST-01717,cust-01717@lumenmail.com,Furniture,1,47.9,0.1,Paid Search,AU,
ORD-008079,05/05/2024,CUST-00888,cust-00888@lumenmail.com,Décor,2,152.09,0.0,Paid Search,US,
ORD-004038,2024-09-27,CUST-00212,cust-00212@lumenmail.com,Lighting,1,359.95,0.1,Email,US,
ORD-004194,2023-06-14,CUST-02000,cust-02000@lumenmail.com,Décor,3,49.93,0.0,Email,US,
ORD-000323,2023-06-24,,guest@lumenmail.com,Outdoor,4,24.2,0.05,Social,AU,variant
ORD-006676,2024-10-27,CUST-01306,cust-01306@lumenmail.com,Décor,1,40.68,0.0,Social,AU,control
ORD-008902,2024-11-24,CUST-01262,cust-01262@lumenmail.com,Accessories,1,12.95,0.15,Email,CA,variant
ORD-004139,2023-11-23,CUST-01411,cust-01411@lumenmail.com,Furniture,1,73.98,0.05,Email,US,control
ORD-003343,2024-12-28,CUST-02751,cust-02751@lumenmail.com,Furniture,1,68.98,0.0,,US,variant
ORD-008185,2023-06-23,CUST-01665,cust-01665@lumenmail.com,Furniture,1,509.29,0.0,Social,US,control
ORD-005271,2024-05-04,,guest@lumenmail.com,Lighting,1,40.23,0.1,Email,US,variant
ORD-005133,2023-12-19,CUST-00200,cust-00200@lumenmail.com,Outdoor,2,40.71,0.1,Organic,CA,control
ORD-006874,2024-02-19,CUST-00964,cust-00964@lumenmail.com,Lighting,1,109.78,0.25,Email,US,
ORD-006755,2024-04-20,CUST-00506,cust-00506@lumenmail.com,Furniture,1,33.56,0.1,Organic,US,control
ORD-009420,2024-11-08,CUST-02810,cust-02810@lumenmail.com,Décor,4,80.05,0.25,Organic,AU,variant
ORD-000583,2023-09-10,,guest@lumenmail.com,Accessories,3,90.47,0.0,Email,US,variant
ORD-007020,2024-04-04,CUST-02954,cust-02954@lumenmail.com,Lighting,3,21.78,0.2,,CA,variant
ORD-004725,2024-05-05,CUST-02680,cust-02680@lumenmail.com,Lighting,2,157.83,0.05,Organic,US,control
ORD-001608,2023-06-24,CUST-00995,cust-00995@lumenmail.com,Décor,1,197.69,0.1,Organic,US,
ORD-005184,2023-08-12,CUST-02089,cust-02089@lumenmail.com,Accessories,7,91.32,0.25,Social,AU,control
ORD-005694,2024-10-06,,guest@lumenmail.com,Décor,1,87.15,0.1,Email,CA,variant
ORD-002873,2024-08-10,CUST-02031,cust-02031@lumenmail.com,Lighting,4,15.69,0.0,Paid Search,ZZ,variant
ORD-003988,2024-09-26,CUST-01375,cust-01375@lumenmail.com,Lighting,2,104.79,0.0,Organic,US,variant
ORD-004422,2024-07-01,CUST-00829,cust-00829@lumenmail.com,Décor,2,45.21,0.0,Email,US,
ORD-008468,2024-03-24,CUST-02020,cust-02020@lumenmail.com,Lighting,1,147.94,0.05,Social,US,control
ORD-004574,2024-12-02,CUST-00046,cust-00046@lumenmail.com,Outdoor,4,19.71,0.2,Organic,US,
ORD-000234,2023-10-31,CUST-02004,cust-02004@lumenmail.com,Outdoor,1,29.84,0.05,Organic,CA,variant
ORD-001838,2024-03-03,CUST-00891,cust-00891@lumenmail.com,Lighting,4,15.71,0.15,Email,US,variant
ORD-006021,14/08/2023,CUST-01937,cust-01937@lumenmail.com,Outdoor,1,185.64,0.15,,US,variant
ORD-007344,2024-05-17,CUST-00809,cust-00809@lumenmail.com,Décor,1,31.11,0.1,Email,CA,
ORD-007664,2024-10-18,CUST-01879,cust-01879@lumenmail.com,Décor,1,35.06,0.0,Paid Search,US,
ORD-001398,2024-08-10,CUST-00027,cust-00027@lumenmail.com,Lighting,2,100.07,0.0,Paid Search,US,control
ORD-003610,27/05/2024,CUST-01130,cust-01130@lumenmail.com,Outdoor,1,7.38,0.0,Paid Search,US,
ORD-004319,2023-09-19,CUST-01345,cust-01345@lumenmail.com,Outdoor,3,67.16,0.0,Paid Search,US,variant
ORD-002417,2023-10-19,CUST-02033,cust-02033@lumenmail.com,Outdoor,3,96.74,0.2,Organic,US,variant
ORD-007571,2023-10-15,CUST-02279,cust-02279@lumenmail.com,Outdoor,1,233.1,0.1,Email,UK,control
ORD-000697,08/07/2023,CUST-02739,cust-02739@lumenmail.com,Lighting,1,162.26,0.25,Organic,US,control
ORD-006757,23/06/2024,CUST-00450,cust-00450@lumenmail.com,Décor,1,24.34,0.05,Email,CA,
ORD-002522,2023-09-19,CUST-00302,cust-00302@lumenmail.com,Furniture,1,167.48,0.05,Organic,CA,control
ORD-004142,2024-09-25,CUST-02005,cust-02005@lumenmail.com,Furniture,1,72.51,0.0,Social,UK,
ORD-007239,2023-10-20,CUST-00937,cust-00937@lumenmail.com,Furniture,1,56.81,0.05,Paid Search,US,
ORD-000291,2024-08-15,CUST-00913,cust-00913@lumenmail.com,Décor,1,177.44,0.1,Paid Search,CA,
ORD-008000,2023-09-13,CUST-01927,cust-01927@lumenmail.com,Furniture,4,49.92,0.0,Paid Search,US,
ORD-001948,2024-08-16,CUST-00205,cust-00205@lumenmail.com,Décor,3,502.12,0.0,Email,US,
ORD-005703,2023-11-03,CUST-01720,cust-01720@lumenmail.com,Furniture,2,72.19,0.05,Organic,US,variant
ORD-000358,2023-07-29,CUST-01250,cust-01250@lumenmail.com,Outdoor,2,0.0,0.0,Email,US,
ORD-003570,2024-05-14,CUST-01735,cust-01735@lumenmail.com,Lighting,1,64.81,0.15,Email,US,variant
ORD-004392,2024-05-20,CUST-02599,cust-02599@lumenmail.com,Accessories,3,116.37,0.05,Email,CA,
ORD-001614,2023-11-12,CUST-02800,cust-02800@lumenmail.com,Accessories,2,163.02,0.0,Social,US,variant
ORD-004992,2023-11-06,CUST-02315,cust-02315@lumenmail.com,Lighting,2,52.52,0.05,Email,US,variant
ORD-004705,2024-10-22,CUST-01050,cust-01050@lumenmail.com,Accessories,1,39.34,0.0,Paid Search,US,
ORD-009229,2024-06-28,CUST-01057,cust-01057@lumenmail.com,Décor,2,230.1,0.0,Email,US,
ORD-000246,19/05/2024,CUST-00758,cust-00758@lumenmail.com,Outdoor,7,8.41,0.25,Email,AU,control
ORD-008432,2023-09-24,CUST-01116,cust-01116@lumenmail.com,Lighting,1,77.78,0.05,Paid Search,US,variant
ORD-006941,2023-06-13,CUST-01209,cust-01209@lumenmail.com,Furniture,3,33.83,0.1,Paid Search,CA,
ORD-001450,2023-09-24,CUST-02352,cust-02352@lumenmail.com,Lighting,1,98.02,0.05,Organic,CA,variant
ORD-004382,2024-05-14,CUST-01492,cust-01492@lumenmail.com,Furniture,6,92.77,0.05,Social,CA,control
ORD-001822,13/12/2024,CUST-01910,cust-01910@lumenmail.com,Lighting,3,39.88,0.1,Email,US,
ORD-004042,2023-07-05,CUST-00183,cust-00183@lumenmail.com,Décor,1,105.95,0.05,Paid Search,CA,variant
ORD-002268,2024-06-27,CUST-02123,cust-02123@lumenmail.com,Furniture,2,105.36,0.25,Social,UK,
ORD-004830,21/05/2024,,guest@lumenmail.com,Lighting,2,65.89,0.05,Social,CA,variant
ORD-001558,2023-09-23,CUST-02853,cust-02853@lumenmail.com,Furniture,1,299.89,0.0,Email,US,control
ORD-006742,16/09/2023,CUST-00280,cust-00280@lumenmail.com,Lighting,3,29.41,0.0,Organic,CA,variant
ORD-001465,2024-07-12,CUST-02053,cust-02053@lumenmail.com,Décor,1,32.5,0.0,Email,CA,
ORD-006076,29/08/2024,CUST-02194,cust-02194@lumenmail.com,Furniture,2,118.9,0.0,Email,US,control
ORD-003867,13/10/2023,CUST-01104,cust-01104@lumenmail.com,Décor,5,30.92,0.0,Paid Search,US,variant
ORD-006464,18/08/2023,CUST-01809,cust-01809@lumenmail.com,Lighting,2,84.11,0.1,Email,CA,control
ORD-006888,2024-05-17,,guest@lumenmail.com,Furniture,1,90.58,0.2,Paid Search,AU,
ORD-005027,2024-04-12,CUST-01746,cust-01746@lumenmail.com,Accessories,1,60.72,0.1,Organic,UK,
ORD-001209,2024-05-07,CUST-01152,cust-01152@lumenmail.com,Décor,1,210.22,0.15,Organic,US,control
ORD-004947,2024-07-24,CUST-02204,cust-02204@lumenmail.com,Furniture,5,42.08,0.0,Organic,US,control
ORD-008395,2023-12-29,CUST-01154,cust-01154@lumenmail.com,Décor,1,78.35,0.05,Email,US,variant
ORD-009134,2024-06-30,CUST-00449,cust-00449@lumenmail.com,Furniture,3,25.89,0.0,Paid Search,US,
ORD-009301,09/08/2023,CUST-00625,cust-00625@lumenmail.com,Furniture,1,45.76,0.15,Social,UK,control
ORD-000091,2024-01-14,CUST-01800,cust-01800@lumenmail.com,Décor,3,134.63,0.1,Email,CA,variant
ORD-006617,25/08/2024,CUST-01148,cust-01148@lumenmail.com,Outdoor,-4,369.76,0.05,Email,US,variant
ORD-002687,2024-03-23,CUST-01409,cust-01409@lumenmail.com,Décor,7,126.21,0.1,Email,US,control
ORD-001085,2023-07-02,CUST-01306,cust-01306@lumenmail.com,Décor,2,30.46,0.0,Paid Search,CA,control
ORD-001456,2024-11-14,CUST-00904,cust-00904@lumenmail.com,Décor,3,88.69,0.05,Paid Search,US,variant
ORD-007417,2023-06-10,CUST-00035,cust-00035@lumenmail.com,Décor,1,177.29,0.05,Paid Search,UK,
ORD-003874,2024-07-13,,guest@lumenmail.com,Lighting,4,45.76,0.1,Organic,US,control
ORD-005953,14/09/2023,CUST-02938,cust-02938@lumenmail.com,Furniture,7,13.26,0.15,Social,US,variant
ORD-009112,2024-03-17,CUST-00295,cust-00295@lumenmail.com,Outdoor,2,82.59,0.05,Email,ZZ,
ORD-004127,2024-05-31,CUST-02567,cust-02567@lumenmail.com,Lighting,-1,61.07,0.1,Email,US,control
ORD-006914,2024-05-30,CUST-01615,cust-01615@lumenmail.com,Furniture,1,361.31,0.05,Paid Search,UK,
ORD-003072,2024-04-07,CUST-00980,cust-00980@lumenmail.com,Lighting,1,73.25,0.05,Paid Search,US,variant
ORD-001790,2024-01-01,CUST-01622,cust-01622@lumenmail.com,Accessories,1,433.44,0.05,Paid Search,US,
ORD-007501,2024-03-30,CUST-01483,cust-01483@lumenmail.com,Lighting,1,36.3,0.0,Organic,US,
ORD-008414,2023-11-20,CUST-02014,cust-02014@lumenmail.com,Outdoor,1,46.5,0.0,Organic,US,
ORD-003154,2023-10-11,CUST-00932,cust-00932@lumenmail.com,Lighting,4,144.47,0.0,Organic,US,control
ORD-004147,2024-07-14,CUST-01276,cust-01276@lumenmail.com,Lighting,5,43.01,0.1,Paid Search,CA,control
ORD-002929,2024-01-17,CUST-02591,cust-02591@lumenmail.com,Décor,4,186.12,0.0,Paid Search,CA,variant
ORD-007871,2023-12-21,CUST-01878,cust-01878@lumenmail.com,Outdoor,2,99.62,0.0,Email,CA,variant
ORD-006642,2023-06-26,CUST-00478,cust-00478@lumenmail.com,Décor,1,85.73,0.1,Organic,AU,control
ORD-001314,2023-12-15,CUST-01430,cust-01430@lumenmail.com,Accessories,2,39.71,0.15,Paid Search,AU,control
ORD-007016,2024-05-26,,guest@lumenmail.com,Lighting,2,11.75,0.0,Paid Search,US,
ORD-005822,2024-07-03,CUST-02232,cust-02232@lumenmail.com,Outdoor,1,11.23,0.0,Organic,US,
ORD-008173,2024-05-28,CUST-02490,cust-02490@lumenmail.com,Lighting,2,85.92,0.0,Paid Search,US,variant
ORD-002158,2023-12-25,CUST-01646,cust-01646@lumenmail.com,Décor,-1,35.87,0.0,Email,US,variant
ORD-008475,2024-07-02,CUST-02884,cust-02884@lumenmail.com,Décor,2,95.68,0.0,Organic,UK,
ORD-008328,2024-09-14,CUST-02584,cust-02584@lumenmail.com,Lighting,2,12.68,0.15,Email,UK,variant
ORD-002347,2024-04-25,CUST-00092,cust-00092@lumenmail.com,Décor,3,77.0,0.25,Paid Search,US,control
ORD-006425,2024-11-16,CUST-00285,cust-00285@lumenmail.com,Lighting,4,7.65,0.1,Organic,US,control
ORD-006033,22/06/2024,CUST-01886,cust-01886@lumenmail.com,Décor,3,5.44,0.05,Email,US,control
ORD-006855,2024-04-01,CUST-02413,cust-02413@lumenmail.com,Lighting,1,47.65,0.05,Paid Search,UK,
ORD-007505,2023-12-17,CUST-01414,cust-01414@lumenmail.com,Lighting,2,45.92,0.0,Paid Search,CA,
ORD-007480,2024-03-11,CUST-01262,cust-01262@lumenmail.com,Décor,1,70.42,0.0,Social,US,control
ORD-002179,2024-03-11,CUST-01405,cust-01405@lumenmail.com,Lighting,1,99.99,0.0,Organic,US,variant
ORD-003801,2024-06-11,CUST-02589,cust-02589@lumenmail.com,Furniture,1,33.63,0.15,Paid Search,US,control
ORD-002860,2023-08-28,CUST-02920,cust-02920@lumenmail.com,Accessories,3,342.26,0.15,Email,US,
ORD-003085,17/09/2023,CUST-02749,cust-02749@lumenmail.com,Furniture,1,31.83,0.0,Email,US,variant
ORD-004320,2024-03-10,CUST-01576,cust-01576@lumenmail.com,Outdoor,6,85.27,0.2,Email,UK,variant
ORD-005262,2023-08-06,,guest@lumenmail.com,Lighting,1,452.23,0.0,Paid Search,US,
ORD-002563,2023-06-01,CUST-01824,cust-01824@lumenmail.com,Furniture,3,45.66,0.0,Organic,US,
ORD-005747,2023-12-09,CUST-00198,cust-00198@lumenmail.com,Lighting,1,244.51,0.0,Email,CA,control
ORD-002147,2023-07-05,CUST-01473,cust-01473@lumenmail.com,Accessories,1,67.77,0.0,Social,US,variant
ORD-006129,2024-06-05,,guest@lumenmail.com,Lighting,1,18.98,0.0,Paid Search,US,variant
ORD-008731,2024-11-03,CUST-02939,cust-02939@lumenmail.com,Lighting,2,42.5,0.1,Email,US,variant
ORD-007231,2024-02-20,CUST-00413,cust-00413@lumenmail.com,Lighting,3,129.09,0.05,Paid Search,CA,
ORD-004933,2024-09-08,,guest@lumenmail.com,Décor,1,15.52,0.0,Organic,US,
ORD-005440,2023-10-20,CUST-02789,cust-02789@lumenmail.com,Décor,1,5.88,0.05,Organic,US,control
ORD-003771,2023-06-30,CUST-00662,cust-00662@lumenmail.com,Outdoor,1,78.57,0.0,Email,CA,
ORD-000252,2024-04-26,CUST-00053,cust-00053@lumenmail.com,Furniture,1,46.36,0.2,Organic,CA,
ORD-008946,27/08/2023,CUST-00015,cust-00015@lumenmail.com,Lighting,1,41.88,0.1,Paid Search,US,control
ORD-008550,2024-04-20,CUST-02300,cust-02300@lumenmail.com,Décor,1,72.37,0.05,Paid Search,US,
ORD-004007,2024-12-05,CUST-01715,cust-01715@lumenmail.com,Lighting,4,6.03,0.0,Email,US,
ORD-001433,2024-07-04,CUST-00277,cust-00277@lumenmail.com,Lighting,3,609.06,0.0,Email,US,
ORD-004159,2023-11-30,CUST-01017,cust-01017@lumenmail.com,Outdoor,1,254.89,0.15,Paid Search,CA,variant
ORD-003658,2024-11-30,CUST-00029,cust-00029@lumenmail.com,Décor,1,93.75,0.0,Organic,US,variant
ORD-008292,2024-05-13,CUST-01991,cust-01991@lumenmail.com,Décor,2,89.41,0.15,Organic,CA,control
ORD-003738,2024-06-12,CUST-02771,cust-02771@lumenmail.com,Décor,5,7.1,0.05,Email,US,
ORD-002165,25/05/2024,CUST-01633,cust-01633@lumenmail.com,Outdoor,5,47.41,0.0,Email,US,
ORD-000512,2024-10-26,CUST-00655,cust-00655@lumenmail.com,Outdoor,3,95.44,0.0,Email,US,variant
ORD-001229,2024-03-13,CUST-00868,cust-00868@lumenmail.com,Décor,2,232.71,0.1,Social,US,variant
ORD-006944,2023-09-16,CUST-00860,cust-00860@lumenmail.com,Furniture,-6,42.52,0.05,Email,CA,
ORD-006368,2024-03-09,CUST-01769,cust-01769@lumenmail.com,Furniture,1,276.51,0.1,Social,US,control
ORD-005301,2024-04-22,CUST-00173,cust-00173@lumenmail.com,Décor,2,63.36,0.0,Email,ZZ,control
ORD-009388,2023-09-06,CUST-00871,cust-00871@lumenmail.com,Accessories,1,63.27,0.0,Email,UK,variant
ORD-000792,2023-10-26,CUST-01931,cust-01931@lumenmail.com,Outdoor,4,276.04,0.0,Paid Search,US,variant
ORD-008738,2023-06-23,CUST-00290,cust-00290@lumenmail.com,Décor,1,57.73,0.05,Email,CA,variant
ORD-004221,2023-09-17,,guest@lumenmail.com,Décor,3,164.88,0.0,Social,US,control
ORD-000278,12/11/2023,CUST-00883,cust-00883@lumenmail.com,Lighting,1,7.83,0.0,Email,UK,variant
ORD-005960,2023-06-09,CUST-02083,cust-02083@lumenmail.com,Décor,4,0.0,0.0,Paid Search,AU,variant
ORD-004235,2024-05-25,CUST-02289,cust-02289@lumenmail.com,Furniture,3,89.21,0.1,Paid Search,UK,variant
ORD-007288,2023-11-28,,guest@lumenmail.com,Lighting,1,15.24,0.15,Email,US,
ORD-006029,2024-07-13,,guest@lumenmail.com,Furniture,2,10.31,0.05,Email,US,
ORD-000004,2023-09-02,CUST-01171,cust-01171@lumenmail.com,Furniture,1,90.75,0.0,Social,UK,control
ORD-001034,2024-12-23,CUST-01265,cust-01265@lumenmail.com,Décor,2,139.37,0.1,Email,US,
ORD-008128,2024-06-23,CUST-02414,cust-02414@lumenmail.com,Décor,2,29.38,0.15,Social,UK,control
ORD-000941,2024-01-10,CUST-00505,cust-00505@lumenmail.com,Décor,2,52.41,0.2,Paid Search,US,variant
ORD-008325,29/07/2023,CUST-00575,cust-00575@lumenmail.com,Décor,1,0.0,0.0,Organic,US,variant
ORD-003686,2024-06-10,CUST-01368,cust-01368@lumenmail.com,Outdoor,1,184.79,0.0,,US,
ORD-005959,2024-10-23,CUST-00811,cust-00811@lumenmail.com,Outdoor,2,48.56,0.2,Paid Search,UK,variant
ORD-004979,2023-10-25,CUST-02171,cust-02171@lumenmail.com,Lighting,1,121.09,0.25,Organic,US,
ORD-002974,2024-07-14,,guest@lumenmail.com,Lighting,1,7.37,0.05,Email,US,variant
ORD-007961,2024-06-13,CUST-01599,cust-01599@lumenmail.com,Décor,4,76.1,0.0,Social,US,
ORD-000929,2023-09-26,CUST-01747,cust-01747@lumenmail.com,Outdoor,2,39.37,0.25,Email,US,
ORD-001635,05/10/2023,CUST-00434,cust-00434@lumenmail.com,Lighting,2,269.29,0.0,,UK,
ORD-006387,2023-10-16,CUST-02231,cust-02231@lumenmail.com,Décor,3,67.83,0.0,Organic,US,control
ORD-004891,2023-10-10,CUST-02452,cust-02452@lumenmail.com,Furniture,1,183.87,0.0,Organic,CA,
ORD-000680,2024-02-26,CUST-02345,cust-02345@lumenmail.com,Furniture,3,84.79,0.0,Paid Search,US,control
ORD-002819,2024-03-29,CUST-01751,cust-01751@lumenmail.com,Décor,1,89.57,0.05,Paid Search,UK,variant
ORD-005412,2024-09-07,CUST-00750,cust-00750@lumenmail.com,Lighting,1,68.34,0.0,Paid Search,US,
ORD-005124,2023-09-28,CUST-01892,cust-01892@lumenmail.com,Lighting,1,75.74,0.25,Paid Search,CA,
ORD-001335,2024-03-16,CUST-01900,cust-01900@lumenmail.com,Décor,4,23.5,0.0,Email,UK,variant
ORD-009390,2024-03-15,,guest@lumenmail.com,Lighting,2,353.89,0.15,Paid Search,US,
ORD-000618,2023-07-14,CUST-00640,cust-00640@lumenmail.com,Décor,2,84.44,0.05,Organic,CA,variant
ORD-004120,2024-01-26,CUST-02520,cust-02520@lumenmail.com,Furniture,1,25.95,0.1,Email,US,control
ORD-003287,2024-03-09,CUST-02900,cust-02900@lumenmail.com,Décor,5,45.44,0.0,Organic,US,variant
ORD-004896,2024-09-12,CUST-00604,cust-00604@lumenmail.com,Outdoor,2,44.09,0.1,Email,UK,variant
ORD-004995,2024-06-05,CUST-00753,cust-00753@lumenmail.com,Lighting,1,753.71,0.0,Paid Search,CA,
ORD-006340,2023-08-30,CUST-02443,cust-02443@lumenmail.com,Furniture,4,13.75,0.1,Email,CA,variant
ORD-002530,2023-10-25,CUST-01412,cust-01412@lumenmail.com,Lighting,1,19.67,0.1,Paid Search,US,control
ORD-008318,2024-11-27,CUST-01082,cust-01082@lumenmail.com,Lighting,1,179.85,0.05,Paid Search,US,
ORD-000959,2023-08-20,CUST-00890,cust-00890@lumenmail.com,Décor,3,42.7,0.15,Social,UK,
ORD-003614,2024-12-24,,guest@lumenmail.com,Lighting,3,46.85,0.0,Email,US,control
ORD-006529,03/07/2023,CUST-00704,cust-00704@lumenmail.com,Accessories,1,60.18,0.15,Email,US,control
ORD-004485,2023-07-31,CUST-01370,cust-01370@lumenmail.com,Lighting,2,8.75,0.0,Email,US,
ORD-007662,2023-10-01,CUST-00075,cust-00075@lumenmail.com,Lighting,1,62.72,0.05,Email,CA,control
ORD-007156,2024-01-27,CUST-00969,cust-00969@lumenmail.com,Furniture,4,30.3,0.0,Paid Search,US,control
ORD-002649,2023-12-24,CUST-01031,cust-01031@lumenmail.com,Lighting,2,149.37,0.05,Paid Search,AU,
ORD-003048,2024-07-31,CUST-01300,cust-01300@lumenmail.com,Décor,1,37.38,0.15,Social,US,
ORD-006429,21/08/2024,CUST-00163,cust-00163@lumenmail.com,Outdoor,-2,30.98,0.0,Paid Search,UK,
ORD-006087,11/12/2023,CUST-01533,cust-01533@lumenmail.com,Furniture,3,46.76,0.0,Email,US,variant
ORD-002654,2024-04-24,CUST-02235,cust-02235@lumenmail.com,Furniture,1,112.3,0.0,Organic,US,
ORD-004728,2024-05-28,CUST-01132,cust-01132@lumenmail.com,Lighting,5,67.07,0.0,Email,US,control
ORD-004284,2024-04-27,CUST-02921,cust-02921@lumenmail.com,Lighting,1,27.2,0.15,Social,CA,control
ORD-008777,2023-10-17,CUST-01712,cust-01712@lumenmail.com,Lighting,1,198.57,0.05,Paid Search,CA,control
ORD-006859,2023-07-07,CUST-01840,cust-01840@lumenmail.com,Furniture,1,64.12,0.0,Organic,US,variant
ORD-002764,2023-06-16,CUST-01861,cust-01861@lumenmail.com,Outdoor,2,218.21,0.0,Paid Search,US,
ORD-004036,2024-03-30,CUST-00987,cust-00987@lumenmail.com,Lighting,2,110.25,0.0,Social,UK,control
ORD-005891,2024-09-28,CUST-00403,cust-00403@lumenmail.com,Furniture,1,59.91,0.0,Social,UK,control
ORD-008692,2023-09-17,CUST-00683,cust-00683@lumenmail.com,Décor,4,187.09,0.0,,US,
ORD-001117,2024-12-21,CUST-00999,cust-00999@lumenmail.com,Furniture,1,9.05,0.0,Paid Search,US,
ORD-006513,2024-01-13,CUST-02921,cust-02921@lumenmail.com,Lighting,1,256.29,0.15,Paid Search,UK,
ORD-004406,22/08/2023,CUST-02191,cust-02191@lumenmail.com,Accessories,4,87.09,0.05,Paid Search,US,variant
ORD-004918,03/06/2023,CUST-02425,cust-02425@lumenmail.com,Outdoor,1,46.36,0.0,Paid Search,CA,variant
ORD-000353,2023-11-01,CUST-02445,cust-02445@lumenmail.com,Furniture,6,134.9,0.0,Email,US,
ORD-001631,2023-06-20,CUST-00941,cust-00941@lumenmail.com,Outdoor,7,353.55,0.15,Paid Search,UK,variant
ORD-008588,2024-04-25,CUST-01737,cust-01737@lumenmail.com,Décor,1,187.94,0.0,Paid Search,US,
ORD-000043,2024-10-20,CUST-00049,cust-00049@lumenmail.com,Furniture,7,44.34,0.0,Paid Search,CA,
ORD-002973,2023-08-03,CUST-02514,cust-02514@lumenmail.com,Décor,2,87.28,0.1,Paid Search,AU,variant
ORD-001113,2024-06-19,CUST-00654,cust-00654@lumenmail.com,Lighting,1,275.45,0.0,Email,CA,variant
ORD-006138,20/12/2023,CUST-00810,cust-00810@lumenmail.com,Lighting,1,150.84,0.15,Social,US,
ORD-006385,2024-11-15,CUST-01011,cust-01011@lumenmail.com,Furniture,1,239.32,0.05,Paid Search,US,control
ORD-008097,2024-07-11,CUST-00136,cust-00136@lumenmail.com,Accessories,3,51.44,0.1,Email,US,
ORD-003636,26/02/2024,CUST-01914,cust-01914@lumenmail.com,Furniture,3,139.81,0.1,Paid Search,CA,variant
ORD-006822,2024-03-03,CUST-00860,cust-00860@lumenmail.com,Lighting,2,155.49,0.0,Email,CA,control
ORD-005665,2024-12-22,CUST-02612,cust-02612@lumenmail.com,Lighting,1,10.16,0.0,Email,US,
ORD-006117,2023-08-31,CUST-01467,cust-01467@lumenmail.com,Outdoor,2,348.06,0.2,Email,US,control
ORD-000606,2024-03-26,CUST-02562,cust-02562@lumenmail.com,Furniture,2,199.84,0.0,Social,AU,
ORD-005894,2024-09-17,CUST-01796,cust-01796@lumenmail.com,Lighting,1,166.28,0.05,Email,US,
ORD-001418,2024-10-04,,guest@lumenmail.com,Lighting,5,22.34,0.05,Organic,UK,
ORD-009067,2023-07-17,CUST-00644,cust-00644@lumenmail.com,Lighting,1,329.85,0.05,Paid Search,US,
ORD-007647,2023-08-07,CUST-01295,cust-01295@lumenmail.com,Furniture,2,48.56,0.0,Organic,AU,
ORD-006687,2024-03-02,CUST-00474,cust-00474@lumenmail.com,Lighting,1,202.93,0.0,Social,CA,control
ORD-006303,2023-09-01,CUST-02287,cust-02287@lumenmail.com,Lighting,2,60.03,0.0,,CA,variant
ORD-002491,2024-09-29,CUST-02554,cust-02554@lumenmail.com,Lighting,1,17.9,0.0,Email,UK,control
ORD-001996,2024-01-30,CUST-02088,cust-02088@lumenmail.com,Lighting,3,784.67,0.1,Social,US,
ORD-000184,14/09/2023,CUST-02977,cust-02977@lumenmail.com,Furniture,2,33.04,0.0,Organic,US,
ORD-002426,2023-09-21,CUST-00430,cust-00430@lumenmail.com,Décor,4,28.7,0.15,Email,US,variant
ORD-004365,2024-03-19,CUST-02614,cust-02614@lumenmail.com,Lighting,1,10.62,0.1,,US,control
ORD-000885,2024-08-18,CUST-00981,cust-00981@lumenmail.com,Lighting,1,79.37,0.2,Paid Search,US,control
ORD-004049,2024-09-08,CUST-01980,cust-01980@lumenmail.com,Décor,1,88.5,0.0,Social,US,
ORD-003173,2024-06-16,CUST-00259,cust-00259@lumenmail.com,Outdoor,4,63.63,0.1,Organic,US,
ORD-006515,2023-09-05,CUST-01959,cust-01959@lumenmail.com,Décor,2,217.35,0.15,Organic,CA,variant
ORD-006912,2023-11-06,CUST-00149,cust-00149@lumenmail.com,Furniture,2,31.75,0.05,Email,UK,variant
ORD-008896,2024-12-04,CUST-02822,cust-02822@lumenmail.com,Furniture,3,358.49,0.2,Organic,UK,
ORD-002231,2023-11-11,CUST-02747,cust-02747@lumenmail.com,Accessories,3,49.38,0.0,Organic,US,control
ORD-005238,2023-07-21,CUST-01215,cust-01215@lumenmail.com,Lighting,3,147.25,0.0,Social,CA,control
ORD-005504,2024-12-22,CUST-02439,cust-02439@lumenmail.com,Outdoor,3,106.81,0.0,Email,ZZ,control
ORD-000584,2023-08-22,CUST-02027,cust-02027@lumenmail.com,Furniture,1,596.32,0.1,Paid Search,US,control
ORD-008208,2024-09-28,CUST-02779,cust-02779@lumenmail.com,Décor,4,168.97,0.05,Social,US,control
ORD-008350,2024-12-30,CUST-02580,cust-02580@lumenmail.com,Lighting,2,699.84,0.2,Social,US,
ORD-004585,2023-07-04,CUST-01425,cust-01425@lumenmail.com,Furniture,3,32.39,0.0,Paid Search,AU,
ORD-001203,2024-02-23,CUST-01674,cust-01674@lumenmail.com,Lighting,4,42.38,0.0,Paid Search,US,
ORD-002211,2023-06-30,CUST-02603,cust-02603@lumenmail.com,Lighting,2,34.52,0.05,Paid Search,US,control
ORD-003805,2024-05-30,CUST-01004,cust-01004@lumenmail.com,Décor,4,86.03,0.25,Email,UK,control
ORD-000263,2024-02-24,CUST-01183,cust-01183@lumenmail.com,Furniture,1,98.2,0.1,Paid Search,US,
ORD-004494,2023-11-06,CUST-00200,cust-00200@lumenmail.com,Outdoor,1,33.47,0.0,Paid Search,US,control
ORD-002079,2023-10-12,CUST-00041,cust-00041@lumenmail.com,Outdoor,2,219.69,0.0,Organic,CA,variant
ORD-000133,2024-06-25,,guest@lumenmail.com,Outdoor,3,253.36,0.0,Organic,US,
ORD-004225,06/11/2023,CUST-01103,cust-01103@lumenmail.com,Outdoor,2,36.13,0.0,Paid Search,CA,control
ORD-002759,2024-12-30,CUST-01063,cust-01063@lumenmail.com,Outdoor,4,19.72,0.0,Paid Search,US,variant
ORD-005601,2024-03-19,CUST-02019,cust-02019@lumenmail.com,Lighting,2,40.73,0.0,Social,US,variant
ORD-003435,2024-03-31,CUST-00487,cust-00487@lumenmail.com,Lighting,1,9.91,0.0,Organic,US,control
ORD-008138,2024-02-17,CUST-01130,cust-01130@lumenmail.com,Lighting,1,0.0,0.05,Email,US,variant
ORD-006116,2023-08-03,CUST-01152,cust-01152@lumenmail.com,Lighting,3,682.63,0.0,Email,US,
ORD-004129,2023-12-08,CUST-01020,cust-01020@lumenmail.com,Décor,3,6.84,0.1,Social,US,variant
ORD-003431,2024-07-11,CUST-02522,cust-02522@lumenmail.com,Lighting,3,26.02,0.2,Social,CA,
ORD-004703,2024-05-26,CUST-02662,cust-02662@lumenmail.com,Lighting,1,28.84,0.1,,UK,
ORD-003224,,CUST-01215,cust-01215@lumenmail.com,Furniture,2,66.78,0.2,Organic,AU,control
ORD-004850,2024-02-15,CUST-01459,cust-01459@lumenmail.com,Furniture,2,38.13,0.0,Email,US,control
ORD-003621,2024-06-25,,guest@lumenmail.com,Décor,3,15.33,0.05,Email,US,variant
ORD-007546,2023-08-01,CUST-02466,cust-02466@lumenmail.com,Décor,1,378.75,0.05,Organic,ZZ,
ORD-009339,2023-12-06,CUST-01263,cust-01263@lumenmail.com,Furniture,1,21.42,0.0,Email,CA,variant
ORD-001648,2024-04-18,CUST-00587,cust-00587@lumenmail.com,Furniture,1,42.34,0.05,Organic,US,
ORD-007399,2024-05-05,CUST-01790,cust-01790@lumenmail.com,Furniture,4,38.84,0.0,Organic,US,control
ORD-008504,2023-09-29,CUST-00137,cust-00137@lumenmail.com,Furniture,3,39.25,0.0,Paid Search,US,
ORD-005309,2024-08-06,CUST-00101,cust-00101@lumenmail.com,Lighting,1,12.08,0.05,Social,US,variant
ORD-005866,2024-10-06,CUST-01524,cust-01524@lumenmail.com,Décor,-1,305.28,0.15,Email,US,
ORD-004717,2024-10-06,CUST-01698,cust-01698@lumenmail.com,Lighting,5,40.72,0.0,Email,US,
ORD-002309,21/06/2024,CUST-02653,cust-02653@lumenmail.com,Décor,2,75.01,0.15,Organic,US,
ORD-008254,2023-07-27,CUST-00219,cust-00219@lumenmail.com,Furniture,1,38.53,0.05,Organic,CA,
ORD-001070,2023-09-14,CUST-00941,cust-00941@lumenmail.com,Lighting,3,97.1,0.0,Paid Search,US,
ORD-004529,2024-08-24,CUST-00787,cust-00787@lumenmail.com,Outdoor,3,66.93,0.25,Social,CA,control
ORD-005611,2023-12-08,CUST-02680,cust-02680@lumenmail.com,Lighting,2,799.74,0.0,Social,US,control
ORD-004619,2023-06-08,CUST-01001,cust-01001@lumenmail.com,Décor,1,350.82,0.0,Email,US,control
ORD-003227,2023-11-13,CUST-00787,cust-00787@lumenmail.com,Furniture,1,42.97,0.0,Paid Search,CA,
ORD-002037,2023-07-28,CUST-00101,cust-00101@lumenmail.com,Décor,1,42.53,0.1,Email,US,variant
ORD-001166,2024-06-17,CUST-00278,cust-00278@lumenmail.com,Décor,4,181.75,0.0,Paid Search,US,variant
ORD-007840,2024-04-10,CUST-00025,cust-00025@lumenmail.com,Lighting,-6,258.42,0.15,Paid Search,US,control
ORD-007842,2024-10-22,CUST-02255,cust-02255@lumenmail.com,Furniture,2,196.44,0.0,Organic,UK,variant
ORD-002092,2023-12-31,CUST-02801,cust-02801@lumenmail.com,Décor,1,186.01,0.0,,US,control
ORD-000376,30/10/2023,CUST-01933,cust-01933@lumenmail.com,Décor,2,8.11,0.0,Paid Search,US,
ORD-008107,2023-09-22,CUST-01103,cust-01103@lumenmail.com,Furniture,6,43.5,0.05,Organic,US,control
ORD-004492,13/04/2024,CUST-02486,cust-02486@lumenmail.com,Lighting,1,42.48,0.0,Email,US,
ORD-009218,2024-09-08,CUST-02329,cust-02329@lumenmail.com,Décor,1,99.8,0.15,Paid Search,CA,control
ORD-009166,15/08/2024,CUST-00745,cust-00745@lumenmail.com,Furniture,1,129.4,0.05,Paid Search,US,
ORD-008984,2024-03-25,,guest@lumenmail.com,Lighting,7,374.5,0.05,,US,
ORD-001775,2023-10-11,CUST-01407,cust-01407@lumenmail.com,Furniture,1,31.7,0.25,Social,US,
ORD-006432,2024-09-02,CUST-01926,cust-01926@lumenmail.com,Décor,3,34.31,0.0,Organic,UK,variant
ORD-001789,2023-09-25,CUST-02486,cust-02486@lumenmail.com,Lighting,1,61.19,0.0,Email,UK,variant
ORD-005393,12/09/2024,CUST-00822,cust-00822@lumenmail.com,Lighting,1,44.38,0.05,Paid Search,US,
ORD-008198,21/11/2023,CUST-02278,cust-02278@lumenmail.com,Lighting,1,19.14,0.05,Email,UK,
ORD-007904,2023-07-04,CUST-00666,cust-00666@lumenmail.com,Lighting,6,93.7,0.05,Paid Search,US,control
ORD-003871,2024-06-27,CUST-00119,cust-00119@lumenmail.com,Accessories,1,41.23,0.0,Organic,US,
ORD-000116,2024-12-18,CUST-00412,cust-00412@lumenmail.com,Furniture,-1,690.61,0.2,Email,US,control
ORD-005456,2024-10-19,CUST-02241,cust-02241@lumenmail.com,Furniture,1,12.82,0.2,Paid Search,US,control
ORD-007486,01/06/2024,CUST-02675,cust-02675@lumenmail.com,Lighting,1,180.63,0.05,Organic,US,control
ORD-004261,2024-09-19,CUST-02732,cust-02732@lumenmail.com,Accessories,3,81.51,0.15,Email,US,control
ORD-003838,2024-08-14,CUST-01231,cust-01231@lumenmail.com,Lighting,1,32.81,0.05,Email,US,control
ORD-002884,2024-05-23,CUST-02751,cust-02751@lumenmail.com,Furniture,1,21.95,0.05,Paid Search,US,control
ORD-007029,2023-08-04,CUST-01785,cust-01785@lumenmail.com,Lighting,2,203.45,0.1,Organic,US,variant
ORD-000435,2024-08-17,CUST-02080,cust-02080@lumenmail.com,Lighting,2,357.56,0.1,Paid Search,AU,control
ORD-008982,2023-06-09,CUST-02378,cust-02378@lumenmail.com,Lighting,1,85.86,0.0,Paid Search,US,control
ORD-009179,2023-08-31,CUST-02562,cust-02562@lumenmail.com,Lighting,1,81.04,0.0,Paid Search,ZZ,control
ORD-000676,2024-08-07,CUST-00353,cust-00353@lumenmail.com,Lighting,1,11.82,0.15,Email,CA,control
ORD-009429,2024-03-12,CUST-01619,cust-01619@lumenmail.com,Lighting,1,175.91,0.0,Paid Search,US,control
ORD-003229,2023-08-16,CUST-00806,cust-00806@lumenmail.com,Lighting,1,143.61,0.0,Paid Search,US,control
ORD-003845,2023-07-30,CUST-01410,cust-01410@lumenmail.com,Furniture,4,42.13,0.05,Paid Search,CA,control
ORD-000382,2023-09-14,,guest@lumenmail.com,Lighting,2,26.56,0.05,Email,US,variant
ORD-008335,2023-07-27,CUST-00395,cust-00395@lumenmail.com,Lighting,4,79.58,0.1,Organic,US,
ORD-001328,2023-07-15,CUST-01283,cust-01283@lumenmail.com,Lighting,3,16.6,0.0,Paid Search,UK,
ORD-005964,2024-02-10,CUST-01382,cust-01382@lumenmail.com,Lighting,3,122.18,0.2,Social,US,variant
ORD-000011,18/02/2024,CUST-02275,cust-02275@lumenmail.com,Lighting,1,24.64,0.0,Social,US,
ORD-003242,2024-02-28,CUST-02547,cust-02547@lumenmail.com,Décor,2,22.04,0.2,Social,US,
ORD-003829,2024-07-06,CUST-00193,cust-00193@lumenmail.com,Lighting,2,130.71,0.05,Paid Search,AU,
ORD-006569,08/11/2024,CUST-00010,cust-00010@lumenmail.com,Lighting,2,18.01,0.05,Paid Search,AU,variant
ORD-003930,2024-04-16,CUST-01876,cust-01876@lumenmail.com,Accessories,1,778.78,0.0,Email,CA,
ORD-008082,2023-10-03,CUST-02314,cust-02314@lumenmail.com,Furniture,2,81.88,0.2,Email,CA,variant
ORD-004513,15/08/2023,CUST-00406,cust-00406@lumenmail.com,Décor,1,530.49,0.1,Paid Search,UK,
ORD-002795,2023-07-05,CUST-00332,cust-00332@lumenmail.com,Décor,1,98.75,0.05,Email,US,control
ORD-000771,2023-07-17,CUST-00355,cust-00355@lumenmail.com,Furniture,2,36.31,0.0,Paid Search,US,control
ORD-005515,2023-11-03,CUST-01286,cust-01286@lumenmail.com,Lighting,4,47.03,0.15,Email,US,
ORD-004505,2023-10-07,CUST-00471,cust-00471@lumenmail.com,Outdoor,-5,149.92,0.05,Organic,US,variant
ORD-004841,2023-11-14,CUST-02989,cust-02989@lumenmail.com,Outdoor,3,523.95,0.1,Social,US,control
ORD-004967,2023-10-24,CUST-00185,cust-00185@lumenmail.com,Lighting,1,43.63,0.0,Email,UK,
ORD-004339,22/12/2024,CUST-00732,cust-00732@lumenmail.com,Lighting,3,32.06,0.1,Email,US,
ORD-004273,2024-06-11,CUST-01012,cust-01012@lumenmail.com,Accessories,3,12.94,0.0,Paid Search,UK,variant
ORD-000785,13/06/2024,CUST-00093,cust-00093@lumenmail.com,Furniture,1,481.79,0.0,Email,US,control
ORD-001231,2024-12-06,CUST-00858,cust-00858@lumenmail.com,Décor,2,65.87,0.0,Paid Search,US,
ORD-007441,2023-07-24,CUST-02623,cust-02623@lumenmail.com,Accessories,2,162.32,0.05,Paid Search,ZZ,variant
ORD-006915,21/03/2024,CUST-01941,cust-01941@lumenmail.com,Décor,1,236.69,0.0,Paid Search,CA,
ORD-002442,2024-09-12,CUST-00177,cust-00177@lumenmail.com,Furniture,2,9.99,0.0,Social,UK,control
ORD-000081,01/12/2023,CUST-01184,cust-01184@lumenmail.com,Lighting,3,26.38,0.15,Paid Search,AU,variant
ORD-005980,2024-07-27,,guest@lumenmail.com,Furniture,1,124.63,0.05,Organic,US,variant
ORD-007821,2023-08-12,,guest@lumenmail.com,Accessories,3,286.53,0.2,Email,UK,
ORD-009551,2024-03-17,CUST-00064,cust-00064@lumenmail.com,Furniture,2,109.71,0.0,Paid Search,US,variant
ORD-001672,2024-05-01,CUST-01901,cust-01901@lumenmail.com,Furniture,2,86.05,0.0,Paid Search,CA,control
ORD-003233,2024-08-10,,guest@lumenmail.com,Lighting,7,189.09,0.05,Paid Search,US,variant
ORD-006563,2024-06-07,CUST-00170,cust-00170@lumenmail.com,Lighting,4,29.45,0.0,Social,UK,control
ORD-008330,2024-05-10,CUST-02004,cust-02004@lumenmail.com,Décor,2,86.95,0.05,Paid Search,US,
ORD-003879,04/10/2024,CUST-00812,cust-00812@lumenmail.com,Décor,7,146.57,0.0,Organic,US,control
ORD-000721,2024-06-08,,guest@lumenmail.com,Décor,1,5.01,0.0,Email,US,
ORD-005750,2023-11-10,CUST-01231,cust-01231@lumenmail.com,Décor,5,8.01,0.2,Email,US,
ORD-005854,2024-03-07,CUST-00751,cust-00751@lumenmail.com,Furniture,2,47.21,0.05,Organic,US,
ORD-008759,2023-10-28,CUST-00924,cust-00924@lumenmail.com,Décor,3,380.92,0.0,Email,US,
ORD-000186,2023-09-22,,guest@lumenmail.com,Furniture,2,79.78,0.0,Paid Search,US,
ORD-006977,28/11/2023,CUST-02101,cust-02101@lumenmail.com,Furniture,2,39.22,0.1,Organic,US,control
ORD-004110,2024-04-25,CUST-01156,cust-01156@lumenmail.com,Lighting,2,75.47,0.1,Organic,US,variant
ORD-001357,16/08/2023,CUST-00749,cust-00749@lumenmail.com,Lighting,1,29.88,0.05,Email,UK,
ORD-002143,21/03/2024,CUST-02550,cust-02550@lumenmail.com,Lighting,3,39.05,0.1,Paid Search,US,
ORD-004706,2024-04-24,,guest@lumenmail.com,Décor,3,179.2,0.25,Organic,US,
ORD-003672,2023-06-12,CUST-01552,cust-01552@lumenmail.com,Lighting,7,147.76,0.1,Paid Search,US,control
ORD-000542,31/07/2023,,guest@lumenmail.com,Décor,2,47.29,0.05,Paid Search,UK,
ORD-008307,2024-10-23,CUST-00911,cust-00911@lumenmail.com,Furniture,2,239.45,0.1,Organic,CA,
ORD-001104,2023-06-18,CUST-02615,cust-02615@lumenmail.com,Décor,1,52.34,0.1,Email,UK,variant
ORD-006013,2023-11-29,CUST-00218,cust-00218@lumenmail.com,Décor,1,151.02,0.1,Paid Search,UK,control
ORD-004132,2024-10-14,CUST-00222,cust-00222@lumenmail.com,Accessories,3,118.2,0.25,Email,US,
ORD-002515,2023-08-18,CUST-02571,cust-02571@lumenmail.com,Lighting,1,66.27,0.2,Organic,US,control
ORD-007164,2023-07-26,CUST-00856,cust-00856@lumenmail.com,Décor,1,48.44,0.2,,US,control
ORD-002631,11/12/2024,CUST-02489,cust-02489@lumenmail.com,Décor,1,286.31,0.0,Email,AU,control
ORD-001912,06/12/2023,CUST-00682,cust-00682@lumenmail.com,Outdoor,6,703.55,0.05,Organic,US,variant
ORD-003660,2024-05-03,CUST-01024,cust-01024@lumenmail.com,Outdoor,4,395.98,0.0,Email,US,control
ORD-003921,2023-12-12,CUST-00708,cust-00708@lumenmail.com,Lighting,1,99.77,0.1,Organic,US,control
ORD-006230,2024-06-04,CUST-01981,cust-01981@lumenmail.com,Outdoor,1,26.95,0.0,Email,CA,control
ORD-004827,2023-10-10,CUST-00094,cust-00094@lumenmail.com,Décor,2,103.46,0.0,Paid Search,US,
ORD-000641,2024-11-09,CUST-00494,cust-00494@lumenmail.com,Décor,2,309.24,0.0,Organic,US,variant
ORD-005636,2024-02-07,,guest@lumenmail.com,Décor,1,48.88,0.2,Email,US,
ORD-003689,2023-11-18,CUST-02762,cust-02762@lumenmail.com,Outdoor,5,107.54,0.0,Organic,US,
ORD-001947,2023-11-15,CUST-02096,cust-02096@lumenmail.com,Furniture,2,72.82,0.0,Social,US,variant
ORD-001032,2024-12-20,CUST-02089,cust-02089@lumenmail.com,Décor,3,37.44,0.05,Paid Search,US,
ORD-001432,2024-09-10,CUST-00594,cust-00594@lumenmail.com,Décor,1,0.0,0.1,Organic,US,
ORD-009008,2024-11-28,CUST-01940,cust-01940@lumenmail.com,Lighting,2,261.51,0.0,Social,US,
ORD-003630,25/09/2024,,guest@lumenmail.com,Décor,1,35.52,0.0,,US,
ORD-006611,2024-10-11,CUST-00965,cust-00965@lumenmail.com,Outdoor,2,18.13,0.1,Email,UK,control
ORD-005990,2024-09-25,CUST-01973,cust-01973@lumenmail.com,Lighting,1,229.94,0.0,Social,US,control
ORD-006441,2024-10-21,,guest@lumenmail.com,Lighting,2,106.27,0.25,Organic,UK,control
ORD-007939,2024-09-06,CUST-02532,cust-02532@lumenmail.com,Lighting,2,515.69,0.0,Organic,CA,
ORD-003092,03/08/2024,CUST-01447,cust-01447@lumenmail.com,Décor,2,39.06,0.1,Paid Search,US,control
ORD-007962,22/07/2023,CUST-01384,cust-01384@lumenmail.com,Lighting,3,30.66,0.0,Paid Search,US,
ORD-003179,2023-11-15,CUST-00177,cust-00177@lumenmail.com,Outdoor,1,179.41,0.1,Email,US,
ORD-009434,2023-11-12,CUST-01040,cust-01040@lumenmail.com,Décor,2,90.15,0.0,Paid Search,CA,control
ORD-000131,2023-12-19,CUST-02210,cust-02210@lumenmail.com,Furniture,2,31.31,0.15,Paid Search,US,
ORD-003486,2024-10-24,CUST-01568,cust-01568@lumenmail.com,Lighting,1,51.55,0.2,Paid Search,US,
ORD-003265,2023-06-10,CUST-01574,cust-01574@lumenmail.com,Lighting,3,169.98,0.15,Organic,US,control
ORD-007693,18/04/2024,CUST-00207,cust-00207@lumenmail.com,Accessories,5,718.87,0.1,Paid Search,US,control
ORD-006897,2024-01-09,CUST-01010,cust-01010@lumenmail.com,Outdoor,5,34.32,0.1,Email,UK,control
ORD-001235,2024-05-19,CUST-00485,cust-00485@lumenmail.com,Accessories,2,152.09,0.05,Paid Search,CA,control
ORD-002344,2023-07-13,CUST-01931,cust-01931@lumenmail.com,Lighting,-2,90.85,0.2,Social,US,
ORD-002713,2024-02-04,CUST-00442,cust-00442@lumenmail.com,Accessories,2,41.63,0.0,Social,US,
ORD-005307,2024-07-02,CUST-01839,cust-01839@lumenmail.com,Furniture,3,14.11,0.0,Email,UK,variant
ORD-006339,2023-12-26,CUST-01359,cust-01359@lumenmail.com,Lighting,4,46.07,0.1,Paid Search,US,control
ORD-005441,2024-09-19,CUST-02435,cust-02435@lumenmail.com,Décor,1,458.54,0.0,Organic,US,control
ORD-007983,2024-03-31,CUST-02606,cust-02606@lumenmail.com,Outdoor,7,32.18,0.0,Paid Search,US,control
ORD-000636,2023-10-16,CUST-01706,cust-01706@lumenmail.com,Décor,3,67.77,0.1,Organic,CA,
ORD-002448,2024-08-08,CUST-00861,cust-00861@lumenmail.com,Furniture,2,518.55,0.05,Organic,CA,control
ORD-003743,2024-01-30,CUST-02140,cust-02140@lumenmail.com,Décor,2,429.27,0.0,Email,US,
ORD-003683,2024-02-18,CUST-00562,cust-00562@lumenmail.com,Lighting,2,9.1,0.1,Paid Search,US,control
ORD-005241,19/08/2023,CUST-01094,cust-01094@lumenmail.com,Furniture,2,33.93,0.0,Email,UK,
ORD-004708,2023-07-17,CUST-00672,cust-00672@lumenmail.com,Décor,2,46.68,0.15,Social,UK,control
ORD-008853,03/01/2024,CUST-02083,cust-02083@lumenmail.com,Furniture,1,43.98,0.05,Email,US,
ORD-002524,2024-11-07,CUST-01407,cust-01407@lumenmail.com,Accessories,3,36.87,0.0,,UK,variant
ORD-009047,26/07/2024,CUST-01072,cust-01072@lumenmail.com,Furniture,4,163.03,0.0,Organic,UK,control
ORD-004082,2024-12-08,CUST-02509,cust-02509@lumenmail.com,Outdoor,4,160.78,0.05,Email,US,control
ORD-007266,2024-09-13,CUST-00633,cust-00633@lumenmail.com,Décor,-4,229.74,0.1,Social,US,
ORD-009481,2024-10-22,CUST-01989,cust-01989@lumenmail.com,Décor,3,31.55,0.1,Social,US,variant
ORD-000733,2024-08-25,CUST-00550,cust-00550@lumenmail.com,Accessories,2,34.36,0.0,Email,US,
ORD-009031,2024-12-06,CUST-01105,cust-01105@lumenmail.com,Lighting,2,117.44,0.2,Paid Search,UK,
ORD-004833,2023-11-17,CUST-00051,cust-00051@lumenmail.com,Furniture,2,25.96,0.25,Email,US,control
ORD-001936,2023-11-21,CUST-01276,cust-01276@lumenmail.com,Décor,1,5.25,0.0,Email,CA,
ORD-007079,2024-12-12,CUST-01196,cust-01196@lumenmail.com,Lighting,2,33.54,0.15,Organic,CA,
ORD-000416,2024-09-06,CUST-00663,cust-00663@lumenmail.com,Furniture,4,37.03,0.05,Social,UK,variant
ORD-000749,2023-07-17,CUST-02626,cust-02626@lumenmail.com,Décor,1,202.88,0.0,Email,US,control
ORD-004584,2024-05-16,CUST-02369,cust-02369@lumenmail.com,Outdoor,2,20.88,0.05,Email,UK,control
ORD-007444,2024-06-17,CUST-01676,cust-01676@lumenmail.com,Furniture,2,63.3,0.2,Email,CA,variant
ORD-001050,2024-11-26,CUST-01819,cust-01819@lumenmail.com,Lighting,1,67.88,0.1,Social,US,variant
ORD-009051,2023-06-11,CUST-00919,cust-00919@lumenmail.com,Furniture,2,134.64,0.05,Email,US,variant
ORD-005773,2024-09-18,CUST-00050,cust-00050@lumenmail.com,Lighting,2,172.25,0.1,Email,US,control
ORD-000638,2023-08-16,CUST-01844,cust-01844@lumenmail.com,Furniture,1,29.0,0.0,Email,US,
ORD-006185,2024-07-21,CUST-00527,cust-00527@lumenmail.com,Outdoor,2,128.88,0.05,Email,CA,control
ORD-002518,27/10/2023,CUST-02274,cust-02274@lumenmail.com,Lighting,1,20.98,0.05,Organic,US,
ORD-003390,2023-09-04,CUST-01934,cust-01934@lumenmail.com,Furniture,3,5.09,0.25,Email,AU,control
ORD-003213,15/11/2024,CUST-00845,cust-00845@lumenmail.com,Accessories,2,373.25,0.05,Social,US,variant
ORD-006268,13/08/2023,CUST-02656,cust-02656@lumenmail.com,Lighting,1,40.22,0.0,Paid Search,US,
ORD-000074,2023-12-25,CUST-00331,cust-00331@lumenmail.com,Décor,1,5.13,0.0,Paid Search,US,
ORD-005625,2024-09-16,CUST-00025,cust-00025@lumenmail.com,Lighting,1,195.74,0.0,Organic,US,
ORD-009182,2024-05-07,CUST-02130,cust-02130@lumenmail.com,Lighting,1,33.17,0.05,Email,US,
ORD-001098,2023-07-30,CUST-02159,cust-02159@lumenmail.com,Décor,1,38.4,0.05,Email,CA,control
ORD-008617,2024-07-27,CUST-00020,cust-00020@lumenmail.com,Décor,1,67.99,0.15,Social,US,control
ORD-001625,2024-11-15,CUST-01208,cust-01208@lumenmail.com,Lighting,-4,87.52,0.25,Email,US,
ORD-002675,27/07/2023,CUST-02247,cust-02247@lumenmail.com,Décor,2,0.0,0.15,Email,US,variant
ORD-005675,2024-05-22,CUST-02998,cust-02998@lumenmail.com,Furniture,2,29.4,0.05,Email,UK,
ORD-001898,2024-01-07,CUST-01617,cust-01617@lumenmail.com,Décor,3,182.19,0.1,Paid Search,US,
ORD-000471,2023-10-08,CUST-01465,cust-01465@lumenmail.com,Furniture,1,189.7,0.05,Paid Search,US,variant
ORD-002999,2024-02-27,CUST-00389,cust-00389@lumenmail.com,Décor,3,289.99,0.05,Organic,UK,
ORD-005371,2024-03-05,,guest@lumenmail.com,Furniture,1,7.67,0.0,Organic,UK,variant
ORD-003717,2023-07-10,CUST-02444,cust-02444@lumenmail.com,Accessories,2,104.34,0.0,Paid Search,ZZ,control
ORD-007218,18/07/2024,CUST-01259,cust-01259@lumenmail.com,Accessories,2,338.77,0.1,Paid Search,US,
ORD-009400,21/09/2023,CUST-02981,cust-02981@lumenmail.com,Furniture,-2,668.87,0.05,Paid Search,US,
ORD-003453,2024-02-26,CUST-01824,cust-01824@lumenmail.com,Furniture,1,44.79,0.05,Organic,AU,
ORD-003220,2023-11-27,CUST-01735,cust-01735@lumenmail.com,Décor,2,67.76,0.05,Paid Search,US,
ORD-007826,13/07/2023,CUST-02341,cust-02341@lumenmail.com,Lighting,1,187.21,0.05,Paid Search,US,
ORD-009006,2024-09-21,CUST-02978,cust-02978@lumenmail.com,Décor,1,33.64,0.0,Social,AU,variant
ORD-005805,2023-08-07,CUST-01090,cust-01090@lumenmail.com,Outdoor,4,24.87,0.15,Organic,CA,variant
ORD-001970,2023-11-25,CUST-02705,cust-02705@lumenmail.com,Furniture,7,152.53,0.0,Social,US,
ORD-002228,2023-09-28,CUST-01198,cust-01198@lumenmail.com,Lighting,1,679.72,0.0,Email,US,variant
ORD-005098,2023-07-24,CUST-02605,cust-02605@lumenmail.com,Furniture,2,77.29,0.25,Paid Search,US,
ORD-003331,2024-01-28,CUST-00251,cust-00251@lumenmail.com,Outdoor,2,47.94,0.0,Social,US,control
ORD-000646,2024-08-31,CUST-01056,cust-01056@lumenmail.com,Outdoor,1,90.55,0.05,Paid Search,US,
ORD-008870,28/07/2024,CUST-00534,cust-00534@lumenmail.com,Furniture,1,204.89,0.15,Email,AU,
ORD-001474,2024-10-05,CUST-00932,cust-00932@lumenmail.com,Lighting,7,73.72,0.0,Paid Search,CA,variant
ORD-001470,2023-12-15,CUST-02634,cust-02634@lumenmail.com,Lighting,1,59.72,0.05,Email,US,
ORD-009105,2024-03-15,CUST-02859,cust-02859@lumenmail.com,Décor,2,161.24,0.0,Organic,CA,control
ORD-008294,2023-07-27,CUST-01256,cust-01256@lumenmail.com,Furniture,1,324.4,0.0,Social,US,
ORD-006624,30/12/2023,CUST-02854,cust-02854@lumenmail.com,Lighting,1,54.81,0.0,Paid Search,CA,variant
ORD-005157,2023-12-21,CUST-00941,cust-00941@lumenmail.com,Outdoor,1,394.12,0.05,Organic,US,
ORD-007764,2024-07-29,CUST-00242,cust-00242@lumenmail.com,Furniture,1,79.07,0.05,Organic,US,control
ORD-002594,2023-07-07,CUST-02781,cust-02781@lumenmail.com,Décor,3,18.83,0.05,Organic,US,
ORD-009324,2024-10-22,CUST-00200,cust-00200@lumenmail.com,Outdoor,2,227.57,0.05,Organic,US,variant
ORD-000107,2023-10-30,CUST-01454,cust-01454@lumenmail.com,Lighting,4,44.24,0.0,Organic,US,control
ORD-006933,,CUST-00987,cust-00987@lumenmail.com,Furniture,1,39.31,0.05,Paid Search,US,control
ORD-002459,2024-10-14,CUST-02271,cust-02271@lumenmail.com,Décor,1,23.59,0.1,Social,US,
ORD-007518,2024-01-01,CUST-00811,cust-00811@lumenmail.com,Lighting,1,98.64,0.05,Paid Search,US,
ORD-008857,2023-06-09,,guest@lumenmail.com,Lighting,3,38.69,0.0,Organic,CA,control
ORD-005949,2024-10-10,CUST-00426,cust-00426@lumenmail.com,Décor,1,34.45,0.15,Organic,US,control
ORD-005055,2023-08-02,CUST-01992,cust-01992@lumenmail.com,Décor,1,50.22,0.15,Organic,CA,control
ORD-002027,2024-02-14,CUST-00400,cust-00400@lumenmail.com,Accessories,2,55.67,0.0,Paid Search,AU,control
ORD-004829,2023-09-25,CUST-02112,cust-02112@lumenmail.com,Lighting,1,33.42,0.1,Social,CA,
ORD-002071,2024-07-21,CUST-02006,cust-02006@lumenmail.com,Furniture,5,61.9,0.15,Paid Search,UK,variant
ORD-000999,2024-04-11,CUST-00283,cust-00283@lumenmail.com,Décor,6,82.63,0.25,Organic,CA,
ORD-009461,2023-12-25,CUST-02819,cust-02819@lumenmail.com,Lighting,1,164.74,0.25,Organic,US,
ORD-004508,2024-10-14,,guest@lumenmail.com,Furniture,1,64.92,0.0,Paid Search,US,variant
ORD-000239,05/01/2024,CUST-02175,cust-02175@lumenmail.com,Lighting,2,16.5,0.0,Email,US,
ORD-003398,20/06/2024,CUST-02537,cust-02537@lumenmail.com,Outdoor,2,247.38,0.15,Email,CA,variant
ORD-006667,2024-03-20,CUST-00260,cust-00260@lumenmail.com,Lighting,2,176.69,0.05,Email,US,control
ORD-001081,2024-09-01,CUST-00526,cust-00526@lumenmail.com,Lighting,2,31.35,0.0,,US,
ORD-002026,2024-05-20,CUST-01276,cust-01276@lumenmail.com,Décor,4,290.25,0.15,Organic,CA,variant
ORD-002647,2024-09-15,CUST-02582,cust-02582@lumenmail.com,Accessories,2,26.91,0.05,Email,UK,variant
ORD-006856,2024-05-12,CUST-01754,cust-01754@lumenmail.com,Furniture,1,160.58,0.0,,US,
ORD-000645,2024-10-26,CUST-00900,cust-00900@lumenmail.com,Lighting,1,246.15,0.0,Email,CA,control
ORD-001488,2023-07-31,CUST-01007,cust-01007@lumenmail.com,Lighting,1,42.29,0.0,Email,US,control
ORD-001322,2024-11-20,CUST-02957,cust-02957@lumenmail.com,Décor,2,339.67,0.0,Paid Search,UK,variant
ORD-003497,2024-03-05,CUST-00320,cust-00320@lumenmail.com,Décor,2,131.59,0.0,Paid Search,US,
ORD-003584,2024-10-16,,guest@lumenmail.com,Décor,4,48.05,0.1,Email,US,
ORD-007058,2024-12-04,CUST-01532,cust-01532@lumenmail.com,Lighting,5,48.55,0.15,Organic,UK,
ORD-007898,2024-06-08,CUST-00222,cust-00222@lumenmail.com,Lighting,1,18.83,0.0,Paid Search,CA,variant
ORD-006545,2024-05-08,CUST-01132,cust-01132@lumenmail.com,Accessories,1,395.8,0.2,Organic,US,
ORD-004526,2024-09-03,CUST-01647,cust-01647@lumenmail.com,Lighting,2,108.52,0.1,Social,US,
ORD-009238,2024-08-10,CUST-02792,cust-02792@lumenmail.com,Lighting,3,38.2,0.2,Organic,US,control
ORD-007529,2024-03-03,CUST-00888,cust-00888@lumenmail.com,Lighting,3,43.27,0.0,Email,AU,
ORD-003989,2024-02-10,CUST-01803,cust-01803@lumenmail.com,Lighting,2,284.44,0.0,,US,
ORD-001545,2023-09-05,CUST-01580,cust-01580@lumenmail.com,Décor,7,8.94,0.0,Paid Search,UK,control
ORD-002081,05/11/2023,CUST-01492,cust-01492@lumenmail.com,Lighting,3,64.5,0.1,Paid Search,US,
ORD-005600,2024-08-29,CUST-02257,cust-02257@lumenmail.com,Outdoor,2,713.19,0.0,Email,US,
ORD-009141,2023-10-06,CUST-02436,cust-02436@lumenmail.com,Accessories,1,207.17,0.1,Paid Search,UK,
ORD-004463,2024-10-28,,guest@lumenmail.com,Lighting,3,13.3,0.0,Paid Search,US,control
ORD-003919,23/12/2023,CUST-00313,cust-00313@lumenmail.com,Lighting,1,165.12,0.0,Paid Search,US,
ORD-002293,2023-12-07,CUST-00564,cust-00564@lumenmail.com,Décor,1,770.08,0.05,Email,US,control
ORD-005013,2023-09-15,CUST-02298,cust-02298@lumenmail.com,Furniture,-2,37.73,0.15,Organic,CA,variant
ORD-001168,2024-01-23,CUST-00810,cust-00810@lumenmail.com,Décor,2,129.22,0.1,Email,UK,variant
ORD-009060,2024-03-01,CUST-01054,cust-01054@lumenmail.com,Décor,2,285.13,0.0,Organic,US,
ORD-006320,2023-12-14,CUST-01470,cust-01470@lumenmail.com,Décor,3,54.19,0.15,Paid Search,US,variant
ORD-005764,10/12/2023,CUST-01581,cust-01581@lumenmail.com,Lighting,-4,11.38,0.0,Organic,US,control
ORD-008393,2024-09-08,CUST-00845,cust-00845@lumenmail.com,Furniture,1,70.19,0.2,Organic,US,control
ORD-001662,09/11/2023,CUST-02673,cust-02673@lumenmail.com,Accessories,3,239.65,0.0,Organic,UK,
ORD-008905,2023-12-11,CUST-01879,cust-01879@lumenmail.com,Décor,3,49.19,0.15,Paid Search,US,control
ORD-006065,2023-09-03,CUST-00448,cust-00448@lumenmail.com,Décor,1,40.29,0.05,Organic,UK,control
ORD-006472,2024-09-14,CUST-01462,cust-01462@lumenmail.com,Furniture,1,154.53,0.05,Organic,US,variant
ORD-007136,2023-12-18,CUST-00656,cust-00656@lumenmail.com,Accessories,2,361.43,0.2,Organic,US,control
ORD-000179,2023-06-24,CUST-00417,cust-00417@lumenmail.com,Furniture,3,383.89,0.0,Organic,US,variant
ORD-001994,2024-09-08,CUST-00316,cust-00316@lumenmail.com,Lighting,1,79.23,0.1,Email,CA,
ORD-005496,2024-04-19,CUST-00309,cust-00309@lumenmail.com,Décor,1,26.61,0.1,Paid Search,US,
ORD-000290,27/12/2024,CUST-01874,cust-01874@lumenmail.com,Lighting,2,760.41,0.1,,ZZ,control
ORD-003878,2023-10-23,CUST-02052,cust-02052@lumenmail.com,Lighting,-3,377.07,0.0,Organic,UK,control
ORD-007286,2024-09-11,CUST-00872,cust-00872@lumenmail.com,Lighting,1,88.63,0.15,Paid Search,US,control
ORD-007254,2024-12-10,CUST-02008,cust-02008@lumenmail.com,Lighting,1,15.11,0.0,Paid Search,UK,
ORD-001446,2023-12-03,CUST-02297,cust-02297@lumenmail.com,Lighting,2,26.64,0.0,Paid Search,UK,
ORD-007153,,CUST-01801,cust-01801@lumenmail.com,Lighting,1,83.82,0.0,Organic,CA,control
ORD-003291,2024-12-21,CUST-01913,cust-01913@lumenmail.com,Outdoor,2,50.01,0.0,Social,CA,variant
ORD-001126,2023-12-31,CUST-02262,cust-02262@lumenmail.com,Lighting,1,187.44,0.1,Organic,US,
ORD-001581,2023-07-07,CUST-01336,cust-01336@lumenmail.com,Décor,2,114.72,0.15,Social,US,control
ORD-004712,2024-02-26,CUST-02945,cust-02945@lumenmail.com,Lighting,2,29.67,0.0,Email,US,variant
ORD-006085,2023-06-04,CUST-01759,cust-01759@lumenmail.com,Furniture,2,655.86,0.1,Organic,CA,control
ORD-006392,2023-12-18,CUST-01040,cust-01040@lumenmail.com,Lighting,1,59.78,0.2,Email,US,control
ORD-003132,2024-12-14,CUST-00025,cust-00025@lumenmail.com,Furniture,2,604.92,0.0,Email,US,variant
ORD-007152,2023-12-10,CUST-00678,cust-00678@lumenmail.com,Décor,2,134.35,0.1,Organic,UK,variant
ORD-003553,2023-11-17,CUST-02633,cust-02633@lumenmail.com,Décor,3,62.09,0.0,Paid Search,US,control
ORD-006974,2023-07-14,CUST-00338,cust-00338@lumenmail.com,Lighting,1,91.58,0.0,Email,US,variant
ORD-008587,2024-06-05,CUST-02737,cust-02737@lumenmail.com,Lighting,2,129.13,0.0,Paid Search,UK,
ORD-001863,2024-10-26,CUST-02450,cust-02450@lumenmail.com,Lighting,1,197.2,0.0,Email,US,
ORD-004274,2023-07-27,CUST-01382,cust-01382@lumenmail.com,Outdoor,1,27.5,0.0,Email,AU,variant
ORD-002388,2023-08-24,CUST-00674,cust-00674@lumenmail.com,Outdoor,1,30.14,0.05,Paid Search,US,
ORD-002971,2024-03-30,CUST-02391,cust-02391@lumenmail.com,Accessories,4,136.24,0.05,Social,US,
ORD-001012,2024-08-14,,guest@lumenmail.com,Décor,1,132.36,0.0,Social,US,
ORD-005303,11/08/2023,CUST-00394,cust-00394@lumenmail.com,Lighting,3,277.71,0.1,Paid Search,US,control
ORD-007106,2023-07-30,CUST-00034,cust-00034@lumenmail.com,Accessories,4,15.64,0.05,Organic,US,variant
ORD-008310,18/02/2024,CUST-02505,cust-02505@lumenmail.com,Furniture,1,185.04,0.1,Paid Search,US,variant
ORD-001370,25/10/2024,CUST-02033,cust-02033@lumenmail.com,Lighting,1,484.88,0.0,Organic,ZZ,control
ORD-000486,2024-12-06,CUST-00440,cust-00440@lumenmail.com,Lighting,2,178.39,0.2,Organic,US,
ORD-009474,2024-07-09,CUST-02402,cust-02402@lumenmail.com,Lighting,1,31.98,0.0,Organic,CA,variant
ORD-005890,,CUST-00142,cust-00142@lumenmail.com,Lighting,1,51.44,0.05,,US,
ORD-006169,2023-10-22,CUST-00465,cust-00465@lumenmail.com,Décor,3,661.26,0.1,Paid Search,US,control
ORD-006398,2024-05-19,CUST-01726,cust-01726@lumenmail.com,Lighting,1,16.5,0.2,Email,US,
ORD-002590,2024-04-30,CUST-02509,cust-02509@lumenmail.com,Décor,1,168.36,0.05,Organic,US,
ORD-008678,2024-10-02,CUST-00858,cust-00858@lumenmail.com,Furniture,1,185.42,0.05,Paid Search,US,control
ORD-008478,,CUST-02266,cust-02266@lumenmail.com,Outdoor,2,19.09,0.1,Organic,CA,
ORD-005524,2023-07-14,CUST-02869,cust-02869@lumenmail.com,Décor,3,53.84,0.05,Paid Search,US,variant
ORD-000129,2023-06-17,,guest@lumenmail.com,Décor,1,786.92,0.1,Email,AU,variant
ORD-008703,2023-09-20,CUST-00069,cust-00069@lumenmail.com,Décor,4,113.22,0.0,Paid Search,CA,variant
ORD-008585,2024-06-12,CUST-02379,cust-02379@lumenmail.com,Furniture,2,98.6,0.1,Organic,US,variant
ORD-000923,2024-04-16,CUST-01284,cust-01284@lumenmail.com,Outdoor,2,170.88,0.2,Email,US,variant
ORD-005336,2024-10-22,,guest@lumenmail.com,Furniture,2,22.06,0.2,Paid Search,US,
ORD-004878,2024-05-27,,guest@lumenmail.com,Outdoor,2,0.0,0.05,Organic,US,variant
ORD-005820,2024-05-27,CUST-02527,cust-02527@lumenmail.com,Outdoor,2,65.16,0.15,Social,US,variant
ORD-003908,2023-07-13,CUST-02038,cust-02038@lumenmail.com,Lighting,4,54.78,0.0,Email,US,
ORD-002119,2023-09-28,CUST-01569,cust-01569@lumenmail.com,Outdoor,2,8.38,0.0,Email,UK,
ORD-001215,06/05/2024,CUST-00243,cust-00243@lumenmail.com,Outdoor,1,49.02,0.0,Social,US,control
ORD-001748,2024-08-29,CUST-01683,cust-01683@lumenmail.com,Furniture,1,20.04,0.0,Paid Search,AU,variant
ORD-009282,2024-11-01,CUST-02923,cust-02923@lumenmail.com,Furniture,3,757.67,0.0,Paid Search,US,
ORD-001268,2024-02-18,CUST-01788,cust-01788@lumenmail.com,Lighting,1,391.04,0.1,Social,UK,variant
ORD-001363,2024-12-13,CUST-01752,cust-01752@lumenmail.com,Outdoor,2,13.34,0.0,Social,UK,control
ORD-007828,2023-09-10,CUST-00446,cust-00446@lumenmail.com,Lighting,-1,257.61,0.05,Paid Search,CA,variant
ORD-008687,2024-09-19,CUST-02474,cust-02474@lumenmail.com,Lighting,1,94.22,0.0,Email,US,control
ORD-008680,2024-12-12,CUST-00536,cust-00536@lumenmail.com,Accessories,5,150.45,0.0,Paid Search,CA,variant
ORD-004808,24/06/2023,CUST-02305,cust-02305@lumenmail.com,Décor,1,143.33,0.0,Organic,US,control
ORD-002670,2023-11-11,CUST-01891,cust-01891@lumenmail.com,Décor,1,31.95,0.2,Email,US,variant
ORD-002915,2024-05-11,CUST-00800,cust-00800@lumenmail.com,Décor,2,135.33,0.05,Email,US,
ORD-006365,2023-11-04,CUST-00438,cust-00438@lumenmail.com,Outdoor,3,44.48,0.1,Organic,US,
ORD-005975,2024-03-29,CUST-01915,cust-01915@lumenmail.com,Outdoor,4,84.69,0.0,Email,US,variant
ORD-001780,2023-06-21,CUST-02367,cust-02367@lumenmail.com,Lighting,-7,16.05,0.0,Email,ZZ,control
ORD-002357,2023-12-23,CUST-00925,cust-00925@lumenmail.com,Lighting,1,70.93,0.0,Organic,CA,
ORD-001408,2024-11-01,CUST-01030,cust-01030@lumenmail.com,Lighting,1,134.71,0.05,Paid Search,CA,
ORD-007240,2024-12-13,CUST-00877,cust-00877@lumenmail.com,Décor,2,44.83,0.0,Social,US,variant
ORD-007471,26/12/2024,CUST-00912,cust-00912@lumenmail.com,Furniture,5,59.2,0.0,Email,UK,control
ORD-003305,2024-10-21,CUST-02244,cust-02244@lumenmail.com,Accessories,2,105.81,0.0,Email,US,
ORD-009066,2023-08-04,CUST-01730,cust-01730@lumenmail.com,Furniture,5,48.26,0.0,Organic,CA,control
ORD-000397,2024-11-27,CUST-02917,cust-02917@lumenmail.com,Décor,1,73.04,0.05,Organic,CA,control
ORD-009245,2023-06-27,CUST-00624,cust-00624@lumenmail.com,Lighting,3,15.44,0.1,Paid Search,UK,control
ORD-007563,2024-06-01,CUST-02965,cust-02965@lumenmail.com,Furniture,1,40.52,0.0,Social,AU,variant
ORD-006763,2024-12-20,CUST-00794,cust-00794@lumenmail.com,Furniture,1,32.18,0.0,Paid Search,US,control
ORD-004239,2023-06-14,CUST-01701,cust-01701@lumenmail.com,Furniture,1,153.39,0.05,Email,US,variant
ORD-001992,2024-06-08,CUST-02302,cust-02302@lumenmail.com,Décor,1,25.69,0.0,Organic,CA,control
ORD-004910,2024-03-21,CUST-01332,cust-01332@lumenmail.com,Décor,2,116.28,0.15,Social,CA,
ORD-002222,2024-08-23,CUST-01900,cust-01900@lumenmail.com,Accessories,1,38.8,0.0,Social,US,control
ORD-008063,2024-10-31,CUST-00700,cust-00700@lumenmail.com,Décor,2,425.6,0.0,Social,US,control
ORD-002975,,CUST-00319,cust-00319@lumenmail.com,Décor,1,415.14,0.0,Paid Search,UK,control
ORD-000244,2024-11-24,CUST-01410,cust-01410@lumenmail.com,Accessories,7,353.39,0.1,Social,US,control
ORD-002889,2024-01-21,CUST-00993,cust-00993@lumenmail.com,Accessories,1,48.52,0.0,Organic,US,
ORD-002552,2023-11-30,CUST-00676,cust-00676@lumenmail.com,Furniture,1,139.22,0.0,Paid Search,US,control
ORD-007920,2024-03-22,CUST-01921,cust-01921@lumenmail.com,Décor,1,139.65,0.0,Email,US,control
ORD-005095,2023-06-06,CUST-02093,cust-02093@lumenmail.com,Décor,2,24.31,0.15,Social,US,control
ORD-001757,29/01/2024,CUST-02746,cust-02746@lumenmail.com,Décor,1,194.16,0.2,Paid Search,US,variant
ORD-004704,2024-04-04,CUST-01572,cust-01572@lumenmail.com,Lighting,2,245.94,0.0,Email,CA,control
ORD-004197,2024-05-20,CUST-00752,cust-00752@lumenmail.com,Furniture,2,274.99,0.0,Paid Search,UK,variant
ORD-002412,2024-12-03,CUST-00575,cust-00575@lumenmail.com,Décor,1,34.69,0.15,Paid Search,US,control
ORD-009543,11/04/2024,CUST-02652,cust-02652@lumenmail.com,Lighting,1,366.69,0.05,Organic,US,control
ORD-006729,2024-05-06,CUST-01551,cust-01551@lumenmail.com,Accessories,1,95.43,0.1,Social,US,control
ORD-002359,2024-03-02,CUST-00663,cust-00663@lumenmail.com,Lighting,2,29.56,0.0,Paid Search,US,control
ORD-008389,2024-12-06,CUST-02875,cust-02875@lumenmail.com,Furniture,4,147.67,0.0,Social,US,variant
ORD-007247,2024-04-26,CUST-01586,cust-01586@lumenmail.com,Décor,5,108.59,0.0,Organic,US,variant
ORD-004252,17/05/2024,CUST-01191,cust-01191@lumenmail.com,Lighting,1,19.17,0.05,Organic,US,variant
ORD-005871,2023-12-21,CUST-02718,cust-02718@lumenmail.com,Furniture,1,77.18,0.0,Email,US,
ORD-001974,2024-08-25,CUST-01615,cust-01615@lumenmail.com,Lighting,2,70.78,0.15,Social,CA,variant
ORD-008951,2023-11-02,CUST-00465,cust-00465@lumenmail.com,Décor,1,51.43,0.0,Email,AU,variant
ORD-001187,27/03/2024,,guest@lumenmail.com,Furniture,1,23.87,0.05,Organic,US,
ORD-002030,25/07/2024,CUST-00762,cust-00762@lumenmail.com,Furniture,1,611.54,0.2,Paid Search,US,control
ORD-000738,2023-07-22,CUST-01455,cust-01455@lumenmail.com,Outdoor,1,121.43,0.05,Paid Search,ZZ,
ORD-001298,04/03/2024,CUST-00352,cust-00352@lumenmail.com,Lighting,2,161.97,0.0,Organic,CA,
ORD-001241,2023-06-08,CUST-00358,cust-00358@lumenmail.com,Outdoor,3,71.14,0.15,Email,US,
ORD-005946,2024-01-21,CUST-02523,cust-02523@lumenmail.com,Outdoor,1,24.21,0.15,Social,ZZ,
ORD-002997,2023-11-18,CUST-02497,cust-02497@lumenmail.com,Furniture,2,738.62,0.1,Social,US,
ORD-008026,2024-03-06,CUST-02149,cust-02149@lumenmail.com,Lighting,1,107.38,0.1,Organic,US,control
ORD-006553,2023-09-05,CUST-00097,cust-00097@lumenmail.com,Furniture,1,24.16,0.1,Email,US,
ORD-005604,21/08/2024,CUST-02061,cust-02061@lumenmail.com,Lighting,1,144.12,0.1,Email,US,variant
ORD-002750,2023-09-24,CUST-01831,cust-01831@lumenmail.com,Lighting,1,35.56,0.0,Paid Search,UK,variant
ORD-002892,01/06/2023,,guest@lumenmail.com,Décor,3,335.72,0.0,Email,ZZ,variant
ORD-001311,2024-11-30,CUST-01437,cust-01437@lumenmail.com,Accessories,4,75.14,0.05,Paid Search,US,
ORD-004809,2024-05-17,CUST-02986,cust-02986@lumenmail.com,Décor,2,115.2,0.05,Paid Search,US,control
ORD-001601,21/11/2024,CUST-01677,cust-01677@lumenmail.com,Décor,2,29.37,0.2,Email,UK,control
ORD-007109,2023-08-25,CUST-01058,cust-01058@lumenmail.com,Lighting,1,99.53,0.0,Email,CA,variant
ORD-002013,2023-07-25,CUST-01707,cust-01707@lumenmail.com,Lighting,4,286.55,0.0,Organic,US,control
ORD-004732,2023-07-07,CUST-01438,cust-01438@lumenmail.com,Décor,1,290.48,0.25,Email,US,control
ORD-008725,2024-04-22,CUST-02610,cust-02610@lumenmail.com,Lighting,1,145.86,0.0,Paid Search,US,variant
ORD-000717,2024-07-29,CUST-00001,cust-00001@lumenmail.com,Lighting,1,93.1,0.05,Email,US,variant
ORD-004990,2023-07-14,CUST-00102,cust-00102@lumenmail.com,Lighting,2,79.63,0.0,,US,variant
ORD-008028,2023-11-04,CUST-02116,cust-02116@lumenmail.com,Lighting,2,297.94,0.2,Paid Search,US,
ORD-006547,2023-07-31,,guest@lumenmail.com,Furniture,2,67.9,0.0,Paid Search,US,
ORD-009589,2024-11-25,CUST-01981,cust-01981@lumenmail.com,Furniture,-2,35.23,0.0,Organic,CA,
ORD-007208,2024-03-20,CUST-02588,cust-02588@lumenmail.com,Accessories,1,54.68,0.2,Email,US,control
ORD-000801,2024-08-15,CUST-02867,cust-02867@lumenmail.com,Furniture,3,170.93,0.0,,US,variant
ORD-005767,2023-07-09,CUST-02089,cust-02089@lumenmail.com,Lighting,2,125.21,0.2,Organic,US,variant
ORD-006691,2024-12-21,CUST-00790,cust-00790@lumenmail.com,Lighting,1,62.85,0.0,Paid Search,US,control
ORD-005492,2024-08-18,CUST-02017,cust-02017@lumenmail.com,Accessories,2,10.17,0.05,Paid Search,US,control
ORD-002256,2023-12-24,,guest@lumenmail.com,Furniture,2,40.55,0.0,Email,CA,variant
ORD-003162,2024-04-22,CUST-02762,cust-02762@lumenmail.com,Furniture,1,192.77,0.0,Organic,UK,control
ORD-001719,2024-07-05,CUST-01988,cust-01988@lumenmail.com,Lighting,2,8.22,0.0,Email,CA,variant
ORD-009412,2023-08-17,CUST-01184,cust-01184@lumenmail.com,Accessories,1,275.86,0.2,Organic,US,
ORD-002163,2024-09-28,,guest@lumenmail.com,Lighting,1,66.03,0.1,Email,CA,
ORD-005917,2024-10-24,CUST-01737,cust-01737@lumenmail.com,Furniture,2,180.11,0.05,Organic,US,variant
ORD-007143,2023-10-31,CUST-01266,cust-01266@lumenmail.com,Outdoor,1,46.54,0.05,Social,US,variant
ORD-003354,23/03/2024,CUST-02184,cust-02184@lumenmail.com,Accessories,2,194.33,0.0,Paid Search,UK,control
ORD-000858,2023-09-11,CUST-00911,cust-00911@lumenmail.com,Lighting,1,124.54,0.0,Email,US,
ORD-005100,2024-04-23,,guest@lumenmail.com,Furniture,1,21.72,0.1,Paid Search,AU,variant
ORD-000734,2023-08-30,CUST-00873,cust-00873@lumenmail.com,Lighting,5,89.73,0.05,Email,CA,variant
ORD-004199,2024-11-21,CUST-02590,cust-02590@lumenmail.com,Outdoor,4,140.21,0.2,Email,US,
ORD-001781,21/09/2023,CUST-01631,cust-01631@lumenmail.com,Décor,2,185.83,0.0,Social,US,variant
ORD-008473,25/08/2024,CUST-00455,cust-00455@lumenmail.com,Lighting,2,130.46,0.0,Paid Search,UK,variant
ORD-004659,13/08/2023,CUST-00494,cust-00494@lumenmail.com,Lighting,3,384.95,0.2,Email,US,variant
ORD-003433,2024-02-24,CUST-01119,cust-01119@lumenmail.com,Décor,7,52.47,0.0,Organic,UK,control
ORD-007688,2023-08-22,CUST-01809,cust-01809@lumenmail.com,Furniture,1,321.23,0.15,Organic,US,control
ORD-002168,2024-09-11,CUST-02000,cust-02000@lumenmail.com,Outdoor,3,281.6,0.0,Social,UK,
ORD-003329,2024-11-10,CUST-02685,cust-02685@lumenmail.com,Furniture,1,16.3,0.1,Paid Search,US,
ORD-007921,01/10/2024,CUST-01116,cust-01116@lumenmail.com,Outdoor,1,178.85,0.2,Paid Search,US,variant
ORD-001871,2024-01-03,CUST-00079,cust-00079@lumenmail.com,Furniture,-3,24.37,0.0,Paid Search,UK,variant
ORD-009285,2023-08-20,CUST-00729,cust-00729@lumenmail.com,Décor,1,170.18,0.05,Paid Search,UK,
ORD-000076,2024-09-21,CUST-02443,cust-02443@lumenmail.com,Décor,1,60.4,0.05,Organic,UK,control
ORD-003531,2023-11-21,CUST-01439,cust-01439@lumenmail.com,Lighting,5,80.87,0.05,Email,US,control
ORD-002131,17/07/2024,CUST-00013,cust-00013@lumenmail.com,Outdoor,4,387.36,0.1,Email,US,control
ORD-005961,2024-08-29,CUST-02220,cust-02220@lumenmail.com,Furniture,6,167.87,0.1,Email,US,variant
ORD-005779,2024-10-27,CUST-02448,cust-02448@lumenmail.com,Outdoor,1,50.69,0.25,Email,US,control
ORD-008055,2024-04-04,CUST-02443,cust-02443@lumenmail.com,Furniture,2,48.87,0.0,Paid Search,CA,variant
ORD-003783,2023-09-18,CUST-02335,cust-02335@lumenmail.com,Décor,2,87.27,0.0,,CA,variant
ORD-006378,2024-11-21,CUST-00212,cust-00212@lumenmail.com,Décor,2,180.99,0.05,Email,US,variant
ORD-000403,29/03/2024,CUST-02130,cust-02130@lumenmail.com,Outdoor,2,65.37,0.0,Email,US,variant
ORD-002650,2024-07-22,CUST-00793,cust-00793@lumenmail.com,Lighting,2,231.08,0.0,Social,UK,control
ORD-005511,2024-01-02,CUST-01617,cust-01617@lumenmail.com,Furniture,2,617.04,0.15,Organic,US,
ORD-000539,2023-07-21,CUST-01421,cust-01421@lumenmail.com,Lighting,1,0.0,0.0,Email,US,variant
ORD-002316,2024-09-26,CUST-01951,cust-01951@lumenmail.com,Décor,4,153.61,0.0,Email,US,
ORD-007491,2024-08-19,CUST-01249,cust-01249@lumenmail.com,Lighting,3,689.28,0.0,Organic,US,variant
ORD-002447,2024-09-14,CUST-01173,cust-01173@lumenmail.com,Lighting,2,46.12,0.2,Email,US,
ORD-000400,2024-01-01,CUST-00069,cust-00069@lumenmail.com,Furniture,2,77.01,0.0,Paid Search,US,
ORD-000035,2023-12-31,CUST-00850,cust-00850@lumenmail.com,Décor,1,97.42,0.05,Organic,US,
ORD-003494,2023-09-19,CUST-02709,cust-02709@lumenmail.com,Lighting,2,196.88,0.0,Paid Search,US,
ORD-009108,2024-12-08,CUST-02828,cust-02828@lumenmail.com,Décor,2,170.39,0.05,Paid Search,US,
ORD-008744,2024-06-04,CUST-00164,cust-00164@lumenmail.com,Furniture,1,58.38,0.0,Paid Search,US,
ORD-004102,2024-02-29,CUST-01122,cust-01122@lumenmail.com,Furniture,2,381.63,0.15,Paid Search,US,variant
ORD-004959,2024-03-18,CUST-00194,cust-00194@lumenmail.com,Lighting,3,168.76,0.1,Email,US,
ORD-006276,2023-10-06,CUST-00659,cust-00659@lumenmail.com,Accessories,6,64.04,0.0,Organic,UK,control
ORD-005405,2023-08-07,CUST-02316,cust-02316@lumenmail.com,Lighting,1,388.4,0.05,Paid Search,US,variant
ORD-005594,2024-12-05,CUST-02496,cust-02496@lumenmail.com,Furniture,1,41.25,0.2,Paid Search,AU,
ORD-000967,2023-07-31,CUST-02238,cust-02238@lumenmail.com,Décor,2,89.99,0.0,Paid Search,US,
ORD-000061,2024-11-13,CUST-01565,cust-01565@lumenmail.com,Furniture,3,32.63,0.0,Organic,US,
ORD-000472,2024-04-25,,guest@lumenmail.com,Lighting,3,60.64,0.2,Email,US,variant
ORD-001938,2023-08-24,CUST-02031,cust-02031@lumenmail.com,Décor,2,5.92,0.05,Organic,US,
ORD-005598,2024-12-14,CUST-00453,cust-00453@lumenmail.com,Accessories,1,40.26,0.05,Social,US,variant
ORD-002553,2023-12-23,CUST-00137,cust-00137@lumenmail.com,Lighting,7,37.74,0.15,Organic,US,control
ORD-009226,2023-08-06,CUST-00023,cust-00023@lumenmail.com,Lighting,6,353.24,0.05,Organic,CA,
ORD-005683,2024-10-21,CUST-02189,cust-02189@lumenmail.com,Outdoor,2,31.1,0.0,Email,US,control
ORD-001069,2023-06-30,,guest@lumenmail.com,Décor,1,0.0,0.0,Email,UK,control
ORD-002582,2024-02-18,CUST-01216,cust-01216@lumenmail.com,Furniture,1,24.2,0.0,Organic,US,
ORD-004823,21/02/2024,CUST-02193,cust-02193@lumenmail.com,Accessories,-2,29.75,0.0,Paid Search,CA,control
ORD-003706,2024-02-11,CUST-00141,cust-00141@lumenmail.com,Accessories,1,331.36,0.0,Paid Search,UK,control
ORD-004314,2024-04-26,CUST-00231,cust-00231@lumenmail.com,Outdoor,1,105.56,0.2,Social,ZZ,
ORD-002614,2024-09-05,CUST-01996,cust-01996@lumenmail.com,Décor,1,248.12,0.0,Paid Search,CA,
ORD-002375,2024-03-26,CUST-00139,cust-00139@lumenmail.com,Lighting,1,156.87,0.15,Email,US,
ORD-004497,18/06/2023,CUST-00556,cust-00556@lumenmail.com,Lighting,5,41.69,0.1,Social,ZZ,variant
ORD-001779,2024-07-07,CUST-02932,cust-02932@lumenmail.com,Accessories,1,45.37,0.05,Organic,US,control
ORD-003047,2023-11-27,CUST-01329,cust-01329@lumenmail.com,Lighting,2,219.24,0.0,Paid Search,US,variant
ORD-004202,2024-02-04,CUST-01602,cust-01602@lumenmail.com,Furniture,2,259.88,0.0,Paid Search,US,control
ORD-003000,16/07/2024,CUST-00756,cust-00756@lumenmail.com,Décor,1,80.87,0.05,Email,CA,control
ORD-006424,23/11/2024,CUST-00450,cust-00450@lumenmail.com,Décor,2,75.92,0.15,Paid Search,UK,variant
ORD-007274,2024-12-13,CUST-00463,cust-00463@lumenmail.com,Décor,2,64.8,0.1,Email,US,variant
ORD-001484,2024-12-22,CUST-02432,cust-02432@lumenmail.com,Lighting,2,159.65,0.0,Email,US,control
ORD-002202,2023-09-16,CUST-00575,cust-00575@lumenmail.com,Lighting,1,171.96,0.05,Email,CA,control
ORD-003289,2023-07-04,CUST-01201,cust-01201@lumenmail.com,Lighting,2,24.25,0.15,Paid Search,US,control
ORD-005169,,CUST-02458,cust-02458@lumenmail.com,Accessories,3,94.47,0.0,Paid Search,US,control
ORD-000516,03/11/2024,CUST-02235,cust-02235@lumenmail.com,Décor,4,550.33,0.05,Paid Search,US,variant
ORD-001609,2024-06-19,CUST-02021,cust-02021@lumenmail.com,Furniture,5,32.62,0.1,,CA,variant
ORD-007755,2023-10-02,CUST-00915,cust-00915@lumenmail.com,Lighting,3,96.12,0.0,,UK,variant
ORD-000162,2024-04-10,CUST-00274,cust-00274@lumenmail.com,Décor,2,56.62,0.2,Paid Search,US,
ORD-001088,2024-03-29,CUST-00573,cust-00573@lumenmail.com,Lighting,1,96.42,0.0,Social,UK,
ORD-005146,2024-10-07,CUST-02939,cust-02939@lumenmail.com,Décor,1,45.36,0.2,Paid Search,CA,
ORD-003159,2023-07-20,CUST-01165,cust-01165@lumenmail.com,Lighting,4,33.43,0.2,Organic,CA,variant
ORD-009232,2023-08-26,CUST-02292,cust-02292@lumenmail.com,Furniture,6,11.02,0.1,Email,US,variant
ORD-004379,2024-01-19,CUST-02675,cust-02675@lumenmail.com,Lighting,2,89.9,0.05,Social,US,variant
ORD-005824,30/05/2024,CUST-00664,cust-00664@lumenmail.com,Décor,1,6.33,0.1,Organic,US,variant
ORD-006256,2024-05-31,CUST-01393,cust-01393@lumenmail.com,Décor,1,43.34,0.2,Organic,US,variant
ORD-000238,18/10/2024,CUST-02686,cust-02686@lumenmail.com,Furniture,2,42.95,0.0,Email,US,variant
ORD-002235,2024-08-09,CUST-02169,cust-02169@lumenmail.com,Accessories,1,91.23,0.0,Email,US,variant
ORD-000503,2023-08-23,CUST-00654,cust-00654@lumenmail.com,Lighting,1,174.06,0.1,Organic,UK,
ORD-002567,2023-07-06,CUST-02611,cust-02611@lumenmail.com,Outdoor,1,77.92,0.0,Social,UK,variant
ORD-006634,2024-02-27,CUST-01139,cust-01139@lumenmail.com,Outdoor,2,106.56,0.15,Organic,US,control
ORD-007661,2023-10-05,CUST-02686,cust-02686@lumenmail.com,Lighting,1,56.29,0.2,Email,US,
ORD-004238,2024-05-16,CUST-02843,cust-02843@lumenmail.com,Lighting,2,17.07,0.05,Organic,US,control
ORD-006093,11/07/2023,CUST-01563,cust-01563@lumenmail.com,Décor,3,51.1,0.0,Email,US,variant
ORD-004640,2023-06-20,CUST-00119,cust-00119@lumenmail.com,Furniture,2,175.48,0.0,Email,AU,variant
ORD-009323,2024-02-29,CUST-00933,cust-00933@lumenmail.com,Furniture,3,224.04,0.0,Social,US,control
ORD-002496,2024-11-27,CUST-01460,cust-01460@lumenmail.com,Furniture,1,369.57,0.15,Paid Search,AU,
ORD-005818,28/05/2024,CUST-00088,cust-00088@lumenmail.com,Accessories,2,45.38,0.1,Paid Search,CA,
ORD-000299,23/07/2023,CUST-00845,cust-00845@lumenmail.com,Lighting,2,238.85,0.1,Organic,UK,
ORD-002461,2024-04-04,CUST-00658,cust-00658@lumenmail.com,Lighting,1,48.61,0.0,Email,US,variant
ORD-003406,2024-09-17,CUST-01775,cust-01775@lumenmail.com,Furniture,2,162.39,0.05,Organic,US,variant
ORD-000800,2023-07-16,CUST-01263,cust-01263@lumenmail.com,Furniture,1,25.49,0.05,Organic,US,variant
ORD-007182,2024-07-26,CUST-00674,cust-00674@lumenmail.com,Furniture,1,251.89,0.1,Social,US,
ORD-004243,2024-09-13,CUST-00262,cust-00262@lumenmail.com,Lighting,1,39.13,0.05,Paid Search,US,control
ORD-005386,14/01/2024,CUST-01238,cust-01238@lumenmail.com,Lighting,1,79.17,0.0,Paid Search,US,control
ORD-004783,2024-01-30,CUST-00669,cust-00669@lumenmail.com,Outdoor,2,410.54,0.05,Email,US,variant
ORD-007305,2024-06-03,CUST-01331,cust-01331@lumenmail.com,Lighting,1,49.09,0.0,Email,UK,
ORD-004956,2023-12-13,CUST-01388,cust-01388@lumenmail.com,Lighting,2,28.58,0.05,Email,US,control
ORD-000057,2024-12-14,CUST-02515,cust-02515@lumenmail.com,Décor,5,5.73,0.2,Organic,UK,control
ORD-001100,,CUST-00634,cust-00634@lumenmail.com,Lighting,-1,213.65,0.0,Email,US,
ORD-005468,27/07/2023,,guest@lumenmail.com,Lighting,3,83.32,0.15,Paid Search,US,control
ORD-006792,22/03/2024,CUST-00910,cust-00910@lumenmail.com,Décor,2,39.28,0.0,Organic,US,
ORD-007711,2024-09-01,CUST-02845,cust-02845@lumenmail.com,Accessories,2,45.55,0.15,Organic,US,variant
ORD-006123,2023-11-07,CUST-01722,cust-01722@lumenmail.com,Accessories,1,487.62,0.1,Organic,CA,control
ORD-006089,2023-06-02,CUST-02306,cust-02306@lumenmail.com,Lighting,1,42.78,0.0,Paid Search,US,variant
ORD-004741,2024-10-09,CUST-00838,cust-00838@lumenmail.com,Lighting,1,723.52,0.15,Social,ZZ,variant
ORD-004022,2023-08-17,CUST-00619,cust-00619@lumenmail.com,Lighting,1,29.93,0.05,Email,US,control
ORD-007273,2024-11-03,CUST-02866,cust-02866@lumenmail.com,Lighting,2,254.44,0.05,Email,US,control
ORD-007342,2023-09-13,CUST-01497,cust-01497@lumenmail.com,Furniture,1,107.16,0.1,Paid Search,CA,variant
ORD-004877,2024-05-22,CUST-00474,cust-00474@lumenmail.com,Lighting,2,58.6,0.0,Paid Search,US,control
ORD-005589,2024-06-10,,guest@lumenmail.com,Outdoor,1,147.66,0.0,Email,UK,
ORD-000942,2024-08-29,CUST-02234,cust-02234@lumenmail.com,Furniture,2,66.17,0.0,Social,US,variant
ORD-008825,2023-06-10,CUST-02538,cust-02538@lumenmail.com,Accessories,2,47.62,0.15,Social,US,variant
ORD-006104,12/08/2023,CUST-01343,cust-01343@lumenmail.com,Furniture,1,266.18,0.15,Organic,UK,variant
ORD-003752,2023-06-11,CUST-00050,cust-00050@lumenmail.com,Furniture,4,29.16,0.15,,US,variant
ORD-008358,2023-08-04,CUST-01206,cust-01206@lumenmail.com,Décor,5,79.61,0.15,Paid Search,CA,
ORD-008801,2023-07-26,CUST-00677,cust-00677@lumenmail.com,Lighting,5,168.94,0.15,Social,US,
ORD-003310,2024-12-25,CUST-02338,cust-02338@lumenmail.com,Furniture,2,94.27,0.0,Paid Search,US,variant
ORD-002847,2023-09-05,CUST-02474,cust-02474@lumenmail.com,Décor,4,67.83,0.05,Organic,US,
ORD-000661,2023-11-20,CUST-01468,cust-01468@lumenmail.com,Décor,1,84.4,0.05,Paid Search,CA,
ORD-008841,2023-11-05,CUST-00615,cust-00615@lumenmail.com,Décor,2,32.15,0.0,Email,US,
ORD-007533,2024-05-31,CUST-00632,cust-00632@lumenmail.com,Furniture,2,39.82,0.2,Email,US,variant
ORD-009010,2024-07-12,CUST-02596,cust-02596@lumenmail.com,Furniture,7,74.77,0.0,Email,US,
ORD-006011,2023-09-21,CUST-01616,cust-01616@lumenmail.com,Lighting,2,31.61,0.1,Email,AU,
ORD-007846,2023-06-19,CUST-01913,cust-01913@lumenmail.com,Accessories,2,129.93,0.0,Email,US,control
ORD-001114,2024-04-13,,guest@lumenmail.com,Outdoor,1,160.89,0.2,Paid Search,US,
ORD-004229,2024-09-16,CUST-01275,cust-01275@lumenmail.com,Furniture,1,792.12,0.1,Social,US,variant
ORD-006380,2024-12-25,CUST-02822,cust-02822@lumenmail.com,Furniture,2,389.9,0.0,Paid Search,AU,
ORD-008469,2023-11-27,CUST-00679,cust-00679@lumenmail.com,Lighting,2,52.44,0.15,Paid Search,CA,variant
ORD-007007,2024-11-01,CUST-02974,cust-02974@lumenmail.com,Outdoor,1,24.38,0.15,Paid Search,US,variant
ORD-008795,2023-08-22,CUST-00559,cust-00559@lumenmail.com,Lighting,4,87.65,0.0,Email,CA,variant
ORD-007236,2023-10-26,CUST-01234,cust-01234@lumenmail.com,Lighting,2,40.91,0.0,Email,CA,control
ORD-003387,2023-06-12,CUST-02122,cust-02122@lumenmail.com,Lighting,1,7.3,0.15,Organic,US,
ORD-006078,2024-07-19,CUST-00891,cust-00891@lumenmail.com,Lighting,2,99.24,0.1,Social,US,
ORD-002272,2024-11-30,CUST-02859,cust-02859@lumenmail.com,Furniture,1,114.34,0.0,Email,UK,control
ORD-008043,2023-10-08,CUST-02016,cust-02016@lumenmail.com,Lighting,3,325.01,0.15,Paid Search,UK,
ORD-005397,2024-03-07,CUST-02191,cust-02191@lumenmail.com,Outdoor,2,60.28,0.05,Email,US,
ORD-009591,27/07/2023,,guest@lumenmail.com,Décor,5,179.01,0.0,Organic,UK,control
ORD-002149,2023-08-31,CUST-02535,cust-02535@lumenmail.com,Lighting,1,68.08,0.15,Paid Search,UK,control
ORD-001072,2024-05-26,CUST-01961,cust-01961@lumenmail.com,Lighting,4,209.54,0.2,Organic,US,variant
ORD-009277,2023-12-05,CUST-01417,cust-01417@lumenmail.com,Lighting,1,23.34,0.15,Paid Search,UK,
ORD-003634,2024-01-18,CUST-02031,cust-02031@lumenmail.com,Furniture,2,58.65,0.0,Email,UK,
ORD-004685,2024-09-04,,guest@lumenmail.com,Outdoor,2,278.14,0.05,Social,US,control
ORD-008955,2024-06-25,CUST-02568,cust-02568@lumenmail.com,Furniture,3,82.01,0.0,Email,AU,variant
ORD-000828,2023-07-03,CUST-02335,cust-02335@lumenmail.com,Lighting,2,188.1,0.1,Paid Search,US,
ORD-006448,2023-12-06,CUST-00576,cust-00576@lumenmail.com,Furniture,2,46.47,0.1,Organic,US,
ORD-003800,2024-12-12,CUST-02802,cust-02802@lumenmail.com,Lighting,1,15.23,0.1,Paid Search,US,control
ORD-003275,2024-04-19,CUST-00671,cust-00671@lumenmail.com,Décor,1,71.31,0.0,Social,UK,control
ORD-005223,2023-07-31,CUST-01568,cust-01568@lumenmail.com,Lighting,1,351.49,0.05,Social,US,control
ORD-001999,2023-08-06,CUST-01580,cust-01580@lumenmail.com,Outdoor,1,116.12,0.15,Social,US,control
ORD-005306,2023-07-19,CUST-00266,cust-00266@lumenmail.com,Outdoor,1,43.69,0.0,Paid Search,US,
ORD-001175,2023-12-25,CUST-02691,cust-02691@lumenmail.com,Décor,4,49.89,0.05,Paid Search,US,control
ORD-005233,2023-07-01,CUST-00698,cust-00698@lumenmail.com,Outdoor,1,135.59,0.1,Email,US,variant
ORD-002156,2023-06-15,CUST-02236,cust-02236@lumenmail.com,Lighting,4,84.17,0.0,Email,CA,
ORD-004062,2023-08-11,CUST-01792,cust-01792@lumenmail.com,Furniture,1,82.28,0.0,Organic,CA,
ORD-007908,2024-05-02,CUST-01993,cust-01993@lumenmail.com,Décor,1,163.57,0.0,Paid Search,US,
ORD-001772,2024-01-12,CUST-02281,cust-02281@lumenmail.com,Outdoor,1,108.58,0.0,Organic,US,control
ORD-003749,2024-11-03,CUST-01216,cust-01216@lumenmail.com,Décor,1,66.39,0.0,Organic,CA,control
ORD-001782,2024-05-07,,guest@lumenmail.com,Lighting,3,32.06,0.05,Email,CA,
ORD-004354,2024-08-20,CUST-01873,cust-01873@lumenmail.com,Décor,1,27.87,0.0,Email,AU,
ORD-001622,2023-12-27,CUST-01040,cust-01040@lumenmail.com,Outdoor,3,155.16,0.05,Organic,US,
ORD-000541,2024-08-18,CUST-01685,cust-01685@lumenmail.com,Outdoor,2,119.55,0.0,Paid Search,US,
ORD-004093,25/12/2023,CUST-00128,cust-00128@lumenmail.com,Lighting,5,30.7,0.05,Email,US,variant
ORD-004970,11/08/2024,CUST-02897,cust-02897@lumenmail.com,Décor,1,95.43,0.0,Social,CA,
ORD-008362,2024-03-28,CUST-01921,cust-01921@lumenmail.com,Décor,1,70.22,0.05,Email,US,control
ORD-005814,2024-05-05,CUST-00512,cust-00512@lumenmail.com,Outdoor,5,156.39,0.0,Social,US,
ORD-009334,01/08/2024,CUST-01874,cust-01874@lumenmail.com,Décor,1,362.81,0.0,Paid Search,UK,
ORD-004056,2024-10-07,CUST-00228,cust-00228@lumenmail.com,Lighting,4,50.01,0.05,Organic,CA,variant
ORD-005613,2024-10-27,CUST-01131,cust-01131@lumenmail.com,Décor,1,59.67,0.0,Paid Search,US,control
ORD-002253,2024-02-27,CUST-02471,cust-02471@lumenmail.com,Décor,3,94.29,0.2,Social,US,variant
ORD-005991,2023-10-31,CUST-02922,cust-02922@lumenmail.com,Furniture,1,67.97,0.05,Email,US,control
ORD-007393,2023-11-24,,guest@lumenmail.com,Décor,5,31.7,0.0,Email,US,control
ORD-008503,2024-03-05,CUST-00001,cust-00001@lumenmail.com,Outdoor,3,18.87,0.0,Email,US,
ORD-007394,2024-07-22,CUST-01110,cust-01110@lumenmail.com,Lighting,1,86.28,0.05,Paid Search,US,variant
ORD-006153,2024-02-13,CUST-02701,cust-02701@lumenmail.com,Lighting,-1,35.78,0.05,Paid Search,US,
ORD-004971,2023-09-18,CUST-01342,cust-01342@lumenmail.com,Lighting,4,42.24,0.0,Paid Search,UK,
ORD-002691,20/04/2024,CUST-01899,cust-01899@lumenmail.com,Décor,3,620.87,0.0,Paid Search,UK,
ORD-009564,2024-11-07,CUST-00424,cust-00424@lumenmail.com,Décor,2,78.95,0.0,Email,US,control
ORD-001269,18/08/2023,CUST-02162,cust-02162@lumenmail.com,Furniture,2,45.37,0.1,Social,CA,variant
ORD-006982,2024-05-22,CUST-01133,cust-01133@lumenmail.com,Lighting,4,19.59,0.0,Paid Search,US,control
ORD-000374,2023-11-07,CUST-01764,cust-01764@lumenmail.com,Décor,1,495.15,0.05,Email,US,control
ORD-008623,2023-09-30,,guest@lumenmail.com,Décor,1,56.26,0.0,Email,US,
ORD-007415,,CUST-02837,cust-02837@lumenmail.com,Lighting,1,58.2,0.05,Social,UK,
ORD-008127,2023-08-30,CUST-02465,cust-02465@lumenmail.com,Furniture,2,90.8,0.0,Organic,US,variant
ORD-002790,18/09/2024,CUST-02108,cust-02108@lumenmail.com,Lighting,1,188.89,0.0,Organic,US,
ORD-005740,2024-02-03,CUST-00634,cust-00634@lumenmail.com,Décor,1,66.93,0.0,Email,US,
ORD-003414,2023-12-13,CUST-00405,cust-00405@lumenmail.com,Décor,1,51.32,0.0,Social,US,
ORD-002573,2023-10-18,CUST-02638,cust-02638@lumenmail.com,Outdoor,1,795.59,0.0,Organic,US,control
ORD-004231,2023-08-12,CUST-00718,cust-00718@lumenmail.com,Décor,2,42.87,0.1,Social,US,
ORD-006669,,CUST-01516,cust-01516@lumenmail.com,Furniture,1,20.8,0.0,Email,UK,variant
ORD-009203,2024-12-18,CUST-00059,cust-00059@lumenmail.com,Décor,1,15.34,0.05,Email,US,control
ORD-003506,2024-04-02,CUST-00598,cust-00598@lumenmail.com,Décor,2,193.03,0.0,Paid Search,US,
ORD-005527,2024-04-18,CUST-02033,cust-02033@lumenmail.com,Décor,3,77.64,0.05,Paid Search,US,
ORD-000821,2024-09-30,CUST-02770,cust-02770@lumenmail.com,Lighting,3,63.52,0.1,Email,US,variant
ORD-003262,23/06/2023,CUST-01509,cust-01509@lumenmail.com,Outdoor,1,0.0,0.0,Social,UK,control
ORD-009266,2023-08-08,CUST-02221,cust-02221@lumenmail.com,Furniture,1,49.39,0.0,Social,US,
ORD-008766,,CUST-02339,cust-02339@lumenmail.com,Outdoor,2,29.33,0.05,Email,US,variant
ORD-003313,2024-06-25,CUST-01853,cust-01853@lumenmail.com,Décor,1,14.99,0.0,Organic,CA,control
ORD-001667,14/11/2024,CUST-00440,cust-00440@lumenmail.com,Décor,2,91.76,0.15,Paid Search,US,
ORD-002903,2024-09-17,CUST-01591,cust-01591@lumenmail.com,Lighting,1,58.26,0.0,Paid Search,ZZ,control
ORD-008528,2024-06-20,CUST-01191,cust-01191@lumenmail.com,Furniture,1,101.24,0.0,Organic,US,control
ORD-001042,2024-04-23,CUST-01352,cust-01352@lumenmail.com,Lighting,1,50.49,0.0,Paid Search,US,
ORD-009050,2024-03-17,CUST-00655,cust-00655@lumenmail.com,Décor,1,40.72,0.0,Email,US,control
ORD-009532,2024-04-20,,guest@lumenmail.com,Lighting,1,23.33,0.0,Social,UK,
ORD-000565,2024-12-26,CUST-02875,cust-02875@lumenmail.com,Outdoor,1,84.68,0.0,Paid Search,US,control
ORD-009505,2023-11-04,CUST-01628,cust-01628@lumenmail.com,Furniture,5,6.68,0.1,Paid Search,US,
ORD-005426,2024-05-27,CUST-02612,cust-02612@lumenmail.com,Lighting,2,123.5,0.1,Organic,US,control
ORD-009441,2023-11-10,CUST-00846,cust-00846@lumenmail.com,Décor,1,14.04,0.05,Organic,US,
ORD-002859,2024-04-09,CUST-01397,cust-01397@lumenmail.com,Furniture,2,342.51,0.25,,US,
ORD-009190,2024-04-09,CUST-02721,cust-02721@lumenmail.com,Accessories,2,15.87,0.0,Social,UK,control
ORD-008557,20/06/2024,,guest@lumenmail.com,Décor,4,774.48,0.2,Paid Search,US,
ORD-004642,03/10/2023,CUST-00552,cust-00552@lumenmail.com,Décor,2,589.04,0.0,Organic,US,control
ORD-001382,2024-07-20,,guest@lumenmail.com,Furniture,7,338.44,0.0,Email,CA,control
ORD-006797,2024-05-18,CUST-00376,cust-00376@lumenmail.com,Furniture,2,102.45,0.0,Paid Search,US,control
ORD-008736,2024-04-23,CUST-00502,cust-00502@lumenmail.com,Lighting,2,155.97,0.05,Organic,US,variant
ORD-007338,2023-09-13,CUST-00809,cust-00809@lumenmail.com,Lighting,1,35.35,0.1,Paid Search,US,control
ORD-005179,2024-11-26,CUST-02584,cust-02584@lumenmail.com,Décor,2,161.35,0.0,Paid Search,CA,control
ORD-001919,2024-08-20,CUST-01810,cust-01810@lumenmail.com,Outdoor,2,68.84,0.0,Paid Search,US,
ORD-005320,2023-06-21,CUST-02288,cust-02288@lumenmail.com,Lighting,7,130.07,0.0,Email,US,variant
ORD-003270,2024-12-14,CUST-00075,cust-00075@lumenmail.com,Lighting,1,16.6,0.0,Email,ZZ,
ORD-002541,09/11/2023,CUST-01932,cust-01932@lumenmail.com,Lighting,1,364.06,0.2,Email,US,
ORD-007558,2024-03-28,CUST-00676,cust-00676@lumenmail.com,Accessories,1,70.93,0.2,Paid Search,CA,control
ORD-006490,2023-09-26,,guest@lumenmail.com,Furniture,3,58.5,0.0,Paid Search,US,control
ORD-001527,2024-12-08,CUST-02561,cust-02561@lumenmail.com,Décor,1,194.52,0.2,Paid Search,US,variant
ORD-002212,2023-09-01,CUST-02348,cust-02348@lumenmail.com,Outdoor,2,278.11,0.15,Email,CA,variant
ORD-003940,2024-02-25,CUST-01359,cust-01359@lumenmail.com,Décor,1,238.84,0.05,Paid Search,US,control
ORD-007227,2024-02-21,CUST-01486,cust-01486@lumenmail.com,Décor,1,94.56,0.0,Social,US,control
ORD-000219,2023-07-28,CUST-00288,cust-00288@lumenmail.com,Décor,1,98.81,0.05,Paid Search,US,
ORD-006562,2024-03-31,CUST-01135,cust-01135@lumenmail.com,Décor,3,31.13,0.2,,AU,variant
ORD-005617,17/07/2023,CUST-02524,cust-02524@lumenmail.com,Décor,1,246.39,0.1,Email,US,variant
ORD-003916,2024-10-11,CUST-01355,cust-01355@lumenmail.com,Outdoor,1,199.91,0.05,Paid Search,US,control
ORD-008180,2024-06-15,CUST-01402,cust-01402@lumenmail.com,Outdoor,5,52.36,0.0,Email,US,
ORD-001447,2024-08-13,CUST-01161,cust-01161@lumenmail.com,Furniture,1,22.59,0.0,Organic,US,
ORD-006927,2023-07-13,CUST-02582,cust-02582@lumenmail.com,Lighting,2,69.77,0.05,Paid Search,CA,control
ORD-000279,2024-04-19,CUST-02583,cust-02583@lumenmail.com,Accessories,2,16.17,0.05,Paid Search,UK,
ORD-005913,2024-01-11,CUST-01403,cust-01403@lumenmail.com,Outdoor,7,167.29,0.05,Email,ZZ,variant
ORD-007454,2023-07-26,CUST-00826,cust-00826@lumenmail.com,Décor,3,16.8,0.05,Email,US,variant
ORD-002688,2024-03-25,CUST-01200,cust-01200@lumenmail.com,Décor,1,254.08,0.0,Organic,US,control
ORD-004632,2023-07-11,CUST-00073,cust-00073@lumenmail.com,Lighting,2,120.54,0.0,Organic,US,
ORD-000955,2024-12-12,,guest@lumenmail.com,Lighting,3,66.52,0.0,Organic,US,control
ORD-009480,2024-08-05,CUST-02899,cust-02899@lumenmail.com,Décor,1,68.35,0.05,Social,US,
ORD-008897,2024-09-22,CUST-02907,cust-02907@lumenmail.com,Furniture,1,69.9,0.0,Paid Search,US,
ORD-006744,2024-03-23,CUST-01824,cust-01824@lumenmail.com,Furniture,1,274.22,0.2,Organic,US,variant
ORD-004560,2024-06-14,CUST-00910,cust-00910@lumenmail.com,Lighting,-1,7.23,0.0,Organic,US,control
ORD-006996,2024-07-14,CUST-02239,cust-02239@lumenmail.com,Outdoor,4,143.18,0.0,Organic,US,control
ORD-004683,2023-06-08,CUST-00425,cust-00425@lumenmail.com,Outdoor,5,147.48,0.0,Email,US,
ORD-001914,2024-09-26,,guest@lumenmail.com,Lighting,3,75.28,0.05,Email,US,control
ORD-007455,2023-11-13,CUST-02393,cust-02393@lumenmail.com,Lighting,2,24.27,0.0,,US,variant
ORD-006395,2024-06-29,CUST-00273,cust-00273@lumenmail.com,Décor,3,769.13,0.0,,UK,control
ORD-003254,2024-02-11,,guest@lumenmail.com,Décor,1,17.4,0.0,Paid Search,AU,control
ORD-008640,2024-05-24,CUST-01497,cust-01497@lumenmail.com,Lighting,3,230.4,0.05,Paid Search,US,control
ORD-008249,28/08/2023,,guest@lumenmail.com,Outdoor,7,18.76,0.0,Social,US,control
ORD-009299,2024-05-19,CUST-01795,cust-01795@lumenmail.com,Furniture,1,183.94,0.2,,CA,
ORD-000470,2024-02-20,CUST-00248,cust-00248@lumenmail.com,Accessories,1,11.75,0.0,Paid Search,UK,variant
ORD-007118,10/02/2024,CUST-00564,cust-00564@lumenmail.com,Lighting,6,488.44,0.0,Social,US,control
ORD-002015,2024-07-19,CUST-00797,cust-00797@lumenmail.com,Lighting,1,5.34,0.05,,US,variant
ORD-000520,21/04/2024,CUST-00435,cust-00435@lumenmail.com,Lighting,3,274.77,0.05,Paid Search,US,
ORD-004118,2024-11-13,CUST-00145,cust-00145@lumenmail.com,Décor,1,107.48,0.05,Email,UK,variant
ORD-001568,26/10/2024,CUST-00241,cust-00241@lumenmail.com,Lighting,1,10.17,0.2,Organic,US,variant
ORD-002227,26/06/2024,,guest@lumenmail.com,Lighting,1,42.56,0.1,Organic,US,control
ORD-007225,2024-12-11,CUST-01980,cust-01980@lumenmail.com,Décor,4,160.24,0.0,Social,UK,
ORD-008188,2023-09-19,CUST-00993,cust-00993@lumenmail.com,Décor,1,158.14,0.0,Organic,UK,
ORD-006389,2024-06-11,CUST-00120,cust-00120@lumenmail.com,Accessories,1,669.01,0.0,Organic,US,control
ORD-000578,2024-07-25,CUST-01717,cust-01717@lumenmail.com,Lighting,4,362.75,0.05,Email,AU,control
ORD-004053,2023-11-18,CUST-00435,cust-00435@lumenmail.com,Accessories,3,104.68,0.15,Email,UK,variant
ORD-008711,2024-08-14,CUST-02467,cust-02467@lumenmail.com,Décor,1,26.05,0.0,Paid Search,US,
ORD-001794,2024-07-02,CUST-02834,cust-02834@lumenmail.com,Décor,2,44.57,0.05,Paid Search,US,
ORD-002301,2024-08-06,CUST-02703,cust-02703@lumenmail.com,Lighting,4,152.75,0.05,Email,US,
ORD-003243,2024-07-18,CUST-02578,cust-02578@lumenmail.com,Décor,1,45.36,0.05,Paid Search,US,
ORD-006864,2024-10-09,CUST-02557,cust-02557@lumenmail.com,Lighting,2,63.27,0.05,Email,US,
ORD-005331,2024-02-24,CUST-02677,cust-02677@lumenmail.com,Lighting,2,68.42,0.1,Paid Search,US,
ORD-005638,2024-08-28,CUST-00541,cust-00541@lumenmail.com,Décor,1,46.61,0.0,Email,US,variant
ORD-006571,2024-09-27,CUST-00057,cust-00057@lumenmail.com,Décor,1,204.25,0.05,Paid Search,ZZ,
ORD-001950,22/11/2023,CUST-02543,cust-02543@lumenmail.com,Furniture,1,20.77,0.2,Paid Search,US,
ORD-000349,2024-04-25,CUST-02064,cust-02064@lumenmail.com,Furniture,4,133.12,0.05,Email,US,variant
ORD-007995,2024-05-28,CUST-00579,cust-00579@lumenmail.com,Décor,2,130.61,0.0,Social,US,variant
ORD-006805,2024-09-19,CUST-01302,cust-01302@lumenmail.com,Accessories,1,15.75,0.15,Paid Search,US,
ORD-006017,2024-02-02,,guest@lumenmail.com,Accessories,3,232.35,0.0,Email,CA,
ORD-001127,2024-12-02,CUST-02644,cust-02644@lumenmail.com,Outdoor,4,41.4,0.15,Paid Search,US,variant
ORD-003040,2024-06-29,CUST-00338,cust-00338@lumenmail.com,Outdoor,1,23.52,0.1,Paid Search,US,control
ORD-007987,2024-10-28,CUST-00136,cust-00136@lumenmail.com,Lighting,2,77.2,0.1,Organic,ZZ,control
ORD-001378,2024-09-27,,guest@lumenmail.com,Lighting,1,645.3,0.0,Social,US,
ORD-003803,2023-07-10,CUST-01104,cust-01104@lumenmail.com,Furniture,3,298.21,0.0,Organic,US,
ORD-005434,23/03/2024,CUST-00954,cust-00954@lumenmail.com,Lighting,1,0.0,0.0,Paid Search,CA,
ORD-003060,2024-07-25,CUST-01080,cust-01080@lumenmail.com,Furniture,3,49.14,0.0,Paid Search,UK,
ORD-003360,2023-08-30,CUST-02275,cust-02275@lumenmail.com,Décor,5,297.33,0.0,Organic,CA,control
ORD-004107,2024-02-06,CUST-01804,cust-01804@lumenmail.com,Décor,1,16.89,0.0,Email,US,
ORD-003131,2024-08-03,CUST-01234,cust-01234@lumenmail.com,Lighting,2,9.22,0.05,Email,US,control
ORD-004700,2023-11-03,CUST-01520,cust-01520@lumenmail.com,Lighting,2,59.7,0.15,Social,CA,control
ORD-001634,2024-04-30,CUST-02165,cust-02165@lumenmail.com,Décor,4,181.54,0.25,Email,US,variant
ORD-007980,2024-04-11,CUST-01577,cust-01577@lumenmail.com,Outdoor,1,758.43,0.05,Paid Search,US,
ORD-001453,2024-05-23,CUST-00683,cust-00683@lumenmail.com,Décor,4,97.72,0.05,Paid Search,US,variant
ORD-001847,,CUST-02868,cust-02868@lumenmail.com,Décor,6,168.35,0.2,Paid Search,AU,variant
ORD-007735,2023-08-22,,guest@lumenmail.com,Lighting,2,28.93,0.15,Paid Search,US,
ORD-009396,07/01/2024,CUST-02721,cust-02721@lumenmail.com,Décor,2,12.34,0.0,Email,CA,
ORD-007564,2023-12-24,CUST-02066,cust-02066@lumenmail.com,Lighting,1,84.32,0.1,Email,US,variant
ORD-005858,2023-10-24,CUST-00406,cust-00406@lumenmail.com,Outdoor,1,635.39,0.05,Email,US,variant
ORD-002260,23/02/2024,CUST-01803,cust-01803@lumenmail.com,Décor,1,228.04,0.0,Social,US,
ORD-000266,2023-10-04,,guest@lumenmail.com,Décor,1,227.1,0.15,Paid Search,AU,
ORD-005001,2023-06-11,CUST-02676,cust-02676@lumenmail.com,Décor,4,254.77,0.0,Organic,US,control
ORD-000359,13/07/2023,,guest@lumenmail.com,Accessories,7,744.22,0.15,Email,UK,variant
ORD-008979,2023-07-11,CUST-00589,cust-00589@lumenmail.com,Accessories,1,333.67,0.0,Social,UK,control
ORD-005296,26/10/2024,CUST-02715,cust-02715@lumenmail.com,Décor,2,184.23,0.2,Organic,US,
ORD-001566,2024-11-10,CUST-01177,cust-01177@lumenmail.com,Décor,2,711.49,0.15,Social,US,
ORD-007045,2023-09-22,CUST-01655,cust-01655@lumenmail.com,Outdoor,2,94.35,0.05,Organic,AU,control
ORD-008415,2023-12-30,CUST-00728,cust-00728@lumenmail.com,Décor,4,232.69,0.1,Paid Search,US,variant
ORD-008260,22/01/2024,CUST-00625,cust-00625@lumenmail.com,Lighting,4,92.19,0.1,Paid Search,AU,control
ORD-002288,2024-08-25,CUST-02884,cust-02884@lumenmail.com,Furniture,1,39.08,0.0,Paid Search,US,variant
ORD-004658,09/08/2024,CUST-02096,cust-02096@lumenmail.com,Lighting,2,14.72,0.05,Organic,US,
ORD-002012,2023-08-08,CUST-00909,cust-00909@lumenmail.com,Outdoor,1,15.95,0.0,,US,variant
ORD-004409,16/06/2024,CUST-01219,cust-01219@lumenmail.com,Décor,2,151.96,0.2,Social,CA,
ORD-007100,2024-06-14,CUST-02717,cust-02717@lumenmail.com,Outdoor,2,47.26,0.0,Email,US,control
ORD-003944,2024-03-12,CUST-02428,cust-02428@lumenmail.com,Accessories,4,128.18,0.0,Paid Search,US,control
ORD-008420,2024-11-13,CUST-01613,cust-01613@lumenmail.com,Furniture,4,299.18,0.0,Paid Search,US,
ORD-006081,2024-02-21,CUST-02595,cust-02595@lumenmail.com,Lighting,2,20.13,0.25,Social,AU,variant
ORD-000757,2023-11-16,CUST-00018,cust-00018@lumenmail.com,Décor,2,40.06,0.25,Paid Search,US,control
ORD-002047,2024-06-14,CUST-00190,cust-00190@lumenmail.com,Lighting,2,714.03,0.0,Organic,AU,variant
ORD-006431,2023-08-02,CUST-01166,cust-01166@lumenmail.com,Décor,1,432.49,0.0,Email,US,
ORD-007965,2023-06-15,CUST-01237,cust-01237@lumenmail.com,Décor,5,6.8,0.0,Paid Search,CA,
ORD-004893,2023-06-26,CUST-00843,cust-00843@lumenmail.com,Décor,1,56.02,0.0,Paid Search,CA,variant
ORD-001519,2023-10-06,CUST-02204,cust-02204@lumenmail.com,Furniture,1,28.31,0.05,Paid Search,US,control
ORD-003507,2024-01-31,CUST-02387,cust-02387@lumenmail.com,Décor,1,112.52,0.0,Paid Search,US,control
ORD-002074,2024-08-31,CUST-00922,cust-00922@lumenmail.com,Lighting,1,98.07,0.1,Paid Search,US,control
ORD-004938,21/07/2024,CUST-00528,cust-00528@lumenmail.com,Furniture,1,0.0,0.0,Organic,US,
ORD-008295,2024-11-05,CUST-02148,cust-02148@lumenmail.com,Lighting,4,46.35,0.1,Organic,US,
ORD-002681,2023-06-20,CUST-02970,cust-02970@lumenmail.com,Furniture,1,190.86,0.05,Email,US,
ORD-004350,2024-11-05,CUST-02075,cust-02075@lumenmail.com,Lighting,-7,66.6,0.1,Organic,US,control
ORD-005218,2024-02-02,CUST-00646,cust-00646@lumenmail.com,Lighting,1,58.67,0.1,Email,CA,control
ORD-000255,2024-04-18,CUST-00390,cust-00390@lumenmail.com,Lighting,1,339.79,0.25,Social,US,control
ORD-004729,2023-07-21,CUST-01381,cust-01381@lumenmail.com,Décor,5,24.95,0.0,Paid Search,UK,control
ORD-008882,2024-06-14,CUST-00530,cust-00530@lumenmail.com,Lighting,4,172.58,0.0,Email,US,
ORD-004943,2024-02-09,CUST-01306,cust-01306@lumenmail.com,Lighting,1,393.44,0.05,Paid Search,US,variant
ORD-008446,2023-10-05,CUST-01624,cust-01624@lumenmail.com,Furniture,5,45.93,0.05,Organic,ZZ,variant
ORD-001176,2023-08-03,CUST-01016,cust-01016@lumenmail.com,Lighting,1,79.24,0.0,Email,US,variant
ORD-002538,14/07/2024,CUST-01065,cust-01065@lumenmail.com,Décor,4,84.84,0.0,Social,US,
ORD-009427,2023-10-05,CUST-01297,cust-01297@lumenmail.com,Décor,1,12.77,0.15,Email,CA,control
ORD-006695,2024-02-10,CUST-01333,cust-01333@lumenmail.com,Outdoor,7,18.9,0.0,Paid Search,US,control
ORD-002525,16/12/2024,CUST-02122,cust-02122@lumenmail.com,Accessories,1,39.23,0.2,Organic,AU,
ORD-004063,2023-11-22,CUST-01801,cust-01801@lumenmail.com,Furniture,2,67.5,0.1,,US,
ORD-007412,2024-01-18,CUST-00659,cust-00659@lumenmail.com,Lighting,1,153.2,0.0,Email,US,variant
ORD-004517,2024-06-28,CUST-02415,cust-02415@lumenmail.com,Décor,5,63.88,0.0,Email,US,control
ORD-007705,2024-01-06,CUST-01089,cust-01089@lumenmail.com,Furniture,2,67.89,0.2,Paid Search,US,
ORD-002449,2023-12-05,CUST-02211,cust-02211@lumenmail.com,Furniture,1,92.44,0.0,Email,US,
ORD-002503,2023-06-23,CUST-02601,cust-02601@lumenmail.com,Lighting,2,20.58,0.05,Email,US,
ORD-002307,05/08/2024,CUST-00098,cust-00098@lumenmail.com,Lighting,1,54.78,0.0,Email,US,
ORD-005569,2024-09-08,CUST-01550,cust-01550@lumenmail.com,Décor,1,515.42,0.0,,US,variant
ORD-006999,2024-07-08,,guest@lumenmail.com,Lighting,2,71.76,0.05,Paid Search,US,variant
ORD-008133,2023-09-03,CUST-02943,cust-02943@lumenmail.com,Décor,1,50.02,0.1,Email,AU,control
ORD-006752,2024-11-30,CUST-00617,cust-00617@lumenmail.com,Furniture,1,94.26,0.05,Email,US,control
ORD-006423,2023-06-02,CUST-02850,cust-02850@lumenmail.com,Lighting,1,85.84,0.0,Email,ZZ,
ORD-005677,2024-03-17,CUST-01901,cust-01901@lumenmail.com,Accessories,5,89.56,0.05,Organic,US,
ORD-004096,2024-10-22,CUST-00679,cust-00679@lumenmail.com,Décor,2,104.45,0.0,Email,CA,
ORD-005678,2023-10-07,CUST-00480,cust-00480@lumenmail.com,Furniture,2,17.58,0.25,Email,CA,
ORD-008406,2024-03-02,CUST-00862,cust-00862@lumenmail.com,Furniture,1,79.38,0.2,Paid Search,US,
ORD-001953,20/04/2024,,guest@lumenmail.com,Furniture,1,79.94,0.0,Paid Search,US,
ORD-005576,2023-09-25,CUST-01773,cust-01773@lumenmail.com,Furniture,6,164.64,0.0,Email,UK,control
ORD-003870,08/06/2024,CUST-02786,cust-02786@lumenmail.com,Décor,4,49.7,0.0,Paid Search,US,variant
ORD-000667,2023-12-25,CUST-00057,cust-00057@lumenmail.com,Lighting,3,56.44,0.2,Email,US,
ORD-000153,2024-01-19,CUST-02870,cust-02870@lumenmail.com,Lighting,2,52.87,0.0,Email,US,variant
ORD-009258,2024-07-06,CUST-02278,cust-02278@lumenmail.com,Outdoor,1,47.58,0.0,Email,UK,
ORD-007858,2024-03-18,CUST-02638,cust-02638@lumenmail.com,Décor,2,44.24,0.1,Email,US,
ORD-004768,15/11/2023,CUST-01390,cust-01390@lumenmail.com,Décor,2,32.58,0.15,Email,US,
ORD-007197,2024-01-13,CUST-00486,cust-00486@lumenmail.com,Furniture,2,358.44,0.0,,CA,
ORD-005283,2024-04-27,CUST-02178,cust-02178@lumenmail.com,Lighting,1,33.18,0.15,Email,UK,control
ORD-005501,2024-11-29,CUST-01211,cust-01211@lumenmail.com,Furniture,4,101.07,0.0,Email,US,
ORD-006871,2023-10-02,CUST-01836,cust-01836@lumenmail.com,Lighting,1,387.36,0.0,Paid Search,US,
ORD-003661,2023-06-18,CUST-00796,cust-00796@lumenmail.com,Lighting,3,331.95,0.0,Organic,US,
ORD-008285,2023-12-14,CUST-00832,cust-00832@lumenmail.com,Outdoor,1,178.42,0.0,Email,UK,control
ORD-000751,19/12/2023,,guest@lumenmail.com,Lighting,1,345.3,0.1,Organic,US,
ORD-006623,2023-10-30,CUST-01103,cust-01103@lumenmail.com,Décor,2,32.6,0.15,Organic,US,control
ORD-001750,2023-09-28,CUST-01704,cust-01704@lumenmail.com,Outdoor,1,127.51,0.05,Paid Search,US,control
ORD-003999,2023-09-27,CUST-01403,cust-01403@lumenmail.com,Lighting,1,186.99,0.05,Organic,US,control
ORD-000276,2024-08-27,CUST-00965,cust-00965@lumenmail.com,Décor,1,7.68,0.0,Email,US,
ORD-004821,2024-11-02,CUST-00274,cust-00274@lumenmail.com,Furniture,1,151.98,0.1,Email,US,
ORD-008438,2024-08-30,CUST-00383,cust-00383@lumenmail.com,Lighting,2,41.14,0.0,Organic,US,
ORD-008018,2023-07-04,CUST-02437,cust-02437@lumenmail.com,Accessories,1,7.11,0.0,Organic,US,variant
ORD-004535,2024-02-15,CUST-02378,cust-02378@lumenmail.com,Furniture,5,143.34,0.05,Email,US,variant
ORD-001542,2023-08-02,CUST-01795,cust-01795@lumenmail.com,Décor,1,46.6,0.05,Email,US,variant
ORD-008706,2023-09-21,CUST-00655,cust-00655@lumenmail.com,Lighting,1,84.52,0.25,Paid Search,US,control
ORD-008746,2024-06-14,CUST-01107,cust-01107@lumenmail.com,Furniture,3,218.18,0.0,Email,US,variant
ORD-009241,2023-11-08,CUST-00956,cust-00956@lumenmail.com,Lighting,2,94.77,0.0,Social,US,control
ORD-000544,24/08/2023,CUST-00838,cust-00838@lumenmail.com,Furniture,1,31.55,0.0,Email,AU,control
ORD-003993,2024-09-17,CUST-02590,cust-02590@lumenmail.com,Furniture,1,37.19,0.0,Social,CA,control
ORD-002986,2024-07-15,CUST-00413,cust-00413@lumenmail.com,Lighting,3,110.49,0.2,Paid Search,US,control
ORD-002319,2023-08-28,CUST-02299,cust-02299@lumenmail.com,Furniture,1,149.42,0.0,Social,US,variant
ORD-001982,2024-06-19,CUST-01538,cust-01538@lumenmail.com,Outdoor,6,180.49,0.15,Organic,US,variant
ORD-007624,2024-05-12,CUST-01306,cust-01306@lumenmail.com,Lighting,1,193.81,0.05,Paid Search,US,control
ORD-006920,2024-01-13,CUST-00352,cust-00352@lumenmail.com,Décor,5,46.39,0.15,Paid Search,UK,variant
ORD-006991,2023-08-05,CUST-01797,cust-01797@lumenmail.com,Lighting,3,33.49,0.0,Paid Search,US,
ORD-005311,2024-09-19,CUST-02454,cust-02454@lumenmail.com,Décor,3,20.0,0.0,Social,CA,
ORD-008840,2023-06-05,CUST-02544,cust-02544@lumenmail.com,Furniture,2,88.91,0.0,Paid Search,US,
ORD-000411,2023-09-01,CUST-00384,cust-00384@lumenmail.com,Furniture,2,56.89,0.15,Paid Search,US,variant
ORD-000098,2024-12-11,,guest@lumenmail.com,Outdoor,1,111.18,0.0,Organic,US,
ORD-006908,2023-12-30,CUST-02748,cust-02748@lumenmail.com,Lighting,-3,320.56,0.0,Organic,US,
ORD-005111,2023-07-30,CUST-00880,cust-00880@lumenmail.com,Lighting,4,254.66,0.25,Email,US,variant
ORD-006985,2024-11-01,CUST-00348,cust-00348@lumenmail.com,Lighting,2,38.28,0.0,Organic,US,
ORD-007873,2024-09-11,,guest@lumenmail.com,Outdoor,2,68.7,0.0,Paid Search,US,control
ORD-007785,07/09/2023,CUST-00482,cust-00482@lumenmail.com,Furniture,3,70.27,0.0,Social,US,
ORD-008889,2023-12-15,CUST-01275,cust-01275@lumenmail.com,Lighting,1,109.23,0.2,Paid Search,CA,control
ORD-000934,2024-06-24,CUST-00546,cust-00546@lumenmail.com,Furniture,7,76.8,0.05,Organic,US,control
ORD-002523,2023-06-12,CUST-00687,cust-00687@lumenmail.com,Lighting,3,127.54,0.2,Organic,UK,variant
ORD-008829,2024-09-23,CUST-00983,cust-00983@lumenmail.com,Décor,1,297.49,0.15,Email,CA,
ORD-008431,2023-08-06,CUST-00454,cust-00454@lumenmail.com,Accessories,2,96.51,0.1,Email,US,control
ORD-004664,2023-11-26,CUST-00021,cust-00021@lumenmail.com,Lighting,2,22.05,0.2,Organic,US,control
ORD-003609,2024-06-22,CUST-02283,cust-02283@lumenmail.com,Outdoor,2,6.43,0.0,Email,UK,variant
ORD-004713,2023-06-06,CUST-02931,cust-02931@lumenmail.com,Accessories,-1,59.08,0.0,,US,
ORD-000557,2024-07-30,CUST-01267,cust-01267@lumenmail.com,Décor,2,13.8,0.05,Paid Search,US,variant
ORD-002101,2024-09-08,CUST-02262,cust-02262@lumenmail.com,Accessories,3,536.54,0.0,Organic,US,
ORD-006473,2023-10-16,CUST-00182,cust-00182@lumenmail.com,Décor,4,16.54,0.1,Paid Search,US,
ORD-005070,2023-10-03,CUST-00064,cust-00064@lumenmail.com,Décor,1,183.19,0.1,Organic,US,variant
ORD-000484,2023-08-04,CUST-00137,cust-00137@lumenmail.com,Décor,1,526.6,0.2,Paid Search,US,control
ORD-006627,2023-08-07,CUST-02544,cust-02544@lumenmail.com,Outdoor,1,171.86,0.1,Paid Search,UK,variant
ORD-007068,2024-09-26,CUST-00838,cust-00838@lumenmail.com,Lighting,1,49.3,0.0,Organic,US,
ORD-003034,2024-01-24,CUST-00927,cust-00927@lumenmail.com,Accessories,4,23.47,0.15,Organic,US,control
ORD-004653,2023-12-30,CUST-02264,cust-02264@lumenmail.com,Furniture,1,50.93,0.0,,US,variant
ORD-001522,2024-11-06,CUST-01534,cust-01534@lumenmail.com,Décor,3,48.02,0.05,Organic,US,variant
ORD-002064,2024-05-27,CUST-01406,cust-01406@lumenmail.com,Furniture,4,42.56,0.05,Paid Search,US,
ORD-004047,2024-10-11,CUST-02697,cust-02697@lumenmail.com,Accessories,4,120.01,0.0,Paid Search,US,control
ORD-004600,2024-05-20,CUST-00218,cust-00218@lumenmail.com,Furniture,3,38.11,0.15,Organic,US,
ORD-009003,2023-09-23,CUST-00984,cust-00984@lumenmail.com,Furniture,1,125.55,0.0,Email,US,
ORD-003246,2024-02-26,CUST-01140,cust-01140@lumenmail.com,Accessories,6,90.09,0.0,Paid Search,US,control
ORD-007141,2023-08-01,CUST-00945,cust-00945@lumenmail.com,Lighting,1,78.03,0.15,Email,CA,variant
ORD-008820,2023-06-10,CUST-00611,cust-00611@lumenmail.com,Accessories,2,25.51,0.0,Email,US,variant
ORD-005579,2024-09-08,CUST-00001,cust-00001@lumenmail.com,Accessories,1,175.56,0.05,Email,UK,variant
ORD-001877,2023-06-06,CUST-01706,cust-01706@lumenmail.com,Décor,1,189.3,0.0,Email,US,variant
ORD-001082,2024-09-14,CUST-00533,cust-00533@lumenmail.com,Décor,2,781.1,0.0,Paid Search,CA,variant
ORD-008470,2024-10-24,CUST-02939,cust-02939@lumenmail.com,Lighting,3,37.91,0.05,Paid Search,US,
ORD-005758,2023-08-21,CUST-00690,cust-00690@lumenmail.com,Lighting,-2,8.57,0.1,Paid Search,CA,control
ORD-001687,2023-06-18,CUST-00019,cust-00019@lumenmail.com,Décor,5,97.52,0.0,Paid Search,US,control
ORD-000581,2023-11-03,CUST-01371,cust-01371@lumenmail.com,Décor,3,331.97,0.05,,CA,
ORD-008371,2024-05-18,CUST-01013,cust-01013@lumenmail.com,Décor,2,181.24,0.25,Email,US,control
ORD-004165,2024-12-02,CUST-00494,cust-00494@lumenmail.com,Outdoor,1,42.14,0.0,Email,AU,
ORD-003063,20/11/2023,CUST-01397,cust-01397@lumenmail.com,Lighting,1,31.56,0.15,Email,US,
ORD-003407,2024-04-10,CUST-01722,cust-01722@lumenmail.com,Furniture,3,113.31,0.0,Paid Search,US,variant
ORD-002473,2024-04-29,CUST-02057,cust-02057@lumenmail.com,Lighting,1,741.51,0.0,,US,control
ORD-002397,2023-11-22,CUST-01951,cust-01951@lumenmail.com,Lighting,1,142.84,0.2,Organic,US,variant
ORD-003399,2024-02-05,CUST-00110,cust-00110@lumenmail.com,Accessories,1,48.35,0.1,Social,CA,variant
ORD-002575,2023-09-07,CUST-00546,cust-00546@lumenmail.com,Furniture,1,43.76,0.0,Email,US,variant
ORD-003934,2024-01-07,CUST-02037,cust-02037@lumenmail.com,Lighting,1,58.93,0.0,Paid Search,UK,
ORD-000806,2024-06-03,CUST-02791,cust-02791@lumenmail.com,Lighting,-1,17.79,0.0,Email,US,
ORD-002326,26/05/2024,CUST-00553,cust-00553@lumenmail.com,Lighting,1,102.45,0.0,Email,CA,variant
ORD-007097,27/07/2024,CUST-00390,cust-00390@lumenmail.com,Lighting,7,38.84,0.0,Organic,CA,control
ORD-007072,2023-09-15,CUST-00789,cust-00789@lumenmail.com,Lighting,1,25.48,0.0,Email,US,variant
ORD-008819,2024-02-22,CUST-00134,cust-00134@lumenmail.com,Lighting,1,18.44,0.0,Organic,US,
ORD-000034,2023-10-13,CUST-01089,cust-01089@lumenmail.com,Lighting,2,79.63,0.05,Paid Search,US,control
ORD-007862,04/02/2024,CUST-02055,cust-02055@lumenmail.com,Accessories,1,211.67,0.1,Organic,US,
ORD-004746,2024-07-09,CUST-00591,cust-00591@lumenmail.com,Décor,3,13.92,0.15,Paid Search,CA,control
ORD-000920,2023-08-01,,guest@lumenmail.com,Lighting,2,114.8,0.25,,US,variant
ORD-007870,08/08/2023,CUST-00550,cust-00550@lumenmail.com,Décor,1,473.57,0.1,Paid Search,CA,variant
ORD-003091,2024-11-01,CUST-01808,cust-01808@lumenmail.com,Outdoor,1,42.94,0.05,Organic,US,variant
ORD-008344,2024-11-26,CUST-00675,cust-00675@lumenmail.com,Furniture,2,59.11,0.0,Organic,AU,control
ORD-005297,,CUST-00579,cust-00579@lumenmail.com,Lighting,-1,49.45,0.0,,US,
ORD-000497,28/02/2024,CUST-01968,cust-01968@lumenmail.com,Lighting,1,53.98,0.0,Email,US,control
ORD-007357,2024-05-18,CUST-00521,cust-00521@lumenmail.com,Lighting,1,25.9,0.1,Organic,UK,
ORD-000124,,CUST-02746,cust-02746@lumenmail.com,Décor,5,303.44,0.05,Paid Search,US,control
ORD-004791,2023-07-09,CUST-02969,cust-02969@lumenmail.com,Décor,3,52.74,0.1,Paid Search,US,control
ORD-005528,2023-12-10,CUST-00894,cust-00894@lumenmail.com,Accessories,2,390.52,0.0,Email,US,variant
ORD-004092,2024-02-26,CUST-01588,cust-01588@lumenmail.com,Lighting,2,122.79,0.0,Organic,US,
ORD-007713,2024-08-28,CUST-01654,cust-01654@lumenmail.com,Outdoor,5,39.41,0.1,Social,US,
ORD-005732,2023-09-06,CUST-02168,cust-02168@lumenmail.com,Lighting,1,35.03,0.15,Paid Search,US,control
ORD-003573,2023-12-28,CUST-02096,cust-02096@lumenmail.com,Décor,1,507.14,0.0,Organic,US,
ORD-003155,2024-12-05,CUST-02571,cust-02571@lumenmail.com,Lighting,2,70.15,0.0,Email,US,variant
ORD-008078,2023-10-12,,guest@lumenmail.com,Lighting,1,38.43,0.1,Paid Search,US,
ORD-008667,2023-10-14,CUST-02540,cust-02540@lumenmail.com,Furniture,1,307.62,0.15,Paid Search,US,control
ORD-004073,2024-12-24,CUST-02916,cust-02916@lumenmail.com,Lighting,1,69.26,0.05,Paid Search,US,
ORD-000756,2024-08-28,CUST-01166,cust-01166@lumenmail.com,Lighting,1,355.47,0.0,Email,US,control
ORD-000736,29/08/2024,,guest@lumenmail.com,Lighting,2,91.25,0.0,Email,US,
ORD-008381,2024-04-02,CUST-01109,cust-01109@lumenmail.com,Lighting,5,24.39,0.0,Organic,US,
ORD-007540,2024-03-15,CUST-01572,cust-01572@lumenmail.com,Lighting,4,90.7,0.2,,UK,
ORD-003487,12/05/2024,CUST-01773,cust-01773@lumenmail.com,Furniture,3,532.22,0.1,Email,US,
ORD-009196,10/11/2023,CUST-02865,cust-02865@lumenmail.com,Lighting,1,136.02,0.1,Email,US,control
ORD-009581,2024-10-11,CUST-02172,cust-02172@lumenmail.com,Lighting,2,53.26,0.05,Organic,US,
ORD-001562,29/10/2024,CUST-02035,cust-02035@lumenmail.com,Outdoor,1,89.69,0.2,Email,US,
ORD-003473,14/11/2024,CUST-01828,cust-01828@lumenmail.com,Décor,2,16.42,0.05,Organic,US,control
ORD-009423,2024-08-14,CUST-01921,cust-01921@lumenmail.com,Lighting,1,0.0,0.0,,US,
ORD-002434,2024-11-11,CUST-00156,cust-00156@lumenmail.com,Furniture,2,35.83,0.0,Social,US,
ORD-008332,2024-07-03,CUST-00398,cust-00398@lumenmail.com,Décor,5,16.11,0.15,Paid Search,UK,
ORD-006671,2024-07-14,CUST-02990,cust-02990@lumenmail.com,Accessories,1,176.62,0.0,Paid Search,UK,control
ORD-006260,2024-10-03,CUST-00209,cust-00209@lumenmail.com,Décor,2,103.44,0.0,Paid Search,US,variant
ORD-003493,2024-05-22,CUST-01393,cust-01393@lumenmail.com,Furniture,1,64.04,0.0,Email,US,control
ORD-007867,2023-10-12,CUST-00865,cust-00865@lumenmail.com,Lighting,3,7.6,0.05,Email,US,
ORD-003512,2023-07-14,CUST-01117,cust-01117@lumenmail.com,Lighting,1,25.42,0.0,Organic,US,
ORD-007968,2024-08-07,CUST-02031,cust-02031@lumenmail.com,Lighting,1,231.83,0.1,Paid Search,CA,control
ORD-009142,2024-04-06,CUST-02342,cust-02342@lumenmail.com,Lighting,2,28.81,0.05,Social,UK,variant
ORD-005445,2024-07-13,CUST-02201,cust-02201@lumenmail.com,Décor,3,159.16,0.0,Email,US,variant
ORD-002238,2024-12-24,CUST-02363,cust-02363@lumenmail.com,Outdoor,2,48.07,0.0,Paid Search,CA,variant
ORD-007157,12/07/2023,,guest@lumenmail.com,Lighting,1,131.35,0.15,Email,US,variant
ORD-009363,2023-12-11,CUST-00146,cust-00146@lumenmail.com,Furniture,2,45.7,0.05,Organic,US,variant
ORD-003413,2023-08-12,CUST-02944,cust-02944@lumenmail.com,Outdoor,5,754.13,0.2,Email,US,variant
ORD-006202,2024-01-12,CUST-00794,cust-00794@lumenmail.com,Décor,1,244.91,0.1,Organic,US,control
ORD-001523,26/06/2024,CUST-01980,cust-01980@lumenmail.com,Furniture,1,46.28,0.2,Paid Search,AU,variant
ORD-004880,2024-01-03,CUST-00698,cust-00698@lumenmail.com,Décor,3,188.35,0.2,Paid Search,CA,control
ORD-007031,23/07/2023,CUST-02388,cust-02388@lumenmail.com,Lighting,5,253.86,0.2,Email,US,
ORD-000398,2023-06-06,CUST-00422,cust-00422@lumenmail.com,Outdoor,2,383.62,0.05,Email,CA,
ORD-009167,2024-07-29,CUST-00461,cust-00461@lumenmail.com,Lighting,1,46.25,0.15,Email,US,
ORD-006819,,CUST-01033,cust-01033@lumenmail.com,Décor,2,186.32,0.0,,CA,control
ORD-000647,2024-04-28,CUST-01720,cust-01720@lumenmail.com,Décor,1,62.1,0.0,Email,US,variant
ORD-002607,2024-09-17,CUST-02270,cust-02270@lumenmail.com,Lighting,1,235.47,0.2,Social,US,variant
ORD-002333,2024-06-29,CUST-00109,cust-00109@lumenmail.com,Lighting,2,61.96,0.0,Organic,CA,variant
ORD-000086,2024-07-13,CUST-01042,cust-01042@lumenmail.com,Lighting,1,22.8,0.25,Paid Search,US,variant
ORD-006130,2023-07-27,CUST-02556,cust-02556@lumenmail.com,Lighting,1,93.66,0.1,Email,UK,
ORD-004054,2024-06-02,CUST-00978,cust-00978@lumenmail.com,Lighting,4,16.14,0.0,Organic,AU,
ORD-008806,2023-09-08,CUST-01970,cust-01970@lumenmail.com,Furniture,1,788.23,0.2,Email,US,variant
ORD-002180,2024-02-29,CUST-02534,cust-02534@lumenmail.com,Décor,1,35.96,0.0,Email,ZZ,variant
ORD-008743,2023-10-24,CUST-02248,cust-02248@lumenmail.com,Accessories,2,196.66,0.05,Paid Search,US,
ORD-003322,2023-12-12,CUST-00627,cust-00627@lumenmail.com,Outdoor,3,30.78,0.0,Paid Search,US,control
ORD-004441,2023-07-28,CUST-00691,cust-00691@lumenmail.com,Accessories,2,239.28,0.1,Paid Search,US,control
ORD-005497,2024-06-18,CUST-00342,cust-00342@lumenmail.com,Lighting,1,25.43,0.0,Social,CA,
ORD-006372,2023-11-12,CUST-02538,cust-02538@lumenmail.com,Accessories,1,23.13,0.25,Paid Search,US,
ORD-002031,2023-10-24,CUST-02322,cust-02322@lumenmail.com,Accessories,3,170.44,0.0,Organic,US,variant
ORD-002125,2023-11-08,CUST-01122,cust-01122@lumenmail.com,Outdoor,4,68.4,0.1,Paid Search,US,
ORD-007453,28/12/2023,CUST-01500,cust-01500@lumenmail.com,Lighting,6,274.39,0.05,Email,US,control
ORD-008911,29/01/2024,CUST-00341,cust-00341@lumenmail.com,Accessories,2,22.47,0.0,Paid Search,UK,variant
ORD-005711,22/01/2024,CUST-00089,cust-00089@lumenmail.com,Décor,1,63.37,0.15,Social,US,variant
ORD-008029,2023-07-10,CUST-02321,cust-02321@lumenmail.com,Lighting,1,10.56,0.1,Organic,US,variant
ORD-005872,14/01/2024,CUST-01171,cust-01171@lumenmail.com,Décor,1,243.72,0.05,Social,US,variant
ORD-006525,2023-07-26,CUST-02828,cust-02828@lumenmail.com,Accessories,4,53.01,0.15,Email,US,control
ORD-000546,2023-11-05,CUST-00629,cust-00629@lumenmail.com,Lighting,1,86.14,0.15,,US,control
ORD-001247,2023-11-27,CUST-00721,cust-00721@lumenmail.com,Décor,2,176.01,0.0,Email,US,variant
ORD-006110,2023-10-17,CUST-01898,cust-01898@lumenmail.com,Décor,3,72.05,0.1,Organic,US,variant
ORD-006090,2024-12-10,CUST-01401,cust-01401@lumenmail.com,Furniture,1,137.4,0.0,Email,CA,
ORD-007332,2024-11-21,CUST-00054,cust-00054@lumenmail.com,Décor,1,398.1,0.05,Social,US,variant
ORD-001293,2024-05-15,,guest@lumenmail.com,Décor,1,27.77,0.0,Email,US,
ORD-007636,2024-02-18,CUST-02405,cust-02405@lumenmail.com,Outdoor,3,381.91,0.0,Organic,US,variant
ORD-000747,2024-01-18,CUST-02068,cust-02068@lumenmail.com,Lighting,1,29.33,0.0,Organic,US,control
ORD-005509,24/07/2024,CUST-00609,cust-00609@lumenmail.com,Furniture,-1,13.87,0.15,Email,US,
ORD-005089,2023-06-27,CUST-01113,cust-01113@lumenmail.com,Lighting,4,0.0,0.15,Social,US,control
ORD-001550,2023-12-21,CUST-00731,cust-00731@lumenmail.com,Lighting,1,32.85,0.0,Email,US,control
ORD-004895,2023-12-31,CUST-00160,cust-00160@lumenmail.com,Lighting,1,80.91,0.05,Social,UK,
ORD-000648,2023-09-21,CUST-01119,cust-01119@lumenmail.com,Outdoor,2,14.16,0.0,Email,US,control
ORD-008467,2023-07-20,CUST-02211,cust-02211@lumenmail.com,Lighting,1,72.41,0.2,,US,
ORD-001262,2024-03-21,,guest@lumenmail.com,Furniture,4,80.24,0.0,Paid Search,US,control
ORD-004138,2023-09-06,CUST-02766,cust-02766@lumenmail.com,Furniture,1,43.14,0.05,Email,US,
ORD-009496,18/06/2024,CUST-02738,cust-02738@lumenmail.com,Lighting,2,63.81,0.0,Paid Search,UK,
ORD-003857,2024-01-25,CUST-00622,cust-00622@lumenmail.com,Lighting,2,84.94,0.0,Paid Search,US,control
ORD-007272,22/11/2023,CUST-02811,cust-02811@lumenmail.com,Lighting,2,46.42,0.0,Paid Search,US,control
ORD-006640,2024-06-13,CUST-02988,cust-02988@lumenmail.com,Furniture,3,33.84,0.25,Email,US,
ORD-001491,2024-01-21,CUST-02500,cust-02500@lumenmail.com,Accessories,4,36.25,0.05,Paid Search,CA,variant
ORD-009137,28/05/2024,CUST-00689,cust-00689@lumenmail.com,Lighting,3,175.82,0.05,Email,US,control
ORD-003078,2024-05-08,,guest@lumenmail.com,Lighting,1,296.07,0.15,Organic,UK,variant
ORD-001006,24/07/2024,CUST-01927,cust-01927@lumenmail.com,Outdoor,2,20.36,0.0,Paid Search,US,
ORD-008122,2023-08-01,CUST-02743,cust-02743@lumenmail.com,Lighting,1,164.45,0.1,Organic,US,control
ORD-002361,2023-09-14,CUST-02205,cust-02205@lumenmail.com,Outdoor,1,47.1,0.05,Organic,US,variant
ORD-001572,20/06/2023,CUST-02582,cust-02582@lumenmail.com,Décor,1,137.54,0.0,Organic,US,
ORD-004257,2024-07-15,CUST-02921,cust-02921@lumenmail.com,Furniture,1,76.76,0.0,Paid Search,UK,control
ORD-005989,2024-02-05,CUST-01475,cust-01475@lumenmail.com,Décor,1,346.24,0.2,Email,UK,variant
ORD-001823,2024-11-23,CUST-02801,cust-02801@lumenmail.com,Outdoor,2,167.76,0.0,Organic,US,
ORD-005102,2023-06-18,CUST-01044,cust-01044@lumenmail.com,Outdoor,1,92.88,0.0,Paid Search,UK,variant
ORD-000427,2024-06-03,CUST-02181,cust-02181@lumenmail.com,Lighting,2,21.46,0.0,Paid Search,US,variant
ORD-000593,2024-07-04,CUST-01377,cust-01377@lumenmail.com,Outdoor,2,35.33,0.05,Paid Search,CA,control
ORD-005550,2024-01-07,CUST-02388,cust-02388@lumenmail.com,Furniture,1,76.01,0.1,Organic,CA,
ORD-000218,2023-10-03,CUST-02825,cust-02825@lumenmail.com,Furniture,1,69.03,0.0,Paid Search,CA,control
ORD-003160,19/05/2024,CUST-00598,cust-00598@lumenmail.com,Furniture,2,5.65,0.15,Social,AU,variant
ORD-004496,2024-04-06,,guest@lumenmail.com,Outdoor,1,53.79,0.15,Paid Search,CA,control
ORD-000457,04/06/2024,CUST-02270,cust-02270@lumenmail.com,Décor,2,83.04,0.0,Organic,UK,control
ORD-007959,2024-08-22,,guest@lumenmail.com,Lighting,2,33.03,0.1,Paid Search,AU,variant
ORD-002983,26/02/2024,CUST-00165,cust-00165@lumenmail.com,Lighting,2,86.92,0.0,Social,US,
ORD-005518,2024-08-12,CUST-01908,cust-01908@lumenmail.com,Lighting,1,60.89,0.1,Paid Search,UK,variant
ORD-008301,2024-07-18,CUST-02696,cust-02696@lumenmail.com,Lighting,4,392.13,0.0,Paid Search,US,variant
ORD-002161,2024-08-13,CUST-01037,cust-01037@lumenmail.com,Décor,2,15.79,0.1,Email,UK,control
ORD-002255,2024-09-02,CUST-00147,cust-00147@lumenmail.com,Lighting,4,45.91,0.05,Paid Search,ZZ,variant
ORD-004903,2023-06-20,CUST-01508,cust-01508@lumenmail.com,Outdoor,3,12.11,0.0,Email,US,variant
ORD-001755,2023-12-13,CUST-02290,cust-02290@lumenmail.com,Furniture,2,168.73,0.2,Organic,UK,control
ORD-005166,2023-08-28,CUST-02961,cust-02961@lumenmail.com,Lighting,4,11.73,0.0,Paid Search,US,
ORD-000024,2024-05-10,CUST-00919,cust-00919@lumenmail.com,Outdoor,1,88.94,0.0,Social,UK,
ORD-002160,2023-09-29,CUST-01479,cust-01479@lumenmail.com,Décor,2,21.62,0.0,Organic,UK,control
ORD-002381,2024-05-07,,guest@lumenmail.com,Décor,3,506.66,0.0,Paid Search,US,
ORD-002948,24/06/2024,CUST-01297,cust-01297@lumenmail.com,Décor,2,26.65,0.1,Email,US,control
ORD-003832,2024-03-22,CUST-02751,cust-02751@lumenmail.com,Accessories,1,11.68,0.0,Paid Search,US,control
ORD-001945,2023-11-04,CUST-02737,cust-02737@lumenmail.com,Décor,3,0.0,0.0,Social,US,control
ORD-005756,2023-08-27,CUST-02760,cust-02760@lumenmail.com,Furniture,6,83.89,0.1,Email,US,variant
ORD-004146,2023-10-27,CUST-01847,cust-01847@lumenmail.com,Outdoor,2,63.16,0.0,Organic,CA,variant
ORD-006570,28/06/2024,CUST-00786,cust-00786@lumenmail.com,Lighting,4,47.2,0.0,Paid Search,UK,
ORD-000150,2023-08-06,CUST-02008,cust-02008@lumenmail.com,Lighting,2,36.23,0.1,Email,US,
ORD-000370,2023-12-30,CUST-02856,cust-02856@lumenmail.com,Décor,1,44.51,0.0,Organic,US,
ORD-005465,2024-01-13,CUST-02690,cust-02690@lumenmail.com,Décor,2,32.33,0.1,Paid Search,US,control
ORD-008152,2024-10-03,CUST-02800,cust-02800@lumenmail.com,Lighting,6,169.98,0.15,Email,US,control
ORD-000906,2023-10-11,CUST-02806,cust-02806@lumenmail.com,Décor,-1,51.32,0.0,,US,
ORD-002302,2023-11-22,CUST-01815,cust-01815@lumenmail.com,Lighting,1,174.44,0.2,Paid Search,US,control
ORD-002871,2024-10-22,CUST-01466,cust-01466@lumenmail.com,Furniture,1,188.51,0.0,,UK,control
ORD-004718,2023-07-02,CUST-00542,cust-00542@lumenmail.com,Furniture,2,95.74,0.0,Email,US,
ORD-005186,05/06/2023,,guest@lumenmail.com,Lighting,1,10.11,0.1,Email,US,control
ORD-002629,,CUST-00143,cust-00143@lumenmail.com,Décor,2,87.47,0.05,Paid Search,US,
ORD-006672,2023-12-09,CUST-02401,cust-02401@lumenmail.com,Furniture,3,95.81,0.1,Social,CA,
ORD-000039,2024-07-03,CUST-00355,cust-00355@lumenmail.com,Décor,1,179.72,0.1,Paid Search,US,
ORD-003747,2024-08-19,CUST-02507,cust-02507@lumenmail.com,Lighting,2,85.33,0.1,Organic,US,
ORD-001547,2024-02-03,CUST-01904,cust-01904@lumenmail.com,Décor,1,774.34,0.0,Paid Search,US,
ORD-009475,2024-04-17,CUST-01677,cust-01677@lumenmail.com,Lighting,1,704.69,0.0,Paid Search,US,control
ORD-007789,2024-10-22,CUST-00537,cust-00537@lumenmail.com,Lighting,1,67.31,0.0,Email,US,variant
ORD-004843,2024-11-05,CUST-02863,cust-02863@lumenmail.com,Accessories,-3,39.5,0.1,Email,UK,control
ORD-004449,2023-07-24,CUST-02197,cust-02197@lumenmail.com,Lighting,5,522.8,0.1,Social,US,
ORD-006573,2024-04-14,CUST-00351,cust-00351@lumenmail.com,Lighting,-3,40.08,0.1,Paid Search,US,control
ORD-006992,23/06/2024,CUST-01340,cust-01340@lumenmail.com,Furniture,2,198.74,0.15,Email,CA,control
ORD-003635,2023-09-11,CUST-02450,cust-02450@lumenmail.com,Furniture,1,46.15,0.1,Email,UK,
ORD-001291,2024-11-05,CUST-02072,cust-02072@lumenmail.com,Lighting,2,112.95,0.0,Email,US,control
ORD-004360,2024-07-30,CUST-02653,cust-02653@lumenmail.com,Décor,1,55.29,0.2,Social,CA,variant
ORD-003415,2023-11-12,CUST-02333,cust-02333@lumenmail.com,Décor,1,96.57,0.2,Email,US,variant
ORD-008066,12/09/2024,CUST-01462,cust-01462@lumenmail.com,Décor,1,43.86,0.15,Email,CA,control
ORD-005901,30/09/2024,,guest@lumenmail.com,Décor,3,553.93,0.0,Email,CA,control
ORD-005404,2023-10-21,CUST-02208,cust-02208@lumenmail.com,Outdoor,1,80.07,0.05,Paid Search,US,
ORD-008176,2023-12-07,CUST-02291,cust-02291@lumenmail.com,Décor,2,55.41,0.0,Organic,US,variant
ORD-004356,2023-12-22,CUST-02153,cust-02153@lumenmail.com,Furniture,7,177.12,0.1,Organic,US,control
ORD-006416,2024-12-01,CUST-00560,cust-00560@lumenmail.com,Décor,3,72.67,0.1,Paid Search,US,control
ORD-009189,2024-06-15,CUST-00332,cust-00332@lumenmail.com,Accessories,1,23.06,0.15,Social,US,control
ORD-005976,2024-10-12,CUST-01634,cust-01634@lumenmail.com,Lighting,1,24.58,0.05,Organic,US,
ORD-007814,2024-09-11,CUST-02092,cust-02092@lumenmail.com,Décor,2,574.81,0.05,Organic,CA,control
ORD-006393,2024-06-28,CUST-02787,cust-02787@lumenmail.com,Lighting,4,50.77,0.0,Organic,CA,variant
ORD-007827,2023-06-12,CUST-01159,cust-01159@lumenmail.com,Furniture,3,84.14,0.0,Email,US,control
ORD-001494,2024-11-16,CUST-00158,cust-00158@lumenmail.com,Furniture,1,89.35,0.1,Email,AU,
ORD-001379,2024-08-05,,guest@lumenmail.com,Accessories,1,139.88,0.25,Paid Search,CA,control
ORD-008811,2024-10-28,CUST-00492,cust-00492@lumenmail.com,Accessories,2,176.03,0.0,Email,US,control
ORD-008266,29/04/2024,CUST-00698,cust-00698@lumenmail.com,Outdoor,4,147.53,0.0,Email,US,control
ORD-005733,2024-04-30,CUST-01325,cust-01325@lumenmail.com,Lighting,2,94.65,0.0,Paid Search,US,variant
ORD-000908,2024-06-25,CUST-01248,cust-01248@lumenmail.com,Lighting,2,45.89,0.1,Email,US,
ORD-006463,2023-09-15,CUST-01387,cust-01387@lumenmail.com,Lighting,2,37.22,0.05,Organic,ZZ,
ORD-004745,2024-12-25,CUST-00188,cust-00188@lumenmail.com,Décor,1,6.04,0.2,Email,US,control
ORD-000536,2023-12-28,CUST-00508,cust-00508@lumenmail.com,Décor,2,178.59,0.0,Organic,US,variant
ORD-006578,2024-05-17,CUST-01460,cust-01460@lumenmail.com,Lighting,1,19.28,0.0,Paid Search,UK,variant
ORD-000772,2024-01-19,CUST-00637,cust-00637@lumenmail.com,Lighting,2,27.41,0.25,Email,US,
ORD-002536,2024-01-05,CUST-01068,cust-01068@lumenmail.com,Outdoor,1,476.24,0.0,Paid Search,US,control
ORD-001480,2024-07-28,,guest@lumenmail.com,Décor,4,36.8,0.0,Social,US,
ORD-006620,2024-07-04,CUST-01939,cust-01939@lumenmail.com,Accessories,1,49.61,0.05,Paid Search,US,variant
ORD-009057,2024-03-06,CUST-00488,cust-00488@lumenmail.com,Furniture,1,551.02,0.0,Email,US,
ORD-003786,11/12/2024,CUST-01501,cust-01501@lumenmail.com,Accessories,1,13.63,0.05,Social,US,
ORD-005149,2024-11-23,CUST-01593,cust-01593@lumenmail.com,Accessories,2,167.97,0.0,Social,US,
ORD-008353,2023-06-04,CUST-00308,cust-00308@lumenmail.com,Décor,3,183.65,0.0,Email,US,control
ORD-009104,2023-06-05,,guest@lumenmail.com,Lighting,2,55.98,0.1,Paid Search,US,variant
ORD-007536,2024-07-29,CUST-00437,cust-00437@lumenmail.com,Lighting,3,86.17,0.0,Email,CA,
ORD-000114,2023-11-22,CUST-02309,cust-02309@lumenmail.com,Lighting,2,169.39,0.05,Email,CA,
ORD-000205,2023-08-23,,guest@lumenmail.com,Lighting,1,168.6,0.1,Organic,CA,control
ORD-006039,2023-09-01,CUST-02527,cust-02527@lumenmail.com,Lighting,3,42.82,0.0,Organic,US,variant
ORD-007350,2024-06-28,CUST-00706,cust-00706@lumenmail.com,Lighting,1,213.37,0.05,Email,US,
ORD-000742,2024-10-06,CUST-02989,cust-02989@lumenmail.com,Outdoor,1,30.36,0.0,Paid Search,US,control
ORD-007379,2024-02-15,CUST-02281,cust-02281@lumenmail.com,Décor,2,626.22,0.0,Organic,US,variant
ORD-006326,09/03/2024,CUST-00849,cust-00849@lumenmail.com,Décor,1,42.18,0.2,Social,CA,
ORD-007200,2024-07-06,CUST-00955,cust-00955@lumenmail.com,Outdoor,4,34.32,0.05,Social,US,
ORD-005507,2023-09-10,CUST-02779,cust-02779@lumenmail.com,Lighting,2,96.69,0.15,Organic,CA,variant
ORD-006976,2024-12-13,CUST-02683,cust-02683@lumenmail.com,Furniture,1,102.74,0.25,,US,control
ORD-002420,2024-08-10,CUST-00210,cust-00210@lumenmail.com,Furniture,3,57.06,0.05,Social,US,
ORD-004072,2023-12-24,CUST-01513,cust-01513@lumenmail.com,Furniture,1,159.39,0.25,Paid Search,US,
ORD-002868,23/09/2023,CUST-00299,cust-00299@lumenmail.com,Accessories,1,231.02,0.15,Paid Search,US,
ORD-009098,2023-12-28,CUST-02830,cust-02830@lumenmail.com,Accessories,5,373.13,0.15,Social,AU,variant
ORD-004341,2023-12-05,CUST-02231,cust-02231@lumenmail.com,Furniture,2,55.67,0.05,Email,CA,variant
ORD-006574,2023-07-30,CUST-02712,cust-02712@lumenmail.com,Furniture,4,7.05,0.1,Paid Search,US,control
ORD-006921,2024-02-16,CUST-00550,cust-00550@lumenmail.com,Décor,1,145.82,0.1,Paid Search,CA,
ORD-001646,2024-07-21,CUST-01481,cust-01481@lumenmail.com,Furniture,1,73.33,0.1,Email,US,control
ORD-004131,2023-08-04,CUST-02473,cust-02473@lumenmail.com,Décor,2,133.61,0.0,Paid Search,US,variant
ORD-000419,2024-11-27,CUST-00260,cust-00260@lumenmail.com,Décor,1,40.04,0.15,Email,US,control
ORD-001918,2023-10-11,CUST-02596,cust-02596@lumenmail.com,Furniture,1,321.18,0.05,Email,UK,
ORD-000899,2024-05-19,CUST-02568,cust-02568@lumenmail.com,Lighting,2,108.84,0.15,Social,US,control
ORD-008409,10/05/2024,CUST-02189,cust-02189@lumenmail.com,Lighting,1,48.87,0.0,Organic,AU,
ORD-001651,2024-08-02,CUST-02567,cust-02567@lumenmail.com,Décor,3,344.98,0.0,Email,US,
ORD-004935,2023-12-31,CUST-00827,cust-00827@lumenmail.com,Lighting,1,86.39,0.05,Organic,UK,control
ORD-004148,2023-12-20,CUST-00580,cust-00580@lumenmail.com,Lighting,1,45.32,0.0,Organic,US,
ORD-006470,2023-09-06,CUST-01354,cust-01354@lumenmail.com,Lighting,3,104.12,0.05,Email,US,variant
ORD-002075,2023-07-18,CUST-02450,cust-02450@lumenmail.com,Furniture,1,38.03,0.0,Paid Search,US,control
ORD-002959,2024-07-17,CUST-01642,cust-01642@lumenmail.com,Furniture,1,101.97,0.1,Paid Search,US,variant
ORD-008606,2023-08-01,CUST-01544,cust-01544@lumenmail.com,Accessories,1,46.11,0.05,Email,US,control
ORD-000422,2024-10-12,CUST-00791,cust-00791@lumenmail.com,Furniture,2,29.41,0.1,Paid Search,US,variant
ORD-005198,2024-10-22,CUST-00804,cust-00804@lumenmail.com,Accessories,2,193.82,0.15,Organic,US,control
ORD-001630,2023-06-12,CUST-01853,cust-01853@lumenmail.com,Furniture,1,83.21,0.0,Social,UK,variant
ORD-004863,2024-06-12,CUST-00369,cust-00369@lumenmail.com,Lighting,6,9.42,0.0,Organic,CA,control
ORD-009473,22/03/2024,CUST-02738,cust-02738@lumenmail.com,Furniture,2,192.07,0.1,Paid Search,CA,variant
ORD-006210,2023-11-26,CUST-02107,cust-02107@lumenmail.com,Décor,-1,79.51,0.05,Social,US,control
ORD-004946,2023-07-22,CUST-02646,cust-02646@lumenmail.com,Accessories,1,290.35,0.0,Paid Search,US,
ORD-004328,2024-04-12,CUST-00083,cust-00083@lumenmail.com,Lighting,4,139.4,0.0,Organic,US,
ORD-002628,2024-01-08,CUST-00294,cust-00294@lumenmail.com,Lighting,1,324.15,0.2,Paid Search,US,variant
ORD-003897,2023-12-11,CUST-01079,cust-01079@lumenmail.com,Décor,2,76.76,0.0,Organic,US,control
ORD-001240,2023-10-15,CUST-02193,cust-02193@lumenmail.com,Lighting,1,237.87,0.1,Email,CA,variant
ORD-006281,2023-12-22,CUST-02267,cust-02267@lumenmail.com,Accessories,1,77.77,0.25,Organic,UK,variant
ORD-003088,2024-10-30,CUST-00658,cust-00658@lumenmail.com,Lighting,2,26.74,0.2,Paid Search,US,
ORD-005557,2024-05-30,CUST-01646,cust-01646@lumenmail.com,Décor,1,30.15,0.0,,US,
ORD-005239,2023-08-21,CUST-00169,cust-00169@lumenmail.com,Lighting,1,152.67,0.1,Social,CA,variant
ORD-007403,2024-08-10,CUST-01750,cust-01750@lumenmail.com,Accessories,4,657.73,0.0,Email,CA,control
ORD-006590,2024-10-17,,guest@lumenmail.com,Furniture,2,27.71,0.0,Email,CA,
ORD-002033,2023-07-18,CUST-01717,cust-01717@lumenmail.com,Lighting,2,20.66,0.0,Paid Search,CA,
ORD-003844,2024-08-01,CUST-00214,cust-00214@lumenmail.com,Lighting,2,37.16,0.1,Social,US,
ORD-008226,2024-04-24,CUST-02260,cust-02260@lumenmail.com,Furniture,1,301.76,0.0,Paid Search,US,control
ORD-002564,29/02/2024,CUST-01148,cust-01148@lumenmail.com,Décor,1,23.08,0.0,Organic,UK,variant
ORD-006486,2024-12-14,CUST-02310,cust-02310@lumenmail.com,Accessories,5,11.63,0.0,Email,US,variant
ORD-002196,2023-06-02,CUST-00901,cust-00901@lumenmail.com,Lighting,5,6.7,0.2,Paid Search,US,variant
ORD-003472,2024-08-19,CUST-02958,cust-02958@lumenmail.com,Outdoor,5,103.22,0.2,Email,US,
ORD-005869,2023-12-04,CUST-00369,cust-00369@lumenmail.com,Furniture,3,237.65,0.0,Organic,US,control
ORD-007621,2024-08-04,CUST-02927,cust-02927@lumenmail.com,Outdoor,2,329.2,0.05,Email,ZZ,control
ORD-000694,2023-07-29,CUST-00143,cust-00143@lumenmail.com,Furniture,2,84.71,0.05,Paid Search,US,control
ORD-009389,2023-09-04,CUST-01622,cust-01622@lumenmail.com,Accessories,2,20.88,0.2,Organic,ZZ,control
ORD-004625,2024-06-30,CUST-00732,cust-00732@lumenmail.com,Décor,1,58.9,0.05,Organic,ZZ,variant
ORD-003884,2024-11-02,CUST-02171,cust-02171@lumenmail.com,Furniture,4,119.36,0.05,Organic,CA,variant
ORD-008876,2024-02-12,CUST-00254,cust-00254@lumenmail.com,Décor,1,352.63,0.1,Paid Search,US,control
ORD-000878,2023-09-05,CUST-00806,cust-00806@lumenmail.com,Lighting,2,51.02,0.0,Email,US,
ORD-008781,2024-05-13,CUST-00619,cust-00619@lumenmail.com,Accessories,3,124.4,0.05,Social,US,
ORD-000963,2023-06-23,CUST-02370,cust-02370@lumenmail.com,Outdoor,-2,50.28,0.1,Paid Search,US,
ORD-002099,29/02/2024,CUST-02222,cust-02222@lumenmail.com,Lighting,1,170.29,0.15,Email,US,
ORD-004557,,CUST-00702,cust-00702@lumenmail.com,Furniture,1,31.8,0.1,,US,control
ORD-009064,2024-10-07,CUST-02082,cust-02082@lumenmail.com,Lighting,1,6.91,0.0,Email,US,
ORD-006144,2023-08-29,CUST-01983,cust-01983@lumenmail.com,Lighting,4,190.94,0.0,Paid Search,US,control
ORD-002223,2024-04-19,,guest@lumenmail.com,Outdoor,1,46.91,0.15,Organic,US,control
ORD-001020,2024-08-06,CUST-02261,cust-02261@lumenmail.com,Furniture,2,227.5,0.1,Email,US,variant
ORD-007321,2023-06-27,CUST-00248,cust-00248@lumenmail.com,Lighting,4,15.45,0.0,Social,US,
ORD-009584,2024-05-11,,guest@lumenmail.com,Outdoor,6,171.12,0.0,Organic,CA,
ORD-004216,2023-10-30,,guest@lumenmail.com,Outdoor,1,55.97,0.05,Paid Search,US,control
ORD-006840,07/06/2024,CUST-00717,cust-00717@lumenmail.com,Décor,1,39.35,0.0,Email,ZZ,
ORD-000396,06/01/2024,,guest@lumenmail.com,Décor,4,41.83,0.0,Paid Search,ZZ,control
ORD-002826,2024-11-07,CUST-02652,cust-02652@lumenmail.com,Furniture,3,73.89,0.0,Organic,US,variant
ORD-007690,2024-05-14,CUST-00593,cust-00593@lumenmail.com,Décor,3,11.79,0.15,Organic,US,control
ORD-005561,2024-06-28,CUST-01032,cust-01032@lumenmail.com,Accessories,2,757.74,0.05,Paid Search,US,control
ORD-008089,2023-07-29,CUST-00431,cust-00431@lumenmail.com,Lighting,1,440.11,0.0,Paid Search,US,control
ORD-004792,27/02/2024,CUST-02304,cust-02304@lumenmail.com,Accessories,1,54.99,0.05,Organic,US,control
ORD-009315,2024-04-26,CUST-01012,cust-01012@lumenmail.com,Lighting,1,28.5,0.0,Organic,US,
ORD-006877,2023-11-12,CUST-00542,cust-00542@lumenmail.com,Décor,2,80.95,0.1,Paid Search,CA,variant
ORD-000732,2023-08-14,CUST-00447,cust-00447@lumenmail.com,Décor,1,68.86,0.05,Paid Search,UK,control
ORD-002667,2024-06-25,CUST-02217,cust-02217@lumenmail.com,Furniture,2,188.84,0.05,Organic,CA,control
ORD-004623,2024-12-26,CUST-02389,cust-02389@lumenmail.com,Furniture,1,19.53,0.2,Paid Search,CA,
ORD-002497,2024-08-13,CUST-02646,cust-02646@lumenmail.com,Lighting,1,13.44,0.0,Paid Search,UK,control
ORD-003931,2024-09-20,CUST-00263,cust-00263@lumenmail.com,Lighting,1,37.07,0.0,Email,US,
ORD-005003,19/07/2023,CUST-02553,cust-02553@lumenmail.com,Lighting,6,86.03,0.2,Paid Search,US,
ORD-000070,2024-06-18,CUST-02266,cust-02266@lumenmail.com,Lighting,1,25.36,0.15,Email,US,
ORD-003875,10/08/2024,CUST-01130,cust-01130@lumenmail.com,Furniture,1,278.34,0.2,Paid Search,CA,
ORD-009270,2023-06-17,CUST-01755,cust-01755@lumenmail.com,Décor,1,103.22,0.2,Organic,US,control
ORD-006759,2024-08-11,CUST-01871,cust-01871@lumenmail.com,Lighting,1,225.61,0.0,Social,CA,
ORD-002269,2024-09-06,CUST-00434,cust-00434@lumenmail.com,Furniture,4,91.47,0.15,Paid Search,US,control
ORD-004169,2023-06-01,CUST-02548,cust-02548@lumenmail.com,Lighting,2,370.16,0.05,Email,US,variant
ORD-008637,28/02/2024,CUST-01799,cust-01799@lumenmail.com,Décor,5,63.91,0.0,Social,US,
ORD-006803,2024-04-13,CUST-01865,cust-01865@lumenmail.com,Furniture,1,54.83,0.05,Organic,US,variant
ORD-002747,2024-10-10,CUST-00166,cust-00166@lumenmail.com,Lighting,-1,31.94,0.1,Email,US,variant
ORD-007167,2024-06-13,CUST-00814,cust-00814@lumenmail.com,Décor,1,89.86,0.05,Paid Search,US,variant
ORD-004048,2024-06-01,CUST-00582,cust-00582@lumenmail.com,Furniture,7,387.57,0.0,Email,CA,
ORD-000383,2024-05-27,CUST-01410,cust-01410@lumenmail.com,Lighting,2,13.16,0.0,Email,US,control
ORD-009435,10/03/2024,CUST-00900,cust-00900@lumenmail.com,Lighting,1,13.24,0.25,,US,
ORD-001801,2024-01-09,CUST-01152,cust-01152@lumenmail.com,Furniture,1,150.23,0.0,Paid Search,US,variant
ORD-009260,2024-09-26,CUST-00451,cust-00451@lumenmail.com,Décor,4,305.19,0.0,Organic,US,
ORD-000701,2023-07-02,CUST-02617,cust-02617@lumenmail.com,Outdoor,1,364.46,0.0,Email,AU,
ORD-009209,18/03/2024,CUST-02822,cust-02822@lumenmail.com,Outdoor,2,139.85,0.1,Email,US,
ORD-008327,10/06/2024,CUST-01817,cust-01817@lumenmail.com,Accessories,5,27.41,0.0,Social,CA,
ORD-007817,2023-12-07,CUST-01088,cust-01088@lumenmail.com,Lighting,1,40.39,0.15,Paid Search,AU,control
ORD-000839,2024-10-27,CUST-02717,cust-02717@lumenmail.com,Décor,1,82.61,0.05,Paid Search,US,variant
ORD-009080,2024-04-26,CUST-01755,cust-01755@lumenmail.com,Lighting,2,26.05,0.05,Paid Search,UK,variant
ORD-001317,2024-07-03,CUST-02831,cust-02831@lumenmail.com,Outdoor,2,31.41,0.05,,US,control
ORD-008647,2024-03-30,CUST-01683,cust-01683@lumenmail.com,Décor,2,10.23,0.0,Organic,ZZ,variant
ORD-003102,2023-07-06,CUST-02452,cust-02452@lumenmail.com,Lighting,2,10.48,0.1,Email,US,control
ORD-005581,2024-05-22,CUST-02288,cust-02288@lumenmail.com,Lighting,4,664.56,0.0,Organic,CA,control
ORD-000003,2023-11-25,CUST-01997,cust-01997@lumenmail.com,Lighting,1,55.07,0.05,Email,US,control
ORD-009397,2024-01-30,CUST-02492,cust-02492@lumenmail.com,Furniture,2,15.45,0.05,Email,US,variant
ORD-002214,2024-09-02,CUST-02602,cust-02602@lumenmail.com,Lighting,4,13.19,0.05,Social,US,
ORD-008341,2023-10-18,CUST-01574,cust-01574@lumenmail.com,Lighting,1,59.65,0.0,Organic,AU,variant
ORD-006157,2024-08-12,CUST-00139,cust-00139@lumenmail.com,Lighting,-1,589.76,0.0,Paid Search,CA,
ORD-005174,2023-07-17,CUST-01253,cust-01253@lumenmail.com,Lighting,4,283.61,0.0,Organic,US,control
ORD-000610,2024-06-03,CUST-01984,cust-01984@lumenmail.com,Outdoor,3,96.9,0.0,Email,US,variant
ORD-005574,2024-09-28,CUST-00853,cust-00853@lumenmail.com,Outdoor,1,95.65,0.05,Paid Search,US,variant
ORD-000084,21/04/2024,CUST-01702,cust-01702@lumenmail.com,Lighting,3,522.41,0.25,Social,US,variant
ORD-005744,2024-01-26,CUST-00184,cust-00184@lumenmail.com,Outdoor,1,137.07,0.0,Organic,US,control
ORD-003863,2023-07-26,CUST-02104,cust-02104@lumenmail.com,Accessories,4,32.64,0.0,Organic,UK,variant
ORD-006159,2024-11-24,CUST-01600,cust-01600@lumenmail.com,Lighting,3,186.63,0.0,Paid Search,US,control
ORD-009414,2024-04-13,CUST-01644,cust-01644@lumenmail.com,Décor,1,21.57,0.0,Paid Search,CA,
ORD-008131,2023-09-15,CUST-02075,cust-02075@lumenmail.com,Lighting,5,100.07,0.05,Email,US,
ORD-008529,2024-07-30,,guest@lumenmail.com,Accessories,3,59.3,0.0,Organic,ZZ,
ORD-005724,2024-12-29,CUST-01606,cust-01606@lumenmail.com,Outdoor,3,199.65,0.0,Social,US,control
ORD-003150,2024-12-30,,guest@lumenmail.com,Décor,1,225.63,0.0,Organic,US,variant
ORD-000882,2024-01-23,CUST-00589,cust-00589@lumenmail.com,Lighting,7,301.6,0.0,Paid Search,CA,control
ORD-008804,2023-08-23,CUST-01466,cust-01466@lumenmail.com,Lighting,1,74.28,0.2,Paid Search,US,control
ORD-001443,2024-03-22,CUST-00371,cust-00371@lumenmail.com,Décor,2,33.86,0.0,Paid Search,CA,control
ORD-001559,2024-12-20,CUST-01014,cust-01014@lumenmail.com,Lighting,2,71.19,0.1,Email,US,control
ORD-003031,23/09/2024,CUST-01529,cust-01529@lumenmail.com,Lighting,2,585.4,0.15,Paid Search,CA,
ORD-006052,,CUST-01811,cust-01811@lumenmail.com,Lighting,3,66.21,0.0,Email,US,
ORD-008306,2024-11-13,CUST-01750,cust-01750@lumenmail.com,Outdoor,1,182.89,0.0,Social,UK,
ORD-007149,2024-04-16,,guest@lumenmail.com,Décor,1,55.73,0.0,Paid Search,CA,variant
ORD-002600,2024-03-31,CUST-02566,cust-02566@lumenmail.com,Outdoor,3,6.26,0.0,Organic,UK,variant
ORD-007909,2023-06-03,CUST-01866,cust-01866@lumenmail.com,Furniture,6,182.64,0.15,Organic,CA,control
ORD-004631,2024-07-06,CUST-01366,cust-01366@lumenmail.com,Décor,1,179.86,0.2,Email,US,variant
ORD-000009,2024-04-12,CUST-02868,cust-02868@lumenmail.com,Décor,2,120.93,0.0,Email,UK,control
ORD-008046,2023-08-08,CUST-00779,cust-00779@lumenmail.com,Lighting,1,598.25,0.0,Paid Search,ZZ,variant
ORD-003969,2023-10-22,CUST-01442,cust-01442@lumenmail.com,Lighting,2,91.61,0.2,Organic,US,variant
ORD-000629,2024-02-17,CUST-01415,cust-01415@lumenmail.com,Outdoor,7,155.33,0.05,Paid Search,US,control
ORD-008027,2024-05-31,CUST-02992,cust-02992@lumenmail.com,Lighting,2,93.23,0.0,Email,CA,variant
ORD-005697,2023-12-01,CUST-01496,cust-01496@lumenmail.com,Lighting,2,53.05,0.0,Paid Search,US,
ORD-000027,2023-10-06,CUST-01408,cust-01408@lumenmail.com,Lighting,6,40.45,0.0,Paid Search,AU,
ORD-008430,20/06/2024,CUST-00643,cust-00643@lumenmail.com,Lighting,1,56.08,0.2,Paid Search,US,variant
ORD-003613,2023-06-04,CUST-00939,cust-00939@lumenmail.com,Lighting,-5,12.06,0.0,Email,CA,control
ORD-005112,2024-12-16,CUST-01245,cust-01245@lumenmail.com,Furniture,3,341.38,0.0,Organic,UK,control
ORD-008144,09/05/2024,CUST-02081,cust-02081@lumenmail.com,Furniture,2,91.23,0.0,Organic,US,control
ORD-003567,2024-06-18,CUST-01388,cust-01388@lumenmail.com,Décor,1,26.99,0.15,Social,US,variant
ORD-003629,24/07/2023,CUST-02304,cust-02304@lumenmail.com,Lighting,1,80.5,0.15,,US,
ORD-001771,2023-10-21,CUST-00564,cust-00564@lumenmail.com,Furniture,1,368.27,0.15,Paid Search,US,control
ORD-006359,10/05/2024,CUST-02940,cust-02940@lumenmail.com,Furniture,5,112.67,0.1,Email,US,control
ORD-009103,2024-03-09,CUST-01690,cust-01690@lumenmail.com,Lighting,1,13.15,0.0,Paid Search,UK,variant
ORD-002690,2023-10-28,CUST-00715,cust-00715@lumenmail.com,Décor,6,135.08,0.15,Email,US,variant
ORD-008618,2024-10-27,CUST-02306,cust-02306@lumenmail.com,Furniture,1,498.71,0.15,Paid Search,US,
ORD-007576,2023-11-01,CUST-02182,cust-02182@lumenmail.com,Décor,4,40.5,0.25,Paid Search,US,
ORD-009410,2023-07-23,CUST-00070,cust-00070@lumenmail.com,Furniture,4,754.21,0.1,Social,US,
ORD-003312,19/10/2023,CUST-02379,cust-02379@lumenmail.com,Furniture,1,59.84,0.15,Email,US,
ORD-004805,,CUST-00895,cust-00895@lumenmail.com,Décor,3,17.86,0.0,Paid Search,US,variant
ORD-001014,2024-05-05,CUST-00376,cust-00376@lumenmail.com,Décor,2,185.62,0.0,Email,US,variant
ORD-000980,2024-04-30,CUST-02445,cust-02445@lumenmail.com,Lighting,2,23.6,0.15,Paid Search,UK,
ORD-004871,2023-09-09,CUST-01959,cust-01959@lumenmail.com,Outdoor,2,63.83,0.1,Organic,CA,variant
ORD-009023,2024-12-16,CUST-00469,cust-00469@lumenmail.com,Furniture,1,91.62,0.2,Email,US,variant
ORD-006048,14/05/2024,,guest@lumenmail.com,Furniture,3,33.6,0.2,,US,control
ORD-003022,2024-05-14,CUST-00949,cust-00949@lumenmail.com,Furniture,3,18.73,0.0,Paid Search,CA,
ORD-000018,2024-04-28,CUST-01278,cust-01278@lumenmail.com,Lighting,3,774.37,0.05,Paid Search,US,variant
ORD-007330,2023-09-03,CUST-02698,cust-02698@lumenmail.com,Outdoor,1,141.58,0.0,Social,UK,control
ORD-003223,2024-06-30,CUST-02559,cust-02559@lumenmail.com,Lighting,1,342.81,0.05,Organic,US,variant
ORD-004177,2023-07-12,,guest@lumenmail.com,Lighting,3,30.96,0.1,Email,UK,control
ORD-000148,2024-03-12,CUST-02425,cust-02425@lumenmail.com,Furniture,1,33.1,0.0,Social,CA,
ORD-003860,2024-09-01,CUST-01623,cust-01623@lumenmail.com,Lighting,7,172.33,0.1,Paid Search,US,control
ORD-001177,2023-09-10,CUST-02437,cust-02437@lumenmail.com,Décor,1,127.52,0.05,Social,ZZ,variant
ORD-002200,20/10/2023,,guest@lumenmail.com,Lighting,1,62.17,0.0,Paid Search,US,control
ORD-007111,02/06/2023,CUST-01572,cust-01572@lumenmail.com,Décor,5,151.68,0.15,Social,US,variant
ORD-008973,2024-05-13,CUST-02410,cust-02410@lumenmail.com,Décor,1,407.35,0.05,Email,US,
ORD-005897,2023-12-13,CUST-00404,cust-00404@lumenmail.com,Accessories,3,9.09,0.2,Paid Search,US,variant
ORD-009349,2024-05-31,CUST-00009,cust-00009@lumenmail.com,Accessories,2,678.11,0.0,Paid Search,US,
ORD-008040,2023-06-22,CUST-00893,cust-00893@lumenmail.com,Furniture,1,33.18,0.0,Social,CA,variant
ORD-001419,2024-07-31,,guest@lumenmail.com,Accessories,1,53.79,0.15,Paid Search,US,control
ORD-000735,2024-01-26,CUST-01438,cust-01438@lumenmail.com,Lighting,7,199.58,0.05,Organic,CA,
ORD-000157,2023-07-17,CUST-02528,cust-02528@lumenmail.com,Outdoor,2,96.29,0.05,Email,US,control
ORD-006582,2023-11-20,CUST-02437,cust-02437@lumenmail.com,Furniture,4,324.86,0.1,Paid Search,US,control
ORD-007214,06/11/2023,CUST-02463,cust-02463@lumenmail.com,Furniture,1,83.89,0.15,Social,US,variant
ORD-000428,2024-09-12,CUST-02350,cust-02350@lumenmail.com,Décor,1,0.0,0.05,Paid Search,US,control
ORD-008855,2024-11-24,,guest@lumenmail.com,Lighting,2,23.4,0.0,Paid Search,ZZ,control
ORD-003135,2023-08-16,CUST-02439,cust-02439@lumenmail.com,Lighting,1,169.11,0.0,Paid Search,CA,
ORD-001888,2024-12-08,CUST-00259,cust-00259@lumenmail.com,Furniture,3,45.72,0.0,Paid Search,US,variant
ORD-004277,2023-10-03,CUST-02008,cust-02008@lumenmail.com,Outdoor,1,48.5,0.0,Social,UK,variant
ORD-001908,2024-08-13,CUST-02240,cust-02240@lumenmail.com,Lighting,2,12.22,0.1,Paid Search,US,variant
ORD-006845,05/02/2024,CUST-00815,cust-00815@lumenmail.com,Décor,1,230.82,0.0,Paid Search,AU,variant
ORD-004570,2024-03-19,CUST-01673,cust-01673@lumenmail.com,Décor,1,9.81,0.0,Organic,AU,variant
ORD-004504,2024-01-03,CUST-01533,cust-01533@lumenmail.com,Outdoor,1,30.58,0.25,Email,US,control
ORD-006946,2023-09-02,CUST-01939,cust-01939@lumenmail.com,Lighting,2,31.61,0.1,Paid Search,US,
ORD-006625,14/10/2024,CUST-01873,cust-01873@lumenmail.com,Lighting,1,280.78,0.0,Social,AU,
ORD-005794,2024-12-12,CUST-02345,cust-02345@lumenmail.com,Accessories,4,8.12,0.0,Email,US,control
ORD-004164,2024-10-14,,guest@lumenmail.com,Outdoor,2,37.24,0.15,Social,US,
ORD-007131,2023-08-20,CUST-02200,cust-02200@lumenmail.com,Accessories,2,674.63,0.0,Organic,US,
ORD-006884,2024-06-24,CUST-02984,cust-02984@lumenmail.com,Furniture,1,47.17,0.0,Organic,US,
ORD-006802,2024-07-09,CUST-02289,cust-02289@lumenmail.com,Lighting,1,172.62,0.0,Email,US,
ORD-005164,29/10/2023,CUST-02920,cust-02920@lumenmail.com,Décor,2,88.3,0.1,Paid Search,ZZ,variant
ORD-001979,08/11/2024,CUST-02898,cust-02898@lumenmail.com,Accessories,4,340.62,0.1,Email,US,variant
ORD-008250,2023-07-10,CUST-01285,cust-01285@lumenmail.com,Outdoor,2,8.12,0.0,Social,UK,
ORD-007652,2023-07-25,CUST-00170,cust-00170@lumenmail.com,Décor,1,78.78,0.05,Email,US,variant
ORD-000813,2024-11-07,CUST-02440,cust-02440@lumenmail.com,Furniture,2,68.28,0.05,Organic,UK,control
ORD-009319,2023-11-18,CUST-00921,cust-00921@lumenmail.com,Lighting,4,10.13,0.0,Paid Search,US,variant
ORD-000833,2024-06-27,CUST-01649,cust-01649@lumenmail.com,Lighting,1,39.69,0.05,Organic,US,variant
ORD-008357,2024-04-17,CUST-00164,cust-00164@lumenmail.com,Lighting,2,9.56,0.15,Paid Search,US,
ORD-004630,2023-06-03,CUST-01095,cust-01095@lumenmail.com,Lighting,1,77.13,0.05,Organic,US,control
ORD-002419,2023-06-04,CUST-02734,cust-02734@lumenmail.com,Lighting,3,94.11,0.0,Paid Search,US,variant
ORD-005024,2024-05-07,CUST-00301,cust-00301@lumenmail.com,Accessories,2,141.07,0.0,Organic,US,variant
ORD-003465,2024-07-17,CUST-01225,cust-01225@lumenmail.com,Furniture,2,56.28,0.0,Email,US,
ORD-007465,2023-12-28,CUST-01596,cust-01596@lumenmail.com,Lighting,2,73.42,0.0,Organic,UK,control
ORD-007158,2024-01-11,CUST-00835,cust-00835@lumenmail.com,Lighting,3,143.17,0.0,Organic,US,
ORD-003332,2024-02-20,CUST-02369,cust-02369@lumenmail.com,Décor,3,75.22,0.0,Organic,US,control
ORD-006837,2023-09-25,CUST-00436,cust-00436@lumenmail.com,Lighting,2,549.7,0.0,Paid Search,CA,
ORD-004759,2023-11-29,CUST-00174,cust-00174@lumenmail.com,Lighting,1,229.02,0.05,Paid Search,US,variant
ORD-007547,2024-07-19,CUST-00199,cust-00199@lumenmail.com,Outdoor,1,26.27,0.05,Email,US,
ORD-005392,2023-06-28,CUST-00669,cust-00669@lumenmail.com,Décor,2,128.18,0.25,Paid Search,US,
ORD-004512,2023-06-01,CUST-01073,cust-01073@lumenmail.com,Outdoor,2,149.77,0.1,Organic,US,
ORD-003963,2023-10-30,CUST-00787,cust-00787@lumenmail.com,Lighting,3,130.31,0.0,Social,US,control
ORD-001980,2023-12-18,CUST-01315,cust-01315@lumenmail.com,Outdoor,1,48.43,0.05,Paid Search,CA,
ORD-003772,2023-08-05,CUST-02250,cust-02250@lumenmail.com,Décor,-3,89.05,0.2,Paid Search,UK,control
ORD-006016,2024-09-20,CUST-01579,cust-01579@lumenmail.com,Outdoor,1,24.37,0.0,Social,US,variant
ORD-000893,2024-07-31,CUST-01383,cust-01383@lumenmail.com,Furniture,1,113.8,0.0,Organic,US,control
ORD-005716,2024-05-10,CUST-01171,cust-01171@lumenmail.com,Décor,1,772.08,0.25,Social,US,
ORD-007649,2024-08-01,CUST-00278,cust-00278@lumenmail.com,Outdoor,2,41.77,0.0,Paid Search,US,control
ORD-009374,13/09/2023,,guest@lumenmail.com,Lighting,-3,96.29,0.25,Email,US,variant
ORD-009032,2023-10-14,CUST-00654,cust-00654@lumenmail.com,Lighting,-2,521.44,0.2,Organic,US,
ORD-003346,2024-09-18,CUST-01843,cust-01843@lumenmail.com,Décor,3,34.6,0.0,Paid Search,ZZ,control
ORD-000965,10/07/2023,,guest@lumenmail.com,Furniture,1,14.38,0.0,Paid Search,US,control
ORD-008670,2023-11-09,CUST-00055,cust-00055@lumenmail.com,Décor,2,130.0,0.1,Organic,UK,
ORD-005363,14/04/2024,CUST-00220,cust-00220@lumenmail.com,Décor,4,97.18,0.05,Paid Search,CA,
ORD-008214,2023-06-16,CUST-02909,cust-02909@lumenmail.com,Décor,1,70.06,0.0,Paid Search,US,variant
ORD-002451,2023-07-17,CUST-01064,cust-01064@lumenmail.com,Décor,2,49.48,0.05,Paid Search,US,variant
ORD-005486,2023-10-14,CUST-02294,cust-02294@lumenmail.com,Accessories,1,30.08,0.15,Social,US,
ORD-006091,2024-06-14,CUST-00320,cust-00320@lumenmail.com,Lighting,4,36.43,0.0,Social,US,variant
ORD-001354,2024-08-02,CUST-02596,cust-02596@lumenmail.com,Furniture,4,83.63,0.05,Organic,UK,
ORD-003816,2024-10-15,,guest@lumenmail.com,Outdoor,4,145.31,0.0,Paid Search,US,
ORD-003579,2024-09-24,CUST-00904,cust-00904@lumenmail.com,Furniture,4,67.14,0.05,Organic,UK,control
ORD-003001,2024-01-18,CUST-01781,cust-01781@lumenmail.com,Accessories,3,142.94,0.2,Email,CA,control
ORD-006121,2023-08-06,CUST-01859,cust-01859@lumenmail.com,Décor,1,20.44,0.0,Social,US,
ORD-001880,2023-08-12,CUST-02380,cust-02380@lumenmail.com,Accessories,2,767.96,0.05,Organic,US,
ORD-006056,2023-06-28,CUST-01229,cust-01229@lumenmail.com,Lighting,2,93.19,0.0,Email,CA,
ORD-000848,24/06/2024,CUST-02339,cust-02339@lumenmail.com,Furniture,1,92.38,0.1,Email,AU,
ORD-008885,2024-01-08,CUST-02706,cust-02706@lumenmail.com,Lighting,2,199.04,0.0,Email,US,
ORD-000500,2023-08-12,CUST-01210,cust-01210@lumenmail.com,Décor,-2,42.59,0.0,Organic,UK,
ORD-002683,2024-02-10,CUST-01160,cust-01160@lumenmail.com,Lighting,1,114.81,0.05,Paid Search,US,
ORD-002239,23/09/2023,CUST-02532,cust-02532@lumenmail.com,Décor,1,47.67,0.0,Organic,US,variant
ORD-003646,2024-04-13,CUST-01645,cust-01645@lumenmail.com,Lighting,1,72.26,0.0,Paid Search,US,control
ORD-002644,2023-11-11,CUST-00104,cust-00104@lumenmail.com,Lighting,2,98.77,0.05,Email,CA,
ORD-006943,2024-04-09,CUST-01145,cust-01145@lumenmail.com,Outdoor,1,299.29,0.1,Social,AU,control
ORD-000120,05/10/2024,CUST-01953,cust-01953@lumenmail.com,Décor,6,41.93,0.0,Social,US,control
ORD-005748,2024-03-19,CUST-01879,cust-01879@lumenmail.com,Lighting,1,64.16,0.0,Email,US,
ORD-006200,2024-11-20,CUST-02022,cust-02022@lumenmail.com,Accessories,2,29.11,0.15,Paid Search,CA,variant
ORD-004778,2024-07-28,CUST-01445,cust-01445@lumenmail.com,Lighting,3,273.03,0.1,Email,US,
ORD-001481,2023-06-24,CUST-02555,cust-02555@lumenmail.com,Lighting,2,157.05,0.0,Email,US,variant
ORD-007376,12/11/2024,CUST-01221,cust-01221@lumenmail.com,Lighting,2,46.26,0.0,Organic,CA,
ORD-006019,2023-08-12,CUST-00017,cust-00017@lumenmail.com,Lighting,1,381.74,0.05,Social,US,control
ORD-008171,2024-08-24,CUST-01705,cust-01705@lumenmail.com,Lighting,3,44.92,0.0,Paid Search,US,control
ORD-004296,2023-12-04,CUST-00447,cust-00447@lumenmail.com,Furniture,4,190.28,0.0,Social,UK,variant
ORD-007703,2024-11-24,CUST-00599,cust-00599@lumenmail.com,Décor,1,55.39,0.0,Email,CA,control
ORD-008509,2024-11-27,CUST-00370,cust-00370@lumenmail.com,Lighting,5,98.51,0.0,Email,US,
ORD-005344,2023-11-27,CUST-02001,cust-02001@lumenmail.com,Décor,2,784.71,0.0,Email,US,control
ORD-004283,30/07/2024,CUST-02796,cust-02796@lumenmail.com,Lighting,2,102.55,0.0,Social,US,variant
ORD-004886,2024-07-31,CUST-00399,cust-00399@lumenmail.com,Outdoor,1,145.81,0.0,Social,US,variant
ORD-003311,2024-10-01,CUST-02563,cust-02563@lumenmail.com,Décor,1,69.74,0.05,Paid Search,US,variant
ORD-005156,2024-04-12,CUST-02420,cust-02420@lumenmail.com,Accessories,3,88.52,0.0,Organic,US,variant
ORD-006255,06/01/2024,CUST-00370,cust-00370@lumenmail.com,Outdoor,1,33.82,0.1,Organic,US,variant
ORD-009049,2024-08-06,CUST-02326,cust-02326@lumenmail.com,Lighting,2,250.88,0.0,Paid Search,US,control
ORD-008461,2023-08-25,CUST-00902,cust-00902@lumenmail.com,Décor,1,68.08,0.0,Organic,US,variant
ORD-003962,2023-11-05,CUST-02527,cust-02527@lumenmail.com,Outdoor,2,246.01,0.1,Organic,US,variant
ORD-002531,2024-09-24,CUST-00963,cust-00963@lumenmail.com,Accessories,1,267.03,0.0,Organic,AU,control
ORD-008778,2024-12-01,CUST-02757,cust-02757@lumenmail.com,Lighting,1,33.61,0.0,Email,US,
ORD-009372,2024-09-15,CUST-02098,cust-02098@lumenmail.com,Outdoor,1,48.86,0.05,Paid Search,US,variant
ORD-008646,2023-06-17,CUST-02495,cust-02495@lumenmail.com,Lighting,-1,19.35,0.1,Social,US,control
ORD-001270,27/04/2024,CUST-01635,cust-01635@lumenmail.com,Lighting,1,120.84,0.05,Paid Search,UK,
ORD-004321,2023-10-15,CUST-02258,cust-02258@lumenmail.com,Lighting,2,55.96,0.15,Paid Search,UK,
ORD-007116,2023-06-18,CUST-00921,cust-00921@lumenmail.com,Outdoor,5,206.12,0.1,Paid Search,US,control
ORD-000892,2024-04-27,CUST-00620,cust-00620@lumenmail.com,Lighting,1,174.46,0.0,Social,US,variant
ORD-004270,2024-07-16,CUST-01716,cust-01716@lumenmail.com,Accessories,4,35.6,0.0,Email,US,control
ORD-008700,2023-06-27,,guest@lumenmail.com,Lighting,2,11.03,0.0,Email,ZZ,
ORD-005041,05/12/2023,CUST-02384,cust-02384@lumenmail.com,Accessories,1,162.48,0.0,Organic,US,variant
ORD-002500,2023-09-12,CUST-02386,cust-02386@lumenmail.com,Lighting,1,88.53,0.0,Paid Search,UK,control
ORD-007307,2024-01-29,CUST-01673,cust-01673@lumenmail.com,Outdoor,2,590.95,0.15,Social,US,
ORD-003576,2023-09-06,CUST-00179,cust-00179@lumenmail.com,Furniture,5,155.26,0.0,Email,US,
ORD-004431,2023-11-16,CUST-00070,cust-00070@lumenmail.com,Lighting,1,17.58,0.1,Social,US,control
ORD-008453,10/06/2024,CUST-02610,cust-02610@lumenmail.com,Décor,1,156.97,0.0,Paid Search,US,control
ORD-005338,2024-01-09,CUST-00437,cust-00437@lumenmail.com,Décor,1,276.18,0.0,Email,UK,variant
ORD-004317,2023-09-24,CUST-00396,cust-00396@lumenmail.com,Lighting,2,20.45,0.2,Email,US,control
ORD-002673,25/05/2024,CUST-00748,cust-00748@lumenmail.com,Lighting,2,27.2,0.0,Paid Search,UK,
ORD-005043,2024-11-08,CUST-02787,cust-02787@lumenmail.com,Outdoor,5,759.31,0.0,Paid Search,US,
ORD-008522,2023-12-24,CUST-01964,cust-01964@lumenmail.com,Décor,3,191.85,0.05,,US,
ORD-007506,2024-11-04,CUST-00394,cust-00394@lumenmail.com,Furniture,4,51.18,0.0,Social,US,variant
ORD-000556,2024-08-11,CUST-02707,cust-02707@lumenmail.com,Outdoor,1,9.61,0.0,Paid Search,US,
ORD-007508,2024-07-28,CUST-00334,cust-00334@lumenmail.com,Furniture,1,22.02,0.05,Email,US,variant
ORD-006517,2024-08-11,CUST-01155,cust-01155@lumenmail.com,Furniture,2,32.29,0.1,Paid Search,US,variant
ORD-006653,2023-12-09,CUST-02371,cust-02371@lumenmail.com,Décor,1,19.91,0.0,Organic,US,
ORD-007779,2024-12-24,CUST-00292,cust-00292@lumenmail.com,Lighting,1,65.48,0.05,Email,US,
ORD-007428,2023-09-16,CUST-01314,cust-01314@lumenmail.com,Furniture,1,42.19,0.1,Email,US,variant
ORD-009488,2024-10-24,CUST-01806,cust-01806@lumenmail.com,Lighting,1,25.23,0.0,Paid Search,US,
ORD-003977,2024-05-14,CUST-01929,cust-01929@lumenmail.com,Lighting,1,82.27,0.05,Email,US,control
ORD-006505,2024-12-18,CUST-02197,cust-02197@lumenmail.com,Accessories,7,35.35,0.0,Paid Search,US,
ORD-000793,2023-11-04,CUST-02303,cust-02303@lumenmail.com,Lighting,1,12.78,0.1,Paid Search,CA,variant
ORD-003457,,CUST-00270,cust-00270@lumenmail.com,Lighting,5,26.65,0.15,Email,UK,
ORD-002138,2024-10-17,CUST-00917,cust-00917@lumenmail.com,Décor,2,194.86,0.0,Paid Search,US,control
ORD-000619,09/08/2024,CUST-01794,cust-01794@lumenmail.com,Décor,1,103.52,0.05,Organic,UK,control
ORD-003035,2024-09-11,CUST-00184,cust-00184@lumenmail.com,Décor,1,27.14,0.0,,US,
ORD-005942,26/05/2024,CUST-02959,cust-02959@lumenmail.com,Lighting,2,103.96,0.0,Organic,US,control
ORD-005378,2023-09-17,CUST-01600,cust-01600@lumenmail.com,Décor,1,602.7,0.0,Organic,CA,control
ORD-004293,2024-02-10,CUST-01402,cust-01402@lumenmail.com,Lighting,1,84.07,0.2,Email,US,
ORD-001377,2024-07-25,CUST-02234,cust-02234@lumenmail.com,Outdoor,2,68.13,0.2,Organic,US,
ORD-001730,2024-01-22,CUST-01323,cust-01323@lumenmail.com,Lighting,1,212.16,0.05,Paid Search,AU,variant
ORD-003759,11/10/2023,CUST-02171,cust-02171@lumenmail.com,Lighting,3,172.16,0.0,Social,CA,variant
ORD-007108,2024-01-14,CUST-02403,cust-02403@lumenmail.com,Lighting,1,31.7,0.0,Email,US,control
ORD-002676,2023-07-13,CUST-00760,cust-00760@lumenmail.com,Outdoor,1,73.26,0.0,Organic,US,variant
ORD-002390,2024-02-02,CUST-02152,cust-02152@lumenmail.com,Décor,1,46.33,0.0,Social,US,control
ORD-001196,04/06/2023,CUST-02915,cust-02915@lumenmail.com,Furniture,3,51.66,0.0,Paid Search,US,
ORD-003741,2024-12-07,CUST-02763,cust-02763@lumenmail.com,Décor,1,145.73,0.2,Paid Search,US,control
ORD-001285,2023-12-15,CUST-02806,cust-02806@lumenmail.com,Décor,2,43.89,0.15,Social,US,control
ORD-002721,2024-02-19,CUST-00960,cust-00960@lumenmail.com,Décor,2,161.85,0.15,Paid Search,ZZ,
ORD-003188,2023-11-07,CUST-01251,cust-01251@lumenmail.com,Lighting,2,593.9,0.15,Paid Search,US,
ORD-002845,2024-05-12,CUST-01126,cust-01126@lumenmail.com,Décor,-5,201.41,0.1,Paid Search,ZZ,control
ORD-005278,2024-07-19,CUST-00370,cust-00370@lumenmail.com,Lighting,3,228.18,0.05,Paid Search,UK,control
ORD-002730,2024-08-16,CUST-01501,cust-01501@lumenmail.com,Décor,5,525.16,0.0,Organic,US,control
ORD-002061,2023-08-13,CUST-00076,cust-00076@lumenmail.com,Décor,2,150.64,0.0,,US,
ORD-007466,2024-07-16,CUST-00765,cust-00765@lumenmail.com,Lighting,1,420.93,0.0,Social,US,
ORD-001435,2024-11-18,CUST-00645,cust-00645@lumenmail.com,Furniture,2,93.94,0.05,Paid Search,UK,
ORD-007018,2024-05-22,CUST-02828,cust-02828@lumenmail.com,Outdoor,2,17.96,0.0,Paid Search,US,variant
ORD-003731,2024-11-01,CUST-00347,cust-00347@lumenmail.com,Lighting,2,30.08,0.0,Email,US,control
ORD-005722,2023-10-05,CUST-01220,cust-01220@lumenmail.com,Furniture,3,164.6,0.0,Organic,US,control
ORD-000572,2024-05-27,CUST-00654,cust-00654@lumenmail.com,Lighting,1,190.46,0.1,Paid Search,US,
ORD-007368,2024-03-10,CUST-01472,cust-01472@lumenmail.com,Furniture,-4,30.31,0.05,Email,UK,
ORD-004674,2023-09-25,CUST-00691,cust-00691@lumenmail.com,Lighting,4,240.95,0.0,Paid Search,US,control
ORD-005862,2023-10-24,,guest@lumenmail.com,Lighting,2,158.95,0.1,Paid Search,UK,variant
ORD-002608,21/12/2023,CUST-01867,cust-01867@lumenmail.com,Furniture,1,98.89,0.05,Email,US,
ORD-001637,2024-09-18,CUST-01621,cust-01621@lumenmail.com,Lighting,1,7.4,0.2,Email,US,control
ORD-008113,2024-06-28,,guest@lumenmail.com,Lighting,5,78.04,0.1,Organic,US,control
ORD-007787,29/07/2024,CUST-02139,cust-02139@lumenmail.com,Lighting,1,86.84,0.0,Paid Search,US,
ORD-000482,19/06/2023,CUST-01110,cust-01110@lumenmail.com,Décor,2,53.13,0.1,Paid Search,US,
ORD-008978,2024-11-23,CUST-00115,cust-00115@lumenmail.com,Lighting,1,44.82,0.05,Organic,US,control
ORD-006451,2024-02-16,CUST-00941,cust-00941@lumenmail.com,Furniture,1,37.75,0.0,Email,US,control
ORD-000600,2024-10-18,CUST-01499,cust-01499@lumenmail.com,Furniture,3,81.25,0.1,,US,control
ORD-002817,2024-07-02,CUST-01346,cust-01346@lumenmail.com,Lighting,2,78.97,0.1,Social,UK,variant
ORD-008102,2024-09-05,CUST-01804,cust-01804@lumenmail.com,Lighting,1,127.6,0.05,Paid Search,US,control
ORD-007301,2024-06-06,,guest@lumenmail.com,Lighting,1,89.35,0.15,Email,US,
ORD-005038,2023-06-02,CUST-02359,cust-02359@lumenmail.com,Décor,1,74.56,0.05,Email,US,
ORD-008269,2024-09-05,CUST-02016,cust-02016@lumenmail.com,Décor,3,19.41,0.15,Paid Search,US,
ORD-005358,2024-06-05,CUST-00172,cust-00172@lumenmail.com,Furniture,2,52.67,0.15,Paid Search,UK,variant
ORD-005682,2023-11-26,CUST-02034,cust-02034@lumenmail.com,Décor,1,12.23,0.15,Email,US,variant
ORD-007544,2023-10-12,CUST-02979,cust-02979@lumenmail.com,Lighting,1,396.35,0.1,Organic,UK,control
ORD-006024,26/07/2024,CUST-00574,cust-00574@lumenmail.com,Outdoor,1,560.65,0.0,Paid Search,CA,variant
ORD-002969,05/09/2024,CUST-01139,cust-01139@lumenmail.com,Lighting,1,340.53,0.0,Paid Search,US,control
ORD-009217,08/02/2024,CUST-01527,cust-01527@lumenmail.com,Accessories,1,156.14,0.1,Email,US,control
ORD-007561,2023-08-31,CUST-00775,cust-00775@lumenmail.com,Lighting,3,26.04,0.15,Social,UK,variant
ORD-001469,2023-07-16,CUST-02690,cust-02690@lumenmail.com,Décor,2,78.43,0.0,Social,US,
ORD-001632,22/10/2023,CUST-02312,cust-02312@lumenmail.com,Décor,2,35.87,0.0,Social,AU,variant
ORD-007678,2024-10-04,CUST-01907,cust-01907@lumenmail.com,Lighting,6,34.42,0.2,Paid Search,US,
ORD-006928,2024-05-04,CUST-02485,cust-02485@lumenmail.com,Décor,1,133.91,0.05,,US,control
ORD-009273,02/09/2024,CUST-00112,cust-00112@lumenmail.com,Furniture,1,146.08,0.0,Paid Search,UK,
ORD-004344,2024-09-03,CUST-01776,cust-01776@lumenmail.com,Décor,4,34.37,0.0,Paid Search,US,control
ORD-003451,2024-07-20,CUST-01321,cust-01321@lumenmail.com,Lighting,1,61.48,0.25,Organic,US,variant
ORD-005554,2024-11-24,CUST-02201,cust-02201@lumenmail.com,Outdoor,4,44.92,0.1,Paid Search,US,
ORD-008044,2023-06-11,CUST-02440,cust-02440@lumenmail.com,Furniture,4,61.84,0.1,,US,control
ORD-002128,20/08/2024,CUST-00019,cust-00019@lumenmail.com,Furniture,6,229.74,0.05,Email,US,control
ORD-000550,2023-06-10,CUST-00111,cust-00111@lumenmail.com,Décor,2,39.8,0.05,Social,UK,control
ORD-007032,2024-01-27,CUST-02253,cust-02253@lumenmail.com,Lighting,3,10.94,0.0,Paid Search,UK,
ORD-003201,2024-05-11,CUST-00168,cust-00168@lumenmail.com,Lighting,1,256.21,0.0,Email,US,
ORD-009168,2023-07-24,CUST-02449,cust-02449@lumenmail.com,Lighting,2,418.66,0.1,Email,US,control
ORD-004010,2024-03-27,CUST-00622,cust-00622@lumenmail.com,Outdoor,1,16.75,0.1,Email,US,variant
ORD-004651,2023-11-07,CUST-00701,cust-00701@lumenmail.com,Lighting,5,7.6,0.25,Email,US,
ORD-003996,2024-05-16,,guest@lumenmail.com,Lighting,1,23.71,0.0,Paid Search,US,
ORD-001505,2024-08-18,CUST-00884,cust-00884@lumenmail.com,Décor,1,53.25,0.0,Social,US,control
ORD-000818,2024-03-26,CUST-01770,cust-01770@lumenmail.com,Lighting,1,23.74,0.1,Paid Search,US,control
ORD-006762,2024-10-06,CUST-02615,cust-02615@lumenmail.com,Lighting,2,81.27,0.15,Paid Search,US,variant
ORD-004430,2023-07-09,,guest@lumenmail.com,Outdoor,1,771.89,0.15,Email,US,variant
ORD-006388,2023-07-01,CUST-02861,cust-02861@lumenmail.com,Furniture,1,133.12,0.0,Organic,US,variant
ORD-000489,2024-12-19,CUST-01775,cust-01775@lumenmail.com,Furniture,7,45.06,0.1,Paid Search,US,variant
ORD-001092,2024-01-13,CUST-02253,cust-02253@lumenmail.com,Furniture,1,22.25,0.1,Paid Search,US,control
ORD-002666,2024-03-13,CUST-02345,cust-02345@lumenmail.com,Outdoor,2,62.23,0.05,Organic,US,
ORD-006616,2024-09-15,CUST-00898,cust-00898@lumenmail.com,Décor,2,93.94,0.05,Social,US,
ORD-005816,2024-05-23,CUST-01325,cust-01325@lumenmail.com,Lighting,1,133.62,0.25,Email,US,variant
ORD-000592,2023-09-10,CUST-02898,cust-02898@lumenmail.com,Outdoor,3,86.58,0.0,Email,US,variant
ORD-002615,2024-01-12,CUST-01484,cust-01484@lumenmail.com,Outdoor,2,43.81,0.0,Social,US,
ORD-001904,2023-08-03,CUST-00494,cust-00494@lumenmail.com,Lighting,7,203.58,0.0,Social,UK,
ORD-002453,2023-11-25,CUST-02893,cust-02893@lumenmail.com,Décor,2,12.49,0.1,Email,US,
ORD-007628,2024-02-16,CUST-01607,cust-01607@lumenmail.com,Furniture,6,31.27,0.1,Email,US,
ORD-001188,2024-01-22,CUST-01938,cust-01938@lumenmail.com,Furniture,2,370.78,0.0,Organic,UK,
ORD-007874,2024-09-25,CUST-00529,cust-00529@lumenmail.com,Furniture,1,183.69,0.0,Organic,AU,control
ORD-004814,2023-11-11,CUST-00193,cust-00193@lumenmail.com,Furniture,3,43.57,0.2,Paid Search,US,control
ORD-009287,2024-03-24,CUST-01459,cust-01459@lumenmail.com,Lighting,3,20.64,0.05,Paid Search,US,variant
ORD-001066,2023-11-19,CUST-02363,cust-02363@lumenmail.com,Lighting,1,22.86,0.0,Paid Search,CA,
ORD-007954,03/11/2024,CUST-00589,cust-00589@lumenmail.com,Outdoor,1,46.26,0.15,Email,UK,
ORD-006079,2024-10-29,CUST-01394,cust-01394@lumenmail.com,Décor,2,155.81,0.0,Organic,US,
ORD-000659,2024-08-05,CUST-01188,cust-01188@lumenmail.com,Décor,1,82.83,0.05,Paid Search,US,
ORD-002170,2024-06-14,CUST-00412,cust-00412@lumenmail.com,Décor,1,438.32,0.05,Organic,AU,control
ORD-008019,2024-11-07,CUST-01886,cust-01886@lumenmail.com,Furniture,1,224.6,0.25,Organic,UK,
ORD-004158,26/10/2023,CUST-02854,cust-02854@lumenmail.com,Furniture,1,29.03,0.05,Social,US,control
ORD-004955,2024-01-10,,guest@lumenmail.com,Décor,2,92.56,0.0,Paid Search,US,control
ORD-002379,2024-01-26,CUST-00232,cust-00232@lumenmail.com,Décor,2,65.69,0.05,Organic,US,variant
ORD-001901,2024-04-01,CUST-02717,cust-02717@lumenmail.com,Lighting,1,32.61,0.0,Organic,US,control
ORD-003788,2024-05-16,CUST-01743,cust-01743@lumenmail.com,Décor,4,65.98,0.1,Paid Search,US,
ORD-008105,25/08/2024,CUST-00343,cust-00343@lumenmail.com,Furniture,5,53.64,0.0,Paid Search,US,variant
ORD-003095,28/12/2023,CUST-00203,cust-00203@lumenmail.com,Lighting,5,119.88,0.25,Email,US,control
ORD-005915,2024-02-28,CUST-02722,cust-02722@lumenmail.com,Décor,5,81.74,0.2,Email,US,variant
ORD-001130,2023-08-27,CUST-01010,cust-01010@lumenmail.com,Décor,1,42.32,0.1,Email,UK,
ORD-006983,2024-07-22,CUST-00566,cust-00566@lumenmail.com,Décor,-1,61.27,0.1,Email,US,
ORD-001244,2024-11-27,CUST-02796,cust-02796@lumenmail.com,Décor,1,86.74,0.2,Paid Search,US,control
ORD-000264,,CUST-02185,cust-02185@lumenmail.com,Outdoor,2,199.12,0.0,Social,US,control
ORD-003142,2024-12-18,CUST-02589,cust-02589@lumenmail.com,Décor,1,47.47,0.0,Organic,AU,variant
ORD-008625,20/04/2024,CUST-02458,cust-02458@lumenmail.com,Accessories,2,189.05,0.0,Email,US,variant
ORD-006450,2023-11-10,CUST-00283,cust-00283@lumenmail.com,Décor,2,29.08,0.0,Paid Search,CA,variant
ORD-007013,2024-10-20,CUST-00752,cust-00752@lumenmail.com,Outdoor,1,88.03,0.0,Organic,CA,control
ORD-005974,,CUST-02698,cust-02698@lumenmail.com,Décor,1,67.13,0.0,Email,UK,control
ORD-003817,2024-05-13,CUST-00077,cust-00077@lumenmail.com,Lighting,1,25.57,0.0,Organic,US,variant
ORD-003869,2024-04-06,,guest@lumenmail.com,Furniture,1,193.67,0.0,Organic,US,variant
ORD-005786,,CUST-00459,cust-00459@lumenmail.com,Décor,3,369.17,0.1,,US,variant
ORD-005684,2024-07-06,CUST-00282,cust-00282@lumenmail.com,Lighting,1,8.4,0.0,Email,US,
ORD-008548,2023-12-03,CUST-00363,cust-00363@lumenmail.com,Lighting,2,24.52,0.0,Paid Search,AU,control
ORD-004968,2024-09-29,CUST-01763,cust-01763@lumenmail.com,Furniture,1,63.9,0.0,Email,US,variant
ORD-002183,2024-06-03,CUST-02779,cust-02779@lumenmail.com,Lighting,1,33.94,0.0,Paid Search,US,control
ORD-002520,11/03/2024,CUST-02424,cust-02424@lumenmail.com,Lighting,1,48.23,0.1,Paid Search,UK,control
ORD-000957,2024-09-19,CUST-00161,cust-00161@lumenmail.com,Lighting,1,199.51,0.15,Paid Search,US,
ORD-000053,2023-07-30,CUST-02426,cust-02426@lumenmail.com,Lighting,2,47.4,0.0,Organic,CA,control
ORD-008953,2023-10-16,CUST-01839,cust-01839@lumenmail.com,Décor,1,554.82,0.0,Organic,CA,
ORD-008316,2024-03-02,CUST-02177,cust-02177@lumenmail.com,Lighting,2,51.31,0.05,Paid Search,US,control
ORD-001267,2023-07-10,CUST-02520,cust-02520@lumenmail.com,Lighting,3,389.44,0.05,Email,CA,
ORD-008148,2023-08-07,,guest@lumenmail.com,Décor,1,47.98,0.0,Email,UK,
ORD-002396,2024-04-15,CUST-00129,cust-00129@lumenmail.com,Accessories,2,89.49,0.25,Organic,AU,
ORD-008543,2024-06-13,CUST-00878,cust-00878@lumenmail.com,Outdoor,1,130.19,0.0,Email,US,control
ORD-008451,2024-11-22,CUST-01663,cust-01663@lumenmail.com,Lighting,4,198.71,0.0,Organic,US,
ORD-004152,2024-10-15,CUST-00932,cust-00932@lumenmail.com,Décor,1,561.73,0.05,Paid Search,US,variant
ORD-003248,2023-12-01,CUST-00463,cust-00463@lumenmail.com,Accessories,1,37.12,0.05,Paid Search,US,
ORD-009519,2024-12-20,CUST-01705,cust-01705@lumenmail.com,Décor,1,140.91,0.15,Email,US,variant
ORD-001528,09/07/2024,CUST-00893,cust-00893@lumenmail.com,Lighting,1,79.08,0.0,Paid Search,US,variant
ORD-009002,2024-08-13,CUST-00467,cust-00467@lumenmail.com,Lighting,1,37.04,0.0,Paid Search,US,control
ORD-007816,2024-06-12,CUST-02715,cust-02715@lumenmail.com,Décor,2,44.38,0.0,Paid Search,UK,control
ORD-008722,2024-07-15,CUST-02182,cust-02182@lumenmail.com,Furniture,2,126.73,0.0,Social,UK,control
ORD-006648,01/08/2024,CUST-01784,cust-01784@lumenmail.com,Accessories,5,10.01,0.1,Email,US,
ORD-007010,2024-02-22,CUST-00360,cust-00360@lumenmail.com,Outdoor,1,14.36,0.0,Social,US,
ORD-006839,2024-04-06,CUST-02609,cust-02609@lumenmail.com,Lighting,5,79.75,0.0,Organic,US,control
ORD-005785,2024-02-18,CUST-01220,cust-01220@lumenmail.com,Outdoor,1,590.7,0.05,,US,
ORD-007680,2024-02-06,CUST-02864,cust-02864@lumenmail.com,Outdoor,4,96.8,0.05,Paid Search,US,variant
ORD-001306,2023-10-09,CUST-01780,cust-01780@lumenmail.com,Furniture,1,83.54,0.0,Paid Search,US,control
ORD-005575,10/10/2023,CUST-01231,cust-01231@lumenmail.com,Décor,1,85.96,0.05,Paid Search,CA,variant
ORD-000200,01/11/2023,CUST-00812,cust-00812@lumenmail.com,Outdoor,2,114.23,0.05,Email,US,
ORD-005951,2024-10-16,CUST-01371,cust-01371@lumenmail.com,Lighting,1,204.21,0.0,Organic,US,variant
ORD-000710,2023-12-25,CUST-01901,cust-01901@lumenmail.com,Lighting,1,33.06,0.0,Email,US,variant
ORD-007347,2024-04-10,CUST-01790,cust-01790@lumenmail.com,Lighting,2,32.25,0.15,Paid Search,US,control
ORD-002902,2024-10-26,CUST-01702,cust-01702@lumenmail.com,Furniture,4,83.56,0.2,Paid Search,UK,
ORD-002815,2023-07-26,CUST-00806,cust-00806@lumenmail.com,Furniture,1,36.42,0.15,Organic,US,control
ORD-003598,2024-11-15,CUST-00481,cust-00481@lumenmail.com,Lighting,1,85.32,0.0,Email,US,
ORD-003351,2024-04-28,CUST-01120,cust-01120@lumenmail.com,Furniture,1,47.1,0.05,Email,CA,control
ORD-001222,2024-01-13,CUST-00803,cust-00803@lumenmail.com,Furniture,3,220.79,0.15,Email,US,control
ORD-006031,2024-09-22,,guest@lumenmail.com,Lighting,2,377.7,0.0,Organic,US,control
ORD-002904,2024-01-15,CUST-02479,cust-02479@lumenmail.com,Furniture,2,70.72,0.0,Email,US,
ORD-001496,2024-11-24,CUST-01570,cust-01570@lumenmail.com,Furniture,1,438.57,0.05,Paid Search,US,control
ORD-003763,2024-08-11,CUST-00880,cust-00880@lumenmail.com,Décor,1,20.85,0.2,Email,US,
ORD-008248,2024-01-25,CUST-01814,cust-01814@lumenmail.com,Furniture,6,0.0,0.05,Paid Search,ZZ,control
ORD-002951,2024-09-07,CUST-01797,cust-01797@lumenmail.com,Furniture,3,242.44,0.25,Paid Search,US,
ORD-006641,2024-05-06,CUST-01149,cust-01149@lumenmail.com,Furniture,1,59.99,0.05,Paid Search,US,
ORD-003459,2023-12-12,CUST-02511,cust-02511@lumenmail.com,Lighting,1,84.66,0.0,,US,
ORD-007963,2023-12-30,CUST-01785,cust-01785@lumenmail.com,Lighting,1,397.89,0.0,Social,US,control
ORD-009307,2024-04-14,CUST-00939,cust-00939@lumenmail.com,Décor,1,385.96,0.2,Organic,CA,
ORD-000019,2023-09-07,CUST-02233,cust-02233@lumenmail.com,Accessories,1,382.37,0.0,Email,US,
ORD-009369,2024-06-09,CUST-01721,cust-01721@lumenmail.com,Furniture,1,98.29,0.1,Email,US,
ORD-008567,2024-08-25,CUST-01272,cust-01272@lumenmail.com,Lighting,3,46.93,0.1,Email,CA,variant
ORD-009180,2024-01-01,CUST-02804,cust-02804@lumenmail.com,Lighting,3,316.0,0.0,Paid Search,US,control
ORD-005324,2023-10-16,CUST-00704,cust-00704@lumenmail.com,Accessories,1,43.56,0.0,Paid Search,US,
ORD-007629,2024-11-23,CUST-02229,cust-02229@lumenmail.com,Lighting,2,181.68,0.2,Email,US,variant
ORD-004952,2024-04-14,CUST-02747,cust-02747@lumenmail.com,Décor,3,123.29,0.2,Paid Search,US,variant
ORD-006680,2023-12-18,CUST-02431,cust-02431@lumenmail.com,Furniture,1,6.05,0.15,Email,US,variant
ORD-003864,2023-08-07,CUST-02195,cust-02195@lumenmail.com,Accessories,5,39.06,0.1,Paid Search,UK,control
ORD-007483,,CUST-01691,cust-01691@lumenmail.com,Lighting,2,133.03,0.05,Organic,US,control
ORD-001279,2024-05-28,CUST-00729,cust-00729@lumenmail.com,Décor,1,63.76,0.1,Paid Search,US,
ORD-003212,2023-08-16,CUST-02108,cust-02108@lumenmail.com,Furniture,2,9.58,0.15,Organic,US,control
ORD-003045,2024-08-01,CUST-01221,cust-01221@lumenmail.com,Lighting,1,57.4,0.0,Organic,US,control
ORD-002187,2024-07-13,CUST-02412,cust-02412@lumenmail.com,Décor,2,47.53,0.05,Paid Search,US,control
ORD-008234,30/12/2023,CUST-02103,cust-02103@lumenmail.com,Furniture,3,53.14,0.15,Social,US,
ORD-008858,2024-11-05,CUST-02311,cust-02311@lumenmail.com,Lighting,1,135.92,0.1,Email,US,
ORD-000868,2023-09-03,,guest@lumenmail.com,Décor,2,90.21,0.0,Organic,CA,control
ORD-009035,30/06/2023,CUST-01979,cust-01979@lumenmail.com,Accessories,1,145.4,0.05,Organic,ZZ,
ORD-001788,2024-06-14,CUST-02376,cust-02376@lumenmail.com,Lighting,1,78.81,0.2,,US,control
ORD-006360,2023-10-20,CUST-00228,cust-00228@lumenmail.com,Décor,1,170.45,0.0,Organic,US,variant
ORD-004825,2024-02-22,CUST-02186,cust-02186@lumenmail.com,Accessories,1,323.8,0.0,Organic,UK,control
ORD-003756,2024-02-10,CUST-01756,cust-01756@lumenmail.com,Outdoor,1,99.57,0.0,Paid Search,US,control
ORD-004465,19/08/2023,CUST-02603,cust-02603@lumenmail.com,Lighting,3,230.02,0.1,Email,CA,control
ORD-002841,2024-02-08,CUST-02969,cust-02969@lumenmail.com,Décor,1,85.51,0.05,Organic,US,control
ORD-006197,2024-09-13,CUST-02196,cust-02196@lumenmail.com,Décor,2,147.24,0.0,Social,US,control
ORD-003827,2024-10-22,CUST-02551,cust-02551@lumenmail.com,Lighting,1,131.68,0.0,Social,UK,
ORD-003697,2023-11-24,CUST-02610,cust-02610@lumenmail.com,Décor,1,405.95,0.05,Organic,AU,
ORD-009096,2024-09-27,CUST-01541,cust-01541@lumenmail.com,Décor,2,42.23,0.0,Paid Search,US,variant
ORD-006041,2023-12-26,CUST-00629,cust-00629@lumenmail.com,Lighting,1,786.95,0.0,Paid Search,US,
ORD-004436,2023-10-21,CUST-00358,cust-00358@lumenmail.com,Décor,3,158.1,0.1,Paid Search,US,control
ORD-001478,2024-01-26,CUST-01353,cust-01353@lumenmail.com,Décor,2,123.6,0.15,,CA,
ORD-008883,2024-07-23,CUST-02263,cust-02263@lumenmail.com,Décor,2,14.57,0.15,Paid Search,US,
ORD-001896,16/06/2023,CUST-01198,cust-01198@lumenmail.com,Décor,1,126.86,0.0,Paid Search,UK,variant
ORD-009173,17/08/2024,CUST-01716,cust-01716@lumenmail.com,Lighting,2,75.19,0.05,Paid Search,US,variant
ORD-008124,2023-12-19,CUST-01829,cust-01829@lumenmail.com,Lighting,7,442.67,0.1,Paid Search,US,variant
ORD-001482,2024-08-10,CUST-01268,cust-01268@lumenmail.com,Décor,3,621.64,0.0,Email,US,
ORD-006857,2024-04-26,,guest@lumenmail.com,Furniture,2,37.22,0.0,Organic,US,
ORD-002248,2024-06-26,CUST-02217,cust-02217@lumenmail.com,Outdoor,2,56.96,0.0,Paid Search,US,variant
ORD-006480,2023-12-23,CUST-00923,cust-00923@lumenmail.com,Furniture,1,70.03,0.05,Paid Search,UK,variant
ORD-002020,13/09/2024,CUST-01251,cust-01251@lumenmail.com,Décor,1,13.0,0.2,Email,US,
ORD-001621,,CUST-02100,cust-02100@lumenmail.com,Lighting,1,16.17,0.1,Organic,US,
ORD-005269,2024-06-28,CUST-02380,cust-02380@lumenmail.com,Lighting,1,16.13,0.0,Email,US,control
ORD-007714,26/02/2024,CUST-00947,cust-00947@lumenmail.com,Furniture,1,22.32,0.0,Paid Search,US,
ORD-004278,2023-08-18,CUST-02039,cust-02039@lumenmail.com,Décor,2,42.85,0.1,Email,US,
ORD-003481,2023-10-28,CUST-02310,cust-02310@lumenmail.com,Furniture,3,107.36,0.1,Paid Search,US,variant
ORD-007591,2023-12-23,CUST-01813,cust-01813@lumenmail.com,Lighting,3,24.49,0.05,Paid Search,UK,control
ORD-005950,2023-12-25,CUST-00494,cust-00494@lumenmail.com,Lighting,1,16.16,0.0,Email,US,control
ORD-008443,2024-08-12,,guest@lumenmail.com,Furniture,1,8.45,0.1,Paid Search,CA,
ORD-002476,27/02/2024,CUST-02898,cust-02898@lumenmail.com,Lighting,1,56.82,0.0,Paid Search,US,variant
ORD-002762,2024-12-17,CUST-01432,cust-01432@lumenmail.com,Accessories,4,45.06,0.15,Email,US,control
ORD-007696,2024-02-27,CUST-02250,cust-02250@lumenmail.com,Furniture,1,86.6,0.05,Email,US,control
ORD-008862,2023-06-25,CUST-02880,cust-02880@lumenmail.com,Furniture,1,114.59,0.0,Paid Search,CA,variant
ORD-001899,01/11/2023,CUST-01432,cust-01432@lumenmail.com,Lighting,1,22.26,0.0,Paid Search,CA,control
ORD-001440,2024-07-04,CUST-00188,cust-00188@lumenmail.com,Furniture,3,109.72,0.0,Paid Search,CA,
ORD-009053,2024-05-24,,guest@lumenmail.com,Furniture,3,0.0,0.0,Paid Search,US,variant
ORD-007346,2024-04-08,CUST-00639,cust-00639@lumenmail.com,Lighting,1,255.2,0.05,Paid Search,US,control
ORD-004213,2024-02-13,CUST-01410,cust-01410@lumenmail.com,Décor,1,477.83,0.0,Social,US,
ORD-004583,2024-10-16,CUST-02952,cust-02952@lumenmail.com,Outdoor,5,175.22,0.2,,US,
ORD-002224,2024-04-15,,guest@lumenmail.com,Lighting,-1,37.41,0.2,Paid Search,US,control
ORD-004650,13/06/2023,CUST-02661,cust-02661@lumenmail.com,Furniture,2,32.58,0.0,Paid Search,US,
ORD-005935,,CUST-01604,cust-01604@lumenmail.com,Décor,4,68.68,0.0,Paid Search,US,variant
ORD-003822,2023-11-26,CUST-01212,cust-01212@lumenmail.com,Lighting,2,335.23,0.05,Organic,US,variant
ORD-008796,2024-11-23,CUST-00092,cust-00092@lumenmail.com,Accessories,1,0.0,0.05,Paid Search,AU,
ORD-000603,2024-04-10,CUST-02123,cust-02123@lumenmail.com,Décor,1,117.24,0.1,Organic,US,
ORD-007142,26/07/2023,CUST-02374,cust-02374@lumenmail.com,Furniture,2,96.03,0.0,Paid Search,US,control
ORD-007281,2024-09-07,CUST-02989,cust-02989@lumenmail.com,Décor,5,69.11,0.0,Paid Search,CA,control
ORD-006745,2023-09-11,,guest@lumenmail.com,Lighting,4,77.87,0.05,Social,US,
ORD-004670,2023-06-22,CUST-01675,cust-01675@lumenmail.com,Lighting,-2,25.53,0.0,Email,CA,variant
ORD-009403,2023-07-15,CUST-02898,cust-02898@lumenmail.com,Furniture,2,46.24,0.0,Email,US,control
ORD-007145,2024-04-10,,guest@lumenmail.com,Lighting,2,115.37,0.0,Social,US,control
ORD-002630,24/09/2024,,guest@lumenmail.com,Furniture,1,170.57,0.0,Paid Search,US,
ORD-004380,2024-03-04,CUST-02071,cust-02071@lumenmail.com,Décor,2,61.22,0.0,Paid Search,CA,
ORD-002275,2024-04-22,CUST-01463,cust-01463@lumenmail.com,Lighting,4,778.26,0.05,Organic,US,variant
ORD-002745,08/05/2024,CUST-01583,cust-01583@lumenmail.com,Lighting,1,210.4,0.25,Paid Search,UK,
ORD-007460,13/10/2024,CUST-00044,cust-00044@lumenmail.com,Lighting,1,630.45,0.15,Email,ZZ,control
ORD-005623,2024-12-16,CUST-00808,cust-00808@lumenmail.com,Lighting,2,52.87,0.2,Social,US,control
ORD-001821,2024-08-20,CUST-02207,cust-02207@lumenmail.com,Furniture,3,78.88,0.05,Paid Search,US,
ORD-007868,2024-02-21,,guest@lumenmail.com,Lighting,1,211.68,0.15,Paid Search,US,
ORD-003926,2024-10-29,CUST-01580,cust-01580@lumenmail.com,Lighting,4,32.68,0.0,Paid Search,CA,
ORD-009126,2024-10-08,CUST-01495,cust-01495@lumenmail.com,Outdoor,1,24.15,0.15,Email,US,variant
ORD-003325,2024-05-03,CUST-02513,cust-02513@lumenmail.com,Furniture,1,136.3,0.05,Paid Search,UK,
ORD-003865,19/01/2024,CUST-00832,cust-00832@lumenmail.com,Lighting,2,171.75,0.0,Organic,ZZ,
ORD-001944,2023-10-20,CUST-00705,cust-00705@lumenmail.com,Outdoor,2,15.28,0.05,Organic,US,variant
ORD-008339,2024-08-09,CUST-02126,cust-02126@lumenmail.com,Lighting,1,24.89,0.1,Paid Search,US,variant
ORD-007183,27/03/2024,CUST-01348,cust-01348@lumenmail.com,Décor,2,436.67,0.05,Organic,US,control
ORD-005417,2024-08-25,,guest@lumenmail.com,Furniture,2,9.54,0.15,Organic,US,variant
ORD-002709,2023-08-07,CUST-02940,cust-02940@lumenmail.com,Furniture,-1,24.69,0.0,Organic,US,variant
ORD-002171,2024-03-14,CUST-00047,cust-00047@lumenmail.com,Outdoor,2,18.4,0.1,Organic,US,control
ORD-002958,2024-10-05,CUST-02862,cust-02862@lumenmail.com,Lighting,1,183.94,0.05,Social,CA,control
ORD-001086,2023-12-07,CUST-00884,cust-00884@lumenmail.com,Furniture,1,46.32,0.1,Paid Search,US,variant
ORD-001067,2024-11-28,CUST-00672,cust-00672@lumenmail.com,Furniture,1,175.15,0.0,Email,US,control
ORD-001182,2024-01-18,CUST-02784,cust-02784@lumenmail.com,Accessories,1,86.24,0.2,Social,UK,
ORD-003833,2024-03-08,CUST-01465,cust-01465@lumenmail.com,Décor,1,27.88,0.1,Email,AU,
ORD-009176,2023-07-05,CUST-00357,cust-00357@lumenmail.com,Décor,1,343.61,0.0,Email,US,variant
ORD-005302,2024-06-19,CUST-01259,cust-01259@lumenmail.com,Lighting,1,16.06,0.1,Organic,US,variant
ORD-003153,2024-08-28,CUST-02748,cust-02748@lumenmail.com,Lighting,1,792.97,0.0,Paid Search,US,variant
ORD-008217,2024-12-12,CUST-00598,cust-00598@lumenmail.com,Lighting,1,375.9,0.05,Social,AU,variant
ORD-004762,16/10/2023,CUST-01176,cust-01176@lumenmail.com,Lighting,1,68.02,0.1,Organic,US,variant
ORD-004215,2024-09-14,CUST-01426,cust-01426@lumenmail.com,Décor,2,686.16,0.05,Paid Search,AU,
ORD-008788,2023-07-17,CUST-02500,cust-02500@lumenmail.com,Accessories,7,76.76,0.0,Email,US,
ORD-006173,2023-07-02,CUST-02260,cust-02260@lumenmail.com,Lighting,4,80.02,0.05,Paid Search,UK,
ORD-002586,28/02/2024,CUST-00243,cust-00243@lumenmail.com,Décor,2,16.86,0.0,Paid Search,UK,variant
ORD-004822,2023-08-11,CUST-02291,cust-02291@lumenmail.com,Lighting,2,49.49,0.05,Paid Search,UK,
ORD-006539,2023-09-03,CUST-00664,cust-00664@lumenmail.com,Décor,1,55.86,0.05,Organic,US,variant
ORD-003366,2023-11-05,CUST-02249,cust-02249@lumenmail.com,Décor,-1,798.14,0.05,Email,CA,
ORD-004077,2023-10-15,CUST-02761,cust-02761@lumenmail.com,Accessories,2,9.76,0.0,,US,control
ORD-004644,2023-08-07,CUST-02309,cust-02309@lumenmail.com,Lighting,2,9.07,0.05,Paid Search,UK,
ORD-003171,2024-06-27,CUST-01009,cust-01009@lumenmail.com,Outdoor,2,54.17,0.15,Organic,US,
ORD-004711,2024-09-09,CUST-00956,cust-00956@lumenmail.com,Lighting,1,68.41,0.05,Paid Search,US,control
ORD-004953,2024-10-14,CUST-00931,cust-00931@lumenmail.com,Lighting,1,302.83,0.0,Paid Search,AU,
ORD-008081,20/01/2024,CUST-01419,cust-01419@lumenmail.com,Accessories,2,78.38,0.1,Paid Search,US,
ORD-000537,2024-11-21,CUST-02387,cust-02387@lumenmail.com,Décor,1,56.22,0.05,Organic,UK,variant
ORD-003348,2024-05-26,CUST-02444,cust-02444@lumenmail.com,Lighting,2,91.21,0.0,Organic,US,variant
ORD-002609,2024-06-05,CUST-01761,cust-01761@lumenmail.com,Lighting,2,47.08,0.2,Organic,CA,variant
ORD-008657,2024-05-27,CUST-01084,cust-01084@lumenmail.com,Lighting,3,23.9,0.0,Email,US,control
ORD-005734,19/01/2024,CUST-00493,cust-00493@lumenmail.com,Décor,5,618.06,0.0,Social,US,variant
ORD-005180,2024-01-20,CUST-00300,cust-00300@lumenmail.com,Décor,1,16.59,0.0,Organic,US,control
ORD-003794,2024-07-23,CUST-00763,cust-00763@lumenmail.com,Outdoor,1,52.59,0.0,Social,US,variant
ORD-009530,2024-08-09,CUST-01926,cust-01926@lumenmail.com,Outdoor,3,20.57,0.1,Organic,UK,
ORD-006219,2024-05-11,CUST-02755,cust-02755@lumenmail.com,Furniture,3,56.59,0.0,Email,US,variant
ORD-006067,2024-11-26,CUST-02833,cust-02833@lumenmail.com,Outdoor,1,71.01,0.1,Social,US,variant
ORD-004489,,CUST-01855,cust-01855@lumenmail.com,Lighting,2,241.63,0.2,Social,US,
ORD-001911,2024-03-27,CUST-00463,cust-00463@lumenmail.com,Lighting,2,197.11,0.0,Social,US,
ORD-001160,25/03/2024,CUST-02773,cust-02773@lumenmail.com,Outdoor,1,772.82,0.05,Email,US,
ORD-001299,2024-11-16,CUST-00949,cust-00949@lumenmail.com,Outdoor,1,774.98,0.0,Organic,CA,
ORD-007944,2024-04-04,CUST-00353,cust-00353@lumenmail.com,Lighting,-1,188.66,0.0,Social,US,control
ORD-005130,2023-09-11,CUST-00774,cust-00774@lumenmail.com,Outdoor,2,99.38,0.0,Paid Search,AU,control
ORD-001230,2023-09-03,CUST-02273,cust-02273@lumenmail.com,Lighting,2,42.8,0.0,Paid Search,US,
ORD-008296,2023-10-07,,guest@lumenmail.com,Outdoor,3,79.72,0.0,Email,US,control
ORD-007469,21/06/2023,CUST-02412,cust-02412@lumenmail.com,Furniture,1,98.76,0.2,Email,US,variant
ORD-007345,2024-07-15,CUST-00159,cust-00159@lumenmail.com,Décor,5,54.24,0.1,Organic,UK,control
ORD-005654,27/07/2023,CUST-00667,cust-00667@lumenmail.com,Lighting,1,42.12,0.0,Email,ZZ,
ORD-002771,2024-05-07,CUST-00835,cust-00835@lumenmail.com,Décor,1,482.48,0.0,Email,CA,control
ORD-000686,2024-10-02,CUST-01704,cust-01704@lumenmail.com,Furniture,1,53.77,0.15,Social,CA,
ORD-001799,01/11/2024,CUST-01415,cust-01415@lumenmail.com,Lighting,1,53.19,0.0,Social,US,variant
ORD-005280,2024-09-11,CUST-01939,cust-01939@lumenmail.com,Accessories,1,18.12,0.15,,US,control
ORD-003230,2024-11-01,CUST-00300,cust-00300@lumenmail.com,Furniture,2,112.09,0.0,Email,AU,variant
ORD-001218,2024-03-13,CUST-00434,cust-00434@lumenmail.com,Lighting,1,50.4,0.15,Organic,US,
ORD-008088,2023-08-22,CUST-01548,cust-01548@lumenmail.com,Lighting,1,8.16,0.0,Paid Search,AU,variant
ORD-009506,2023-10-06,CUST-02696,cust-02696@lumenmail.com,Lighting,1,741.41,0.1,Paid Search,US,
ORD-007689,2024-05-30,CUST-00775,cust-00775@lumenmail.com,Lighting,2,188.96,0.0,Email,US,
ORD-002486,2024-12-14,CUST-01194,cust-01194@lumenmail.com,Lighting,3,178.02,0.1,Email,US,control
ORD-006720,2024-10-05,CUST-02734,cust-02734@lumenmail.com,Furniture,2,291.97,0.25,Email,US,control
ORD-003665,2023-12-15,CUST-00957,cust-00957@lumenmail.com,Décor,3,16.2,0.1,Organic,US,variant
ORD-001381,16/02/2024,CUST-02493,cust-02493@lumenmail.com,Décor,1,46.68,0.25,Paid Search,US,
ORD-007660,2023-11-26,CUST-02332,cust-02332@lumenmail.com,Outdoor,1,77.13,0.0,Organic,US,
ORD-005742,2024-09-02,CUST-01492,cust-01492@lumenmail.com,Décor,2,48.44,0.0,Organic,UK,
ORD-006979,2023-12-16,CUST-02020,cust-02020@lumenmail.com,Lighting,4,53.57,0.25,Email,US,variant
ORD-000474,2024-08-28,CUST-01101,cust-01101@lumenmail.com,Lighting,2,23.94,0.0,Organic,US,variant
ORD-006221,2024-05-02,CUST-02902,cust-02902@lumenmail.com,Lighting,1,47.4,0.1,Social,CA,control
ORD-007267,2023-12-11,CUST-00195,cust-00195@lumenmail.com,Lighting,1,13.37,0.0,Paid Search,US,
ORD-001038,2024-06-23,CUST-00347,cust-00347@lumenmail.com,Lighting,1,95.24,0.2,Email,CA,control
ORD-005904,2024-08-06,CUST-00317,cust-00317@lumenmail.com,Lighting,2,98.24,0.25,Email,US,control
ORD-007373,16/05/2024,CUST-02450,cust-02450@lumenmail.com,Lighting,2,38.12,0.1,Organic,US,
ORD-001589,2024-07-30,CUST-00686,cust-00686@lumenmail.com,Accessories,2,75.0,0.05,Paid Search,US,
ORD-008380,2023-07-17,CUST-02628,cust-02628@lumenmail.com,Lighting,2,55.8,0.15,Email,US,variant
ORD-002166,2024-09-27,CUST-00528,cust-00528@lumenmail.com,Décor,2,7.91,0.05,Email,CA,variant
ORD-008375,2024-08-25,CUST-02310,cust-02310@lumenmail.com,Décor,1,6.76,0.0,Paid Search,US,variant
ORD-004421,2024-04-18,,guest@lumenmail.com,Décor,1,44.5,0.05,Email,UK,control
ORD-008067,30/09/2024,CUST-02905,cust-02905@lumenmail.com,Lighting,5,356.63,0.2,Paid Search,UK,control
ORD-004279,31/12/2023,CUST-01982,cust-01982@lumenmail.com,Lighting,2,187.82,0.1,Paid Search,US,control
ORD-000143,2024-09-25,CUST-00213,cust-00213@lumenmail.com,Furniture,-1,44.24,0.05,Paid Search,AU,control
ORD-003215,2023-08-17,CUST-02975,cust-02975@lumenmail.com,Lighting,3,120.51,0.25,,US,variant
ORD-008649,22/07/2024,CUST-00527,cust-00527@lumenmail.com,Décor,1,70.63,0.0,Email,CA,variant
ORD-008742,2024-09-29,CUST-02966,cust-02966@lumenmail.com,Accessories,1,49.0,0.0,Paid Search,UK,control
ORD-007185,2023-12-13,CUST-01971,cust-01971@lumenmail.com,Outdoor,1,29.69,0.0,Social,CA,control
ORD-002135,2023-11-22,CUST-00936,cust-00936@lumenmail.com,Lighting,2,132.09,0.0,Paid Search,CA,variant
ORD-004561,2023-10-22,CUST-01405,cust-01405@lumenmail.com,Accessories,1,80.22,0.1,Organic,US,
ORD-006266,2024-03-05,CUST-00254,cust-00254@lumenmail.com,Décor,2,88.98,0.05,Paid Search,US,
ORD-001714,2024-02-17,CUST-00563,cust-00563@lumenmail.com,Accessories,2,60.53,0.1,Organic,CA,control
ORD-000711,2024-11-16,CUST-02825,cust-02825@lumenmail.com,Accessories,1,45.09,0.0,Email,US,variant
ORD-005487,04/09/2024,CUST-00190,cust-00190@lumenmail.com,Outdoor,4,32.72,0.0,Organic,US,variant
ORD-000529,2024-12-09,CUST-02000,cust-02000@lumenmail.com,Furniture,2,93.59,0.2,Organic,US,control
ORD-005536,27/08/2023,CUST-00097,cust-00097@lumenmail.com,Furniture,1,315.87,0.0,,US,
ORD-009401,2024-08-24,CUST-00927,cust-00927@lumenmail.com,Furniture,3,25.52,0.05,Organic,CA,control
ORD-007147,2024-08-24,CUST-00785,cust-00785@lumenmail.com,Décor,2,117.43,0.0,Social,US,
ORD-009243,2024-02-20,CUST-00784,cust-00784@lumenmail.com,Lighting,2,184.02,0.05,Organic,US,
ORD-008719,,CUST-01520,cust-01520@lumenmail.com,Lighting,2,33.5,0.0,Email,US,control
ORD-007171,2023-06-24,CUST-02100,cust-02100@lumenmail.com,Lighting,2,159.53,0.0,Paid Search,CA,
ORD-008150,2024-01-05,CUST-02711,cust-02711@lumenmail.com,Lighting,1,232.03,0.0,Social,US,
ORD-004337,25/08/2024,CUST-01253,cust-01253@lumenmail.com,Décor,1,16.03,0.0,Social,US,variant
ORD-008907,2024-09-20,CUST-01655,cust-01655@lumenmail.com,Furniture,1,629.56,0.0,Email,UK,control
ORD-008141,2023-12-03,CUST-00496,cust-00496@lumenmail.com,Lighting,3,25.0,0.05,Paid Search,US,
ORD-006880,2023-12-21,CUST-00295,cust-00295@lumenmail.com,Lighting,1,32.54,0.0,Paid Search,CA,variant
ORD-003471,2023-07-02,CUST-01556,cust-01556@lumenmail.com,Lighting,6,304.72,0.05,Email,US,variant
ORD-001969,2024-06-26,CUST-00073,cust-00073@lumenmail.com,Décor,5,134.84,0.05,Email,UK,variant
ORD-000838,07/04/2024,CUST-01761,cust-01761@lumenmail.com,Lighting,3,39.18,0.0,Organic,CA,
ORD-000975,2023-11-03,CUST-02674,cust-02674@lumenmail.com,Décor,1,138.77,0.1,Social,CA,variant
ORD-002782,2024-02-18,CUST-00237,cust-00237@lumenmail.com,Furniture,1,15.76,0.15,Email,US,control
ORD-006082,2023-10-23,CUST-00246,cust-00246@lumenmail.com,Lighting,1,91.34,0.1,Organic,US,variant
ORD-003308,2023-09-22,CUST-00170,cust-00170@lumenmail.com,Accessories,2,40.3,0.2,Social,AU,variant
ORD-005366,2024-12-28,CUST-01919,cust-01919@lumenmail.com,Lighting,2,35.32,0.0,Organic,AU,control
ORD-003245,2024-10-21,CUST-01748,cust-01748@lumenmail.com,Décor,2,27.76,0.15,Paid Search,CA,control
ORD-007941,2024-11-23,CUST-00527,cust-00527@lumenmail.com,Outdoor,1,131.35,0.1,Paid Search,US,variant
ORD-009464,2024-05-18,CUST-00357,cust-00357@lumenmail.com,Lighting,1,78.51,0.15,Organic,US,variant
ORD-002267,2024-09-17,CUST-00526,cust-00526@lumenmail.com,Décor,2,63.9,0.05,Paid Search,CA,control
ORD-009021,07/08/2023,CUST-01517,cust-01517@lumenmail.com,Furniture,1,51.76,0.0,Social,US,
ORD-005707,2024-01-27,CUST-02465,cust-02465@lumenmail.com,Décor,2,397.99,0.1,Email,US,variant
ORD-009450,2024-01-20,CUST-00798,cust-00798@lumenmail.com,Lighting,2,92.16,0.1,Social,US,control
ORD-002972,2024-07-14,CUST-02968,cust-02968@lumenmail.com,Furniture,1,185.65,0.0,Social,CA,control
ORD-001132,2024-10-27,CUST-01137,cust-01137@lumenmail.com,Accessories,2,224.1,0.0,Organic,US,
ORD-000718,2024-03-17,CUST-01438,cust-01438@lumenmail.com,Accessories,5,26.82,0.0,Paid Search,US,
ORD-004695,2023-07-29,,guest@lumenmail.com,Lighting,1,81.92,0.1,Email,US,variant
ORD-007569,2024-09-23,,guest@lumenmail.com,Décor,1,9.04,0.05,Social,US,
ORD-004090,2024-06-20,CUST-01388,cust-01388@lumenmail.com,Lighting,3,75.54,0.0,Organic,CA,
ORD-007675,2024-08-06,CUST-00708,cust-00708@lumenmail.com,Lighting,1,10.4,0.0,Social,US,control
ORD-000449,2024-07-17,CUST-01099,cust-01099@lumenmail.com,Outdoor,2,0.0,0.0,Email,UK,control
ORD-009224,2023-09-02,CUST-00505,cust-00505@lumenmail.com,Lighting,7,14.09,0.15,Organic,US,variant
ORD-003418,2023-07-17,CUST-00520,cust-00520@lumenmail.com,Décor,1,183.67,0.0,Paid Search,US,
ORD-003297,2023-09-01,CUST-01287,cust-01287@lumenmail.com,Lighting,1,12.22,0.0,Organic,US,control
ORD-007325,2023-11-08,CUST-02416,cust-02416@lumenmail.com,Accessories,1,32.97,0.0,Organic,UK,control
ORD-000776,2024-03-10,CUST-02015,cust-02015@lumenmail.com,Furniture,3,236.25,0.0,Organic,US,variant
ORD-001920,2024-10-08,CUST-00839,cust-00839@lumenmail.com,Lighting,1,167.57,0.2,Social,CA,
ORD-002806,2024-01-27,CUST-01398,cust-01398@lumenmail.com,Furniture,2,90.59,0.0,Organic,ZZ,control
ORD-008619,2023-10-13,CUST-01122,cust-01122@lumenmail.com,Décor,1,121.37,0.0,Paid Search,US,
ORD-009588,2023-06-23,CUST-00765,cust-00765@lumenmail.com,Décor,1,145.52,0.0,Paid Search,US,variant
ORD-006865,2024-06-10,CUST-00219,cust-00219@lumenmail.com,Lighting,3,12.92,0.05,Email,US,
ORD-006330,2024-09-30,CUST-02268,cust-02268@lumenmail.com,Décor,1,43.82,0.15,Paid Search,US,control
ORD-000226,2024-11-08,CUST-02946,cust-02946@lumenmail.com,Lighting,2,6.03,0.15,Paid Search,AU,control
ORD-006465,2023-08-16,,guest@lumenmail.com,Lighting,1,157.93,0.0,Social,US,control
ORD-000232,2024-10-13,CUST-01514,cust-01514@lumenmail.com,Lighting,1,196.03,0.05,Paid Search,US,variant
ORD-003184,2024-04-27,CUST-01515,cust-01515@lumenmail.com,Lighting,5,774.68,0.0,Paid Search,US,control
ORD-006966,2024-12-05,CUST-00775,cust-00775@lumenmail.com,Décor,1,32.18,0.2,Organic,US,variant
ORD-003605,10/11/2023,CUST-01034,cust-01034@lumenmail.com,Lighting,1,24.86,0.0,Organic,CA,
ORD-008349,11/12/2024,CUST-02893,cust-02893@lumenmail.com,Outdoor,3,78.26,0.0,Email,CA,control
ORD-006984,2024-09-07,CUST-01888,cust-01888@lumenmail.com,Accessories,4,546.92,0.15,Paid Search,UK,variant
ORD-008253,2023-08-03,CUST-00258,cust-00258@lumenmail.com,Furniture,1,7.09,0.1,,CA,control
ORD-000431,2023-11-18,CUST-00316,cust-00316@lumenmail.com,Furniture,5,22.63,0.0,Email,US,
ORD-003368,2024-04-11,CUST-01654,cust-01654@lumenmail.com,Lighting,6,56.83,0.1,Paid Search,ZZ,
ORD-004211,2024-02-04,CUST-02032,cust-02032@lumenmail.com,Lighting,1,0.0,0.0,Organic,CA,
ORD-006591,2023-09-04,CUST-01817,cust-01817@lumenmail.com,Décor,3,111.07,0.2,Paid Search,CA,control
ORD-001321,2023-07-12,CUST-01761,cust-01761@lumenmail.com,Accessories,1,95.52,0.05,Email,US,variant
ORD-001831,25/08/2024,CUST-00429,cust-00429@lumenmail.com,Lighting,1,35.25,0.2,Paid Search,US,
ORD-000522,06/01/2024,CUST-02221,cust-02221@lumenmail.com,Lighting,1,186.36,0.05,Organic,US,
ORD-001870,2024-10-28,CUST-01282,cust-01282@lumenmail.com,Furniture,4,36.57,0.15,Social,US,control
ORD-001028,2024-07-14,CUST-02064,cust-02064@lumenmail.com,Décor,2,177.23,0.05,Paid Search,US,
ORD-004420,2023-09-24,CUST-02718,cust-02718@lumenmail.com,Accessories,2,12.91,0.0,Paid Search,CA,variant
ORD-005690,2023-10-27,CUST-01488,cust-01488@lumenmail.com,Lighting,3,125.09,0.0,Email,CA,
ORD-007640,2024-07-28,CUST-01255,cust-01255@lumenmail.com,Lighting,2,25.1,0.05,Email,US,
ORD-001604,2024-01-09,CUST-02679,cust-02679@lumenmail.com,Furniture,-3,36.34,0.25,Paid Search,US,
ORD-001157,2024-05-16,CUST-01312,cust-01312@lumenmail.com,Furniture,2,134.08,0.1,Organic,US,
ORD-001731,2024-08-05,CUST-02272,cust-02272@lumenmail.com,Lighting,1,217.47,0.05,Email,CA,variant
ORD-003873,2023-10-14,CUST-00726,cust-00726@lumenmail.com,Lighting,2,170.7,0.0,Email,CA,
ORD-002698,2024-05-06,CUST-00304,cust-00304@lumenmail.com,Outdoor,7,310.27,0.0,Paid Search,UK,control
ORD-005952,2024-07-22,CUST-00727,cust-00727@lumenmail.com,Lighting,3,43.87,0.0,Paid Search,US,control
ORD-004253,2024-05-10,CUST-00608,cust-00608@lumenmail.com,Furniture,1,19.64,0.0,Paid Search,US,
ORD-003880,2024-11-15,CUST-00716,cust-00716@lumenmail.com,Décor,7,216.49,0.0,Organic,US,control
ORD-003330,17/06/2023,CUST-02185,cust-02185@lumenmail.com,Décor,2,157.78,0.0,Paid Search,US,
ORD-003520,2023-10-19,CUST-01016,cust-01016@lumenmail.com,Lighting,1,53.34,0.05,Paid Search,CA,
ORD-008663,24/02/2024,CUST-02421,cust-02421@lumenmail.com,Furniture,1,147.72,0.0,Email,US,
ORD-006088,2023-06-08,,guest@lumenmail.com,Lighting,1,84.16,0.0,Organic,US,control
ORD-007381,2024-05-12,CUST-02953,cust-02953@lumenmail.com,Décor,3,236.44,0.05,Paid Search,CA,
ORD-001353,2024-08-21,CUST-01076,cust-01076@lumenmail.com,Décor,6,173.97,0.0,Paid Search,US,variant
ORD-007950,2024-05-21,CUST-01652,cust-01652@lumenmail.com,Lighting,1,91.33,0.15,Paid Search,ZZ,control
ORD-003129,2024-10-30,CUST-02942,cust-02942@lumenmail.com,Furniture,3,206.98,0.05,Social,US,variant
ORD-002278,2024-11-27,CUST-02926,cust-02926@lumenmail.com,Lighting,1,33.38,0.25,Organic,UK,variant
ORD-000853,2024-09-21,CUST-02922,cust-02922@lumenmail.com,Furniture,2,24.14,0.05,Email,US,variant
ORD-009312,2023-09-15,CUST-00608,cust-00608@lumenmail.com,Furniture,1,96.19,0.15,Email,US,control
ORD-007276,2024-01-10,CUST-00317,cust-00317@lumenmail.com,Décor,1,49.88,0.15,Social,US,variant
ORD-004934,2023-09-10,CUST-00532,cust-00532@lumenmail.com,Outdoor,4,41.29,0.1,,CA,variant
ORD-003971,2023-08-03,CUST-02651,cust-02651@lumenmail.com,Lighting,-3,140.86,0.0,Paid Search,US,
ORD-004269,2023-06-21,CUST-00875,cust-00875@lumenmail.com,Lighting,3,80.75,0.15,Paid Search,US,control
ORD-006696,2024-01-04,CUST-02375,cust-02375@lumenmail.com,Furniture,1,189.74,0.0,,US,
ORD-003695,2024-07-30,CUST-02134,cust-02134@lumenmail.com,Lighting,4,67.94,0.0,Organic,US,variant
ORD-007470,2023-11-16,CUST-00107,cust-00107@lumenmail.com,Lighting,2,106.91,0.0,Organic,US,variant
ORD-003720,2024-09-12,,guest@lumenmail.com,Outdoor,2,52.67,0.05,Email,US,variant
ORD-002454,2023-09-24,CUST-01484,cust-01484@lumenmail.com,Furniture,2,57.46,0.1,Social,US,
ORD-005798,2023-08-07,CUST-02025,cust-02025@lumenmail.com,Lighting,2,167.17,0.05,Paid Search,US,variant
ORD-004763,2024-02-20,,guest@lumenmail.com,Lighting,2,5.47,0.2,Paid Search,US,control
ORD-001747,2024-04-15,CUST-00294,cust-00294@lumenmail.com,Outdoor,7,41.24,0.0,Paid Search,US,
ORD-006158,2024-11-17,CUST-01154,cust-01154@lumenmail.com,Lighting,3,89.93,0.0,Social,US,
ORD-009567,28/06/2023,CUST-00890,cust-00890@lumenmail.com,Outdoor,2,106.8,0.05,Email,US,variant
ORD-004682,2024-11-16,CUST-02074,cust-02074@lumenmail.com,Décor,-1,63.73,0.0,,US,variant
ORD-007367,18/12/2023,CUST-01116,cust-01116@lumenmail.com,Outdoor,2,45.44,0.05,Paid Search,US,variant
ORD-008713,2024-09-15,CUST-02878,cust-02878@lumenmail.com,Décor,1,130.18,0.2,Email,CA,control
ORD-000762,2024-04-30,,guest@lumenmail.com,Furniture,-1,384.37,0.15,Paid Search,CA,control
ORD-002798,2023-09-01,CUST-02687,cust-02687@lumenmail.com,Lighting,1,11.46,0.05,Email,US,
ORD-000233,2023-11-09,CUST-00713,cust-00713@lumenmail.com,Lighting,1,82.72,0.0,Organic,US,
ORD-001386,2023-11-06,CUST-00112,cust-00112@lumenmail.com,Décor,4,13.87,0.05,Organic,UK,control
ORD-009184,2024-01-24,CUST-01350,cust-01350@lumenmail.com,Décor,3,55.51,0.0,Paid Search,US,
ORD-000502,26/11/2024,CUST-00312,cust-00312@lumenmail.com,Décor,1,392.75,0.25,Email,US,
ORD-005042,2023-12-13,CUST-00534,cust-00534@lumenmail.com,Décor,4,120.57,0.2,Organic,US,control
ORD-007762,2023-08-15,CUST-01908,cust-01908@lumenmail.com,Accessories,6,5.86,0.05,Organic,US,
ORD-009333,2024-10-21,CUST-01865,cust-01865@lumenmail.com,Lighting,6,132.04,0.1,Email,US,
ORD-009034,2023-06-05,CUST-00271,cust-00271@lumenmail.com,Accessories,1,27.08,0.15,Email,CA,control
ORD-004442,2023-07-29,CUST-02383,cust-02383@lumenmail.com,Lighting,3,162.29,0.0,Email,UK,control
ORD-003758,2024-04-14,CUST-01027,cust-01027@lumenmail.com,Outdoor,2,16.19,0.2,Paid Search,AU,control
ORD-000127,2024-03-01,CUST-01030,cust-01030@lumenmail.com,Décor,1,187.52,0.0,Social,CA,variant
ORD-002040,2024-12-23,CUST-01277,cust-01277@lumenmail.com,Lighting,1,43.1,0.0,Social,US,variant
ORD-001186,2024-12-14,CUST-00014,cust-00014@lumenmail.com,Décor,2,545.68,0.0,Paid Search,US,
ORD-002746,2023-06-12,CUST-02809,cust-02809@lumenmail.com,Lighting,1,291.19,0.0,Email,US,variant
ORD-006863,2024-06-26,CUST-00155,cust-00155@lumenmail.com,Décor,1,19.76,0.0,Paid Search,US,
ORD-009175,2023-10-17,CUST-00961,cust-00961@lumenmail.com,Furniture,4,97.48,0.15,Paid Search,US,variant
ORD-006675,,CUST-00288,cust-00288@lumenmail.com,Lighting,3,351.15,0.0,Organic,US,variant
ORD-008513,18/06/2024,CUST-02808,cust-02808@lumenmail.com,Lighting,1,109.41,0.05,Paid Search,CA,
ORD-003939,2024-05-18,CUST-01073,cust-01073@lumenmail.com,Accessories,2,631.36,0.05,Email,US,
ORD-001584,2023-10-28,CUST-00490,cust-00490@lumenmail.com,Furniture,2,269.58,0.05,Paid Search,US,control
ORD-001060,2024-05-07,CUST-01208,cust-01208@lumenmail.com,Furniture,2,94.38,0.0,Social,US,control
ORD-006714,2024-02-02,CUST-01843,cust-01843@lumenmail.com,Décor,1,77.2,0.0,Email,CA,variant
ORD-007618,2024-11-30,CUST-02999,cust-02999@lumenmail.com,Outdoor,1,17.45,0.05,Email,US,variant
ORD-004300,2024-06-19,CUST-02050,cust-02050@lumenmail.com,Lighting,1,36.87,0.2,Paid Search,US,
ORD-008924,2023-11-29,CUST-01308,cust-01308@lumenmail.com,Décor,7,39.1,0.0,Email,US,control
ORD-007646,2024-02-29,CUST-01498,cust-01498@lumenmail.com,Décor,6,6.99,0.15,Organic,US,
ORD-004416,2023-08-12,CUST-01400,cust-01400@lumenmail.com,Décor,1,201.48,0.05,Paid Search,US,
ORD-006769,2024-12-25,CUST-01043,cust-01043@lumenmail.com,Décor,4,20.73,0.0,Email,US,variant
ORD-004696,2023-12-04,CUST-00032,cust-00032@lumenmail.com,Décor,5,88.98,0.0,Email,US,control
ORD-002234,2024-01-01,CUST-01403,cust-01403@lumenmail.com,Lighting,1,32.52,0.0,Organic,US,control
ORD-007936,2023-09-03,CUST-00070,cust-00070@lumenmail.com,Lighting,2,105.79,0.1,Paid Search,US,variant
ORD-003183,2023-07-07,CUST-00793,cust-00793@lumenmail.com,Lighting,1,242.13,0.25,Organic,US,
ORD-004860,25/12/2023,CUST-00196,cust-00196@lumenmail.com,Décor,1,30.1,0.0,Email,US,control
ORD-006708,2023-08-21,CUST-01270,cust-01270@lumenmail.com,Furniture,2,64.75,0.0,Social,CA,variant
ORD-006824,2024-06-05,CUST-02757,cust-02757@lumenmail.com,Furniture,3,310.69,0.2,Social,US,control
ORD-009342,2023-11-19,CUST-02619,cust-02619@lumenmail.com,Accessories,1,105.63,0.2,Social,AU,variant
ORD-003719,2023-12-12,CUST-02669,cust-02669@lumenmail.com,Décor,1,38.63,0.15,Social,CA,
ORD-006005,2023-11-15,CUST-01529,cust-01529@lumenmail.com,Lighting,1,21.49,0.0,Email,AU,variant
ORD-001310,2024-11-23,CUST-00678,cust-00678@lumenmail.com,Décor,2,248.8,0.0,Social,US,
ORD-007482,2024-05-14,CUST-01553,cust-01553@lumenmail.com,Décor,2,85.76,0.05,Organic,US,control
ORD-005799,2023-08-05,CUST-00895,cust-00895@lumenmail.com,Décor,1,188.69,0.0,,CA,control
ORD-004289,09/07/2024,CUST-01913,cust-01913@lumenmail.com,Outdoor,1,5.89,0.05,Email,US,variant
ORD-003902,2023-06-18,CUST-02349,cust-02349@lumenmail.com,Décor,1,89.48,0.0,Paid Search,US,variant
ORD-002320,2023-11-16,CUST-02305,cust-02305@lumenmail.com,Lighting,1,208.56,0.05,Organic,UK,
ORD-002317,2023-06-22,CUST-00192,cust-00192@lumenmail.com,Décor,2,404.73,0.0,Organic,US,
ORD-001276,2023-07-19,,guest@lumenmail.com,Outdoor,2,7.95,0.2,Email,US,variant
ORD-004078,2024-11-28,CUST-01415,cust-01415@lumenmail.com,Accessories,4,74.57,0.25,Email,US,
ORD-000651,2023-08-20,CUST-01562,cust-01562@lumenmail.com,Furniture,1,18.28,0.15,Social,CA,variant
ORD-002377,2023-07-05,CUST-01421,cust-01421@lumenmail.com,Lighting,1,30.62,0.05,Social,AU,
ORD-008391,2023-12-30,CUST-00864,cust-00864@lumenmail.com,Lighting,2,89.06,0.0,Organic,US,variant
ORD-007851,2023-06-23,CUST-02218,cust-02218@lumenmail.com,Décor,7,33.9,0.2,Paid Search,UK,variant
ORD-000803,2024-03-13,CUST-02989,cust-02989@lumenmail.com,Lighting,2,22.0,0.0,Organic,US,variant
ORD-005399,2024-08-28,CUST-02349,cust-02349@lumenmail.com,Furniture,2,41.9,0.15,Organic,ZZ,
ORD-003013,07/03/2024,CUST-00080,cust-00080@lumenmail.com,Décor,2,262.02,0.15,Social,US,variant
ORD-000501,18/01/2024,CUST-00658,cust-00658@lumenmail.com,Furniture,6,459.98,0.0,Paid Search,CA,control
ORD-005737,2023-11-17,CUST-02150,cust-02150@lumenmail.com,Lighting,1,35.98,0.15,Paid Search,CA,
ORD-009580,2024-10-29,CUST-00868,cust-00868@lumenmail.com,Décor,1,125.05,0.0,Paid Search,US,variant
ORD-000804,16/07/2024,CUST-01521,cust-01521@lumenmail.com,Furniture,5,62.42,0.0,Email,US,control
ORD-000830,2024-07-24,CUST-01555,cust-01555@lumenmail.com,Furniture,2,13.21,0.1,Email,UK,control
ORD-002637,2024-03-16,,guest@lumenmail.com,Furniture,2,42.61,0.0,Paid Search,UK,
ORD-007535,2024-07-08,CUST-01131,cust-01131@lumenmail.com,Outdoor,1,35.9,0.1,Social,US,control
ORD-004753,2024-04-05,CUST-01213,cust-01213@lumenmail.com,Décor,1,38.47,0.0,Social,UK,
ORD-001934,,CUST-01155,cust-01155@lumenmail.com,Lighting,2,163.54,0.05,Paid Search,AU,
ORD-008592,2024-11-08,CUST-01492,cust-01492@lumenmail.com,Lighting,5,120.83,0.0,Social,CA,
ORD-001337,2024-09-03,,guest@lumenmail.com,Lighting,2,99.93,0.0,Organic,US,
ORD-002004,2024-02-08,CUST-00567,cust-00567@lumenmail.com,Lighting,1,50.88,0.15,Paid Search,CA,
ORD-002471,2024-07-21,CUST-00206,cust-00206@lumenmail.com,Lighting,1,24.51,0.0,Organic,US,variant
ORD-000604,2024-03-10,CUST-01373,cust-01373@lumenmail.com,Lighting,-3,30.29,0.2,Email,US,
ORD-009091,2024-01-27,CUST-00904,cust-00904@lumenmail.com,Furniture,3,47.32,0.05,Paid Search,US,
ORD-007579,2023-08-03,CUST-02666,cust-02666@lumenmail.com,Décor,3,5.92,0.05,Paid Search,AU,
ORD-001065,31/08/2023,CUST-00660,cust-00660@lumenmail.com,Lighting,2,26.02,0.1,Paid Search,US,control
ORD-002603,2023-11-11,CUST-01948,cust-01948@lumenmail.com,Décor,3,84.53,0.05,Organic,US,
ORD-007290,2023-06-17,CUST-00134,cust-00134@lumenmail.com,Lighting,2,210.09,0.0,Email,AU,control
ORD-000062,2024-10-13,CUST-02090,cust-02090@lumenmail.com,Lighting,1,24.45,0.0,Email,US,
ORD-008850,2024-06-26,CUST-01864,cust-01864@lumenmail.com,Décor,1,34.86,0.0,Paid Search,AU,variant
ORD-009164,2024-07-31,CUST-01652,cust-01652@lumenmail.com,Lighting,1,759.6,0.1,Email,UK,
ORD-007187,2023-11-17,CUST-02023,cust-02023@lumenmail.com,Lighting,5,52.84,0.05,Paid Search,UK,variant
ORD-001045,27/12/2023,CUST-00112,cust-00112@lumenmail.com,Décor,2,131.51,0.0,Organic,US,
ORD-003143,2023-09-15,CUST-02134,cust-02134@lumenmail.com,Décor,1,376.68,0.0,Social,US,control
ORD-000309,2024-04-25,CUST-01724,cust-01724@lumenmail.com,Furniture,1,77.93,0.0,Paid Search,US,
ORD-000017,2023-06-02,CUST-02462,cust-02462@lumenmail.com,Lighting,7,17.22,0.05,Email,US,variant
ORD-001910,2024-03-21,CUST-02502,cust-02502@lumenmail.com,Lighting,1,32.79,0.05,Email,CA,control
ORD-000816,2024-08-13,CUST-00226,cust-00226@lumenmail.com,Outdoor,1,88.1,0.0,Paid Search,UK,variant
ORD-002069,2023-10-26,CUST-01488,cust-01488@lumenmail.com,Lighting,2,195.17,0.0,Email,UK,
ORD-004926,2024-02-06,CUST-02788,cust-02788@lumenmail.com,Lighting,4,32.76,0.0,Email,US,control
ORD-008278,,,guest@lumenmail.com,Outdoor,1,153.4,0.0,Organic,US,control
ORD-003126,2024-07-13,CUST-02726,cust-02726@lumenmail.com,Décor,7,199.43,0.1,Organic,CA,control
ORD-001881,18/01/2024,CUST-01183,cust-01183@lumenmail.com,Accessories,5,96.52,0.0,Paid Search,US,
ORD-000617,2023-12-02,CUST-01368,cust-01368@lumenmail.com,Accessories,1,87.02,0.05,Email,UK,
ORD-006597,2023-06-06,CUST-02609,cust-02609@lumenmail.com,Lighting,1,12.02,0.0,Paid Search,UK,
ORD-001148,2024-05-31,,guest@lumenmail.com,Lighting,1,56.51,0.0,Social,US,
ORD-008168,2024-09-05,CUST-01790,cust-01790@lumenmail.com,Furniture,1,48.95,0.0,Paid Search,US,control
ORD-000861,2023-12-21,CUST-01054,cust-01054@lumenmail.com,Lighting,2,90.71,0.15,Email,US,
ORD-006780,2023-11-11,CUST-01658,cust-01658@lumenmail.com,Lighting,2,51.37,0.0,Organic,US,control
ORD-006105,2024-01-03,CUST-01791,cust-01791@lumenmail.com,Décor,1,37.81,0.05,Email,US,control
ORD-003854,2023-07-29,CUST-00029,cust-00029@lumenmail.com,Lighting,1,27.45,0.2,Paid Search,US,
ORD-008546,2024-11-20,CUST-00307,cust-00307@lumenmail.com,Décor,1,61.35,0.2,Social,US,control
ORD-005172,2024-02-20,CUST-02108,cust-02108@lumenmail.com,Furniture,4,69.24,0.05,Paid Search,UK,
ORD-004599,2024-11-25,CUST-00248,cust-00248@lumenmail.com,Lighting,1,59.65,0.15,Email,AU,variant
ORD-001393,2023-09-09,,guest@lumenmail.com,Outdoor,2,339.96,0.1,Email,UK,
ORD-003764,20/09/2024,CUST-00443,cust-00443@lumenmail.com,Accessories,1,154.05,0.0,Social,US,control
ORD-005335,2023-11-30,CUST-00027,cust-00027@lumenmail.com,Furniture,1,521.46,0.1,Paid Search,US,control
ORD-001389,2024-10-21,CUST-02529,cust-02529@lumenmail.com,Lighting,5,149.73,0.0,Paid Search,US,
ORD-007853,2024-12-16,CUST-02724,cust-02724@lumenmail.com,Décor,3,46.93,0.0,Paid Search,UK,
ORD-003193,2024-06-01,CUST-00382,cust-00382@lumenmail.com,Furniture,2,26.13,0.0,Email,UK,
ORD-006748,27/09/2024,,guest@lumenmail.com,Furniture,2,34.22,0.2,Paid Search,AU,
ORD-004018,2024-01-27,CUST-00139,cust-00139@lumenmail.com,Lighting,2,126.31,0.15,Email,AU,variant
ORD-007860,2024-11-20,CUST-02769,cust-02769@lumenmail.com,Lighting,1,104.04,0.0,Email,US,control
ORD-008087,2024-06-03,CUST-00152,cust-00152@lumenmail.com,Outdoor,5,25.31,0.0,Paid Search,US,variant
ORD-003475,2023-12-08,CUST-00482,cust-00482@lumenmail.com,Lighting,3,114.5,0.0,Organic,US,
ORD-002087,13/11/2023,CUST-01185,cust-01185@lumenmail.com,Accessories,1,14.21,0.0,Organic,US,
ORD-002472,2023-08-16,CUST-02897,cust-02897@lumenmail.com,Lighting,4,48.02,0.0,Organic,US,variant
ORD-005841,2023-07-17,,guest@lumenmail.com,Accessories,2,46.6,0.0,Email,CA,
ORD-008673,20/07/2023,CUST-00439,cust-00439@lumenmail.com,Outdoor,1,145.64,0.1,Paid Search,US,
ORD-001659,2023-11-17,CUST-00705,cust-00705@lumenmail.com,Accessories,1,16.65,0.0,Email,US,variant
ORD-002286,2024-09-23,CUST-01216,cust-01216@lumenmail.com,Lighting,1,28.02,0.05,Paid Search,US,
ORD-007201,2024-11-01,CUST-02063,cust-02063@lumenmail.com,Furniture,4,60.16,0.15,Organic,UK,
ORD-006232,2023-07-05,CUST-00926,cust-00926@lumenmail.com,Lighting,1,74.37,0.0,Paid Search,US,control
ORD-003120,21/10/2024,CUST-01795,cust-01795@lumenmail.com,Lighting,2,22.12,0.1,Organic,CA,
ORD-004656,2024-03-31,CUST-00917,cust-00917@lumenmail.com,Lighting,2,51.66,0.2,,US,variant
ORD-008950,2023-07-16,CUST-02397,cust-02397@lumenmail.com,Lighting,5,148.21,0.1,Organic,US,variant
ORD-003765,2024-11-07,CUST-00313,cust-00313@lumenmail.com,Décor,2,23.3,0.2,Organic,US,control
ORD-003118,23/12/2024,CUST-02141,cust-02141@lumenmail.com,Furniture,1,238.08,0.05,Email,US,variant
ORD-006418,2024-11-10,CUST-01523,cust-01523@lumenmail.com,Furniture,1,35.24,0.0,Organic,ZZ,
ORD-006727,2024-04-19,CUST-01070,cust-01070@lumenmail.com,Lighting,2,33.2,0.0,Paid Search,US,variant
ORD-003777,2024-07-25,CUST-00051,cust-00051@lumenmail.com,Décor,3,25.49,0.0,Paid Search,US,variant
ORD-004333,2024-03-09,CUST-00623,cust-00623@lumenmail.com,Lighting,3,24.45,0.0,Email,UK,control
ORD-005567,14/10/2024,CUST-01219,cust-01219@lumenmail.com,Lighting,2,86.7,0.05,Email,US,
ORD-005323,2024-10-28,CUST-02178,cust-02178@lumenmail.com,Furniture,1,59.84,0.05,Social,US,control
ORD-007819,2023-10-29,CUST-00915,cust-00915@lumenmail.com,Lighting,1,63.35,0.2,Social,UK,variant
ORD-006234,2024-07-30,CUST-01589,cust-01589@lumenmail.com,Lighting,2,17.22,0.25,Email,US,control
ORD-002890,2023-09-04,CUST-02051,cust-02051@lumenmail.com,Décor,1,49.06,0.0,Social,US,
ORD-000230,2024-03-24,CUST-01869,cust-01869@lumenmail.com,Lighting,4,666.04,0.0,Email,US,
ORD-005117,,CUST-02188,cust-02188@lumenmail.com,Décor,4,5.74,0.0,Email,UK,
ORD-007324,2024-04-18,CUST-01673,cust-01673@lumenmail.com,Lighting,3,224.05,0.0,Paid Search,CA,
ORD-004761,2024-11-05,CUST-00914,cust-00914@lumenmail.com,Accessories,2,37.46,0.0,Organic,US,control
ORD-007279,2023-06-09,CUST-01632,cust-01632@lumenmail.com,Lighting,3,301.69,0.05,Email,UK,control
ORD-001371,2024-01-09,CUST-00504,cust-00504@lumenmail.com,Furniture,3,82.49,0.0,Email,UK,
ORD-002632,2023-12-02,CUST-01425,cust-01425@lumenmail.com,Accessories,3,0.0,0.0,Organic,AU,
ORD-004154,20/09/2024,CUST-02208,cust-02208@lumenmail.com,Lighting,2,77.4,0.2,Organic,ZZ,variant
ORD-000187,2024-09-01,CUST-02889,cust-02889@lumenmail.com,Lighting,1,46.17,0.25,Paid Search,US,
ORD-001324,2024-11-01,CUST-01992,cust-01992@lumenmail.com,Lighting,4,70.31,0.1,Organic,AU,
ORD-008561,2024-01-21,CUST-02195,cust-02195@lumenmail.com,Outdoor,4,109.67,0.0,Organic,US,variant
ORD-007761,05/10/2023,CUST-01248,cust-01248@lumenmail.com,Lighting,3,36.98,0.0,Email,US,control
ORD-006911,2024-01-30,CUST-00882,cust-00882@lumenmail.com,Furniture,1,62.78,0.0,Paid Search,US,
ORD-006186,2024-11-22,CUST-01631,cust-01631@lumenmail.com,Lighting,3,71.7,0.0,Organic,US,variant
ORD-003467,2023-12-18,,guest@lumenmail.com,Lighting,2,727.99,0.2,Email,CA,
ORD-002006,2023-10-14,CUST-00831,cust-00831@lumenmail.com,Lighting,2,306.59,0.0,Paid Search,CA,
ORD-005034,2024-04-09,CUST-01326,cust-01326@lumenmail.com,Furniture,1,89.37,0.0,Paid Search,US,
ORD-008669,2024-04-29,CUST-01301,cust-01301@lumenmail.com,Décor,1,37.26,0.05,,UK,control
ORD-003359,2024-05-04,CUST-01073,cust-01073@lumenmail.com,Décor,2,141.49,0.2,Social,UK,
ORD-006795,20/05/2024,CUST-00459,cust-00459@lumenmail.com,Lighting,1,197.81,0.05,Paid Search,US,control
ORD-007766,2024-04-03,CUST-02334,cust-02334@lumenmail.com,Outdoor,1,136.87,0.15,Paid Search,US,variant
ORD-008366,20/01/2024,CUST-01110,cust-01110@lumenmail.com,Furniture,1,47.1,0.15,Social,US,variant
ORD-006922,26/12/2023,CUST-02278,cust-02278@lumenmail.com,Décor,1,159.3,0.15,Organic,CA,
ORD-004336,2024-02-04,CUST-02629,cust-02629@lumenmail.com,Outdoor,5,6.26,0.05,Paid Search,CA,
ORD-008447,2024-09-25,CUST-02941,cust-02941@lumenmail.com,Lighting,3,389.86,0.05,Paid Search,US,control
ORD-004981,18/10/2024,CUST-02859,cust-02859@lumenmail.com,Outdoor,1,87.78,0.0,Email,US,
ORD-005016,2024-12-11,CUST-01843,cust-01843@lumenmail.com,Décor,3,96.43,0.0,Organic,US,control
ORD-005870,14/03/2024,CUST-02448,cust-02448@lumenmail.com,Outdoor,3,32.38,0.1,Email,US,control
ORD-006599,2024-04-06,CUST-00097,cust-00097@lumenmail.com,Lighting,1,13.02,0.1,Email,US,variant
ORD-003504,2024-09-27,,guest@lumenmail.com,Outdoor,4,34.79,0.05,Social,UK,variant
ORD-006002,2023-09-04,CUST-02281,cust-02281@lumenmail.com,Furniture,3,57.53,0.1,Email,AU,control
ORD-008471,2023-06-13,CUST-01420,cust-01420@lumenmail.com,Furniture,1,145.62,0.1,Organic,UK,control
ORD-002720,2024-10-21,CUST-00526,cust-00526@lumenmail.com,Décor,1,55.0,0.15,Organic,US,
ORD-008569,2023-09-03,CUST-01848,cust-01848@lumenmail.com,Lighting,2,86.56,0.0,Organic,US,variant
ORD-000183,2024-08-10,,guest@lumenmail.com,Décor,5,11.33,0.0,Email,US,variant
ORD-009154,2023-08-01,CUST-01775,cust-01775@lumenmail.com,Furniture,3,17.2,0.1,Paid Search,US,variant
ORD-001476,2024-03-25,CUST-01945,cust-01945@lumenmail.com,Outdoor,1,12.86,0.0,,US,variant
ORD-003469,28/10/2023,CUST-00827,cust-00827@lumenmail.com,Décor,1,132.34,0.15,Paid Search,CA,
ORD-001985,12/01/2024,CUST-02059,cust-02059@lumenmail.com,Accessories,2,205.97,0.0,Social,US,
ORD-003654,2024-06-24,CUST-01133,cust-01133@lumenmail.com,Décor,1,18.99,0.05,Paid Search,US,
ORD-009571,2024-03-28,CUST-00368,cust-00368@lumenmail.com,Lighting,2,197.55,0.0,Paid Search,CA,control
ORD-006835,2024-04-21,CUST-00471,cust-00471@lumenmail.com,Lighting,4,90.5,0.0,Email,ZZ,
ORD-007427,2024-08-13,CUST-00074,cust-00074@lumenmail.com,Lighting,2,49.53,0.05,Social,CA,variant
ORD-004985,13/11/2023,CUST-00004,cust-00004@lumenmail.com,Accessories,1,136.85,0.0,Social,CA,control
ORD-007543,2023-12-09,CUST-00566,cust-00566@lumenmail.com,Lighting,4,150.71,0.05,Paid Search,US,
ORD-002055,2023-10-11,CUST-01370,cust-01370@lumenmail.com,Outdoor,1,72.43,0.0,Email,US,
ORD-002925,2023-11-17,CUST-01327,cust-01327@lumenmail.com,Outdoor,2,43.16,0.15,Organic,US,
ORD-004884,2024-11-19,CUST-00331,cust-00331@lumenmail.com,Décor,2,37.2,0.25,,CA,variant
ORD-000337,2024-11-02,CUST-02519,cust-02519@lumenmail.com,Furniture,1,19.25,0.2,Paid Search,AU,
ORD-002184,30/09/2024,CUST-00520,cust-00520@lumenmail.com,Décor,5,46.64,0.0,Email,US,control
ORD-001026,2023-09-30,CUST-02379,cust-02379@lumenmail.com,Accessories,2,17.37,0.05,Email,US,
ORD-006289,2023-11-16,CUST-01084,cust-01084@lumenmail.com,Décor,5,529.58,0.2,Social,AU,
ORD-007901,2023-10-30,CUST-01858,cust-01858@lumenmail.com,Furniture,1,289.19,0.2,Email,CA,
ORD-008051,2024-02-27,CUST-02234,cust-02234@lumenmail.com,Furniture,4,233.21,0.0,Email,CA,
ORD-004201,2024-10-18,CUST-00412,cust-00412@lumenmail.com,Furniture,6,37.73,0.05,Email,US,
ORD-006310,2023-07-15,CUST-00799,cust-00799@lumenmail.com,Furniture,3,97.78,0.0,Paid Search,US,variant
ORD-005346,2023-12-01,CUST-02027,cust-02027@lumenmail.com,Lighting,1,143.89,0.25,Email,US,variant
ORD-001499,,CUST-02680,cust-02680@lumenmail.com,Lighting,2,49.37,0.0,Social,US,variant
ORD-006957,2023-06-14,CUST-01776,cust-01776@lumenmail.com,Accessories,1,19.13,0.0,Email,UK,control
ORD-008270,2023-07-13,CUST-00917,cust-00917@lumenmail.com,Lighting,1,254.56,0.05,Email,US,variant
ORD-000433,2023-06-07,CUST-01265,cust-01265@lumenmail.com,Lighting,2,78.67,0.15,Email,US,
ORD-005831,2024-05-29,CUST-01974,cust-01974@lumenmail.com,Lighting,2,67.82,0.1,Paid Search,US,
ORD-004852,2023-06-26,CUST-02248,cust-02248@lumenmail.com,Outdoor,-2,142.0,0.0,Email,US,control
ORD-005793,2024-09-23,CUST-02964,cust-02964@lumenmail.com,Lighting,2,79.27,0.05,Paid Search,US,variant
ORD-001411,2023-09-09,CUST-00065,cust-00065@lumenmail.com,Accessories,-4,86.31,0.1,Paid Search,UK,variant
ORD-002133,2024-02-28,CUST-00367,cust-00367@lumenmail.com,Furniture,2,65.53,0.1,Organic,CA,control
ORD-009406,2024-07-11,CUST-02420,cust-02420@lumenmail.com,Lighting,3,243.47,0.0,Paid Search,US,control
ORD-003876,2024-03-10,CUST-01295,cust-01295@lumenmail.com,Furniture,2,81.31,0.0,Organic,CA,control
ORD-006018,2023-11-20,CUST-01191,cust-01191@lumenmail.com,Furniture,1,357.33,0.0,Email,CA,variant
ORD-004135,2024-05-11,CUST-02219,cust-02219@lumenmail.com,Décor,1,56.68,0.0,Email,US,
ORD-002639,2024-05-25,CUST-00079,cust-00079@lumenmail.com,Furniture,2,175.2,0.0,Paid Search,US,
ORD-008635,2024-02-29,,guest@lumenmail.com,Lighting,1,67.18,0.0,Paid Search,AU,
ORD-000404,2024-03-19,CUST-02278,cust-02278@lumenmail.com,Furniture,5,64.88,0.15,Paid Search,US,
ORD-007422,2024-10-28,CUST-01563,cust-01563@lumenmail.com,Outdoor,1,35.02,0.05,Email,US,
ORD-000432,2024-05-08,CUST-01345,cust-01345@lumenmail.com,Décor,2,314.44,0.15,Organic,CA,
ORD-009384,2024-07-23,CUST-02985,cust-02985@lumenmail.com,Décor,2,67.63,0.0,Email,US,variant
ORD-000532,2023-10-01,CUST-00234,cust-00234@lumenmail.com,Lighting,1,174.02,0.0,Email,AU,
ORD-003818,2024-06-09,CUST-01254,cust-01254@lumenmail.com,Lighting,4,200.5,0.0,Email,US,variant
ORD-002466,2024-07-18,CUST-01870,cust-01870@lumenmail.com,Décor,4,45.51,0.0,Organic,US,
ORD-006847,2023-08-29,CUST-01381,cust-01381@lumenmail.com,Décor,5,29.44,0.15,Organic,UK,
ORD-005158,2024-03-21,CUST-02154,cust-02154@lumenmail.com,Furniture,3,86.98,0.0,Organic,US,
ORD-005279,2023-11-14,CUST-02236,cust-02236@lumenmail.com,Décor,3,571.96,0.0,Email,UK,variant
ORD-003744,2024-04-13,CUST-00288,cust-00288@lumenmail.com,Outdoor,1,389.47,0.0,Organic,US,variant
ORD-001989,2023-08-06,CUST-02363,cust-02363@lumenmail.com,Furniture,1,38.17,0.0,Paid Search,US,variant
ORD-008808,2024-03-21,CUST-00198,cust-00198@lumenmail.com,Lighting,4,27.31,0.1,Organic,CA,
ORD-005983,26/06/2023,CUST-01692,cust-01692@lumenmail.com,Furniture,1,64.7,0.15,Social,UK,control
ORD-004000,2024-02-04,CUST-01955,cust-01955@lumenmail.com,Outdoor,1,82.53,0.0,Paid Search,US,variant
ORD-001304,2023-07-18,CUST-00109,cust-00109@lumenmail.com,Furniture,1,263.45,0.0,Paid Search,US,
ORD-001340,04/04/2024,CUST-02572,cust-02572@lumenmail.com,Furniture,4,9.62,0.1,Email,UK,
ORD-005825,2023-06-24,CUST-02864,cust-02864@lumenmail.com,Décor,1,24.96,0.0,Paid Search,US,control
ORD-003068,2024-01-12,CUST-01532,cust-01532@lumenmail.com,Lighting,1,145.91,0.1,,CA,control
ORD-005562,2024-11-18,CUST-00747,cust-00747@lumenmail.com,Furniture,3,190.8,0.15,Organic,ZZ,
ORD-000242,2024-04-02,CUST-01389,cust-01389@lumenmail.com,Lighting,4,304.99,0.0,Email,US,
ORD-006707,2023-06-30,CUST-00710,cust-00710@lumenmail.com,Lighting,4,134.78,0.05,Organic,CA,control
ORD-008904,2024-02-16,CUST-00373,cust-00373@lumenmail.com,Décor,2,33.92,0.0,Email,CA,variant
ORD-005584,2023-09-01,CUST-01265,cust-01265@lumenmail.com,Décor,-1,115.5,0.0,,US,control
ORD-004591,06/07/2024,CUST-02623,cust-02623@lumenmail.com,Lighting,1,180.56,0.0,Social,US,variant
ORD-004482,2024-01-23,,guest@lumenmail.com,Décor,2,127.7,0.05,Email,ZZ,
ORD-001683,2024-06-07,CUST-01282,cust-01282@lumenmail.com,Décor,2,335.69,0.05,Paid Search,US,
ORD-007024,2023-06-29,CUST-01576,cust-01576@lumenmail.com,Lighting,4,32.8,0.2,Email,US,control
ORD-005004,2024-04-08,CUST-02386,cust-02386@lumenmail.com,Outdoor,-1,47.78,0.0,Organic,US,
ORD-006841,2023-12-07,CUST-01793,cust-01793@lumenmail.com,Accessories,2,55.64,0.0,Organic,UK,variant
ORD-001068,2023-12-19,CUST-01550,cust-01550@lumenmail.com,Décor,2,47.18,0.0,Organic,US,
ORD-007918,2024-10-20,,guest@lumenmail.com,Lighting,1,15.51,0.15,Organic,CA,variant
ORD-009022,2024-04-02,CUST-00736,cust-00736@lumenmail.com,Lighting,1,76.68,0.05,Organic,US,
ORD-007360,2024-01-18,CUST-02171,cust-02171@lumenmail.com,Furniture,1,26.09,0.05,Email,CA,variant
ORD-000510,,CUST-01021,cust-01021@lumenmail.com,Décor,1,106.13,0.0,Organic,US,
ORD-005490,2023-11-29,CUST-02213,cust-02213@lumenmail.com,Furniture,5,66.94,0.25,Organic,US,variant
ORD-007104,2023-08-29,CUST-01567,cust-01567@lumenmail.com,Lighting,2,70.5,0.05,Paid Search,US,variant
ORD-004621,2024-10-08,CUST-01287,cust-01287@lumenmail.com,Accessories,2,65.93,0.15,Paid Search,CA,variant
ORD-007643,2024-11-30,CUST-01760,cust-01760@lumenmail.com,Lighting,2,6.33,0.15,Email,US,variant
ORD-007752,2023-12-23,CUST-00497,cust-00497@lumenmail.com,Lighting,2,48.57,0.1,Paid Search,CA,variant
ORD-008065,2024-05-29,CUST-02631,cust-02631@lumenmail.com,Décor,3,47.64,0.05,Paid Search,US,variant
ORD-004004,2024-09-20,CUST-00775,cust-00775@lumenmail.com,Furniture,2,85.32,0.0,Social,US,
ORD-009181,2024-09-10,CUST-00086,cust-00086@lumenmail.com,Lighting,1,264.03,0.0,Email,US,variant
ORD-007900,12/07/2023,CUST-00813,cust-00813@lumenmail.com,Lighting,1,7.61,0.1,Organic,US,
ORD-007096,2024-05-02,CUST-01660,cust-01660@lumenmail.com,Furniture,1,88.17,0.15,,CA,control
ORD-000483,2023-09-28,,guest@lumenmail.com,Outdoor,1,86.3,0.0,Email,UK,
ORD-007487,2023-10-21,CUST-02842,cust-02842@lumenmail.com,Lighting,6,15.67,0.1,Email,US,
ORD-006935,2023-07-14,CUST-02124,cust-02124@lumenmail.com,Furniture,2,92.02,0.0,Organic,UK,control
ORD-005552,2024-09-26,CUST-02879,cust-02879@lumenmail.com,Outdoor,1,72.25,0.2,Paid Search,US,
ORD-000660,2023-07-29,CUST-00292,cust-00292@lumenmail.com,Décor,2,201.96,0.0,Paid Search,US,
ORD-002606,2024-05-04,CUST-02038,cust-02038@lumenmail.com,Furniture,1,135.42,0.05,Email,UK,variant
ORD-009538,28/10/2024,CUST-02279,cust-02279@lumenmail.com,Décor,2,121.93,0.05,Social,US,
ORD-007128,2023-11-14,CUST-00560,cust-00560@lumenmail.com,Furniture,3,49.36,0.05,Email,US,variant
ORD-006223,2023-08-13,CUST-00532,cust-00532@lumenmail.com,Lighting,1,143.35,0.0,Organic,US,variant
ORD-000478,2024-04-09,CUST-02379,cust-02379@lumenmail.com,Lighting,1,373.23,0.0,Email,US,
ORD-006724,2023-10-22,CUST-01649,cust-01649@lumenmail.com,Lighting,4,81.19,0.05,Organic,US,
ORD-005090,2024-03-22,CUST-00322,cust-00322@lumenmail.com,Accessories,2,38.43,0.1,Email,US,
ORD-008452,2024-07-10,CUST-00341,cust-00341@lumenmail.com,Lighting,1,67.85,0.0,Email,US,
ORD-000198,2024-10-24,,guest@lumenmail.com,Lighting,2,46.08,0.0,Paid Search,US,
ORD-004862,06/09/2023,CUST-01676,cust-01676@lumenmail.com,Lighting,1,51.43,0.05,Paid Search,US,control
ORD-007839,2023-11-08,CUST-02593,cust-02593@lumenmail.com,Lighting,7,62.08,0.0,Paid Search,CA,
ORD-008442,2023-10-29,CUST-02456,cust-02456@lumenmail.com,Décor,1,87.72,0.0,Email,US,
ORD-006404,2024-08-13,CUST-00988,cust-00988@lumenmail.com,Furniture,4,187.04,0.1,,US,variant
ORD-008210,2024-05-12,CUST-02811,cust-02811@lumenmail.com,Furniture,1,157.63,0.1,,UK,control
ORD-002265,2023-10-07,CUST-02155,cust-02155@lumenmail.com,Outdoor,1,38.27,0.05,Email,US,
ORD-003261,2024-08-18,CUST-00915,cust-00915@lumenmail.com,Lighting,1,91.91,0.05,Social,ZZ,
ORD-009073,2024-10-11,CUST-02331,cust-02331@lumenmail.com,Décor,1,51.03,0.0,Email,US,variant
ORD-008222,2024-02-29,CUST-00507,cust-00507@lumenmail.com,Décor,1,99.01,0.05,Paid Search,US,
ORD-006309,20/11/2024,CUST-00520,cust-00520@lumenmail.com,Lighting,1,23.58,0.2,Organic,US,
ORD-001347,2023-11-06,CUST-02138,cust-02138@lumenmail.com,Furniture,1,56.61,0.1,Email,US,variant
ORD-003404,2024-05-08,CUST-02490,cust-02490@lumenmail.com,Décor,-1,27.28,0.05,Paid Search,US,control
ORD-008685,2024-06-09,,guest@lumenmail.com,Décor,2,6.18,0.05,Organic,US,control
ORD-004693,2024-01-14,CUST-01976,cust-01976@lumenmail.com,Lighting,1,100.34,0.0,Organic,US,control
ORD-006771,2023-10-27,CUST-02263,cust-02263@lumenmail.com,Furniture,2,14.69,0.0,Paid Search,US,variant
ORD-007706,2023-06-07,CUST-02298,cust-02298@lumenmail.com,Décor,1,118.28,0.15,Paid Search,UK,control
ORD-003994,2024-11-03,CUST-00392,cust-00392@lumenmail.com,Lighting,2,167.33,0.1,Social,CA,control
ORD-001964,2023-07-30,CUST-01884,cust-01884@lumenmail.com,Lighting,3,177.22,0.05,Email,CA,control
ORD-006198,2024-03-05,CUST-01548,cust-01548@lumenmail.com,Accessories,4,64.41,0.0,Email,US,variant
ORD-000390,2024-03-19,CUST-01961,cust-01961@lumenmail.com,Outdoor,2,207.14,0.05,Paid Search,US,
ORD-005922,2023-06-22,,guest@lumenmail.com,Lighting,2,30.11,0.2,Organic,UK,
ORD-002663,2024-04-05,CUST-00864,cust-00864@lumenmail.com,Outdoor,2,142.66,0.0,Paid Search,UK,control
ORD-003479,2023-10-27,,guest@lumenmail.com,Lighting,2,80.87,0.0,Organic,UK,variant
ORD-006447,2024-09-02,CUST-01605,cust-01605@lumenmail.com,Outdoor,1,21.49,0.1,Email,US,variant
ORD-007409,2024-07-23,,guest@lumenmail.com,Lighting,2,96.85,0.05,Email,US,variant
ORD-008871,2024-04-07,CUST-00761,cust-00761@lumenmail.com,Lighting,5,746.45,0.0,,US,
ORD-007308,08/04/2024,CUST-02923,cust-02923@lumenmail.com,Lighting,3,781.67,0.05,Paid Search,US,
ORD-005718,2024-12-29,CUST-01564,cust-01564@lumenmail.com,Lighting,-3,54.24,0.1,Social,US,
ORD-008005,2024-05-29,CUST-00411,cust-00411@lumenmail.com,Furniture,1,100.01,0.0,Email,CA,
ORD-002982,2023-09-26,CUST-02460,cust-02460@lumenmail.com,Lighting,1,79.16,0.0,Paid Search,CA,variant
ORD-006747,2024-12-02,CUST-00879,cust-00879@lumenmail.com,Décor,2,138.43,0.0,Social,US,variant
ORD-004061,2024-08-17,CUST-00348,cust-00348@lumenmail.com,Décor,-3,78.02,0.0,Email,US,control
ORD-008202,2024-05-15,CUST-00589,cust-00589@lumenmail.com,Lighting,1,45.61,0.0,Email,CA,
ORD-000498,2024-09-17,CUST-01833,cust-01833@lumenmail.com,Lighting,2,61.53,0.05,Email,AU,control
ORD-004074,2023-08-23,CUST-00737,cust-00737@lumenmail.com,Accessories,3,476.9,0.05,,US,control
ORD-001893,2024-07-11,CUST-01425,cust-01425@lumenmail.com,Lighting,2,74.72,0.0,Email,UK,control
ORD-002887,22/12/2024,,guest@lumenmail.com,Lighting,2,327.21,0.1,Organic,US,
ORD-006156,2023-12-31,,guest@lumenmail.com,Lighting,1,651.14,0.05,,AU,
ORD-006438,2024-11-20,CUST-02679,cust-02679@lumenmail.com,Lighting,1,46.12,0.25,Email,AU,
ORD-003886,2024-01-27,CUST-02384,cust-02384@lumenmail.com,Lighting,1,308.18,0.1,Social,US,variant
ORD-003552,2024-08-17,CUST-01275,cust-01275@lumenmail.com,Lighting,1,314.76,0.05,Paid Search,US,
ORD-007597,2023-08-14,CUST-01892,cust-01892@lumenmail.com,Lighting,2,155.09,0.05,Paid Search,US,
ORD-002758,2024-09-19,CUST-02058,cust-02058@lumenmail.com,Lighting,2,18.89,0.05,,CA,variant
ORD-000880,2024-02-12,CUST-00501,cust-00501@lumenmail.com,Lighting,1,67.68,0.0,Email,UK,variant
ORD-003353,2023-07-27,CUST-01846,cust-01846@lumenmail.com,Outdoor,-7,595.55,0.05,Organic,US,
ORD-007748,2024-03-16,CUST-01091,cust-01091@lumenmail.com,Furniture,5,51.26,0.0,Paid Search,AU,variant
ORD-003038,2024-10-31,CUST-00015,cust-00015@lumenmail.com,Lighting,1,52.19,0.0,Paid Search,CA,variant
ORD-004601,12/10/2024,CUST-01608,cust-01608@lumenmail.com,Lighting,2,59.57,0.0,Email,US,variant
ORD-007257,2024-11-14,CUST-01746,cust-01746@lumenmail.com,Furniture,1,90.69,0.0,Organic,CA,variant
ORD-008015,2023-11-11,CUST-02295,cust-02295@lumenmail.com,Lighting,1,49.09,0.0,Paid Search,ZZ,
ORD-006220,05/06/2023,CUST-00586,cust-00586@lumenmail.com,Furniture,1,51.85,0.0,Paid Search,US,control
ORD-004376,2024-03-06,CUST-00760,cust-00760@lumenmail.com,Outdoor,1,65.55,0.25,Social,US,control
ORD-006733,2023-07-26,,guest@lumenmail.com,Lighting,1,53.5,0.1,Organic,US,
ORD-008859,2024-09-18,CUST-01349,cust-01349@lumenmail.com,Lighting,5,17.29,0.05,Paid Search,US,control
ORD-006074,2024-05-17,CUST-02477,cust-02477@lumenmail.com,Lighting,1,54.27,0.15,Paid Search,UK,
ORD-000052,29/05/2024,CUST-01940,cust-01940@lumenmail.com,Décor,2,88.02,0.0,Paid Search,UK,control
ORD-006534,2024-03-19,CUST-00958,cust-00958@lumenmail.com,Lighting,7,28.83,0.05,Social,CA,
ORD-008956,2024-09-03,CUST-02442,cust-02442@lumenmail.com,Outdoor,1,661.79,0.1,Paid Search,US,
ORD-003775,19/12/2023,CUST-01071,cust-01071@lumenmail.com,Lighting,1,185.44,0.05,Organic,US,variant
ORD-004875,2023-12-09,CUST-01421,cust-01421@lumenmail.com,Outdoor,3,135.08,0.0,Paid Search,UK,control
ORD-004842,2023-11-19,CUST-01000,cust-01000@lumenmail.com,Lighting,1,65.75,0.0,Organic,US,variant
ORD-001561,2023-08-26,CUST-01936,cust-01936@lumenmail.com,Lighting,1,194.66,0.0,Paid Search,CA,
ORD-000933,2024-07-06,CUST-01997,cust-01997@lumenmail.com,Lighting,3,249.13,0.1,Email,US,control
ORD-006511,2023-08-09,CUST-00293,cust-00293@lumenmail.com,Lighting,1,145.19,0.15,Organic,US,
ORD-007176,2024-07-13,CUST-01639,cust-01639@lumenmail.com,Lighting,2,84.93,0.1,Paid Search,US,control
ORD-002991,2024-05-09,CUST-02878,cust-02878@lumenmail.com,Accessories,3,65.15,0.15,Social,CA,control
ORD-008010,2023-07-28,CUST-01643,cust-01643@lumenmail.com,Décor,-1,93.96,0.0,Organic,CA,control
ORD-006718,2024-06-26,CUST-02473,cust-02473@lumenmail.com,Lighting,2,33.97,0.15,Social,US,variant
ORD-000298,2024-10-09,CUST-00193,cust-00193@lumenmail.com,Furniture,1,394.86,0.2,Email,US,control
ORD-001212,2023-09-21,CUST-01850,cust-01850@lumenmail.com,Décor,2,137.92,0.0,Paid Search,US,control
ORD-008723,2024-12-01,CUST-01299,cust-01299@lumenmail.com,Outdoor,7,87.34,0.1,Social,US,variant
ORD-005096,07/01/2024,CUST-01968,cust-01968@lumenmail.com,Décor,1,32.46,0.0,Paid Search,UK,control
ORD-001331,2024-10-26,CUST-02521,cust-02521@lumenmail.com,Lighting,3,72.66,0.1,Paid Search,US,variant
ORD-007719,2024-07-29,CUST-01719,cust-01719@lumenmail.com,Décor,3,293.5,0.15,Organic,US,
ORD-007255,18/11/2024,CUST-00132,cust-00132@lumenmail.com,Lighting,7,514.65,0.0,Organic,US,variant
ORD-001670,2024-07-17,,guest@lumenmail.com,Furniture,1,199.92,0.15,Email,CA,
ORD-005508,2024-04-08,CUST-02012,cust-02012@lumenmail.com,Décor,5,105.36,0.0,Email,US,control
ORD-001290,2024-05-02,,guest@lumenmail.com,Accessories,2,88.18,0.05,Organic,US,variant
ORD-008243,2024-08-24,CUST-01188,cust-01188@lumenmail.com,Décor,1,243.45,0.0,Paid Search,US,control
ORD-000543,25/07/2024,CUST-02414,cust-02414@lumenmail.com,Décor,2,47.82,0.0,Paid Search,CA,
ORD-005769,2024-04-16,CUST-01214,cust-01214@lumenmail.com,Accessories,1,45.11,0.0,Social,CA,control
ORD-006842,2023-07-20,CUST-02249,cust-02249@lumenmail.com,Décor,2,108.79,0.0,Email,US,
ORD-001430,2023-12-30,CUST-00328,cust-00328@lumenmail.com,Lighting,2,76.94,0.0,Paid Search,US,control
ORD-003960,2024-08-11,CUST-01503,cust-01503@lumenmail.com,Décor,2,5.08,0.15,Social,AU,variant
ORD-001413,2024-05-28,CUST-00924,cust-00924@lumenmail.com,Accessories,1,38.97,0.05,Organic,US,variant
ORD-007078,2024-10-19,CUST-02942,cust-02942@lumenmail.com,Furniture,1,32.88,0.05,Email,US,
ORD-003432,2024-01-22,CUST-00502,cust-00502@lumenmail.com,Lighting,4,396.01,0.05,Email,CA,control
ORD-004137,2024-08-22,CUST-00627,cust-00627@lumenmail.com,Lighting,1,144.85,0.05,Social,US,
ORD-007859,2023-12-25,CUST-02753,cust-02753@lumenmail.com,Lighting,7,67.91,0.0,Organic,US,
ORD-000802,2024-07-14,CUST-00618,cust-00618@lumenmail.com,Furniture,3,71.64,0.05,Email,CA,control
ORD-008062,2024-11-07,CUST-01826,cust-01826@lumenmail.com,Outdoor,2,199.75,0.15,Paid Search,CA,
ORD-003083,2023-12-28,CUST-00556,cust-00556@lumenmail.com,Accessories,1,24.45,0.15,Social,AU,variant
ORD-003041,2024-11-10,CUST-00602,cust-00602@lumenmail.com,Furniture,5,77.25,0.0,Paid Search,ZZ,
ORD-000992,2024-05-16,CUST-01762,cust-01762@lumenmail.com,Lighting,1,176.73,0.0,Social,UK,control
ORD-004001,2024-07-09,CUST-02342,cust-02342@lumenmail.com,Décor,1,48.42,0.0,Paid Search,US,
ORD-002559,31/08/2023,CUST-01522,cust-01522@lumenmail.com,Lighting,3,123.87,0.05,Email,US,
ORD-007781,08/05/2024,CUST-01816,cust-01816@lumenmail.com,Décor,2,41.67,0.0,Social,UK,
ORD-007364,2024-06-29,CUST-00423,cust-00423@lumenmail.com,Décor,2,322.28,0.0,Social,UK,control
ORD-004905,2023-10-19,CUST-00109,cust-00109@lumenmail.com,Décor,2,86.08,0.0,Paid Search,UK,control
ORD-003594,2023-11-16,CUST-00068,cust-00068@lumenmail.com,Lighting,2,49.1,0.2,Paid Search,UK,variant
ORD-002460,2023-10-07,CUST-00163,cust-00163@lumenmail.com,Furniture,4,144.86,0.0,Paid Search,US,variant
ORD-007634,2024-11-24,CUST-02626,cust-02626@lumenmail.com,Décor,2,167.16,0.05,Organic,US,
ORD-007000,25/08/2024,CUST-02615,cust-02615@lumenmail.com,Lighting,2,157.51,0.05,Organic,US,variant
ORD-008998,2023-10-08,,guest@lumenmail.com,Lighting,2,371.77,0.0,Paid Search,US,variant
ORD-006361,2024-05-29,CUST-02731,cust-02731@lumenmail.com,Furniture,1,138.64,0.0,Email,US,
ORD-001349,27/11/2023,CUST-02737,cust-02737@lumenmail.com,Décor,1,143.11,0.05,Email,US,variant
ORD-008842,2024-07-17,CUST-00716,cust-00716@lumenmail.com,Lighting,4,73.41,0.15,Organic,UK,
ORD-006457,2023-09-26,CUST-01241,cust-01241@lumenmail.com,Lighting,6,710.52,0.05,Social,US,
ORD-004222,2023-10-09,CUST-01341,cust-01341@lumenmail.com,Décor,3,153.65,0.2,Paid Search,CA,
ORD-005646,14/01/2024,CUST-01379,cust-01379@lumenmail.com,Lighting,-4,13.14,0.05,Paid Search,US,
ORD-008760,06/10/2023,CUST-02774,cust-02774@lumenmail.com,Furniture,1,58.11,0.0,Paid Search,US,
ORD-009573,2023-11-19,CUST-01494,cust-01494@lumenmail.com,Lighting,6,35.0,0.1,Social,US,variant
ORD-003647,2024-06-04,CUST-02484,cust-02484@lumenmail.com,Outdoor,1,96.23,0.0,Email,AU,
ORD-001575,2023-11-25,CUST-01035,cust-01035@lumenmail.com,Décor,1,364.24,0.1,Social,CA,
ORD-000412,02/11/2024,CUST-02991,cust-02991@lumenmail.com,Lighting,2,31.87,0.1,Organic,UK,variant
ORD-008671,2024-08-17,CUST-01790,cust-01790@lumenmail.com,Lighting,1,29.22,0.15,Email,US,
ORD-001607,2024-09-03,CUST-02973,cust-02973@lumenmail.com,Lighting,1,48.22,0.0,Paid Search,US,variant
ORD-009454,2023-10-16,CUST-02758,cust-02758@lumenmail.com,Lighting,1,133.0,0.2,Email,US,variant
ORD-003530,2024-11-03,CUST-00107,cust-00107@lumenmail.com,Outdoor,4,52.48,0.15,Paid Search,US,control
ORD-002577,2023-11-20,CUST-01205,cust-01205@lumenmail.com,Décor,2,756.58,0.05,Paid Search,US,control
ORD-008403,2023-09-20,CUST-02762,cust-02762@lumenmail.com,Outdoor,2,20.96,0.2,Email,US,
ORD-003596,2024-01-24,CUST-01306,cust-01306@lumenmail.com,Lighting,4,47.6,0.15,Paid Search,US,control
ORD-005629,2024-09-26,CUST-00104,cust-00104@lumenmail.com,Furniture,4,16.85,0.05,Email,US,
ORD-002281,2024-04-16,CUST-01147,cust-01147@lumenmail.com,Furniture,2,22.66,0.15,Email,US,control
ORD-005661,01/02/2024,,guest@lumenmail.com,Lighting,4,19.44,0.1,Email,US,control
ORD-002341,21/12/2024,CUST-00929,cust-00929@lumenmail.com,Lighting,1,48.6,0.1,Paid Search,US,
ORD-006959,2023-11-12,CUST-00004,cust-00004@lumenmail.com,Décor,2,287.53,0.25,Organic,US,control
ORD-007849,2024-11-10,CUST-00625,cust-00625@lumenmail.com,Accessories,5,124.83,0.2,Paid Search,CA,
ORD-006139,2024-11-05,CUST-02516,cust-02516@lumenmail.com,Décor,7,45.37,0.0,Paid Search,US,variant
ORD-008764,2024-03-01,CUST-02469,cust-02469@lumenmail.com,Lighting,2,60.79,0.1,Paid Search,CA,control
ORD-007964,2024-09-07,CUST-00429,cust-00429@lumenmail.com,Furniture,1,112.31,0.05,Paid Search,US,control
ORD-002936,2024-01-24,CUST-02124,cust-02124@lumenmail.com,Furniture,1,18.63,0.05,Organic,CA,variant
ORD-005200,2023-10-10,CUST-01475,cust-01475@lumenmail.com,Décor,4,223.7,0.05,Email,US,variant
ORD-001580,2024-02-09,CUST-01587,cust-01587@lumenmail.com,Furniture,4,71.72,0.15,Social,UK,variant
ORD-002970,2024-06-20,CUST-00546,cust-00546@lumenmail.com,Lighting,1,266.01,0.05,Paid Search,AU,
ORD-001397,2024-01-26,CUST-00644,cust-00644@lumenmail.com,Furniture,1,479.8,0.15,Paid Search,US,variant
ORD-005565,2023-09-04,CUST-00659,cust-00659@lumenmail.com,Accessories,1,25.66,0.2,Email,US,variant
ORD-009291,2023-06-23,CUST-02110,cust-02110@lumenmail.com,Décor,1,662.6,0.0,Email,US,control
ORD-000825,09/12/2023,,guest@lumenmail.com,Accessories,3,324.29,0.05,,US,
ORD-004890,27/08/2023,CUST-00634,cust-00634@lumenmail.com,Outdoor,2,8.23,0.0,Organic,US,control
ORD-003411,2024-10-07,CUST-00541,cust-00541@lumenmail.com,Lighting,1,152.84,0.1,Organic,US,variant
ORD-007220,2024-11-30,CUST-02980,cust-02980@lumenmail.com,Lighting,1,19.02,0.0,Organic,US,
ORD-007047,2023-09-19,,guest@lumenmail.com,Lighting,3,11.09,0.0,Email,US,variant
ORD-004654,2023-09-26,CUST-02730,cust-02730@lumenmail.com,Lighting,1,102.59,0.0,Organic,US,
ORD-009102,2024-02-01,CUST-01423,cust-01423@lumenmail.com,Décor,5,12.77,0.05,Paid Search,CA,control
ORD-004251,05/03/2024,CUST-01511,cust-01511@lumenmail.com,Lighting,6,130.29,0.05,Email,ZZ,
ORD-002191,2024-07-09,CUST-00935,cust-00935@lumenmail.com,Décor,4,155.39,0.0,Email,US,variant
ORD-001131,2024-03-02,CUST-00582,cust-00582@lumenmail.com,Décor,1,147.12,0.05,Social,US,control
ORD-001155,2024-06-03,CUST-02449,cust-02449@lumenmail.com,Lighting,2,39.69,0.0,Organic,US,
ORD-002735,2023-06-11,CUST-01676,cust-01676@lumenmail.com,Lighting,5,32.1,0.1,Social,US,control
ORD-009313,07/02/2024,CUST-01639,cust-01639@lumenmail.com,Lighting,1,60.43,0.0,,CA,variant
ORD-008624,08/01/2024,CUST-01964,cust-01964@lumenmail.com,Décor,1,72.13,0.0,Email,CA,
ORD-007716,2023-09-24,CUST-01280,cust-01280@lumenmail.com,Décor,2,170.82,0.1,Organic,US,
ORD-009274,2024-07-25,CUST-02579,cust-02579@lumenmail.com,Lighting,2,117.09,0.0,Paid Search,US,variant
ORD-005396,2024-05-31,CUST-01874,cust-01874@lumenmail.com,Décor,1,79.46,0.1,Organic,US,variant
ORD-004720,2024-05-12,CUST-00171,cust-00171@lumenmail.com,Lighting,2,39.84,0.1,Organic,UK,control
ORD-000250,2024-02-16,,guest@lumenmail.com,Décor,-5,32.33,0.0,Paid Search,CA,
ORD-004771,29/06/2023,CUST-01835,cust-01835@lumenmail.com,Outdoor,2,374.63,0.0,Organic,CA,variant
ORD-000016,22/11/2023,CUST-02852,cust-02852@lumenmail.com,Lighting,1,275.72,0.0,Organic,US,
ORD-005757,2024-01-26,CUST-00163,cust-00163@lumenmail.com,Outdoor,1,28.74,0.2,Paid Search,US,variant
ORD-006544,2024-01-26,CUST-01168,cust-01168@lumenmail.com,Outdoor,1,375.65,0.25,Paid Search,US,variant
ORD-007119,2024-05-30,CUST-00235,cust-00235@lumenmail.com,Furniture,2,22.95,0.05,Paid Search,US,control
ORD-005395,2024-06-18,CUST-01575,cust-01575@lumenmail.com,Outdoor,1,45.81,0.2,Email,US,variant
ORD-006390,2024-01-05,CUST-00247,cust-00247@lumenmail.com,Furniture,1,753.27,0.1,Organic,US,
ORD-006800,2024-08-25,CUST-00644,cust-00644@lumenmail.com,Furniture,2,123.47,0.0,Social,US,
ORD-008564,,CUST-00614,cust-00614@lumenmail.com,Décor,2,121.76,0.0,Social,US,variant
ORD-007494,2023-11-19,CUST-02040,cust-02040@lumenmail.com,Outdoor,1,65.84,0.05,Email,US,
ORD-008518,2023-11-11,CUST-00924,cust-00924@lumenmail.com,Lighting,1,25.46,0.0,Paid Search,US,
ORD-005753,2023-09-27,CUST-02150,cust-02150@lumenmail.com,Décor,1,138.18,0.0,Email,CA,control
ORD-008111,2024-05-17,CUST-00981,cust-00981@lumenmail.com,Furniture,2,11.96,0.05,Paid Search,CA,
ORD-008877,10/08/2024,CUST-00344,cust-00344@lumenmail.com,Outdoor,1,11.68,0.0,,UK,variant
ORD-009026,2023-11-13,CUST-01936,cust-01936@lumenmail.com,Lighting,1,96.18,0.0,Paid Search,US,variant
ORD-000072,09/08/2023,CUST-02812,cust-02812@lumenmail.com,Décor,1,96.64,0.0,Social,US,
ORD-008732,2023-07-15,CUST-01731,cust-01731@lumenmail.com,Décor,1,784.68,0.05,Email,CA,variant
ORD-003502,2023-11-20,,guest@lumenmail.com,Décor,1,56.95,0.0,Email,ZZ,
ORD-007910,13/06/2024,CUST-02610,cust-02610@lumenmail.com,Furniture,2,23.52,0.0,Email,US,
ORD-002142,2024-09-13,CUST-01793,cust-01793@lumenmail.com,Outdoor,1,155.47,0.2,Organic,US,
ORD-000590,2024-10-21,CUST-00747,cust-00747@lumenmail.com,Furniture,1,170.65,0.0,,US,variant
ORD-003273,01/08/2024,CUST-01205,cust-01205@lumenmail.com,Furniture,2,53.97,0.05,Paid Search,UK,
ORD-006212,06/02/2024,CUST-01306,cust-01306@lumenmail.com,Accessories,1,39.32,0.0,Email,CA,control
ORD-006728,2023-10-25,CUST-00132,cust-00132@lumenmail.com,Lighting,3,78.8,0.1,Email,US,control
ORD-005084,2023-11-23,CUST-01882,cust-01882@lumenmail.com,Lighting,1,32.22,0.0,,US,control
ORD-007504,2023-11-16,,guest@lumenmail.com,Décor,1,39.55,0.0,Paid Search,UK,variant
ORD-004302,2024-06-16,CUST-01587,cust-01587@lumenmail.com,Décor,1,48.56,0.1,Paid Search,US,variant
ORD-002883,2023-11-06,CUST-00484,cust-00484@lumenmail.com,Furniture,-5,23.53,0.0,Email,US,variant
ORD-004553,08/12/2023,CUST-02017,cust-02017@lumenmail.com,Lighting,2,355.12,0.1,Paid Search,US,variant
ORD-001960,2024-01-03,,guest@lumenmail.com,Outdoor,1,23.54,0.05,Paid Search,ZZ,
ORD-009365,2023-10-29,CUST-02895,cust-02895@lumenmail.com,Furniture,2,18.18,0.05,Organic,CA,variant
ORD-005321,2024-07-17,CUST-02689,cust-02689@lumenmail.com,Lighting,1,78.67,0.0,Organic,AU,
ORD-004395,2024-10-04,CUST-01815,cust-01815@lumenmail.com,Lighting,2,75.89,0.05,Email,CA,variant
ORD-006409,2024-10-24,CUST-02272,cust-02272@lumenmail.com,Outdoor,1,131.16,0.0,Paid Search,US,control
ORD-004322,2024-05-07,CUST-02892,cust-02892@lumenmail.com,Décor,1,324.02,0.05,Email,US,
ORD-007202,2024-01-16,CUST-02396,cust-02396@lumenmail.com,Accessories,1,19.37,0.0,Organic,CA,control
ORD-006621,2024-08-10,CUST-00764,cust-00764@lumenmail.com,Décor,2,32.0,0.05,Organic,US,control
ORD-009599,2023-12-25,CUST-01107,cust-01107@lumenmail.com,Lighting,1,282.24,0.1,Organic,UK,
ORD-002749,2023-07-09,CUST-02581,cust-02581@lumenmail.com,Décor,2,34.73,0.0,Paid Search,US,variant
ORD-001935,2023-08-17,CUST-00022,cust-00022@lumenmail.com,Lighting,1,0.0,0.05,Email,US,
ORD-006113,2024-06-25,CUST-02424,cust-02424@lumenmail.com,Furniture,2,325.4,0.0,Social,US,control
ORD-001278,2024-09-29,CUST-00903,cust-00903@lumenmail.com,Décor,2,9.19,0.1,Organic,US,control
ORD-003036,2024-09-14,CUST-00142,cust-00142@lumenmail.com,Décor,2,84.96,0.2,Organic,ZZ,
ORD-005210,2024-09-24,CUST-02631,cust-02631@lumenmail.com,Furniture,1,85.22,0.0,Paid Search,US,
ORD-008276,2024-05-28,CUST-00567,cust-00567@lumenmail.com,Lighting,2,116.09,0.05,Email,UK,control
ORD-002511,15/08/2024,CUST-02052,cust-02052@lumenmail.com,Décor,1,49.42,0.0,Paid Search,US,variant
ORD-003077,27/08/2023,CUST-00195,cust-00195@lumenmail.com,Lighting,1,268.11,0.0,Email,UK,variant
ORD-003574,2023-10-04,CUST-00253,cust-00253@lumenmail.com,Lighting,1,36.96,0.0,Email,UK,control
ORD-003489,2023-12-20,CUST-02184,cust-02184@lumenmail.com,Décor,3,29.54,0.15,Email,CA,variant
ORD-001722,2024-01-09,,guest@lumenmail.com,Décor,1,49.97,0.05,Social,US,
ORD-003375,2023-12-25,CUST-01180,cust-01180@lumenmail.com,Décor,6,46.68,0.1,Organic,US,control
ORD-007872,13/11/2024,CUST-02356,cust-02356@lumenmail.com,Outdoor,1,294.24,0.05,Email,US,variant
ORD-002529,2024-03-29,,guest@lumenmail.com,Lighting,5,97.58,0.25,Paid Search,US,variant
ORD-007009,23/04/2024,CUST-01913,cust-01913@lumenmail.com,Furniture,1,347.58,0.0,Email,AU,control
ORD-009303,2024-03-04,CUST-01671,cust-01671@lumenmail.com,Outdoor,3,181.48,0.1,Paid Search,US,variant
ORD-000144,2023-07-19,CUST-02242,cust-02242@lumenmail.com,Furniture,3,175.85,0.1,Paid Search,AU,variant
ORD-005834,2023-07-18,CUST-01917,cust-01917@lumenmail.com,Furniture,3,38.27,0.1,Paid Search,US,control
ORD-002509,2024-05-27,CUST-00429,cust-00429@lumenmail.com,Lighting,1,21.7,0.0,Organic,US,variant
ORD-006155,2024-07-06,CUST-00008,cust-00008@lumenmail.com,Lighting,1,182.06,0.05,Paid Search,AU,
ORD-005521,2023-11-26,,guest@lumenmail.com,Furniture,2,48.36,0.05,Organic,CA,variant
ORD-007178,2024-01-02,CUST-00334,cust-00334@lumenmail.com,Décor,1,32.53,0.2,Social,US,variant
ORD-000949,21/08/2023,CUST-00360,cust-00360@lumenmail.com,Lighting,3,78.53,0.0,Social,US,variant
ORD-002519,2023-09-29,CUST-01094,cust-01094@lumenmail.com,Lighting,1,0.0,0.0,Paid Search,US,
ORD-007744,20/10/2023,CUST-00572,cust-00572@lumenmail.com,Lighting,2,70.71,0.1,Paid Search,US,variant
ORD-002209,2023-12-26,CUST-01108,cust-01108@lumenmail.com,Furniture,1,657.98,0.15,Email,CA,control
ORD-006622,2024-09-25,CUST-02341,cust-02341@lumenmail.com,Furniture,1,20.9,0.1,Paid Search,US,
ORD-000970,,CUST-02759,cust-02759@lumenmail.com,Lighting,2,315.67,0.05,Email,US,variant
ORD-006786,2023-10-09,CUST-00013,cust-00013@lumenmail.com,Accessories,2,0.0,0.05,Organic,US,variant
ORD-006618,2024-04-10,CUST-01391,cust-01391@lumenmail.com,Accessories,2,91.12,0.0,Email,ZZ,
ORD-000087,24/04/2024,CUST-00753,cust-00753@lumenmail.com,Furniture,2,384.69,0.0,Email,UK,variant
ORD-005559,2023-11-14,CUST-02463,cust-02463@lumenmail.com,Lighting,1,53.64,0.0,Paid Search,US,
ORD-006820,2024-03-16,CUST-02557,cust-02557@lumenmail.com,Décor,1,141.64,0.05,Email,CA,control
ORD-000393,08/10/2023,CUST-00242,cust-00242@lumenmail.com,Lighting,3,309.27,0.0,Paid Search,CA,
ORD-004506,2024-08-20,CUST-01340,cust-01340@lumenmail.com,Lighting,3,47.2,0.15,Email,CA,control
ORD-007984,2023-09-09,CUST-02425,cust-02425@lumenmail.com,Furniture,1,6.99,0.0,Paid Search,US,control
ORD-001967,2024-02-02,CUST-01723,cust-01723@lumenmail.com,Lighting,6,165.62,0.05,Organic,US,variant
ORD-006818,2024-10-03,CUST-02189,cust-02189@lumenmail.com,Lighting,2,113.68,0.1,Organic,US,variant
ORD-007088,2024-05-10,CUST-02516,cust-02516@lumenmail.com,Décor,-4,561.52,0.0,Email,US,control
ORD-008525,2024-12-07,CUST-02387,cust-02387@lumenmail.com,Outdoor,3,76.81,0.05,Organic,AU,
ORD-000492,2023-09-08,CUST-00581,cust-00581@lumenmail.com,Lighting,1,279.67,0.0,Email,US,control
ORD-001665,15/11/2023,CUST-01824,cust-01824@lumenmail.com,Accessories,2,14.97,0.0,Email,US,control
ORD-006679,2024-03-15,CUST-02785,cust-02785@lumenmail.com,Furniture,1,71.38,0.0,Paid Search,US,control
ORD-009075,2024-09-18,CUST-01961,cust-01961@lumenmail.com,Décor,3,48.15,0.0,Organic,UK,
ORD-005670,2023-06-30,CUST-00910,cust-00910@lumenmail.com,Décor,2,54.66,0.0,,CA,
ORD-003299,2023-10-15,CUST-01827,cust-01827@lumenmail.com,Outdoor,2,56.04,0.1,Organic,US,
ORD-000951,2023-09-20,CUST-00532,cust-00532@lumenmail.com,Décor,2,83.49,0.0,Paid Search,US,
ORD-004874,2024-03-03,CUST-00714,cust-00714@lumenmail.com,Lighting,2,75.15,0.1,Email,CA,variant
ORD-006799,2024-11-18,CUST-01659,cust-01659@lumenmail.com,Furniture,2,690.36,0.0,Paid Search,CA,
ORD-002185,2024-05-12,CUST-00065,cust-00065@lumenmail.com,Lighting,2,171.93,0.25,Paid Search,US,control
ORD-004694,2023-06-22,CUST-00932,cust-00932@lumenmail.com,Outdoor,-3,38.86,0.0,,US,control
ORD-004766,2024-02-27,,guest@lumenmail.com,Furniture,1,202.48,0.0,Social,AU,
ORD-000336,2023-06-02,CUST-02398,cust-02398@lumenmail.com,Décor,2,59.69,0.0,Paid Search,US,variant
ORD-004212,2024-12-25,CUST-02148,cust-02148@lumenmail.com,Accessories,1,220.12,0.0,Paid Search,US,variant
ORD-005815,2024-03-28,CUST-02042,cust-02042@lumenmail.com,Décor,1,93.61,0.05,Paid Search,US,
ORD-006568,12/04/2024,CUST-02664,cust-02664@lumenmail.com,Lighting,3,290.38,0.0,Paid Search,US,
ORD-000863,2024-06-30,CUST-02013,cust-02013@lumenmail.com,Lighting,1,63.25,0.0,Paid Search,US,
ORD-002106,2023-10-09,CUST-01172,cust-01172@lumenmail.com,Furniture,1,265.95,0.05,Paid Search,US,control
ORD-000175,2023-08-12,CUST-01746,cust-01746@lumenmail.com,Furniture,2,123.99,0.0,Paid Search,US,
ORD-003394,2024-08-20,CUST-00635,cust-00635@lumenmail.com,Furniture,1,296.92,0.1,Social,US,
ORD-007772,09/07/2024,CUST-02065,cust-02065@lumenmail.com,Lighting,1,153.63,0.2,Paid Search,AU,
ORD-000860,23/01/2024,CUST-00157,cust-00157@lumenmail.com,Lighting,2,155.88,0.0,Organic,US,
ORD-002395,05/11/2023,CUST-00864,cust-00864@lumenmail.com,Outdoor,1,319.31,0.05,Organic,CA,control
ORD-008256,2023-06-01,CUST-01279,cust-01279@lumenmail.com,Accessories,1,64.0,0.0,Paid Search,ZZ,
ORD-000526,2023-09-22,CUST-00298,cust-00298@lumenmail.com,Lighting,3,177.34,0.15,Paid Search,US,control
ORD-003417,2024-05-12,CUST-02234,cust-02234@lumenmail.com,Outdoor,1,26.42,0.0,Email,CA,variant
ORD-001785,2023-12-14,CUST-01578,cust-01578@lumenmail.com,Lighting,1,47.48,0.05,Paid Search,CA,variant
ORD-004500,22/05/2024,CUST-02357,cust-02357@lumenmail.com,Furniture,4,41.52,0.1,,US,
ORD-009236,2024-01-06,,guest@lumenmail.com,Furniture,4,90.83,0.0,Email,US,control
ORD-007767,2023-11-09,CUST-01979,cust-01979@lumenmail.com,Lighting,2,50.16,0.05,Email,US,
ORD-005073,2023-11-05,CUST-00013,cust-00013@lumenmail.com,Lighting,2,83.07,0.05,Paid Search,US,
ORD-000399,2024-08-21,CUST-00688,cust-00688@lumenmail.com,Accessories,1,7.62,0.1,Email,US,variant
ORD-007451,2024-12-30,CUST-00998,cust-00998@lumenmail.com,Accessories,1,76.81,0.1,Email,ZZ,
ORD-000826,2023-12-12,,guest@lumenmail.com,Lighting,1,103.5,0.0,Email,US,
ORD-007038,2023-06-22,CUST-00859,cust-00859@lumenmail.com,Lighting,1,9.23,0.0,,US,
ORD-000149,2024-10-31,CUST-00526,cust-00526@lumenmail.com,Furniture,7,570.31,0.15,Paid Search,US,control
ORD-004121,2024-02-11,CUST-02714,cust-02714@lumenmail.com,Outdoor,-1,569.47,0.0,Organic,CA,variant
ORD-008560,30/09/2024,CUST-01733,cust-01733@lumenmail.com,Furniture,2,72.52,0.15,Email,US,control
ORD-005152,2023-10-11,CUST-00301,cust-00301@lumenmail.com,Lighting,1,372.09,0.0,Paid Search,AU,
ORD-003840,2024-10-08,CUST-02549,cust-02549@lumenmail.com,Lighting,1,326.45,0.0,Email,US,
ORD-006165,01/10/2023,CUST-00213,cust-00213@lumenmail.com,Décor,2,112.17,0.0,Paid Search,UK,control
ORD-007442,2023-11-12,CUST-01690,cust-01690@lumenmail.com,Décor,1,294.07,0.05,Organic,US,control
ORD-007206,2024-01-16,CUST-01046,cust-01046@lumenmail.com,Furniture,4,430.64,0.0,Paid Search,AU,control
ORD-003973,2023-06-23,CUST-02342,cust-02342@lumenmail.com,Lighting,4,45.39,0.25,Organic,US,control
ORD-008792,2024-04-20,,guest@lumenmail.com,Décor,1,82.33,0.0,Paid Search,US,variant
ORD-000401,2023-10-14,CUST-02199,cust-02199@lumenmail.com,Furniture,2,41.13,0.25,Organic,CA,
ORD-005823,2023-10-04,CUST-00758,cust-00758@lumenmail.com,Lighting,2,79.52,0.05,Paid Search,US,
ORD-007212,2023-07-12,CUST-00002,cust-00002@lumenmail.com,Lighting,2,133.98,0.0,Social,US,
ORD-007004,2024-10-06,,guest@lumenmail.com,Lighting,2,55.61,0.0,Email,CA,variant
ORD-000348,2023-07-08,CUST-01305,cust-01305@lumenmail.com,Accessories,1,49.34,0.0,Email,US,
ORD-001807,2023-12-01,CUST-02325,cust-02325@lumenmail.com,Décor,2,72.21,0.1,Email,US,control
ORD-005268,2023-06-30,CUST-01499,cust-01499@lumenmail.com,Accessories,2,146.69,0.0,Organic,CA,
ORD-007770,2024-09-15,CUST-02195,cust-02195@lumenmail.com,Outdoor,2,40.3,0.1,Social,CA,
ORD-004511,04/07/2024,CUST-01073,cust-01073@lumenmail.com,Lighting,-1,64.87,0.0,Email,US,control
ORD-005721,2023-06-09,CUST-02556,cust-02556@lumenmail.com,Lighting,1,739.94,0.0,Organic,AU,control
ORD-003328,2024-09-06,CUST-02709,cust-02709@lumenmail.com,Outdoor,1,33.55,0.0,Social,CA,variant
ORD-003760,2023-09-05,CUST-00803,cust-00803@lumenmail.com,Lighting,5,89.14,0.0,Paid Search,US,
ORD-004340,2024-04-15,CUST-01489,cust-01489@lumenmail.com,Outdoor,1,77.27,0.05,Paid Search,US,
ORD-000635,2024-05-04,CUST-00937,cust-00937@lumenmail.com,Lighting,1,96.93,0.0,Paid Search,US,variant
ORD-008791,13/06/2024,,guest@lumenmail.com,Lighting,1,63.02,0.05,Email,US,variant
ORD-004796,2023-07-17,CUST-02224,cust-02224@lumenmail.com,Accessories,4,25.95,0.0,Email,US,variant
ORD-001388,2024-01-18,CUST-01138,cust-01138@lumenmail.com,Furniture,1,540.24,0.0,Paid Search,UK,variant
ORD-005265,2024-08-30,CUST-00447,cust-00447@lumenmail.com,Outdoor,1,85.67,0.15,Paid Search,AU,control
ORD-001735,23/03/2024,,guest@lumenmail.com,Furniture,5,54.62,0.0,Email,ZZ,control
ORD-007942,2024-03-19,CUST-01507,cust-01507@lumenmail.com,Furniture,2,81.26,0.0,Paid Search,US,control
ORD-001164,2023-11-15,CUST-02011,cust-02011@lumenmail.com,Accessories,3,171.21,0.0,Social,US,control
ORD-001753,2023-06-03,CUST-00367,cust-00367@lumenmail.com,Furniture,1,29.53,0.05,Social,US,
ORD-008096,2024-07-12,CUST-00385,cust-00385@lumenmail.com,Outdoor,2,76.74,0.0,Organic,US,
ORD-003746,2024-09-04,CUST-01481,cust-01481@lumenmail.com,Accessories,1,9.99,0.05,Social,US,
ORD-003641,2024-11-03,CUST-01553,cust-01553@lumenmail.com,Décor,3,49.08,0.0,Email,US,control
ORD-007999,2023-08-24,CUST-02512,cust-02512@lumenmail.com,Furniture,1,71.85,0.2,Social,US,
ORD-004331,2023-11-08,CUST-00345,cust-00345@lumenmail.com,Furniture,2,38.03,0.05,Organic,UK,
ORD-003922,2024-10-30,CUST-02677,cust-02677@lumenmail.com,Lighting,2,92.03,0.1,Organic,CA,control
ORD-000945,2024-05-29,CUST-01473,cust-01473@lumenmail.com,Décor,1,59.64,0.1,Paid Search,US,control
ORD-006233,,CUST-00278,cust-00278@lumenmail.com,Furniture,3,84.46,0.0,Paid Search,US,
ORD-007450,2023-07-31,CUST-01913,cust-01913@lumenmail.com,Lighting,2,39.84,0.2,Paid Search,US,variant
ORD-000008,2024-08-30,CUST-00216,cust-00216@lumenmail.com,Lighting,1,60.7,0.15,Email,US,
ORD-003564,,CUST-01436,cust-01436@lumenmail.com,Furniture,1,71.13,0.0,Paid Search,US,control
ORD-002370,2023-06-24,CUST-01984,cust-01984@lumenmail.com,Furniture,2,12.03,0.0,Organic,CA,variant
ORD-006674,2024-04-16,CUST-02276,cust-02276@lumenmail.com,Furniture,1,85.45,0.0,Paid Search,CA,control
ORD-001112,2024-05-10,CUST-00948,cust-00948@lumenmail.com,Outdoor,3,79.78,0.0,,US,
ORD-001348,03/02/2024,CUST-02263,cust-02263@lumenmail.com,Outdoor,1,399.66,0.0,Social,US,variant
ORD-005548,2024-08-02,CUST-01018,cust-01018@lumenmail.com,Lighting,4,69.9,0.0,Email,US,
ORD-007894,2023-09-17,CUST-00581,cust-00581@lumenmail.com,Outdoor,3,82.33,0.0,,ZZ,variant
ORD-004608,2024-03-26,CUST-02871,cust-02871@lumenmail.com,Décor,3,43.75,0.05,Social,CA,control
ORD-002219,2024-07-16,CUST-01877,cust-01877@lumenmail.com,Furniture,1,45.26,0.05,Organic,US,control
ORD-009068,24/08/2023,CUST-02160,cust-02160@lumenmail.com,Accessories,3,6.55,0.0,Social,US,variant
ORD-002339,2024-05-14,CUST-02292,cust-02292@lumenmail.com,Décor,2,170.06,0.2,Organic,US,variant
ORD-006114,2024-04-02,CUST-01151,cust-01151@lumenmail.com,Lighting,1,80.73,0.05,Email,US,variant
ORD-009561,2024-09-05,CUST-00825,cust-00825@lumenmail.com,Furniture,1,105.32,0.1,Paid Search,US,variant
ORD-000132,21/11/2023,CUST-00201,cust-00201@lumenmail.com,Lighting,6,83.31,0.1,Email,US,control
ORD-007935,12/11/2024,CUST-02525,cust-02525@lumenmail.com,Furniture,4,29.24,0.05,Paid Search,US,
ORD-008912,2024-11-22,CUST-00748,cust-00748@lumenmail.com,Lighting,7,180.62,0.0,Paid Search,US,control
ORD-000271,2023-11-10,CUST-00037,cust-00037@lumenmail.com,Lighting,2,89.66,0.25,Organic,US,control
ORD-002544,2024-02-12,,guest@lumenmail.com,Lighting,1,37.23,0.25,Email,US,variant
ORD-005920,2023-12-15,,guest@lumenmail.com,Décor,2,30.22,0.0,Paid Search,CA,variant
ORD-002362,2023-09-17,,guest@lumenmail.com,Outdoor,1,492.7,0.0,Social,US,control
ORD-004325,2024-11-01,CUST-00781,cust-00781@lumenmail.com,Furniture,4,58.3,0.0,Social,UK,
ORD-004434,2023-08-29,,guest@lumenmail.com,Décor,2,100.44,0.05,Organic,US,control
ORD-006968,2024-02-03,CUST-01063,cust-01063@lumenmail.com,Décor,1,256.37,0.15,Paid Search,ZZ,variant
ORD-005453,2023-07-31,CUST-00124,cust-00124@lumenmail.com,Furniture,1,658.23,0.0,Organic,ZZ,control
ORD-000409,2024-12-08,CUST-02206,cust-02206@lumenmail.com,Lighting,1,22.12,0.0,Paid Search,US,
ORD-004887,2024-04-09,CUST-01396,cust-01396@lumenmail.com,Lighting,2,290.23,0.15,Social,US,
ORD-001654,2024-09-09,CUST-00196,cust-00196@lumenmail.com,Accessories,1,51.49,0.1,Email,US,control
ORD-007329,2024-07-11,CUST-01953,cust-01953@lumenmail.com,Décor,2,166.27,0.25,Paid Search,US,
ORD-006107,13/04/2024,CUST-02447,cust-02447@lumenmail.com,Lighting,1,97.14,0.25,Organic,US,control
ORD-003674,2024-03-21,CUST-00941,cust-00941@lumenmail.com,Décor,5,15.62,0.05,Paid Search,US,
ORD-009392,15/01/2024,CUST-02297,cust-02297@lumenmail.com,Furniture,1,63.61,0.05,Organic,US,control
ORD-004519,28/01/2024,CUST-00728,cust-00728@lumenmail.com,Outdoor,1,30.71,0.05,Social,US,variant
ORD-001552,2024-01-01,CUST-00395,cust-00395@lumenmail.com,Lighting,5,34.45,0.15,Paid Search,US,
ORD-006664,2024-06-23,CUST-02075,cust-02075@lumenmail.com,Furniture,2,189.25,0.05,Paid Search,US,variant
ORD-003837,2024-11-15,CUST-02971,cust-02971@lumenmail.com,Outdoor,1,93.22,0.0,Social,US,variant
ORD-002715,2023-08-14,CUST-01831,cust-01831@lumenmail.com,Décor,1,98.26,0.1,Organic,US,
ORD-003730,22/08/2023,CUST-00854,cust-00854@lumenmail.com,Lighting,2,37.96,0.1,Paid Search,ZZ,variant
ORD-004286,2024-10-16,CUST-00363,cust-00363@lumenmail.com,Lighting,4,22.14,0.15,Email,US,control
ORD-009433,19/12/2023,CUST-01913,cust-01913@lumenmail.com,Lighting,3,313.29,0.05,Email,AU,
ORD-007715,2024-02-28,CUST-01912,cust-01912@lumenmail.com,Lighting,1,22.99,0.2,Organic,US,variant
ORD-002198,2024-09-30,CUST-02891,cust-02891@lumenmail.com,Lighting,2,32.58,0.05,Email,US,
ORD-003268,26/05/2024,CUST-01175,cust-01175@lumenmail.com,Furniture,1,388.44,0.0,Organic,US,control
ORD-000628,2023-06-20,CUST-02665,cust-02665@lumenmail.com,Furniture,1,335.78,0.15,Organic,CA,
ORD-003070,2024-02-17,CUST-01362,cust-01362@lumenmail.com,Lighting,1,192.45,0.1,Paid Search,US,variant
ORD-008021,2023-07-07,CUST-02796,cust-02796@lumenmail.com,Décor,1,27.47,0.0,Social,US,control
ORD-007794,2024-09-29,CUST-01261,cust-01261@lumenmail.com,Décor,1,45.38,0.1,Paid Search,US,
ORD-009515,2024-03-23,CUST-02194,cust-02194@lumenmail.com,Accessories,2,102.47,0.0,Email,US,control
ORD-002502,08/02/2024,CUST-02903,cust-02903@lumenmail.com,Lighting,2,19.97,0.05,Organic,US,variant
ORD-009354,2024-07-18,CUST-00027,cust-00027@lumenmail.com,Furniture,1,184.18,0.05,Social,US,control
ORD-000351,2023-12-02,CUST-00214,cust-00214@lumenmail.com,Accessories,3,294.99,0.05,Organic,US,variant
ORD-007498,2024-06-06,CUST-01288,cust-01288@lumenmail.com,Décor,1,85.89,0.15,Paid Search,US,
ORD-006951,2024-01-25,CUST-02422,cust-02422@lumenmail.com,Lighting,2,7.45,0.0,Organic,UK,
ORD-008727,28/08/2023,CUST-02977,cust-02977@lumenmail.com,Accessories,6,322.17,0.0,Organic,US,control
ORD-008227,2024-07-29,CUST-02080,cust-02080@lumenmail.com,Décor,1,44.37,0.15,Organic,UK,control
ORD-004246,2024-07-12,CUST-02914,cust-02914@lumenmail.com,Lighting,1,680.7,0.0,Paid Search,US,control
ORD-002311,29/07/2024,CUST-00756,cust-00756@lumenmail.com,Décor,2,307.51,0.0,Social,ZZ,control
ORD-001487,2023-09-06,CUST-02550,cust-02550@lumenmail.com,Décor,3,61.11,0.05,Email,US,
ORD-004223,2023-09-13,CUST-02894,cust-02894@lumenmail.com,Furniture,2,266.05,0.2,Organic,UK,
ORD-000450,2023-06-23,CUST-02033,cust-02033@lumenmail.com,Lighting,1,29.7,0.0,Paid Search,US,
ORD-003149,2024-11-15,CUST-00027,cust-00027@lumenmail.com,Furniture,3,14.19,0.2,Paid Search,UK,
ORD-009113,2023-08-03,CUST-02444,cust-02444@lumenmail.com,Lighting,2,108.44,0.2,Paid Search,CA,
ORD-001013,11/11/2023,CUST-01649,cust-01649@lumenmail.com,Décor,2,445.94,0.0,Organic,CA,
ORD-002542,2023-07-29,CUST-00125,cust-00125@lumenmail.com,Lighting,5,34.23,0.0,Social,AU,variant
ORD-003028,2024-12-19,CUST-01942,cust-01942@lumenmail.com,Outdoor,2,63.98,0.0,Email,ZZ,variant
ORD-008945,,CUST-02015,cust-02015@lumenmail.com,Lighting,3,166.42,0.0,Paid Search,US,
ORD-008230,2024-08-02,CUST-01131,cust-01131@lumenmail.com,Décor,7,140.77,0.2,Organic,CA,control
ORD-001810,2024-03-03,CUST-02674,cust-02674@lumenmail.com,Lighting,6,56.57,0.0,Email,CA,control
ORD-008011,15/07/2023,CUST-02181,cust-02181@lumenmail.com,Furniture,2,62.97,0.1,Organic,US,variant
ORD-000211,2024-09-10,CUST-02647,cust-02647@lumenmail.com,Outdoor,1,26.86,0.15,Social,US,
ORD-007253,2024-11-30,CUST-01174,cust-01174@lumenmail.com,Lighting,1,114.07,0.0,Email,ZZ,control
ORD-001018,2024-04-19,CUST-01928,cust-01928@lumenmail.com,Décor,4,325.38,0.1,Paid Search,US,
ORD-005359,2023-11-06,CUST-02685,cust-02685@lumenmail.com,Lighting,2,9.08,0.0,Email,US,
ORD-005746,2023-07-27,CUST-00421,cust-00421@lumenmail.com,Furniture,1,51.75,0.0,Email,UK,
ORD-007475,29/06/2024,CUST-01221,cust-01221@lumenmail.com,Accessories,2,82.46,0.05,,US,control
ORD-008394,2024-07-29,CUST-01115,cust-01115@lumenmail.com,Lighting,1,576.59,0.0,Organic,CA,variant
ORD-006245,2024-11-19,CUST-00129,cust-00129@lumenmail.com,Furniture,1,26.64,0.0,,US,variant
ORD-006829,2024-11-11,,guest@lumenmail.com,Outdoor,2,92.38,0.0,Organic,US,variant
ORD-001128,2024-12-11,CUST-01369,cust-01369@lumenmail.com,Décor,2,65.45,0.0,Organic,US,control
ORD-005342,2024-10-01,CUST-02149,cust-02149@lumenmail.com,Décor,1,756.4,0.15,Paid Search,CA,
ORD-001988,2024-03-23,CUST-00834,cust-00834@lumenmail.com,Lighting,1,348.88,0.0,Organic,US,control
ORD-005787,2023-10-25,CUST-00482,cust-00482@lumenmail.com,Lighting,1,22.34,0.1,Social,UK,
ORD-006873,2024-03-08,CUST-01953,cust-01953@lumenmail.com,Outdoor,1,650.38,0.1,Social,AU,
ORD-002877,2024-04-30,CUST-00970,cust-00970@lumenmail.com,Outdoor,1,293.13,0.15,Social,US,
ORD-007877,2024-02-21,CUST-00744,cust-00744@lumenmail.com,Lighting,2,54.03,0.0,Organic,AU,variant
ORD-008320,26/08/2024,CUST-00273,cust-00273@lumenmail.com,Décor,7,138.51,0.05,,US,
ORD-005173,2023-08-06,CUST-00628,cust-00628@lumenmail.com,Décor,1,57.04,0.0,Email,US,control
ORD-000122,2024-06-19,CUST-02514,cust-02514@lumenmail.com,Furniture,1,384.34,0.1,Organic,US,control
ORD-009566,2024-08-31,CUST-02280,cust-02280@lumenmail.com,Lighting,3,65.57,0.05,Organic,US,control
ORD-000117,2024-04-08,CUST-02504,cust-02504@lumenmail.com,Outdoor,1,72.38,0.0,Email,US,variant
ORD-001039,2024-05-30,CUST-02846,cust-02846@lumenmail.com,Outdoor,2,66.07,0.1,Email,US,variant
ORD-008225,2024-02-07,CUST-00201,cust-00201@lumenmail.com,Accessories,1,249.4,0.0,Paid Search,US,variant
ORD-006717,2024-11-15,CUST-02247,cust-02247@lumenmail.com,Lighting,1,242.02,0.1,Organic,US,
ORD-001438,2023-10-31,CUST-00307,cust-00307@lumenmail.com,Lighting,-1,181.17,0.0,Organic,UK,
ORD-004929,2023-11-08,CUST-01513,cust-01513@lumenmail.com,Lighting,2,408.94,0.1,Paid Search,UK,variant
ORD-007676,2024-02-12,CUST-00253,cust-00253@lumenmail.com,Lighting,1,6.94,0.2,Paid Search,US,
ORD-004367,2024-01-16,CUST-00220,cust-00220@lumenmail.com,Lighting,2,18.34,0.25,Organic,US,
ORD-008265,2024-07-11,CUST-02052,cust-02052@lumenmail.com,Lighting,2,152.56,0.1,Paid Search,US,control
ORD-002898,2023-07-08,CUST-02701,cust-02701@lumenmail.com,Outdoor,1,181.25,0.2,Social,US,variant
ORD-005119,2024-02-04,CUST-02336,cust-02336@lumenmail.com,Outdoor,2,130.67,0.0,Paid Search,US,variant
ORD-004941,2024-04-25,CUST-02459,cust-02459@lumenmail.com,Outdoor,2,85.79,0.05,Paid Search,US,control
ORD-000997,2024-11-13,CUST-01390,cust-01390@lumenmail.com,Lighting,1,90.02,0.0,Paid Search,US,
ORD-003895,2024-11-04,CUST-01728,cust-01728@lumenmail.com,Lighting,1,43.34,0.2,Paid Search,US,variant
ORD-008385,2024-11-08,CUST-01272,cust-01272@lumenmail.com,Décor,1,13.38,0.0,Organic,US,control
ORD-004471,2023-06-17,CUST-00053,cust-00053@lumenmail.com,Furniture,4,182.81,0.05,Organic,US,variant
ORD-006832,2023-08-18,CUST-01202,cust-01202@lumenmail.com,Lighting,1,195.31,0.1,Paid Search,US,
ORD-005546,2023-08-19,CUST-02483,cust-02483@lumenmail.com,Accessories,3,88.98,0.0,Social,US,
ORD-008875,2024-10-05,CUST-02631,cust-02631@lumenmail.com,Outdoor,1,84.94,0.0,Organic,CA,
ORD-006382,18/08/2024,CUST-02524,cust-02524@lumenmail.com,Furniture,1,75.62,0.1,Email,US,
ORD-006917,2023-06-16,CUST-02552,cust-02552@lumenmail.com,Furniture,1,148.0,0.2,Social,AU,variant
ORD-002807,2023-07-03,CUST-00690,cust-00690@lumenmail.com,Furniture,4,92.19,0.0,Paid Search,US,
ORD-000381,21/08/2023,CUST-00120,cust-00120@lumenmail.com,Furniture,1,165.17,0.1,Paid Search,AU,control
ORD-005249,2023-06-01,CUST-00149,cust-00149@lumenmail.com,Lighting,2,85.24,0.05,Organic,US,variant
ORD-008014,01/07/2023,CUST-01918,cust-01918@lumenmail.com,Décor,3,45.35,0.2,Organic,CA,
ORD-002152,2024-05-07,CUST-02223,cust-02223@lumenmail.com,Furniture,2,42.92,0.0,Email,CA,
ORD-008484,2024-02-07,CUST-02926,cust-02926@lumenmail.com,Furniture,1,59.67,0.0,Paid Search,US,variant
ORD-001049,2024-04-23,CUST-02372,cust-02372@lumenmail.com,Décor,4,56.57,0.1,Paid Search,US,variant
ORD-004115,13/10/2024,CUST-00950,cust-00950@lumenmail.com,Furniture,1,15.45,0.05,Paid Search,UK,variant
ORD-004924,2024-10-29,CUST-01126,cust-01126@lumenmail.com,Décor,2,39.02,0.1,Email,US,control
ORD-003263,2024-03-22,CUST-00666,cust-00666@lumenmail.com,Furniture,1,41.79,0.2,Email,US,
ORD-007768,2024-07-05,CUST-01174,cust-01174@lumenmail.com,Outdoor,2,29.25,0.0,Email,US,control
ORD-005418,2023-11-26,CUST-00118,cust-00118@lumenmail.com,Lighting,3,187.17,0.15,Social,US,variant
ORD-003396,2024-09-16,CUST-02555,cust-02555@lumenmail.com,Furniture,4,86.41,0.05,Email,UK,variant
ORD-005720,2023-06-30,CUST-00836,cust-00836@lumenmail.com,Lighting,1,98.74,0.0,Organic,US,
ORD-009234,2024-11-25,CUST-02099,cust-02099@lumenmail.com,Décor,3,0.0,0.0,Paid Search,UK,variant
ORD-005136,2024-02-18,CUST-00634,cust-00634@lumenmail.com,Furniture,2,68.08,0.0,Organic,CA,control
ORD-000364,2024-12-26,CUST-00591,cust-00591@lumenmail.com,Décor,3,132.55,0.25,Paid Search,US,
ORD-005965,2024-12-08,CUST-02216,cust-02216@lumenmail.com,Furniture,5,143.03,0.0,Organic,US,
ORD-004468,2023-09-09,CUST-00153,cust-00153@lumenmail.com,Outdoor,1,165.02,0.0,Email,US,variant
ORD-005923,2024-08-17,CUST-02618,cust-02618@lumenmail.com,Décor,1,15.88,0.1,Paid Search,US,variant
ORD-007729,2023-11-21,CUST-01039,cust-01039@lumenmail.com,Décor,4,112.45,0.1,Email,US,control
ORD-009547,2024-10-07,CUST-02080,cust-02080@lumenmail.com,Furniture,2,82.86,0.0,Paid Search,AU,
ORD-001319,2024-07-23,CUST-00076,cust-00076@lumenmail.com,Décor,1,6.03,0.0,Email,AU,control
ORD-006247,2024-04-01,CUST-02742,cust-02742@lumenmail.com,Furniture,1,126.0,0.05,Social,US,
ORD-004744,25/03/2024,CUST-02321,cust-02321@lumenmail.com,Lighting,2,89.7,0.0,Email,US,control
ORD-007892,2023-06-13,CUST-01851,cust-01851@lumenmail.com,Furniture,6,153.73,0.0,Social,US,
ORD-008137,27/09/2024,CUST-00267,cust-00267@lumenmail.com,Lighting,1,124.67,0.0,Email,US,
ORD-001404,2024-08-30,CUST-01706,cust-01706@lumenmail.com,Lighting,5,45.14,0.0,Email,US,
ORD-006071,2024-10-11,CUST-01566,cust-01566@lumenmail.com,Furniture,2,127.18,0.05,Email,US,
ORD-009587,2024-03-28,CUST-01416,cust-01416@lumenmail.com,Décor,4,513.94,0.0,Social,US,
ORD-003206,2024-06-13,,guest@lumenmail.com,Décor,4,18.02,0.25,Paid Search,US,
ORD-002363,2024-10-24,CUST-02664,cust-02664@lumenmail.com,Furniture,1,43.99,0.0,Paid Search,US,variant
ORD-007996,2023-11-07,CUST-00883,cust-00883@lumenmail.com,Lighting,2,88.71,0.0,,US,
ORD-002780,2023-09-16,,guest@lumenmail.com,Lighting,3,217.85,0.1,Email,US,control
ORD-006143,2024-10-25,CUST-01357,cust-01357@lumenmail.com,Décor,2,32.34,0.05,Organic,UK,control
ORD-005362,2024-04-12,CUST-00229,cust-00229@lumenmail.com,Furniture,6,775.87,0.0,Email,UK,control
ORD-000695,24/04/2024,CUST-00665,cust-00665@lumenmail.com,Furniture,2,63.34,0.2,Organic,AU,variant
ORD-002271,2024-12-08,CUST-02197,cust-02197@lumenmail.com,Lighting,-3,340.58,0.1,Paid Search,CA,
ORD-003899,01/04/2024,CUST-01303,cust-01303@lumenmail.com,Décor,3,80.81,0.0,Paid Search,CA,
ORD-006263,2024-11-16,CUST-00342,cust-00342@lumenmail.com,Lighting,2,102.69,0.0,Email,US,
ORD-000895,2024-04-10,CUST-02455,cust-02455@lumenmail.com,Décor,4,26.1,0.0,Social,US,control
ORD-006518,2023-09-08,CUST-01619,cust-01619@lumenmail.com,Lighting,4,36.2,0.0,Paid Search,US,control
ORD-002926,2023-09-14,CUST-01153,cust-01153@lumenmail.com,Lighting,1,268.3,0.0,Paid Search,US,control
ORD-002057,,CUST-00025,cust-00025@lumenmail.com,Décor,1,273.73,0.0,Paid Search,US,control
ORD-001367,2024-07-31,CUST-00623,cust-00623@lumenmail.com,Lighting,1,96.03,0.05,Paid Search,CA,control
ORD-005775,2024-06-15,,guest@lumenmail.com,Décor,2,69.03,0.0,Paid Search,CA,control
ORD-006585,2023-08-20,CUST-01502,cust-01502@lumenmail.com,Lighting,1,131.31,0.0,Social,CA,variant
ORD-000235,2024-12-20,CUST-02389,cust-02389@lumenmail.com,Lighting,1,6.85,0.0,Paid Search,US,variant
ORD-001271,2024-04-25,CUST-02932,cust-02932@lumenmail.com,Lighting,4,155.73,0.0,Organic,CA,
ORD-003903,2024-07-12,CUST-00365,cust-00365@lumenmail.com,Décor,1,36.24,0.0,Social,US,
ORD-008302,2023-06-13,CUST-00991,cust-00991@lumenmail.com,Accessories,5,275.08,0.05,Email,US,
ORD-006106,2024-01-12,CUST-00709,cust-00709@lumenmail.com,Furniture,1,92.46,0.0,Social,US,
ORD-002100,2023-08-07,CUST-02258,cust-02258@lumenmail.com,Lighting,1,71.19,0.1,Paid Search,CA,variant
ORD-001282,28/01/2024,CUST-01946,cust-01946@lumenmail.com,Furniture,4,124.92,0.0,Email,UK,control
ORD-007117,2023-11-29,CUST-01428,cust-01428@lumenmail.com,Lighting,2,114.62,0.0,Email,US,
ORD-000976,,CUST-00629,cust-00629@lumenmail.com,Décor,3,47.46,0.0,Organic,AU,
ORD-005036,2023-12-20,CUST-01458,cust-01458@lumenmail.com,Outdoor,2,37.49,0.1,Paid Search,CA,control
ORD-002145,14/06/2023,CUST-02727,cust-02727@lumenmail.com,Décor,-2,372.64,0.2,Organic,US,
ORD-000790,07/03/2024,CUST-01292,cust-01292@lumenmail.com,Accessories,1,31.34,0.2,Organic,US,control
ORD-003559,12/08/2023,CUST-01521,cust-01521@lumenmail.com,Décor,1,258.7,0.0,Organic,CA,control
ORD-003478,2024-09-25,CUST-01195,cust-01195@lumenmail.com,Décor,1,46.39,0.1,Email,AU,
ORD-000609,2023-10-30,CUST-00312,cust-00312@lumenmail.com,Outdoor,1,332.02,0.15,Paid Search,US,variant
ORD-006343,2023-08-21,,guest@lumenmail.com,Décor,1,83.33,0.0,Paid Search,CA,variant
ORD-004972,2023-10-16,CUST-02455,cust-02455@lumenmail.com,Lighting,1,28.41,0.25,Paid Search,US,
ORD-008817,2024-01-03,CUST-01883,cust-01883@lumenmail.com,Accessories,4,301.46,0.2,Paid Search,US,variant
ORD-000402,03/09/2024,CUST-01699,cust-01699@lumenmail.com,Décor,1,71.51,0.25,,US,variant
ORD-004820,10/08/2024,CUST-02620,cust-02620@lumenmail.com,Lighting,3,7.03,0.1,Organic,US,
ORD-000386,2023-11-21,CUST-02105,cust-02105@lumenmail.com,Furniture,2,241.14,0.0,Social,ZZ,control
ORD-000465,2023-08-02,CUST-00757,cust-00757@lumenmail.com,Lighting,2,163.52,0.0,Social,US,variant
ORD-008784,04/07/2024,CUST-00904,cust-00904@lumenmail.com,Lighting,4,151.42,0.15,Organic,CA,
ORD-005162,18/02/2024,CUST-02045,cust-02045@lumenmail.com,Outdoor,2,46.89,0.05,Email,CA,variant
ORD-000631,06/07/2024,,guest@lumenmail.com,Décor,2,39.95,0.0,Social,US,
ORD-004727,2024-11-29,CUST-01041,cust-01041@lumenmail.com,Outdoor,2,36.62,0.1,,US,control
ORD-004803,2024-03-20,,guest@lumenmail.com,Outdoor,2,288.22,0.0,Organic,AU,variant
ORD-001102,2023-12-10,CUST-02875,cust-02875@lumenmail.com,Décor,1,103.37,0.0,Paid Search,US,control
ORD-001094,2024-06-22,CUST-01394,cust-01394@lumenmail.com,Outdoor,1,40.59,0.0,Paid Search,US,variant
ORD-008880,20/08/2024,CUST-02970,cust-02970@lumenmail.com,Décor,1,112.58,0.05,Email,US,variant
ORD-009092,2024-05-01,CUST-02082,cust-02082@lumenmail.com,Outdoor,2,21.11,0.0,Email,UK,control
ORD-004883,06/11/2024,CUST-00246,cust-00246@lumenmail.com,Lighting,1,81.53,0.1,Paid Search,US,
ORD-006508,02/06/2023,CUST-02669,cust-02669@lumenmail.com,Lighting,1,34.61,0.0,Social,ZZ,
ORD-006241,2024-01-31,CUST-02943,cust-02943@lumenmail.com,Outdoor,2,36.52,0.15,Social,US,variant
ORD-004397,04/10/2023,CUST-01582,cust-01582@lumenmail.com,Lighting,1,29.18,0.0,Email,US,
ORD-004066,2023-12-13,CUST-02470,cust-02470@lumenmail.com,Lighting,1,55.84,0.1,Organic,US,
ORD-002394,2024-03-28,CUST-02768,cust-02768@lumenmail.com,Furniture,3,182.22,0.1,Email,US,
ORD-002094,2024-10-06,CUST-02246,cust-02246@lumenmail.com,Outdoor,2,38.33,0.05,Social,US,
ORD-000083,2024-05-03,CUST-00894,cust-00894@lumenmail.com,Décor,1,127.88,0.05,Social,US,control
ORD-005382,2024-11-08,CUST-00034,cust-00034@lumenmail.com,Lighting,7,93.72,0.15,Email,AU,control
ORD-004963,2024-02-06,CUST-01860,cust-01860@lumenmail.com,Lighting,1,103.84,0.0,Paid Search,US,
ORD-003970,2024-06-17,CUST-02466,cust-02466@lumenmail.com,Lighting,1,198.97,0.2,Paid Search,US,
ORD-004276,2023-06-27,CUST-00606,cust-00606@lumenmail.com,Lighting,1,22.26,0.0,Email,US,variant
ORD-000102,28/10/2024,CUST-01059,cust-01059@lumenmail.com,Furniture,1,296.36,0.0,Email,CA,variant
ORD-007672,2023-06-28,CUST-00326,cust-00326@lumenmail.com,Décor,3,75.76,0.05,Email,CA,
ORD-002432,2024-11-15,CUST-01293,cust-01293@lumenmail.com,Outdoor,2,158.54,0.0,,US,
ORD-006876,2023-06-29,CUST-02709,cust-02709@lumenmail.com,Lighting,1,39.28,0.05,Email,US,
ORD-001902,2023-10-25,CUST-01861,cust-01861@lumenmail.com,Lighting,1,0.0,0.0,Social,CA,control
ORD-002371,17/10/2024,CUST-00341,cust-00341@lumenmail.com,Outdoor,2,17.74,0.15,Social,AU,control
ORD-006760,2023-12-06,CUST-01720,cust-01720@lumenmail.com,Lighting,2,152.18,0.05,Email,UK,variant
ORD-008891,2024-09-02,CUST-01781,cust-01781@lumenmail.com,Lighting,1,31.59,0.2,Paid Search,US,variant
ORD-004801,27/07/2024,CUST-01898,cust-01898@lumenmail.com,Lighting,1,76.23,0.0,Paid Search,US,control
ORD-003226,2023-06-14,CUST-02919,cust-02919@lumenmail.com,Décor,2,411.09,0.05,Email,US,
ORD-003642,2023-09-10,CUST-01659,cust-01659@lumenmail.com,Furniture,2,296.54,0.0,Organic,UK,
ORD-004597,2024-10-12,CUST-01384,cust-01384@lumenmail.com,Furniture,2,128.18,0.25,Paid Search,US,control
ORD-001138,2024-01-13,CUST-01728,cust-01728@lumenmail.com,Lighting,3,54.83,0.05,Organic,CA,control
ORD-004747,2024-03-07,CUST-01755,cust-01755@lumenmail.com,Décor,1,167.89,0.05,Email,UK,
ORD-004388,2024-01-27,CUST-00219,cust-00219@lumenmail.com,Lighting,1,117.54,0.0,Paid Search,UK,
ORD-002072,2023-09-20,CUST-00217,cust-00217@lumenmail.com,Furniture,3,32.38,0.05,Paid Search,CA,
ORD-008209,28/09/2024,CUST-01659,cust-01659@lumenmail.com,Décor,2,92.09,0.0,Organic,US,variant
ORD-001228,2024-03-24,CUST-02771,cust-02771@lumenmail.com,Décor,5,32.11,0.0,,US,variant
ORD-007538,2024-05-27,CUST-00441,cust-00441@lumenmail.com,Lighting,1,46.4,0.0,Organic,UK,variant
ORD-000744,2024-07-10,CUST-02571,cust-02571@lumenmail.com,Lighting,1,119.9,0.0,Paid Search,US,control
ORD-007776,2024-03-26,CUST-02583,cust-02583@lumenmail.com,Décor,2,13.38,0.0,Email,CA,variant
ORD-003923,2023-12-18,CUST-02621,cust-02621@lumenmail.com,Lighting,3,249.48,0.1,Paid Search,US,
ORD-001296,2024-03-24,CUST-01045,cust-01045@lumenmail.com,Outdoor,1,137.14,0.05,Paid Search,US,variant
ORD-000662,14/04/2024,CUST-01310,cust-01310@lumenmail.com,Décor,2,139.34,0.05,Paid Search,US,
ORD-001588,2023-10-31,CUST-00207,cust-00207@lumenmail.com,Furniture,2,29.65,0.0,Organic,UK,variant
ORD-001592,2024-08-20,CUST-02620,cust-02620@lumenmail.com,Furniture,1,74.75,0.0,Organic,CA,variant
ORD-007773,2024-04-17,CUST-00381,cust-00381@lumenmail.com,Lighting,1,13.41,0.25,Email,US,variant
ORD-003920,2024-10-09,CUST-00173,cust-00173@lumenmail.com,Lighting,1,22.73,0.2,Organic,US,variant
ORD-008286,2024-11-01,CUST-00437,cust-00437@lumenmail.com,Décor,2,319.56,0.0,Organic,US,
ORD-007365,2024-10-21,CUST-02801,cust-02801@lumenmail.com,Lighting,5,158.04,0.05,Social,US,
ORD-003054,2024-05-21,CUST-02593,cust-02593@lumenmail.com,Accessories,4,29.07,0.0,Email,CA,variant
ORD-001257,2023-07-19,CUST-02111,cust-02111@lumenmail.com,Furniture,-1,392.58,0.05,Organic,UK,
ORD-007458,23/04/2024,CUST-02427,cust-02427@lumenmail.com,Lighting,5,66.3,0.0,Paid Search,CA,
ORD-005583,2024-03-14,CUST-00828,cust-00828@lumenmail.com,Décor,1,166.63,0.2,Email,US,
ORD-002050,17/09/2024,CUST-00333,cust-00333@lumenmail.com,Décor,4,93.3,0.1,Paid Search,UK,control
ORD-006538,19/10/2024,CUST-02477,cust-02477@lumenmail.com,Lighting,1,18.18,0.0,Social,US,control
ORD-009074,2024-10-10,CUST-00615,cust-00615@lumenmail.com,Accessories,7,55.16,0.2,Email,US,
ORD-005240,2023-10-05,CUST-01978,cust-01978@lumenmail.com,Furniture,4,45.83,0.0,Paid Search,US,
ORD-006608,2023-10-01,CUST-00498,cust-00498@lumenmail.com,Lighting,2,252.26,0.0,Social,US,
ORD-007593,2023-06-13,CUST-00529,cust-00529@lumenmail.com,Lighting,1,40.49,0.0,Email,US,control
ORD-000927,14/04/2024,CUST-01955,cust-01955@lumenmail.com,Furniture,1,34.57,0.0,Paid Search,ZZ,
ORD-007948,2024-01-16,CUST-02993,cust-02993@lumenmail.com,Décor,1,59.53,0.0,Email,AU,variant
ORD-006736,2024-05-18,CUST-00516,cust-00516@lumenmail.com,Lighting,2,39.49,0.2,Email,US,
ORD-008125,2024-02-24,CUST-01134,cust-01134@lumenmail.com,Furniture,1,49.41,0.0,Email,US,
ORD-005421,2023-06-24,CUST-02880,cust-02880@lumenmail.com,Décor,1,561.49,0.05,Email,CA,variant
ORD-007548,15/07/2024,CUST-00915,cust-00915@lumenmail.com,Décor,1,295.52,0.0,Paid Search,US,control
ORD-009525,2023-11-27,CUST-02628,cust-02628@lumenmail.com,Décor,1,99.49,0.05,Organic,US,variant
ORD-002274,2024-12-07,CUST-01316,cust-01316@lumenmail.com,Accessories,2,387.06,0.0,Email,US,
ORD-007567,2023-08-29,CUST-01294,cust-01294@lumenmail.com,Furniture,1,95.95,0.0,Email,US,variant
ORD-009483,2023-12-12,CUST-01983,cust-01983@lumenmail.com,Lighting,-1,130.05,0.0,Social,US,
ORD-000835,15/12/2023,CUST-00455,cust-00455@lumenmail.com,Outdoor,1,86.39,0.1,Social,US,
ORD-009099,2024-10-22,CUST-01260,cust-01260@lumenmail.com,Lighting,1,774.11,0.1,Email,US,control
ORD-005813,23/07/2023,CUST-00428,cust-00428@lumenmail.com,Lighting,1,101.25,0.05,Social,US,control
ORD-002620,2024-06-25,CUST-00808,cust-00808@lumenmail.com,Décor,3,309.81,0.1,Paid Search,US,
ORD-002981,2023-06-30,CUST-02413,cust-02413@lumenmail.com,Furniture,1,134.44,0.15,Social,US,
ORD-007129,2024-04-17,CUST-02258,cust-02258@lumenmail.com,Furniture,7,9.85,0.1,Email,US,
ORD-003043,2023-08-30,CUST-01842,cust-01842@lumenmail.com,Outdoor,7,22.62,0.1,Email,US,
ORD-000249,2023-06-21,CUST-01609,cust-01609@lumenmail.com,Lighting,1,66.63,0.0,Organic,CA,control
ORD-002714,25/10/2024,CUST-00211,cust-00211@lumenmail.com,Lighting,1,76.91,0.05,Organic,US,variant
ORD-009592,2024-08-22,CUST-01373,cust-01373@lumenmail.com,Lighting,2,274.58,0.0,Organic,US,variant
ORD-000377,2024-02-10,CUST-01554,cust-01554@lumenmail.com,Lighting,4,57.21,0.1,Organic,US,variant
ORD-007030,2024-03-22,CUST-01006,cust-01006@lumenmail.com,Furniture,4,110.08,0.15,Organic,US,
ORD-009497,2024-12-23,CUST-00886,cust-00886@lumenmail.com,Lighting,1,21.31,0.0,Paid Search,CA,variant
ORD-006348,31/08/2023,CUST-01299,cust-01299@lumenmail.com,Décor,1,747.19,0.05,Paid Search,US,
ORD-000315,2024-11-06,CUST-02148,cust-02148@lumenmail.com,Décor,5,37.84,0.05,Email,CA,variant
ORD-008534,2024-07-01,CUST-00951,cust-00951@lumenmail.com,Décor,1,249.56,0.0,Social,US,control
ORD-008823,08/07/2023,CUST-02532,cust-02532@lumenmail.com,Furniture,1,40.07,0.0,Email,US,variant
ORD-000373,2024-11-19,CUST-02526,cust-02526@lumenmail.com,Furniture,1,169.55,0.2,Organic,US,variant
ORD-003591,01/10/2024,CUST-02707,cust-02707@lumenmail.com,Accessories,4,58.51,0.0,Email,US,control
ORD-002994,2024-12-05,CUST-01173,cust-01173@lumenmail.com,Furniture,4,49.95,0.1,Social,US,control
ORD-006049,2024-05-26,CUST-00808,cust-00808@lumenmail.com,Lighting,1,61.43,0.15,Social,US,
ORD-007683,2024-10-22,CUST-00211,cust-00211@lumenmail.com,Outdoor,2,73.58,0.05,Email,US,variant
ORD-006643,16/06/2023,CUST-00391,cust-00391@lumenmail.com,Décor,2,40.45,0.05,Social,US,control
ORD-001057,2024-04-03,CUST-00838,cust-00838@lumenmail.com,Lighting,2,269.09,0.0,Paid Search,UK,control
ORD-007496,2024-08-02,,guest@lumenmail.com,Lighting,2,35.25,0.1,Organic,US,
ORD-007633,2024-02-21,CUST-00105,cust-00105@lumenmail.com,Furniture,1,133.48,0.1,Email,US,variant
ORD-006934,2024-12-25,CUST-00830,cust-00830@lumenmail.com,Furniture,1,290.68,0.0,Paid Search,US,control
ORD-002625,2023-09-25,CUST-01680,cust-01680@lumenmail.com,Lighting,3,198.05,0.0,Email,US,control
ORD-006658,2023-08-01,CUST-00871,cust-00871@lumenmail.com,Décor,4,175.18,0.2,Organic,US,variant
ORD-008679,2023-09-03,CUST-02530,cust-02530@lumenmail.com,Décor,3,166.88,0.05,Social,US,control
ORD-001977,2023-11-05,CUST-00909,cust-00909@lumenmail.com,Décor,1,13.9,0.05,Social,US,
ORD-005705,2024-05-12,CUST-00908,cust-00908@lumenmail.com,Décor,4,112.82,0.05,Organic,CA,
ORD-000808,2023-10-21,CUST-01979,cust-01979@lumenmail.com,Lighting,1,300.0,0.05,Social,US,
ORD-002742,2023-07-15,CUST-00674,cust-00674@lumenmail.com,Lighting,2,28.54,0.1,,US,
ORD-008769,2024-07-05,CUST-00821,cust-00821@lumenmail.com,Lighting,5,270.14,0.0,Paid Search,US,control
ORD-008638,2023-12-26,CUST-02050,cust-02050@lumenmail.com,Accessories,1,163.31,0.05,Paid Search,US,control
ORD-007844,2024-03-26,CUST-02920,cust-02920@lumenmail.com,Lighting,1,380.83,0.0,Email,US,variant
ORD-001122,,CUST-02097,cust-02097@lumenmail.com,Lighting,2,156.2,0.0,Organic,UK,control
ORD-007352,2024-08-05,CUST-02709,cust-02709@lumenmail.com,Lighting,2,22.42,0.1,Paid Search,US,control
ORD-009212,2024-06-28,CUST-02727,cust-02727@lumenmail.com,Accessories,2,213.57,0.25,Social,US,control
ORD-003551,2024-11-14,CUST-00188,cust-00188@lumenmail.com,Décor,1,30.2,0.05,Paid Search,US,variant
ORD-000273,2024-12-14,CUST-02544,cust-02544@lumenmail.com,Furniture,1,35.37,0.0,Social,US,
ORD-006512,2024-05-25,CUST-01471,cust-01471@lumenmail.com,Furniture,2,10.74,0.0,Paid Search,US,control
ORD-003936,2023-08-11,CUST-00398,cust-00398@lumenmail.com,Lighting,2,86.82,0.15,Email,CA,
ORD-001394,2024-02-16,CUST-00754,cust-00754@lumenmail.com,Outdoor,2,89.78,0.0,Email,US,
ORD-003304,2024-03-10,,guest@lumenmail.com,Lighting,1,37.29,0.0,Paid Search,UK,
ORD-004025,2024-07-17,CUST-02665,cust-02665@lumenmail.com,Furniture,2,787.16,0.0,Social,AU,
ORD-002340,2023-06-26,CUST-01106,cust-01106@lumenmail.com,Lighting,-2,137.26,0.1,Paid Search,US,
ORD-008252,2023-10-14,CUST-01106,cust-01106@lumenmail.com,Lighting,2,203.15,0.0,Paid Search,US,control
ORD-005485,2024-04-18,CUST-00026,cust-00026@lumenmail.com,Décor,5,59.38,0.0,Email,US,variant
ORD-002707,2024-09-29,CUST-02156,cust-02156@lumenmail.com,Décor,2,127.91,0.1,Email,US,
ORD-006705,2024-11-13,CUST-02917,cust-02917@lumenmail.com,Outdoor,1,125.16,0.15,Paid Search,US,variant
ORD-001711,2023-08-28,CUST-01677,cust-01677@lumenmail.com,Outdoor,2,22.59,0.0,Social,CA,variant
ORD-006274,2024-03-12,CUST-01452,cust-01452@lumenmail.com,Outdoor,1,14.22,0.0,Paid Search,US,control
ORD-002731,30/03/2024,CUST-02468,cust-02468@lumenmail.com,Outdoor,1,22.03,0.0,Paid Search,US,control
ORD-003628,2024-04-01,CUST-01438,cust-01438@lumenmail.com,Lighting,1,85.84,0.1,Email,US,variant
ORD-002298,2023-07-06,CUST-01109,cust-01109@lumenmail.com,Décor,4,279.44,0.15,Paid Search,CA,control
ORD-008440,2024-01-19,CUST-01588,cust-01588@lumenmail.com,Décor,-2,23.85,0.05,Paid Search,US,
ORD-003653,2024-02-04,CUST-00151,cust-00151@lumenmail.com,Furniture,1,122.89,0.0,Paid Search,US,variant
ORD-006806,2023-11-24,CUST-01612,cust-01612@lumenmail.com,Furniture,5,95.82,0.15,Organic,CA,control
ORD-006237,2024-03-09,CUST-00071,cust-00071@lumenmail.com,Décor,1,32.38,0.2,Paid Search,US,control
ORD-008890,2024-05-08,CUST-00523,cust-00523@lumenmail.com,Lighting,2,118.66,0.05,Social,US,
ORD-007351,05/08/2023,CUST-01728,cust-01728@lumenmail.com,Lighting,1,666.85,0.05,Paid Search,US,
ORD-003906,2023-06-27,CUST-01140,cust-01140@lumenmail.com,Lighting,1,281.5,0.0,Email,US,control
ORD-001932,2024-05-31,CUST-01273,cust-01273@lumenmail.com,Décor,1,74.42,0.0,Paid Search,AU,control
ORD-008262,2023-07-13,CUST-01308,cust-01308@lumenmail.com,Lighting,1,101.9,0.0,Organic,US,
ORD-000811,2023-10-06,,guest@lumenmail.com,Outdoor,1,750.39,0.1,Email,UK,
ORD-003754,2024-06-26,CUST-01483,cust-01483@lumenmail.com,Lighting,3,116.93,0.0,Email,UK,
ORD-006297,2024-09-26,CUST-00271,cust-00271@lumenmail.com,Furniture,-2,73.31,0.0,Paid Search,CA,control
ORD-007328,26/10/2024,CUST-00971,cust-00971@lumenmail.com,Furniture,2,730.17,0.0,Social,US,
ORD-000367,2024-09-18,CUST-02522,cust-02522@lumenmail.com,Lighting,2,24.73,0.05,Social,CA,control
ORD-005996,2024-11-07,CUST-00659,cust-00659@lumenmail.com,Décor,2,189.42,0.15,Paid Search,US,
ORD-002056,2023-09-29,CUST-02102,cust-02102@lumenmail.com,Furniture,4,39.74,0.1,Organic,US,control
ORD-002595,2023-09-28,CUST-01975,cust-01975@lumenmail.com,Décor,2,373.9,0.05,Email,US,control
ORD-009272,2023-09-26,,guest@lumenmail.com,Lighting,2,80.57,0.0,Paid Search,CA,control
ORD-004059,2024-03-05,CUST-01217,cust-01217@lumenmail.com,Lighting,2,284.49,0.0,Organic,ZZ,
ORD-009132,31/08/2023,CUST-00140,cust-00140@lumenmail.com,Furniture,2,78.42,0.0,Email,US,variant
ORD-006579,2024-04-02,,guest@lumenmail.com,Lighting,1,44.34,0.0,Email,CA,
ORD-006302,2024-12-06,CUST-02285,cust-02285@lumenmail.com,Décor,2,34.1,0.15,Paid Search,US,
ORD-008969,2024-11-08,CUST-00124,cust-00124@lumenmail.com,Décor,1,83.33,0.05,Email,US,variant
ORD-000613,2024-07-03,CUST-01717,cust-01717@lumenmail.com,Furniture,3,84.86,0.05,Organic,CA,control
ORD-009123,2024-02-28,CUST-02156,cust-02156@lumenmail.com,Lighting,2,35.56,0.2,Email,US,variant
ORD-005085,2024-04-09,CUST-02669,cust-02669@lumenmail.com,Décor,1,45.73,0.0,Social,US,control
ORD-006522,2024-01-08,CUST-01227,cust-01227@lumenmail.com,Lighting,-1,70.58,0.1,Email,AU,control
ORD-008914,2023-12-09,CUST-00742,cust-00742@lumenmail.com,Accessories,7,11.31,0.2,Email,AU,
ORD-008837,2024-02-29,CUST-01617,cust-01617@lumenmail.com,Outdoor,4,12.4,0.0,Paid Search,CA,
ORD-000774,2024-07-08,CUST-01605,cust-01605@lumenmail.com,Lighting,1,74.16,0.0,Paid Search,US,control
ORD-005325,2024-12-15,CUST-00087,cust-00087@lumenmail.com,Décor,2,33.79,0.15,Paid Search,US,control
ORD-007398,2024-03-14,CUST-01119,cust-01119@lumenmail.com,Lighting,1,102.91,0.1,Email,US,
ORD-002264,2024-11-03,CUST-00886,cust-00886@lumenmail.com,Décor,-1,85.33,0.1,Organic,US,
ORD-002581,2024-12-17,CUST-01997,cust-01997@lumenmail.com,Lighting,5,37.39,0.1,Organic,US,control
ORD-000668,2023-09-17,CUST-02503,cust-02503@lumenmail.com,Furniture,2,80.65,0.0,Paid Search,UK,
ORD-008668,2023-08-04,CUST-00562,cust-00562@lumenmail.com,Accessories,1,14.46,0.15,Email,US,control
ORD-003428,2023-08-18,CUST-01801,cust-01801@lumenmail.com,Lighting,5,33.24,0.0,Paid Search,US,control
ORD-005873,2024-07-23,CUST-01110,cust-01110@lumenmail.com,Furniture,2,232.8,0.1,Social,US,
ORD-003172,2023-12-19,CUST-01974,cust-01974@lumenmail.com,Décor,2,279.65,0.15,Email,US,variant
ORD-008735,18/08/2023,CUST-00771,cust-00771@lumenmail.com,Outdoor,2,86.29,0.0,Paid Search,US,control
ORD-005443,2024-01-12,CUST-01535,cust-01535@lumenmail.com,Décor,2,158.84,0.15,Email,CA,control
ORD-000964,18/08/2024,,guest@lumenmail.com,Furniture,7,39.12,0.05,Email,US,control
ORD-007638,2023-07-06,CUST-01865,cust-01865@lumenmail.com,Décor,2,203.76,0.15,Organic,US,control
ORD-001211,15/06/2024,CUST-01944,cust-01944@lumenmail.com,Outdoor,1,278.63,0.0,Email,US,
ORD-009415,2023-10-06,CUST-00595,cust-00595@lumenmail.com,Accessories,1,29.75,0.0,Paid Search,UK,control
ORD-007250,2023-08-22,CUST-00652,cust-00652@lumenmail.com,Décor,6,106.4,0.05,Organic,US,variant
ORD-003452,2024-06-09,,guest@lumenmail.com,Lighting,6,218.34,0.15,Email,US,variant
ORD-002803,2023-08-21,CUST-01984,cust-01984@lumenmail.com,Lighting,1,126.99,0.1,Organic,UK,
ORD-003866,2024-12-28,CUST-02288,cust-02288@lumenmail.com,Lighting,1,177.48,0.05,Email,US,variant
ORD-007318,2024-04-06,CUST-00071,cust-00071@lumenmail.com,Décor,3,39.22,0.15,Email,US,
ORD-008267,2023-10-16,CUST-01120,cust-01120@lumenmail.com,Furniture,1,57.18,0.05,Organic,US,
ORD-002743,2024-10-16,CUST-01424,cust-01424@lumenmail.com,Accessories,1,56.75,0.1,Organic,US,variant
ORD-002400,2023-09-05,CUST-00367,cust-00367@lumenmail.com,Lighting,1,27.54,0.05,Organic,AU,
ORD-007430,2024-02-15,CUST-01791,cust-01791@lumenmail.com,Furniture,4,340.72,0.05,Organic,CA,variant
ORD-003426,2023-06-29,CUST-01481,cust-01481@lumenmail.com,Décor,2,88.78,0.05,Organic,US,variant
ORD-000777,2024-09-01,CUST-02812,cust-02812@lumenmail.com,Furniture,2,92.83,0.1,Email,US,
ORD-002243,2024-12-26,CUST-02007,cust-02007@lumenmail.com,Lighting,2,17.8,0.05,Social,US,variant
ORD-001108,02/04/2024,CUST-02602,cust-02602@lumenmail.com,Furniture,-5,62.54,0.1,Paid Search,US,variant
ORD-003119,2024-09-10,CUST-02637,cust-02637@lumenmail.com,Furniture,3,195.79,0.15,Email,CA,control
ORD-005541,2023-09-26,CUST-01703,cust-01703@lumenmail.com,Décor,1,57.64,0.05,Email,US,control
ORD-007896,2024-01-12,CUST-01235,cust-01235@lumenmail.com,Lighting,1,374.12,0.05,Social,UK,control
ORD-001483,2023-07-27,CUST-01490,cust-01490@lumenmail.com,Décor,1,27.41,0.1,Paid Search,CA,control
ORD-006442,15/12/2024,CUST-00286,cust-00286@lumenmail.com,Lighting,1,91.42,0.15,Paid Search,US,control
ORD-002710,2024-05-19,CUST-00093,cust-00093@lumenmail.com,Lighting,1,21.95,0.0,Social,US,variant
ORD-003276,2023-12-08,CUST-00786,cust-00786@lumenmail.com,Décor,1,65.07,0.0,Paid Search,US,
ORD-005817,2024-07-26,CUST-02703,cust-02703@lumenmail.com,Furniture,1,61.27,0.0,Paid Search,US,control
ORD-009336,2023-11-03,CUST-02549,cust-02549@lumenmail.com,Furniture,2,74.36,0.0,Organic,US,
ORD-004864,03/05/2024,CUST-02483,cust-02483@lumenmail.com,Lighting,1,14.05,0.05,Social,US,
ORD-006485,2024-02-17,CUST-01463,cust-01463@lumenmail.com,Accessories,-1,91.46,0.05,,AU,
ORD-004031,24/08/2024,CUST-02215,cust-02215@lumenmail.com,Furniture,1,99.05,0.05,Email,US,
ORD-007845,09/06/2023,CUST-00791,cust-00791@lumenmail.com,Lighting,2,129.09,0.0,Organic,US,control
ORD-007655,2024-10-07,CUST-01684,cust-01684@lumenmail.com,Outdoor,2,75.45,0.1,Email,US,control
ORD-002587,2024-03-28,CUST-02708,cust-02708@lumenmail.com,Furniture,2,37.86,0.15,Email,US,variant
ORD-009502,2024-09-15,,guest@lumenmail.com,Outdoor,1,114.51,0.05,Social,US,
ORD-005568,15/11/2023,CUST-01684,cust-01684@lumenmail.com,Décor,4,9.95,0.05,Email,US,control
ORD-000684,2024-03-25,CUST-00368,cust-00368@lumenmail.com,Lighting,1,45.68,0.0,Social,US,
ORD-008441,2023-12-31,CUST-02012,cust-02012@lumenmail.com,Lighting,2,30.33,0.1,Social,ZZ,control
ORD-006666,2024-03-14,CUST-01449,cust-01449@lumenmail.com,Lighting,1,155.6,0.0,Paid Search,US,control
ORD-006789,2024-09-10,CUST-00768,cust-00768@lumenmail.com,Lighting,1,26.94,0.05,Email,US,
ORD-005068,25/06/2024,CUST-00521,cust-00521@lumenmail.com,Accessories,3,563.67,0.1,Email,UK,variant
ORD-001816,2023-10-01,CUST-01000,cust-01000@lumenmail.com,Décor,3,19.93,0.0,Email,CA,control
ORD-006445,2024-04-09,CUST-02344,cust-02344@lumenmail.com,Furniture,2,78.43,0.1,Paid Search,UK,
ORD-004593,2024-08-22,CUST-02898,cust-02898@lumenmail.com,Décor,1,23.41,0.2,Email,US,variant
ORD-003239,2024-05-01,CUST-02371,cust-02371@lumenmail.com,Furniture,3,198.7,0.05,Organic,ZZ,variant
ORD-002940,2024-11-25,CUST-01558,cust-01558@lumenmail.com,Furniture,1,8.69,0.0,,AU,
ORD-002416,2024-12-08,CUST-01548,cust-01548@lumenmail.com,Décor,1,25.41,0.0,Paid Search,US,control
ORD-003128,2023-08-03,,guest@lumenmail.com,Furniture,6,54.23,0.0,,US,variant
ORD-002695,2024-10-31,CUST-01334,cust-01334@lumenmail.com,Lighting,-4,48.3,0.0,Organic,CA,variant
ORD-002857,2024-11-02,CUST-01632,cust-01632@lumenmail.com,Furniture,4,116.4,0.0,Email,US,
ORD-008382,27/08/2023,CUST-02877,cust-02877@lumenmail.com,Furniture,1,82.31,0.05,Paid Search,US,
ORD-003957,2024-10-08,CUST-01526,cust-01526@lumenmail.com,Décor,1,135.41,0.05,Social,CA,variant
ORD-003389,2024-09-24,CUST-02158,cust-02158@lumenmail.com,Furniture,1,133.33,0.05,Paid Search,CA,variant
ORD-000308,2024-11-08,CUST-00749,cust-00749@lumenmail.com,Décor,1,120.87,0.0,Organic,US,
ORD-006993,2024-12-18,CUST-01638,cust-01638@lumenmail.com,Décor,2,30.56,0.15,Paid Search,CA,
ORD-007478,2024-08-23,CUST-01010,cust-01010@lumenmail.com,Outdoor,2,510.16,0.0,Paid Search,US,control
ORD-006350,2024-05-22,CUST-02687,cust-02687@lumenmail.com,Lighting,2,30.67,0.15,Organic,AU,control
ORD-008826,2024-05-07,CUST-00929,cust-00929@lumenmail.com,Lighting,4,322.67,0.1,Paid Search,US,
ORD-005846,2024-04-01,CUST-01728,cust-01728@lumenmail.com,Lighting,4,184.6,0.15,Email,US,control
ORD-009304,2024-01-27,CUST-00244,cust-00244@lumenmail.com,Décor,1,482.25,0.05,Organic,CA,
ORD-007322,2023-06-09,CUST-00009,cust-00009@lumenmail.com,Lighting,1,108.55,0.0,Email,US,
ORD-008980,2023-07-05,CUST-02872,cust-02872@lumenmail.com,Lighting,2,92.65,0.1,Email,CA,
ORD-004811,16/12/2024,CUST-01113,cust-01113@lumenmail.com,Accessories,2,94.53,0.0,Email,US,
ORD-003699,2024-07-05,CUST-00964,cust-00964@lumenmail.com,Accessories,2,0.0,0.15,Social,US,
ORD-003778,2024-04-10,CUST-02547,cust-02547@lumenmail.com,Lighting,1,334.27,0.05,Email,CA,variant
ORD-008405,2024-06-22,CUST-01930,cust-01930@lumenmail.com,Furniture,1,47.93,0.1,,ZZ,
ORD-004565,02/11/2023,CUST-00187,cust-00187@lumenmail.com,Outdoor,2,35.4,0.1,,UK,
ORD-008047,2023-07-20,CUST-01198,cust-01198@lumenmail.com,Furniture,5,98.19,0.1,Paid Search,US,control
ORD-008665,2024-07-23,,guest@lumenmail.com,Lighting,6,67.55,0.0,Organic,US,control
ORD-003409,2024-02-10,CUST-01846,cust-01846@lumenmail.com,Furniture,5,14.97,0.0,Paid Search,US,control
ORD-009446,2023-09-22,CUST-01606,cust-01606@lumenmail.com,Furniture,-5,168.16,0.2,Paid Search,US,control
ORD-007895,2024-01-06,CUST-02917,cust-02917@lumenmail.com,Outdoor,1,25.59,0.05,Email,US,
ORD-004954,2024-06-03,CUST-01807,cust-01807@lumenmail.com,Lighting,2,66.16,0.0,Email,US,control
ORD-007800,2024-09-30,CUST-02468,cust-02468@lumenmail.com,Décor,4,735.84,0.0,Email,UK,variant
ORD-006287,24/10/2024,CUST-02767,cust-02767@lumenmail.com,Décor,3,47.33,0.0,Social,US,
ORD-009140,2024-11-22,CUST-01853,cust-01853@lumenmail.com,Lighting,2,66.9,0.0,Email,US,variant
ORD-008121,2023-08-05,CUST-01530,cust-01530@lumenmail.com,Furniture,1,26.19,0.1,Email,CA,
ORD-003249,2024-06-03,CUST-01092,cust-01092@lumenmail.com,Furniture,1,85.71,0.0,Social,US,variant
ORD-004677,2024-12-05,CUST-02503,cust-02503@lumenmail.com,Furniture,2,393.29,0.0,Organic,CA,control
ORD-000154,10/08/2024,CUST-01364,cust-01364@lumenmail.com,Furniture,2,181.94,0.1,Paid Search,US,variant
ORD-002572,2023-11-06,CUST-01197,cust-01197@lumenmail.com,Outdoor,-2,46.53,0.1,Organic,US,variant
ORD-002360,2024-05-28,CUST-00921,cust-00921@lumenmail.com,Lighting,1,627.54,0.0,Email,US,variant
ORD-003421,2024-01-10,CUST-01625,cust-01625@lumenmail.com,Décor,1,31.48,0.0,Paid Search,US,
ORD-000314,2024-12-28,CUST-00025,cust-00025@lumenmail.com,Furniture,3,80.49,0.25,Organic,US,variant
ORD-000101,2023-12-13,CUST-01855,cust-01855@lumenmail.com,Outdoor,5,560.49,0.0,Email,CA,
ORD-004173,2024-11-10,CUST-01108,cust-01108@lumenmail.com,Outdoor,2,33.49,0.15,Organic,US,
ORD-004866,15/05/2024,CUST-00732,cust-00732@lumenmail.com,Lighting,1,67.32,0.0,Paid Search,US,variant
ORD-002906,2024-02-24,CUST-02383,cust-02383@lumenmail.com,Furniture,2,128.12,0.0,Email,CA,
ORD-002374,2024-06-24,CUST-00840,cust-00840@lumenmail.com,Lighting,1,20.57,0.0,Email,US,
ORD-000201,2024-02-12,CUST-00939,cust-00939@lumenmail.com,Lighting,1,547.6,0.0,Email,US,
ORD-008775,2024-01-19,CUST-02657,cust-02657@lumenmail.com,Furniture,1,6.75,0.0,Paid Search,CA,
ORD-006206,2023-10-15,CUST-01181,cust-01181@lumenmail.com,Furniture,1,7.16,0.05,Email,US,control
ORD-006215,29/02/2024,,guest@lumenmail.com,Furniture,1,677.29,0.15,Email,US,control
ORD-004108,2024-01-09,CUST-02925,cust-02925@lumenmail.com,Lighting,-1,12.12,0.05,Paid Search,UK,
ORD-003980,2023-11-19,CUST-02502,cust-02502@lumenmail.com,Furniture,-4,25.33,0.05,Social,CA,
ORD-005015,2024-04-22,CUST-01303,cust-01303@lumenmail.com,Décor,1,25.82,0.0,Social,US,
ORD-006583,2023-09-25,CUST-01656,cust-01656@lumenmail.com,Accessories,3,54.8,0.0,Organic,US,control
ORD-005681,2023-06-14,CUST-00174,cust-00174@lumenmail.com,Lighting,1,18.36,0.15,Email,CA,
ORD-003186,2024-05-20,CUST-02492,cust-02492@lumenmail.com,Outdoor,1,82.7,0.0,Email,UK,variant
ORD-008931,2024-10-09,CUST-02098,cust-02098@lumenmail.com,Lighting,2,9.11,0.0,Organic,US,variant
ORD-003892,2024-03-20,,guest@lumenmail.com,Lighting,1,123.36,0.0,Paid Search,US,control
ORD-000687,23/05/2024,CUST-00671,cust-00671@lumenmail.com,Furniture,1,93.78,0.05,Paid Search,UK,control
ORD-007520,2024-12-09,CUST-02097,cust-02097@lumenmail.com,Lighting,2,45.56,0.05,Paid Search,US,
ORD-003676,2023-09-12,CUST-00635,cust-00635@lumenmail.com,Lighting,2,5.82,0.05,Paid Search,US,
ORD-002002,2023-07-27,CUST-02396,cust-02396@lumenmail.com,Lighting,1,23.03,0.0,Social,ZZ,variant
ORD-009012,2023-09-09,CUST-01173,cust-01173@lumenmail.com,Outdoor,1,57.99,0.2,Paid Search,US,
ORD-002939,2023-11-11,CUST-00449,cust-00449@lumenmail.com,Décor,-5,83.68,0.1,Email,US,
ORD-001885,2024-09-07,CUST-00111,cust-00111@lumenmail.com,Outdoor,2,27.51,0.1,Paid Search,UK,control
ORD-002985,2024-08-01,CUST-02970,cust-02970@lumenmail.com,Lighting,1,92.87,0.0,Paid Search,US,control
ORD-007317,2024-12-09,CUST-02502,cust-02502@lumenmail.com,Lighting,2,200.17,0.0,Social,US,variant
ORD-000981,2024-11-15,CUST-00614,cust-00614@lumenmail.com,Lighting,1,86.62,0.1,Paid Search,UK,
ORD-007919,2024-12-11,CUST-00830,cust-00830@lumenmail.com,Décor,1,55.4,0.0,Paid Search,US,
ORD-005428,2024-03-09,CUST-01582,cust-01582@lumenmail.com,Furniture,2,23.5,0.1,Organic,CA,variant
ORD-005105,07/09/2024,CUST-02168,cust-02168@lumenmail.com,Lighting,2,188.86,0.15,Organic,US,
ORD-003850,2023-12-08,CUST-00395,cust-00395@lumenmail.com,Furniture,2,53.22,0.05,Organic,US,control
ORD-000843,2024-09-02,CUST-02290,cust-02290@lumenmail.com,Outdoor,1,85.58,0.0,,US,variant
ORD-009377,2023-07-11,CUST-01709,cust-01709@lumenmail.com,Lighting,3,32.06,0.2,Paid Search,US,control
ORD-005653,2023-09-19,CUST-02857,cust-02857@lumenmail.com,Décor,1,27.69,0.0,Paid Search,UK,variant
ORD-008575,2024-01-21,CUST-00259,cust-00259@lumenmail.com,Lighting,2,137.92,0.0,Paid Search,US,
ORD-002096,2024-05-23,CUST-01021,cust-01021@lumenmail.com,Décor,2,146.86,0.0,Social,US,variant
ORD-009498,02/12/2024,CUST-01744,cust-01744@lumenmail.com,Lighting,2,352.47,0.25,Email,US,
ORD-008833,14/08/2023,CUST-00815,cust-00815@lumenmail.com,Lighting,1,6.78,0.15,Organic,CA,variant
ORD-003439,,CUST-01733,cust-01733@lumenmail.com,Lighting,1,54.75,0.2,Paid Search,US,
ORD-003881,2023-08-25,CUST-00023,cust-00023@lumenmail.com,Lighting,3,154.31,0.0,Email,US,variant
ORD-006870,2024-02-28,CUST-00658,cust-00658@lumenmail.com,Lighting,1,102.58,0.2,Organic,US,
ORD-007708,2024-02-27,CUST-00303,cust-00303@lumenmail.com,Accessories,2,185.36,0.1,Organic,CA,
ORD-001643,2024-08-14,CUST-02476,cust-02476@lumenmail.com,Lighting,1,34.59,0.05,Paid Search,US,control
ORD-005849,2023-09-27,CUST-01538,cust-01538@lumenmail.com,Accessories,1,17.76,0.0,Organic,UK,variant
ORD-000321,2024-06-17,CUST-01767,cust-01767@lumenmail.com,Outdoor,1,5.47,0.0,Social,CA,control
ORD-003008,24/01/2024,CUST-01449,cust-01449@lumenmail.com,Furniture,1,20.26,0.1,Paid Search,US,
ORD-004301,2023-09-15,CUST-00670,cust-00670@lumenmail.com,Lighting,3,30.31,0.05,Paid Search,US,
ORD-001576,2023-08-09,CUST-01893,cust-01893@lumenmail.com,Lighting,3,68.94,0.1,Email,US,variant
ORD-004297,2024-01-06,CUST-00210,cust-00210@lumenmail.com,Outdoor,1,30.77,0.0,Email,UK,control
ORD-001521,2024-10-17,CUST-00635,cust-00635@lumenmail.com,Lighting,1,25.86,0.1,Organic,CA,control
ORD-004259,2024-07-04,CUST-01542,cust-01542@lumenmail.com,Lighting,2,55.74,0.0,Social,US,control
ORD-003767,2024-04-22,CUST-00055,cust-00055@lumenmail.com,Lighting,1,170.56,0.0,Email,AU,variant
ORD-007184,2024-06-29,CUST-01073,cust-01073@lumenmail.com,Furniture,3,53.81,0.1,Email,US,variant
ORD-005101,2024-03-22,CUST-01383,cust-01383@lumenmail.com,Furniture,1,56.54,0.0,Paid Search,US,variant
ORD-006454,09/04/2024,CUST-02171,cust-02171@lumenmail.com,Accessories,1,134.15,0.0,Social,AU,control
ORD-007742,2024-09-06,CUST-00516,cust-00516@lumenmail.com,Lighting,1,18.05,0.0,Email,US,variant
ORD-005479,2024-12-04,,guest@lumenmail.com,Furniture,3,85.86,0.0,Email,US,
ORD-008935,2023-06-02,CUST-00577,cust-00577@lumenmail.com,Lighting,3,60.8,0.1,Organic,US,variant
ORD-008868,17/11/2023,CUST-02092,cust-02092@lumenmail.com,Lighting,1,342.82,0.0,Email,US,variant
ORD-004614,2023-10-08,CUST-01879,cust-01879@lumenmail.com,Furniture,2,27.62,0.0,Paid Search,CA,control
ORD-004760,25/11/2023,CUST-00755,cust-00755@lumenmail.com,Décor,1,16.32,0.0,Social,CA,control
ORD-007146,2024-07-01,CUST-01382,cust-01382@lumenmail.com,Furniture,2,8.6,0.05,Social,CA,
ORD-006119,2024-01-05,CUST-02261,cust-02261@lumenmail.com,Lighting,1,216.05,0.0,Organic,US,variant
ORD-006558,2024-12-15,CUST-01374,cust-01374@lumenmail.com,Lighting,1,90.04,0.0,Organic,US,control
ORD-005002,2024-07-31,,guest@lumenmail.com,Furniture,1,83.67,0.1,Paid Search,US,variant
ORD-001000,2024-05-20,CUST-00313,cust-00313@lumenmail.com,Outdoor,4,54.57,0.2,Social,UK,
ORD-008785,02/11/2023,CUST-01730,cust-01730@lumenmail.com,Lighting,2,96.46,0.15,Paid Search,US,
ORD-007530,2024-01-30,CUST-01022,cust-01022@lumenmail.com,Lighting,5,97.21,0.0,Email,US,
ORD-002368,2024-01-29,CUST-00694,cust-00694@lumenmail.com,Furniture,3,188.36,0.05,Email,US,variant
ORD-005800,2023-11-22,CUST-00695,cust-00695@lumenmail.com,Accessories,1,21.53,0.2,Social,US,
ORD-004242,2023-12-29,CUST-01903,cust-01903@lumenmail.com,Lighting,5,93.94,0.0,Social,US,variant
ORD-001056,2024-02-01,CUST-02792,cust-02792@lumenmail.com,Accessories,1,89.0,0.15,Organic,US,variant
ORD-000190,2023-06-01,CUST-00271,cust-00271@lumenmail.com,Décor,3,62.18,0.0,Email,US,
ORD-007969,2023-11-25,CUST-01323,cust-01323@lumenmail.com,Lighting,3,79.37,0.2,Social,US,variant
ORD-001359,2024-08-22,CUST-02449,cust-02449@lumenmail.com,Lighting,2,49.66,0.0,Organic,US,control
ORD-006555,2024-11-27,CUST-00339,cust-00339@lumenmail.com,Outdoor,2,195.7,0.1,Paid Search,CA,
ORD-000511,07/08/2023,CUST-01644,cust-01644@lumenmail.com,Accessories,1,119.56,0.0,Organic,US,
ORD-000575,16/09/2024,CUST-00674,cust-00674@lumenmail.com,Outdoor,1,26.8,0.0,Organic,US,
ORD-003009,26/10/2024,CUST-02541,cust-02541@lumenmail.com,Furniture,2,88.13,0.2,Paid Search,US,
ORD-008169,2023-10-28,CUST-01915,cust-01915@lumenmail.com,Outdoor,2,36.19,0.1,Social,US,
ORD-009500,08/08/2024,CUST-02142,cust-02142@lumenmail.com,Décor,-2,6.58,0.0,Email,US,control
ORD-002249,2024-01-26,CUST-02269,cust-02269@lumenmail.com,Lighting,3,20.36,0.0,Paid Search,US,control
ORD-007048,2024-03-02,CUST-02709,cust-02709@lumenmail.com,Lighting,5,180.09,0.0,Paid Search,US,variant
ORD-001570,2023-09-08,CUST-01319,cust-01319@lumenmail.com,Lighting,3,9.11,0.0,Paid Search,US,variant
ORD-003337,2024-03-03,CUST-02398,cust-02398@lumenmail.com,Furniture,1,123.53,0.0,Email,UK,
ORD-005973,2024-09-02,CUST-02052,cust-02052@lumenmail.com,Lighting,1,50.42,0.15,Paid Search,CA,
ORD-006152,2023-09-14,CUST-02904,cust-02904@lumenmail.com,Lighting,2,240.35,0.05,Email,US,
ORD-005375,2024-12-16,CUST-02913,cust-02913@lumenmail.com,Furniture,7,11.02,0.0,Paid Search,US,
ORD-005224,2024-01-28,CUST-00187,cust-00187@lumenmail.com,Furniture,4,34.12,0.0,Paid Search,UK,
ORD-007663,2024-10-25,CUST-00239,cust-00239@lumenmail.com,Accessories,2,20.61,0.25,Organic,UK,variant
ORD-004450,2023-06-23,CUST-02600,cust-02600@lumenmail.com,Lighting,3,79.95,0.0,Social,US,
ORD-006290,23/02/2024,CUST-02128,cust-02128@lumenmail.com,Décor,2,171.84,0.0,Paid Search,US,
ORD-006160,19/10/2024,CUST-01330,cust-01330@lumenmail.com,Outdoor,3,191.9,0.0,Organic,US,
ORD-000876,2024-10-19,CUST-00517,cust-00517@lumenmail.com,Accessories,3,22.81,0.0,Organic,US,variant
ORD-004855,2023-06-03,,guest@lumenmail.com,Lighting,2,487.28,0.05,Organic,CA,control
ORD-001915,2023-10-31,CUST-02678,cust-02678@lumenmail.com,Furniture,1,9.64,0.0,Organic,US,
ORD-002783,27/07/2023,CUST-02574,cust-02574@lumenmail.com,Furniture,-1,166.38,0.1,,US,
ORD-002003,2024-10-21,CUST-01400,cust-01400@lumenmail.com,Furniture,1,22.76,0.05,Paid Search,US,variant
ORD-008013,2023-06-20,CUST-02756,cust-02756@lumenmail.com,Outdoor,1,145.14,0.0,Email,CA,
ORD-001937,2024-08-28,CUST-00838,cust-00838@lumenmail.com,Furniture,3,34.7,0.2,Paid Search,US,
ORD-007509,2023-07-15,CUST-02242,cust-02242@lumenmail.com,Lighting,2,30.63,0.1,Email,US,control
ORD-006700,2024-10-06,CUST-01214,cust-01214@lumenmail.com,Décor,1,22.33,0.0,Email,US,variant
ORD-005316,2024-01-01,CUST-00751,cust-00751@lumenmail.com,Décor,2,660.07,0.0,Paid Search,US,
ORD-001783,2024-09-09,CUST-00127,cust-00127@lumenmail.com,Décor,1,92.3,0.0,Social,US,
ORD-003807,2023-08-27,CUST-02851,cust-02851@lumenmail.com,Outdoor,1,42.29,0.0,Organic,US,control
ORD-005830,2024-10-20,CUST-00529,cust-00529@lumenmail.com,Lighting,1,660.74,0.0,Social,US,
ORD-003116,2023-07-24,CUST-00406,cust-00406@lumenmail.com,Lighting,2,17.27,0.0,Social,US,
ORD-007195,18/07/2023,CUST-02029,cust-02029@lumenmail.com,Lighting,4,117.66,0.1,Email,US,variant
ORD-008972,2024-10-29,CUST-01426,cust-01426@lumenmail.com,Décor,2,86.97,0.1,Paid Search,US,
ORD-002664,2023-07-23,CUST-00755,cust-00755@lumenmail.com,Lighting,3,35.37,0.05,Paid Search,US,variant
ORD-004569,2024-12-06,CUST-02510,cust-02510@lumenmail.com,Lighting,2,6.43,0.0,Paid Search,CA,control
ORD-001874,02/09/2024,CUST-02387,cust-02387@lumenmail.com,Accessories,2,122.96,0.0,Social,US,control
ORD-009208,,CUST-02828,cust-02828@lumenmail.com,Outdoor,1,83.43,0.15,Paid Search,US,variant
ORD-002328,2024-03-26,CUST-01352,cust-01352@lumenmail.com,Décor,2,288.66,0.1,Organic,US,variant
ORD-004111,2024-11-07,,guest@lumenmail.com,Lighting,1,23.78,0.0,Email,US,control
ORD-005553,2024-01-27,,guest@lumenmail.com,Furniture,1,131.08,0.0,Email,US,control
ORD-001540,2023-12-23,CUST-00037,cust-00037@lumenmail.com,Furniture,2,78.36,0.0,Paid Search,US,variant
ORD-009470,2023-12-09,,guest@lumenmail.com,Lighting,-6,150.45,0.0,Organic,US,control
ORD-001009,2023-12-27,CUST-01288,cust-01288@lumenmail.com,Lighting,4,42.68,0.15,Paid Search,US,
ORD-002613,2023-11-01,CUST-02740,cust-02740@lumenmail.com,Furniture,2,64.22,0.05,Paid Search,US,control
ORD-003168,2024-02-13,CUST-00912,cust-00912@lumenmail.com,Outdoor,2,345.25,0.0,Paid Search,UK,
ORD-009118,2024-07-28,CUST-02250,cust-02250@lumenmail.com,Lighting,3,41.14,0.2,Paid Search,CA,control
ORD-008860,2023-12-21,CUST-00158,cust-00158@lumenmail.com,Lighting,4,56.97,0.0,,US,
ORD-002910,2023-06-11,,guest@lumenmail.com,Lighting,1,43.24,0.05,Organic,US,
ORD-001926,2024-02-10,CUST-01357,cust-01357@lumenmail.com,Lighting,2,258.72,0.0,Email,US,variant
ORD-009007,31/08/2023,CUST-00479,cust-00479@lumenmail.com,Outdoor,1,73.07,0.15,Paid Search,US,variant
ORD-007421,2024-05-21,CUST-01519,cust-01519@lumenmail.com,Lighting,2,24.54,0.1,Social,CA,
ORD-006141,07/06/2024,CUST-02793,cust-02793@lumenmail.com,Lighting,1,48.28,0.05,Organic,US,
ORD-009076,2024-01-21,CUST-02492,cust-02492@lumenmail.com,Outdoor,1,172.04,0.1,Social,US,control
ORD-000460,2023-11-13,CUST-00048,cust-00048@lumenmail.com,Furniture,2,208.5,0.0,Email,CA,control
ORD-005940,,CUST-01275,cust-01275@lumenmail.com,Lighting,3,63.66,0.1,Organic,UK,control
ORD-009466,2024-11-05,CUST-01120,cust-01120@lumenmail.com,Décor,2,46.76,0.0,Paid Search,US,variant
ORD-000991,2024-10-06,CUST-00789,cust-00789@lumenmail.com,Lighting,1,25.78,0.1,Social,CA,
ORD-007694,2024-03-02,CUST-02987,cust-02987@lumenmail.com,Décor,1,60.71,0.0,Email,US,control
ORD-008422,22/07/2023,CUST-02113,cust-02113@lumenmail.com,Lighting,1,708.35,0.05,Email,US,variant
ORD-002290,2023-10-26,CUST-02866,cust-02866@lumenmail.com,Lighting,2,40.77,0.05,Organic,CA,
ORD-005896,2024-08-29,CUST-01327,cust-01327@lumenmail.com,Lighting,-1,27.39,0.1,Organic,US,
ORD-005615,2023-11-07,CUST-02682,cust-02682@lumenmail.com,Furniture,4,151.25,0.05,Social,US,variant
ORD-005691,2024-09-16,CUST-01792,cust-01792@lumenmail.com,Décor,1,84.66,0.0,,UK,control
ORD-003508,2024-04-21,CUST-00443,cust-00443@lumenmail.com,Lighting,3,92.04,0.1,Organic,US,variant
ORD-007295,2024-06-14,CUST-02725,cust-02725@lumenmail.com,Lighting,4,95.17,0.0,Paid Search,UK,control
ORD-002754,2024-01-21,CUST-00242,cust-00242@lumenmail.com,Lighting,1,196.0,0.0,Paid Search,US,control
ORD-003146,2024-12-14,CUST-00843,cust-00843@lumenmail.com,Lighting,3,339.54,0.2,,UK,
ORD-009124,2024-01-23,CUST-02588,cust-02588@lumenmail.com,Outdoor,1,16.7,0.05,Social,US,control
ORD-008052,26/01/2024,CUST-00190,cust-00190@lumenmail.com,Accessories,2,294.02,0.2,Email,UK,variant
ORD-000798,30/07/2024,CUST-01125,cust-01125@lumenmail.com,Décor,1,56.7,0.0,Social,US,variant
ORD-008491,2024-03-18,CUST-02453,cust-02453@lumenmail.com,Accessories,2,38.7,0.05,Organic,US,control
ORD-002512,30/11/2023,CUST-00909,cust-00909@lumenmail.com,Lighting,5,95.53,0.0,Paid Search,US,
ORD-008356,23/11/2023,,guest@lumenmail.com,Décor,2,359.58,0.05,Email,CA,variant
ORD-003113,2024-07-15,CUST-01396,cust-01396@lumenmail.com,Furniture,1,77.04,0.1,Social,US,
ORD-003644,2024-04-05,CUST-01483,cust-01483@lumenmail.com,Outdoor,2,16.76,0.0,Paid Search,US,variant
ORD-005971,2023-06-02,CUST-00916,cust-00916@lumenmail.com,Décor,6,139.55,0.0,Paid Search,ZZ,control
ORD-001644,2024-01-02,CUST-02541,cust-02541@lumenmail.com,Décor,3,324.73,0.0,Paid Search,US,
ORD-004448,21/03/2024,CUST-02383,cust-02383@lumenmail.com,Décor,-3,589.02,0.2,Email,US,control
ORD-002779,2024-05-25,CUST-02133,cust-02133@lumenmail.com,Lighting,1,93.83,0.0,Email,US,
ORD-002469,27/11/2023,CUST-01969,cust-01969@lumenmail.com,Lighting,1,53.28,0.0,Email,US,control
ORD-005905,2023-08-02,CUST-01192,cust-01192@lumenmail.com,Lighting,1,88.32,0.1,Organic,UK,control
ORD-005300,2024-04-22,CUST-00149,cust-00149@lumenmail.com,Lighting,1,72.33,0.05,Email,CA,
ORD-006766,2023-07-26,CUST-02083,cust-02083@lumenmail.com,Accessories,2,38.48,0.15,Email,US,control
ORD-007192,2023-10-04,CUST-00941,cust-00941@lumenmail.com,Outdoor,2,220.42,0.0,Social,CA,control
ORD-007262,2024-06-07,CUST-01555,cust-01555@lumenmail.com,Lighting,2,147.9,0.0,Email,US,variant
ORD-002712,28/12/2023,CUST-02429,cust-02429@lumenmail.com,Lighting,2,23.94,0.0,Organic,US,variant
ORD-008479,2023-06-11,CUST-02462,cust-02462@lumenmail.com,Décor,7,145.91,0.05,Email,UK,variant
ORD-008887,2024-07-24,CUST-02418,cust-02418@lumenmail.com,Lighting,7,303.12,0.0,Organic,US,control
ORD-003599,2024-02-23,CUST-01224,cust-01224@lumenmail.com,Décor,1,51.34,0.05,,ZZ,variant
ORD-006726,2023-12-17,CUST-02986,cust-02986@lumenmail.com,Furniture,1,64.26,0.0,Organic,US,
ORD-006335,2024-05-15,CUST-01253,cust-01253@lumenmail.com,Décor,1,135.78,0.05,Social,US,control
ORD-004043,2024-02-11,CUST-01377,cust-01377@lumenmail.com,Lighting,1,12.55,0.05,Social,US,variant
ORD-005457,2024-06-17,CUST-00376,cust-00376@lumenmail.com,Lighting,3,33.27,0.1,Paid Search,US,
ORD-005614,2024-11-30,CUST-02653,cust-02653@lumenmail.com,Décor,4,164.31,0.0,Email,UK,
ORD-005023,2023-06-02,CUST-02791,cust-02791@lumenmail.com,Accessories,4,0.0,0.2,Paid Search,US,variant
ORD-007139,2024-10-08,CUST-00497,cust-00497@lumenmail.com,Décor,2,22.25,0.2,Paid Search,US,variant
ORD-002232,2023-08-12,CUST-01841,cust-01841@lumenmail.com,Accessories,1,32.38,0.05,Social,US,
ORD-000063,2024-08-13,CUST-02223,cust-02223@lumenmail.com,Lighting,6,774.04,0.2,Paid Search,US,
ORD-007162,19/08/2023,CUST-01537,cust-01537@lumenmail.com,Furniture,1,146.42,0.05,Paid Search,UK,
ORD-003180,2023-07-28,CUST-00871,cust-00871@lumenmail.com,Décor,1,0.0,0.05,Email,US,control
ORD-008075,2024-07-07,CUST-02123,cust-02123@lumenmail.com,Décor,2,16.77,0.25,Email,US,
ORD-002233,2023-11-10,CUST-01415,cust-01415@lumenmail.com,Lighting,1,323.63,0.0,Organic,US,
ORD-000922,2023-07-29,CUST-00947,cust-00947@lumenmail.com,Lighting,1,57.99,0.1,Paid Search,US,control
ORD-007419,2024-05-02,CUST-01533,cust-01533@lumenmail.com,Lighting,5,445.94,0.0,Paid Search,US,
ORD-005725,2023-09-05,CUST-00871,cust-00871@lumenmail.com,Lighting,1,39.41,0.05,Paid Search,US,variant
ORD-000678,2023-12-04,CUST-02276,cust-02276@lumenmail.com,Lighting,2,135.04,0.05,Email,US,
ORD-000627,2023-11-22,CUST-01059,cust-01059@lumenmail.com,Accessories,2,261.96,0.05,Paid Search,US,
ORD-006906,2023-12-07,CUST-01508,cust-01508@lumenmail.com,Lighting,2,140.81,0.0,Organic,US,control
ORD-006595,2024-11-24,CUST-00734,cust-00734@lumenmail.com,Lighting,2,534.93,0.05,Email,CA,variant
ORD-006479,2024-08-13,CUST-00257,cust-00257@lumenmail.com,Décor,2,49.41,0.05,Paid Search,ZZ,
ORD-001727,2024-03-16,CUST-01210,cust-01210@lumenmail.com,Accessories,1,82.68,0.0,Email,US,
ORD-008317,2024-11-17,,guest@lumenmail.com,Lighting,1,24.16,0.1,Social,AU,variant
ORD-002828,2023-11-05,CUST-01168,cust-01168@lumenmail.com,Lighting,1,227.28,0.1,Paid Search,US,variant
ORD-001517,2024-07-24,CUST-00792,cust-00792@lumenmail.com,Décor,4,169.27,0.0,Email,ZZ,variant
ORD-006420,04/09/2024,CUST-01528,cust-01528@lumenmail.com,Décor,2,53.09,0.0,Social,CA,control
ORD-006164,2024-07-29,CUST-01586,cust-01586@lumenmail.com,Décor,5,43.72,0.0,Email,UK,
ORD-005730,2023-08-06,CUST-00687,cust-00687@lumenmail.com,Lighting,1,67.13,0.0,Social,US,control
ORD-005446,2024-07-11,CUST-01186,cust-01186@lumenmail.com,Furniture,4,37.64,0.0,Paid Search,US,
ORD-000169,2024-06-22,CUST-02461,cust-02461@lumenmail.com,Outdoor,4,245.81,0.05,Email,US,
ORD-004541,2023-11-06,CUST-01203,cust-01203@lumenmail.com,Lighting,2,150.65,0.05,Email,US,
ORD-002767,2023-07-30,CUST-00529,cust-00529@lumenmail.com,Décor,1,335.11,0.0,Email,US,control
ORD-009052,2024-11-12,CUST-01397,cust-01397@lumenmail.com,Furniture,1,119.38,0.0,Organic,US,variant
ORD-006615,2023-09-30,,guest@lumenmail.com,Accessories,1,37.68,0.0,Paid Search,UK,control
ORD-001702,2024-04-07,CUST-01832,cust-01832@lumenmail.com,Furniture,-2,18.67,0.25,Paid Search,US,control
ORD-004858,2024-10-06,CUST-00581,cust-00581@lumenmail.com,Décor,4,24.27,0.0,Paid Search,CA,control
ORD-001254,2024-07-04,CUST-00115,cust-00115@lumenmail.com,Lighting,3,186.04,0.2,Social,US,control
ORD-006161,09/06/2024,CUST-01254,cust-01254@lumenmail.com,Lighting,2,35.02,0.05,Email,US,
ORD-004559,2024-05-25,CUST-01699,cust-01699@lumenmail.com,Lighting,1,151.04,0.0,Email,CA,
ORD-003782,22/08/2023,CUST-01762,cust-01762@lumenmail.com,Furniture,2,60.6,0.05,Social,US,
ORD-008682,23/03/2024,CUST-00989,cust-00989@lumenmail.com,Lighting,1,155.63,0.0,Paid Search,AU,control
ORD-005783,19/09/2024,CUST-02523,cust-02523@lumenmail.com,Accessories,2,102.1,0.05,Paid Search,CA,
ORD-004290,2024-11-08,CUST-02319,cust-02319@lumenmail.com,Furniture,3,91.06,0.2,Paid Search,US,variant
ORD-003790,2024-03-10,CUST-02403,cust-02403@lumenmail.com,Lighting,3,135.69,0.15,Paid Search,UK,control
ORD-003669,2024-08-20,CUST-00272,cust-00272@lumenmail.com,Décor,2,130.71,0.0,Organic,US,control
ORD-008460,,,guest@lumenmail.com,Décor,4,138.55,0.0,Paid Search,US,variant
ORD-006229,2023-07-15,CUST-01678,cust-01678@lumenmail.com,Décor,4,54.77,0.2,Email,US,variant
ORD-003039,2024-03-30,CUST-01788,cust-01788@lumenmail.com,Lighting,1,43.53,0.1,Email,US,
ORD-002139,2024-10-27,CUST-02053,cust-02053@lumenmail.com,Lighting,2,96.18,0.0,Organic,UK,variant
ORD-008454,2023-12-29,CUST-00115,cust-00115@lumenmail.com,Décor,1,13.54,0.1,Paid Search,UK,control
ORD-009347,2024-11-06,CUST-02399,cust-02399@lumenmail.com,Lighting,2,156.11,0.1,Social,US,variant
ORD-007270,2023-11-23,CUST-01963,cust-01963@lumenmail.com,Furniture,4,16.39,0.0,Organic,UK,
ORD-009364,2023-07-20,CUST-02077,cust-02077@lumenmail.com,Lighting,2,737.85,0.0,Email,CA,
ORD-002413,2024-12-30,,guest@lumenmail.com,Furniture,1,33.15,0.1,Email,US,variant
ORD-000045,12/08/2023,CUST-01665,cust-01665@lumenmail.com,Décor,3,0.0,0.0,Email,US,variant
ORD-003555,2024-03-15,CUST-00430,cust-00430@lumenmail.com,Lighting,2,88.69,0.0,Social,US,variant
ORD-004226,15/09/2023,CUST-00653,cust-00653@lumenmail.com,Accessories,2,720.28,0.05,Email,US,control
ORD-007011,2024-01-26,CUST-02101,cust-02101@lumenmail.com,Furniture,1,126.31,0.0,,US,control
ORD-004788,2024-05-10,CUST-00074,cust-00074@lumenmail.com,Lighting,2,395.15,0.0,Paid Search,US,variant
ORD-002679,31/10/2024,CUST-02422,cust-02422@lumenmail.com,Accessories,3,72.59,0.1,Email,US,
ORD-009110,2023-06-23,CUST-02890,cust-02890@lumenmail.com,Lighting,1,43.71,0.15,Paid Search,ZZ,control
ORD-000913,2023-07-26,CUST-01780,cust-01780@lumenmail.com,Décor,1,38.71,0.1,Organic,CA,
ORD-001170,2023-08-01,CUST-02046,cust-02046@lumenmail.com,Décor,2,38.05,0.15,Social,US,variant
ORD-001490,2023-12-13,CUST-01283,cust-01283@lumenmail.com,Lighting,2,106.27,0.05,Email,US,
ORD-005797,2024-10-04,CUST-00981,cust-00981@lumenmail.com,Lighting,1,83.01,0.0,Email,UK,variant
ORD-009562,11/01/2024,CUST-02009,cust-02009@lumenmail.com,Outdoor,-2,11.65,0.0,Paid Search,US,variant
ORD-001146,23/12/2024,CUST-01853,cust-01853@lumenmail.com,Furniture,5,252.06,0.1,Email,AU,control
ORD-000429,2024-07-30,CUST-01220,cust-01220@lumenmail.com,Décor,1,179.95,0.0,Paid Search,AU,
ORD-003281,2023-06-21,CUST-00649,cust-00649@lumenmail.com,Décor,2,370.68,0.25,Email,US,variant
ORD-003632,2023-08-28,CUST-00590,cust-00590@lumenmail.com,Lighting,2,238.92,0.0,Email,US,control
ORD-005350,2024-06-19,CUST-00638,cust-00638@lumenmail.com,Lighting,3,97.35,0.0,Paid Search,US,
ORD-002462,2023-06-18,CUST-01997,cust-01997@lumenmail.com,Décor,5,100.57,0.0,Email,US,
ORD-001472,2023-08-23,CUST-01045,cust-01045@lumenmail.com,Décor,1,7.46,0.0,Paid Search,UK,variant
ORD-007484,20/04/2024,CUST-00626,cust-00626@lumenmail.com,Lighting,2,232.09,0.05,Email,AU,variant
ORD-007080,19/08/2023,CUST-00870,cust-00870@lumenmail.com,Lighting,1,64.66,0.25,Email,US,control
ORD-001518,2024-08-29,CUST-00049,cust-00049@lumenmail.com,Décor,1,27.18,0.0,Paid Search,US,
ORD-001972,2023-11-26,CUST-02600,cust-02600@lumenmail.com,Lighting,3,279.65,0.0,,US,variant
ORD-005267,2024-06-07,CUST-02830,cust-02830@lumenmail.com,Décor,1,262.5,0.05,Email,US,
ORD-003482,2024-10-31,CUST-01716,cust-01716@lumenmail.com,Lighting,1,48.26,0.0,Paid Search,UK,variant
ORD-009418,2024-03-28,,guest@lumenmail.com,Lighting,6,5.42,0.0,Email,UK,
ORD-002792,2023-09-22,CUST-00084,cust-00084@lumenmail.com,Lighting,2,61.4,0.0,Email,CA,variant
ORD-009540,2024-01-19,,guest@lumenmail.com,Décor,1,26.56,0.2,Organic,US,variant
ORD-004692,2023-09-03,CUST-01573,cust-01573@lumenmail.com,Décor,1,40.01,0.2,Email,US,
ORD-002205,2023-07-11,CUST-02221,cust-02221@lumenmail.com,Lighting,2,27.73,0.0,Organic,ZZ,variant
ORD-008418,2024-02-04,CUST-02791,cust-02791@lumenmail.com,Décor,1,149.48,0.1,Paid Search,UK,control
ORD-000103,02/06/2024,CUST-02991,cust-02991@lumenmail.com,Décor,1,370.72,0.1,Organic,AU,variant
ORD-008390,06/10/2024,CUST-02486,cust-02486@lumenmail.com,Lighting,1,19.67,0.05,Social,UK,control
ORD-008987,,CUST-01474,cust-01474@lumenmail.com,Décor,1,575.0,0.2,Email,CA,
ORD-007889,2024-04-12,CUST-00811,cust-00811@lumenmail.com,Accessories,1,64.25,0.15,Social,ZZ,variant
ORD-001612,2024-02-03,CUST-02755,cust-02755@lumenmail.com,Furniture,1,116.17,0.1,Social,US,
ORD-009280,2024-10-04,CUST-00397,cust-00397@lumenmail.com,Lighting,1,39.84,0.05,Paid Search,US,
ORD-001255,2024-10-15,CUST-00582,cust-00582@lumenmail.com,Furniture,1,33.43,0.0,Organic,US,variant
ORD-000873,18/12/2024,CUST-00312,cust-00312@lumenmail.com,Lighting,1,339.11,0.0,Paid Search,US,variant
ORD-008508,2023-06-26,CUST-02639,cust-02639@lumenmail.com,Décor,1,79.72,0.0,Organic,CA,variant
ORD-004845,2024-07-27,CUST-02356,cust-02356@lumenmail.com,Décor,3,158.74,0.0,Paid Search,UK,control
ORD-009029,2023-06-30,CUST-01538,cust-01538@lumenmail.com,Furniture,1,45.51,0.1,Email,UK,
ORD-000067,2023-12-19,,guest@lumenmail.com,Accessories,2,58.27,0.05,Social,US,
ORD-000995,2023-06-11,CUST-01297,cust-01297@lumenmail.com,Décor,3,28.36,0.15,Social,US,variant
ORD-001124,2023-10-22,CUST-02086,cust-02086@lumenmail.com,Outdoor,1,254.9,0.0,Email,US,control
ORD-003640,21/03/2024,CUST-02278,cust-02278@lumenmail.com,Lighting,1,109.54,0.0,Email,UK,
ORD-002005,2024-06-08,CUST-00933,cust-00933@lumenmail.com,Décor,1,94.24,0.05,Paid Search,CA,control
ORD-003983,11/11/2024,CUST-01347,cust-01347@lumenmail.com,Décor,1,6.09,0.25,Email,US,control
ORD-006811,2024-02-03,CUST-02518,cust-02518@lumenmail.com,Furniture,6,74.74,0.1,Organic,US,
ORD-009237,26/09/2023,CUST-01673,cust-01673@lumenmail.com,Lighting,1,9.2,0.0,Paid Search,US,
ORD-007847,2023-10-07,,guest@lumenmail.com,Décor,6,23.55,0.05,Email,AU,
ORD-006102,2023-11-15,CUST-02391,cust-02391@lumenmail.com,Furniture,3,94.71,0.0,,ZZ,control
ORD-008130,2023-09-17,CUST-01843,cust-01843@lumenmail.com,Furniture,3,81.23,0.1,Organic,UK,variant
ORD-007743,2024-03-02,CUST-00122,cust-00122@lumenmail.com,Décor,1,10.84,0.0,Paid Search,US,variant
ORD-003298,2024-03-14,CUST-01912,cust-01912@lumenmail.com,Furniture,3,250.61,0.0,Email,US,variant
ORD-007224,19/10/2023,CUST-01345,cust-01345@lumenmail.com,Décor,-1,100.81,0.0,Email,US,control
ORD-001675,14/03/2024,CUST-00256,cust-00256@lumenmail.com,Furniture,1,101.25,0.0,Organic,CA,
ORD-002490,2023-11-15,CUST-02015,cust-02015@lumenmail.com,Lighting,1,182.34,0.15,Paid Search,US,control
ORD-001078,2024-04-22,CUST-02351,cust-02351@lumenmail.com,Décor,4,28.18,0.0,Email,US,variant
ORD-001455,2024-08-27,CUST-02284,cust-02284@lumenmail.com,Lighting,2,165.54,0.05,Paid Search,AU,
ORD-001557,19/09/2024,CUST-01383,cust-01383@lumenmail.com,Lighting,2,55.32,0.0,Organic,US,control
ORD-002215,2023-09-03,CUST-02860,cust-02860@lumenmail.com,Décor,2,177.64,0.0,Email,US,variant
ORD-009288,20/12/2024,CUST-00541,cust-00541@lumenmail.com,Furniture,1,42.98,0.1,Email,US,variant
ORD-005933,2024-12-28,CUST-01649,cust-01649@lumenmail.com,Lighting,2,384.42,0.1,Paid Search,US,
ORD-006346,2024-01-04,CUST-00089,cust-00089@lumenmail.com,Lighting,5,431.91,0.0,Email,US,
ORD-008610,02/09/2023,CUST-01342,cust-01342@lumenmail.com,Décor,2,777.54,0.1,Paid Search,CA,variant
ORD-009578,2024-09-28,CUST-01628,cust-01628@lumenmail.com,Furniture,3,72.71,0.05,Email,AU,variant
ORD-006567,19/06/2023,CUST-01012,cust-01012@lumenmail.com,Furniture,1,180.01,0.05,Email,US,
ORD-005370,2024-05-03,CUST-00069,cust-00069@lumenmail.com,Lighting,1,66.18,0.05,Email,US,
ORD-008342,2024-08-20,CUST-00187,cust-00187@lumenmail.com,Lighting,5,9.6,0.0,Paid Search,CA,control
ORD-000874,2023-07-08,CUST-01871,cust-01871@lumenmail.com,Furniture,2,696.9,0.0,Paid Search,US,variant
ORD-000840,2023-09-18,CUST-01723,cust-01723@lumenmail.com,Décor,-2,156.15,0.0,Paid Search,CA,
ORD-006632,2023-07-20,CUST-02824,cust-02824@lumenmail.com,Décor,2,163.88,0.1,Paid Search,CA,
ORD-004724,2023-11-25,CUST-00678,cust-00678@lumenmail.com,Outdoor,2,752.82,0.05,Organic,AU,variant
ORD-003235,2024-10-25,CUST-00623,cust-00623@lumenmail.com,Lighting,4,28.68,0.0,Organic,UK,variant
ORD-005821,2024-08-19,CUST-00612,cust-00612@lumenmail.com,Furniture,2,615.81,0.15,Organic,UK,
ORD-005284,2023-08-22,CUST-00767,cust-00767@lumenmail.com,Lighting,1,137.56,0.25,Paid Search,US,variant
ORD-008761,2023-11-15,CUST-02623,cust-02623@lumenmail.com,Lighting,2,206.71,0.0,Organic,CA,
ORD-008861,2024-03-13,CUST-02133,cust-02133@lumenmail.com,Lighting,3,154.01,0.0,Email,US,
ORD-001275,26/11/2023,CUST-02999,cust-02999@lumenmail.com,Furniture,1,11.4,0.1,Paid Search,US,control
ORD-006028,2024-09-08,CUST-01800,cust-01800@lumenmail.com,Outdoor,3,23.86,0.0,Email,CA,
ORD-001909,19/10/2024,,guest@lumenmail.com,Lighting,2,260.81,0.2,Email,CA,variant
ORD-006325,,CUST-02421,cust-02421@lumenmail.com,Lighting,4,12.71,0.05,Paid Search,US,variant
ORD-003774,2024-09-17,CUST-00139,cust-00139@lumenmail.com,Lighting,1,782.96,0.1,Social,CA,
ORD-004019,27/05/2024,CUST-01603,cust-01603@lumenmail.com,Décor,1,44.99,0.1,Paid Search,AU,variant
ORD-008580,2023-07-03,CUST-02789,cust-02789@lumenmail.com,Furniture,1,731.71,0.15,Paid Search,CA,
ORD-008174,2023-07-09,,guest@lumenmail.com,Furniture,1,37.13,0.1,Paid Search,CA,variant
ORD-004595,03/01/2024,CUST-01733,cust-01733@lumenmail.com,Outdoor,2,96.79,0.0,Email,AU,control
ORD-007034,2023-11-27,CUST-02333,cust-02333@lumenmail.com,Décor,1,142.04,0.05,Organic,UK,control
ORD-001715,2024-06-22,CUST-00016,cust-00016@lumenmail.com,Furniture,2,60.55,0.15,Paid Search,US,
ORD-004779,2023-07-22,CUST-02387,cust-02387@lumenmail.com,Furniture,1,267.93,0.05,Organic,AU,control
ORD-005645,2024-07-16,CUST-02691,cust-02691@lumenmail.com,Lighting,2,33.28,0.05,Paid Search,US,
ORD-005312,2024-08-15,CUST-02701,cust-02701@lumenmail.com,Lighting,1,76.05,0.0,Paid Search,US,control
ORD-002705,2024-07-08,CUST-01682,cust-01682@lumenmail.com,Lighting,3,47.0,0.1,Paid Search,US,variant
ORD-008899,2024-07-17,CUST-00228,cust-00228@lumenmail.com,Décor,1,8.3,0.05,Email,CA,control
ORD-002247,2024-01-29,CUST-01300,cust-01300@lumenmail.com,Accessories,1,140.77,0.05,Email,US,control
ORD-008740,2023-06-12,CUST-00440,cust-00440@lumenmail.com,Furniture,1,32.2,0.15,Paid Search,US,variant
ORD-002173,2024-12-19,CUST-02346,cust-02346@lumenmail.com,Décor,1,52.66,0.0,Organic,US,control
ORD-009037,2023-07-08,CUST-01628,cust-01628@lumenmail.com,Outdoor,2,97.84,0.0,Paid Search,US,
ORD-007448,2024-07-15,CUST-00093,cust-00093@lumenmail.com,Lighting,2,384.04,0.0,Paid Search,US,control
ORD-008917,2024-08-20,CUST-00441,cust-00441@lumenmail.com,Furniture,-3,0.0,0.0,Email,US,control
ORD-008614,29/12/2024,CUST-01649,cust-01649@lumenmail.com,Outdoor,1,64.31,0.0,Organic,US,
ORD-005031,2024-02-09,CUST-01794,cust-01794@lumenmail.com,Lighting,5,152.07,0.1,Organic,US,control
ORD-005353,2024-08-28,CUST-01774,cust-01774@lumenmail.com,Décor,1,45.21,0.0,Email,US,variant
ORD-006062,02/11/2023,CUST-00752,cust-00752@lumenmail.com,Furniture,2,26.43,0.25,Social,US,control
ORD-001828,2023-11-21,CUST-02266,cust-02266@lumenmail.com,Furniture,4,9.46,0.0,Paid Search,US,
ORD-004834,2024-05-17,CUST-00082,cust-00082@lumenmail.com,Furniture,5,523.43,0.05,Organic,US,
ORD-005383,2023-11-13,CUST-02168,cust-02168@lumenmail.com,Lighting,2,73.03,0.05,Organic,US,variant
ORD-005916,2024-08-17,CUST-02093,cust-02093@lumenmail.com,Outdoor,7,315.62,0.0,Paid Search,CA,
ORD-002611,2024-06-01,CUST-01177,cust-01177@lumenmail.com,Décor,3,178.57,0.0,Social,US,
ORD-005448,2024-03-31,CUST-01057,cust-01057@lumenmail.com,Accessories,2,323.76,0.15,Organic,US,control
ORD-000723,01/11/2023,CUST-01286,cust-01286@lumenmail.com,Décor,3,10.27,0.0,Organic,US,control
ORD-008329,26/08/2023,CUST-01405,cust-01405@lumenmail.com,Lighting,2,284.03,0.05,Organic,US,variant
ORD-007609,2024-08-18,CUST-02070,cust-02070@lumenmail.com,Lighting,6,14.17,0.1,Paid Search,AU,
ORD-007037,2024-05-20,CUST-02787,cust-02787@lumenmail.com,Lighting,1,161.44,0.05,Email,US,variant
ORD-006162,2024-06-24,CUST-00093,cust-00093@lumenmail.com,Furniture,3,75.01,0.1,Email,CA,
ORD-001502,2024-10-20,CUST-00306,cust-00306@lumenmail.com,Furniture,1,122.94,0.15,Email,CA,variant
ORD-000726,2023-09-10,,guest@lumenmail.com,Accessories,5,127.99,0.15,Email,CA,variant
ORD-000136,,CUST-00508,cust-00508@lumenmail.com,Furniture,3,334.83,0.0,Email,US,
ORD-001249,2024-11-13,CUST-02987,cust-02987@lumenmail.com,Lighting,2,31.91,0.05,Paid Search,US,variant
ORD-002920,21/02/2024,CUST-01290,cust-01290@lumenmail.com,Furniture,1,244.86,0.0,Organic,CA,variant
ORD-001873,2024-09-20,CUST-01674,cust-01674@lumenmail.com,Furniture,2,97.64,0.05,Email,US,
ORD-009292,2024-06-23,CUST-01744,cust-01744@lumenmail.com,Lighting,2,168.31,0.05,Paid Search,UK,variant
ORD-006150,07/10/2023,CUST-00233,cust-00233@lumenmail.com,Décor,3,60.34,0.0,Email,AU,
ORD-007237,2023-06-15,CUST-01147,cust-01147@lumenmail.com,Furniture,1,17.62,0.05,Email,US,
ORD-003558,16/06/2023,CUST-02533,cust-02533@lumenmail.com,Furniture,1,39.37,0.1,Paid Search,US,control
ORD-002937,2024-10-31,CUST-00015,cust-00015@lumenmail.com,Lighting,4,544.72,0.05,Social,US,variant
ORD-002478,2023-06-04,CUST-02859,cust-02859@lumenmail.com,Décor,1,5.37,0.0,Email,US,
ORD-008048,2023-12-05,CUST-00183,cust-00183@lumenmail.com,Lighting,1,66.06,0.0,Email,US,variant
ORD-000985,2024-06-04,CUST-02726,cust-02726@lumenmail.com,Décor,1,98.48,0.0,Email,US,control
ORD-008293,2023-07-10,CUST-00789,cust-00789@lumenmail.com,Décor,3,86.25,0.1,Organic,CA,control
ORD-000978,26/06/2024,CUST-02072,cust-02072@lumenmail.com,Furniture,5,8.84,0.05,Paid Search,US,control
ORD-005624,21/12/2024,CUST-01830,cust-01830@lumenmail.com,Lighting,2,56.51,0.15,Email,UK,control
ORD-000477,26/07/2023,CUST-01458,cust-01458@lumenmail.com,Furniture,2,20.22,0.0,Paid Search,AU,
ORD-001201,2023-07-08,CUST-00242,cust-00242@lumenmail.com,Furniture,1,180.99,0.0,Email,US,variant
ORD-000799,2023-12-09,CUST-00634,cust-00634@lumenmail.com,Furniture,2,53.49,0.0,Email,US,
ORD-007799,2023-10-30,CUST-01062,cust-01062@lumenmail.com,Lighting,5,17.99,0.0,Paid Search,US,
ORD-005955,2023-07-05,CUST-00861,cust-00861@lumenmail.com,Décor,6,168.69,0.0,Paid Search,US,
ORD-001997,30/07/2024,CUST-00157,cust-00157@lumenmail.com,Furniture,1,41.9,0.05,Organic,US,variant
ORD-000812,06/12/2024,CUST-01277,cust-01277@lumenmail.com,Lighting,2,6.61,0.0,Social,US,variant
ORD-002085,2024-10-26,CUST-01870,cust-01870@lumenmail.com,Outdoor,3,607.95,0.25,Social,US,variant
ORD-007049,2024-07-11,,guest@lumenmail.com,Décor,1,74.6,0.0,Paid Search,US,
ORD-000454,2023-06-05,CUST-00830,cust-00830@lumenmail.com,Lighting,1,27.68,0.0,Paid Search,US,
ORD-004603,2023-12-23,CUST-02584,cust-02584@lumenmail.com,Accessories,2,458.32,0.1,Email,AU,
ORD-000064,2024-10-16,CUST-01290,cust-01290@lumenmail.com,Lighting,1,23.29,0.1,,AU,control
ORD-008336,2023-06-03,CUST-00419,cust-00419@lumenmail.com,Lighting,1,745.58,0.0,Paid Search,CA,
ORD-004013,2024-08-28,CUST-00526,cust-00526@lumenmail.com,Lighting,1,163.94,0.2,Email,US,
ORD-001213,2024-02-16,CUST-01058,cust-01058@lumenmail.com,Furniture,1,130.98,0.05,Email,US,
ORD-006151,2024-04-16,CUST-00499,cust-00499@lumenmail.com,Décor,1,50.05,0.2,Paid Search,US,control
ORD-002345,,CUST-02087,cust-02087@lumenmail.com,Furniture,1,254.37,0.05,Paid Search,US,variant
ORD-007790,2023-12-18,CUST-01679,cust-01679@lumenmail.com,Furniture,2,773.72,0.0,Organic,US,
ORD-006408,2024-01-23,CUST-02378,cust-02378@lumenmail.com,Lighting,2,368.74,0.05,Organic,UK,control
ORD-008971,2024-02-21,CUST-01801,cust-01801@lumenmail.com,Lighting,1,22.54,0.0,Organic,US,
ORD-008505,2024-11-16,CUST-00651,cust-00651@lumenmail.com,Décor,1,54.63,0.25,,US,control
ORD-008506,2024-06-28,CUST-00399,cust-00399@lumenmail.com,Lighting,1,360.96,0.0,Email,CA,variant
ORD-007521,2023-06-22,CUST-00425,cust-00425@lumenmail.com,Décor,1,28.93,0.0,Organic,US,
ORD-005668,2023-11-14,CUST-00469,cust-00469@lumenmail.com,Lighting,2,96.69,0.2,Paid Search,ZZ,
ORD-001890,2023-08-18,CUST-00882,cust-00882@lumenmail.com,Lighting,1,104.72,0.0,Paid Search,US,control
ORD-003533,2024-03-28,CUST-02623,cust-02623@lumenmail.com,Furniture,1,558.24,0.0,Paid Search,CA,variant
ORD-006163,2024-01-01,,guest@lumenmail.com,Lighting,2,167.16,0.1,Email,US,
ORD-005671,25/12/2024,CUST-02219,cust-02219@lumenmail.com,Furniture,3,38.23,0.0,Paid Search,CA,variant
ORD-005806,2024-06-09,CUST-00316,cust-00316@lumenmail.com,Lighting,2,315.86,0.1,Organic,CA,control
ORD-006546,2023-10-10,CUST-00704,cust-00704@lumenmail.com,Lighting,7,30.5,0.2,Organic,UK,control
ORD-005374,2024-04-19,CUST-01472,cust-01472@lumenmail.com,Furniture,1,300.97,0.05,Paid Search,US,control
ORD-002834,2024-02-16,,guest@lumenmail.com,Lighting,-2,132.3,0.15,Paid Search,UK,
ORD-006127,2023-10-10,CUST-02399,cust-02399@lumenmail.com,Lighting,2,39.41,0.1,Paid Search,US,variant
ORD-004539,21/01/2024,CUST-01242,cust-01242@lumenmail.com,Décor,1,185.0,0.0,Paid Search,CA,variant
ORD-000663,2024-02-02,CUST-00970,cust-00970@lumenmail.com,Lighting,4,55.19,0.05,Email,US,variant
ORD-001424,2024-10-10,CUST-01881,cust-01881@lumenmail.com,Furniture,2,80.33,0.15,Email,US,variant
ORD-001826,2024-02-19,CUST-00934,cust-00934@lumenmail.com,Lighting,1,25.22,0.1,Social,ZZ,
ORD-002619,2024-06-01,CUST-00440,cust-00440@lumenmail.com,Lighting,1,23.56,0.1,Paid Search,CA,control
ORD-009039,2023-10-26,CUST-02115,cust-02115@lumenmail.com,Furniture,2,347.18,0.0,Paid Search,US,variant
ORD-000935,2024-06-03,CUST-01863,cust-01863@lumenmail.com,Outdoor,1,26.05,0.05,Paid Search,US,variant
ORD-002953,2023-11-21,CUST-00251,cust-00251@lumenmail.com,Outdoor,1,35.04,0.0,Paid Search,CA,control
ORD-006050,2024-10-12,CUST-01724,cust-01724@lumenmail.com,Lighting,3,20.58,0.0,Email,AU,variant
ORD-006836,02/03/2024,CUST-01867,cust-01867@lumenmail.com,Furniture,1,173.7,0.15,Paid Search,AU,
ORD-002296,2023-10-13,CUST-00522,cust-00522@lumenmail.com,Décor,1,94.94,0.1,Email,US,
ORD-006526,2024-05-28,CUST-01503,cust-01503@lumenmail.com,Décor,2,167.9,0.1,Paid Search,CA,variant
ORD-005483,2023-10-17,CUST-00686,cust-00686@lumenmail.com,Décor,4,25.25,0.0,Organic,US,variant
ORD-001765,2024-11-17,CUST-01274,cust-01274@lumenmail.com,Furniture,-2,60.6,0.1,Email,CA,control
ORD-007566,2024-05-22,,guest@lumenmail.com,Accessories,3,8.1,0.0,Paid Search,US,
ORD-007383,2023-11-08,CUST-01443,cust-01443@lumenmail.com,Furniture,1,431.42,0.0,Paid Search,CA,control
ORD-000716,2024-08-15,CUST-02638,cust-02638@lumenmail.com,Lighting,2,20.51,0.0,Organic,UK,variant
ORD-002900,2023-08-04,CUST-01803,cust-01803@lumenmail.com,Furniture,1,385.78,0.2,Paid Search,US,variant
ORD-001537,2024-11-02,CUST-00452,cust-00452@lumenmail.com,Lighting,1,47.66,0.0,Paid Search,CA,control
ORD-000041,2024-01-24,,guest@lumenmail.com,Accessories,2,23.83,0.0,Organic,US,
ORD-005840,2024-12-01,CUST-02735,cust-02735@lumenmail.com,Outdoor,6,72.49,0.0,Organic,US,
ORD-007252,2024-11-08,CUST-02316,cust-02316@lumenmail.com,Furniture,3,397.71,0.0,Social,US,variant
ORD-008091,2024-03-30,CUST-00521,cust-00521@lumenmail.com,Furniture,2,71.22,0.05,Email,US,control
ORD-001391,2024-03-12,CUST-01516,cust-01516@lumenmail.com,Décor,2,46.12,0.1,Social,US,
ORD-008426,30/05/2024,CUST-02281,cust-02281@lumenmail.com,Lighting,3,54.15,0.0,Organic,US,
ORD-006782,2023-08-29,CUST-01492,cust-01492@lumenmail.com,Lighting,1,18.24,0.0,Organic,CA,
ORD-000010,2024-02-12,CUST-02046,cust-02046@lumenmail.com,Décor,3,23.24,0.15,Paid Search,US,variant
ORD-005413,2024-07-11,CUST-01389,cust-01389@lumenmail.com,Outdoor,2,27.77,0.0,Email,US,
ORD-009404,2023-08-01,CUST-01985,cust-01985@lumenmail.com,Furniture,2,30.7,0.0,Email,CA,
ORD-001307,2024-05-12,CUST-02924,cust-02924@lumenmail.com,Furniture,1,12.26,0.15,,US,variant
ORD-003357,,CUST-00909,cust-00909@lumenmail.com,Lighting,1,72.31,0.0,Organic,US,control
ORD-006735,2024-03-09,CUST-00891,cust-00891@lumenmail.com,Lighting,2,101.87,0.15,Paid Search,CA,
ORD-005177,,CUST-02211,cust-02211@lumenmail.com,Lighting,4,17.25,0.1,Organic,US,
ORD-000763,2024-04-04,CUST-00209,cust-00209@lumenmail.com,Lighting,3,115.71,0.05,Organic,US,control
ORD-006135,09/07/2024,CUST-01648,cust-01648@lumenmail.com,Décor,2,227.95,0.0,Paid Search,US,variant
ORD-004495,2024-09-08,CUST-01761,cust-01761@lumenmail.com,Lighting,4,235.13,0.0,Email,UK,variant
ORD-000220,2023-06-22,CUST-01652,cust-01652@lumenmail.com,Décor,2,76.02,0.0,Paid Search,US,variant
ORD-001889,2024-07-24,CUST-01416,cust-01416@lumenmail.com,Décor,3,47.9,0.0,Organic,US,variant
ORD-007374,21/12/2024,CUST-01924,cust-01924@lumenmail.com,Outdoor,1,49.1,0.0,Paid Search,US,variant
ORD-003566,2023-12-30,,guest@lumenmail.com,Outdoor,1,396.28,0.0,Social,US,variant
ORD-008571,2024-04-16,CUST-01159,cust-01159@lumenmail.com,Accessories,3,31.44,0.0,,US,
ORD-001344,2023-06-14,CUST-02713,cust-02713@lumenmail.com,Décor,1,49.19,0.0,Organic,US,
ORD-003602,2023-12-05,CUST-02666,cust-02666@lumenmail.com,Accessories,4,98.03,0.15,Social,CA,control
ORD-000567,2023-08-07,CUST-02362,cust-02362@lumenmail.com,Lighting,4,51.18,0.05,Organic,CA,variant
ORD-003123,2024-08-19,CUST-01822,cust-01822@lumenmail.com,Lighting,1,91.59,0.0,Paid Search,UK,variant
ORD-003868,2024-04-26,CUST-01375,cust-01375@lumenmail.com,Lighting,1,397.93,0.15,Email,US,control
ORD-003194,2023-10-25,CUST-02853,cust-02853@lumenmail.com,Lighting,4,6.14,0.0,Organic,US,variant
ORD-004960,2023-07-22,,guest@lumenmail.com,Outdoor,2,29.93,0.05,Email,US,
ORD-000499,2024-09-13,CUST-00652,cust-00652@lumenmail.com,Outdoor,7,30.12,0.0,Social,AU,control
ORD-008480,2024-04-13,CUST-02537,cust-02537@lumenmail.com,Décor,1,69.12,0.1,Email,US,
ORD-005702,2023-12-03,CUST-01488,cust-01488@lumenmail.com,Lighting,2,5.66,0.0,Social,CA,
ORD-004951,2024-10-04,CUST-02074,cust-02074@lumenmail.com,Décor,1,20.63,0.0,Email,CA,variant
ORD-002372,2024-01-15,CUST-01371,cust-01371@lumenmail.com,Furniture,1,126.77,0.05,Paid Search,US,control
ORD-007246,23/11/2024,CUST-02208,cust-02208@lumenmail.com,Furniture,1,9.86,0.0,Organic,CA,
ORD-005512,2024-07-20,CUST-01835,cust-01835@lumenmail.com,Furniture,2,59.65,0.0,Email,US,variant
ORD-004900,2023-09-30,CUST-00255,cust-00255@lumenmail.com,Lighting,7,37.87,0.05,Email,CA,control
ORD-001305,2024-07-14,CUST-00320,cust-00320@lumenmail.com,Accessories,1,343.97,0.0,Organic,ZZ,variant
ORD-000447,2024-08-29,CUST-02857,cust-02857@lumenmail.com,Décor,2,31.72,0.15,Paid Search,US,control
ORD-008856,2024-05-30,CUST-02146,cust-02146@lumenmail.com,Décor,1,46.36,0.15,Paid Search,CA,variant
ORD-005686,17/09/2023,CUST-02163,cust-02163@lumenmail.com,Lighting,2,247.04,0.05,Paid Search,CA,variant
ORD-006402,2024-09-27,CUST-02185,cust-02185@lumenmail.com,Décor,1,92.22,0.15,Paid Search,US,variant
ORD-000670,2023-10-30,CUST-02377,cust-02377@lumenmail.com,Décor,5,61.6,0.05,Social,UK,
ORD-003688,2023-09-06,CUST-01651,cust-01651@lumenmail.com,Lighting,2,71.33,0.15,Organic,UK,variant
ORD-001084,2024-03-23,CUST-01811,cust-01811@lumenmail.com,Lighting,4,134.19,0.0,Paid Search,US,variant
ORD-001884,2024-10-07,CUST-01605,cust-01605@lumenmail.com,Décor,1,730.42,0.0,Paid Search,US,variant
ORD-000123,2024-09-15,CUST-02052,cust-02052@lumenmail.com,Lighting,3,278.43,0.15,Social,US,
ORD-003231,2023-10-01,CUST-00366,cust-00366@lumenmail.com,Furniture,3,32.65,0.15,Organic,US,variant
ORD-002378,2024-03-14,CUST-01622,cust-01622@lumenmail.com,Décor,2,44.84,0.0,Organic,US,
ORD-007592,2024-03-15,CUST-01387,cust-01387@lumenmail.com,Décor,2,19.25,0.0,Organic,UK,
ORD-000743,2024-02-24,CUST-00163,cust-00163@lumenmail.com,Décor,2,105.14,0.05,Organic,US,variant
ORD-003412,2024-11-16,CUST-02638,cust-02638@lumenmail.com,Lighting,4,373.11,0.05,Social,UK,control
ORD-006614,26/02/2024,CUST-00777,cust-00777@lumenmail.com,Décor,2,8.17,0.05,Paid Search,CA,
ORD-006095,2024-10-05,CUST-01277,cust-01277@lumenmail.com,Décor,1,22.33,0.2,Social,US,variant
ORD-005771,2024-04-23,,guest@lumenmail.com,Furniture,3,378.44,0.2,Paid Search,ZZ,
ORD-007829,2024-08-12,,guest@lumenmail.com,Outdoor,1,197.24,0.0,Social,US,
ORD-003026,08/10/2023,CUST-02177,cust-02177@lumenmail.com,Décor,1,359.41,0.1,Organic,UK,control
ORD-002144,29/11/2023,CUST-01969,cust-01969@lumenmail.com,Décor,1,657.52,0.15,Organic,CA,
ORD-000879,10/09/2023,CUST-00481,cust-00481@lumenmail.com,Furniture,3,48.09,0.0,Email,US,control
ORD-002384,2024-11-10,CUST-02890,cust-02890@lumenmail.com,Lighting,2,36.53,0.05,Email,US,control
ORD-003238,2024-10-11,CUST-01958,cust-01958@lumenmail.com,Lighting,4,245.28,0.0,Organic,CA,variant
ORD-000371,2024-06-05,CUST-00216,cust-00216@lumenmail.com,Décor,1,29.87,0.0,Organic,CA,
ORD-000407,2024-03-28,CUST-02653,cust-02653@lumenmail.com,Décor,1,36.96,0.0,Paid Search,UK,variant
ORD-009042,09/09/2024,CUST-01907,cust-01907@lumenmail.com,Outdoor,1,143.71,0.0,Email,CA,
ORD-009310,2023-06-16,CUST-00646,cust-00646@lumenmail.com,Décor,1,27.78,0.1,Organic,US,control
ORD-005755,2024-06-19,CUST-02489,cust-02489@lumenmail.com,Lighting,2,48.29,0.1,Email,US,
ORD-003079,2024-07-24,CUST-01979,cust-01979@lumenmail.com,Lighting,3,78.11,0.25,Email,US,variant
ORD-005251,2024-08-15,CUST-02274,cust-02274@lumenmail.com,Lighting,2,185.52,0.1,Paid Search,US,variant
ORD-009508,2023-09-30,CUST-01970,cust-01970@lumenmail.com,Décor,1,153.35,0.0,Paid Search,US,variant
ORD-005026,2023-07-21,CUST-01551,cust-01551@lumenmail.com,Furniture,2,49.5,0.1,,US,control
ORD-009264,2023-09-08,CUST-01736,cust-01736@lumenmail.com,Lighting,7,205.44,0.0,Email,US,
ORD-008474,2024-08-15,CUST-00022,cust-00022@lumenmail.com,Lighting,1,98.25,0.0,Social,US,control
ORD-003664,2023-09-25,CUST-02678,cust-02678@lumenmail.com,Accessories,1,56.46,0.0,Organic,US,control
ORD-009170,2024-03-24,CUST-01023,cust-01023@lumenmail.com,Lighting,6,281.26,0.05,Paid Search,CA,
ORD-001671,2024-04-04,CUST-02676,cust-02676@lumenmail.com,Décor,2,54.49,0.2,Email,CA,
ORD-007738,2023-10-11,CUST-02317,cust-02317@lumenmail.com,Lighting,1,63.59,0.0,Email,US,variant
ORD-002443,2024-09-07,CUST-00391,cust-00391@lumenmail.com,Lighting,1,156.97,0.05,Paid Search,US,
ORD-000758,2024-03-13,CUST-02353,cust-02353@lumenmail.com,Furniture,1,40.28,0.05,Paid Search,UK,control
ORD-008012,2024-06-02,CUST-00036,cust-00036@lumenmail.com,Lighting,1,15.4,0.0,Paid Search,US,control
ORD-006894,2023-10-01,,guest@lumenmail.com,Furniture,2,682.66,0.0,Paid Search,US,control
ORD-006808,2024-02-27,CUST-01239,cust-01239@lumenmail.com,Lighting,1,456.11,0.0,Paid Search,US,
ORD-003067,2024-09-10,CUST-01337,cust-01337@lumenmail.com,Décor,3,152.68,0.0,Email,US,variant
ORD-005887,2023-08-15,CUST-01695,cust-01695@lumenmail.com,Outdoor,3,18.4,0.05,Paid Search,US,variant
ORD-000261,28/09/2024,CUST-02504,cust-02504@lumenmail.com,Furniture,2,22.68,0.0,Email,AU,variant
ORD-001668,2024-12-12,CUST-00114,cust-00114@lumenmail.com,Furniture,1,366.67,0.0,Paid Search,UK,control
ORD-008892,04/11/2023,CUST-01051,cust-01051@lumenmail.com,Accessories,1,130.08,0.0,Organic,UK,control
ORD-008878,2024-05-16,CUST-00260,cust-00260@lumenmail.com,Décor,1,20.25,0.05,Social,US,variant
ORD-005408,2024-02-17,CUST-02088,cust-02088@lumenmail.com,Outdoor,1,47.33,0.0,Organic,CA,control
ORD-002194,2023-06-22,CUST-02332,cust-02332@lumenmail.com,Décor,-2,32.38,0.15,Organic,CA,control
ORD-008151,2024-12-21,CUST-01611,cust-01611@lumenmail.com,Lighting,5,79.72,0.0,Email,US,
ORD-002533,2024-06-14,CUST-00181,cust-00181@lumenmail.com,Lighting,1,295.13,0.0,Paid Search,CA,
ORD-001075,2024-06-22,,guest@lumenmail.com,Lighting,1,38.2,0.1,Email,US,variant
ORD-005207,2024-02-24,CUST-00411,cust-00411@lumenmail.com,Lighting,2,59.02,0.2,Social,UK,control
ORD-000891,2024-10-27,CUST-01412,cust-01412@lumenmail.com,Lighting,1,108.7,0.0,Social,US,control
ORD-000338,2024-04-01,CUST-02224,cust-02224@lumenmail.com,Décor,3,37.61,0.15,Email,UK,control
ORD-006057,,CUST-02358,cust-02358@lumenmail.com,Décor,3,641.97,0.0,Paid Search,AU,variant
ORD-004490,2024-05-09,CUST-00600,cust-00600@lumenmail.com,Furniture,2,241.28,0.0,Organic,US,control
ORD-005160,2024-05-06,CUST-01960,cust-01960@lumenmail.com,Accessories,2,48.27,0.2,Email,US,
ORD-004701,2024-09-06,CUST-00722,cust-00722@lumenmail.com,Décor,3,92.81,0.05,Email,US,control
ORD-007791,2023-08-06,CUST-01510,cust-01510@lumenmail.com,Lighting,1,333.61,0.1,Organic,US,
ORD-002123,2024-02-25,,guest@lumenmail.com,Lighting,3,309.13,0.0,Email,US,control
ORD-008466,24/07/2023,CUST-02324,cust-02324@lumenmail.com,Furniture,2,505.73,0.0,Paid Search,US,variant
ORD-005934,2024-01-27,CUST-00203,cust-00203@lumenmail.com,Décor,-1,91.43,0.0,Organic,UK,control
ORD-007188,2024-01-26,CUST-00138,cust-00138@lumenmail.com,Outdoor,4,59.61,0.05,Email,UK,variant
ORD-000140,04/03/2024,CUST-01260,cust-01260@lumenmail.com,Décor,2,390.8,0.0,Organic,US,variant
ORD-006988,2024-03-02,CUST-01202,cust-01202@lumenmail.com,Accessories,1,7.06,0.1,Email,US,
ORD-005351,2024-08-08,CUST-00378,cust-00378@lumenmail.com,Décor,2,95.47,0.0,Social,AU,control
ORD-002646,2023-08-08,CUST-02230,cust-02230@lumenmail.com,Lighting,1,173.13,0.0,Paid Search,US,variant
ORD-007830,2024-01-02,CUST-02954,cust-02954@lumenmail.com,Lighting,2,703.25,0.1,Social,CA,
ORD-002283,2024-11-29,CUST-01819,cust-01819@lumenmail.com,Décor,2,640.08,0.1,Organic,AU,control
ORD-008631,2024-10-18,CUST-01975,cust-01975@lumenmail.com,Furniture,3,85.0,0.0,Email,US,control
ORD-007557,2024-04-01,CUST-01466,cust-01466@lumenmail.com,Lighting,6,9.37,0.0,Paid Search,UK,control
ORD-000295,2024-02-19,CUST-02494,cust-02494@lumenmail.com,Décor,2,296.76,0.05,Paid Search,US,
ORD-001556,2024-03-23,CUST-00822,cust-00822@lumenmail.com,Lighting,3,454.26,0.0,Email,US,variant
ORD-008363,14/04/2024,CUST-02751,cust-02751@lumenmail.com,Furniture,5,184.81,0.0,Email,US,
ORD-008866,2024-08-29,CUST-00384,cust-00384@lumenmail.com,Décor,1,194.84,0.1,Email,ZZ,control
ORD-006132,2024-02-06,CUST-00006,cust-00006@lumenmail.com,Lighting,3,41.85,0.0,Organic,US,variant
ORD-005259,2024-05-15,CUST-00843,cust-00843@lumenmail.com,Lighting,1,38.88,0.05,Organic,US,
ORD-000795,2024-03-09,CUST-02448,cust-02448@lumenmail.com,Lighting,1,107.01,0.0,Email,US,variant
ORD-006298,2024-08-22,CUST-00153,cust-00153@lumenmail.com,Décor,1,17.21,0.2,Paid Search,US,
ORD-003320,2024-10-17,CUST-01280,cust-01280@lumenmail.com,Décor,1,338.36,0.2,Organic,AU,variant
ORD-005373,2024-04-13,CUST-00876,cust-00876@lumenmail.com,Lighting,1,35.51,0.15,Paid Search,US,
ORD-003941,2024-08-01,CUST-01329,cust-01329@lumenmail.com,Furniture,1,63.04,0.05,Email,US,
ORD-003264,2023-12-21,CUST-02812,cust-02812@lumenmail.com,Furniture,2,38.05,0.0,Organic,US,variant
ORD-000570,2024-11-05,CUST-00111,cust-00111@lumenmail.com,Lighting,1,45.77,0.15,,US,control
ORD-004590,2024-08-25,CUST-00990,cust-00990@lumenmail.com,Lighting,1,39.72,0.0,Organic,US,
ORD-001760,2023-06-01,CUST-02214,cust-02214@lumenmail.com,Lighting,2,79.28,0.05,,CA,variant
ORD-000188,09/09/2023,CUST-00469,cust-00469@lumenmail.com,Lighting,1,60.25,0.05,Organic,US,variant
ORD-008457,2023-09-15,CUST-02826,cust-02826@lumenmail.com,Lighting,1,65.69,0.0,Paid Search,UK,control
ORD-007340,2023-06-06,CUST-00131,cust-00131@lumenmail.com,Décor,1,24.6,0.05,Social,CA,
ORD-005188,2023-11-01,CUST-01188,cust-01188@lumenmail.com,Furniture,1,155.61,0.0,Social,AU,control
ORD-000385,26/12/2024,CUST-01720,cust-01720@lumenmail.com,Décor,1,73.64,0.0,Paid Search,US,variant
ORD-008965,2023-09-07,CUST-01810,cust-01810@lumenmail.com,Furniture,1,263.17,0.0,Paid Search,CA,variant
ORD-003839,2024-01-12,CUST-02750,cust-02750@lumenmail.com,Lighting,1,177.07,0.05,,US,
ORD-007423,01/07/2023,CUST-02323,cust-02323@lumenmail.com,Lighting,1,737.76,0.05,Organic,UK,
ORD-004136,2024-09-28,CUST-01898,cust-01898@lumenmail.com,Accessories,2,19.94,0.1,Social,US,variant
ORD-006807,2023-06-16,CUST-01170,cust-01170@lumenmail.com,Lighting,2,317.21,0.15,Email,US,
ORD-004220,2024-05-17,CUST-01183,cust-01183@lumenmail.com,Lighting,2,10.5,0.1,Email,US,
ORD-008539,2024-10-14,CUST-00021,cust-00021@lumenmail.com,Outdoor,1,38.86,0.25,Organic,CA,control
ORD-004099,2023-09-14,CUST-01927,cust-01927@lumenmail.com,Décor,5,727.27,0.15,Paid Search,CA,
ORD-004898,2023-09-27,CUST-02747,cust-02747@lumenmail.com,Accessories,2,48.01,0.1,Email,UK,
ORD-008338,2024-12-01,CUST-00800,cust-00800@lumenmail.com,Décor,1,50.69,0.05,Email,US,variant
ORD-007702,29/07/2024,CUST-02589,cust-02589@lumenmail.com,Lighting,1,13.27,0.15,Paid Search,US,
ORD-005365,2024-08-10,CUST-02243,cust-02243@lumenmail.com,Lighting,-1,31.22,0.0,Paid Search,US,variant
ORD-007172,2023-09-20,CUST-02514,cust-02514@lumenmail.com,Lighting,1,63.67,0.0,Paid Search,US,control
ORD-006362,2023-11-05,CUST-01705,cust-01705@lumenmail.com,Lighting,2,24.21,0.0,Paid Search,US,control
ORD-007443,17/03/2024,CUST-02622,cust-02622@lumenmail.com,Lighting,1,58.07,0.0,Paid Search,US,
ORD-001206,2024-11-27,CUST-02332,cust-02332@lumenmail.com,Lighting,1,34.53,0.0,Organic,US,variant
ORD-000856,21/08/2024,CUST-02034,cust-02034@lumenmail.com,Lighting,1,89.18,0.0,Email,US,variant
ORD-004527,2024-09-18,CUST-02671,cust-02671@lumenmail.com,Lighting,5,98.98,0.0,Paid Search,US,control
ORD-008036,29/11/2024,CUST-00991,cust-00991@lumenmail.com,Outdoor,1,90.13,0.2,Organic,US,control
ORD-004799,2024-08-27,CUST-02548,cust-02548@lumenmail.com,Accessories,2,167.59,0.0,Organic,CA,control
ORD-001161,2023-11-04,CUST-01497,cust-01497@lumenmail.com,Furniture,1,59.27,0.2,Email,US,control
ORD-005466,2024-05-23,CUST-01347,cust-01347@lumenmail.com,Furniture,1,510.65,0.1,Organic,US,variant
ORD-007435,2024-12-28,CUST-00666,cust-00666@lumenmail.com,Lighting,-1,178.19,0.0,Paid Search,CA,variant
ORD-006889,2023-11-13,CUST-00788,cust-00788@lumenmail.com,Furniture,3,24.14,0.0,Email,CA,
ORD-005298,2024-08-25,CUST-02858,cust-02858@lumenmail.com,Outdoor,2,92.85,0.0,Social,US,
ORD-003157,2023-11-16,CUST-01508,cust-01508@lumenmail.com,Lighting,1,72.75,0.0,Social,US,
ORD-008720,2024-07-04,CUST-02694,cust-02694@lumenmail.com,Lighting,5,28.26,0.0,Social,US,
ORD-008591,2024-12-06,CUST-01083,cust-01083@lumenmail.com,Lighting,4,93.45,0.0,Paid Search,US,variant
ORD-005139,2024-09-05,CUST-00147,cust-00147@lumenmail.com,Accessories,2,38.42,0.1,Email,US,variant
ORD-004733,2023-07-03,CUST-00129,cust-00129@lumenmail.com,Décor,2,183.81,0.0,Email,UK,
ORD-002623,2024-04-30,CUST-02758,cust-02758@lumenmail.com,Outdoor,1,542.28,0.0,Social,US,
ORD-005571,2024-06-25,CUST-02662,cust-02662@lumenmail.com,Outdoor,3,263.66,0.1,Email,CA,variant
ORD-000896,2023-11-04,CUST-01053,cust-01053@lumenmail.com,Outdoor,2,159.33,0.05,Social,CA,
ORD-002753,10/10/2023,CUST-01920,cust-01920@lumenmail.com,Lighting,1,15.84,0.25,Email,US,control
ORD-006549,24/11/2024,CUST-01634,cust-01634@lumenmail.com,Lighting,1,265.73,0.1,Social,US,variant
ORD-007363,2024-11-29,,guest@lumenmail.com,Outdoor,3,248.1,0.05,Social,CA,
ORD-000623,2024-08-23,CUST-02354,cust-02354@lumenmail.com,Décor,1,0.0,0.15,Organic,UK,control
ORD-006668,2024-03-20,CUST-00977,cust-00977@lumenmail.com,Décor,1,82.16,0.0,Organic,US,
ORD-005978,2024-12-04,CUST-00462,cust-00462@lumenmail.com,Lighting,1,26.43,0.0,Social,UK,
ORD-004067,2024-01-11,CUST-02931,cust-02931@lumenmail.com,Outdoor,1,32.5,0.15,Paid Search,US,
ORD-001809,2023-10-13,CUST-00755,cust-00755@lumenmail.com,Lighting,2,49.46,0.1,Email,CA,variant
ORD-001002,29/06/2024,CUST-01931,cust-01931@lumenmail.com,Furniture,1,38.94,0.05,Email,UK,variant
ORD-009417,2024-07-23,,guest@lumenmail.com,Décor,3,788.43,0.0,Organic,CA,variant
ORD-006514,2024-04-01,CUST-02336,cust-02336@lumenmail.com,Lighting,1,10.21,0.0,Organic,CA,control
ORD-008264,2024-01-24,CUST-01279,cust-01279@lumenmail.com,Furniture,3,37.78,0.15,Email,ZZ,variant
ORD-003943,07/12/2023,CUST-02933,cust-02933@lumenmail.com,Lighting,2,80.59,0.0,Email,US,control
ORD-008458,2024-10-03,CUST-01079,cust-01079@lumenmail.com,Lighting,6,159.93,0.05,Paid Search,UK,variant
ORD-007414,2024-11-29,CUST-00654,cust-00654@lumenmail.com,Accessories,2,28.15,0.15,Paid Search,AU,control
ORD-001952,2024-12-28,CUST-01077,cust-01077@lumenmail.com,Furniture,3,70.12,0.0,Organic,CA,
ORD-009345,2024-10-30,CUST-01453,cust-01453@lumenmail.com,Décor,2,161.01,0.0,Social,US,variant
ORD-005189,2023-09-06,CUST-01043,cust-01043@lumenmail.com,Furniture,4,342.14,0.0,Paid Search,US,variant
ORD-009086,2024-04-09,CUST-01534,cust-01534@lumenmail.com,Décor,1,16.21,0.05,Paid Search,US,
ORD-008828,2023-09-01,CUST-00022,cust-00022@lumenmail.com,Décor,5,74.18,0.1,Paid Search,US,
ORD-002621,2024-12-10,CUST-00512,cust-00512@lumenmail.com,Lighting,1,36.78,0.05,Paid Search,US,variant
ORD-002796,2023-07-03,CUST-01133,cust-01133@lumenmail.com,Furniture,1,87.52,0.2,Paid Search,US,variant
ORD-009485,2024-04-30,CUST-02340,cust-02340@lumenmail.com,Outdoor,2,199.86,0.0,Social,CA,variant
ORD-005602,2024-03-27,CUST-02922,cust-02922@lumenmail.com,Outdoor,2,112.66,0.0,Organic,CA,control
ORD-005088,2024-12-28,CUST-01501,cust-01501@lumenmail.com,Décor,4,16.46,0.0,Paid Search,US,variant
ORD-000650,2024-08-16,CUST-00480,cust-00480@lumenmail.com,Décor,1,33.63,0.1,Social,UK,
ORD-000494,2023-07-14,CUST-00290,cust-00290@lumenmail.com,Lighting,1,24.13,0.05,Paid Search,US,
ORD-008701,2024-01-11,CUST-02731,cust-02731@lumenmail.com,Accessories,1,55.57,0.2,Organic,US,control
ORD-000759,2024-11-23,CUST-01698,cust-01698@lumenmail.com,Décor,2,355.42,0.15,Paid Search,US,control
ORD-006964,2024-03-14,CUST-01610,cust-01610@lumenmail.com,Décor,5,179.5,0.0,Email,US,control
ORD-007114,2024-05-19,CUST-02574,cust-02574@lumenmail.com,Décor,1,43.31,0.05,Social,US,
ORD-009518,2023-09-29,CUST-02824,cust-02824@lumenmail.com,Lighting,5,56.95,0.0,Paid Search,US,variant
ORD-000788,2024-10-01,CUST-02793,cust-02793@lumenmail.com,Accessories,2,71.94,0.1,Organic,US,
ORD-002869,2024-01-28,CUST-01609,cust-01609@lumenmail.com,Décor,1,26.88,0.2,Organic,US,variant
ORD-004098,2023-08-07,CUST-02358,cust-02358@lumenmail.com,Outdoor,2,114.94,0.0,Paid Search,US,control
ORD-004645,2024-03-05,CUST-00980,cust-00980@lumenmail.com,Outdoor,1,357.69,0.1,Organic,US,control
ORD-002389,2023-08-29,CUST-01034,cust-01034@lumenmail.com,Décor,1,68.66,0.0,Organic,US,
ORD-008313,2024-11-14,CUST-00495,cust-00495@lumenmail.com,Décor,2,100.95,0.0,Paid Search,CA,variant
ORD-002493,2024-05-13,CUST-01778,cust-01778@lumenmail.com,Décor,2,29.2,0.05,Social,US,control
ORD-002848,2024-08-27,CUST-01686,cust-01686@lumenmail.com,Décor,1,32.2,0.0,Social,US,
ORD-004398,2024-04-06,CUST-02539,cust-02539@lumenmail.com,Lighting,6,384.9,0.0,Paid Search,US,
ORD-007751,,CUST-00481,cust-00481@lumenmail.com,Lighting,1,603.38,0.0,,UK,control
ORD-008058,2024-04-04,CUST-02960,cust-02960@lumenmail.com,Lighting,1,34.5,0.0,Paid Search,US,
ORD-008364,2024-08-10,CUST-02071,cust-02071@lumenmail.com,Lighting,1,64.5,0.05,Paid Search,UK,control
ORD-004750,2023-11-09,CUST-01227,cust-01227@lumenmail.com,Décor,1,294.79,0.1,Paid Search,UK,
ORD-002218,2024-02-14,CUST-02181,cust-02181@lumenmail.com,Furniture,1,302.22,0.2,Organic,CA,
ORD-007515,2023-06-26,CUST-00356,cust-00356@lumenmail.com,Décor,3,264.95,0.05,Organic,CA,
ORD-003400,2024-05-03,CUST-01686,cust-01686@lumenmail.com,Outdoor,1,89.68,0.0,Social,US,variant
ORD-008873,2024-03-05,CUST-00614,cust-00614@lumenmail.com,Furniture,1,120.99,0.0,Email,CA,variant
ORD-002457,2023-08-08,CUST-00035,cust-00035@lumenmail.com,Lighting,2,15.06,0.05,,US,
ORD-008954,2024-12-07,CUST-02408,cust-02408@lumenmail.com,Lighting,1,16.69,0.0,Paid Search,US,control
ORD-001965,2024-06-24,CUST-02111,cust-02111@lumenmail.com,Décor,1,188.77,0.05,Social,US,control
ORD-002921,2024-05-20,CUST-02726,cust-02726@lumenmail.com,Outdoor,1,33.16,0.25,Paid Search,US,variant
ORD-006830,2023-09-24,CUST-02848,cust-02848@lumenmail.com,Lighting,3,443.1,0.0,Paid Search,US,control
ORD-009598,2023-12-11,CUST-02890,cust-02890@lumenmail.com,Décor,1,97.43,0.1,Paid Search,US,
ORD-000329,2024-12-17,CUST-01787,cust-01787@lumenmail.com,Lighting,2,44.66,0.25,Paid Search,US,control
ORD-005135,2024-01-09,CUST-02601,cust-02601@lumenmail.com,Lighting,5,6.8,0.0,Email,US,
ORD-001857,2023-12-06,CUST-01657,cust-01657@lumenmail.com,Décor,3,24.66,0.05,Paid Search,US,
ORD-004081,2024-05-08,CUST-00436,cust-00436@lumenmail.com,Furniture,3,57.68,0.1,Social,AU,variant
ORD-002088,2023-06-03,CUST-00381,cust-00381@lumenmail.com,Furniture,2,20.66,0.0,Email,US,control
ORD-007150,15/06/2024,CUST-00775,cust-00775@lumenmail.com,Lighting,4,60.93,0.1,Paid Search,US,
ORD-001599,06/09/2023,CUST-01017,cust-01017@lumenmail.com,Outdoor,2,66.49,0.05,Organic,US,control
ORD-004547,2024-08-27,CUST-00389,cust-00389@lumenmail.com,Décor,3,12.66,0.15,Organic,US,
ORD-001402,21/06/2023,CUST-00882,cust-00882@lumenmail.com,Lighting,4,41.86,0.0,Paid Search,US,control
ORD-000854,2024-01-10,CUST-01872,cust-01872@lumenmail.com,Décor,1,11.43,0.05,Paid Search,CA,variant
ORD-007098,2023-09-12,CUST-01538,cust-01538@lumenmail.com,Outdoor,2,125.15,0.0,,US,
ORD-004176,2024-11-08,CUST-00432,cust-00432@lumenmail.com,Furniture,1,13.85,0.0,Paid Search,US,control
ORD-005545,2024-10-07,CUST-01107,cust-01107@lumenmail.com,Décor,1,45.21,0.0,Social,UK,variant
ORD-000972,2023-10-10,CUST-01803,cust-01803@lumenmail.com,Décor,2,98.2,0.0,Paid Search,US,
ORD-004125,2023-06-08,CUST-00309,cust-00309@lumenmail.com,Lighting,3,8.39,0.0,Social,CA,control
ORD-008070,2023-07-21,CUST-01472,cust-01472@lumenmail.com,Lighting,2,9.03,0.15,Email,UK,variant
ORD-006721,14/07/2024,CUST-02066,cust-02066@lumenmail.com,Lighting,2,74.9,0.0,Paid Search,US,
ORD-001403,2023-12-14,CUST-02638,cust-02638@lumenmail.com,Accessories,1,19.66,0.1,Organic,UK,
ORD-004433,2023-10-11,CUST-01155,cust-01155@lumenmail.com,Outdoor,2,16.3,0.0,Social,US,variant
ORD-008177,2024-03-14,CUST-00281,cust-00281@lumenmail.com,Lighting,1,30.11,0.0,Paid Search,US,
ORD-005231,2024-03-19,CUST-01651,cust-01651@lumenmail.com,Décor,3,91.51,0.0,Organic,US,variant
ORD-004507,2024-05-01,CUST-00468,cust-00468@lumenmail.com,Décor,3,31.63,0.1,Organic,UK,control
ORD-008519,2024-03-13,CUST-01674,cust-01674@lumenmail.com,Accessories,5,25.22,0.0,Paid Search,US,variant
ORD-000517,2024-11-20,CUST-02436,cust-02436@lumenmail.com,Lighting,1,101.82,0.0,Email,CA,
ORD-000904,2024-10-31,CUST-01472,cust-01472@lumenmail.com,Lighting,1,28.58,0.25,Paid Search,US,
ORD-007786,2024-05-03,CUST-02948,cust-02948@lumenmail.com,Décor,2,72.27,0.05,Email,US,
ORD-006586,17/08/2024,CUST-01278,cust-01278@lumenmail.com,Lighting,-1,63.69,0.2,Paid Search,UK,
ORD-005140,2024-07-03,CUST-02992,cust-02992@lumenmail.com,Décor,2,98.42,0.05,Paid Search,US,
ORD-005010,28/11/2023,CUST-00396,cust-00396@lumenmail.com,Lighting,1,11.62,0.25,Social,US,
ORD-000770,2024-02-16,CUST-01956,cust-01956@lumenmail.com,Décor,2,174.64,0.0,Organic,US,control
ORD-000685,2024-05-28,,guest@lumenmail.com,Décor,2,78.4,0.05,Organic,UK,variant
ORD-003127,20/10/2023,CUST-01197,cust-01197@lumenmail.com,Décor,3,63.82,0.2,,UK,
ORD-006890,04/09/2023,CUST-01547,cust-01547@lumenmail.com,Décor,1,65.35,0.1,Organic,UK,control
ORD-001149,2023-11-22,CUST-02370,cust-02370@lumenmail.com,Furniture,1,53.58,0.0,,US,
ORD-000109,2024-12-07,CUST-01154,cust-01154@lumenmail.com,Accessories,1,307.4,0.05,Email,UK,variant
ORD-002220,2024-12-14,CUST-02428,cust-02428@lumenmail.com,Furniture,2,23.94,0.05,Organic,US,variant
ORD-005544,2023-12-28,CUST-01610,cust-01610@lumenmail.com,Furniture,1,25.73,0.0,Organic,US,
ORD-003510,2023-11-17,CUST-01659,cust-01659@lumenmail.com,Outdoor,2,159.43,0.1,Email,US,variant
ORD-007429,2023-09-25,CUST-00399,cust-00399@lumenmail.com,Décor,1,31.2,0.1,Paid Search,US,variant
ORD-002044,2024-07-06,CUST-02325,cust-02325@lumenmail.com,Lighting,1,312.22,0.2,Organic,US,
ORD-001471,2024-12-30,CUST-02471,cust-02471@lumenmail.com,Décor,2,46.6,0.0,Social,US,
ORD-005669,2024-01-24,CUST-02799,cust-02799@lumenmail.com,Décor,1,83.59,0.0,Email,US,control
ORD-005252,2023-09-22,CUST-00073,cust-00073@lumenmail.com,Lighting,1,35.37,0.2,Email,US,variant
ORD-008865,2023-06-11,CUST-01184,cust-01184@lumenmail.com,Décor,2,364.6,0.0,Paid Search,UK,control
ORD-005685,2024-02-02,CUST-00593,cust-00593@lumenmail.com,Outdoor,1,87.63,0.0,Organic,US,
ORD-002369,2023-11-29,,guest@lumenmail.com,Outdoor,2,147.89,0.0,Email,ZZ,control
ORD-005011,2023-07-13,CUST-01329,cust-01329@lumenmail.com,Furniture,2,509.62,0.0,Email,US,control
ORD-000476,2024-08-16,CUST-01437,cust-01437@lumenmail.com,Lighting,7,129.68,0.15,Email,US,
ORD-004731,2024-09-12,CUST-02110,cust-02110@lumenmail.com,Outdoor,1,268.0,0.1,Email,UK,
ORD-003673,2023-09-09,,guest@lumenmail.com,Décor,1,109.77,0.0,Organic,CA,
ORD-005245,14/11/2024,CUST-00824,cust-00824@lumenmail.com,Lighting,2,175.36,0.0,Paid Search,US,
ORD-002696,2023-08-29,CUST-00983,cust-00983@lumenmail.com,Outdoor,1,97.4,0.2,Email,US,variant
ORD-002624,2024-09-11,CUST-02564,cust-02564@lumenmail.com,Lighting,1,63.51,0.0,Email,US,control
ORD-002933,2024-06-13,CUST-01835,cust-01835@lumenmail.com,Décor,1,45.28,0.1,Social,US,variant
ORD-005424,01/05/2024,CUST-01908,cust-01908@lumenmail.com,Furniture,1,384.96,0.0,Social,CA,variant
ORD-009157,2024-02-12,CUST-00526,cust-00526@lumenmail.com,Décor,2,389.73,0.1,Paid Search,CA,variant
ORD-001334,2024-12-18,CUST-00104,cust-00104@lumenmail.com,Lighting,1,38.7,0.0,Paid Search,US,variant
ORD-000060,2024-11-15,CUST-02077,cust-02077@lumenmail.com,Lighting,1,25.58,0.1,Organic,US,variant
ORD-008696,11/09/2023,CUST-01798,cust-01798@lumenmail.com,Outdoor,1,127.06,0.0,Social,US,variant
ORD-001173,2023-09-14,CUST-02087,cust-02087@lumenmail.com,Furniture,3,123.04,0.05,Email,US,variant
ORD-001015,25/07/2023,CUST-01392,cust-01392@lumenmail.com,Lighting,1,388.45,0.05,Email,US,variant
ORD-002837,04/08/2024,CUST-02898,cust-02898@lumenmail.com,Décor,2,18.28,0.2,Social,US,
ORD-006421,2023-07-02,CUST-02500,cust-02500@lumenmail.com,Lighting,2,8.17,0.05,Organic,UK,variant
ORD-004828,2024-04-20,,guest@lumenmail.com,Outdoor,7,399.08,0.15,Paid Search,US,
ORD-009455,2024-10-07,CUST-01320,cust-01320@lumenmail.com,Lighting,1,119.89,0.1,Paid Search,CA,
ORD-004348,2024-05-21,CUST-00202,cust-00202@lumenmail.com,Outdoor,2,17.02,0.0,Email,AU,variant
ORD-003560,,CUST-00543,cust-00543@lumenmail.com,Décor,1,79.08,0.0,Email,US,variant
ORD-005842,2023-08-27,CUST-01424,cust-01424@lumenmail.com,Décor,1,106.34,0.2,Email,CA,control
ORD-008774,2024-01-27,CUST-00721,cust-00721@lumenmail.com,Décor,1,35.97,0.0,Organic,US,
ORD-006955,2024-01-09,CUST-02053,cust-02053@lumenmail.com,Décor,4,125.2,0.05,Paid Search,CA,control
ORD-007275,2024-04-06,CUST-01866,cust-01866@lumenmail.com,Furniture,3,75.22,0.05,Social,US,
ORD-003199,2024-05-03,CUST-01810,cust-01810@lumenmail.com,Lighting,1,60.33,0.05,Paid Search,US,variant
ORD-001165,2024-04-03,CUST-00401,cust-00401@lumenmail.com,Décor,6,28.4,0.25,Paid Search,CA,variant
ORD-004183,2023-06-16,CUST-02792,cust-02792@lumenmail.com,Décor,1,64.88,0.15,Paid Search,US,variant
ORD-005237,2024-11-17,,guest@lumenmail.com,Décor,2,94.49,0.0,Email,US,control
ORD-008639,2024-08-27,CUST-02670,cust-02670@lumenmail.com,Outdoor,1,135.4,0.0,Email,UK,variant
ORD-004748,2024-02-14,CUST-02848,cust-02848@lumenmail.com,Lighting,2,64.81,0.15,Organic,US,
ORD-008119,2024-01-30,CUST-01441,cust-01441@lumenmail.com,Furniture,2,399.01,0.05,Paid Search,UK,
ORD-006952,2023-07-02,CUST-02684,cust-02684@lumenmail.com,Lighting,1,119.59,0.0,Social,US,
ORD-000040,2024-11-06,CUST-01282,cust-01282@lumenmail.com,Outdoor,2,61.46,0.1,Organic,US,control
ORD-007044,15/09/2023,CUST-01328,cust-01328@lumenmail.com,Lighting,1,294.19,0.1,Paid Search,US,
ORD-008424,08/04/2024,CUST-02305,cust-02305@lumenmail.com,Outdoor,3,18.32,0.1,Email,UK,
ORD-006886,2024-03-03,CUST-01852,cust-01852@lumenmail.com,Furniture,1,26.07,0.15,Social,ZZ,variant
ORD-006848,2024-09-16,CUST-01108,cust-01108@lumenmail.com,Lighting,2,96.29,0.1,Paid Search,UK,variant
ORD-005322,13/06/2024,CUST-00714,cust-00714@lumenmail.com,Furniture,2,170.32,0.05,Paid Search,US,variant
ORD-007774,2024-12-15,CUST-02555,cust-02555@lumenmail.com,Lighting,1,119.83,0.0,Paid Search,US,control
ORD-003369,2023-11-18,CUST-01495,cust-01495@lumenmail.com,Décor,2,19.93,0.0,Paid Search,CA,control
ORD-003789,2023-08-06,CUST-00585,cust-00585@lumenmail.com,Lighting,1,389.33,0.0,,US,control
ORD-003723,2023-07-20,,guest@lumenmail.com,Outdoor,1,491.15,0.05,Paid Search,US,
ORD-004769,2024-01-15,CUST-00897,cust-00897@lumenmail.com,Outdoor,1,106.55,0.2,Organic,UK,control
ORD-003244,2024-06-17,,guest@lumenmail.com,Furniture,6,91.95,0.0,Social,UK,control
ORD-009360,19/09/2024,CUST-02964,cust-02964@lumenmail.com,Accessories,1,154.92,0.0,Email,US,
ORD-000237,2024-02-05,CUST-01959,cust-01959@lumenmail.com,Lighting,-4,91.88,0.25,Email,US,
ORD-008789,2024-08-04,CUST-01610,cust-01610@lumenmail.com,Lighting,2,210.29,0.05,Email,US,control
ORD-006987,2023-06-11,CUST-02182,cust-02182@lumenmail.com,Furniture,1,281.64,0.05,Email,UK,control
ORD-001106,2024-01-14,CUST-02662,cust-02662@lumenmail.com,Décor,4,178.79,0.0,Paid Search,US,
ORD-006411,2024-07-04,CUST-02379,cust-02379@lumenmail.com,Accessories,2,539.0,0.25,Paid Search,UK,
ORD-000831,2023-10-11,CUST-01352,cust-01352@lumenmail.com,Lighting,4,23.92,0.1,Paid Search,US,
ORD-004250,2024-11-05,CUST-01043,cust-01043@lumenmail.com,Outdoor,1,50.79,0.0,Paid Search,AU,
ORD-003437,2023-06-20,CUST-02050,cust-02050@lumenmail.com,Lighting,1,122.12,0.05,Organic,US,control
ORD-005534,2023-11-06,CUST-02754,cust-02754@lumenmail.com,Accessories,1,113.86,0.0,Social,AU,
ORD-002543,2023-11-11,CUST-01804,cust-01804@lumenmail.com,Décor,2,218.11,0.05,Paid Search,US,variant
ORD-000871,2024-01-25,CUST-02692,cust-02692@lumenmail.com,Lighting,2,167.99,0.0,Paid Search,US,variant
ORD-007112,30/12/2024,CUST-02275,cust-02275@lumenmail.com,Outdoor,1,55.12,0.0,Paid Search,CA,variant
ORD-003274,2024-05-18,,guest@lumenmail.com,Furniture,1,58.78,0.15,Email,US,
ORD-004244,18/06/2024,CUST-02511,cust-02511@lumenmail.com,Décor,1,733.37,0.05,Paid Search,US,
ORD-009583,2023-08-24,CUST-01456,cust-01456@lumenmail.com,Décor,7,387.1,0.0,Organic,US,
ORD-006497,2024-04-29,CUST-01318,cust-01318@lumenmail.com,Lighting,2,74.3,0.1,Paid Search,CA,
ORD-004562,2024-05-09,CUST-01920,cust-01920@lumenmail.com,Lighting,1,348.66,0.0,Social,US,
ORD-000783,2023-09-01,,guest@lumenmail.com,Décor,3,124.78,0.1,Email,US,
ORD-007554,2024-09-30,CUST-01305,cust-01305@lumenmail.com,Décor,-4,114.46,0.0,Paid Search,US,
ORD-006496,2023-07-30,CUST-01956,cust-01956@lumenmail.com,Accessories,1,528.19,0.0,Organic,US,control
ORD-006073,2023-12-15,CUST-01212,cust-01212@lumenmail.com,Furniture,1,10.0,0.0,Email,US,control
ORD-005673,2023-09-15,CUST-00513,cust-00513@lumenmail.com,Décor,2,86.25,0.05,Paid Search,US,variant
ORD-000819,2023-07-01,CUST-02797,cust-02797@lumenmail.com,Décor,2,78.96,0.0,Paid Search,US,
ORD-000173,09/05/2024,CUST-02841,cust-02841@lumenmail.com,Décor,2,57.36,0.0,Email,CA,variant
ORD-006589,11/07/2024,CUST-02936,cust-02936@lumenmail.com,Accessories,5,136.14,0.2,Email,US,variant
ORD-005379,2024-12-28,CUST-01357,cust-01357@lumenmail.com,Lighting,3,222.73,0.0,Paid Search,CA,variant
ORD-007479,2023-10-30,CUST-00238,cust-00238@lumenmail.com,Lighting,1,192.02,0.25,Email,CA,control
ORD-006980,01/04/2024,CUST-02295,cust-02295@lumenmail.com,Décor,1,322.88,0.05,Organic,US,
ORD-008100,2024-10-28,CUST-01367,cust-01367@lumenmail.com,Décor,1,24.01,0.0,Email,UK,
ORD-007390,2023-12-18,CUST-01613,cust-01613@lumenmail.com,Décor,1,258.26,0.0,Paid Search,US,control
ORD-008154,2024-12-27,CUST-01665,cust-01665@lumenmail.com,Accessories,2,60.42,0.1,Organic,US,control
ORD-007105,2023-07-01,CUST-01367,cust-01367@lumenmail.com,Décor,2,39.17,0.0,Organic,US,variant
ORD-000739,2023-10-13,CUST-00904,cust-00904@lumenmail.com,Accessories,1,18.32,0.0,Email,US,variant
ORD-002008,23/04/2024,CUST-01329,cust-01329@lumenmail.com,Lighting,4,142.49,0.15,Email,UK,
ORD-004193,2024-08-15,CUST-02331,cust-02331@lumenmail.com,Furniture,1,199.78,0.0,Email,US,
ORD-002041,2024-08-15,CUST-00592,cust-00592@lumenmail.com,Lighting,2,71.32,0.05,Paid Search,US,control
ORD-007205,2024-02-14,CUST-02484,cust-02484@lumenmail.com,Lighting,3,13.99,0.1,Email,US,variant
ORD-002162,2023-09-11,CUST-02774,cust-02774@lumenmail.com,Lighting,1,22.14,0.0,Organic,US,variant
ORD-004375,2024-12-21,CUST-01458,cust-01458@lumenmail.com,Outdoor,1,70.66,0.15,Paid Search,US,control
ORD-008147,,CUST-02563,cust-02563@lumenmail.com,Lighting,1,738.1,0.0,Social,CA,
ORD-008824,2023-06-28,CUST-02210,cust-02210@lumenmail.com,Outdoor,2,9.9,0.0,Organic,US,variant
ORD-008031,2023-11-22,CUST-02432,cust-02432@lumenmail.com,Lighting,3,60.47,0.0,Email,US,control
ORD-004391,17/09/2023,CUST-02434,cust-02434@lumenmail.com,Lighting,2,113.69,0.0,Email,US,
ORD-007893,2023-10-24,,guest@lumenmail.com,Lighting,3,48.35,0.0,Paid Search,US,
ORD-000559,2023-10-08,CUST-01360,cust-01360@lumenmail.com,Furniture,1,12.75,0.05,Organic,UK,
ORD-002054,06/07/2024,CUST-00412,cust-00412@lumenmail.com,Lighting,1,187.2,0.0,Social,US,variant
ORD-000599,2024-07-20,CUST-00119,cust-00119@lumenmail.com,Furniture,2,521.14,0.0,Social,US,control
ORD-000379,2023-11-23,,guest@lumenmail.com,Décor,1,14.75,0.1,Social,CA,
ORD-006461,2023-10-09,CUST-01654,cust-01654@lumenmail.com,Lighting,4,8.33,0.2,Paid Search,US,
ORD-008204,2023-10-11,CUST-00465,cust-00465@lumenmail.com,Furniture,4,49.9,0.05,Organic,UK,variant
ORD-000247,15/05/2024,CUST-02604,cust-02604@lumenmail.com,Décor,1,653.69,0.0,,US,control
ORD-005967,07/10/2023,CUST-00188,cust-00188@lumenmail.com,Furniture,2,375.86,0.0,Organic,ZZ,control
ORD-007617,2024-10-09,CUST-00616,cust-00616@lumenmail.com,Lighting,1,29.87,0.0,Email,CA,
ORD-005290,2024-01-19,CUST-01272,cust-01272@lumenmail.com,Décor,1,111.57,0.2,,US,control
ORD-001115,2023-09-10,CUST-02397,cust-02397@lumenmail.com,Furniture,1,787.87,0.0,Organic,AU,
ORD-002441,2024-11-09,CUST-01338,cust-01338@lumenmail.com,Décor,2,275.73,0.25,Email,US,
ORD-002487,2024-01-21,CUST-02620,cust-02620@lumenmail.com,Furniture,1,81.56,0.15,Paid Search,US,
ORD-002672,25/10/2024,CUST-02159,cust-02159@lumenmail.com,Outdoor,3,198.79,0.0,Paid Search,CA,
ORD-002979,2024-07-08,CUST-01473,cust-01473@lumenmail.com,Accessories,1,166.34,0.0,Paid Search,US,variant
ORD-000079,2024-09-19,CUST-00198,cust-00198@lumenmail.com,Lighting,2,146.45,0.0,Social,US,
ORD-001645,2024-09-10,CUST-01446,cust-01446@lumenmail.com,Lighting,1,386.56,0.0,Paid Search,UK,
ORD-001442,2024-08-29,CUST-00577,cust-00577@lumenmail.com,Lighting,1,26.98,0.0,Social,US,
ORD-006661,2023-09-01,CUST-00385,cust-00385@lumenmail.com,Décor,6,8.48,0.0,Organic,US,
ORD-000601,2024-12-19,CUST-02366,cust-02366@lumenmail.com,Furniture,4,11.16,0.1,Email,AU,
ORD-008948,2024-11-19,CUST-01255,cust-01255@lumenmail.com,Décor,2,24.54,0.0,Email,US,control
ORD-007777,2024-02-14,CUST-02473,cust-02473@lumenmail.com,Lighting,1,43.43,0.05,Paid Search,US,
ORD-007686,2024-10-22,CUST-00432,cust-00432@lumenmail.com,Furniture,1,351.74,0.15,Paid Search,US,
ORD-007734,2024-04-02,CUST-02756,cust-02756@lumenmail.com,Accessories,6,33.29,0.0,Email,US,
ORD-000225,2024-03-14,CUST-01185,cust-01185@lumenmail.com,Lighting,4,32.47,0.0,Social,US,control
ORD-007115,2024-09-12,CUST-00949,cust-00949@lumenmail.com,Furniture,1,49.55,0.1,Organic,US,
ORD-002633,2024-11-10,,guest@lumenmail.com,Lighting,2,16.34,0.0,Email,US,control
ORD-005211,2024-12-27,CUST-00145,cust-00145@lumenmail.com,Lighting,1,93.07,0.15,Organic,CA,variant
ORD-004523,,CUST-00917,cust-00917@lumenmail.com,Furniture,3,30.84,0.0,Paid Search,UK,
ORD-008086,2024-09-07,CUST-00007,cust-00007@lumenmail.com,Lighting,1,80.83,0.1,Email,US,
ORD-008752,2024-05-02,CUST-02913,cust-02913@lumenmail.com,Décor,1,5.74,0.15,Email,UK,variant
ORD-000176,2023-10-08,CUST-02993,cust-02993@lumenmail.com,Lighting,7,332.28,0.1,Email,UK,
ORD-008275,2024-11-06,CUST-00027,cust-00027@lumenmail.com,Décor,1,171.65,0.0,Paid Search,US,variant
ORD-000918,2023-06-05,CUST-00056,cust-00056@lumenmail.com,Accessories,1,771.46,0.0,Paid Search,US,control
ORD-000405,2023-12-26,CUST-01603,cust-01603@lumenmail.com,Accessories,2,24.11,0.05,Paid Search,UK,
ORD-008593,2024-08-25,CUST-02895,cust-02895@lumenmail.com,Décor,2,277.27,0.0,Paid Search,ZZ,
ORD-000914,2023-09-13,CUST-00353,cust-00353@lumenmail.com,Furniture,6,32.46,0.05,,US,
ORD-006650,2024-06-02,CUST-01711,cust-01711@lumenmail.com,Décor,2,251.27,0.0,Paid Search,UK,control
ORD-005195,2024-02-18,CUST-01548,cust-01548@lumenmail.com,Furniture,1,30.05,0.05,Social,US,variant
ORD-005857,2023-11-19,CUST-01146,cust-01146@lumenmail.com,Décor,1,12.65,0.05,Paid Search,US,
ORD-000418,2024-10-15,CUST-02122,cust-02122@lumenmail.com,Lighting,1,85.23,0.25,Social,CA,control
ORD-009509,2024-05-30,CUST-02097,cust-02097@lumenmail.com,Décor,2,12.24,0.15,Email,US,control
ORD-000643,01/08/2023,CUST-00319,cust-00319@lumenmail.com,Furniture,1,16.58,0.05,Email,AU,
ORD-002648,2024-01-23,CUST-02115,cust-02115@lumenmail.com,Accessories,2,106.81,0.2,Social,US,
ORD-000275,2024-07-02,CUST-00480,cust-00480@lumenmail.com,Lighting,1,186.36,0.25,Organic,US,
ORD-009145,2024-06-22,CUST-00331,cust-00331@lumenmail.com,Décor,4,101.63,0.05,Social,US,control
ORD-001664,2024-10-12,CUST-01570,cust-01570@lumenmail.com,Accessories,1,134.4,0.2,Paid Search,CA,control
ORD-008604,2024-08-10,CUST-00869,cust-00869@lumenmail.com,Furniture,2,73.6,0.0,Paid Search,UK,
ORD-004629,2023-08-23,CUST-01143,cust-01143@lumenmail.com,Décor,1,146.23,0.25,Email,US,
ORD-008755,2024-04-19,CUST-01198,cust-01198@lumenmail.com,Outdoor,1,192.65,0.05,Paid Search,US,
ORD-002516,2023-10-01,CUST-01549,cust-01549@lumenmail.com,Décor,2,726.68,0.0,Organic,US,control
ORD-008324,2023-10-29,CUST-00816,cust-00816@lumenmail.com,Accessories,2,29.81,0.05,Social,US,
ORD-002895,2023-09-12,CUST-02901,cust-02901@lumenmail.com,Furniture,1,244.26,0.1,Paid Search,CA,control
ORD-002485,03/10/2024,CUST-01543,cust-01543@lumenmail.com,Lighting,5,17.24,0.25,,US,variant
ORD-003742,2024-06-14,CUST-02350,cust-02350@lumenmail.com,Lighting,1,151.16,0.25,Email,US,
ORD-006506,2024-09-14,CUST-02769,cust-02769@lumenmail.com,Furniture,4,43.57,0.15,Paid Search,US,control
ORD-003955,2023-12-18,CUST-02683,cust-02683@lumenmail.com,Furniture,2,30.26,0.15,,US,
ORD-007297,2023-10-20,CUST-00665,cust-00665@lumenmail.com,Lighting,1,44.37,0.05,Email,US,variant
ORD-001412,2024-05-07,,guest@lumenmail.com,Lighting,2,31.37,0.0,Social,ZZ,control
ORD-008991,2024-11-11,CUST-00617,cust-00617@lumenmail.com,Décor,4,115.75,0.0,Organic,AU,control
ORD-007130,2024-02-26,CUST-00115,cust-00115@lumenmail.com,Décor,1,160.58,0.15,Social,CA,
ORD-005997,2024-03-04,CUST-02715,cust-02715@lumenmail.com,Décor,2,14.6,0.0,Organic,US,variant
ORD-000615,2023-08-04,CUST-02162,cust-02162@lumenmail.com,Décor,1,64.68,0.1,,CA,
ORD-001395,2024-12-04,CUST-00742,cust-00742@lumenmail.com,Décor,3,112.19,0.2,Organic,US,
ORD-005570,22/09/2024,CUST-01501,cust-01501@lumenmail.com,Décor,3,20.81,0.05,Organic,CA,control
ORD-005044,2024-12-25,CUST-02253,cust-02253@lumenmail.com,Lighting,2,43.84,0.0,Paid Search,US,
ORD-003622,2024-05-03,CUST-00058,cust-00058@lumenmail.com,Décor,-3,62.73,0.05,Organic,AU,variant
ORD-007033,2024-02-04,CUST-02795,cust-02795@lumenmail.com,Lighting,5,44.11,0.0,Paid Search,US,
ORD-004797,2023-12-06,CUST-02283,cust-02283@lumenmail.com,Furniture,1,94.85,0.0,Email,US,control
ORD-006631,2024-02-05,CUST-02285,cust-02285@lumenmail.com,Décor,2,26.47,0.0,,US,control
ORD-003247,2023-06-04,CUST-02435,cust-02435@lumenmail.com,Lighting,3,164.81,0.0,Email,CA,variant
ORD-002489,04/07/2023,,guest@lumenmail.com,Décor,2,12.64,0.1,Organic,CA,control
ORD-000425,2024-06-17,,guest@lumenmail.com,Outdoor,1,154.05,0.0,Paid Search,AU,
ORD-003424,2023-12-23,CUST-02686,cust-02686@lumenmail.com,Outdoor,1,9.05,0.0,Email,UK,
ORD-002032,2024-06-15,CUST-00325,cust-00325@lumenmail.com,Décor,2,486.66,0.05,Paid Search,US,control
ORD-007410,2023-08-05,,guest@lumenmail.com,Lighting,1,89.8,0.05,Organic,US,
ORD-007622,2024-01-18,CUST-02274,cust-02274@lumenmail.com,Décor,1,177.63,0.1,Social,CA,control
ORD-001879,24/12/2023,CUST-01912,cust-01912@lumenmail.com,Outdoor,2,516.94,0.25,Social,US,
ORD-001983,2024-10-28,CUST-01165,cust-01165@lumenmail.com,Outdoor,5,97.22,0.05,Email,US,
ORD-001205,17/12/2023,CUST-02082,cust-02082@lumenmail.com,Furniture,2,18.96,0.0,Email,US,
ORD-000065,2024-12-12,CUST-02199,cust-02199@lumenmail.com,Accessories,1,168.04,0.1,Organic,US,
ORD-006947,2024-04-01,CUST-02486,cust-02486@lumenmail.com,Lighting,3,331.76,0.1,Paid Search,US,
ORD-002627,2023-06-05,CUST-02972,cust-02972@lumenmail.com,Lighting,1,701.41,0.0,,US,
ORD-006702,2023-06-07,CUST-00992,cust-00992@lumenmail.com,Décor,2,153.4,0.0,Paid Search,US,
ORD-000493,2023-09-10,CUST-00347,cust-00347@lumenmail.com,Outdoor,4,95.85,0.0,Social,US,
ORD-001716,2023-08-23,CUST-02098,cust-02098@lumenmail.com,Lighting,5,438.48,0.1,Organic,ZZ,control
ORD-008042,2024-04-01,CUST-01837,cust-01837@lumenmail.com,Lighting,3,122.53,0.15,Social,CA,control
ORD-003177,2024-06-09,CUST-02303,cust-02303@lumenmail.com,Lighting,3,67.63,0.0,Paid Search,US,
ORD-003675,2024-10-14,CUST-02273,cust-02273@lumenmail.com,Accessories,2,20.16,0.0,Paid Search,US,control
ORD-006030,2024-02-21,CUST-01228,cust-01228@lumenmail.com,Lighting,2,37.99,0.05,Email,US,
ORD-005741,2023-11-01,CUST-01831,cust-01831@lumenmail.com,Lighting,1,25.23,0.05,Email,US,control
ORD-002456,2024-11-24,CUST-02149,cust-02149@lumenmail.com,Décor,2,13.22,0.0,Paid Search,US,control
ORD-000121,2023-11-18,CUST-02234,cust-02234@lumenmail.com,Outdoor,1,76.79,0.05,Email,UK,control
ORD-000495,2024-08-30,CUST-02658,cust-02658@lumenmail.com,Furniture,4,65.73,0.0,Email,CA,control
ORD-005494,2023-07-10,CUST-01835,cust-01835@lumenmail.com,Outdoor,2,99.72,0.0,Email,US,control
ORD-008311,2024-10-21,CUST-01410,cust-01410@lumenmail.com,Lighting,1,45.65,0.0,Paid Search,US,control
ORD-000966,2024-10-13,CUST-02050,cust-02050@lumenmail.com,Outdoor,1,369.49,0.0,Paid Search,US,variant
ORD-002291,2023-08-25,CUST-02759,cust-02759@lumenmail.com,Lighting,3,12.83,0.0,Paid Search,UK,
ORD-006001,2024-05-05,CUST-00392,cust-00392@lumenmail.com,Décor,1,138.69,0.05,Social,US,
ORD-006794,2023-09-06,CUST-02607,cust-02607@lumenmail.com,Outdoor,1,84.7,0.2,Paid Search,CA,
ORD-008369,2024-04-04,CUST-01257,cust-01257@lumenmail.com,Furniture,1,107.65,0.1,Paid Search,UK,control
ORD-003336,2024-06-18,CUST-02660,cust-02660@lumenmail.com,Outdoor,2,31.06,0.0,Email,US,control
ORD-007194,18/08/2023,CUST-00653,cust-00653@lumenmail.com,Accessories,2,77.85,0.15,Organic,US,
ORD-006364,13/03/2024,CUST-02380,cust-02380@lumenmail.com,Furniture,1,738.17,0.1,Email,US,variant
ORD-003600,15/02/2024,CUST-02687,cust-02687@lumenmail.com,Décor,2,221.78,0.1,Organic,US,control
ORD-003374,2023-07-19,CUST-00134,cust-00134@lumenmail.com,Décor,1,694.38,0.0,Paid Search,US,
ORD-007123,2024-05-04,CUST-01716,cust-01716@lumenmail.com,Furniture,1,89.57,0.0,Email,CA,
ORD-007099,2024-04-02,CUST-02525,cust-02525@lumenmail.com,Furniture,2,80.04,0.15,Organic,CA,
ORD-006633,2023-07-27,CUST-02379,cust-02379@lumenmail.com,Lighting,1,22.99,0.2,Social,CA,control
ORD-002018,2024-08-04,,guest@lumenmail.com,Furniture,1,95.82,0.0,Organic,US,control
ORD-006373,2023-09-19,CUST-00645,cust-00645@lumenmail.com,Décor,1,723.26,0.0,Paid Search,US,variant
ORD-000002,2024-11-24,CUST-01549,cust-01549@lumenmail.com,Lighting,2,284.01,0.25,Email,CA,variant
ORD-006559,2024-09-02,CUST-01279,cust-01279@lumenmail.com,Lighting,2,42.46,0.1,Email,US,
ORD-009271,2024-12-11,CUST-02933,cust-02933@lumenmail.com,Furniture,2,193.15,0.05,Email,US,
ORD-007294,2024-11-30,CUST-01993,cust-01993@lumenmail.com,Outdoor,1,182.85,0.1,Organic,UK,
ORD-006581,2023-08-19,CUST-02180,cust-02180@lumenmail.com,Lighting,3,161.05,0.1,Social,UK,control
ORD-003280,2024-05-23,CUST-01249,cust-01249@lumenmail.com,Outdoor,-1,519.02,0.0,Paid Search,US,variant
ORD-009559,2024-12-30,CUST-02471,cust-02471@lumenmail.com,Furniture,1,41.03,0.0,Paid Search,CA,
ORD-000545,2023-10-26,CUST-01626,cust-01626@lumenmail.com,Lighting,1,13.3,0.0,Email,UK,control
ORD-005069,2023-06-20,CUST-01795,cust-01795@lumenmail.com,Furniture,2,499.53,0.0,Email,US,
ORD-003205,2024-06-25,,guest@lumenmail.com,Lighting,5,5.84,0.0,Paid Search,UK,control
ORD-007121,15/06/2024,CUST-01357,cust-01357@lumenmail.com,Outdoor,2,82.01,0.15,Email,US,variant
ORD-005154,2024-07-31,CUST-02107,cust-02107@lumenmail.com,Accessories,2,96.71,0.0,Email,US,control
ORD-000138,2024-01-06,CUST-02193,cust-02193@lumenmail.com,Décor,2,622.94,0.0,Paid Search,US,variant
ORD-008112,2023-12-25,CUST-02952,cust-02952@lumenmail.com,Outdoor,1,38.84,0.0,Organic,US,control
ORD-005861,2023-08-06,CUST-01138,cust-01138@lumenmail.com,Décor,2,283.77,0.0,Email,US,control
ORD-003799,2024-08-07,CUST-02804,cust-02804@lumenmail.com,Furniture,1,213.18,0.15,Organic,US,variant
ORD-005549,2023-09-23,CUST-01736,cust-01736@lumenmail.com,Lighting,4,20.43,0.2,Organic,AU,
ORD-000147,2023-08-03,,guest@lumenmail.com,Lighting,5,26.18,0.0,Paid Search,US,
ORD-000534,2024-02-01,CUST-00564,cust-00564@lumenmail.com,Outdoor,1,54.02,0.0,Paid Search,US,control
ORD-001504,2024-09-18,CUST-02358,cust-02358@lumenmail.com,Lighting,1,734.53,0.0,Organic,US,
ORD-000864,2023-09-28,,guest@lumenmail.com,Lighting,3,77.74,0.25,Email,CA,
ORD-004237,2023-08-07,CUST-02294,cust-02294@lumenmail.com,Décor,1,55.19,0.15,Email,US,
ORD-004002,2024-10-01,CUST-00868,cust-00868@lumenmail.com,Furniture,1,43.64,0.2,Paid Search,UK,control
ORD-001606,2023-07-16,CUST-00762,cust-00762@lumenmail.com,Lighting,7,13.41,0.15,Paid Search,CA,
ORD-001984,2024-07-12,,guest@lumenmail.com,Furniture,1,25.05,0.0,Email,US,variant
ORD-006523,2023-09-27,CUST-02188,cust-02188@lumenmail.com,Furniture,2,60.57,0.1,,US,variant
ORD-003791,2023-10-30,CUST-00368,cust-00368@lumenmail.com,Furniture,2,182.69,0.1,Email,US,control
ORD-002181,2024-08-10,CUST-01999,cust-01999@lumenmail.com,Furniture,2,102.14,0.0,Organic,US,
ORD-005662,2023-07-05,CUST-00273,cust-00273@lumenmail.com,Lighting,1,103.93,0.05,Paid Search,US,
ORD-003519,2024-06-04,CUST-00706,cust-00706@lumenmail.com,Lighting,2,92.87,0.25,Email,US,control
ORD-007749,2023-09-24,CUST-01999,cust-01999@lumenmail.com,Décor,1,157.2,0.1,Email,US,control
ORD-005072,2024-05-13,CUST-01622,cust-01622@lumenmail.com,Décor,1,22.74,0.0,Organic,CA,variant
ORD-008216,2023-09-29,CUST-01136,cust-01136@lumenmail.com,Outdoor,2,329.95,0.15,Email,AU,control
ORD-001697,2024-03-30,CUST-00540,cust-00540@lumenmail.com,Outdoor,2,34.6,0.0,Paid Search,US,control
ORD-005229,2023-11-03,CUST-01000,cust-01000@lumenmail.com,Décor,4,8.56,0.0,Paid Search,US,control
ORD-001486,2023-10-12,CUST-00651,cust-00651@lumenmail.com,Décor,1,12.54,0.1,Social,ZZ,control
ORD-002514,2023-08-05,CUST-02769,cust-02769@lumenmail.com,Décor,2,32.78,0.0,Paid Search,US,control
ORD-006249,2024-10-20,CUST-01834,cust-01834@lumenmail.com,Décor,7,55.2,0.0,Email,US,variant
ORD-001777,2024-03-02,CUST-00003,cust-00003@lumenmail.com,Furniture,5,41.74,0.0,Organic,US,control
ORD-003503,2024-03-27,CUST-02234,cust-02234@lumenmail.com,Furniture,3,148.87,0.05,Organic,UK,
ORD-007698,2024-07-06,CUST-00080,cust-00080@lumenmail.com,Lighting,5,58.78,0.0,Organic,US,variant
ORD-007570,2024-03-17,CUST-02870,cust-02870@lumenmail.com,Décor,2,457.7,0.05,Paid Search,US,variant
ORD-006283,2024-04-11,CUST-01438,cust-01438@lumenmail.com,Lighting,1,94.06,0.05,Email,US,control
ORD-001197,2024-05-15,CUST-01975,cust-01975@lumenmail.com,Furniture,1,63.04,0.0,Paid Search,UK,
ORD-007513,2024-10-04,CUST-02273,cust-02273@lumenmail.com,Furniture,5,181.29,0.15,Paid Search,US,control
ORD-003257,2023-11-25,CUST-00359,cust-00359@lumenmail.com,Décor,4,98.39,0.2,Paid Search,UK,control
ORD-006596,2024-03-20,CUST-01992,cust-01992@lumenmail.com,Furniture,1,36.23,0.2,Social,US,control
ORD-002455,2024-07-04,CUST-01811,cust-01811@lumenmail.com,Accessories,5,156.4,0.1,Paid Search,AU,
ORD-005109,2024-11-16,CUST-02960,cust-02960@lumenmail.com,Lighting,3,6.6,0.0,Social,US,control
ORD-001263,2024-06-13,CUST-00503,cust-00503@lumenmail.com,Lighting,1,26.45,0.05,Paid Search,CA,
ORD-009115,2024-07-05,CUST-01993,cust-01993@lumenmail.com,Furniture,1,95.08,0.2,Social,UK,variant
ORD-006788,2024-11-19,CUST-01946,cust-01946@lumenmail.com,Outdoor,2,18.46,0.1,Social,US,variant
ORD-007934,07/07/2023,CUST-01746,cust-01746@lumenmail.com,Furniture,1,156.71,0.05,Email,US,variant
ORD-004027,2023-08-24,CUST-00496,cust-00496@lumenmail.com,Décor,-2,28.61,0.2,Social,US,
ORD-005357,2024-02-01,CUST-02152,cust-02152@lumenmail.com,Lighting,1,352.63,0.25,Paid Search,US,control
ORD-007602,04/07/2024,CUST-02474,cust-02474@lumenmail.com,Furniture,3,85.73,0.0,Email,US,variant
ORD-004088,2023-07-30,CUST-00225,cust-00225@lumenmail.com,Accessories,3,89.93,0.05,Paid Search,US,variant
ORD-008224,2024-02-05,CUST-02581,cust-02581@lumenmail.com,Lighting,3,88.84,0.0,Organic,US,
ORD-008864,14/11/2023,CUST-02937,cust-02937@lumenmail.com,Décor,1,41.16,0.0,Organic,US,control
ORD-007353,2024-06-07,CUST-01612,cust-01612@lumenmail.com,Décor,1,93.93,0.15,Organic,UK,
ORD-005398,2023-07-23,CUST-00290,cust-00290@lumenmail.com,Furniture,2,28.93,0.0,Paid Search,ZZ,variant
ORD-008737,2023-08-24,CUST-02976,cust-02976@lumenmail.com,Lighting,1,40.74,0.0,Organic,AU,control
ORD-002365,11/05/2024,CUST-02589,cust-02589@lumenmail.com,Lighting,1,121.36,0.0,Email,US,variant
ORD-004582,2024-03-29,CUST-00463,cust-00463@lumenmail.com,Outdoor,2,62.19,0.0,Email,US,variant
ORD-009524,2023-12-24,CUST-01364,cust-01364@lumenmail.com,Décor,3,747.71,0.1,Paid Search,CA,control
ORD-008691,2023-10-18,CUST-01385,cust-01385@lumenmail.com,Furniture,1,45.67,0.05,Paid Search,US,
ORD-006938,11/07/2023,CUST-00642,cust-00642@lumenmail.com,Lighting,5,18.79,0.15,Email,CA,control
ORD-007930,2024-04-08,,guest@lumenmail.com,Outdoor,1,711.37,0.0,Email,US,control
ORD-009005,18/09/2024,CUST-01592,cust-01592@lumenmail.com,Outdoor,2,52.67,0.2,Email,US,control
ORD-002984,10/08/2023,CUST-01747,cust-01747@lumenmail.com,Décor,1,79.86,0.0,Email,US,
ORD-005835,2024-04-28,CUST-00890,cust-00890@lumenmail.com,Décor,1,240.95,0.1,Social,CA,control
ORD-004977,2023-06-02,CUST-01935,cust-01935@lumenmail.com,Lighting,1,46.61,0.0,Email,US,variant
ORD-001259,2024-03-31,CUST-02181,cust-02181@lumenmail.com,Lighting,1,26.74,0.0,Email,US,
ORD-000128,2023-06-25,CUST-00238,cust-00238@lumenmail.com,Lighting,1,139.06,0.1,Organic,CA,
ORD-008641,2023-06-08,CUST-01934,cust-01934@lumenmail.com,Lighting,7,154.95,0.05,Paid Search,US,
ORD-005266,2023-08-22,CUST-01869,cust-01869@lumenmail.com,Outdoor,1,9.55,0.15,Social,CA,
ORD-000688,2024-10-19,,guest@lumenmail.com,Lighting,5,206.06,0.0,Organic,US,control
ORD-002822,2023-12-23,CUST-01791,cust-01791@lumenmail.com,Outdoor,1,124.3,0.0,Organic,UK,variant
ORD-002818,2024-11-30,CUST-01154,cust-01154@lumenmail.com,Décor,3,317.23,0.05,Email,CA,variant
ORD-000446,2024-03-24,CUST-00479,cust-00479@lumenmail.com,Furniture,2,0.0,0.0,Email,US,variant
ORD-004840,2024-10-30,CUST-02531,cust-02531@lumenmail.com,Décor,5,48.57,0.15,Social,US,
ORD-009523,2023-10-04,CUST-00420,cust-00420@lumenmail.com,Lighting,1,116.96,0.15,,US,variant
ORD-005481,2024-01-22,CUST-00017,cust-00017@lumenmail.com,Outdoor,1,131.91,0.1,Email,US,control
ORD-009391,2023-06-19,CUST-01398,cust-01398@lumenmail.com,Accessories,1,63.68,0.0,Social,US,
ORD-005488,2024-09-24,CUST-00356,cust-00356@lumenmail.com,Lighting,5,376.94,0.1,Organic,CA,
ORD-001745,2024-06-22,CUST-01640,cust-01640@lumenmail.com,Accessories,2,22.54,0.0,Organic,UK,variant
ORD-006655,2024-10-25,CUST-01785,cust-01785@lumenmail.com,Lighting,5,36.46,0.15,Paid Search,UK,variant
ORD-003578,2024-11-02,CUST-01721,cust-01721@lumenmail.com,Furniture,1,22.19,0.0,Organic,UK,variant
ORD-008724,2024-07-18,CUST-01844,cust-01844@lumenmail.com,Décor,1,21.89,0.1,Paid Search,US,control
ORD-002539,22/01/2024,CUST-01236,cust-01236@lumenmail.com,Lighting,2,118.26,0.1,Organic,US,variant
ORD-000962,2024-02-03,CUST-02432,cust-02432@lumenmail.com,Décor,1,108.19,0.0,Paid Search,US,control
ORD-006341,2024-01-13,CUST-02686,cust-02686@lumenmail.com,Décor,3,63.96,0.05,Organic,US,
ORD-003241,2024-03-14,CUST-00924,cust-00924@lumenmail.com,Lighting,2,12.13,0.05,Organic,CA,variant
ORD-006564,29/02/2024,CUST-01192,cust-01192@lumenmail.com,Décor,3,140.64,0.0,Paid Search,US,variant
ORD-005127,08/02/2024,,guest@lumenmail.com,Furniture,1,53.8,0.25,Paid Search,CA,
ORD-007861,02/03/2024,CUST-02827,cust-02827@lumenmail.com,Décor,2,245.42,0.0,Email,CA,
ORD-001133,2023-12-16,CUST-01876,cust-01876@lumenmail.com,Lighting,6,11.06,0.0,Paid Search,US,variant
ORD-000189,2024-04-13,CUST-02591,cust-02591@lumenmail.com,Lighting,1,44.99,0.0,Email,US,
ORD-000507,2023-08-10,CUST-00909,cust-00909@lumenmail.com,Furniture,4,15.23,0.0,Email,US,control
ORD-006685,2024-07-22,,guest@lumenmail.com,Outdoor,2,189.91,0.0,Email,US,
ORD-003005,2024-10-03,CUST-00107,cust-00107@lumenmail.com,Lighting,1,38.42,0.15,Organic,US,variant
ORD-002252,2024-10-07,CUST-00043,cust-00043@lumenmail.com,Décor,1,183.9,0.0,Email,CA,
ORD-001451,2024-02-01,CUST-00424,cust-00424@lumenmail.com,Lighting,2,19.12,0.15,Organic,US,
ORD-001468,2024-10-24,CUST-00191,cust-00191@lumenmail.com,Décor,3,71.8,0.1,Paid Search,UK,control
ORD-003182,26/12/2023,CUST-01657,cust-01657@lumenmail.com,Lighting,4,27.16,0.05,Organic,US,control
ORD-005776,17/01/2024,CUST-00502,cust-00502@lumenmail.com,Lighting,1,100.14,0.0,Organic,US,
ORD-001769,2023-11-16,CUST-01426,cust-01426@lumenmail.com,Accessories,3,11.3,0.0,Paid Search,ZZ,
ORD-004084,2024-11-05,CUST-02410,cust-02410@lumenmail.com,Lighting,1,65.86,0.0,Organic,US,
ORD-006593,2024-01-30,CUST-01865,cust-01865@lumenmail.com,Lighting,4,79.59,0.05,Paid Search,CA,control
ORD-002919,2023-08-09,CUST-01211,cust-01211@lumenmail.com,Furniture,2,210.63,0.0,Email,CA,
ORD-004885,2023-12-04,CUST-01161,cust-01161@lumenmail.com,Décor,3,53.75,0.0,Email,AU,variant
ORD-001140,2023-09-06,CUST-02861,cust-02861@lumenmail.com,Lighting,2,499.48,0.25,Organic,US,
ORD-002080,2024-02-26,CUST-01280,cust-01280@lumenmail.com,Décor,2,150.1,0.0,Paid Search,UK,control
ORD-000658,2023-11-03,CUST-00405,cust-00405@lumenmail.com,Lighting,4,81.99,0.1,Paid Search,CA,control
ORD-002078,2024-08-21,CUST-00970,cust-00970@lumenmail.com,Furniture,2,193.63,0.0,Paid Search,CA,control
ORD-000551,13/07/2024,CUST-02058,cust-02058@lumenmail.com,Furniture,-1,92.21,0.0,Organic,US,
ORD-008437,2024-04-21,CUST-01555,cust-01555@lumenmail.com,Outdoor,3,432.51,0.0,Paid Search,US,variant
ORD-001695,2024-07-08,CUST-01384,cust-01384@lumenmail.com,Lighting,2,54.2,0.1,Paid Search,US,control
ORD-003572,2024-03-18,CUST-01627,cust-01627@lumenmail.com,Lighting,1,396.12,0.0,Paid Search,CA,variant
ORD-000779,2024-08-01,CUST-02200,cust-02200@lumenmail.com,Lighting,5,396.42,0.0,Organic,US,variant
ORD-000566,2023-11-17,CUST-00453,cust-00453@lumenmail.com,Décor,2,45.1,0.0,Organic,US,variant
ORD-006743,2024-05-29,CUST-00811,cust-00811@lumenmail.com,Furniture,1,134.09,0.0,Organic,AU,variant
ORD-003849,2024-10-03,CUST-02156,cust-02156@lumenmail.com,Décor,1,21.38,0.1,Organic,CA,
ORD-007199,2024-09-05,CUST-00187,cust-00187@lumenmail.com,Décor,1,9.63,0.0,Organic,AU,variant
ORD-008140,19/11/2024,CUST-01397,cust-01397@lumenmail.com,Lighting,1,318.91,0.2,Email,AU,variant
ORD-002481,24/06/2023,CUST-02353,cust-02353@lumenmail.com,Lighting,1,54.16,0.15,Paid Search,US,
ORD-002809,2024-06-26,CUST-00974,cust-00974@lumenmail.com,Lighting,1,163.09,0.0,Paid Search,CA,variant
ORD-001986,20/09/2023,CUST-00104,cust-00104@lumenmail.com,Lighting,1,42.88,0.05,Email,US,
ORD-002733,2023-11-28,CUST-01871,cust-01871@lumenmail.com,Lighting,1,70.03,0.05,Social,US,
ORD-001079,2024-03-20,CUST-01197,cust-01197@lumenmail.com,Décor,1,39.38,0.2,,CA,
ORD-002182,2024-10-10,,guest@lumenmail.com,Furniture,1,78.58,0.0,Organic,US,control
ORD-005052,2023-08-12,CUST-02847,cust-02847@lumenmail.com,Accessories,2,63.67,0.25,Social,US,control
ORD-002329,2024-03-30,CUST-00807,cust-00807@lumenmail.com,Lighting,-3,317.59,0.15,Email,US,variant
ORD-004689,2023-07-21,CUST-00442,cust-00442@lumenmail.com,Décor,2,90.48,0.0,Email,US,
ORD-008271,17/11/2023,CUST-01244,cust-01244@lumenmail.com,Lighting,1,55.55,0.1,Email,CA,control
ORD-006236,2024-11-10,CUST-00739,cust-00739@lumenmail.com,Lighting,3,153.41,0.0,Email,US,variant
ORD-003769,2024-07-13,,guest@lumenmail.com,Lighting,4,12.34,0.15,Organic,US,variant
ORD-002091,2024-01-14,CUST-02324,cust-02324@lumenmail.com,Lighting,2,190.91,0.05,Paid Search,US,control
ORD-008572,26/05/2024,,guest@lumenmail.com,Lighting,1,82.67,0.05,Email,AU,
ORD-001690,2024-08-23,,guest@lumenmail.com,Lighting,4,165.5,0.0,Organic,US,
ORD-002801,2023-08-08,CUST-00510,cust-00510@lumenmail.com,Décor,1,201.74,0.0,Organic,CA,
ORD-003929,2023-12-03,CUST-02438,cust-02438@lumenmail.com,Lighting,3,10.75,0.05,Paid Search,US,
ORD-001680,17/03/2024,CUST-01684,cust-01684@lumenmail.com,Lighting,3,32.02,0.2,Paid Search,US,
ORD-001351,2023-11-29,,guest@lumenmail.com,Lighting,4,50.24,0.1,Email,ZZ,variant
ORD-001198,2024-08-28,CUST-00339,cust-00339@lumenmail.com,Outdoor,1,72.92,0.0,Social,US,variant
ORD-009128,2024-12-24,CUST-02106,cust-02106@lumenmail.com,Décor,1,39.41,0.05,Email,US,variant
ORD-007439,2024-04-26,CUST-02204,cust-02204@lumenmail.com,Accessories,2,40.35,0.0,Email,US,variant
ORD-008283,2023-08-07,CUST-01164,cust-01164@lumenmail.com,Décor,3,42.28,0.05,Paid Search,UK,control
ORD-002241,2024-04-16,CUST-00031,cust-00031@lumenmail.com,Décor,2,83.0,0.2,Paid Search,UK,
ORD-004921,2023-06-10,CUST-02616,cust-02616@lumenmail.com,Décor,1,17.27,0.0,Paid Search,US,variant
ORD-002141,2023-07-25,,guest@lumenmail.com,Accessories,3,48.44,0.0,Email,US,
ORD-004461,2024-10-19,CUST-02555,cust-02555@lumenmail.com,Outdoor,2,31.94,0.0,Organic,ZZ,
ORD-005326,2024-11-08,CUST-02310,cust-02310@lumenmail.com,Outdoor,1,72.32,0.05,Paid Search,US,variant
ORD-002019,2024-08-17,CUST-01221,cust-01221@lumenmail.com,Lighting,1,71.62,0.0,Paid Search,US,control
ORD-004105,2024-09-11,CUST-02712,cust-02712@lumenmail.com,Décor,1,31.8,0.0,Email,US,variant
ORD-006895,30/06/2023,,guest@lumenmail.com,Décor,7,22.89,0.0,Email,CA,
ORD-003589,2024-02-15,CUST-00025,cust-00025@lumenmail.com,Lighting,3,12.7,0.05,Organic,US,
ORD-008921,2024-10-11,CUST-01881,cust-01881@lumenmail.com,Lighting,1,119.08,0.2,Paid Search,US,control
ORD-005153,2024-01-28,CUST-02624,cust-02624@lumenmail.com,Décor,1,46.15,0.0,Paid Search,UK,
ORD-008237,2023-07-13,CUST-01675,cust-01675@lumenmail.com,Lighting,1,71.42,0.2,Organic,CA,control
ORD-008521,2024-08-09,CUST-01909,cust-01909@lumenmail.com,Décor,-2,48.96,0.05,Organic,UK,
ORD-007335,2023-07-30,CUST-00946,cust-00946@lumenmail.com,Lighting,1,97.91,0.1,Paid Search,UK,control
ORD-007792,2024-09-06,CUST-00419,cust-00419@lumenmail.com,Lighting,2,151.28,0.0,Paid Search,US,
ORD-004939,2024-05-03,CUST-00391,cust-00391@lumenmail.com,Décor,1,208.68,0.0,Paid Search,US,variant
ORD-003340,2024-07-06,CUST-02681,cust-02681@lumenmail.com,Lighting,1,122.32,0.0,,US,variant
ORD-005056,2024-12-12,CUST-01468,cust-01468@lumenmail.com,Décor,1,84.43,0.2,Paid Search,UK,variant
ORD-000737,2024-08-07,CUST-02420,cust-02420@lumenmail.com,Accessories,2,41.99,0.2,Paid Search,US,variant
ORD-003995,2024-01-02,CUST-01065,cust-01065@lumenmail.com,Lighting,2,232.04,0.0,Email,ZZ,control
ORD-005141,2024-05-25,CUST-01542,cust-01542@lumenmail.com,Lighting,1,141.95,0.1,Email,US,variant
ORD-007709,2024-12-08,CUST-01877,cust-01877@lumenmail.com,Décor,3,69.39,0.05,Organic,CA,
ORD-000194,2024-06-18,CUST-00319,cust-00319@lumenmail.com,Lighting,1,164.18,0.0,Paid Search,UK,
ORD-007413,2024-01-05,CUST-01669,cust-01669@lumenmail.com,Lighting,5,95.69,0.0,Social,US,
ORD-006437,21/01/2024,CUST-02284,cust-02284@lumenmail.com,Lighting,3,351.09,0.0,Paid Search,CA,control
ORD-005754,2023-09-15,CUST-02196,cust-02196@lumenmail.com,Décor,1,115.82,0.0,Paid Search,US,variant
ORD-008312,2024-06-16,CUST-01423,cust-01423@lumenmail.com,Lighting,5,67.25,0.0,Social,US,variant
ORD-007596,02/10/2024,CUST-02565,cust-02565@lumenmail.com,Outdoor,1,203.87,0.0,,CA,control
ORD-005054,2023-08-06,CUST-01536,cust-01536@lumenmail.com,Décor,1,35.74,0.1,Social,UK,variant
ORD-004487,2023-08-06,CUST-02009,cust-02009@lumenmail.com,Lighting,1,109.06,0.2,Paid Search,US,variant
ORD-005898,2024-09-13,CUST-00237,cust-00237@lumenmail.com,Lighting,1,119.0,0.0,Social,CA,control
ORD-002689,2023-07-08,CUST-02571,cust-02571@lumenmail.com,Décor,3,116.23,0.0,Social,US,
ORD-003588,2024-10-26,CUST-00543,cust-00543@lumenmail.com,Outdoor,4,7.35,0.0,Paid Search,US,
ORD-002009,2023-09-14,CUST-02568,cust-02568@lumenmail.com,Outdoor,1,15.06,0.05,Email,US,
ORD-000866,2024-08-08,CUST-01850,cust-01850@lumenmail.com,Lighting,2,43.25,0.05,Email,US,
ORD-000851,2024-10-29,CUST-00225,cust-00225@lumenmail.com,Décor,1,38.15,0.2,Social,US,variant
ORD-003156,2024-10-31,CUST-01506,cust-01506@lumenmail.com,Décor,3,81.55,0.15,Email,US,
ORD-005633,2023-08-11,CUST-00440,cust-00440@lumenmail.com,Outdoor,2,175.0,0.2,Paid Search,US,variant
ORD-008566,2023-10-30,CUST-00440,cust-00440@lumenmail.com,Furniture,1,90.42,0.05,Paid Search,US,variant
ORD-001678,25/10/2024,CUST-02357,cust-02357@lumenmail.com,Lighting,1,662.52,0.0,Paid Search,CA,
ORD-007233,2024-10-03,CUST-00505,cust-00505@lumenmail.com,Outdoor,1,50.05,0.25,Paid Search,US,variant
ORD-006063,2024-05-02,CUST-02758,cust-02758@lumenmail.com,Décor,1,78.72,0.05,Email,US,variant
ORD-001679,24/02/2024,CUST-00584,cust-00584@lumenmail.com,Lighting,1,21.43,0.0,,US,
ORD-006055,2024-05-15,CUST-02127,cust-02127@lumenmail.com,Accessories,2,34.42,0.0,Paid Search,CA,variant
ORD-008103,2023-11-02,CUST-02779,cust-02779@lumenmail.com,Lighting,1,21.26,0.0,Organic,US,control
ORD-006923,2023-10-25,CUST-02493,cust-02493@lumenmail.com,Décor,1,87.75,0.1,Social,UK,
ORD-005019,2024-10-02,CUST-02176,cust-02176@lumenmail.com,Accessories,1,332.6,0.05,Organic,US,control
ORD-004665,2024-07-12,CUST-01795,cust-01795@lumenmail.com,Furniture,5,151.82,0.1,Social,CA,variant
ORD-004371,2024-04-17,CUST-01392,cust-01392@lumenmail.com,Lighting,2,19.48,0.0,Paid Search,CA,
ORD-007005,2023-11-07,CUST-00259,cust-00259@lumenmail.com,Accessories,1,0.0,0.0,Social,US,variant
ORD-001925,2024-10-15,CUST-01220,cust-01220@lumenmail.com,Lighting,1,312.3,0.0,Paid Search,US,variant
ORD-005526,2024-02-06,CUST-02443,cust-02443@lumenmail.com,Lighting,7,98.64,0.15,Paid Search,US,variant
ORD-001802,13/11/2024,CUST-01739,cust-01739@lumenmail.com,Lighting,1,363.56,0.15,Paid Search,UK,
ORD-008045,2024-12-12,CUST-00755,cust-00755@lumenmail.com,Lighting,2,47.76,0.05,Paid Search,UK,variant
ORD-004377,2024-08-07,CUST-01407,cust-01407@lumenmail.com,Décor,1,70.23,0.0,Organic,US,variant
ORD-003815,15/03/2024,CUST-01568,cust-01568@lumenmail.com,Lighting,5,33.51,0.0,Social,US,
ORD-009204,2024-03-23,CUST-01739,cust-01739@lumenmail.com,Décor,1,212.84,0.1,Organic,UK,
ORD-005471,2023-11-20,CUST-01077,cust-01077@lumenmail.com,Outdoor,4,294.5,0.0,Email,US,
ORD-001313,2024-02-20,CUST-01124,cust-01124@lumenmail.com,Lighting,5,37.56,0.2,Paid Search,US,
ORD-007449,2024-04-14,CUST-02009,cust-02009@lumenmail.com,Lighting,2,312.32,0.0,Paid Search,US,control
ORD-008231,2024-07-18,CUST-02135,cust-02135@lumenmail.com,Lighting,1,28.85,0.0,Paid Search,US,control
ORD-007298,2024-11-21,CUST-02367,cust-02367@lumenmail.com,Outdoor,2,321.24,0.05,Organic,US,variant
ORD-009171,2024-04-29,CUST-00364,cust-00364@lumenmail.com,Accessories,4,27.98,0.05,Paid Search,US,control
ORD-000289,2024-01-14,CUST-01775,cust-01775@lumenmail.com,Lighting,3,35.62,0.15,,UK,control
ORD-008004,2023-12-06,CUST-01879,cust-01879@lumenmail.com,Décor,2,239.82,0.2,Social,US,
ORD-008190,2023-10-17,CUST-01224,cust-01224@lumenmail.com,Lighting,1,40.26,0.0,Paid Search,US,
ORD-006910,04/10/2024,CUST-00904,cust-00904@lumenmail.com,Accessories,1,78.1,0.0,Email,CA,
ORD-008666,2023-10-10,,guest@lumenmail.com,Lighting,2,334.47,0.1,Paid Search,US,variant
ORD-009268,2023-12-29,CUST-02348,cust-02348@lumenmail.com,Lighting,-5,160.73,0.1,Paid Search,US,
ORD-007248,2024-11-14,CUST-01714,cust-01714@lumenmail.com,Lighting,1,69.61,0.0,Email,US,variant
ORD-007165,29/07/2024,CUST-00124,cust-00124@lumenmail.com,Lighting,5,620.09,0.0,Email,UK,variant
ORD-001024,2023-12-15,CUST-00988,cust-00988@lumenmail.com,Lighting,1,92.18,0.05,Organic,UK,
ORD-002598,15/06/2023,CUST-00977,cust-00977@lumenmail.com,Lighting,1,8.63,0.0,Email,US,variant
ORD-009332,2024-05-23,CUST-00301,cust-00301@lumenmail.com,Accessories,1,284.65,0.15,Social,UK,control
ORD-004819,2023-09-26,CUST-02714,cust-02714@lumenmail.com,Lighting,1,91.77,0.0,Organic,CA,variant
ORD-007126,2024-06-20,CUST-00751,cust-00751@lumenmail.com,Décor,2,57.81,0.1,,US,variant
ORD-008379,16/09/2024,CUST-01024,cust-01024@lumenmail.com,Furniture,1,13.99,0.05,Paid Search,CA,
ORD-000212,23/12/2024,,guest@lumenmail.com,Outdoor,5,341.52,0.05,Email,US,
ORD-006931,2024-04-09,CUST-00719,cust-00719@lumenmail.com,Furniture,-2,8.49,0.0,Paid Search,US,control
ORD-009549,2023-10-31,CUST-02124,cust-02124@lumenmail.com,Furniture,3,713.05,0.0,Paid Search,AU,
ORD-007604,25/07/2024,CUST-01668,cust-01668@lumenmail.com,Lighting,2,30.65,0.1,Email,CA,
ORD-006043,2024-05-20,CUST-01838,cust-01838@lumenmail.com,Lighting,2,67.17,0.05,Organic,US,control
ORD-004315,2024-04-19,CUST-00968,cust-00968@lumenmail.com,Décor,5,17.53,0.0,Paid Search,US,variant
ORD-006846,29/06/2023,CUST-00669,cust-00669@lumenmail.com,Accessories,2,35.33,0.0,Paid Search,US,variant
ORD-009575,2024-08-14,CUST-00876,cust-00876@lumenmail.com,Accessories,1,105.21,0.15,Paid Search,US,control
ORD-001416,2023-10-21,CUST-01111,cust-01111@lumenmail.com,Furniture,1,0.0,0.1,Email,US,control
ORD-001288,2023-09-02,CUST-00792,cust-00792@lumenmail.com,Lighting,2,97.88,0.1,,AU,
ORD-003293,2024-10-21,CUST-01420,cust-01420@lumenmail.com,Lighting,1,34.92,0.1,Paid Search,US,control
ORD-000307,2023-07-14,CUST-02822,cust-02822@lumenmail.com,Lighting,1,266.64,0.0,Email,US,variant
ORD-006374,2024-05-05,CUST-02679,cust-02679@lumenmail.com,Outdoor,2,179.38,0.05,Social,CA,
ORD-009350,2024-12-07,CUST-02569,cust-02569@lumenmail.com,Lighting,4,44.89,0.0,Organic,US,variant
ORD-005937,2024-09-03,CUST-00716,cust-00716@lumenmail.com,Lighting,2,20.33,0.05,Email,CA,control
ORD-006477,2024-07-18,CUST-01354,cust-01354@lumenmail.com,Furniture,4,17.67,0.05,Paid Search,US,control
ORD-007975,2024-02-20,,guest@lumenmail.com,Décor,1,10.21,0.15,Paid Search,US,control
ORD-000674,2024-09-17,CUST-02048,cust-02048@lumenmail.com,Lighting,1,189.97,0.1,Paid Search,US,control
ORD-008464,2023-10-25,CUST-01033,cust-01033@lumenmail.com,Lighting,2,101.34,0.15,Organic,US,
ORD-003341,2023-10-18,CUST-02535,cust-02535@lumenmail.com,Décor,3,707.43,0.05,Organic,CA,
ORD-000274,2024-03-08,CUST-01710,cust-01710@lumenmail.com,Décor,1,40.81,0.1,Paid Search,US,variant
ORD-000306,2024-03-25,CUST-02260,cust-02260@lumenmail.com,Accessories,1,18.19,0.0,Paid Search,UK,variant
ORD-001005,2024-01-02,CUST-00904,cust-00904@lumenmail.com,Outdoor,3,39.38,0.05,Paid Search,US,variant
ORD-003804,2023-06-06,CUST-02776,cust-02776@lumenmail.com,Lighting,2,97.83,0.05,Organic,US,control
ORD-003386,2024-10-06,CUST-01020,cust-01020@lumenmail.com,Furniture,4,151.89,0.05,Paid Search,US,control
ORD-007681,2023-12-31,CUST-00389,cust-00389@lumenmail.com,Accessories,-3,26.78,0.15,Paid Search,CA,
ORD-003526,2024-07-05,CUST-01684,cust-01684@lumenmail.com,Décor,1,39.59,0.0,Social,US,variant
ORD-004332,2023-08-11,CUST-00343,cust-00343@lumenmail.com,Décor,5,38.14,0.1,Social,US,
ORD-002399,2023-08-13,CUST-02164,cust-02164@lumenmail.com,Outdoor,1,141.81,0.0,Email,US,
ORD-007947,18/10/2023,CUST-00574,cust-00574@lumenmail.com,Lighting,1,39.03,0.25,Email,ZZ,
ORD-001835,2023-11-17,CUST-02562,cust-02562@lumenmail.com,Accessories,5,361.54,0.0,Email,US,control
ORD-000303,2024-08-18,CUST-02211,cust-02211@lumenmail.com,Accessories,3,361.18,0.2,Paid Search,US,
ORD-009556,2023-10-03,CUST-01634,cust-01634@lumenmail.com,Outdoor,1,341.13,0.05,,US,variant
ORD-002618,2023-10-11,CUST-01244,cust-01244@lumenmail.com,Furniture,1,94.07,0.1,Paid Search,CA,control
ORD-001717,2024-05-21,CUST-01421,cust-01421@lumenmail.com,Lighting,3,98.16,0.0,Organic,US,variant
ORD-005948,2023-10-15,CUST-02853,cust-02853@lumenmail.com,Outdoor,-4,102.54,0.0,Email,US,
ORD-004987,2024-10-10,CUST-00065,cust-00065@lumenmail.com,Lighting,2,5.66,0.0,Organic,US,control
ORD-005621,2024-10-04,CUST-02750,cust-02750@lumenmail.com,Décor,1,38.06,0.25,Paid Search,US,variant
ORD-009214,13/06/2024,CUST-01607,cust-01607@lumenmail.com,Furniture,1,17.01,0.05,Paid Search,US,
ORD-000527,2023-07-01,CUST-02118,cust-02118@lumenmail.com,Lighting,1,241.42,0.05,Organic,US,variant
ORD-006035,2024-09-18,,guest@lumenmail.com,Lighting,2,784.67,0.15,Social,US,
ORD-001461,2024-05-12,CUST-01325,cust-01325@lumenmail.com,Outdoor,2,93.33,0.05,Paid Search,US,control
ORD-003209,2024-09-20,,guest@lumenmail.com,Accessories,2,112.6,0.1,Organic,AU,
ORD-001623,2024-09-21,CUST-02826,cust-02826@lumenmail.com,Furniture,2,8.31,0.05,Social,AU,
ORD-004646,2024-01-06,CUST-01221,cust-01221@lumenmail.com,Lighting,2,62.09,0.0,Paid Search,US,
ORD-004755,2023-07-28,CUST-00412,cust-00412@lumenmail.com,Outdoor,1,87.1,0.2,Email,US,
ORD-006869,24/03/2024,CUST-01365,cust-01365@lumenmail.com,Décor,3,59.28,0.0,Email,US,
ORD-005782,2024-02-09,CUST-01728,cust-01728@lumenmail.com,Lighting,2,30.62,0.0,Organic,US,
ORD-005938,20/09/2023,CUST-01512,cust-01512@lumenmail.com,Furniture,2,247.17,0.0,Organic,US,control
ORD-008108,2023-10-31,CUST-00049,cust-00049@lumenmail.com,Décor,1,372.93,0.05,Email,CA,variant
ORD-000281,2024-09-29,CUST-02843,cust-02843@lumenmail.com,Accessories,-2,79.18,0.05,Organic,US,
ORD-001778,2023-08-31,CUST-01163,cust-01163@lumenmail.com,Accessories,1,35.13,0.05,Organic,UK,control
ORD-007717,2023-07-11,CUST-02125,cust-02125@lumenmail.com,Décor,2,92.41,0.1,Paid Search,US,
ORD-008814,2024-06-01,CUST-02007,cust-02007@lumenmail.com,Accessories,7,39.91,0.15,Email,US,variant
ORD-006868,2023-06-24,CUST-01356,cust-01356@lumenmail.com,Accessories,1,42.73,0.0,Social,US,variant
ORD-003430,2024-10-22,CUST-01154,cust-01154@lumenmail.com,Accessories,2,348.07,0.2,Social,US,control
ORD-006504,2024-07-12,CUST-01974,cust-01974@lumenmail.com,Lighting,2,178.73,0.2,Email,ZZ,control
ORD-004034,2024-05-28,CUST-02432,cust-02432@lumenmail.com,Accessories,3,84.08,0.15,Email,US,variant
ORD-009177,2024-09-20,CUST-00626,cust-00626@lumenmail.com,Lighting,1,110.6,0.1,Paid Search,US,variant
ORD-007608,2024-08-24,CUST-01480,cust-01480@lumenmail.com,Accessories,2,0.0,0.0,Organic,UK,control
ORD-007912,2024-06-05,CUST-00971,cust-00971@lumenmail.com,Lighting,1,45.74,0.05,Email,US,variant
ORD-006774,2024-12-26,CUST-02257,cust-02257@lumenmail.com,Décor,4,98.85,0.2,Paid Search,US,control
ORD-009325,2024-03-25,CUST-02476,cust-02476@lumenmail.com,Décor,1,67.78,0.0,Paid Search,US,control
ORD-005986,2023-06-03,,guest@lumenmail.com,Outdoor,1,50.49,0.2,Paid Search,US,variant
ORD-006075,2023-12-20,CUST-01543,cust-01543@lumenmail.com,Accessories,1,177.12,0.05,Email,CA,variant
ORD-006179,2023-06-07,CUST-02522,cust-02522@lumenmail.com,Outdoor,2,83.01,0.05,Email,CA,control
ORD-003590,2023-09-10,CUST-00215,cust-00215@lumenmail.com,Lighting,6,666.17,0.1,Social,UK,variant
ORD-007154,2023-09-06,CUST-00197,cust-00197@lumenmail.com,Furniture,2,501.14,0.2,Email,US,control
ORD-001184,2023-11-10,CUST-00077,cust-00077@lumenmail.com,Furniture,3,131.35,0.1,Organic,CA,
ORD-009451,2023-11-08,CUST-01816,cust-01816@lumenmail.com,Outdoor,3,22.18,0.0,Organic,US,control
ORD-000302,2023-12-24,CUST-00221,cust-00221@lumenmail.com,Outdoor,6,34.18,0.05,Paid Search,UK,
ORD-006023,2024-04-09,CUST-01544,cust-01544@lumenmail.com,Furniture,1,131.1,0.0,Email,US,variant
ORD-007528,2023-07-28,CUST-02712,cust-02712@lumenmail.com,Lighting,4,143.39,0.15,Organic,US,
ORD-007056,2024-02-21,CUST-01055,cust-01055@lumenmail.com,Lighting,1,54.81,0.05,Email,UK,
ORD-005626,2024-11-20,CUST-00367,cust-00367@lumenmail.com,Furniture,-2,288.22,0.1,Email,US,
ORD-007259,2024-07-25,CUST-02844,cust-02844@lumenmail.com,Décor,3,19.89,0.1,Paid Search,US,variant
ORD-004470,2024-01-03,CUST-02503,cust-02503@lumenmail.com,Décor,3,24.44,0.05,Organic,AU,
ORD-000665,2024-08-12,CUST-02773,cust-02773@lumenmail.com,Lighting,1,250.41,0.05,Email,CA,variant
ORD-002257,2023-10-20,CUST-00412,cust-00412@lumenmail.com,Furniture,2,222.05,0.0,Email,US,
ORD-002526,2023-06-17,CUST-00503,cust-00503@lumenmail.com,Lighting,-1,99.44,0.0,Email,CA,control
ORD-006349,2023-12-06,CUST-00280,cust-00280@lumenmail.com,Lighting,3,20.86,0.1,Email,US,control
ORD-005285,2024-01-21,CUST-00884,cust-00884@lumenmail.com,Accessories,1,15.16,0.0,Paid Search,AU,control
ORD-000943,2024-04-10,CUST-01311,cust-01311@lumenmail.com,Décor,2,7.99,0.0,Email,US,variant
ORD-007769,2024-10-03,CUST-01826,cust-01826@lumenmail.com,Lighting,2,341.2,0.05,Paid Search,US,variant
ORD-002382,2024-04-04,CUST-01793,cust-01793@lumenmail.com,Décor,1,107.75,0.0,Email,AU,variant
ORD-006521,2024-11-17,CUST-02008,cust-02008@lumenmail.com,Furniture,3,92.19,0.05,Organic,UK,
ORD-001859,2024-08-31,CUST-01032,cust-01032@lumenmail.com,Décor,1,192.94,0.0,Paid Search,US,
ORD-002086,2024-03-04,CUST-01449,cust-01449@lumenmail.com,Furniture,6,117.92,0.25,Paid Search,US,control
ORD-003397,09/08/2023,CUST-02207,cust-02207@lumenmail.com,Outdoor,2,390.85,0.1,Paid Search,US,variant
ORD-001243,2024-08-05,CUST-01385,cust-01385@lumenmail.com,Décor,4,95.53,0.05,Paid Search,US,control
ORD-008595,16/11/2023,CUST-01160,cust-01160@lumenmail.com,Décor,1,321.76,0.2,Email,AU,variant
ORD-004572,2023-06-25,CUST-01803,cust-01803@lumenmail.com,Lighting,5,94.59,0.0,Social,ZZ,variant
ORD-002402,28/11/2023,,guest@lumenmail.com,Furniture,-1,77.9,0.0,Organic,UK,
ORD-004815,2024-10-09,CUST-01873,cust-01873@lumenmail.com,Décor,1,90.66,0.1,Organic,US,
ORD-007015,2024-06-05,CUST-00451,cust-00451@lumenmail.com,Décor,3,58.92,0.0,Paid Search,US,control
ORD-000639,2023-09-26,CUST-02909,cust-02909@lumenmail.com,Furniture,1,39.92,0.15,Email,US,variant
ORD-006243,2023-06-30,CUST-01379,cust-01379@lumenmail.com,Décor,1,53.32,0.0,Email,US,control
ORD-001597,18/12/2024,,guest@lumenmail.com,Accessories,1,392.55,0.1,Email,US,
ORD-007354,2024-06-30,CUST-01862,cust-01862@lumenmail.com,Outdoor,1,74.98,0.15,Paid Search,US,
ORD-000240,2024-03-31,CUST-00895,cust-00895@lumenmail.com,Accessories,1,316.77,0.0,Organic,US,
ORD-000050,2024-11-07,CUST-01638,cust-01638@lumenmail.com,Lighting,2,213.51,0.0,Social,US,
ORD-002945,2023-06-02,CUST-01732,cust-01732@lumenmail.com,Accessories,2,52.07,0.05,Paid Search,CA,
ORD-002799,2023-11-07,CUST-02893,cust-02893@lumenmail.com,Furniture,1,42.51,0.25,Social,US,variant
ORD-001162,24/01/2024,CUST-01648,cust-01648@lumenmail.com,Lighting,1,66.79,0.1,Organic,AU,variant
ORD-006998,2024-08-30,CUST-02534,cust-02534@lumenmail.com,Outdoor,2,42.67,0.2,Paid Search,CA,
ORD-004481,2024-07-20,CUST-01476,cust-01476@lumenmail.com,Lighting,1,284.74,0.1,Paid Search,UK,variant
ORD-002276,2024-03-23,CUST-01690,cust-01690@lumenmail.com,Lighting,2,44.11,0.1,Organic,US,control
ORD-005244,2023-10-30,CUST-02768,cust-02768@lumenmail.com,Outdoor,5,564.53,0.05,Paid Search,US,
ORD-007784,2023-11-08,CUST-02878,cust-02878@lumenmail.com,Décor,2,53.55,0.0,Social,US,control
ORD-005696,2024-09-15,,guest@lumenmail.com,Furniture,3,297.56,0.0,Paid Search,CA,variant
ORD-002961,2023-08-19,,guest@lumenmail.com,Décor,6,42.49,0.0,Organic,US,variant
ORD-004655,04/11/2024,CUST-01169,cust-01169@lumenmail.com,Lighting,2,24.96,0.2,Email,AU,control
ORD-003468,2024-10-30,CUST-01339,cust-01339@lumenmail.com,Décor,2,64.29,0.0,Email,US,
ORD-004311,2024-11-05,,guest@lumenmail.com,Furniture,1,143.69,0.15,Email,UK,control
ORD-002811,2023-11-16,CUST-00435,cust-00435@lumenmail.com,Décor,2,157.34,0.15,Organic,US,
ORD-009535,30/06/2023,CUST-02557,cust-02557@lumenmail.com,Outdoor,3,46.81,0.0,Email,US,variant
ORD-005885,2024-04-06,CUST-02410,cust-02410@lumenmail.com,Lighting,2,22.69,0.2,Paid Search,US,control
ORD-002067,2024-03-24,CUST-01466,cust-01466@lumenmail.com,Décor,2,35.38,0.0,Paid Search,US,variant
ORD-007606,2023-10-02,CUST-00118,cust-00118@lumenmail.com,Lighting,2,703.74,0.1,Paid Search,CA,
ORD-003853,2023-10-25,CUST-00296,cust-00296@lumenmail.com,Décor,2,87.6,0.0,Paid Search,US,variant
ORD-004426,2024-10-17,,guest@lumenmail.com,Outdoor,2,48.79,0.05,Paid Search,US,
ORD-006740,2024-01-12,CUST-00429,cust-00429@lumenmail.com,Décor,3,10.76,0.0,Email,US,
ORD-006556,2024-01-09,CUST-00825,cust-00825@lumenmail.com,Outdoor,1,66.12,0.0,,US,control
ORD-004316,2024-02-19,CUST-01985,cust-01985@lumenmail.com,Lighting,1,37.8,0.0,Paid Search,US,
ORD-000055,2023-08-05,CUST-00968,cust-00968@lumenmail.com,Décor,3,660.62,0.1,Organic,UK,control
ORD-002321,2023-09-25,CUST-00976,cust-00976@lumenmail.com,Accessories,1,276.07,0.1,Organic,US,
ORD-008913,2023-08-18,CUST-00263,cust-00263@lumenmail.com,Décor,1,49.35,0.25,Email,CA,variant
ORD-003956,2023-08-23,CUST-01044,cust-01044@lumenmail.com,Décor,7,37.84,0.05,Paid Search,US,variant
ORD-007911,2023-09-28,CUST-02611,cust-02611@lumenmail.com,Furniture,6,187.24,0.0,Email,US,control
ORD-006208,2024-04-24,CUST-01957,cust-01957@lumenmail.com,Lighting,1,39.96,0.1,Paid Search,CA,
ORD-003064,2024-01-30,CUST-01670,cust-01670@lumenmail.com,Décor,1,178.5,0.1,Paid Search,UK,
ORD-007801,2023-11-14,CUST-01956,cust-01956@lumenmail.com,Accessories,2,130.07,0.2,Email,US,
ORD-009286,2024-01-28,CUST-02333,cust-02333@lumenmail.com,Lighting,1,10.48,0.25,Email,CA,
ORD-003208,2024-08-25,CUST-00696,cust-00696@lumenmail.com,Lighting,1,90.13,0.0,Email,US,variant
ORD-009295,2024-05-30,CUST-01384,cust-01384@lumenmail.com,Lighting,1,15.39,0.0,Email,US,
ORD-001922,13/07/2024,CUST-02096,cust-02096@lumenmail.com,Outdoor,5,184.99,0.05,Paid Search,CA,control
ORD-002240,2023-12-29,CUST-01516,cust-01516@lumenmail.com,Outdoor,4,104.17,0.05,Organic,US,control
ORD-002776,2024-07-09,CUST-02098,cust-02098@lumenmail.com,Accessories,1,31.07,0.0,Paid Search,US,
ORD-008803,2023-08-07,CUST-00784,cust-00784@lumenmail.com,Furniture,2,91.79,0.0,Email,US,
ORD-004113,2024-03-10,CUST-01838,cust-01838@lumenmail.com,Décor,3,394.16,0.0,Social,US,
ORD-005932,2024-06-04,CUST-02322,cust-02322@lumenmail.com,Accessories,5,7.68,0.0,Paid Search,US,variant
ORD-007559,2024-01-09,CUST-02409,cust-02409@lumenmail.com,Furniture,3,71.19,0.05,,UK,
ORD-001613,2023-06-29,CUST-01186,cust-01186@lumenmail.com,Décor,1,48.17,0.25,Paid Search,US,control
ORD-003339,2023-09-08,CUST-01148,cust-01148@lumenmail.com,Lighting,1,46.85,0.15,Paid Search,US,
ORD-005715,06/09/2023,CUST-01929,cust-01929@lumenmail.com,Décor,-1,111.24,0.0,Paid Search,US,control
ORD-006008,2024-09-21,CUST-00722,cust-00722@lumenmail.com,Furniture,2,75.87,0.2,Organic,US,
ORD-003557,2024-01-01,,guest@lumenmail.com,Décor,2,567.05,0.05,Organic,US,
ORD-006125,2023-09-04,CUST-01130,cust-01130@lumenmail.com,Furniture,3,85.17,0.2,Paid Search,UK,
ORD-009484,2024-04-02,CUST-01819,cust-01819@lumenmail.com,Furniture,4,68.14,0.0,Organic,UK,control
ORD-008600,2023-11-27,CUST-01780,cust-01780@lumenmail.com,Décor,2,161.47,0.05,Paid Search,UK,variant
ORD-008645,2023-12-12,CUST-02427,cust-02427@lumenmail.com,Lighting,2,16.3,0.05,Organic,CA,variant
ORD-008900,2023-12-27,CUST-01700,cust-01700@lumenmail.com,Décor,2,50.14,0.05,Paid Search,US,variant
ORD-004444,2023-09-04,,guest@lumenmail.com,Lighting,1,27.53,0.05,Email,US,
ORD-001652,2023-12-01,CUST-00029,cust-00029@lumenmail.com,Lighting,3,119.7,0.0,Paid Search,US,variant
ORD-007306,2023-09-07,CUST-02826,cust-02826@lumenmail.com,Décor,1,98.03,0.05,,US,variant
ORD-005500,01/05/2024,CUST-02243,cust-02243@lumenmail.com,Lighting,1,20.11,0.15,Paid Search,US,control
ORD-006415,2024-07-02,CUST-00846,cust-00846@lumenmail.com,Outdoor,1,32.12,0.0,Social,US,
ORD-002527,2024-02-26,CUST-00929,cust-00929@lumenmail.com,Accessories,1,29.21,0.1,Organic,CA,variant
ORD-004524,2023-12-28,CUST-02506,cust-02506@lumenmail.com,Décor,-1,39.48,0.2,Social,US,
ORD-006532,2023-07-14,CUST-02543,cust-02543@lumenmail.com,Lighting,1,799.84,0.0,Email,US,variant
ORD-004772,2023-08-13,,guest@lumenmail.com,Décor,1,245.25,0.0,Paid Search,AU,
ORD-006809,2024-01-28,CUST-00659,cust-00659@lumenmail.com,Décor,5,341.96,0.25,Paid Search,CA,
ORD-007186,2024-11-10,CUST-01845,cust-01845@lumenmail.com,Lighting,2,48.65,0.2,Email,US,control
ORD-008708,2023-07-15,CUST-01411,cust-01411@lumenmail.com,Lighting,2,265.47,0.0,Email,CA,control
ORD-003158,2024-09-01,CUST-02579,cust-02579@lumenmail.com,Lighting,3,129.31,0.05,Paid Search,US,
ORD-005909,2024-02-12,CUST-00209,cust-00209@lumenmail.com,Décor,3,152.21,0.05,Paid Search,US,
ORD-003391,2024-02-18,CUST-01479,cust-01479@lumenmail.com,Lighting,4,225.65,0.1,Organic,US,variant
ORD-003460,2023-10-03,CUST-02616,cust-02616@lumenmail.com,Accessories,5,40.0,0.0,,US,variant
ORD-001272,2023-10-25,CUST-01029,cust-01029@lumenmail.com,Lighting,1,20.19,0.15,Email,US,control
ORD-005406,2024-07-25,CUST-02191,cust-02191@lumenmail.com,Lighting,7,97.59,0.0,Organic,UK,control
ORD-005144,2024-08-19,CUST-00886,cust-00886@lumenmail.com,Lighting,2,22.09,0.2,Social,CA,
ORD-008949,2024-05-09,CUST-00674,cust-00674@lumenmail.com,Furniture,2,95.1,0.05,Paid Search,US,variant
ORD-007645,2024-07-26,CUST-00655,cust-00655@lumenmail.com,Furniture,2,175.79,0.05,Paid Search,US,control
ORD-006801,2023-10-09,CUST-00529,cust-00529@lumenmail.com,Lighting,1,12.56,0.05,Organic,US,control
ORD-009194,2024-06-11,CUST-02260,cust-02260@lumenmail.com,Décor,1,230.7,0.1,Social,UK,variant
ORD-008568,2024-09-06,CUST-02953,cust-02953@lumenmail.com,Accessories,2,36.32,0.0,Social,ZZ,variant
ORD-003649,2024-12-08,CUST-01892,cust-01892@lumenmail.com,Lighting,1,162.2,0.0,Organic,US,variant
ORD-002229,2023-12-30,CUST-02919,cust-02919@lumenmail.com,Lighting,3,64.2,0.0,Paid Search,US,
ORD-002665,20/09/2024,CUST-02087,cust-02087@lumenmail.com,Accessories,4,139.22,0.1,Email,CA,
ORD-006192,2023-06-27,CUST-01198,cust-01198@lumenmail.com,Accessories,-1,39.62,0.05,Organic,CA,
ORD-005021,18/12/2023,CUST-02854,cust-02854@lumenmail.com,Outdoor,6,33.11,0.15,Paid Search,CA,
ORD-003514,2024-01-04,CUST-01848,cust-01848@lumenmail.com,Décor,1,19.17,0.0,Organic,CA,
ORD-004281,2023-10-28,CUST-01897,cust-01897@lumenmail.com,Accessories,1,194.59,0.05,Email,US,variant
ORD-007653,2023-08-07,CUST-02494,cust-02494@lumenmail.com,Accessories,2,489.37,0.05,Organic,US,variant
ORD-003185,2023-07-20,CUST-00712,cust-00712@lumenmail.com,Lighting,2,29.74,0.05,Email,US,control
ORD-002641,2023-09-19,CUST-00899,cust-00899@lumenmail.com,Furniture,3,20.53,0.0,Paid Search,US,control
ORD-003420,2024-06-25,CUST-02236,cust-02236@lumenmail.com,Outdoor,1,24.66,0.1,Paid Search,UK,
ORD-003136,2024-07-17,CUST-02991,cust-02991@lumenmail.com,Outdoor,3,37.82,0.1,Email,UK,variant
ORD-001464,2023-11-17,CUST-01549,cust-01549@lumenmail.com,Furniture,1,81.94,0.05,Organic,UK,variant
ORD-003846,2024-10-30,CUST-02736,cust-02736@lumenmail.com,Furniture,1,45.87,0.0,Email,US,variant
ORD-005517,2024-06-04,CUST-02220,cust-02220@lumenmail.com,Lighting,2,84.31,0.05,Email,US,variant
ORD-007366,2023-10-20,CUST-02727,cust-02727@lumenmail.com,Décor,2,315.43,0.0,Social,US,
ORD-003033,2024-03-26,CUST-01036,cust-01036@lumenmail.com,Lighting,1,796.06,0.2,Paid Search,US,control
ORD-000294,2023-11-17,CUST-00165,cust-00165@lumenmail.com,Lighting,5,89.58,0.0,Organic,US,variant
ORD-005014,2023-07-08,CUST-00476,cust-00476@lumenmail.com,Furniture,1,88.42,0.05,Paid Search,CA,variant
ORD-004782,2024-02-09,CUST-01642,cust-01642@lumenmail.com,Lighting,1,443.03,0.15,Paid Search,CA,variant
ORD-003618,20/10/2023,CUST-01470,cust-01470@lumenmail.com,Décor,3,87.75,0.0,Social,ZZ,
ORD-008594,2023-10-08,CUST-00579,cust-00579@lumenmail.com,Lighting,1,11.02,0.05,Email,AU,variant
ORD-002726,2024-12-17,CUST-01874,cust-01874@lumenmail.com,Décor,4,17.99,0.0,Social,US,
ORD-007331,05/01/2024,CUST-00285,cust-00285@lumenmail.com,Furniture,2,5.06,0.15,Email,UK,
ORD-009227,2024-11-18,CUST-01946,cust-01946@lumenmail.com,Décor,1,162.2,0.0,Organic,CA,control
ORD-001107,2024-04-18,CUST-01173,cust-01173@lumenmail.com,Furniture,3,714.29,0.15,Paid Search,US,
ORD-002429,2023-09-20,CUST-01404,cust-01404@lumenmail.com,Lighting,3,36.44,0.15,Paid Search,US,control
ORD-007562,2023-09-17,CUST-00417,cust-00417@lumenmail.com,Lighting,2,142.02,0.15,Paid Search,US,variant
ORD-002820,2024-01-11,CUST-01414,cust-01414@lumenmail.com,Lighting,4,15.96,0.1,Paid Search,US,variant
ORD-008061,2024-12-05,CUST-02923,cust-02923@lumenmail.com,Outdoor,1,714.01,0.05,Social,US,
ORD-003797,2023-06-26,,guest@lumenmail.com,Décor,3,170.59,0.0,,CA,
ORD-000320,2024-06-13,CUST-01727,cust-01727@lumenmail.com,Furniture,1,33.0,0.05,Organic,US,
ORD-008482,2024-02-07,,guest@lumenmail.com,Lighting,1,120.35,0.05,Paid Search,US,
ORD-002947,2023-11-17,CUST-01372,cust-01372@lumenmail.com,Lighting,5,175.16,0.0,Paid Search,CA,variant
ORD-009220,18/08/2024,CUST-01790,cust-01790@lumenmail.com,Furniture,4,20.23,0.1,Organic,US,
ORD-009027,11/12/2024,CUST-01820,cust-01820@lumenmail.com,Décor,5,27.25,0.1,Organic,CA,
ORD-006427,2024-02-07,CUST-00429,cust-00429@lumenmail.com,Lighting,1,143.26,0.05,Social,UK,variant
ORD-005966,2023-09-09,CUST-00410,cust-00410@lumenmail.com,Décor,-1,93.42,0.1,Paid Search,US,control
ORD-006489,2024-08-24,CUST-00414,cust-00414@lumenmail.com,Furniture,6,162.82,0.0,Paid Search,US,
ORD-003130,2024-09-07,CUST-00480,cust-00480@lumenmail.com,Outdoor,-1,144.93,0.1,Paid Search,UK,
ORD-004676,2024-08-30,CUST-01036,cust-01036@lumenmail.com,Décor,4,92.1,0.05,Organic,US,
ORD-003987,2024-07-20,CUST-01038,cust-01038@lumenmail.com,Décor,3,26.53,0.15,Social,CA,
ORD-006775,2024-05-24,CUST-00582,cust-00582@lumenmail.com,Lighting,1,190.02,0.2,Social,AU,control
ORD-003690,2024-10-22,CUST-01674,cust-01674@lumenmail.com,Lighting,2,87.28,0.0,Social,CA,variant
ORD-008869,2023-08-23,CUST-02001,cust-02001@lumenmail.com,Furniture,2,44.3,0.0,Organic,US,control
ORD-005792,2023-08-22,CUST-00321,cust-00321@lumenmail.com,Lighting,1,47.92,0.15,Paid Search,US,control
ORD-009471,2023-09-20,CUST-02312,cust-02312@lumenmail.com,Lighting,4,89.42,0.1,Paid Search,US,control
ORD-006684,2024-08-17,CUST-02188,cust-02188@lumenmail.com,Décor,3,121.73,0.0,Paid Search,US,variant
ORD-001097,2023-08-02,CUST-01750,cust-01750@lumenmail.com,Décor,1,40.58,0.05,Organic,CA,
ORD-004810,2024-10-27,CUST-02274,cust-02274@lumenmail.com,Décor,3,110.15,0.15,Email,US,
ORD-006318,2023-11-04,CUST-02175,cust-02175@lumenmail.com,Décor,2,142.44,0.05,Paid Search,AU,
ORD-002169,30/05/2024,CUST-01610,cust-01610@lumenmail.com,Lighting,6,24.47,0.0,Social,US,
ORD-008603,2024-04-16,CUST-00721,cust-00721@lumenmail.com,Lighting,1,58.87,0.0,Organic,CA,variant
ORD-007927,2023-09-10,CUST-01083,cust-01083@lumenmail.com,Décor,2,171.38,0.0,Email,CA,
ORD-007076,30/08/2024,CUST-02032,cust-02032@lumenmail.com,Outdoor,1,0.0,0.1,,CA,
ORD-000768,2023-11-07,CUST-00570,cust-00570@lumenmail.com,Lighting,2,359.68,0.0,Paid Search,CA,variant
ORD-008300,2024-01-25,CUST-01077,cust-01077@lumenmail.com,Outdoor,3,47.72,0.2,Paid Search,CA,variant
ORD-005247,2023-06-03,CUST-01849,cust-01849@lumenmail.com,Lighting,2,18.08,0.0,Paid Search,US,control
ORD-006969,2024-11-24,CUST-01272,cust-01272@lumenmail.com,Lighting,1,406.13,0.0,Paid Search,US,control
ORD-000221,2023-12-12,CUST-00192,cust-00192@lumenmail.com,Outdoor,1,16.0,0.1,Paid Search,US,
ORD-000075,03/08/2024,CUST-01593,cust-01593@lumenmail.com,Outdoor,2,152.37,0.05,Social,CA,control
ORD-005429,2024-04-12,CUST-01286,cust-01286@lumenmail.com,Décor,1,79.55,0.1,Email,US,variant
ORD-002463,2024-11-15,CUST-01654,cust-01654@lumenmail.com,Lighting,3,16.76,0.15,Email,US,
ORD-007107,2023-10-31,,guest@lumenmail.com,Décor,3,96.27,0.05,Paid Search,US,variant
ORD-000504,2023-12-22,CUST-01600,cust-01600@lumenmail.com,Lighting,1,27.27,0.1,Email,US,variant
ORD-007890,2024-05-22,CUST-02090,cust-02090@lumenmail.com,Furniture,7,117.75,0.0,Paid Search,US,
ORD-009489,2024-09-05,CUST-00902,cust-00902@lumenmail.com,Furniture,1,85.7,0.0,Paid Search,UK,variant
ORD-003981,2024-10-04,CUST-01145,cust-01145@lumenmail.com,Lighting,2,227.94,0.0,Social,US,
ORD-000285,2024-09-11,CUST-02232,cust-02232@lumenmail.com,Accessories,3,331.53,0.05,Email,CA,
ORD-008259,2024-12-28,CUST-01744,cust-01744@lumenmail.com,Lighting,2,596.59,0.1,Organic,US,
ORD-008627,2024-02-04,CUST-02918,cust-02918@lumenmail.com,Furniture,1,49.3,0.0,Paid Search,US,control
ORD-003821,2024-11-17,CUST-02050,cust-02050@lumenmail.com,Lighting,2,27.03,0.0,Social,US,
ORD-007500,2024-08-15,CUST-02580,cust-02580@lumenmail.com,Accessories,1,137.85,0.1,Paid Search,US,
ORD-002304,2023-07-19,CUST-01871,cust-01871@lumenmail.com,Outdoor,2,182.66,0.05,Organic,US,
ORD-003161,2023-11-04,CUST-00842,cust-00842@lumenmail.com,Furniture,1,22.46,0.05,Paid Search,ZZ,variant
ORD-003214,2024-05-20,CUST-00892,cust-00892@lumenmail.com,Lighting,1,20.41,0.05,Email,US,
ORD-000475,24/10/2024,CUST-01207,cust-01207@lumenmail.com,Furniture,2,103.56,0.25,Paid Search,ZZ,control
ORD-006010,2024-02-06,CUST-00393,cust-00393@lumenmail.com,Décor,1,599.63,0.25,Paid Search,US,variant
ORD-008207,2024-12-18,CUST-02706,cust-02706@lumenmail.com,Décor,2,199.25,0.0,Paid Search,UK,
ORD-007456,2024-10-09,CUST-02856,cust-02856@lumenmail.com,Furniture,1,144.53,0.05,Paid Search,US,control
ORD-005176,2023-07-18,CUST-01508,cust-01508@lumenmail.com,Furniture,1,31.32,0.2,Social,US,control
ORD-001428,2024-04-27,CUST-02605,cust-02605@lumenmail.com,Lighting,1,41.77,0.1,Email,CA,control
ORD-000740,15/04/2024,CUST-00166,cust-00166@lumenmail.com,Décor,2,23.18,0.0,Email,ZZ,control
ORD-004641,2024-05-19,CUST-00663,cust-00663@lumenmail.com,Accessories,7,27.65,0.0,Social,US,variant
ORD-001850,2024-12-05,CUST-00106,cust-00106@lumenmail.com,Furniture,1,155.42,0.15,Paid Search,US,
ORD-006913,2024-02-17,CUST-01926,cust-01926@lumenmail.com,Décor,-1,82.89,0.0,Paid Search,CA,variant
ORD-008898,2024-06-22,CUST-02110,cust-02110@lumenmail.com,Lighting,4,13.04,0.0,Paid Search,US,variant
ORD-001192,2023-08-23,CUST-00986,cust-00986@lumenmail.com,Furniture,1,180.98,0.1,Paid Search,US,control
ORD-007210,2024-11-17,CUST-01098,cust-01098@lumenmail.com,Furniture,1,242.56,0.1,Organic,UK,control
ORD-000115,2024-04-17,CUST-00713,cust-00713@lumenmail.com,Furniture,2,0.0,0.05,Paid Search,ZZ,
ORD-004050,23/06/2024,CUST-02487,cust-02487@lumenmail.com,Accessories,1,187.67,0.0,Organic,US,variant
ORD-009041,2024-11-14,CUST-01970,cust-01970@lumenmail.com,Lighting,2,82.33,0.05,Social,US,
ORD-007834,2024-08-31,CUST-00162,cust-00162@lumenmail.com,Lighting,2,48.9,0.0,,US,control
ORD-006394,2023-10-02,CUST-01607,cust-01607@lumenmail.com,Lighting,3,6.86,0.05,Social,ZZ,
ORD-009383,2023-11-04,CUST-01813,cust-01813@lumenmail.com,Lighting,4,384.66,0.25,Organic,US,control
ORD-004564,12/08/2023,CUST-00268,cust-00268@lumenmail.com,Lighting,1,58.75,0.1,Email,US,variant
ORD-002108,2024-06-17,CUST-00754,cust-00754@lumenmail.com,Lighting,1,63.25,0.05,Email,US,
ORD-004521,2024-09-12,CUST-00314,cust-00314@lumenmail.com,Décor,2,137.9,0.0,Social,US,variant
ORD-001274,18/08/2023,CUST-01841,cust-01841@lumenmail.com,Lighting,2,5.71,0.0,,US,
ORD-003581,2024-07-13,CUST-01953,cust-01953@lumenmail.com,Outdoor,1,15.75,0.05,Email,CA,variant
ORD-005242,2024-01-10,CUST-00430,cust-00430@lumenmail.com,Décor,2,565.12,0.15,Organic,UK,control
ORD-007988,2024-02-25,CUST-02848,cust-02848@lumenmail.com,Furniture,1,102.77,0.0,Email,US,
ORD-007095,2024-11-23,CUST-00053,cust-00053@lumenmail.com,Lighting,2,176.46,0.0,,US,
ORD-001338,2023-06-02,CUST-01326,cust-01326@lumenmail.com,Lighting,1,329.22,0.15,Email,US,variant
ORD-005067,08/03/2024,CUST-02065,cust-02065@lumenmail.com,Lighting,2,398.69,0.2,,CA,control
ORD-004263,2024-08-09,CUST-00530,cust-00530@lumenmail.com,Lighting,2,224.47,0.0,Organic,US,variant
ORD-000883,2023-11-20,CUST-01445,cust-01445@lumenmail.com,Décor,1,150.04,0.25,Email,US,
ORD-001467,2023-09-27,CUST-02676,cust-02676@lumenmail.com,Décor,3,12.8,0.0,Organic,US,control
ORD-007616,07/07/2023,CUST-01123,cust-01123@lumenmail.com,Décor,4,327.48,0.0,Email,US,control
ORD-005151,2024-04-12,CUST-02523,cust-02523@lumenmail.com,Décor,1,47.53,0.1,Social,US,
ORD-003455,2024-06-20,CUST-02732,cust-02732@lumenmail.com,Outdoor,1,207.49,0.15,,CA,
ORD-004923,09/10/2024,CUST-01891,cust-01891@lumenmail.com,Lighting,2,18.86,0.0,Email,US,variant
ORD-004017,2023-10-06,CUST-02685,cust-02685@lumenmail.com,Lighting,1,87.62,0.05,Email,US,variant
ORD-000456,2023-10-13,CUST-00489,cust-00489@lumenmail.com,Lighting,4,13.73,0.0,Paid Search,US,control
ORD-005522,2023-10-30,CUST-02041,cust-02041@lumenmail.com,Lighting,-2,58.75,0.0,Organic,US,control
ORD-007369,09/01/2024,CUST-01800,cust-01800@lumenmail.com,Lighting,2,177.74,0.0,Organic,CA,
ORD-000342,2023-11-29,CUST-01408,cust-01408@lumenmail.com,Décor,1,29.39,0.05,Paid Search,US,variant
ORD-001754,2024-12-24,CUST-00611,cust-00611@lumenmail.com,Lighting,3,58.43,0.15,Paid Search,CA,control
ORD-002876,,,guest@lumenmail.com,Lighting,2,56.83,0.0,Email,US,control
ORD-003582,09/11/2023,CUST-00650,cust-00650@lumenmail.com,Lighting,5,87.56,0.0,Paid Search,US,control
ORD-007507,2024-06-28,CUST-01656,cust-01656@lumenmail.com,Lighting,1,0.0,0.1,Email,US,control
ORD-000977,2024-12-24,CUST-02499,cust-02499@lumenmail.com,Lighting,1,47.1,0.0,Paid Search,US,variant
ORD-004207,2024-10-29,CUST-00033,cust-00033@lumenmail.com,Furniture,3,172.27,0.05,Social,US,
ORD-009250,06/07/2023,CUST-00957,cust-00957@lumenmail.com,Accessories,2,125.43,0.1,Paid Search,US,control
ORD-002570,24/09/2023,CUST-00092,cust-00092@lumenmail.com,Accessories,2,44.24,0.0,Email,UK,variant
ORD-004816,2024-04-19,CUST-00686,cust-00686@lumenmail.com,Décor,2,18.53,0.15,Paid Search,CA,
ORD-002642,2023-07-09,CUST-00758,cust-00758@lumenmail.com,Lighting,1,87.28,0.0,Paid Search,CA,
ORD-002853,,CUST-01388,cust-01388@lumenmail.com,Lighting,1,260.13,0.0,Paid Search,ZZ,
ORD-007102,2024-11-16,CUST-01153,cust-01153@lumenmail.com,Décor,2,182.57,0.0,Email,US,variant
ORD-007973,2023-12-26,CUST-01741,cust-01741@lumenmail.com,Accessories,1,20.98,0.1,Organic,US,control
ORD-001503,2024-04-07,CUST-01336,cust-01336@lumenmail.com,Lighting,1,28.85,0.0,Paid Search,CA,control
ORD-004835,2024-02-26,CUST-02419,cust-02419@lumenmail.com,Lighting,1,0.0,0.15,Paid Search,US,
ORD-000093,2023-10-09,CUST-01731,cust-01731@lumenmail.com,Furniture,1,36.78,0.15,Paid Search,UK,control
ORD-002918,2023-11-04,CUST-00991,cust-00991@lumenmail.com,Lighting,1,22.69,0.0,Organic,AU,
ORD-000725,2024-05-24,CUST-01983,cust-01983@lumenmail.com,Lighting,2,173.6,0.0,Email,CA,variant
ORD-004542,2023-08-26,CUST-00938,cust-00938@lumenmail.com,Décor,2,276.04,0.0,Paid Search,US,control
ORD-006352,21/11/2023,CUST-01738,cust-01738@lumenmail.com,Lighting,1,57.73,0.05,Organic,US,variant
ORD-001219,2024-05-21,CUST-02498,cust-02498@lumenmail.com,Décor,1,42.41,0.05,Paid Search,US,variant
ORD-004882,2023-07-30,CUST-00763,cust-00763@lumenmail.com,Outdoor,1,244.96,0.05,Paid Search,US,variant
ORD-009371,2023-09-08,CUST-00900,cust-00900@lumenmail.com,Lighting,1,13.44,0.05,Paid Search,CA,variant
ORD-001567,2023-07-27,CUST-01707,cust-01707@lumenmail.com,Décor,2,46.18,0.0,Email,AU,variant
ORD-000049,2024-11-17,CUST-00544,cust-00544@lumenmail.com,Décor,3,13.51,0.15,Email,US,control
ORD-002833,2024-09-21,CUST-01145,cust-01145@lumenmail.com,Lighting,1,97.48,0.15,Organic,UK,variant
ORD-002989,2024-02-14,CUST-00898,cust-00898@lumenmail.com,Outdoor,-6,83.07,0.1,Organic,CA,
ORD-002024,2024-07-13,CUST-00472,cust-00472@lumenmail.com,Décor,3,45.07,0.05,Organic,UK,
ORD-005514,2024-08-06,CUST-00331,cust-00331@lumenmail.com,Lighting,4,148.33,0.1,Email,CA,control
ORD-008526,2024-07-26,CUST-02815,cust-02815@lumenmail.com,Décor,1,99.74,0.0,Paid Search,US,control
ORD-001535,2024-09-04,CUST-01501,cust-01501@lumenmail.com,Lighting,1,95.17,0.0,Organic,US,
ORD-006314,2023-12-03,CUST-00458,cust-00458@lumenmail.com,Furniture,1,143.04,0.0,Paid Search,US,variant
ORD-001163,2024-02-17,CUST-00328,cust-00328@lumenmail.com,Lighting,2,314.8,0.05,Organic,US,control
ORD-002662,2023-10-25,CUST-00386,cust-00386@lumenmail.com,Lighting,1,25.32,0.1,Paid Search,US,control
ORD-002693,2023-09-13,,guest@lumenmail.com,Furniture,1,51.38,0.1,Organic,US,variant
ORD-003011,2024-02-19,CUST-01204,cust-01204@lumenmail.com,Lighting,2,228.89,0.15,Social,US,control
ORD-003624,2023-09-09,,guest@lumenmail.com,Décor,2,80.81,0.05,Social,CA,control
ORD-005163,2023-10-01,CUST-00907,cust-00907@lumenmail.com,Lighting,1,92.82,0.05,Email,CA,
ORD-008963,2024-07-04,CUST-00517,cust-00517@lumenmail.com,Outdoor,1,63.41,0.05,Paid Search,CA,
ORD-006184,2023-11-03,CUST-01434,cust-01434@lumenmail.com,Décor,1,31.89,0.0,Organic,US,variant
ORD-008456,29/10/2023,CUST-00368,cust-00368@lumenmail.com,Lighting,1,27.37,0.2,Email,US,
ORD-004573,2024-04-03,CUST-00318,cust-00318@lumenmail.com,Furniture,2,55.27,0.0,Paid Search,CA,
ORD-008412,2024-09-27,CUST-02674,cust-02674@lumenmail.com,Décor,2,28.08,0.0,Social,US,variant
ORD-009127,23/04/2024,CUST-01771,cust-01771@lumenmail.com,Lighting,2,139.23,0.0,Social,US,variant
ORD-009459,2024-07-18,CUST-01541,cust-01541@lumenmail.com,Décor,1,47.24,0.05,Social,US,variant
ORD-007679,2024-07-01,CUST-02303,cust-02303@lumenmail.com,Furniture,4,15.89,0.1,Paid Search,UK,
ORD-003140,2023-08-03,CUST-01634,cust-01634@lumenmail.com,Furniture,1,84.53,0.0,Paid Search,US,
ORD-006793,2024-03-29,CUST-01901,cust-01901@lumenmail.com,Lighting,4,143.59,0.0,Organic,ZZ,
ORD-007726,22/10/2023,CUST-00736,cust-00736@lumenmail.com,Outdoor,1,158.63,0.15,Organic,US,control
ORD-007692,2024-01-27,,guest@lumenmail.com,Lighting,2,23.98,0.1,Email,US,control
ORD-006810,2024-09-19,CUST-00679,cust-00679@lumenmail.com,Outdoor,2,35.13,0.15,Social,UK,
ORD-001882,2024-02-20,,guest@lumenmail.com,Lighting,4,77.95,0.2,Email,US,control
ORD-005288,2024-02-14,CUST-00966,cust-00966@lumenmail.com,Lighting,2,56.92,0.0,Email,US,
ORD-001061,2023-10-08,CUST-02092,cust-02092@lumenmail.com,Furniture,1,21.71,0.0,Paid Search,CA,
ORD-001563,10/11/2024,CUST-00336,cust-00336@lumenmail.com,Lighting,1,122.79,0.0,Paid Search,US,variant
ORD-008787,2023-09-02,CUST-01855,cust-01855@lumenmail.com,Lighting,2,77.2,0.05,,US,control
ORD-003796,2023-11-10,CUST-01900,cust-01900@lumenmail.com,Outdoor,1,15.4,0.0,Organic,UK,control
ORD-004184,04/04/2024,CUST-01660,cust-01660@lumenmail.com,Lighting,1,104.74,0.0,Email,US,
ORD-009165,2023-07-12,CUST-02751,cust-02751@lumenmail.com,Lighting,2,77.32,0.0,Organic,US,variant
ORD-009426,2023-09-16,CUST-01777,cust-01777@lumenmail.com,Lighting,7,182.07,0.05,Paid Search,US,
ORD-004931,2024-10-23,CUST-00471,cust-00471@lumenmail.com,Outdoor,3,33.51,0.0,Email,US,control
ORD-001943,18/07/2023,CUST-00947,cust-00947@lumenmail.com,Lighting,1,8.11,0.05,Social,UK,
ORD-003441,,CUST-02475,cust-02475@lumenmail.com,Lighting,2,370.22,0.0,Paid Search,US,
ORD-000653,2023-08-11,CUST-01498,cust-01498@lumenmail.com,Lighting,2,59.4,0.05,Organic,US,
ORD-006265,2023-10-18,CUST-00256,cust-00256@lumenmail.com,Lighting,1,171.99,0.0,Organic,CA,
ORD-005832,2024-12-08,CUST-01966,cust-01966@lumenmail.com,Furniture,2,41.89,0.15,Email,US,control
ORD-007568,2024-02-20,CUST-02876,cust-02876@lumenmail.com,Furniture,1,345.17,0.1,Organic,US,control
ORD-002308,2024-02-08,CUST-02900,cust-02900@lumenmail.com,Accessories,4,33.04,0.15,Paid Search,US,variant
ORD-006533,2023-08-27,CUST-00385,cust-00385@lumenmail.com,Lighting,1,10.82,0.1,Organic,US,variant
ORD-009114,2024-05-24,,guest@lumenmail.com,Outdoor,1,46.08,0.0,Paid Search,US,variant
ORD-006471,2024-01-20,CUST-02181,cust-02181@lumenmail.com,Furniture,1,242.69,0.05,Paid Search,US,
ORD-007958,2024-01-13,CUST-01674,cust-01674@lumenmail.com,Furniture,1,8.29,0.1,Paid Search,CA,
ORD-004275,2024-12-27,CUST-01260,cust-01260@lumenmail.com,Outdoor,2,84.82,0.1,Paid Search,US,
ORD-008017,2024-02-06,CUST-01721,cust-01721@lumenmail.com,Décor,3,34.26,0.0,Organic,US,
ORD-000283,2024-09-10,CUST-00382,cust-00382@lumenmail.com,Furniture,1,192.92,0.25,Email,US,control
ORD-006312,2023-08-15,CUST-01746,cust-01746@lumenmail.com,Décor,1,32.55,0.0,Paid Search,US,control
ORD-002488,2024-04-20,CUST-01217,cust-01217@lumenmail.com,Décor,1,124.0,0.0,Paid Search,US,variant
ORD-004509,2023-07-21,CUST-00195,cust-00195@lumenmail.com,Furniture,1,178.34,0.1,Organic,US,control
ORD-002658,03/02/2024,CUST-02757,cust-02757@lumenmail.com,Lighting,3,143.57,0.1,Social,US,control
ORD-006804,2024-03-01,CUST-02141,cust-02141@lumenmail.com,Outdoor,5,154.85,0.05,Email,AU,control
ORD-007349,2024-07-10,CUST-02732,cust-02732@lumenmail.com,Accessories,2,409.52,0.15,Organic,CA,variant
ORD-000894,2024-09-19,CUST-00668,cust-00668@lumenmail.com,Lighting,1,51.33,0.15,,CA,variant
ORD-000464,2024-01-04,CUST-01776,cust-01776@lumenmail.com,Lighting,5,356.17,0.05,Paid Search,US,
ORD-004472,2024-12-07,CUST-00293,cust-00293@lumenmail.com,Outdoor,1,38.89,0.1,Email,US,
ORD-007747,2024-02-27,CUST-02070,cust-02070@lumenmail.com,Lighting,1,55.57,0.05,Paid Search,US,control
ORD-005547,15/09/2024,CUST-01306,cust-01306@lumenmail.com,Lighting,1,108.93,0.0,Email,US,
ORD-006059,2024-10-17,CUST-01117,cust-01117@lumenmail.com,Lighting,2,94.76,0.25,Email,US,control
ORD-004925,2023-06-17,CUST-00805,cust-00805@lumenmail.com,Décor,2,206.94,0.0,Organic,US,variant
ORD-009136,2023-08-30,CUST-01706,cust-01706@lumenmail.com,Outdoor,1,387.29,0.0,Organic,US,
ORD-002832,2023-08-18,CUST-00038,cust-00038@lumenmail.com,Décor,1,43.87,0.0,Paid Search,US,control
ORD-001763,2024-12-24,CUST-01605,cust-01605@lumenmail.com,Furniture,2,35.01,0.0,Email,ZZ,control
ORD-002203,28/01/2024,CUST-00924,cust-00924@lumenmail.com,Furniture,2,39.67,0.15,Social,US,control
ORD-000586,2024-07-23,CUST-01192,cust-01192@lumenmail.com,Furniture,2,49.82,0.0,Social,US,
ORD-001830,2023-07-24,CUST-01725,cust-01725@lumenmail.com,Lighting,2,38.23,0.15,Organic,US,variant
ORD-008549,2024-07-16,CUST-02382,cust-02382@lumenmail.com,Lighting,1,25.18,0.0,Paid Search,CA,control
ORD-008688,2024-10-09,CUST-02859,cust-02859@lumenmail.com,Outdoor,3,18.4,0.0,Email,ZZ,control
ORD-004417,2023-06-04,CUST-02274,cust-02274@lumenmail.com,Lighting,1,35.18,0.15,Paid Search,ZZ,
ORD-003889,2024-07-04,CUST-00835,cust-00835@lumenmail.com,Outdoor,1,41.11,0.15,Paid Search,US,control
ORD-001875,2024-07-13,CUST-02576,cust-02576@lumenmail.com,Outdoor,2,89.84,0.1,Paid Search,CA,control
ORD-006498,2024-09-03,CUST-02283,cust-02283@lumenmail.com,Furniture,2,37.22,0.2,Organic,US,
ORD-005864,2024-05-17,CUST-00116,cust-00116@lumenmail.com,Décor,1,183.13,0.0,Email,US,control
ORD-006970,2023-10-10,CUST-00497,cust-00497@lumenmail.com,Accessories,3,45.98,0.0,Email,CA,
ORD-000530,2023-06-01,CUST-00296,cust-00296@lumenmail.com,Lighting,3,73.39,0.25,,US,control
ORD-008187,2023-06-01,CUST-00667,cust-00667@lumenmail.com,Décor,2,138.47,0.05,Paid Search,US,
ORD-000698,2024-10-23,CUST-02058,cust-02058@lumenmail.com,Décor,4,139.97,0.0,Email,US,control
ORD-003616,2023-10-08,CUST-02586,cust-02586@lumenmail.com,Furniture,1,94.02,0.0,Email,US,control
ORD-003986,2024-04-13,CUST-01062,cust-01062@lumenmail.com,Lighting,1,65.79,0.0,,US,variant
ORD-008322,2023-07-19,,guest@lumenmail.com,Accessories,3,185.14,0.0,Email,ZZ,variant
ORD-009193,2024-03-26,CUST-01712,cust-01712@lumenmail.com,Furniture,1,54.1,0.05,Paid Search,UK,
ORD-006275,2024-10-28,CUST-01421,cust-01421@lumenmail.com,Décor,1,222.55,0.0,Email,CA,variant
ORD-007525,2023-07-22,CUST-02056,cust-02056@lumenmail.com,Lighting,1,0.0,0.0,Email,US,variant
ORD-006456,2024-02-05,CUST-02478,cust-02478@lumenmail.com,Décor,2,47.81,0.15,Email,AU,variant
ORD-002225,2024-01-22,CUST-01559,cust-01559@lumenmail.com,Furniture,1,15.66,0.0,Organic,US,variant
ORD-007370,2024-10-30,CUST-01094,cust-01094@lumenmail.com,Furniture,2,13.37,0.0,Organic,CA,control
ORD-001336,2023-10-09,CUST-01530,cust-01530@lumenmail.com,Lighting,2,102.26,0.0,Paid Search,AU,variant
ORD-004594,2024-08-21,,guest@lumenmail.com,Lighting,2,376.77,0.05,Organic,US,variant
ORD-002059,2023-08-14,CUST-02916,cust-02916@lumenmail.com,Décor,1,23.59,0.0,Social,US,control
ORD-005275,2024-03-29,,guest@lumenmail.com,Décor,3,22.41,0.05,Social,US,
ORD-004170,2024-08-15,CUST-02082,cust-02082@lumenmail.com,Lighting,2,93.67,0.1,Paid Search,AU,
ORD-005332,2023-12-31,CUST-02461,cust-02461@lumenmail.com,Lighting,7,66.66,0.0,Organic,US,control
ORD-006967,2024-04-24,CUST-00179,cust-00179@lumenmail.com,Lighting,3,26.3,0.0,Organic,US,variant
ORD-001684,2023-10-28,,guest@lumenmail.com,Lighting,1,190.89,0.05,Paid Search,US,control
ORD-003315,20/06/2024,CUST-01742,cust-01742@lumenmail.com,Lighting,1,74.45,0.0,Organic,CA,
ORD-002343,27/01/2024,CUST-00153,cust-00153@lumenmail.com,Furniture,1,31.24,0.1,Email,US,control
ORD-008643,2023-12-22,CUST-02660,cust-02660@lumenmail.com,Décor,1,117.06,0.0,Email,US,control
ORD-003163,2023-10-11,CUST-01382,cust-01382@lumenmail.com,Décor,2,15.91,0.05,Social,US,variant
ORD-000380,2023-11-18,CUST-02908,cust-02908@lumenmail.com,Décor,2,28.43,0.15,Email,CA,
ORD-003405,2023-06-14,CUST-00707,cust-00707@lumenmail.com,Lighting,2,160.57,0.0,Social,CA,control
ORD-000750,2023-09-19,CUST-00914,cust-00914@lumenmail.com,Outdoor,1,39.39,0.0,Organic,CA,
ORD-002793,2024-08-22,CUST-02628,cust-02628@lumenmail.com,Lighting,1,354.63,0.25,Email,US,
ORD-003959,2023-07-09,CUST-00885,cust-00885@lumenmail.com,Furniture,2,47.89,0.0,Paid Search,US,
ORD-009186,18/12/2024,CUST-02110,cust-02110@lumenmail.com,Outdoor,1,75.76,0.05,Email,US,variant
ORD-007667,10/08/2023,CUST-00812,cust-00812@lumenmail.com,Accessories,4,265.56,0.1,Organic,US,variant
ORD-005077,2024-04-25,CUST-01457,cust-01457@lumenmail.com,Lighting,1,49.13,0.0,Social,AU,variant
ORD-005609,2023-12-03,,guest@lumenmail.com,Décor,1,32.46,0.15,Email,US,control
ORD-005458,2024-07-19,CUST-01274,cust-01274@lumenmail.com,Décor,2,174.02,0.05,Email,US,
ORD-003696,2024-09-20,CUST-00445,cust-00445@lumenmail.com,Accessories,1,98.95,0.0,Paid Search,US,control
ORD-002140,2023-11-14,CUST-01057,cust-01057@lumenmail.com,Lighting,2,342.82,0.0,Email,US,
ORD-003056,2024-07-30,CUST-00306,cust-00306@lumenmail.com,Furniture,2,6.77,0.0,Email,US,variant
ORD-009014,14/07/2023,CUST-01697,cust-01697@lumenmail.com,Furniture,1,312.78,0.15,Organic,ZZ,
ORD-001400,2023-06-30,,guest@lumenmail.com,Lighting,1,88.74,0.0,Email,US,variant
ORD-000664,08/11/2023,,guest@lumenmail.com,Lighting,3,45.01,0.05,,US,variant
ORD-008388,2023-11-11,CUST-02365,cust-02365@lumenmail.com,Outdoor,4,29.23,0.1,Social,CA,control
ORD-003606,2024-05-02,CUST-02955,cust-02955@lumenmail.com,Décor,1,128.39,0.0,Email,US,control
ORD-005856,2024-08-10,CUST-00726,cust-00726@lumenmail.com,Lighting,2,38.22,0.05,Paid Search,US,
ORD-000033,2024-05-02,,guest@lumenmail.com,Lighting,4,43.03,0.0,Social,UK,control
ORD-002993,2024-10-14,CUST-01287,cust-01287@lumenmail.com,Décor,1,143.84,0.05,Email,US,variant
ORD-001770,2023-08-30,CUST-02686,cust-02686@lumenmail.com,Outdoor,1,34.15,0.15,Paid Search,US,
ORD-005131,2023-06-25,CUST-02720,cust-02720@lumenmail.com,Outdoor,7,87.99,0.0,Email,US,variant
ORD-005058,2024-01-31,CUST-01368,cust-01368@lumenmail.com,Furniture,1,87.57,0.05,Social,CA,
ORD-006584,2023-08-15,CUST-00163,cust-00163@lumenmail.com,Décor,3,32.81,0.05,Email,US,
ORD-007074,2023-11-05,CUST-01202,cust-01202@lumenmail.com,Furniture,3,109.17,0.05,Email,UK,
ORD-007159,2024-06-06,CUST-01097,cust-01097@lumenmail.com,Furniture,3,551.14,0.0,Organic,UK,variant
ORD-000333,30/08/2023,CUST-00301,cust-00301@lumenmail.com,Furniture,1,62.09,0.0,Email,US,variant
ORD-006181,2024-02-18,CUST-02435,cust-02435@lumenmail.com,Accessories,4,92.27,0.2,Paid Search,CA,variant
ORD-002148,08/08/2024,,guest@lumenmail.com,Furniture,1,673.16,0.0,Email,CA,variant
ORD-006690,2024-10-04,CUST-02309,cust-02309@lumenmail.com,Accessories,-1,65.39,0.1,Email,US,variant
ORD-002725,2024-06-15,CUST-00277,cust-00277@lumenmail.com,Lighting,-2,738.96,0.0,Email,US,variant
ORD-004764,2023-10-09,CUST-02677,cust-02677@lumenmail.com,Outdoor,2,339.8,0.0,Paid Search,UK,
ORD-002479,2024-07-26,CUST-02044,cust-02044@lumenmail.com,Décor,1,118.91,0.05,Paid Search,CA,
ORD-005430,2024-10-11,CUST-01533,cust-01533@lumenmail.com,Furniture,2,9.33,0.15,Social,US,variant
ORD-003762,2024-09-20,CUST-02756,cust-02756@lumenmail.com,Furniture,4,129.54,0.0,Email,UK,
ORD-007054,2023-06-19,CUST-02859,cust-02859@lumenmail.com,Lighting,2,38.42,0.05,Email,US,variant
ORD-008605,14/06/2023,CUST-00964,cust-00964@lumenmail.com,Furniture,4,99.62,0.0,Social,US,variant
ORD-009399,2023-07-24,CUST-01040,cust-01040@lumenmail.com,Décor,1,10.84,0.1,Paid Search,US,
ORD-004181,2024-01-06,CUST-02664,cust-02664@lumenmail.com,Décor,1,231.81,0.0,Email,US,
ORD-004536,29/07/2024,CUST-01143,cust-01143@lumenmail.com,Outdoor,2,87.58,0.0,Paid Search,US,control
ORD-006414,2023-07-20,CUST-01816,cust-01816@lumenmail.com,Décor,4,230.47,0.0,Organic,UK,variant
ORD-001538,2024-07-27,CUST-00646,cust-00646@lumenmail.com,Décor,1,40.13,0.05,Email,US,variant
ORD-008929,2023-09-13,CUST-00100,cust-00100@lumenmail.com,Lighting,1,74.46,0.0,Paid Search,US,variant
ORD-008512,2024-12-26,CUST-01249,cust-01249@lumenmail.com,Lighting,2,159.94,0.15,Email,UK,variant
ORD-007707,2023-08-29,CUST-01055,cust-01055@lumenmail.com,Décor,1,82.11,0.0,Social,US,
ORD-004101,29/01/2024,CUST-02434,cust-02434@lumenmail.com,Outdoor,4,197.11,0.0,Social,US,variant
ORD-005248,2024-10-29,CUST-02720,cust-02720@lumenmail.com,Furniture,-2,9.27,0.2,Organic,CA,control
ORD-006885,2024-06-07,CUST-02433,cust-02433@lumenmail.com,Outdoor,3,22.7,0.0,Email,US,
ORD-006443,2024-12-16,,guest@lumenmail.com,Décor,5,376.84,0.0,,US,
ORD-000877,2024-10-29,CUST-01250,cust-01250@lumenmail.com,Accessories,4,83.79,0.0,Paid Search,UK,variant
ORD-009419,2024-12-17,CUST-01214,cust-01214@lumenmail.com,Lighting,1,304.78,0.05,Email,US,
ORD-007865,2023-12-26,CUST-00881,cust-00881@lumenmail.com,Décor,5,154.35,0.05,Organic,UK,
ORD-007087,2023-12-08,CUST-02651,cust-02651@lumenmail.com,Furniture,5,89.71,0.05,Organic,US,
ORD-000677,2023-09-28,CUST-02520,cust-02520@lumenmail.com,Décor,1,89.36,0.0,Email,UK,control
ORD-000105,2023-08-18,CUST-00086,cust-00086@lumenmail.com,Furniture,6,111.79,0.0,Social,US,
ORD-006482,2024-02-11,,guest@lumenmail.com,Accessories,1,7.03,0.05,Email,CA,
ORD-002172,13/06/2024,CUST-00698,cust-00698@lumenmail.com,Outdoor,2,29.98,0.0,Email,US,control
ORD-000968,2023-07-25,CUST-00117,cust-00117@lumenmail.com,Furniture,1,44.72,0.0,Paid Search,US,
ORD-002888,2023-09-03,CUST-02838,cust-02838@lumenmail.com,Décor,2,31.37,0.0,Social,AU,
ORD-002816,2024-01-11,CUST-01688,cust-01688@lumenmail.com,Lighting,1,9.41,0.0,Paid Search,ZZ,
ORD-001574,2024-07-01,CUST-01199,cust-01199@lumenmail.com,Décor,6,170.93,0.25,Organic,US,
ORD-007541,2024-04-12,CUST-00504,cust-00504@lumenmail.com,Furniture,2,119.42,0.2,Paid Search,CA,control
ORD-004479,2024-05-03,,guest@lumenmail.com,Lighting,1,88.04,0.0,Social,US,
ORD-004671,2024-09-14,CUST-01868,cust-01868@lumenmail.com,Furniture,1,666.69,0.05,Paid Search,CA,control
ORD-006182,2023-12-15,CUST-01657,cust-01657@lumenmail.com,Lighting,3,195.21,0.0,Paid Search,US,variant
ORD-008936,2024-05-17,CUST-01346,cust-01346@lumenmail.com,Lighting,1,83.43,0.0,Email,US,variant
ORD-007039,01/09/2023,CUST-00919,cust-00919@lumenmail.com,Furniture,1,59.0,0.0,Social,US,variant
ORD-003355,2024-10-10,CUST-02563,cust-02563@lumenmail.com,Outdoor,1,76.18,0.05,,US,control
ORD-007101,2024-01-23,CUST-00757,cust-00757@lumenmail.com,Furniture,2,145.32,0.0,Organic,UK,variant
ORD-008798,2024-03-25,CUST-00731,cust-00731@lumenmail.com,Outdoor,3,297.33,0.2,Paid Search,US,control
ORD-003952,2023-06-04,,guest@lumenmail.com,Lighting,6,39.95,0.05,Email,US,
ORD-003294,09/04/2024,CUST-00667,cust-00667@lumenmail.com,Lighting,5,146.69,0.0,Email,CA,variant
ORD-002383,29/07/2024,CUST-00434,cust-00434@lumenmail.com,Lighting,2,89.41,0.1,Email,CA,variant
ORD-006285,2023-11-07,CUST-02414,cust-02414@lumenmail.com,Accessories,1,755.33,0.1,Email,US,
ORD-004661,2024-05-19,CUST-00208,cust-00208@lumenmail.com,Outdoor,3,383.85,0.0,Organic,US,
ORD-003830,2024-01-19,CUST-00930,cust-00930@lumenmail.com,Outdoor,1,66.94,0.1,Email,US,
ORD-007151,2024-10-09,CUST-01948,cust-01948@lumenmail.com,Furniture,2,267.4,0.15,Paid Search,CA,
ORD-008822,2023-08-02,CUST-01086,cust-01086@lumenmail.com,Décor,1,16.11,0.0,Paid Search,US,control
ORD-001921,2024-12-18,CUST-00113,cust-00113@lumenmail.com,Lighting,1,393.14,0.25,Email,CA,
ORD-007599,2024-01-15,CUST-01259,cust-01259@lumenmail.com,Accessories,2,97.27,0.0,Email,US,control
ORD-000118,2024-12-25,CUST-00396,cust-00396@lumenmail.com,Lighting,1,51.87,0.0,Organic,CA,control
ORD-000368,2024-11-13,CUST-00463,cust-00463@lumenmail.com,Lighting,3,21.86,0.1,Organic,US,variant
ORD-002891,2023-11-07,CUST-01290,cust-01290@lumenmail.com,Furniture,1,92.03,0.0,Organic,US,control
ORD-002685,2024-01-23,CUST-00588,cust-00588@lumenmail.com,Lighting,4,51.43,0.0,Paid Search,US,
ORD-003825,2023-12-25,CUST-00335,cust-00335@lumenmail.com,Décor,4,86.43,0.0,Social,US,
ORD-002364,2023-06-06,CUST-01610,cust-01610@lumenmail.com,Lighting,3,13.69,0.0,,UK,
ORD-007644,18/12/2023,CUST-00271,cust-00271@lumenmail.com,Outdoor,1,114.14,0.15,Organic,CA,
ORD-008535,14/07/2024,CUST-01814,cust-01814@lumenmail.com,Lighting,2,60.61,0.0,Organic,CA,variant
ORD-002912,2024-05-09,CUST-00356,cust-00356@lumenmail.com,Décor,1,9.42,0.0,Email,CA,control
ORD-000485,2024-12-02,CUST-01819,cust-01819@lumenmail.com,Décor,2,37.36,0.0,Paid Search,UK,variant
ORD-008170,2023-12-17,CUST-02991,cust-02991@lumenmail.com,Furniture,5,77.68,0.05,Social,UK,control
ORD-003515,2024-07-20,,guest@lumenmail.com,Décor,1,87.13,0.2,Social,CA,control
ORD-007140,2024-06-24,CUST-01365,cust-01365@lumenmail.com,Lighting,1,93.55,0.0,Paid Search,US,control
ORD-002043,2023-07-28,CUST-01210,cust-01210@lumenmail.com,Furniture,1,604.69,0.0,Email,US,control
ORD-008261,2023-10-22,CUST-00436,cust-00436@lumenmail.com,Accessories,1,73.54,0.0,Email,UK,control
ORD-005260,2024-03-18,CUST-02793,cust-02793@lumenmail.com,Décor,1,172.16,0.0,Paid Search,US,control
ORD-003115,31/10/2023,CUST-01063,cust-01063@lumenmail.com,Furniture,1,174.18,0.0,Email,US,variant
ORD-004522,2023-07-04,CUST-02564,cust-02564@lumenmail.com,Lighting,1,12.94,0.1,Paid Search,US,control
ORD-008241,12/07/2024,CUST-01982,cust-01982@lumenmail.com,Furniture,1,70.54,0.05,Paid Search,US,variant
ORD-001332,2024-11-24,CUST-01493,cust-01493@lumenmail.com,Décor,1,31.79,0.1,Social,US,variant
ORD-007802,16/10/2024,CUST-01494,cust-01494@lumenmail.com,Lighting,4,90.02,0.15,Organic,US,
ORD-000796,2024-09-19,CUST-00914,cust-00914@lumenmail.com,Outdoor,1,88.33,0.2,Paid Search,US,variant
ORD-002230,2023-12-29,CUST-01304,cust-01304@lumenmail.com,Lighting,4,47.89,0.0,Organic,CA,
ORD-006697,2023-11-23,,guest@lumenmail.com,Lighting,2,141.91,0.15,Social,CA,
ORD-007822,2024-08-26,CUST-02450,cust-02450@lumenmail.com,Accessories,3,57.75,0.0,Organic,US,control
ORD-009283,2023-07-05,CUST-00604,cust-00604@lumenmail.com,Lighting,-3,72.7,0.0,Email,US,control
ORD-007658,2024-06-01,CUST-00285,cust-00285@lumenmail.com,Accessories,4,126.73,0.1,Social,AU,variant
ORD-005319,2024-10-26,,guest@lumenmail.com,Décor,3,56.81,0.15,Paid Search,US,
ORD-005226,2024-11-27,CUST-02264,cust-02264@lumenmail.com,Décor,2,7.23,0.1,Email,CA,
ORD-006493,2023-11-25,CUST-00437,cust-00437@lumenmail.com,Accessories,2,31.02,0.0,Paid Search,CA,control
ORD-008672,2023-10-16,CUST-00649,cust-00649@lumenmail.com,Décor,1,378.62,0.0,Paid Search,US,control
ORD-000209,2023-10-25,CUST-00343,cust-00343@lumenmail.com,Lighting,3,30.62,0.05,Social,UK,
ORD-000481,2024-05-11,CUST-00447,cust-00447@lumenmail.com,Lighting,1,77.93,0.05,Social,CA,
ORD-004576,2023-11-27,CUST-02906,cust-02906@lumenmail.com,Outdoor,1,703.34,0.0,Paid Search,US,control
ORD-001511,2023-06-04,CUST-00183,cust-00183@lumenmail.com,Décor,3,560.75,0.0,Email,US,
ORD-002077,2024-01-10,CUST-02597,cust-02597@lumenmail.com,Lighting,2,93.03,0.0,Email,US,control
ORD-002103,2024-11-25,CUST-02857,cust-02857@lumenmail.com,Accessories,3,44.55,0.0,Social,US,control
ORD-008968,2023-10-01,CUST-01754,cust-01754@lumenmail.com,Décor,1,14.55,0.15,Email,US,variant
ORD-001834,2023-12-24,,guest@lumenmail.com,Lighting,2,19.67,0.0,Email,CA,control
ORD-007405,2024-10-24,CUST-00492,cust-00492@lumenmail.com,Lighting,5,54.95,0.05,Paid Search,AU,
ORD-007971,2024-04-11,CUST-02260,cust-02260@lumenmail.com,Décor,1,196.81,0.0,Email,US,control
ORD-006791,2024-11-28,CUST-01673,cust-01673@lumenmail.com,Lighting,1,171.35,0.0,Organic,AU,
ORD-006012,2024-10-05,CUST-00361,cust-00361@lumenmail.com,Furniture,1,38.91,0.0,Email,US,
ORD-000862,2023-12-29,,guest@lumenmail.com,Lighting,2,477.77,0.15,Paid Search,UK,control
ORD-008793,11/12/2023,CUST-02564,cust-02564@lumenmail.com,Furniture,1,164.31,0.0,Email,US,variant
ORD-007362,2024-09-29,CUST-01178,cust-01178@lumenmail.com,Furniture,1,229.34,0.0,Organic,UK,control
ORD-002327,2023-08-19,CUST-00138,cust-00138@lumenmail.com,Lighting,3,13.11,0.1,Social,US,
ORD-007343,2024-10-31,CUST-00324,cust-00324@lumenmail.com,Lighting,-2,76.94,0.2,Social,US,control
ORD-009259,2024-05-12,CUST-02661,cust-02661@lumenmail.com,Décor,1,21.33,0.0,Organic,US,variant
ORD-004306,2023-11-03,,guest@lumenmail.com,Lighting,1,85.14,0.1,Email,AU,
ORD-007588,2024-09-27,,guest@lumenmail.com,Décor,1,85.02,0.1,Organic,US,variant
ORD-000900,2024-07-02,CUST-00887,cust-00887@lumenmail.com,Lighting,1,616.22,0.0,Paid Search,CA,variant
ORD-002277,2023-11-28,,guest@lumenmail.com,Lighting,2,626.92,0.1,Email,US,control
ORD-008232,2024-08-09,CUST-02010,cust-02010@lumenmail.com,Furniture,5,148.69,0.1,Social,UK,variant
ORD-008642,2024-09-07,CUST-02938,cust-02938@lumenmail.com,Décor,1,89.56,0.05,Paid Search,US,
ORD-001172,2024-09-04,CUST-00481,cust-00481@lumenmail.com,Furniture,3,6.32,0.2,Organic,US,
ORD-005731,2024-11-04,CUST-01240,cust-01240@lumenmail.com,Furniture,-1,36.21,0.1,Organic,US,
ORD-002568,2024-05-31,CUST-02696,cust-02696@lumenmail.com,Lighting,2,14.12,0.05,Paid Search,US,
ORD-005606,2024-12-03,CUST-02752,cust-02752@lumenmail.com,Accessories,1,635.1,0.0,Paid Search,US,variant
ORD-003190,2024-06-29,CUST-01042,cust-01042@lumenmail.com,Lighting,3,199.63,0.05,Email,US,
ORD-007299,2023-07-22,CUST-00840,cust-00840@lumenmail.com,Décor,3,47.9,0.0,Organic,US,
ORD-006466,20/06/2024,CUST-01707,cust-01707@lumenmail.com,Lighting,1,109.41,0.0,,US,
ORD-000069,2024-05-01,CUST-01217,cust-01217@lumenmail.com,Accessories,1,34.77,0.05,Email,US,
ORD-005791,2024-12-03,CUST-00698,cust-00698@lumenmail.com,Outdoor,1,133.06,0.0,Social,US,control
ORD-000841,01/08/2024,CUST-00138,cust-00138@lumenmail.com,Furniture,2,102.84,0.1,Email,US,control
ORD-002176,2024-05-11,CUST-01704,cust-01704@lumenmail.com,Lighting,1,254.56,0.1,Social,CA,
ORD-004679,2023-07-04,,guest@lumenmail.com,Décor,1,171.57,0.0,Social,US,variant
ORD-008184,2024-02-10,CUST-02962,cust-02962@lumenmail.com,Lighting,4,8.02,0.0,,UK,
ORD-004907,2023-12-16,CUST-02404,cust-02404@lumenmail.com,Décor,4,154.54,0.0,Paid Search,AU,control
ORD-003006,2023-07-18,CUST-01928,cust-01928@lumenmail.com,Décor,2,36.63,0.25,Paid Search,CA,variant
ORD-005182,2024-11-30,CUST-01000,cust-01000@lumenmail.com,Décor,-3,175.38,0.1,Email,UK,control
ORD-003309,2023-06-08,CUST-02020,cust-02020@lumenmail.com,Furniture,1,87.66,0.0,Paid Search,US,control
ORD-006034,2024-05-02,CUST-02025,cust-02025@lumenmail.com,Décor,2,83.73,0.2,Paid Search,US,
ORD-003942,2024-06-28,CUST-00450,cust-00450@lumenmail.com,Lighting,1,56.34,0.0,Paid Search,US,variant
ORD-003093,2024-04-12,CUST-01170,cust-01170@lumenmail.com,Décor,2,99.73,0.2,Email,US,variant
ORD-009225,2023-11-28,CUST-01668,cust-01668@lumenmail.com,Outdoor,3,53.52,0.0,Paid Search,US,
ORD-007991,27/06/2023,CUST-01631,cust-01631@lumenmail.com,Décor,3,23.02,0.0,Social,US,
ORD-008783,2024-01-12,CUST-01242,cust-01242@lumenmail.com,Décor,2,34.9,0.15,Paid Search,US,control
ORD-003324,23/11/2024,CUST-00997,cust-00997@lumenmail.com,Décor,1,34.94,0.05,Paid Search,US,control
ORD-008101,2023-11-23,CUST-01621,cust-01621@lumenmail.com,Décor,2,161.54,0.0,Email,US,variant
ORD-007511,2023-10-10,CUST-01114,cust-01114@lumenmail.com,Accessories,2,20.93,0.0,Paid Search,UK,
ORD-008094,2024-03-10,CUST-02852,cust-02852@lumenmail.com,Lighting,3,89.83,0.15,Email,US,variant
ORD-002177,09/09/2024,CUST-01059,cust-01059@lumenmail.com,Lighting,1,37.3,0.05,Email,US,control
ORD-000161,2023-12-08,CUST-00225,cust-00225@lumenmail.com,Furniture,1,87.93,0.05,Social,UK,
ORD-003701,2023-07-31,CUST-02640,cust-02640@lumenmail.com,Lighting,1,793.82,0.1,Email,UK,
ORD-003592,2024-04-10,CUST-00816,cust-00816@lumenmail.com,Lighting,2,40.19,0.05,Organic,US,
ORD-001497,2024-11-01,CUST-02770,cust-02770@lumenmail.com,Décor,2,361.99,0.2,Email,US,
ORD-002332,2024-12-03,CUST-00569,cust-00569@lumenmail.com,Outdoor,3,56.88,0.05,Email,US,control
ORD-002722,2024-07-22,CUST-01529,cust-01529@lumenmail.com,Outdoor,1,94.28,0.0,,US,variant
ORD-006377,28/09/2023,CUST-01114,cust-01114@lumenmail.com,Lighting,1,374.68,0.0,Paid Search,US,
ORD-004364,2023-12-31,CUST-02699,cust-02699@lumenmail.com,Lighting,2,340.89,0.05,Organic,US,variant
ORD-005884,08/10/2024,CUST-01663,cust-01663@lumenmail.com,Décor,-1,149.52,0.1,Email,US,
ORD-000549,2024-01-03,CUST-01038,cust-01038@lumenmail.com,Lighting,4,21.5,0.15,Organic,UK,variant
ORD-000439,2024-08-06,CUST-02956,cust-02956@lumenmail.com,Furniture,1,312.71,0.05,Organic,US,
ORD-006146,2024-05-05,CUST-01265,cust-01265@lumenmail.com,Lighting,4,10.91,0.0,Organic,US,
ORD-001053,2023-06-09,CUST-00473,cust-00473@lumenmail.com,Lighting,2,193.71,0.0,,US,
ORD-007825,2023-07-24,CUST-01545,cust-01545@lumenmail.com,Outdoor,2,47.16,0.1,Organic,US,
ORD-003927,10/04/2024,CUST-00673,cust-00673@lumenmail.com,Accessories,4,90.08,0.0,Organic,ZZ,control
ORD-003166,2023-10-18,CUST-01662,cust-01662@lumenmail.com,Furniture,4,263.02,0.0,Email,US,
ORD-001692,2024-12-01,CUST-01893,cust-01893@lumenmail.com,Outdoor,3,12.2,0.0,Email,CA,
ORD-003349,2024-11-30,CUST-00557,cust-00557@lumenmail.com,Lighting,2,60.84,0.1,Paid Search,UK,control
ORD-001653,2023-10-05,CUST-01250,cust-01250@lumenmail.com,Lighting,1,41.56,0.1,Email,UK,variant
ORD-006440,2024-07-01,CUST-02045,cust-02045@lumenmail.com,Outdoor,7,25.8,0.05,Email,US,
ORD-005993,2024-11-11,CUST-02257,cust-02257@lumenmail.com,Outdoor,2,52.45,0.05,Email,US,control
ORD-006319,2024-08-10,CUST-01438,cust-01438@lumenmail.com,Décor,1,5.63,0.1,Paid Search,US,control
ORD-002263,2024-10-19,,guest@lumenmail.com,Décor,1,84.15,0.15,Email,UK,control
ORD-001861,2023-09-25,CUST-02275,cust-02275@lumenmail.com,Lighting,2,97.9,0.0,Paid Search,CA,
ORD-001726,2023-08-23,CUST-02680,cust-02680@lumenmail.com,Lighting,1,6.18,0.0,,US,
ORD-008425,2024-06-18,CUST-01592,cust-01592@lumenmail.com,Furniture,3,22.96,0.0,Organic,US,
ORD-006300,2024-11-24,CUST-00641,cust-00641@lumenmail.com,Décor,3,32.08,0.0,Paid Search,US,variant
ORD-000829,2024-11-08,CUST-01174,cust-01174@lumenmail.com,Décor,3,86.98,0.05,Paid Search,US,variant
ORD-001942,2024-02-29,CUST-01265,cust-01265@lumenmail.com,Accessories,1,123.68,0.1,Email,US,control
ORD-005142,2024-08-05,CUST-00418,cust-00418@lumenmail.com,Lighting,2,140.29,0.0,Email,US,variant
ORD-005451,2024-09-27,CUST-02476,cust-02476@lumenmail.com,Lighting,3,169.05,0.0,Paid Search,US,variant
ORD-005028,2024-11-20,CUST-00952,cust-00952@lumenmail.com,Outdoor,1,97.11,0.1,Organic,US,control
ORD-009223,2024-02-08,CUST-02596,cust-02596@lumenmail.com,Accessories,2,36.4,0.0,Social,AU,
ORD-008084,2024-09-23,CUST-00317,cust-00317@lumenmail.com,Outdoor,1,158.08,0.15,Paid Search,US,
ORD-004366,2023-09-14,CUST-00223,cust-00223@lumenmail.com,Lighting,2,22.09,0.25,Paid Search,US,control
ORD-001987,2024-11-06,CUST-01584,cust-01584@lumenmail.com,Outdoor,3,75.14,0.25,Organic,US,control
ORD-000702,2024-11-07,CUST-02198,cust-02198@lumenmail.com,Décor,4,42.19,0.1,Email,CA,
ORD-007271,2023-08-26,CUST-00370,cust-00370@lumenmail.com,Lighting,3,30.18,0.0,Social,CA,
ORD-000547,2024-02-15,CUST-00466,cust-00466@lumenmail.com,Outdoor,1,140.78,0.05,Email,US,control
ORD-000950,2023-09-07,CUST-00641,cust-00641@lumenmail.com,Lighting,1,75.99,0.0,Email,US,control
ORD-002475,2024-05-05,,guest@lumenmail.com,Lighting,2,105.81,0.0,Paid Search,US,variant
ORD-006308,2023-09-08,CUST-00082,cust-00082@lumenmail.com,Furniture,2,83.21,0.0,Email,US,control
ORD-006433,2024-06-08,CUST-01756,cust-01756@lumenmail.com,Outdoor,3,104.09,0.05,,US,variant
ORD-006251,07/03/2024,CUST-01083,cust-01083@lumenmail.com,Lighting,1,98.29,0.1,Email,US,
ORD-005216,2024-09-27,CUST-00519,cust-00519@lumenmail.com,Furniture,-2,330.91,0.15,Organic,CA,
ORD-000789,2024-09-15,CUST-01879,cust-01879@lumenmail.com,Furniture,1,42.04,0.1,Email,US,
ORD-009061,15/05/2024,CUST-00178,cust-00178@lumenmail.com,Outdoor,6,600.55,0.15,Paid Search,US,control
ORD-009187,2024-09-09,CUST-02839,cust-02839@lumenmail.com,Lighting,1,33.25,0.0,Paid Search,US,variant
ORD-000753,2024-10-02,CUST-02803,cust-02803@lumenmail.com,Décor,1,86.57,0.0,Email,US,control
ORD-002164,2024-03-04,CUST-00023,cust-00023@lumenmail.com,Décor,2,25.64,0.15,Paid Search,AU,control
ORD-006468,2023-08-27,CUST-02100,cust-02100@lumenmail.com,Accessories,2,146.85,0.0,Social,US,
ORD-005414,04/07/2024,CUST-02982,cust-02982@lumenmail.com,Furniture,4,94.93,0.0,Paid Search,CA,variant
ORD-000692,15/07/2024,CUST-01486,cust-01486@lumenmail.com,Furniture,4,174.11,0.0,Organic,US,control
ORD-007990,2024-06-01,CUST-02533,cust-02533@lumenmail.com,Lighting,2,16.53,0.0,Email,US,control
ORD-007242,2023-10-17,CUST-01224,cust-01224@lumenmail.com,Décor,3,146.87,0.0,Paid Search,CA,
ORD-002980,2023-06-30,CUST-01773,cust-01773@lumenmail.com,Furniture,2,265.92,0.05,Paid Search,US,
ORD-001216,2023-09-27,CUST-01109,cust-01109@lumenmail.com,Furniture,2,73.95,0.1,Paid Search,UK,
ORD-006899,2024-06-22,CUST-02872,cust-02872@lumenmail.com,Lighting,2,142.65,0.0,Email,CA,
ORD-000568,2024-01-03,CUST-00631,cust-00631@lumenmail.com,Furniture,2,45.25,0.15,Email,US,variant
ORD-002001,2024-05-15,CUST-02408,cust-02408@lumenmail.com,Furniture,1,42.11,0.15,Email,UK,control
ORD-006322,2023-12-06,CUST-01454,cust-01454@lumenmail.com,Décor,2,17.14,0.1,Paid Search,US,control
ORD-008749,19/12/2023,CUST-02820,cust-02820@lumenmail.com,Outdoor,1,106.63,0.1,Email,US,
ORD-009144,2024-06-10,CUST-02495,cust-02495@lumenmail.com,Lighting,2,624.03,0.15,Organic,CA,control
ORD-006858,14/01/2024,CUST-00540,cust-00540@lumenmail.com,Décor,1,492.35,0.0,Paid Search,US,control
ORD-007746,2024-11-24,CUST-01604,cust-01604@lumenmail.com,Outdoor,1,233.86,0.0,Email,US,control
ORD-007488,2024-07-24,,guest@lumenmail.com,Accessories,2,56.56,0.2,Email,US,variant
ORD-004474,2024-06-06,CUST-02229,cust-02229@lumenmail.com,Lighting,4,40.72,0.05,Social,US,variant
ORD-006495,2024-12-22,CUST-00956,cust-00956@lumenmail.com,Décor,5,185.48,0.15,Paid Search,US,
ORD-001949,2024-01-19,CUST-02046,cust-02046@lumenmail.com,Furniture,6,101.92,0.05,Email,UK,control
ORD-003191,2023-12-21,CUST-01858,cust-01858@lumenmail.com,Lighting,1,322.9,0.05,Paid Search,US,variant
ORD-006399,2024-09-21,CUST-00496,cust-00496@lumenmail.com,Décor,3,347.95,0.05,Paid Search,CA,variant
ORD-001303,15/12/2024,CUST-02723,cust-02723@lumenmail.com,Outdoor,1,158.63,0.0,Social,ZZ,
ORD-004620,2024-10-07,CUST-02551,cust-02551@lumenmail.com,Furniture,2,64.73,0.0,Organic,UK,variant
ORD-000746,2024-03-07,CUST-00714,cust-00714@lumenmail.com,Lighting,5,55.84,0.0,Paid Search,CA,variant
ORD-005928,2024-10-20,CUST-01678,cust-01678@lumenmail.com,Accessories,2,34.77,0.0,Paid Search,UK,variant
ORD-004453,15/04/2024,CUST-02525,cust-02525@lumenmail.com,Décor,2,33.11,0.15,Social,US,control
ORD-004915,2023-10-10,CUST-02101,cust-02101@lumenmail.com,Lighting,1,97.95,0.1,Paid Search,UK,
ORD-007815,25/07/2023,CUST-02350,cust-02350@lumenmail.com,Décor,1,90.59,0.05,Email,UK,variant
ORD-007017,2024-04-02,CUST-00947,cust-00947@lumenmail.com,Furniture,2,40.96,0.0,Paid Search,US,control
ORD-001500,2023-07-31,CUST-01533,cust-01533@lumenmail.com,Outdoor,1,79.75,0.0,Organic,UK,
ORD-000815,2023-06-04,CUST-00463,cust-00463@lumenmail.com,Lighting,3,164.31,0.15,Organic,US,
ORD-009476,2024-08-20,CUST-01330,cust-01330@lumenmail.com,Décor,2,87.08,0.05,Organic,CA,variant
ORD-004232,2024-04-14,CUST-00762,cust-00762@lumenmail.com,Lighting,1,37.6,0.0,Social,US,control
ORD-001417,2024-02-11,CUST-00449,cust-00449@lumenmail.com,Lighting,1,17.53,0.0,Paid Search,CA,control
ORD-008779,2024-03-02,CUST-01860,cust-01860@lumenmail.com,Accessories,5,98.51,0.0,Paid Search,US,
ORD-002729,26/01/2024,CUST-02216,cust-02216@lumenmail.com,Outdoor,3,10.54,0.2,Social,US,
ORD-004033,2023-11-07,CUST-01382,cust-01382@lumenmail.com,Lighting,1,38.62,0.1,Paid Search,UK,control
ORD-001302,2023-11-01,CUST-00632,cust-00632@lumenmail.com,Décor,5,34.54,0.0,Email,CA,
ORD-002409,2024-12-18,CUST-02313,cust-02313@lumenmail.com,Décor,4,19.25,0.15,Paid Search,CA,variant
ORD-000807,2024-08-09,CUST-01947,cust-01947@lumenmail.com,Outdoor,1,0.0,0.05,Email,UK,
ORD-004174,23/11/2023,CUST-00323,cust-00323@lumenmail.com,Accessories,1,55.97,0.1,Paid Search,US,control
ORD-009095,2024-10-24,CUST-02506,cust-02506@lumenmail.com,Furniture,4,691.82,0.0,Email,US,
ORD-003968,2023-08-05,CUST-02071,cust-02071@lumenmail.com,Lighting,2,398.62,0.0,Email,US,variant
ORD-004794,2024-05-01,CUST-02386,cust-02386@lumenmail.com,Furniture,1,83.14,0.15,Social,CA,
ORD-005018,2024-01-06,CUST-00952,cust-00952@lumenmail.com,Lighting,-1,50.7,0.05,Paid Search,US,variant
ORD-008439,2023-11-19,CUST-00647,cust-00647@lumenmail.com,Lighting,3,23.48,0.15,Email,US,control
ORD-003379,2024-02-05,CUST-00405,cust-00405@lumenmail.com,Décor,2,22.94,0.15,Email,US,
ORD-003670,2024-11-13,CUST-02267,cust-02267@lumenmail.com,Outdoor,5,17.65,0.0,Email,CA,variant
ORD-009563,2023-09-04,CUST-00961,cust-00961@lumenmail.com,Furniture,1,671.96,0.0,Social,US,control
ORD-003575,12/09/2023,CUST-01246,cust-01246@lumenmail.com,Lighting,3,371.48,0.0,Paid Search,US,variant
ORD-009432,2024-10-03,CUST-02622,cust-02622@lumenmail.com,Furniture,3,153.01,0.0,Email,US,
ORD-007673,2023-12-25,CUST-01370,cust-01370@lumenmail.com,Lighting,1,34.37,0.15,Paid Search,US,control
ORD-009311,2024-03-12,CUST-02405,cust-02405@lumenmail.com,Lighting,3,41.23,0.0,Paid Search,US,control
ORD-007994,2024-04-17,CUST-02898,cust-02898@lumenmail.com,Lighting,2,261.81,0.05,Organic,CA,control
ORD-003385,2024-02-12,CUST-01599,cust-01599@lumenmail.com,Décor,2,165.66,0.05,Paid Search,US,variant
ORD-003125,2024-04-08,CUST-00805,cust-00805@lumenmail.com,Décor,3,46.91,0.0,Social,US,variant
ORD-001839,31/10/2024,CUST-00574,cust-00574@lumenmail.com,Décor,7,40.83,0.0,Organic,US,
ORD-000077,2023-10-11,CUST-01543,cust-01543@lumenmail.com,Décor,1,273.81,0.2,Email,AU,
ORD-002130,,CUST-02725,cust-02725@lumenmail.com,Furniture,3,49.96,0.05,Organic,US,variant
ORD-004037,2024-08-08,CUST-00134,cust-00134@lumenmail.com,Outdoor,1,52.8,0.0,Email,US,control
ORD-000561,2024-10-07,CUST-02668,cust-02668@lumenmail.com,Lighting,1,209.04,0.05,Paid Search,CA,control
ORD-004984,2024-01-19,CUST-00442,cust-00442@lumenmail.com,Outdoor,2,172.16,0.0,Organic,CA,control
ORD-006213,2024-11-28,CUST-02505,cust-02505@lumenmail.com,Décor,1,238.47,0.15,Paid Search,US,
ORD-004068,2023-11-04,CUST-01579,cust-01579@lumenmail.com,Décor,1,264.22,0.0,Email,CA,variant
ORD-001846,2024-08-10,CUST-02812,cust-02812@lumenmail.com,Lighting,1,82.49,0.15,Paid Search,US,
ORD-008472,2024-01-28,CUST-01535,cust-01535@lumenmail.com,Décor,2,41.22,0.05,Paid Search,UK,
ORD-003620,13/11/2024,CUST-00654,cust-00654@lumenmail.com,Furniture,1,48.74,0.05,Email,US,
ORD-008068,2023-07-10,CUST-00803,cust-00803@lumenmail.com,Décor,2,24.57,0.0,Email,US,
ORD-008612,2023-11-20,CUST-01842,cust-01842@lumenmail.com,Lighting,2,101.65,0.05,Email,CA,variant
ORD-003117,2024-09-10,CUST-02521,cust-02521@lumenmail.com,Furniture,2,198.34,0.1,Paid Search,US,
ORD-007304,2024-05-22,,guest@lumenmail.com,Décor,3,48.07,0.05,Email,UK,
ORD-005889,2023-11-26,CUST-01644,cust-01644@lumenmail.com,Lighting,2,36.49,0.0,Email,US,control
ORD-005063,2023-06-11,CUST-00442,cust-00442@lumenmail.com,Décor,1,626.89,0.0,Paid Search,US,
ORD-007756,01/11/2023,CUST-02052,cust-02052@lumenmail.com,Furniture,4,38.99,0.2,,US,variant
ORD-001707,25/06/2024,CUST-00702,cust-00702@lumenmail.com,Furniture,1,180.24,0.1,Email,US,
ORD-004198,2023-12-15,CUST-01527,cust-01527@lumenmail.com,Lighting,1,22.63,0.0,Social,US,
ORD-007601,2024-05-18,CUST-02446,cust-02446@lumenmail.com,Décor,4,90.94,0.1,Paid Search,CA,
ORD-002678,2023-08-28,CUST-01705,cust-01705@lumenmail.com,Lighting,5,61.35,0.05,Organic,US,
ORD-005313,2023-08-28,CUST-02410,cust-02410@lumenmail.com,Outdoor,3,24.06,0.1,,US,control
ORD-008925,24/12/2023,CUST-01819,cust-01819@lumenmail.com,Accessories,1,381.94,0.0,Email,UK,variant
ORD-007578,2024-12-04,CUST-01681,cust-01681@lumenmail.com,Furniture,1,138.98,0.0,Email,US,variant
ORD-004639,2024-12-29,CUST-02482,cust-02482@lumenmail.com,Furniture,2,342.15,0.2,,UK,variant
ORD-007502,2024-11-21,CUST-02264,cust-02264@lumenmail.com,Décor,1,73.79,0.1,Email,US,
ORD-004372,05/04/2024,CUST-00845,cust-00845@lumenmail.com,Furniture,1,80.85,0.0,Organic,US,
ORD-008123,,,guest@lumenmail.com,Furniture,4,21.02,0.0,Paid Search,US,control
ORD-000014,09/02/2024,CUST-01582,cust-01582@lumenmail.com,Décor,1,33.49,0.0,Email,US,control
ORD-009357,2024-04-14,CUST-01009,cust-01009@lumenmail.com,Décor,1,13.95,0.0,Email,US,control
ORD-004726,09/12/2024,CUST-02973,cust-02973@lumenmail.com,Lighting,1,156.62,0.1,Social,US,control
ORD-002350,2024-03-13,CUST-02999,cust-02999@lumenmail.com,Lighting,1,106.06,0.05,Organic,US,
ORD-001044,16/03/2024,CUST-00144,cust-00144@lumenmail.com,Lighting,2,61.15,0.0,Email,US,
ORD-002323,2024-10-07,CUST-01627,cust-01627@lumenmail.com,Lighting,3,117.32,0.15,Paid Search,US,variant
ORD-006956,2024-06-21,CUST-02155,cust-02155@lumenmail.com,Décor,3,58.79,0.1,Organic,AU,
ORD-008584,23/04/2024,CUST-02051,cust-02051@lumenmail.com,Décor,4,88.72,0.1,Paid Search,US,
ORD-007059,2023-10-10,CUST-02743,cust-02743@lumenmail.com,Lighting,2,74.32,0.0,Organic,US,
ORD-006344,2023-12-12,CUST-02966,cust-02966@lumenmail.com,Furniture,2,19.18,0.0,Email,CA,variant
ORD-003877,12/06/2024,CUST-02707,cust-02707@lumenmail.com,Décor,4,5.04,0.15,Paid Search,US,control
ORD-007378,2023-06-02,CUST-02085,cust-02085@lumenmail.com,Décor,2,20.01,0.05,Paid Search,US,
ORD-007555,2023-06-28,CUST-01407,cust-01407@lumenmail.com,Lighting,1,80.95,0.1,Email,US,control
ORD-008908,2024-12-12,CUST-02766,cust-02766@lumenmail.com,Décor,2,81.5,0.25,Organic,US,
ORD-006882,2024-10-13,CUST-01403,cust-01403@lumenmail.com,Décor,5,48.3,0.0,Organic,US,variant
ORD-001091,2023-09-22,CUST-02197,cust-02197@lumenmail.com,Lighting,2,56.64,0.0,Paid Search,US,control
ORD-008805,17/07/2024,CUST-00536,cust-00536@lumenmail.com,Lighting,2,75.75,0.1,Organic,US,control
ORD-004151,2024-02-23,CUST-01237,cust-01237@lumenmail.com,Décor,1,359.05,0.0,Paid Search,US,control
ORD-008816,2024-07-27,CUST-01919,cust-01919@lumenmail.com,Lighting,2,87.44,0.0,Email,US,control
ORD-002562,2023-07-08,CUST-00761,cust-00761@lumenmail.com,Décor,1,55.4,0.0,Organic,US,
ORD-004157,12/08/2023,CUST-01428,cust-01428@lumenmail.com,Lighting,2,47.71,0.0,Paid Search,AU,control
ORD-003250,2023-09-09,CUST-00580,cust-00580@lumenmail.com,Décor,2,48.21,0.2,Paid Search,US,control
ORD-007907,2023-07-22,CUST-00163,cust-00163@lumenmail.com,Outdoor,6,228.48,0.2,Paid Search,US,control
ORD-001739,2023-10-13,CUST-02074,cust-02074@lumenmail.com,Décor,2,47.75,0.0,Email,US,variant
ORD-000488,28/06/2023,CUST-00358,cust-00358@lumenmail.com,Décor,2,51.98,0.0,Email,US,variant
ORD-006271,2024-10-11,CUST-01577,cust-01577@lumenmail.com,Lighting,5,76.41,0.05,Organic,US,variant
ORD-003288,20/08/2023,CUST-01718,cust-01718@lumenmail.com,Lighting,2,24.45,0.0,Social,UK,variant
ORD-002251,21/08/2024,CUST-01107,cust-01107@lumenmail.com,Furniture,1,286.16,0.15,Paid Search,US,variant
ORD-008551,22/08/2023,CUST-02812,cust-02812@lumenmail.com,Furniture,1,43.34,0.05,Paid Search,US,variant
ORD-006098,,CUST-01240,cust-01240@lumenmail.com,Furniture,1,11.79,0.0,Email,US,variant
ORD-003638,2023-11-04,CUST-01558,cust-01558@lumenmail.com,Outdoor,2,46.7,0.15,Paid Search,UK,variant
ORD-002880,2024-04-11,CUST-00044,cust-00044@lumenmail.com,Furniture,1,585.72,0.0,,ZZ,variant
ORD-007639,2024-03-10,CUST-01333,cust-01333@lumenmail.com,Furniture,3,5.08,0.1,Paid Search,CA,
ORD-006881,2024-08-11,,guest@lumenmail.com,Furniture,1,30.18,0.15,Social,US,variant
ORD-004566,2023-06-19,CUST-02898,cust-02898@lumenmail.com,Décor,1,25.0,0.1,Paid Search,US,
ORD-003165,2024-10-29,CUST-00062,cust-00062@lumenmail.com,Décor,4,43.33,0.05,Email,AU,variant
ORD-001657,2023-06-28,,guest@lumenmail.com,Lighting,3,30.13,0.25,Social,US,control
ORD-004520,2024-07-29,CUST-01759,cust-01759@lumenmail.com,Décor,1,29.85,0.15,Email,UK,control
ORD-006813,2023-12-20,CUST-02285,cust-02285@lumenmail.com,Décor,2,13.2,0.05,Social,US,
ORD-006307,2023-06-02,CUST-02691,cust-02691@lumenmail.com,Lighting,1,92.7,0.0,Organic,US,
ORD-008590,2024-02-23,CUST-00174,cust-00174@lumenmail.com,Lighting,6,82.83,0.0,,UK,control
ORD-002112,2023-10-26,CUST-00118,cust-00118@lumenmail.com,Furniture,1,49.07,0.15,Social,US,control
ORD-001423,2024-05-21,CUST-00029,cust-00029@lumenmail.com,Furniture,3,30.04,0.15,Paid Search,US,
ORD-005520,2024-04-18,,guest@lumenmail.com,Décor,3,404.45,0.0,Paid Search,US,variant
ORD-004578,2024-05-17,CUST-01558,cust-01558@lumenmail.com,Lighting,1,150.88,0.0,Paid Search,US,control
ORD-004634,23/11/2023,CUST-02393,cust-02393@lumenmail.com,Décor,1,7.0,0.1,Paid Search,CA,variant
ORD-009147,2023-08-09,CUST-00357,cust-00357@lumenmail.com,Accessories,2,13.47,0.05,Social,US,variant
ORD-002574,2024-08-22,CUST-00375,cust-00375@lumenmail.com,Outdoor,2,125.83,0.1,Email,UK,control
ORD-006778,2023-11-07,CUST-02021,cust-02021@lumenmail.com,Furniture,2,0.0,0.15,Organic,US,variant
ORD-007560,21/10/2023,CUST-00723,cust-00723@lumenmail.com,Lighting,1,763.97,0.15,Email,US,control
ORD-005080,2023-08-30,CUST-00124,cust-00124@lumenmail.com,Décor,1,86.9,0.0,Paid Search,US,variant
ORD-004697,2024-09-28,,guest@lumenmail.com,Accessories,2,14.35,0.0,Email,US,control
ORD-006612,2024-08-25,CUST-00599,cust-00599@lumenmail.com,Décor,4,97.13,0.05,Paid Search,UK,control
ORD-004691,2024-03-03,CUST-00840,cust-00840@lumenmail.com,Décor,2,41.61,0.0,Social,US,
ORD-001295,2024-07-19,CUST-02133,cust-02133@lumenmail.com,Décor,1,121.24,0.2,Social,AU,
ORD-000982,2024-08-05,CUST-01308,cust-01308@lumenmail.com,Lighting,3,96.23,0.15,Email,US,variant
ORD-003365,2024-09-12,CUST-00297,cust-00297@lumenmail.com,Furniture,1,19.1,0.05,Social,CA,control
ORD-001718,28/01/2024,,guest@lumenmail.com,Furniture,3,8.97,0.1,Paid Search,US,variant
ORD-006070,2024-04-14,CUST-02462,cust-02462@lumenmail.com,Furniture,1,500.84,0.25,,AU,variant
ORD-007462,2023-09-28,CUST-01369,cust-01369@lumenmail.com,Lighting,1,55.49,0.0,,US,variant
ORD-008400,2023-08-02,CUST-01752,cust-01752@lumenmail.com,Outdoor,1,38.2,0.0,Email,US,variant
ORD-008702,10/11/2024,CUST-00144,cust-00144@lumenmail.com,Furniture,4,46.28,0.2,Organic,CA,variant
ORD-004773,2024-10-28,CUST-02397,cust-02397@lumenmail.com,Décor,3,84.2,0.2,Email,US,variant
ORD-003937,14/05/2024,CUST-01410,cust-01410@lumenmail.com,Décor,5,94.15,0.25,Paid Search,US,variant
ORD-006072,2023-08-19,,guest@lumenmail.com,Lighting,1,8.02,0.0,Email,US,control
ORD-007160,2024-02-23,CUST-01267,cust-01267@lumenmail.com,Accessories,1,32.11,0.0,Paid Search,US,variant
ORD-007642,2024-01-31,CUST-02425,cust-02425@lumenmail.com,Lighting,2,64.53,0.0,Social,US,control
ORD-007856,2023-08-05,CUST-01334,cust-01334@lumenmail.com,Accessories,2,37.6,0.1,Paid Search,CA,
ORD-002737,2024-02-03,,guest@lumenmail.com,Décor,1,6.9,0.15,Paid Search,US,control
ORD-000216,22/11/2024,,guest@lumenmail.com,Accessories,-1,128.03,0.05,Paid Search,US,variant
ORD-009522,2024-06-10,CUST-00566,cust-00566@lumenmail.com,Lighting,7,380.16,0.0,Paid Search,US,
ORD-006288,2024-09-05,CUST-02938,cust-02938@lumenmail.com,Décor,3,21.65,0.0,Organic,AU,variant
ORD-003260,2023-12-18,,guest@lumenmail.com,Lighting,1,38.67,0.05,Email,US,variant
ORD-005107,2024-05-12,CUST-01449,cust-01449@lumenmail.com,Décor,2,32.81,0.0,Paid Search,US,control
ORD-005760,21/11/2023,CUST-02928,cust-02928@lumenmail.com,Outdoor,2,9.06,0.05,Email,US,control
ORD-008361,2024-08-23,CUST-02196,cust-02196@lumenmail.com,Lighting,1,58.99,0.0,Email,AU,control
ORD-004335,2024-08-25,CUST-01700,cust-01700@lumenmail.com,Lighting,2,297.68,0.0,Paid Search,US,variant
ORD-002881,2024-10-04,,guest@lumenmail.com,Décor,5,28.11,0.0,Paid Search,CA,variant
ORD-002823,2023-11-15,CUST-02818,cust-02818@lumenmail.com,Décor,3,374.38,0.2,Organic,ZZ,control
ORD-001223,01/02/2024,CUST-01582,cust-01582@lumenmail.com,Décor,1,70.32,0.0,Paid Search,US,
ORD-008684,2024-08-30,CUST-01724,cust-01724@lumenmail.com,Outdoor,1,151.42,0.05,Paid Search,US,variant
ORD-002755,2024-12-25,CUST-02501,cust-02501@lumenmail.com,Furniture,2,43.86,0.0,Email,UK,
ORD-008282,2024-09-10,CUST-00751,cust-00751@lumenmail.com,Lighting,1,80.81,0.2,Organic,CA,variant
ORD-006605,2024-03-29,CUST-02294,cust-02294@lumenmail.com,Furniture,1,145.81,0.2,Organic,UK,variant
ORD-009343,2023-10-31,CUST-02950,cust-02950@lumenmail.com,Furniture,1,9.37,0.0,Organic,US,variant
ORD-001615,2024-01-31,CUST-01318,cust-01318@lumenmail.com,Décor,3,65.32,0.2,Paid Search,US,
ORD-002334,13/12/2024,CUST-00699,cust-00699@lumenmail.com,Furniture,2,62.17,0.05,Paid Search,US,variant
ORD-006693,2024-04-15,CUST-01397,cust-01397@lumenmail.com,Décor,7,42.21,0.1,Paid Search,US,control
ORD-004011,2023-09-13,CUST-02881,cust-02881@lumenmail.com,Lighting,1,207.14,0.05,Email,CA,control
ORD-007090,2023-10-16,CUST-00010,cust-00010@lumenmail.com,Lighting,2,318.56,0.05,Organic,US,variant
ORD-003423,2024-08-04,CUST-02594,cust-02594@lumenmail.com,Décor,2,69.98,0.15,Social,US,control
ORD-008240,2023-10-26,CUST-01607,cust-01607@lumenmail.com,Lighting,1,50.48,0.15,Email,UK,
ORD-006554,2023-09-24,CUST-02307,cust-02307@lumenmail.com,Lighting,7,39.93,0.1,Paid Search,CA,
ORD-003677,2024-10-11,CUST-02491,cust-02491@lumenmail.com,Furniture,1,52.21,0.0,Email,UK,control
ORD-004055,2024-12-26,CUST-01734,cust-01734@lumenmail.com,Lighting,2,252.63,0.0,Organic,US,
ORD-008288,2024-01-17,CUST-02744,cust-02744@lumenmail.com,Lighting,2,128.3,0.0,Email,US,variant
ORD-003499,2024-12-28,CUST-02562,cust-02562@lumenmail.com,Furniture,1,8.74,0.1,Email,ZZ,
ORD-005193,2024-08-29,CUST-00037,cust-00037@lumenmail.com,Outdoor,1,169.18,0.1,Paid Search,US,control
ORD-005194,2024-02-18,CUST-00405,cust-00405@lumenmail.com,Décor,5,184.73,0.05,Social,US,variant
ORD-003718,2023-06-29,CUST-00231,cust-00231@lumenmail.com,Lighting,3,35.02,0.0,Paid Search,ZZ,
ORD-003010,17/06/2023,CUST-00919,cust-00919@lumenmail.com,Lighting,1,133.68,0.1,Organic,US,
ORD-004986,2024-12-22,CUST-02177,cust-02177@lumenmail.com,Furniture,2,161.69,0.0,Email,US,
ORD-009024,17/07/2023,CUST-02419,cust-02419@lumenmail.com,Décor,1,92.06,0.1,Organic,ZZ,variant
ORD-005087,2024-07-04,CUST-01504,cust-01504@lumenmail.com,Lighting,5,73.83,0.05,Paid Search,US,control
ORD-001583,2023-12-24,CUST-02997,cust-02997@lumenmail.com,Décor,6,31.75,0.0,Email,US,control
ORD-008516,2023-10-30,CUST-00152,cust-00152@lumenmail.com,Outdoor,2,25.12,0.1,Social,US,variant
ORD-004462,2024-01-02,CUST-01337,cust-01337@lumenmail.com,Outdoor,1,27.93,0.0,Paid Search,US,
ORD-005121,2024-10-15,CUST-01472,cust-01472@lumenmail.com,Décor,1,20.13,0.1,Email,US,variant
ORD-005000,2024-03-07,CUST-01043,cust-01043@lumenmail.com,Lighting,5,170.6,0.0,Organic,US,variant
ORD-008888,21/09/2024,CUST-01662,cust-01662@lumenmail.com,Lighting,3,71.25,0.0,Paid Search,UK,control
ORD-007771,2024-03-14,,guest@lumenmail.com,Décor,1,23.84,0.05,Organic,US,variant
ORD-004272,2024-04-20,CUST-00488,cust-00488@lumenmail.com,Décor,1,18.13,0.0,Paid Search,US,control
ORD-006191,2024-03-10,CUST-01655,cust-01655@lumenmail.com,Lighting,5,90.67,0.05,Paid Search,CA,control
ORD-008163,2024-02-04,CUST-01103,cust-01103@lumenmail.com,Furniture,3,178.94,0.0,Paid Search,US,
ORD-002159,2024-01-25,CUST-02860,cust-02860@lumenmail.com,Outdoor,3,40.33,0.25,Organic,US,variant
ORD-000767,2023-12-03,CUST-00011,cust-00011@lumenmail.com,Furniture,2,207.24,0.05,Email,US,variant
ORD-001407,2024-06-15,CUST-00250,cust-00250@lumenmail.com,Lighting,2,68.59,0.05,Social,AU,variant
ORD-003587,2023-08-21,CUST-00223,cust-00223@lumenmail.com,Lighting,1,184.61,0.1,Email,CA,
ORD-007722,2023-11-02,CUST-02050,cust-02050@lumenmail.com,Outdoor,2,21.51,0.0,Organic,UK,
ORD-008116,2023-07-27,CUST-02408,cust-02408@lumenmail.com,Outdoor,2,50.69,0.1,Organic,AU,
ORD-004012,2023-06-01,CUST-01625,cust-01625@lumenmail.com,Furniture,2,21.18,0.0,Email,US,variant
ORD-006262,2024-11-01,CUST-00747,cust-00747@lumenmail.com,Outdoor,3,161.1,0.0,Social,US,
ORD-002744,2023-08-07,CUST-00060,cust-00060@lumenmail.com,Décor,1,74.22,0.15,Paid Search,UK,control
ORD-000316,12/11/2024,CUST-02315,cust-02315@lumenmail.com,Décor,1,54.86,0.0,Email,CA,
ORD-000413,2023-11-14,CUST-01341,cust-01341@lumenmail.com,Lighting,1,51.59,0.1,Organic,US,
ORD-009148,2023-06-14,CUST-02106,cust-02106@lumenmail.com,Décor,1,339.61,0.05,Paid Search,US,control
ORD-005048,2023-07-05,CUST-02291,cust-02291@lumenmail.com,Outdoor,3,176.66,0.2,Paid Search,US,control
ORD-001489,2024-02-08,CUST-00501,cust-00501@lumenmail.com,Furniture,1,243.66,0.05,Paid Search,CA,
ORD-003271,2023-11-28,CUST-01859,cust-01859@lumenmail.com,Furniture,1,126.3,0.1,Paid Search,US,variant
ORD-008717,2023-08-20,CUST-00942,cust-00942@lumenmail.com,Outdoor,1,53.94,0.15,Social,US,
ORD-000206,2024-01-01,CUST-01994,cust-01994@lumenmail.com,Lighting,2,45.02,0.0,Paid Search,UK,
ORD-007613,2023-11-12,CUST-01671,cust-01671@lumenmail.com,Lighting,1,42.39,0.0,Paid Search,US,control
ORD-006960,2024-10-20,CUST-00149,cust-00149@lumenmail.com,Décor,2,33.71,0.0,Social,US,control
ORD-004484,2023-11-19,CUST-01193,cust-01193@lumenmail.com,Décor,5,47.04,0.0,Paid Search,US,
ORD-000988,2024-08-12,CUST-00323,cust-00323@lumenmail.com,Décor,2,199.63,0.0,Paid Search,CA,variant
ORD-000177,2024-07-17,CUST-00795,cust-00795@lumenmail.com,Outdoor,2,136.93,0.15,Email,US,
ORD-009395,2024-03-02,CUST-00202,cust-00202@lumenmail.com,Lighting,2,243.61,0.0,Email,ZZ,control
ORD-006239,2024-11-14,CUST-00271,cust-00271@lumenmail.com,Lighting,4,37.78,0.05,Organic,CA,control
ORD-009351,2023-12-31,CUST-01874,cust-01874@lumenmail.com,Furniture,2,224.51,0.0,Social,US,variant
ORD-008762,09/06/2024,CUST-01483,cust-01483@lumenmail.com,Lighting,-1,85.39,0.1,Paid Search,US,control
ORD-006834,2023-10-03,CUST-01222,cust-01222@lumenmail.com,Accessories,4,749.1,0.25,Email,US,control
ORD-003216,2024-08-17,CUST-00582,cust-00582@lumenmail.com,Décor,1,307.65,0.05,Paid Search,ZZ,variant
ORD-005006,2023-07-27,CUST-00787,cust-00787@lumenmail.com,Décor,3,72.09,0.2,Organic,US,variant
ORD-004452,2024-12-04,CUST-01983,cust-01983@lumenmail.com,Lighting,7,158.53,0.05,Paid Search,US,
ORD-009594,2024-04-15,CUST-01196,cust-01196@lumenmail.com,Lighting,4,44.01,0.0,Social,US,variant
ORD-007732,2024-12-15,CUST-02024,cust-02024@lumenmail.com,Lighting,2,44.33,0.25,Email,US,
ORD-005867,2024-03-23,CUST-00785,cust-00785@lumenmail.com,Lighting,3,39.15,0.05,Paid Search,US,
ORD-007113,2024-02-06,CUST-01654,cust-01654@lumenmail.com,Lighting,2,94.23,0.15,Social,CA,variant
ORD-000443,2023-11-03,,guest@lumenmail.com,Accessories,2,392.33,0.0,Paid Search,US,
ORD-000202,2023-08-05,CUST-02132,cust-02132@lumenmail.com,Furniture,2,92.78,0.0,Paid Search,UK,variant
ORD-009381,2024-07-31,,guest@lumenmail.com,Outdoor,1,56.69,0.0,Email,US,variant
ORD-004260,2023-07-31,CUST-02327,cust-02327@lumenmail.com,Lighting,5,195.17,0.0,Paid Search,US,
ORD-002093,2023-08-31,CUST-01074,cust-01074@lumenmail.com,Lighting,2,37.25,0.15,Paid Search,CA,
ORD-005364,2024-03-14,CUST-02794,cust-02794@lumenmail.com,Furniture,1,26.44,0.0,Email,US,variant
ORD-001955,2024-04-09,,guest@lumenmail.com,Lighting,4,17.41,0.0,Email,US,variant
ORD-006783,2024-01-08,CUST-01047,cust-01047@lumenmail.com,Accessories,2,14.55,0.2,,US,control
ORD-005726,2024-11-05,CUST-00774,cust-00774@lumenmail.com,Outdoor,1,87.6,0.0,Email,US,control
ORD-005837,16/08/2024,CUST-01458,cust-01458@lumenmail.com,Décor,1,130.99,0.0,Paid Search,CA,control
ORD-008384,2024-09-19,CUST-01473,cust-01473@lumenmail.com,Lighting,2,31.32,0.0,Paid Search,CA,control
ORD-008709,2023-12-12,CUST-01381,cust-01381@lumenmail.com,Accessories,1,70.76,0.0,Social,CA,variant
ORD-008436,2024-09-23,CUST-01202,cust-01202@lumenmail.com,Décor,2,80.79,0.0,Email,US,
ORD-004410,30/08/2024,CUST-00650,cust-00650@lumenmail.com,Outdoor,1,549.49,0.25,Organic,US,control
ORD-002599,2024-09-29,CUST-01517,cust-01517@lumenmail.com,Décor,2,29.77,0.2,Email,US,control
ORD-006338,2023-11-26,CUST-00490,cust-00490@lumenmail.com,Furniture,1,266.9,0.0,Organic,US,control
ORD-003505,2024-12-09,CUST-02146,cust-02146@lumenmail.com,Décor,3,37.1,0.1,Paid Search,US,
ORD-005425,2024-11-09,CUST-02543,cust-02543@lumenmail.com,Décor,2,98.02,0.0,Organic,ZZ,control
ORD-008756,27/01/2024,,guest@lumenmail.com,Accessories,3,43.61,0.0,Email,UK,
ORD-002928,2023-12-29,,guest@lumenmail.com,Furniture,2,114.14,0.0,Social,US,control
ORD-007812,2023-09-26,CUST-02198,cust-02198@lumenmail.com,Furniture,2,182.52,0.0,Social,US,
ORD-007803,2024-11-10,CUST-01571,cust-01571@lumenmail.com,Décor,3,298.19,0.1,Paid Search,US,variant
ORD-008073,2023-07-03,CUST-01600,cust-01600@lumenmail.com,Lighting,2,45.14,0.0,Organic,UK,variant
ORD-007075,2024-06-01,CUST-02083,cust-02083@lumenmail.com,Furniture,4,148.15,0.0,Paid Search,ZZ,control
ORD-005752,2023-09-28,CUST-00254,cust-00254@lumenmail.com,Furniture,1,143.84,0.15,Paid Search,US,
ORD-001682,2023-06-05,CUST-00339,cust-00339@lumenmail.com,Furniture,3,123.06,0.0,Social,US,
ORD-001227,02/11/2023,CUST-02649,cust-02649@lumenmail.com,Outdoor,2,653.03,0.05,Paid Search,US,
ORD-008367,18/11/2024,CUST-00808,cust-00808@lumenmail.com,Décor,-1,39.98,0.1,Social,UK,
ORD-009550,13/08/2023,CUST-01153,cust-01153@lumenmail.com,Décor,1,94.26,0.0,Paid Search,US,control
ORD-006020,2023-10-07,CUST-00133,cust-00133@lumenmail.com,Furniture,-5,25.03,0.05,Paid Search,AU,
ORD-005759,2024-05-24,CUST-01474,cust-01474@lumenmail.com,Décor,1,76.26,0.0,Organic,US,control
ORD-008718,2024-08-05,CUST-02493,cust-02493@lumenmail.com,Furniture,1,84.63,0.0,Social,CA,variant
ORD-007168,2024-12-15,CUST-02636,cust-02636@lumenmail.com,Furniture,1,26.73,0.0,Paid Search,ZZ,
ORD-000251,06/08/2023,CUST-01174,cust-01174@lumenmail.com,Outdoor,2,347.85,0.0,Email,UK,
ORD-005658,2023-06-02,CUST-02662,cust-02662@lumenmail.com,Lighting,2,53.42,0.1,Organic,UK,control
ORD-001266,2024-12-11,,guest@lumenmail.com,Décor,1,83.34,0.05,Social,US,control
ORD-003727,2023-12-14,CUST-01973,cust-01973@lumenmail.com,Accessories,1,390.95,0.0,Email,US,control
ORD-005431,2024-05-19,CUST-00916,cust-00916@lumenmail.com,Furniture,1,52.39,0.05,Social,US,variant
ORD-000924,2024-10-01,CUST-02269,cust-02269@lumenmail.com,Accessories,1,563.71,0.1,Organic,US,variant
ORD-008095,2023-12-14,CUST-00700,cust-00700@lumenmail.com,Outdoor,2,153.9,0.0,Organic,US,control
ORD-006120,2023-06-07,CUST-01013,cust-01013@lumenmail.com,Outdoor,1,29.4,0.1,Paid Search,CA,variant
ORD-006077,2023-11-25,CUST-02982,cust-02982@lumenmail.com,Décor,4,104.6,0.05,Paid Search,ZZ,control
ORD-009431,08/10/2023,CUST-02889,cust-02889@lumenmail.com,Lighting,2,23.93,0.2,Paid Search,US,control
ORD-000047,15/10/2023,CUST-00686,cust-00686@lumenmail.com,Furniture,1,140.25,0.0,Organic,US,
ORD-000787,2024-09-08,CUST-01712,cust-01712@lumenmail.com,Lighting,-7,31.49,0.0,Email,US,control
ORD-004707,2024-10-04,CUST-01936,cust-01936@lumenmail.com,Décor,5,66.27,0.0,Organic,US,variant
ORD-001933,2024-07-18,CUST-02196,cust-02196@lumenmail.com,Lighting,2,10.27,0.05,Organic,US,
ORD-001134,28/09/2023,CUST-02743,cust-02743@lumenmail.com,Lighting,1,71.74,0.0,Email,US,variant
ORD-007811,2023-12-30,CUST-00945,cust-00945@lumenmail.com,Lighting,3,14.39,0.0,Social,US,control
ORD-003872,2024-01-06,CUST-02478,cust-02478@lumenmail.com,Décor,7,107.3,0.1,Paid Search,US,variant
ORD-004299,2024-05-23,CUST-02459,cust-02459@lumenmail.com,Lighting,2,44.45,0.0,Organic,US,variant
ORD-005086,2023-06-20,CUST-00307,cust-00307@lumenmail.com,Lighting,2,106.13,0.0,Paid Search,UK,
ORD-006781,2023-06-29,CUST-01168,cust-01168@lumenmail.com,Décor,2,87.92,0.0,Paid Search,US,variant
ORD-007782,28/07/2023,CUST-02694,cust-02694@lumenmail.com,Lighting,2,29.87,0.05,Paid Search,US,
ORD-000287,2024-03-08,CUST-02090,cust-02090@lumenmail.com,Décor,7,123.86,0.2,Paid Search,US,
ORD-004374,2024-02-24,CUST-00719,cust-00719@lumenmail.com,Lighting,1,300.8,0.0,Paid Search,UK,control
ORD-007691,13/12/2024,CUST-00341,cust-00341@lumenmail.com,Lighting,2,43.42,0.15,Email,UK,control
ORD-007137,2023-11-01,CUST-00286,cust-00286@lumenmail.com,Décor,-2,17.6,0.0,Email,US,
ORD-008205,2023-07-02,CUST-00960,cust-00960@lumenmail.com,Lighting,2,95.9,0.0,Email,CA,
ORD-005914,2024-11-04,,guest@lumenmail.com,Décor,3,302.83,0.0,Organic,US,control
ORD-003138,2024-05-15,,guest@lumenmail.com,Lighting,2,90.85,0.0,Social,US,
ORD-002535,20/06/2024,CUST-01852,cust-01852@lumenmail.com,Lighting,2,124.94,0.0,Email,US,variant
ORD-008166,2023-12-15,CUST-02684,cust-02684@lumenmail.com,Furniture,1,80.56,0.0,Organic,US,
ORD-007061,2024-12-12,CUST-00327,cust-00327@lumenmail.com,Lighting,1,722.21,0.0,Organic,US,
ORD-009355,2024-08-26,CUST-02903,cust-02903@lumenmail.com,Lighting,5,26.75,0.05,Email,US,control
ORD-008843,2024-03-24,CUST-00723,cust-00723@lumenmail.com,Lighting,1,658.7,0.0,Paid Search,ZZ,variant
ORD-001193,2024-10-12,CUST-02811,cust-02811@lumenmail.com,Outdoor,1,133.06,0.0,Social,US,variant
ORD-002418,2024-11-13,CUST-02179,cust-02179@lumenmail.com,Lighting,2,33.35,0.0,Paid Search,US,control
ORD-000571,17/04/2024,CUST-00413,cust-00413@lumenmail.com,Furniture,1,60.1,0.0,Paid Search,US,
ORD-002956,10/11/2024,CUST-01596,cust-01596@lumenmail.com,Outdoor,2,86.85,0.1,Paid Search,UK,
ORD-002734,2024-11-13,CUST-01568,cust-01568@lumenmail.com,Furniture,2,95.58,0.0,Organic,US,control
ORD-004178,05/06/2023,CUST-02415,cust-02415@lumenmail.com,Décor,1,33.82,0.15,Organic,AU,variant
ORD-009275,2024-12-01,CUST-00475,cust-00475@lumenmail.com,Lighting,3,19.3,0.2,Paid Search,US,variant
ORD-002893,22/12/2024,CUST-00785,cust-00785@lumenmail.com,Furniture,4,125.78,0.05,Email,US,
ORD-008977,05/09/2023,CUST-00743,cust-00743@lumenmail.com,Accessories,2,52.68,0.05,Email,UK,control
ORD-004678,2024-02-01,CUST-02234,cust-02234@lumenmail.com,Décor,2,5.25,0.15,Paid Search,UK,control
ORD-004723,2023-12-30,,guest@lumenmail.com,Décor,2,132.0,0.05,Paid Search,US,variant
ORD-007436,2024-04-23,CUST-02471,cust-02471@lumenmail.com,Accessories,1,42.71,0.05,Email,CA,
ORD-001867,2024-04-22,CUST-00573,cust-00573@lumenmail.com,Lighting,1,112.43,0.0,Organic,US,control
ORD-009100,30/12/2023,CUST-00929,cust-00929@lumenmail.com,Accessories,4,185.71,0.05,Email,UK,control
ORD-004618,2024-06-07,CUST-02189,cust-02189@lumenmail.com,Décor,1,51.24,0.0,Paid Search,US,variant
ORD-006038,2023-10-14,CUST-02281,cust-02281@lumenmail.com,Lighting,-3,209.89,0.15,Email,UK,
ORD-000296,2024-09-04,CUST-01643,cust-01643@lumenmail.com,Lighting,5,130.18,0.15,Social,US,
ORD-004873,18/11/2023,CUST-00063,cust-00063@lumenmail.com,Lighting,1,670.1,0.05,Email,CA,
ORD-005293,2024-04-02,CUST-00672,cust-00672@lumenmail.com,Accessories,2,39.9,0.05,Social,US,variant
ORD-009579,2023-10-22,CUST-02384,cust-02384@lumenmail.com,Furniture,1,198.24,0.0,Email,US,
ORD-006997,2024-02-27,CUST-00951,cust-00951@lumenmail.com,Outdoor,1,131.52,0.0,,US,variant
ORD-007091,2024-08-11,CUST-00646,cust-00646@lumenmail.com,Accessories,2,156.46,0.25,Organic,US,control
ORD-007753,07/08/2024,CUST-00458,cust-00458@lumenmail.com,Décor,2,44.31,0.0,Email,UK,
ORD-007611,2024-10-05,CUST-02629,cust-02629@lumenmail.com,Lighting,7,257.61,0.0,Paid Search,CA,
ORD-000344,2024-07-10,CUST-02203,cust-02203@lumenmail.com,Lighting,6,77.95,0.1,Email,CA,variant
ORD-004303,2023-12-21,CUST-00373,cust-00373@lumenmail.com,Décor,3,112.94,0.0,Organic,US,
ORD-007967,2024-09-27,CUST-00484,cust-00484@lumenmail.com,Lighting,1,583.29,0.0,Organic,UK,control
ORD-002784,2024-08-12,CUST-01973,cust-01973@lumenmail.com,Furniture,1,176.4,0.0,Paid Search,US,variant
ORD-000347,2024-03-21,CUST-00486,cust-00486@lumenmail.com,Lighting,1,190.73,0.0,Email,US,control
ORD-000241,25/12/2023,CUST-02350,cust-02350@lumenmail.com,Lighting,1,47.19,0.0,Email,UK,
ORD-002699,15/10/2023,CUST-02575,cust-02575@lumenmail.com,Lighting,1,58.9,0.0,Organic,CA,
ORD-000360,2024-02-12,CUST-02340,cust-02340@lumenmail.com,Lighting,1,199.77,0.2,Organic,US,
ORD-002246,25/12/2023,CUST-02755,cust-02755@lumenmail.com,Lighting,4,39.31,0.25,Paid Search,US,control
ORD-006014,2024-01-03,CUST-02234,cust-02234@lumenmail.com,Outdoor,6,25.48,0.0,Organic,US,variant
ORD-004546,2024-01-02,CUST-00778,cust-00778@lumenmail.com,Furniture,3,56.78,0.0,Social,US,
ORD-003295,2024-01-16,CUST-01274,cust-01274@lumenmail.com,Lighting,2,65.02,0.0,Organic,CA,
ORD-009156,2023-06-14,CUST-02619,cust-02619@lumenmail.com,Furniture,2,8.28,0.05,Email,AU,
ORD-008333,2023-06-19,,guest@lumenmail.com,Furniture,2,73.9,0.0,Email,US,variant
ORD-003372,2024-02-18,CUST-02790,cust-02790@lumenmail.com,Lighting,1,113.02,0.0,Paid Search,CA,
ORD-008633,2024-11-28,,guest@lumenmail.com,Outdoor,3,106.19,0.1,Paid Search,US,control
ORD-008579,2023-08-16,CUST-01855,cust-01855@lumenmail.com,Décor,2,56.48,0.1,Social,US,variant
ORD-004114,2024-06-12,CUST-01429,cust-01429@lumenmail.com,Lighting,2,11.49,0.05,Organic,US,
ORD-009467,12/06/2023,CUST-02573,cust-02573@lumenmail.com,Décor,1,34.03,0.15,Social,US,
ORD-004839,2024-12-21,CUST-02571,cust-02571@lumenmail.com,Lighting,2,69.93,0.0,Social,US,
ORD-007066,2024-11-07,CUST-02303,cust-02303@lumenmail.com,Décor,3,12.17,0.0,Social,CA,variant
ORD-001256,2023-09-27,CUST-02526,cust-02526@lumenmail.com,Accessories,1,46.59,0.15,Email,US,variant
ORD-006704,01/09/2023,CUST-01364,cust-01364@lumenmail.com,Outdoor,2,458.28,0.0,Social,US,
ORD-003652,2024-08-07,CUST-02378,cust-02378@lumenmail.com,Décor,1,48.6,0.05,Email,US,
ORD-006516,2024-10-17,CUST-00408,cust-00408@lumenmail.com,Outdoor,2,95.7,0.0,Organic,US,
ORD-007134,2024-04-01,CUST-01015,cust-01015@lumenmail.com,Lighting,4,66.95,0.1,Paid Search,UK,
ORD-000256,21/06/2023,CUST-00330,cust-00330@lumenmail.com,Furniture,2,222.66,0.0,Social,US,control
ORD-003401,2024-05-08,CUST-01856,cust-01856@lumenmail.com,Lighting,2,22.39,0.0,Email,US,variant
ORD-009146,2024-11-20,CUST-01638,cust-01638@lumenmail.com,Accessories,2,79.4,0.2,Paid Search,US,
ORD-007841,2024-10-23,CUST-02407,cust-02407@lumenmail.com,Décor,2,13.16,0.0,Email,US,control
ORD-008659,2023-10-10,CUST-02969,cust-02969@lumenmail.com,Accessories,1,26.74,0.1,Paid Search,UK,
ORD-004104,01/03/2024,CUST-00962,cust-00962@lumenmail.com,Outdoor,1,136.25,0.0,Social,US,control
ORD-003145,2023-11-27,CUST-01023,cust-01023@lumenmail.com,Décor,2,0.0,0.2,Social,US,control
ORD-004502,2024-04-06,CUST-00152,cust-00152@lumenmail.com,Accessories,1,326.01,0.1,Organic,US,
ORD-003753,2023-07-10,CUST-00760,cust-00760@lumenmail.com,Furniture,1,47.81,0.05,Email,UK,control
ORD-000852,2023-07-13,CUST-02337,cust-02337@lumenmail.com,Décor,2,157.56,0.25,Paid Search,CA,variant
ORD-003377,2023-12-25,CUST-02304,cust-02304@lumenmail.com,Furniture,3,189.08,0.0,Paid Search,AU,control
ORD-008402,2024-02-05,CUST-01002,cust-01002@lumenmail.com,Décor,3,180.94,0.25,Organic,US,control
ORD-008279,2024-05-27,CUST-01505,cust-01505@lumenmail.com,Outdoor,1,137.94,0.0,,ZZ,
ORD-005276,2023-10-31,CUST-01372,cust-01372@lumenmail.com,Lighting,4,147.88,0.0,Organic,US,
ORD-009019,2023-08-04,,guest@lumenmail.com,Décor,3,62.61,0.0,Email,US,control
ORD-007876,2024-07-18,CUST-00716,cust-00716@lumenmail.com,Outdoor,1,42.01,0.0,Social,AU,variant
ORD-000625,16/07/2023,CUST-02645,cust-02645@lumenmail.com,Lighting,1,73.99,0.05,Organic,CA,
ORD-002098,13/03/2024,CUST-02450,cust-02450@lumenmail.com,Lighting,1,272.27,0.15,Email,CA,variant
ORD-007477,2024-10-11,CUST-00767,cust-00767@lumenmail.com,Décor,6,338.89,0.0,Social,US,variant
ORD-008940,2023-08-09,CUST-01878,cust-01878@lumenmail.com,Furniture,1,162.29,0.05,Social,US,control
ORD-000332,2024-10-03,CUST-02398,cust-02398@lumenmail.com,Accessories,1,39.25,0.1,Email,US,control
ORD-000525,2024-04-03,CUST-02233,cust-02233@lumenmail.com,Lighting,2,6.99,0.0,Paid Search,US,
ORD-004613,2024-09-01,CUST-00967,cust-00967@lumenmail.com,Lighting,2,44.01,0.0,Organic,ZZ,variant
ORD-008298,2024-02-08,,guest@lumenmail.com,Lighting,2,9.3,0.1,Email,CA,
ORD-006981,2024-09-11,CUST-00575,cust-00575@lumenmail.com,Outdoor,4,24.66,0.0,Social,UK,variant
ORD-002242,2023-06-28,CUST-02909,cust-02909@lumenmail.com,Furniture,5,193.51,0.25,Paid Search,AU,
ORD-001025,2023-11-11,CUST-00750,cust-00750@lumenmail.com,Outdoor,3,30.35,0.0,Paid Search,CA,variant
ORD-000058,2024-12-14,CUST-02941,cust-02941@lumenmail.com,Outdoor,2,92.13,0.1,Email,US,variant
ORD-005403,2024-03-04,CUST-00851,cust-00851@lumenmail.com,Furniture,7,19.98,0.0,Social,US,variant
ORD-003410,2024-11-21,CUST-01121,cust-01121@lumenmail.com,Lighting,1,338.59,0.05,Email,US,
ORD-000531,2024-02-19,CUST-02774,cust-02774@lumenmail.com,Lighting,6,91.47,0.05,Paid Search,CA,
ORD-008126,2024-09-22,CUST-02348,cust-02348@lumenmail.com,Décor,2,39.82,0.0,Paid Search,US,control
ORD-004155,2024-10-05,CUST-01800,cust-01800@lumenmail.com,Décor,1,43.96,0.15,Paid Search,US,
ORD-005219,15/04/2024,CUST-00110,cust-00110@lumenmail.com,Lighting,4,27.61,0.1,Email,US,
ORD-007605,27/12/2023,CUST-02355,cust-02355@lumenmail.com,Lighting,3,143.38,0.0,Paid Search,CA,variant
ORD-000591,2024-04-25,,guest@lumenmail.com,Décor,1,18.52,0.0,Paid Search,US,
ORD-005258,07/07/2023,CUST-01080,cust-01080@lumenmail.com,Lighting,2,614.59,0.1,Email,US,control
ORD-003338,2024-01-25,CUST-02017,cust-02017@lumenmail.com,Outdoor,2,293.46,0.0,Email,US,
ORD-007760,19/07/2024,CUST-02063,cust-02063@lumenmail.com,Décor,1,326.82,0.05,Paid Search,US,variant
ORD-003910,2024-08-03,CUST-01706,cust-01706@lumenmail.com,Décor,1,136.93,0.15,Email,US,
ORD-002931,15/03/2024,CUST-02948,cust-02948@lumenmail.com,Lighting,2,42.75,0.05,Social,CA,control
ORD-008399,2024-11-13,CUST-01378,cust-01378@lumenmail.com,Lighting,2,66.9,0.05,Paid Search,US,
ORD-000573,2024-06-11,CUST-01624,cust-01624@lumenmail.com,Outdoor,1,12.31,0.0,Paid Search,US,control
ORD-009087,14/06/2024,CUST-01006,cust-01006@lumenmail.com,Outdoor,2,52.95,0.0,Social,CA,
ORD-004210,2024-09-23,CUST-01726,cust-01726@lumenmail.com,Décor,1,172.03,0.0,Paid Search,UK,
ORD-004627,2023-12-09,CUST-01100,cust-01100@lumenmail.com,Lighting,4,65.38,0.1,Paid Search,CA,variant
ORD-009504,2024-04-10,CUST-01912,cust-01912@lumenmail.com,Décor,4,189.8,0.05,,US,control
ORD-007051,2024-07-24,CUST-02094,cust-02094@lumenmail.com,Lighting,1,72.55,0.2,Social,US,variant
ORD-004292,2024-05-17,,guest@lumenmail.com,Furniture,1,197.04,0.05,Paid Search,US,
ORD-001200,2024-03-12,CUST-02049,cust-02049@lumenmail.com,Lighting,1,39.44,0.0,Organic,US,control
ORD-002186,2023-08-23,CUST-02880,cust-02880@lumenmail.com,Lighting,1,52.92,0.15,Organic,US,control
ORD-004069,2023-08-13,CUST-01323,cust-01323@lumenmail.com,Décor,4,730.69,0.0,Email,US,variant
ORD-003893,2024-02-26,CUST-01140,cust-01140@lumenmail.com,Lighting,5,0.0,0.0,Paid Search,CA,variant
ORD-002741,2024-12-11,CUST-01124,cust-01124@lumenmail.com,Lighting,1,79.23,0.2,Social,US,
ORD-009494,2024-08-11,CUST-01870,cust-01870@lumenmail.com,Furniture,2,292.42,0.05,Social,US,control
ORD-003998,13/03/2024,CUST-01634,cust-01634@lumenmail.com,Lighting,1,181.02,0.2,Paid Search,CA,
ORD-003715,2024-11-10,CUST-00773,cust-00773@lumenmail.com,Outdoor,2,185.04,0.15,Paid Search,US,
ORD-003967,2023-11-06,CUST-01085,cust-01085@lumenmail.com,Décor,1,25.56,0.0,Email,US,
ORD-003891,2023-07-08,CUST-02991,cust-02991@lumenmail.com,Accessories,2,369.78,0.15,Organic,ZZ,control
ORD-001797,2024-03-03,CUST-02922,cust-02922@lumenmail.com,Décor,2,49.37,0.0,Email,US,control
ORD-009151,2023-08-27,CUST-01175,cust-01175@lumenmail.com,Lighting,1,407.37,0.0,Email,US,variant
ORD-000254,2023-11-02,CUST-01409,cust-01409@lumenmail.com,Décor,2,58.42,0.0,Paid Search,US,
ORD-008541,2023-06-06,CUST-02797,cust-02797@lumenmail.com,Décor,1,5.74,0.0,Organic,US,
ORD-002445,2024-09-19,CUST-00893,cust-00893@lumenmail.com,Décor,3,262.13,0.05,Social,UK,
ORD-007432,16/06/2023,CUST-02099,cust-02099@lumenmail.com,Lighting,1,395.4,0.1,Organic,US,control
ORD-002352,2024-11-27,CUST-00453,cust-00453@lumenmail.com,Lighting,3,753.24,0.05,Paid Search,US,control
ORD-001339,2023-12-19,CUST-00487,cust-00487@lumenmail.com,Lighting,1,37.39,0.05,Paid Search,ZZ,variant
ORD-004892,2023-08-10,CUST-00237,cust-00237@lumenmail.com,Outdoor,2,166.83,0.0,Email,US,
ORD-006635,13/01/2024,CUST-00901,cust-00901@lumenmail.com,Décor,1,738.39,0.05,,UK,variant
ORD-002769,2024-03-22,CUST-00526,cust-00526@lumenmail.com,Décor,1,357.56,0.0,Organic,CA,
ORD-009097,03/09/2023,CUST-02298,cust-02298@lumenmail.com,Lighting,1,67.18,0.2,Organic,US,
ORD-008257,2024-10-13,CUST-02747,cust-02747@lumenmail.com,Lighting,-1,144.51,0.1,,AU,control
ORD-007651,2023-11-12,CUST-00706,cust-00706@lumenmail.com,Furniture,5,42.95,0.05,Organic,ZZ,
ORD-007914,2024-08-31,CUST-00272,cust-00272@lumenmail.com,Outdoor,1,90.14,0.0,Email,US,control
ORD-006459,2024-10-01,CUST-01575,cust-01575@lumenmail.com,Décor,1,70.75,0.05,Paid Search,UK,
ORD-001242,2024-11-26,CUST-00571,cust-00571@lumenmail.com,Lighting,6,28.06,0.2,Email,US,
ORD-001703,2024-06-21,CUST-00597,cust-00597@lumenmail.com,Lighting,2,48.62,0.25,Email,US,
ORD-001524,16/08/2024,CUST-01395,cust-01395@lumenmail.com,Lighting,1,130.4,0.25,Email,US,variant
ORD-005649,2023-09-20,CUST-00911,cust-00911@lumenmail.com,Furniture,1,38.39,0.0,Email,AU,
ORD-005125,2023-09-03,,guest@lumenmail.com,Décor,1,60.36,0.0,Organic,US,variant
ORD-002728,2023-08-23,CUST-01904,cust-01904@lumenmail.com,Lighting,2,373.07,0.0,Paid Search,US,
ORD-004318,2024-06-24,CUST-00516,cust-00516@lumenmail.com,Lighting,1,94.28,0.05,Email,US,
ORD-003356,2024-05-01,CUST-02611,cust-02611@lumenmail.com,Furniture,1,91.7,0.05,Email,UK,variant
ORD-000960,2024-01-21,CUST-01995,cust-01995@lumenmail.com,Lighting,4,75.8,0.05,Email,US,control
ORD-003302,2023-07-13,CUST-00091,cust-00091@lumenmail.com,Lighting,2,94.12,0.15,Organic,US,control
ORD-005384,2024-04-06,CUST-01135,cust-01135@lumenmail.com,Outdoor,1,144.85,0.2,Social,US,
ORD-006712,2024-04-03,CUST-01193,cust-01193@lumenmail.com,Décor,1,80.15,0.05,Email,ZZ,variant
ORD-003585,2023-06-19,CUST-02610,cust-02610@lumenmail.com,Furniture,1,266.16,0.0,Organic,CA,control
ORD-002812,2024-08-10,CUST-02602,cust-02602@lumenmail.com,Décor,1,19.38,0.0,Paid Search,US,variant
ORD-002102,2023-08-19,CUST-01107,cust-01107@lumenmail.com,Décor,5,321.64,0.0,Paid Search,US,
ORD-003139,2023-07-24,CUST-02344,cust-02344@lumenmail.com,Décor,1,31.47,0.05,Paid Search,ZZ,
ORD-000897,2024-11-09,CUST-00175,cust-00175@lumenmail.com,Outdoor,2,129.74,0.15,Organic,US,
ORD-000765,2024-02-07,CUST-00594,cust-00594@lumenmail.com,Accessories,2,366.84,0.05,Organic,US,variant
ORD-005689,2024-09-17,CUST-01833,cust-01833@lumenmail.com,Décor,6,95.95,0.0,Paid Search,US,variant
ORD-006543,2024-04-20,CUST-00594,cust-00594@lumenmail.com,Lighting,1,89.45,0.0,,AU,
ORD-006027,26/08/2023,CUST-02421,cust-02421@lumenmail.com,Décor,-3,398.36,0.0,Social,US,control
ORD-002914,2024-12-24,CUST-00080,cust-00080@lumenmail.com,Décor,2,48.34,0.0,Email,US,control
ORD-002922,2023-07-24,CUST-01086,cust-01086@lumenmail.com,Décor,5,42.95,0.0,Organic,US,variant
ORD-003496,2023-12-25,CUST-02088,cust-02088@lumenmail.com,Outdoor,3,40.57,0.0,Paid Search,US,variant
ORD-003692,2024-12-06,CUST-01996,cust-01996@lumenmail.com,Lighting,4,127.01,0.2,Paid Search,ZZ,variant
ORD-001405,2024-02-28,CUST-01304,cust-01304@lumenmail.com,Lighting,7,54.6,0.05,Social,CA,variant
ORD-005150,2024-05-13,CUST-00773,cust-00773@lumenmail.com,Lighting,1,163.28,0.0,Email,CA,control
ORD-008002,2023-11-18,,guest@lumenmail.com,Outdoor,-7,32.31,0.1,Organic,CA,
ORD-007878,2024-05-01,CUST-01495,cust-01495@lumenmail.com,Furniture,3,321.41,0.1,Email,US,
ORD-006626,2024-03-06,CUST-02052,cust-02052@lumenmail.com,Lighting,1,78.97,0.0,Email,UK,control
ORD-006293,2024-10-12,CUST-01678,cust-01678@lumenmail.com,Accessories,3,81.63,0.05,Email,US,
ORD-006484,2023-10-18,,guest@lumenmail.com,Furniture,1,393.03,0.1,Email,US,variant
ORD-008223,2023-06-30,CUST-02125,cust-02125@lumenmail.com,Furniture,4,288.52,0.0,Organic,ZZ,variant
ORD-005168,,CUST-02308,cust-02308@lumenmail.com,Furniture,1,405.78,0.0,,US,control
ORD-006713,2024-09-10,CUST-00299,cust-00299@lumenmail.com,Lighting,4,52.8,0.15,Email,US,control
ORD-008490,2024-11-26,CUST-01230,cust-01230@lumenmail.com,Lighting,3,62.03,0.2,Social,CA,
ORD-000715,2024-07-27,CUST-02576,cust-02576@lumenmail.com,Lighting,1,7.85,0.0,Social,US,variant
ORD-001724,2024-01-09,CUST-02492,cust-02492@lumenmail.com,Décor,2,45.45,0.1,Email,CA,
ORD-001872,2024-05-14,CUST-00467,cust-00467@lumenmail.com,Décor,2,91.59,0.15,Organic,US,variant
ORD-006199,2024-09-01,,guest@lumenmail.com,Décor,4,77.43,0.0,Paid Search,UK,control
ORD-007166,2023-08-28,CUST-02555,cust-02555@lumenmail.com,Outdoor,1,83.23,0.0,Email,US,variant
ORD-001811,2023-06-01,CUST-00237,cust-00237@lumenmail.com,Lighting,1,5.25,0.0,Social,US,
ORD-003373,2024-01-08,CUST-02137,cust-02137@lumenmail.com,Lighting,2,280.81,0.0,Email,US,control
ORD-003442,2024-12-03,CUST-02034,cust-02034@lumenmail.com,Lighting,1,22.71,0.0,Organic,UK,variant
ORD-008481,2024-06-05,CUST-01677,cust-01677@lumenmail.com,Lighting,1,30.38,0.0,Paid Search,US,control
ORD-000984,2024-11-30,CUST-02164,cust-02164@lumenmail.com,Lighting,1,96.58,0.15,Email,AU,control
ORD-006739,2023-06-11,CUST-01906,cust-01906@lumenmail.com,Furniture,4,88.15,0.0,Organic,US,control
ORD-007174,2024-06-17,CUST-00317,cust-00317@lumenmail.com,Furniture,1,51.58,0.1,Organic,US,control
ORD-000258,2024-06-22,,guest@lumenmail.com,Outdoor,1,26.61,0.05,Social,CA,variant
ORD-004446,2024-02-12,CUST-00785,cust-00785@lumenmail.com,Outdoor,5,215.27,0.05,Social,UK,
ORD-000231,02/07/2024,CUST-01694,cust-01694@lumenmail.com,Lighting,1,24.06,0.05,Organic,CA,control
ORD-005478,2023-08-26,CUST-00874,cust-00874@lumenmail.com,Furniture,1,50.08,0.0,Paid Search,CA,variant
ORD-004100,2023-10-13,CUST-00881,cust-00881@lumenmail.com,Décor,2,67.02,0.05,Organic,US,variant
ORD-003883,2023-08-02,CUST-00747,cust-00747@lumenmail.com,Furniture,1,223.45,0.1,Organic,US,
ORD-000272,2023-08-13,CUST-02857,cust-02857@lumenmail.com,Outdoor,2,279.08,0.0,Paid Search,US,control
ORD-004267,2023-08-15,CUST-00741,cust-00741@lumenmail.com,Décor,1,37.87,0.15,Organic,US,control
ORD-005556,2023-11-04,CUST-01941,cust-01941@lumenmail.com,Furniture,5,792.19,0.1,Paid Search,UK,control
ORD-008158,2023-10-05,CUST-00971,cust-00971@lumenmail.com,Lighting,4,76.72,0.05,Email,US,variant
ORD-001602,14/11/2024,CUST-01324,cust-01324@lumenmail.com,Accessories,1,21.85,0.2,Paid Search,US,control
ORD-006187,2023-09-23,CUST-00340,cust-00340@lumenmail.com,Lighting,2,185.91,0.0,Email,US,variant
ORD-004195,2023-10-16,CUST-02439,cust-02439@lumenmail.com,Furniture,2,66.27,0.1,Social,US,variant
ORD-005719,2024-10-25,CUST-02938,cust-02938@lumenmail.com,Lighting,3,41.7,0.2,Organic,UK,variant
ORD-007447,2023-09-10,CUST-00295,cust-00295@lumenmail.com,Décor,2,210.56,0.0,Organic,US,control
ORD-007069,2024-02-18,CUST-00329,cust-00329@lumenmail.com,Furniture,2,84.79,0.2,,CA,variant
ORD-004458,2024-03-08,CUST-01360,cust-01360@lumenmail.com,Outdoor,2,221.58,0.1,Paid Search,US,
ORD-006444,2024-03-13,CUST-01027,cust-01027@lumenmail.com,Outdoor,2,418.95,0.0,Organic,ZZ,
ORD-000152,2023-07-01,CUST-02141,cust-02141@lumenmail.com,Furniture,1,54.57,0.0,Email,UK,
ORD-007026,2023-06-10,CUST-02930,cust-02930@lumenmail.com,Lighting,2,109.98,0.0,Paid Search,US,
ORD-006108,2023-07-06,CUST-02573,cust-02573@lumenmail.com,Lighting,6,46.64,0.25,Email,US,variant
ORD-007731,2024-06-15,,guest@lumenmail.com,Furniture,2,37.88,0.0,,US,
ORD-002756,2023-06-27,CUST-02714,cust-02714@lumenmail.com,Furniture,1,92.06,0.15,Email,US,control
ORD-007244,2024-02-22,CUST-02079,cust-02079@lumenmail.com,Décor,3,385.86,0.0,Organic,US,variant
ORD-007269,2024-05-09,CUST-02676,cust-02676@lumenmail.com,Décor,2,62.77,0.0,Paid Search,ZZ,control
ORD-000519,2023-10-08,CUST-02562,cust-02562@lumenmail.com,Décor,1,32.01,0.1,Paid Search,US,variant
ORD-005810,2024-06-12,CUST-02442,cust-02442@lumenmail.com,Accessories,4,49.34,0.0,Paid Search,US,variant
ORD-001346,14/09/2024,CUST-00675,cust-00675@lumenmail.com,Furniture,-2,87.05,0.1,Organic,US,
ORD-003694,01/08/2024,CUST-02475,cust-02475@lumenmail.com,Outdoor,2,348.37,0.1,Social,US,variant
ORD-004249,29/10/2023,CUST-01848,cust-01848@lumenmail.com,Lighting,3,121.85,0.0,Paid Search,US,control
ORD-001399,2024-09-29,CUST-02099,cust-02099@lumenmail.com,Décor,1,29.36,0.0,Email,US,variant
ORD-005811,21/08/2024,CUST-00751,cust-00751@lumenmail.com,Lighting,7,68.48,0.0,Organic,US,control
ORD-001825,2024-10-04,CUST-00251,cust-00251@lumenmail.com,Outdoor,1,5.81,0.05,Organic,US,variant
ORD-008037,2024-06-11,CUST-01007,cust-01007@lumenmail.com,Furniture,1,10.05,0.2,Email,US,control
ORD-004021,2023-06-04,CUST-02168,cust-02168@lumenmail.com,Outdoor,1,43.26,0.15,Paid Search,US,variant
ORD-004940,2024-12-18,CUST-02849,cust-02849@lumenmail.com,Lighting,5,32.93,0.05,Email,UK,variant
ORD-004191,2023-09-08,CUST-01941,cust-01941@lumenmail.com,Accessories,1,164.96,0.0,Paid Search,UK,
ORD-006467,2024-03-26,CUST-01478,cust-01478@lumenmail.com,Lighting,1,71.29,0.1,Email,US,
ORD-002965,2024-08-19,CUST-00844,cust-00844@lumenmail.com,Furniture,1,158.99,0.15,Paid Search,UK,control
ORD-009512,2024-07-05,CUST-01218,cust-01218@lumenmail.com,Furniture,1,84.9,0.05,Paid Search,CA,control
ORD-009326,2024-09-27,CUST-01356,cust-01356@lumenmail.com,Lighting,3,52.57,0.0,Email,ZZ,control
ORD-003734,2024-04-07,CUST-02782,cust-02782@lumenmail.com,Lighting,2,139.42,0.2,Email,UK,control
ORD-003948,2023-08-21,CUST-01037,cust-01037@lumenmail.com,Lighting,1,241.06,0.15,Paid Search,US,control
ORD-009548,2024-10-09,CUST-00429,cust-00429@lumenmail.com,Accessories,1,250.49,0.2,Email,US,variant
ORD-002353,2024-10-20,CUST-02774,cust-02774@lumenmail.com,Lighting,4,78.8,0.05,Paid Search,CA,variant
ORD-004531,,CUST-01199,cust-01199@lumenmail.com,Outdoor,2,28.06,0.0,Paid Search,US,
ORD-000392,27/05/2024,CUST-02876,cust-02876@lumenmail.com,Outdoor,1,47.06,0.0,Email,UK,
ORD-004719,2023-07-17,,guest@lumenmail.com,Furniture,2,22.8,0.0,Organic,CA,variant
ORD-009016,2023-11-11,CUST-02686,cust-02686@lumenmail.com,Furniture,1,400.74,0.05,Email,US,variant
ORD-002014,2024-06-04,CUST-02930,cust-02930@lumenmail.com,Lighting,1,51.03,0.0,Email,US,
ORD-007610,01/08/2024,CUST-01119,cust-01119@lumenmail.com,Furniture,2,95.29,0.05,Email,US,control
ORD-003480,2023-08-03,,guest@lumenmail.com,Outdoor,1,66.0,0.2,Email,CA,
ORD-003029,2023-10-09,,guest@lumenmail.com,Furniture,1,165.44,0.05,Organic,US,
ORD-002444,26/03/2024,CUST-02556,cust-02556@lumenmail.com,Lighting,1,92.54,0.2,Paid Search,US,
ORD-006273,2024-04-06,CUST-01131,cust-01131@lumenmail.com,Furniture,2,27.76,0.0,Paid Search,US,
ORD-004206,2024-07-24,CUST-01677,cust-01677@lumenmail.com,Furniture,1,0.0,0.0,Email,US,
ORD-003347,2024-10-08,CUST-01334,cust-01334@lumenmail.com,Lighting,2,127.47,0.0,Paid Search,US,variant
ORD-005225,2023-09-21,CUST-01534,cust-01534@lumenmail.com,Outdoor,1,648.42,0.1,Social,US,control
ORD-004657,2023-09-05,CUST-02422,cust-02422@lumenmail.com,Lighting,1,63.79,0.15,Email,US,variant
ORD-004904,2023-06-20,CUST-00655,cust-00655@lumenmail.com,Décor,7,207.51,0.05,Organic,US,
ORD-001016,2024-01-20,CUST-02609,cust-02609@lumenmail.com,Lighting,4,39.75,0.2,,ZZ,variant
ORD-004076,2023-08-21,CUST-00307,cust-00307@lumenmail.com,Furniture,2,70.57,0.0,Social,US,variant
ORD-006849,2024-04-23,CUST-00139,cust-00139@lumenmail.com,Décor,1,231.79,0.0,Email,UK,
ORD-007737,2023-10-11,CUST-02979,cust-02979@lumenmail.com,Décor,1,83.52,0.0,Organic,UK,variant
ORD-005385,2023-12-25,CUST-00904,cust-00904@lumenmail.com,Outdoor,3,18.16,0.1,Organic,CA,variant
ORD-003107,11/08/2023,CUST-01177,cust-01177@lumenmail.com,Lighting,1,9.29,0.05,Organic,US,
ORD-008215,2023-10-22,CUST-02131,cust-02131@lumenmail.com,Lighting,2,32.32,0.1,Paid Search,ZZ,variant
ORD-000490,2024-04-12,CUST-00262,cust-00262@lumenmail.com,Furniture,4,38.81,0.0,Organic,US,control
ORD-008189,2024-05-19,CUST-01275,cust-01275@lumenmail.com,Furniture,3,40.66,0.2,Paid Search,US,
ORD-007064,2024-03-09,CUST-00582,cust-00582@lumenmail.com,Lighting,4,78.82,0.05,Organic,CA,
ORD-005228,14/12/2024,CUST-02993,cust-02993@lumenmail.com,Décor,1,16.78,0.0,Paid Search,UK,variant
ORD-002507,2024-06-07,CUST-00387,cust-00387@lumenmail.com,Lighting,3,133.66,0.0,Organic,CA,variant
ORD-001312,2023-11-14,CUST-00426,cust-00426@lumenmail.com,Décor,2,114.96,0.0,,AU,
ORD-007831,2023-09-20,CUST-02694,cust-02694@lumenmail.com,Outdoor,2,77.51,0.0,Email,US,control
ORD-005809,,CUST-02243,cust-02243@lumenmail.com,Lighting,2,41.5,0.1,Email,US,
ORD-001738,2024-12-25,CUST-02130,cust-02130@lumenmail.com,Lighting,1,19.79,0.15,Email,US,variant
ORD-004298,2024-10-28,CUST-00328,cust-00328@lumenmail.com,Furniture,2,107.44,0.05,Email,US,control
ORD-004699,2024-07-24,CUST-00849,cust-00849@lumenmail.com,Lighting,2,520.72,0.0,Email,US,
ORD-003813,2023-07-01,CUST-02237,cust-02237@lumenmail.com,Furniture,2,102.06,0.15,Organic,US,
ORD-000265,2023-12-26,CUST-00701,cust-00701@lumenmail.com,Décor,3,49.78,0.15,,CA,control
ORD-007222,2024-12-02,CUST-02004,cust-02004@lumenmail.com,Décor,-2,121.42,0.0,Organic,US,control
ORD-002349,2023-07-26,CUST-02467,cust-02467@lumenmail.com,Décor,3,187.83,0.0,Paid Search,US,control
ORD-003283,2023-08-25,CUST-02204,cust-02204@lumenmail.com,Lighting,4,111.45,0.1,Email,US,
ORD-009330,2024-09-27,CUST-01591,cust-01591@lumenmail.com,Lighting,-5,53.43,0.15,Organic,US,
ORD-001342,2023-09-04,CUST-02971,cust-02971@lumenmail.com,Décor,4,418.0,0.0,Organic,US,
ORD-009152,21/09/2023,CUST-00758,cust-00758@lumenmail.com,Décor,2,656.67,0.1,Organic,CA,variant
ORD-009281,2023-12-15,CUST-00062,cust-00062@lumenmail.com,Furniture,2,279.92,0.0,Email,UK,
ORD-008895,2024-01-30,CUST-01432,cust-01432@lumenmail.com,Outdoor,1,614.91,0.0,Social,US,
ORD-002052,2024-12-17,CUST-01491,cust-01491@lumenmail.com,Décor,1,22.81,0.1,Paid Search,CA,variant
ORD-006524,2023-06-17,CUST-02393,cust-02393@lumenmail.com,Accessories,3,91.22,0.05,Social,UK,variant
ORD-001153,2024-02-24,CUST-02246,cust-02246@lumenmail.com,Outdoor,4,80.56,0.0,Email,US,control
ORD-005717,2024-12-24,CUST-01376,cust-01376@lumenmail.com,Décor,1,199.18,0.05,Social,US,
ORD-000088,15/07/2024,CUST-01300,cust-01300@lumenmail.com,Décor,1,52.54,0.1,Organic,US,control
ORD-009090,2024-08-02,CUST-02299,cust-02299@lumenmail.com,Outdoor,5,22.3,0.0,Email,US,control
ORD-005367,2024-06-02,CUST-01452,cust-01452@lumenmail.com,Lighting,4,763.0,0.2,Organic,UK,
ORD-006025,2024-02-13,CUST-01010,cust-01010@lumenmail.com,Lighting,2,5.43,0.0,Social,US,
ORD-005432,2024-11-29,CUST-01944,cust-01944@lumenmail.com,Accessories,1,170.5,0.05,Paid Search,US,
ORD-003909,2024-09-08,CUST-02154,cust-02154@lumenmail.com,Outdoor,7,90.48,0.0,Paid Search,US,control
ORD-003904,2024-06-11,CUST-00627,cust-00627@lumenmail.com,Lighting,6,18.0,0.25,Email,US,
ORD-004323,2024-09-06,CUST-02733,cust-02733@lumenmail.com,Furniture,4,12.64,0.0,Social,US,variant
ORD-009153,2024-07-24,CUST-01971,cust-01971@lumenmail.com,Décor,2,35.54,0.0,Organic,US,
ORD-002960,2024-06-17,CUST-02970,cust-02970@lumenmail.com,Lighting,1,58.96,0.2,Paid Search,UK,variant
ORD-004579,2024-08-19,CUST-01677,cust-01677@lumenmail.com,Lighting,2,34.74,0.1,Social,US,variant
ORD-004742,2023-11-23,CUST-01922,cust-01922@lumenmail.com,Lighting,1,31.54,0.0,Email,AU,variant
ORD-000462,2024-07-08,CUST-01778,cust-01778@lumenmail.com,Furniture,1,51.34,0.0,Paid Search,US,variant
ORD-003856,2023-10-04,CUST-02569,cust-02569@lumenmail.com,Lighting,4,188.85,0.1,Email,US,
ORD-008258,2024-07-08,CUST-00293,cust-00293@lumenmail.com,Outdoor,2,42.73,0.0,Paid Search,UK,control
ORD-007549,2024-04-11,CUST-00324,cust-00324@lumenmail.com,Furniture,1,70.73,0.2,Paid Search,CA,
ORD-008536,2024-03-01,CUST-02408,cust-02408@lumenmail.com,Décor,1,46.81,0.1,Paid Search,US,
ORD-004469,29/07/2024,CUST-00364,cust-00364@lumenmail.com,Décor,1,72.84,0.2,Email,AU,variant
ORD-000213,17/08/2023,CUST-00060,cust-00060@lumenmail.com,Furniture,1,678.32,0.0,Social,US,
ORD-000681,2023-11-15,CUST-02496,cust-02496@lumenmail.com,Décor,3,332.68,0.0,Paid Search,US,variant
ORD-006719,2024-10-05,CUST-00972,cust-00972@lumenmail.com,Lighting,1,41.41,0.15,Email,US,control
ORD-008583,12/07/2023,CUST-01155,cust-01155@lumenmail.com,Accessories,1,320.76,0.1,Email,US,variant
ORD-007763,2023-10-02,CUST-00749,cust-00749@lumenmail.com,Décor,4,33.25,0.05,Paid Search,CA,
ORD-001137,12/01/2024,CUST-00166,cust-00166@lumenmail.com,Outdoor,-2,355.92,0.15,Organic,CA,variant
ORD-004872,2024-05-25,CUST-01004,cust-01004@lumenmail.com,Lighting,2,40.7,0.05,Paid Search,US,
ORD-008365,2024-03-14,CUST-01317,cust-01317@lumenmail.com,Furniture,1,10.42,0.05,Organic,US,
ORD-006577,2024-11-21,CUST-02929,cust-02929@lumenmail.com,Décor,-1,141.59,0.0,,CA,
ORD-004383,2024-04-04,CUST-00805,cust-00805@lumenmail.com,Accessories,1,6.44,0.0,Email,US,control
ORD-008966,2024-05-21,CUST-00556,cust-00556@lumenmail.com,Décor,2,7.6,0.1,Organic,US,
ORD-007926,2024-04-07,CUST-01420,cust-01420@lumenmail.com,Lighting,1,149.6,0.0,Email,AU,
ORD-004493,2024-09-01,CUST-00499,cust-00499@lumenmail.com,Furniture,1,14.46,0.0,Organic,US,
ORD-008629,2023-06-25,CUST-02329,cust-02329@lumenmail.com,Lighting,2,18.98,0.0,Organic,US,variant
ORD-001452,2023-10-30,CUST-02743,cust-02743@lumenmail.com,Lighting,1,43.52,0.05,Email,US,variant
ORD-005192,2024-10-11,CUST-00591,cust-00591@lumenmail.com,Décor,2,88.23,0.0,Paid Search,US,
ORD-001506,30/07/2023,CUST-01360,cust-01360@lumenmail.com,Décor,2,372.82,0.15,Organic,AU,control
ORD-001696,2023-06-24,CUST-02862,cust-02862@lumenmail.com,Lighting,2,362.79,0.05,Social,UK,control
ORD-000080,2023-09-25,CUST-02474,cust-02474@lumenmail.com,Lighting,1,86.02,0.0,Email,US,
ORD-002440,2024-09-27,CUST-00960,cust-00960@lumenmail.com,Furniture,2,74.41,0.0,Paid Search,US,
ORD-004168,2023-06-04,CUST-02686,cust-02686@lumenmail.com,Lighting,1,47.88,0.05,Paid Search,US,control
ORD-005377,26/06/2023,CUST-00727,cust-00727@lumenmail.com,Lighting,3,147.67,0.05,Email,US,
ORD-007361,2023-09-07,CUST-02864,cust-02864@lumenmail.com,Lighting,1,43.72,0.05,Paid Search,ZZ,control
ORD-004846,2024-12-15,CUST-02039,cust-02039@lumenmail.com,Accessories,1,165.07,0.2,Organic,CA,variant
ORD-007512,17/08/2024,CUST-01060,cust-01060@lumenmail.com,Décor,2,18.45,0.05,Email,US,
ORD-000293,2024-01-10,,guest@lumenmail.com,Lighting,4,96.72,0.05,Organic,CA,control
ORD-004865,2024-02-11,CUST-01064,cust-01064@lumenmail.com,Outdoor,1,120.87,0.0,Organic,US,variant
ORD-005427,2024-03-01,CUST-01279,cust-01279@lumenmail.com,Décor,1,43.58,0.05,Organic,CA,control
ORD-004145,2023-11-18,CUST-00001,cust-00001@lumenmail.com,Furniture,1,16.71,0.1,Paid Search,US,variant
ORD-003303,12/11/2023,CUST-00090,cust-00090@lumenmail.com,Décor,1,24.61,0.15,,UK,variant
ORD-003004,2023-12-28,CUST-02713,cust-02713@lumenmail.com,Décor,2,150.84,0.25,Paid Search,CA,variant
ORD-004307,2024-02-11,CUST-00943,cust-00943@lumenmail.com,Décor,1,115.45,0.2,Paid Search,US,
ORD-009262,2023-11-28,CUST-01986,cust-01986@lumenmail.com,Décor,1,174.21,0.15,Paid Search,AU,variant
ORD-007514,2023-11-11,CUST-01638,cust-01638@lumenmail.com,Furniture,2,150.76,0.1,Social,US,
ORD-003950,2024-08-07,CUST-01437,cust-01437@lumenmail.com,Furniture,4,106.97,0.0,Paid Search,US,control
ORD-006333,2024-01-03,CUST-00062,cust-00062@lumenmail.com,Lighting,4,17.49,0.0,Paid Search,US,control
ORD-005489,2024-11-01,,guest@lumenmail.com,Outdoor,1,63.33,0.0,Organic,US,control
ORD-008008,2024-11-20,,guest@lumenmail.com,Outdoor,2,374.98,0.05,Paid Search,US,
ORD-004754,2024-05-12,CUST-02844,cust-02844@lumenmail.com,Accessories,2,55.12,0.25,Paid Search,US,
ORD-000171,07/07/2023,CUST-01817,cust-01817@lumenmail.com,Furniture,2,7.23,0.0,Paid Search,UK,control
ORD-005540,2023-07-16,CUST-01581,cust-01581@lumenmail.com,Décor,2,67.28,0.2,Paid Search,ZZ,variant
ORD-005281,2023-11-29,CUST-01542,cust-01542@lumenmail.com,Décor,1,306.36,0.0,Paid Search,CA,variant
ORD-003141,2024-04-19,CUST-02453,cust-02453@lumenmail.com,Lighting,3,9.16,0.15,Email,AU,variant
ORD-007806,2023-07-05,CUST-01694,cust-01694@lumenmail.com,Lighting,1,393.98,0.1,Email,AU,variant
ORD-006734,2024-12-07,CUST-02227,cust-02227@lumenmail.com,Outdoor,1,46.86,0.0,Social,CA,
ORD-006405,12/06/2024,,guest@lumenmail.com,Furniture,4,96.01,0.0,,US,variant
ORD-009011,20/07/2023,CUST-02283,cust-02283@lumenmail.com,Lighting,2,367.65,0.1,Email,US,control
ORD-006336,2024-05-28,CUST-01751,cust-01751@lumenmail.com,Lighting,4,137.54,0.2,Paid Search,US,
ORD-001383,2023-06-01,CUST-00450,cust-00450@lumenmail.com,Lighting,3,751.03,0.0,Email,US,control
ORD-005531,2023-09-07,CUST-00145,cust-00145@lumenmail.com,Lighting,2,64.59,0.0,Organic,US,variant
ORD-008922,2023-12-13,CUST-01569,cust-01569@lumenmail.com,Outdoor,1,34.8,0.0,Paid Search,US,variant
ORD-000042,09/03/2024,CUST-02151,cust-02151@lumenmail.com,Décor,2,10.76,0.0,Paid Search,UK,variant
ORD-001501,2023-10-13,,guest@lumenmail.com,Décor,4,558.92,0.1,Paid Search,CA,control
ORD-004008,2023-07-26,CUST-02356,cust-02356@lumenmail.com,Furniture,1,128.81,0.0,Email,UK,control
ORD-000872,02/01/2024,CUST-00713,cust-00713@lumenmail.com,Outdoor,1,94.68,0.2,Email,US,control
ORD-004997,2024-01-01,,guest@lumenmail.com,Décor,1,373.02,0.0,,US,variant
ORD-003228,2024-12-14,CUST-01064,cust-01064@lumenmail.com,Outdoor,2,40.73,0.1,Paid Search,US,variant
ORD-000165,2023-10-18,CUST-01463,cust-01463@lumenmail.com,Furniture,2,77.65,0.2,,US,
ORD-008448,13/07/2024,CUST-02413,cust-02413@lumenmail.com,Outdoor,3,363.11,0.0,Paid Search,US,variant
ORD-006417,2024-03-10,,guest@lumenmail.com,Décor,1,41.41,0.0,Email,CA,variant
ORD-009554,2024-02-16,CUST-01319,cust-01319@lumenmail.com,Lighting,3,7.85,0.2,Paid Search,US,control
ORD-007832,2024-10-13,CUST-01033,cust-01033@lumenmail.com,Outdoor,2,33.44,0.0,Email,CA,
ORD-007396,2023-10-13,,guest@lumenmail.com,Furniture,2,67.25,0.25,Email,US,control
ORD-008346,2024-02-17,CUST-02861,cust-02861@lumenmail.com,Furniture,2,21.23,0.1,Paid Search,US,control
ORD-008821,11/07/2024,,guest@lumenmail.com,Décor,5,34.2,0.0,Email,US,variant
ORD-007864,2023-12-31,CUST-02844,cust-02844@lumenmail.com,Décor,1,93.45,0.0,Organic,UK,
ORD-009078,2024-07-13,CUST-00547,cust-00547@lumenmail.com,Décor,4,197.18,0.05,Paid Search,US,variant
ORD-002885,27/06/2024,CUST-01188,cust-01188@lumenmail.com,Accessories,2,95.98,0.0,Organic,US,control
ORD-009462,2024-03-18,CUST-01310,cust-01310@lumenmail.com,Décor,1,47.1,0.0,Paid Search,US,
ORD-008970,2024-07-07,CUST-02352,cust-02352@lumenmail.com,Lighting,1,106.64,0.0,Social,CA,control
ORD-002089,2024-11-15,CUST-00074,cust-00074@lumenmail.com,Lighting,2,85.33,0.05,Paid Search,ZZ,variant
ORD-001250,2024-06-03,CUST-01464,cust-01464@lumenmail.com,Lighting,3,274.29,0.05,Paid Search,CA,variant
ORD-008114,2024-03-20,CUST-01248,cust-01248@lumenmail.com,Décor,1,24.24,0.05,Email,US,control
ORD-006231,2023-07-15,CUST-00613,cust-00613@lumenmail.com,Décor,2,49.07,0.15,Organic,CA,control
ORD-000585,2024-10-23,CUST-00668,cust-00668@lumenmail.com,Lighting,5,94.22,0.0,Paid Search,US,control
ORD-006383,2024-04-17,CUST-00917,cust-00917@lumenmail.com,Décor,-2,547.98,0.0,Email,US,control
ORD-003326,2024-01-25,CUST-01590,cust-01590@lumenmail.com,Lighting,7,39.27,0.0,Organic,US,variant
ORD-008507,2024-08-02,CUST-00409,cust-00409@lumenmail.com,Accessories,2,236.1,0.0,Paid Search,CA,variant
ORD-005459,2024-10-04,CUST-01798,cust-01798@lumenmail.com,Furniture,2,117.33,0.0,Organic,UK,variant
ORD-008650,2024-07-20,CUST-02613,cust-02613@lumenmail.com,Outdoor,1,96.65,0.15,Social,AU,variant
ORD-006850,2024-05-14,CUST-02901,cust-02901@lumenmail.com,Outdoor,2,26.39,0.05,Social,US,control
ORD-002480,2024-01-12,CUST-00633,cust-00633@lumenmail.com,Lighting,2,48.18,0.15,Social,US,
ORD-003563,2023-11-29,CUST-02077,cust-02077@lumenmail.com,Lighting,-6,29.14,0.0,Email,UK,control
ORD-004602,25/08/2023,CUST-02175,cust-02175@lumenmail.com,Décor,1,389.46,0.0,Email,CA,variant
ORD-008139,2024-03-11,,guest@lumenmail.com,Furniture,1,196.53,0.1,Organic,US,
ORD-000313,2024-12-27,CUST-01387,cust-01387@lumenmail.com,Outdoor,3,75.85,0.0,Paid Search,US,
ORD-007600,26/04/2024,CUST-01553,cust-01553@lumenmail.com,Furniture,3,515.58,0.05,Paid Search,US,variant
ORD-001463,2024-12-13,CUST-01373,cust-01373@lumenmail.com,Lighting,1,81.93,0.0,Email,US,
ORD-005592,2023-11-18,CUST-01747,cust-01747@lumenmail.com,Décor,1,0.0,0.15,Paid Search,CA,control
ORD-000056,2023-09-29,,guest@lumenmail.com,Outdoor,2,23.14,0.05,Paid Search,US,
ORD-009408,2024-10-27,CUST-01001,cust-01001@lumenmail.com,Décor,2,24.92,0.05,Organic,US,variant
ORD-000859,2023-07-19,CUST-02772,cust-02772@lumenmail.com,Décor,1,117.7,0.05,Email,US,
ORD-003666,19/01/2024,CUST-01603,cust-01603@lumenmail.com,Lighting,2,86.24,0.15,Paid Search,US,control
ORD-003705,07/06/2023,CUST-01676,cust-01676@lumenmail.com,Accessories,1,43.35,0.0,Email,CA,
ORD-006166,2024-06-15,CUST-02657,cust-02657@lumenmail.com,Accessories,2,540.48,0.25,Paid Search,UK,
ORD-006798,2024-12-01,CUST-02775,cust-02775@lumenmail.com,Lighting,3,113.17,0.0,Email,CA,variant
ORD-002425,2024-01-21,CUST-03000,cust-03000@lumenmail.com,Décor,1,51.59,0.05,Paid Search,AU,
ORD-003842,2023-09-22,CUST-02638,cust-02638@lumenmail.com,Lighting,1,298.64,0.0,Paid Search,UK,control
ORD-002380,2024-03-07,CUST-00120,cust-00120@lumenmail.com,Décor,2,387.43,0.15,Paid Search,CA,
ORD-006401,2024-02-07,CUST-00905,cust-00905@lumenmail.com,Lighting,1,44.7,0.1,Email,US,variant
ORD-009094,2024-05-27,CUST-00243,cust-00243@lumenmail.com,Outdoor,1,21.52,0.05,Email,US,control
ORD-001773,2024-03-12,CUST-00267,cust-00267@lumenmail.com,Lighting,2,74.06,0.0,Paid Search,CA,
ORD-007793,2024-08-25,CUST-01655,cust-01655@lumenmail.com,Furniture,4,20.76,0.1,Paid Search,CA,
ORD-002126,2024-07-24,CUST-00179,cust-00179@lumenmail.com,Lighting,1,38.71,0.0,Paid Search,US,control
ORD-001406,25/12/2023,CUST-02056,cust-02056@lumenmail.com,Décor,1,191.19,0.05,Paid Search,CA,variant
ORD-008608,2024-05-07,CUST-00762,cust-00762@lumenmail.com,Furniture,1,13.3,0.25,Email,UK,variant
ORD-004734,2024-01-31,CUST-00982,cust-00982@lumenmail.com,Lighting,5,51.09,0.0,Organic,US,
ORD-007957,05/12/2023,CUST-01388,cust-01388@lumenmail.com,Outdoor,1,44.53,0.05,Email,UK,variant
ORD-001837,2023-10-09,CUST-01818,cust-01818@lumenmail.com,Décor,2,18.12,0.2,Email,AU,
ORD-005774,2024-04-27,CUST-02520,cust-02520@lumenmail.com,Décor,5,32.45,0.25,Paid Search,US,
ORD-005347,2023-08-23,CUST-00183,cust-00183@lumenmail.com,Furniture,4,7.32,0.05,Organic,US,
ORD-004978,10/12/2023,CUST-00163,cust-00163@lumenmail.com,Décor,5,95.93,0.05,Social,US,control
ORD-001139,2024-09-09,CUST-01517,cust-01517@lumenmail.com,Lighting,1,85.27,0.05,Organic,US,variant
ORD-000817,2024-05-01,CUST-00678,cust-00678@lumenmail.com,Décor,6,62.17,0.0,Social,CA,control
ORD-007196,23/12/2023,CUST-00701,cust-00701@lumenmail.com,Lighting,3,12.5,0.0,Organic,CA,control
ORD-005635,2024-03-28,CUST-00650,cust-00650@lumenmail.com,Lighting,1,33.35,0.0,Email,US,
ORD-002193,2023-12-13,CUST-00889,cust-00889@lumenmail.com,Lighting,-2,16.37,0.15,Organic,US,
ORD-000824,2023-12-14,CUST-00143,cust-00143@lumenmail.com,Lighting,1,194.16,0.05,Paid Search,CA,control
ORD-008049,2024-07-01,CUST-00267,cust-00267@lumenmail.com,Lighting,2,184.44,0.15,Social,CA,variant
ORD-007371,2024-03-16,CUST-00289,cust-00289@lumenmail.com,Accessories,1,87.18,0.15,Organic,US,variant
ORD-006942,2024-01-15,CUST-02714,cust-02714@lumenmail.com,Lighting,5,34.66,0.0,,CA,
ORD-003367,2023-12-15,CUST-00964,cust-00964@lumenmail.com,Lighting,1,66.7,0.1,Organic,US,variant
ORD-006647,2024-02-22,CUST-02925,cust-02925@lumenmail.com,Lighting,3,9.93,0.0,Organic,AU,
ORD-009416,2023-12-25,CUST-00991,cust-00991@lumenmail.com,Lighting,1,5.35,0.1,Organic,UK,control
ORD-009373,2023-12-07,CUST-00702,cust-00702@lumenmail.com,Décor,4,70.53,0.05,Paid Search,CA,
ORD-006178,2024-08-18,CUST-02769,cust-02769@lumenmail.com,Furniture,3,63.54,0.05,Email,US,
ORD-007659,01/08/2024,CUST-00769,cust-00769@lumenmail.com,Furniture,1,60.8,0.05,Email,US,control
ORD-003255,2023-07-10,CUST-01283,cust-01283@lumenmail.com,Décor,2,32.15,0.0,Email,UK,control
ORD-006084,2024-05-16,CUST-01884,cust-01884@lumenmail.com,Furniture,1,214.57,0.05,Email,US,control
ORD-006094,2023-09-05,CUST-01761,cust-01761@lumenmail.com,Furniture,2,58.65,0.0,Paid Search,US,variant
ORD-001699,2024-11-19,CUST-01011,cust-01011@lumenmail.com,Furniture,4,187.97,0.0,Organic,US,
ORD-004117,2024-03-04,CUST-00885,cust-00885@lumenmail.com,Décor,1,330.86,0.0,Organic,US,variant
ORD-005187,2024-08-15,CUST-02636,cust-02636@lumenmail.com,Furniture,2,68.79,0.1,Paid Search,AU,variant
ORD-004087,01/07/2024,CUST-01965,cust-01965@lumenmail.com,Décor,2,67.82,0.1,Organic,US,control
ORD-004326,2024-02-09,CUST-01281,cust-01281@lumenmail.com,Furniture,4,32.25,0.05,Social,CA,variant
ORD-007256,2024-06-07,CUST-00454,cust-00454@lumenmail.com,Décor,2,691.75,0.0,Email,US,control
ORD-003554,2023-11-12,CUST-00118,cust-00118@lumenmail.com,Accessories,3,23.08,0.0,Paid Search,US,variant
ORD-001225,2024-04-14,,guest@lumenmail.com,Furniture,1,80.31,0.0,Email,US,variant
ORD-000724,2024-06-17,CUST-01498,cust-01498@lumenmail.com,Lighting,1,19.83,0.0,Organic,US,
ORD-007656,2024-02-25,CUST-01879,cust-01879@lumenmail.com,Décor,1,156.71,0.05,Organic,US,
ORD-005020,2023-07-27,,guest@lumenmail.com,Outdoor,1,310.96,0.1,Paid Search,US,variant
ORD-007589,2024-08-28,CUST-00331,cust-00331@lumenmail.com,Décor,1,140.75,0.0,Organic,CA,
ORD-009088,2024-01-30,CUST-01148,cust-01148@lumenmail.com,Furniture,2,8.95,0.1,Social,US,
ORD-009376,2023-12-26,CUST-02086,cust-02086@lumenmail.com,Accessories,1,793.99,0.2,Paid Search,AU,control
ORD-000134,2024-10-05,CUST-01999,cust-01999@lumenmail.com,Lighting,4,85.18,0.1,Email,US,
ORD-009570,29/04/2024,CUST-00472,cust-00472@lumenmail.com,Lighting,1,83.8,0.0,Email,UK,control
ORD-001095,2024-05-31,CUST-02167,cust-02167@lumenmail.com,Accessories,1,120.98,0.25,Organic,US,
ORD-005918,2023-10-09,CUST-02016,cust-02016@lumenmail.com,Lighting,2,156.65,0.0,Organic,US,variant
ORD-003392,2023-08-09,CUST-02282,cust-02282@lumenmail.com,Lighting,7,69.69,0.0,Paid Search,US,
ORD-000199,2023-06-11,,guest@lumenmail.com,Outdoor,2,65.06,0.1,Paid Search,US,control
ORD-002700,2024-02-23,CUST-00643,cust-00643@lumenmail.com,Décor,3,291.58,0.15,Organic,US,variant
ORD-002794,2024-01-26,CUST-00346,cust-00346@lumenmail.com,Outdoor,2,700.2,0.2,Paid Search,US,
ORD-003935,2024-04-02,,guest@lumenmail.com,Décor,3,165.1,0.0,Organic,US,
ORD-008161,2023-11-14,CUST-01524,cust-01524@lumenmail.com,Décor,1,60.71,0.05,Email,CA,
ORD-003007,2024-02-20,CUST-01523,cust-01523@lumenmail.com,Furniture,1,141.45,0.0,Organic,US,variant
ORD-006358,2024-11-01,CUST-02148,cust-02148@lumenmail.com,Furniture,1,73.1,0.1,Paid Search,US,control
ORD-000352,2023-07-01,CUST-00847,cust-00847@lumenmail.com,Lighting,1,226.57,0.2,,CA,control
ORD-007001,2024-03-02,CUST-00365,cust-00365@lumenmail.com,Décor,1,179.36,0.0,Organic,US,
ORD-005178,2024-08-02,CUST-01119,cust-01119@lumenmail.com,Lighting,1,213.11,0.0,Organic,US,
ORD-006764,2023-09-25,CUST-00477,cust-00477@lumenmail.com,Furniture,1,86.13,0.2,Email,US,
ORD-001729,2023-08-14,CUST-01939,cust-01939@lumenmail.com,Outdoor,3,71.73,0.1,Email,US,
ORD-006698,2023-06-20,CUST-01202,cust-01202@lumenmail.com,Furniture,2,74.23,0.0,Organic,US,variant
ORD-005659,2024-04-28,CUST-02109,cust-02109@lumenmail.com,Outdoor,7,109.73,0.0,,US,
ORD-006176,2023-06-27,CUST-00427,cust-00427@lumenmail.com,Furniture,4,93.89,0.0,Organic,CA,variant
ORD-004369,02/05/2024,CUST-02980,cust-02980@lumenmail.com,Décor,2,162.56,0.0,Paid Search,UK,variant
ORD-008839,2024-06-16,CUST-01974,cust-01974@lumenmail.com,Outdoor,2,510.36,0.0,Paid Search,US,
ORD-004039,29/06/2024,CUST-00088,cust-00088@lumenmail.com,Décor,4,172.97,0.1,Organic,US,variant
ORD-007052,2023-10-23,CUST-00938,cust-00938@lumenmail.com,Décor,2,251.53,0.05,Paid Search,US,control
ORD-004897,2023-06-20,CUST-02575,cust-02575@lumenmail.com,Furniture,2,64.58,0.1,Paid Search,UK,
ORD-009221,2023-11-06,CUST-01920,cust-01920@lumenmail.com,Lighting,1,22.4,0.0,Social,US,
ORD-006047,2024-05-27,CUST-00369,cust-00369@lumenmail.com,Décor,1,138.27,0.0,Paid Search,US,variant
ORD-008809,,CUST-00003,cust-00003@lumenmail.com,Lighting,4,80.54,0.15,Social,US,
ORD-006665,2024-07-12,CUST-01067,cust-01067@lumenmail.com,Outdoor,2,347.34,0.2,Email,US,
ORD-007459,2023-11-15,CUST-02351,cust-02351@lumenmail.com,Lighting,2,51.04,0.0,Paid Search,US,
ORD-006299,2024-09-27,CUST-02428,cust-02428@lumenmail.com,Outdoor,3,85.82,0.0,Email,US,
ORD-002082,2024-11-15,CUST-02917,cust-02917@lumenmail.com,Décor,2,169.03,0.05,Email,US,variant
ORD-006924,2024-02-03,CUST-01189,cust-01189@lumenmail.com,Lighting,1,61.14,0.0,Organic,US,control
ORD-004813,2024-12-07,CUST-02851,cust-02851@lumenmail.com,Lighting,1,467.22,0.05,Email,US,variant
ORD-008025,2024-10-26,CUST-00602,cust-00602@lumenmail.com,Furniture,1,64.67,0.0,Paid Search,US,control
ORD-007284,2023-10-04,CUST-02747,cust-02747@lumenmail.com,Lighting,4,160.05,0.0,Email,CA,
ORD-006535,2023-09-27,CUST-02861,cust-02861@lumenmail.com,Lighting,1,22.0,0.05,Paid Search,US,variant
ORD-008532,2024-11-24,CUST-01587,cust-01587@lumenmail.com,Décor,1,24.88,0.0,,US,
ORD-004690,07/07/2024,CUST-02095,cust-02095@lumenmail.com,Décor,2,46.56,0.0,Organic,AU,variant
ORD-004402,2023-12-22,,guest@lumenmail.com,Accessories,2,34.5,0.0,Paid Search,US,variant
ORD-002175,2023-12-28,CUST-00445,cust-00445@lumenmail.com,Décor,1,231.07,0.25,Email,US,control
ORD-008368,2024-06-24,CUST-00494,cust-00494@lumenmail.com,Décor,1,64.72,0.0,Paid Search,US,variant
ORD-003380,2024-01-28,CUST-00701,cust-00701@lumenmail.com,Décor,2,69.75,0.0,Paid Search,US,variant
ORD-003713,2024-07-22,CUST-00044,cust-00044@lumenmail.com,Outdoor,1,35.12,0.1,Email,US,variant
ORD-007203,31/03/2024,CUST-01170,cust-01170@lumenmail.com,Lighting,2,194.55,0.2,,US,control
ORD-003792,2024-12-25,CUST-01907,cust-01907@lumenmail.com,Lighting,2,50.54,0.0,Organic,UK,variant
ORD-009448,2023-08-09,,guest@lumenmail.com,Décor,4,40.29,0.2,Organic,AU,control
ORD-008531,2024-12-22,CUST-00205,cust-00205@lumenmail.com,Décor,1,42.21,0.05,Paid Search,US,variant
ORD-001087,2024-02-19,,guest@lumenmail.com,Accessories,1,86.8,0.0,Paid Search,CA,
ORD-005506,2024-06-06,CUST-01887,cust-01887@lumenmail.com,Lighting,1,62.99,0.25,Paid Search,UK,variant
ORD-005984,2024-02-18,CUST-00215,cust-00215@lumenmail.com,Décor,3,44.77,0.0,Paid Search,US,
ORD-007021,2023-11-19,CUST-02934,cust-02934@lumenmail.com,Outdoor,1,87.8,0.0,Social,US,variant
ORD-007132,2023-06-06,CUST-00780,cust-00780@lumenmail.com,Décor,2,135.59,0.0,Email,US,control
ORD-000884,2024-09-25,CUST-01189,cust-01189@lumenmail.com,Outdoor,2,18.81,0.15,Paid Search,US,
ORD-008218,04/07/2023,,guest@lumenmail.com,Lighting,2,15.47,0.0,Organic,CA,
ORD-005900,2023-11-29,CUST-01683,cust-01683@lumenmail.com,Lighting,3,24.38,0.25,Paid Search,US,
ORD-001179,2024-09-26,CUST-02804,cust-02804@lumenmail.com,Furniture,1,91.71,0.0,Social,US,control
ORD-007623,2024-09-17,CUST-01979,cust-01979@lumenmail.com,Furniture,1,14.27,0.0,Email,US,variant
ORD-001900,2024-04-02,CUST-01675,cust-01675@lumenmail.com,Furniture,4,381.42,0.1,Organic,CA,variant
ORD-004457,16/09/2023,CUST-02959,cust-02959@lumenmail.com,Décor,2,270.47,0.2,Paid Search,US,variant
ORD-005029,2023-06-11,CUST-00619,cust-00619@lumenmail.com,Accessories,1,174.63,0.05,Paid Search,CA,
ORD-006347,2024-12-03,CUST-00984,cust-00984@lumenmail.com,Décor,1,58.21,0.0,Organic,US,variant
ORD-008776,2024-01-17,CUST-02043,cust-02043@lumenmail.com,Lighting,1,45.47,0.05,,CA,
ORD-005808,2024-04-15,CUST-02518,cust-02518@lumenmail.com,Furniture,1,88.36,0.1,Organic,US,control
ORD-000394,30/09/2023,CUST-02123,cust-02123@lumenmail.com,Outdoor,5,151.33,0.0,Paid Search,UK,
ORD-008489,2023-12-01,CUST-00650,cust-00650@lumenmail.com,Lighting,4,39.87,0.0,Social,CA,
ORD-004265,2023-07-01,CUST-02229,cust-02229@lumenmail.com,Accessories,2,79.84,0.0,Paid Search,CA,
ORD-006174,2024-08-01,CUST-00471,cust-00471@lumenmail.com,Lighting,1,406.34,0.15,Paid Search,US,control
ORD-007552,2024-07-08,CUST-02050,cust-02050@lumenmail.com,Accessories,1,58.48,0.0,Organic,ZZ,control
ORD-009600,2024-04-30,CUST-01784,cust-01784@lumenmail.com,Outdoor,1,19.67,0.05,Email,UK,
ORD-008157,2024-02-28,CUST-02920,cust-02920@lumenmail.com,Furniture,2,30.27,0.1,Paid Search,UK,variant
ORD-008542,2023-11-25,CUST-01327,cust-01327@lumenmail.com,Furniture,1,36.54,0.0,Organic,US,
ORD-005315,2024-07-01,CUST-03000,cust-03000@lumenmail.com,Lighting,1,30.13,0.05,Organic,AU,control
ORD-005009,27/11/2023,CUST-01671,cust-01671@lumenmail.com,Lighting,3,97.0,0.1,Paid Search,US,control
ORD-006750,2023-11-30,CUST-02784,cust-02784@lumenmail.com,Accessories,4,29.67,0.0,Organic,US,control
ORD-008818,2024-03-13,,guest@lumenmail.com,Décor,1,575.68,0.0,Paid Search,US,control
ORD-007648,2024-06-22,CUST-01998,cust-01998@lumenmail.com,Lighting,6,89.15,0.2,Organic,AU,
ORD-005513,2023-08-19,CUST-02610,cust-02610@lumenmail.com,Furniture,-1,29.16,0.0,Paid Search,US,
ORD-007148,27/06/2023,CUST-01319,cust-01319@lumenmail.com,Accessories,4,172.6,0.0,Organic,US,
ORD-007358,2024-10-29,,guest@lumenmail.com,Furniture,1,89.72,0.1,Paid Search,US,
ORD-001610,2023-07-15,CUST-01156,cust-01156@lumenmail.com,Furniture,1,69.97,0.05,Email,AU,variant
ORD-002913,2023-11-12,CUST-02852,cust-02852@lumenmail.com,Lighting,2,7.43,0.05,Organic,US,
ORD-006452,2024-10-22,CUST-01800,cust-01800@lumenmail.com,Furniture,1,151.3,0.1,Email,US,
ORD-003509,2023-10-28,CUST-02771,cust-02771@lumenmail.com,Lighting,2,196.56,0.15,,US,
ORD-000361,2024-07-20,CUST-00886,cust-00886@lumenmail.com,Furniture,2,86.66,0.1,Organic,US,control
ORD-005789,2023-11-24,CUST-01970,cust-01970@lumenmail.com,Outdoor,6,179.04,0.15,Paid Search,US,
ORD-002604,2023-10-13,,guest@lumenmail.com,Outdoor,2,180.97,0.0,Organic,UK,variant
ORD-005033,2023-07-01,CUST-00248,cust-00248@lumenmail.com,Décor,1,155.71,0.05,Social,CA,
ORD-001629,2023-11-15,CUST-01453,cust-01453@lumenmail.com,Décor,2,662.64,0.05,,UK,variant
ORD-001894,2023-09-29,CUST-02951,cust-02951@lumenmail.com,Outdoor,2,37.28,0.0,Social,UK,
ORD-004982,2024-01-03,CUST-00803,cust-00803@lumenmail.com,Lighting,2,89.62,0.0,Email,US,variant
ORD-003170,2024-03-23,CUST-02517,cust-02517@lumenmail.com,Furniture,1,28.9,0.0,Social,US,control
ORD-003087,2024-05-16,CUST-00669,cust-00669@lumenmail.com,Décor,3,20.95,0.0,Organic,US,variant
ORD-002909,29/05/2024,CUST-01246,cust-01246@lumenmail.com,Furniture,3,50.56,0.0,Paid Search,US,control
ORD-001791,2024-10-09,CUST-01006,cust-01006@lumenmail.com,Accessories,4,23.68,0.25,Social,US,control
ORD-001043,2024-07-16,CUST-00189,cust-00189@lumenmail.com,Décor,5,47.0,0.0,Email,US,
ORD-000007,2023-07-09,CUST-01062,cust-01062@lumenmail.com,Outdoor,1,117.92,0.0,Paid Search,US,control
ORD-005992,2024-08-12,CUST-02710,cust-02710@lumenmail.com,Décor,1,136.13,0.05,Email,US,variant
ORD-007970,2024-11-22,CUST-02747,cust-02747@lumenmail.com,Décor,1,12.21,0.15,Paid Search,US,
ORD-004134,2024-01-17,CUST-00661,cust-00661@lumenmail.com,Furniture,3,41.84,0.0,Paid Search,US,variant
ORD-000082,2024-01-11,CUST-02972,cust-02972@lumenmail.com,Outdoor,7,174.51,0.0,Paid Search,CA,variant
ORD-007718,2024-07-28,CUST-02305,cust-02305@lumenmail.com,Lighting,1,23.0,0.0,Paid Search,US,variant
ORD-001551,2024-04-15,CUST-02416,cust-02416@lumenmail.com,Furniture,-1,426.73,0.2,Email,UK,
ORD-005134,2024-06-16,CUST-00967,cust-00967@lumenmail.com,Outdoor,2,50.89,0.05,Organic,US,control
ORD-007476,2024-10-18,CUST-02171,cust-02171@lumenmail.com,Décor,1,67.44,0.0,Email,CA,
ORD-007519,09/08/2023,CUST-02762,cust-02762@lumenmail.com,Décor,1,174.14,0.0,Social,CA,
ORD-001800,2024-09-18,CUST-01169,cust-01169@lumenmail.com,Furniture,2,147.17,0.0,Email,US,variant
ORD-007619,07/09/2023,CUST-01947,cust-01947@lumenmail.com,Accessories,2,47.74,0.0,Email,AU,control
ORD-001549,27/02/2024,,guest@lumenmail.com,Décor,4,757.73,0.25,,US,control
ORD-005264,2024-11-29,CUST-02352,cust-02352@lumenmail.com,Décor,1,127.89,0.15,Email,US,
ORD-005423,2024-10-03,CUST-00216,cust-00216@lumenmail.com,Lighting,-3,71.8,0.05,Email,US,variant
ORD-007416,2024-03-16,CUST-02496,cust-02496@lumenmail.com,Outdoor,1,249.1,0.05,Paid Search,US,
ORD-004200,31/08/2024,CUST-01778,cust-01778@lumenmail.com,Décor,3,44.66,0.05,Email,UK,
ORD-002295,2024-08-09,CUST-00951,cust-00951@lumenmail.com,Outdoor,1,55.88,0.0,Social,US,variant
ORD-004826,2024-03-02,CUST-00550,cust-00550@lumenmail.com,Lighting,2,106.65,0.1,Organic,CA,
ORD-001792,05/03/2024,CUST-02791,cust-02791@lumenmail.com,Outdoor,3,273.61,0.05,Paid Search,CA,variant
ORD-003234,24/08/2023,CUST-00866,cust-00866@lumenmail.com,Décor,4,16.85,0.15,Email,UK,variant
ORD-003447,2024-02-28,CUST-02963,cust-02963@lumenmail.com,Accessories,1,56.67,0.0,Email,US,variant
ORD-005447,2024-09-09,CUST-02044,cust-02044@lumenmail.com,Décor,1,16.41,0.05,,ZZ,
ORD-007336,25/07/2023,CUST-01670,cust-01670@lumenmail.com,Outdoor,5,11.46,0.2,Social,CA,
ORD-006142,2024-11-07,CUST-01658,cust-01658@lumenmail.com,Outdoor,1,47.3,0.15,Email,UK,control
ORD-001993,2023-11-16,CUST-01935,cust-01935@lumenmail.com,Furniture,3,56.85,0.0,Paid Search,US,variant
ORD-004673,2023-07-13,CUST-02231,cust-02231@lumenmail.com,Accessories,2,36.45,0.1,Email,US,
ORD-003151,2024-08-16,CUST-02996,cust-02996@lumenmail.com,Décor,2,281.46,0.1,Paid Search,US,control
ORD-004533,2024-01-11,CUST-00012,cust-00012@lumenmail.com,Décor,5,236.39,0.1,,US,variant
ORD-009269,2024-04-09,CUST-02480,cust-02480@lumenmail.com,Furniture,4,92.02,0.15,Paid Search,CA,
ORD-003918,2024-03-29,CUST-01973,cust-01973@lumenmail.com,Décor,4,0.0,0.0,Social,UK,control
ORD-000331,2023-12-29,,guest@lumenmail.com,Furniture,2,109.68,0.25,Paid Search,UK,variant
ORD-000104,2024-10-15,CUST-00724,cust-00724@lumenmail.com,Furniture,1,93.25,0.2,Social,US,
ORD-004901,2024-09-12,CUST-00918,cust-00918@lumenmail.com,Décor,2,40.94,0.2,Social,UK,
ORD-003448,07/10/2024,CUST-02829,cust-02829@lumenmail.com,Accessories,4,649.06,0.25,Organic,US,control
ORD-004767,2023-08-30,CUST-00933,cust-00933@lumenmail.com,Outdoor,1,70.78,0.15,Paid Search,US,
ORD-005599,2024-05-23,CUST-02827,cust-02827@lumenmail.com,Lighting,2,29.18,0.1,Organic,UK,variant
ORD-002458,03/12/2023,,guest@lumenmail.com,Décor,5,183.35,0.1,Paid Search,US,control
ORD-009577,2023-12-30,CUST-01947,cust-01947@lumenmail.com,Furniture,2,73.53,0.0,Social,ZZ,
ORD-008812,08/10/2023,CUST-01728,cust-01728@lumenmail.com,Furniture,2,29.53,0.1,Paid Search,UK,control
ORD-005274,2024-05-19,CUST-02211,cust-02211@lumenmail.com,Décor,2,60.39,0.1,Organic,CA,
ORD-001806,2024-01-13,CUST-01928,cust-01928@lumenmail.com,Décor,1,405.04,0.2,Email,US,control
ORD-005422,2024-01-31,CUST-02675,cust-02675@lumenmail.com,Lighting,5,396.62,0.0,Organic,CA,
ORD-001658,2024-07-20,CUST-01669,cust-01669@lumenmail.com,Furniture,1,398.17,0.0,Email,US,control
ORD-008182,2024-04-08,CUST-02273,cust-02273@lumenmail.com,Lighting,2,177.39,0.0,Social,US,control
ORD-001327,2023-07-22,CUST-01217,cust-01217@lumenmail.com,Furniture,3,372.45,0.15,Email,US,
ORD-005450,2023-11-21,CUST-00347,cust-00347@lumenmail.com,Outdoor,2,269.48,0.05,Organic,CA,control
ORD-003757,2023-10-25,CUST-01030,cust-01030@lumenmail.com,Furniture,2,115.67,0.05,Paid Search,US,
ORD-008434,2024-12-12,CUST-01029,cust-01029@lumenmail.com,Furniture,3,299.63,0.05,Paid Search,CA,variant
ORD-007489,2024-08-05,CUST-00249,cust-00249@lumenmail.com,Furniture,1,6.27,0.15,Paid Search,ZZ,
ORD-004016,03/01/2024,CUST-02643,cust-02643@lumenmail.com,Décor,2,360.64,0.0,Email,CA,
ORD-002393,2024-11-23,CUST-01227,cust-01227@lumenmail.com,Décor,2,75.43,0.15,Email,ZZ,
ORD-006253,28/09/2023,CUST-01252,cust-01252@lumenmail.com,Outdoor,4,7.95,0.0,Email,UK,control
ORD-005221,2024-02-14,CUST-00953,cust-00953@lumenmail.com,Lighting,1,21.9,0.05,Email,UK,variant
ORD-000998,2024-02-27,CUST-00895,cust-00895@lumenmail.com,Outdoor,3,75.2,0.0,Paid Search,US,control
ORD-005855,2024-04-13,CUST-01208,cust-01208@lumenmail.com,Lighting,1,102.43,0.15,Paid Search,US,variant
ORD-000626,2024-07-08,CUST-01926,cust-01926@lumenmail.com,Lighting,2,80.86,0.0,Paid Search,CA,variant
ORD-000452,2024-05-05,CUST-00820,cust-00820@lumenmail.com,Lighting,1,107.82,0.0,Paid Search,US,variant
ORD-009510,2024-04-09,CUST-01832,cust-01832@lumenmail.com,Outdoor,2,119.43,0.0,Organic,US,
ORD-001071,2024-04-23,CUST-00328,cust-00328@lumenmail.com,Décor,2,129.45,0.0,,US,
ORD-003100,2024-03-20,CUST-02195,cust-02195@lumenmail.com,Lighting,5,186.82,0.0,Social,CA,control
ORD-005977,19/12/2023,CUST-00853,cust-00853@lumenmail.com,Décor,-2,68.26,0.0,Organic,CA,variant
ORD-003032,2024-08-01,CUST-02246,cust-02246@lumenmail.com,Décor,1,80.85,0.05,Organic,CA,
ORD-001854,2023-09-26,CUST-02765,cust-02765@lumenmail.com,Lighting,1,16.24,0.25,Social,US,
ORD-000633,2024-11-09,CUST-01809,cust-01809@lumenmail.com,Furniture,1,25.47,0.0,Social,CA,
ORD-004353,2024-11-18,CUST-02414,cust-02414@lumenmail.com,Outdoor,4,111.79,0.25,Email,AU,
ORD-001798,2024-06-10,CUST-02464,cust-02464@lumenmail.com,Lighting,1,33.78,0.15,Organic,US,variant
ORD-001633,2023-07-29,CUST-01438,cust-01438@lumenmail.com,Accessories,1,26.0,0.05,Email,US,variant
ORD-004189,31/07/2023,CUST-02841,cust-02841@lumenmail.com,Accessories,5,132.3,0.0,Organic,UK,control
ORD-007283,22/08/2023,CUST-00996,cust-00996@lumenmail.com,Décor,3,151.71,0.0,,US,variant
ORD-009172,2024-05-23,CUST-00033,cust-00033@lumenmail.com,Décor,-1,0.0,0.15,Social,US,
ORD-008421,2024-03-12,,guest@lumenmail.com,Lighting,-1,789.77,0.15,Organic,US,control
ORD-008211,2024-03-16,CUST-01820,cust-01820@lumenmail.com,Furniture,2,173.92,0.0,Organic,US,variant
ORD-007670,2024-07-13,CUST-00523,cust-00523@lumenmail.com,Furniture,-4,126.98,0.2,Social,CA,variant
ORD-007497,2024-06-29,CUST-01214,cust-01214@lumenmail.com,Outdoor,1,164.36,0.0,Email,US,
ORD-004028,2024-02-21,,guest@lumenmail.com,Décor,1,50.94,0.2,Paid Search,US,
ORD-006204,2024-10-12,CUST-02019,cust-02019@lumenmail.com,Décor,2,35.31,0.0,Paid Search,US,variant
ORD-001626,2024-08-25,CUST-02325,cust-02325@lumenmail.com,Décor,3,59.44,0.0,Paid Search,US,control
ORD-005860,2024-08-18,CUST-01003,cust-01003@lumenmail.com,Lighting,2,50.06,0.05,,US,variant
ORD-003657,2023-09-29,CUST-00343,cust-00343@lumenmail.com,Lighting,2,14.2,0.15,Paid Search,CA,
ORD-008920,2023-06-17,CUST-01640,cust-01640@lumenmail.com,Outdoor,2,134.47,0.15,Email,US,control
ORD-008273,2023-10-05,CUST-02764,cust-02764@lumenmail.com,Lighting,6,83.39,0.0,Paid Search,US,
ORD-001723,2024-09-06,CUST-01569,cust-01569@lumenmail.com,Décor,1,99.64,0.0,Paid Search,US,
ORD-003516,2024-07-16,CUST-02303,cust-02303@lumenmail.com,Lighting,1,79.5,0.1,Organic,US,control
ORD-000979,2024-10-08,CUST-01367,cust-01367@lumenmail.com,Lighting,4,38.45,0.15,Email,US,
ORD-008768,2023-11-07,CUST-01548,cust-01548@lumenmail.com,Décor,2,238.38,0.05,Organic,CA,
ORD-003075,2023-10-24,CUST-01569,cust-01569@lumenmail.com,Lighting,1,27.13,0.05,Email,UK,variant
ORD-001560,2024-09-29,CUST-01997,cust-01997@lumenmail.com,Furniture,2,56.66,0.15,Social,US,variant
ORD-003682,2023-10-28,CUST-02689,cust-02689@lumenmail.com,Outdoor,1,154.48,0.1,Organic,US,
ORD-009320,2024-04-05,CUST-00946,cust-00946@lumenmail.com,Lighting,2,149.53,0.05,Paid Search,AU,
ORD-001917,2024-05-30,,guest@lumenmail.com,Décor,-4,82.89,0.1,,CA,
ORD-002671,2023-06-26,CUST-00042,cust-00042@lumenmail.com,Lighting,2,122.37,0.2,Paid Search,US,variant
ORD-004950,01/11/2023,CUST-00213,cust-00213@lumenmail.com,Furniture,1,36.98,0.1,Email,US,variant
ORD-002692,2024-04-30,CUST-01904,cust-01904@lumenmail.com,Lighting,2,214.95,0.1,Paid Search,US,
ORD-000164,2024-01-14,CUST-00416,cust-00416@lumenmail.com,Décor,1,55.44,0.1,Email,US,control
ORD-001973,10/07/2023,CUST-01836,cust-01836@lumenmail.com,Lighting,5,38.44,0.05,Email,AU,variant
ORD-003219,2024-07-05,CUST-00937,cust-00937@lumenmail.com,Décor,-2,177.89,0.0,Paid Search,US,
ORD-009385,2023-07-30,CUST-00925,cust-00925@lumenmail.com,Décor,1,42.16,0.1,Organic,US,control
ORD-006656,2024-09-07,CUST-01663,cust-01663@lumenmail.com,Accessories,2,25.79,0.25,Social,US,control
ORD-005826,2023-06-02,CUST-00252,cust-00252@lumenmail.com,Lighting,1,118.41,0.0,Social,US,variant
ORD-007695,2023-12-17,CUST-00613,cust-00613@lumenmail.com,Furniture,2,23.98,0.0,Email,US,
ORD-002963,2024-09-12,CUST-02678,cust-02678@lumenmail.com,Lighting,1,18.66,0.05,Paid Search,US,control
ORD-006654,2023-10-04,CUST-00588,cust-00588@lumenmail.com,Décor,6,39.04,0.05,Paid Search,US,variant
ORD-008748,2023-08-17,CUST-00322,cust-00322@lumenmail.com,Décor,3,171.11,0.1,Email,US,control
ORD-005766,2024-07-06,CUST-02878,cust-02878@lumenmail.com,Décor,2,172.33,0.0,Paid Search,US,control
ORD-005159,2024-07-31,CUST-01617,cust-01617@lumenmail.com,Décor,2,24.6,0.05,Email,UK,control
ORD-000634,2023-11-10,CUST-02712,cust-02712@lumenmail.com,Lighting,2,40.81,0.0,Organic,CA,control
ORD-007492,2023-10-02,CUST-01648,cust-01648@lumenmail.com,Furniture,1,74.34,0.0,Email,US,
ORD-001968,17/10/2023,CUST-00061,cust-00061@lumenmail.com,Furniture,5,20.58,0.05,Paid Search,UK,
ORD-000387,2024-12-21,CUST-01102,cust-01102@lumenmail.com,Décor,1,17.08,0.0,Paid Search,US,control
ORD-003858,14/06/2023,,guest@lumenmail.com,Lighting,1,33.81,0.0,Organic,US,variant
ORD-005416,2024-08-10,CUST-00573,cust-00573@lumenmail.com,Outdoor,3,16.54,0.0,,US,
ORD-006823,2023-11-28,,guest@lumenmail.com,Lighting,1,101.73,0.0,Paid Search,US,variant
ORD-008487,2024-02-13,CUST-00567,cust-00567@lumenmail.com,Furniture,1,46.44,0.0,Paid Search,AU,variant
ORD-006015,2023-06-27,CUST-00213,cust-00213@lumenmail.com,Lighting,2,23.31,0.0,Organic,CA,
ORD-007170,2024-09-02,CUST-01248,cust-01248@lumenmail.com,Lighting,1,165.21,0.0,Email,AU,
ORD-005777,2023-12-22,CUST-01740,cust-01740@lumenmail.com,Outdoor,1,235.74,0.0,Paid Search,CA,
ORD-008090,2023-06-09,CUST-01018,cust-01018@lumenmail.com,Décor,-2,23.38,0.0,Email,US,control
ORD-001076,2023-12-20,CUST-02213,cust-02213@lumenmail.com,Outdoor,2,43.63,0.05,Organic,US,control
ORD-009192,2023-12-31,CUST-00332,cust-00332@lumenmail.com,Décor,4,62.73,0.15,Organic,US,variant
ORD-006773,2023-11-30,CUST-01766,cust-01766@lumenmail.com,Lighting,1,341.19,0.2,Paid Search,US,
ORD-008601,2024-04-24,CUST-01689,cust-01689@lumenmail.com,Décor,2,641.78,0.1,Paid Search,CA,
ORD-008770,,CUST-02840,cust-02840@lumenmail.com,Lighting,4,99.75,0.05,Organic,CA,
ORD-000426,2024-06-21,,guest@lumenmail.com,Lighting,7,42.72,0.0,Organic,US,control
ORD-003728,2024-02-11,CUST-00360,cust-00360@lumenmail.com,Lighting,-1,371.42,0.2,Email,US,variant
ORD-001369,08/07/2023,CUST-01270,cust-01270@lumenmail.com,Décor,1,117.69,0.15,Social,AU,
ORD-007813,2023-11-16,CUST-00788,cust-00788@lumenmail.com,Décor,1,129.89,0.0,Paid Search,US,control
ORD-008652,2023-07-23,CUST-00393,cust-00393@lumenmail.com,Furniture,1,384.82,0.05,Paid Search,CA,
ORD-004716,2023-07-08,CUST-00501,cust-00501@lumenmail.com,Décor,1,456.7,0.0,Social,US,control
ORD-003251,2024-09-29,CUST-02122,cust-02122@lumenmail.com,Décor,1,397.25,0.05,Paid Search,UK,
ORD-009233,2024-05-05,CUST-01109,cust-01109@lumenmail.com,Accessories,1,14.78,0.1,Social,US,
ORD-006851,2024-09-25,CUST-00217,cust-00217@lumenmail.com,Furniture,2,486.1,0.05,Email,US,variant
ORD-001289,2023-08-22,CUST-01316,cust-01316@lumenmail.com,Outdoor,2,569.2,0.2,Organic,CA,control
ORD-001158,2024-05-22,CUST-01479,cust-01479@lumenmail.com,Lighting,6,99.88,0.0,Paid Search,US,control
ORD-003314,2024-09-26,CUST-01771,cust-01771@lumenmail.com,Lighting,2,86.18,0.05,Email,US,variant
ORD-004020,2024-05-08,CUST-00549,cust-00549@lumenmail.com,Décor,1,144.57,0.0,Paid Search,US,variant
ORD-002387,03/03/2024,CUST-01661,cust-01661@lumenmail.com,Outdoor,1,43.73,0.05,Organic,AU,control
ORD-002824,2024-06-24,CUST-02404,cust-02404@lumenmail.com,Outdoor,2,40.38,0.15,Social,CA,
ORD-002421,,CUST-01523,cust-01523@lumenmail.com,Lighting,3,32.39,0.0,Social,UK,control
ORD-001214,2024-11-20,CUST-01896,cust-01896@lumenmail.com,Accessories,1,49.44,0.1,Social,US,control
ORD-002110,2023-09-25,CUST-00131,cust-00131@lumenmail.com,Lighting,1,51.5,0.05,Paid Search,US,control
ORD-003052,2023-06-30,CUST-00683,cust-00683@lumenmail.com,Décor,2,42.72,0.0,,US,
ORD-003037,2024-11-07,CUST-00199,cust-00199@lumenmail.com,Outdoor,2,38.14,0.2,Paid Search,US,
ORD-002899,2023-06-06,CUST-00882,cust-00882@lumenmail.com,Lighting,7,120.68,0.0,Email,CA,control
ORD-003947,2023-06-21,CUST-02334,cust-02334@lumenmail.com,Outdoor,1,104.42,0.0,Email,US,control
ORD-007333,2024-01-10,CUST-02137,cust-02137@lumenmail.com,Outdoor,-6,740.6,0.0,Organic,US,control
ORD-001316,2024-03-10,CUST-00358,cust-00358@lumenmail.com,Lighting,2,337.22,0.05,Paid Search,US,variant
ORD-000415,2024-08-05,CUST-01564,cust-01564@lumenmail.com,Lighting,1,159.45,0.0,Social,US,variant
ORD-000867,2024-10-17,CUST-02653,cust-02653@lumenmail.com,Outdoor,5,121.38,0.0,Paid Search,US,control
ORD-002391,2024-06-05,CUST-02700,cust-02700@lumenmail.com,Décor,1,22.57,0.1,Social,US,
ORD-007730,2024-06-27,CUST-01685,cust-01685@lumenmail.com,Accessories,7,45.06,0.0,Paid Search,ZZ,
ORD-001343,16/08/2024,CUST-00211,cust-00211@lumenmail.com,Furniture,1,39.95,0.2,Organic,UK,
ORD-004167,2023-09-04,CUST-00825,cust-00825@lumenmail.com,Décor,1,75.42,0.15,Email,US,variant
ORD-009539,2024-04-12,CUST-00646,cust-00646@lumenmail.com,Décor,1,164.95,0.15,Email,US,control
ORD-008006,2024-05-09,CUST-02288,cust-02288@lumenmail.com,Lighting,2,471.54,0.1,Email,CA,variant
ORD-003196,2023-06-08,CUST-02012,cust-02012@lumenmail.com,Lighting,1,34.67,0.1,Paid Search,US,variant
ORD-002605,2024-02-15,CUST-01691,cust-01691@lumenmail.com,Lighting,3,34.45,0.1,Paid Search,US,variant
ORD-007537,2024-09-20,CUST-00112,cust-00112@lumenmail.com,Furniture,1,177.79,0.1,Social,US,control
ORD-002053,2024-10-18,CUST-02369,cust-02369@lumenmail.com,Furniture,5,66.83,0.1,Email,UK,control
ORD-007264,2023-08-16,CUST-00060,cust-00060@lumenmail.com,Outdoor,2,146.84,0.1,Email,US,control
ORD-002346,2024-07-29,CUST-00855,cust-00855@lumenmail.com,Décor,1,285.49,0.1,Paid Search,US,variant
ORD-000125,2024-09-26,CUST-02606,cust-02606@lumenmail.com,Furniture,2,613.3,0.15,Organic,ZZ,control
ORD-001544,2024-11-11,CUST-00513,cust-00513@lumenmail.com,Lighting,1,31.86,0.1,Email,US,control
ORD-004256,2024-11-14,CUST-00839,cust-00839@lumenmail.com,Furniture,-1,142.87,0.1,Paid Search,UK,
ORD-001385,29/10/2024,CUST-00099,cust-00099@lumenmail.com,Décor,7,118.06,0.05,Email,US,variant
ORD-001578,2024-05-23,CUST-00100,cust-00100@lumenmail.com,Lighting,3,15.64,0.0,Social,CA,
ORD-003422,18/06/2023,CUST-00171,cust-00171@lumenmail.com,Décor,1,56.06,0.0,Paid Search,US,
ORD-002701,2024-03-06,CUST-00035,cust-00035@lumenmail.com,Furniture,3,56.14,0.05,Organic,US,
ORD-006363,15/11/2023,CUST-02000,cust-02000@lumenmail.com,Décor,2,462.43,0.05,Email,US,control
ORD-002761,2023-07-16,CUST-01826,cust-01826@lumenmail.com,Outdoor,1,18.29,0.1,Paid Search,US,variant
ORD-002403,2024-01-19,CUST-01403,cust-01403@lumenmail.com,Furniture,4,94.2,0.05,Social,AU,variant
ORD-004721,2023-11-22,CUST-02447,cust-02447@lumenmail.com,Accessories,1,350.96,0.0,Paid Search,CA,
ORD-000112,2024-12-04,CUST-00951,cust-00951@lumenmail.com,Lighting,2,176.21,0.1,Organic,US,control
ORD-005930,2024-08-08,CUST-01346,cust-01346@lumenmail.com,Furniture,1,315.15,0.15,Email,CA,control
ORD-005802,2024-01-09,CUST-02231,cust-02231@lumenmail.com,Furniture,1,586.22,0.15,Paid Search,US,control
ORD-001220,05/04/2024,CUST-02666,cust-02666@lumenmail.com,Lighting,2,19.65,0.2,Email,US,control
ORD-005603,2024-07-20,CUST-02067,cust-02067@lumenmail.com,Lighting,1,165.91,0.2,Email,US,
ORD-002810,2024-09-26,CUST-00526,cust-00526@lumenmail.com,Décor,3,279.07,0.1,Paid Search,US,
ORD-005053,2024-06-28,CUST-00250,cust-00250@lumenmail.com,Furniture,3,722.12,0.05,Paid Search,US,control
ORD-003350,10/06/2023,CUST-02460,cust-02460@lumenmail.com,Lighting,3,98.57,0.1,Social,US,
ORD-006086,2023-08-06,CUST-02000,cust-02000@lumenmail.com,Furniture,1,28.05,0.2,Email,US,variant
ORD-001444,25/12/2024,CUST-01241,cust-01241@lumenmail.com,Lighting,1,17.46,0.0,Organic,US,variant
ORD-002292,11/06/2024,CUST-00474,cust-00474@lumenmail.com,Lighting,2,57.63,0.1,Organic,UK,variant
ORD-007674,2023-07-19,,guest@lumenmail.com,Accessories,1,20.63,0.0,Organic,AU,control
ORD-004204,2024-06-04,CUST-00046,cust-00046@lumenmail.com,Décor,2,112.18,0.0,Email,CA,
ORD-000260,2024-07-26,CUST-00589,cust-00589@lumenmail.com,Lighting,3,155.88,0.0,Email,US,control
ORD-004310,2024-09-13,CUST-01236,cust-01236@lumenmail.com,Furniture,1,18.16,0.15,Social,US,
ORD-009130,2024-01-14,CUST-02265,cust-02265@lumenmail.com,Décor,1,196.21,0.05,Paid Search,US,variant
ORD-005956,2023-10-15,CUST-00495,cust-00495@lumenmail.com,Lighting,1,93.94,0.05,Email,CA,control
ORD-001135,2023-08-08,CUST-02976,cust-02976@lumenmail.com,Outdoor,5,109.55,0.2,Email,US,control
ORD-006785,2023-08-19,CUST-01170,cust-01170@lumenmail.com,Décor,2,163.75,0.0,Paid Search,US,control
ORD-001010,2024-11-18,CUST-02657,cust-02657@lumenmail.com,Décor,1,8.87,0.1,Email,US,variant
ORD-003114,2024-08-28,CUST-00163,cust-00163@lumenmail.com,Décor,1,49.12,0.0,Email,US,control
ORD-009276,2023-12-24,CUST-00218,cust-00218@lumenmail.com,Lighting,2,66.12,0.2,Organic,US,variant
ORD-008537,2024-08-25,CUST-00148,cust-00148@lumenmail.com,Décor,2,172.16,0.1,Paid Search,UK,
ORD-005161,2023-06-27,CUST-02261,cust-02261@lumenmail.com,Décor,3,189.22,0.25,Email,UK,
ORD-003798,2024-07-14,CUST-00497,cust-00497@lumenmail.com,Furniture,2,123.4,0.1,Email,US,
ORD-008815,2024-10-09,CUST-02341,cust-02341@lumenmail.com,Outdoor,3,728.84,0.05,Email,US,
ORD-004849,2023-12-22,,guest@lumenmail.com,Furniture,4,7.11,0.0,Email,AU,variant
ORD-004126,2024-12-24,CUST-02261,cust-02261@lumenmail.com,Lighting,1,135.56,0.0,Organic,US,variant
ORD-001178,2024-11-20,CUST-00693,cust-00693@lumenmail.com,Accessories,1,360.49,0.0,Paid Search,UK,
ORD-000324,2024-07-22,CUST-00970,cust-00970@lumenmail.com,Lighting,1,126.75,0.0,Paid Search,US,control
ORD-003178,2024-02-29,,guest@lumenmail.com,Lighting,1,81.15,0.2,Paid Search,US,variant
ORD-007144,2024-04-08,CUST-02827,cust-02827@lumenmail.com,Lighting,6,75.16,0.0,Organic,CA,variant
ORD-006115,19/12/2023,CUST-02103,cust-02103@lumenmail.com,Décor,2,82.11,0.2,Social,US,control
ORD-001569,2024-06-14,CUST-01146,cust-01146@lumenmail.com,Décor,1,134.97,0.05,Organic,US,
ORD-007869,2023-10-16,CUST-01775,cust-01775@lumenmail.com,Lighting,2,30.77,0.0,,UK,variant
ORD-002392,2024-02-19,CUST-01946,cust-01946@lumenmail.com,Outdoor,2,19.27,0.2,Paid Search,CA,variant
ORD-002617,2024-07-09,CUST-02103,cust-02103@lumenmail.com,Lighting,1,109.34,0.1,Email,US,control
ORD-003541,2024-02-03,CUST-01874,cust-01874@lumenmail.com,Furniture,2,71.34,0.0,Organic,US,
ORD-008444,2024-02-18,CUST-02130,cust-02130@lumenmail.com,Lighting,2,26.86,0.1,Organic,US,control
ORD-005045,2024-12-30,CUST-00791,cust-00791@lumenmail.com,Furniture,1,35.9,0.15,Social,US,variant
ORD-008745,30/08/2023,CUST-00732,cust-00732@lumenmail.com,Décor,3,667.02,0.0,Social,AU,control
ORD-002401,2024-08-18,CUST-01092,cust-01092@lumenmail.com,Lighting,1,40.95,0.0,Paid Search,CA,
ORD-008675,2023-07-23,CUST-02194,cust-02194@lumenmail.com,Outdoor,1,56.73,0.25,Paid Search,US,control
ORD-000044,2023-10-16,CUST-00613,cust-00613@lumenmail.com,Outdoor,1,32.2,0.15,Paid Search,AU,control
ORD-007516,2024-09-05,CUST-00930,cust-00930@lumenmail.com,Furniture,3,177.05,0.0,Paid Search,UK,control
ORD-002879,2024-08-26,CUST-00797,cust-00797@lumenmail.com,Lighting,4,35.17,0.1,Email,UK,
ORD-005712,2023-08-07,CUST-00148,cust-00148@lumenmail.com,Outdoor,5,107.03,0.0,Social,UK,
ORD-001512,2024-10-01,CUST-02462,cust-02462@lumenmail.com,Décor,4,355.09,0.05,Social,US,variant
ORD-003848,2024-08-18,CUST-00946,cust-00946@lumenmail.com,Décor,2,16.95,0.0,Email,US,
ORD-003042,02/12/2024,CUST-02504,cust-02504@lumenmail.com,Lighting,5,620.62,0.1,Email,US,
ORD-000282,2024-09-02,,guest@lumenmail.com,Outdoor,3,83.14,0.1,Email,US,control
ORD-001693,2024-09-18,CUST-00143,cust-00143@lumenmail.com,Furniture,-3,21.59,0.0,Organic,US,
ORD-000810,2024-01-25,CUST-00648,cust-00648@lumenmail.com,Furniture,1,74.95,0.0,Email,AU,
ORD-001234,2024-10-08,CUST-00074,cust-00074@lumenmail.com,Décor,3,82.24,0.0,Organic,US,
ORD-000916,2024-08-14,CUST-02847,cust-02847@lumenmail.com,Lighting,1,158.91,0.05,Email,UK,
ORD-000437,2024-08-08,,guest@lumenmail.com,Furniture,1,178.0,0.0,Organic,US,control
ORD-008495,08/01/2024,CUST-01191,cust-01191@lumenmail.com,Lighting,4,311.59,0.0,Organic,UK,
ORD-000346,2023-07-01,CUST-02262,cust-02262@lumenmail.com,Lighting,6,157.44,0.0,Email,US,control
ORD-001308,2024-08-19,CUST-02510,cust-02510@lumenmail.com,Lighting,4,243.29,0.15,Email,US,variant
ORD-008827,2023-11-09,CUST-00859,cust-00859@lumenmail.com,Lighting,2,335.59,0.1,Email,US,
ORD-004586,2023-10-20,CUST-02157,cust-02157@lumenmail.com,Décor,2,168.82,0.0,Paid Search,US,
ORD-001046,2024-08-07,CUST-00460,cust-00460@lumenmail.com,Lighting,2,48.79,0.0,Paid Search,US,variant
ORD-003851,2024-02-16,CUST-00524,cust-00524@lumenmail.com,Lighting,2,9.61,0.05,Paid Search,CA,control
ORD-006149,2023-07-28,CUST-00714,cust-00714@lumenmail.com,Décor,1,776.71,0.0,Email,US,
ORD-009557,03/11/2023,CUST-02766,cust-02766@lumenmail.com,Lighting,1,246.81,0.2,Social,CA,
ORD-004735,2024-04-08,CUST-00104,cust-00104@lumenmail.com,Décor,3,700.25,0.05,Email,US,
ORD-005929,2024-12-10,CUST-02419,cust-02419@lumenmail.com,Accessories,3,23.11,0.05,Email,UK,
ORD-003693,2023-07-06,CUST-01527,cust-01527@lumenmail.com,Décor,1,6.08,0.2,Paid Search,US,
ORD-008499,2023-12-21,CUST-02281,cust-02281@lumenmail.com,Outdoor,2,638.98,0.15,Social,US,
ORD-008942,2024-06-09,CUST-00419,cust-00419@lumenmail.com,Lighting,-2,242.45,0.1,Email,US,variant
ORD-005640,2023-10-06,CUST-01754,cust-01754@lumenmail.com,Lighting,1,137.24,0.0,Organic,CA,control
ORD-002121,2023-08-24,CUST-02293,cust-02293@lumenmail.com,Décor,2,34.21,0.0,Paid Search,US,
ORD-009321,2024-07-09,CUST-02391,cust-02391@lumenmail.com,Lighting,3,63.76,0.0,Email,US,control
ORD-006639,2023-07-23,CUST-01133,cust-01133@lumenmail.com,Furniture,2,74.61,0.05,Email,US,
ORD-004124,2024-10-17,CUST-02473,cust-02473@lumenmail.com,Lighting,3,121.04,0.0,Organic,US,variant
ORD-009329,2024-04-13,,guest@lumenmail.com,Décor,1,122.75,0.05,Organic,US,variant
ORD-006989,2024-01-20,CUST-01691,cust-01691@lumenmail.com,Décor,5,31.58,0.0,Email,US,
ORD-003729,2023-08-16,CUST-02141,cust-02141@lumenmail.com,Furniture,2,373.06,0.0,Paid Search,UK,
ORD-007499,2024-06-24,CUST-00823,cust-00823@lumenmail.com,Lighting,2,26.65,0.0,Email,UK,
ORD-004637,2023-12-14,CUST-01664,cust-01664@lumenmail.com,Furniture,1,91.61,0.0,Organic,US,
ORD-007384,2024-10-20,CUST-02628,cust-02628@lumenmail.com,Lighting,3,47.2,0.0,Email,US,control
ORD-009553,2024-02-04,,guest@lumenmail.com,Décor,2,12.76,0.15,Social,US,variant
ORD-006269,2024-05-31,CUST-00994,cust-00994@lumenmail.com,Lighting,1,95.83,0.0,Paid Search,US,variant
ORD-007524,2023-10-28,CUST-01402,cust-01402@lumenmail.com,Furniture,3,86.32,0.0,Email,US,
ORD-003828,19/07/2024,CUST-00665,cust-00665@lumenmail.com,Outdoor,4,49.81,0.15,Paid Search,US,control
ORD-009394,,CUST-02428,cust-02428@lumenmail.com,Furniture,7,121.23,0.0,Organic,ZZ,variant
ORD-001916,2024-03-14,CUST-00137,cust-00137@lumenmail.com,Lighting,1,59.36,0.0,Social,US,
ORD-006280,2024-02-02,CUST-01627,cust-01627@lumenmail.com,Lighting,2,5.55,0.0,Organic,US,
ORD-003334,2023-07-18,CUST-00972,cust-00972@lumenmail.com,Décor,3,125.2,0.1,Paid Search,US,control
ORD-003323,24/05/2024,CUST-01358,cust-01358@lumenmail.com,Décor,1,124.75,0.0,Paid Search,US,control
ORD-002643,2023-12-06,CUST-00693,cust-00693@lumenmail.com,Décor,3,156.21,0.05,Paid Search,US,variant
ORD-001154,2024-07-13,CUST-00739,cust-00739@lumenmail.com,Furniture,7,197.93,0.05,Email,UK,
ORD-001619,2024-05-02,,guest@lumenmail.com,Décor,5,9.08,0.0,Paid Search,US,variant
ORD-000395,2023-09-06,CUST-01094,cust-01094@lumenmail.com,Outdoor,1,596.95,0.0,Email,US,control
ORD-005292,2023-08-08,CUST-01447,cust-01447@lumenmail.com,Décor,2,296.86,0.0,Paid Search,UK,variant
ORD-004538,10/02/2024,CUST-01078,cust-01078@lumenmail.com,Décor,3,69.53,0.1,Organic,US,
ORD-007574,2023-09-10,CUST-01908,cust-01908@lumenmail.com,Décor,4,60.98,0.0,Organic,US,control
ORD-008201,2023-08-27,CUST-02084,cust-02084@lumenmail.com,Outdoor,2,378.59,0.0,Organic,CA,
ORD-001462,2024-06-25,CUST-02849,cust-02849@lumenmail.com,Outdoor,2,71.8,0.15,Email,UK,control
ORD-006896,2024-07-20,CUST-01137,cust-01137@lumenmail.com,Accessories,5,42.14,0.0,Paid Search,US,variant
ORD-004919,17/09/2024,CUST-01231,cust-01231@lumenmail.com,Décor,2,637.91,0.0,Paid Search,US,
ORD-002465,2023-09-18,CUST-00435,cust-00435@lumenmail.com,Furniture,1,183.47,0.0,Email,US,control
ORD-005337,2024-04-05,CUST-00751,cust-00751@lumenmail.com,Lighting,1,77.92,0.05,Paid Search,US,control
ORD-000620,15/03/2024,CUST-00695,cust-00695@lumenmail.com,Outdoor,6,52.35,0.2,Email,US,variant
ORD-003164,2024-12-28,CUST-01946,cust-01946@lumenmail.com,Outdoor,7,70.0,0.05,Organic,AU,control
ORD-007043,21/07/2024,CUST-02354,cust-02354@lumenmail.com,Décor,1,42.45,0.0,Organic,CA,control
ORD-004003,2023-11-01,CUST-02563,cust-02563@lumenmail.com,Furniture,2,19.59,0.0,Email,CA,
ORD-006353,27/07/2023,CUST-02373,cust-02373@lumenmail.com,Décor,2,91.43,0.15,,US,
ORD-002335,2023-10-03,,guest@lumenmail.com,Décor,2,36.09,0.0,Organic,US,variant
ORD-006971,2024-08-07,CUST-00801,cust-00801@lumenmail.com,Outdoor,2,38.43,0.05,Social,US,control
ORD-006304,2024-02-24,CUST-00855,cust-00855@lumenmail.com,Furniture,2,36.4,0.15,Paid Search,US,control
ORD-003267,2024-01-01,CUST-01104,cust-01104@lumenmail.com,Lighting,4,111.16,0.1,Paid Search,US,
ORD-000207,20/05/2024,CUST-01465,cust-01465@lumenmail.com,Décor,2,137.48,0.25,Organic,CA,variant
ORD-008704,2024-01-14,CUST-02910,cust-02910@lumenmail.com,Outdoor,1,200.23,0.1,Organic,CA,
ORD-008488,2023-09-05,CUST-01337,cust-01337@lumenmail.com,Outdoor,1,152.45,0.2,Paid Search,US,control
ORD-004715,2023-07-18,CUST-02373,cust-02373@lumenmail.com,Outdoor,2,53.27,0.15,Paid Search,US,
ORD-001832,31/12/2023,CUST-02041,cust-02041@lumenmail.com,Outdoor,4,83.98,0.0,Organic,CA,
ORD-005535,2023-11-25,CUST-00892,cust-00892@lumenmail.com,Furniture,2,35.35,0.0,Email,US,variant
ORD-003361,2023-08-03,CUST-01841,cust-01841@lumenmail.com,Furniture,2,163.37,0.05,Email,US,
ORD-004790,,CUST-02287,cust-02287@lumenmail.com,Décor,3,12.2,0.0,Email,AU,control
ORD-007572,2024-12-15,CUST-00287,cust-00287@lumenmail.com,Lighting,1,181.21,0.1,Organic,UK,variant
ORD-006852,2024-04-25,CUST-02925,cust-02925@lumenmail.com,Lighting,1,262.33,0.0,Organic,US,control
ORD-008370,2023-07-04,CUST-01555,cust-01555@lumenmail.com,Décor,5,90.15,0.05,Social,CA,control
ORD-003639,2023-07-23,,guest@lumenmail.com,Furniture,1,14.45,0.05,Email,US,variant
ORD-006594,2024-02-23,CUST-02698,cust-02698@lumenmail.com,Furniture,1,29.45,0.2,Organic,US,variant
ORD-005533,2023-06-19,CUST-01870,cust-01870@lumenmail.com,Lighting,3,162.89,0.1,Email,US,
ORD-003012,26/12/2023,CUST-00592,cust-00592@lumenmail.com,Lighting,1,60.1,0.0,Email,US,variant
ORD-001852,2024-11-12,,guest@lumenmail.com,Décor,1,374.22,0.0,Paid Search,US,
ORD-007472,2024-08-15,CUST-02028,cust-02028@lumenmail.com,Décor,1,39.0,0.1,Email,CA,control
ORD-004739,2023-06-30,CUST-01029,cust-01029@lumenmail.com,Lighting,1,48.35,0.0,Organic,US,variant
ORD-002213,2024-02-27,CUST-01904,cust-01904@lumenmail.com,Lighting,2,310.63,0.2,Social,US,
ORD-004666,2024-11-23,CUST-00270,cust-00270@lumenmail.com,Décor,2,181.3,0.0,Email,AU,variant
ORD-001940,02/03/2024,CUST-00282,cust-00282@lumenmail.com,Furniture,1,234.27,0.05,Social,ZZ,
ORD-008797,2024-12-23,CUST-01212,cust-01212@lumenmail.com,Furniture,2,462.12,0.1,Email,US,control
ORD-003363,2024-06-28,CUST-00788,cust-00788@lumenmail.com,Furniture,1,148.69,0.2,Organic,CA,control
ORD-000887,2024-11-15,CUST-00763,cust-00763@lumenmail.com,Lighting,1,70.4,0.15,Email,UK,
ORD-002482,2024-06-17,CUST-00988,cust-00988@lumenmail.com,Lighting,3,192.07,0.15,Paid Search,CA,control
ORD-005062,2024-01-24,CUST-01676,cust-01676@lumenmail.com,Accessories,2,75.48,0.2,Email,US,variant
ORD-008493,2024-09-07,CUST-00627,cust-00627@lumenmail.com,Lighting,1,12.77,0.05,Organic,US,variant
ORD-004460,2024-08-24,CUST-00087,cust-00087@lumenmail.com,Accessories,3,35.15,0.0,,US,variant
ORD-004908,2023-08-10,CUST-02515,cust-02515@lumenmail.com,Lighting,1,72.5,0.1,Email,ZZ,
ORD-002207,2023-07-18,,guest@lumenmail.com,Outdoor,4,102.3,0.0,Email,US,
ORD-003595,2024-09-20,CUST-01683,cust-01683@lumenmail.com,Outdoor,1,45.81,0.15,Email,US,
ORD-005985,2024-03-28,CUST-02718,cust-02718@lumenmail.com,Furniture,2,20.94,0.1,Organic,US,variant
ORD-004667,2024-11-14,CUST-00363,cust-00363@lumenmail.com,Lighting,2,352.87,0.1,Organic,US,control
ORD-004958,2024-07-17,CUST-01411,cust-01411@lumenmail.com,Furniture,2,129.97,0.0,Organic,US,variant
ORD-000518,2023-12-01,,guest@lumenmail.com,Furniture,4,88.83,0.0,Email,US,
ORD-001957,2024-06-29,CUST-00995,cust-00995@lumenmail.com,Lighting,2,34.55,0.0,Paid Search,UK,
ORD-004530,2024-02-07,CUST-02003,cust-02003@lumenmail.com,Furniture,1,151.25,0.0,Paid Search,US,variant
ORD-003915,2023-08-13,CUST-01314,cust-01314@lumenmail.com,Lighting,1,725.28,0.05,Social,CA,
ORD-001232,04/08/2024,CUST-01842,cust-01842@lumenmail.com,Outdoor,1,52.92,0.0,Paid Search,CA,variant
ORD-006430,2023-12-14,CUST-01865,cust-01865@lumenmail.com,Décor,1,90.95,0.05,Email,US,control
ORD-009289,2024-04-26,,guest@lumenmail.com,Accessories,2,29.83,0.1,Organic,US,variant
ORD-005530,2023-07-08,CUST-02670,cust-02670@lumenmail.com,Lighting,1,81.79,0.0,Social,US,variant
ORD-009468,28/08/2023,CUST-00982,cust-00982@lumenmail.com,Furniture,-2,36.16,0.05,Email,ZZ,
ORD-001436,27/09/2024,CUST-01173,cust-01173@lumenmail.com,Lighting,2,31.23,0.0,Email,UK,
ORD-007002,2023-09-15,CUST-01991,cust-01991@lumenmail.com,Outdoor,2,10.04,0.1,Paid Search,UK,
ORD-001579,2024-02-15,CUST-02995,cust-02995@lumenmail.com,Furniture,3,112.64,0.05,Email,US,variant
ORD-004280,2024-01-28,CUST-01292,cust-01292@lumenmail.com,Lighting,3,90.37,0.05,Social,US,variant
ORD-004133,2023-10-19,CUST-02258,cust-02258@lumenmail.com,Lighting,1,146.79,0.2,Paid Search,US,control
ORD-006817,22/10/2024,,guest@lumenmail.com,Décor,1,133.57,0.0,Paid Search,ZZ,
ORD-009586,2024-07-05,CUST-01268,cust-01268@lumenmail.com,Furniture,1,167.63,0.05,,US,control
ORD-004488,20/12/2023,CUST-02553,cust-02553@lumenmail.com,Lighting,1,99.92,0.0,Paid Search,US,variant
ORD-000487,2023-09-10,CUST-00154,cust-00154@lumenmail.com,Furniture,3,12.66,0.0,Email,US,control
ORD-001441,2024-09-13,,guest@lumenmail.com,Décor,2,226.02,0.25,Organic,ZZ,
ORD-008033,2024-05-20,CUST-00674,cust-00674@lumenmail.com,Outdoor,2,8.36,0.1,Email,US,
ORD-000782,2024-10-03,CUST-00896,cust-00896@lumenmail.com,Décor,2,22.51,0.15,Paid Search,ZZ,
ORD-009452,2024-03-28,CUST-00479,cust-00479@lumenmail.com,Outdoor,1,10.59,0.0,Paid Search,US,control
ORD-002261,2024-02-09,CUST-02123,cust-02123@lumenmail.com,Accessories,1,23.15,0.05,Organic,US,control
ORD-008554,2024-03-05,CUST-01620,cust-01620@lumenmail.com,Lighting,3,44.41,0.0,Email,CA,
ORD-000745,2024-04-11,CUST-02169,cust-02169@lumenmail.com,Furniture,2,181.36,0.0,Paid Search,ZZ,variant
ORD-003982,2024-03-15,CUST-02806,cust-02806@lumenmail.com,Décor,3,171.37,0.05,Email,US,control
ORD-001144,2024-04-23,CUST-02154,cust-02154@lumenmail.com,Furniture,3,80.84,0.0,Organic,CA,variant
ORD-006861,2024-06-08,CUST-02117,cust-02117@lumenmail.com,Lighting,5,276.7,0.2,Paid Search,CA,variant
ORD-008398,2023-11-19,CUST-02925,cust-02925@lumenmail.com,Lighting,2,99.96,0.05,Paid Search,US,variant
ORD-004647,2023-07-17,CUST-02788,cust-02788@lumenmail.com,Lighting,1,12.84,0.15,Paid Search,UK,variant
ORD-003549,2024-07-24,CUST-00193,cust-00193@lumenmail.com,Accessories,1,394.05,0.0,Email,US,
ORD-008741,2023-12-30,CUST-00764,cust-00764@lumenmail.com,Lighting,1,612.5,0.15,Paid Search,US,variant
ORD-004432,2024-06-04,CUST-01551,cust-01551@lumenmail.com,Lighting,2,176.86,0.05,Organic,US,
ORD-004592,2024-01-29,CUST-00676,cust-00676@lumenmail.com,Accessories,2,74.96,0.0,Organic,US,variant
ORD-007820,2024-06-24,CUST-00231,cust-00231@lumenmail.com,Lighting,2,92.29,0.0,Social,CA,variant
ORD-000766,2023-10-21,CUST-01137,cust-01137@lumenmail.com,Lighting,2,53.11,0.25,Organic,CA,control
ORD-007089,2024-11-06,CUST-00755,cust-00755@lumenmail.com,Décor,4,121.71,0.0,Email,US,control
ORD-008303,2024-03-02,CUST-02660,cust-02660@lumenmail.com,Décor,7,11.2,0.05,Organic,US,control
ORD-004156,2023-07-19,CUST-02540,cust-02540@lumenmail.com,Furniture,1,184.76,0.05,Paid Search,US,control
ORD-001458,28/11/2023,CUST-01055,cust-01055@lumenmail.com,Outdoor,1,218.22,0.1,Organic,CA,variant
ORD-008848,2024-05-04,CUST-02138,cust-02138@lumenmail.com,Accessories,2,38.7,0.0,Organic,US,variant
ORD-002987,22/11/2024,CUST-01486,cust-01486@lumenmail.com,Décor,1,97.63,0.15,Email,UK,variant
ORD-006503,2024-03-20,CUST-02475,cust-02475@lumenmail.com,Lighting,2,93.41,0.0,Social,US,
ORD-008009,2024-08-22,CUST-02161,cust-02161@lumenmail.com,Furniture,3,92.6,0.05,Paid Search,US,control
ORD-002652,2024-06-25,CUST-01950,cust-01950@lumenmail.com,Accessories,1,433.87,0.05,Social,US,
ORD-003364,31/10/2023,CUST-01964,cust-01964@lumenmail.com,Lighting,2,196.98,0.0,Social,US,control
ORD-006331,27/05/2024,CUST-01448,cust-01448@lumenmail.com,Accessories,3,134.42,0.1,Paid Search,US,variant
ORD-002439,25/06/2024,,guest@lumenmail.com,Lighting,1,58.47,0.25,Social,US,
ORD-008662,2023-11-28,,guest@lumenmail.com,Lighting,2,89.7,0.0,Email,AU,variant
ORD-004777,2023-10-17,CUST-00904,cust-00904@lumenmail.com,Lighting,1,361.44,0.0,Email,CA,control
ORD-005057,2024-01-12,,guest@lumenmail.com,Lighting,1,9.44,0.25,Paid Search,US,variant
ORD-001364,2024-01-05,CUST-01937,cust-01937@lumenmail.com,Outdoor,7,514.71,0.0,Social,US,
ORD-009533,2024-09-10,CUST-02811,cust-02811@lumenmail.com,Décor,3,11.26,0.0,,US,
ORD-003826,2024-11-21,CUST-00500,cust-00500@lumenmail.com,Furniture,3,10.15,0.0,Organic,AU,
ORD-005588,11/01/2024,,guest@lumenmail.com,Lighting,2,60.17,0.1,Email,US,
ORD-004080,2024-04-15,CUST-01172,cust-01172@lumenmail.com,Lighting,1,138.17,0.05,Paid Search,US,control
ORD-003975,2024-07-07,CUST-02705,cust-02705@lumenmail.com,Furniture,1,182.75,0.25,Organic,US,
ORD-008621,2023-07-17,CUST-00286,cust-00286@lumenmail.com,Décor,1,327.33,0.0,Paid Search,ZZ,variant
ORD-007863,2024-07-28,CUST-02018,cust-02018@lumenmail.com,Lighting,2,63.34,0.2,Paid Search,US,control
ORD-000036,2024-11-15,CUST-01889,cust-01889@lumenmail.com,Furniture,1,131.7,0.0,Email,US,control
ORD-002450,2024-07-29,CUST-00751,cust-00751@lumenmail.com,Décor,2,80.87,0.0,Email,CA,variant
ORD-000700,2024-12-07,CUST-01597,cust-01597@lumenmail.com,Lighting,2,143.94,0.05,Organic,US,
ORD-000596,2024-09-16,CUST-01876,cust-01876@lumenmail.com,Décor,1,22.03,0.0,Organic,US,variant
ORD-001387,2023-07-06,CUST-00091,cust-00091@lumenmail.com,Outdoor,4,17.49,0.1,Paid Search,US,control
ORD-005473,12/10/2024,CUST-02152,cust-02152@lumenmail.com,Furniture,3,12.34,0.0,Organic,US,
ORD-009437,01/08/2023,CUST-02046,cust-02046@lumenmail.com,Furniture,7,193.77,0.0,Organic,CA,control
ORD-000671,2024-02-17,CUST-01316,cust-01316@lumenmail.com,Accessories,1,15.29,0.05,Social,US,
ORD-002566,2023-08-16,CUST-00918,cust-00918@lumenmail.com,Accessories,1,115.05,0.0,Organic,CA,control
ORD-007923,2024-09-19,CUST-02674,cust-02674@lumenmail.com,Décor,4,121.95,0.0,Email,US,
ORD-003843,15/12/2024,CUST-00762,cust-00762@lumenmail.com,Furniture,1,25.09,0.15,Social,US,control
ORD-002537,2023-10-24,CUST-01923,cust-01923@lumenmail.com,Furniture,4,0.0,0.0,Organic,UK,
ORD-004185,2024-11-21,CUST-00398,cust-00398@lumenmail.com,Furniture,1,498.82,0.0,Email,US,control
ORD-007426,20/09/2024,CUST-01531,cust-01531@lumenmail.com,Outdoor,1,76.75,0.05,Email,US,control
ORD-001740,2024-07-29,CUST-02740,cust-02740@lumenmail.com,Décor,1,36.67,0.05,Paid Search,US,control
ORD-000417,2024-05-20,CUST-00764,cust-00764@lumenmail.com,Lighting,1,144.44,0.0,Organic,AU,variant
ORD-004291,01/03/2024,CUST-02095,cust-02095@lumenmail.com,Décor,2,59.82,0.0,Paid Search,CA,
ORD-001647,27/10/2024,CUST-02152,cust-02152@lumenmail.com,Accessories,3,86.41,0.05,Social,US,
ORD-006673,2024-11-01,CUST-02261,cust-02261@lumenmail.com,Lighting,1,78.26,0.1,Email,US,variant
ORD-004009,2023-11-15,CUST-02413,cust-02413@lumenmail.com,Décor,1,80.2,0.0,Social,UK,control
ORD-004780,2024-09-11,CUST-01348,cust-01348@lumenmail.com,Décor,2,76.53,0.0,Paid Search,US,control
ORD-003534,06/11/2024,CUST-01861,cust-01861@lumenmail.com,Outdoor,3,426.69,0.0,Social,ZZ,control
ORD-007526,2023-07-04,CUST-01902,cust-01902@lumenmail.com,Outdoor,1,17.7,0.05,Paid Search,ZZ,
ORD-002076,2023-08-26,CUST-00543,cust-00543@lumenmail.com,Lighting,2,87.98,0.0,,US,control
ORD-007697,14/01/2024,CUST-02817,cust-02817@lumenmail.com,Accessories,1,46.62,0.1,Paid Search,US,variant
ORD-004668,2023-09-19,,guest@lumenmail.com,Décor,2,95.93,0.25,Paid Search,UK,
ORD-005261,2024-05-12,CUST-00789,cust-00789@lumenmail.com,Furniture,2,422.99,0.0,Organic,UK,variant
ORD-000301,2023-07-09,CUST-01501,cust-01501@lumenmail.com,Lighting,-1,502.23,0.0,Social,US,variant
ORD-004085,11/04/2024,CUST-02296,cust-02296@lumenmail.com,Lighting,1,14.62,0.0,Paid Search,US,variant
ORD-008983,2024-10-29,CUST-01498,cust-01498@lumenmail.com,Outdoor,2,132.69,0.0,Email,CA,control
ORD-008836,2024-09-29,CUST-00136,cust-00136@lumenmail.com,Accessories,2,143.69,0.1,Organic,US,
ORD-006188,2024-07-22,CUST-01941,cust-01941@lumenmail.com,Lighting,1,197.34,0.0,Email,US,
ORD-007917,2024-06-30,CUST-01064,cust-01064@lumenmail.com,Furniture,3,333.89,0.05,Email,US,variant
ORD-006688,2024-04-25,,guest@lumenmail.com,Furniture,1,110.51,0.0,Paid Search,US,variant
ORD-007637,10/07/2024,CUST-00331,cust-00331@lumenmail.com,Décor,2,114.22,0.0,Organic,UK,
ORD-003528,02/08/2023,CUST-01359,cust-01359@lumenmail.com,Lighting,2,94.22,0.0,Organic,US,variant
ORD-002355,2024-06-29,CUST-01076,cust-01076@lumenmail.com,Furniture,5,277.13,0.0,Organic,US,control
ORD-001939,17/01/2024,CUST-02173,cust-02173@lumenmail.com,Décor,3,6.19,0.1,Organic,US,
ORD-005947,2023-06-10,CUST-01461,cust-01461@lumenmail.com,Lighting,3,792.17,0.1,Organic,CA,variant
ORD-009492,2024-06-02,CUST-02523,cust-02523@lumenmail.com,Lighting,1,119.94,0.05,Organic,CA,variant
ORD-001368,19/11/2023,,guest@lumenmail.com,Lighting,2,7.59,0.1,Paid Search,AU,
ORD-006939,09/08/2024,CUST-02912,cust-02912@lumenmail.com,Décor,1,42.13,0.05,Paid Search,US,control
ORD-001906,2024-01-21,CUST-01648,cust-01648@lumenmail.com,Accessories,2,5.43,0.1,Email,US,control
ORD-009487,2024-06-07,CUST-01730,cust-01730@lumenmail.com,Décor,2,44.27,0.0,Email,UK,variant
ORD-005257,2024-11-14,CUST-00388,cust-00388@lumenmail.com,Décor,3,89.62,0.0,Paid Search,US,control
ORD-008494,2024-01-02,CUST-01339,cust-01339@lumenmail.com,Lighting,3,28.56,0.0,Organic,AU,variant
ORD-001498,2024-01-16,CUST-00345,cust-00345@lumenmail.com,Décor,1,569.28,0.1,,US,
ORD-008193,2024-10-02,CUST-01756,cust-01756@lumenmail.com,Lighting,5,48.97,0.0,Social,UK,control
ORD-004580,2024-12-08,CUST-02990,cust-02990@lumenmail.com,Furniture,3,47.13,0.0,Email,US,
ORD-002282,2024-03-15,CUST-01195,cust-01195@lumenmail.com,Outdoor,4,77.33,0.0,Paid Search,US,variant
ORD-001869,16/06/2024,CUST-02309,cust-02309@lumenmail.com,Outdoor,1,227.8,0.05,Email,US,
ORD-000229,2023-08-25,CUST-01119,cust-01119@lumenmail.com,Lighting,-1,243.56,0.0,Organic,US,variant
ORD-002279,2024-08-20,CUST-02842,cust-02842@lumenmail.com,Accessories,2,20.37,0.0,Paid Search,UK,variant
ORD-002923,2023-07-13,,guest@lumenmail.com,Décor,1,7.44,0.0,Organic,CA,variant
ORD-008117,2024-03-07,CUST-01971,cust-01971@lumenmail.com,Décor,1,164.68,0.0,Email,US,control
ORD-000362,05/01/2024,CUST-02305,cust-02305@lumenmail.com,Furniture,3,52.74,0.0,Paid Search,CA,
ORD-001586,2023-08-20,CUST-00540,cust-00540@lumenmail.com,Lighting,2,22.5,0.05,Organic,US,control
ORD-007854,2024-09-10,CUST-01959,cust-01959@lumenmail.com,Accessories,2,258.64,0.0,Email,US,control
ORD-001445,2024-02-05,CUST-00772,cust-00772@lumenmail.com,Furniture,1,487.64,0.1,Email,US,
ORD-000267,2024-04-21,,guest@lumenmail.com,Outdoor,5,81.39,0.0,Email,US,variant
ORD-004363,2024-07-20,CUST-00879,cust-00879@lumenmail.com,Lighting,3,84.42,0.05,Email,US,control
ORD-000974,05/12/2024,CUST-00985,cust-00985@lumenmail.com,Lighting,7,225.0,0.05,Paid Search,CA,
ORD-005921,2024-06-20,CUST-02077,cust-02077@lumenmail.com,Furniture,1,98.82,0.0,Email,US,control
ORD-005263,2024-07-20,CUST-02108,cust-02108@lumenmail.com,Décor,2,298.2,0.05,Email,US,variant
ORD-005310,22/05/2024,CUST-00233,cust-00233@lumenmail.com,Furniture,1,763.73,0.0,Social,CA,variant
ORD-000110,2024-05-28,CUST-00719,cust-00719@lumenmail.com,Lighting,7,81.97,0.0,Email,CA,
ORD-009158,2024-08-29,CUST-01681,cust-01681@lumenmail.com,Lighting,5,385.77,0.05,Paid Search,US,variant
ORD-004789,2023-12-01,CUST-00128,cust-00128@lumenmail.com,Outdoor,3,256.95,0.0,Paid Search,US,
ORD-006919,2024-10-17,CUST-02079,cust-02079@lumenmail.com,Lighting,1,79.84,0.0,Social,US,
ORD-009503,04/08/2024,CUST-01141,cust-01141@lumenmail.com,Lighting,2,69.42,0.0,Paid Search,US,variant
ORD-003924,2023-08-02,CUST-01222,cust-01222@lumenmail.com,Décor,1,43.0,0.05,Email,US,control
ORD-006703,2023-07-12,CUST-00299,cust-00299@lumenmail.com,Décor,2,23.37,0.05,Organic,CA,
ORD-002555,2023-09-22,CUST-02905,cust-02905@lumenmail.com,Décor,2,140.76,0.0,Paid Search,UK,
ORD-002259,27/05/2024,CUST-00680,cust-00680@lumenmail.com,Décor,1,31.61,0.05,Social,US,control
ORD-009079,2024-11-04,CUST-02472,cust-02472@lumenmail.com,Décor,1,91.1,0.1,Email,US,control
ORD-005632,2023-10-08,CUST-01399,cust-01399@lumenmail.com,Décor,2,41.81,0.05,,US,variant
ORD-005433,2024-11-26,CUST-01124,cust-01124@lumenmail.com,Outdoor,2,95.09,0.15,Email,US,variant
ORD-002998,2024-01-03,CUST-02856,cust-02856@lumenmail.com,Furniture,5,78.38,0.05,Paid Search,US,
ORD-004660,2023-10-03,CUST-02560,cust-02560@lumenmail.com,Lighting,1,100.92,0.05,Organic,US,variant
ORD-008844,02/09/2023,CUST-01012,cust-01012@lumenmail.com,Accessories,1,29.73,0.0,Paid Search,UK,
ORD-003301,2023-07-29,CUST-01309,cust-01309@lumenmail.com,Furniture,2,319.21,0.0,Organic,CA,variant
ORD-002659,12/03/2024,CUST-00672,cust-00672@lumenmail.com,Lighting,1,116.38,0.0,Organic,UK,control
ORD-002506,2024-10-22,CUST-01457,cust-01457@lumenmail.com,Furniture,2,29.03,0.0,Social,US,control
ORD-002287,2023-12-26,CUST-00585,cust-00585@lumenmail.com,Outdoor,2,53.7,0.0,Paid Search,US,control
ORD-006226,2023-07-16,CUST-00596,cust-00596@lumenmail.com,Lighting,2,49.61,0.05,Paid Search,UK,
ORD-008199,2023-12-21,CUST-02722,cust-02722@lumenmail.com,Lighting,3,120.18,0.2,Paid Search,US,variant
ORD-006606,2023-10-27,CUST-00079,cust-00079@lumenmail.com,Lighting,1,112.9,0.0,Paid Search,CA,control
ORD-007631,2024-09-18,CUST-01844,cust-01844@lumenmail.com,Décor,2,40.94,0.05,Paid Search,US,
ORD-000958,2023-11-23,CUST-02344,cust-02344@lumenmail.com,Lighting,1,30.97,0.05,Organic,US,
ORD-008937,2023-06-02,CUST-02989,cust-02989@lumenmail.com,Décor,3,24.64,0.05,Paid Search,US,
ORD-009084,2024-12-16,CUST-02807,cust-02807@lumenmail.com,Lighting,1,22.51,0.0,Organic,CA,
ORD-007019,2024-01-27,CUST-00215,cust-00215@lumenmail.com,Décor,2,118.68,0.0,Email,US,
ORD-007062,2024-03-15,CUST-00610,cust-00610@lumenmail.com,Lighting,3,149.5,0.15,Email,US,control
ORD-007905,2023-07-01,CUST-00342,cust-00342@lumenmail.com,Furniture,6,33.94,0.0,Social,US,variant
ORD-006940,2024-08-01,CUST-00760,cust-00760@lumenmail.com,Lighting,3,75.23,0.05,Email,UK,control
ORD-001427,27/09/2024,,guest@lumenmail.com,Lighting,1,109.42,0.0,Email,US,
ORD-003811,16/11/2023,CUST-01613,cust-01613@lumenmail.com,Outdoor,3,333.18,0.0,Paid Search,US,
ORD-005558,21/08/2023,CUST-01867,cust-01867@lumenmail.com,Lighting,-1,326.96,0.15,Paid Search,ZZ,
ORD-001485,2023-12-21,CUST-02246,cust-02246@lumenmail.com,Décor,1,58.87,0.05,Paid Search,ZZ,
ORD-003556,2024-04-23,CUST-00818,cust-00818@lumenmail.com,Lighting,2,392.59,0.1,Paid Search,US,
ORD-003823,03/04/2024,CUST-00763,cust-00763@lumenmail.com,Outdoor,1,31.28,0.2,Social,ZZ,
ORD-002517,2024-09-20,,guest@lumenmail.com,Lighting,4,5.9,0.05,Email,US,
ORD-003835,2024-02-15,CUST-02398,cust-02398@lumenmail.com,Lighting,1,359.71,0.0,Organic,CA,control
ORD-002571,2023-08-02,CUST-02418,cust-02418@lumenmail.com,Décor,1,309.56,0.0,Organic,US,
ORD-007319,2024-03-11,CUST-00190,cust-00190@lumenmail.com,Furniture,1,133.33,0.15,Social,US,
ORD-007808,2023-08-14,CUST-00721,cust-00721@lumenmail.com,Furniture,1,101.94,0.0,Paid Search,AU,
ORD-004052,2024-06-25,CUST-01144,cust-01144@lumenmail.com,Outdoor,2,8.85,0.1,Organic,US,control
ORD-008326,2024-07-31,CUST-00282,cust-00282@lumenmail.com,Lighting,3,242.31,0.05,Organic,US,
ORD-006193,2024-02-10,,guest@lumenmail.com,Lighting,3,280.57,0.0,Paid Search,US,
ORD-009590,2023-08-24,CUST-01430,cust-01430@lumenmail.com,Outdoor,1,49.03,0.05,Social,US,
ORD-001539,03/08/2024,CUST-01373,cust-01373@lumenmail.com,Lighting,2,14.49,0.15,Social,AU,variant
ORD-004686,2023-09-28,CUST-00491,cust-00491@lumenmail.com,Décor,-4,32.82,0.0,Organic,CA,
ORD-000948,2023-11-09,CUST-01287,cust-01287@lumenmail.com,Lighting,2,185.29,0.05,Paid Search,US,
ORD-008599,05/12/2023,,guest@lumenmail.com,Outdoor,2,14.99,0.05,Paid Search,US,
ORD-002430,22/08/2024,CUST-00937,cust-00937@lumenmail.com,Lighting,2,22.02,0.0,Paid Search,US,control
ORD-004141,2024-08-27,CUST-02296,cust-02296@lumenmail.com,Lighting,2,35.12,0.15,Paid Search,UK,control
ORD-004171,2024-12-17,CUST-02135,cust-02135@lumenmail.com,Furniture,1,168.35,0.2,Paid Search,US,
ORD-000168,2023-10-31,CUST-00364,cust-00364@lumenmail.com,Lighting,3,286.26,0.0,Paid Search,CA,
ORD-002813,2023-10-14,CUST-02333,cust-02333@lumenmail.com,Lighting,1,30.34,0.0,Organic,US,control
ORD-001849,2023-08-13,CUST-02754,cust-02754@lumenmail.com,Furniture,1,112.2,0.05,Email,US,variant
ORD-002916,07/09/2023,CUST-01853,cust-01853@lumenmail.com,Furniture,1,17.04,0.0,Paid Search,US,variant
ORD-006410,2024-03-22,CUST-02765,cust-02765@lumenmail.com,Lighting,2,119.38,0.0,Organic,US,variant
ORD-006646,2024-08-25,CUST-01574,cust-01574@lumenmail.com,Lighting,2,39.02,0.0,Social,US,variant
ORD-003527,2024-11-15,CUST-02578,cust-02578@lumenmail.com,Outdoor,3,22.57,0.0,Social,US,
ORD-005801,2024-11-21,CUST-01868,cust-01868@lumenmail.com,Outdoor,2,31.18,0.0,Email,CA,variant
ORD-001251,2023-12-30,CUST-00267,cust-00267@lumenmail.com,Lighting,2,778.11,0.15,Email,US,
ORD-008419,25/08/2024,CUST-02901,cust-02901@lumenmail.com,Décor,-3,246.83,0.0,Paid Search,US,variant
ORD-005829,2024-04-25,,guest@lumenmail.com,Outdoor,1,65.59,0.0,Email,US,control
ORD-005213,2024-09-10,CUST-01478,cust-01478@lumenmail.com,Accessories,1,67.04,0.0,Email,US,variant
ORD-002386,2024-04-12,CUST-01042,cust-01042@lumenmail.com,Accessories,2,343.34,0.15,Email,US,variant
ORD-006770,19/03/2024,CUST-02916,cust-02916@lumenmail.com,Décor,5,24.52,0.15,Organic,CA,control
ORD-006195,2024-01-28,CUST-02202,cust-02202@lumenmail.com,Outdoor,2,21.42,0.0,Paid Search,US,variant
ORD-008496,2023-12-26,CUST-02770,cust-02770@lumenmail.com,Décor,1,61.24,0.1,Paid Search,AU,variant
ORD-008129,2024-08-24,CUST-00683,cust-00683@lumenmail.com,Décor,3,109.28,0.05,Social,ZZ,
ORD-000925,2023-10-05,CUST-02279,cust-02279@lumenmail.com,Furniture,2,304.8,0.25,Paid Search,US,control
ORD-003500,2024-04-07,CUST-02472,cust-02472@lumenmail.com,Outdoor,2,788.4,0.2,Paid Search,US,control
ORD-007925,2024-07-02,CUST-02682,cust-02682@lumenmail.com,Accessories,1,47.43,0.0,,CA,variant
ORD-007053,2023-07-12,CUST-00213,cust-00213@lumenmail.com,Lighting,2,119.13,0.0,Organic,US,variant
ORD-007677,2024-01-24,,guest@lumenmail.com,Lighting,4,15.95,0.0,Paid Search,US,control
ORD-007077,2024-06-24,CUST-00653,cust-00653@lumenmail.com,Outdoor,2,87.54,0.0,Social,US,control
ORD-006692,17/07/2024,CUST-01791,cust-01791@lumenmail.com,Furniture,2,288.93,0.0,Email,UK,
ORD-007179,16/09/2024,CUST-00287,cust-00287@lumenmail.com,Décor,1,24.57,0.1,Paid Search,US,control
ORD-004109,2024-04-01,CUST-01032,cust-01032@lumenmail.com,Furniture,1,210.19,0.1,Organic,US,
ORD-008251,2023-11-09,CUST-00569,cust-00569@lumenmail.com,Furniture,1,89.22,0.05,Paid Search,US,
ORD-002943,15/08/2023,,guest@lumenmail.com,Furniture,3,131.33,0.05,Email,US,
ORD-007620,2023-08-01,CUST-02214,cust-02214@lumenmail.com,Lighting,1,37.05,0.1,Paid Search,UK,control
ORD-006170,2023-06-20,CUST-00050,cust-00050@lumenmail.com,Furniture,1,786.79,0.0,Social,AU,
ORD-001954,2024-07-10,CUST-00701,cust-00701@lumenmail.com,Outdoor,3,620.7,0.2,,US,control
ORD-005761,2023-10-26,CUST-02628,cust-02628@lumenmail.com,Outdoor,3,171.21,0.05,Paid Search,US,
ORD-003603,2024-08-15,CUST-00176,cust-00176@lumenmail.com,Décor,3,305.51,0.0,Email,US,control
ORD-006699,2024-10-13,CUST-00891,cust-00891@lumenmail.com,Furniture,2,6.29,0.05,Social,CA,
ORD-004807,24/12/2023,CUST-01748,cust-01748@lumenmail.com,Décor,2,65.3,0.15,Paid Search,CA,
ORD-007805,2024-06-01,CUST-01531,cust-01531@lumenmail.com,Outdoor,2,13.89,0.2,Organic,US,
ORD-006972,2023-09-18,CUST-01011,cust-01011@lumenmail.com,Accessories,1,59.14,0.0,Email,CA,control
ORD-004203,2023-07-27,CUST-02750,cust-02750@lumenmail.com,Accessories,1,32.45,0.0,Organic,UK,control
ORD-005812,2024-10-16,CUST-00413,cust-00413@lumenmail.com,Outdoor,3,82.18,0.25,Social,UK,control
ORD-008773,2024-12-12,CUST-00267,cust-00267@lumenmail.com,Lighting,2,85.33,0.0,Paid Search,US,control
ORD-005998,2024-09-18,,guest@lumenmail.com,Lighting,2,76.47,0.0,Social,UK,control
ORD-002136,2023-07-09,CUST-02271,cust-02271@lumenmail.com,Lighting,2,274.52,0.05,Organic,US,
ORD-001855,2023-10-08,CUST-01949,cust-01949@lumenmail.com,Décor,2,58.11,0.0,Email,US,variant
ORD-004362,2023-06-17,CUST-01697,cust-01697@lumenmail.com,Accessories,3,84.92,0.0,Organic,US,control
ORD-004669,2023-09-13,CUST-02338,cust-02338@lumenmail.com,Décor,5,297.17,0.0,Email,US,control
ORD-003949,2024-12-04,CUST-02306,cust-02306@lumenmail.com,Furniture,1,250.68,0.15,Paid Search,US,control
ORD-008786,2024-06-11,CUST-01292,cust-01292@lumenmail.com,Furniture,2,27.39,0.05,Social,US,variant
ORD-002532,2023-09-30,CUST-01506,cust-01506@lumenmail.com,Furniture,-2,194.96,0.0,Email,US,
ORD-004287,2023-06-06,CUST-02102,cust-02102@lumenmail.com,Outdoor,2,326.5,0.1,Social,US,
ORD-002210,2024-09-18,CUST-01449,cust-01449@lumenmail.com,Décor,2,42.26,0.1,Paid Search,US,control
ORD-000611,2023-10-05,,guest@lumenmail.com,Furniture,2,124.26,0.0,Paid Search,US,control
ORD-008255,06/10/2023,CUST-02207,cust-02207@lumenmail.com,Outdoor,5,49.44,0.1,Organic,US,control
ORD-006426,20/04/2024,,guest@lumenmail.com,Accessories,1,129.22,0.0,Paid Search,US,control
ORD-002805,2024-04-11,CUST-02109,cust-02109@lumenmail.com,Décor,1,661.0,0.1,Email,US,variant
ORD-006710,2024-11-06,CUST-01893,cust-01893@lumenmail.com,Lighting,3,254.75,0.0,Email,CA,
ORD-000902,2023-08-11,CUST-01185,cust-01185@lumenmail.com,Lighting,7,310.06,0.0,Organic,US,control
ORD-002976,2024-11-03,CUST-02413,cust-02413@lumenmail.com,Furniture,1,39.03,0.2,Organic,US,variant
ORD-009517,2024-08-09,,guest@lumenmail.com,Furniture,2,184.98,0.2,Paid Search,US,control
ORD-009284,2024-04-03,CUST-02816,cust-02816@lumenmail.com,Décor,3,200.27,0.2,Paid Search,US,variant
ORD-007296,2023-09-03,CUST-02374,cust-02374@lumenmail.com,Accessories,1,38.02,0.0,Email,UK,
ORD-005784,2023-08-17,CUST-02994,cust-02994@lumenmail.com,Décor,1,32.66,0.05,,US,
ORD-002954,2023-06-09,CUST-00578,cust-00578@lumenmail.com,Lighting,2,309.46,0.0,Email,US,control
ORD-008854,2023-11-02,CUST-01308,cust-01308@lumenmail.com,Outdoor,5,82.41,0.0,Social,US,
ORD-001265,2024-01-04,CUST-02461,cust-02461@lumenmail.com,Furniture,5,73.56,0.0,,US,variant
ORD-008134,2023-06-11,CUST-02096,cust-02096@lumenmail.com,Furniture,4,83.8,0.05,Email,US,variant
ORD-006240,,CUST-01932,cust-01932@lumenmail.com,Furniture,1,87.6,0.0,Email,US,
ORD-000100,2023-12-15,CUST-01749,cust-01749@lumenmail.com,Outdoor,4,108.9,0.05,Email,US,
ORD-008960,2024-04-15,CUST-01688,cust-01688@lumenmail.com,Accessories,1,86.19,0.1,Paid Search,US,
ORD-002245,2024-03-26,CUST-01239,cust-01239@lumenmail.com,Lighting,1,80.98,0.05,Social,US,control
ORD-008083,2023-12-11,CUST-01561,cust-01561@lumenmail.com,Outdoor,1,20.97,0.2,Email,CA,variant
ORD-003383,2023-08-26,CUST-02571,cust-02571@lumenmail.com,Lighting,3,86.15,0.0,Social,AU,control
ORD-003144,2024-07-05,CUST-00365,cust-00365@lumenmail.com,Furniture,2,72.88,0.2,Email,US,
ORD-001333,2024-02-26,CUST-00723,cust-00723@lumenmail.com,Décor,5,455.39,0.05,Paid Search,CA,control
ORD-003608,2023-10-21,,guest@lumenmail.com,Décor,3,88.02,0.0,Organic,CA,
ORD-004288,2024-02-23,CUST-01677,cust-01677@lumenmail.com,Accessories,1,210.31,0.0,Paid Search,ZZ,control
ORD-001966,2023-09-20,CUST-01061,cust-01061@lumenmail.com,Outdoor,1,58.74,0.0,Email,AU,control
ORD-007522,17/06/2023,CUST-01760,cust-01760@lumenmail.com,Décor,1,112.38,0.1,Email,AU,control
ORD-004894,2023-06-08,CUST-01796,cust-01796@lumenmail.com,Furniture,3,126.2,0.05,Email,US,variant
ORD-005277,2024-09-07,CUST-00025,cust-00025@lumenmail.com,Outdoor,7,44.07,0.0,Paid Search,US,control
ORD-000442,2024-03-13,CUST-01314,cust-01314@lumenmail.com,Furniture,3,35.04,0.0,Email,US,variant
ORD-007155,2024-07-31,CUST-02624,cust-02624@lumenmail.com,Accessories,1,161.62,0.15,Paid Search,US,variant
ORD-003724,2023-12-28,CUST-02814,cust-02814@lumenmail.com,Décor,1,44.95,0.0,Paid Search,US,control
ORD-001233,2024-04-21,CUST-02585,cust-02585@lumenmail.com,Furniture,2,28.65,0.05,Email,UK,variant
ORD-004989,2023-12-08,CUST-02709,cust-02709@lumenmail.com,Décor,1,25.13,0.1,Social,US,
ORD-001315,2024-10-09,CUST-00010,cust-00010@lumenmail.com,Lighting,1,72.77,0.0,Email,US,
ORD-000461,20/12/2024,CUST-01843,cust-01843@lumenmail.com,Décor,1,39.29,0.05,Social,US,
ORD-008563,2024-09-19,CUST-00996,cust-00996@lumenmail.com,Lighting,1,153.93,0.15,Paid Search,US,variant
ORD-004906,2024-05-20,CUST-00080,cust-00080@lumenmail.com,Décor,1,189.91,0.0,Paid Search,AU,variant
ORD-000012,2023-11-19,CUST-01559,cust-01559@lumenmail.com,Furniture,3,59.78,0.0,Organic,US,variant
ORD-004824,2024-10-29,CUST-00164,cust-00164@lumenmail.com,Accessories,1,33.23,0.2,Paid Search,US,
ORD-003501,2024-09-14,CUST-00639,cust-00639@lumenmail.com,Furniture,2,743.18,0.2,Organic,US,variant
ORD-001686,01/01/2024,CUST-00139,cust-00139@lumenmail.com,Lighting,3,47.87,0.0,Organic,US,variant
ORD-000023,2024-01-11,CUST-00993,cust-00993@lumenmail.com,Décor,1,9.21,0.0,Social,US,control
ORD-007951,2024-08-26,CUST-00112,cust-00112@lumenmail.com,Outdoor,4,158.92,0.0,Email,US,control
ORD-005714,04/04/2024,CUST-00395,cust-00395@lumenmail.com,Furniture,3,19.74,0.0,Organic,US,
ORD-003086,2023-07-16,CUST-00352,cust-00352@lumenmail.com,Décor,2,71.97,0.15,Paid Search,CA,
ORD-008077,,CUST-02522,cust-02522@lumenmail.com,Accessories,1,51.95,0.0,Organic,US,
ORD-008934,10/12/2023,CUST-00361,cust-00361@lumenmail.com,Décor,2,758.48,0.0,Paid Search,US,
ORD-005847,2024-05-13,CUST-00653,cust-00653@lumenmail.com,Lighting,1,25.65,0.05,Organic,US,variant
ORD-003148,2023-10-18,CUST-01557,cust-01557@lumenmail.com,Décor,1,44.13,0.0,Email,CA,variant
ORD-004758,2023-07-27,CUST-02986,cust-02986@lumenmail.com,Décor,2,148.32,0.1,Paid Search,US,
ORD-005201,2023-12-31,CUST-00301,cust-00301@lumenmail.com,Outdoor,1,170.94,0.05,Social,US,
ORD-003562,2024-04-22,CUST-00316,cust-00316@lumenmail.com,Lighting,-6,32.35,0.05,Social,CA,
ORD-005972,2023-12-11,CUST-01799,cust-01799@lumenmail.com,Outdoor,1,785.27,0.0,Organic,US,
ORD-004045,2024-12-02,CUST-00374,cust-00374@lumenmail.com,Décor,1,467.57,0.05,Email,US,
ORD-005874,2024-10-08,CUST-02143,cust-02143@lumenmail.com,Décor,1,47.21,0.2,Organic,US,variant
ORD-001180,2023-06-17,CUST-00068,cust-00068@lumenmail.com,Outdoor,1,43.03,0.0,Paid Search,US,
ORD-001181,2023-07-29,CUST-02583,cust-02583@lumenmail.com,Accessories,2,65.61,0.2,Organic,ZZ,variant
ORD-001742,28/06/2024,CUST-00332,cust-00332@lumenmail.com,Outdoor,1,43.84,0.05,Email,US,control
ORD-009379,2024-07-03,CUST-01478,cust-01478@lumenmail.com,Outdoor,6,154.93,0.0,Organic,US,variant
ORD-004870,2023-06-27,CUST-01511,cust-01511@lumenmail.com,Outdoor,1,132.0,0.05,Email,AU,variant
ORD-007587,2023-12-12,CUST-02385,cust-02385@lumenmail.com,Décor,2,272.42,0.05,Paid Search,CA,control
ORD-000215,02/10/2023,CUST-00949,cust-00949@lumenmail.com,Furniture,1,36.84,0.05,Email,CA,control
ORD-005596,2024-08-06,CUST-01003,cust-01003@lumenmail.com,Décor,3,6.05,0.1,Social,UK,control
ORD-009528,2024-03-02,CUST-01638,cust-01638@lumenmail.com,Furniture,3,372.45,0.1,Social,US,
ORD-002844,2023-12-25,CUST-02328,cust-02328@lumenmail.com,Furniture,2,16.84,0.2,Email,CA,control
ORD-000020,2024-06-26,CUST-00964,cust-00964@lumenmail.com,Décor,2,44.29,0.25,Organic,US,variant
ORD-006949,16/08/2024,CUST-01170,cust-01170@lumenmail.com,Outdoor,3,141.61,0.1,Paid Search,AU,
ORD-007293,2023-11-08,CUST-01901,cust-01901@lumenmail.com,Furniture,1,418.05,0.25,Social,UK,
ORD-003580,2024-03-30,CUST-02439,cust-02439@lumenmail.com,Lighting,1,25.15,0.15,Social,UK,control
ORD-004899,2023-12-08,CUST-00137,cust-00137@lumenmail.com,Accessories,3,24.0,0.2,Organic,US,
ORD-005064,15/08/2024,,guest@lumenmail.com,Lighting,1,199.99,0.0,Email,UK,control
ORD-005115,2023-08-04,CUST-02361,cust-02361@lumenmail.com,Lighting,3,337.0,0.05,Email,US,
ORD-004427,2024-06-05,CUST-00322,cust-00322@lumenmail.com,Lighting,2,29.32,0.05,Organic,US,
ORD-004848,2023-07-28,CUST-00750,cust-00750@lumenmail.com,Lighting,4,586.57,0.0,Organic,US,control
ORD-007023,21/08/2024,,guest@lumenmail.com,Lighting,2,174.22,0.0,Email,US,
ORD-007982,2024-08-12,CUST-01536,cust-01536@lumenmail.com,Outdoor,2,65.06,0.0,Organic,US,control
ORD-001555,2024-02-08,CUST-02307,cust-02307@lumenmail.com,Décor,-1,43.32,0.1,Organic,CA,control
ORD-006551,2024-01-15,CUST-00258,cust-00258@lumenmail.com,Accessories,3,7.81,0.15,Paid Search,CA,control
ORD-001003,2024-08-30,CUST-02814,cust-02814@lumenmail.com,Lighting,3,333.44,0.15,Email,US,
ORD-000388,2024-07-14,CUST-02107,cust-02107@lumenmail.com,Accessories,2,44.93,0.15,Social,US,variant
ORD-001638,2024-11-09,CUST-02084,cust-02084@lumenmail.com,Lighting,2,185.72,0.0,Paid Search,AU,control
ORD-005305,2024-07-15,CUST-01251,cust-01251@lumenmail.com,Décor,3,30.5,0.0,Organic,US,
ORD-007906,2023-09-26,CUST-00125,cust-00125@lumenmail.com,Accessories,2,19.24,0.0,Email,US,variant
ORD-000703,2024-06-04,CUST-01714,cust-01714@lumenmail.com,Lighting,1,8.88,0.1,Email,US,
ORD-005674,2023-06-09,,guest@lumenmail.com,Décor,4,43.08,0.0,Email,CA,variant
ORD-006541,2024-08-25,CUST-01813,cust-01813@lumenmail.com,Furniture,5,42.05,0.0,Email,US,variant
ORD-004227,2024-09-03,CUST-00046,cust-00046@lumenmail.com,Lighting,1,87.6,0.0,Social,US,variant
ORD-004770,2023-10-14,CUST-01903,cust-01903@lumenmail.com,Furniture,3,46.63,0.0,Email,CA,
ORD-001142,2024-06-18,CUST-00259,cust-00259@lumenmail.com,Furniture,1,83.2,0.0,Email,CA,variant
ORD-005523,2024-03-21,CUST-02490,cust-02490@lumenmail.com,Lighting,4,40.99,0.05,Organic,AU,
ORD-006609,2024-07-27,CUST-00230,cust-00230@lumenmail.com,Outdoor,1,114.17,0.0,Email,AU,
ORD-004949,2024-07-07,CUST-01394,cust-01394@lumenmail.com,Outdoor,2,398.3,0.1,Organic,UK,variant
ORD-006572,2024-09-06,CUST-00094,cust-00094@lumenmail.com,Lighting,1,114.12,0.15,Organic,US,
ORD-008763,2023-12-13,CUST-01993,cust-01993@lumenmail.com,Accessories,1,26.02,0.0,Paid Search,UK,
ORD-007897,2023-08-09,CUST-00659,cust-00659@lumenmail.com,Décor,2,240.05,0.1,Organic,US,
ORD-004534,2024-02-06,CUST-00551,cust-00551@lumenmail.com,Furniture,1,40.15,0.0,Paid Search,CA,
ORD-000917,2024-07-01,CUST-00433,cust-00433@lumenmail.com,Lighting,1,70.82,0.05,Social,US,variant
ORD-008115,2024-06-10,CUST-00441,cust-00441@lumenmail.com,Lighting,1,41.16,0.0,,AU,variant
ORD-006133,2024-09-09,CUST-02976,cust-02976@lumenmail.com,Lighting,2,448.79,0.05,Social,UK,
ORD-004976,2024-07-04,CUST-02140,cust-02140@lumenmail.com,Décor,1,112.35,0.1,Social,ZZ,variant
ORD-005387,2023-11-29,CUST-01023,cust-01023@lumenmail.com,Accessories,1,302.2,0.0,Paid Search,US,variant
ORD-002398,2024-11-27,CUST-00461,cust-00461@lumenmail.com,Lighting,2,208.16,0.05,Paid Search,CA,
ORD-008634,2023-10-29,CUST-02032,cust-02032@lumenmail.com,Lighting,1,36.47,0.05,Paid Search,US,control
ORD-008552,2023-06-20,CUST-00870,cust-00870@lumenmail.com,Lighting,4,48.13,0.05,Email,US,variant
ORD-001089,2023-06-24,CUST-02605,cust-02605@lumenmail.com,Furniture,1,23.46,0.0,Organic,AU,variant
ORD-006211,2023-10-31,CUST-00568,cust-00568@lumenmail.com,Décor,1,304.08,0.15,Paid Search,US,control
ORD-006007,2023-10-05,,guest@lumenmail.com,Décor,1,9.88,0.2,Paid Search,US,
ORD-007258,2024-09-16,CUST-01670,cust-01670@lumenmail.com,Accessories,3,172.05,0.0,Email,CA,variant
ORD-007720,2023-08-01,CUST-02367,cust-02367@lumenmail.com,Lighting,2,347.79,0.05,Email,US,
ORD-006954,2023-10-20,CUST-02445,cust-02445@lumenmail.com,Outdoor,1,88.43,0.0,Paid Search,CA,
ORD-003795,,CUST-02351,cust-02351@lumenmail.com,Accessories,1,44.65,0.0,Email,UK,
ORD-005907,2024-10-22,CUST-02825,cust-02825@lumenmail.com,Lighting,3,0.0,0.0,Organic,CA,
ORD-003090,2024-01-22,CUST-02347,cust-02347@lumenmail.com,Outdoor,5,21.76,0.0,Paid Search,ZZ,
ORD-008023,2024-04-22,CUST-02453,cust-02453@lumenmail.com,Furniture,1,37.62,0.1,Email,UK,variant
ORD-004916,2024-09-26,CUST-00779,cust-00779@lumenmail.com,Lighting,1,275.54,0.0,Email,CA,
ORD-000614,2023-12-20,CUST-00508,cust-00508@lumenmail.com,Décor,1,88.63,0.2,Email,US,control
ORD-002966,08/10/2024,CUST-01993,cust-01993@lumenmail.com,Outdoor,2,22.39,0.0,Social,US,control
ORD-004615,2024-11-01,CUST-00757,cust-00757@lumenmail.com,Furniture,1,251.72,0.15,,US,
ORD-000778,2023-09-06,CUST-00097,cust-00097@lumenmail.com,Outdoor,2,81.56,0.15,Organic,US,
ORD-005400,2024-12-02,CUST-01407,cust-01407@lumenmail.com,Lighting,2,26.69,0.0,Paid Search,US,variant
ORD-001649,22/07/2023,CUST-00368,cust-00368@lumenmail.com,Outdoor,1,268.05,0.0,Organic,CA,variant
ORD-006867,04/12/2023,CUST-01173,cust-01173@lumenmail.com,Furniture,1,78.09,0.05,Paid Search,US,control
ORD-008477,2024-11-13,CUST-01586,cust-01586@lumenmail.com,Outdoor,2,44.19,0.1,Organic,US,
ORD-003284,2024-04-09,CUST-01536,cust-01536@lumenmail.com,Décor,1,38.42,0.2,Email,UK,control
ORD-005091,2024-05-14,CUST-00213,cust-00213@lumenmail.com,Outdoor,2,45.03,0.15,Email,US,control
ORD-009407,2024-01-17,CUST-02942,cust-02942@lumenmail.com,Furniture,2,790.3,0.05,Paid Search,US,control
ORD-004563,14/03/2024,CUST-00065,cust-00065@lumenmail.com,Lighting,3,93.13,0.2,Social,US,
ORD-004423,2024-09-06,CUST-00850,cust-00850@lumenmail.com,Décor,1,22.07,0.1,Paid Search,US,
ORD-009082,2024-08-14,CUST-01770,cust-01770@lumenmail.com,Lighting,1,45.58,0.15,Paid Search,US,
ORD-006134,2024-10-14,CUST-00395,cust-00395@lumenmail.com,Furniture,2,49.97,0.1,Organic,US,
ORD-007211,2024-12-26,CUST-01268,cust-01268@lumenmail.com,Outdoor,1,0.0,0.0,Organic,US,
ORD-007796,2023-10-04,CUST-01834,cust-01834@lumenmail.com,Furniture,1,94.08,0.0,Email,US,
ORD-008343,25/11/2024,CUST-00635,cust-00635@lumenmail.com,Lighting,2,95.54,0.0,Organic,US,
ORD-002468,2024-12-13,CUST-01050,cust-01050@lumenmail.com,Décor,1,118.6,0.0,Organic,US,
ORD-003259,2024-01-29,CUST-01386,cust-01386@lumenmail.com,Accessories,2,87.83,0.05,Email,US,variant
ORD-002645,2024-07-12,CUST-01155,cust-01155@lumenmail.com,Outdoor,2,33.24,0.0,Paid Search,US,
ORD-001704,2023-07-18,CUST-02855,cust-02855@lumenmail.com,Lighting,1,34.04,0.1,Paid Search,US,control
ORD-006391,2024-09-03,CUST-01278,cust-01278@lumenmail.com,Lighting,1,73.3,0.0,Organic,CA,variant
ORD-003888,2024-02-07,CUST-02577,cust-02577@lumenmail.com,Décor,2,696.66,0.0,Organic,US,control
ORD-005129,17/11/2023,CUST-00945,cust-00945@lumenmail.com,Lighting,3,88.83,0.05,Email,US,
ORD-000145,2023-06-25,CUST-01032,cust-01032@lumenmail.com,Lighting,2,33.63,0.1,Organic,US,control
ORD-000097,2023-07-18,CUST-00768,cust-00768@lumenmail.com,Lighting,3,27.28,0.05,Paid Search,ZZ,
ORD-007607,2023-07-23,,guest@lumenmail.com,Décor,4,21.58,0.0,Organic,US,
ORD-005352,2023-09-30,CUST-02051,cust-02051@lumenmail.com,Lighting,5,104.69,0.0,Paid Search,CA,
ORD-002852,2023-07-07,CUST-01451,cust-01451@lumenmail.com,Furniture,2,87.61,0.0,Paid Search,US,control
ORD-005437,2023-09-04,CUST-00803,cust-00803@lumenmail.com,Furniture,3,286.68,0.25,Email,US,control
ORD-003492,2024-12-21,CUST-02881,cust-02881@lumenmail.com,Outdoor,1,30.06,0.0,Organic,US,control
ORD-006124,2023-12-01,CUST-01348,cust-01348@lumenmail.com,Lighting,6,171.68,0.0,Email,AU,control
ORD-001273,2024-07-31,CUST-00159,cust-00159@lumenmail.com,Furniture,1,88.5,0.0,Paid Search,AU,variant
ORD-000046,2023-07-07,,guest@lumenmail.com,Lighting,2,64.12,0.05,Organic,CA,control
ORD-008098,2024-03-04,CUST-00239,cust-00239@lumenmail.com,Lighting,1,127.68,0.05,Email,CA,variant
ORD-008961,2023-11-20,CUST-00993,cust-00993@lumenmail.com,Outdoor,1,36.83,0.0,,US,variant
ORD-009382,28/07/2023,CUST-02494,cust-02494@lumenmail.com,Furniture,1,275.82,0.25,Organic,US,
ORD-001741,2024-07-25,CUST-00259,cust-00259@lumenmail.com,Accessories,1,14.56,0.0,Paid Search,UK,
ORD-008345,2023-08-03,CUST-01688,cust-01688@lumenmail.com,Décor,5,16.36,0.0,Email,US,
ORD-002424,11/10/2024,,guest@lumenmail.com,Furniture,1,754.05,0.05,,US,variant
ORD-006446,2024-12-25,CUST-00282,cust-00282@lumenmail.com,Décor,1,94.05,0.1,Paid Search,US,
ORD-004123,30/05/2024,CUST-00206,cust-00206@lumenmail.com,Décor,6,38.52,0.0,Email,UK,control
ORD-003518,2024-02-15,CUST-00093,cust-00093@lumenmail.com,Décor,7,18.06,0.05,Email,US,
ORD-001762,2024-07-15,CUST-02058,cust-02058@lumenmail.com,Décor,4,117.68,0.0,Email,US,
ORD-002336,15/09/2024,CUST-02602,cust-02602@lumenmail.com,Accessories,2,31.6,0.05,Paid Search,US,control
ORD-008613,2024-06-06,CUST-00972,cust-00972@lumenmail.com,Outdoor,5,33.27,0.05,Organic,US,variant
ORD-001141,2024-12-05,CUST-01773,cust-01773@lumenmail.com,Décor,1,33.41,0.05,Paid Search,US,variant
ORD-008238,2023-08-30,CUST-01565,cust-01565@lumenmail.com,Lighting,2,98.76,0.1,Paid Search,US,
ORD-005863,2024-03-24,CUST-01381,cust-01381@lumenmail.com,Lighting,2,136.05,0.0,Paid Search,US,control
ORD-008449,2024-03-11,,guest@lumenmail.com,Décor,1,18.81,0.0,Organic,CA,variant
ORD-002802,2024-12-13,CUST-02067,cust-02067@lumenmail.com,Furniture,3,789.21,0.15,Email,US,
ORD-009093,2024-07-13,CUST-02199,cust-02199@lumenmail.com,Lighting,3,24.58,0.15,Paid Search,US,
ORD-007027,08/07/2024,CUST-01079,cust-01079@lumenmail.com,Lighting,3,93.44,0.0,Paid Search,CA,control
ORD-000156,2023-08-23,CUST-00962,cust-00962@lumenmail.com,Furniture,2,25.06,0.0,Email,US,
ORD-002154,2024-01-17,,guest@lumenmail.com,Lighting,1,279.2,0.0,Organic,CA,variant
ORD-009211,2023-10-10,CUST-02319,cust-02319@lumenmail.com,Lighting,1,156.65,0.0,Organic,ZZ,variant
ORD-002717,2024-12-18,CUST-02062,cust-02062@lumenmail.com,Décor,4,56.18,0.05,Social,CA,control
ORD-003236,2024-11-28,CUST-00261,cust-00261@lumenmail.com,Furniture,2,163.87,0.0,Email,CA,
ORD-009469,2024-11-28,CUST-01189,cust-01189@lumenmail.com,Furniture,2,531.93,0.05,Email,UK,control
ORD-007326,2024-10-03,,guest@lumenmail.com,Furniture,1,124.46,0.05,Email,US,control
ORD-000163,2023-07-08,CUST-01205,cust-01205@lumenmail.com,Lighting,1,178.46,0.1,Paid Search,CA,
ORD-002042,2023-06-23,CUST-02951,cust-02951@lumenmail.com,Furniture,2,0.0,0.15,Social,US,variant
ORD-007392,2024-06-03,CUST-01806,cust-01806@lumenmail.com,Outdoor,-2,153.79,0.2,Organic,US,
ORD-008287,2023-12-17,CUST-01238,cust-01238@lumenmail.com,Furniture,3,7.23,0.0,Paid Search,US,control
ORD-001437,2023-09-12,CUST-01554,cust-01554@lumenmail.com,Lighting,4,163.8,0.05,Organic,US,variant
ORD-007534,2023-10-02,CUST-01033,cust-01033@lumenmail.com,Outdoor,2,344.26,0.0,Email,UK,variant
ORD-003538,2024-07-12,CUST-02049,cust-02049@lumenmail.com,Accessories,1,417.48,0.0,Social,CA,variant
ORD-004722,2023-06-11,CUST-01040,cust-01040@lumenmail.com,Décor,1,84.07,0.1,,US,
ORD-005442,2023-07-19,CUST-02524,cust-02524@lumenmail.com,Furniture,2,23.13,0.25,Paid Search,US,control
ORD-001202,2023-11-14,CUST-01464,cust-01464@lumenmail.com,Outdoor,1,320.91,0.05,Paid Search,UK,control
ORD-000089,2024-10-08,CUST-02480,cust-02480@lumenmail.com,Furniture,5,125.83,0.25,Organic,US,
ORD-009393,04/06/2024,CUST-02756,cust-02756@lumenmail.com,Lighting,2,189.68,0.25,,UK,
ORD-008387,22/07/2024,CUST-00241,cust-00241@lumenmail.com,Lighting,1,572.35,0.05,Organic,US,control
ORD-001618,02/12/2023,CUST-02586,cust-02586@lumenmail.com,Outdoor,1,55.26,0.0,Paid Search,AU,control
ORD-000159,10/05/2024,CUST-00080,cust-00080@lumenmail.com,Lighting,3,523.07,0.15,Paid Search,ZZ,variant
ORD-008175,2023-06-09,CUST-02918,cust-02918@lumenmail.com,Décor,7,256.95,0.05,Paid Search,CA,control
ORD-002470,2023-12-27,CUST-01045,cust-01045@lumenmail.com,Furniture,2,191.32,0.15,Organic,CA,variant
ORD-002114,28/10/2024,CUST-00773,cust-00773@lumenmail.com,Accessories,1,88.43,0.15,Paid Search,US,
ORD-009265,2024-01-28,CUST-01394,cust-01394@lumenmail.com,Outdoor,7,342.95,0.05,Organic,US,
ORD-004358,2023-12-19,,guest@lumenmail.com,Décor,1,102.21,0.1,Paid Search,UK,control
ORD-002322,2024-06-13,CUST-01992,cust-01992@lumenmail.com,Outdoor,4,195.38,0.0,Social,US,variant
ORD-004228,08/10/2023,CUST-02914,cust-02914@lumenmail.com,Furniture,1,397.84,0.0,Organic,US,
ORD-003197,2024-09-14,CUST-00245,cust-00245@lumenmail.com,Décor,2,65.62,0.1,Email,US,control
ORD-002768,2024-09-23,CUST-00723,cust-00723@lumenmail.com,Outdoor,3,276.82,0.05,Paid Search,US,control
ORD-007603,2024-10-02,CUST-02940,cust-02940@lumenmail.com,Outdoor,2,64.36,0.1,Organic,AU,control
ORD-002155,2023-11-27,CUST-00883,cust-00883@lumenmail.com,Lighting,1,39.03,0.1,Email,US,
ORD-002867,2023-09-27,CUST-02969,cust-02969@lumenmail.com,Furniture,2,58.19,0.25,Email,CA,control
ORD-002657,2024-11-15,CUST-01280,cust-01280@lumenmail.com,Lighting,4,58.4,0.15,Organic,US,
ORD-007953,2024-10-06,CUST-01519,cust-01519@lumenmail.com,Lighting,3,207.9,0.15,Paid Search,US,control
ORD-001459,2024-05-22,CUST-02910,cust-02910@lumenmail.com,Furniture,1,384.09,0.05,Paid Search,US,
ORD-000910,2024-03-02,,guest@lumenmail.com,Outdoor,3,99.57,0.0,Organic,US,
ORD-005709,19/09/2023,CUST-02039,cust-02039@lumenmail.com,Décor,5,31.94,0.0,Paid Search,CA,control
ORD-008939,2024-01-09,CUST-01800,cust-01800@lumenmail.com,Outdoor,2,35.72,0.0,Email,AU,
ORD-001674,2024-10-18,CUST-02669,cust-02669@lumenmail.com,Lighting,1,6.29,0.0,Social,CA,control
ORD-006542,30/11/2024,CUST-00817,cust-00817@lumenmail.com,Lighting,1,6.92,0.0,Email,UK,control
ORD-003900,2023-06-17,CUST-02595,cust-02595@lumenmail.com,Furniture,3,61.41,0.0,Email,CA,control
ORD-000262,14/10/2023,CUST-00133,cust-00133@lumenmail.com,Outdoor,1,146.09,0.0,Email,US,variant
ORD-000468,04/12/2024,CUST-01049,cust-01049@lumenmail.com,Accessories,3,36.15,0.0,Social,UK,control
ORD-009030,22/06/2024,CUST-02956,cust-02956@lumenmail.com,Lighting,3,536.86,0.0,Organic,US,control
ORD-001666,2024-10-10,CUST-02593,cust-02593@lumenmail.com,Décor,2,79.76,0.0,Paid Search,AU,
ORD-005074,2024-11-17,CUST-02771,cust-02771@lumenmail.com,Décor,3,12.35,0.15,Paid Search,UK,variant
ORD-005040,2024-09-24,CUST-01320,cust-01320@lumenmail.com,Lighting,1,97.23,0.05,Paid Search,US,variant
ORD-004390,2023-06-03,CUST-02107,cust-02107@lumenmail.com,Accessories,1,135.33,0.2,Social,US,control
ORD-005148,2024-05-02,CUST-00490,cust-00490@lumenmail.com,Lighting,2,727.65,0.15,Organic,US,
ORD-006244,2024-10-14,CUST-00964,cust-00964@lumenmail.com,Outdoor,2,492.38,0.05,Paid Search,US,variant
ORD-000284,,CUST-00076,cust-00076@lumenmail.com,Outdoor,2,44.55,0.1,Email,US,control
ORD-003381,2024-04-14,CUST-01663,cust-01663@lumenmail.com,Décor,2,99.03,0.0,Email,US,variant
ORD-003066,2024-11-23,CUST-02354,cust-02354@lumenmail.com,Décor,1,5.93,0.0,Paid Search,US,control
ORD-008990,,CUST-01902,cust-01902@lumenmail.com,Lighting,4,88.03,0.0,Email,CA,variant
ORD-001708,2024-12-12,CUST-01604,cust-01604@lumenmail.com,Outdoor,4,594.16,0.1,Paid Search,US,variant
ORD-007668,2024-10-09,CUST-00721,cust-00721@lumenmail.com,Lighting,2,132.82,0.1,Paid Search,US,control
ORD-008533,2023-06-19,CUST-02228,cust-02228@lumenmail.com,Lighting,1,11.88,0.0,Email,UK,variant
ORD-005250,2023-12-24,CUST-01467,cust-01467@lumenmail.com,Outdoor,1,100.29,0.0,Paid Search,US,control
ORD-000608,2024-11-12,CUST-02100,cust-02100@lumenmail.com,Lighting,2,164.6,0.0,,US,control
ORD-001620,2024-06-28,CUST-00324,cust-00324@lumenmail.com,Décor,1,9.18,0.0,Social,AU,
ORD-002501,12/09/2024,CUST-00174,cust-00174@lumenmail.com,Lighting,1,156.43,0.15,Email,US,variant
ORD-009000,2024-05-11,CUST-02867,cust-02867@lumenmail.com,Lighting,1,178.35,0.15,,US,control
ORD-005954,2024-07-18,CUST-02935,cust-02935@lumenmail.com,Lighting,4,332.44,0.05,Email,US,
ORD-002385,2023-10-18,CUST-02695,cust-02695@lumenmail.com,Décor,1,80.42,0.15,Email,US,variant
ORD-004424,2024-09-13,CUST-02904,cust-02904@lumenmail.com,Décor,2,231.36,0.0,Organic,AU,variant
ORD-003016,2024-04-20,CUST-00849,cust-00849@lumenmail.com,Accessories,2,0.0,0.05,Social,US,
ORD-001891,2024-11-06,,guest@lumenmail.com,Furniture,1,18.77,0.0,Email,CA,
ORD-008915,2024-12-10,CUST-00362,cust-00362@lumenmail.com,Furniture,1,184.75,0.0,Email,UK,variant
ORD-005199,2024-08-20,CUST-02367,cust-02367@lumenmail.com,Accessories,1,40.99,0.0,Paid Search,US,
ORD-001526,2024-04-08,CUST-01186,cust-01186@lumenmail.com,Lighting,1,22.49,0.0,Email,US,control
ORD-008392,2024-12-20,,guest@lumenmail.com,Lighting,1,32.35,0.0,Social,US,
ORD-004014,21/08/2024,CUST-00392,cust-00392@lumenmail.com,Décor,2,362.88,0.2,Paid Search,US,variant
ORD-002435,2024-11-27,CUST-01096,cust-01096@lumenmail.com,Lighting,1,62.31,0.1,Email,US,
ORD-007745,2023-10-13,CUST-00210,cust-00210@lumenmail.com,Lighting,6,387.51,0.2,Organic,CA,
ORD-005368,2024-03-10,CUST-02371,cust-02371@lumenmail.com,Furniture,2,122.63,0.05,Paid Search,US,
ORD-005634,2024-04-01,CUST-02859,cust-02859@lumenmail.com,Lighting,2,79.24,0.1,Organic,US,control
ORD-000704,2024-09-05,CUST-02288,cust-02288@lumenmail.com,Décor,2,15.74,0.0,Organic,US,
ORD-005123,2024-08-27,CUST-01379,cust-01379@lumenmail.com,Outdoor,2,109.62,0.0,Organic,CA,control
ORD-004501,2024-01-09,CUST-02500,cust-02500@lumenmail.com,Accessories,6,496.52,0.0,Organic,US,control
ORD-001956,2024-04-05,CUST-02897,cust-02897@lumenmail.com,Lighting,1,49.55,0.1,Organic,ZZ,control
ORD-003820,2024-06-12,CUST-01719,cust-01719@lumenmail.com,Décor,5,245.38,0.0,Email,US,
ORD-000722,2024-08-26,CUST-00505,cust-00505@lumenmail.com,Lighting,5,382.85,0.0,Organic,US,control
ORD-008941,2024-07-27,,guest@lumenmail.com,Lighting,2,59.64,0.1,Organic,US,control
ORD-001636,2024-06-21,CUST-00914,cust-00914@lumenmail.com,Lighting,1,247.89,0.2,Email,US,
ORD-003464,2024-10-13,CUST-02380,cust-02380@lumenmail.com,Lighting,1,335.14,0.05,Paid Search,ZZ,
ORD-007249,2024-07-02,CUST-02578,cust-02578@lumenmail.com,Décor,1,723.31,0.0,Paid Search,US,control
ORD-004258,2024-11-20,CUST-00663,cust-00663@lumenmail.com,Furniture,1,28.05,0.2,Social,UK,
ORD-005845,15/12/2024,CUST-01850,cust-01850@lumenmail.com,Outdoor,5,99.51,0.0,,US,
ORD-009296,2023-06-08,CUST-01525,cust-01525@lumenmail.com,Outdoor,1,24.96,0.1,Email,US,
ORD-003202,29/09/2023,CUST-01185,cust-01185@lumenmail.com,Furniture,2,38.31,0.0,Paid Search,US,
ORD-008894,2023-09-06,,guest@lumenmail.com,Outdoor,1,96.94,0.0,Social,US,
ORD-002083,2024-06-01,CUST-00712,cust-00712@lumenmail.com,Lighting,1,125.39,0.05,Paid Search,CA,
ORD-005389,2023-10-24,CUST-01317,cust-01317@lumenmail.com,Furniture,1,662.43,0.2,Email,US,variant
ORD-007268,2024-07-03,CUST-02631,cust-02631@lumenmail.com,Furniture,1,762.74,0.05,Organic,US,control
ORD-004057,2024-05-22,CUST-01379,cust-01379@lumenmail.com,Décor,-1,112.34,0.0,Organic,AU,variant
ORD-005578,25/03/2024,CUST-00419,cust-00419@lumenmail.com,Lighting,1,23.25,0.0,Social,US,control
ORD-009129,26/11/2023,CUST-00236,cust-00236@lumenmail.com,Lighting,4,155.6,0.0,Email,ZZ,control
ORD-003814,2024-06-01,CUST-02532,cust-02532@lumenmail.com,Furniture,2,83.55,0.05,Email,UK,variant
ORD-004928,2023-09-10,CUST-00722,cust-00722@lumenmail.com,Lighting,1,142.53,0.0,Paid Search,US,
ORD-006875,2023-10-13,CUST-01066,cust-01066@lumenmail.com,Décor,3,104.63,0.2,Social,UK,variant
ORD-005132,2024-10-24,CUST-02325,cust-02325@lumenmail.com,Furniture,4,78.76,0.1,Organic,CA,control
ORD-006168,2024-06-18,CUST-00935,cust-00935@lumenmail.com,Furniture,1,257.0,0.05,Organic,US,variant
ORD-005778,02/08/2023,CUST-00516,cust-00516@lumenmail.com,Décor,1,26.46,0.0,Email,UK,variant
ORD-005644,2023-08-24,CUST-00416,cust-00416@lumenmail.com,Décor,2,83.75,0.1,Organic,CA,variant
ORD-009001,24/04/2024,CUST-01682,cust-01682@lumenmail.com,Lighting,2,51.53,0.0,Organic,CA,variant
ORD-002851,2024-05-14,CUST-01162,cust-01162@lumenmail.com,Lighting,3,165.49,0.15,Paid Search,US,
ORD-005908,2023-12-27,CUST-00110,cust-00110@lumenmail.com,Décor,1,51.52,0.0,Organic,US,
ORD-003419,15/12/2023,CUST-02281,cust-02281@lumenmail.com,Lighting,1,89.7,0.05,,US,
ORD-005743,2023-08-13,CUST-00369,cust-00369@lumenmail.com,Furniture,1,160.37,0.15,Organic,US,control
ORD-001052,2024-09-27,CUST-01863,cust-01863@lumenmail.com,Furniture,1,48.58,0.2,Paid Search,US,control
ORD-007986,2024-03-30,CUST-02342,cust-02342@lumenmail.com,Outdoor,4,120.79,0.0,Paid Search,CA,variant
ORD-007312,2024-06-06,CUST-02181,cust-02181@lumenmail.com,Furniture,1,90.42,0.0,Email,US,
ORD-007757,2024-10-22,CUST-00046,cust-00046@lumenmail.com,Outdoor,1,14.72,0.05,Paid Search,AU,
ORD-006660,2024-08-19,CUST-00386,cust-00386@lumenmail.com,Décor,2,98.67,0.0,Organic,US,
ORD-002477,11/07/2023,CUST-00199,cust-00199@lumenmail.com,Décor,1,197.61,0.15,Email,US,
ORD-005145,22/03/2024,CUST-01603,cust-01603@lumenmail.com,Lighting,1,396.29,0.1,,US,variant
ORD-000903,2024-04-12,CUST-02419,cust-02419@lumenmail.com,Décor,1,56.52,0.0,Organic,US,variant
ORD-004836,22/08/2023,CUST-02943,cust-02943@lumenmail.com,Décor,1,418.47,0.0,Paid Search,US,
ORD-006990,2024-11-07,CUST-00524,cust-00524@lumenmail.com,Lighting,1,21.9,0.0,Paid Search,US,control
ORD-009572,2024-10-31,CUST-02128,cust-02128@lumenmail.com,Furniture,2,10.06,0.0,Organic,UK,control
ORD-001384,2024-11-06,CUST-02024,cust-02024@lumenmail.com,Lighting,2,86.13,0.15,Paid Search,US,control
ORD-001962,2023-06-07,,guest@lumenmail.com,Furniture,2,160.09,0.05,Social,US,variant
ORD-005206,2024-10-07,CUST-02471,cust-02471@lumenmail.com,Furniture,-1,25.62,0.15,Email,AU,
ORD-001007,2024-05-19,,guest@lumenmail.com,Décor,1,11.75,0.1,Paid Search,US,
ORD-002060,2023-11-19,CUST-01931,cust-01931@lumenmail.com,Décor,3,27.56,0.0,Paid Search,US,control
ORD-003403,2023-12-04,CUST-01162,cust-01162@lumenmail.com,Outdoor,2,175.92,0.1,Organic,UK,variant
ORD-004598,2024-07-06,CUST-02193,cust-02193@lumenmail.com,Outdoor,1,40.07,0.05,Organic,US,
ORD-005729,2024-02-21,CUST-00548,cust-00548@lumenmail.com,Furniture,5,40.29,0.05,Email,US,control
ORD-005030,2023-10-08,CUST-02599,cust-02599@lumenmail.com,Décor,1,95.47,0.25,Organic,US,variant
ORD-008597,2024-12-06,CUST-02549,cust-02549@lumenmail.com,Outdoor,1,270.89,0.0,Organic,US,control
ORD-007400,2023-09-03,CUST-01900,cust-01900@lumenmail.com,Décor,1,12.61,0.1,Social,US,variant
ORD-006629,2024-02-02,CUST-00447,cust-00447@lumenmail.com,Lighting,2,270.91,0.0,Email,US,
ORD-007457,2024-07-18,CUST-00619,cust-00619@lumenmail.com,Lighting,4,245.4,0.25,Organic,US,
ORD-009013,21/10/2023,CUST-02465,cust-02465@lumenmail.com,Furniture,1,25.17,0.15,Paid Search,US,variant
ORD-005656,2024-04-29,CUST-01990,cust-01990@lumenmail.com,Accessories,1,68.72,0.2,Email,US,variant
ORD-007788,2024-11-22,CUST-01942,cust-01942@lumenmail.com,Outdoor,1,251.56,0.05,Organic,AU,variant
ORD-006004,2024-07-15,CUST-00757,cust-00757@lumenmail.com,Décor,2,18.87,0.0,Social,US,variant
ORD-004962,2023-06-27,CUST-00604,cust-00604@lumenmail.com,Lighting,1,65.82,0.1,Email,ZZ,variant
ORD-005590,2024-08-25,CUST-01719,cust-01719@lumenmail.com,Lighting,5,27.01,0.05,Email,US,
ORD-009149,2024-11-10,CUST-01838,cust-01838@lumenmail.com,Accessories,1,32.45,0.0,Social,US,control
ORD-007539,2024-12-29,CUST-02458,cust-02458@lumenmail.com,Accessories,1,69.92,0.05,Email,US,variant
ORD-008952,2024-10-13,CUST-00437,cust-00437@lumenmail.com,Lighting,1,20.98,0.0,Social,UK,variant
ORD-008377,2024-01-24,CUST-01323,cust-01323@lumenmail.com,Furniture,6,73.99,0.0,Paid Search,UK,control
ORD-003370,2023-09-10,CUST-02922,cust-02922@lumenmail.com,Décor,4,41.2,0.0,Email,CA,control
ORD-002373,2024-02-28,CUST-00468,cust-00468@lumenmail.com,Lighting,2,8.95,0.0,Paid Search,US,variant
ORD-004606,2023-12-03,CUST-02488,cust-02488@lumenmail.com,Lighting,1,51.68,0.0,Email,US,
ORD-005137,2023-12-31,CUST-00821,cust-00821@lumenmail.com,Lighting,2,45.0,0.0,Email,CA,variant
ORD-003342,2024-04-11,CUST-00217,cust-00217@lumenmail.com,Lighting,2,112.85,0.0,Paid Search,US,variant
ORD-000706,2024-05-30,,guest@lumenmail.com,Lighting,4,55.33,0.05,Social,US,variant
ORD-003836,2023-08-22,CUST-01672,cust-01672@lumenmail.com,Furniture,5,33.62,0.15,Organic,US,
ORD-005627,2024-06-23,CUST-01574,cust-01574@lumenmail.com,Lighting,5,6.35,0.0,Email,CA,
ORD-003055,2024-02-09,CUST-01657,cust-01657@lumenmail.com,Accessories,2,35.57,0.0,Paid Search,CA,control
ORD-000842,2024-05-25,CUST-01679,cust-01679@lumenmail.com,Décor,2,245.48,0.25,Organic,US,
ORD-001004,2023-08-12,CUST-01473,cust-01473@lumenmail.com,Furniture,1,159.09,0.05,Social,US,variant
ORD-008872,2024-08-05,,guest@lumenmail.com,Lighting,3,48.36,0.0,Email,CA,variant
ORD-008780,2024-04-10,CUST-01494,cust-01494@lumenmail.com,Outdoor,4,752.14,0.0,Email,US,
ORD-006403,2023-12-29,CUST-02872,cust-02872@lumenmail.com,Décor,1,374.75,0.15,Email,US,
ORD-004247,2024-10-24,CUST-00923,cust-00923@lumenmail.com,Lighting,2,260.25,0.0,Organic,CA,
ORD-000947,2024-05-04,,guest@lumenmail.com,Décor,6,130.33,0.15,Social,US,variant
ORD-007887,2024-07-05,CUST-01829,cust-01829@lumenmail.com,Lighting,7,39.84,0.05,Email,US,variant
ORD-007127,21/08/2024,CUST-01867,cust-01867@lumenmail.com,Lighting,1,230.0,0.2,Paid Search,US,
ORD-007657,2024-12-16,CUST-00444,cust-00444@lumenmail.com,Lighting,2,36.41,0.0,Email,US,control
ORD-003684,2024-06-13,CUST-02304,cust-02304@lumenmail.com,Décor,1,30.97,0.0,Social,CA,
ORD-000178,2024-03-19,CUST-00575,cust-00575@lumenmail.com,Lighting,6,34.3,0.0,Social,US,variant
ORD-001121,2024-11-23,CUST-01178,cust-01178@lumenmail.com,Accessories,1,507.82,0.0,Paid Search,US,variant
ORD-007797,2024-03-02,CUST-01808,cust-01808@lumenmail.com,Furniture,1,233.8,0.15,Organic,AU,
ORD-000907,2024-10-03,CUST-01275,cust-01275@lumenmail.com,Lighting,3,373.27,0.2,Social,US,control
ORD-009495,2024-08-24,CUST-02564,cust-02564@lumenmail.com,Furniture,2,71.87,0.2,Organic,US,
ORD-004491,20/11/2024,CUST-01566,cust-01566@lumenmail.com,Furniture,-5,116.63,0.05,Organic,US,control
ORD-002669,2024-05-11,CUST-01605,cust-01605@lumenmail.com,Décor,1,11.26,0.0,Email,US,
ORD-004026,2024-03-01,CUST-02912,cust-02912@lumenmail.com,Lighting,1,122.47,0.0,Email,US,
ORD-005516,2023-08-02,CUST-02279,cust-02279@lumenmail.com,Lighting,3,22.43,0.0,Organic,US,control
ORD-000915,2024-05-14,CUST-01530,cust-01530@lumenmail.com,Décor,1,45.81,0.0,Social,US,
ORD-005620,2024-12-07,CUST-01487,cust-01487@lumenmail.com,Décor,1,12.22,0.0,Paid Search,UK,control
ORD-008611,2024-09-14,CUST-00665,cust-00665@lumenmail.com,Accessories,2,77.15,0.15,Email,US,
ORD-007778,2024-08-03,CUST-01852,cust-01852@lumenmail.com,Furniture,1,26.17,0.0,Paid Search,US,control
ORD-005736,2024-12-21,CUST-00365,cust-00365@lumenmail.com,Outdoor,1,7.56,0.1,Social,CA,control
ORD-002787,2024-08-08,CUST-02574,cust-02574@lumenmail.com,Furniture,1,39.0,0.0,Email,CA,variant
ORD-000030,09/03/2024,,guest@lumenmail.com,Lighting,4,169.6,0.05,Email,US,
ORD-007103,2024-10-26,,guest@lumenmail.com,Furniture,2,93.8,0.05,Organic,AU,
ORD-009143,2024-04-16,CUST-00163,cust-00163@lumenmail.com,Décor,-2,12.69,0.05,Email,US,control
ORD-001815,2024-02-05,CUST-01921,cust-01921@lumenmail.com,Furniture,1,70.13,0.05,Organic,CA,control
ORD-008195,27/10/2024,CUST-00175,cust-00175@lumenmail.com,Accessories,3,51.39,0.0,,CA,
ORD-009072,2024-10-11,CUST-02594,cust-02594@lumenmail.com,Lighting,3,53.36,0.15,Organic,US,control
ORD-006659,25/06/2023,CUST-00431,cust-00431@lumenmail.com,Lighting,1,112.26,0.0,Paid Search,UK,control
ORD-000579,23/06/2024,,guest@lumenmail.com,Outdoor,3,307.11,0.1,Email,US,control
ORD-003766,27/06/2023,CUST-01756,cust-01756@lumenmail.com,Lighting,1,249.87,0.1,Organic,US,variant
ORD-002029,2024-01-17,CUST-02083,cust-02083@lumenmail.com,Décor,2,8.51,0.0,Social,US,control
ORD-007759,2023-09-21,CUST-00091,cust-00091@lumenmail.com,Décor,4,273.17,0.0,Social,US,
ORD-003945,2023-12-12,CUST-01682,cust-01682@lumenmail.com,Furniture,7,34.22,0.05,Email,CA,variant
ORD-007723,27/10/2023,,guest@lumenmail.com,Lighting,2,17.62,0.0,Paid Search,UK,variant
ORD-005255,2024-03-06,,guest@lumenmail.com,Accessories,1,8.84,0.05,Paid Search,US,control
ORD-000096,2024-08-12,CUST-00941,cust-00941@lumenmail.com,Lighting,1,15.68,0.0,Paid Search,US,
ORD-005079,2024-09-23,CUST-00046,cust-00046@lumenmail.com,Furniture,4,54.33,0.05,Email,US,control
ORD-006060,2023-12-30,CUST-00774,cust-00774@lumenmail.com,Décor,1,192.17,0.1,Paid Search,US,variant
ORD-006738,2024-10-05,CUST-00927,cust-00927@lumenmail.com,Lighting,1,31.71,0.1,Organic,US,variant
ORD-003643,2024-04-11,CUST-01793,cust-01793@lumenmail.com,Accessories,4,68.53,0.05,Email,US,control
ORD-001841,2023-11-18,CUST-00786,cust-00786@lumenmail.com,Décor,1,67.64,0.15,Paid Search,AU,variant
ORD-005763,20/07/2023,CUST-01770,cust-01770@lumenmail.com,Furniture,3,131.21,0.0,Organic,UK,variant
ORD-000569,2024-03-26,CUST-02355,cust-02355@lumenmail.com,Accessories,1,30.08,0.0,Organic,US,variant
ORD-000228,2023-07-02,CUST-02758,cust-02758@lumenmail.com,Furniture,2,47.13,0.0,Paid Search,US,variant
ORD-000624,2024-05-12,CUST-00541,cust-00541@lumenmail.com,Lighting,1,190.58,0.0,Organic,CA,
ORD-003961,2023-11-16,CUST-00154,cust-00154@lumenmail.com,Décor,5,49.93,0.2,Email,UK,control
ORD-004549,2024-07-17,,guest@lumenmail.com,Décor,1,96.68,0.0,Paid Search,US,
ORD-008926,2023-12-09,CUST-00794,cust-00794@lumenmail.com,Décor,3,730.31,0.1,Email,UK,control
ORD-001617,19/06/2024,CUST-02058,cust-02058@lumenmail.com,Accessories,2,399.38,0.05,Paid Search,US,
ORD-007434,2024-12-17,CUST-00429,cust-00429@lumenmail.com,Furniture,1,18.4,0.05,Organic,US,control
ORD-007420,2024-10-12,CUST-02192,cust-02192@lumenmail.com,Décor,1,80.69,0.0,Social,CA,variant
ORD-002404,2024-01-09,CUST-01457,cust-01457@lumenmail.com,Accessories,1,47.9,0.05,Paid Search,US,
ORD-000182,2024-09-08,,guest@lumenmail.com,Furniture,5,57.66,0.0,Organic,US,control
ORD-000574,24/11/2023,,guest@lumenmail.com,Outdoor,2,159.28,0.05,Email,US,variant
ORD-001958,2024-01-13,CUST-02181,cust-02181@lumenmail.com,Furniture,2,22.05,0.15,Social,US,variant
ORD-004787,2023-09-06,CUST-01490,cust-01490@lumenmail.com,Accessories,1,34.82,0.2,Email,US,control
ORD-006345,2023-10-08,CUST-02870,cust-02870@lumenmail.com,Furniture,1,167.49,0.15,Organic,CA,control
ORD-005700,2024-05-30,CUST-01680,cust-01680@lumenmail.com,Lighting,2,59.44,0.0,Paid Search,US,
ORD-006814,2024-05-16,CUST-00419,cust-00419@lumenmail.com,Lighting,1,105.14,0.05,Organic,US,variant
ORD-002547,2024-01-21,CUST-00162,cust-00162@lumenmail.com,Lighting,2,363.32,0.0,Organic,CA,variant
ORD-005083,02/10/2023,CUST-01577,cust-01577@lumenmail.com,Furniture,1,373.89,0.0,Email,US,control
ORD-000548,28/08/2023,CUST-01813,cust-01813@lumenmail.com,Furniture,4,97.5,0.0,Email,US,control
ORD-006083,2024-10-18,CUST-00639,cust-00639@lumenmail.com,Décor,4,84.54,0.05,Paid Search,CA,
ORD-008918,2023-06-15,CUST-02290,cust-02290@lumenmail.com,Décor,2,135.38,0.05,Email,US,variant
ORD-001817,2023-06-23,CUST-02466,cust-02466@lumenmail.com,Décor,2,57.17,0.05,Social,AU,
ORD-005532,25/11/2024,CUST-01639,cust-01639@lumenmail.com,Outdoor,1,11.03,0.0,Paid Search,US,control
ORD-008754,2023-12-09,CUST-01132,cust-01132@lumenmail.com,Lighting,2,40.02,0.0,Paid Search,UK,control
ORD-001345,2023-12-13,CUST-02367,cust-02367@lumenmail.com,Lighting,1,31.48,0.2,Organic,US,variant
ORD-001058,2024-09-11,CUST-00408,cust-00408@lumenmail.com,Lighting,3,178.69,0.0,Paid Search,US,variant
ORD-000151,03/08/2024,CUST-02738,cust-02738@lumenmail.com,Lighting,2,326.79,0.0,Organic,US,control
ORD-008145,2023-11-22,CUST-02535,cust-02535@lumenmail.com,Lighting,1,249.0,0.0,Paid Search,CA,
ORD-000421,2024-09-10,CUST-00424,cust-00424@lumenmail.com,Accessories,7,90.39,0.0,Paid Search,US,variant
ORD-000257,10/02/2024,CUST-02321,cust-02321@lumenmail.com,Lighting,-1,47.07,0.0,Paid Search,US,variant
ORD-002338,2024-02-11,CUST-00838,cust-00838@lumenmail.com,Accessories,5,107.14,0.0,Organic,US,control
ORD-006397,28/04/2024,CUST-00968,cust-00968@lumenmail.com,Lighting,5,457.66,0.0,Organic,US,variant
ORD-000709,2023-08-12,CUST-00186,cust-00186@lumenmail.com,Lighting,2,482.83,0.0,Paid Search,US,control
ORD-002829,2023-09-23,CUST-01749,cust-01749@lumenmail.com,Furniture,5,309.31,0.15,Social,AU,control
ORD-006282,2023-07-12,CUST-00739,cust-00739@lumenmail.com,Outdoor,2,496.01,0.0,Organic,UK,
ORD-002452,22/12/2024,CUST-00654,cust-00654@lumenmail.com,Décor,1,140.49,0.0,,US,variant
ORD-001676,2023-06-22,CUST-02695,cust-02695@lumenmail.com,Décor,3,147.52,0.05,Organic,UK,
ORD-004662,2024-09-22,CUST-02228,cust-02228@lumenmail.com,Furniture,7,228.86,0.0,,US,variant
ORD-004381,2024-02-15,CUST-01096,cust-01096@lumenmail.com,Furniture,3,190.15,0.05,Email,US,variant
ORD-001145,2024-02-13,CUST-00744,cust-00744@lumenmail.com,Décor,2,0.0,0.15,Paid Search,US,
ORD-003755,2024-01-18,CUST-01148,cust-01148@lumenmail.com,Lighting,2,54.39,0.15,Paid Search,US,
ORD-001803,23/07/2024,CUST-01596,cust-01596@lumenmail.com,Outdoor,2,46.44,0.1,Paid Search,CA,
ORD-007209,2024-07-01,CUST-00434,cust-00434@lumenmail.com,Décor,-5,736.91,0.0,Paid Search,CA,
ORD-000108,2024-08-17,CUST-01562,cust-01562@lumenmail.com,Décor,2,130.48,0.0,Social,AU,control
ORD-002188,2023-11-06,CUST-02320,cust-02320@lumenmail.com,Lighting,1,552.35,0.0,Email,US,variant
ORD-001710,2023-07-01,CUST-02962,cust-02962@lumenmail.com,Outdoor,3,56.51,0.05,Email,US,
ORD-002484,2024-08-08,CUST-01533,cust-01533@lumenmail.com,Lighting,1,75.0,0.0,Organic,US,
ORD-005851,2024-04-22,,guest@lumenmail.com,Décor,3,84.73,0.05,Social,US,variant
ORD-000038,2024-10-01,CUST-00578,cust-00578@lumenmail.com,Décor,2,674.91,0.0,Social,US,
ORD-002305,2023-09-02,CUST-02696,cust-02696@lumenmail.com,Outdoor,7,498.35,0.0,,ZZ,control
ORD-007461,2024-03-10,CUST-02559,cust-02559@lumenmail.com,Lighting,1,525.8,0.1,Paid Search,US,variant
ORD-005462,2024-04-25,CUST-01059,cust-01059@lumenmail.com,Lighting,7,589.49,0.15,Paid Search,US,variant
ORD-002995,2024-05-21,CUST-00141,cust-00141@lumenmail.com,Outdoor,-2,616.16,0.0,,US,variant
ORD-003376,03/11/2023,CUST-01254,cust-01254@lumenmail.com,Outdoor,-2,461.65,0.1,Paid Search,US,variant
ORD-005639,18/12/2024,CUST-01726,cust-01726@lumenmail.com,Furniture,2,91.95,0.15,Paid Search,US,variant
ORD-001080,2024-02-15,CUST-02757,cust-02757@lumenmail.com,Outdoor,2,21.54,0.0,,US,variant
ORD-000954,2024-12-18,CUST-02116,cust-02116@lumenmail.com,Décor,2,24.45,0.0,Organic,US,
ORD-001373,2024-09-06,CUST-00627,cust-00627@lumenmail.com,Furniture,2,84.35,0.1,Email,UK,control
ORD-001048,2024-02-03,CUST-01816,cust-01816@lumenmail.com,Outdoor,2,163.49,0.0,Paid Search,UK,
ORD-003440,2024-02-09,CUST-00340,cust-00340@lumenmail.com,Furniture,2,130.84,0.05,Social,US,control
ORD-001174,07/03/2024,CUST-01212,cust-01212@lumenmail.com,Lighting,1,75.52,0.0,Paid Search,US,variant
ORD-002831,2024-03-19,CUST-02689,cust-02689@lumenmail.com,Décor,1,11.04,0.0,Organic,US,control
ORD-006929,2024-09-09,CUST-02306,cust-02306@lumenmail.com,Décor,2,65.72,0.15,Paid Search,US,control
ORD-005647,2023-11-06,CUST-00121,cust-00121@lumenmail.com,Lighting,2,333.42,0.05,Social,US,variant
ORD-001818,2024-01-26,CUST-00685,cust-00685@lumenmail.com,Lighting,2,474.41,0.0,Paid Search,US,variant
ORD-002843,2024-12-05,CUST-01251,cust-01251@lumenmail.com,Lighting,1,358.62,0.0,Paid Search,US,variant
ORD-002952,2024-11-13,CUST-01891,cust-01891@lumenmail.com,Décor,1,38.76,0.0,Email,US,
ORD-004343,2023-07-03,CUST-02980,cust-02980@lumenmail.com,Décor,2,40.64,0.05,Email,UK,variant
ORD-003002,07/04/2024,,guest@lumenmail.com,Outdoor,2,710.07,0.05,Paid Search,US,variant
ORD-001860,2024-09-06,CUST-02022,cust-02022@lumenmail.com,Lighting,1,254.61,0.15,Organic,CA,control
ORD-000328,2023-06-26,CUST-02407,cust-02407@lumenmail.com,Décor,1,33.77,0.15,Paid Search,US,variant
ORD-005409,2023-06-18,,guest@lumenmail.com,Lighting,1,120.98,0.0,Paid Search,US,
ORD-003256,2024-04-18,CUST-02992,cust-02992@lumenmail.com,Furniture,1,49.8,0.25,Social,CA,
ORD-000078,2024-03-15,CUST-00004,cust-00004@lumenmail.com,Furniture,1,26.47,0.0,Organic,US,control
ORD-006207,2023-11-05,CUST-02453,cust-02453@lumenmail.com,Décor,2,96.96,0.0,Paid Search,US,
ORD-008765,2024-09-08,CUST-00875,cust-00875@lumenmail.com,Lighting,3,44.45,0.0,Social,ZZ,variant
ORD-000637,2024-07-26,CUST-01054,cust-01054@lumenmail.com,Outdoor,2,66.08,0.1,Email,US,
ORD-005751,2024-01-04,CUST-01685,cust-01685@lumenmail.com,Furniture,1,283.64,0.0,Email,CA,control
ORD-007042,2024-05-10,,guest@lumenmail.com,Lighting,3,320.68,0.2,Email,US,control
ORD-006032,2024-03-29,CUST-00327,cust-00327@lumenmail.com,Lighting,1,228.96,0.05,Social,US,control
ORD-000983,2023-09-12,CUST-02880,cust-02880@lumenmail.com,Lighting,3,67.71,0.05,Organic,US,
ORD-009160,2024-03-22,CUST-00124,cust-00124@lumenmail.com,Outdoor,4,93.44,0.1,Paid Search,CA,
ORD-000990,2023-08-18,,guest@lumenmail.com,Furniture,1,382.95,0.0,Paid Search,US,variant
ORD-006122,2024-02-19,,guest@lumenmail.com,Lighting,2,136.18,0.1,,US,
ORD-003748,2023-08-08,,guest@lumenmail.com,Lighting,1,178.95,0.1,Organic,US,control
ORD-005345,2024-02-23,CUST-02639,cust-02639@lumenmail.com,Décor,3,12.53,0.0,Email,US,control
ORD-001159,2023-09-16,CUST-01015,cust-01015@lumenmail.com,Accessories,1,93.17,0.1,Paid Search,US,variant
ORD-008901,04/04/2024,CUST-01169,cust-01169@lumenmail.com,Lighting,5,38.36,0.0,Paid Search,AU,
ORD-000875,2023-11-06,CUST-00881,cust-00881@lumenmail.com,Furniture,1,285.03,0.0,Organic,US,variant
ORD-002706,2023-07-18,CUST-01758,cust-01758@lumenmail.com,Lighting,2,199.94,0.0,Email,US,
ORD-006854,2024-11-11,CUST-01055,cust-01055@lumenmail.com,Décor,1,95.27,0.1,Email,US,variant
ORD-004818,2023-08-20,CUST-00129,cust-00129@lumenmail.com,Lighting,5,98.28,0.05,Paid Search,AU,control
ORD-009004,2024-02-18,CUST-02572,cust-02572@lumenmail.com,Décor,2,256.89,0.0,Organic,US,variant
ORD-005047,2023-09-26,,guest@lumenmail.com,Décor,2,42.26,0.0,Social,US,control
ORD-000834,16/09/2024,CUST-00722,cust-00722@lumenmail.com,Furniture,7,67.46,0.0,Paid Search,UK,
ORD-008059,2024-12-26,CUST-02188,cust-02188@lumenmail.com,Décor,1,36.63,0.05,Email,CA,control
ORD-007573,2024-12-06,,guest@lumenmail.com,Furniture,1,392.36,0.15,Organic,UK,control
ORD-005944,2024-06-05,CUST-01644,cust-01644@lumenmail.com,Furniture,1,588.27,0.05,Paid Search,AU,variant
ORD-003429,2024-08-27,CUST-00781,cust-00781@lumenmail.com,Furniture,-1,26.43,0.0,Email,US,variant
ORD-004230,2024-12-18,CUST-00046,cust-00046@lumenmail.com,Lighting,2,119.63,0.05,,US,control
ORD-007467,27/08/2023,CUST-00398,cust-00398@lumenmail.com,Décor,4,595.54,0.1,Email,US,
ORD-005593,2023-06-10,CUST-02747,cust-02747@lumenmail.com,Décor,2,103.53,0.0,Email,US,control
ORD-007285,2023-06-17,CUST-00322,cust-00322@lumenmail.com,Décor,6,94.96,0.2,Social,UK,
ORD-004435,2024-10-03,CUST-00587,cust-00587@lumenmail.com,Furniture,4,9.71,0.1,,US,variant
ORD-009253,26/01/2024,CUST-00581,cust-00581@lumenmail.com,Décor,1,47.79,0.2,Social,UK,control
ORD-000158,26/01/2024,CUST-00565,cust-00565@lumenmail.com,Décor,2,68.98,0.0,Email,US,
ORD-000155,2023-10-05,CUST-02675,cust-02675@lumenmail.com,Décor,1,5.52,0.05,Email,UK,variant
ORD-005092,2023-08-27,CUST-02629,cust-02629@lumenmail.com,Accessories,1,99.99,0.05,Email,US,control
ORD-009215,2024-03-11,CUST-01285,cust-01285@lumenmail.com,Décor,1,246.59,0.0,Organic,US,variant
ORD-004438,2024-10-07,CUST-02466,cust-02466@lumenmail.com,Décor,1,101.55,0.0,Organic,US,variant
ORD-009465,2023-06-01,CUST-01897,cust-01897@lumenmail.com,Décor,3,42.98,0.2,Paid Search,US,control
ORD-008651,2023-10-24,CUST-02922,cust-02922@lumenmail.com,Accessories,1,27.6,0.0,Email,US,variant
ORD-000612,2023-12-05,CUST-01909,cust-01909@lumenmail.com,Outdoor,2,8.44,0.0,Social,US,
ORD-008106,2024-09-14,CUST-00554,cust-00554@lumenmail.com,Accessories,6,332.09,0.1,Email,CA,variant
ORD-002804,2024-11-06,CUST-01444,cust-01444@lumenmail.com,Furniture,2,93.41,0.0,Paid Search,US,variant
ORD-005348,2024-11-03,CUST-00659,cust-00659@lumenmail.com,Décor,2,85.18,0.05,Paid Search,US,variant
ORD-006588,2024-08-11,CUST-01679,cust-01679@lumenmail.com,Décor,1,44.7,0.0,Organic,CA,control
ORD-005438,15/04/2024,CUST-00572,cust-00572@lumenmail.com,Furniture,2,331.98,0.15,Email,US,variant
ORD-009428,2024-08-11,CUST-01257,cust-01257@lumenmail.com,Lighting,1,45.35,0.15,Organic,US,control
ORD-006826,2024-02-08,CUST-00549,cust-00549@lumenmail.com,Lighting,2,19.04,0.0,Organic,AU,variant
ORD-007300,2023-11-23,CUST-01436,cust-01436@lumenmail.com,Lighting,2,65.42,0.0,Organic,US,
ORD-002285,2024-06-23,CUST-00361,cust-00361@lumenmail.com,Furniture,3,63.95,0.0,Email,US,variant
ORD-002830,2024-10-15,CUST-01410,cust-01410@lumenmail.com,Lighting,6,84.26,0.15,Social,ZZ,variant
ORD-000630,30/08/2023,CUST-00225,cust-00225@lumenmail.com,Lighting,4,59.7,0.05,Email,UK,variant
ORD-000524,2024-03-12,CUST-02346,cust-02346@lumenmail.com,Décor,3,116.18,0.2,Email,US,
ORD-004757,2023-07-26,CUST-00552,cust-00552@lumenmail.com,Lighting,1,168.87,0.2,Paid Search,UK,variant
ORD-002765,2024-03-13,CUST-00290,cust-00290@lumenmail.com,Décor,1,649.8,0.15,,US,variant
ORD-002206,07/07/2023,CUST-00475,cust-00475@lumenmail.com,Décor,1,22.82,0.0,Email,US,
ORD-003770,2024-11-30,CUST-02716,cust-02716@lumenmail.com,Outdoor,2,5.94,0.05,Paid Search,US,
ORD-009293,2024-04-10,CUST-02465,cust-02465@lumenmail.com,Furniture,2,93.78,0.2,Organic,US,variant
ORD-007582,08/09/2023,CUST-00906,cust-00906@lumenmail.com,Lighting,2,194.67,0.1,Email,CA,
ORD-001749,2023-06-06,CUST-02148,cust-02148@lumenmail.com,Lighting,1,56.22,0.2,Organic,CA,control
ORD-002858,2024-08-19,CUST-02879,cust-02879@lumenmail.com,Lighting,1,49.47,0.15,Organic,AU,control
ORD-008109,01/10/2023,CUST-00631,cust-00631@lumenmail.com,Lighting,4,36.63,0.0,Email,US,control
ORD-005287,2023-09-24,CUST-01577,cust-01577@lumenmail.com,Décor,1,0.0,0.05,Social,US,variant
ORD-008186,,CUST-00857,cust-00857@lumenmail.com,Outdoor,2,77.39,0.0,Email,UK,control
ORD-009593,2024-04-13,CUST-01424,cust-01424@lumenmail.com,Furniture,1,719.99,0.05,Social,CA,variant
ORD-006948,2023-11-07,CUST-02453,cust-02453@lumenmail.com,Lighting,1,17.56,0.0,Social,CA,variant
ORD-000769,2024-11-11,CUST-01188,cust-01188@lumenmail.com,Lighting,1,23.93,0.0,Organic,US,control
ORD-000350,2023-06-03,CUST-00449,cust-00449@lumenmail.com,Lighting,1,66.39,0.15,Social,US,variant
ORD-001320,2024-03-21,CUST-00718,cust-00718@lumenmail.com,Lighting,1,581.53,0.0,Email,US,
ORD-003122,13/04/2024,CUST-01699,cust-01699@lumenmail.com,Lighting,4,297.3,0.1,Organic,US,
ORD-001508,2024-05-22,CUST-00451,cust-00451@lumenmail.com,Décor,1,327.59,0.2,Social,US,
ORD-002314,2024-11-17,CUST-02091,cust-02091@lumenmail.com,Lighting,2,12.1,0.15,Paid Search,US,control
ORD-004091,2023-07-14,,guest@lumenmail.com,Lighting,1,332.51,0.05,Paid Search,US,
ORD-009438,2023-11-29,CUST-02906,cust-02906@lumenmail.com,Furniture,1,68.06,0.0,Organic,US,
ORD-001054,2024-10-16,CUST-02415,cust-02415@lumenmail.com,Décor,3,97.33,0.05,Paid Search,US,
ORD-002875,2024-12-25,,guest@lumenmail.com,Lighting,3,268.83,0.05,Paid Search,CA,
ORD-001449,2024-12-28,CUST-00375,cust-00375@lumenmail.com,Décor,3,81.38,0.15,Email,US,
ORD-005608,19/07/2024,CUST-01424,cust-01424@lumenmail.com,Accessories,3,39.58,0.1,Email,CA,variant
ORD-005657,2023-09-28,CUST-00238,cust-00238@lumenmail.com,Lighting,1,597.48,0.0,Organic,US,variant
ORD-003656,2024-07-05,CUST-01186,cust-01186@lumenmail.com,Décor,1,213.03,0.05,Paid Search,US,
ORD-008726,2023-09-10,CUST-00028,cust-00028@lumenmail.com,Lighting,1,30.4,0.0,,US,variant
ORD-002772,2024-09-02,CUST-02590,cust-02590@lumenmail.com,Lighting,1,48.88,0.15,Email,UK,variant
ORD-009107,2023-10-09,CUST-01128,cust-01128@lumenmail.com,Accessories,5,28.5,0.05,Email,CA,control
ORD-004172,2024-08-23,CUST-02104,cust-02104@lumenmail.com,Furniture,1,201.49,0.2,Email,ZZ,control
ORD-003456,14/07/2024,CUST-01818,cust-01818@lumenmail.com,Décor,1,74.5,0.05,Organic,US,
ORD-006137,02/12/2024,CUST-00553,cust-00553@lumenmail.com,Outdoor,-2,58.69,0.1,Organic,US,variant
ORD-000797,2024-06-24,CUST-01145,cust-01145@lumenmail.com,Outdoor,3,251.45,0.15,Email,CA,variant
ORD-007303,2024-12-27,CUST-02687,cust-02687@lumenmail.com,Décor,2,322.16,0.0,Email,US,variant
ORD-005480,2023-11-02,CUST-02640,cust-02640@lumenmail.com,Outdoor,1,63.77,0.2,Paid Search,UK,variant
ORD-000822,2024-04-30,CUST-01582,cust-01582@lumenmail.com,Furniture,1,73.93,0.1,Email,US,control
ORD-000689,2023-10-06,CUST-01034,cust-01034@lumenmail.com,Accessories,3,9.18,0.05,Email,US,
ORD-007086,2024-01-14,CUST-00936,cust-00936@lumenmail.com,Lighting,1,30.3,0.2,Organic,UK,control
ORD-002178,2024-03-25,CUST-00154,cust-00154@lumenmail.com,Décor,1,98.33,0.0,,US,variant
ORD-007795,2023-07-15,CUST-02625,cust-02625@lumenmail.com,Lighting,1,322.63,0.05,,US,control
ORD-005061,2023-07-20,CUST-00964,cust-00964@lumenmail.com,Décor,2,73.03,0.2,Email,US,
ORD-005122,2024-04-02,CUST-00554,cust-00554@lumenmail.com,Décor,1,95.77,0.0,Paid Search,CA,variant
ORD-005113,2024-07-21,CUST-00237,cust-00237@lumenmail.com,Furniture,1,262.45,0.0,Email,UK,variant
ORD-004338,2023-09-12,CUST-01761,cust-01761@lumenmail.com,Lighting,1,83.46,0.1,Email,US,
ORD-006986,28/01/2024,,guest@lumenmail.com,Lighting,2,40.96,0.0,Paid Search,CA,control
ORD-006381,2024-02-05,,guest@lumenmail.com,Décor,1,20.82,0.0,Paid Search,CA,
ORD-005477,2024-10-09,CUST-01872,cust-01872@lumenmail.com,Lighting,1,43.41,0.15,Paid Search,US,variant
ORD-007575,22/08/2023,CUST-01355,cust-01355@lumenmail.com,Furniture,4,29.08,0.25,,US,
ORD-002508,2024-08-14,CUST-01792,cust-01792@lumenmail.com,Décor,2,46.48,0.0,Organic,US,
ORD-000031,2023-06-23,CUST-02201,cust-02201@lumenmail.com,Furniture,1,58.5,0.0,Paid Search,US,control
ORD-003498,2023-06-19,CUST-02486,cust-02486@lumenmail.com,Outdoor,1,652.82,0.0,Paid Search,UK,variant
ORD-002262,2024-01-23,CUST-02362,cust-02362@lumenmail.com,Décor,1,45.2,0.15,Email,US,
ORD-009436,2024-05-17,CUST-01444,cust-01444@lumenmail.com,Furniture,6,18.56,0.05,Email,US,variant
ORD-004233,,CUST-01466,cust-01466@lumenmail.com,Outdoor,3,79.37,0.15,Paid Search,US,variant
ORD-003691,2023-10-16,CUST-00447,cust-00447@lumenmail.com,Lighting,1,184.29,0.0,Paid Search,US,control
ORD-000355,20/12/2023,CUST-00326,cust-00326@lumenmail.com,Lighting,2,15.47,0.0,Email,US,
ORD-001627,2023-11-29,CUST-01356,cust-01356@lumenmail.com,Lighting,4,42.69,0.0,Paid Search,CA,
ORD-005295,2024-02-26,CUST-00182,cust-00182@lumenmail.com,Furniture,1,127.27,0.0,Organic,US,
ORD-008001,2023-07-25,CUST-02542,cust-02542@lumenmail.com,Outdoor,1,527.97,0.05,Email,UK,
ORD-002073,2024-02-05,CUST-02311,cust-02311@lumenmail.com,Furniture,3,110.51,0.1,Email,CA,
ORD-000595,2024-08-10,CUST-02409,cust-02409@lumenmail.com,Lighting,1,543.26,0.15,Organic,US,control
ORD-003292,2024-11-05,CUST-02946,cust-02946@lumenmail.com,Décor,2,138.13,0.2,Paid Search,US,
ORD-001252,2023-10-06,CUST-02638,cust-02638@lumenmail.com,Décor,1,23.29,0.0,Paid Search,UK,control
ORD-003434,2024-06-26,CUST-00752,cust-00752@lumenmail.com,Accessories,4,185.86,0.0,Email,US,control
ORD-006701,2024-07-26,CUST-00218,cust-00218@lumenmail.com,Lighting,1,192.84,0.2,Paid Search,US,variant
ORD-005538,2024-01-23,CUST-02777,cust-02777@lumenmail.com,Furniture,2,192.0,0.05,Email,US,control
ORD-004552,2024-05-13,CUST-00509,cust-00509@lumenmail.com,Décor,1,91.89,0.0,Paid Search,US,variant
ORD-009198,2023-10-12,,guest@lumenmail.com,Furniture,1,61.18,0.0,Paid Search,UK,variant
ORD-006552,2023-06-25,CUST-02543,cust-02543@lumenmail.com,Lighting,1,66.89,0.1,Social,CA,variant
ORD-002901,2024-07-29,CUST-02919,cust-02919@lumenmail.com,Décor,4,174.4,0.0,Paid Search,UK,variant
ORD-005314,22/07/2023,,guest@lumenmail.com,Lighting,1,86.12,0.1,Paid Search,US,
ORD-000562,2023-07-05,,guest@lumenmail.com,Décor,7,89.53,0.0,Email,US,
ORD-004879,2023-06-23,CUST-00839,cust-00839@lumenmail.com,Lighting,1,42.29,0.1,Email,US,control
ORD-003784,2024-07-26,CUST-01350,cust-01350@lumenmail.com,Lighting,3,59.92,0.0,Paid Search,US,variant
ORD-003979,2024-12-03,CUST-00649,cust-00649@lumenmail.com,Décor,2,87.02,0.0,Paid Search,US,control
ORD-007669,2024-10-26,CUST-01583,cust-01583@lumenmail.com,Lighting,2,43.77,0.1,Organic,US,variant
ORD-001878,2023-08-17,CUST-02462,cust-02462@lumenmail.com,Lighting,1,117.96,0.0,Social,AU,variant
ORD-007981,2024-05-17,CUST-01170,cust-01170@lumenmail.com,Outdoor,2,386.65,0.25,Email,AU,control
ORD-008729,2023-07-03,CUST-00218,cust-00218@lumenmail.com,Décor,5,323.12,0.0,Paid Search,US,variant
ORD-004254,27/01/2024,CUST-02757,cust-02757@lumenmail.com,Outdoor,3,78.88,0.2,Paid Search,AU,
ORD-005643,2024-11-28,CUST-01728,cust-01728@lumenmail.com,Furniture,2,48.5,0.05,Social,CA,
ORD-005411,2024-01-05,CUST-00751,cust-00751@lumenmail.com,Outdoor,2,41.45,0.0,,US,
ORD-008172,2024-01-18,,guest@lumenmail.com,Décor,4,43.06,0.0,,US,variant
ORD-000172,15/04/2024,CUST-01228,cust-01228@lumenmail.com,Décor,5,27.33,0.2,Paid Search,US,variant
ORD-001520,2023-12-27,CUST-01289,cust-01289@lumenmail.com,Lighting,1,795.14,0.2,Paid Search,CA,variant
ORD-001253,2023-11-27,CUST-02617,cust-02617@lumenmail.com,Furniture,2,160.42,0.0,Email,ZZ,
ORD-005209,09/11/2024,CUST-00395,cust-00395@lumenmail.com,Accessories,1,62.72,0.0,Organic,US,variant
ORD-000280,09/11/2024,CUST-00898,cust-00898@lumenmail.com,Furniture,1,144.94,0.0,Paid Search,US,variant
ORD-008497,2024-07-30,CUST-00271,cust-00271@lumenmail.com,Lighting,2,21.91,0.1,Email,US,control
ORD-001189,2024-06-28,CUST-00472,cust-00472@lumenmail.com,Décor,2,23.7,0.05,Social,UK,control
ORD-001294,2024-05-15,CUST-01152,cust-01152@lumenmail.com,Décor,2,19.94,0.0,,UK,control
ORD-001509,2024-08-17,CUST-02811,cust-02811@lumenmail.com,Décor,3,91.5,0.0,Email,UK,control
ORD-004675,2023-08-27,CUST-02656,cust-02656@lumenmail.com,Outdoor,2,139.72,0.1,Email,US,
ORD-006407,2024-03-21,CUST-01521,cust-01521@lumenmail.com,Lighting,1,36.1,0.05,Email,US,
ORD-008944,2023-12-21,CUST-02174,cust-02174@lumenmail.com,Lighting,1,42.52,0.05,Paid Search,ZZ,control
ORD-006936,09/12/2023,CUST-01959,cust-01959@lumenmail.com,Décor,2,7.55,0.0,Organic,US,
ORD-007238,2024-08-12,CUST-01419,cust-01419@lumenmail.com,Furniture,1,144.2,0.05,Organic,US,control
ORD-008620,03/06/2023,CUST-01284,cust-01284@lumenmail.com,Furniture,3,49.29,0.0,Social,US,
ORD-005902,2024-01-07,CUST-01935,cust-01935@lumenmail.com,Décor,1,94.66,0.05,Paid Search,US,control
ORD-002732,2024-05-09,CUST-00493,cust-00493@lumenmail.com,Outdoor,3,32.01,0.0,Organic,CA,variant
ORD-009242,2023-11-28,CUST-00174,cust-00174@lumenmail.com,Accessories,1,142.34,0.05,Email,UK,variant
ORD-003321,2024-04-13,CUST-00335,cust-00335@lumenmail.com,Décor,2,136.05,0.05,Paid Search,US,control
ORD-001414,28/10/2023,CUST-00107,cust-00107@lumenmail.com,Furniture,1,227.4,0.05,Social,US,variant
ORD-007824,2024-04-16,,guest@lumenmail.com,Lighting,1,7.6,0.0,Organic,CA,control
ORD-006279,2023-12-02,CUST-00877,cust-00877@lumenmail.com,Furniture,3,70.94,0.0,Social,US,variant
ORD-000142,2024-08-02,CUST-02821,cust-02821@lumenmail.com,Lighting,1,21.77,0.15,Email,US,
ORD-008321,26/04/2024,CUST-01374,cust-01374@lumenmail.com,Décor,1,11.48,0.1,Organic,US,
ORD-004006,2023-06-23,CUST-01115,cust-01115@lumenmail.com,Décor,1,330.29,0.0,Social,US,
ORD-004094,2023-11-25,CUST-00199,cust-00199@lumenmail.com,Outdoor,1,87.02,0.0,Paid Search,US,variant
ORD-006777,2024-10-24,CUST-01317,cust-01317@lumenmail.com,Lighting,7,21.51,0.0,Paid Search,US,variant
ORD-003134,2024-06-05,CUST-01965,cust-01965@lumenmail.com,Lighting,2,72.11,0.05,Paid Search,US,variant
ORD-007173,2024-03-02,CUST-02958,cust-02958@lumenmail.com,Furniture,1,19.38,0.05,Email,ZZ,
ORD-002686,2023-11-26,CUST-02580,cust-02580@lumenmail.com,Décor,1,116.88,0.0,Paid Search,US,
ORD-001961,,CUST-00640,cust-00640@lumenmail.com,Décor,1,130.27,0.05,Email,AU,variant
ORD-001963,2023-11-07,CUST-00073,cust-00073@lumenmail.com,Lighting,1,67.43,0.0,Social,US,
ORD-008290,2023-09-13,CUST-02361,cust-02361@lumenmail.com,Décor,1,61.73,0.0,Paid Search,US,variant
ORD-007783,2024-08-05,CUST-00821,cust-00821@lumenmail.com,Décor,1,36.12,0.0,Email,US,control
ORD-001261,18/08/2023,CUST-00775,cust-00775@lumenmail.com,Furniture,1,192.52,0.0,Email,US,variant
ORD-007866,08/11/2024,CUST-00166,cust-00166@lumenmail.com,Lighting,1,38.88,0.0,Organic,US,variant
ORD-007884,2024-01-07,CUST-01275,cust-01275@lumenmail.com,Lighting,3,100.11,0.15,Paid Search,UK,variant
ORD-003097,27/10/2024,CUST-01262,cust-01262@lumenmail.com,Accessories,1,110.69,0.0,Paid Search,US,
ORD-002342,2024-03-02,CUST-02815,cust-02815@lumenmail.com,Lighting,2,347.25,0.05,Paid Search,US,
ORD-002935,2024-08-19,CUST-02405,cust-02405@lumenmail.com,Outdoor,1,125.01,0.0,Email,US,control
ORD-000406,2024-07-03,,guest@lumenmail.com,Furniture,-2,554.61,0.0,,CA,control
ORD-005941,2024-02-20,CUST-00516,cust-00516@lumenmail.com,Décor,2,182.95,0.0,Paid Search,CA,variant
ORD-005191,2023-10-28,CUST-01174,cust-01174@lumenmail.com,Lighting,1,65.6,0.0,Paid Search,US,variant
ORD-005071,2024-07-11,CUST-00567,cust-00567@lumenmail.com,Décor,1,443.74,0.0,Organic,US,variant
ORD-007699,2024-07-01,,guest@lumenmail.com,Outdoor,3,157.92,0.1,Organic,US,variant
ORD-005205,2024-04-02,CUST-01892,cust-01892@lumenmail.com,Lighting,1,727.23,0.0,Paid Search,US,
ORD-006051,2023-11-21,CUST-00896,cust-00896@lumenmail.com,Décor,1,63.59,0.0,Paid Search,US,
ORD-001055,2023-06-10,CUST-01641,cust-01641@lumenmail.com,Lighting,1,389.6,0.0,Paid Search,US,
ORD-007585,2023-10-20,CUST-02125,cust-02125@lumenmail.com,Décor,5,376.94,0.05,Paid Search,US,variant
ORD-008879,2024-06-03,CUST-00398,cust-00398@lumenmail.com,Lighting,1,702.77,0.15,,US,control
ORD-002513,2024-06-18,CUST-01599,cust-01599@lumenmail.com,Outdoor,4,59.41,0.1,Social,US,
ORD-008192,2023-09-23,CUST-01319,cust-01319@lumenmail.com,Lighting,5,34.96,0.0,Paid Search,CA,variant
ORD-000869,2023-08-27,CUST-01327,cust-01327@lumenmail.com,Décor,2,25.79,0.15,Paid Search,CA,
ORD-001603,2023-12-20,CUST-00939,cust-00939@lumenmail.com,Décor,5,54.77,0.0,Social,US,
ORD-003416,2024-03-15,CUST-02535,cust-02535@lumenmail.com,Furniture,3,139.4,0.0,Paid Search,US,variant
ORD-008450,2024-06-04,CUST-00404,cust-00404@lumenmail.com,Lighting,2,678.68,0.05,Email,US,variant
ORD-007094,2024-02-26,CUST-00196,cust-00196@lumenmail.com,Lighting,1,6.31,0.0,Email,US,
ORD-004266,26/12/2023,CUST-02951,cust-02951@lumenmail.com,Outdoor,3,35.65,0.05,Paid Search,CA,control
ORD-002115,2023-10-13,CUST-01121,cust-01121@lumenmail.com,Lighting,1,579.11,0.1,Email,CA,variant
ORD-007008,2024-10-06,CUST-02864,cust-02864@lumenmail.com,Outdoor,1,385.22,0.15,Paid Search,US,control
ORD-001286,2023-10-29,CUST-01000,cust-01000@lumenmail.com,Décor,1,176.59,0.05,Paid Search,US,control
ORD-004752,24/11/2024,CUST-01388,cust-01388@lumenmail.com,Accessories,1,98.28,0.05,Organic,US,control
ORD-005939,2024-01-27,CUST-01885,cust-01885@lumenmail.com,Décor,2,63.49,0.15,Paid Search,US,control
ORD-000713,2024-07-19,CUST-00286,cust-00286@lumenmail.com,Décor,1,168.23,0.0,Paid Search,US,variant
ORD-001352,2024-08-21,,guest@lumenmail.com,Lighting,4,178.03,0.0,Email,US,variant
ORD-000269,2024-11-15,,guest@lumenmail.com,Lighting,1,120.39,0.2,Email,US,
ORD-006370,2024-11-29,CUST-02074,cust-02074@lumenmail.com,Lighting,1,42.52,0.05,Organic,UK,
ORD-000160,2023-08-03,CUST-01414,cust-01414@lumenmail.com,Accessories,4,61.06,0.0,Email,US,control
ORD-003176,2023-06-16,CUST-00279,cust-00279@lumenmail.com,Décor,1,95.33,0.05,Email,US,control
ORD-000865,2024-11-11,CUST-00239,cust-00239@lumenmail.com,Furniture,2,31.86,0.1,Paid Search,US,
ORD-000453,2024-06-04,CUST-01303,cust-01303@lumenmail.com,Furniture,1,183.46,0.1,Paid Search,CA,
ORD-003200,16/03/2024,CUST-02335,cust-02335@lumenmail.com,Furniture,5,251.14,0.0,Email,US,
ORD-004075,2023-10-02,CUST-00835,cust-00835@lumenmail.com,Décor,2,36.5,0.15,Paid Search,US,control
ORD-008964,2023-12-21,CUST-02451,cust-02451@lumenmail.com,Accessories,1,26.38,0.05,Social,US,control
ORD-001971,15/09/2023,CUST-01166,cust-01166@lumenmail.com,Lighting,2,480.89,0.0,Email,US,variant
ORD-000193,2024-06-04,,guest@lumenmail.com,Décor,4,10.5,0.0,Email,US,control
ORD-004638,2024-11-28,CUST-02051,cust-02051@lumenmail.com,Outdoor,3,29.18,0.1,Organic,US,
ORD-003344,2024-01-19,CUST-00076,cust-00076@lumenmail.com,Décor,1,42.21,0.0,Social,US,control
ORD-001706,2023-11-17,CUST-02816,cust-02816@lumenmail.com,Outdoor,1,147.21,0.05,Paid Search,US,variant
ORD-006111,2023-10-10,CUST-00583,cust-00583@lumenmail.com,Lighting,2,21.72,0.1,Paid Search,US,variant
ORD-001460,2023-08-06,CUST-01714,cust-01714@lumenmail.com,Lighting,1,10.28,0.0,Email,CA,control
ORD-006918,2024-11-12,CUST-01558,cust-01558@lumenmail.com,Lighting,3,46.08,0.1,Email,UK,
ORD-002318,09/04/2024,CUST-01044,cust-01044@lumenmail.com,Furniture,2,189.83,0.0,Paid Search,CA,
ORD-004095,2024-10-02,CUST-01875,cust-01875@lumenmail.com,Accessories,1,43.36,0.0,Email,UK,control
ORD-007580,2023-06-24,CUST-01458,cust-01458@lumenmail.com,Accessories,2,354.79,0.0,Paid Search,US,
ORD-000305,2024-11-01,CUST-01162,cust-01162@lumenmail.com,Outdoor,4,215.58,0.0,Paid Search,UK,variant
ORD-000582,2023-10-14,CUST-01747,cust-01747@lumenmail.com,Lighting,3,792.01,0.1,Email,US,control
ORD-002356,19/06/2024,,guest@lumenmail.com,Lighting,2,35.5,0.0,Email,CA,control
ORD-001876,2023-09-07,CUST-02109,cust-02109@lumenmail.com,Décor,1,104.29,0.0,Organic,US,
ORD-002763,2024-10-13,CUST-01768,cust-01768@lumenmail.com,Décor,3,397.48,0.1,Email,UK,variant
ORD-005299,2023-07-12,CUST-01437,cust-01437@lumenmail.com,Outdoor,1,154.53,0.25,Paid Search,US,variant
ORD-005765,2024-01-23,CUST-00212,cust-00212@lumenmail.com,Décor,2,130.51,0.05,Organic,US,
ORD-009251,2024-10-10,CUST-00571,cust-00571@lumenmail.com,Décor,2,49.01,0.1,Organic,US,
ORD-003272,2024-07-16,CUST-00365,cust-00365@lumenmail.com,Décor,2,181.31,0.05,Paid Search,US,variant
ORD-000679,03/07/2023,CUST-01391,cust-01391@lumenmail.com,Accessories,6,165.16,0.0,Paid Search,UK,
ORD-007550,2024-04-27,CUST-00995,cust-00995@lumenmail.com,Décor,1,8.61,0.05,Social,US,variant
ORD-008660,2023-12-08,CUST-00502,cust-00502@lumenmail.com,Décor,4,249.39,0.2,Paid Search,US,
ORD-002992,2023-07-08,CUST-00670,cust-00670@lumenmail.com,Furniture,2,20.85,0.0,Social,US,control
ORD-000597,2023-06-06,CUST-02874,cust-02874@lumenmail.com,Furniture,4,392.98,0.05,Social,US,
ORD-009409,09/11/2023,CUST-01749,cust-01749@lumenmail.com,Décor,1,211.42,0.0,Paid Search,US,control
ORD-001019,2023-09-10,CUST-02650,cust-02650@lumenmail.com,Lighting,3,793.13,0.0,Social,US,control
ORD-003779,2024-06-25,CUST-00054,cust-00054@lumenmail.com,Lighting,4,418.33,0.0,Paid Search,US,variant
ORD-005334,2024-04-07,,guest@lumenmail.com,Lighting,2,112.63,0.2,Paid Search,US,variant
ORD-005051,2024-08-20,CUST-01773,cust-01773@lumenmail.com,Accessories,3,46.11,0.0,Organic,US,control
ORD-005551,2024-05-20,CUST-01429,cust-01429@lumenmail.com,Lighting,2,41.58,0.2,Paid Search,US,control
ORD-007979,2024-08-31,CUST-01793,cust-01793@lumenmail.com,Furniture,3,29.5,0.0,Organic,CA,variant
ORD-008607,2023-08-16,,guest@lumenmail.com,Outdoor,2,42.47,0.0,Paid Search,US,variant
ORD-002977,2023-08-11,CUST-01640,cust-01640@lumenmail.com,Accessories,1,168.85,0.1,Email,US,
ORD-009139,2023-09-24,CUST-02021,cust-02021@lumenmail.com,Lighting,1,29.03,0.05,Email,US,
ORD-002905,12/10/2024,CUST-02891,cust-02891@lumenmail.com,Lighting,2,0.0,0.05,Organic,US,
ORD-001596,18/12/2024,CUST-02858,cust-02858@lumenmail.com,Furniture,1,393.8,0.1,Paid Search,US,
ORD-002636,2023-10-11,CUST-00110,cust-00110@lumenmail.com,Outdoor,1,472.21,0.05,,UK,control
ORD-001023,2024-10-14,CUST-02805,cust-02805@lumenmail.com,Outdoor,1,58.41,0.0,Organic,US,variant
ORD-006930,19/06/2023,CUST-02837,cust-02837@lumenmail.com,Outdoor,3,88.29,0.05,Paid Search,ZZ,variant
ORD-001063,2024-11-16,,guest@lumenmail.com,Décor,1,65.39,0.0,Paid Search,US,control
ORD-007523,2024-12-23,CUST-00531,cust-00531@lumenmail.com,Lighting,7,79.65,0.0,Email,US,
ORD-006916,17/05/2024,CUST-01849,cust-01849@lumenmail.com,Furniture,3,582.45,0.1,Paid Search,CA,variant
ORD-005543,2023-06-01,CUST-01635,cust-01635@lumenmail.com,Accessories,1,87.11,0.0,Email,US,
ORD-006754,2024-07-10,CUST-02553,cust-02553@lumenmail.com,Lighting,1,58.28,0.0,Organic,US,control
ORD-004411,2024-01-20,CUST-00335,cust-00335@lumenmail.com,Décor,2,23.48,0.05,Email,US,control
ORD-004451,22/05/2024,CUST-01572,cust-01572@lumenmail.com,Décor,2,6.0,0.0,Email,US,
ORD-009278,2024-12-05,CUST-00385,cust-00385@lumenmail.com,Lighting,2,23.79,0.0,Paid Search,CA,
ORD-003733,2024-06-17,CUST-01878,cust-01878@lumenmail.com,Lighting,1,245.33,0.0,Email,US,
ORD-004786,08/12/2024,CUST-02330,cust-02330@lumenmail.com,Furniture,3,54.23,0.05,Organic,ZZ,
ORD-006214,29/01/2024,CUST-01442,cust-01442@lumenmail.com,Furniture,1,29.02,0.0,Organic,US,variant
ORD-007389,15/02/2024,CUST-00131,cust-00131@lumenmail.com,Outdoor,-2,54.58,0.1,Paid Search,CA,control
ORD-005987,2023-11-22,CUST-00635,cust-00635@lumenmail.com,Lighting,2,121.38,0.0,Paid Search,US,
ORD-007581,2024-10-05,CUST-02656,cust-02656@lumenmail.com,Décor,2,223.96,0.0,Email,US,
ORD-001656,2024-07-31,CUST-01055,cust-01055@lumenmail.com,Accessories,7,12.83,0.1,Paid Search,US,variant
ORD-004454,2024-10-30,,guest@lumenmail.com,Accessories,2,94.41,0.05,Social,US,
ORD-004626,12/09/2024,CUST-00850,cust-00850@lumenmail.com,Lighting,1,551.81,0.05,Social,CA,control
ORD-000028,2024-09-03,CUST-00973,cust-00973@lumenmail.com,Lighting,1,9.22,0.1,Paid Search,ZZ,variant
ORD-000669,2024-09-27,CUST-00621,cust-00621@lumenmail.com,Outdoor,1,399.96,0.1,Paid Search,US,control
ORD-001787,2023-12-29,CUST-01672,cust-01672@lumenmail.com,Furniture,4,82.39,0.1,Email,US,variant
ORD-004349,2024-12-24,CUST-01141,cust-01141@lumenmail.com,Décor,-4,40.67,0.0,Organic,US,control
ORD-005181,2024-07-31,CUST-02709,cust-02709@lumenmail.com,Accessories,-1,166.27,0.1,Email,US,
ORD-001401,2023-07-10,CUST-01316,cust-01316@lumenmail.com,Lighting,2,31.59,0.1,,UK,
ORD-000436,2024-01-14,CUST-01254,cust-01254@lumenmail.com,Décor,3,21.04,0.15,Social,CA,variant
ORD-004973,2024-07-02,CUST-02390,cust-02390@lumenmail.com,Furniture,1,64.38,0.15,Paid Search,AU,control
ORD-005595,2024-12-02,CUST-00382,cust-00382@lumenmail.com,Lighting,1,73.78,0.1,Organic,US,
ORD-004122,2024-01-15,CUST-01521,cust-01521@lumenmail.com,Outdoor,2,275.82,0.0,Paid Search,US,
ORD-004737,04/11/2024,CUST-01632,cust-01632@lumenmail.com,Lighting,1,653.65,0.15,Social,US,control
ORD-002408,2024-08-10,,guest@lumenmail.com,Décor,1,28.48,0.0,Paid Search,US,variant
ORD-001673,2023-07-17,CUST-00338,cust-00338@lumenmail.com,Lighting,1,83.81,0.2,Email,US,control
ORD-002583,2023-08-03,CUST-01459,cust-01459@lumenmail.com,Furniture,1,170.7,0.0,Paid Search,US,
ORD-000217,2023-08-15,CUST-00043,cust-00043@lumenmail.com,Accessories,5,464.04,0.1,Paid Search,CA,control
ORD-001008,2023-12-04,CUST-00217,cust-00217@lumenmail.com,Outdoor,1,13.63,0.25,Email,CA,variant
ORD-008417,2023-06-23,CUST-00489,cust-00489@lumenmail.com,Lighting,5,331.58,0.05,Email,UK,control
ORD-007177,2023-11-01,CUST-01079,cust-01079@lumenmail.com,Accessories,3,766.83,0.1,Organic,US,control
ORD-003290,2024-10-27,CUST-00107,cust-00107@lumenmail.com,Outdoor,2,341.86,0.15,Organic,US,control
ORD-003237,2024-11-21,CUST-00512,cust-00512@lumenmail.com,Lighting,5,23.33,0.0,Email,US,variant
ORD-000059,2024-12-05,CUST-01842,cust-01842@lumenmail.com,Outdoor,3,47.39,0.1,Paid Search,AU,variant
ORD-002751,2023-10-30,CUST-00373,cust-00373@lumenmail.com,Lighting,1,659.96,0.0,Organic,UK,variant
ORD-000106,23/08/2023,CUST-02101,cust-02101@lumenmail.com,Lighting,1,46.06,0.15,,US,
ORD-001099,2023-09-26,CUST-01866,cust-01866@lumenmail.com,Outdoor,2,403.4,0.05,,US,variant
ORD-001248,2024-03-03,CUST-00387,cust-00387@lumenmail.com,Lighting,1,265.65,0.0,Email,CA,variant
ORD-000820,05/07/2023,CUST-02795,cust-02795@lumenmail.com,Furniture,2,34.35,0.0,Organic,US,
ORD-009501,2023-06-06,CUST-00335,cust-00335@lumenmail.com,Outdoor,5,5.94,0.05,Paid Search,CA,
ORD-000167,13/04/2024,CUST-02774,cust-02774@lumenmail.com,Décor,2,26.2,0.2,Paid Search,US,
ORD-008851,17/03/2024,CUST-01006,cust-01006@lumenmail.com,Lighting,1,98.97,0.2,Organic,US,control
ORD-003232,2023-09-19,CUST-00611,cust-00611@lumenmail.com,Lighting,1,17.03,0.0,Email,US,variant
ORD-007765,25/03/2024,CUST-00251,cust-00251@lumenmail.com,Décor,2,503.76,0.25,Social,CA,
ORD-005390,01/08/2023,CUST-02821,cust-02821@lumenmail.com,Furniture,1,7.43,0.0,Email,US,control
ORD-000434,2023-08-12,CUST-00987,cust-00987@lumenmail.com,Accessories,3,189.53,0.1,Email,US,control
ORD-003539,2023-09-29,CUST-02988,cust-02988@lumenmail.com,Furniture,1,14.59,0.0,Email,US,variant
ORD-003780,2024-12-21,CUST-02540,cust-02540@lumenmail.com,Lighting,1,160.72,0.25,Organic,US,control
ORD-000901,2024-05-12,CUST-00308,cust-00308@lumenmail.com,Lighting,2,76.07,0.05,Organic,AU,variant
ORD-009322,2023-06-03,CUST-00564,cust-00564@lumenmail.com,Furniture,3,21.04,0.0,,US,variant
ORD-003925,2024-08-30,CUST-00232,cust-00232@lumenmail.com,Lighting,1,122.06,0.2,Paid Search,US,
ORD-002422,2024-08-10,CUST-02702,cust-02702@lumenmail.com,Outdoor,1,39.88,0.0,Organic,UK,variant
ORD-002137,02/04/2024,CUST-01651,cust-01651@lumenmail.com,Furniture,7,76.75,0.0,Email,US,
ORD-000552,2024-03-23,CUST-02617,cust-02617@lumenmail.com,Furniture,1,143.29,0.0,Paid Search,US,
ORD-003152,2024-12-01,CUST-02041,cust-02041@lumenmail.com,Lighting,7,276.61,0.05,Email,US,variant
ORD-000952,2024-04-10,CUST-00941,cust-00941@lumenmail.com,Décor,3,160.05,0.0,Paid Search,CA,variant
ORD-005110,2024-12-15,CUST-01497,cust-01497@lumenmail.com,Lighting,2,79.48,0.05,Organic,US,
ORD-007798,2024-04-22,CUST-01968,cust-01968@lumenmail.com,Outdoor,3,19.36,0.0,Paid Search,US,
ORD-003137,,CUST-02622,cust-02622@lumenmail.com,Lighting,2,615.26,0.05,Paid Search,UK,
ORD-003104,2023-09-24,CUST-00046,cust-00046@lumenmail.com,Outdoor,2,20.95,0.05,Organic,CA,variant
ORD-001650,2024-08-09,,guest@lumenmail.com,Furniture,2,297.33,0.2,Paid Search,CA,variant
ORD-001093,2024-01-27,CUST-01631,cust-01631@lumenmail.com,Accessories,3,77.36,0.05,Email,US,
ORD-000712,2024-09-29,CUST-01821,cust-01821@lumenmail.com,Lighting,1,72.95,0.0,Paid Search,UK,
ORD-009405,2023-11-03,CUST-01740,cust-01740@lumenmail.com,Furniture,4,15.29,0.05,Paid Search,US,variant
ORD-001426,2024-10-24,CUST-02564,cust-02564@lumenmail.com,Décor,4,141.18,0.0,Email,US,control
ORD-009463,2024-01-05,CUST-01550,cust-01550@lumenmail.com,Lighting,2,93.46,0.1,Paid Search,CA,
ORD-003436,2024-06-21,CUST-01193,cust-01193@lumenmail.com,Lighting,2,176.87,0.25,Organic,UK,variant
ORD-001951,2024-11-17,CUST-01560,cust-01560@lumenmail.com,Accessories,5,129.01,0.0,Email,US,
ORD-003195,2023-10-07,CUST-01211,cust-01211@lumenmail.com,Décor,2,138.78,0.0,Organic,US,control
ORD-001264,2024-09-17,CUST-02712,cust-02712@lumenmail.com,Lighting,3,239.41,0.0,Email,US,
ORD-005273,2023-10-02,CUST-01400,cust-01400@lumenmail.com,Furniture,2,81.81,0.2,Paid Search,US,
ORD-005585,2024-07-23,CUST-01689,cust-01689@lumenmail.com,Décor,1,64.66,0.05,Paid Search,US,
ORD-003793,2024-12-21,CUST-02982,cust-02982@lumenmail.com,Lighting,2,295.28,0.2,Social,US,control
ORD-002017,2024-07-11,CUST-01678,cust-01678@lumenmail.com,Furniture,-1,26.12,0.15,Paid Search,US,
ORD-007880,10/11/2024,CUST-00654,cust-00654@lumenmail.com,Décor,1,140.22,0.05,Social,US,control
ORD-003477,2024-04-30,CUST-01316,cust-01316@lumenmail.com,Furniture,1,76.69,0.15,Paid Search,UK,
ORD-000553,2023-06-26,,guest@lumenmail.com,Lighting,1,75.94,0.25,Social,UK,
ORD-003619,2024-06-15,CUST-02975,cust-02975@lumenmail.com,Furniture,1,356.98,0.2,Paid Search,CA,control
ORD-000356,2023-08-14,CUST-00474,cust-00474@lumenmail.com,Accessories,2,62.7,0.0,Email,UK,
ORD-001786,2023-08-25,CUST-02122,cust-02122@lumenmail.com,Décor,1,17.65,0.0,Social,US,
ORD-003073,2024-02-27,CUST-02733,cust-02733@lumenmail.com,Lighting,7,148.88,0.0,Paid Search,US,control
ORD-004920,2024-05-06,CUST-00952,cust-00952@lumenmail.com,Furniture,3,43.16,0.1,Social,US,
ORD-008003,2024-03-09,,guest@lumenmail.com,Outdoor,1,58.84,0.0,,US,variant
ORD-007309,2023-07-03,CUST-02145,cust-02145@lumenmail.com,Décor,4,8.18,0.15,Paid Search,CA,variant
ORD-003393,05/01/2024,CUST-01177,cust-01177@lumenmail.com,Furniture,1,41.83,0.05,Email,US,
ORD-007067,2024-05-19,CUST-02081,cust-02081@lumenmail.com,Décor,2,133.8,0.05,Email,UK,
ORD-005327,2023-07-31,CUST-01948,cust-01948@lumenmail.com,Outdoor,2,136.0,0.0,,US,control
ORD-009472,2023-11-20,CUST-02349,cust-02349@lumenmail.com,Décor,2,493.83,0.05,Email,CA,
ORD-004616,02/06/2023,CUST-02666,cust-02666@lumenmail.com,Décor,1,173.82,0.1,Email,US,
ORD-005170,2023-10-26,CUST-01457,cust-01457@lumenmail.com,Lighting,2,83.17,0.1,Paid Search,CA,control
ORD-003700,2024-12-27,,guest@lumenmail.com,Décor,1,47.17,0.0,Paid Search,CA,variant
ORD-007875,2024-01-14,CUST-01952,cust-01952@lumenmail.com,Outdoor,4,83.84,0.0,,US,
ORD-009062,2024-06-26,CUST-01293,cust-01293@lumenmail.com,Accessories,2,96.12,0.1,Paid Search,UK,
ORD-001169,2024-09-04,CUST-01306,cust-01306@lumenmail.com,Lighting,3,6.08,0.15,Organic,UK,control
ORD-007408,2024-07-31,CUST-02110,cust-02110@lumenmail.com,Décor,1,178.79,0.15,Organic,CA,variant
ORD-004736,2024-02-16,CUST-01666,cust-01666@lumenmail.com,Furniture,3,14.74,0.0,Paid Search,AU,control
ORD-006250,2024-10-23,CUST-00153,cust-00153@lumenmail.com,Outdoor,1,123.18,0.0,Organic,US,variant
ORD-009565,2024-11-29,CUST-02654,cust-02654@lumenmail.com,Lighting,1,184.9,0.0,Paid Search,US,
ORD-006827,2023-10-10,CUST-01406,cust-01406@lumenmail.com,Décor,2,47.31,0.0,Paid Search,US,variant
ORD-004345,2023-10-03,CUST-00958,cust-00958@lumenmail.com,Lighting,1,6.41,0.0,,US,
ORD-008562,2024-05-03,CUST-01413,cust-01413@lumenmail.com,Outdoor,1,42.34,0.0,Email,US,variant
ORD-006140,2024-02-22,CUST-02205,cust-02205@lumenmail.com,Furniture,-2,20.32,0.2,Email,US,variant
ORD-005236,2023-08-11,CUST-00528,cust-00528@lumenmail.com,Furniture,4,21.03,0.0,Paid Search,US,
ORD-009069,23/12/2023,CUST-02034,cust-02034@lumenmail.com,Accessories,1,195.84,0.1,Social,UK,
ORD-008867,2024-09-08,CUST-00245,cust-00245@lumenmail.com,Outdoor,2,27.85,0.05,Organic,CA,control
ORD-006306,2024-04-18,CUST-01972,cust-01972@lumenmail.com,Décor,2,348.1,0.0,Organic,US,variant
ORD-001350,2024-10-21,CUST-02474,cust-02474@lumenmail.com,Décor,1,47.15,0.0,Paid Search,US,control
ORD-007532,2023-08-28,CUST-02541,cust-02541@lumenmail.com,Lighting,1,31.61,0.0,Organic,US,
ORD-008910,30/03/2024,CUST-01234,cust-01234@lumenmail.com,Furniture,1,34.96,0.0,Organic,US,control
ORD-001421,2023-11-04,CUST-01252,cust-01252@lumenmail.com,Furniture,2,37.16,0.0,Email,CA,variant
ORD-005093,2024-12-28,CUST-02325,cust-02325@lumenmail.com,Outdoor,6,24.96,0.15,Paid Search,US,
ORD-007180,2023-09-21,CUST-01626,cust-01626@lumenmail.com,Furniture,3,74.25,0.0,Social,US,control
ORD-008268,2024-02-23,CUST-00718,cust-00718@lumenmail.com,Décor,1,140.44,0.0,Paid Search,UK,
ORD-008373,2024-06-20,CUST-00257,cust-00257@lumenmail.com,Décor,2,316.69,0.0,Paid Search,US,variant
ORD-003525,2024-05-18,CUST-02004,cust-02004@lumenmail.com,Décor,1,408.31,0.0,Organic,US,variant
ORD-003484,2024-09-27,CUST-02169,cust-02169@lumenmail.com,Lighting,2,36.94,0.05,Social,CA,control
ORD-001577,25/09/2023,CUST-01853,cust-01853@lumenmail.com,Accessories,2,19.64,0.0,Organic,US,control
ORD-003444,2024-12-15,CUST-01670,cust-01670@lumenmail.com,Outdoor,1,131.78,0.0,Email,US,
ORD-002814,28/08/2023,CUST-01910,cust-01910@lumenmail.com,Lighting,5,12.66,0.05,Organic,US,variant
ORD-001886,2024-03-24,CUST-01661,cust-01661@lumenmail.com,Lighting,3,45.86,0.2,Email,CA,variant
ORD-009425,2023-06-09,CUST-01897,cust-01897@lumenmail.com,Lighting,5,34.56,0.2,Organic,US,
ORD-008035,17/07/2023,,guest@lumenmail.com,Outdoor,2,60.48,0.1,Email,US,
ORD-002216,2024-01-27,CUST-01199,cust-01199@lumenmail.com,Décor,5,25.18,0.1,Email,US,
ORD-006879,2024-02-20,CUST-02089,cust-02089@lumenmail.com,Furniture,6,193.49,0.2,Social,US,control
ORD-008305,2024-03-05,CUST-00977,cust-00977@lumenmail.com,Décor,3,198.36,0.05,Paid Search,US,control
ORD-005272,2023-07-21,CUST-01988,cust-01988@lumenmail.com,Lighting,2,28.14,0.1,Email,US,control
ORD-003761,2024-06-08,CUST-00020,cust-00020@lumenmail.com,Lighting,1,13.82,0.0,Social,US,control
ORD-008492,2024-05-08,CUST-01293,cust-01293@lumenmail.com,Outdoor,2,71.11,0.0,Organic,US,control
ORD-006709,2024-07-10,CUST-01154,cust-01154@lumenmail.com,Décor,2,375.02,0.0,Social,US,control
ORD-004285,2023-12-11,CUST-02880,cust-02880@lumenmail.com,Outdoor,1,317.94,0.05,Paid Search,US,control
ORD-002010,2024-12-05,CUST-00233,cust-00233@lumenmail.com,Lighting,1,43.56,0.0,Social,CA,control
ORD-008360,2024-10-21,CUST-01490,cust-01490@lumenmail.com,Décor,2,49.77,0.0,Email,US,
ORD-007883,05/04/2024,CUST-01319,cust-01319@lumenmail.com,Outdoor,3,52.97,0.0,Paid Search,UK,
ORD-004023,16/12/2023,CUST-00081,cust-00081@lumenmail.com,Outdoor,1,135.96,0.25,Organic,US,control
ORD-007311,2024-09-10,CUST-02133,cust-02133@lumenmail.com,Furniture,1,70.6,0.0,Email,US,
ORD-004106,2024-01-07,CUST-02557,cust-02557@lumenmail.com,Lighting,1,61.24,0.0,Organic,CA,control
ORD-003099,2023-08-07,CUST-00430,cust-00430@lumenmail.com,Décor,1,186.23,0.0,Paid Search,US,control
ORD-008615,2023-12-13,CUST-00452,cust-00452@lumenmail.com,Accessories,1,363.31,0.15,Paid Search,US,control
ORD-003352,15/11/2023,CUST-00787,cust-00787@lumenmail.com,Décor,1,132.17,0.05,Organic,US,
ORD-005106,2023-12-21,CUST-00005,cust-00005@lumenmail.com,Lighting,2,77.53,0.15,Email,CA,control
ORD-005968,09/12/2024,CUST-02229,cust-02229@lumenmail.com,Outdoor,2,59.94,0.05,Social,UK,variant
ORD-005882,2024-04-08,CUST-02620,cust-02620@lumenmail.com,Outdoor,7,309.96,0.0,Organic,US,
ORD-005017,,CUST-02774,cust-02774@lumenmail.com,Furniture,1,84.9,0.0,Email,US,control
ORD-003678,2023-07-06,CUST-00420,cust-00420@lumenmail.com,Lighting,4,159.94,0.15,Paid Search,US,control
ORD-002244,2023-09-02,CUST-00802,cust-00802@lumenmail.com,Furniture,1,92.7,0.1,Paid Search,CA,
ORD-009063,10/11/2023,CUST-01647,cust-01647@lumenmail.com,Décor,6,143.12,0.05,Email,ZZ,control
ORD-005143,21/07/2024,,guest@lumenmail.com,Lighting,3,307.82,0.1,Email,US,variant
ORD-006406,2023-06-20,CUST-02530,cust-02530@lumenmail.com,Lighting,-2,154.11,0.0,Email,ZZ,control
ORD-006225,22/06/2024,,guest@lumenmail.com,Lighting,2,255.58,0.0,Organic,US,control
ORD-009244,2024-09-12,CUST-01699,cust-01699@lumenmail.com,Lighting,1,382.74,0.0,Social,US,control
ORD-007916,2023-09-19,CUST-02364,cust-02364@lumenmail.com,Furniture,3,56.75,0.0,Email,US,variant
ORD-001941,,,guest@lumenmail.com,Décor,1,88.92,0.0,Social,US,variant
ORD-001277,2024-01-10,,guest@lumenmail.com,Outdoor,4,112.53,0.0,Paid Search,US,control
ORD-003809,2024-04-04,,guest@lumenmail.com,Lighting,1,394.75,0.1,Paid Search,US,
ORD-008677,2024-09-29,CUST-00122,cust-00122@lumenmail.com,Décor,2,51.28,0.0,Email,US,
ORD-001903,2024-05-12,CUST-01515,cust-01515@lumenmail.com,Lighting,1,57.91,0.15,Email,UK,control
ORD-001473,2024-12-29,CUST-00209,cust-00209@lumenmail.com,Outdoor,2,37.01,0.1,Email,US,variant
ORD-002038,2024-10-27,CUST-00091,cust-00091@lumenmail.com,Lighting,2,21.4,0.0,Organic,CA,
ORD-008909,2024-06-19,CUST-00664,cust-00664@lumenmail.com,Décor,1,70.06,0.25,Organic,US,control
ORD-002499,2024-12-25,CUST-01806,cust-01806@lumenmail.com,Lighting,1,318.45,0.0,Paid Search,US,control
ORD-001851,2023-10-01,CUST-02590,cust-02590@lumenmail.com,Lighting,3,104.96,0.0,Paid Search,US,variant
ORD-006953,2024-12-05,CUST-02357,cust-02357@lumenmail.com,Lighting,1,497.28,0.15,Organic,CA,
ORD-009125,2024-05-13,CUST-00358,cust-00358@lumenmail.com,Décor,2,177.22,0.05,Organic,US,control
ORD-006550,14/12/2023,,guest@lumenmail.com,Lighting,5,68.38,0.1,Organic,US,variant
ORD-000095,2023-12-29,CUST-01187,cust-01187@lumenmail.com,Lighting,2,50.94,0.1,,US,control
ORD-005672,2023-06-14,CUST-00592,cust-00592@lumenmail.com,Accessories,1,396.36,0.05,,ZZ,control
ORD-007181,01/07/2024,CUST-01589,cust-01589@lumenmail.com,Décor,1,27.07,0.0,Paid Search,US,
ORD-002303,2024-03-27,CUST-02227,cust-02227@lumenmail.com,Lighting,4,368.56,0.2,Social,AU,
ORD-009368,2023-09-26,CUST-00672,cust-00672@lumenmail.com,Lighting,5,27.72,0.05,Email,US,control
ORD-001236,2023-10-22,CUST-02064,cust-02064@lumenmail.com,Décor,2,199.04,0.05,Email,US,variant
ORD-001751,16/07/2023,,guest@lumenmail.com,Lighting,4,18.14,0.05,Organic,CA,
ORD-001239,2024-06-20,CUST-02082,cust-02082@lumenmail.com,Décor,2,191.18,0.2,Paid Search,US,
ORD-005046,2024-02-24,CUST-00976,cust-00976@lumenmail.com,Lighting,2,203.06,0.1,Email,US,variant
ORD-006172,2024-12-17,CUST-02123,cust-02123@lumenmail.com,Lighting,4,53.54,0.05,Social,UK,control
ORD-006419,2024-10-25,CUST-00595,cust-00595@lumenmail.com,Décor,1,170.84,0.0,Paid Search,US,control
ORD-006003,2023-12-17,CUST-01961,cust-01961@lumenmail.com,Furniture,1,20.09,0.0,Paid Search,CA,
ORD-007850,2024-07-01,CUST-00848,cust-00848@lumenmail.com,Outdoor,2,396.47,0.0,Organic,US,
ORD-004856,13/09/2023,,guest@lumenmail.com,Décor,2,281.18,0.2,Paid Search,US,control
ORD-004071,2024-06-15,CUST-02902,cust-02902@lumenmail.com,Lighting,1,270.82,0.2,Email,US,variant
ORD-002766,2024-07-31,CUST-01699,cust-01699@lumenmail.com,Lighting,1,64.78,0.1,Email,US,
ORD-009387,2023-11-14,CUST-01665,cust-01665@lumenmail.com,Lighting,1,47.11,0.1,Email,US,control
ORD-008655,2024-04-12,CUST-00136,cust-00136@lumenmail.com,Décor,2,45.01,0.0,Email,CA,
ORD-001051,2023-12-12,CUST-00851,cust-00851@lumenmail.com,Décor,3,175.34,0.0,Email,US,control
ORD-005256,2024-05-09,,guest@lumenmail.com,Furniture,5,253.22,0.05,Organic,US,control
ORD-005291,2024-09-11,,guest@lumenmail.com,Lighting,7,82.2,0.1,Paid Search,US,variant
ORD-004611,2023-12-28,CUST-01449,cust-01449@lumenmail.com,Accessories,2,12.53,0.1,Paid Search,US,
ORD-003030,2024-01-17,CUST-01019,cust-01019@lumenmail.com,Lighting,3,47.27,0.05,Email,US,
ORD-002097,2024-09-21,CUST-01154,cust-01154@lumenmail.com,Outdoor,3,93.34,0.1,Email,CA,
ORD-005582,2024-05-07,,guest@lumenmail.com,Décor,1,38.51,0.15,Social,US,variant
ORD-002226,2024-12-14,CUST-01338,cust-01338@lumenmail.com,Furniture,1,25.59,0.05,Paid Search,US,variant
ORD-008378,2023-11-04,CUST-00627,cust-00627@lumenmail.com,Lighting,1,7.28,0.0,Social,US,
ORD-004942,18/02/2024,CUST-00877,cust-00877@lumenmail.com,Lighting,3,9.72,0.15,Paid Search,US,
ORD-006753,2023-06-13,CUST-00685,cust-00685@lumenmail.com,Accessories,2,44.91,0.0,Paid Search,US,control
ORD-006878,2023-07-03,CUST-02317,cust-02317@lumenmail.com,Lighting,1,65.5,0.0,Email,US,variant
ORD-007517,2024-02-29,CUST-01421,cust-01421@lumenmail.com,Lighting,2,401.77,0.1,Organic,US,
ORD-009308,2023-06-29,CUST-01463,cust-01463@lumenmail.com,Outdoor,1,85.37,0.0,Email,US,control
ORD-000068,2024-02-20,CUST-00897,cust-00897@lumenmail.com,Accessories,1,106.94,0.1,Email,US,variant
ORD-002109,2024-10-23,CUST-01989,cust-01989@lumenmail.com,Lighting,2,39.65,0.1,Organic,US,
ORD-009163,2023-10-24,CUST-01390,cust-01390@lumenmail.com,Décor,2,51.29,0.15,Organic,UK,variant
ORD-008686,2024-07-04,CUST-02229,cust-02229@lumenmail.com,Accessories,1,186.79,0.25,Paid Search,US,variant
ORD-008071,13/10/2023,CUST-02274,cust-02274@lumenmail.com,Lighting,5,141.99,0.0,Email,AU,variant
ORD-000881,2024-10-15,CUST-00374,cust-00374@lumenmail.com,Décor,2,154.62,0.1,Email,US,variant
ORD-007960,2023-08-09,CUST-00986,cust-00986@lumenmail.com,Lighting,1,291.83,0.0,Email,US,
ORD-005436,2023-09-03,CUST-01839,cust-01839@lumenmail.com,Furniture,2,88.81,0.1,Email,US,control
ORD-007750,17/06/2023,CUST-01266,cust-01266@lumenmail.com,Décor,2,196.51,0.0,Paid Search,CA,
ORD-003737,2023-09-06,CUST-01787,cust-01787@lumenmail.com,Décor,1,107.17,0.2,Organic,CA,
ORD-003362,2024-03-24,CUST-00392,cust-00392@lumenmail.com,Accessories,1,166.24,0.25,Paid Search,CA,variant
ORD-006337,2023-10-01,CUST-02940,cust-02940@lumenmail.com,Outdoor,3,89.92,0.05,Email,US,
ORD-009255,2024-05-02,CUST-01755,cust-01755@lumenmail.com,Lighting,2,88.01,0.05,Organic,CA,control
ORD-006689,2023-08-06,CUST-00062,cust-00062@lumenmail.com,Furniture,1,659.85,0.1,Organic,US,
ORD-002589,2024-01-21,CUST-02641,cust-02641@lumenmail.com,Lighting,1,62.59,0.0,Paid Search,UK,variant
ORD-009353,2023-09-16,CUST-02621,cust-02621@lumenmail.com,Furniture,2,98.58,0.05,Email,US,variant
ORD-003282,25/03/2024,CUST-00443,cust-00443@lumenmail.com,Accessories,2,199.74,0.0,Paid Search,UK,
ORD-009116,2023-06-23,CUST-00529,cust-00529@lumenmail.com,Furniture,5,382.85,0.2,Social,US,variant
ORD-005289,2023-07-19,CUST-01113,cust-01113@lumenmail.com,Furniture,1,25.84,0.0,Paid Search,CA,control
ORD-005865,2024-12-06,CUST-00826,cust-00826@lumenmail.com,Lighting,1,132.18,0.0,Email,US,
ORD-009430,10/12/2023,CUST-02238,cust-02238@lumenmail.com,Lighting,1,344.29,0.0,Paid Search,US,variant
ORD-005927,2024-07-28,CUST-01700,cust-01700@lumenmail.com,Lighting,-1,191.99,0.1,Paid Search,US,
ORD-005680,2024-01-08,CUST-01247,cust-01247@lumenmail.com,Lighting,1,57.17,0.0,Organic,UK,
ORD-004386,,CUST-02846,cust-02846@lumenmail.com,Lighting,4,32.26,0.2,Organic,CA,variant
ORD-002022,2024-01-01,CUST-00810,cust-00810@lumenmail.com,Décor,1,14.11,0.15,Organic,US,
ORD-006177,2023-10-15,CUST-02381,cust-02381@lumenmail.com,Lighting,5,44.16,0.05,Social,US,control
ORD-001530,23/12/2024,CUST-01441,cust-01441@lumenmail.com,Outdoor,1,35.25,0.25,Paid Search,US,variant
ORD-003277,2024-10-14,CUST-00587,cust-00587@lumenmail.com,Décor,1,44.83,0.0,Paid Search,US,
ORD-006400,29/08/2024,CUST-01852,cust-01852@lumenmail.com,Décor,1,16.89,0.0,Social,US,control
ORD-002236,2023-09-07,CUST-02062,cust-02062@lumenmail.com,Lighting,4,139.37,0.05,Email,US,control
ORD-006334,2024-11-13,CUST-01207,cust-01207@lumenmail.com,Lighting,1,36.81,0.25,Email,US,control
ORD-005919,2024-01-30,CUST-01619,cust-01619@lumenmail.com,Décor,1,26.48,0.15,Social,US,variant
ORD-001392,2024-05-23,CUST-02070,cust-02070@lumenmail.com,Lighting,2,32.96,0.05,Organic,US,
ORD-008928,2024-01-09,CUST-00876,cust-00876@lumenmail.com,Lighting,4,51.61,0.1,Email,US,variant
ORD-001183,2023-07-13,CUST-02794,cust-02794@lumenmail.com,Lighting,2,73.91,0.0,Paid Search,UK,
ORD-005227,06/12/2023,CUST-01458,cust-01458@lumenmail.com,Lighting,1,10.28,0.0,Email,US,variant
ORD-004917,2024-05-04,CUST-01451,cust-01451@lumenmail.com,Lighting,4,31.16,0.0,Paid Search,US,
ORD-004412,2023-12-30,CUST-02727,cust-02727@lumenmail.com,Décor,2,114.74,0.0,Paid Search,CA,control
ORD-002129,2024-10-24,CUST-02525,cust-02525@lumenmail.com,Lighting,-1,337.32,0.0,Social,CA,variant
ORD-005253,2024-11-29,CUST-00172,cust-00172@lumenmail.com,Accessories,6,25.88,0.05,Social,US,
ORD-006715,06/03/2024,CUST-01907,cust-01907@lumenmail.com,Lighting,2,219.22,0.1,Paid Search,UK,variant
ORD-007133,2024-10-14,,guest@lumenmail.com,Décor,3,759.09,0.0,Email,ZZ,control
ORD-005868,2024-03-19,CUST-01981,cust-01981@lumenmail.com,Lighting,5,78.8,0.0,Organic,US,
ORD-000141,2024-05-11,CUST-01783,cust-01783@lumenmail.com,Furniture,2,366.18,0.0,Paid Search,US,control
ORD-007226,2023-09-27,CUST-02621,cust-02621@lumenmail.com,Furniture,1,206.71,0.2,Organic,US,variant
ORD-006046,2023-10-18,CUST-00436,cust-00436@lumenmail.com,Lighting,1,130.24,0.05,Organic,US,variant
ORD-005727,2024-06-21,CUST-01908,cust-01908@lumenmail.com,Lighting,2,82.18,0.15,Paid Search,AU,
ORD-000889,2024-03-09,CUST-00504,cust-00504@lumenmail.com,Lighting,1,74.51,0.15,Organic,US,control
ORD-009444,2024-10-07,CUST-01283,cust-01283@lumenmail.com,Furniture,1,323.78,0.05,Paid Search,US,
ORD-007193,2024-05-03,,guest@lumenmail.com,Lighting,1,21.65,0.1,Paid Search,CA,variant
ORD-005354,2024-10-18,CUST-00385,cust-00385@lumenmail.com,Furniture,1,122.25,0.0,Social,US,variant
ORD-002048,2024-10-28,CUST-00951,cust-00951@lumenmail.com,Lighting,1,40.93,0.0,Organic,US,variant
ORD-006746,09/12/2024,CUST-01645,cust-01645@lumenmail.com,Décor,1,31.56,0.0,Email,CA,variant
ORD-004684,2024-05-29,CUST-00525,cust-00525@lumenmail.com,Lighting,-3,188.3,0.15,Paid Search,US,control
ORD-003914,2023-09-19,CUST-01357,cust-01357@lumenmail.com,Accessories,2,78.15,0.05,Email,US,control
ORD-000037,2023-12-13,CUST-00961,cust-00961@lumenmail.com,Accessories,-3,157.09,0.15,Organic,US,variant
ORD-004385,2024-02-02,CUST-01344,cust-01344@lumenmail.com,Lighting,1,357.46,0.1,Social,UK,variant
ORD-005066,2023-06-06,CUST-01133,cust-01133@lumenmail.com,Décor,3,84.34,0.1,Email,UK,variant
ORD-000448,2024-11-09,CUST-00730,cust-00730@lumenmail.com,Décor,-1,51.46,0.0,,CA,
ORD-007014,2024-03-04,CUST-00762,cust-00762@lumenmail.com,Lighting,4,154.47,0.0,Paid Search,US,control
ORD-006036,2023-07-28,CUST-01492,cust-01492@lumenmail.com,Lighting,2,41.29,0.05,Email,US,control
ORD-001041,2023-11-17,CUST-01324,cust-01324@lumenmail.com,Lighting,3,245.28,0.05,Organic,US,variant
ORD-006224,2024-01-19,CUST-01101,cust-01101@lumenmail.com,Lighting,1,33.18,0.1,Email,CA,
ORD-009043,2024-05-30,CUST-00583,cust-00583@lumenmail.com,Décor,2,211.24,0.2,Email,CA,variant
ORD-002558,21/05/2024,CUST-00523,cust-00523@lumenmail.com,Lighting,4,166.44,0.0,Paid Search,US,variant
ORD-007913,2024-01-19,CUST-02627,cust-02627@lumenmail.com,Lighting,2,88.75,0.0,Email,US,control
ORD-009574,06/05/2024,CUST-01457,cust-01457@lumenmail.com,Décor,1,46.93,0.0,Social,US,
ORD-002927,2024-02-09,CUST-02099,cust-02099@lumenmail.com,Outdoor,1,81.28,0.0,Paid Search,US,
ORD-003536,2024-05-12,CUST-01864,cust-01864@lumenmail.com,Lighting,2,45.6,0.0,Social,US,control
ORD-006481,08/11/2024,CUST-01529,cust-01529@lumenmail.com,Furniture,2,6.12,0.0,Email,US,control
ORD-005463,2023-10-30,CUST-01928,cust-01928@lumenmail.com,Décor,2,75.29,0.2,Email,US,control
ORD-002438,2023-09-02,CUST-02788,cust-02788@lumenmail.com,Furniture,1,27.61,0.1,,US,control
ORD-005376,2024-06-12,CUST-00095,cust-00095@lumenmail.com,Décor,1,394.77,0.0,Paid Search,US,variant
ORD-000814,2023-12-27,CUST-00223,cust-00223@lumenmail.com,Accessories,3,85.93,0.0,Organic,US,
ORD-008445,2023-06-03,CUST-01347,cust-01347@lumenmail.com,Outdoor,4,304.05,0.05,Paid Search,US,
ORD-008206,2023-09-12,,guest@lumenmail.com,Décor,5,226.69,0.05,Email,US,variant
ORD-002046,2024-02-13,CUST-02605,cust-02605@lumenmail.com,Lighting,3,48.39,0.0,Email,ZZ,variant
ORD-004368,2023-06-04,CUST-01667,cust-01667@lumenmail.com,Lighting,1,61.79,0.0,Paid Search,US,
ORD-004405,2023-11-27,CUST-02050,cust-02050@lumenmail.com,Décor,1,342.32,0.2,Paid Search,CA,variant
ORD-002066,2023-08-15,CUST-00486,cust-00486@lumenmail.com,Décor,1,84.56,0.05,Email,CA,variant
ORD-004347,2023-10-12,,guest@lumenmail.com,Lighting,1,35.73,0.2,Paid Search,AU,control
ORD-001096,10/07/2023,CUST-02702,cust-02702@lumenmail.com,Furniture,2,382.58,0.0,Organic,US,variant
ORD-000508,2023-09-05,CUST-02742,cust-02742@lumenmail.com,Accessories,3,15.8,0.05,Paid Search,CA,variant
ORD-002049,2023-12-23,CUST-00848,cust-00848@lumenmail.com,Outdoor,2,22.13,0.0,Paid Search,AU,control
ORD-000926,2024-12-13,CUST-02925,cust-02925@lumenmail.com,Décor,1,31.27,0.0,Paid Search,US,variant
ORD-007493,2024-03-25,CUST-02259,cust-02259@lumenmail.com,Outdoor,1,77.42,0.0,Social,US,variant
ORD-002557,2024-04-03,CUST-00433,cust-00433@lumenmail.com,Lighting,1,24.22,0.05,Paid Search,CA,control
ORD-001326,21/04/2024,CUST-02763,cust-02763@lumenmail.com,Lighting,2,56.03,0.1,Paid Search,US,variant
ORD-003972,2024-06-16,CUST-01474,cust-01474@lumenmail.com,Lighting,7,687.5,0.05,Email,US,
ORD-000827,2024-07-10,CUST-01431,cust-01431@lumenmail.com,Furniture,2,21.72,0.05,Paid Search,US,variant
ORD-000956,2023-11-11,CUST-01676,cust-01676@lumenmail.com,Décor,1,81.74,0.05,Paid Search,US,variant
ORD-005979,2023-08-23,CUST-02761,cust-02761@lumenmail.com,Lighting,1,7.77,0.1,Social,US,variant
ORD-004859,2024-01-31,CUST-02064,cust-02064@lumenmail.com,Décor,2,172.69,0.0,Paid Search,US,
ORD-005876,2024-09-15,CUST-00676,cust-00676@lumenmail.com,Accessories,3,49.21,0.2,Paid Search,US,variant
ORD-000622,2023-11-05,CUST-01701,cust-01701@lumenmail.com,Lighting,7,9.29,0.0,Social,US,control
ORD-007327,2024-05-26,CUST-01353,cust-01353@lumenmail.com,Outdoor,1,47.72,0.15,Email,UK,
ORD-000496,2023-07-20,CUST-01654,cust-01654@lumenmail.com,Furniture,2,31.22,0.0,Social,US,
ORD-009582,06/09/2024,CUST-01297,cust-01297@lumenmail.com,Lighting,1,176.23,0.05,Paid Search,US,control
ORD-001029,2024-12-07,CUST-00567,cust-00567@lumenmail.com,Lighting,-1,268.26,0.0,Organic,US,
ORD-002996,2024-04-14,,guest@lumenmail.com,Accessories,2,153.56,0.05,Paid Search,US,
ORD-008517,2023-12-16,CUST-00397,cust-00397@lumenmail.com,Accessories,3,178.77,0.05,Email,CA,control
ORD-009169,2024-04-18,CUST-00621,cust-00621@lumenmail.com,Furniture,7,159.74,0.0,Paid Search,US,control
ORD-006475,2024-08-16,CUST-02327,cust-02327@lumenmail.com,Décor,-2,69.16,0.2,Paid Search,AU,
ORD-003607,06/09/2024,CUST-01031,cust-01031@lumenmail.com,Furniture,1,5.13,0.0,Email,US,variant
ORD-008767,2024-10-01,CUST-01254,cust-01254@lumenmail.com,Furniture,1,526.62,0.0,Email,UK,
ORD-002739,2024-06-11,CUST-01490,cust-01490@lumenmail.com,Accessories,1,0.0,0.2,Paid Search,US,
ORD-007598,2023-11-20,CUST-02016,cust-02016@lumenmail.com,Lighting,1,18.27,0.1,Paid Search,CA,control
ORD-008728,2024-02-27,CUST-00839,cust-00839@lumenmail.com,Décor,1,16.32,0.0,Email,US,variant
ORD-002930,25/06/2023,CUST-01105,cust-01105@lumenmail.com,Furniture,1,26.61,0.1,Social,US,control
ORD-005925,05/09/2024,CUST-02106,cust-02106@lumenmail.com,Lighting,2,37.57,0.05,Email,CA,control
ORD-001143,2023-12-15,CUST-00361,cust-00361@lumenmail.com,Lighting,2,95.96,0.0,Social,AU,control
ORD-007386,2024-01-20,CUST-01368,cust-01368@lumenmail.com,Lighting,1,98.14,0.0,Email,AU,
ORD-008802,2024-08-16,CUST-01562,cust-01562@lumenmail.com,Accessories,1,35.51,0.0,,ZZ,control
ORD-000605,2024-02-23,CUST-01405,cust-01405@lumenmail.com,Lighting,1,34.2,0.05,Paid Search,US,
ORD-008203,2024-05-22,CUST-00052,cust-00052@lumenmail.com,Décor,1,52.54,0.1,Paid Search,US,variant
ORD-007092,2024-06-17,CUST-01763,cust-01763@lumenmail.com,Lighting,2,126.51,0.05,Email,UK,variant
ORD-002028,29/06/2023,CUST-02346,cust-02346@lumenmail.com,Décor,3,182.92,0.0,Organic,US,
ORD-002866,2023-09-01,CUST-01655,cust-01655@lumenmail.com,Furniture,1,168.21,0.0,Email,US,variant
ORD-003112,2024-10-14,CUST-01506,cust-01506@lumenmail.com,Décor,1,289.94,0.0,Organic,AU,variant
ORD-003714,2023-10-26,,guest@lumenmail.com,Lighting,6,16.14,0.0,Paid Search,US,control
ORD-003082,2024-06-09,CUST-01378,cust-01378@lumenmail.com,Lighting,2,0.0,0.0,Organic,US,
ORD-008352,20/11/2023,CUST-01598,cust-01598@lumenmail.com,Lighting,1,247.84,0.1,Organic,US,
ORD-000455,2024-05-20,CUST-00066,cust-00066@lumenmail.com,Outdoor,1,674.82,0.05,Email,US,
ORD-000577,2023-12-19,CUST-01765,cust-01765@lumenmail.com,Accessories,1,52.01,0.15,Paid Search,US,
ORD-000354,2024-04-13,CUST-00344,cust-00344@lumenmail.com,Décor,2,47.05,0.1,Paid Search,AU,
ORD-004607,2024-06-20,CUST-00910,cust-00910@lumenmail.com,Décor,1,50.04,0.1,Paid Search,UK,
ORD-009235,2024-11-29,CUST-02275,cust-02275@lumenmail.com,Lighting,1,601.25,0.05,Organic,US,
ORD-001843,2024-05-23,CUST-02240,cust-02240@lumenmail.com,Furniture,1,274.78,0.05,Email,US,variant
ORD-000946,2024-10-17,CUST-02837,cust-02837@lumenmail.com,Furniture,1,483.61,0.2,Paid Search,UK,control
ORD-000208,28/08/2023,CUST-02503,cust-02503@lumenmail.com,Outdoor,1,89.19,0.0,Social,US,
ORD-006474,2024-03-01,CUST-01072,cust-01072@lumenmail.com,Lighting,5,50.14,0.15,Email,UK,
ORD-008501,2024-02-24,CUST-02983,cust-02983@lumenmail.com,Décor,6,346.53,0.15,Email,US,control
ORD-006317,2024-12-09,CUST-02608,cust-02608@lumenmail.com,Décor,2,111.66,0.0,Email,US,variant
ORD-002190,2023-12-04,CUST-02133,cust-02133@lumenmail.com,Lighting,1,93.93,0.05,Email,US,variant
ORD-000006,2024-11-08,CUST-02722,cust-02722@lumenmail.com,Lighting,2,7.3,0.0,Email,US,control
ORD-009314,2023-09-25,CUST-01878,cust-01878@lumenmail.com,Décor,1,112.32,0.1,Paid Search,AU,variant
ORD-006683,2024-09-18,CUST-00554,cust-00554@lumenmail.com,Décor,2,28.91,0.05,Paid Search,US,
ORD-008697,2024-06-22,CUST-01451,cust-01451@lumenmail.com,Accessories,2,153.75,0.0,Organic,AU,control
ORD-004040,2024-01-17,CUST-01729,cust-01729@lumenmail.com,Furniture,3,23.52,0.0,Social,CA,
ORD-001725,2023-08-05,CUST-02808,cust-02808@lumenmail.com,Furniture,3,222.45,0.0,Email,US,variant
ORD-005537,2024-11-19,CUST-00815,cust-00815@lumenmail.com,Décor,4,49.28,0.0,Email,US,control
ORD-000780,2023-07-05,CUST-02764,cust-02764@lumenmail.com,Outdoor,7,27.74,0.15,Paid Search,US,
ORD-007161,2023-07-20,CUST-00645,cust-00645@lumenmail.com,Lighting,3,24.49,0.0,Social,US,control
ORD-001118,2024-05-31,CUST-02315,cust-02315@lumenmail.com,Lighting,7,11.78,0.0,Social,US,control
ORD-005699,26/07/2024,CUST-00720,cust-00720@lumenmail.com,Outdoor,1,153.08,0.15,Paid Search,US,control
ORD-002521,2024-12-30,CUST-00754,cust-00754@lumenmail.com,Furniture,1,91.22,0.05,Social,CA,control
ORD-002313,2024-07-25,CUST-00506,cust-00506@lumenmail.com,Décor,1,62.03,0.05,Email,AU,variant
ORD-000971,2023-12-30,,guest@lumenmail.com,Lighting,5,161.39,0.0,Email,CA,
ORD-005222,2024-03-04,CUST-02827,cust-02827@lumenmail.com,Accessories,3,26.03,0.0,Email,US,variant
ORD-005852,2023-11-14,CUST-00189,cust-00189@lumenmail.com,Lighting,3,80.21,0.05,Email,US,variant
ORD-001732,2024-01-30,CUST-02975,cust-02975@lumenmail.com,Furniture,1,17.64,0.0,Paid Search,UK,control
ORD-002023,02/10/2023,CUST-02105,cust-02105@lumenmail.com,Lighting,3,95.03,0.05,Email,US,variant
ORD-006000,2023-07-03,CUST-02850,cust-02850@lumenmail.com,Décor,3,34.66,0.0,Email,US,
ORD-008716,2023-07-01,CUST-02395,cust-02395@lumenmail.com,Furniture,1,105.17,0.1,Organic,US,
ORD-007704,2024-08-01,CUST-00575,cust-00575@lumenmail.com,Décor,3,181.99,0.05,Social,US,variant
ORD-009155,2024-06-11,CUST-02025,cust-02025@lumenmail.com,Lighting,2,392.19,0.05,,AU,
ORD-003378,2024-05-31,CUST-00290,cust-00290@lumenmail.com,Outdoor,1,6.07,0.05,Paid Search,UK,
ORD-001125,2023-08-16,CUST-01996,cust-01996@lumenmail.com,Outdoor,3,169.21,0.0,Paid Search,US,
ORD-008155,09/12/2024,CUST-00160,cust-00160@lumenmail.com,Furniture,1,31.81,0.0,Organic,CA,variant
ORD-004466,2024-07-18,CUST-02835,cust-02835@lumenmail.com,Furniture,1,205.18,0.2,Organic,CA,variant
ORD-005692,21/09/2024,CUST-02563,cust-02563@lumenmail.com,Accessories,3,65.09,0.2,Paid Search,US,control
ORD-001292,2024-11-27,CUST-00638,cust-00638@lumenmail.com,Furniture,1,30.56,0.1,Paid Search,CA,
ORD-000528,2024-08-24,CUST-02951,cust-02951@lumenmail.com,Outdoor,1,33.89,0.1,Paid Search,US,
ORD-009257,2024-08-04,CUST-00154,cust-00154@lumenmail.com,Furniture,1,548.47,0.15,Organic,US,variant
ORD-000656,2024-08-16,CUST-00305,cust-00305@lumenmail.com,Furniture,3,37.2,0.15,Email,US,variant
ORD-006022,2024-11-27,CUST-00601,cust-00601@lumenmail.com,Outdoor,3,272.71,0.0,Paid Search,US,variant
ORD-001529,2023-10-18,CUST-01737,cust-01737@lumenmail.com,Outdoor,4,21.76,0.0,Email,US,
ORD-005025,2024-11-05,CUST-01043,cust-01043@lumenmail.com,Décor,2,183.93,0.1,Paid Search,US,variant
ORD-009197,2024-06-12,CUST-01064,cust-01064@lumenmail.com,Furniture,2,770.44,0.0,Email,US,
ORD-002528,2023-11-16,CUST-01572,cust-01572@lumenmail.com,Décor,2,77.49,0.0,Social,US,control
ORD-002554,2024-12-23,CUST-02180,cust-02180@lumenmail.com,Furniture,4,550.63,0.0,Email,US,variant
ORD-001073,2023-07-03,CUST-00771,cust-00771@lumenmail.com,Outdoor,2,88.5,0.15,Social,CA,
ORD-006375,2024-02-25,CUST-00436,cust-00436@lumenmail.com,Furniture,1,584.79,0.15,Email,UK,
ORD-006183,26/06/2023,CUST-01326,cust-01326@lumenmail.com,Outdoor,1,31.12,0.05,Paid Search,US,control
ORD-004400,2024-04-05,CUST-00034,cust-00034@lumenmail.com,Lighting,1,33.28,0.2,Paid Search,UK,control
ORD-008020,2024-06-23,CUST-01898,cust-01898@lumenmail.com,Décor,-1,48.17,0.05,Paid Search,US,control
ORD-006045,2024-03-20,CUST-00804,cust-00804@lumenmail.com,Outdoor,2,101.36,0.2,Email,US,variant
ORD-000594,2023-10-30,CUST-01359,cust-01359@lumenmail.com,Lighting,2,335.26,0.0,Organic,US,
ORD-007928,30/01/2024,CUST-01689,cust-01689@lumenmail.com,Décor,2,13.46,0.0,Paid Search,US,
ORD-008974,2023-11-22,CUST-02392,cust-02392@lumenmail.com,Décor,2,27.12,0.05,Paid Search,US,
ORD-003627,2023-10-22,CUST-01688,cust-01688@lumenmail.com,Furniture,1,265.81,0.1,Organic,US,variant
ORD-001454,2024-02-24,,guest@lumenmail.com,Lighting,3,133.55,0.0,Paid Search,US,control
ORD-006732,13/09/2024,CUST-00108,cust-00108@lumenmail.com,Lighting,1,34.07,0.2,Paid Search,CA,control
ORD-006252,2024-07-30,CUST-01266,cust-01266@lumenmail.com,Outdoor,2,33.08,0.05,Paid Search,CA,
ORD-002697,2024-05-14,CUST-01799,cust-01799@lumenmail.com,Outdoor,1,13.03,0.1,Organic,US,control
ORD-003222,2024-12-01,,guest@lumenmail.com,Furniture,1,264.84,0.05,Paid Search,US,variant
ORD-008143,2024-10-07,CUST-01173,cust-01173@lumenmail.com,Lighting,1,22.43,0.15,Email,US,
ORD-007431,2023-10-29,CUST-00061,cust-00061@lumenmail.com,Lighting,2,152.55,0.05,Organic,AU,
ORD-007627,2024-01-04,CUST-00715,cust-00715@lumenmail.com,Outdoor,2,31.92,0.05,Email,UK,control
ORD-006371,2024-04-28,CUST-01220,cust-01220@lumenmail.com,Lighting,3,105.41,0.1,Organic,US,control
ORD-001246,2024-01-15,CUST-00749,cust-00749@lumenmail.com,Lighting,-6,84.99,0.0,Social,US,control
ORD-008118,2024-10-01,CUST-02784,cust-02784@lumenmail.com,Lighting,1,255.19,0.05,Email,US,
ORD-001372,2023-09-20,CUST-00180,cust-00180@lumenmail.com,Décor,2,155.19,0.0,Social,CA,
ORD-005212,2023-10-30,CUST-00182,cust-00182@lumenmail.com,Outdoor,2,36.04,0.2,Paid Search,CA,variant
ORD-001001,2024-04-25,CUST-02138,cust-02138@lumenmail.com,Lighting,4,42.11,0.05,Organic,US,variant
ORD-007385,2024-02-12,CUST-01239,cust-01239@lumenmail.com,Accessories,2,32.94,0.05,Email,US,variant
ORD-002655,2024-04-04,CUST-01914,cust-01914@lumenmail.com,Décor,2,68.68,0.0,Social,UK,
ORD-004869,2023-07-13,CUST-00009,cust-00009@lumenmail.com,Décor,2,46.0,0.0,Email,US,variant
ORD-006242,06/12/2023,CUST-00221,cust-00221@lumenmail.com,Accessories,4,233.48,0.1,Organic,US,variant
ORD-000672,2024-06-22,CUST-01227,cust-01227@lumenmail.com,Lighting,1,275.12,0.05,Email,CA,control
ORD-001116,2023-11-04,CUST-00682,cust-00682@lumenmail.com,Lighting,7,142.05,0.0,Email,US,variant
ORD-003735,2023-08-01,CUST-01613,cust-01613@lumenmail.com,Décor,1,38.26,0.1,Paid Search,CA,variant
ORD-000444,2024-02-07,,guest@lumenmail.com,Furniture,1,132.88,0.0,Paid Search,US,variant
ORD-008183,31/05/2024,CUST-02772,cust-02772@lumenmail.com,Lighting,2,36.97,0.15,Social,ZZ,control
ORD-006040,2024-06-14,CUST-01772,cust-01772@lumenmail.com,Outdoor,2,33.51,0.0,Paid Search,US,
ORD-001795,2024-02-17,CUST-00634,cust-00634@lumenmail.com,Accessories,2,26.82,0.1,Paid Search,US,control
ORD-008999,2024-11-08,CUST-00061,cust-00061@lumenmail.com,Lighting,2,54.12,0.05,Paid Search,UK,
ORD-009514,2024-05-31,CUST-01125,cust-01125@lumenmail.com,Accessories,1,92.85,0.0,Email,US,control
ORD-000345,2023-07-23,CUST-00819,cust-00819@lumenmail.com,Lighting,1,170.52,0.0,Organic,US,control
ORD-002789,2023-11-05,CUST-02289,cust-02289@lumenmail.com,Lighting,1,132.71,0.0,Organic,CA,control
ORD-005850,2024-10-04,CUST-00294,cust-00294@lumenmail.com,Lighting,7,255.99,0.05,Email,CA,variant
ORD-000805,2024-03-16,CUST-02680,cust-02680@lumenmail.com,Furniture,1,153.95,0.0,Social,CA,
ORD-007316,11/09/2023,CUST-00646,cust-00646@lumenmail.com,Furniture,1,213.78,0.0,Email,US,control
ORD-001366,2023-12-30,CUST-01889,cust-01889@lumenmail.com,Lighting,1,37.87,0.0,Paid Search,US,
ORD-006218,2024-12-28,CUST-02582,cust-02582@lumenmail.com,Outdoor,1,380.51,0.0,Email,US,variant
ORD-000598,2023-06-17,CUST-01543,cust-01543@lumenmail.com,Lighting,1,96.25,0.0,Email,US,variant
ORD-001766,2024-01-26,CUST-00788,cust-00788@lumenmail.com,Décor,2,96.93,0.05,Organic,US,
ORD-007356,2024-06-25,CUST-01826,cust-01826@lumenmail.com,Accessories,1,85.51,0.2,Email,US,variant
ORD-007071,2024-06-16,CUST-01029,cust-01029@lumenmail.com,Lighting,2,22.39,0.0,Organic,CA,variant
ORD-008733,28/08/2023,,guest@lumenmail.com,Furniture,4,250.14,0.15,Organic,US,control
ORD-004030,27/08/2023,CUST-00630,cust-00630@lumenmail.com,Décor,1,341.67,0.0,Social,UK,variant
ORD-002406,21/06/2023,CUST-02800,cust-02800@lumenmail.com,Accessories,2,44.19,0.05,Organic,AU,
ORD-005022,,CUST-01682,cust-01682@lumenmail.com,Décor,1,174.08,0.05,Organic,US,variant
ORD-002034,2023-12-03,CUST-02851,cust-02851@lumenmail.com,Décor,2,766.29,0.1,Paid Search,US,
ORD-006080,2024-03-07,,guest@lumenmail.com,Accessories,2,324.6,0.2,Social,US,
ORD-004991,2024-08-09,CUST-01643,cust-01643@lumenmail.com,Furniture,4,126.57,0.2,Paid Search,US,
ORD-004415,2023-10-17,CUST-00033,cust-00033@lumenmail.com,Lighting,1,120.66,0.2,Paid Search,UK,
ORD-008149,2024-09-24,CUST-01604,cust-01604@lumenmail.com,Outdoor,3,148.71,0.1,Paid Search,US,variant
ORD-004912,2024-01-03,CUST-02978,cust-02978@lumenmail.com,Lighting,4,41.22,0.1,Organic,US,
ORD-009442,2024-07-27,CUST-02675,cust-02675@lumenmail.com,Lighting,1,33.62,0.1,Organic,US,control
ORD-005650,2023-06-20,CUST-01076,cust-01076@lumenmail.com,Lighting,1,256.14,0.1,Email,AU,control
ORD-003015,2023-08-09,CUST-02493,cust-02493@lumenmail.com,Lighting,1,249.6,0.15,Social,UK,control
ORD-005361,14/08/2023,CUST-01529,cust-01529@lumenmail.com,Décor,1,326.11,0.25,Organic,ZZ,
ORD-007886,2023-08-13,CUST-02659,cust-02659@lumenmail.com,Décor,1,147.76,0.05,Social,CA,variant
ORD-006469,07/04/2024,CUST-01247,cust-01247@lumenmail.com,Lighting,1,124.0,0.1,Organic,US,variant
ORD-000857,2024-08-23,CUST-02296,cust-02296@lumenmail.com,Lighting,2,309.21,0.0,Email,US,control
ORD-003739,2023-10-09,CUST-00615,cust-00615@lumenmail.com,Décor,1,47.46,0.1,Email,AU,variant
ORD-005318,2023-12-29,CUST-00841,cust-00841@lumenmail.com,Décor,2,199.82,0.0,Organic,CA,variant
ORD-007612,2023-09-19,CUST-02555,cust-02555@lumenmail.com,Lighting,1,75.48,0.15,Paid Search,US,variant
ORD-009526,2023-06-01,CUST-02615,cust-02615@lumenmail.com,Lighting,2,11.89,0.0,,UK,control
ORD-007232,2024-11-14,CUST-00574,cust-00574@lumenmail.com,Lighting,1,612.64,0.0,Email,US,variant
ORD-002492,2023-10-25,CUST-02578,cust-02578@lumenmail.com,Furniture,2,26.58,0.0,Paid Search,AU,control
ORD-006787,2024-08-19,CUST-02741,cust-02741@lumenmail.com,Furniture,1,712.55,0.05,Social,US,
ORD-003709,2023-06-19,CUST-00408,cust-00408@lumenmail.com,Furniture,1,47.41,0.0,Email,CA,control
ORD-002718,17/11/2023,CUST-02743,cust-02743@lumenmail.com,Lighting,1,695.87,0.0,Paid Search,US,
ORD-005859,2023-12-12,CUST-00825,cust-00825@lumenmail.com,Outdoor,2,618.2,0.05,Organic,US,variant
ORD-003882,2024-06-04,CUST-02098,cust-02098@lumenmail.com,Lighting,3,160.22,0.0,Social,US,variant
ORD-005155,2024-11-11,,guest@lumenmail.com,Furniture,1,366.32,0.0,Organic,US,control
ORD-007972,2023-08-30,CUST-02353,cust-02353@lumenmail.com,Outdoor,2,176.83,0.0,Paid Search,US,control
ORD-007407,2024-08-13,CUST-02651,cust-02651@lumenmail.com,Lighting,5,243.77,0.05,Email,US,control
ORD-005435,2024-05-08,CUST-02645,cust-02645@lumenmail.com,Furniture,1,46.98,0.05,Paid Search,US,variant
ORD-009256,2023-09-24,CUST-01353,cust-01353@lumenmail.com,Accessories,2,83.43,0.0,Social,CA,control
ORD-009038,2024-05-13,CUST-02392,cust-02392@lumenmail.com,Lighting,1,167.23,0.0,Email,UK,
ORD-005637,2024-07-04,,guest@lumenmail.com,Lighting,6,107.4,0.0,Organic,AU,control
ORD-003990,2023-07-14,CUST-01700,cust-01700@lumenmail.com,Furniture,2,87.76,0.0,Organic,US,
ORD-008483,2023-10-18,CUST-00172,cust-00172@lumenmail.com,Décor,-1,266.96,0.0,Paid Search,US,variant
ORD-004800,2024-07-28,CUST-01004,cust-01004@lumenmail.com,Lighting,2,79.55,0.0,Email,UK,control
ORD-000473,2023-08-03,CUST-01692,cust-01692@lumenmail.com,Décor,3,98.36,0.05,Organic,US,
ORD-000640,2023-08-24,CUST-00993,cust-00993@lumenmail.com,Lighting,1,71.06,0.2,Organic,US,control
ORD-001764,2023-11-10,CUST-01905,cust-01905@lumenmail.com,Lighting,2,106.98,0.15,Social,US,
ORD-002366,2023-06-05,CUST-01553,cust-01553@lumenmail.com,Lighting,2,96.37,0.2,Email,US,variant
ORD-001030,01/07/2023,CUST-00624,cust-00624@lumenmail.com,Outdoor,1,286.34,0.0,Email,US,
ORD-001819,2024-05-26,CUST-02332,cust-02332@lumenmail.com,Outdoor,2,159.28,0.0,,US,control
ORD-006222,06/06/2024,CUST-01386,cust-01386@lumenmail.com,Furniture,1,189.55,0.25,Paid Search,US,
ORD-007641,04/06/2024,CUST-01794,cust-01794@lumenmail.com,Furniture,3,14.3,0.0,Social,US,control
ORD-000335,2023-08-26,CUST-01456,cust-01456@lumenmail.com,Furniture,2,293.96,0.0,Paid Search,US,
ORD-003532,06/06/2024,CUST-01805,cust-01805@lumenmail.com,Décor,2,224.39,0.15,Email,ZZ,control
ORD-003659,2024-08-23,CUST-02128,cust-02128@lumenmail.com,Décor,1,187.26,0.05,Paid Search,US,control
ORD-005555,2023-10-01,CUST-01559,cust-01559@lumenmail.com,Furniture,1,45.19,0.0,Email,US,variant
ORD-001516,2023-07-02,CUST-01645,cust-01645@lumenmail.com,Accessories,3,36.66,0.15,Paid Search,US,
ORD-003316,2023-10-29,CUST-00608,cust-00608@lumenmail.com,Lighting,1,760.09,0.1,,US,
ORD-001510,2023-06-22,CUST-00878,cust-00878@lumenmail.com,Lighting,3,705.12,0.05,Email,US,
ORD-007229,2024-03-17,CUST-02995,cust-02995@lumenmail.com,Accessories,2,326.1,0.05,Social,US,
ORD-001624,2024-01-18,CUST-02655,cust-02655@lumenmail.com,Furniture,2,58.07,0.05,Organic,US,control
ORD-008132,2024-04-05,CUST-01484,cust-01484@lumenmail.com,Outdoor,2,325.41,0.25,Paid Search,CA,
ORD-008194,2023-11-22,CUST-02685,cust-02685@lumenmail.com,Accessories,1,125.64,0.1,Email,US,control
ORD-009083,2024-01-31,CUST-02137,cust-02137@lumenmail.com,Outdoor,-3,126.5,0.0,Organic,CA,
ORD-004394,2024-11-02,,guest@lumenmail.com,Furniture,1,38.69,0.05,Paid Search,UK,
ORD-000655,2024-02-22,CUST-00521,cust-00521@lumenmail.com,Décor,1,417.35,0.15,Paid Search,US,
ORD-008947,2023-11-06,CUST-01490,cust-01490@lumenmail.com,Outdoor,4,338.95,0.0,Paid Search,US,
ORD-002058,2023-12-03,CUST-01871,cust-01871@lumenmail.com,Décor,2,172.98,0.0,,CA,variant
ORD-008038,2024-04-10,CUST-00196,cust-00196@lumenmail.com,Décor,3,20.12,0.05,Paid Search,US,control
ORD-002411,2023-11-18,CUST-00680,cust-00680@lumenmail.com,Lighting,3,0.0,0.2,Paid Search,US,variant
ORD-003806,2024-02-28,CUST-00068,cust-00068@lumenmail.com,Lighting,2,74.15,0.05,Social,UK,
ORD-003463,17/04/2024,,guest@lumenmail.com,Furniture,1,60.08,0.2,Social,CA,control
ORD-007933,2024-09-03,CUST-01511,cust-01511@lumenmail.com,Furniture,2,11.81,0.0,Email,US,
ORD-001031,2023-11-04,CUST-00443,cust-00443@lumenmail.com,Lighting,1,64.5,0.0,Paid Search,US,variant
ORD-006601,2024-02-16,CUST-00738,cust-00738@lumenmail.com,Furniture,1,298.14,0.15,Organic,US,
ORD-006455,2023-06-24,CUST-00052,cust-00052@lumenmail.com,Lighting,1,21.95,0.0,Email,CA,variant
ORD-006066,15/03/2024,CUST-02139,cust-02139@lumenmail.com,Furniture,2,21.8,0.0,Paid Search,US,control
ORD-006315,10/02/2024,CUST-00001,cust-00001@lumenmail.com,Lighting,1,49.47,0.0,Email,US,
ORD-005663,2024-11-04,CUST-02224,cust-02224@lumenmail.com,Décor,3,186.4,0.0,Organic,US,variant
ORD-009375,2024-09-12,CUST-01313,cust-01313@lumenmail.com,Lighting,7,49.54,0.1,Organic,US,control
ORD-006657,2023-06-16,CUST-01656,cust-01656@lumenmail.com,Outdoor,1,27.71,0.1,Organic,US,variant
ORD-008846,2024-02-03,CUST-01477,cust-01477@lumenmail.com,Décor,1,392.32,0.0,Paid Search,US,variant
ORD-006145,2024-04-20,CUST-00800,cust-00800@lumenmail.com,Lighting,2,118.98,0.15,Social,UK,variant
ORD-003671,2024-03-06,CUST-00894,cust-00894@lumenmail.com,Accessories,1,195.66,0.05,Organic,US,
ORD-007701,2023-10-13,CUST-02285,cust-02285@lumenmail.com,Lighting,1,80.3,0.05,Email,US,control
ORD-006434,2024-10-31,CUST-02821,cust-02821@lumenmail.com,Lighting,1,486.12,0.0,Organic,US,variant
ORD-006101,2024-01-02,CUST-02476,cust-02476@lumenmail.com,Furniture,3,139.57,0.15,Social,US,control
ORD-005419,2023-10-29,CUST-01218,cust-01218@lumenmail.com,Outdoor,1,220.31,0.1,Paid Search,US,variant
ORD-008355,2024-12-30,CUST-01012,cust-01012@lumenmail.com,Lighting,2,94.93,0.0,Paid Search,ZZ,variant
ORD-006270,2023-10-09,CUST-00667,cust-00667@lumenmail.com,Lighting,4,401.93,0.15,Email,US,
ORD-003003,2024-05-13,,guest@lumenmail.com,Décor,2,306.04,0.05,Social,US,variant
ORD-002331,02/06/2023,CUST-00662,cust-00662@lumenmail.com,Furniture,3,10.27,0.0,Paid Search,UK,
ORD-006905,08/09/2024,CUST-02387,cust-02387@lumenmail.com,Décor,1,37.58,0.0,Paid Search,US,control
ORD-001611,2023-10-18,CUST-01693,cust-01693@lumenmail.com,Décor,1,140.3,0.05,Organic,CA,
ORD-001300,2024-03-13,CUST-01097,cust-01097@lumenmail.com,Furniture,1,25.93,0.1,Email,UK,
ORD-002882,2024-08-12,CUST-02977,cust-02977@lumenmail.com,Furniture,2,66.81,0.0,Paid Search,US,control
ORD-003049,2024-11-30,CUST-01416,cust-01416@lumenmail.com,Lighting,4,312.24,0.0,Organic,UK,
ORD-004784,,CUST-01941,cust-01941@lumenmail.com,Lighting,3,28.16,0.0,Social,CA,
ORD-009558,2023-12-26,CUST-02782,cust-02782@lumenmail.com,Décor,2,73.72,0.0,Paid Search,UK,control
ORD-006737,2024-08-30,CUST-00661,cust-00661@lumenmail.com,Décor,1,12.72,0.2,Email,CA,variant
ORD-003597,2024-11-27,CUST-00819,cust-00819@lumenmail.com,Lighting,2,229.55,0.05,Organic,US,
ORD-004218,2024-04-15,CUST-01684,cust-01684@lumenmail.com,Lighting,6,39.19,0.2,Organic,CA,
ORD-004996,2024-06-05,CUST-02348,cust-02348@lumenmail.com,Lighting,1,18.88,0.05,Paid Search,US,
ORD-008730,2023-12-06,CUST-02269,cust-02269@lumenmail.com,Lighting,1,185.52,0.05,Social,UK,
ORD-007337,2024-07-18,CUST-02418,cust-02418@lumenmail.com,Lighting,3,213.26,0.0,Organic,CA,
ORD-004205,2023-07-29,,guest@lumenmail.com,Lighting,1,96.38,0.15,Organic,US,
ORD-001689,2023-12-17,CUST-02698,cust-02698@lumenmail.com,Lighting,2,47.91,0.0,Paid Search,US,control
ORD-001709,2024-08-21,CUST-02560,cust-02560@lumenmail.com,Furniture,2,13.01,0.1,Organic,AU,control
ORD-000440,2023-07-30,CUST-01607,cust-01607@lumenmail.com,Décor,1,29.5,0.15,Organic,US,variant
ORD-004346,2024-09-03,CUST-02980,cust-02980@lumenmail.com,Outdoor,4,49.32,0.0,Email,US,
ORD-007922,2024-07-15,CUST-00363,cust-00363@lumenmail.com,Lighting,2,64.34,0.05,Social,US,
ORD-008500,2024-11-16,CUST-00385,cust-00385@lumenmail.com,Lighting,3,97.53,0.0,Paid Search,US,
ORD-008235,2023-07-25,CUST-00680,cust-00680@lumenmail.com,Lighting,1,34.24,0.0,Social,US,
ORD-004624,2024-01-25,,guest@lumenmail.com,Décor,2,349.06,0.0,Social,US,variant
ORD-009305,2024-07-01,CUST-00264,cust-00264@lumenmail.com,Furniture,1,271.91,0.05,Organic,US,
ORD-006706,2023-07-26,CUST-02660,cust-02660@lumenmail.com,Décor,1,110.39,0.2,Organic,US,variant
ORD-002941,2024-04-08,CUST-02543,cust-02543@lumenmail.com,Furniture,4,16.88,0.05,Paid Search,US,
ORD-006576,2024-10-12,CUST-02575,cust-02575@lumenmail.com,Accessories,3,61.6,0.15,Paid Search,US,variant
ORD-000775,2024-09-18,CUST-01366,cust-01366@lumenmail.com,Décor,1,8.89,0.0,Email,US,
ORD-002677,2024-06-30,CUST-02943,cust-02943@lumenmail.com,Furniture,2,51.03,0.2,Paid Search,US,variant
ORD-006175,2024-08-27,CUST-01015,cust-01015@lumenmail.com,Lighting,1,83.53,0.0,Organic,US,variant
ORD-001329,2023-10-31,,guest@lumenmail.com,Décor,3,90.05,0.0,Organic,US,
ORD-003109,2024-06-16,CUST-00613,cust-00613@lumenmail.com,Outdoor,1,26.21,0.0,Paid Search,US,variant
ORD-002878,2024-07-25,CUST-02925,cust-02925@lumenmail.com,Lighting,2,43.0,0.0,Paid Search,US,control
ORD-002504,2024-05-29,CUST-00057,cust-00057@lumenmail.com,Décor,1,34.62,0.0,,US,control
ORD-002638,2024-09-25,CUST-01976,cust-01976@lumenmail.com,Furniture,1,24.83,0.0,Email,UK,
ORD-005339,2024-11-02,CUST-00296,cust-00296@lumenmail.com,Lighting,6,37.06,0.05,Paid Search,UK,
ORD-006296,2024-05-10,CUST-02886,cust-02886@lumenmail.com,Accessories,6,161.1,0.0,Paid Search,US,control
ORD-002988,2023-11-18,CUST-01707,cust-01707@lumenmail.com,Lighting,2,137.65,0.0,Paid Search,ZZ,
ORD-004548,2024-09-11,CUST-00867,cust-00867@lumenmail.com,Furniture,4,0.0,0.05,,UK,variant
ORD-003458,2024-02-28,CUST-01023,cust-01023@lumenmail.com,Décor,2,9.91,0.1,Organic,US,variant
ORD-007780,2024-11-12,CUST-00128,cust-00128@lumenmail.com,Lighting,3,19.27,0.25,Paid Search,US,control
ORD-000621,2024-05-26,CUST-00666,cust-00666@lumenmail.com,Décor,1,92.89,0.0,Paid Search,US,
ORD-006357,2024-04-27,CUST-01504,cust-01504@lumenmail.com,Lighting,1,69.89,0.15,Organic,CA,control
ORD-000341,2024-09-06,CUST-02482,cust-02482@lumenmail.com,Lighting,3,49.35,0.0,Email,US,control
ORD-006488,2024-10-09,CUST-02505,cust-02505@lumenmail.com,Accessories,1,48.39,0.0,Paid Search,CA,control
ORD-000005,2024-06-19,CUST-02822,cust-02822@lumenmail.com,Lighting,2,24.4,0.2,Social,US,variant
ORD-009362,11/10/2023,CUST-00992,cust-00992@lumenmail.com,Outdoor,1,188.39,0.0,Organic,US,control
ORD-005215,2024-09-12,CUST-02484,cust-02484@lumenmail.com,Accessories,1,20.79,0.15,Organic,US,variant
ORD-000673,2023-06-15,CUST-02405,cust-02405@lumenmail.com,Lighting,1,40.65,0.0,Organic,US,variant
ORD-001109,2023-08-28,CUST-01630,cust-01630@lumenmail.com,Lighting,2,49.02,0.1,Email,US,control
ORD-009028,21/08/2023,CUST-02175,cust-02175@lumenmail.com,Lighting,1,548.62,0.0,Organic,AU,
ORD-005202,2024-02-10,CUST-02471,cust-02471@lumenmail.com,Lighting,2,161.02,0.1,Paid Search,UK,
ORD-003175,2023-12-18,,guest@lumenmail.com,Lighting,2,93.62,0.0,,CA,
ORD-008476,2024-06-02,CUST-00852,cust-00852@lumenmail.com,Lighting,1,66.45,0.0,Email,AU,variant
ORD-006356,2024-12-26,CUST-01569,cust-01569@lumenmail.com,Décor,1,38.48,0.0,Paid Search,US,control
ORD-008289,01/08/2024,CUST-01179,cust-01179@lumenmail.com,Furniture,6,387.24,0.05,Social,AU,
ORD-008997,2023-10-29,CUST-01067,cust-01067@lumenmail.com,Outdoor,2,154.97,0.0,Paid Search,UK,
ORD-008981,2024-06-23,CUST-01536,cust-01536@lumenmail.com,Décor,6,97.57,0.0,Organic,US,control
ORD-008772,15/01/2024,CUST-00543,cust-00543@lumenmail.com,Furniture,1,96.14,0.0,Email,US,variant
ORD-007228,2024-01-31,CUST-00977,cust-00977@lumenmail.com,Outdoor,5,27.82,0.0,Email,ZZ,control
ORD-004781,2023-11-09,,guest@lumenmail.com,Décor,1,28.75,0.0,Organic,CA,
ORD-007291,2023-07-24,CUST-00109,cust-00109@lumenmail.com,Lighting,7,65.74,0.05,Paid Search,UK,
ORD-007565,2024-07-19,CUST-02708,cust-02708@lumenmail.com,Furniture,1,31.55,0.0,Organic,US,
ORD-001017,2023-07-30,CUST-01123,cust-01123@lumenmail.com,Lighting,-1,29.26,0.1,Organic,US,variant
ORD-006483,2024-10-14,,guest@lumenmail.com,Lighting,1,46.66,0.05,Organic,US,
ORD-006628,,CUST-00373,cust-00373@lumenmail.com,Décor,2,49.24,0.0,Social,US,
ORD-009411,2024-05-26,CUST-02676,cust-02676@lumenmail.com,Lighting,3,94.98,0.1,Email,US,variant
ORD-001628,2023-12-16,,guest@lumenmail.com,Outdoor,7,121.41,0.15,Paid Search,CA,
ORD-008874,2023-07-27,CUST-00270,cust-00270@lumenmail.com,Lighting,2,645.08,0.0,Social,US,control
ORD-004029,2024-12-17,CUST-00926,cust-00926@lumenmail.com,Lighting,3,34.37,0.0,Email,UK,control
ORD-007401,2023-11-21,CUST-00172,cust-00172@lumenmail.com,Décor,2,31.3,0.0,Social,US,control
ORD-000170,2023-07-30,CUST-01594,cust-01594@lumenmail.com,Décor,2,59.78,0.0,Organic,CA,variant
ORD-007710,2024-01-26,CUST-01832,cust-01832@lumenmail.com,Lighting,2,0.0,0.05,Organic,US,variant
ORD-004988,28/06/2024,,guest@lumenmail.com,Furniture,2,31.95,0.05,Email,CA,control
ORD-005491,2024-07-08,CUST-02945,cust-02945@lumenmail.com,Décor,5,95.45,0.0,Email,US,variant
ORD-005906,15/11/2024,CUST-02255,cust-02255@lumenmail.com,Outdoor,4,77.72,0.1,Social,UK,
ORD-001136,14/08/2024,CUST-02659,cust-02659@lumenmail.com,Lighting,2,32.16,0.0,Email,UK,control
ORD-008135,2024-01-20,CUST-01812,cust-01812@lumenmail.com,Outdoor,3,209.97,0.0,Email,US,
ORD-003474,2023-10-25,CUST-00603,cust-00603@lumenmail.com,Furniture,3,22.59,0.2,Organic,CA,
ORD-002634,10/02/2024,CUST-02014,cust-02014@lumenmail.com,Lighting,3,343.06,0.0,Email,CA,control
ORD-005728,2024-11-30,,guest@lumenmail.com,Furniture,1,15.76,0.0,Social,US,variant
ORD-002063,19/05/2024,,guest@lumenmail.com,Lighting,4,77.82,0.0,Paid Search,AU,variant
ORD-007700,2023-08-08,CUST-01236,cust-01236@lumenmail.com,Lighting,1,183.82,0.15,Paid Search,UK,
ORD-008681,2023-12-29,CUST-00906,cust-00906@lumenmail.com,Lighting,1,10.99,0.05,Paid Search,US,control
ORD-006284,2023-11-02,CUST-02663,cust-02663@lumenmail.com,Accessories,3,179.79,0.0,,UK,
ORD-003217,2023-09-15,CUST-00798,cust-00798@lumenmail.com,Furniture,1,168.2,0.1,Organic,US,
ORD-006323,2024-03-16,CUST-02699,cust-02699@lumenmail.com,Furniture,2,12.67,0.2,Email,US,control
ORD-005704,22/02/2024,,guest@lumenmail.com,Furniture,4,43.81,0.0,Organic,UK,control
ORD-007727,2024-08-30,CUST-00096,cust-00096@lumenmail.com,Décor,2,180.55,0.1,Paid Search,US,
ORD-003278,2024-05-09,CUST-00084,cust-00084@lumenmail.com,Lighting,2,251.68,0.05,Email,AU,variant
ORD-007070,29/01/2024,CUST-00804,cust-00804@lumenmail.com,Lighting,1,87.95,0.2,Email,US,variant
ORD-008136,2023-09-30,CUST-00429,cust-00429@lumenmail.com,Lighting,3,399.92,0.0,Organic,US,variant
ORD-005060,2024-11-21,,guest@lumenmail.com,Lighting,2,131.61,0.1,Organic,CA,
ORD-004079,2024-09-17,CUST-02575,cust-02575@lumenmail.com,Furniture,2,92.73,0.1,Paid Search,CA,
ORD-007207,2024-12-14,CUST-02440,cust-02440@lumenmail.com,Lighting,2,100.07,0.0,Paid Search,US,variant
ORD-004596,2024-10-08,CUST-01961,cust-01961@lumenmail.com,Lighting,1,83.87,0.0,Paid Search,US,
ORD-009337,2023-09-26,CUST-00293,cust-00293@lumenmail.com,Décor,1,52.18,0.0,Paid Search,US,
ORD-007857,2023-07-12,CUST-01894,cust-01894@lumenmail.com,Lighting,1,88.32,0.0,Paid Search,UK,
ORD-002653,2024-04-14,,guest@lumenmail.com,Accessories,4,91.5,0.0,Social,US,variant
ORD-007635,2024-02-25,CUST-00471,cust-00471@lumenmail.com,Décor,5,94.5,0.05,Email,CA,
ORD-004041,2024-04-24,CUST-01740,cust-01740@lumenmail.com,Accessories,2,536.68,0.1,Social,US,
ORD-008354,2024-07-05,CUST-00593,cust-00593@lumenmail.com,Décor,2,83.38,0.05,Email,US,control
ORD-006044,2024-08-10,,guest@lumenmail.com,Décor,1,44.56,0.2,Email,US,variant
ORD-008933,2024-06-09,CUST-02881,cust-02881@lumenmail.com,Lighting,1,9.66,0.0,Paid Search,US,
ORD-002724,2024-07-23,CUST-02853,cust-02853@lumenmail.com,Lighting,5,248.43,0.15,Email,US,control
ORD-009486,20/12/2023,CUST-02162,cust-02162@lumenmail.com,Furniture,1,32.57,0.15,Social,US,
ORD-007937,2024-12-15,CUST-00511,cust-00511@lumenmail.com,Décor,3,15.85,0.05,Paid Search,US,variant
ORD-008632,2024-05-21,CUST-02735,cust-02735@lumenmail.com,Lighting,3,24.65,0.0,Email,US,control
ORD-003061,2023-09-17,CUST-01809,cust-01809@lumenmail.com,Décor,1,16.51,0.05,Email,US,control
ORD-002704,2024-04-26,CUST-01448,cust-01448@lumenmail.com,Lighting,1,233.5,0.0,Paid Search,AU,
ORD-006238,2024-10-29,CUST-02281,cust-02281@lumenmail.com,Décor,2,69.83,0.05,Organic,UK,control
ORD-008347,2023-08-11,CUST-01134,cust-01134@lumenmail.com,Outdoor,1,356.96,0.0,Paid Search,US,variant
ORD-000340,2024-02-06,CUST-01040,cust-01040@lumenmail.com,Décor,1,64.22,0.15,Social,CA,variant
ORD-006994,2024-09-26,CUST-01534,cust-01534@lumenmail.com,Outdoor,1,49.11,0.0,Email,US,control
ORD-001564,2024-02-20,CUST-02901,cust-02901@lumenmail.com,Décor,1,47.81,0.0,Social,UK,variant
ORD-004407,2024-01-12,,guest@lumenmail.com,Accessories,1,197.69,0.2,,US,variant
ORD-003946,03/06/2024,CUST-00569,cust-00569@lumenmail.com,Furniture,2,68.29,0.0,Organic,CA,variant
ORD-007223,2024-08-08,CUST-01995,cust-01995@lumenmail.com,Lighting,4,153.66,0.0,Paid Search,US,control
ORD-009513,2024-12-26,CUST-01308,cust-01308@lumenmail.com,Lighting,1,24.57,0.2,Organic,US,
ORD-002025,2023-09-10,CUST-02424,cust-02424@lumenmail.com,Décor,5,25.88,0.2,Email,US,control
ORD-003253,2024-04-11,,guest@lumenmail.com,Accessories,2,514.44,0.0,Email,US,control
ORD-006026,2023-10-16,CUST-00937,cust-00937@lumenmail.com,Outdoor,5,46.74,0.2,Email,UK,control
ORD-003546,2024-07-08,CUST-02471,cust-02471@lumenmail.com,Décor,2,122.56,0.0,Email,CA,
ORD-000649,2024-05-14,CUST-00204,cust-00204@lumenmail.com,Lighting,1,27.65,0.0,Email,US,
ORD-003617,2024-04-21,CUST-02396,cust-02396@lumenmail.com,Outdoor,2,123.04,0.0,Email,US,variant
ORD-000327,2024-10-25,CUST-00947,cust-00947@lumenmail.com,Furniture,1,61.12,0.0,Organic,CA,
ORD-005962,2024-10-06,CUST-00070,cust-00070@lumenmail.com,Lighting,3,68.91,0.0,Organic,UK,control
ORD-004518,2024-09-24,CUST-02109,cust-02109@lumenmail.com,Décor,1,179.25,0.0,Paid Search,US,variant
ORD-000185,,,guest@lumenmail.com,Furniture,1,173.79,0.05,Social,US,control
ORD-003750,2024-06-04,CUST-00169,cust-00169@lumenmail.com,Décor,1,174.19,0.05,Email,CA,
ORD-006292,2024-11-16,CUST-02581,cust-02581@lumenmail.com,Furniture,2,89.39,0.15,Organic,US,control
ORD-001301,2023-06-24,CUST-00757,cust-00757@lumenmail.com,Lighting,4,39.37,0.0,Paid Search,US,control
ORD-006686,2023-11-08,CUST-00419,cust-00419@lumenmail.com,Outdoor,2,62.88,0.15,Social,UK,
ORD-001375,2023-08-04,CUST-01652,cust-01652@lumenmail.com,Outdoor,1,38.93,0.05,Social,US,variant
ORD-001330,2024-11-12,,guest@lumenmail.com,Outdoor,1,34.36,0.25,Email,US,
ORD-002306,2023-12-27,CUST-01945,cust-01945@lumenmail.com,Lighting,1,62.0,0.0,Social,CA,
ORD-001195,18/04/2024,CUST-00497,cust-00497@lumenmail.com,Furniture,2,202.36,0.05,Email,US,variant
ORD-004775,2024-02-21,,guest@lumenmail.com,Outdoor,1,531.87,0.0,Paid Search,AU,variant
ORD-001362,2024-03-02,,guest@lumenmail.com,Lighting,2,21.29,0.0,Email,US,
ORD-001553,2023-12-08,CUST-00763,cust-00763@lumenmail.com,Lighting,3,14.69,0.0,Email,US,
ORD-003907,2024-04-27,CUST-00098,cust-00098@lumenmail.com,Lighting,1,204.18,0.05,Organic,CA,variant
ORD-001260,2024-09-21,CUST-00102,cust-00102@lumenmail.com,Décor,1,34.0,0.0,Social,US,variant
ORD-003787,2024-02-08,,guest@lumenmail.com,Lighting,7,95.23,0.2,Paid Search,US,control
ORD-001959,22/11/2023,CUST-02603,cust-02603@lumenmail.com,Lighting,7,89.17,0.15,Organic,US,variant
ORD-001663,2024-05-29,CUST-01467,cust-01467@lumenmail.com,Décor,1,37.56,0.0,Paid Search,US,variant
ORD-003101,2023-07-06,CUST-01447,cust-01447@lumenmail.com,Lighting,1,71.42,0.05,Paid Search,US,control
ORD-003633,2023-11-01,CUST-01327,cust-01327@lumenmail.com,Décor,1,26.39,0.1,Organic,US,
ORD-005012,2023-12-06,,guest@lumenmail.com,Lighting,2,120.34,0.1,Paid Search,US,
ORD-006379,21/02/2024,CUST-01142,cust-01142@lumenmail.com,Décor,3,70.51,0.15,Email,CA,
ORD-006324,2023-10-08,,guest@lumenmail.com,Furniture,1,178.31,0.0,Paid Search,US,variant
ORD-003258,2023-11-04,CUST-01916,cust-01916@lumenmail.com,Décor,2,81.2,0.0,Email,AU,control
ORD-004058,2024-01-28,CUST-02703,cust-02703@lumenmail.com,Lighting,2,19.06,0.0,Organic,US,
ORD-005945,2024-07-28,CUST-00229,cust-00229@lumenmail.com,Furniture,1,25.12,0.1,Organic,UK,
ORD-006903,2024-02-10,CUST-00451,cust-00451@lumenmail.com,Décor,1,38.84,0.15,Social,UK,
ORD-000809,2024-05-16,CUST-01497,cust-01497@lumenmail.com,Furniture,2,17.77,0.15,Paid Search,UK,
ORD-002560,2024-10-26,CUST-02447,cust-02447@lumenmail.com,Décor,1,111.2,0.1,Paid Search,AU,
ORD-003831,2024-02-02,CUST-02577,cust-02577@lumenmail.com,Lighting,2,192.91,0.0,Email,US,
ORD-003685,2024-01-14,CUST-01818,cust-01818@lumenmail.com,Lighting,1,0.0,0.0,Email,UK,variant
ORD-008664,02/12/2023,CUST-00250,cust-00250@lumenmail.com,Furniture,1,201.23,0.2,Paid Search,US,control
ORD-005444,2023-12-09,CUST-00506,cust-00506@lumenmail.com,Lighting,1,798.98,0.2,Organic,US,control
ORD-003443,2023-12-20,CUST-02945,cust-02945@lumenmail.com,Lighting,2,450.27,0.1,Paid Search,US,variant
ORD-003269,2024-07-14,CUST-00773,cust-00773@lumenmail.com,Furniture,2,51.17,0.05,Paid Search,AU,
ORD-002962,2024-12-30,CUST-01019,cust-01019@lumenmail.com,Furniture,2,334.53,0.05,Social,US,control
ORD-008423,2024-03-16,CUST-02621,cust-02621@lumenmail.com,Décor,1,57.41,0.0,Email,US,variant
ORD-005701,19/08/2023,CUST-01432,cust-01432@lumenmail.com,Décor,4,46.49,0.25,Paid Search,AU,variant
ORD-007189,2024-06-27,CUST-00443,cust-00443@lumenmail.com,Lighting,4,384.99,0.1,Social,UK,
ORD-004844,2023-06-01,CUST-00794,cust-00794@lumenmail.com,Lighting,3,51.37,0.25,Paid Search,US,
ORD-002748,2023-08-28,CUST-00142,cust-00142@lumenmail.com,Furniture,3,383.95,0.15,Email,US,control
ORD-004387,2024-06-16,CUST-00388,cust-00388@lumenmail.com,Outdoor,1,41.11,0.05,Social,US,
ORD-001011,2024-06-12,CUST-02084,cust-02084@lumenmail.com,Décor,2,237.3,0.05,Paid Search,US,control
ORD-006246,2024-01-08,CUST-01483,cust-01483@lumenmail.com,Outdoor,1,65.04,0.0,Paid Search,UK,variant
ORD-004467,2024-11-03,CUST-01628,cust-01628@lumenmail.com,Furniture,1,320.06,0.0,Paid Search,ZZ,control
ORD-003810,2023-10-16,CUST-01906,cust-01906@lumenmail.com,Décor,4,55.11,0.0,Organic,US,variant
ORD-008200,2024-03-18,CUST-02552,cust-02552@lumenmail.com,Accessories,1,160.26,0.1,Email,CA,control
ORD-002838,04/08/2024,CUST-01091,cust-01091@lumenmail.com,Lighting,1,124.0,0.2,Paid Search,UK,variant
ORD-009294,,CUST-01815,cust-01815@lumenmail.com,Accessories,2,460.8,0.0,Paid Search,UK,variant
ORD-000836,2024-04-11,CUST-00182,cust-00182@lumenmail.com,Accessories,1,700.78,0.0,Paid Search,US,variant
ORD-006860,20/07/2023,CUST-01708,cust-01708@lumenmail.com,Décor,1,84.87,0.15,Organic,US,
ORD-004064,2024-09-02,CUST-00903,cust-00903@lumenmail.com,Furniture,2,218.54,0.1,Organic,US,variant
ORD-002127,07/09/2024,CUST-02704,cust-02704@lumenmail.com,Lighting,1,56.81,0.05,Paid Search,US,control
ORD-004428,2023-08-07,CUST-02581,cust-02581@lumenmail.com,Furniture,1,54.59,0.0,Social,US,variant
ORD-007372,14/12/2023,CUST-01096,cust-01096@lumenmail.com,Lighting,3,188.63,0.05,Paid Search,US,control
ORD-000961,2024-01-07,CUST-01428,cust-01428@lumenmail.com,Décor,1,248.12,0.0,Paid Search,UK,variant
ORD-003698,31/07/2023,CUST-02395,cust-02395@lumenmail.com,Lighting,2,490.5,0.0,Email,US,
ORD-002849,2024-06-14,,guest@lumenmail.com,Accessories,4,15.89,0.0,Paid Search,US,variant
ORD-005912,26/09/2023,CUST-00714,cust-00714@lumenmail.com,Lighting,5,75.41,0.05,Paid Search,CA,control
ORD-002842,2024-04-05,CUST-00373,cust-00373@lumenmail.com,Décor,1,10.2,0.0,Paid Search,US,control
ORD-002978,2023-12-23,CUST-01833,cust-01833@lumenmail.com,Accessories,1,42.17,0.15,Organic,US,control
ORD-002104,2024-07-04,CUST-00697,cust-00697@lumenmail.com,Outdoor,1,41.28,0.0,Organic,UK,variant
ORD-003824,2023-08-04,CUST-02116,cust-02116@lumenmail.com,Décor,1,166.64,0.0,Organic,US,variant
ORD-004473,2023-11-25,CUST-01723,cust-01723@lumenmail.com,Décor,1,26.18,0.05,Paid Search,UK,variant
ORD-009249,2023-12-16,CUST-01031,cust-01031@lumenmail.com,Décor,2,314.43,0.0,Social,UK,variant
ORD-009135,2024-03-27,CUST-01515,cust-01515@lumenmail.com,Outdoor,2,183.34,0.25,Paid Search,US,
ORD-000227,2024-02-10,CUST-02156,cust-02156@lumenmail.com,Lighting,2,177.48,0.0,Organic,US,
ORD-006328,26/09/2024,CUST-02839,cust-02839@lumenmail.com,Lighting,2,90.96,0.15,Paid Search,AU,control
ORD-004089,2024-06-10,CUST-00656,cust-00656@lumenmail.com,Lighting,2,188.21,0.1,Organic,US,
ORD-000459,2024-06-21,CUST-01950,cust-01950@lumenmail.com,Lighting,1,330.22,0.0,Social,UK,variant
ORD-006790,2024-05-09,CUST-01818,cust-01818@lumenmail.com,Décor,2,31.63,0.1,Social,US,control
ORD-003384,2023-07-23,CUST-01841,cust-01841@lumenmail.com,Furniture,4,40.01,0.0,Email,ZZ,control
ORD-006128,2024-01-06,CUST-00043,cust-00043@lumenmail.com,Lighting,2,361.61,0.0,Organic,UK,
ORD-009348,2023-07-22,CUST-01295,cust-01295@lumenmail.com,Lighting,5,256.93,0.1,Email,US,
ORD-001713,2023-09-10,CUST-00344,cust-00344@lumenmail.com,Furniture,1,194.3,0.15,Paid Search,ZZ,variant
ORD-001101,2024-06-25,,guest@lumenmail.com,Lighting,4,19.03,0.0,Email,CA,
ORD-004187,2024-11-16,CUST-02631,cust-02631@lumenmail.com,Lighting,1,210.46,0.0,Social,CA,
ORD-002428,2024-07-06,CUST-02111,cust-02111@lumenmail.com,Furniture,1,97.08,0.05,Email,UK,
ORD-006329,2024-07-15,CUST-01265,cust-01265@lumenmail.com,Outdoor,7,28.03,0.0,,US,variant
ORD-001978,2024-01-16,CUST-02622,cust-02622@lumenmail.com,Furniture,1,90.22,0.15,Organic,US,control
ORD-001641,2023-10-23,,guest@lumenmail.com,Lighting,3,92.13,0.0,Paid Search,US,
ORD-001062,15/05/2024,CUST-01587,cust-01587@lumenmail.com,Accessories,2,17.29,0.0,,US,variant
ORD-007542,2024-01-26,CUST-01939,cust-01939@lumenmail.com,Furniture,3,72.85,0.0,Email,CA,control
ORD-001820,2024-10-22,CUST-00476,cust-00476@lumenmail.com,Décor,2,0.0,0.0,Paid Search,AU,
ORD-009527,28/12/2024,CUST-02175,cust-02175@lumenmail.com,Furniture,2,380.45,0.15,,US,control
ORD-002808,2024-05-25,CUST-01994,cust-01994@lumenmail.com,Décor,1,16.58,0.25,Organic,UK,variant
ORD-006254,2024-11-11,CUST-01681,cust-01681@lumenmail.com,Furniture,3,70.79,0.1,Email,US,variant
ORD-002551,2023-10-05,CUST-00434,cust-00434@lumenmail.com,Outdoor,1,8.59,0.0,Email,UK,variant
ORD-009597,2024-04-14,CUST-01541,cust-01541@lumenmail.com,Lighting,2,10.36,0.0,Email,CA,variant
ORD-007929,2024-01-05,CUST-01558,cust-01558@lumenmail.com,Outdoor,2,16.0,0.05,Social,UK,control
ORD-003517,26/10/2024,CUST-01567,cust-01567@lumenmail.com,Furniture,2,26.03,0.15,Email,US,control
ORD-004359,2023-12-08,CUST-01184,cust-01184@lumenmail.com,Lighting,5,151.31,0.0,Email,US,variant
ORD-005165,2023-09-24,CUST-02769,cust-02769@lumenmail.com,Lighting,3,69.53,0.0,Paid Search,US,
ORD-007261,2024-08-24,,guest@lumenmail.com,Outdoor,1,24.96,0.0,Organic,US,
ORD-007278,2023-12-26,CUST-01838,cust-01838@lumenmail.com,Décor,3,184.23,0.2,Email,US,
ORD-004236,2024-03-16,CUST-00928,cust-00928@lumenmail.com,Accessories,2,0.0,0.05,Paid Search,CA,control
ORD-003781,02/06/2024,CUST-02962,cust-02962@lumenmail.com,Décor,1,114.89,0.0,Email,CA,control
ORD-001660,2023-12-10,CUST-01683,cust-01683@lumenmail.com,Furniture,2,99.24,0.1,Paid Search,US,control
ORD-004687,2024-01-16,CUST-01116,cust-01116@lumenmail.com,Outdoor,1,57.09,0.2,Organic,US,control
ORD-002773,2024-12-30,CUST-02029,cust-02029@lumenmail.com,Outdoor,1,9.3,0.0,,US,control
ORD-006112,2024-01-27,CUST-01384,cust-01384@lumenmail.com,Outdoor,1,642.84,0.0,Organic,US,control
ORD-001640,2024-09-20,CUST-02516,cust-02516@lumenmail.com,Furniture,4,92.8,0.0,Email,CA,control
ORD-004854,17/07/2023,CUST-01608,cust-01608@lumenmail.com,Furniture,1,18.29,0.15,Organic,CA,
ORD-005401,2024-07-27,CUST-00689,cust-00689@lumenmail.com,Décor,1,303.62,0.0,Social,US,
ORD-000555,24/09/2024,CUST-02695,cust-02695@lumenmail.com,Outdoor,2,36.94,0.1,Paid Search,US,variant
ORD-004312,2024-02-28,CUST-02463,cust-02463@lumenmail.com,Lighting,7,73.83,0.0,Paid Search,US,variant
ORD-006604,2024-08-28,CUST-01152,cust-01152@lumenmail.com,Furniture,1,35.93,0.0,Social,US,variant
ORD-005848,2023-12-12,CUST-01836,cust-01836@lumenmail.com,Outdoor,2,38.61,0.05,Paid Search,US,
ORD-006313,2024-06-02,,guest@lumenmail.com,Décor,4,197.39,0.0,Social,US,variant
ORD-003890,2024-01-10,CUST-00960,cust-00960@lumenmail.com,Outdoor,3,5.33,0.05,Email,CA,
ORD-007931,2024-09-14,,guest@lumenmail.com,Outdoor,1,6.93,0.0,Email,US,control
ORD-004119,2024-11-27,CUST-02991,cust-02991@lumenmail.com,Furniture,2,10.65,0.05,Paid Search,US,
ORD-006932,2023-10-20,CUST-01787,cust-01787@lumenmail.com,Lighting,2,81.16,0.25,Organic,US,control
ORD-001705,2024-12-10,CUST-01257,cust-01257@lumenmail.com,Furniture,2,580.48,0.0,Email,US,
ORD-005460,2024-03-16,CUST-02182,cust-02182@lumenmail.com,Furniture,1,343.76,0.15,Organic,US,
ORD-009511,2023-12-03,CUST-02167,cust-02167@lumenmail.com,Lighting,4,170.37,0.0,Email,CA,
ORD-003317,2023-09-27,CUST-00989,cust-00989@lumenmail.com,Décor,3,58.4,0.1,Paid Search,CA,variant
ORD-000203,2023-06-17,CUST-02903,cust-02903@lumenmail.com,Accessories,3,45.98,0.1,Organic,US,control
ORD-002846,2023-06-11,CUST-00641,cust-00641@lumenmail.com,Furniture,2,107.46,0.0,Organic,US,control
ORD-002197,2024-04-28,CUST-00401,cust-00401@lumenmail.com,Furniture,2,797.94,0.1,Paid Search,US,control
ORD-007671,2024-03-05,CUST-01036,cust-01036@lumenmail.com,Décor,5,50.48,0.0,Social,CA,variant
ORD-001548,2024-06-08,CUST-01961,cust-01961@lumenmail.com,Furniture,2,113.39,0.2,Organic,UK,
ORD-000515,2024-07-07,CUST-01154,cust-01154@lumenmail.com,Furniture,1,384.19,0.1,Social,CA,variant
ORD-008191,2024-10-28,CUST-01987,cust-01987@lumenmail.com,Lighting,2,69.07,0.0,Paid Search,US,variant
ORD-000119,2024-09-29,CUST-02948,cust-02948@lumenmail.com,Lighting,1,90.84,0.0,,UK,variant
ORD-002035,2024-07-10,,guest@lumenmail.com,Lighting,3,6.13,0.0,Social,US,
ORD-004537,2024-09-11,CUST-00802,cust-00802@lumenmail.com,Outdoor,4,46.54,0.0,Organic,US,
ORD-000937,2024-12-02,CUST-01190,cust-01190@lumenmail.com,Furniture,7,114.69,0.0,Paid Search,US,variant
ORD-000506,2023-07-19,CUST-00996,cust-00996@lumenmail.com,Lighting,2,115.74,0.0,Email,UK,variant
ORD-005666,2024-06-03,CUST-00467,cust-00467@lumenmail.com,Outdoor,1,84.54,0.1,Paid Search,US,control
ORD-002495,2024-10-15,CUST-01355,cust-01355@lumenmail.com,Décor,-2,32.98,0.05,Organic,US,
ORD-002727,12/09/2023,CUST-02750,cust-02750@lumenmail.com,Lighting,2,87.14,0.0,Email,UK,
ORD-003327,2023-09-10,CUST-02636,cust-02636@lumenmail.com,Lighting,3,416.85,0.0,Paid Search,US,variant
ORD-001033,2023-10-24,CUST-01176,cust-01176@lumenmail.com,Furniture,3,33.41,0.05,Social,US,variant
ORD-005612,2024-07-02,CUST-00768,cust-00768@lumenmail.com,Lighting,2,85.58,0.0,Paid Search,US,control
ORD-008847,2024-01-20,CUST-02698,cust-02698@lumenmail.com,Lighting,3,66.4,0.0,Paid Search,US,variant
ORD-006716,2024-01-23,CUST-02795,cust-02795@lumenmail.com,Décor,2,20.17,0.15,Paid Search,UK,control
ORD-006367,20/12/2023,CUST-00580,cust-00580@lumenmail.com,Décor,2,91.94,0.0,Email,US,
ORD-006037,2024-11-10,CUST-01385,cust-01385@lumenmail.com,Lighting,1,26.33,0.0,Paid Search,UK,control
ORD-004143,2024-01-04,CUST-02072,cust-02072@lumenmail.com,Décor,1,381.86,0.0,Paid Search,US,
ORD-006907,2024-07-12,CUST-00935,cust-00935@lumenmail.com,Outdoor,2,196.36,0.05,Email,CA,control
ORD-005304,2023-08-30,CUST-02507,cust-02507@lumenmail.com,Furniture,5,48.57,0.05,Organic,CA,variant
ORD-000505,2024-03-21,CUST-02696,cust-02696@lumenmail.com,Lighting,2,44.65,0.05,Email,AU,variant
ORD-009222,2024-05-24,CUST-00947,cust-00947@lumenmail.com,Lighting,1,8.89,0.0,Email,US,control
ORD-005391,2024-07-08,CUST-02463,cust-02463@lumenmail.com,Lighting,2,84.4,0.05,Email,US,variant
ORD-004389,2024-06-03,CUST-02687,cust-02687@lumenmail.com,Outdoor,5,65.32,0.1,Email,US,variant
ORD-003402,2023-08-10,CUST-01907,cust-01907@lumenmail.com,Lighting,4,15.81,0.1,Organic,US,control
ORD-005126,2024-12-18,CUST-02632,cust-02632@lumenmail.com,Décor,4,146.68,0.0,Email,US,control
ORD-007093,2023-08-28,CUST-00160,cust-00160@lumenmail.com,Outdoor,5,218.14,0.0,Organic,CA,
ORD-008297,02/04/2024,CUST-01768,cust-01768@lumenmail.com,Décor,2,15.86,0.25,Organic,CA,control
ORD-007838,2024-06-28,CUST-00036,cust-00036@lumenmail.com,Furniture,2,40.49,0.15,,US,
ORD-005749,2023-06-30,CUST-01752,cust-01752@lumenmail.com,Décor,2,615.31,0.0,Email,US,variant
ORD-001842,2023-06-10,CUST-00534,cust-00534@lumenmail.com,Lighting,2,617.17,0.0,Email,US,control
ORD-003964,2024-03-22,CUST-00586,cust-00586@lumenmail.com,Lighting,2,437.12,0.15,Paid Search,CA,
ORD-003306,31/10/2024,CUST-00402,cust-00402@lumenmail.com,Furniture,1,331.54,0.15,Paid Search,US,control
ORD-002284,2024-02-02,,guest@lumenmail.com,Furniture,1,503.57,0.15,Paid Search,CA,control
ORD-005853,01/01/2024,CUST-01263,cust-01263@lumenmail.com,Furniture,2,354.66,0.05,Organic,US,
ORD-003529,2024-11-04,CUST-01433,cust-01433@lumenmail.com,Lighting,3,9.28,0.2,Paid Search,UK,control
ORD-000384,2023-08-17,CUST-02206,cust-02206@lumenmail.com,Lighting,1,72.58,0.0,Organic,UK,variant
ORD-009020,2023-10-22,CUST-00255,cust-00255@lumenmail.com,Décor,2,33.95,0.0,Organic,US,
ORD-001736,2024-12-16,CUST-00635,cust-00635@lumenmail.com,Furniture,3,173.98,0.15,Social,US,
ORD-008120,2024-03-29,CUST-01464,cust-01464@lumenmail.com,Lighting,1,196.84,0.15,Email,US,
ORD-003736,18/09/2023,CUST-02683,cust-02683@lumenmail.com,Lighting,1,36.11,0.0,Email,US,variant
ORD-005895,2024-05-23,CUST-01143,cust-01143@lumenmail.com,Lighting,2,37.27,0.0,Paid Search,US,
ORD-002775,2023-09-02,CUST-02031,cust-02031@lumenmail.com,Lighting,1,49.39,0.05,Organic,US,
ORD-007397,2024-01-19,CUST-02118,cust-02118@lumenmail.com,Outdoor,1,11.71,0.0,Social,AU,control
ORD-006216,2023-08-06,CUST-00296,cust-00296@lumenmail.com,Furniture,1,21.67,0.0,Paid Search,US,
ORD-001866,2024-11-03,CUST-00248,cust-00248@lumenmail.com,Lighting,1,30.3,0.0,Paid Search,UK,
ORD-008705,2024-12-29,CUST-00361,cust-00361@lumenmail.com,Outdoor,3,582.72,0.15,Social,AU,
ORD-005484,2024-12-25,CUST-01807,cust-01807@lumenmail.com,Lighting,2,86.58,0.0,Organic,UK,
ORD-001808,2024-01-29,,guest@lumenmail.com,Décor,2,106.23,0.1,Email,US,
ORD-006227,2024-07-13,CUST-01465,cust-01465@lumenmail.com,Furniture,1,151.56,0.0,Paid Search,CA,variant
ORD-006453,2023-10-28,,guest@lumenmail.com,Décor,3,38.01,0.0,Email,US,variant
ORD-005230,03/06/2023,CUST-02092,cust-02092@lumenmail.com,Furniture,3,53.99,0.0,Paid Search,US,
ORD-003974,07/08/2023,CUST-00276,cust-00276@lumenmail.com,Lighting,1,444.93,0.15,Paid Search,ZZ,
ORD-000343,29/06/2023,CUST-02343,cust-02343@lumenmail.com,Outdoor,2,15.24,0.05,Email,US,
ORD-008758,2024-11-15,CUST-01236,cust-01236@lumenmail.com,Lighting,1,66.58,0.05,Email,US,control
ORD-008570,2024-06-01,CUST-01041,cust-01041@lumenmail.com,Décor,1,45.81,0.0,Social,US,variant
ORD-006311,2024-12-13,CUST-00115,cust-00115@lumenmail.com,Décor,2,58.37,0.0,Social,UK,
ORD-002192,2023-11-21,CUST-00020,cust-00020@lumenmail.com,Décor,1,53.86,0.0,Paid Search,UK,control
ORD-000054,11/12/2023,CUST-01752,cust-01752@lumenmail.com,Décor,1,7.85,0.0,,US,control
ORD-008372,25/08/2023,CUST-02878,cust-02878@lumenmail.com,Furniture,5,219.91,0.0,Paid Search,US,
ORD-005075,2024-08-07,,guest@lumenmail.com,Outdoor,5,26.74,0.0,Paid Search,US,
ORD-008022,,CUST-01911,cust-01911@lumenmail.com,Furniture,3,44.55,0.15,Organic,CA,variant
ORD-006068,2023-09-07,CUST-02816,cust-02816@lumenmail.com,Lighting,2,8.08,0.1,Social,CA,variant
ORD-002864,2024-07-27,,guest@lumenmail.com,Outdoor,1,14.43,0.0,Email,US,control
ORD-008219,2023-11-07,CUST-02440,cust-02440@lumenmail.com,Décor,1,7.71,0.0,Paid Search,ZZ,
ORD-004751,2024-12-02,CUST-02585,cust-02585@lumenmail.com,Lighting,2,175.45,0.2,Paid Search,CA,variant
ORD-005234,2024-12-17,,guest@lumenmail.com,Lighting,2,47.94,0.1,Organic,UK,variant
ORD-001998,2024-11-25,CUST-00987,cust-00987@lumenmail.com,Décor,-2,57.96,0.0,Paid Search,US,variant
ORD-003057,14/12/2023,CUST-00618,cust-00618@lumenmail.com,Outdoor,2,398.31,0.05,Paid Search,UK,variant
ORD-003020,2024-05-27,CUST-00125,cust-00125@lumenmail.com,Lighting,2,323.27,0.0,Email,CA,control
ORD-007235,2024-09-29,,guest@lumenmail.com,Furniture,1,395.71,0.05,Email,US,variant
ORD-004550,2023-10-01,CUST-00619,cust-00619@lumenmail.com,Outdoor,2,199.87,0.05,Organic,US,variant
ORD-004248,2024-12-18,CUST-01381,cust-01381@lumenmail.com,Lighting,1,43.73,0.2,Paid Search,UK,
ORD-001546,2023-10-15,CUST-00990,cust-00990@lumenmail.com,Furniture,1,113.37,0.0,Email,US,
ORD-004486,,CUST-00800,cust-00800@lumenmail.com,Outdoor,1,585.97,0.0,Email,CA,
ORD-001924,17/04/2024,,guest@lumenmail.com,Outdoor,5,67.06,0.05,Organic,US,variant
ORD-000773,2024-01-13,CUST-02943,cust-02943@lumenmail.com,Décor,1,173.4,0.0,Paid Search,US,variant
ORD-002684,2023-09-01,CUST-01157,cust-01157@lumenmail.com,Décor,5,40.06,0.15,Social,US,control
ORD-006995,2023-07-18,CUST-00849,cust-00849@lumenmail.com,Lighting,2,544.07,0.15,Organic,US,
ORD-007758,2024-10-11,CUST-02510,cust-02510@lumenmail.com,Lighting,3,38.76,0.05,Social,US,
ORD-007438,2024-03-18,CUST-00059,cust-00059@lumenmail.com,Lighting,5,158.57,0.0,Organic,US,
ORD-004738,2023-11-02,CUST-01530,cust-01530@lumenmail.com,Lighting,4,49.17,0.0,Paid Search,US,
ORD-008558,22/07/2024,,guest@lumenmail.com,Décor,2,38.31,0.05,Social,US,control
ORD-001733,2023-12-09,CUST-00068,cust-00068@lumenmail.com,Outdoor,2,87.29,0.0,Email,US,variant
ORD-005804,2024-07-18,CUST-02667,cust-02667@lumenmail.com,Décor,1,267.14,0.0,Paid Search,US,control
ORD-007120,2023-10-24,CUST-01971,cust-01971@lumenmail.com,Outdoor,1,90.9,0.1,Organic,ZZ,variant
ORD-000339,2023-12-29,CUST-02029,cust-02029@lumenmail.com,Furniture,1,31.26,0.0,Organic,UK,control
ORD-007213,2024-03-19,CUST-00980,cust-00980@lumenmail.com,Lighting,3,9.53,0.0,Email,AU,
ORD-008695,23/09/2024,CUST-00387,cust-00387@lumenmail.com,Outdoor,3,47.16,0.0,Paid Search,US,
ORD-006355,2024-07-04,CUST-02291,cust-02291@lumenmail.com,Lighting,2,49.67,0.15,Paid Search,US,control
ORD-000589,2024-11-18,CUST-02560,cust-02560@lumenmail.com,Lighting,1,230.52,0.0,Paid Search,CA,control
ORD-000682,2024-10-13,CUST-02495,cust-02495@lumenmail.com,Furniture,1,169.05,0.15,Email,US,variant
ORD-002897,17/07/2023,,guest@lumenmail.com,Décor,1,52.14,0.0,Email,US,
ORD-000222,2023-11-11,CUST-02756,cust-02756@lumenmail.com,Lighting,1,21.81,0.25,Paid Search,UK,variant
ORD-008247,2024-10-07,CUST-00805,cust-00805@lumenmail.com,Décor,3,175.85,0.15,Organic,US,control
ORD-009248,2023-11-27,,guest@lumenmail.com,Accessories,1,36.91,0.05,Email,US,
ORD-008410,30/11/2024,,guest@lumenmail.com,Décor,1,194.53,0.0,Paid Search,US,
ORD-000523,2024-01-29,CUST-00128,cust-00128@lumenmail.com,Décor,3,41.11,0.15,Organic,US,control
ORD-002464,2024-11-28,CUST-00817,cust-00817@lumenmail.com,Décor,1,92.9,0.05,Paid Search,US,control
ORD-003210,2024-11-02,CUST-02798,cust-02798@lumenmail.com,Lighting,1,328.63,0.0,Paid Search,US,variant
ORD-003449,2024-02-10,CUST-01732,cust-01732@lumenmail.com,Lighting,6,384.35,0.0,Paid Search,US,control
ORD-009191,2024-06-28,CUST-01141,cust-01141@lumenmail.com,Lighting,2,58.76,0.15,Email,US,
ORD-007124,02/10/2023,CUST-02961,cust-02961@lumenmail.com,Furniture,2,6.48,0.0,,US,
ORD-009131,2024-07-02,CUST-01409,cust-01409@lumenmail.com,Lighting,2,61.96,0.1,Email,US,variant
ORD-004240,2024-11-14,CUST-00822,cust-00822@lumenmail.com,Décor,1,745.22,0.0,Paid Search,US,
ORD-003483,2024-09-25,CUST-02357,cust-02357@lumenmail.com,Lighting,3,72.37,0.0,,US,
ORD-003065,2024-03-26,CUST-02876,cust-02876@lumenmail.com,Lighting,3,31.12,0.15,Email,US,control
ORD-007190,2024-02-07,CUST-02400,cust-02400@lumenmail.com,Décor,4,17.36,0.0,Email,UK,variant
ORD-004464,2024-12-10,CUST-00713,cust-00713@lumenmail.com,Décor,1,97.87,0.0,Paid Search,CA,variant
ORD-006264,2024-05-21,CUST-02356,cust-02356@lumenmail.com,Lighting,1,56.92,0.05,Paid Search,US,control
ORD-004652,2023-10-31,CUST-00142,cust-00142@lumenmail.com,Décor,1,57.01,0.0,Organic,UK,
ORD-002358,2024-02-11,CUST-01371,cust-01371@lumenmail.com,Décor,1,80.11,0.05,Organic,US,control
ORD-009440,2023-08-13,CUST-00716,cust-00716@lumenmail.com,Décor,1,315.17,0.0,Paid Search,CA,control
ORD-000192,2024-03-14,,guest@lumenmail.com,Furniture,1,15.42,0.0,Organic,US,control
ORD-006900,2024-05-24,CUST-01433,cust-01433@lumenmail.com,Décor,3,31.73,0.05,Email,US,
ORD-002124,2024-03-12,CUST-01057,cust-01057@lumenmail.com,Furniture,2,163.04,0.05,Email,ZZ,control
ORD-004948,2024-09-26,CUST-01223,cust-01223@lumenmail.com,Lighting,1,327.05,0.1,Organic,US,
ORD-009479,2024-10-24,CUST-02561,cust-02561@lumenmail.com,Furniture,1,188.41,0.0,Email,US,variant
ORD-001513,2024-11-09,CUST-02522,cust-02522@lumenmail.com,Accessories,1,14.17,0.05,Email,US,
ORD-006833,2024-04-26,CUST-01516,cust-01516@lumenmail.com,Accessories,2,383.75,0.05,Organic,US,control
ORD-000533,2024-10-05,CUST-02236,cust-02236@lumenmail.com,Outdoor,2,81.54,0.05,Paid Search,US,
ORD-006189,2023-10-19,CUST-01703,cust-01703@lumenmail.com,Lighting,2,47.87,0.0,Paid Search,AU,
ORD-001077,31/07/2024,CUST-01479,cust-01479@lumenmail.com,Furniture,1,172.11,0.0,,US,
ORD-008596,2023-07-03,CUST-02487,cust-02487@lumenmail.com,Outdoor,4,174.79,0.1,Organic,US,control
ORD-000469,2024-10-24,,guest@lumenmail.com,Décor,1,43.45,0.0,Social,US,variant
ORD-008800,2024-09-11,CUST-00485,cust-00485@lumenmail.com,Décor,1,6.84,0.0,Email,US,control
ORD-007216,2023-08-08,CUST-02281,cust-02281@lumenmail.com,Lighting,2,45.17,0.0,Organic,US,
ORD-007952,2024-08-04,CUST-01446,cust-01446@lumenmail.com,Décor,2,110.03,0.05,Organic,US,control
ORD-000322,2024-05-10,CUST-02763,cust-02763@lumenmail.com,Furniture,1,5.61,0.05,Social,US,variant
ORD-003203,2023-08-24,CUST-00946,cust-00946@lumenmail.com,Furniture,2,15.85,0.0,Organic,US,
ORD-008577,27/11/2023,CUST-01840,cust-01840@lumenmail.com,Décor,6,51.77,0.0,Paid Search,US,variant
ORD-007012,17/12/2023,,guest@lumenmail.com,Décor,1,36.04,0.0,Social,US,variant
ORD-002924,2024-04-09,CUST-02768,cust-02768@lumenmail.com,Lighting,3,55.37,0.15,Organic,CA,
ORD-005539,2024-06-15,CUST-01162,cust-01162@lumenmail.com,Décor,2,88.18,0.1,Email,US,
ORD-005467,2023-09-01,CUST-00438,cust-00438@lumenmail.com,Accessories,6,8.77,0.1,Email,AU,
ORD-001793,2024-09-19,CUST-00009,cust-00009@lumenmail.com,Furniture,1,445.73,0.05,Paid Search,CA,
ORD-000191,19/05/2024,CUST-02093,cust-02093@lumenmail.com,Lighting,5,14.13,0.0,Organic,US,control
ORD-001598,2024-06-18,CUST-02550,cust-02550@lumenmail.com,Lighting,5,310.37,0.1,Paid Search,US,control
ORD-006261,2023-12-06,CUST-02796,cust-02796@lumenmail.com,Décor,6,17.02,0.0,Paid Search,US,control
ORD-007437,2023-06-06,CUST-01692,cust-01692@lumenmail.com,Lighting,1,141.44,0.05,Organic,US,
ORD-002325,2024-03-15,,guest@lumenmail.com,Lighting,3,29.87,0.0,Email,US,
ORD-008995,15/05/2024,CUST-02068,cust-02068@lumenmail.com,Lighting,1,103.15,0.0,Organic,US,control
ORD-005171,03/04/2024,CUST-00210,cust-00210@lumenmail.com,Décor,3,67.16,0.05,Paid Search,US,
ORD-000912,2024-02-26,CUST-00454,cust-00454@lumenmail.com,Outdoor,2,94.69,0.1,Social,US,
ORD-003725,2024-10-26,CUST-01211,cust-01211@lumenmail.com,Furniture,1,182.42,0.0,Organic,CA,variant
ORD-004357,2023-07-09,CUST-01405,cust-01405@lumenmail.com,Lighting,2,110.92,0.05,Email,US,
ORD-005710,2024-09-14,CUST-00970,cust-00970@lumenmail.com,Décor,2,40.46,0.15,Social,ZZ,control
ORD-007684,2023-08-11,CUST-02518,cust-02518@lumenmail.com,Furniture,3,393.66,0.0,Organic,US,
ORD-003721,2024-01-30,,guest@lumenmail.com,Furniture,1,82.69,0.05,Paid Search,US,variant
ORD-003023,2024-11-22,CUST-00419,cust-00419@lumenmail.com,Lighting,1,14.61,0.05,Social,US,
ORD-003707,08/05/2024,CUST-01435,cust-01435@lumenmail.com,Lighting,3,7.58,0.0,Email,UK,
ORD-003491,2024-02-04,CUST-00324,cust-00324@lumenmail.com,Décor,1,41.3,0.0,Email,US,
ORD-008574,2024-04-01,CUST-01048,cust-01048@lumenmail.com,Outdoor,5,128.24,0.0,,US,control
ORD-000731,2024-10-22,CUST-02862,cust-02862@lumenmail.com,Décor,4,25.28,0.0,Paid Search,UK,control
ORD-002908,2023-10-25,CUST-00001,cust-00001@lumenmail.com,Décor,3,42.52,0.2,Organic,UK,
ORD-002118,26/12/2023,CUST-02147,cust-02147@lumenmail.com,Décor,2,8.62,0.25,Email,US,variant
ORD-008397,26/09/2024,CUST-02964,cust-02964@lumenmail.com,Décor,1,163.1,0.0,Paid Search,US,control
ORD-000932,2024-10-13,CUST-02678,cust-02678@lumenmail.com,Décor,2,728.28,0.15,Paid Search,US,control
ORD-006180,2023-08-01,CUST-01739,cust-01739@lumenmail.com,Furniture,2,0.0,0.0,Organic,ZZ,variant
ORD-004304,2024-06-29,CUST-02351,cust-02351@lumenmail.com,Furniture,5,135.14,0.0,Organic,CA,
ORD-001784,2024-12-06,CUST-02638,cust-02638@lumenmail.com,Lighting,1,166.59,0.0,Paid Search,AU,control
ORD-005936,2024-12-29,CUST-02926,cust-02926@lumenmail.com,Outdoor,1,12.21,0.0,Paid Search,US,
ORD-007943,2024-01-07,CUST-01831,cust-01831@lumenmail.com,Outdoor,2,138.56,0.0,Organic,US,
ORD-001507,2023-11-28,CUST-00901,cust-00901@lumenmail.com,Décor,1,308.11,0.05,Paid Search,US,variant
ORD-006821,2024-11-21,CUST-00099,cust-00099@lumenmail.com,Outdoor,1,40.29,0.05,,US,variant
ORD-007902,2024-10-15,CUST-02506,cust-02506@lumenmail.com,Furniture,3,39.82,0.1,Organic,UK,variant
ORD-004922,2024-05-03,CUST-01043,cust-01043@lumenmail.com,Décor,1,48.89,0.0,Organic,US,variant
ORD-000410,2023-12-31,CUST-01458,cust-01458@lumenmail.com,Furniture,2,10.92,0.05,Social,US,
ORD-000560,2024-07-03,CUST-01941,cust-01941@lumenmail.com,Décor,3,22.01,0.0,Paid Search,UK,
ORD-006501,30/04/2024,CUST-01697,cust-01697@lumenmail.com,Décor,4,96.19,0.0,Social,US,
