order_id,order_date,customer_id,customer_email,product_category,quantity,unit_price,discount_pct,channel,country,experiment_group
ORD-001678,2024-12-05,CUST-00778,cust-00778@lumenmail.com,Furniture,1,59.79,0.0,Paid Search,US,control
ORD-000921,2024-10-16,,guest@lumenmail.com,Décor,1,90.81,0.2,Email,UK,
ORD-008780,2023-09-29,CUST-00228,cust-00228@lumenmail.com,Outdoor,3,27.91,0.0,Paid Search,US,variant
ORD-009567,21/07/2023,CUST-00617,cust-00617@lumenmail.com,Lighting,1,27.44,0.1,Organic,US,variant
ORD-004566,2023-12-02,CUST-01704,cust-01704@lumenmail.com,Furniture,2,22.08,0.15,Paid Search,US,control
ORD-004097,21/03/2024,CUST-00693,cust-00693@lumenmail.com,Lighting,2,26.63,0.15,,UK,
ORD-007464,2024-04-01,CUST-02751,cust-02751@lumenmail.com,Outdoor,2,329.66,0.0,Paid Search,CA,variant
ORD-007050,2023-07-14,,guest@lumenmail.com,Furniture,2,334.28,0.0,Paid Search,UK,
ORD-009135,2023-09-02,CUST-02624,cust-02624@lumenmail.com,Lighting,1,107.45,0.0,Email,US,
ORD-003431,2024-01-13,CUST-00419,cust-00419@lumenmail.com,Lighting,1,249.24,0.0,Paid Search,US,
ORD-008778,2024-09-15,CUST-02289,cust-02289@lumenmail.com,Lighting,1,139.73,0.05,Email,US,
ORD-002999,2023-08-21,CUST-01711,cust-01711@lumenmail.com,Outdoor,2,153.0,0.05,Email,US,variant
ORD-003232,2024-05-16,CUST-02660,cust-02660@lumenmail.com,Décor,1,90.14,0.05,Organic,US,control
ORD-003898,2023-09-12,CUST-01934,cust-01934@lumenmail.com,Outdoor,5,164.82,0.05,Paid Search,US,
ORD-005247,22/04/2024,CUST-01339,cust-01339@lumenmail.com,Furniture,2,353.42,0.05,Paid Search,US,control
ORD-003921,2024-07-02,CUST-01970,cust-01970@lumenmail.com,Furniture,2,367.0,0.0,Organic,US,variant
ORD-002373,2024-04-20,CUST-02839,cust-02839@lumenmail.com,Outdoor,2,91.67,0.25,Email,US,control
ORD-003947,03/01/2024,CUST-02099,cust-02099@lumenmail.com,Lighting,4,692.69,0.2,Social,ZZ,variant
ORD-005490,2024-12-18,,guest@lumenmail.com,Lighting,1,14.76,0.0,Social,CA,
ORD-006721,30/09/2024,,guest@lumenmail.com,Lighting,7,69.39,0.15,Social,ZZ,control
ORD-006361,03/07/2024,CUST-02255,cust-02255@lumenmail.com,Décor,2,115.75,0.1,Email,US,control
ORD-008946,2024-07-20,,guest@lumenmail.com,Lighting,1,43.31,0.0,Email,US,
ORD-009520,2024-09-16,CUST-01578,cust-01578@lumenmail.com,Lighting,2,92.24,0.0,Paid Search,US,variant
ORD-008950,2024-03-01,CUST-01890,cust-01890@lumenmail.com,Décor,1,113.9,0.1,Social,US,
ORD-006866,2023-11-25,CUST-00246,cust-00246@lumenmail.com,Décor,1,40.79,0.0,Email,US,variant
ORD-001839,2023-08-22,CUST-00174,cust-00174@lumenmail.com,Furniture,7,61.36,0.05,Paid Search,US,variant
ORD-006099,28/11/2023,CUST-01596,cust-01596@lumenmail.com,Décor,2,311.3,0.0,Organic,AU,
ORD-001757,20/08/2023,CUST-01471,cust-01471@lumenmail.com,Lighting,1,164.43,0.0,Email,US,control
ORD-003645,2024-05-29,CUST-01088,cust-01088@lumenmail.com,Décor,2,73.41,0.0,Email,AU,
ORD-004518,2024-11-05,CUST-00230,cust-00230@lumenmail.com,Furniture,2,33.7,0.15,Paid Search,US,
ORD-008862,2023-11-22,CUST-01160,cust-01160@lumenmail.com,Lighting,2,150.06,0.0,Email,US,control
ORD-006756,2023-08-06,,guest@lumenmail.com,Furniture,2,500.71,0.0,Paid Search,US,variant
ORD-005114,2023-10-07,CUST-01408,cust-01408@lumenmail.com,Lighting,3,186.33,0.0,Organic,US,
ORD-002638,2023-06-09,,guest@lumenmail.com,Lighting,1,63.26,0.0,Paid Search,UK,variant
ORD-002824,2024-09-14,CUST-00128,cust-00128@lumenmail.com,Lighting,5,671.97,0.1,Email,CA,control
ORD-000757,15/01/2024,CUST-00650,cust-00650@lumenmail.com,Lighting,1,40.19,0.0,Paid Search,CA,control
ORD-008538,2024-08-24,CUST-02500,cust-02500@lumenmail.com,Outdoor,3,263.36,0.15,Social,CA,variant
ORD-007194,2024-03-06,CUST-02697,cust-02697@lumenmail.com,Lighting,5,729.4,0.25,Organic,US,
ORD-005850,2023-07-29,CUST-01362,cust-01362@lumenmail.com,Lighting,1,29.56,0.0,Paid Search,US,variant
ORD-000098,12/10/2024,CUST-01764,cust-01764@lumenmail.com,Outdoor,-1,92.83,0.1,Paid Search,CA,control
ORD-008215,2023-06-07,CUST-01195,cust-01195@lumenmail.com,Décor,1,445.76,0.15,Paid Search,CA,variant
ORD-000541,2023-09-30,CUST-00464,cust-00464@lumenmail.com,Accessories,1,228.54,0.0,Paid Search,US,control
ORD-002972,2024-04-21,,guest@lumenmail.com,Décor,1,78.38,0.0,Paid Search,CA,variant
ORD-000452,24/07/2023,CUST-02447,cust-02447@lumenmail.com,Lighting,1,617.94,0.0,Email,US,
ORD-008530,2024-07-05,CUST-01313,cust-01313@lumenmail.com,Accessories,1,160.37,0.25,Social,AU,
ORD-002779,2023-11-28,CUST-00624,cust-00624@lumenmail.com,Furniture,1,89.96,0.05,Paid Search,UK,variant
ORD-006436,09/05/2024,CUST-01910,cust-01910@lumenmail.com,Décor,1,51.43,0.15,Social,US,
ORD-001809,2023-09-25,CUST-02386,cust-02386@lumenmail.com,Outdoor,1,16.74,0.1,Paid Search,US,variant
ORD-008317,2024-12-18,CUST-02107,cust-02107@lumenmail.com,Lighting,3,766.61,0.0,Paid Search,US,variant
ORD-007251,2023-12-15,CUST-01020,cust-01020@lumenmail.com,Outdoor,1,171.06,0.2,Paid Search,US,
ORD-009139,23/03/2024,CUST-02006,cust-02006@lumenmail.com,Outdoor,2,35.81,0.15,,AU,control
ORD-003205,2023-12-13,CUST-02296,cust-02296@lumenmail.com,Accessories,2,132.81,0.05,Email,CA,variant
ORD-002927,2024-12-01,,guest@lumenmail.com,Décor,2,43.42,0.0,Paid Search,US,variant
ORD-005841,2024-09-24,CUST-00572,cust-00572@lumenmail.com,Furniture,6,0.0,0.05,Organic,US,
ORD-001580,2023-09-12,CUST-02845,cust-02845@lumenmail.com,Lighting,1,78.01,0.15,Email,US,variant
ORD-000105,05/11/2023,CUST-02935,cust-02935@lumenmail.com,Outdoor,1,171.77,0.1,Paid Search,US,control
ORD-002689,2023-07-24,CUST-01938,cust-01938@lumenmail.com,Accessories,1,109.28,0.05,Paid Search,US,control
ORD-008123,2023-12-07,CUST-02427,cust-02427@lumenmail.com,Décor,1,6.05,0.15,Paid Search,UK,
ORD-000664,2023-10-18,CUST-02371,cust-02371@lumenmail.com,Décor,1,94.47,0.25,Paid Search,AU,variant
ORD-008070,2024-07-20,CUST-02029,cust-02029@lumenmail.com,Outdoor,1,665.48,0.15,Paid Search,US,variant
ORD-003429,2024-06-17,CUST-00178,cust-00178@lumenmail.com,Lighting,6,20.94,0.0,Paid Search,CA,variant
ORD-001316,2024-07-01,CUST-02268,cust-02268@lumenmail.com,Lighting,1,330.34,0.2,Email,US,variant
ORD-002979,2023-12-03,CUST-01499,cust-01499@lumenmail.com,Furniture,2,45.04,0.1,Email,AU,variant
ORD-003935,2024-04-21,CUST-00157,cust-00157@lumenmail.com,Outdoor,3,417.91,0.05,Organic,CA,control
ORD-008261,2024-09-17,CUST-00317,cust-00317@lumenmail.com,Lighting,2,54.74,0.1,Email,AU,control
ORD-000860,2023-11-10,CUST-01155,cust-01155@lumenmail.com,Décor,1,89.59,0.1,Email,US,variant
ORD-002339,2023-11-26,CUST-00804,cust-00804@lumenmail.com,Lighting,1,710.65,0.0,Organic,UK,
ORD-008575,2024-02-09,CUST-02562,cust-02562@lumenmail.com,Outdoor,1,98.89,0.05,Paid Search,US,variant
ORD-007455,2024-01-15,CUST-00708,cust-00708@lumenmail.com,Lighting,4,29.2,0.0,Paid Search,US,
ORD-005134,08/12/2024,CUST-00475,cust-00475@lumenmail.com,Lighting,1,157.7,0.0,Social,CA,control
ORD-007412,28/05/2024,CUST-01275,cust-01275@lumenmail.com,Lighting,1,76.26,0.0,Organic,US,
ORD-002287,2023-12-02,CUST-02545,cust-02545@lumenmail.com,Lighting,2,19.26,0.1,Email,AU,control
ORD-001888,2024-07-25,CUST-00468,cust-00468@lumenmail.com,Outdoor,7,37.89,0.0,Paid Search,CA,
ORD-005909,22/12/2024,CUST-01754,cust-01754@lumenmail.com,Outdoor,2,83.29,0.05,Organic,US,
ORD-003520,2023-07-18,CUST-00404,cust-00404@lumenmail.com,Décor,4,100.62,0.0,Organic,US,variant
ORD-001467,15/08/2024,CUST-01888,cust-01888@lumenmail.com,Lighting,2,128.65,0.0,Email,UK,control
ORD-009539,2024-10-07,CUST-01245,cust-01245@lumenmail.com,Furniture,-3,86.89,0.0,Email,ZZ,variant
ORD-001106,2024-12-07,CUST-01937,cust-01937@lumenmail.com,Furniture,3,132.32,0.2,Organic,US,
ORD-002713,2024-12-22,CUST-01219,cust-01219@lumenmail.com,Accessories,2,141.08,0.0,Paid Search,US,
ORD-002061,2023-08-21,CUST-01209,cust-01209@lumenmail.com,Décor,1,172.46,0.0,Paid Search,CA,variant
ORD-003697,2023-06-17,CUST-01438,cust-01438@lumenmail.com,Furniture,3,319.58,0.2,Organic,US,
ORD-005399,2024-01-28,CUST-01750,cust-01750@lumenmail.com,Lighting,2,99.4,0.2,Paid Search,US,control
ORD-003325,2023-10-21,CUST-01385,cust-01385@lumenmail.com,Lighting,1,26.24,0.1,Organic,US,variant
ORD-003400,2024-09-03,,guest@lumenmail.com,Outdoor,1,11.25,0.1,Organic,US,
ORD-007210,2023-07-03,,guest@lumenmail.com,Lighting,1,204.07,0.0,Social,US,
ORD-000530,2023-09-22,CUST-01286,cust-01286@lumenmail.com,Décor,2,40.48,0.1,Organic,US,variant
ORD-006696,2024-02-23,CUST-01915,cust-01915@lumenmail.com,Lighting,3,386.61,0.0,Organic,US,
ORD-004505,2024-06-29,CUST-02875,cust-02875@lumenmail.com,Lighting,2,72.22,0.2,Paid Search,US,control
ORD-008360,2024-08-21,CUST-00567,cust-00567@lumenmail.com,Outdoor,1,38.67,0.05,Organic,CA,
ORD-008147,2023-08-25,,guest@lumenmail.com,Lighting,1,27.24,0.0,Social,US,variant
ORD-006320,2024-08-08,,guest@lumenmail.com,Lighting,1,69.61,0.1,,US,variant
ORD-007461,2024-03-18,CUST-02304,cust-02304@lumenmail.com,Lighting,3,72.39,0.05,Email,US,variant
ORD-007460,14/03/2024,CUST-01258,cust-01258@lumenmail.com,Décor,1,64.73,0.0,Organic,US,
ORD-003710,2024-10-14,CUST-00923,cust-00923@lumenmail.com,Lighting,1,120.89,0.0,Paid Search,CA,variant
ORD-000457,2024-09-23,CUST-02213,cust-02213@lumenmail.com,Accessories,1,748.36,0.15,Email,US,
ORD-002143,2024-04-29,CUST-02380,cust-02380@lumenmail.com,Furniture,3,213.93,0.1,Organic,US,control
ORD-009349,2024-09-15,CUST-00115,cust-00115@lumenmail.com,Lighting,1,116.24,0.0,Organic,US,
ORD-005001,2023-09-13,CUST-02254,cust-02254@lumenmail.com,Décor,1,29.06,0.0,Organic,UK,
ORD-009318,2024-04-07,CUST-02992,cust-02992@lumenmail.com,Furniture,2,89.29,0.0,Email,US,variant
ORD-008636,2024-11-24,CUST-00606,cust-00606@lumenmail.com,Lighting,3,140.32,0.05,Email,US,
ORD-000388,2024-09-24,CUST-02296,cust-02296@lumenmail.com,Furniture,1,32.55,0.1,Email,US,
ORD-008563,2024-12-25,CUST-01618,cust-01618@lumenmail.com,Lighting,1,18.52,0.1,Organic,US,variant
ORD-002719,2023-12-13,CUST-01894,cust-01894@lumenmail.com,Lighting,1,120.57,0.05,Paid Search,CA,
ORD-006883,2023-11-23,CUST-00735,cust-00735@lumenmail.com,Lighting,6,0.0,0.0,Organic,US,
ORD-008013,2023-12-30,CUST-02219,cust-02219@lumenmail.com,Lighting,2,81.02,0.0,Organic,US,
ORD-002985,2024-01-27,CUST-02408,cust-02408@lumenmail.com,Furniture,3,365.76,0.0,Social,CA,
ORD-002886,2023-06-03,CUST-01017,cust-01017@lumenmail.com,Accessories,1,514.33,0.0,Organic,US,control
ORD-007370,2024-08-14,CUST-00327,cust-00327@lumenmail.com,Lighting,1,65.71,0.1,Paid Search,US,variant
ORD-006299,2023-09-13,CUST-01278,cust-01278@lumenmail.com,Lighting,5,14.15,0.0,Email,US,variant
ORD-008339,2024-10-01,CUST-00449,cust-00449@lumenmail.com,Décor,1,743.87,0.05,Paid Search,US,control
ORD-002248,2024-04-08,CUST-02156,cust-02156@lumenmail.com,Outdoor,2,51.23,0.15,Organic,US,control
ORD-004448,2024-01-14,CUST-01743,cust-01743@lumenmail.com,Décor,2,35.53,0.0,Organic,US,variant
ORD-004870,2024-09-21,CUST-02805,cust-02805@lumenmail.com,Furniture,3,88.27,0.0,Paid Search,CA,control
ORD-000303,2024-04-14,,guest@lumenmail.com,Lighting,6,194.77,0.0,Email,UK,variant
ORD-003306,2024-08-23,CUST-00800,cust-00800@lumenmail.com,Lighting,1,170.56,0.0,Email,CA,variant
ORD-005030,2023-12-23,CUST-01509,cust-01509@lumenmail.com,Lighting,3,5.9,0.05,Organic,US,
ORD-008521,2023-10-21,CUST-02728,cust-02728@lumenmail.com,Lighting,2,236.33,0.15,Email,US,variant
ORD-003862,2023-06-03,CUST-01963,cust-01963@lumenmail.com,Accessories,1,40.61,0.0,Paid Search,CA,control
ORD-006519,2024-12-12,CUST-02814,cust-02814@lumenmail.com,Lighting,2,414.5,0.0,Organic,US,control
ORD-005357,2023-09-10,CUST-01636,cust-01636@lumenmail.com,Lighting,2,78.0,0.0,Email,US,control
ORD-001325,15/10/2024,CUST-01620,cust-01620@lumenmail.com,Lighting,1,36.24,0.0,Email,US,control
ORD-006631,2024-12-17,CUST-00565,cust-00565@lumenmail.com,Lighting,5,146.09,0.05,Email,US,variant
ORD-004770,08/08/2024,,guest@lumenmail.com,Lighting,2,74.11,0.15,Paid Search,UK,control
ORD-006069,2024-11-23,CUST-02435,cust-02435@lumenmail.com,Lighting,1,27.47,0.0,Email,CA,
ORD-003641,04/12/2023,CUST-00416,cust-00416@lumenmail.com,Lighting,1,288.99,0.0,Email,US,variant
ORD-002968,2024-03-28,CUST-00074,cust-00074@lumenmail.com,Lighting,1,57.55,0.0,Email,US,
ORD-006016,2024-10-05,,guest@lumenmail.com,Décor,1,169.07,0.0,Paid Search,US,
ORD-006836,18/02/2024,CUST-01019,cust-01019@lumenmail.com,Furniture,1,89.22,0.25,Organic,US,control
ORD-001692,2024-05-26,CUST-01868,cust-01868@lumenmail.com,Lighting,7,31.73,0.2,Email,US,control
ORD-006078,2024-11-22,CUST-02959,cust-02959@lumenmail.com,Lighting,2,364.52,0.0,,US,control
ORD-005838,2024-01-25,CUST-02398,cust-02398@lumenmail.com,Décor,1,41.14,0.0,Social,US,control
ORD-002527,2024-03-12,CUST-00869,cust-00869@lumenmail.com,Lighting,3,54.23,0.0,Email,CA,
ORD-008653,05/09/2024,CUST-02980,cust-02980@lumenmail.com,Décor,1,57.72,0.25,Paid Search,US,control
ORD-003959,2023-09-14,,guest@lumenmail.com,Lighting,1,294.21,0.1,Social,US,
ORD-004555,2023-08-14,CUST-00881,cust-00881@lumenmail.com,Furniture,3,97.3,0.05,Email,US,variant
ORD-009199,2024-09-04,CUST-02737,cust-02737@lumenmail.com,Décor,3,695.59,0.0,Email,CA,variant
ORD-001014,2024-09-03,CUST-00685,cust-00685@lumenmail.com,Lighting,4,128.01,0.0,Email,UK,variant
ORD-005263,2023-07-28,CUST-00667,cust-00667@lumenmail.com,Lighting,-3,42.82,0.0,Paid Search,UK,
ORD-009297,2024-09-24,CUST-01549,cust-01549@lumenmail.com,Lighting,1,52.46,0.2,,US,variant
ORD-004437,2023-10-22,CUST-01029,cust-01029@lumenmail.com,Décor,1,79.03,0.05,Paid Search,CA,variant
ORD-003476,24/12/2024,,guest@lumenmail.com,Décor,1,194.03,0.05,Paid Search,AU,variant
ORD-002783,2024-07-19,CUST-00519,cust-00519@lumenmail.com,Lighting,2,318.46,0.0,Paid Search,US,variant
ORD-007738,2023-10-07,,guest@lumenmail.com,Lighting,5,11.2,0.0,Paid Search,US,control
ORD-005046,2024-04-05,CUST-01006,cust-01006@lumenmail.com,Décor,3,46.61,0.0,Organic,US,variant
ORD-009600,2024-12-12,,guest@lumenmail.com,Furniture,1,16.59,0.05,Email,US,
ORD-008139,2024-07-24,CUST-00113,cust-00113@lumenmail.com,Décor,4,34.72,0.2,Email,US,control
ORD-002612,2023-08-10,CUST-01631,cust-01631@lumenmail.com,Lighting,1,39.2,0.1,Paid Search,US,
ORD-006757,2024-09-16,CUST-00870,cust-00870@lumenmail.com,Lighting,1,657.37,0.0,Organic,US,control
ORD-007598,2024-12-21,,guest@lumenmail.com,Décor,1,37.12,0.25,Organic,US,
ORD-006351,2024-08-22,CUST-01111,cust-01111@lumenmail.com,Furniture,2,196.74,0.0,Paid Search,US,
ORD-006508,2024-08-24,CUST-00010,cust-00010@lumenmail.com,Décor,1,6.0,0.05,Organic,CA,
ORD-008644,01/06/2024,,guest@lumenmail.com,Lighting,1,74.3,0.0,Paid Search,CA,control
ORD-001955,24/09/2023,CUST-00839,cust-00839@lumenmail.com,Décor,-2,22.69,0.0,Paid Search,US,control
ORD-004568,02/05/2024,CUST-01923,cust-01923@lumenmail.com,Lighting,2,174.45,0.1,Email,US,
ORD-005307,09/06/2023,CUST-00205,cust-00205@lumenmail.com,Décor,1,49.61,0.05,Organic,CA,variant
ORD-007977,2024-09-22,CUST-01051,cust-01051@lumenmail.com,Accessories,4,168.71,0.0,Email,US,variant
ORD-002959,2024-03-04,CUST-02006,cust-02006@lumenmail.com,Outdoor,1,45.54,0.15,Social,UK,
ORD-008734,2024-08-14,CUST-02541,cust-02541@lumenmail.com,Accessories,3,191.25,0.05,Email,US,control
ORD-005633,2024-02-15,CUST-00543,cust-00543@lumenmail.com,Furniture,2,38.11,0.1,Social,US,control
ORD-000830,2024-03-30,CUST-02820,cust-02820@lumenmail.com,Décor,2,623.42,0.0,Social,US,variant
ORD-005268,2024-02-01,CUST-00250,cust-00250@lumenmail.com,Outdoor,4,49.01,0.2,Organic,US,variant
ORD-000686,06/06/2024,CUST-01781,cust-01781@lumenmail.com,Lighting,-2,31.42,0.0,Paid Search,US,control
ORD-001489,2023-11-20,,guest@lumenmail.com,Furniture,3,88.81,0.15,Paid Search,CA,variant
ORD-009356,2024-06-02,CUST-01342,cust-01342@lumenmail.com,Décor,4,24.0,0.0,Organic,US,
ORD-004944,2024-09-19,CUST-00866,cust-00866@lumenmail.com,Furniture,1,58.5,0.05,Email,ZZ,control
ORD-007059,2024-05-24,CUST-01797,cust-01797@lumenmail.com,Furniture,1,308.46,0.0,Email,CA,
ORD-003885,10/05/2024,CUST-01629,cust-01629@lumenmail.com,Furniture,2,65.18,0.2,Social,US,variant
ORD-008536,2024-11-26,CUST-02477,cust-02477@lumenmail.com,Furniture,7,728.86,0.2,Paid Search,US,variant
ORD-002904,2023-10-23,CUST-02001,cust-02001@lumenmail.com,Lighting,1,164.61,0.1,Email,US,control
ORD-002215,2024-11-21,CUST-00285,cust-00285@lumenmail.com,Décor,1,46.37,0.05,Paid Search,ZZ,
ORD-000357,2024-05-23,CUST-00019,cust-00019@lumenmail.com,Décor,3,74.79,0.0,Paid Search,UK,variant
ORD-004451,2024-07-23,CUST-00747,cust-00747@lumenmail.com,Outdoor,1,76.14,0.1,Paid Search,US,variant
ORD-009190,2023-10-30,CUST-02645,cust-02645@lumenmail.com,Furniture,6,89.5,0.0,Email,US,
ORD-003231,2024-08-21,,guest@lumenmail.com,Lighting,1,188.11,0.0,Email,AU,
ORD-001333,2024-07-03,CUST-01086,cust-01086@lumenmail.com,Furniture,1,163.59,0.1,Social,US,variant
ORD-004227,2024-07-29,CUST-00721,cust-00721@lumenmail.com,Décor,1,51.69,0.0,Email,AU,control
ORD-005286,2024-08-11,CUST-01363,cust-01363@lumenmail.com,Décor,2,59.86,0.0,Email,AU,
ORD-002750,2024-10-22,CUST-01048,cust-01048@lumenmail.com,Accessories,1,645.27,0.05,Organic,US,variant
ORD-003795,2024-02-20,CUST-02927,cust-02927@lumenmail.com,Décor,2,43.57,0.0,Organic,US,control
ORD-005832,2023-11-05,CUST-00030,cust-00030@lumenmail.com,Lighting,1,31.3,0.05,Email,AU,
ORD-001075,2024-04-29,CUST-01715,cust-01715@lumenmail.com,Décor,2,313.68,0.15,,UK,
ORD-007410,2024-02-10,CUST-02833,cust-02833@lumenmail.com,Lighting,1,131.06,0.0,Paid Search,AU,control
ORD-003142,2024-06-05,CUST-00629,cust-00629@lumenmail.com,Furniture,1,64.89,0.0,Organic,US,
ORD-000621,2023-07-02,CUST-01454,cust-01454@lumenmail.com,Décor,1,187.43,0.0,Email,US,control
ORD-003553,2024-03-11,CUST-01258,cust-01258@lumenmail.com,Décor,2,67.18,0.0,,CA,control
ORD-003103,04/01/2024,CUST-00762,cust-00762@lumenmail.com,Furniture,3,41.81,0.2,Social,US,
ORD-006142,2023-08-10,CUST-01503,cust-01503@lumenmail.com,Furniture,4,67.27,0.0,Social,US,
ORD-004823,2023-09-02,CUST-00728,cust-00728@lumenmail.com,Furniture,1,82.78,0.05,,US,variant
ORD-001962,2023-08-09,,guest@lumenmail.com,Furniture,7,36.17,0.0,Social,US,control
ORD-004066,17/08/2023,CUST-00203,cust-00203@lumenmail.com,Outdoor,2,183.95,0.05,Email,US,
ORD-008410,2024-11-10,CUST-02831,cust-02831@lumenmail.com,Décor,2,15.27,0.0,Email,CA,
ORD-005010,2023-12-23,CUST-00952,cust-00952@lumenmail.com,Furniture,2,50.56,0.0,Social,US,
ORD-000451,21/08/2024,CUST-00486,cust-00486@lumenmail.com,Furniture,5,245.57,0.0,Organic,ZZ,
ORD-003785,2023-10-15,CUST-01930,cust-01930@lumenmail.com,Décor,4,28.05,0.0,Social,US,control
ORD-008477,2024-02-01,CUST-00474,cust-00474@lumenmail.com,Lighting,2,8.51,0.0,Social,UK,variant
ORD-006903,2023-09-27,CUST-02040,cust-02040@lumenmail.com,Décor,2,302.54,0.1,Social,US,variant
ORD-004856,2024-03-07,CUST-02601,cust-02601@lumenmail.com,Décor,4,26.09,0.15,Organic,US,variant
ORD-002937,2024-11-06,CUST-01796,cust-01796@lumenmail.com,Outdoor,1,97.39,0.0,Organic,CA,
ORD-005483,2024-04-02,CUST-02265,cust-02265@lumenmail.com,Furniture,4,32.84,0.15,Paid Search,US,variant
ORD-009117,2024-02-27,,guest@lumenmail.com,Décor,1,143.45,0.05,Paid Search,CA,
ORD-004203,2024-09-20,CUST-00972,cust-00972@lumenmail.com,Furniture,4,191.71,0.05,Email,US,variant
ORD-006287,2024-10-26,CUST-01740,cust-01740@lumenmail.com,Lighting,2,245.51,0.05,Organic,US,variant
ORD-009009,2024-01-27,CUST-01280,cust-01280@lumenmail.com,Furniture,5,140.41,0.0,Paid Search,US,variant
ORD-001770,30/12/2024,CUST-00006,cust-00006@lumenmail.com,Outdoor,1,164.84,0.0,,UK,
ORD-008395,2024-05-05,CUST-02862,cust-02862@lumenmail.com,Décor,2,9.44,0.0,Organic,CA,variant
ORD-008669,2024-06-23,CUST-01403,cust-01403@lumenmail.com,Décor,1,7.8,0.0,Organic,US,
ORD-004220,2023-07-08,CUST-01975,cust-01975@lumenmail.com,Lighting,1,117.22,0.0,Paid Search,UK,control
ORD-001017,2024-02-22,CUST-00544,cust-00544@lumenmail.com,Furniture,4,22.86,0.0,Organic,US,control
ORD-005844,2024-09-20,CUST-00866,cust-00866@lumenmail.com,Accessories,2,245.9,0.0,Email,US,
ORD-003264,2024-09-20,CUST-00950,cust-00950@lumenmail.com,Lighting,1,0.0,0.1,Email,US,control
ORD-003763,11/02/2024,CUST-00393,cust-00393@lumenmail.com,Lighting,1,162.2,0.0,Social,US,control
ORD-000523,2024-01-21,CUST-01876,cust-01876@lumenmail.com,Accessories,2,47.15,0.05,Paid Search,US,
ORD-009178,2024-04-26,CUST-00461,cust-00461@lumenmail.com,Lighting,1,54.06,0.0,Organic,AU,variant
ORD-002173,,CUST-02658,cust-02658@lumenmail.com,Outdoor,4,14.53,0.0,Paid Search,US,variant
ORD-007501,2023-07-22,CUST-02668,cust-02668@lumenmail.com,Décor,1,70.6,0.2,Email,US,
ORD-004542,02/11/2024,CUST-02047,cust-02047@lumenmail.com,Lighting,2,424.74,0.1,Organic,AU,control
ORD-001374,2023-12-29,CUST-02621,cust-02621@lumenmail.com,Lighting,3,189.2,0.0,Organic,UK,control
ORD-007512,2024-06-07,CUST-00895,cust-00895@lumenmail.com,Furniture,1,64.08,0.15,Email,US,control
ORD-002550,2024-04-07,CUST-01350,cust-01350@lumenmail.com,Furniture,6,637.84,0.0,Social,US,
ORD-006305,2024-09-24,CUST-02275,cust-02275@lumenmail.com,Furniture,1,82.47,0.0,Organic,US,
ORD-005169,,CUST-00208,cust-00208@lumenmail.com,Décor,1,113.69,0.1,Email,US,
ORD-004819,2024-09-29,CUST-00760,cust-00760@lumenmail.com,Lighting,1,59.77,0.05,Email,US,variant
ORD-001257,2023-09-29,CUST-02520,cust-02520@lumenmail.com,Décor,1,39.38,0.0,Organic,US,control
ORD-007352,2023-12-11,CUST-00857,cust-00857@lumenmail.com,Lighting,1,66.88,0.1,Paid Search,CA,variant
ORD-004382,2024-12-22,CUST-01228,cust-01228@lumenmail.com,Accessories,3,0.0,0.15,Email,US,variant
ORD-008794,2023-08-04,CUST-02104,cust-02104@lumenmail.com,Lighting,2,355.24,0.1,Email,ZZ,variant
ORD-005081,2024-08-13,CUST-00745,cust-00745@lumenmail.com,Accessories,3,56.9,0.1,Email,US,
ORD-002504,2024-10-17,,guest@lumenmail.com,Lighting,2,33.32,0.05,Organic,UK,variant
ORD-001599,2024-09-12,CUST-02326,cust-02326@lumenmail.com,Outdoor,3,27.74,0.1,Paid Search,CA,
ORD-003729,2023-06-30,CUST-01295,cust-01295@lumenmail.com,Furniture,-1,351.61,0.15,Organic,US,
ORD-008255,2024-12-03,CUST-01768,cust-01768@lumenmail.com,Lighting,2,89.88,0.05,Paid Search,US,control
ORD-003652,,CUST-00488,cust-00488@lumenmail.com,Furniture,6,166.77,0.05,Organic,US,variant
ORD-005705,30/09/2024,CUST-01847,cust-01847@lumenmail.com,Furniture,2,567.9,0.2,Paid Search,US,variant
ORD-006736,2023-12-22,CUST-01872,cust-01872@lumenmail.com,Décor,4,55.36,0.05,Email,US,variant
ORD-005837,27/09/2023,CUST-01425,cust-01425@lumenmail.com,Lighting,3,364.16,0.15,Paid Search,UK,
ORD-004145,17/09/2023,CUST-01943,cust-01943@lumenmail.com,Lighting,1,484.39,0.1,Email,US,variant
ORD-005896,2023-08-23,CUST-00192,cust-00192@lumenmail.com,Lighting,2,171.11,0.0,Paid Search,US,
ORD-006974,2023-06-29,CUST-01458,cust-01458@lumenmail.com,Décor,2,44.97,0.1,Paid Search,US,control
ORD-005339,2024-09-02,CUST-00856,cust-00856@lumenmail.com,Lighting,3,711.02,0.2,,US,variant
ORD-001348,2024-10-05,CUST-00145,cust-00145@lumenmail.com,Accessories,1,53.46,0.0,Social,US,variant
ORD-002104,27/12/2024,CUST-02450,cust-02450@lumenmail.com,Lighting,2,18.2,0.1,Email,US,variant
ORD-006257,2023-08-25,CUST-00305,cust-00305@lumenmail.com,Lighting,1,54.29,0.0,Paid Search,US,variant
ORD-001773,2024-02-13,CUST-00726,cust-00726@lumenmail.com,Lighting,1,17.0,0.0,Email,US,control
ORD-001587,15/12/2024,CUST-00056,cust-00056@lumenmail.com,Accessories,2,30.77,0.0,Paid Search,US,
ORD-000983,2023-11-11,,guest@lumenmail.com,Lighting,2,18.84,0.1,Email,US,
ORD-003158,2023-11-15,CUST-00921,cust-00921@lumenmail.com,Outdoor,2,166.38,0.05,Social,CA,variant
ORD-005041,2024-09-28,CUST-00495,cust-00495@lumenmail.com,Accessories,1,179.34,0.2,Paid Search,US,
ORD-003497,2024-11-22,CUST-02678,cust-02678@lumenmail.com,Lighting,1,50.88,0.15,Email,US,variant
ORD-009246,2023-08-05,CUST-01533,cust-01533@lumenmail.com,Furniture,1,40.29,0.05,Organic,US,variant
ORD-005118,2024-05-26,CUST-01256,cust-01256@lumenmail.com,Décor,2,30.8,0.0,Email,US,variant
ORD-001602,2023-07-15,CUST-01073,cust-01073@lumenmail.com,Accessories,3,316.19,0.0,Paid Search,CA,
ORD-005879,2024-05-30,CUST-01841,cust-01841@lumenmail.com,Décor,1,16.65,0.05,Organic,US,
ORD-005156,2023-10-23,CUST-00306,cust-00306@lumenmail.com,Lighting,1,152.05,0.0,Social,CA,variant
ORD-002842,2024-10-14,CUST-00802,cust-00802@lumenmail.com,Outdoor,4,31.48,0.25,Paid Search,CA,variant
ORD-009418,2024-05-27,CUST-02276,cust-02276@lumenmail.com,Décor,1,20.5,0.05,Organic,US,variant
ORD-002083,08/11/2024,CUST-01656,cust-01656@lumenmail.com,Furniture,-4,10.86,0.05,Social,CA,
ORD-000954,2023-07-25,CUST-01272,cust-01272@lumenmail.com,Outdoor,-2,22.87,0.05,Paid Search,US,
ORD-003490,27/09/2024,CUST-01171,cust-01171@lumenmail.com,Lighting,1,188.17,0.15,Organic,US,
ORD-005917,2024-11-10,CUST-02885,cust-02885@lumenmail.com,Lighting,-1,423.34,0.2,Organic,US,
ORD-006228,2023-09-13,CUST-00389,cust-00389@lumenmail.com,Lighting,2,78.99,0.0,Organic,AU,
ORD-002938,2024-06-28,CUST-00432,cust-00432@lumenmail.com,Décor,1,45.14,0.2,Email,CA,control
ORD-007083,2023-12-26,CUST-01453,cust-01453@lumenmail.com,Lighting,1,392.61,0.15,Organic,UK,control
ORD-006480,2023-09-15,CUST-00440,cust-00440@lumenmail.com,Lighting,1,35.01,0.0,Social,US,variant
ORD-003252,2023-12-09,CUST-02747,cust-02747@lumenmail.com,Lighting,1,26.89,0.05,,CA,variant
ORD-002292,2023-06-17,,guest@lumenmail.com,Lighting,2,85.53,0.15,Email,US,
ORD-006876,2024-06-16,CUST-02571,cust-02571@lumenmail.com,Lighting,1,42.7,0.0,Organic,US,variant
ORD-006447,17/01/2024,CUST-02225,cust-02225@lumenmail.com,Furniture,1,65.76,0.0,Paid Search,US,control
ORD-002933,2024-11-10,CUST-01093,cust-01093@lumenmail.com,Lighting,1,172.73,0.15,Organic,US,
ORD-004753,19/06/2024,CUST-01490,cust-01490@lumenmail.com,Furniture,1,20.47,0.2,Organic,US,variant
ORD-000258,2024-08-29,CUST-01916,cust-01916@lumenmail.com,Décor,1,305.01,0.15,Organic,US,
ORD-008687,2023-11-22,CUST-00826,cust-00826@lumenmail.com,Lighting,2,8.73,0.25,Email,US,variant
ORD-008872,2023-08-03,CUST-02853,cust-02853@lumenmail.com,Décor,1,33.54,0.05,Paid Search,CA,control
ORD-004752,2024-06-22,CUST-01695,cust-01695@lumenmail.com,Lighting,1,147.98,0.1,Organic,AU,control
ORD-004581,2024-06-17,,guest@lumenmail.com,Outdoor,6,6.17,0.0,Paid Search,US,
ORD-006709,24/06/2023,CUST-01772,cust-01772@lumenmail.com,Décor,1,24.9,0.1,Email,UK,variant
ORD-004314,2024-02-10,CUST-01595,cust-01595@lumenmail.com,Lighting,2,134.84,0.1,Email,CA,
ORD-002578,2024-03-16,CUST-02376,cust-02376@lumenmail.com,Furniture,1,45.18,0.0,Paid Search,UK,
ORD-002795,2023-10-11,CUST-01837,cust-01837@lumenmail.com,Outdoor,3,222.22,0.1,Paid Search,US,
ORD-000264,2023-07-15,CUST-02654,cust-02654@lumenmail.com,Furniture,2,673.37,0.0,Email,US,control
ORD-000966,2024-12-21,CUST-00598,cust-00598@lumenmail.com,Décor,2,274.39,0.2,Paid Search,US,variant
ORD-002236,2024-09-19,CUST-00972,cust-00972@lumenmail.com,Furniture,2,162.34,0.0,Organic,US,control
ORD-009040,2024-08-02,CUST-00138,cust-00138@lumenmail.com,Lighting,1,58.02,0.0,Email,US,variant
ORD-000139,2024-02-03,CUST-00827,cust-00827@lumenmail.com,Outdoor,1,6.55,0.2,Email,CA,
ORD-009554,2023-11-17,CUST-00863,cust-00863@lumenmail.com,Furniture,2,593.96,0.25,Paid Search,CA,
ORD-003334,2024-09-28,,guest@lumenmail.com,Furniture,1,86.53,0.0,Organic,UK,
ORD-002557,2023-06-12,CUST-01136,cust-01136@lumenmail.com,Furniture,1,13.88,0.1,Email,US,control
ORD-001791,2024-04-03,,guest@lumenmail.com,Lighting,2,40.53,0.1,Organic,US,control
ORD-004424,15/12/2023,CUST-01822,cust-01822@lumenmail.com,Lighting,2,5.25,0.0,Email,US,
ORD-005391,2024-07-11,CUST-02183,cust-02183@lumenmail.com,Décor,1,193.0,0.05,Paid Search,US,
ORD-004993,2023-07-05,CUST-00893,cust-00893@lumenmail.com,Décor,3,7.06,0.15,Organic,US,variant
ORD-006330,2024-12-09,CUST-02683,cust-02683@lumenmail.com,Furniture,7,124.03,0.1,Paid Search,US,variant
ORD-005665,2024-10-09,CUST-00095,cust-00095@lumenmail.com,Décor,3,113.76,0.1,Email,US,control
ORD-005768,2023-10-16,CUST-01037,cust-01037@lumenmail.com,Lighting,2,34.92,0.0,Email,US,
ORD-004586,2024-11-02,CUST-02026,cust-02026@lumenmail.com,Furniture,-2,46.99,0.0,Social,US,control
ORD-007798,2023-09-14,,guest@lumenmail.com,Décor,-3,408.35,0.0,Paid Search,CA,variant
ORD-005493,2023-12-15,CUST-00705,cust-00705@lumenmail.com,Outdoor,4,81.26,0.05,Email,US,
ORD-001814,2023-11-20,CUST-02572,cust-02572@lumenmail.com,Lighting,1,19.31,0.15,Organic,CA,variant
ORD-002442,13/10/2023,CUST-01985,cust-01985@lumenmail.com,Furniture,2,20.62,0.0,Paid Search,UK,control
ORD-004920,2024-05-23,CUST-02144,cust-02144@lumenmail.com,Furniture,2,15.64,0.0,Email,UK,
ORD-008411,15/03/2024,CUST-01090,cust-01090@lumenmail.com,Outdoor,3,48.0,0.2,Email,CA,control
ORD-004153,2024-01-06,CUST-01763,cust-01763@lumenmail.com,Lighting,3,25.9,0.1,Email,AU,
ORD-000959,2024-06-10,CUST-00001,cust-00001@lumenmail.com,Lighting,4,210.36,0.15,Organic,CA,control
ORD-006399,2024-11-09,CUST-00914,cust-00914@lumenmail.com,Accessories,1,541.2,0.2,Paid Search,UK,control
ORD-008991,2024-07-06,CUST-01914,cust-01914@lumenmail.com,Lighting,4,54.57,0.05,Paid Search,CA,variant
ORD-002811,2023-08-25,CUST-00717,cust-00717@lumenmail.com,Furniture,3,84.02,0.25,Email,US,variant
ORD-001472,2024-02-11,CUST-02757,cust-02757@lumenmail.com,Outdoor,2,103.83,0.2,Email,US,
ORD-007732,2023-10-21,CUST-02853,cust-02853@lumenmail.com,Outdoor,2,47.52,0.0,Organic,US,
ORD-006838,17/04/2024,CUST-02581,cust-02581@lumenmail.com,Lighting,2,19.24,0.05,Paid Search,US,control
ORD-003387,2024-01-26,CUST-02997,cust-02997@lumenmail.com,Outdoor,1,132.07,0.0,Email,CA,
ORD-007379,2023-10-16,CUST-00365,cust-00365@lumenmail.com,Furniture,1,99.87,0.2,Organic,US,control
ORD-003154,2023-06-02,CUST-00466,cust-00466@lumenmail.com,Furniture,5,37.32,0.2,Paid Search,UK,
ORD-000039,2024-03-23,CUST-00001,cust-00001@lumenmail.com,Lighting,1,273.27,0.0,,UK,
ORD-000908,2024-07-07,,guest@lumenmail.com,Décor,1,32.44,0.15,Paid Search,CA,
ORD-004525,2024-09-25,CUST-01848,cust-01848@lumenmail.com,Outdoor,1,49.05,0.15,Email,US,variant
ORD-001744,29/01/2024,,guest@lumenmail.com,Lighting,1,61.5,0.05,Organic,US,variant
ORD-008104,2024-12-23,CUST-00336,cust-00336@lumenmail.com,Furniture,1,83.55,0.0,Social,US,
ORD-006071,2023-10-30,CUST-02387,cust-02387@lumenmail.com,Furniture,7,98.98,0.0,Paid Search,US,variant
ORD-005282,2024-04-19,CUST-01803,cust-01803@lumenmail.com,Lighting,4,31.48,0.05,Paid Search,CA,
ORD-008170,2024-11-15,,guest@lumenmail.com,Décor,2,13.14,0.0,Organic,US,variant
ORD-005833,2023-07-04,CUST-02189,cust-02189@lumenmail.com,Lighting,1,68.94,0.0,,US,control
ORD-008328,2024-12-09,CUST-01494,cust-01494@lumenmail.com,Accessories,4,117.75,0.0,Email,US,control
ORD-007993,2023-08-05,CUST-01638,cust-01638@lumenmail.com,Outdoor,1,6.48,0.05,Organic,US,
ORD-002032,2023-10-29,CUST-01678,cust-01678@lumenmail.com,Lighting,2,45.2,0.0,Paid Search,US,control
ORD-007845,2023-12-31,CUST-02309,cust-02309@lumenmail.com,Lighting,1,383.08,0.1,Email,CA,control
ORD-006145,30/11/2024,CUST-00025,cust-00025@lumenmail.com,Furniture,1,140.23,0.25,Social,US,
ORD-001134,2024-10-16,CUST-01598,cust-01598@lumenmail.com,Décor,2,41.05,0.05,Email,US,variant
ORD-005158,2024-08-28,CUST-01423,cust-01423@lumenmail.com,Lighting,1,15.44,0.0,,US,
ORD-006611,18/01/2024,CUST-02525,cust-02525@lumenmail.com,Outdoor,4,64.67,0.0,Email,US,control
ORD-008978,13/10/2023,CUST-01204,cust-01204@lumenmail.com,Furniture,1,14.23,0.05,Organic,US,variant
ORD-003215,2024-06-21,CUST-02879,cust-02879@lumenmail.com,Furniture,4,82.82,0.0,Paid Search,US,variant
ORD-006864,2024-11-04,CUST-02810,cust-02810@lumenmail.com,Lighting,1,125.95,0.0,Paid Search,US,variant
ORD-001624,10/08/2024,CUST-00948,cust-00948@lumenmail.com,Décor,6,576.65,0.1,Email,US,
ORD-004863,2024-10-31,CUST-00022,cust-00022@lumenmail.com,Outdoor,2,472.57,0.15,Organic,ZZ,variant
ORD-009538,2024-07-10,CUST-00065,cust-00065@lumenmail.com,Furniture,1,73.87,0.0,Organic,US,variant
ORD-007093,2023-07-28,CUST-02288,cust-02288@lumenmail.com,Lighting,2,49.22,0.15,Organic,CA,control
ORD-002268,2024-11-17,CUST-02872,cust-02872@lumenmail.com,Décor,4,226.8,0.1,Email,US,
ORD-001058,2024-06-21,CUST-02606,cust-02606@lumenmail.com,Décor,1,9.12,0.1,Email,US,variant
ORD-007203,2024-06-24,CUST-02849,cust-02849@lumenmail.com,Furniture,1,422.33,0.0,Email,UK,
ORD-003246,2024-10-22,CUST-02153,cust-02153@lumenmail.com,Lighting,1,14.75,0.1,,US,
ORD-009187,2023-12-02,CUST-01516,cust-01516@lumenmail.com,Furniture,2,75.45,0.1,Social,UK,variant
ORD-003178,2024-12-07,CUST-00113,cust-00113@lumenmail.com,Furniture,2,755.35,0.0,Email,US,variant
ORD-001706,2024-01-03,CUST-02331,cust-02331@lumenmail.com,Lighting,1,120.8,0.1,,UK,
ORD-007796,2023-08-18,CUST-00156,cust-00156@lumenmail.com,Furniture,1,709.29,0.05,Organic,UK,control
ORD-002072,2024-10-17,CUST-00580,cust-00580@lumenmail.com,Lighting,1,133.74,0.05,Social,US,variant
ORD-001432,2024-01-01,CUST-00137,cust-00137@lumenmail.com,Accessories,3,197.51,0.15,Paid Search,US,control
ORD-004214,2024-09-18,CUST-01851,cust-01851@lumenmail.com,Accessories,1,27.34,0.0,Paid Search,US,control
ORD-000768,26/04/2024,CUST-02059,cust-02059@lumenmail.com,Lighting,2,156.9,0.1,Paid Search,US,
ORD-001663,2024-08-21,CUST-00802,cust-00802@lumenmail.com,Lighting,1,16.28,0.25,Email,US,variant
ORD-006524,2023-12-06,CUST-00090,cust-00090@lumenmail.com,Accessories,1,142.47,0.1,Social,AU,variant
ORD-002282,2023-12-14,CUST-00826,cust-00826@lumenmail.com,Furniture,1,559.2,0.2,Paid Search,US,variant
ORD-007627,2023-12-28,CUST-02233,cust-02233@lumenmail.com,Lighting,4,21.2,0.0,Email,AU,control
ORD-007760,2024-03-21,CUST-01433,cust-01433@lumenmail.com,Outdoor,1,62.69,0.0,Email,US,
ORD-005523,2024-02-23,CUST-00336,cust-00336@lumenmail.com,Décor,5,91.47,0.15,Paid Search,US,
ORD-000426,2024-01-23,CUST-00690,cust-00690@lumenmail.com,Lighting,2,73.58,0.0,Email,US,control
ORD-002631,2024-08-14,CUST-00414,cust-00414@lumenmail.com,Outdoor,1,12.67,0.15,Organic,US,
ORD-002259,25/12/2023,,guest@lumenmail.com,Furniture,1,65.91,0.2,Email,UK,control
ORD-003200,2024-03-18,CUST-00088,cust-00088@lumenmail.com,Lighting,1,32.63,0.0,Organic,US,control
ORD-001952,2024-06-25,CUST-02444,cust-02444@lumenmail.com,Accessories,1,24.34,0.05,Social,ZZ,
ORD-009476,2024-01-10,CUST-00110,cust-00110@lumenmail.com,Lighting,1,31.88,0.0,Social,US,variant
ORD-006985,2024-04-15,CUST-01654,cust-01654@lumenmail.com,Décor,1,74.95,0.0,Paid Search,US,control
ORD-005123,2024-01-21,CUST-00161,cust-00161@lumenmail.com,Outdoor,2,135.44,0.0,Paid Search,US,control
ORD-007076,05/05/2024,CUST-00057,cust-00057@lumenmail.com,Lighting,2,189.89,0.15,Paid Search,US,control
ORD-006020,2023-11-17,CUST-02051,cust-02051@lumenmail.com,Lighting,2,54.55,0.05,Email,AU,variant
ORD-000048,2024-01-13,CUST-00640,cust-00640@lumenmail.com,Décor,2,160.76,0.1,Social,AU,
ORD-006626,2024-10-27,CUST-02887,cust-02887@lumenmail.com,Outdoor,1,16.18,0.05,Email,UK,variant
ORD-003963,07/07/2024,CUST-02854,cust-02854@lumenmail.com,Lighting,3,87.42,0.2,Organic,UK,variant
ORD-001860,2024-07-09,CUST-02514,cust-02514@lumenmail.com,Furniture,1,398.49,0.05,Email,US,
ORD-002454,2024-07-01,CUST-01026,cust-01026@lumenmail.com,Décor,1,10.67,0.1,Paid Search,US,control
ORD-002743,2024-11-28,CUST-01456,cust-01456@lumenmail.com,Furniture,1,79.0,0.15,Email,UK,variant
ORD-008362,2023-12-26,CUST-02231,cust-02231@lumenmail.com,Lighting,1,628.17,0.0,Paid Search,US,control
ORD-000197,2024-05-10,CUST-01636,cust-01636@lumenmail.com,Accessories,1,87.35,0.1,Social,US,
ORD-000731,2024-12-26,CUST-00375,cust-00375@lumenmail.com,Lighting,1,98.96,0.05,Paid Search,UK,variant
ORD-000179,2023-07-28,CUST-02684,cust-02684@lumenmail.com,Furniture,1,365.95,0.1,Social,US,control
ORD-003800,2023-12-06,CUST-01289,cust-01289@lumenmail.com,Furniture,1,178.27,0.0,Email,US,variant
ORD-003930,2024-07-10,CUST-01343,cust-01343@lumenmail.com,Lighting,2,146.84,0.0,Social,AU,control
ORD-002375,2023-06-21,CUST-02164,cust-02164@lumenmail.com,Lighting,2,500.53,0.0,Paid Search,US,
ORD-002436,2024-03-07,CUST-02805,cust-02805@lumenmail.com,Lighting,1,10.38,0.2,Paid Search,CA,
ORD-001988,05/09/2024,CUST-02436,cust-02436@lumenmail.com,Accessories,1,22.22,0.0,Social,US,control
ORD-001786,2024-05-08,CUST-01050,cust-01050@lumenmail.com,Furniture,2,368.17,0.25,Paid Search,CA,control
ORD-001394,2024-01-27,CUST-00240,cust-00240@lumenmail.com,Lighting,2,25.78,0.15,Email,UK,
ORD-005451,2024-07-27,CUST-00800,cust-00800@lumenmail.com,Lighting,1,175.35,0.1,Organic,UK,variant
ORD-005098,2024-12-26,CUST-02663,cust-02663@lumenmail.com,Lighting,1,53.07,0.1,Social,US,
ORD-004026,2024-07-11,CUST-00448,cust-00448@lumenmail.com,Furniture,2,44.21,0.05,Social,US,
ORD-007923,2024-11-04,CUST-01667,cust-01667@lumenmail.com,Accessories,3,88.69,0.1,Email,US,
ORD-006844,10/12/2024,CUST-00310,cust-00310@lumenmail.com,Accessories,4,55.01,0.05,Paid Search,UK,
ORD-001308,,CUST-02591,cust-02591@lumenmail.com,Furniture,5,38.3,0.0,Organic,US,control
ORD-005419,2024-04-23,CUST-01168,cust-01168@lumenmail.com,Outdoor,1,54.79,0.1,Email,US,
ORD-004547,2024-09-08,CUST-00688,cust-00688@lumenmail.com,Outdoor,6,16.42,0.05,Organic,US,
ORD-003348,2024-03-01,CUST-01527,cust-01527@lumenmail.com,Furniture,2,24.18,0.05,Paid Search,CA,control
ORD-004284,2024-05-27,CUST-02814,cust-02814@lumenmail.com,Décor,4,162.35,0.0,Social,US,
ORD-007165,18/09/2023,CUST-02254,cust-02254@lumenmail.com,Accessories,1,97.45,0.0,Paid Search,US,
ORD-004205,2024-07-15,CUST-00799,cust-00799@lumenmail.com,Décor,2,33.97,0.0,Paid Search,US,
ORD-008757,2023-12-09,CUST-01976,cust-01976@lumenmail.com,Furniture,1,61.7,0.15,Paid Search,CA,control
ORD-005547,23/01/2024,CUST-00697,cust-00697@lumenmail.com,Décor,2,89.6,0.0,Organic,CA,control
ORD-000255,30/05/2024,CUST-02832,cust-02832@lumenmail.com,Lighting,6,247.93,0.0,Email,US,variant
ORD-002384,28/05/2024,CUST-01238,cust-01238@lumenmail.com,Lighting,3,6.75,0.05,Organic,CA,control
ORD-006543,2023-08-04,CUST-01837,cust-01837@lumenmail.com,Outdoor,4,85.11,0.1,Social,CA,
ORD-005014,2023-07-05,CUST-01462,cust-01462@lumenmail.com,Décor,-3,172.88,0.0,Email,US,control
ORD-007188,2024-06-10,CUST-02515,cust-02515@lumenmail.com,Lighting,2,782.45,0.0,Organic,US,control
ORD-005782,2024-04-12,,guest@lumenmail.com,Outdoor,3,151.02,0.05,Social,US,
ORD-008072,2024-07-27,CUST-00703,cust-00703@lumenmail.com,Décor,1,84.68,0.2,Email,US,
ORD-009196,2024-08-01,CUST-01222,cust-01222@lumenmail.com,Décor,2,161.23,0.0,Organic,US,control
ORD-000862,2024-11-16,,guest@lumenmail.com,Outdoor,2,150.16,0.15,Email,US,
ORD-000886,29/07/2023,CUST-00673,cust-00673@lumenmail.com,Lighting,7,83.69,0.1,,US,variant
ORD-004373,2023-11-25,CUST-00318,cust-00318@lumenmail.com,Outdoor,1,577.48,0.0,Email,US,control
ORD-009511,2024-10-04,CUST-00282,cust-00282@lumenmail.com,Décor,2,28.01,0.05,Paid Search,US,control
ORD-008728,2024-12-06,CUST-02987,cust-02987@lumenmail.com,Décor,1,341.3,0.1,Email,US,
ORD-005060,2023-12-01,CUST-00459,cust-00459@lumenmail.com,Furniture,1,34.86,0.0,Paid Search,US,variant
ORD-006034,2024-02-19,CUST-02588,cust-02588@lumenmail.com,Lighting,1,95.05,0.0,Organic,US,control
ORD-005544,25/10/2024,CUST-01379,cust-01379@lumenmail.com,Outdoor,1,183.36,0.0,Email,US,variant
ORD-005720,2024-08-02,CUST-02516,cust-02516@lumenmail.com,Lighting,2,64.57,0.25,Social,US,control
ORD-007398,2024-04-13,CUST-01996,cust-01996@lumenmail.com,Furniture,6,46.13,0.05,Organic,US,control
ORD-008138,2024-01-09,CUST-02815,cust-02815@lumenmail.com,Lighting,-7,9.2,0.0,Social,US,variant
ORD-003683,2023-06-21,CUST-01460,cust-01460@lumenmail.com,Furniture,5,772.76,0.0,Paid Search,CA,
ORD-005645,,CUST-02284,cust-02284@lumenmail.com,Furniture,1,86.31,0.05,Paid Search,CA,
ORD-007453,2024-07-06,CUST-00401,cust-00401@lumenmail.com,Décor,3,0.0,0.0,Paid Search,US,
ORD-007586,2024-04-27,CUST-00501,cust-00501@lumenmail.com,Décor,1,224.59,0.0,Organic,US,variant
ORD-008675,2023-06-27,CUST-02499,cust-02499@lumenmail.com,Lighting,3,0.0,0.05,Organic,CA,control
ORD-004158,2023-12-23,CUST-00916,cust-00916@lumenmail.com,Décor,5,437.55,0.0,Paid Search,US,variant
ORD-006094,2024-05-09,CUST-00633,cust-00633@lumenmail.com,Furniture,1,141.1,0.2,Social,US,variant
ORD-005891,2024-03-14,CUST-00465,cust-00465@lumenmail.com,Lighting,1,87.6,0.25,Paid Search,US,
ORD-006719,13/01/2024,CUST-01110,cust-01110@lumenmail.com,Décor,1,116.03,0.0,Email,US,control
ORD-002123,2024-06-21,CUST-00990,cust-00990@lumenmail.com,Lighting,1,17.19,0.2,Organic,US,
ORD-003962,2023-08-29,CUST-02648,cust-02648@lumenmail.com,Outdoor,1,15.74,0.15,Social,US,variant
ORD-009276,2023-08-16,CUST-01067,cust-01067@lumenmail.com,Lighting,3,103.79,0.05,Social,AU,variant
ORD-008468,2024-01-02,CUST-02876,cust-02876@lumenmail.com,Lighting,2,63.81,0.0,,US,variant
ORD-005884,,CUST-01193,cust-01193@lumenmail.com,Accessories,1,438.28,0.05,Organic,US,variant
ORD-002861,2023-06-11,,guest@lumenmail.com,Décor,1,173.88,0.0,Paid Search,CA,variant
ORD-004263,2024-09-20,CUST-00440,cust-00440@lumenmail.com,Lighting,1,43.85,0.0,Email,CA,
ORD-009073,2023-10-13,CUST-02618,cust-02618@lumenmail.com,Lighting,1,125.24,0.0,Paid Search,US,
ORD-004294,2023-09-27,CUST-01218,cust-01218@lumenmail.com,Accessories,-6,22.93,0.0,Social,US,
ORD-001043,2024-08-29,CUST-00468,cust-00468@lumenmail.com,Furniture,3,366.24,0.1,Organic,CA,
ORD-005467,2024-04-02,CUST-01843,cust-01843@lumenmail.com,Décor,2,244.86,0.0,Social,US,control
ORD-005329,2024-04-01,CUST-02801,cust-02801@lumenmail.com,Lighting,2,298.22,0.15,Paid Search,UK,control
ORD-009296,13/10/2023,CUST-00071,cust-00071@lumenmail.com,Décor,1,106.66,0.2,Paid Search,US,control
ORD-004782,2023-12-10,CUST-01677,cust-01677@lumenmail.com,Lighting,3,71.35,0.05,Paid Search,CA,control
ORD-006771,2024-04-21,CUST-00387,cust-00387@lumenmail.com,Furniture,3,203.07,0.15,Organic,US,
ORD-008325,2023-11-12,CUST-01930,cust-01930@lumenmail.com,Furniture,7,47.49,0.0,Email,US,control
ORD-006964,2023-07-07,CUST-00132,cust-00132@lumenmail.com,Lighting,6,23.63,0.05,Paid Search,US,control
ORD-004328,2023-10-30,,guest@lumenmail.com,Outdoor,2,24.21,0.1,Paid Search,US,variant
ORD-001104,2024-07-12,CUST-01287,cust-01287@lumenmail.com,Lighting,2,50.13,0.0,Email,US,control
ORD-008065,10/08/2023,CUST-01290,cust-01290@lumenmail.com,Furniture,3,275.15,0.05,Email,US,
ORD-003018,,CUST-00984,cust-00984@lumenmail.com,Décor,7,118.53,0.0,Organic,US,variant
ORD-000075,2024-10-12,CUST-01959,cust-01959@lumenmail.com,Accessories,1,94.25,0.0,Organic,US,
ORD-007439,06/03/2024,CUST-00531,cust-00531@lumenmail.com,Outdoor,3,732.32,0.1,Paid Search,US,
ORD-001654,28/05/2024,CUST-02059,cust-02059@lumenmail.com,Lighting,3,77.27,0.0,Social,UK,control
ORD-004363,2023-10-31,CUST-01070,cust-01070@lumenmail.com,Outdoor,1,6.48,0.15,Paid Search,ZZ,
ORD-008166,2024-11-21,CUST-01217,cust-01217@lumenmail.com,Lighting,1,36.63,0.05,Social,US,
ORD-002462,2023-06-04,CUST-02995,cust-02995@lumenmail.com,Décor,5,395.55,0.0,Organic,UK,control
ORD-003778,2023-06-07,CUST-00975,cust-00975@lumenmail.com,Furniture,2,206.39,0.0,Organic,US,
ORD-007834,2023-07-23,CUST-01804,cust-01804@lumenmail.com,Outdoor,1,714.31,0.0,Social,US,
ORD-002060,04/08/2024,,guest@lumenmail.com,Lighting,1,140.46,0.0,Paid Search,CA,variant
ORD-000641,2023-06-26,CUST-00038,cust-00038@lumenmail.com,Furniture,2,465.1,0.15,Paid Search,ZZ,control
ORD-008747,2024-11-20,CUST-02143,cust-02143@lumenmail.com,Lighting,3,95.45,0.1,Paid Search,US,variant
ORD-009012,2023-07-28,CUST-00966,cust-00966@lumenmail.com,Lighting,1,197.75,0.0,Organic,US,
ORD-006076,28/08/2024,CUST-02023,cust-02023@lumenmail.com,Lighting,4,17.21,0.15,Paid Search,UK,
ORD-008092,2024-03-16,CUST-00983,cust-00983@lumenmail.com,Lighting,1,47.74,0.0,Organic,US,
ORD-002983,2024-03-01,CUST-00256,cust-00256@lumenmail.com,Furniture,2,89.23,0.05,Paid Search,US,control
ORD-000042,2023-08-26,CUST-02689,cust-02689@lumenmail.com,Outdoor,1,80.94,0.15,Email,US,control
ORD-003728,2023-12-01,CUST-02853,cust-02853@lumenmail.com,Outdoor,3,168.78,0.1,Organic,US,variant
ORD-006983,2023-08-24,CUST-02495,cust-02495@lumenmail.com,Décor,2,89.97,0.0,Paid Search,US,
ORD-000539,2023-12-24,CUST-00124,cust-00124@lumenmail.com,Furniture,1,52.56,0.15,Paid Search,UK,variant
ORD-008517,2024-04-14,CUST-02814,cust-02814@lumenmail.com,Furniture,3,50.99,0.0,Organic,US,
ORD-003370,2024-10-17,CUST-00048,cust-00048@lumenmail.com,Outdoor,3,5.03,0.0,Organic,US,control
ORD-009400,05/04/2024,CUST-02533,cust-02533@lumenmail.com,Accessories,2,33.78,0.0,Social,US,control
ORD-004792,2024-02-29,CUST-02805,cust-02805@lumenmail.com,Lighting,1,30.64,0.0,Email,US,control
ORD-007650,2023-08-27,CUST-02961,cust-02961@lumenmail.com,Lighting,1,548.01,0.05,Email,US,control
ORD-006201,2024-10-21,CUST-01147,cust-01147@lumenmail.com,Outdoor,2,74.08,0.0,Email,US,
ORD-004771,2024-06-27,CUST-01059,cust-01059@lumenmail.com,Lighting,2,546.12,0.0,Email,US,
ORD-004540,17/10/2023,CUST-02434,cust-02434@lumenmail.com,Furniture,1,59.93,0.0,Email,US,
ORD-000870,2023-09-13,CUST-02685,cust-02685@lumenmail.com,Décor,2,23.08,0.05,Organic,US,control
ORD-003035,2023-10-09,CUST-01685,cust-01685@lumenmail.com,Lighting,2,96.95,0.0,Paid Search,US,control
ORD-008982,2023-08-23,CUST-01235,cust-01235@lumenmail.com,Décor,1,249.35,0.0,Paid Search,US,
ORD-001761,2024-06-27,CUST-02121,cust-02121@lumenmail.com,Décor,2,136.58,0.15,Organic,US,control
ORD-008001,2024-04-12,CUST-01956,cust-01956@lumenmail.com,Furniture,1,83.98,0.0,Organic,US,
ORD-003684,2023-11-28,CUST-00533,cust-00533@lumenmail.com,Lighting,3,171.53,0.0,Organic,US,
ORD-004301,13/07/2023,CUST-00622,cust-00622@lumenmail.com,Furniture,4,277.3,0.1,Email,US,variant
ORD-007853,31/08/2023,CUST-01350,cust-01350@lumenmail.com,Accessories,3,23.75,0.0,Email,US,
ORD-000735,2024-07-29,CUST-01728,cust-01728@lumenmail.com,Lighting,4,82.24,0.1,Paid Search,CA,
ORD-001091,28/11/2024,CUST-02469,cust-02469@lumenmail.com,Décor,1,26.79,0.0,Paid Search,US,
ORD-008718,2024-01-11,CUST-01360,cust-01360@lumenmail.com,Décor,1,362.24,0.25,Email,US,
ORD-008201,2024-04-10,CUST-02466,cust-02466@lumenmail.com,Lighting,1,31.98,0.0,Paid Search,ZZ,variant
ORD-005281,2024-04-07,CUST-02250,cust-02250@lumenmail.com,Outdoor,2,97.46,0.05,Paid Search,US,control
ORD-002716,2024-12-13,CUST-02994,cust-02994@lumenmail.com,Décor,2,39.14,0.0,Paid Search,US,
ORD-003767,2023-11-29,CUST-02117,cust-02117@lumenmail.com,Décor,1,314.89,0.05,Organic,US,
ORD-003327,2024-07-24,CUST-00699,cust-00699@lumenmail.com,Outdoor,1,13.52,0.0,Paid Search,US,
ORD-007694,2024-11-09,CUST-01095,cust-01095@lumenmail.com,Furniture,1,23.34,0.05,Email,ZZ,
ORD-000061,2023-07-14,CUST-00825,cust-00825@lumenmail.com,Lighting,2,68.43,0.0,Social,CA,
ORD-009441,2023-08-23,CUST-02359,cust-02359@lumenmail.com,Lighting,2,515.49,0.05,Organic,US,variant
ORD-002659,2024-02-20,CUST-01883,cust-01883@lumenmail.com,Accessories,2,10.52,0.1,Email,US,variant
ORD-006832,2024-04-07,CUST-01807,cust-01807@lumenmail.com,Décor,5,37.32,0.0,Paid Search,US,
ORD-000030,2024-07-17,CUST-01373,cust-01373@lumenmail.com,Décor,2,65.27,0.15,Email,US,variant
ORD-003322,2023-08-28,CUST-02024,cust-02024@lumenmail.com,Accessories,1,376.42,0.05,Paid Search,US,
ORD-009498,2023-09-07,CUST-01741,cust-01741@lumenmail.com,Accessories,2,76.9,0.0,Email,CA,variant
ORD-002767,2023-11-10,CUST-02974,cust-02974@lumenmail.com,Décor,1,81.88,0.05,Organic,CA,control
ORD-008282,2024-05-18,,guest@lumenmail.com,Décor,3,285.33,0.0,Paid Search,US,
ORD-000276,2023-09-17,CUST-00075,cust-00075@lumenmail.com,Lighting,2,19.08,0.2,Paid Search,US,variant
ORD-003355,2023-11-04,CUST-01401,cust-01401@lumenmail.com,Lighting,1,71.57,0.05,Paid Search,US,control
ORD-001697,2024-07-27,CUST-01839,cust-01839@lumenmail.com,Accessories,1,140.43,0.05,Social,US,
ORD-000140,2023-12-28,CUST-00445,cust-00445@lumenmail.com,Lighting,3,7.57,0.0,,US,
ORD-000538,2024-05-21,CUST-02457,cust-02457@lumenmail.com,Lighting,1,56.64,0.05,Paid Search,AU,variant
ORD-006700,2024-04-11,CUST-00400,cust-00400@lumenmail.com,Lighting,1,372.95,0.15,Paid Search,AU,variant
ORD-002558,2024-02-18,CUST-00713,cust-00713@lumenmail.com,Furniture,1,161.12,0.25,Email,CA,control
ORD-007197,2023-09-13,CUST-02828,cust-02828@lumenmail.com,Furniture,1,47.92,0.05,Paid Search,US,
ORD-008930,2024-01-13,CUST-01882,cust-01882@lumenmail.com,Décor,6,89.27,0.0,Email,UK,
ORD-000149,2024-10-19,CUST-02726,cust-02726@lumenmail.com,Décor,4,287.23,0.2,Paid Search,US,
ORD-007747,24/07/2023,CUST-01791,cust-01791@lumenmail.com,Lighting,1,62.01,0.15,Email,US,variant
ORD-005192,2024-06-21,CUST-02002,cust-02002@lumenmail.com,Outdoor,2,185.09,0.0,Organic,US,control
ORD-004018,2024-09-27,CUST-00593,cust-00593@lumenmail.com,Outdoor,4,7.36,0.15,Paid Search,US,control
ORD-004997,2023-07-17,CUST-00050,cust-00050@lumenmail.com,Décor,2,38.7,0.15,Paid Search,US,
ORD-008714,04/08/2024,CUST-00924,cust-00924@lumenmail.com,Décor,4,21.37,0.0,Social,US,variant
ORD-009514,2024-12-17,CUST-01366,cust-01366@lumenmail.com,Outdoor,2,371.88,0.2,Email,US,control
ORD-004463,2023-06-07,CUST-02610,cust-02610@lumenmail.com,Lighting,1,127.0,0.0,Email,US,
ORD-003574,2024-11-16,CUST-02077,cust-02077@lumenmail.com,Décor,1,74.5,0.05,Email,US,
ORD-009157,20/12/2023,CUST-02682,cust-02682@lumenmail.com,Furniture,1,8.4,0.15,Email,US,
ORD-003878,2024-02-18,CUST-00983,cust-00983@lumenmail.com,Accessories,2,48.96,0.05,Social,UK,
ORD-002841,2024-06-18,CUST-00656,cust-00656@lumenmail.com,Furniture,-2,22.25,0.0,Email,US,
ORD-008621,2023-12-05,CUST-01957,cust-01957@lumenmail.com,Furniture,1,198.84,0.1,Organic,UK,control
ORD-007373,10/10/2023,CUST-02062,cust-02062@lumenmail.com,Outdoor,1,107.46,0.0,Organic,CA,
ORD-002393,2024-12-26,CUST-01816,cust-01816@lumenmail.com,Furniture,-2,169.84,0.0,Paid Search,US,control
ORD-002874,2024-06-12,CUST-00096,cust-00096@lumenmail.com,Lighting,1,30.29,0.05,Paid Search,CA,control
ORD-005519,2024-12-11,CUST-00089,cust-00089@lumenmail.com,Accessories,1,80.41,0.0,Email,US,control
ORD-004323,2024-03-15,CUST-01664,cust-01664@lumenmail.com,Accessories,1,16.88,0.15,Paid Search,US,control
ORD-006223,22/10/2023,CUST-01678,cust-01678@lumenmail.com,Outdoor,3,365.42,0.2,Organic,US,
ORD-002411,2024-01-01,CUST-01018,cust-01018@lumenmail.com,Lighting,1,158.98,0.15,Organic,ZZ,control
ORD-001545,2023-08-13,CUST-02147,cust-02147@lumenmail.com,Outdoor,1,155.96,0.25,Paid Search,US,control
ORD-008660,2023-07-25,CUST-02436,cust-02436@lumenmail.com,Lighting,1,175.27,0.1,Email,US,
ORD-002793,2024-08-02,CUST-00380,cust-00380@lumenmail.com,Accessories,5,298.76,0.15,Paid Search,AU,variant
ORD-006172,2023-11-10,CUST-02464,cust-02464@lumenmail.com,Décor,1,157.45,0.0,Email,US,variant
ORD-000381,2024-03-17,CUST-02650,cust-02650@lumenmail.com,Furniture,4,25.8,0.05,Paid Search,CA,control
ORD-004826,27/08/2024,CUST-00311,cust-00311@lumenmail.com,Lighting,2,41.78,0.05,Email,US,variant
ORD-002836,2024-02-12,CUST-01090,cust-01090@lumenmail.com,Décor,1,321.72,0.0,Email,US,
ORD-008487,2023-12-25,CUST-02337,cust-02337@lumenmail.com,Décor,4,308.02,0.1,Paid Search,US,
ORD-006148,03/06/2024,CUST-00391,cust-00391@lumenmail.com,Décor,2,364.56,0.1,Email,US,variant
ORD-005003,2024-03-13,CUST-02569,cust-02569@lumenmail.com,Lighting,3,37.21,0.2,Email,AU,variant
ORD-003850,2023-12-29,CUST-01883,cust-01883@lumenmail.com,Lighting,1,796.67,0.0,,CA,variant
ORD-008361,21/09/2024,CUST-00935,cust-00935@lumenmail.com,Lighting,1,194.74,0.05,Paid Search,US,variant
ORD-001532,2024-12-03,CUST-02694,cust-02694@lumenmail.com,Lighting,4,171.24,0.05,,CA,
ORD-005520,2024-05-04,CUST-01750,cust-01750@lumenmail.com,Lighting,1,53.7,0.0,Organic,US,
ORD-003052,2023-09-07,CUST-00230,cust-00230@lumenmail.com,Lighting,6,41.34,0.0,Email,UK,variant
ORD-000964,2024-11-23,CUST-00044,cust-00044@lumenmail.com,Accessories,1,175.78,0.0,Social,US,variant
ORD-000525,2024-09-13,CUST-01865,cust-01865@lumenmail.com,Lighting,3,22.25,0.1,Social,UK,
ORD-000618,2023-08-07,CUST-02185,cust-02185@lumenmail.com,Lighting,1,7.67,0.0,Paid Search,UK,
ORD-009383,2023-06-30,CUST-02810,cust-02810@lumenmail.com,Furniture,1,49.84,0.1,Organic,US,
ORD-004398,2024-11-07,CUST-00453,cust-00453@lumenmail.com,Furniture,2,192.7,0.1,Paid Search,US,variant
ORD-007317,2024-12-08,CUST-00829,cust-00829@lumenmail.com,Lighting,2,195.72,0.0,Paid Search,US,
ORD-005507,2023-10-25,CUST-01671,cust-01671@lumenmail.com,Outdoor,1,99.4,0.0,Paid Search,UK,
ORD-009440,2023-10-16,CUST-00471,cust-00471@lumenmail.com,Lighting,1,8.21,0.0,Email,US,variant
ORD-008976,2024-11-15,,guest@lumenmail.com,Décor,6,308.83,0.0,Paid Search,US,
ORD-006718,2024-12-12,,guest@lumenmail.com,Furniture,3,83.68,0.0,Email,US,control
ORD-000504,2023-12-15,CUST-01960,cust-01960@lumenmail.com,Lighting,1,94.6,0.05,Paid Search,US,
ORD-005206,17/11/2023,CUST-00284,cust-00284@lumenmail.com,Furniture,4,236.66,0.1,Email,US,control
ORD-002369,2024-10-06,CUST-00995,cust-00995@lumenmail.com,Lighting,1,19.25,0.15,Paid Search,US,control
ORD-007022,2024-09-15,CUST-02109,cust-02109@lumenmail.com,Décor,1,142.18,0.0,Organic,US,control
ORD-003107,06/09/2024,CUST-00239,cust-00239@lumenmail.com,Accessories,5,29.35,0.2,Organic,US,variant
ORD-000379,2024-01-08,CUST-00126,cust-00126@lumenmail.com,Lighting,1,632.22,0.15,Paid Search,US,
ORD-007975,2024-08-09,,guest@lumenmail.com,Lighting,2,305.76,0.05,Email,UK,control
ORD-004862,2024-03-09,CUST-00370,cust-00370@lumenmail.com,Décor,1,181.34,0.0,Paid Search,ZZ,
ORD-009569,2024-01-12,CUST-00299,cust-00299@lumenmail.com,Lighting,1,98.1,0.05,Paid Search,US,control
ORD-001795,2023-06-19,CUST-00299,cust-00299@lumenmail.com,Furniture,1,59.17,0.1,Social,US,control
ORD-006126,2024-06-05,CUST-00448,cust-00448@lumenmail.com,Lighting,1,93.83,0.2,Email,US,
ORD-003957,2024-08-27,CUST-00203,cust-00203@lumenmail.com,Décor,1,49.1,0.0,Paid Search,US,variant
ORD-008898,2024-10-11,CUST-02263,cust-02263@lumenmail.com,Lighting,1,23.48,0.0,Paid Search,US,
ORD-006002,2024-01-19,CUST-01906,cust-01906@lumenmail.com,Lighting,4,134.1,0.05,Paid Search,US,
ORD-006697,2024-08-13,CUST-00536,cust-00536@lumenmail.com,Lighting,1,638.03,0.0,Paid Search,US,control
ORD-004879,12/08/2024,,guest@lumenmail.com,Outdoor,1,797.81,0.0,Email,US,
ORD-003503,2024-02-21,CUST-01250,cust-01250@lumenmail.com,Lighting,2,79.16,0.0,Paid Search,CA,control
ORD-005464,2024-09-04,CUST-02940,cust-02940@lumenmail.com,Outdoor,2,163.24,0.0,,US,variant
ORD-005297,2024-07-14,CUST-01594,cust-01594@lumenmail.com,Lighting,2,97.2,0.0,Email,UK,
ORD-003739,2024-04-18,CUST-01558,cust-01558@lumenmail.com,Furniture,1,78.54,0.05,Organic,US,variant
ORD-000866,2023-12-05,CUST-02856,cust-02856@lumenmail.com,Accessories,2,43.1,0.0,Email,UK,variant
ORD-000354,23/11/2024,CUST-02222,cust-02222@lumenmail.com,Accessories,1,84.17,0.0,Email,US,control
ORD-006593,2023-12-08,CUST-02577,cust-02577@lumenmail.com,Décor,3,29.34,0.0,Email,US,variant
ORD-003217,17/06/2024,CUST-01017,cust-01017@lumenmail.com,Lighting,1,64.79,0.15,Social,US,
ORD-007106,2023-11-27,CUST-01319,cust-01319@lumenmail.com,Lighting,1,47.64,0.05,Paid Search,US,variant
ORD-004202,2024-07-02,CUST-00710,cust-00710@lumenmail.com,Furniture,1,31.64,0.0,Paid Search,ZZ,variant
ORD-009472,2024-11-06,CUST-02779,cust-02779@lumenmail.com,Décor,1,6.81,0.25,Organic,CA,control
ORD-003207,2023-11-12,CUST-00406,cust-00406@lumenmail.com,Lighting,3,129.08,0.05,Email,AU,control
ORD-008993,2024-08-22,CUST-00101,cust-00101@lumenmail.com,Accessories,1,57.01,0.2,Paid Search,US,variant
ORD-007795,2024-03-18,CUST-02667,cust-02667@lumenmail.com,Furniture,2,19.92,0.05,Organic,CA,
ORD-003595,04/12/2023,CUST-02799,cust-02799@lumenmail.com,Furniture,4,28.73,0.2,Paid Search,US,control
ORD-004229,2023-08-23,CUST-01122,cust-01122@lumenmail.com,Furniture,1,210.11,0.05,Email,CA,
ORD-000955,2024-02-01,CUST-02829,cust-02829@lumenmail.com,Lighting,-2,333.86,0.2,Paid Search,US,variant
ORD-003998,2024-04-13,CUST-00882,cust-00882@lumenmail.com,Décor,1,50.2,0.2,Paid Search,US,control
ORD-004405,2023-11-07,CUST-00563,cust-00563@lumenmail.com,Furniture,4,558.11,0.0,Paid Search,US,
ORD-000446,2023-06-02,CUST-02406,cust-02406@lumenmail.com,Lighting,1,164.96,0.0,Paid Search,US,
ORD-004615,2024-10-20,CUST-00258,cust-00258@lumenmail.com,Outdoor,6,733.25,0.2,Paid Search,AU,control
ORD-005604,2024-06-09,CUST-02308,cust-02308@lumenmail.com,Lighting,1,32.63,0.0,Organic,UK,control
ORD-002235,2024-05-31,CUST-00040,cust-00040@lumenmail.com,Furniture,1,25.24,0.0,Paid Search,CA,
ORD-007042,2024-05-21,CUST-00731,cust-00731@lumenmail.com,Lighting,1,8.77,0.2,Email,US,
ORD-006258,2024-11-13,CUST-01003,cust-01003@lumenmail.com,Accessories,2,22.85,0.1,Email,US,
ORD-003942,2024-03-01,CUST-00035,cust-00035@lumenmail.com,Décor,1,112.57,0.05,Paid Search,US,variant
ORD-004984,2023-10-10,CUST-02491,cust-02491@lumenmail.com,Outdoor,2,177.01,0.25,Email,AU,variant
ORD-006423,2023-11-06,CUST-00492,cust-00492@lumenmail.com,Décor,1,409.62,0.25,Paid Search,US,
ORD-005563,2024-02-07,CUST-02902,cust-02902@lumenmail.com,Outdoor,1,127.54,0.0,Email,US,variant
ORD-007330,09/11/2023,CUST-01185,cust-01185@lumenmail.com,Outdoor,3,11.86,0.0,Organic,US,
ORD-006243,13/04/2024,CUST-00276,cust-00276@lumenmail.com,Lighting,2,554.1,0.25,Email,US,variant
ORD-001361,2024-05-12,CUST-01508,cust-01508@lumenmail.com,Furniture,1,142.16,0.2,Organic,ZZ,control
ORD-000923,22/12/2024,CUST-02055,cust-02055@lumenmail.com,Décor,2,127.4,0.25,Paid Search,CA,control
ORD-004664,2023-12-18,CUST-02314,cust-02314@lumenmail.com,Lighting,1,432.11,0.0,Email,ZZ,
ORD-002232,2024-02-15,CUST-00561,cust-00561@lumenmail.com,Furniture,1,57.5,0.0,Organic,US,control
ORD-002295,2024-09-16,CUST-00102,cust-00102@lumenmail.com,Lighting,2,734.43,0.2,Paid Search,US,control
ORD-001811,2023-07-12,CUST-00267,cust-00267@lumenmail.com,Décor,1,387.12,0.05,Email,ZZ,
ORD-004558,18/08/2024,CUST-00385,cust-00385@lumenmail.com,Furniture,1,191.26,0.2,Organic,UK,
ORD-007652,2024-11-21,CUST-00280,cust-00280@lumenmail.com,Outdoor,3,795.69,0.05,Paid Search,UK,
ORD-001008,2024-11-20,CUST-00795,cust-00795@lumenmail.com,Décor,1,95.66,0.05,Email,US,control
ORD-000319,2024-03-25,CUST-02133,cust-02133@lumenmail.com,Lighting,2,64.32,0.0,Email,US,
ORD-003273,2023-07-30,CUST-00160,cust-00160@lumenmail.com,Lighting,3,32.12,0.05,Paid Search,US,variant
ORD-004564,2024-05-29,CUST-01007,cust-01007@lumenmail.com,Lighting,-2,26.8,0.0,Paid Search,UK,
ORD-002108,2024-02-16,CUST-02758,cust-02758@lumenmail.com,Furniture,2,17.48,0.0,Paid Search,US,
ORD-002377,2023-06-30,CUST-01182,cust-01182@lumenmail.com,Lighting,2,77.3,0.0,Paid Search,AU,control
ORD-002664,2023-09-23,CUST-02393,cust-02393@lumenmail.com,Furniture,2,185.33,0.05,Organic,US,variant
ORD-007294,2024-10-09,CUST-01873,cust-01873@lumenmail.com,Décor,1,670.12,0.05,Organic,US,
ORD-003551,2024-06-17,CUST-01871,cust-01871@lumenmail.com,Lighting,1,82.02,0.0,Social,US,control
ORD-009192,2023-09-27,CUST-01095,cust-01095@lumenmail.com,Lighting,3,65.71,0.15,Organic,US,
ORD-006606,2024-03-28,CUST-02669,cust-02669@lumenmail.com,Décor,3,130.22,0.2,Organic,UK,variant
ORD-008209,13/07/2023,,guest@lumenmail.com,Lighting,4,86.78,0.0,Organic,US,variant
ORD-008472,2023-11-08,CUST-01871,cust-01871@lumenmail.com,Décor,2,121.81,0.2,Organic,US,
ORD-003922,2023-07-29,CUST-00939,cust-00939@lumenmail.com,Outdoor,1,306.24,0.05,Paid Search,CA,variant
ORD-006585,2023-08-20,CUST-01972,cust-01972@lumenmail.com,Furniture,1,35.0,0.0,Email,US,
ORD-000772,2024-01-22,CUST-02644,cust-02644@lumenmail.com,Décor,3,49.68,0.0,Social,US,
ORD-009050,2024-01-15,,guest@lumenmail.com,Lighting,2,62.9,0.15,Organic,US,variant
ORD-001217,2024-07-23,CUST-01364,cust-01364@lumenmail.com,Lighting,2,117.82,0.25,Organic,CA,
ORD-001262,05/05/2024,CUST-02598,cust-02598@lumenmail.com,Accessories,4,22.57,0.05,Organic,US,
ORD-000730,2024-07-19,CUST-00865,cust-00865@lumenmail.com,Lighting,3,47.92,0.05,Organic,US,control
ORD-005188,2024-03-28,CUST-00762,cust-00762@lumenmail.com,Lighting,3,9.27,0.2,,US,control
ORD-006766,2024-08-03,,guest@lumenmail.com,Lighting,2,369.87,0.0,Email,US,control
ORD-006179,2024-06-11,CUST-02411,cust-02411@lumenmail.com,Lighting,2,21.12,0.05,Paid Search,CA,
ORD-000259,2024-01-21,CUST-01970,cust-01970@lumenmail.com,Lighting,6,149.86,0.1,Paid Search,CA,control
ORD-000169,2024-08-07,,guest@lumenmail.com,Lighting,2,9.61,0.1,,US,variant
ORD-000697,2023-07-07,CUST-02084,cust-02084@lumenmail.com,Furniture,1,296.83,0.0,Paid Search,US,variant
ORD-003670,2023-08-08,CUST-00960,cust-00960@lumenmail.com,Furniture,1,44.11,0.0,Organic,UK,variant
ORD-003447,11/07/2024,,guest@lumenmail.com,Lighting,2,388.15,0.05,Email,AU,variant
ORD-001260,01/04/2024,CUST-02404,cust-02404@lumenmail.com,Décor,2,169.95,0.1,Email,AU,control
ORD-001274,2023-07-15,CUST-02153,cust-02153@lumenmail.com,Décor,1,18.86,0.0,Organic,US,control
ORD-001686,2024-10-18,CUST-01746,cust-01746@lumenmail.com,Furniture,2,564.28,0.25,Email,UK,variant
ORD-004535,2024-12-26,CUST-00886,cust-00886@lumenmail.com,Outdoor,3,110.5,0.0,Paid Search,US,variant
ORD-005710,12/03/2024,,guest@lumenmail.com,Décor,1,32.54,0.1,Paid Search,US,variant
ORD-002039,27/06/2023,CUST-00763,cust-00763@lumenmail.com,Furniture,1,90.25,0.0,Email,ZZ,control
ORD-003946,2023-11-15,CUST-00294,cust-00294@lumenmail.com,Décor,1,30.48,0.1,,CA,variant
ORD-002324,2024-08-06,CUST-01626,cust-01626@lumenmail.com,Décor,1,68.7,0.0,Email,US,control
ORD-003345,2023-06-30,CUST-00568,cust-00568@lumenmail.com,Lighting,1,473.09,0.0,Email,AU,variant
ORD-006160,2023-10-26,CUST-02265,cust-02265@lumenmail.com,Furniture,1,80.19,0.15,Email,US,variant
ORD-002304,2024-10-08,CUST-00172,cust-00172@lumenmail.com,Décor,2,93.56,0.2,Email,US,
ORD-003451,2023-07-05,CUST-02235,cust-02235@lumenmail.com,Accessories,2,121.53,0.0,Email,US,control
ORD-006799,2024-10-23,CUST-02319,cust-02319@lumenmail.com,Furniture,4,45.2,0.0,Organic,US,
ORD-007380,2023-10-12,CUST-02977,cust-02977@lumenmail.com,Lighting,2,52.35,0.2,Email,US,variant
ORD-004409,2024-10-29,CUST-02180,cust-02180@lumenmail.com,Lighting,4,42.18,0.0,Social,US,control
ORD-002340,2023-10-30,CUST-00668,cust-00668@lumenmail.com,Furniture,1,121.57,0.05,Paid Search,US,control
ORD-004107,2023-09-01,CUST-01535,cust-01535@lumenmail.com,Lighting,2,14.49,0.05,Organic,US,control
ORD-006992,2024-08-03,CUST-01655,cust-01655@lumenmail.com,Furniture,1,28.79,0.05,Email,UK,
ORD-009293,2024-07-17,CUST-01067,cust-01067@lumenmail.com,Lighting,2,62.44,0.0,Paid Search,US,variant
ORD-003820,2024-04-24,,guest@lumenmail.com,Décor,2,71.05,0.0,Paid Search,US,variant
ORD-005674,2024-05-10,CUST-01628,cust-01628@lumenmail.com,Lighting,1,194.92,0.1,Email,UK,variant
ORD-000080,2023-07-19,CUST-02589,cust-02589@lumenmail.com,Furniture,1,325.0,0.1,Organic,US,control
ORD-000093,2023-10-07,CUST-02951,cust-02951@lumenmail.com,Furniture,3,353.22,0.0,Paid Search,UK,
ORD-009229,2024-03-05,CUST-01874,cust-01874@lumenmail.com,Furniture,2,44.48,0.0,Social,US,variant
ORD-004057,2024-01-05,CUST-02518,cust-02518@lumenmail.com,Lighting,4,358.76,0.0,Email,CA,variant
ORD-006994,27/02/2024,CUST-02088,cust-02088@lumenmail.com,Outdoor,1,93.89,0.15,Paid Search,CA,variant
ORD-005245,2024-03-13,CUST-00218,cust-00218@lumenmail.com,Furniture,4,56.13,0.0,Organic,US,control
ORD-004029,2023-09-29,CUST-00558,cust-00558@lumenmail.com,Outdoor,2,162.2,0.2,Paid Search,UK,
ORD-002766,2024-07-06,CUST-01388,cust-01388@lumenmail.com,Lighting,1,87.98,0.15,Email,US,
ORD-009244,2024-07-19,CUST-02694,cust-02694@lumenmail.com,Décor,1,157.53,0.05,Paid Search,US,variant
ORD-001094,2023-11-02,CUST-00675,cust-00675@lumenmail.com,Lighting,6,37.54,0.0,Paid Search,US,
ORD-002982,10/06/2023,CUST-02802,cust-02802@lumenmail.com,Outdoor,1,16.59,0.05,Organic,UK,variant
ORD-002399,2024-06-11,CUST-01858,cust-01858@lumenmail.com,Lighting,1,746.32,0.1,Organic,US,control
ORD-006523,2023-12-06,CUST-01069,cust-01069@lumenmail.com,Outdoor,2,94.38,0.0,Paid Search,US,
ORD-006554,31/03/2024,CUST-00031,cust-00031@lumenmail.com,Furniture,2,76.85,0.0,Paid Search,UK,
ORD-003411,2024-10-04,CUST-00624,cust-00624@lumenmail.com,Lighting,3,31.83,0.0,Organic,US,variant
ORD-005857,2024-10-29,CUST-00750,cust-00750@lumenmail.com,Accessories,1,385.43,0.0,Email,US,variant
ORD-004377,2023-11-14,CUST-02278,cust-02278@lumenmail.com,Lighting,2,63.36,0.1,Social,US,control
ORD-004903,2023-09-25,,guest@lumenmail.com,Outdoor,2,40.36,0.15,Organic,US,
ORD-008762,2024-10-27,CUST-02786,cust-02786@lumenmail.com,Accessories,1,10.44,0.2,Email,US,control
ORD-005037,25/08/2024,CUST-01612,cust-01612@lumenmail.com,Lighting,1,109.53,0.0,Email,US,
ORD-005144,2024-08-14,CUST-02387,cust-02387@lumenmail.com,Décor,1,51.98,0.0,Email,US,control
ORD-000115,2024-01-24,CUST-01284,cust-01284@lumenmail.com,Lighting,3,193.06,0.15,Email,UK,
ORD-007116,2023-07-26,,guest@lumenmail.com,Furniture,2,44.85,0.0,Paid Search,UK,
ORD-008186,2024-12-27,CUST-02583,cust-02583@lumenmail.com,Furniture,2,63.93,0.1,Organic,US,
ORD-008929,2024-09-30,CUST-00469,cust-00469@lumenmail.com,Décor,1,67.97,0.1,Paid Search,US,variant
ORD-005289,2024-02-01,CUST-01854,cust-01854@lumenmail.com,Lighting,2,324.54,0.25,Email,UK,control
ORD-004673,2024-10-30,CUST-00431,cust-00431@lumenmail.com,Furniture,2,798.45,0.0,Social,US,control
ORD-006953,23/01/2024,CUST-02774,cust-02774@lumenmail.com,Lighting,3,33.19,0.05,Email,US,control
ORD-005125,2024-12-30,CUST-00775,cust-00775@lumenmail.com,Furniture,3,51.76,0.05,Social,US,control
ORD-003507,2024-04-20,CUST-01944,cust-01944@lumenmail.com,Accessories,2,451.34,0.1,Paid Search,US,
ORD-005392,2024-12-08,CUST-00716,cust-00716@lumenmail.com,Décor,1,87.89,0.1,Organic,US,
ORD-007435,2024-08-04,CUST-02204,cust-02204@lumenmail.com,Lighting,2,22.33,0.05,Paid Search,US,variant
ORD-003666,2024-10-29,CUST-01268,cust-01268@lumenmail.com,Lighting,1,155.58,0.1,Paid Search,CA,variant
ORD-001945,02/09/2023,CUST-02190,cust-02190@lumenmail.com,Outdoor,2,24.57,0.05,Organic,US,variant
ORD-002757,2023-06-12,CUST-01409,cust-01409@lumenmail.com,Outdoor,2,379.24,0.0,Paid Search,US,variant
ORD-001334,2024-02-19,CUST-00687,cust-00687@lumenmail.com,Lighting,1,38.32,0.05,Paid Search,US,
ORD-004873,2024-05-28,CUST-01121,cust-01121@lumenmail.com,Décor,1,138.12,0.0,Social,CA,variant
ORD-004852,2023-07-25,,guest@lumenmail.com,Décor,2,53.95,0.0,Social,AU,variant
ORD-006235,2023-07-07,CUST-01085,cust-01085@lumenmail.com,Lighting,3,55.14,0.0,Email,US,variant
ORD-000620,2024-05-21,CUST-02933,cust-02933@lumenmail.com,Accessories,2,25.94,0.05,Email,US,
ORD-005771,2024-09-24,CUST-01555,cust-01555@lumenmail.com,Furniture,5,14.5,0.15,Organic,US,control
ORD-004922,2024-10-28,CUST-01533,cust-01533@lumenmail.com,Lighting,2,31.91,0.0,Organic,US,
ORD-003032,2024-03-19,CUST-00103,cust-00103@lumenmail.com,Lighting,1,230.72,0.0,Email,US,variant
ORD-004238,2024-06-19,CUST-02980,cust-02980@lumenmail.com,Furniture,4,375.62,0.0,Organic,US,control
ORD-002883,2023-12-11,CUST-01553,cust-01553@lumenmail.com,Lighting,1,568.23,0.0,Email,CA,
ORD-005859,11/08/2023,CUST-00103,cust-00103@lumenmail.com,Outdoor,4,616.22,0.15,Email,US,
ORD-001053,2023-09-24,CUST-01042,cust-01042@lumenmail.com,Lighting,1,29.7,0.05,Email,AU,control
ORD-005032,2024-12-25,CUST-01907,cust-01907@lumenmail.com,Décor,1,7.58,0.0,Organic,US,control
ORD-001039,,,guest@lumenmail.com,Lighting,1,608.12,0.05,Organic,US,variant
ORD-009488,2024-03-02,CUST-00002,cust-00002@lumenmail.com,Lighting,3,289.66,0.0,Email,US,variant
ORD-006457,2023-11-19,CUST-01328,cust-01328@lumenmail.com,Outdoor,1,19.27,0.05,Email,US,control
ORD-003465,2024-06-09,CUST-02113,cust-02113@lumenmail.com,Lighting,2,64.02,0.0,Organic,US,variant
ORD-005087,2023-10-01,CUST-02711,cust-02711@lumenmail.com,Outdoor,3,565.6,0.05,Organic,US,variant
ORD-002807,12/01/2024,CUST-02385,cust-02385@lumenmail.com,Lighting,4,328.82,0.0,Paid Search,US,control
ORD-000181,2023-12-13,CUST-00829,cust-00829@lumenmail.com,Outdoor,1,34.12,0.1,Paid Search,AU,variant
ORD-004633,2024-10-06,CUST-00586,cust-00586@lumenmail.com,Outdoor,1,36.11,0.0,Organic,US,control
ORD-005220,06/09/2024,CUST-02926,cust-02926@lumenmail.com,Décor,1,36.9,0.1,Email,US,variant
ORD-004820,2024-02-29,CUST-00151,cust-00151@lumenmail.com,Décor,3,33.35,0.2,Email,US,
ORD-002858,2023-10-25,CUST-01585,cust-01585@lumenmail.com,Accessories,3,264.26,0.0,,CA,
ORD-001337,27/12/2024,CUST-01042,cust-01042@lumenmail.com,Lighting,3,54.69,0.0,Email,UK,
ORD-003530,,CUST-00761,cust-00761@lumenmail.com,Lighting,1,119.53,0.15,Social,CA,variant
ORD-004427,2024-07-24,CUST-00120,cust-00120@lumenmail.com,Décor,2,10.25,0.0,Paid Search,US,control
ORD-005742,2023-11-13,CUST-02738,cust-02738@lumenmail.com,Décor,1,22.59,0.05,Paid Search,US,control
ORD-005480,2024-06-18,CUST-01849,cust-01849@lumenmail.com,Furniture,2,361.15,0.0,,US,
ORD-004851,2024-10-18,CUST-00449,cust-00449@lumenmail.com,Décor,-2,73.02,0.1,Organic,US,control
ORD-005951,2024-01-31,CUST-00603,cust-00603@lumenmail.com,Outdoor,2,36.07,0.0,Email,CA,control
ORD-005200,17/04/2024,CUST-02727,cust-02727@lumenmail.com,Décor,1,48.27,0.0,Social,US,
ORD-004573,2024-02-21,CUST-02794,cust-02794@lumenmail.com,Lighting,1,44.17,0.0,Paid Search,US,
ORD-008238,2024-06-06,CUST-02012,cust-02012@lumenmail.com,Lighting,1,392.07,0.1,Email,ZZ,variant
ORD-007046,2024-09-04,,guest@lumenmail.com,Accessories,1,99.6,0.05,Paid Search,US,variant
ORD-003988,2024-06-17,CUST-01764,cust-01764@lumenmail.com,Lighting,1,21.9,0.0,Social,AU,
ORD-003452,08/11/2024,CUST-01809,cust-01809@lumenmail.com,Furniture,1,31.29,0.0,Email,UK,
ORD-005279,2024-01-10,CUST-01406,cust-01406@lumenmail.com,Décor,2,65.14,0.05,Paid Search,US,
ORD-006432,30/08/2024,CUST-00677,cust-00677@lumenmail.com,Décor,1,95.4,0.0,Paid Search,US,control
ORD-008491,2023-06-11,CUST-02249,cust-02249@lumenmail.com,Outdoor,6,26.88,0.2,Organic,US,variant
ORD-007603,2024-05-01,,guest@lumenmail.com,Furniture,1,78.37,0.05,Email,CA,variant
ORD-007213,2024-06-23,CUST-02766,cust-02766@lumenmail.com,Lighting,2,247.45,0.15,Social,US,variant
ORD-002306,2024-08-15,CUST-01290,cust-01290@lumenmail.com,Furniture,4,94.01,0.1,Email,US,variant
ORD-005499,2023-09-24,CUST-00838,cust-00838@lumenmail.com,Décor,1,46.0,0.0,Paid Search,US,variant
ORD-008788,2023-06-20,CUST-00022,cust-00022@lumenmail.com,Accessories,-2,0.0,0.0,Organic,US,variant
ORD-001664,2023-11-29,,guest@lumenmail.com,Lighting,1,140.21,0.05,Paid Search,UK,variant
ORD-001219,2023-07-27,CUST-02102,cust-02102@lumenmail.com,Décor,7,141.4,0.15,Paid Search,US,variant
ORD-005117,2023-07-09,CUST-01636,cust-01636@lumenmail.com,Lighting,4,130.86,0.1,Organic,CA,
ORD-002330,2023-06-30,CUST-01247,cust-01247@lumenmail.com,Lighting,1,19.88,0.0,Email,CA,control
ORD-001803,2023-08-11,CUST-00498,cust-00498@lumenmail.com,Lighting,2,29.66,0.0,Social,UK,control
ORD-005130,2024-03-14,CUST-02729,cust-02729@lumenmail.com,Lighting,2,118.73,0.0,Organic,US,control
ORD-009337,2024-08-31,CUST-00612,cust-00612@lumenmail.com,Furniture,1,168.71,0.15,Social,US,control
ORD-002956,2023-07-09,CUST-02840,cust-02840@lumenmail.com,Lighting,7,99.61,0.25,Organic,US,control
ORD-002803,2024-07-18,CUST-02181,cust-02181@lumenmail.com,Décor,-1,6.48,0.05,Email,CA,control
ORD-008651,2024-07-09,CUST-00947,cust-00947@lumenmail.com,Lighting,1,284.1,0.0,Email,US,
ORD-008865,2024-02-13,CUST-01108,cust-01108@lumenmail.com,Lighting,5,29.6,0.0,Email,US,variant
ORD-001618,2023-07-10,CUST-00422,cust-00422@lumenmail.com,Lighting,1,5.52,0.0,Email,US,
ORD-007402,2023-07-24,,guest@lumenmail.com,Lighting,1,12.71,0.25,Paid Search,US,control
ORD-000363,2024-03-03,CUST-02241,cust-02241@lumenmail.com,Furniture,1,41.59,0.0,Paid Search,CA,control
ORD-009446,2024-11-26,CUST-02011,cust-02011@lumenmail.com,Lighting,1,55.61,0.0,Email,ZZ,variant
ORD-001151,2024-09-20,CUST-02500,cust-02500@lumenmail.com,Lighting,1,650.96,0.2,Email,US,
ORD-004067,19/03/2024,CUST-01574,cust-01574@lumenmail.com,Outdoor,2,64.92,0.0,Organic,US,control
ORD-003910,2024-05-07,CUST-01479,cust-01479@lumenmail.com,Lighting,1,39.67,0.15,Email,US,variant
ORD-001491,01/06/2023,CUST-02229,cust-02229@lumenmail.com,Lighting,3,179.74,0.0,Email,US,variant
ORD-004758,2023-07-11,CUST-00974,cust-00974@lumenmail.com,Lighting,3,13.58,0.1,Organic,CA,control
ORD-006873,2024-12-08,CUST-02693,cust-02693@lumenmail.com,Lighting,2,198.81,0.2,Organic,ZZ,
ORD-001189,2023-11-04,CUST-01950,cust-01950@lumenmail.com,Lighting,3,183.65,0.0,Organic,CA,
ORD-009110,2024-06-08,CUST-00881,cust-00881@lumenmail.com,Lighting,1,195.87,0.0,Paid Search,CA,
ORD-006646,2024-11-15,CUST-00950,cust-00950@lumenmail.com,Décor,7,208.46,0.1,Organic,CA,control
ORD-008118,2023-10-07,CUST-02680,cust-02680@lumenmail.com,Lighting,1,45.92,0.1,Organic,US,
ORD-004251,11/11/2023,CUST-00707,cust-00707@lumenmail.com,Décor,1,89.11,0.0,Paid Search,US,control
ORD-006019,05/01/2024,CUST-00785,cust-00785@lumenmail.com,Furniture,4,140.17,0.15,Email,US,
ORD-007576,2024-03-28,CUST-02209,cust-02209@lumenmail.com,Furniture,1,282.61,0.2,Organic,US,control
ORD-008455,2023-06-23,CUST-01074,cust-01074@lumenmail.com,Décor,3,36.17,0.1,Email,UK,variant
ORD-008498,17/12/2024,CUST-00221,cust-00221@lumenmail.com,Lighting,1,46.08,0.25,Organic,CA,
ORD-008562,2023-07-11,CUST-02548,cust-02548@lumenmail.com,Lighting,1,17.19,0.15,Organic,US,
ORD-002606,2024-07-14,CUST-02245,cust-02245@lumenmail.com,Lighting,2,49.63,0.15,Organic,AU,control
ORD-006751,2024-05-17,CUST-00211,cust-00211@lumenmail.com,Décor,1,133.17,0.05,Social,US,variant
ORD-003247,2024-12-02,CUST-00885,cust-00885@lumenmail.com,Décor,1,36.56,0.0,Organic,US,variant
ORD-002532,2024-08-20,CUST-02914,cust-02914@lumenmail.com,Lighting,3,22.36,0.05,Email,AU,variant
ORD-009084,17/10/2023,CUST-02422,cust-02422@lumenmail.com,Lighting,5,36.3,0.1,Paid Search,US,
ORD-007263,2024-06-12,,guest@lumenmail.com,Outdoor,4,227.98,0.15,Email,US,control
ORD-003828,24/05/2024,CUST-02571,cust-02571@lumenmail.com,Accessories,2,108.72,0.15,Paid Search,CA,control
ORD-006022,2024-10-03,CUST-02979,cust-02979@lumenmail.com,Décor,2,21.55,0.0,Organic,US,control
ORD-006054,2024-02-02,CUST-02557,cust-02557@lumenmail.com,Lighting,2,55.69,0.05,Email,CA,
ORD-006462,2024-01-28,CUST-01925,cust-01925@lumenmail.com,Lighting,3,49.99,0.15,Organic,UK,variant
ORD-000455,2024-06-12,CUST-02606,cust-02606@lumenmail.com,Accessories,2,10.8,0.0,Paid Search,UK,variant
ORD-001543,2024-05-06,CUST-01045,cust-01045@lumenmail.com,Décor,2,572.02,0.1,Paid Search,CA,control
ORD-007284,2023-11-29,CUST-00874,cust-00874@lumenmail.com,Lighting,1,7.29,0.1,Organic,US,
ORD-009570,2023-10-18,CUST-02455,cust-02455@lumenmail.com,Outdoor,1,160.11,0.1,Paid Search,CA,control
ORD-006782,05/02/2024,CUST-02256,cust-02256@lumenmail.com,Furniture,2,568.48,0.15,Paid Search,US,control
ORD-005233,2024-10-12,CUST-02774,cust-02774@lumenmail.com,Lighting,2,14.62,0.15,Paid Search,US,
ORD-005970,2024-03-23,CUST-00511,cust-00511@lumenmail.com,Lighting,2,512.0,0.15,Email,US,variant
ORD-006384,2024-08-05,CUST-00060,cust-00060@lumenmail.com,Furniture,1,31.98,0.25,Organic,US,
ORD-006285,2023-12-04,CUST-02455,cust-02455@lumenmail.com,Accessories,2,33.46,0.25,Organic,US,
ORD-004739,2023-06-06,CUST-02076,cust-02076@lumenmail.com,Lighting,1,98.11,0.15,Paid Search,US,
ORD-008407,2023-11-29,CUST-01362,cust-01362@lumenmail.com,Furniture,1,62.03,0.0,Paid Search,US,
ORD-009402,2023-06-14,CUST-00467,cust-00467@lumenmail.com,Furniture,2,10.49,0.1,Paid Search,US,variant
ORD-007648,13/07/2023,CUST-00601,cust-00601@lumenmail.com,Furniture,2,666.16,0.05,Paid Search,US,variant
ORD-004532,2024-11-22,CUST-01933,cust-01933@lumenmail.com,Outdoor,2,9.56,0.0,,UK,variant
ORD-004640,2023-09-26,CUST-00265,cust-00265@lumenmail.com,Lighting,1,199.82,0.05,Email,US,
ORD-002367,05/12/2024,CUST-00006,cust-00006@lumenmail.com,Décor,-5,185.6,0.0,Organic,US,control
ORD-005656,2024-09-15,CUST-01069,cust-01069@lumenmail.com,Accessories,3,422.99,0.0,Organic,US,control
ORD-003001,2023-09-03,CUST-02489,cust-02489@lumenmail.com,Lighting,2,104.9,0.0,Organic,US,
ORD-001876,2024-11-16,CUST-02242,cust-02242@lumenmail.com,Furniture,2,268.96,0.2,Paid Search,US,
ORD-006540,2023-08-29,CUST-01974,cust-01974@lumenmail.com,Lighting,2,68.81,0.2,Email,US,control
ORD-005865,2024-02-28,CUST-00102,cust-00102@lumenmail.com,Lighting,1,374.96,0.0,Organic,US,variant
ORD-009091,2024-07-21,CUST-00400,cust-00400@lumenmail.com,Outdoor,3,5.75,0.25,Paid Search,UK,
ORD-008784,17/07/2024,CUST-01617,cust-01617@lumenmail.com,Furniture,1,257.4,0.05,Organic,US,
ORD-008801,2023-12-25,CUST-01634,cust-01634@lumenmail.com,Lighting,2,79.52,0.0,Paid Search,UK,
ORD-001539,2024-11-13,CUST-00360,cust-00360@lumenmail.com,Furniture,1,736.38,0.05,Paid Search,US,control
ORD-000288,2024-11-29,CUST-00599,cust-00599@lumenmail.com,Accessories,1,39.85,0.05,,US,control
ORD-005758,2024-06-10,CUST-00667,cust-00667@lumenmail.com,Lighting,1,282.96,0.0,Organic,UK,variant
ORD-007920,2024-05-06,CUST-02531,cust-02531@lumenmail.com,Lighting,1,86.62,0.05,Email,US,
ORD-005318,2024-01-01,CUST-00595,cust-00595@lumenmail.com,Outdoor,4,38.96,0.15,Paid Search,US,control
ORD-007393,19/09/2024,CUST-01257,cust-01257@lumenmail.com,Outdoor,1,41.25,0.0,Organic,US,control
ORD-008217,2024-04-11,CUST-01977,cust-01977@lumenmail.com,Furniture,4,48.94,0.2,Email,US,
ORD-007298,13/11/2023,CUST-00430,cust-00430@lumenmail.com,Furniture,2,41.21,0.05,Social,US,variant
ORD-004339,2024-05-04,CUST-01541,cust-01541@lumenmail.com,Décor,2,59.44,0.0,Paid Search,US,variant
ORD-002319,2024-05-13,CUST-00754,cust-00754@lumenmail.com,Accessories,7,26.99,0.0,Organic,US,
ORD-007445,2024-03-09,CUST-02705,cust-02705@lumenmail.com,Lighting,2,47.87,0.1,Organic,US,control
ORD-009328,2023-08-24,CUST-01742,cust-01742@lumenmail.com,Outdoor,2,76.02,0.05,Paid Search,US,variant
ORD-000396,2024-02-17,CUST-00170,cust-00170@lumenmail.com,Accessories,2,29.8,0.0,Organic,US,control
ORD-001869,2024-09-18,CUST-02257,cust-02257@lumenmail.com,Lighting,2,117.95,0.05,Social,US,
ORD-004120,2024-06-13,CUST-02840,cust-02840@lumenmail.com,Outdoor,2,773.93,0.0,Paid Search,US,control
ORD-007123,2023-06-12,CUST-02077,cust-02077@lumenmail.com,Lighting,1,317.92,0.0,Paid Search,US,
ORD-004412,2024-11-10,,guest@lumenmail.com,Furniture,1,22.7,0.1,Social,CA,control
ORD-005836,2023-08-02,CUST-00110,cust-00110@lumenmail.com,Lighting,3,130.13,0.15,Email,CA,control
ORD-003730,2024-04-08,CUST-01737,cust-01737@lumenmail.com,Furniture,2,80.24,0.0,Email,US,
ORD-006209,2024-04-26,CUST-00396,cust-00396@lumenmail.com,Outdoor,1,298.63,0.0,Email,US,
ORD-001662,2023-10-05,CUST-00059,cust-00059@lumenmail.com,Outdoor,3,108.57,0.15,,CA,
ORD-000727,2023-08-14,CUST-00228,cust-00228@lumenmail.com,Lighting,2,319.07,0.0,Social,US,
ORD-003724,2023-07-13,CUST-00887,cust-00887@lumenmail.com,Décor,3,11.14,0.0,Organic,US,
ORD-008641,04/05/2024,CUST-01193,cust-01193@lumenmail.com,Furniture,1,85.34,0.05,Paid Search,ZZ,variant
ORD-006248,2023-10-15,CUST-00998,cust-00998@lumenmail.com,Décor,2,124.29,0.15,Paid Search,US,variant
ORD-006666,2024-11-20,CUST-02942,cust-02942@lumenmail.com,Furniture,3,49.9,0.1,Organic,US,control
ORD-003413,2024-10-02,CUST-02236,cust-02236@lumenmail.com,Accessories,2,31.87,0.05,Organic,US,
ORD-003534,2024-07-01,CUST-00630,cust-00630@lumenmail.com,Décor,1,189.23,0.05,Email,CA,
ORD-004073,10/10/2023,,guest@lumenmail.com,Accessories,5,498.32,0.1,Paid Search,CA,
ORD-000991,23/11/2023,CUST-01097,cust-01097@lumenmail.com,Outdoor,4,130.14,0.05,Organic,CA,control
ORD-005382,2024-02-09,CUST-00781,cust-00781@lumenmail.com,Furniture,-1,69.52,0.0,,US,variant
ORD-003956,2024-02-03,,guest@lumenmail.com,Lighting,-2,81.92,0.1,Organic,CA,variant
ORD-006119,2024-07-18,CUST-01370,cust-01370@lumenmail.com,Lighting,1,138.13,0.05,Email,US,
ORD-000132,2024-12-19,CUST-02104,cust-02104@lumenmail.com,Lighting,1,391.11,0.05,Email,US,variant
ORD-001006,2023-10-31,,guest@lumenmail.com,Furniture,1,64.3,0.0,Email,US,
ORD-003310,2023-07-11,CUST-01859,cust-01859@lumenmail.com,Furniture,1,129.86,0.0,Paid Search,US,variant
ORD-008922,2024-08-24,CUST-01763,cust-01763@lumenmail.com,Lighting,2,163.87,0.05,,UK,control
ORD-007958,25/10/2023,CUST-02395,cust-02395@lumenmail.com,Accessories,1,85.11,0.05,Paid Search,CA,
ORD-006900,2023-08-09,CUST-02231,cust-02231@lumenmail.com,Décor,7,9.11,0.0,Organic,US,
ORD-003072,2024-05-18,CUST-00241,cust-00241@lumenmail.com,Lighting,1,31.39,0.05,Email,US,control
ORD-006685,2024-07-29,,guest@lumenmail.com,Lighting,1,31.8,0.1,Organic,ZZ,variant
ORD-005961,30/09/2023,CUST-00192,cust-00192@lumenmail.com,Accessories,1,533.75,0.2,Paid Search,CA,control
ORD-008331,2024-12-16,CUST-02974,cust-02974@lumenmail.com,Furniture,1,147.09,0.1,Email,CA,
ORD-007988,2024-02-12,CUST-00576,cust-00576@lumenmail.com,Décor,1,155.42,0.2,Email,CA,control
ORD-003049,2023-07-25,CUST-00092,cust-00092@lumenmail.com,Outdoor,1,19.4,0.0,Paid Search,US,
ORD-004443,02/07/2023,CUST-02472,cust-02472@lumenmail.com,Outdoor,1,344.16,0.2,Organic,AU,variant
ORD-007181,2024-02-11,CUST-01484,cust-01484@lumenmail.com,Décor,1,141.67,0.0,Social,US,
ORD-001922,2023-12-26,CUST-01679,cust-01679@lumenmail.com,Furniture,1,53.64,0.15,Email,CA,control
ORD-007015,2023-06-27,,guest@lumenmail.com,Décor,1,65.16,0.0,,US,control
ORD-009424,2024-10-05,CUST-00465,cust-00465@lumenmail.com,Furniture,5,706.82,0.05,Email,US,variant
ORD-001524,2024-12-18,CUST-00740,cust-00740@lumenmail.com,Lighting,1,34.81,0.1,Social,US,control
ORD-007939,2024-08-08,CUST-01762,cust-01762@lumenmail.com,Décor,1,254.89,0.15,Email,US,variant
ORD-001223,2023-08-08,CUST-02687,cust-02687@lumenmail.com,Furniture,1,21.0,0.0,Email,US,
ORD-009431,2023-10-28,CUST-02814,cust-02814@lumenmail.com,Outdoor,1,326.35,0.05,Paid Search,US,
ORD-004502,2023-12-19,CUST-01380,cust-01380@lumenmail.com,Décor,5,82.29,0.2,Social,US,variant
ORD-007543,2024-10-12,CUST-01692,cust-01692@lumenmail.com,Furniture,3,301.3,0.15,Email,US,variant
ORD-001582,2023-11-27,CUST-00270,cust-00270@lumenmail.com,Lighting,2,24.62,0.1,Paid Search,US,
ORD-006458,2023-09-27,,guest@lumenmail.com,Lighting,2,711.58,0.1,Social,CA,
ORD-004618,2023-07-23,,guest@lumenmail.com,Outdoor,1,249.9,0.15,Paid Search,US,control
ORD-005237,20/02/2024,CUST-02065,cust-02065@lumenmail.com,Accessories,1,46.93,0.0,Paid Search,US,variant
ORD-001882,2023-11-05,CUST-02137,cust-02137@lumenmail.com,Lighting,3,39.84,0.05,Email,UK,control
ORD-003094,2024-01-04,CUST-01064,cust-01064@lumenmail.com,Lighting,-1,232.01,0.0,Email,UK,
ORD-000270,2023-11-16,CUST-00888,cust-00888@lumenmail.com,Lighting,1,114.09,0.05,Paid Search,US,
ORD-002848,2023-08-16,CUST-00122,cust-00122@lumenmail.com,Lighting,1,354.7,0.1,Paid Search,ZZ,variant
ORD-004465,2024-09-01,CUST-02902,cust-02902@lumenmail.com,Outdoor,1,380.07,0.0,Organic,US,control
ORD-004351,2023-10-16,CUST-00849,cust-00849@lumenmail.com,Accessories,2,72.45,0.05,Email,US,control
ORD-009080,2023-06-17,CUST-02667,cust-02667@lumenmail.com,Outdoor,1,355.17,0.0,Paid Search,US,
ORD-006241,2024-10-26,CUST-02266,cust-02266@lumenmail.com,Furniture,2,14.48,0.1,Organic,UK,
ORD-000748,2023-11-02,CUST-00636,cust-00636@lumenmail.com,Furniture,6,38.83,0.0,Paid Search,AU,
ORD-008855,09/11/2023,CUST-02732,cust-02732@lumenmail.com,Furniture,5,81.78,0.0,Paid Search,CA,variant
ORD-009568,2023-09-29,CUST-00274,cust-00274@lumenmail.com,Outdoor,2,64.16,0.0,Email,US,variant
ORD-005224,,,guest@lumenmail.com,Furniture,4,361.23,0.0,Email,AU,control
ORD-003024,2023-07-14,CUST-02393,cust-02393@lumenmail.com,Lighting,4,287.54,0.05,Paid Search,US,variant
ORD-005706,2024-09-28,CUST-01100,cust-01100@lumenmail.com,Lighting,2,15.48,0.05,Organic,US,
ORD-004108,2024-07-07,CUST-02764,cust-02764@lumenmail.com,Décor,4,87.85,0.25,Organic,US,variant
ORD-000607,22/10/2024,CUST-00153,cust-00153@lumenmail.com,Décor,2,149.95,0.0,Paid Search,US,variant
ORD-007219,2023-12-21,,guest@lumenmail.com,Accessories,1,321.16,0.05,Email,CA,
ORD-006732,13/06/2024,CUST-02106,cust-02106@lumenmail.com,Furniture,1,86.0,0.0,,US,control
ORD-001499,2024-06-22,CUST-02684,cust-02684@lumenmail.com,Lighting,1,51.89,0.2,Paid Search,US,variant
ORD-001707,07/11/2024,CUST-00212,cust-00212@lumenmail.com,Lighting,2,416.17,0.05,Email,US,control
ORD-002270,,CUST-02041,cust-02041@lumenmail.com,Lighting,1,83.09,0.0,Paid Search,US,variant
ORD-009027,2023-08-02,CUST-01742,cust-01742@lumenmail.com,Accessories,2,35.75,0.2,,US,variant
ORD-006635,07/07/2023,CUST-01234,cust-01234@lumenmail.com,Furniture,4,392.57,0.0,Organic,US,control
ORD-002480,2024-12-04,CUST-00733,cust-00733@lumenmail.com,Outdoor,1,166.98,0.05,Organic,AU,
ORD-006132,2024-06-06,CUST-00097,cust-00097@lumenmail.com,Lighting,1,90.38,0.0,Email,CA,variant
ORD-007824,2024-01-16,CUST-02733,cust-02733@lumenmail.com,Lighting,1,62.02,0.05,Social,UK,control
ORD-002091,2024-04-02,CUST-01040,cust-01040@lumenmail.com,Décor,7,16.21,0.05,Social,US,
ORD-004404,,CUST-00317,cust-00317@lumenmail.com,Accessories,6,328.08,0.0,Organic,US,
ORD-008668,25/07/2023,CUST-02233,cust-02233@lumenmail.com,Lighting,5,131.14,0.0,Email,US,
ORD-001359,2024-06-27,CUST-01002,cust-01002@lumenmail.com,Décor,1,86.98,0.0,Email,US,
ORD-008835,2023-12-19,CUST-02135,cust-02135@lumenmail.com,Décor,5,751.42,0.2,Paid Search,AU,control
ORD-004333,2024-04-20,CUST-00271,cust-00271@lumenmail.com,Furniture,3,766.16,0.0,Organic,CA,control
ORD-008741,2024-12-05,CUST-01308,cust-01308@lumenmail.com,Lighting,1,29.31,0.15,Paid Search,US,control
ORD-005823,2024-06-21,CUST-02386,cust-02386@lumenmail.com,Lighting,2,71.48,0.05,Social,US,
ORD-003925,2024-04-14,CUST-00691,cust-00691@lumenmail.com,Furniture,1,794.93,0.0,Email,US,
ORD-003547,17/03/2024,CUST-00848,cust-00848@lumenmail.com,Outdoor,1,33.66,0.0,Email,US,
ORD-006180,2023-09-01,CUST-02105,cust-02105@lumenmail.com,Outdoor,2,112.23,0.1,Organic,US,
ORD-009594,2023-12-09,CUST-02366,cust-02366@lumenmail.com,Décor,4,59.8,0.0,Organic,UK,variant
ORD-001398,29/06/2023,CUST-02224,cust-02224@lumenmail.com,Furniture,1,40.26,0.2,Email,CA,
ORD-004519,2023-07-22,CUST-00530,cust-00530@lumenmail.com,Accessories,3,105.3,0.05,Paid Search,US,
ORD-007959,18/11/2024,CUST-02866,cust-02866@lumenmail.com,Lighting,2,49.0,0.0,Paid Search,US,control
ORD-008555,2024-06-22,CUST-01748,cust-01748@lumenmail.com,Décor,-2,0.0,0.0,Social,US,
ORD-007236,2023-08-16,CUST-01282,cust-01282@lumenmail.com,Décor,1,28.51,0.15,Paid Search,US,variant
ORD-006889,06/06/2024,CUST-02328,cust-02328@lumenmail.com,Furniture,4,135.38,0.0,Email,US,
ORD-001521,2024-08-27,,guest@lumenmail.com,Décor,1,719.37,0.0,Organic,US,control
ORD-003395,2024-06-16,CUST-00030,cust-00030@lumenmail.com,Lighting,1,175.3,0.0,Organic,US,control
ORD-003675,2024-09-15,CUST-00821,cust-00821@lumenmail.com,Lighting,1,171.46,0.0,Organic,US,variant
ORD-006227,2024-03-07,CUST-00005,cust-00005@lumenmail.com,Outdoor,1,46.72,0.1,Email,CA,
ORD-006843,2023-12-22,CUST-00315,cust-00315@lumenmail.com,Décor,2,337.83,0.1,Email,US,
ORD-000946,2024-02-02,CUST-02521,cust-02521@lumenmail.com,Furniture,1,155.07,0.1,Organic,US,
ORD-005707,20/07/2024,CUST-00191,cust-00191@lumenmail.com,Lighting,1,70.08,0.05,Organic,CA,
ORD-009121,2024-03-13,CUST-00061,cust-00061@lumenmail.com,Accessories,3,40.46,0.0,Paid Search,US,variant
ORD-003562,2023-12-16,CUST-02268,cust-02268@lumenmail.com,Lighting,1,129.77,0.0,Organic,US,
ORD-009563,2023-09-20,,guest@lumenmail.com,Outdoor,2,151.41,0.05,Social,US,control
ORD-002997,22/10/2023,CUST-00432,cust-00432@lumenmail.com,Furniture,4,26.07,0.0,,US,control
ORD-002165,05/01/2024,CUST-01494,cust-01494@lumenmail.com,Décor,1,6.27,0.05,,US,variant
ORD-003320,2024-08-29,CUST-01455,cust-01455@lumenmail.com,Lighting,1,150.48,0.0,Email,US,
ORD-005719,2024-04-16,CUST-02942,cust-02942@lumenmail.com,Lighting,2,176.05,0.1,,US,control
ORD-001386,2024-09-28,CUST-01545,cust-01545@lumenmail.com,Outdoor,1,181.25,0.1,Email,US,variant
ORD-000015,2024-11-08,CUST-01099,cust-01099@lumenmail.com,Furniture,4,40.28,0.0,Paid Search,US,variant
ORD-007619,2023-07-06,CUST-02350,cust-02350@lumenmail.com,Décor,1,53.08,0.1,Paid Search,CA,
ORD-001838,2024-12-07,CUST-02704,cust-02704@lumenmail.com,Décor,3,53.34,0.0,Social,US,control
ORD-000302,2024-09-19,CUST-01389,cust-01389@lumenmail.com,Furniture,1,108.83,0.05,Organic,US,
ORD-009577,2023-08-22,CUST-02739,cust-02739@lumenmail.com,Décor,2,135.59,0.1,,US,
ORD-000799,2023-08-23,CUST-02415,cust-02415@lumenmail.com,Accessories,4,32.42,0.05,Email,US,variant
ORD-003164,2023-10-23,CUST-00519,cust-00519@lumenmail.com,Furniture,1,197.99,0.1,Social,ZZ,control
ORD-000750,2023-06-18,CUST-01023,cust-01023@lumenmail.com,Décor,2,97.06,0.05,Paid Search,UK,control
ORD-005019,06/02/2024,CUST-01138,cust-01138@lumenmail.com,Lighting,4,43.62,0.0,Email,US,variant
ORD-007079,2023-11-30,CUST-00439,cust-00439@lumenmail.com,Lighting,1,75.39,0.05,Social,UK,control
ORD-002576,2024-01-16,,guest@lumenmail.com,Lighting,2,43.78,0.2,Paid Search,US,
ORD-004563,2024-01-04,CUST-00995,cust-00995@lumenmail.com,Furniture,1,349.68,0.0,Email,UK,
ORD-003044,2024-04-21,CUST-00556,cust-00556@lumenmail.com,Lighting,4,342.58,0.05,Paid Search,US,
ORD-003321,2024-06-03,CUST-00752,cust-00752@lumenmail.com,Furniture,1,75.28,0.0,Social,US,control
ORD-007302,2024-08-31,CUST-00500,cust-00500@lumenmail.com,Furniture,3,71.2,0.0,Paid Search,US,variant
ORD-000763,2023-09-09,CUST-00617,cust-00617@lumenmail.com,Lighting,5,44.9,0.0,Organic,US,variant
ORD-005778,2023-08-09,CUST-00208,cust-00208@lumenmail.com,Décor,2,30.37,0.0,Organic,US,
ORD-001294,09/09/2024,CUST-01565,cust-01565@lumenmail.com,Lighting,3,18.74,0.0,,US,control
ORD-007065,2023-07-14,CUST-01836,cust-01836@lumenmail.com,Lighting,2,101.64,0.0,Organic,US,control
ORD-002066,2024-12-23,CUST-02713,cust-02713@lumenmail.com,Furniture,1,47.72,0.0,Paid Search,US,
ORD-001353,2023-06-03,CUST-02849,cust-02849@lumenmail.com,Décor,1,687.24,0.1,Email,CA,control
ORD-005551,2024-04-25,CUST-01417,cust-01417@lumenmail.com,Lighting,4,6.72,0.0,Email,US,variant
ORD-001967,28/10/2023,CUST-01348,cust-01348@lumenmail.com,Furniture,5,726.35,0.0,Social,US,variant
ORD-004973,2024-09-17,CUST-01706,cust-01706@lumenmail.com,Furniture,1,532.71,0.0,Email,UK,
ORD-004285,2024-04-07,,guest@lumenmail.com,Lighting,2,156.58,0.1,Paid Search,ZZ,
ORD-000171,2024-11-13,CUST-01295,cust-01295@lumenmail.com,Lighting,6,21.74,0.0,Paid Search,US,variant
ORD-001676,12/07/2024,CUST-01879,cust-01879@lumenmail.com,Outdoor,2,67.35,0.0,Paid Search,US,control
ORD-000068,2024-09-18,CUST-01348,cust-01348@lumenmail.com,Décor,5,41.6,0.0,Organic,US,variant
ORD-005590,2024-03-08,,guest@lumenmail.com,Furniture,1,19.21,0.05,Paid Search,US,
ORD-001921,2024-03-16,CUST-02777,cust-02777@lumenmail.com,Furniture,3,32.65,0.1,Paid Search,CA,
ORD-002090,2024-03-06,CUST-01334,cust-01334@lumenmail.com,Décor,3,193.74,0.0,Organic,AU,
ORD-001409,2023-11-28,CUST-02945,cust-02945@lumenmail.com,Lighting,3,31.71,0.1,Email,US,variant
ORD-004349,2023-09-01,CUST-01311,cust-01311@lumenmail.com,Accessories,4,34.41,0.2,Email,US,control
ORD-006496,2024-10-04,CUST-02789,cust-02789@lumenmail.com,Lighting,3,522.0,0.05,Paid Search,UK,control
ORD-005921,2023-07-05,CUST-01027,cust-01027@lumenmail.com,Furniture,1,13.9,0.0,Email,UK,control
ORD-004916,2024-08-25,CUST-01203,cust-01203@lumenmail.com,Outdoor,2,9.71,0.1,Paid Search,US,variant
ORD-002991,2024-08-24,CUST-02623,cust-02623@lumenmail.com,Lighting,3,70.67,0.05,Paid Search,US,variant
ORD-008627,2023-06-10,CUST-01486,cust-01486@lumenmail.com,Accessories,1,153.2,0.0,Email,US,
ORD-004791,09/06/2023,CUST-01234,cust-01234@lumenmail.com,Furniture,3,237.67,0.05,Email,UK,variant
ORD-002027,2024-06-08,,guest@lumenmail.com,Furniture,1,427.47,0.05,Paid Search,US,control
ORD-004773,2023-09-18,CUST-03000,cust-03000@lumenmail.com,Furniture,1,33.86,0.1,Social,CA,variant
ORD-008288,2024-09-19,CUST-00577,cust-00577@lumenmail.com,Outdoor,3,49.49,0.0,Organic,US,
ORD-005126,2023-07-01,CUST-00348,cust-00348@lumenmail.com,Lighting,1,33.77,0.0,Organic,US,variant
ORD-000996,2024-11-04,CUST-02901,cust-02901@lumenmail.com,Décor,1,45.1,0.2,Email,US,
ORD-002804,2024-07-09,CUST-00322,cust-00322@lumenmail.com,Lighting,1,190.57,0.0,Email,AU,variant
ORD-004166,14/10/2023,CUST-02510,cust-02510@lumenmail.com,Furniture,1,14.97,0.0,Organic,UK,
ORD-001974,23/09/2024,CUST-02817,cust-02817@lumenmail.com,Décor,5,125.01,0.0,Paid Search,CA,variant
ORD-004522,2024-03-13,,guest@lumenmail.com,Furniture,1,193.06,0.2,Paid Search,US,variant
ORD-001723,2023-12-31,CUST-02867,cust-02867@lumenmail.com,Décor,2,21.75,0.1,Paid Search,UK,control
ORD-005244,2024-07-25,CUST-00452,cust-00452@lumenmail.com,Lighting,1,174.79,0.0,Organic,CA,
ORD-008952,2024-09-25,CUST-00023,cust-00023@lumenmail.com,Lighting,-1,39.71,0.0,Paid Search,US,control
ORD-004330,2024-02-12,CUST-00286,cust-00286@lumenmail.com,Outdoor,1,27.2,0.1,Email,US,
ORD-005086,2024-08-22,CUST-02774,cust-02774@lumenmail.com,Accessories,1,304.81,0.1,Email,CA,variant
ORD-007772,06/10/2024,CUST-00934,cust-00934@lumenmail.com,Lighting,3,30.46,0.0,Email,US,
ORD-000335,2024-04-20,CUST-00991,cust-00991@lumenmail.com,Décor,1,95.52,0.0,Paid Search,CA,variant
ORD-006101,2023-06-07,CUST-00094,cust-00094@lumenmail.com,Lighting,4,176.98,0.15,Email,US,variant
ORD-009239,2023-09-03,CUST-01472,cust-01472@lumenmail.com,Décor,4,94.05,0.0,Email,CA,
ORD-007870,2024-01-08,CUST-01531,cust-01531@lumenmail.com,Décor,1,188.41,0.15,Email,US,variant
ORD-002773,2024-11-03,CUST-01227,cust-01227@lumenmail.com,Lighting,2,22.49,0.0,Organic,ZZ,control
ORD-007337,2024-02-12,CUST-00942,cust-00942@lumenmail.com,Furniture,1,92.34,0.1,Social,US,control
ORD-004847,10/08/2023,CUST-00806,cust-00806@lumenmail.com,Décor,1,15.89,0.0,Paid Search,UK,variant
ORD-001371,2023-07-15,CUST-02858,cust-02858@lumenmail.com,Outdoor,4,87.36,0.05,Organic,UK,
ORD-009241,2024-11-11,CUST-02061,cust-02061@lumenmail.com,Lighting,-3,123.47,0.05,Email,US,
ORD-006574,2024-04-28,CUST-01792,cust-01792@lumenmail.com,Accessories,3,15.13,0.0,Paid Search,US,control
ORD-007984,2024-07-19,CUST-01926,cust-01926@lumenmail.com,Décor,2,44.09,0.0,Paid Search,US,variant
ORD-008502,2023-09-29,CUST-01436,cust-01436@lumenmail.com,Lighting,4,75.99,0.05,Email,US,variant
ORD-007247,2024-12-20,CUST-02044,cust-02044@lumenmail.com,Furniture,2,701.83,0.15,Email,US,
ORD-005459,2024-11-22,CUST-02572,cust-02572@lumenmail.com,Lighting,2,13.74,0.1,Email,UK,variant
ORD-008944,2024-09-02,CUST-01208,cust-01208@lumenmail.com,Outdoor,2,602.88,0.05,Paid Search,US,
ORD-007884,24/07/2023,CUST-02565,cust-02565@lumenmail.com,Furniture,1,77.83,0.0,Email,UK,
ORD-007474,2024-02-14,CUST-02139,cust-02139@lumenmail.com,Décor,2,33.43,0.0,Paid Search,AU,
ORD-003214,2023-07-15,CUST-00776,cust-00776@lumenmail.com,Décor,3,22.93,0.0,Email,US,
ORD-003007,2024-02-02,CUST-01054,cust-01054@lumenmail.com,Décor,2,19.73,0.1,Paid Search,US,
ORD-000918,2024-08-11,CUST-01032,cust-01032@lumenmail.com,Lighting,3,639.73,0.0,Email,US,
ORD-005396,2024-06-27,CUST-02176,cust-02176@lumenmail.com,Furniture,1,392.31,0.15,Social,US,
ORD-006774,2023-10-15,CUST-00445,cust-00445@lumenmail.com,Furniture,3,175.64,0.0,Email,US,
ORD-006922,2024-02-03,CUST-02469,cust-02469@lumenmail.com,Lighting,1,97.6,0.1,Email,UK,variant
ORD-005246,2023-06-13,CUST-02084,cust-02084@lumenmail.com,Furniture,5,5.02,0.05,Social,US,variant
ORD-008770,2023-10-14,CUST-02832,cust-02832@lumenmail.com,Outdoor,2,11.8,0.0,Social,UK,variant
ORD-006494,2024-09-27,CUST-02926,cust-02926@lumenmail.com,Décor,1,234.08,0.2,Email,US,
ORD-002186,2024-09-03,CUST-01094,cust-01094@lumenmail.com,Outdoor,4,54.51,0.1,,CA,
ORD-004000,2023-12-24,CUST-00081,cust-00081@lumenmail.com,Lighting,1,84.1,0.15,Organic,US,
ORD-003880,2023-08-31,CUST-00443,cust-00443@lumenmail.com,Lighting,7,28.1,0.25,Paid Search,CA,variant
ORD-008685,2024-06-28,CUST-02865,cust-02865@lumenmail.com,Lighting,-3,7.81,0.1,Organic,US,control
ORD-005317,2023-12-27,CUST-00030,cust-00030@lumenmail.com,Lighting,1,44.12,0.25,Paid Search,AU,control
ORD-000336,14/11/2023,CUST-01788,cust-01788@lumenmail.com,Lighting,1,150.3,0.0,Organic,US,
ORD-003894,2023-06-29,CUST-01094,cust-01094@lumenmail.com,Furniture,1,12.68,0.05,Social,ZZ,variant
ORD-008805,2024-03-10,CUST-02687,cust-02687@lumenmail.com,Décor,2,80.47,0.0,Email,US,control
ORD-006894,2023-07-08,CUST-01480,cust-01480@lumenmail.com,Furniture,2,33.1,0.0,Organic,US,control
ORD-002017,05/11/2024,CUST-01180,cust-01180@lumenmail.com,Décor,1,268.98,0.1,Email,US,
ORD-007971,2024-11-07,CUST-00527,cust-00527@lumenmail.com,Lighting,1,25.19,0.0,Paid Search,CA,control
ORD-002724,2024-12-23,CUST-02507,cust-02507@lumenmail.com,Accessories,5,29.06,0.1,Organic,CA,
ORD-008749,2024-04-19,CUST-00590,cust-00590@lumenmail.com,Lighting,2,128.27,0.0,,CA,variant
ORD-006842,2024-07-09,CUST-01614,cust-01614@lumenmail.com,Décor,3,146.94,0.1,Email,UK,variant
ORD-007004,2023-10-13,CUST-02505,cust-02505@lumenmail.com,Lighting,1,37.5,0.05,Paid Search,CA,control
ORD-007135,2024-06-18,CUST-00863,cust-00863@lumenmail.com,Lighting,1,45.62,0.2,Social,US,
ORD-006039,2024-09-27,CUST-01141,cust-01141@lumenmail.com,Lighting,1,56.97,0.05,Social,AU,
ORD-002443,2024-01-26,CUST-00264,cust-00264@lumenmail.com,Furniture,-2,89.01,0.05,Paid Search,CA,
ORD-001464,2024-06-06,CUST-00499,cust-00499@lumenmail.com,Lighting,5,171.93,0.15,Organic,US,variant
ORD-004636,2023-10-10,CUST-02411,cust-02411@lumenmail.com,Furniture,2,65.18,0.2,Email,UK,
ORD-008924,2024-11-21,CUST-01412,cust-01412@lumenmail.com,Furniture,2,726.67,0.0,Email,US,
ORD-005630,2023-09-28,,guest@lumenmail.com,Outdoor,2,294.11,0.05,Email,US,variant
ORD-000043,22/04/2024,CUST-02530,cust-02530@lumenmail.com,Lighting,1,412.79,0.0,Paid Search,US,control
ORD-005534,12/06/2023,CUST-01687,cust-01687@lumenmail.com,Furniture,1,677.12,0.0,Organic,US,
ORD-001131,2024-07-22,CUST-00372,cust-00372@lumenmail.com,Furniture,2,756.96,0.1,Email,UK,
ORD-003871,2023-10-27,CUST-00984,cust-00984@lumenmail.com,Décor,1,5.45,0.05,Paid Search,US,variant
ORD-000584,23/02/2024,CUST-00892,cust-00892@lumenmail.com,Décor,2,84.96,0.0,Paid Search,US,variant
ORD-002752,2024-04-02,CUST-01531,cust-01531@lumenmail.com,Décor,1,85.0,0.0,Social,CA,variant
ORD-001591,2024-12-14,,guest@lumenmail.com,Outdoor,2,67.6,0.15,Organic,US,control
ORD-001004,,CUST-00044,cust-00044@lumenmail.com,Lighting,5,16.77,0.0,Paid Search,CA,control
ORD-002449,2023-10-11,,guest@lumenmail.com,Accessories,3,22.51,0.0,Social,US,variant
ORD-003624,2024-04-23,CUST-01479,cust-01479@lumenmail.com,Décor,1,48.27,0.0,Paid Search,US,
ORD-004347,2023-08-11,CUST-01632,cust-01632@lumenmail.com,Décor,1,235.05,0.05,Social,US,variant
ORD-008234,2024-10-11,CUST-01264,cust-01264@lumenmail.com,Lighting,4,79.66,0.0,Social,US,
ORD-002293,2023-11-29,CUST-00160,cust-00160@lumenmail.com,Accessories,6,52.9,0.05,Email,US,
ORD-005675,2024-08-16,CUST-02221,cust-02221@lumenmail.com,Furniture,-1,520.13,0.05,Paid Search,US,
ORD-001036,02/07/2023,CUST-02180,cust-02180@lumenmail.com,Furniture,5,8.19,0.05,Email,AU,variant
ORD-001893,2024-01-15,,guest@lumenmail.com,Lighting,2,737.92,0.05,Social,US,
ORD-000344,2024-02-23,CUST-01595,cust-01595@lumenmail.com,Lighting,1,43.41,0.05,Paid Search,US,variant
ORD-001206,2024-09-27,CUST-00012,cust-00012@lumenmail.com,Accessories,2,26.25,0.2,Organic,US,variant
ORD-001557,2024-01-23,CUST-00825,cust-00825@lumenmail.com,Lighting,1,68.03,0.05,Paid Search,US,
ORD-003328,2024-01-20,,guest@lumenmail.com,Furniture,3,97.77,0.0,Paid Search,US,variant
ORD-002784,07/07/2024,CUST-00398,cust-00398@lumenmail.com,Lighting,3,242.73,0.05,Organic,CA,variant
ORD-009429,2024-07-25,CUST-00049,cust-00049@lumenmail.com,Furniture,1,24.12,0.05,Paid Search,US,variant
ORD-001145,2023-08-15,CUST-01110,cust-01110@lumenmail.com,Lighting,1,327.41,0.0,Organic,US,
ORD-001561,2024-11-08,CUST-00036,cust-00036@lumenmail.com,Lighting,1,175.52,0.05,Email,US,
ORD-004485,2023-09-04,CUST-01372,cust-01372@lumenmail.com,Accessories,1,100.87,0.15,Social,US,control
ORD-005386,2024-05-14,CUST-00411,cust-00411@lumenmail.com,Lighting,1,20.53,0.0,Paid Search,US,
ORD-002160,2024-04-05,CUST-01551,cust-01551@lumenmail.com,Furniture,-2,58.14,0.0,Paid Search,US,
ORD-001113,2023-11-29,CUST-02396,cust-02396@lumenmail.com,Décor,3,417.85,0.2,Paid Search,CA,variant
ORD-001576,2024-09-26,CUST-02169,cust-02169@lumenmail.com,Lighting,2,84.67,0.0,Paid Search,UK,
ORD-000993,2023-10-06,CUST-01366,cust-01366@lumenmail.com,Accessories,3,17.2,0.0,Organic,CA,
ORD-003838,2024-07-25,CUST-01786,cust-01786@lumenmail.com,Lighting,2,275.16,0.0,Paid Search,CA,
ORD-003798,2023-12-19,,guest@lumenmail.com,Lighting,3,82.19,0.05,Paid Search,UK,
ORD-004178,2023-06-26,CUST-01953,cust-01953@lumenmail.com,Lighting,1,134.4,0.2,Paid Search,US,
ORD-004649,10/09/2023,CUST-01986,cust-01986@lumenmail.com,Décor,4,661.48,0.0,Organic,CA,control
ORD-007296,15/09/2023,CUST-00109,cust-00109@lumenmail.com,Décor,3,750.57,0.05,Social,UK,
ORD-008285,19/11/2023,CUST-00419,cust-00419@lumenmail.com,Accessories,1,167.51,0.15,Paid Search,US,
ORD-004707,2024-07-19,CUST-00150,cust-00150@lumenmail.com,Décor,3,445.48,0.0,Organic,US,
ORD-005332,2023-08-23,CUST-01973,cust-01973@lumenmail.com,Lighting,4,71.06,0.15,Social,US,
ORD-001162,,CUST-01657,cust-01657@lumenmail.com,Lighting,2,331.51,0.2,Social,US,control
ORD-004117,25/09/2023,CUST-01800,cust-01800@lumenmail.com,Lighting,1,52.57,0.1,Organic,US,variant
ORD-004001,16/06/2024,CUST-02080,cust-02080@lumenmail.com,Lighting,2,81.06,0.2,Email,AU,variant
ORD-008963,2024-10-06,CUST-01379,cust-01379@lumenmail.com,Lighting,4,400.21,0.0,Paid Search,US,
ORD-001074,2024-12-18,CUST-00187,cust-00187@lumenmail.com,Lighting,3,327.04,0.1,Paid Search,CA,
ORD-004034,2024-02-12,CUST-02441,cust-02441@lumenmail.com,Furniture,1,99.09,0.0,Paid Search,US,control
ORD-008682,2024-11-26,,guest@lumenmail.com,Décor,-1,25.1,0.0,Paid Search,US,variant
ORD-004794,2023-09-14,CUST-00805,cust-00805@lumenmail.com,Décor,4,17.82,0.1,Email,AU,
ORD-008356,2024-03-28,CUST-02199,cust-02199@lumenmail.com,Décor,1,240.62,0.0,Social,UK,control
ORD-003128,2023-10-24,CUST-01380,cust-01380@lumenmail.com,Décor,2,33.31,0.15,Paid Search,US,variant
ORD-002789,2023-08-31,CUST-00913,cust-00913@lumenmail.com,Accessories,4,41.5,0.0,Social,CA,
ORD-003408,26/08/2023,CUST-00941,cust-00941@lumenmail.com,Lighting,2,669.96,0.15,Paid Search,US,variant
ORD-006232,28/12/2024,,guest@lumenmail.com,Décor,1,122.82,0.0,Email,US,
ORD-004834,2023-09-17,CUST-01119,cust-01119@lumenmail.com,Outdoor,1,129.52,0.0,Paid Search,UK,variant
ORD-002482,2024-08-10,CUST-01867,cust-01867@lumenmail.com,Décor,2,24.45,0.1,Email,US,control
ORD-002429,2023-11-13,CUST-02551,cust-02551@lumenmail.com,Lighting,3,95.58,0.25,Paid Search,UK,variant
ORD-002349,2023-11-05,CUST-02167,cust-02167@lumenmail.com,Accessories,3,777.66,0.0,Organic,ZZ,variant
ORD-001288,2024-05-14,CUST-01185,cust-01185@lumenmail.com,Lighting,2,33.42,0.2,Email,US,variant
ORD-002701,2024-06-22,CUST-01254,cust-01254@lumenmail.com,Furniture,1,37.92,0.0,Organic,US,
ORD-008291,2023-06-16,CUST-00362,cust-00362@lumenmail.com,Décor,2,24.87,0.15,Social,CA,variant
ORD-007712,19/05/2024,CUST-00461,cust-00461@lumenmail.com,Décor,1,81.46,0.0,Organic,US,
ORD-001588,2024-10-06,CUST-01597,cust-01597@lumenmail.com,Outdoor,1,34.13,0.0,Paid Search,US,
ORD-003386,2024-01-02,CUST-00605,cust-00605@lumenmail.com,Décor,1,20.43,0.05,Paid Search,US,control
ORD-006083,18/12/2023,,guest@lumenmail.com,Furniture,1,49.05,0.05,Email,US,
ORD-009510,2023-09-05,CUST-00021,cust-00021@lumenmail.com,Furniture,1,63.04,0.0,,US,variant
ORD-008298,2024-11-04,CUST-02396,cust-02396@lumenmail.com,Accessories,1,427.86,0.0,Organic,US,
ORD-005998,2023-08-24,CUST-01913,cust-01913@lumenmail.com,Décor,1,94.12,0.15,Email,US,variant
ORD-004386,30/01/2024,CUST-01404,cust-01404@lumenmail.com,Outdoor,1,24.79,0.1,Paid Search,US,variant
ORD-001919,2024-06-01,CUST-02953,cust-02953@lumenmail.com,Lighting,1,32.52,0.2,Paid Search,US,control
ORD-003109,2024-03-26,CUST-00309,cust-00309@lumenmail.com,Décor,5,103.16,0.0,Email,US,control
ORD-001312,2024-07-28,CUST-00527,cust-00527@lumenmail.com,Lighting,1,5.37,0.0,Organic,CA,variant
ORD-002231,12/12/2023,CUST-02530,cust-02530@lumenmail.com,Furniture,1,103.29,0.15,Paid Search,US,variant
ORD-000874,2024-06-09,CUST-00017,cust-00017@lumenmail.com,Outdoor,2,320.07,0.0,Email,US,control
ORD-002892,2023-06-13,CUST-02313,cust-02313@lumenmail.com,Furniture,2,15.71,0.25,Paid Search,US,
ORD-005628,2024-01-30,CUST-02927,cust-02927@lumenmail.com,Outdoor,3,132.41,0.0,Organic,US,
ORD-008333,,CUST-00007,cust-00007@lumenmail.com,Décor,2,64.68,0.05,Paid Search,US,control
ORD-004400,26/10/2023,CUST-01123,cust-01123@lumenmail.com,Décor,5,363.28,0.0,Email,UK,
ORD-000626,2023-10-30,CUST-00444,cust-00444@lumenmail.com,Accessories,1,94.02,0.0,Organic,CA,variant
ORD-007470,2024-01-19,CUST-02928,cust-02928@lumenmail.com,Décor,2,45.45,0.0,Email,CA,
ORD-000810,2023-08-01,CUST-00843,cust-00843@lumenmail.com,Décor,-1,57.79,0.0,Email,AU,control
ORD-002964,2023-09-05,CUST-02542,cust-02542@lumenmail.com,Décor,-4,22.22,0.15,Organic,US,
ORD-006563,2023-08-04,CUST-02481,cust-02481@lumenmail.com,Lighting,-4,41.35,0.0,Paid Search,US,control
ORD-002445,2024-04-04,CUST-02695,cust-02695@lumenmail.com,Décor,4,131.42,0.2,Paid Search,CA,
ORD-001705,2024-05-17,CUST-01618,cust-01618@lumenmail.com,Décor,2,29.25,0.05,Organic,US,
ORD-009409,2024-05-03,CUST-02853,cust-02853@lumenmail.com,Lighting,1,114.58,0.05,Paid Search,ZZ,
ORD-004326,2024-06-01,CUST-02549,cust-02549@lumenmail.com,Décor,1,28.98,0.25,Social,CA,control
ORD-001292,2023-07-21,CUST-01034,cust-01034@lumenmail.com,Décor,1,63.8,0.0,Email,US,control
ORD-003144,2023-10-27,CUST-01635,cust-01635@lumenmail.com,Lighting,4,29.11,0.0,Organic,US,
ORD-006070,2024-09-30,CUST-02195,cust-02195@lumenmail.com,Lighting,1,108.74,0.05,Email,US,
ORD-004310,2024-08-20,CUST-00385,cust-00385@lumenmail.com,Accessories,1,752.26,0.0,Organic,US,control
ORD-003817,2023-08-01,CUST-01114,cust-01114@lumenmail.com,Décor,2,302.26,0.0,Paid Search,US,
ORD-002246,2024-06-25,CUST-00498,cust-00498@lumenmail.com,Furniture,6,65.23,0.2,Organic,CA,variant
ORD-000325,2024-05-08,CUST-00899,cust-00899@lumenmail.com,Lighting,4,80.62,0.2,Paid Search,US,
ORD-005509,2023-08-20,CUST-00279,cust-00279@lumenmail.com,Lighting,1,5.65,0.0,Social,US,variant
ORD-001289,2024-05-01,CUST-02646,cust-02646@lumenmail.com,Lighting,1,198.75,0.15,Organic,US,
ORD-006202,2023-12-19,CUST-00151,cust-00151@lumenmail.com,Lighting,-1,48.09,0.0,Social,US,
ORD-009151,2024-03-19,CUST-02219,cust-02219@lumenmail.com,Lighting,3,68.81,0.15,,US,
ORD-002581,25/08/2024,CUST-00339,cust-00339@lumenmail.com,Lighting,1,391.48,0.0,Paid Search,UK,
ORD-004876,23/07/2024,CUST-01160,cust-01160@lumenmail.com,Accessories,1,368.72,0.05,Organic,AU,variant
ORD-003639,2024-02-09,,guest@lumenmail.com,Lighting,4,88.97,0.2,Organic,CA,variant
ORD-001775,2024-10-29,CUST-02711,cust-02711@lumenmail.com,Furniture,2,57.63,0.1,Social,US,
ORD-002358,2023-06-03,CUST-00788,cust-00788@lumenmail.com,Outdoor,2,45.26,0.0,Email,ZZ,control
ORD-004700,2023-06-23,CUST-00055,cust-00055@lumenmail.com,Lighting,4,185.78,0.0,Email,US,control
ORD-004199,2024-01-21,CUST-02837,cust-02837@lumenmail.com,Décor,6,70.73,0.0,Organic,US,control
ORD-006322,25/09/2023,CUST-00814,cust-00814@lumenmail.com,Furniture,2,158.51,0.0,Social,US,control
ORD-004844,2023-09-04,,guest@lumenmail.com,Décor,1,236.56,0.0,Social,ZZ,variant
ORD-005146,24/09/2024,CUST-02561,cust-02561@lumenmail.com,Lighting,1,167.6,0.15,Organic,US,variant
ORD-009086,2023-06-27,CUST-02417,cust-02417@lumenmail.com,Furniture,1,72.21,0.1,Organic,US,
ORD-000360,24/12/2024,CUST-02309,cust-02309@lumenmail.com,Furniture,2,120.75,0.0,Social,US,variant
ORD-002034,2024-04-20,CUST-00576,cust-00576@lumenmail.com,Lighting,1,382.38,0.0,Email,US,control
ORD-007107,2024-10-10,CUST-02494,cust-02494@lumenmail.com,Outdoor,1,5.56,0.05,Organic,US,control
ORD-007279,2024-07-27,CUST-01420,cust-01420@lumenmail.com,Décor,1,69.16,0.0,Paid Search,UK,
ORD-006971,29/08/2023,CUST-02457,cust-02457@lumenmail.com,Décor,-2,77.65,0.0,Paid Search,US,variant
ORD-001496,2024-04-01,CUST-02067,cust-02067@lumenmail.com,Accessories,2,183.72,0.0,Paid Search,US,control
ORD-001685,2024-02-25,CUST-02346,cust-02346@lumenmail.com,Outdoor,2,292.61,0.0,Email,UK,control
ORD-003417,2024-01-01,CUST-00903,cust-00903@lumenmail.com,Furniture,1,77.07,0.0,,US,
ORD-009141,2023-12-30,CUST-01824,cust-01824@lumenmail.com,Lighting,1,5.63,0.15,Social,US,variant
ORD-005586,2023-08-28,CUST-01185,cust-01185@lumenmail.com,Décor,2,156.96,0.05,Email,US,variant
ORD-005734,02/11/2023,CUST-01855,cust-01855@lumenmail.com,Accessories,2,52.95,0.1,Organic,UK,control
ORD-003493,2024-05-21,CUST-02686,cust-02686@lumenmail.com,Lighting,1,54.91,0.0,Email,UK,variant
ORD-005731,2024-10-29,CUST-01206,cust-01206@lumenmail.com,Lighting,1,49.32,0.05,Paid Search,US,control
ORD-003288,2024-09-30,CUST-02201,cust-02201@lumenmail.com,Furniture,2,71.43,0.05,Organic,US,
ORD-009150,2024-04-03,,guest@lumenmail.com,Furniture,1,383.44,0.05,Email,US,
ORD-005432,2024-02-10,CUST-02677,cust-02677@lumenmail.com,Décor,7,29.64,0.05,Email,US,variant
ORD-001593,2023-06-22,CUST-01992,cust-01992@lumenmail.com,Décor,1,75.25,0.1,Email,AU,variant
ORD-001831,2024-05-17,,guest@lumenmail.com,Décor,1,17.55,0.0,Organic,US,
ORD-001411,2024-05-12,CUST-02697,cust-02697@lumenmail.com,Lighting,2,46.69,0.05,Email,US,variant
ORD-003686,2023-11-21,CUST-02426,cust-02426@lumenmail.com,Lighting,1,55.76,0.1,Email,CA,variant
ORD-008790,01/09/2023,,guest@lumenmail.com,Furniture,4,109.63,0.0,Email,CA,control
ORD-000649,2023-08-30,CUST-00407,cust-00407@lumenmail.com,Outdoor,1,8.6,0.0,Paid Search,CA,
ORD-004688,2023-09-06,,guest@lumenmail.com,Furniture,1,127.22,0.0,Organic,AU,
ORD-002356,2024-12-07,CUST-02575,cust-02575@lumenmail.com,Furniture,2,117.05,0.05,Organic,US,
ORD-006516,12/02/2024,CUST-02089,cust-02089@lumenmail.com,Lighting,1,345.63,0.2,Paid Search,US,variant
ORD-007225,2024-12-07,CUST-02914,cust-02914@lumenmail.com,Furniture,1,170.35,0.0,Paid Search,US,control
ORD-006219,2024-02-19,CUST-01450,cust-01450@lumenmail.com,Lighting,4,116.98,0.05,Social,US,
ORD-006848,2024-12-14,CUST-01717,cust-01717@lumenmail.com,Furniture,2,90.29,0.15,Paid Search,US,variant
ORD-006328,2024-06-27,CUST-02919,cust-02919@lumenmail.com,Lighting,1,55.3,0.0,Paid Search,CA,
ORD-003602,2023-08-10,CUST-01866,cust-01866@lumenmail.com,Lighting,1,106.53,0.0,Paid Search,US,variant
ORD-001382,2024-07-23,CUST-02464,cust-02464@lumenmail.com,Décor,2,43.09,0.15,Organic,CA,control
ORD-000052,2024-07-12,CUST-00372,cust-00372@lumenmail.com,Lighting,7,71.52,0.15,Social,US,
ORD-004311,2024-03-10,CUST-02076,cust-02076@lumenmail.com,Outdoor,2,24.11,0.0,Paid Search,AU,variant
ORD-000117,2023-12-07,,guest@lumenmail.com,Décor,6,82.58,0.0,Paid Search,US,variant
ORD-006325,2024-04-28,,guest@lumenmail.com,Outdoor,6,42.13,0.25,Email,AU,
ORD-007520,2024-03-26,CUST-01262,cust-01262@lumenmail.com,Furniture,5,75.65,0.05,Email,CA,control
ORD-001873,2023-06-05,CUST-02242,cust-02242@lumenmail.com,Lighting,-2,177.12,0.0,Paid Search,US,
ORD-005042,2024-04-14,CUST-01721,cust-01721@lumenmail.com,Lighting,1,23.72,0.0,Social,CA,
ORD-006129,2024-09-24,,guest@lumenmail.com,Furniture,2,355.08,0.05,Email,CA,
ORD-004103,2024-06-18,CUST-00825,cust-00825@lumenmail.com,Lighting,1,195.36,0.1,Organic,CA,variant
ORD-004987,2024-02-01,,guest@lumenmail.com,Outdoor,1,31.93,0.0,Organic,US,control
ORD-005124,06/01/2024,CUST-02148,cust-02148@lumenmail.com,Lighting,2,65.11,0.05,Paid Search,CA,variant
ORD-007137,2023-09-14,,guest@lumenmail.com,Décor,1,10.16,0.0,Paid Search,US,variant
ORD-001694,2024-05-24,CUST-00338,cust-00338@lumenmail.com,Lighting,2,180.04,0.0,Paid Search,CA,
ORD-009595,2023-08-07,CUST-00818,cust-00818@lumenmail.com,Décor,3,538.95,0.05,Paid Search,US,variant
ORD-007198,2023-11-15,CUST-01974,cust-01974@lumenmail.com,Furniture,1,22.09,0.05,Paid Search,US,
ORD-001604,2024-09-06,CUST-00689,cust-00689@lumenmail.com,Lighting,1,364.9,0.1,Email,UK,
ORD-003141,2024-09-03,CUST-00734,cust-00734@lumenmail.com,Furniture,1,658.91,0.15,Organic,AU,variant
ORD-005552,2024-10-23,CUST-01695,cust-01695@lumenmail.com,Lighting,2,98.54,0.1,Paid Search,US,control
ORD-007787,2024-06-15,CUST-00507,cust-00507@lumenmail.com,Furniture,1,82.94,0.1,Paid Search,US,variant
ORD-002896,2024-12-09,CUST-02729,cust-02729@lumenmail.com,Furniture,2,144.98,0.0,Paid Search,US,variant
ORD-007632,2024-07-01,CUST-02968,cust-02968@lumenmail.com,Lighting,-1,69.31,0.0,Social,UK,variant
ORD-006616,2024-11-01,CUST-02779,cust-02779@lumenmail.com,Décor,4,179.48,0.0,Organic,US,
ORD-000856,2024-04-08,CUST-00404,cust-00404@lumenmail.com,Lighting,3,23.73,0.0,Social,US,
ORD-003254,2024-10-22,CUST-02982,cust-02982@lumenmail.com,Outdoor,1,609.3,0.0,Organic,US,control
ORD-004027,2024-10-25,,guest@lumenmail.com,Lighting,2,72.45,0.05,Paid Search,UK,control
ORD-004389,2024-05-13,CUST-01334,cust-01334@lumenmail.com,Décor,5,23.3,0.05,,US,
ORD-009535,2024-03-02,,guest@lumenmail.com,Lighting,1,71.91,0.0,Organic,US,
ORD-001458,2024-10-06,CUST-00837,cust-00837@lumenmail.com,Lighting,7,37.03,0.05,Organic,US,
ORD-002014,2024-06-05,CUST-01900,cust-01900@lumenmail.com,Lighting,2,152.29,0.15,Organic,CA,
ORD-008380,17/09/2024,CUST-02983,cust-02983@lumenmail.com,Lighting,1,36.66,0.1,Email,CA,control
ORD-005333,2024-08-29,CUST-00981,cust-00981@lumenmail.com,Lighting,1,39.16,0.25,Organic,US,variant
ORD-002863,2023-07-19,CUST-00328,cust-00328@lumenmail.com,Lighting,4,103.36,0.15,Paid Search,US,
ORD-002450,2024-12-16,CUST-02180,cust-02180@lumenmail.com,Lighting,1,97.49,0.05,Organic,CA,
ORD-002316,2023-08-25,CUST-01423,cust-01423@lumenmail.com,Furniture,4,99.56,0.0,Email,US,control
ORD-006743,2024-06-04,CUST-02336,cust-02336@lumenmail.com,Lighting,5,297.14,0.0,Email,US,
ORD-000552,2024-07-09,CUST-01834,cust-01834@lumenmail.com,Décor,1,6.67,0.0,Email,US,control
ORD-005672,2024-09-19,CUST-02447,cust-02447@lumenmail.com,Décor,2,150.11,0.0,Email,US,
ORD-002649,2023-09-29,CUST-01036,cust-01036@lumenmail.com,Lighting,2,354.84,0.05,Email,US,
ORD-004968,2024-11-29,CUST-02554,cust-02554@lumenmail.com,Outdoor,1,25.55,0.15,Organic,US,
ORD-001973,2024-07-04,CUST-00525,cust-00525@lumenmail.com,Lighting,1,183.07,0.05,,AU,
ORD-004671,2023-09-01,CUST-01621,cust-01621@lumenmail.com,Lighting,-1,89.3,0.0,Paid Search,US,
ORD-008725,2023-09-03,CUST-01814,cust-01814@lumenmail.com,Furniture,1,100.29,0.0,Email,CA,
ORD-007617,2024-11-17,CUST-01542,cust-01542@lumenmail.com,Décor,3,288.84,0.0,Organic,US,control
ORD-001755,28/09/2024,CUST-01537,cust-01537@lumenmail.com,Furniture,2,518.45,0.2,Social,US,control
ORD-008969,16/02/2024,CUST-02939,cust-02939@lumenmail.com,Lighting,1,727.47,0.1,Email,US,variant
ORD-007718,20/05/2024,CUST-01907,cust-01907@lumenmail.com,Lighting,7,79.98,0.25,Email,CA,
ORD-001542,2024-03-24,CUST-00117,cust-00117@lumenmail.com,Décor,1,176.41,0.05,Social,US,variant
ORD-008359,12/04/2024,CUST-01159,cust-01159@lumenmail.com,Outdoor,1,180.93,0.0,Paid Search,US,control
ORD-007529,2023-11-27,CUST-01289,cust-01289@lumenmail.com,Furniture,-1,339.48,0.0,Social,CA,
ORD-000254,2023-10-06,CUST-02819,cust-02819@lumenmail.com,Lighting,1,27.0,0.25,Paid Search,AU,variant
ORD-000308,2024-03-09,CUST-00610,cust-00610@lumenmail.com,Accessories,1,0.0,0.0,Paid Search,US,
ORD-000239,2024-12-30,CUST-02134,cust-02134@lumenmail.com,Accessories,7,177.13,0.0,Email,US,
ORD-000927,2024-07-16,CUST-00286,cust-00286@lumenmail.com,Lighting,2,430.99,0.0,,US,control
ORD-000174,2024-11-26,CUST-00874,cust-00874@lumenmail.com,Furniture,5,742.8,0.0,Paid Search,UK,control
ORD-006968,31/12/2023,CUST-01363,cust-01363@lumenmail.com,Outdoor,2,362.24,0.15,Social,AU,control
ORD-003030,2023-10-24,CUST-02527,cust-02527@lumenmail.com,Lighting,-2,75.42,0.0,Organic,US,control
ORD-006329,2024-12-24,CUST-00945,cust-00945@lumenmail.com,Furniture,4,99.85,0.05,,ZZ,variant
ORD-007641,2023-06-22,CUST-00926,cust-00926@lumenmail.com,Furniture,1,477.6,0.1,Social,US,
ORD-000082,2024-03-06,CUST-00396,cust-00396@lumenmail.com,Lighting,4,28.41,0.0,Paid Search,AU,control
ORD-007275,2023-11-01,CUST-02168,cust-02168@lumenmail.com,Furniture,3,678.61,0.0,Email,US,control
ORD-001553,2024-12-05,CUST-01227,cust-01227@lumenmail.com,Furniture,1,36.27,0.0,Email,US,
ORD-009170,2024-02-08,CUST-01379,cust-01379@lumenmail.com,Furniture,1,33.87,0.2,Paid Search,US,
ORD-003539,2024-11-01,CUST-02329,cust-02329@lumenmail.com,Lighting,2,5.97,0.0,Paid Search,UK,variant
ORD-006886,2023-07-11,CUST-02841,cust-02841@lumenmail.com,Lighting,1,105.62,0.0,Paid Search,UK,
ORD-006691,2023-07-07,CUST-02600,cust-02600@lumenmail.com,Décor,-4,44.37,0.2,Social,US,control
ORD-006321,2024-12-23,CUST-02488,cust-02488@lumenmail.com,Lighting,4,7.1,0.1,Organic,UK,
ORD-002158,2023-09-20,CUST-02527,cust-02527@lumenmail.com,Décor,2,205.63,0.05,Paid Search,US,variant
ORD-005748,12/08/2024,CUST-01749,cust-01749@lumenmail.com,Décor,2,74.91,0.0,Email,US,variant
ORD-005513,2023-07-14,CUST-02666,cust-02666@lumenmail.com,Outdoor,4,0.0,0.0,Social,UK,variant
ORD-008073,2023-12-06,CUST-00081,cust-00081@lumenmail.com,Lighting,1,95.82,0.0,Organic,US,control
ORD-000767,2024-05-20,CUST-00438,cust-00438@lumenmail.com,Lighting,2,82.11,0.05,Organic,US,control
ORD-009343,2024-03-21,,guest@lumenmail.com,Lighting,1,445.01,0.05,Organic,AU,
ORD-002137,2024-11-07,CUST-02331,cust-02331@lumenmail.com,Accessories,6,231.1,0.1,Social,CA,control
ORD-002748,2023-12-12,CUST-02954,cust-02954@lumenmail.com,Décor,1,188.38,0.0,Organic,US,
ORD-002233,2023-11-07,,guest@lumenmail.com,Lighting,1,136.8,0.25,Email,US,
ORD-003312,2023-10-19,CUST-02988,cust-02988@lumenmail.com,Lighting,1,6.14,0.0,,CA,control
ORD-006264,2024-08-27,CUST-01352,cust-01352@lumenmail.com,Lighting,-2,92.25,0.0,Organic,UK,variant
ORD-004105,20/09/2024,CUST-02667,cust-02667@lumenmail.com,Lighting,1,76.98,0.0,Email,US,control
ORD-005471,2023-09-09,CUST-01298,cust-01298@lumenmail.com,Décor,2,91.75,0.0,Email,US,
ORD-006658,2023-08-04,,guest@lumenmail.com,Lighting,2,40.67,0.05,,US,variant
ORD-000033,2023-08-09,CUST-00419,cust-00419@lumenmail.com,Lighting,2,186.91,0.15,Paid Search,ZZ,
ORD-007271,2024-12-05,CUST-00812,cust-00812@lumenmail.com,Lighting,1,31.31,0.0,Paid Search,US,variant
ORD-009501,2024-09-22,CUST-02639,cust-02639@lumenmail.com,Décor,2,190.83,0.05,Email,UK,
ORD-007812,2024-10-01,CUST-02427,cust-02427@lumenmail.com,Lighting,4,25.79,0.1,Email,US,
ORD-007356,2023-07-15,CUST-02946,cust-02946@lumenmail.com,Décor,1,44.33,0.0,,US,variant
ORD-004948,2023-06-05,CUST-00902,cust-00902@lumenmail.com,Lighting,3,352.16,0.25,Paid Search,US,variant
ORD-001118,2024-05-01,,guest@lumenmail.com,Outdoor,1,752.17,0.1,Paid Search,US,
ORD-008953,2024-01-01,CUST-00884,cust-00884@lumenmail.com,Outdoor,1,528.84,0.0,Email,US,variant
ORD-005434,2023-06-07,CUST-00442,cust-00442@lumenmail.com,Accessories,1,11.99,0.2,Organic,US,variant
ORD-007636,2024-08-20,CUST-02289,cust-02289@lumenmail.com,Décor,3,73.23,0.0,Paid Search,US,
ORD-009119,2024-12-14,CUST-02302,cust-02302@lumenmail.com,Décor,1,158.34,0.0,Paid Search,US,control
ORD-008761,2024-11-10,CUST-02580,cust-02580@lumenmail.com,Furniture,1,379.73,0.0,Organic,CA,control
ORD-001080,2023-10-20,CUST-00280,cust-00280@lumenmail.com,Outdoor,2,17.6,0.0,Email,US,variant
ORD-006715,2024-11-04,CUST-02786,cust-02786@lumenmail.com,Lighting,3,170.35,0.0,,US,variant
ORD-000079,14/03/2024,CUST-01080,cust-01080@lumenmail.com,Accessories,1,37.57,0.15,Paid Search,US,
ORD-006283,26/12/2023,CUST-01317,cust-01317@lumenmail.com,Outdoor,1,23.09,0.15,Organic,US,
ORD-008732,2024-06-29,CUST-02273,cust-02273@lumenmail.com,Accessories,2,236.25,0.0,Social,US,
ORD-004595,2023-06-14,CUST-01834,cust-01834@lumenmail.com,Furniture,2,176.09,0.0,Paid Search,US,
ORD-004687,2024-04-03,CUST-00823,cust-00823@lumenmail.com,Décor,1,80.38,0.05,Email,US,variant
ORD-000574,2024-08-07,,guest@lumenmail.com,Lighting,1,7.8,0.0,Paid Search,CA,control
ORD-001861,2023-10-03,CUST-01866,cust-01866@lumenmail.com,Lighting,1,42.03,0.0,Social,ZZ,
ORD-008125,2024-02-03,CUST-01091,cust-01091@lumenmail.com,Lighting,1,95.51,0.25,Paid Search,CA,control
ORD-007773,2024-05-31,CUST-02291,cust-02291@lumenmail.com,Décor,3,13.8,0.0,Organic,US,variant
ORD-005053,2024-08-29,CUST-02237,cust-02237@lumenmail.com,Furniture,1,40.45,0.2,Email,CA,variant
ORD-002605,2023-06-20,CUST-02292,cust-02292@lumenmail.com,Lighting,3,30.65,0.15,Paid Search,US,variant
ORD-000694,2023-07-01,CUST-02156,cust-02156@lumenmail.com,Lighting,2,149.81,0.1,Organic,US,control
ORD-008629,2023-08-20,CUST-00132,cust-00132@lumenmail.com,Lighting,1,193.81,0.05,Organic,UK,
ORD-007193,23/06/2024,CUST-01363,cust-01363@lumenmail.com,Lighting,1,294.36,0.0,Email,US,variant
ORD-008237,2023-11-19,CUST-00148,cust-00148@lumenmail.com,Furniture,1,328.0,0.05,Paid Search,US,
ORD-005503,2024-04-29,CUST-00728,cust-00728@lumenmail.com,Lighting,2,28.41,0.0,Paid Search,UK,variant
ORD-009046,2023-06-03,CUST-00580,cust-00580@lumenmail.com,Accessories,1,95.23,0.2,Email,US,
ORD-006872,2024-01-04,CUST-00548,cust-00548@lumenmail.com,Furniture,-2,134.76,0.15,Paid Search,US,variant
ORD-008401,2024-05-14,CUST-00577,cust-00577@lumenmail.com,Accessories,1,90.07,0.15,Social,US,variant
ORD-006443,2024-11-08,CUST-01136,cust-01136@lumenmail.com,Lighting,1,353.08,0.05,Paid Search,US,variant
ORD-008177,2023-08-09,CUST-01985,cust-01985@lumenmail.com,Lighting,1,37.49,0.15,Paid Search,US,
ORD-006029,2024-11-08,CUST-00288,cust-00288@lumenmail.com,Lighting,4,315.89,0.1,Social,US,control
ORD-001958,2023-10-23,CUST-01862,cust-01862@lumenmail.com,Furniture,1,192.83,0.2,Email,UK,
ORD-002008,2024-09-26,CUST-00137,cust-00137@lumenmail.com,Décor,6,172.64,0.0,Email,US,
ORD-007730,2024-02-06,CUST-02130,cust-02130@lumenmail.com,Lighting,1,232.56,0.15,Paid Search,US,control
ORD-008777,2023-11-15,CUST-02555,cust-02555@lumenmail.com,Outdoor,3,267.53,0.05,Email,US,
ORD-002782,2023-09-05,CUST-02718,cust-02718@lumenmail.com,Lighting,3,183.12,0.1,Email,US,variant
ORD-005900,2024-04-23,CUST-01516,cust-01516@lumenmail.com,Outdoor,1,159.97,0.0,Paid Search,CA,
ORD-008067,2023-12-20,CUST-02896,cust-02896@lumenmail.com,Accessories,2,16.8,0.0,Email,US,
ORD-008094,2024-01-19,CUST-00655,cust-00655@lumenmail.com,Outdoor,1,70.9,0.2,Social,CA,control
ORD-000513,31/10/2024,CUST-02075,cust-02075@lumenmail.com,Lighting,1,346.24,0.1,Social,US,control
ORD-007023,2023-10-19,,guest@lumenmail.com,Lighting,1,674.41,0.0,Email,US,control
ORD-003535,2024-11-19,CUST-02376,cust-02376@lumenmail.com,Outdoor,3,104.84,0.1,Organic,US,variant
ORD-009020,2024-11-21,CUST-00350,cust-00350@lumenmail.com,Outdoor,3,507.37,0.1,Paid Search,US,
ORD-006902,2023-12-27,CUST-02218,cust-02218@lumenmail.com,Lighting,5,119.19,0.0,Organic,ZZ,control
ORD-008828,2023-07-14,CUST-00284,cust-00284@lumenmail.com,Furniture,2,184.66,0.0,Paid Search,US,control
ORD-006343,2024-02-06,CUST-00450,cust-00450@lumenmail.com,Décor,1,333.44,0.0,Organic,US,control
ORD-004344,2024-07-17,CUST-00230,cust-00230@lumenmail.com,Décor,2,14.75,0.05,Paid Search,UK,variant
ORD-003864,2023-07-07,CUST-02871,cust-02871@lumenmail.com,Accessories,3,388.81,0.25,Social,US,
ORD-009072,2024-03-19,CUST-01243,cust-01243@lumenmail.com,Décor,1,255.2,0.0,Email,US,control
ORD-006112,2023-10-19,,guest@lumenmail.com,Accessories,1,210.15,0.0,Email,US,variant
ORD-001425,2024-02-23,CUST-02733,cust-02733@lumenmail.com,Lighting,4,120.86,0.0,Paid Search,ZZ,
ORD-006401,2023-09-20,CUST-01832,cust-01832@lumenmail.com,Outdoor,1,58.55,0.25,Social,CA,variant
ORD-005898,2023-07-25,CUST-02623,cust-02623@lumenmail.com,Lighting,1,24.04,0.0,Paid Search,US,variant
ORD-008302,2023-12-10,CUST-00071,cust-00071@lumenmail.com,Furniture,1,99.47,0.0,Organic,US,
ORD-003644,2023-12-07,CUST-01283,cust-01283@lumenmail.com,Furniture,2,84.19,0.0,Paid Search,US,
ORD-008451,2024-12-05,CUST-01653,cust-01653@lumenmail.com,Furniture,4,32.37,0.1,Organic,AU,control
ORD-001615,2024-07-25,CUST-01260,cust-01260@lumenmail.com,Décor,1,39.19,0.1,Organic,US,
ORD-006575,2024-01-18,CUST-02372,cust-02372@lumenmail.com,Outdoor,1,0.0,0.0,Email,US,
ORD-001732,2024-07-02,CUST-00045,cust-00045@lumenmail.com,Décor,1,31.96,0.0,Paid Search,UK,variant
ORD-002555,2024-01-09,,guest@lumenmail.com,Furniture,6,214.04,0.1,Paid Search,CA,
ORD-005020,2023-11-27,CUST-02310,cust-02310@lumenmail.com,Décor,3,69.1,0.05,Social,AU,
ORD-007854,2023-08-30,CUST-00929,cust-00929@lumenmail.com,Accessories,1,782.31,0.05,Paid Search,US,variant
ORD-007034,02/10/2024,CUST-00634,cust-00634@lumenmail.com,Lighting,2,27.51,0.0,Email,AU,variant
ORD-002887,2023-10-06,CUST-02447,cust-02447@lumenmail.com,Décor,5,144.04,0.05,Paid Search,US,
ORD-000560,2024-10-01,CUST-02083,cust-02083@lumenmail.com,Furniture,2,99.6,0.0,Email,US,variant
ORD-009588,2024-02-16,CUST-00901,cust-00901@lumenmail.com,Décor,3,12.09,0.25,Paid Search,ZZ,variant
ORD-006965,2024-02-14,CUST-01533,cust-01533@lumenmail.com,Furniture,2,66.63,0.0,Social,US,variant
ORD-005319,2024-06-01,CUST-01729,cust-01729@lumenmail.com,Lighting,1,42.11,0.0,Social,CA,variant
ORD-006045,12/01/2024,CUST-02088,cust-02088@lumenmail.com,Outdoor,1,28.36,0.05,Paid Search,CA,
ORD-004319,2023-06-03,CUST-02398,cust-02398@lumenmail.com,Lighting,3,120.92,0.05,Organic,CA,
ORD-000400,2023-07-30,CUST-00258,cust-00258@lumenmail.com,Lighting,2,41.0,0.0,Organic,US,
ORD-006640,2024-06-17,,guest@lumenmail.com,Lighting,2,138.45,0.0,Social,US,control
ORD-005138,16/09/2023,CUST-01015,cust-01015@lumenmail.com,Décor,-2,181.0,0.15,Paid Search,UK,
ORD-003512,2024-11-05,CUST-01253,cust-01253@lumenmail.com,Lighting,3,179.8,0.0,Email,UK,
ORD-006064,2023-12-09,CUST-02033,cust-02033@lumenmail.com,Furniture,1,11.69,0.05,Organic,US,
ORD-001725,2023-10-30,CUST-00071,cust-00071@lumenmail.com,Furniture,3,63.2,0.1,Paid Search,US,
ORD-007879,2024-05-27,CUST-01915,cust-01915@lumenmail.com,Lighting,5,424.53,0.0,Paid Search,US,
ORD-001301,2024-09-22,CUST-02811,cust-02811@lumenmail.com,Furniture,4,69.21,0.15,Email,US,
ORD-004488,2024-05-20,CUST-00727,cust-00727@lumenmail.com,Accessories,1,604.19,0.05,Email,US,control
ORD-002652,19/09/2024,CUST-00474,cust-00474@lumenmail.com,Furniture,1,35.35,0.0,Email,UK,variant
ORD-006787,2024-12-01,CUST-01932,cust-01932@lumenmail.com,Lighting,2,29.94,0.05,Organic,US,variant
ORD-004474,24/10/2024,CUST-01443,cust-01443@lumenmail.com,Décor,2,630.22,0.05,Social,US,
ORD-004802,2023-10-31,CUST-00191,cust-00191@lumenmail.com,Outdoor,5,138.19,0.0,Email,AU,
ORD-006014,2023-10-21,,guest@lumenmail.com,Lighting,2,18.46,0.05,Organic,ZZ,variant
ORD-000840,2024-05-22,CUST-01842,cust-01842@lumenmail.com,Lighting,1,28.45,0.0,Email,US,
ORD-007101,2023-10-29,CUST-02101,cust-02101@lumenmail.com,Décor,2,24.23,0.1,Paid Search,ZZ,
ORD-007035,07/05/2024,CUST-00368,cust-00368@lumenmail.com,Décor,2,99.28,0.0,Social,AU,control
ORD-009432,2024-01-26,CUST-01391,cust-01391@lumenmail.com,Lighting,2,48.14,0.1,,US,control
ORD-006390,2023-10-23,CUST-01814,cust-01814@lumenmail.com,Lighting,1,126.21,0.0,,US,
ORD-004359,2024-01-18,CUST-02411,cust-02411@lumenmail.com,Accessories,2,14.74,0.0,Paid Search,US,variant
ORD-001530,2024-04-13,CUST-00973,cust-00973@lumenmail.com,Décor,1,59.36,0.0,Organic,AU,
ORD-004849,2024-06-13,CUST-00254,cust-00254@lumenmail.com,Lighting,6,110.54,0.0,Paid Search,AU,
ORD-000881,2023-06-04,CUST-02571,cust-02571@lumenmail.com,Outdoor,1,43.89,0.1,Paid Search,US,variant
ORD-005671,2024-07-23,CUST-00340,cust-00340@lumenmail.com,Décor,1,68.08,0.0,Paid Search,US,
ORD-008550,2024-07-25,CUST-01634,cust-01634@lumenmail.com,Lighting,2,174.75,0.05,Paid Search,ZZ,control
ORD-000794,2024-08-10,CUST-00323,cust-00323@lumenmail.com,Outdoor,2,498.18,0.1,Organic,US,
ORD-000333,14/10/2024,CUST-01715,cust-01715@lumenmail.com,Furniture,1,82.52,0.0,Social,US,variant
ORD-006003,2024-01-24,CUST-00729,cust-00729@lumenmail.com,Décor,4,181.08,0.0,Organic,US,variant
ORD-008613,15/07/2024,CUST-00718,cust-00718@lumenmail.com,Décor,1,123.67,0.2,Organic,US,
ORD-005256,2023-08-03,CUST-02771,cust-02771@lumenmail.com,Décor,1,31.51,0.0,Organic,UK,
ORD-005737,2023-11-25,CUST-01246,cust-01246@lumenmail.com,Accessories,3,94.06,0.05,Paid Search,US,
ORD-003786,2023-10-08,CUST-00751,cust-00751@lumenmail.com,Lighting,-2,6.87,0.05,Email,UK,control
ORD-008972,2023-11-23,CUST-02913,cust-02913@lumenmail.com,Accessories,2,96.24,0.1,Social,CA,
ORD-000588,2024-10-20,CUST-01502,cust-01502@lumenmail.com,Décor,1,144.08,0.05,Social,US,
ORD-003866,2024-12-18,CUST-00156,cust-00156@lumenmail.com,Lighting,7,319.63,0.05,Organic,AU,variant
ORD-000431,2024-03-16,CUST-02941,cust-02941@lumenmail.com,Lighting,2,48.01,0.0,Organic,US,variant
ORD-003606,2024-06-17,CUST-02754,cust-02754@lumenmail.com,Lighting,2,20.95,0.0,Email,CA,control
ORD-009290,2024-10-12,CUST-01864,cust-01864@lumenmail.com,Furniture,6,7.07,0.0,Paid Search,US,control
ORD-005207,2023-11-26,CUST-00701,cust-00701@lumenmail.com,Furniture,1,630.72,0.0,Organic,US,control
ORD-003607,2023-10-27,CUST-01326,cust-01326@lumenmail.com,Décor,1,184.52,0.1,,US,control
ORD-003323,2023-12-22,CUST-02139,cust-02139@lumenmail.com,Lighting,2,43.32,0.05,Paid Search,US,
ORD-003635,2023-10-12,CUST-01069,cust-01069@lumenmail.com,Lighting,2,258.87,0.0,Paid Search,US,
ORD-001152,2024-09-26,CUST-01869,cust-01869@lumenmail.com,Lighting,2,53.29,0.25,Social,US,
ORD-006533,2024-09-13,CUST-00868,cust-00868@lumenmail.com,Décor,2,105.89,0.2,Paid Search,US,
ORD-000716,2023-08-09,CUST-01521,cust-01521@lumenmail.com,Accessories,5,192.17,0.15,Paid Search,CA,
ORD-006163,01/03/2024,CUST-01210,cust-01210@lumenmail.com,Décor,7,73.83,0.1,Email,US,variant
ORD-007788,2023-11-12,CUST-02138,cust-02138@lumenmail.com,Lighting,1,103.06,0.0,Paid Search,CA,
ORD-005666,2024-02-24,CUST-00527,cust-00527@lumenmail.com,Furniture,2,283.96,0.2,Social,US,
ORD-008254,2024-05-04,CUST-02774,cust-02774@lumenmail.com,Décor,5,190.85,0.0,Organic,US,
ORD-002170,2024-03-13,CUST-00462,cust-00462@lumenmail.com,Lighting,5,12.26,0.0,Paid Search,US,
ORD-008661,2024-12-24,CUST-02380,cust-02380@lumenmail.com,Lighting,2,22.01,0.0,Organic,US,variant
ORD-007171,2024-10-30,CUST-00645,cust-00645@lumenmail.com,Furniture,4,80.76,0.0,Paid Search,US,control
ORD-007708,2023-09-10,CUST-01708,cust-01708@lumenmail.com,Furniture,2,181.99,0.0,,US,
ORD-007683,2024-02-12,CUST-02024,cust-02024@lumenmail.com,Lighting,1,44.69,0.1,Paid Search,CA,
ORD-009107,10/02/2024,CUST-00385,cust-00385@lumenmail.com,Furniture,1,119.51,0.05,Paid Search,AU,control
ORD-005597,2024-05-12,CUST-01928,cust-01928@lumenmail.com,Lighting,1,308.7,0.0,Email,CA,variant
ORD-007098,13/08/2023,CUST-00683,cust-00683@lumenmail.com,Décor,1,30.16,0.25,Paid Search,CA,variant
ORD-008151,2024-12-02,CUST-00278,cust-00278@lumenmail.com,Furniture,1,19.69,0.05,Email,US,
ORD-001150,2024-06-19,CUST-00532,cust-00532@lumenmail.com,Outdoor,2,139.07,0.15,Email,US,
ORD-004240,2024-07-01,CUST-00887,cust-00887@lumenmail.com,Décor,2,168.49,0.0,Organic,US,
ORD-005789,2023-11-21,CUST-02028,cust-02028@lumenmail.com,Lighting,1,241.03,0.0,Paid Search,US,control
ORD-007676,2024-02-13,CUST-01687,cust-01687@lumenmail.com,Lighting,2,36.96,0.1,Email,US,
ORD-000606,2024-09-17,CUST-00588,cust-00588@lumenmail.com,Lighting,1,88.7,0.15,Social,US,
ORD-003773,2023-10-21,,guest@lumenmail.com,Outdoor,1,240.56,0.0,Email,US,variant
ORD-007433,2024-06-08,CUST-00928,cust-00928@lumenmail.com,Lighting,1,178.01,0.0,Social,US,
ORD-007190,2024-10-05,CUST-00103,cust-00103@lumenmail.com,Décor,1,57.69,0.05,Paid Search,US,
ORD-000210,2024-09-08,CUST-02060,cust-02060@lumenmail.com,Lighting,1,97.97,0.0,Email,AU,control
ORD-006526,2024-10-29,CUST-02578,cust-02578@lumenmail.com,Lighting,3,122.09,0.0,Paid Search,AU,
ORD-006169,2024-04-02,CUST-00436,cust-00436@lumenmail.com,Lighting,2,7.01,0.0,Organic,AU,
ORD-000687,2023-08-11,CUST-00228,cust-00228@lumenmail.com,Accessories,2,60.07,0.1,Paid Search,AU,
ORD-009152,2024-02-15,CUST-01999,cust-01999@lumenmail.com,Accessories,-1,356.16,0.0,Organic,US,variant
ORD-007152,19/03/2024,CUST-02365,cust-02365@lumenmail.com,Décor,3,54.94,0.05,Paid Search,US,variant
ORD-002002,2023-06-24,CUST-02257,cust-02257@lumenmail.com,Décor,2,205.26,0.0,Email,US,
ORD-000978,2024-06-10,CUST-02944,cust-02944@lumenmail.com,Furniture,2,70.84,0.05,Paid Search,CA,
ORD-000337,2024-09-17,CUST-00576,cust-00576@lumenmail.com,Décor,2,167.22,0.0,Paid Search,AU,control
ORD-008204,2023-10-13,CUST-01542,cust-01542@lumenmail.com,Lighting,2,8.04,0.05,Email,US,
ORD-004324,2023-12-29,CUST-02470,cust-02470@lumenmail.com,Décor,5,38.38,0.05,Social,AU,control
ORD-005953,2023-07-23,CUST-02834,cust-02834@lumenmail.com,Décor,2,59.77,0.05,Email,CA,
ORD-000585,2023-12-17,CUST-01925,cust-01925@lumenmail.com,Accessories,5,93.14,0.0,Paid Search,CA,
ORD-008240,03/09/2024,CUST-02561,cust-02561@lumenmail.com,Décor,4,53.67,0.25,Paid Search,CA,control
ORD-000007,2023-12-11,CUST-00818,cust-00818@lumenmail.com,Accessories,3,172.59,0.05,Email,CA,variant
ORD-007764,2023-08-17,CUST-00243,cust-00243@lumenmail.com,Décor,2,75.94,0.0,Email,US,
ORD-001315,2024-12-27,CUST-00673,cust-00673@lumenmail.com,Furniture,2,39.8,0.1,Email,UK,variant
ORD-004951,2023-07-26,CUST-01073,cust-01073@lumenmail.com,Décor,2,654.52,0.05,Organic,US,variant
ORD-009047,2024-11-03,CUST-00397,cust-00397@lumenmail.com,Lighting,1,37.66,0.25,Organic,US,variant
ORD-003653,2023-06-24,CUST-00579,cust-00579@lumenmail.com,Furniture,3,45.45,0.0,Email,US,variant
ORD-005609,2023-07-28,CUST-02542,cust-02542@lumenmail.com,Lighting,1,211.77,0.1,Organic,US,
ORD-008114,2023-07-17,CUST-02029,cust-02029@lumenmail.com,Accessories,1,208.73,0.0,Social,US,variant
ORD-000090,05/07/2023,CUST-01094,cust-01094@lumenmail.com,Accessories,2,364.05,0.05,Paid Search,ZZ,
ORD-005688,22/08/2024,CUST-01785,cust-01785@lumenmail.com,Accessories,1,111.75,0.15,Paid Search,US,
ORD-007990,2024-09-25,CUST-01637,cust-01637@lumenmail.com,Décor,4,83.65,0.2,Email,UK,
ORD-006882,2024-02-03,CUST-00430,cust-00430@lumenmail.com,Accessories,1,343.38,0.1,Email,US,control
ORD-008181,2023-06-22,CUST-02809,cust-02809@lumenmail.com,Décor,2,60.6,0.0,Paid Search,US,variant
ORD-008424,2024-05-25,CUST-02732,cust-02732@lumenmail.com,Furniture,4,49.27,0.2,Social,AU,control
ORD-005724,2024-02-18,CUST-00841,cust-00841@lumenmail.com,Lighting,1,602.31,0.15,Organic,US,
ORD-002100,2023-07-28,CUST-00676,cust-00676@lumenmail.com,Lighting,1,403.71,0.2,Social,US,control
ORD-002441,2024-08-25,CUST-00965,cust-00965@lumenmail.com,Lighting,1,47.33,0.0,Paid Search,US,
ORD-008036,2024-08-23,CUST-01819,cust-01819@lumenmail.com,Accessories,1,209.32,0.05,Social,US,
ORD-004387,2024-07-28,CUST-01962,cust-01962@lumenmail.com,Décor,2,43.34,0.2,,US,
ORD-002787,2024-03-31,CUST-01183,cust-01183@lumenmail.com,Lighting,3,36.1,0.05,Email,CA,
ORD-009486,11/07/2023,CUST-00425,cust-00425@lumenmail.com,Lighting,1,391.22,0.0,Email,US,
ORD-007831,2024-10-30,CUST-02742,cust-02742@lumenmail.com,Outdoor,2,84.14,0.05,Organic,US,
ORD-008973,2023-06-09,CUST-02876,cust-02876@lumenmail.com,Furniture,1,36.43,0.1,Paid Search,US,control
ORD-002058,2024-10-30,CUST-00372,cust-00372@lumenmail.com,Furniture,1,17.78,0.0,Paid Search,CA,control
ORD-004069,2023-06-07,,guest@lumenmail.com,Décor,1,279.41,0.0,Organic,US,control
ORD-009142,2023-08-19,CUST-02402,cust-02402@lumenmail.com,Lighting,6,96.13,0.15,Email,US,control
ORD-005142,2024-07-10,CUST-00697,cust-00697@lumenmail.com,Lighting,2,8.58,0.05,Organic,CA,
ORD-007775,,CUST-02149,cust-02149@lumenmail.com,Lighting,1,173.32,0.15,,CA,variant
ORD-006130,2024-06-16,CUST-01677,cust-01677@lumenmail.com,Décor,1,662.24,0.0,Paid Search,US,control
ORD-000123,2024-12-15,CUST-00974,cust-00974@lumenmail.com,Lighting,1,78.92,0.05,Paid Search,US,variant
ORD-000092,2023-09-04,CUST-02438,cust-02438@lumenmail.com,Lighting,4,9.18,0.0,Paid Search,US,
ORD-005807,2024-09-11,CUST-01527,cust-01527@lumenmail.com,Décor,2,49.43,0.15,,UK,variant
ORD-000055,2023-07-13,CUST-01946,cust-01946@lumenmail.com,Accessories,1,48.47,0.0,Email,US,control
ORD-002451,2023-06-16,CUST-01716,cust-01716@lumenmail.com,Lighting,1,350.85,0.25,Paid Search,US,control
ORD-001401,2023-11-19,,guest@lumenmail.com,Décor,1,30.84,0.1,Paid Search,US,control
ORD-006879,2024-05-02,CUST-02348,cust-02348@lumenmail.com,Furniture,3,64.79,0.0,Paid Search,ZZ,
ORD-004816,2024-05-02,CUST-01626,cust-01626@lumenmail.com,Lighting,2,67.4,0.1,Email,US,
ORD-002361,13/03/2024,CUST-02575,cust-02575@lumenmail.com,Furniture,2,92.79,0.05,Organic,US,control
ORD-007212,2024-05-03,CUST-01532,cust-01532@lumenmail.com,Décor,1,237.18,0.1,Paid Search,US,control
ORD-001384,08/06/2024,,guest@lumenmail.com,Décor,1,152.64,0.2,Paid Search,US,variant
ORD-005918,2024-12-18,CUST-02475,cust-02475@lumenmail.com,Furniture,5,59.22,0.0,Organic,UK,variant
ORD-000282,2024-08-26,,guest@lumenmail.com,Furniture,1,78.26,0.1,Social,US,control
ORD-004143,07/03/2024,CUST-00511,cust-00511@lumenmail.com,Décor,1,74.5,0.15,Paid Search,CA,variant
ORD-007604,2023-11-26,CUST-02379,cust-02379@lumenmail.com,Décor,2,22.4,0.15,Paid Search,CA,variant
ORD-000283,2023-11-08,CUST-02108,cust-02108@lumenmail.com,Décor,1,59.88,0.0,Paid Search,US,
ORD-002164,2024-11-21,CUST-00942,cust-00942@lumenmail.com,Décor,1,36.52,0.05,Organic,CA,control
ORD-000464,2024-09-04,CUST-00885,cust-00885@lumenmail.com,Furniture,7,85.54,0.25,Email,US,
ORD-003242,2024-09-20,CUST-02065,cust-02065@lumenmail.com,Accessories,1,20.65,0.25,Organic,UK,
ORD-004296,15/12/2023,,guest@lumenmail.com,Lighting,2,286.2,0.0,Email,CA,variant
ORD-005640,2023-11-15,CUST-01753,cust-01753@lumenmail.com,Décor,1,109.1,0.15,Paid Search,CA,variant
ORD-003057,2024-03-23,CUST-01462,cust-01462@lumenmail.com,Lighting,1,567.63,0.0,Paid Search,CA,
ORD-001060,2024-07-29,CUST-02536,cust-02536@lumenmail.com,Outdoor,1,788.36,0.05,Email,US,
ORD-009163,2024-05-13,CUST-00230,cust-00230@lumenmail.com,Furniture,1,21.44,0.05,Social,US,
ORD-003329,2023-06-04,CUST-01221,cust-01221@lumenmail.com,Lighting,1,116.6,0.15,Organic,US,control
ORD-001213,2024-10-14,CUST-00691,cust-00691@lumenmail.com,Lighting,1,87.3,0.2,Paid Search,US,
ORD-002088,2023-06-02,CUST-01177,cust-01177@lumenmail.com,Lighting,1,82.79,0.1,Social,US,
ORD-008509,2024-10-06,CUST-00997,cust-00997@lumenmail.com,Lighting,1,167.02,0.15,Email,US,
ORD-007653,2024-01-19,CUST-01568,cust-01568@lumenmail.com,Accessories,1,98.19,0.0,Social,US,variant
ORD-002224,2023-07-29,CUST-00841,cust-00841@lumenmail.com,Furniture,1,44.26,0.0,Email,CA,
ORD-006943,2024-08-31,CUST-02143,cust-02143@lumenmail.com,Outdoor,5,20.85,0.1,Social,US,control
ORD-004704,14/08/2023,CUST-02315,cust-02315@lumenmail.com,Lighting,1,32.77,0.1,Paid Search,US,control
ORD-002452,2024-11-29,CUST-00950,cust-00950@lumenmail.com,Décor,1,89.87,0.1,Paid Search,AU,control
ORD-000265,2024-03-29,,guest@lumenmail.com,Lighting,1,12.49,0.05,,US,variant
ORD-002815,2024-01-14,CUST-00745,cust-00745@lumenmail.com,Furniture,2,63.12,0.0,Email,CA,
ORD-005642,2024-11-22,CUST-01958,cust-01958@lumenmail.com,Décor,1,171.61,0.0,Paid Search,US,control
ORD-005957,2024-10-09,CUST-00680,cust-00680@lumenmail.com,Outdoor,1,94.75,0.2,Email,US,variant
ORD-005127,2024-02-08,CUST-02927,cust-02927@lumenmail.com,Lighting,1,96.33,0.1,Organic,US,
ORD-001703,24/06/2023,,guest@lumenmail.com,Outdoor,1,99.48,0.15,Email,US,
ORD-006037,2024-06-21,CUST-02555,cust-02555@lumenmail.com,Furniture,1,156.77,0.05,Paid Search,US,control
ORD-008386,2024-04-23,CUST-00265,cust-00265@lumenmail.com,Décor,1,90.57,0.0,Social,US,control
ORD-001782,,CUST-00053,cust-00053@lumenmail.com,Lighting,-1,495.73,0.0,Paid Search,US,
ORD-006476,2024-02-01,CUST-01044,cust-01044@lumenmail.com,Décor,2,0.0,0.1,Paid Search,US,control
ORD-001071,2024-09-01,CUST-01150,cust-01150@lumenmail.com,Accessories,2,94.14,0.0,Paid Search,CA,
ORD-009109,2023-12-09,CUST-02876,cust-02876@lumenmail.com,Lighting,1,55.68,0.1,Paid Search,US,variant
ORD-002113,2024-12-17,CUST-00190,cust-00190@lumenmail.com,Furniture,1,64.96,0.2,Organic,US,control
ORD-000490,2024-05-18,CUST-00265,cust-00265@lumenmail.com,Décor,1,44.43,0.0,Paid Search,US,control
ORD-005085,2023-07-09,CUST-02535,cust-02535@lumenmail.com,Décor,1,30.66,0.0,Paid Search,US,variant
ORD-005168,2024-05-21,CUST-01461,cust-01461@lumenmail.com,Lighting,1,11.44,0.1,Email,UK,control
ORD-003761,2024-02-05,CUST-00604,cust-00604@lumenmail.com,Lighting,2,9.55,0.1,Paid Search,CA,
ORD-003567,2024-04-07,CUST-02765,cust-02765@lumenmail.com,Lighting,5,71.51,0.0,Social,CA,control
ORD-002506,2024-02-20,CUST-02419,cust-02419@lumenmail.com,Lighting,5,46.07,0.15,Email,US,control
ORD-002543,2024-12-22,CUST-02493,cust-02493@lumenmail.com,Furniture,1,191.3,0.0,Paid Search,US,variant
ORD-000112,2024-03-08,CUST-01383,cust-01383@lumenmail.com,Lighting,1,93.51,0.1,Paid Search,US,
ORD-003985,2024-07-31,,guest@lumenmail.com,Accessories,1,59.13,0.0,Paid Search,US,
ORD-009430,2024-01-13,,guest@lumenmail.com,Lighting,1,124.12,0.15,Organic,US,variant
ORD-004864,2024-04-10,,guest@lumenmail.com,Accessories,3,382.58,0.05,Organic,UK,
ORD-003627,2023-07-06,,guest@lumenmail.com,Lighting,2,79.64,0.0,Paid Search,UK,control
ORD-007369,2023-11-06,,guest@lumenmail.com,Furniture,2,157.56,0.05,Paid Search,US,variant
ORD-000018,2023-10-10,CUST-00392,cust-00392@lumenmail.com,Furniture,2,370.27,0.0,,US,variant
ORD-005055,2023-11-12,CUST-00229,cust-00229@lumenmail.com,Décor,2,142.91,0.05,Organic,CA,control
ORD-000614,,CUST-01813,cust-01813@lumenmail.com,Outdoor,-7,63.72,0.0,Paid Search,US,
ORD-002134,2024-02-06,CUST-01960,cust-01960@lumenmail.com,Lighting,3,193.9,0.0,Email,US,control
ORD-002646,2023-09-18,CUST-00652,cust-00652@lumenmail.com,Lighting,2,79.92,0.05,Organic,CA,variant
ORD-000844,2023-11-14,,guest@lumenmail.com,Accessories,1,304.21,0.0,Paid Search,US,
ORD-009208,2024-03-30,CUST-00798,cust-00798@lumenmail.com,Furniture,3,55.0,0.0,Email,AU,variant
ORD-005556,2023-07-10,CUST-01406,cust-01406@lumenmail.com,Accessories,2,39.08,0.0,,ZZ,
ORD-005272,2024-03-21,CUST-02293,cust-02293@lumenmail.com,Accessories,1,41.16,0.0,,US,control
ORD-008503,07/06/2023,CUST-01591,cust-01591@lumenmail.com,Lighting,3,64.0,0.0,Email,UK,control
ORD-005804,2023-11-07,CUST-01643,cust-01643@lumenmail.com,Furniture,1,12.15,0.0,Organic,US,control
ORD-006532,2024-06-05,CUST-00766,cust-00766@lumenmail.com,Outdoor,4,132.84,0.0,Organic,AU,variant
ORD-009132,2024-03-09,CUST-01691,cust-01691@lumenmail.com,Décor,5,151.4,0.0,,US,
ORD-007355,2024-07-09,CUST-01161,cust-01161@lumenmail.com,Furniture,1,338.18,0.0,Email,AU,
ORD-004630,2024-10-17,CUST-02542,cust-02542@lumenmail.com,Lighting,1,22.0,0.0,Social,US,variant
ORD-002960,2024-12-24,,guest@lumenmail.com,Lighting,2,156.09,0.15,Paid Search,US,
ORD-004871,,CUST-01616,cust-01616@lumenmail.com,Accessories,1,51.51,0.0,Organic,AU,variant
ORD-002567,2023-12-13,CUST-01830,cust-01830@lumenmail.com,Décor,2,60.5,0.0,Email,CA,variant
ORD-009537,2023-07-07,CUST-01315,cust-01315@lumenmail.com,Décor,2,169.2,0.15,Email,US,control
ORD-005430,16/10/2024,CUST-02846,cust-02846@lumenmail.com,Outdoor,2,15.3,0.0,Paid Search,US,
ORD-007091,2024-11-08,CUST-00903,cust-00903@lumenmail.com,Décor,1,72.43,0.25,Organic,US,control
ORD-008015,2024-12-21,CUST-00203,cust-00203@lumenmail.com,Furniture,7,93.54,0.0,Paid Search,US,
ORD-005414,2024-03-25,CUST-00769,cust-00769@lumenmail.com,Lighting,2,48.54,0.0,Email,US,variant
ORD-003379,2023-07-16,CUST-00901,cust-00901@lumenmail.com,Furniture,1,70.49,0.15,,US,variant
ORD-008628,2024-01-14,CUST-02975,cust-02975@lumenmail.com,Décor,1,18.96,0.0,Paid Search,US,variant
ORD-005912,2023-10-22,CUST-02872,cust-02872@lumenmail.com,Lighting,1,228.4,0.2,Email,US,variant
ORD-003628,2024-11-27,CUST-02022,cust-02022@lumenmail.com,Furniture,2,45.7,0.25,Social,UK,
ORD-000200,31/03/2024,,guest@lumenmail.com,Décor,2,67.49,0.05,Paid Search,AU,control
ORD-001546,2024-06-13,CUST-01823,cust-01823@lumenmail.com,Lighting,4,65.99,0.1,Email,US,
ORD-007597,2023-06-26,CUST-01960,cust-01960@lumenmail.com,Outdoor,3,13.73,0.05,Paid Search,US,
ORD-004972,20/09/2024,CUST-02965,cust-02965@lumenmail.com,Lighting,1,301.01,0.0,Organic,US,
ORD-006878,19/09/2023,CUST-00841,cust-00841@lumenmail.com,Lighting,2,386.74,0.05,Email,US,variant
ORD-000414,12/08/2024,CUST-01430,cust-01430@lumenmail.com,Lighting,1,95.0,0.0,Organic,US,control
ORD-001295,14/03/2024,CUST-02165,cust-02165@lumenmail.com,Outdoor,1,170.86,0.05,Paid Search,US,control
ORD-003271,2023-07-23,CUST-02202,cust-02202@lumenmail.com,Accessories,1,86.82,0.1,Social,CA,
ORD-009106,2024-05-30,CUST-00716,cust-00716@lumenmail.com,Furniture,3,715.48,0.15,Paid Search,UK,
ORD-006560,2024-12-03,CUST-01199,cust-01199@lumenmail.com,Lighting,7,17.27,0.0,Email,US,
ORD-009155,2024-01-12,CUST-01296,cust-01296@lumenmail.com,Décor,1,72.0,0.05,Organic,US,variant
ORD-007454,2024-05-10,CUST-00597,cust-00597@lumenmail.com,Décor,1,652.18,0.0,Email,US,
ORD-008526,2024-10-20,CUST-02909,cust-02909@lumenmail.com,Furniture,1,100.12,0.15,Social,US,variant
ORD-007847,2023-09-16,CUST-00221,cust-00221@lumenmail.com,Décor,2,85.56,0.0,Organic,UK,control
ORD-006035,2024-09-28,CUST-00968,cust-00968@lumenmail.com,Outdoor,1,40.03,0.05,Organic,US,
ORD-002577,2024-07-07,CUST-00444,cust-00444@lumenmail.com,Outdoor,2,53.92,0.1,Organic,US,
ORD-007005,2023-10-02,CUST-02343,cust-02343@lumenmail.com,Furniture,1,45.55,0.0,Organic,AU,variant
ORD-008445,2024-04-17,CUST-01030,cust-01030@lumenmail.com,Décor,-1,160.92,0.05,Email,US,control
ORD-003475,2024-06-16,CUST-00349,cust-00349@lumenmail.com,Outdoor,1,46.92,0.0,Social,ZZ,
ORD-008545,04/09/2023,,guest@lumenmail.com,Décor,3,225.77,0.1,Paid Search,US,
ORD-008763,2024-09-01,CUST-00985,cust-00985@lumenmail.com,Furniture,1,46.9,0.05,Email,US,variant
ORD-000404,2023-07-29,CUST-02313,cust-02313@lumenmail.com,Lighting,-1,24.08,0.15,Organic,US,
ORD-002737,2024-04-13,CUST-01343,cust-01343@lumenmail.com,Accessories,2,40.74,0.05,Organic,US,variant
ORD-006397,2024-06-11,CUST-02811,cust-02811@lumenmail.com,Décor,1,300.11,0.2,Email,AU,
ORD-000974,19/11/2024,CUST-01587,cust-01587@lumenmail.com,Lighting,1,105.05,0.0,Organic,US,
ORD-000332,2024-04-07,CUST-02265,cust-02265@lumenmail.com,Accessories,1,35.68,0.15,Paid Search,US,
ORD-008027,2023-06-24,,guest@lumenmail.com,Lighting,3,77.48,0.0,Social,US,
ORD-003269,2024-07-30,,guest@lumenmail.com,Furniture,1,50.51,0.1,Paid Search,US,variant
ORD-004082,2023-10-08,CUST-00546,cust-00546@lumenmail.com,Décor,1,270.97,0.15,Paid Search,US,variant
ORD-004499,2024-12-12,CUST-00553,cust-00553@lumenmail.com,Décor,3,768.54,0.0,Email,ZZ,control
ORD-003233,2024-10-12,CUST-01288,cust-01288@lumenmail.com,Accessories,1,32.15,0.05,Social,UK,variant
ORD-001638,2024-10-30,CUST-02517,cust-02517@lumenmail.com,Lighting,1,117.01,0.0,Organic,US,variant
ORD-004831,2023-09-12,CUST-02643,cust-02643@lumenmail.com,Décor,1,20.16,0.05,Organic,US,
ORD-008913,2023-08-14,CUST-02657,cust-02657@lumenmail.com,Lighting,1,301.47,0.0,Email,CA,
ORD-005274,2023-06-08,CUST-01792,cust-01792@lumenmail.com,Lighting,2,58.95,0.05,Organic,UK,
ORD-006212,2024-10-16,CUST-02454,cust-02454@lumenmail.com,Lighting,1,158.85,0.0,Email,UK,control
ORD-003605,2024-10-18,CUST-02831,cust-02831@lumenmail.com,Accessories,2,109.54,0.05,Email,US,
ORD-004128,2023-12-10,CUST-01493,cust-01493@lumenmail.com,Accessories,2,33.36,0.15,Paid Search,US,control
ORD-001420,2023-07-01,CUST-02468,cust-02468@lumenmail.com,Lighting,1,61.46,0.05,Social,US,variant
ORD-003272,2024-10-30,CUST-02942,cust-02942@lumenmail.com,Lighting,1,89.77,0.1,Email,US,variant
ORD-005749,2023-10-31,CUST-02537,cust-02537@lumenmail.com,Outdoor,3,31.47,0.15,Paid Search,ZZ,
ORD-003661,2023-06-23,CUST-00076,cust-00076@lumenmail.com,Décor,3,43.71,0.0,,US,variant
ORD-005269,2024-11-20,CUST-02137,cust-02137@lumenmail.com,Décor,3,32.52,0.2,Paid Search,US,
ORD-008500,2023-07-20,CUST-01539,cust-01539@lumenmail.com,Décor,5,16.05,0.2,Social,UK,variant
ORD-006907,2023-09-04,CUST-01091,cust-01091@lumenmail.com,Décor,1,93.72,0.15,Organic,CA,variant
ORD-004764,2024-05-29,CUST-00827,cust-00827@lumenmail.com,Décor,1,71.32,0.25,Email,US,variant
ORD-006841,2024-10-24,CUST-00460,cust-00460@lumenmail.com,Décor,2,41.13,0.0,Organic,US,
ORD-006837,2024-01-16,CUST-01896,cust-01896@lumenmail.com,Furniture,7,40.19,0.0,Paid Search,US,control
ORD-006023,05/09/2023,CUST-00631,cust-00631@lumenmail.com,Outdoor,2,580.69,0.05,Email,AU,variant
ORD-003039,2023-07-16,CUST-00894,cust-00894@lumenmail.com,Furniture,1,281.03,0.0,Paid Search,US,
ORD-005864,2024-10-12,CUST-00372,cust-00372@lumenmail.com,Furniture,3,62.12,0.15,Organic,US,
ORD-003377,03/02/2024,CUST-01906,cust-01906@lumenmail.com,Décor,1,362.65,0.0,Organic,US,variant
ORD-000912,07/12/2024,CUST-01043,cust-01043@lumenmail.com,Furniture,4,363.91,0.0,Social,US,control
ORD-003997,2023-12-01,CUST-02486,cust-02486@lumenmail.com,Lighting,6,52.55,0.25,Paid Search,US,
ORD-007119,2024-04-30,CUST-00564,cust-00564@lumenmail.com,Lighting,2,353.2,0.05,Email,US,variant
ORD-003643,2023-06-03,CUST-01899,cust-01899@lumenmail.com,Lighting,1,47.42,0.0,Paid Search,US,
ORD-001451,2024-08-19,CUST-02090,cust-02090@lumenmail.com,Lighting,4,198.17,0.0,Email,US,
ORD-003011,2024-04-15,CUST-02626,cust-02626@lumenmail.com,Lighting,5,66.39,0.0,Email,US,variant
ORD-003090,05/07/2024,CUST-00430,cust-00430@lumenmail.com,Furniture,1,17.41,0.25,Paid Search,CA,variant
ORD-007067,19/09/2023,CUST-02825,cust-02825@lumenmail.com,Lighting,2,199.82,0.0,Organic,US,variant
ORD-001209,2024-02-24,CUST-02591,cust-02591@lumenmail.com,Décor,1,53.85,0.1,Organic,US,
ORD-009223,2024-06-22,CUST-00876,cust-00876@lumenmail.com,Décor,1,174.38,0.1,Organic,UK,
ORD-006573,2023-06-25,CUST-00048,cust-00048@lumenmail.com,Furniture,2,612.46,0.05,Paid Search,US,
ORD-001573,2024-04-06,CUST-01200,cust-01200@lumenmail.com,Outdoor,1,380.43,0.05,Paid Search,US,
ORD-003499,2024-07-07,CUST-01981,cust-01981@lumenmail.com,Lighting,2,346.66,0.0,Social,US,control
ORD-001698,2023-08-20,CUST-01339,cust-01339@lumenmail.com,Furniture,2,134.64,0.05,Social,US,control
ORD-002169,2023-07-08,CUST-01163,cust-01163@lumenmail.com,Lighting,2,23.95,0.0,Paid Search,US,variant
ORD-003689,2023-11-17,CUST-02622,cust-02622@lumenmail.com,Furniture,2,290.47,0.0,Email,US,control
ORD-005797,06/05/2024,CUST-00393,cust-00393@lumenmail.com,Lighting,2,349.92,0.0,Organic,US,
ORD-000228,2024-04-24,CUST-00694,cust-00694@lumenmail.com,Outdoor,3,25.9,0.0,Email,US,variant
ORD-001172,2024-11-10,CUST-02253,cust-02253@lumenmail.com,Outdoor,2,77.47,0.1,Paid Search,US,
ORD-004503,2024-01-09,CUST-02367,cust-02367@lumenmail.com,Outdoor,-2,50.73,0.05,Social,CA,
ORD-007689,2024-08-19,CUST-02794,cust-02794@lumenmail.com,Lighting,1,727.69,0.15,Paid Search,US,control
ORD-004599,2023-10-13,CUST-02156,cust-02156@lumenmail.com,Furniture,2,174.55,0.15,Email,US,control
ORD-007138,2024-01-11,CUST-00238,cust-00238@lumenmail.com,Lighting,3,164.51,0.15,Organic,US,variant
ORD-005012,2023-09-09,CUST-02635,cust-02635@lumenmail.com,Lighting,2,127.25,0.0,Organic,US,
ORD-005157,2024-12-13,CUST-02449,cust-02449@lumenmail.com,Décor,1,341.12,0.0,Email,ZZ,variant
ORD-009323,2024-04-18,CUST-00602,cust-00602@lumenmail.com,Lighting,2,357.45,0.15,Email,US,control
ORD-000741,2024-10-04,CUST-02476,cust-02476@lumenmail.com,Outdoor,4,28.94,0.25,Email,CA,variant
ORD-003479,2024-02-18,CUST-02139,cust-02139@lumenmail.com,Décor,1,78.01,0.0,Social,US,
ORD-003516,2024-08-22,CUST-00187,cust-00187@lumenmail.com,Lighting,-1,13.24,0.15,Paid Search,US,
ORD-001424,2023-07-10,CUST-00293,cust-00293@lumenmail.com,Décor,1,139.34,0.2,Organic,US,control
ORD-003752,2024-10-23,CUST-00653,cust-00653@lumenmail.com,Lighting,1,182.74,0.0,Organic,US,variant
ORD-004868,31/12/2023,,guest@lumenmail.com,Accessories,1,17.54,0.0,Email,US,control
ORD-008259,2024-05-22,CUST-02215,cust-02215@lumenmail.com,Lighting,3,29.08,0.0,Email,US,variant
ORD-006261,2024-06-23,CUST-02667,cust-02667@lumenmail.com,Furniture,1,42.1,0.0,Paid Search,CA,control
ORD-006049,2024-11-08,CUST-01386,cust-01386@lumenmail.com,Lighting,3,21.15,0.0,Organic,US,variant
ORD-006084,28/10/2024,CUST-02816,cust-02816@lumenmail.com,Décor,1,151.35,0.0,Email,US,
ORD-005116,2024-11-06,CUST-00762,cust-00762@lumenmail.com,Outdoor,1,250.11,0.25,Paid Search,US,variant
ORD-008130,2024-02-16,CUST-00566,cust-00566@lumenmail.com,Décor,2,14.06,0.0,Paid Search,US,
ORD-001633,2024-07-03,CUST-02422,cust-02422@lumenmail.com,Lighting,2,132.3,0.1,Social,US,variant
ORD-008983,2024-02-14,CUST-00708,cust-00708@lumenmail.com,Outdoor,5,30.09,0.0,Email,US,variant
ORD-000108,2023-11-19,CUST-02141,cust-02141@lumenmail.com,Furniture,2,288.4,0.0,Email,US,control
ORD-003993,2024-02-24,CUST-02727,cust-02727@lumenmail.com,Accessories,1,167.45,0.2,Organic,US,variant
ORD-009365,2024-08-12,CUST-02384,cust-02384@lumenmail.com,Outdoor,2,19.81,0.0,Email,US,
ORD-006118,2024-06-16,CUST-00825,cust-00825@lumenmail.com,Furniture,1,106.65,0.1,Social,US,variant
ORD-008893,2024-02-24,CUST-00856,cust-00856@lumenmail.com,Lighting,4,150.42,0.0,Organic,US,
ORD-003041,2024-03-10,CUST-01065,cust-01065@lumenmail.com,Lighting,1,15.47,0.0,Email,CA,
ORD-007809,02/07/2024,CUST-02167,cust-02167@lumenmail.com,Décor,-3,392.57,0.05,Email,US,
ORD-000338,2023-12-15,CUST-02035,cust-02035@lumenmail.com,Furniture,1,63.87,0.1,Social,US,control
ORD-001975,2024-11-18,,guest@lumenmail.com,Lighting,1,0.0,0.0,Social,US,control
ORD-001160,2023-08-14,,guest@lumenmail.com,Lighting,1,22.78,0.25,Organic,US,control
ORD-001537,15/06/2023,CUST-00808,cust-00808@lumenmail.com,Décor,4,19.89,0.0,Paid Search,US,
ORD-000102,2023-08-26,CUST-00530,cust-00530@lumenmail.com,Outdoor,2,50.87,0.2,Paid Search,US,control
ORD-000173,2024-12-15,CUST-01799,cust-01799@lumenmail.com,Furniture,3,164.98,0.0,Organic,CA,
ORD-000059,2024-09-03,CUST-02073,cust-02073@lumenmail.com,Lighting,1,25.82,0.0,Email,US,
ORD-005059,2024-06-12,CUST-01927,cust-01927@lumenmail.com,Décor,1,52.55,0.0,,US,
ORD-008947,2024-07-29,CUST-01539,cust-01539@lumenmail.com,Accessories,1,42.85,0.1,Social,UK,
ORD-006890,2024-12-05,CUST-02199,cust-02199@lumenmail.com,Lighting,1,12.2,0.15,Paid Search,US,variant
ORD-001163,2023-09-16,CUST-02142,cust-02142@lumenmail.com,Lighting,1,159.84,0.1,Email,US,
ORD-004746,2024-11-14,CUST-01272,cust-01272@lumenmail.com,Furniture,5,84.08,0.0,Paid Search,US,control
ORD-003805,2024-04-22,CUST-02628,cust-02628@lumenmail.com,Outdoor,1,22.38,0.05,Organic,UK,control
ORD-004421,2024-11-26,,guest@lumenmail.com,Décor,3,67.48,0.05,Organic,US,variant
ORD-003518,2023-08-06,CUST-01678,cust-01678@lumenmail.com,Furniture,1,153.96,0.05,Email,US,
ORD-007073,,CUST-00651,cust-00651@lumenmail.com,Décor,3,53.16,0.2,Social,US,
ORD-006067,12/06/2023,CUST-01881,cust-01881@lumenmail.com,Lighting,2,112.74,0.0,Organic,US,
ORD-009294,2023-07-03,CUST-02589,cust-02589@lumenmail.com,Décor,2,25.72,0.0,Email,US,
ORD-004526,19/06/2024,CUST-01167,cust-01167@lumenmail.com,Furniture,1,24.0,0.1,Email,US,variant
ORD-009062,2024-04-30,CUST-01650,cust-01650@lumenmail.com,Décor,-1,344.31,0.1,Email,UK,control
ORD-006451,2024-07-13,CUST-01059,cust-01059@lumenmail.com,Lighting,1,141.61,0.0,Organic,UK,
ORD-006888,2023-08-07,CUST-01857,cust-01857@lumenmail.com,Décor,6,122.86,0.0,Email,US,variant
ORD-001788,25/11/2024,CUST-02648,cust-02648@lumenmail.com,Lighting,2,720.63,0.0,Organic,US,variant
ORD-002484,2023-09-15,CUST-02823,cust-02823@lumenmail.com,Lighting,7,43.11,0.15,Paid Search,US,
ORD-000713,2024-05-09,CUST-02542,cust-02542@lumenmail.com,Furniture,1,43.09,0.15,Organic,US,
ORD-006998,2023-11-19,CUST-02616,cust-02616@lumenmail.com,Décor,1,14.91,0.0,Email,CA,control
ORD-005442,2023-11-26,CUST-02487,cust-02487@lumenmail.com,Furniture,2,12.98,0.0,Email,US,
ORD-005968,2023-12-01,CUST-00365,cust-00365@lumenmail.com,Décor,6,149.85,0.05,Social,US,control
ORD-000001,2024-03-27,CUST-00833,cust-00833@lumenmail.com,Outdoor,1,76.35,0.0,Organic,CA,
ORD-009191,2024-04-19,CUST-02433,cust-02433@lumenmail.com,Lighting,1,366.51,0.15,Social,US,
ORD-003423,2024-07-23,,guest@lumenmail.com,Lighting,3,47.61,0.15,Paid Search,UK,variant
ORD-006270,2024-02-01,CUST-01484,cust-01484@lumenmail.com,Accessories,4,18.12,0.1,Email,US,control
ORD-001850,2023-06-17,CUST-01686,cust-01686@lumenmail.com,Décor,1,15.81,0.05,Paid Search,CA,control
ORD-003587,2024-02-06,CUST-00769,cust-00769@lumenmail.com,Lighting,1,151.58,0.05,Email,US,
ORD-009258,2024-08-03,CUST-01809,cust-01809@lumenmail.com,Furniture,1,277.24,0.2,Social,US,variant
ORD-002585,2024-08-01,CUST-00402,cust-00402@lumenmail.com,Lighting,-1,57.99,0.0,Organic,UK,variant
ORD-009369,2024-09-22,,guest@lumenmail.com,Décor,1,136.32,0.0,Email,US,
ORD-006435,2024-12-25,CUST-00241,cust-00241@lumenmail.com,Lighting,3,191.89,0.1,Paid Search,US,control
ORD-006052,2024-04-17,,guest@lumenmail.com,Furniture,1,114.35,0.0,Paid Search,US,
ORD-007468,2023-09-01,CUST-01547,cust-01547@lumenmail.com,Furniture,1,159.94,0.0,Organic,UK,control
ORD-007421,2024-05-17,CUST-01688,cust-01688@lumenmail.com,Lighting,1,61.36,0.0,Email,US,control
ORD-002516,2024-04-07,CUST-02955,cust-02955@lumenmail.com,Lighting,2,32.53,0.0,Organic,US,control
ORD-001222,2024-01-13,CUST-02284,cust-02284@lumenmail.com,Accessories,2,34.98,0.1,Email,CA,
ORD-007614,2024-09-23,CUST-00786,cust-00786@lumenmail.com,Lighting,1,136.97,0.0,Social,CA,
ORD-002464,2024-05-18,CUST-00429,cust-00429@lumenmail.com,Lighting,1,37.08,0.05,Email,US,
ORD-007752,2024-06-19,CUST-01456,cust-01456@lumenmail.com,Lighting,2,46.14,0.0,Email,US,variant
ORD-009583,2023-10-02,CUST-00561,cust-00561@lumenmail.com,Lighting,1,398.24,0.0,Social,CA,variant
ORD-007841,2024-01-12,CUST-02889,cust-02889@lumenmail.com,Furniture,1,99.3,0.05,Social,UK,control
ORD-005036,2023-09-15,CUST-01208,cust-01208@lumenmail.com,Accessories,2,249.49,0.05,Social,US,
ORD-008308,2024-10-19,CUST-02225,cust-02225@lumenmail.com,Lighting,1,517.13,0.0,Social,US,control
ORD-006690,2023-07-01,CUST-02570,cust-02570@lumenmail.com,Lighting,1,151.91,0.15,Email,CA,control
ORD-006733,2024-03-29,CUST-02049,cust-02049@lumenmail.com,Lighting,2,23.25,0.2,Email,US,variant
ORD-006146,2024-08-20,CUST-00902,cust-00902@lumenmail.com,Décor,1,160.9,0.0,Email,US,variant
ORD-001493,2024-10-14,CUST-02344,cust-02344@lumenmail.com,Furniture,1,131.06,0.1,Paid Search,US,
ORD-009363,2023-11-23,CUST-01338,cust-01338@lumenmail.com,Outdoor,2,24.08,0.0,Paid Search,US,
ORD-001340,24/01/2024,CUST-00104,cust-00104@lumenmail.com,Décor,3,27.8,0.1,Paid Search,US,control
ORD-002711,2024-01-15,,guest@lumenmail.com,Décor,-1,97.08,0.2,Organic,US,
ORD-000962,2023-12-27,CUST-02921,cust-02921@lumenmail.com,Décor,1,68.0,0.2,Social,ZZ,
ORD-006183,2023-07-06,CUST-01719,cust-01719@lumenmail.com,Lighting,3,112.26,0.0,Email,US,
ORD-009426,2023-06-14,CUST-02228,cust-02228@lumenmail.com,Furniture,4,12.92,0.1,Paid Search,US,variant
ORD-005883,2024-04-14,CUST-00506,cust-00506@lumenmail.com,Décor,3,31.87,0.05,Email,US,variant
ORD-008212,25/12/2023,,guest@lumenmail.com,Décor,1,118.03,0.15,Paid Search,US,variant
ORD-002514,2024-07-01,CUST-02074,cust-02074@lumenmail.com,Décor,1,6.12,0.0,Organic,US,control
ORD-003707,2023-09-17,CUST-01168,cust-01168@lumenmail.com,Lighting,4,85.52,0.25,Paid Search,US,
ORD-005700,01/09/2023,CUST-02391,cust-02391@lumenmail.com,Outdoor,2,83.41,0.2,Paid Search,UK,
ORD-006459,2024-04-24,CUST-02689,cust-02689@lumenmail.com,Lighting,1,267.6,0.15,Paid Search,US,variant
ORD-008251,2024-05-12,CUST-00475,cust-00475@lumenmail.com,Accessories,2,0.0,0.05,Email,CA,
ORD-003844,2024-09-10,CUST-02424,cust-02424@lumenmail.com,Décor,1,99.04,0.05,Email,AU,
ORD-007645,2023-09-16,CUST-00399,cust-00399@lumenmail.com,Furniture,1,386.83,0.1,Email,UK,variant
ORD-003662,2023-11-23,CUST-01167,cust-01167@lumenmail.com,Furniture,2,71.04,0.0,Paid Search,US,
ORD-005846,21/11/2023,CUST-01962,cust-01962@lumenmail.com,Lighting,2,123.21,0.15,Organic,US,
ORD-008955,2024-09-29,CUST-02097,cust-02097@lumenmail.com,Décor,1,61.57,0.05,Email,US,variant
ORD-000876,2024-04-07,CUST-01742,cust-01742@lumenmail.com,Lighting,1,131.54,0.05,Organic,US,
ORD-003482,2024-11-16,CUST-02300,cust-02300@lumenmail.com,Décor,1,41.29,0.1,Email,US,
ORD-007161,2024-10-26,CUST-00196,cust-00196@lumenmail.com,Lighting,2,634.85,0.0,Paid Search,US,
ORD-002857,2023-08-13,CUST-01078,cust-01078@lumenmail.com,Outdoor,1,27.97,0.05,Email,US,control
ORD-005986,2023-06-21,CUST-01670,cust-01670@lumenmail.com,Furniture,1,254.18,0.1,Email,US,control
ORD-003336,2023-06-20,CUST-02391,cust-02391@lumenmail.com,Lighting,1,646.88,0.0,Paid Search,US,control
ORD-006764,2023-11-08,CUST-02283,cust-02283@lumenmail.com,Lighting,2,225.34,0.0,Organic,US,control
ORD-000612,24/07/2024,CUST-01318,cust-01318@lumenmail.com,Outdoor,4,134.2,0.1,Email,US,variant
ORD-003727,2023-11-04,,guest@lumenmail.com,Furniture,-3,133.74,0.0,Organic,US,
ORD-004410,2024-08-20,CUST-01216,cust-01216@lumenmail.com,Outdoor,1,121.01,0.05,Email,US,control
ORD-007484,2023-08-02,CUST-01308,cust-01308@lumenmail.com,Lighting,1,393.21,0.0,Paid Search,US,
ORD-005910,2024-11-26,CUST-00922,cust-00922@lumenmail.com,Outdoor,4,249.45,0.2,Organic,US,variant
ORD-007938,2024-10-07,CUST-00265,cust-00265@lumenmail.com,Outdoor,2,20.76,0.0,Email,US,variant
ORD-002221,2024-07-28,CUST-00517,cust-00517@lumenmail.com,Décor,1,37.55,0.05,Paid Search,US,variant
ORD-005754,2024-09-19,CUST-00120,cust-00120@lumenmail.com,Lighting,3,78.21,0.15,Paid Search,CA,variant
ORD-007534,2024-01-08,,guest@lumenmail.com,Furniture,5,154.46,0.05,Social,US,
ORD-008837,2023-07-28,CUST-01486,cust-01486@lumenmail.com,Outdoor,-5,354.92,0.05,Organic,US,control
ORD-001837,2023-06-26,CUST-01647,cust-01647@lumenmail.com,Accessories,3,38.72,0.0,Email,US,
ORD-005435,2023-09-30,CUST-00742,cust-00742@lumenmail.com,Décor,1,78.9,0.05,Email,US,
ORD-001871,2024-05-23,,guest@lumenmail.com,Outdoor,2,314.74,0.0,Paid Search,US,variant
ORD-001701,29/06/2024,CUST-01027,cust-01027@lumenmail.com,Lighting,1,398.9,0.0,Social,US,control
ORD-009097,2023-08-23,CUST-01581,cust-01581@lumenmail.com,Outdoor,2,64.96,0.0,Organic,US,control
ORD-006662,2024-08-05,CUST-01466,cust-01466@lumenmail.com,Outdoor,1,57.04,0.05,Organic,CA,
ORD-009379,2023-12-27,CUST-01817,cust-01817@lumenmail.com,Lighting,2,288.91,0.0,Paid Search,UK,variant
ORD-005368,31/01/2024,CUST-02605,cust-02605@lumenmail.com,Lighting,1,59.0,0.1,Organic,US,variant
ORD-003780,2024-06-03,CUST-00904,cust-00904@lumenmail.com,Accessories,1,23.11,0.0,Paid Search,CA,control
ORD-007472,2023-12-29,CUST-02134,cust-02134@lumenmail.com,Furniture,1,81.7,0.05,Email,US,control
ORD-008793,2024-12-02,CUST-02646,cust-02646@lumenmail.com,Lighting,2,340.56,0.1,Organic,US,variant
ORD-008464,2024-11-20,CUST-01931,cust-01931@lumenmail.com,Décor,2,166.09,0.0,Paid Search,CA,variant
ORD-008346,2024-07-29,CUST-01986,cust-01986@lumenmail.com,Lighting,3,10.23,0.1,Organic,US,control
ORD-003966,06/09/2023,CUST-01395,cust-01395@lumenmail.com,Lighting,1,101.6,0.0,Paid Search,ZZ,variant
ORD-008129,2024-03-20,CUST-02265,cust-02265@lumenmail.com,Décor,2,46.74,0.0,Email,UK,variant
ORD-008615,30/09/2024,CUST-00468,cust-00468@lumenmail.com,Furniture,4,229.7,0.1,Organic,US,
ORD-007222,2023-07-25,CUST-00042,cust-00042@lumenmail.com,Outdoor,1,46.88,0.05,Organic,US,control
ORD-007224,2024-06-15,CUST-02944,cust-02944@lumenmail.com,Décor,7,144.86,0.0,Organic,CA,
ORD-006454,2023-08-16,CUST-01470,cust-01470@lumenmail.com,Furniture,1,163.12,0.0,Social,US,control
ORD-002630,2024-09-30,CUST-00490,cust-00490@lumenmail.com,Outdoor,3,88.81,0.1,Email,US,variant
ORD-007667,26/05/2024,CUST-00960,cust-00960@lumenmail.com,Accessories,4,268.71,0.05,Organic,US,
ORD-005255,2024-12-05,CUST-01617,cust-01617@lumenmail.com,Lighting,1,703.23,0.0,Social,UK,control
ORD-003402,2024-06-12,CUST-00922,cust-00922@lumenmail.com,Lighting,1,110.39,0.0,Paid Search,US,control
ORD-005413,07/07/2023,CUST-00903,cust-00903@lumenmail.com,Décor,2,79.51,0.15,Paid Search,UK,variant
ORD-006850,2024-03-27,CUST-01845,cust-01845@lumenmail.com,Décor,1,635.86,0.0,Social,US,
ORD-001144,2023-08-15,CUST-02902,cust-02902@lumenmail.com,Décor,1,92.34,0.0,Paid Search,CA,variant
ORD-003936,02/09/2024,CUST-00954,cust-00954@lumenmail.com,Outdoor,1,40.6,0.15,Email,US,
ORD-002952,,CUST-01411,cust-01411@lumenmail.com,Furniture,1,30.43,0.15,Paid Search,US,control
ORD-003580,2024-02-08,CUST-00345,cust-00345@lumenmail.com,Lighting,3,174.39,0.15,Social,US,control
ORD-008547,2024-10-11,CUST-00277,cust-00277@lumenmail.com,Furniture,-1,19.24,0.05,Paid Search,US,
ORD-007036,2024-08-28,CUST-02523,cust-02523@lumenmail.com,Décor,1,88.7,0.0,Paid Search,UK,
ORD-003239,22/08/2024,CUST-02211,cust-02211@lumenmail.com,Furniture,1,606.51,0.15,Social,US,
ORD-001823,,,guest@lumenmail.com,Décor,2,280.07,0.1,Organic,US,variant
ORD-003123,2024-08-07,CUST-02367,cust-02367@lumenmail.com,Lighting,1,149.66,0.2,Paid Search,US,control
ORD-002714,2023-09-13,CUST-00179,cust-00179@lumenmail.com,Outdoor,1,191.4,0.0,Paid Search,US,control
ORD-001518,25/06/2023,CUST-00594,cust-00594@lumenmail.com,Accessories,4,5.71,0.05,Social,US,control
ORD-008965,2023-11-25,CUST-00958,cust-00958@lumenmail.com,Furniture,1,170.89,0.15,Email,US,
ORD-007228,2024-06-01,,guest@lumenmail.com,Décor,1,335.83,0.1,Organic,US,control
ORD-008773,2023-08-13,CUST-02996,cust-02996@lumenmail.com,Lighting,3,191.08,0.05,Organic,US,
ORD-009233,2024-12-12,CUST-01224,cust-01224@lumenmail.com,Lighting,5,155.06,0.1,Email,US,variant
ORD-005536,2024-10-02,CUST-01202,cust-01202@lumenmail.com,Décor,2,28.88,0.0,Paid Search,US,
ORD-006854,17/04/2024,CUST-02806,cust-02806@lumenmail.com,Outdoor,2,0.0,0.05,Email,AU,
ORD-000913,2023-10-25,,guest@lumenmail.com,Décor,1,440.72,0.2,Paid Search,US,variant
ORD-008820,2023-08-30,CUST-02771,cust-02771@lumenmail.com,Lighting,1,490.53,0.2,Paid Search,US,variant
ORD-006579,2024-09-10,CUST-01639,cust-01639@lumenmail.com,Lighting,1,658.44,0.1,Social,US,control
ORD-004767,2024-02-04,CUST-02276,cust-02276@lumenmail.com,Lighting,2,208.57,0.1,Organic,CA,variant
ORD-001402,2023-09-23,CUST-02059,cust-02059@lumenmail.com,Lighting,1,82.49,0.15,Email,US,
ORD-000512,18/04/2024,CUST-01340,cust-01340@lumenmail.com,Lighting,2,33.38,0.0,Organic,US,variant
ORD-005658,2024-04-25,CUST-00492,cust-00492@lumenmail.com,Lighting,2,48.1,0.1,Paid Search,US,
ORD-006289,2024-02-06,CUST-00814,cust-00814@lumenmail.com,Lighting,1,48.13,0.0,Email,CA,control
ORD-001266,2023-12-28,CUST-01374,cust-01374@lumenmail.com,Décor,3,372.03,0.25,Email,US,control
ORD-002341,07/09/2024,CUST-00350,cust-00350@lumenmail.com,Décor,1,30.77,0.2,Organic,UK,
ORD-007706,24/07/2024,CUST-02422,cust-02422@lumenmail.com,Furniture,2,22.98,0.0,Paid Search,US,
ORD-001636,2023-09-02,CUST-00132,cust-00132@lumenmail.com,Outdoor,3,534.24,0.0,Social,US,
ORD-007244,2023-09-13,CUST-01572,cust-01572@lumenmail.com,Lighting,1,272.34,0.05,Email,US,control
ORD-008940,18/11/2024,CUST-02302,cust-02302@lumenmail.com,Accessories,2,16.39,0.15,Paid Search,US,variant
ORD-003712,26/11/2024,,guest@lumenmail.com,Décor,1,104.21,0.0,Paid Search,US,
ORD-007856,2024-12-18,CUST-02851,cust-02851@lumenmail.com,Accessories,1,90.1,0.0,Email,CA,control
ORD-008505,2024-08-16,CUST-00227,cust-00227@lumenmail.com,Décor,3,34.59,0.15,Paid Search,US,
ORD-005106,2024-03-10,CUST-01922,cust-01922@lumenmail.com,Lighting,1,636.7,0.05,Email,US,variant
ORD-001244,2023-06-09,CUST-02081,cust-02081@lumenmail.com,Furniture,1,153.48,0.15,Paid Search,CA,control
ORD-009531,2024-06-08,CUST-02211,cust-02211@lumenmail.com,Furniture,3,88.13,0.05,Paid Search,US,
ORD-000125,2023-12-01,CUST-02870,cust-02870@lumenmail.com,Furniture,2,107.52,0.05,Organic,UK,control
ORD-005776,2024-09-16,CUST-00157,cust-00157@lumenmail.com,Lighting,1,69.06,0.05,Paid Search,US,
ORD-007342,2023-09-06,CUST-00305,cust-00305@lumenmail.com,Décor,1,56.88,0.2,Social,US,control
ORD-007558,2024-09-24,CUST-00120,cust-00120@lumenmail.com,Décor,2,42.9,0.0,Paid Search,US,control
ORD-002984,2024-02-14,CUST-02717,cust-02717@lumenmail.com,Furniture,1,151.8,0.0,Email,US,
ORD-007680,2024-10-05,CUST-02992,cust-02992@lumenmail.com,Lighting,1,677.2,0.2,Email,AU,
ORD-008921,2024-06-20,CUST-02686,cust-02686@lumenmail.com,Furniture,3,15.18,0.0,Paid Search,CA,
ORD-001984,2023-07-28,CUST-01648,cust-01648@lumenmail.com,Lighting,2,98.56,0.0,Social,UK,variant
ORD-002195,2023-10-13,CUST-02985,cust-02985@lumenmail.com,Furniture,1,46.75,0.1,Email,US,
ORD-007477,06/09/2024,CUST-00653,cust-00653@lumenmail.com,Furniture,-2,96.04,0.05,Organic,AU,
ORD-001736,2024-07-11,CUST-02535,cust-02535@lumenmail.com,Furniture,1,68.35,0.2,Paid Search,UK,variant
ORD-008823,2024-01-24,CUST-02202,cust-02202@lumenmail.com,Lighting,2,164.12,0.1,Paid Search,UK,
ORD-009329,2024-05-11,,guest@lumenmail.com,Lighting,2,95.48,0.25,Paid Search,US,control
ORD-000262,2023-08-07,CUST-00874,cust-00874@lumenmail.com,Décor,2,622.65,0.1,Social,US,
ORD-005093,2024-11-26,CUST-02554,cust-02554@lumenmail.com,Décor,2,16.14,0.05,Email,AU,
ORD-001344,2023-09-11,CUST-02647,cust-02647@lumenmail.com,Décor,1,21.48,0.0,Email,US,variant
ORD-004245,2023-08-27,CUST-02186,cust-02186@lumenmail.com,Décor,2,8.59,0.0,Social,US,control
ORD-007922,2024-09-05,CUST-01371,cust-01371@lumenmail.com,Lighting,2,32.23,0.05,Organic,AU,
ORD-001261,2024-04-04,CUST-02860,cust-02860@lumenmail.com,Lighting,3,61.79,0.0,Paid Search,US,variant
ORD-009386,2024-02-15,CUST-02055,cust-02055@lumenmail.com,Décor,3,16.37,0.0,Paid Search,US,variant
ORD-006231,2023-07-29,CUST-00587,cust-00587@lumenmail.com,Décor,1,165.88,0.2,Social,US,control
ORD-004813,2023-12-25,CUST-02733,cust-02733@lumenmail.com,Décor,1,148.72,0.2,Email,CA,
ORD-002045,13/02/2024,CUST-00149,cust-00149@lumenmail.com,Accessories,1,77.91,0.05,Paid Search,UK,control
ORD-002565,2024-10-16,CUST-00192,cust-00192@lumenmail.com,Furniture,1,29.54,0.0,Social,UK,variant
ORD-003331,2024-12-28,CUST-01697,cust-01697@lumenmail.com,Furniture,2,68.39,0.0,Email,ZZ,variant
ORD-009519,2023-09-29,CUST-01853,cust-01853@lumenmail.com,Décor,1,136.9,0.05,Email,CA,variant
ORD-003206,24/11/2023,CUST-00506,cust-00506@lumenmail.com,Lighting,4,737.24,0.05,Social,US,
ORD-009593,2024-03-10,CUST-02607,cust-02607@lumenmail.com,Décor,2,104.46,0.0,Email,CA,
ORD-002641,2023-06-04,,guest@lumenmail.com,Accessories,1,395.04,0.0,Paid Search,CA,variant
ORD-005215,2024-06-05,CUST-01981,cust-01981@lumenmail.com,Accessories,4,13.51,0.15,Paid Search,US,
ORD-007215,2024-04-30,,guest@lumenmail.com,Lighting,1,107.45,0.0,Social,US,variant
ORD-006788,2023-09-03,CUST-02519,cust-02519@lumenmail.com,Lighting,2,289.97,0.0,Email,US,control
ORD-002826,2023-08-28,CUST-01496,cust-01496@lumenmail.com,Décor,2,247.31,0.2,Paid Search,US,
ORD-005070,2024-11-12,,guest@lumenmail.com,Décor,1,20.41,0.15,Organic,US,variant
ORD-008882,21/11/2023,CUST-00862,cust-00862@lumenmail.com,Accessories,1,92.71,0.1,Organic,US,
ORD-000926,2023-12-29,CUST-00151,cust-00151@lumenmail.com,Décor,-1,14.09,0.1,Email,CA,control
ORD-006628,16/11/2023,CUST-00560,cust-00560@lumenmail.com,Lighting,1,54.16,0.15,Email,US,control
ORD-008144,2024-07-30,CUST-00860,cust-00860@lumenmail.com,Lighting,3,41.47,0.05,Social,US,variant
ORD-003890,15/03/2024,CUST-02012,cust-02012@lumenmail.com,Lighting,3,324.29,0.1,Organic,UK,
ORD-004840,11/12/2023,CUST-02815,cust-02815@lumenmail.com,Outdoor,1,80.58,0.0,Paid Search,US,
ORD-004206,2024-08-30,CUST-00160,cust-00160@lumenmail.com,Furniture,2,169.89,0.0,Email,CA,variant
ORD-001033,2023-09-17,CUST-02067,cust-02067@lumenmail.com,Décor,3,67.74,0.15,Paid Search,US,variant
ORD-004078,2024-03-24,CUST-02605,cust-02605@lumenmail.com,Outdoor,-1,53.12,0.2,Email,US,
ORD-004514,2024-03-17,CUST-02286,cust-02286@lumenmail.com,Lighting,1,32.17,0.2,Email,US,
ORD-003198,2024-03-23,CUST-01928,cust-01928@lumenmail.com,Outdoor,2,20.69,0.05,Email,US,
ORD-004187,2024-10-31,CUST-00498,cust-00498@lumenmail.com,Lighting,3,5.66,0.0,Email,CA,control
ORD-005154,11/03/2024,CUST-00843,cust-00843@lumenmail.com,Décor,1,651.44,0.1,Email,CA,
ORD-007589,2023-06-22,CUST-01036,cust-01036@lumenmail.com,Lighting,2,43.58,0.05,Paid Search,US,variant
ORD-004162,2024-08-15,CUST-00023,cust-00023@lumenmail.com,Furniture,1,45.85,0.05,Email,US,variant
ORD-006637,05/11/2024,CUST-02069,cust-02069@lumenmail.com,Décor,2,107.88,0.0,Email,US,
ORD-001756,2024-02-29,CUST-00489,cust-00489@lumenmail.com,Accessories,1,353.93,0.05,Paid Search,CA,variant
ORD-004327,2023-09-11,CUST-01630,cust-01630@lumenmail.com,Lighting,2,128.88,0.0,Organic,US,control
ORD-004259,2024-05-01,CUST-02684,cust-02684@lumenmail.com,Accessories,5,43.8,0.05,Email,US,control
ORD-007363,2023-12-01,CUST-02723,cust-02723@lumenmail.com,Décor,4,6.81,0.2,Paid Search,US,
ORD-007889,2024-11-08,CUST-00509,cust-00509@lumenmail.com,Outdoor,1,15.4,0.15,Paid Search,US,
ORD-008020,2024-02-24,CUST-01631,cust-01631@lumenmail.com,Furniture,1,42.84,0.05,Paid Search,US,variant
ORD-002460,22/12/2024,CUST-00413,cust-00413@lumenmail.com,Lighting,2,320.73,0.0,Organic,US,control
ORD-006249,2024-11-15,CUST-01025,cust-01025@lumenmail.com,Furniture,-1,39.59,0.2,Email,UK,variant
ORD-000449,2024-07-05,CUST-02075,cust-02075@lumenmail.com,Furniture,1,162.44,0.1,Email,CA,control
ORD-001115,2024-05-29,CUST-02904,cust-02904@lumenmail.com,Décor,1,90.26,0.15,Organic,US,variant
ORD-002850,2023-09-27,CUST-02095,cust-02095@lumenmail.com,Décor,4,45.43,0.0,Paid Search,US,control
ORD-003558,2023-10-23,CUST-00991,cust-00991@lumenmail.com,Outdoor,2,12.58,0.0,Email,US,control
ORD-003623,2024-08-11,,guest@lumenmail.com,Lighting,5,49.54,0.0,Paid Search,US,control
ORD-005258,2024-06-01,CUST-01129,cust-01129@lumenmail.com,Outdoor,1,81.86,0.1,Paid Search,ZZ,control
ORD-001276,02/11/2023,CUST-02723,cust-02723@lumenmail.com,Outdoor,1,139.25,0.05,Organic,US,control
ORD-002798,2023-09-04,CUST-00813,cust-00813@lumenmail.com,Outdoor,2,48.16,0.2,,UK,variant
ORD-001460,2024-05-01,CUST-02016,cust-02016@lumenmail.com,Accessories,1,228.25,0.0,Email,UK,variant
ORD-000406,2024-06-23,CUST-01415,cust-01415@lumenmail.com,Outdoor,2,6.92,0.05,Organic,US,
ORD-007372,2023-09-27,CUST-01030,cust-01030@lumenmail.com,Outdoor,4,92.49,0.0,Organic,CA,control
ORD-008471,2023-08-29,CUST-01055,cust-01055@lumenmail.com,Décor,1,28.84,0.25,Organic,CA,control
ORD-005340,2024-12-20,CUST-00146,cust-00146@lumenmail.com,Lighting,1,42.04,0.05,Paid Search,AU,variant
ORD-005228,2024-03-30,CUST-02909,cust-02909@lumenmail.com,Furniture,1,302.81,0.1,Organic,US,control
ORD-008077,2023-10-07,CUST-00918,cust-00918@lumenmail.com,Lighting,2,171.82,0.15,Organic,CA,variant
ORD-007257,13/03/2024,CUST-01181,cust-01181@lumenmail.com,Accessories,-3,36.11,0.0,Paid Search,CA,
ORD-008364,2023-11-20,CUST-01225,cust-01225@lumenmail.com,Décor,7,13.44,0.1,Social,US,
ORD-000745,2023-11-22,CUST-00008,cust-00008@lumenmail.com,Décor,2,191.54,0.05,Organic,US,
ORD-004685,2024-05-29,CUST-01711,cust-01711@lumenmail.com,Décor,2,122.2,0.1,Social,UK,control
ORD-008781,2024-08-14,CUST-02463,cust-02463@lumenmail.com,Accessories,1,42.79,0.05,Paid Search,UK,variant
ORD-004282,2023-06-07,CUST-00018,cust-00018@lumenmail.com,Outdoor,2,71.57,0.0,Organic,US,control
ORD-006234,2023-10-15,CUST-00372,cust-00372@lumenmail.com,Outdoor,1,8.07,0.0,Email,US,control
ORD-009041,2023-09-02,CUST-01111,cust-01111@lumenmail.com,Outdoor,1,7.09,0.15,Organic,US,control
ORD-006033,2023-12-04,CUST-00469,cust-00469@lumenmail.com,Accessories,2,151.11,0.15,Paid Search,AU,variant
ORD-005253,21/10/2024,CUST-02789,cust-02789@lumenmail.com,Décor,1,22.94,0.0,Paid Search,US,control
ORD-001174,2023-08-21,CUST-01535,cust-01535@lumenmail.com,Furniture,1,24.69,0.0,Paid Search,US,variant
ORD-006471,2024-08-03,CUST-01786,cust-01786@lumenmail.com,Lighting,4,196.62,0.0,Organic,CA,control
ORD-007691,20/01/2024,CUST-01085,cust-01085@lumenmail.com,Outdoor,2,49.22,0.0,Email,CA,variant
ORD-000619,2024-05-08,CUST-02791,cust-02791@lumenmail.com,Décor,1,19.25,0.15,Paid Search,US,
ORD-007026,2024-08-22,CUST-02387,cust-02387@lumenmail.com,Accessories,1,197.31,0.0,Organic,US,control
ORD-000534,11/09/2024,CUST-02890,cust-02890@lumenmail.com,Furniture,1,701.12,0.05,Organic,UK,control
ORD-001135,2024-09-29,CUST-00875,cust-00875@lumenmail.com,Décor,1,25.44,0.0,Paid Search,ZZ,control
ORD-001050,2023-07-21,CUST-02514,cust-02514@lumenmail.com,Décor,2,33.17,0.0,Paid Search,US,control
ORD-002279,2023-12-29,CUST-01571,cust-01571@lumenmail.com,Décor,3,34.98,0.15,Email,US,variant
ORD-008617,16/12/2023,CUST-02276,cust-02276@lumenmail.com,Furniture,3,239.1,0.1,Organic,US,variant
ORD-005110,2024-05-23,CUST-02261,cust-02261@lumenmail.com,Accessories,1,85.21,0.1,Email,US,
ORD-002314,2024-07-05,CUST-01802,cust-01802@lumenmail.com,Décor,-1,18.33,0.05,Email,US,control
ORD-003472,2024-12-11,CUST-02808,cust-02808@lumenmail.com,Furniture,1,131.12,0.15,Email,US,variant
ORD-006761,2023-11-30,,guest@lumenmail.com,Lighting,2,63.42,0.0,Email,CA,variant
ORD-004401,2024-09-13,CUST-01727,cust-01727@lumenmail.com,Décor,1,120.08,0.0,Social,US,
ORD-005695,2023-07-05,CUST-02756,cust-02756@lumenmail.com,Furniture,3,23.06,0.15,Email,US,variant
ORD-003248,2023-08-18,CUST-01997,cust-01997@lumenmail.com,Décor,4,45.96,0.0,Organic,US,control
ORD-005913,2024-10-18,CUST-02188,cust-02188@lumenmail.com,Accessories,1,149.0,0.05,Paid Search,US,variant
ORD-006772,2023-11-11,CUST-02822,cust-02822@lumenmail.com,Décor,4,585.91,0.1,Organic,US,variant
ORD-005478,2024-09-02,CUST-01637,cust-01637@lumenmail.com,Décor,1,481.27,0.05,Organic,AU,
ORD-008964,2024-11-23,,guest@lumenmail.com,Lighting,1,28.04,0.05,Social,AU,variant
ORD-007321,2024-07-18,CUST-02600,cust-02600@lumenmail.com,Décor,1,82.33,0.0,Paid Search,US,
ORD-003458,,CUST-01211,cust-01211@lumenmail.com,Décor,1,71.51,0.15,Organic,US,control
ORD-001367,2024-05-05,CUST-01617,cust-01617@lumenmail.com,Outdoor,4,370.3,0.15,Social,US,
ORD-007556,2024-02-19,CUST-00338,cust-00338@lumenmail.com,Décor,5,615.59,0.05,Paid Search,CA,
ORD-004580,2024-05-25,CUST-00277,cust-00277@lumenmail.com,Accessories,1,29.05,0.15,Email,US,variant
ORD-004539,2024-06-07,CUST-00711,cust-00711@lumenmail.com,Décor,3,8.88,0.05,Organic,AU,variant
ORD-002905,17/01/2024,CUST-02664,cust-02664@lumenmail.com,Lighting,1,60.96,0.1,Organic,US,
ORD-007071,2023-11-26,CUST-00812,cust-00812@lumenmail.com,Furniture,1,153.74,0.15,Social,US,variant
ORD-001016,2024-07-16,CUST-01706,cust-01706@lumenmail.com,Décor,2,24.43,0.05,Paid Search,CA,
ORD-004611,11/08/2024,CUST-00453,cust-00453@lumenmail.com,Furniture,4,267.55,0.0,Email,UK,control
ORD-006272,2023-08-10,CUST-02097,cust-02097@lumenmail.com,Décor,1,69.78,0.0,Email,ZZ,
ORD-006393,2024-02-01,CUST-02471,cust-02471@lumenmail.com,Furniture,2,19.62,0.0,Email,AU,variant
ORD-008489,2024-06-03,CUST-00233,cust-00233@lumenmail.com,Décor,1,82.54,0.15,Organic,CA,control
ORD-000938,2024-05-22,CUST-00907,cust-00907@lumenmail.com,Furniture,1,166.22,0.0,,US,control
ORD-007675,2024-03-13,CUST-01209,cust-01209@lumenmail.com,Décor,1,16.67,0.25,Paid Search,UK,
ORD-006461,2023-12-14,CUST-00143,cust-00143@lumenmail.com,Accessories,1,59.3,0.15,Email,US,variant
ORD-003888,2023-12-23,CUST-01286,cust-01286@lumenmail.com,Lighting,2,383.21,0.05,Social,US,
ORD-000145,11/11/2023,CUST-00817,cust-00817@lumenmail.com,Accessories,2,191.11,0.05,Paid Search,US,variant
ORD-008099,2024-06-14,CUST-01861,cust-01861@lumenmail.com,Lighting,2,135.1,0.05,Paid Search,CA,control
ORD-009459,2023-10-04,,guest@lumenmail.com,Outdoor,5,24.6,0.2,Paid Search,CA,
ORD-002845,16/07/2023,CUST-00802,cust-00802@lumenmail.com,Lighting,1,78.79,0.05,Social,US,control
ORD-004821,2024-07-01,CUST-01826,cust-01826@lumenmail.com,Outdoor,1,91.45,0.0,Paid Search,UK,
ORD-003816,06/08/2024,CUST-01159,cust-01159@lumenmail.com,Furniture,1,62.07,0.05,Email,US,control
ORD-006663,2023-10-07,CUST-00007,cust-00007@lumenmail.com,Lighting,2,51.88,0.0,Paid Search,US,variant
ORD-005175,2023-10-27,CUST-00206,cust-00206@lumenmail.com,Outdoor,2,705.22,0.1,Email,US,
ORD-003394,2023-08-15,CUST-01281,cust-01281@lumenmail.com,Décor,3,49.92,0.0,Paid Search,US,
ORD-007600,2023-12-07,CUST-01034,cust-01034@lumenmail.com,Outdoor,2,153.24,0.2,Email,US,variant
ORD-004247,2024-04-28,CUST-00378,cust-00378@lumenmail.com,Lighting,1,132.77,0.0,Organic,US,control
ORD-002962,2024-09-18,CUST-00802,cust-00802@lumenmail.com,Accessories,1,29.89,0.0,Organic,US,variant
ORD-001108,2024-02-22,CUST-00243,cust-00243@lumenmail.com,Décor,4,90.61,0.05,Paid Search,US,variant
ORD-007540,2024-08-16,CUST-00802,cust-00802@lumenmail.com,Lighting,1,39.42,0.0,Social,US,control
ORD-009004,2024-02-02,CUST-02683,cust-02683@lumenmail.com,Furniture,2,78.38,0.25,Paid Search,UK,
ORD-003092,2023-07-08,CUST-01414,cust-01414@lumenmail.com,Lighting,1,432.77,0.1,Paid Search,US,
ORD-001554,2024-04-10,CUST-01385,cust-01385@lumenmail.com,Outdoor,2,389.66,0.15,Paid Search,US,
ORD-004623,2024-07-19,CUST-02492,cust-02492@lumenmail.com,Lighting,2,96.52,0.1,Email,US,variant
ORD-007743,09/08/2023,CUST-01410,cust-01410@lumenmail.com,Lighting,1,80.74,0.15,Social,US,variant
ORD-004249,2023-09-13,CUST-02102,cust-02102@lumenmail.com,Lighting,5,30.14,0.2,Paid Search,UK,variant
ORD-003352,2024-05-14,CUST-00134,cust-00134@lumenmail.com,Furniture,1,56.66,0.05,Email,US,
ORD-002154,2024-05-15,CUST-01951,cust-01951@lumenmail.com,Lighting,2,5.96,0.05,Paid Search,US,
ORD-006441,2023-10-23,CUST-01890,cust-01890@lumenmail.com,Outdoor,-3,91.03,0.05,Paid Search,US,variant
ORD-002391,2023-09-11,CUST-02090,cust-02090@lumenmail.com,Décor,3,105.25,0.15,Paid Search,US,control
ORD-004934,2024-11-08,CUST-00820,cust-00820@lumenmail.com,Décor,2,15.33,0.0,Paid Search,US,
ORD-009279,2024-11-26,CUST-00932,cust-00932@lumenmail.com,Décor,1,48.76,0.0,Paid Search,CA,variant
ORD-004015,2024-01-12,CUST-02661,cust-02661@lumenmail.com,Lighting,1,49.91,0.2,Organic,UK,
ORD-000749,2024-01-11,CUST-02861,cust-02861@lumenmail.com,Décor,1,564.26,0.15,Organic,US,
ORD-007969,2024-01-21,CUST-00322,cust-00322@lumenmail.com,Lighting,1,96.7,0.15,Organic,ZZ,
ORD-008102,2024-12-04,CUST-01056,cust-01056@lumenmail.com,Furniture,2,152.16,0.05,Paid Search,US,
ORD-004175,2023-09-30,CUST-01638,cust-01638@lumenmail.com,Lighting,1,163.29,0.15,Email,US,
ORD-004198,25/06/2024,CUST-00638,cust-00638@lumenmail.com,Lighting,2,272.34,0.0,Paid Search,US,
ORD-003593,2024-08-05,CUST-01526,cust-01526@lumenmail.com,Décor,1,264.72,0.05,Organic,UK,
ORD-002474,2024-07-04,CUST-02840,cust-02840@lumenmail.com,Lighting,1,26.01,0.05,Paid Search,AU,control
ORD-001210,2023-07-13,CUST-02091,cust-02091@lumenmail.com,Furniture,2,22.42,0.25,Organic,AU,control
ORD-001423,2024-04-23,CUST-00283,cust-00283@lumenmail.com,Outdoor,6,46.32,0.0,Organic,CA,
ORD-000777,2023-11-03,CUST-02031,cust-02031@lumenmail.com,Décor,3,272.15,0.1,Paid Search,US,
ORD-000787,2024-08-23,CUST-01132,cust-01132@lumenmail.com,Décor,1,305.04,0.0,Organic,US,variant
ORD-009129,2024-09-26,CUST-00771,cust-00771@lumenmail.com,Décor,2,36.77,0.0,Social,US,
ORD-002448,2023-11-24,CUST-02327,cust-02327@lumenmail.com,Furniture,3,20.79,0.0,Social,US,
ORD-006740,2023-09-12,CUST-00958,cust-00958@lumenmail.com,Furniture,3,39.71,0.05,Email,CA,variant
ORD-004063,2024-05-06,CUST-00034,cust-00034@lumenmail.com,Furniture,3,41.51,0.05,Organic,US,
ORD-005497,2023-11-05,CUST-00744,cust-00744@lumenmail.com,Décor,-1,121.6,0.2,Organic,US,variant
ORD-002325,2024-04-04,CUST-01715,cust-01715@lumenmail.com,Lighting,1,188.51,0.05,Paid Search,CA,
ORD-009370,2023-12-19,CUST-02617,cust-02617@lumenmail.com,Lighting,4,153.32,0.1,Email,AU,control
ORD-002078,2024-01-16,CUST-01290,cust-01290@lumenmail.com,Outdoor,3,173.36,0.0,Social,UK,
ORD-000949,2023-07-14,CUST-01828,cust-01828@lumenmail.com,Décor,3,174.61,0.05,Paid Search,CA,
ORD-004100,2024-12-27,CUST-01162,cust-01162@lumenmail.com,Outdoor,1,61.79,0.2,Organic,US,
ORD-002332,11/08/2024,CUST-00005,cust-00005@lumenmail.com,Furniture,3,404.46,0.0,Paid Search,US,
ORD-008726,2023-09-01,CUST-00986,cust-00986@lumenmail.com,Lighting,1,353.87,0.05,Paid Search,US,
ORD-007113,2024-07-30,CUST-00257,cust-00257@lumenmail.com,Décor,1,159.3,0.05,,US,variant
ORD-001250,2024-12-12,CUST-00643,cust-00643@lumenmail.com,Décor,1,71.06,0.1,Social,US,
ORD-008081,27/09/2023,CUST-00998,cust-00998@lumenmail.com,Accessories,1,158.59,0.0,Organic,US,variant
ORD-003756,2023-11-01,CUST-02464,cust-02464@lumenmail.com,Furniture,1,37.52,0.0,Paid Search,US,variant
ORD-006369,12/03/2024,CUST-02222,cust-02222@lumenmail.com,Décor,2,23.6,0.25,Paid Search,UK,
ORD-007419,2023-06-12,CUST-00594,cust-00594@lumenmail.com,Décor,1,256.64,0.05,Paid Search,US,variant
ORD-007153,2023-12-09,CUST-01354,cust-01354@lumenmail.com,Furniture,3,223.78,0.0,Organic,US,variant
ORD-005328,2024-01-03,CUST-02620,cust-02620@lumenmail.com,Lighting,2,38.58,0.0,Social,US,variant
ORD-002329,2023-06-18,,guest@lumenmail.com,Lighting,1,103.1,0.25,Paid Search,UK,control
ORD-002267,2023-07-25,CUST-00230,cust-00230@lumenmail.com,Furniture,2,74.3,0.0,Email,US,control
ORD-009404,2023-09-14,CUST-01714,cust-01714@lumenmail.com,Outdoor,2,286.15,0.1,Organic,US,variant
ORD-003954,2024-12-06,CUST-02731,cust-02731@lumenmail.com,Outdoor,1,124.65,0.1,Paid Search,CA,variant
ORD-006911,2023-10-26,,guest@lumenmail.com,Accessories,-1,207.09,0.05,Email,CA,control
ORD-005582,2024-08-03,CUST-01419,cust-01419@lumenmail.com,Lighting,1,31.6,0.0,Paid Search,US,control
ORD-001354,2023-08-14,CUST-01596,cust-01596@lumenmail.com,Furniture,4,43.73,0.0,Organic,US,
ORD-008373,2023-06-09,CUST-02795,cust-02795@lumenmail.com,Lighting,2,62.43,0.0,,US,variant
ORD-002387,2024-01-14,CUST-02347,cust-02347@lumenmail.com,Lighting,2,61.29,0.0,Organic,CA,
ORD-003477,2024-11-26,CUST-00179,cust-00179@lumenmail.com,Décor,2,84.54,0.25,,UK,variant
ORD-002388,2024-12-21,CUST-00048,cust-00048@lumenmail.com,Furniture,2,73.75,0.2,Social,US,control
ORD-000238,2024-04-10,CUST-02552,cust-02552@lumenmail.com,Décor,1,54.56,0.05,Social,US,variant
ORD-005708,05/07/2023,CUST-01414,cust-01414@lumenmail.com,Accessories,1,39.58,0.1,Email,CA,
ORD-000372,2023-09-16,CUST-00425,cust-00425@lumenmail.com,Furniture,3,771.4,0.0,Social,US,control
ORD-007673,2024-12-25,CUST-00978,cust-00978@lumenmail.com,Décor,1,49.33,0.2,Paid Search,US,
ORD-001998,2023-11-22,CUST-01893,cust-01893@lumenmail.com,Outdoor,-5,177.29,0.0,Paid Search,US,
ORD-009177,2023-08-21,CUST-01130,cust-01130@lumenmail.com,Furniture,1,76.78,0.2,Organic,US,control
ORD-003933,2024-01-16,CUST-01485,cust-01485@lumenmail.com,Lighting,1,297.14,0.0,Social,US,control
ORD-007425,2024-04-15,CUST-01994,cust-01994@lumenmail.com,Lighting,2,22.84,0.2,Email,US,control
ORD-001023,2024-12-27,CUST-00728,cust-00728@lumenmail.com,Lighting,2,213.14,0.0,Organic,US,variant
ORD-002880,14/08/2024,CUST-01352,cust-01352@lumenmail.com,Décor,1,37.69,0.05,Organic,US,variant
ORD-007640,06/09/2024,CUST-00437,cust-00437@lumenmail.com,Lighting,3,86.18,0.0,Email,US,variant
ORD-008535,2024-02-16,CUST-02525,cust-02525@lumenmail.com,Lighting,4,167.33,0.0,Paid Search,US,
ORD-008684,2024-12-20,CUST-02555,cust-02555@lumenmail.com,Lighting,1,553.89,0.05,Organic,US,control
ORD-008657,2024-04-06,CUST-02747,cust-02747@lumenmail.com,Lighting,7,105.43,0.0,Paid Search,US,control
ORD-007350,2024-05-05,CUST-02714,cust-02714@lumenmail.com,Furniture,2,364.91,0.1,,US,
ORD-008310,2024-06-17,CUST-02134,cust-02134@lumenmail.com,Lighting,2,32.65,0.15,,US,control
ORD-008876,2023-08-05,,guest@lumenmail.com,Accessories,1,44.73,0.05,Email,US,variant
ORD-006066,2024-06-13,CUST-01999,cust-01999@lumenmail.com,Lighting,4,469.2,0.2,Organic,CA,control
ORD-009457,2024-11-05,CUST-02255,cust-02255@lumenmail.com,Lighting,1,85.89,0.15,Paid Search,ZZ,variant
ORD-005058,2023-09-08,CUST-02468,cust-02468@lumenmail.com,Lighting,1,44.82,0.05,Organic,US,control
ORD-003965,19/09/2023,CUST-02407,cust-02407@lumenmail.com,Décor,2,158.09,0.05,Paid Search,US,
ORD-005732,11/10/2024,,guest@lumenmail.com,Furniture,3,10.4,0.0,Social,UK,variant
ORD-006525,2023-08-24,CUST-02421,cust-02421@lumenmail.com,Décor,4,75.42,0.0,Paid Search,US,control
ORD-006187,2024-10-13,CUST-02472,cust-02472@lumenmail.com,Décor,2,32.03,0.0,Organic,US,
ORD-004013,2023-07-31,CUST-01920,cust-01920@lumenmail.com,Décor,2,89.35,0.0,,US,variant
ORD-000510,2024-11-30,CUST-02114,cust-02114@lumenmail.com,Accessories,2,94.61,0.0,Social,UK,control
ORD-001378,2024-05-11,CUST-02889,cust-02889@lumenmail.com,Lighting,3,638.97,0.1,Social,US,variant
ORD-001304,2024-02-18,CUST-01600,cust-01600@lumenmail.com,Décor,2,42.99,0.0,Organic,US,
ORD-000878,2023-12-14,CUST-00962,cust-00962@lumenmail.com,Lighting,1,301.19,0.1,Social,CA,
ORD-006211,2024-07-04,CUST-02147,cust-02147@lumenmail.com,Accessories,2,37.99,0.15,Email,US,variant
ORD-002718,2024-04-29,CUST-02221,cust-02221@lumenmail.com,Accessories,2,79.92,0.0,Email,UK,
ORD-006484,2023-06-15,CUST-02722,cust-02722@lumenmail.com,Décor,1,98.06,0.05,Paid Search,US,variant
ORD-001954,2024-03-14,,guest@lumenmail.com,Furniture,2,131.27,0.0,Paid Search,US,control
ORD-008943,2024-06-28,CUST-00865,cust-00865@lumenmail.com,Outdoor,7,62.68,0.25,Email,US,control
ORD-008844,2024-01-09,CUST-00832,cust-00832@lumenmail.com,Décor,3,47.36,0.2,,AU,variant
ORD-001745,2024-06-21,CUST-02675,cust-02675@lumenmail.com,Furniture,1,42.83,0.1,Organic,CA,control
ORD-001280,2024-09-10,CUST-00249,cust-00249@lumenmail.com,Décor,1,218.63,0.0,Paid Search,US,control
ORD-000244,2023-08-13,CUST-02625,cust-02625@lumenmail.com,Décor,1,130.07,0.0,Paid Search,CA,
ORD-003764,2024-11-24,CUST-02121,cust-02121@lumenmail.com,Outdoor,1,30.71,0.15,Paid Search,US,
ORD-007413,28/10/2023,CUST-00810,cust-00810@lumenmail.com,Lighting,2,379.69,0.05,,CA,control
ORD-005568,2024-07-14,CUST-01769,cust-01769@lumenmail.com,Furniture,1,173.83,0.1,Paid Search,ZZ,control
ORD-004861,2024-10-02,CUST-02181,cust-02181@lumenmail.com,Lighting,2,23.21,0.15,Paid Search,US,
ORD-005662,2024-10-03,CUST-02528,cust-02528@lumenmail.com,Lighting,2,87.44,0.25,Paid Search,CA,
ORD-000242,2024-02-23,CUST-00724,cust-00724@lumenmail.com,Lighting,2,207.74,0.0,Paid Search,US,
ORD-004933,2024-10-15,CUST-00875,cust-00875@lumenmail.com,Lighting,2,21.26,0.0,Email,US,control
ORD-000578,07/10/2024,CUST-02753,cust-02753@lumenmail.com,Lighting,6,14.99,0.0,,CA,variant
ORD-004024,2024-11-01,CUST-01189,cust-01189@lumenmail.com,Lighting,4,176.11,0.05,Paid Search,US,variant
ORD-005697,2024-11-18,CUST-01613,cust-01613@lumenmail.com,Lighting,3,227.08,0.0,Email,US,variant
ORD-003445,2024-10-14,CUST-01279,cust-01279@lumenmail.com,Décor,2,10.34,0.1,Organic,ZZ,
ORD-000286,2024-10-03,CUST-01251,cust-01251@lumenmail.com,Lighting,2,29.62,0.2,Paid Search,US,control
ORD-003632,2024-06-01,CUST-02777,cust-02777@lumenmail.com,Lighting,7,27.03,0.05,Email,UK,
ORD-003399,18/12/2023,CUST-01478,cust-01478@lumenmail.com,Lighting,3,69.31,0.05,Social,US,variant
ORD-004938,2024-11-23,CUST-02593,cust-02593@lumenmail.com,Décor,1,29.67,0.1,Organic,US,control
ORD-000914,2024-06-30,CUST-02516,cust-02516@lumenmail.com,Décor,2,34.53,0.0,,CA,control
ORD-008319,2023-08-22,CUST-02336,cust-02336@lumenmail.com,Lighting,2,501.76,0.0,Social,UK,control
ORD-002604,20/09/2024,CUST-02174,cust-02174@lumenmail.com,Furniture,3,37.99,0.15,Email,US,
ORD-005545,2024-12-22,CUST-00736,cust-00736@lumenmail.com,Furniture,3,188.11,0.05,Email,US,control
ORD-008478,2024-10-01,CUST-01213,cust-01213@lumenmail.com,Lighting,1,88.29,0.0,Social,US,control
ORD-002643,2023-11-05,CUST-01038,cust-01038@lumenmail.com,Décor,2,766.72,0.15,Email,US,control
ORD-008604,16/12/2023,CUST-02485,cust-02485@lumenmail.com,Décor,2,111.12,0.05,Email,CA,variant
ORD-004133,2024-11-14,CUST-02228,cust-02228@lumenmail.com,Lighting,1,6.06,0.0,Social,US,
ORD-003122,2024-07-03,CUST-01985,cust-01985@lumenmail.com,Lighting,1,705.87,0.0,Organic,US,
ORD-005676,2024-07-31,CUST-00283,cust-00283@lumenmail.com,Furniture,4,337.56,0.0,Organic,US,variant
ORD-003755,2023-07-10,CUST-02556,cust-02556@lumenmail.com,Furniture,1,35.59,0.05,Email,US,
ORD-005960,2024-02-26,CUST-02456,cust-02456@lumenmail.com,Furniture,1,6.75,0.05,Paid Search,US,variant
ORD-001650,06/09/2023,CUST-00252,cust-00252@lumenmail.com,Lighting,1,67.83,0.0,Paid Search,UK,
ORD-006357,2024-06-10,CUST-01057,cust-01057@lumenmail.com,Décor,1,329.28,0.1,Paid Search,UK,control
ORD-001412,2023-06-09,CUST-02476,cust-02476@lumenmail.com,Lighting,2,112.41,0.1,Paid Search,CA,
ORD-001435,2023-12-02,CUST-00165,cust-00165@lumenmail.com,Lighting,2,33.4,0.15,Social,US,
ORD-000343,2023-11-11,CUST-02970,cust-02970@lumenmail.com,Accessories,1,187.25,0.15,Paid Search,UK,variant
ORD-009093,30/10/2024,CUST-01769,cust-01769@lumenmail.com,Lighting,1,130.01,0.0,Paid Search,UK,
ORD-002109,2024-09-30,CUST-00906,cust-00906@lumenmail.com,Décor,2,67.07,0.0,Social,US,
ORD-004005,2024-11-06,CUST-00120,cust-00120@lumenmail.com,Lighting,7,126.69,0.1,Email,US,control
ORD-003999,15/12/2023,CUST-00397,cust-00397@lumenmail.com,Accessories,2,55.16,0.15,Social,US,variant
ORD-004614,2024-01-25,CUST-01350,cust-01350@lumenmail.com,Décor,1,157.36,0.0,Paid Search,US,control
ORD-005394,2024-05-20,CUST-01966,cust-01966@lumenmail.com,Accessories,1,78.23,0.0,Paid Search,US,control
ORD-005890,2024-12-15,CUST-01389,cust-01389@lumenmail.com,Décor,1,23.09,0.05,Organic,US,control
ORD-006671,2024-06-29,CUST-01015,cust-01015@lumenmail.com,Lighting,1,11.61,0.0,Organic,CA,control
ORD-007078,2024-05-12,CUST-02065,cust-02065@lumenmail.com,Furniture,1,589.31,0.0,Organic,US,
ORD-000624,2024-10-13,CUST-01045,cust-01045@lumenmail.com,Lighting,-4,32.44,0.0,Organic,CA,
ORD-003611,01/11/2023,CUST-01875,cust-01875@lumenmail.com,Furniture,2,74.35,0.0,Email,AU,variant
ORD-005425,2023-08-09,CUST-00255,cust-00255@lumenmail.com,Accessories,1,392.49,0.0,Paid Search,US,
ORD-005139,25/01/2024,CUST-00714,cust-00714@lumenmail.com,Furniture,4,10.13,0.2,Social,US,control
ORD-004727,2024-03-26,CUST-02048,cust-02048@lumenmail.com,Décor,2,374.55,0.05,Paid Search,ZZ,variant
ORD-004810,30/11/2023,CUST-02214,cust-02214@lumenmail.com,Lighting,6,191.25,0.0,,UK,control
ORD-002496,2024-08-16,CUST-00476,cust-00476@lumenmail.com,Lighting,1,16.89,0.05,Paid Search,ZZ,variant
ORD-006571,2023-11-14,CUST-02017,cust-02017@lumenmail.com,Accessories,3,61.15,0.05,Email,US,variant
ORD-002897,2024-03-29,CUST-01973,cust-01973@lumenmail.com,Lighting,1,131.59,0.1,Organic,US,
ORD-002552,2024-05-22,CUST-02333,cust-02333@lumenmail.com,Lighting,4,190.61,0.05,Email,US,variant
ORD-003133,30/10/2023,CUST-01861,cust-01861@lumenmail.com,Lighting,-4,62.87,0.15,Email,US,
ORD-009555,2024-12-21,CUST-01922,cust-01922@lumenmail.com,Furniture,3,697.49,0.0,Email,US,control
ORD-006216,2024-02-16,CUST-01382,cust-01382@lumenmail.com,Lighting,2,366.15,0.2,Social,US,
ORD-008161,2024-04-06,CUST-02946,cust-02946@lumenmail.com,Furniture,-1,70.73,0.15,Social,US,
ORD-001784,2024-07-12,CUST-02942,cust-02942@lumenmail.com,Furniture,2,192.92,0.2,Social,US,variant
ORD-000445,2023-07-19,CUST-01019,cust-01019@lumenmail.com,Accessories,4,130.29,0.0,Email,US,
ORD-000673,2024-08-12,CUST-02963,cust-02963@lumenmail.com,Décor,3,95.5,0.25,Paid Search,US,
ORD-005205,2024-05-19,CUST-01112,cust-01112@lumenmail.com,Lighting,1,46.17,0.0,Email,AU,variant
ORD-004224,2024-06-27,CUST-02243,cust-02243@lumenmail.com,Lighting,1,18.97,0.0,Social,US,control
ORD-008664,2023-11-30,CUST-01825,cust-01825@lumenmail.com,Furniture,4,177.93,0.05,Email,US,
ORD-006801,2023-06-22,CUST-00515,cust-00515@lumenmail.com,Outdoor,2,19.44,0.05,Email,US,
ORD-003634,2023-07-07,CUST-00865,cust-00865@lumenmail.com,Furniture,1,27.52,0.0,Email,US,variant
ORD-004492,2024-12-14,CUST-02453,cust-02453@lumenmail.com,Furniture,1,358.09,0.05,,US,control
ORD-001120,2024-04-06,CUST-02659,cust-02659@lumenmail.com,Décor,1,18.09,0.1,,US,control
ORD-007478,2023-07-07,CUST-01011,cust-01011@lumenmail.com,Furniture,2,119.03,0.0,Paid Search,US,control
ORD-006138,2024-06-18,,guest@lumenmail.com,Lighting,3,76.97,0.0,Organic,US,
ORD-001051,,CUST-00323,cust-00323@lumenmail.com,Outdoor,1,91.71,0.05,Paid Search,US,control
ORD-008847,30/04/2024,CUST-02259,cust-02259@lumenmail.com,Lighting,4,53.27,0.0,Email,CA,control
ORD-005670,2024-09-16,CUST-00292,cust-00292@lumenmail.com,Décor,2,37.17,0.0,Email,CA,variant
ORD-003640,2023-09-20,CUST-00707,cust-00707@lumenmail.com,Lighting,3,57.63,0.0,Email,US,control
ORD-003789,2024-02-05,CUST-01911,cust-01911@lumenmail.com,Décor,1,31.54,0.2,Social,US,
ORD-002380,2023-12-06,CUST-01901,cust-01901@lumenmail.com,Décor,1,79.41,0.0,Email,US,variant
ORD-000792,2024-04-24,CUST-02684,cust-02684@lumenmail.com,Accessories,2,84.13,0.2,Social,US,variant
ORD-000899,2023-09-01,CUST-02580,cust-02580@lumenmail.com,Lighting,1,118.68,0.15,Organic,ZZ,
ORD-008221,2024-01-05,CUST-00935,cust-00935@lumenmail.com,Furniture,1,155.25,0.0,Email,US,
ORD-008318,2024-10-10,CUST-00398,cust-00398@lumenmail.com,Lighting,2,334.15,0.0,Social,UK,control
ORD-003152,08/12/2023,CUST-02786,cust-02786@lumenmail.com,Lighting,6,86.18,0.0,Email,US,variant
ORD-007084,2024-12-26,CUST-00524,cust-00524@lumenmail.com,Lighting,4,60.19,0.05,Social,US,
ORD-000116,18/10/2024,,guest@lumenmail.com,Lighting,2,157.3,0.0,Organic,CA,variant
ORD-002566,2023-10-29,CUST-01903,cust-01903@lumenmail.com,Furniture,-1,517.88,0.05,Paid Search,UK,
ORD-007463,2024-12-16,CUST-01089,cust-01089@lumenmail.com,Accessories,1,623.4,0.0,,UK,control
ORD-009185,2024-04-09,CUST-02601,cust-02601@lumenmail.com,Lighting,4,92.96,0.1,Social,US,control
ORD-006941,2023-07-27,CUST-00666,cust-00666@lumenmail.com,Lighting,3,59.78,0.0,Email,UK,
ORD-000010,2023-07-13,CUST-01129,cust-01129@lumenmail.com,Outdoor,2,22.15,0.05,Email,US,control
ORD-002446,2024-09-27,CUST-02501,cust-02501@lumenmail.com,Décor,4,42.44,0.15,Paid Search,US,variant
ORD-008645,2023-07-14,CUST-02627,cust-02627@lumenmail.com,Lighting,2,632.01,0.0,Organic,US,control
ORD-002366,22/08/2023,CUST-01686,cust-01686@lumenmail.com,Lighting,2,97.26,0.05,Organic,US,control
ORD-005305,2024-05-17,,guest@lumenmail.com,Furniture,1,420.34,0.1,Social,UK,variant
ORD-008153,2023-10-09,CUST-01950,cust-01950@lumenmail.com,Furniture,1,295.06,0.0,Email,US,control
ORD-005887,26/04/2024,CUST-01080,cust-01080@lumenmail.com,Outdoor,2,232.64,0.0,Email,CA,variant
ORD-006513,2023-10-14,,guest@lumenmail.com,Lighting,1,44.27,0.0,Paid Search,US,variant
ORD-008962,2023-12-07,CUST-01904,cust-01904@lumenmail.com,Décor,2,20.7,0.0,Email,US,variant
ORD-009315,01/12/2024,CUST-01565,cust-01565@lumenmail.com,Lighting,2,94.42,0.05,Organic,US,variant
ORD-004908,2024-10-31,CUST-02058,cust-02058@lumenmail.com,Décor,5,98.15,0.15,Email,US,control
ORD-008518,2023-08-11,CUST-00606,cust-00606@lumenmail.com,Lighting,1,199.64,0.1,Organic,US,
ORD-006218,2023-11-01,CUST-02440,cust-02440@lumenmail.com,Lighting,2,177.87,0.0,Paid Search,AU,variant
ORD-003809,2023-06-21,CUST-02231,cust-02231@lumenmail.com,Furniture,1,98.34,0.15,Paid Search,US,
ORD-000622,2023-12-07,CUST-02654,cust-02654@lumenmail.com,Furniture,2,61.67,0.05,Organic,US,variant
ORD-008107,2023-10-07,CUST-02553,cust-02553@lumenmail.com,Décor,2,288.18,0.25,Email,CA,variant
ORD-007549,2024-09-06,CUST-01865,cust-01865@lumenmail.com,Outdoor,3,381.83,0.05,Social,US,
ORD-007661,2024-04-16,CUST-00502,cust-00502@lumenmail.com,Accessories,6,56.14,0.05,Email,US,control
ORD-004625,2024-10-31,CUST-01677,cust-01677@lumenmail.com,Décor,1,31.2,0.15,Email,US,control
ORD-007717,2024-07-19,,guest@lumenmail.com,Lighting,6,180.24,0.0,Organic,US,control
ORD-004524,2023-12-03,CUST-01476,cust-01476@lumenmail.com,Accessories,1,43.52,0.0,Paid Search,US,
ORD-000331,02/09/2024,CUST-01031,cust-01031@lumenmail.com,Accessories,2,126.55,0.1,Email,ZZ,
ORD-002823,2023-11-11,CUST-02636,cust-02636@lumenmail.com,Décor,1,12.31,0.25,Paid Search,US,
ORD-007517,2023-12-13,CUST-01812,cust-01812@lumenmail.com,Lighting,2,195.72,0.0,Organic,US,
ORD-003924,02/02/2024,CUST-01837,cust-01837@lumenmail.com,Furniture,7,323.77,0.0,Paid Search,US,control
ORD-003541,2024-03-02,CUST-01047,cust-01047@lumenmail.com,Lighting,3,44.56,0.0,Paid Search,US,variant
ORD-004441,2024-12-24,CUST-01642,cust-01642@lumenmail.com,Décor,3,71.76,0.1,Email,UK,
ORD-008311,2024-12-25,,guest@lumenmail.com,Furniture,1,26.79,0.05,Paid Search,AU,
ORD-005769,2023-08-17,CUST-02832,cust-02832@lumenmail.com,Lighting,1,478.62,0.1,Email,UK,
ORD-008389,2023-11-01,CUST-01805,cust-01805@lumenmail.com,Lighting,1,110.94,0.15,Email,US,
ORD-008481,2024-03-30,CUST-01555,cust-01555@lumenmail.com,Furniture,1,86.75,0.2,Email,US,variant
ORD-003995,2024-05-21,CUST-02309,cust-02309@lumenmail.com,Lighting,-2,371.07,0.0,,UK,
ORD-004824,2024-08-01,CUST-02566,cust-02566@lumenmail.com,Décor,3,375.47,0.0,Paid Search,US,control
ORD-008366,02/12/2024,CUST-01534,cust-01534@lumenmail.com,Accessories,1,0.0,0.2,Social,CA,control
ORD-002247,22/03/2024,CUST-01872,cust-01872@lumenmail.com,Lighting,1,315.29,0.2,Email,UK,variant
ORD-006149,2023-08-30,CUST-02000,cust-02000@lumenmail.com,Lighting,4,23.69,0.25,Organic,US,variant
ORD-007601,2023-12-29,CUST-00891,cust-00891@lumenmail.com,Outdoor,1,6.16,0.2,Paid Search,UK,variant
ORD-007754,2023-06-27,CUST-01208,cust-01208@lumenmail.com,Furniture,1,21.55,0.1,Social,UK,control
ORD-006940,2023-09-26,CUST-02529,cust-02529@lumenmail.com,Accessories,1,30.41,0.05,Paid Search,CA,
ORD-002615,2023-10-31,CUST-01052,cust-01052@lumenmail.com,Lighting,1,313.32,0.05,Email,AU,control
ORD-006615,2023-12-04,CUST-00712,cust-00712@lumenmail.com,Lighting,2,48.51,0.0,Social,US,control
ORD-009500,2024-08-03,CUST-00680,cust-00680@lumenmail.com,Décor,2,126.14,0.2,,US,
ORD-000462,2024-01-30,,guest@lumenmail.com,Décor,1,215.49,0.1,Organic,AU,
ORD-005475,2024-02-17,,guest@lumenmail.com,Outdoor,2,100.11,0.2,Social,US,control
ORD-007504,2024-03-08,CUST-01620,cust-01620@lumenmail.com,Décor,1,230.3,0.0,Paid Search,US,control
ORD-005506,2024-03-30,CUST-00665,cust-00665@lumenmail.com,Décor,-2,20.79,0.05,Paid Search,ZZ,control
ORD-001481,2024-04-27,CUST-02268,cust-02268@lumenmail.com,Lighting,1,60.07,0.0,Paid Search,US,variant
ORD-002040,2024-08-02,,guest@lumenmail.com,Décor,1,19.06,0.05,Paid Search,UK,control
ORD-005395,2023-12-21,CUST-02274,cust-02274@lumenmail.com,Outdoor,1,38.39,0.0,Organic,US,control
ORD-002105,2024-05-09,CUST-02671,cust-02671@lumenmail.com,Lighting,1,31.15,0.05,Paid Search,US,control
ORD-003034,2024-11-30,CUST-01415,cust-01415@lumenmail.com,Furniture,1,21.2,0.0,Paid Search,US,variant
ORD-002494,2024-11-17,CUST-02236,cust-02236@lumenmail.com,Lighting,1,21.26,0.0,Social,US,
ORD-004639,06/10/2023,CUST-02096,cust-02096@lumenmail.com,Outdoor,1,12.02,0.05,Paid Search,AU,
ORD-005009,,CUST-01780,cust-01780@lumenmail.com,Décor,2,121.95,0.2,Organic,US,variant
ORD-007932,2023-10-13,CUST-00579,cust-00579@lumenmail.com,Décor,2,151.34,0.15,Email,CA,
ORD-003770,2023-09-02,CUST-00784,cust-00784@lumenmail.com,Lighting,1,44.21,0.05,Paid Search,US,variant
ORD-001807,2024-06-25,CUST-00386,cust-00386@lumenmail.com,Accessories,2,18.84,0.2,Email,US,
ORD-009160,21/08/2023,CUST-00899,cust-00899@lumenmail.com,Lighting,7,299.47,0.0,Social,US,
ORD-009291,2024-07-22,CUST-02081,cust-02081@lumenmail.com,Lighting,1,5.29,0.15,Paid Search,US,variant
ORD-002161,05/09/2023,,guest@lumenmail.com,Décor,1,71.35,0.0,Email,UK,
ORD-001779,19/07/2024,CUST-01988,cust-01988@lumenmail.com,Décor,-7,93.53,0.0,Organic,US,control
ORD-006791,2023-12-28,,guest@lumenmail.com,Décor,4,157.28,0.15,Paid Search,AU,
ORD-009237,2024-04-08,CUST-02920,cust-02920@lumenmail.com,Outdoor,4,188.8,0.0,Paid Search,CA,variant
ORD-008853,2024-03-27,CUST-01546,cust-01546@lumenmail.com,Lighting,1,305.17,0.0,,UK,control
ORD-006467,,CUST-02998,cust-02998@lumenmail.com,Décor,4,41.18,0.0,,CA,control
ORD-000237,11/01/2024,,guest@lumenmail.com,Accessories,3,40.28,0.1,Social,CA,variant
ORD-005847,2024-05-12,CUST-02079,cust-02079@lumenmail.com,Lighting,3,467.36,0.0,Paid Search,UK,variant
ORD-007621,25/04/2024,CUST-00694,cust-00694@lumenmail.com,Lighting,1,0.0,0.0,Organic,US,
ORD-001286,24/04/2024,CUST-02927,cust-02927@lumenmail.com,Accessories,2,351.81,0.05,Paid Search,AU,
ORD-007768,2024-11-11,CUST-00643,cust-00643@lumenmail.com,Lighting,1,93.0,0.15,Organic,UK,control
ORD-009463,2024-12-17,CUST-01242,cust-01242@lumenmail.com,Lighting,1,54.73,0.2,Paid Search,US,
ORD-000677,15/07/2024,CUST-01549,cust-01549@lumenmail.com,Lighting,6,266.28,0.05,Email,US,control
ORD-005649,2024-08-28,CUST-02715,cust-02715@lumenmail.com,Outdoor,1,11.62,0.1,Email,CA,variant
ORD-002988,2024-03-06,CUST-00546,cust-00546@lumenmail.com,Lighting,1,587.05,0.0,Organic,CA,
ORD-009265,2023-08-05,CUST-00579,cust-00579@lumenmail.com,Furniture,1,782.31,0.0,Email,AU,variant
ORD-002591,2024-05-25,CUST-01589,cust-01589@lumenmail.com,Lighting,2,380.15,0.25,Paid Search,US,
ORD-009452,2023-10-07,CUST-00639,cust-00639@lumenmail.com,Décor,1,19.95,0.0,Organic,CA,control
ORD-004836,2024-12-27,CUST-02690,cust-02690@lumenmail.com,Lighting,1,80.98,0.05,Organic,CA,variant
ORD-003592,05/03/2024,CUST-02449,cust-02449@lumenmail.com,Furniture,1,389.26,0.0,Email,US,variant
ORD-003656,2024-07-19,CUST-00779,cust-00779@lumenmail.com,Lighting,1,181.25,0.0,Paid Search,US,
ORD-000883,2024-11-26,CUST-00246,cust-00246@lumenmail.com,Lighting,-2,225.86,0.1,Paid Search,US,control
ORD-000646,2024-06-10,CUST-01902,cust-01902@lumenmail.com,Outdoor,2,372.55,0.0,Email,US,variant
ORD-006906,2023-07-11,CUST-01943,cust-01943@lumenmail.com,Décor,3,48.83,0.05,Organic,US,
ORD-008266,2023-11-17,CUST-01552,cust-01552@lumenmail.com,Lighting,-1,154.19,0.0,Email,CA,control
ORD-001842,2024-03-25,CUST-02490,cust-02490@lumenmail.com,Accessories,4,95.84,0.05,Paid Search,US,
ORD-000176,2023-09-15,CUST-01793,cust-01793@lumenmail.com,Lighting,1,14.22,0.0,Paid Search,US,
ORD-004115,2024-12-07,CUST-02172,cust-02172@lumenmail.com,Lighting,3,174.58,0.0,Paid Search,UK,variant
ORD-006493,2023-08-12,CUST-02770,cust-02770@lumenmail.com,Décor,4,595.37,0.05,Organic,US,
ORD-003819,12/08/2023,CUST-02126,cust-02126@lumenmail.com,Décor,2,35.73,0.15,Paid Search,US,control
ORD-001215,2023-11-25,CUST-01484,cust-01484@lumenmail.com,Décor,2,96.12,0.0,Social,US,variant
ORD-003793,2024-10-20,CUST-01754,cust-01754@lumenmail.com,Furniture,3,125.27,0.1,Email,US,
ORD-005393,2023-12-30,CUST-02286,cust-02286@lumenmail.com,Furniture,4,53.78,0.15,Organic,UK,control
ORD-003047,2023-07-05,CUST-02242,cust-02242@lumenmail.com,Lighting,7,95.11,0.0,Email,US,
ORD-008646,2023-08-05,,guest@lumenmail.com,Lighting,2,6.41,0.1,Email,US,variant
ORD-004414,2023-06-28,CUST-02820,cust-02820@lumenmail.com,Furniture,4,47.19,0.0,Paid Search,US,
ORD-000380,2023-11-18,CUST-01756,cust-01756@lumenmail.com,Outdoor,-2,36.79,0.1,Paid Search,US,
ORD-000802,2023-09-30,CUST-00758,cust-00758@lumenmail.com,Outdoor,7,70.6,0.25,Email,AU,control
ORD-005924,28/12/2024,,guest@lumenmail.com,Furniture,1,18.63,0.15,Paid Search,AU,control
ORD-009182,2024-03-28,CUST-00481,cust-00481@lumenmail.com,Outdoor,-2,142.44,0.0,Organic,CA,
ORD-006199,2024-04-27,CUST-00422,cust-00422@lumenmail.com,Accessories,1,225.5,0.05,Paid Search,US,variant
ORD-003091,2024-12-20,CUST-02942,cust-02942@lumenmail.com,Décor,1,374.51,0.0,Paid Search,US,variant
ORD-000036,29/07/2024,CUST-01992,cust-01992@lumenmail.com,Furniture,1,70.18,0.1,Email,US,
ORD-003350,30/01/2024,CUST-02249,cust-02249@lumenmail.com,Furniture,2,212.83,0.05,Email,US,control
ORD-007141,2023-08-23,CUST-01160,cust-01160@lumenmail.com,Décor,3,87.6,0.0,Email,US,variant
ORD-006822,2023-06-08,CUST-00557,cust-00557@lumenmail.com,Outdoor,4,71.62,0.05,Email,US,control
ORD-001625,2024-11-23,CUST-01053,cust-01053@lumenmail.com,Lighting,1,12.54,0.0,Organic,US,
ORD-005680,2024-01-07,CUST-01868,cust-01868@lumenmail.com,Furniture,4,50.83,0.05,Social,AU,
ORD-006831,28/01/2024,CUST-01858,cust-01858@lumenmail.com,Lighting,1,74.39,0.1,Paid Search,US,variant
ORD-008112,2023-11-29,CUST-01971,cust-01971@lumenmail.com,Outdoor,1,252.48,0.1,Email,US,
ORD-009298,2024-12-09,CUST-02963,cust-02963@lumenmail.com,Outdoor,2,56.8,0.15,Organic,US,control
ORD-002546,2023-06-01,CUST-02152,cust-02152@lumenmail.com,Accessories,1,25.57,0.05,Paid Search,US,control
ORD-007182,2023-06-13,CUST-02774,cust-02774@lumenmail.com,Furniture,1,30.96,0.25,Email,CA,
ORD-006956,2024-08-19,,guest@lumenmail.com,Lighting,1,382.44,0.0,Email,UK,
ORD-002273,2024-06-09,CUST-01570,cust-01570@lumenmail.com,Outdoor,1,150.19,0.0,Organic,US,variant
ORD-002150,2024-10-27,CUST-02879,cust-02879@lumenmail.com,Outdoor,1,154.82,0.0,Paid Search,CA,variant
ORD-008863,2024-02-16,CUST-01606,cust-01606@lumenmail.com,Décor,1,12.56,0.15,Paid Search,US,variant
ORD-002644,2023-07-08,CUST-00998,cust-00998@lumenmail.com,Lighting,3,29.1,0.0,Organic,UK,
ORD-002431,16/06/2024,CUST-01266,cust-01266@lumenmail.com,Lighting,3,138.76,0.25,Paid Search,CA,
ORD-003010,2023-11-01,CUST-00847,cust-00847@lumenmail.com,Furniture,1,45.74,0.1,Paid Search,US,control
ORD-009214,2023-09-13,CUST-01493,cust-01493@lumenmail.com,Décor,1,5.92,0.2,Email,UK,control
ORD-000545,2024-11-18,CUST-01270,cust-01270@lumenmail.com,Décor,2,31.65,0.0,Email,US,variant
ORD-008941,2024-07-09,,guest@lumenmail.com,Lighting,4,68.55,0.05,Social,US,
ORD-008416,2024-10-27,,guest@lumenmail.com,Accessories,-1,14.2,0.05,Paid Search,AU,control
ORD-002856,2024-05-16,CUST-02818,cust-02818@lumenmail.com,Décor,1,228.67,0.0,Social,US,
ORD-007686,15/06/2024,CUST-01790,cust-01790@lumenmail.com,Lighting,3,157.44,0.05,Email,US,variant
ORD-003835,2023-07-20,,guest@lumenmail.com,Furniture,2,786.39,0.1,Paid Search,UK,
ORD-000346,2024-11-10,CUST-00419,cust-00419@lumenmail.com,Outdoor,3,96.92,0.0,Paid Search,UK,control
ORD-004918,2023-09-27,CUST-01629,cust-01629@lumenmail.com,Lighting,1,80.73,0.1,Social,UK,
ORD-007524,2023-11-30,CUST-02375,cust-02375@lumenmail.com,Décor,2,20.82,0.0,Paid Search,US,
ORD-003401,2023-12-31,CUST-01984,cust-01984@lumenmail.com,Furniture,4,72.25,0.05,Email,US,
ORD-002751,30/07/2023,CUST-00975,cust-00975@lumenmail.com,Lighting,1,9.39,0.15,Email,US,variant
ORD-006975,2023-11-12,CUST-02549,cust-02549@lumenmail.com,Décor,1,8.48,0.0,Email,US,variant
ORD-006517,17/09/2024,CUST-01972,cust-01972@lumenmail.com,Décor,3,188.64,0.0,Organic,US,
ORD-005479,2024-10-09,CUST-02915,cust-02915@lumenmail.com,Décor,5,75.59,0.0,Organic,US,variant
ORD-007174,20/12/2023,CUST-00622,cust-00622@lumenmail.com,Décor,6,9.9,0.0,Organic,UK,variant
ORD-002569,2023-10-01,CUST-02151,cust-02151@lumenmail.com,Furniture,2,12.71,0.1,Organic,US,control
ORD-000882,2023-12-10,CUST-00058,cust-00058@lumenmail.com,Lighting,1,92.72,0.25,Paid Search,CA,variant
ORD-009420,2024-11-22,CUST-00078,cust-00078@lumenmail.com,Décor,1,82.43,0.1,Paid Search,US,
ORD-000469,2023-07-11,CUST-00921,cust-00921@lumenmail.com,Lighting,1,27.85,0.15,Organic,US,control
ORD-003083,2023-07-07,CUST-02035,cust-02035@lumenmail.com,Furniture,1,621.25,0.0,,CA,variant
ORD-001072,2023-08-09,CUST-02057,cust-02057@lumenmail.com,Lighting,2,147.28,0.15,Paid Search,US,control
ORD-004775,2024-03-15,,guest@lumenmail.com,Accessories,2,32.84,0.2,Paid Search,US,
ORD-009529,10/10/2024,CUST-02387,cust-02387@lumenmail.com,Décor,5,318.38,0.0,Paid Search,UK,variant
ORD-006786,2023-11-07,CUST-01341,cust-01341@lumenmail.com,Outdoor,1,90.29,0.0,Social,US,variant
ORD-000872,2023-09-07,CUST-02100,cust-02100@lumenmail.com,Décor,3,30.7,0.0,Organic,US,control
ORD-005565,2023-08-07,CUST-00640,cust-00640@lumenmail.com,Lighting,1,635.07,0.0,Organic,US,
ORD-009252,2024-06-23,CUST-01664,cust-01664@lumenmail.com,Furniture,3,68.0,0.1,Email,US,
ORD-005566,2024-04-17,CUST-02778,cust-02778@lumenmail.com,Furniture,1,35.25,0.0,Social,US,variant
ORD-003555,2024-03-18,CUST-01949,cust-01949@lumenmail.com,Outdoor,1,86.33,0.1,Organic,US,variant
ORD-002461,11/06/2023,CUST-02904,cust-02904@lumenmail.com,Outdoor,2,105.62,0.1,Social,US,variant
ORD-008299,2023-06-30,CUST-00917,cust-00917@lumenmail.com,Décor,1,25.94,0.0,Organic,US,control
ORD-009232,2023-10-08,CUST-01470,cust-01470@lumenmail.com,Lighting,2,69.67,0.15,Email,UK,
ORD-004049,2024-06-25,CUST-02339,cust-02339@lumenmail.com,Lighting,1,6.39,0.15,Social,US,variant
ORD-008200,2024-11-09,CUST-00449,cust-00449@lumenmail.com,Lighting,6,21.2,0.05,Social,CA,control
ORD-004215,14/04/2024,CUST-01915,cust-01915@lumenmail.com,Décor,1,161.35,0.0,Organic,CA,
ORD-001056,2024-10-17,CUST-01899,cust-01899@lumenmail.com,Lighting,2,5.17,0.05,Social,US,control
ORD-005300,2023-07-08,CUST-00776,cust-00776@lumenmail.com,Lighting,3,35.25,0.0,Organic,US,
ORD-007908,2024-08-20,CUST-02374,cust-02374@lumenmail.com,Lighting,1,183.86,0.15,Organic,US,
ORD-000957,2024-06-19,CUST-02922,cust-02922@lumenmail.com,Outdoor,1,353.87,0.1,Organic,CA,variant
ORD-002629,2024-02-02,CUST-02358,cust-02358@lumenmail.com,Lighting,1,38.62,0.0,Email,ZZ,variant
ORD-007211,2024-01-15,CUST-01807,cust-01807@lumenmail.com,Furniture,2,6.55,0.25,Paid Search,US,variant
ORD-009255,2023-11-24,CUST-01415,cust-01415@lumenmail.com,Lighting,2,61.77,0.0,Paid Search,US,
ORD-009043,2023-11-13,CUST-00756,cust-00756@lumenmail.com,Lighting,4,13.75,0.1,Organic,CA,
ORD-001093,2023-09-28,CUST-00206,cust-00206@lumenmail.com,Décor,3,181.18,0.0,Organic,CA,variant
ORD-003432,2024-03-19,CUST-00156,cust-00156@lumenmail.com,Lighting,4,87.21,0.0,Email,CA,
ORD-007127,2024-10-24,CUST-02467,cust-02467@lumenmail.com,Outdoor,2,50.79,0.0,Paid Search,CA,control
ORD-008578,19/11/2023,CUST-00632,cust-00632@lumenmail.com,Outdoor,1,86.33,0.0,Organic,US,control
ORD-004017,2024-02-11,CUST-00507,cust-00507@lumenmail.com,Lighting,1,15.82,0.1,,US,
ORD-008458,07/09/2024,CUST-02232,cust-02232@lumenmail.com,Lighting,4,181.21,0.0,Paid Search,US,variant
ORD-005275,2024-01-23,CUST-01713,cust-01713@lumenmail.com,Furniture,1,35.31,0.2,Email,UK,control
ORD-003546,2023-08-17,CUST-00271,cust-00271@lumenmail.com,Lighting,2,17.67,0.1,Email,UK,
ORD-000153,2024-02-09,CUST-00399,cust-00399@lumenmail.com,Outdoor,1,15.41,0.15,Organic,UK,control
ORD-002774,2024-02-03,,guest@lumenmail.com,Lighting,1,71.86,0.15,Organic,US,control
ORD-003132,2024-12-03,CUST-01467,cust-01467@lumenmail.com,Outdoor,2,52.18,0.1,Paid Search,US,variant
ORD-007239,2023-08-25,CUST-01312,cust-01312@lumenmail.com,Lighting,1,81.68,0.0,Email,US,
ORD-006547,2024-08-05,,guest@lumenmail.com,Décor,2,43.02,0.0,Organic,ZZ,
ORD-001216,2023-07-18,CUST-02762,cust-02762@lumenmail.com,Furniture,3,182.67,0.2,Paid Search,US,control
ORD-009561,2023-08-29,CUST-01162,cust-01162@lumenmail.com,Décor,1,8.67,0.0,Organic,UK,
ORD-003012,2024-03-25,CUST-00922,cust-00922@lumenmail.com,Lighting,2,350.3,0.05,Paid Search,US,control
ORD-000580,21/11/2024,CUST-02518,cust-02518@lumenmail.com,Décor,1,211.81,0.0,Organic,AU,
ORD-005410,2024-03-24,CUST-02683,cust-02683@lumenmail.com,Décor,4,250.56,0.1,Paid Search,US,control
ORD-000022,2024-03-26,CUST-01225,cust-01225@lumenmail.com,Lighting,2,264.72,0.0,Email,ZZ,
ORD-008301,2023-06-10,CUST-01409,cust-01409@lumenmail.com,Outdoor,2,12.63,0.15,Social,US,control
ORD-003903,2023-09-16,CUST-02112,cust-02112@lumenmail.com,Décor,6,254.74,0.0,Organic,US,
ORD-007000,,CUST-00571,cust-00571@lumenmail.com,Décor,2,87.55,0.0,Paid Search,US,variant
ORD-004355,2023-12-14,CUST-00353,cust-00353@lumenmail.com,Décor,1,213.13,0.0,Email,UK,
ORD-008977,2023-10-31,CUST-02268,cust-02268@lumenmail.com,Outdoor,1,41.2,0.2,Social,ZZ,control
ORD-005073,2024-01-29,CUST-00627,cust-00627@lumenmail.com,Lighting,4,150.36,0.0,Organic,US,variant
ORD-006077,2024-12-27,CUST-02356,cust-02356@lumenmail.com,Décor,7,94.57,0.2,Email,US,variant
ORD-006714,2024-03-30,CUST-02752,cust-02752@lumenmail.com,Outdoor,1,91.98,0.0,Paid Search,UK,control
ORD-006433,2023-08-02,CUST-02287,cust-02287@lumenmail.com,Lighting,2,106.98,0.05,Paid Search,US,variant
ORD-007848,2023-10-27,CUST-00634,cust-00634@lumenmail.com,Furniture,1,44.77,0.0,Paid Search,US,variant
ORD-007978,2023-09-28,CUST-01618,cust-01618@lumenmail.com,Lighting,1,172.49,0.0,Paid Search,US,variant
ORD-003019,2024-05-23,CUST-01508,cust-01508@lumenmail.com,Lighting,1,71.22,0.05,Email,UK,
ORD-006010,2024-10-18,CUST-00123,cust-00123@lumenmail.com,Outdoor,2,120.63,0.0,Paid Search,CA,control
ORD-008565,2024-06-05,,guest@lumenmail.com,Décor,5,25.41,0.05,Organic,CA,variant
ORD-005005,2023-12-19,CUST-01491,cust-01491@lumenmail.com,Furniture,4,272.07,0.0,Email,US,variant
ORD-006559,2024-02-08,CUST-01567,cust-01567@lumenmail.com,Furniture,4,42.41,0.2,Organic,US,control
ORD-003015,17/05/2024,CUST-02339,cust-02339@lumenmail.com,Accessories,3,636.72,0.05,Social,CA,variant
ORD-008031,10/01/2024,CUST-02600,cust-02600@lumenmail.com,Décor,1,8.98,0.2,Email,US,variant
ORD-001815,2023-12-09,CUST-00179,cust-00179@lumenmail.com,Furniture,6,29.83,0.0,Email,US,
ORD-007156,2024-08-12,CUST-01102,cust-01102@lumenmail.com,Décor,2,31.23,0.25,,US,
ORD-003926,2024-06-05,CUST-02385,cust-02385@lumenmail.com,Outdoor,3,273.3,0.0,Organic,CA,variant
ORD-000520,2023-09-14,CUST-00092,cust-00092@lumenmail.com,Accessories,1,181.27,0.05,Email,US,control
ORD-003649,2023-11-26,CUST-01284,cust-01284@lumenmail.com,Décor,1,47.77,0.1,Organic,UK,
ORD-006427,2024-07-29,CUST-02098,cust-02098@lumenmail.com,Furniture,1,46.19,0.05,Paid Search,CA,variant
ORD-008063,12/11/2024,CUST-01918,cust-01918@lumenmail.com,Décor,4,716.93,0.0,Organic,CA,control
ORD-001254,2024-02-08,CUST-02832,cust-02832@lumenmail.com,Outdoor,5,94.49,0.2,Email,US,control
ORD-006044,2024-12-28,CUST-00483,cust-00483@lumenmail.com,Accessories,3,42.24,0.1,Email,US,variant
ORD-009545,2024-03-14,CUST-01550,cust-01550@lumenmail.com,Décor,2,582.55,0.1,Email,CA,control
ORD-003145,2024-11-12,CUST-00450,cust-00450@lumenmail.com,Accessories,7,196.09,0.05,Paid Search,US,
ORD-006408,2023-10-24,CUST-00747,cust-00747@lumenmail.com,Lighting,3,7.33,0.0,Social,US,
ORD-003554,2023-08-05,CUST-00413,cust-00413@lumenmail.com,Lighting,4,63.91,0.0,Social,CA,
ORD-007761,12/11/2024,CUST-02503,cust-02503@lumenmail.com,Lighting,2,33.76,0.0,Paid Search,US,
ORD-000402,2024-10-13,CUST-00971,cust-00971@lumenmail.com,Lighting,2,174.53,0.2,Organic,US,control
ORD-000251,2023-07-24,CUST-01077,cust-01077@lumenmail.com,Décor,1,105.52,0.05,Email,CA,variant
ORD-004641,2024-06-29,CUST-00774,cust-00774@lumenmail.com,Décor,1,30.8,0.25,Paid Search,US,
ORD-002483,2023-09-12,CUST-01535,cust-01535@lumenmail.com,Furniture,2,81.36,0.1,Paid Search,CA,control
ORD-001469,2024-09-18,CUST-01458,cust-01458@lumenmail.com,Lighting,2,577.14,0.1,Email,US,variant
ORD-009397,2023-12-07,CUST-00135,cust-00135@lumenmail.com,Furniture,2,131.7,0.0,Social,CA,
ORD-007584,2024-04-14,CUST-02113,cust-02113@lumenmail.com,Lighting,1,0.0,0.1,Organic,US,
ORD-007789,2023-10-17,CUST-00996,cust-00996@lumenmail.com,Lighting,2,107.56,0.0,Organic,CA,variant
ORD-004843,03/01/2024,CUST-00551,cust-00551@lumenmail.com,Furniture,3,15.9,0.0,Paid Search,US,variant
ORD-000345,2023-08-08,CUST-02170,cust-02170@lumenmail.com,Lighting,2,358.43,0.0,Social,US,control
ORD-008851,2024-04-18,CUST-02066,cust-02066@lumenmail.com,Décor,1,126.13,0.0,Organic,AU,control
ORD-001640,2023-09-22,CUST-02577,cust-02577@lumenmail.com,Lighting,3,75.82,0.1,Email,US,control
ORD-009166,2024-08-01,CUST-02670,cust-02670@lumenmail.com,Lighting,2,99.65,0.05,Paid Search,US,control
ORD-002120,2024-05-07,CUST-00248,cust-00248@lumenmail.com,Furniture,1,53.96,0.05,Email,CA,
ORD-000386,2024-06-25,CUST-01201,cust-01201@lumenmail.com,Outdoor,2,14.62,0.05,Organic,US,
ORD-002476,2024-02-07,CUST-00770,cust-00770@lumenmail.com,Lighting,2,53.51,0.0,Email,US,control
ORD-007883,2024-03-20,CUST-02118,cust-02118@lumenmail.com,Décor,1,5.23,0.05,Social,US,
ORD-000016,2023-09-28,CUST-01306,cust-01306@lumenmail.com,Furniture,7,114.09,0.1,Social,US,control
ORD-003313,2024-09-09,CUST-02168,cust-02168@lumenmail.com,Lighting,3,34.62,0.05,Organic,UK,control
ORD-004736,2023-10-30,CUST-02016,cust-02016@lumenmail.com,Furniture,3,56.29,0.05,Paid Search,UK,variant
ORD-003307,2023-06-05,CUST-00682,cust-00682@lumenmail.com,Lighting,3,12.14,0.0,Paid Search,AU,variant
ORD-006181,16/04/2024,CUST-01463,cust-01463@lumenmail.com,Outdoor,1,180.25,0.05,Email,US,
ORD-000678,28/05/2024,CUST-02630,cust-02630@lumenmail.com,Décor,4,309.9,0.1,Paid Search,US,variant
ORD-004528,18/07/2023,CUST-00252,cust-00252@lumenmail.com,Décor,4,24.49,0.15,Paid Search,US,control
ORD-005744,2024-01-22,,guest@lumenmail.com,Lighting,2,332.08,0.15,Email,US,
ORD-005802,2023-08-07,CUST-01103,cust-01103@lumenmail.com,Accessories,1,38.88,0.05,Paid Search,US,control
ORD-006306,2024-04-23,CUST-00077,cust-00077@lumenmail.com,Lighting,4,10.87,0.2,Paid Search,CA,
ORD-006720,2023-10-21,CUST-02342,cust-02342@lumenmail.com,Décor,1,32.55,0.0,Organic,US,control
ORD-009336,2023-08-20,CUST-00481,cust-00481@lumenmail.com,Outdoor,2,356.4,0.0,Organic,US,
ORD-005278,2024-08-02,CUST-00183,cust-00183@lumenmail.com,Outdoor,3,386.11,0.0,Email,CA,
ORD-007283,2023-08-06,CUST-01600,cust-01600@lumenmail.com,Décor,2,557.64,0.0,Paid Search,CA,variant
ORD-005113,2024-07-13,CUST-00850,cust-00850@lumenmail.com,Outdoor,1,15.37,0.0,Organic,UK,control
ORD-007367,2023-12-13,CUST-02597,cust-02597@lumenmail.com,Lighting,4,24.69,0.05,Email,AU,
ORD-009342,2023-11-01,CUST-00575,cust-00575@lumenmail.com,Décor,3,336.11,0.0,Email,US,variant
ORD-001453,2023-08-14,CUST-01162,cust-01162@lumenmail.com,Lighting,1,56.41,0.1,Email,US,control
ORD-005474,2023-10-26,CUST-00290,cust-00290@lumenmail.com,Outdoor,1,21.71,0.05,Email,US,
ORD-000910,18/11/2024,CUST-02482,cust-02482@lumenmail.com,Lighting,3,138.33,0.2,Paid Search,US,control
ORD-006800,2024-01-08,CUST-00411,cust-00411@lumenmail.com,Lighting,1,56.92,0.0,Organic,CA,variant
ORD-000536,2024-04-17,CUST-00822,cust-00822@lumenmail.com,Accessories,3,94.43,0.05,Paid Search,US,control
ORD-009063,2023-07-17,CUST-00155,cust-00155@lumenmail.com,Outdoor,4,90.6,0.05,Email,US,
ORD-002147,2024-01-19,CUST-01517,cust-01517@lumenmail.com,Lighting,1,84.3,0.0,Paid Search,US,
ORD-007378,20/12/2024,CUST-00347,cust-00347@lumenmail.com,Accessories,2,86.73,0.2,Paid Search,CA,
ORD-001875,01/06/2024,CUST-00154,cust-00154@lumenmail.com,Lighting,1,266.83,0.15,Social,AU,control
ORD-000487,2023-12-07,CUST-02698,cust-02698@lumenmail.com,Décor,1,7.43,0.0,Organic,AU,
ORD-000475,2024-04-30,CUST-02703,cust-02703@lumenmail.com,Décor,2,30.3,0.15,Organic,ZZ,
ORD-000131,2024-03-30,CUST-00795,cust-00795@lumenmail.com,Lighting,3,114.83,0.05,Paid Search,US,variant
ORD-006377,02/12/2023,CUST-01152,cust-01152@lumenmail.com,Outdoor,2,86.05,0.15,,US,
ORD-001983,2024-06-30,CUST-01987,cust-01987@lumenmail.com,Décor,3,52.25,0.0,Email,US,
ORD-008150,2024-02-13,CUST-02052,cust-02052@lumenmail.com,Décor,1,404.55,0.05,Email,UK,
ORD-006488,2024-03-16,CUST-00942,cust-00942@lumenmail.com,Lighting,1,46.07,0.0,Paid Search,UK,control
ORD-002574,2024-06-29,CUST-01953,cust-01953@lumenmail.com,Outdoor,1,79.98,0.0,Social,US,variant
ORD-009490,2024-03-20,,guest@lumenmail.com,Décor,2,88.13,0.0,Paid Search,US,control
ORD-000546,,CUST-01399,cust-01399@lumenmail.com,Furniture,1,83.21,0.0,Email,US,control
ORD-007187,2023-11-15,CUST-02003,cust-02003@lumenmail.com,Accessories,1,83.53,0.25,Paid Search,US,control
ORD-000483,2024-11-25,CUST-00620,cust-00620@lumenmail.com,Furniture,2,20.02,0.05,Organic,US,
ORD-004484,2024-12-03,CUST-01138,cust-01138@lumenmail.com,Décor,1,34.28,0.0,Paid Search,US,
ORD-002666,2024-11-06,CUST-01085,cust-01085@lumenmail.com,Décor,1,18.43,0.0,Email,CA,variant
ORD-003339,2023-12-20,CUST-02208,cust-02208@lumenmail.com,Décor,2,57.78,0.0,Paid Search,UK,
ORD-009115,2023-11-10,CUST-02714,cust-02714@lumenmail.com,Furniture,7,33.79,0.15,Paid Search,CA,control
ORD-008390,2023-10-18,CUST-01226,cust-01226@lumenmail.com,Furniture,1,165.63,0.0,Paid Search,CA,control
ORD-007313,2023-08-27,CUST-02872,cust-02872@lumenmail.com,Accessories,1,582.72,0.0,,US,variant
ORD-000551,01/07/2024,CUST-00476,cust-00476@lumenmail.com,Décor,7,43.85,0.0,Email,US,variant
ORD-001669,2024-01-22,CUST-01726,cust-01726@lumenmail.com,Lighting,2,42.51,0.1,,CA,
ORD-003270,2024-03-07,CUST-02520,cust-02520@lumenmail.com,Décor,2,42.07,0.0,Social,US,
ORD-001956,01/09/2023,CUST-00897,cust-00897@lumenmail.com,Outdoor,2,186.7,0.1,Paid Search,US,variant
ORD-006373,2024-07-27,CUST-00850,cust-00850@lumenmail.com,Décor,2,27.75,0.05,Social,US,control
ORD-001828,2023-08-25,CUST-00654,cust-00654@lumenmail.com,Décor,2,50.34,0.2,Email,US,control
ORD-001929,2024-12-08,CUST-00997,cust-00997@lumenmail.com,Décor,2,91.36,0.0,,UK,
ORD-007144,2024-11-20,CUST-00124,cust-00124@lumenmail.com,Décor,1,112.1,0.0,Social,US,
ORD-004961,04/03/2024,CUST-01804,cust-01804@lumenmail.com,Lighting,1,26.53,0.1,Social,US,variant
ORD-007365,2023-06-24,CUST-02917,cust-02917@lumenmail.com,Furniture,1,194.78,0.1,Organic,US,variant
ORD-008408,02/03/2024,CUST-01834,cust-01834@lumenmail.com,Lighting,1,390.25,0.05,Paid Search,CA,
ORD-006530,2024-06-30,CUST-01820,cust-01820@lumenmail.com,Lighting,4,94.9,0.0,Social,AU,
ORD-005067,2023-08-11,CUST-00669,cust-00669@lumenmail.com,Lighting,2,221.23,0.05,Email,US,
ORD-004304,2023-10-06,CUST-01252,cust-01252@lumenmail.com,Lighting,1,249.15,0.0,Paid Search,AU,control
ORD-006660,2024-08-04,CUST-00933,cust-00933@lumenmail.com,Furniture,4,81.26,0.1,Email,US,
ORD-008427,2023-06-22,CUST-02198,cust-02198@lumenmail.com,Lighting,1,14.6,0.05,Paid Search,CA,variant
ORD-006608,2024-01-13,CUST-01693,cust-01693@lumenmail.com,Lighting,1,111.6,0.0,Paid Search,US,
ORD-001610,2024-05-30,CUST-00452,cust-00452@lumenmail.com,Furniture,1,99.27,0.0,Paid Search,US,
ORD-008438,2024-08-10,CUST-01411,cust-01411@lumenmail.com,Furniture,1,38.64,0.0,Organic,US,
ORD-008488,2024-01-18,,guest@lumenmail.com,Décor,2,182.44,0.0,Email,US,variant
ORD-001747,2024-07-07,CUST-02749,cust-02749@lumenmail.com,Lighting,1,485.21,0.05,Email,US,variant
ORD-004157,2023-07-15,CUST-02427,cust-02427@lumenmail.com,Lighting,1,7.28,0.15,Social,US,variant
ORD-004958,2024-10-01,CUST-01052,cust-01052@lumenmail.com,Lighting,1,88.09,0.0,Social,CA,control
ORD-001780,2024-03-19,CUST-02993,cust-02993@lumenmail.com,Outdoor,3,36.06,0.05,Email,US,control
ORD-001833,2024-02-15,CUST-01828,cust-01828@lumenmail.com,Décor,2,130.57,0.0,Paid Search,US,
ORD-006762,2024-03-13,CUST-01897,cust-01897@lumenmail.com,Lighting,2,125.0,0.0,Paid Search,UK,
ORD-008432,2024-02-08,CUST-01907,cust-01907@lumenmail.com,Outdoor,2,30.75,0.15,Social,US,variant
ORD-002860,05/11/2023,CUST-02274,cust-02274@lumenmail.com,Lighting,1,59.48,0.05,Organic,US,variant
ORD-001855,2024-09-02,CUST-00805,cust-00805@lumenmail.com,Lighting,1,296.66,0.15,Paid Search,CA,
ORD-001109,02/09/2024,CUST-02287,cust-02287@lumenmail.com,Outdoor,1,177.9,0.05,Paid Search,US,
ORD-007992,2024-10-03,CUST-02480,cust-02480@lumenmail.com,Lighting,2,13.24,0.1,Email,CA,variant
ORD-004554,2023-09-16,CUST-01269,cust-01269@lumenmail.com,Décor,1,682.74,0.15,Paid Search,US,variant
ORD-000211,2024-08-21,,guest@lumenmail.com,Lighting,1,88.79,0.05,Organic,US,control
ORD-007490,2024-05-15,CUST-00313,cust-00313@lumenmail.com,Outdoor,-1,0.0,0.0,Paid Search,UK,
ORD-008597,2024-12-26,CUST-02560,cust-02560@lumenmail.com,Furniture,1,234.81,0.0,Social,UK,control
ORD-000653,2024-06-28,CUST-00300,cust-00300@lumenmail.com,Lighting,3,179.47,0.0,Paid Search,CA,control
ORD-009149,2024-04-09,CUST-02137,cust-02137@lumenmail.com,Décor,4,71.06,0.0,Email,CA,control
ORD-009591,2024-04-23,CUST-00307,cust-00307@lumenmail.com,Lighting,2,153.1,0.2,Email,US,variant
ORD-008987,2024-06-09,CUST-01662,cust-01662@lumenmail.com,Décor,5,113.79,0.0,Organic,US,
ORD-007209,2023-09-12,CUST-00111,cust-00111@lumenmail.com,Lighting,2,52.74,0.05,Email,CA,variant
ORD-001457,2024-07-27,CUST-02139,cust-02139@lumenmail.com,Accessories,1,27.1,0.05,Organic,US,
ORD-001749,2024-02-12,CUST-01987,cust-01987@lumenmail.com,Décor,2,74.73,0.05,Paid Search,US,variant
ORD-005834,2024-11-08,,guest@lumenmail.com,Furniture,1,463.84,0.0,Social,ZZ,control
ORD-002009,2024-03-08,CUST-02969,cust-02969@lumenmail.com,Lighting,2,32.22,0.0,Email,CA,control
ORD-004940,2023-10-23,CUST-00694,cust-00694@lumenmail.com,Décor,1,279.96,0.0,Social,US,control
ORD-009389,2023-10-07,,guest@lumenmail.com,Lighting,2,149.24,0.0,Email,US,control
ORD-007178,19/11/2023,CUST-02145,cust-02145@lumenmail.com,Décor,2,141.13,0.05,Organic,UK,
ORD-008841,22/03/2024,,guest@lumenmail.com,Outdoor,4,79.47,0.1,Organic,UK,variant
ORD-006976,2024-06-11,CUST-02166,cust-02166@lumenmail.com,Décor,1,50.64,0.1,Organic,US,variant
ORD-007690,2023-11-23,CUST-01032,cust-01032@lumenmail.com,Lighting,2,34.19,0.0,Organic,US,variant
ORD-001100,2023-07-12,CUST-01729,cust-01729@lumenmail.com,Outdoor,2,37.45,0.0,Paid Search,US,
ORD-004899,2024-02-27,CUST-01324,cust-01324@lumenmail.com,Accessories,1,264.87,0.0,Paid Search,US,variant
ORD-007308,2024-09-26,CUST-00531,cust-00531@lumenmail.com,Furniture,3,27.69,0.15,,US,variant
ORD-004978,2023-09-14,CUST-00216,cust-00216@lumenmail.com,Lighting,2,33.54,0.0,Email,US,
ORD-006128,2024-03-17,CUST-00373,cust-00373@lumenmail.com,Lighting,-2,124.02,0.0,Paid Search,CA,control
ORD-004262,2024-10-05,CUST-02848,cust-02848@lumenmail.com,Décor,2,113.86,0.1,Paid Search,US,control
ORD-005856,2023-08-04,CUST-00748,cust-00748@lumenmail.com,Outdoor,1,26.24,0.0,Email,UK,variant
ORD-009410,2024-10-26,CUST-01954,cust-01954@lumenmail.com,Furniture,1,38.61,0.0,Organic,US,variant
ORD-002395,2023-12-27,CUST-02551,cust-02551@lumenmail.com,Décor,3,44.43,0.15,Paid Search,AU,control
ORD-005873,2024-09-05,CUST-02078,cust-02078@lumenmail.com,Décor,1,386.47,0.05,Email,US,
ORD-001989,2024-04-08,CUST-00253,cust-00253@lumenmail.com,Lighting,5,338.74,0.0,Email,AU,
ORD-009387,2023-09-23,CUST-00955,cust-00955@lumenmail.com,Accessories,3,24.74,0.0,Organic,US,control
ORD-006479,2024-10-25,CUST-01690,cust-01690@lumenmail.com,Lighting,-5,159.69,0.0,Paid Search,CA,variant
ORD-009497,22/02/2024,CUST-01817,cust-01817@lumenmail.com,Lighting,1,153.64,0.1,,CA,variant
ORD-007268,2023-09-03,CUST-02004,cust-02004@lumenmail.com,Lighting,1,269.37,0.0,Paid Search,US,variant
ORD-002717,2023-12-07,CUST-00974,cust-00974@lumenmail.com,Outdoor,6,621.41,0.2,Organic,UK,
ORD-001819,2024-04-06,,guest@lumenmail.com,Décor,1,18.79,0.25,Paid Search,CA,variant
ORD-006338,2023-06-29,CUST-01795,cust-01795@lumenmail.com,Furniture,1,42.3,0.0,,CA,
ORD-007207,2024-08-06,,guest@lumenmail.com,Accessories,2,310.67,0.05,Paid Search,US,control
ORD-001812,2024-03-29,CUST-02118,cust-02118@lumenmail.com,Outdoor,1,382.6,0.05,,US,variant
ORD-005178,2024-02-17,CUST-01712,cust-01712@lumenmail.com,Lighting,2,24.49,0.1,Email,UK,
ORD-003814,22/10/2024,CUST-00191,cust-00191@lumenmail.com,Décor,1,29.95,0.05,Paid Search,US,
ORD-009353,2024-06-11,CUST-01302,cust-01302@lumenmail.com,Décor,2,120.88,0.0,Paid Search,US,
ORD-004857,2023-10-24,CUST-00884,cust-00884@lumenmail.com,Accessories,2,44.87,0.15,Social,US,variant
ORD-009308,05/06/2024,CUST-00597,cust-00597@lumenmail.com,Outdoor,1,399.95,0.0,Social,US,control
ORD-002859,2024-09-28,CUST-02052,cust-02052@lumenmail.com,Décor,2,333.94,0.15,,CA,control
ORD-008071,2023-08-01,CUST-02210,cust-02210@lumenmail.com,Furniture,1,199.02,0.0,Social,US,control
ORD-007307,2024-12-18,CUST-00847,cust-00847@lumenmail.com,Lighting,1,277.11,0.1,Email,US,control
ORD-009575,2023-09-07,CUST-00885,cust-00885@lumenmail.com,Lighting,1,27.52,0.0,Paid Search,US,
ORD-003174,2024-02-24,CUST-01992,cust-01992@lumenmail.com,Furniture,5,82.22,0.15,Email,US,control
ORD-000568,2024-12-07,CUST-00298,cust-00298@lumenmail.com,Furniture,3,186.77,0.05,Social,US,variant
ORD-008313,20/07/2024,CUST-02265,cust-02265@lumenmail.com,Décor,2,7.99,0.0,Paid Search,US,variant
ORD-002211,2024-11-05,CUST-02499,cust-02499@lumenmail.com,Décor,2,16.83,0.1,Paid Search,US,control
ORD-007322,20/04/2024,CUST-01340,cust-01340@lumenmail.com,Furniture,2,9.89,0.1,Paid Search,US,
ORD-008225,08/08/2024,CUST-01962,cust-01962@lumenmail.com,Lighting,1,160.1,0.0,Paid Search,UK,
ORD-002831,07/09/2023,CUST-01875,cust-01875@lumenmail.com,Accessories,3,26.69,0.1,Paid Search,US,variant
ORD-003275,2024-03-18,,guest@lumenmail.com,Lighting,6,26.0,0.15,Organic,CA,
ORD-000142,2023-12-11,CUST-01899,cust-01899@lumenmail.com,Lighting,1,37.62,0.1,Paid Search,US,control
ORD-003298,2024-09-07,CUST-01933,cust-01933@lumenmail.com,Décor,2,78.43,0.0,Organic,US,control
ORD-008418,19/06/2023,CUST-02169,cust-02169@lumenmail.com,Lighting,5,44.26,0.0,Email,US,control
ORD-007346,2024-04-15,CUST-02073,cust-02073@lumenmail.com,Outdoor,1,39.12,0.15,Organic,US,
ORD-004654,2024-09-14,CUST-02549,cust-02549@lumenmail.com,Lighting,1,78.21,0.0,Paid Search,AU,control
ORD-000835,2024-09-24,CUST-01089,cust-01089@lumenmail.com,Furniture,1,38.2,0.0,Email,UK,
ORD-002392,2024-04-17,CUST-02082,cust-02082@lumenmail.com,Lighting,5,48.0,0.0,Paid Search,AU,
ORD-005389,2024-08-19,CUST-01165,cust-01165@lumenmail.com,Décor,2,28.94,0.0,Organic,US,control
ORD-004536,2024-07-10,CUST-01834,cust-01834@lumenmail.com,Décor,2,81.06,0.05,Organic,US,variant
ORD-000214,2023-09-14,,guest@lumenmail.com,Lighting,7,36.5,0.05,Organic,US,
ORD-002561,2024-09-15,CUST-01777,cust-01777@lumenmail.com,Accessories,2,244.77,0.05,Paid Search,US,
ORD-001278,13/04/2024,CUST-01857,cust-01857@lumenmail.com,Décor,2,16.94,0.2,Email,US,control
ORD-008573,28/01/2024,CUST-01656,cust-01656@lumenmail.com,Décor,3,40.58,0.2,Paid Search,US,variant
ORD-007808,2024-04-02,CUST-00132,cust-00132@lumenmail.com,Lighting,3,229.57,0.0,Organic,US,variant
ORD-001522,2024-01-09,CUST-01261,cust-01261@lumenmail.com,Lighting,1,6.82,0.0,Email,US,control
ORD-006909,2024-09-10,CUST-02543,cust-02543@lumenmail.com,Lighting,1,303.17,0.1,Organic,US,variant
ORD-008475,17/11/2024,CUST-00061,cust-00061@lumenmail.com,Outdoor,1,28.92,0.0,Paid Search,US,control
ORD-004222,2023-09-18,CUST-02208,cust-02208@lumenmail.com,Furniture,4,503.95,0.05,Paid Search,US,control
ORD-004071,2023-06-03,CUST-01470,cust-01470@lumenmail.com,Décor,1,17.16,0.1,Organic,ZZ,control
ORD-004781,2024-08-21,CUST-01494,cust-01494@lumenmail.com,Lighting,6,67.51,0.1,Paid Search,US,control
ORD-005971,2023-08-17,CUST-00853,cust-00853@lumenmail.com,Lighting,1,62.9,0.15,Paid Search,US,
ORD-009226,2024-08-29,CUST-01968,cust-01968@lumenmail.com,Lighting,1,588.34,0.0,Social,CA,
ORD-005308,2023-12-30,CUST-02570,cust-02570@lumenmail.com,Lighting,2,10.81,0.05,Email,US,variant
ORD-001002,2024-03-09,CUST-02899,cust-02899@lumenmail.com,Furniture,1,46.52,0.05,Paid Search,CA,control
ORD-009154,2024-03-31,CUST-01935,cust-01935@lumenmail.com,Lighting,3,356.29,0.15,Paid Search,US,control
ORD-002953,2023-12-20,CUST-01718,cust-01718@lumenmail.com,Furniture,4,43.54,0.0,Social,UK,
ORD-004607,15/10/2024,CUST-01660,cust-01660@lumenmail.com,Accessories,4,42.01,0.0,Organic,US,
ORD-002608,30/10/2024,CUST-01123,cust-01123@lumenmail.com,Accessories,6,68.67,0.2,Organic,AU,
ORD-004436,2023-08-22,CUST-02457,cust-02457@lumenmail.com,Lighting,2,73.69,0.05,Email,US,
ORD-004544,2023-06-26,CUST-02671,cust-02671@lumenmail.com,Outdoor,3,785.02,0.25,Social,US,control
ORD-006266,14/10/2023,CUST-00950,cust-00950@lumenmail.com,Accessories,3,88.19,0.15,Social,US,control
ORD-007830,2024-05-04,CUST-02483,cust-02483@lumenmail.com,Décor,2,365.53,0.05,Paid Search,US,variant
ORD-004585,29/03/2024,CUST-01082,cust-01082@lumenmail.com,Accessories,2,81.34,0.1,Email,US,
ORD-001005,2024-01-09,CUST-01265,cust-01265@lumenmail.com,Furniture,2,75.07,0.0,Paid Search,US,
ORD-007697,31/12/2023,CUST-01586,cust-01586@lumenmail.com,Lighting,2,66.72,0.1,Organic,UK,
ORD-002019,2024-01-23,CUST-01761,cust-01761@lumenmail.com,Furniture,1,468.33,0.15,Organic,CA,variant
ORD-005521,2023-11-11,CUST-00162,cust-00162@lumenmail.com,Lighting,3,30.07,0.1,Paid Search,US,
ORD-003433,26/06/2024,CUST-01677,cust-01677@lumenmail.com,Furniture,4,15.14,0.0,Email,US,
ORD-002049,03/03/2024,CUST-01654,cust-01654@lumenmail.com,Accessories,1,25.77,0.0,Email,US,
ORD-004089,26/08/2023,CUST-02906,cust-02906@lumenmail.com,Furniture,1,89.75,0.05,Organic,US,
ORD-002791,2023-10-19,CUST-02020,cust-02020@lumenmail.com,Furniture,3,82.54,0.2,Email,CA,control
ORD-006536,2024-01-02,CUST-01157,cust-01157@lumenmail.com,Lighting,3,68.37,0.0,Organic,AU,
ORD-006904,02/07/2023,CUST-00327,cust-00327@lumenmail.com,Furniture,2,60.47,0.05,Email,CA,
ORD-007849,2023-12-28,CUST-01208,cust-01208@lumenmail.com,Lighting,3,76.75,0.1,Paid Search,US,
ORD-002397,2024-08-06,CUST-02596,cust-02596@lumenmail.com,Lighting,-2,121.08,0.0,Paid Search,US,control
ORD-006504,2024-02-02,,guest@lumenmail.com,Décor,2,60.25,0.0,Social,CA,variant
ORD-004891,19/04/2024,CUST-00260,cust-00260@lumenmail.com,Lighting,3,97.62,0.15,Email,US,control
ORD-003812,2023-08-21,CUST-00727,cust-00727@lumenmail.com,Lighting,7,71.74,0.0,Organic,US,control
ORD-000224,2024-08-18,CUST-01569,cust-01569@lumenmail.com,Lighting,1,167.09,0.0,Paid Search,UK,
ORD-004981,28/04/2024,CUST-00993,cust-00993@lumenmail.com,Accessories,2,82.59,0.0,Paid Search,US,
ORD-009008,2023-07-01,CUST-01929,cust-01929@lumenmail.com,Outdoor,1,8.81,0.0,Paid Search,US,control
ORD-007813,2023-06-06,CUST-02644,cust-02644@lumenmail.com,Lighting,2,8.26,0.05,Paid Search,US,control
ORD-000493,28/02/2024,CUST-01821,cust-01821@lumenmail.com,Décor,3,773.74,0.0,Paid Search,US,variant
ORD-006354,2023-12-17,CUST-00236,cust-00236@lumenmail.com,Outdoor,4,90.22,0.05,Organic,US,control
ORD-001675,2024-07-10,CUST-01889,cust-01889@lumenmail.com,Décor,2,7.04,0.1,Social,US,
ORD-007060,10/04/2024,CUST-01604,cust-01604@lumenmail.com,Lighting,4,8.99,0.0,Email,UK,control
ORD-000537,2024-03-30,CUST-01029,cust-01029@lumenmail.com,Lighting,3,78.1,0.2,Organic,US,
ORD-008352,2024-01-27,,guest@lumenmail.com,Décor,1,33.05,0.2,Organic,CA,
ORD-003889,08/01/2024,,guest@lumenmail.com,Décor,2,69.06,0.15,Paid Search,US,
ORD-004703,2023-06-19,CUST-01358,cust-01358@lumenmail.com,Accessories,2,122.19,0.05,Email,US,variant
ORD-006713,2024-10-05,CUST-00417,cust-00417@lumenmail.com,Outdoor,1,149.33,0.05,Email,CA,control
ORD-004357,2024-01-06,CUST-01020,cust-01020@lumenmail.com,Accessories,1,21.6,0.2,Paid Search,US,
ORD-000753,2024-03-23,CUST-00215,cust-00215@lumenmail.com,Lighting,1,5.14,0.15,Organic,US,
ORD-002812,2023-11-25,CUST-02460,cust-02460@lumenmail.com,Outdoor,1,173.07,0.15,Paid Search,US,control
ORD-002141,04/03/2024,CUST-01027,cust-01027@lumenmail.com,Lighting,2,7.14,0.0,Paid Search,US,
ORD-006614,2024-02-08,CUST-01661,cust-01661@lumenmail.com,Furniture,2,89.49,0.05,Email,US,
ORD-000441,2023-12-11,CUST-00641,cust-00641@lumenmail.com,Furniture,4,56.12,0.0,Paid Search,US,variant
ORD-008037,2024-10-17,CUST-01970,cust-01970@lumenmail.com,Accessories,1,19.92,0.05,Email,UK,
ORD-005757,2024-12-06,CUST-01973,cust-01973@lumenmail.com,Furniture,1,92.17,0.0,Organic,US,
ORD-003842,2023-06-05,CUST-02167,cust-02167@lumenmail.com,Lighting,1,278.34,0.15,Organic,US,variant
ORD-009523,08/12/2024,CUST-00064,cust-00064@lumenmail.com,Lighting,1,785.28,0.1,Paid Search,US,
ORD-009552,2024-08-16,CUST-00086,cust-00086@lumenmail.com,Décor,1,750.67,0.0,Organic,CA,
ORD-004590,2024-10-06,CUST-00408,cust-00408@lumenmail.com,Lighting,1,338.36,0.0,Paid Search,UK,
ORD-008245,27/11/2024,CUST-02258,cust-02258@lumenmail.com,Lighting,1,54.46,0.05,,US,control
ORD-007931,2023-07-10,CUST-02242,cust-02242@lumenmail.com,Lighting,3,20.17,0.0,Paid Search,US,
ORD-001310,2023-06-02,CUST-00978,cust-00978@lumenmail.com,Lighting,1,27.09,0.05,Paid Search,CA,control
ORD-008751,2023-06-01,CUST-02134,cust-02134@lumenmail.com,Décor,1,86.64,0.0,Email,ZZ,
ORD-007485,2024-05-14,CUST-02032,cust-02032@lumenmail.com,Lighting,1,99.88,0.1,Social,CA,control
ORD-006969,16/07/2024,CUST-02765,cust-02765@lumenmail.com,Décor,3,227.4,0.05,Paid Search,US,variant
ORD-004846,2023-07-05,CUST-00935,cust-00935@lumenmail.com,Furniture,1,12.13,0.2,Organic,AU,
ORD-009300,29/07/2024,CUST-00615,cust-00615@lumenmail.com,Furniture,4,174.95,0.2,Email,US,control
ORD-007776,2023-10-04,CUST-02035,cust-02035@lumenmail.com,Décor,4,21.17,0.1,Social,UK,variant
ORD-004041,2024-01-04,CUST-02251,cust-02251@lumenmail.com,Lighting,2,69.06,0.0,Social,ZZ,
ORD-001141,2023-11-04,CUST-02718,cust-02718@lumenmail.com,Lighting,2,10.67,0.1,Email,US,variant
ORD-004860,28/08/2023,CUST-00428,cust-00428@lumenmail.com,Furniture,2,131.03,0.25,Email,US,variant
ORD-000395,28/11/2024,CUST-00729,cust-00729@lumenmail.com,Furniture,3,181.56,0.0,Email,CA,variant
ORD-008650,2023-12-02,CUST-02640,cust-02640@lumenmail.com,Furniture,7,644.58,0.05,Paid Search,US,variant
ORD-000378,2024-09-24,CUST-02476,cust-02476@lumenmail.com,Outdoor,1,99.35,0.1,,CA,control
ORD-004995,11/08/2024,CUST-00788,cust-00788@lumenmail.com,Décor,4,0.0,0.15,Social,US,variant
ORD-007140,2023-09-21,CUST-01703,cust-01703@lumenmail.com,Lighting,1,92.01,0.0,Organic,US,control
ORD-001436,2023-07-11,,guest@lumenmail.com,Lighting,1,348.05,0.0,,US,control
ORD-001117,2023-12-23,CUST-02070,cust-02070@lumenmail.com,Lighting,1,125.43,0.1,Organic,CA,
ORD-004217,2023-10-07,,guest@lumenmail.com,Furniture,-3,14.91,0.1,Paid Search,US,
ORD-006079,2024-06-22,CUST-00652,cust-00652@lumenmail.com,Lighting,1,46.89,0.15,Email,US,variant
ORD-006244,2023-11-24,CUST-02101,cust-02101@lumenmail.com,Lighting,3,14.74,0.0,Email,US,
ORD-009210,2023-12-27,CUST-02998,cust-02998@lumenmail.com,Lighting,1,553.69,0.1,Paid Search,CA,variant
ORD-000683,2024-05-16,CUST-01307,cust-01307@lumenmail.com,Accessories,1,44.64,0.0,Email,CA,control
ORD-009494,2024-03-18,CUST-01281,cust-01281@lumenmail.com,Lighting,1,15.97,0.0,Email,US,
ORD-009125,2024-05-19,CUST-01607,cust-01607@lumenmail.com,Furniture,6,770.35,0.15,Organic,UK,variant
ORD-006792,2024-02-12,CUST-01350,cust-01350@lumenmail.com,Lighting,3,5.29,0.1,,US,variant
ORD-006627,2024-06-18,CUST-00519,cust-00519@lumenmail.com,Décor,3,15.54,0.0,,US,control
ORD-002465,2023-11-28,CUST-00852,cust-00852@lumenmail.com,Furniture,1,26.43,0.05,Email,UK,control
ORD-003023,2024-04-13,CUST-01981,cust-01981@lumenmail.com,Lighting,1,603.92,0.0,Email,US,control
ORD-005108,2024-06-14,CUST-00041,cust-00041@lumenmail.com,Lighting,1,40.68,0.05,Paid Search,US,variant
ORD-009172,2024-09-26,CUST-02130,cust-02130@lumenmail.com,Furniture,-1,88.69,0.2,Organic,US,variant
ORD-000615,2023-11-21,CUST-01778,cust-01778@lumenmail.com,Furniture,7,41.18,0.0,Paid Search,US,control
ORD-009035,2024-01-25,CUST-02528,cust-02528@lumenmail.com,Outdoor,1,249.85,0.0,Email,US,variant
ORD-004299,2023-06-06,CUST-01365,cust-01365@lumenmail.com,Lighting,1,405.93,0.0,Email,US,
ORD-005381,2023-06-06,CUST-01278,cust-01278@lumenmail.com,Accessories,1,67.01,0.15,Organic,US,control
ORD-002537,14/08/2024,CUST-02946,cust-02946@lumenmail.com,Décor,2,11.37,0.05,Email,US,
ORD-003427,2024-04-17,CUST-02412,cust-02412@lumenmail.com,Décor,1,11.82,0.15,Email,UK,
ORD-006683,07/08/2024,CUST-00974,cust-00974@lumenmail.com,Furniture,1,45.13,0.05,Email,US,
ORD-009314,2024-11-22,CUST-00922,cust-00922@lumenmail.com,Décor,1,55.02,0.0,Organic,US,control
ORD-005843,2024-04-29,CUST-00945,cust-00945@lumenmail.com,Lighting,3,22.49,0.0,Email,UK,control
ORD-001657,2024-07-01,CUST-02499,cust-02499@lumenmail.com,Furniture,2,5.3,0.2,Paid Search,US,
ORD-008353,2024-02-27,CUST-01339,cust-01339@lumenmail.com,Lighting,2,63.75,0.0,Paid Search,US,control
ORD-002620,2023-12-25,CUST-02457,cust-02457@lumenmail.com,Lighting,2,8.08,0.0,Paid Search,ZZ,
ORD-002900,2023-07-26,CUST-00335,cust-00335@lumenmail.com,Furniture,1,709.79,0.05,Paid Search,US,control
ORD-008679,2023-09-11,CUST-00132,cust-00132@lumenmail.com,Lighting,3,505.01,0.05,Email,US,
ORD-000450,2024-02-29,CUST-00629,cust-00629@lumenmail.com,Lighting,2,149.05,0.15,Social,US,control
ORD-005681,17/08/2024,CUST-00203,cust-00203@lumenmail.com,Accessories,7,49.51,0.0,Organic,CA,control
ORD-002338,2024-08-14,CUST-00436,cust-00436@lumenmail.com,Furniture,5,64.92,0.15,Paid Search,US,
ORD-007343,2024-03-12,,guest@lumenmail.com,Accessories,1,82.03,0.0,Paid Search,US,control
ORD-003189,2024-07-15,CUST-01760,cust-01760@lumenmail.com,Lighting,1,399.94,0.0,Organic,UK,
ORD-007189,2023-07-25,CUST-01753,cust-01753@lumenmail.com,Lighting,2,7.96,0.0,Social,US,control
ORD-001296,2024-05-07,CUST-02893,cust-02893@lumenmail.com,Furniture,1,190.93,0.1,Paid Search,UK,control
ORD-008078,02/07/2024,CUST-00074,cust-00074@lumenmail.com,Accessories,2,199.18,0.15,Organic,US,
ORD-004430,2023-11-30,CUST-02179,cust-02179@lumenmail.com,Furniture,7,771.38,0.0,Organic,US,variant
ORD-008076,2023-08-20,CUST-00403,cust-00403@lumenmail.com,Décor,3,30.26,0.05,Social,US,variant
ORD-008701,2024-06-26,CUST-02281,cust-02281@lumenmail.com,Décor,1,93.87,0.0,Email,US,control
ORD-003696,2024-04-04,CUST-00251,cust-00251@lumenmail.com,Décor,2,159.58,0.0,Paid Search,US,variant
ORD-009395,12/06/2024,CUST-02185,cust-02185@lumenmail.com,Furniture,1,195.38,0.0,Social,UK,
ORD-000811,2024-03-11,CUST-01136,cust-01136@lumenmail.com,Décor,2,182.15,0.0,Paid Search,US,variant
ORD-001750,2024-11-17,CUST-02374,cust-02374@lumenmail.com,Décor,3,126.62,0.0,Paid Search,US,control
ORD-008231,2023-07-08,CUST-00885,cust-00885@lumenmail.com,Furniture,2,35.1,0.0,Email,US,variant
ORD-001021,2024-03-04,CUST-01417,cust-01417@lumenmail.com,Furniture,2,184.8,0.0,Paid Search,ZZ,control
ORD-001679,2024-06-03,CUST-02788,cust-02788@lumenmail.com,Décor,3,0.0,0.15,Social,US,control
ORD-006820,2023-06-17,CUST-01438,cust-01438@lumenmail.com,Furniture,2,46.0,0.05,,US,
ORD-006407,2023-08-05,CUST-00543,cust-00543@lumenmail.com,Outdoor,5,20.12,0.15,Social,AU,control
ORD-001891,2024-09-07,,guest@lumenmail.com,Lighting,1,30.83,0.1,,US,
ORD-001924,2024-07-14,CUST-00077,cust-00077@lumenmail.com,Lighting,1,132.79,0.05,Paid Search,US,control
ORD-007693,30/08/2024,CUST-01153,cust-01153@lumenmail.com,Furniture,1,82.53,0.0,Email,US,control
ORD-004867,25/08/2023,CUST-02664,cust-02664@lumenmail.com,Lighting,1,90.69,0.0,Organic,US,
ORD-001231,30/12/2024,CUST-00731,cust-00731@lumenmail.com,Lighting,3,94.09,0.0,Social,US,variant
ORD-006006,2024-02-06,CUST-00918,cust-00918@lumenmail.com,Furniture,1,9.4,0.25,Email,UK,variant
ORD-003853,2023-10-23,CUST-00084,cust-00084@lumenmail.com,Décor,1,207.52,0.0,Paid Search,CA,variant
ORD-003079,2024-10-11,,guest@lumenmail.com,Accessories,4,5.4,0.05,Email,US,control
ORD-003609,2024-06-01,CUST-00873,cust-00873@lumenmail.com,Lighting,1,44.01,0.0,Social,UK,control
ORD-004936,2024-04-06,CUST-00991,cust-00991@lumenmail.com,Décor,1,9.16,0.1,Email,US,variant
ORD-002028,2023-07-15,CUST-01588,cust-01588@lumenmail.com,Lighting,1,44.39,0.1,Paid Search,US,
ORD-008059,2024-10-10,CUST-01235,cust-01235@lumenmail.com,Décor,1,99.41,0.0,Paid Search,US,control
ORD-008879,2023-09-19,CUST-00337,cust-00337@lumenmail.com,Décor,1,67.52,0.2,Email,US,
ORD-006607,2024-05-23,CUST-02861,cust-02861@lumenmail.com,Lighting,2,216.84,0.0,Paid Search,US,variant
ORD-003552,2024-11-16,CUST-02444,cust-02444@lumenmail.com,Lighting,1,439.87,0.05,Email,US,variant
ORD-003274,2024-12-03,CUST-02179,cust-02179@lumenmail.com,Décor,3,30.53,0.0,Social,CA,control
ORD-007745,2023-12-18,CUST-02923,cust-02923@lumenmail.com,Accessories,1,5.01,0.25,Paid Search,US,control
ORD-009280,2024-11-20,CUST-00074,cust-00074@lumenmail.com,Décor,-1,76.09,0.0,,CA,
ORD-006062,2023-08-29,CUST-02478,cust-02478@lumenmail.com,Lighting,1,30.12,0.0,Social,US,variant
ORD-003718,2023-06-27,CUST-01228,cust-01228@lumenmail.com,Lighting,1,6.43,0.05,Email,UK,variant
ORD-002119,2023-07-06,CUST-02619,cust-02619@lumenmail.com,Outdoor,2,76.87,0.0,Paid Search,US,control
ORD-007128,2024-08-27,CUST-00598,cust-00598@lumenmail.com,Lighting,1,34.27,0.2,Organic,US,control
ORD-009303,,CUST-02801,cust-02801@lumenmail.com,Accessories,3,282.47,0.15,Paid Search,US,control
ORD-005978,2023-06-06,CUST-00632,cust-00632@lumenmail.com,Lighting,1,21.11,0.0,Paid Search,US,variant
ORD-006862,2024-08-02,CUST-00583,cust-00583@lumenmail.com,Décor,1,196.9,0.0,Organic,US,control
ORD-005446,2024-09-26,CUST-01340,cust-01340@lumenmail.com,Furniture,1,27.78,0.0,Paid Search,CA,
ORD-008702,2023-08-30,CUST-01181,cust-01181@lumenmail.com,Lighting,1,39.24,0.1,Paid Search,US,
ORD-007088,2024-10-07,CUST-01176,cust-01176@lumenmail.com,Décor,3,110.42,0.0,Organic,UK,
ORD-000280,2023-09-24,CUST-01690,cust-01690@lumenmail.com,Furniture,3,62.56,0.05,Email,US,
ORD-004183,23/11/2024,CUST-00996,cust-00996@lumenmail.com,Outdoor,1,164.16,0.05,Email,US,
ORD-004588,2024-03-28,CUST-00050,cust-00050@lumenmail.com,Furniture,2,33.05,0.0,Email,US,
ORD-006383,2023-08-22,CUST-01005,cust-01005@lumenmail.com,Lighting,3,278.32,0.05,Organic,US,variant
ORD-001184,2024-12-05,CUST-02187,cust-02187@lumenmail.com,Lighting,2,39.27,0.05,Organic,US,control
ORD-000226,2023-06-12,,guest@lumenmail.com,Outdoor,1,750.13,0.2,Organic,US,
ORD-009284,2023-11-08,CUST-02008,cust-02008@lumenmail.com,Décor,1,26.77,0.05,,CA,
ORD-002112,2024-07-23,CUST-01426,cust-01426@lumenmail.com,Lighting,1,71.7,0.0,Paid Search,UK,
ORD-000481,2024-02-22,CUST-01896,cust-01896@lumenmail.com,Lighting,3,71.13,0.0,Social,US,control
ORD-005790,2024-11-06,CUST-01685,cust-01685@lumenmail.com,Décor,3,35.3,0.15,Paid Search,US,
ORD-001218,2023-09-07,CUST-00757,cust-00757@lumenmail.com,Lighting,2,38.14,0.0,Paid Search,US,control
ORD-003829,2023-08-03,CUST-00793,cust-00793@lumenmail.com,Décor,2,28.68,0.0,Social,UK,
ORD-005888,2024-02-12,,guest@lumenmail.com,Accessories,2,392.88,0.05,Paid Search,US,
ORD-005470,2023-08-25,CUST-00775,cust-00775@lumenmail.com,Décor,1,77.51,0.05,Email,US,control
ORD-003281,2023-11-19,CUST-00960,cust-00960@lumenmail.com,Décor,2,179.37,0.0,Paid Search,US,
ORD-002830,2024-04-17,CUST-00994,cust-00994@lumenmail.com,Furniture,3,295.58,0.0,Organic,US,variant
ORD-001704,2023-07-30,CUST-02072,cust-02072@lumenmail.com,Décor,1,160.28,0.0,Email,US,variant
ORD-005939,2023-06-03,CUST-00513,cust-00513@lumenmail.com,Outdoor,5,84.11,0.15,,US,
ORD-007866,2023-06-26,CUST-02192,cust-02192@lumenmail.com,Outdoor,1,10.86,0.0,Email,UK,
ORD-002209,18/09/2024,CUST-02645,cust-02645@lumenmail.com,Furniture,2,6.18,0.0,Organic,US,control
ORD-004567,2024-10-13,CUST-02238,cust-02238@lumenmail.com,Lighting,1,94.69,0.05,Organic,CA,
ORD-004471,2024-07-11,CUST-00358,cust-00358@lumenmail.com,Furniture,1,177.03,0.05,Paid Search,US,control
ORD-007404,2024-04-12,,guest@lumenmail.com,Lighting,-1,194.61,0.05,Email,UK,variant
ORD-007169,2024-12-01,CUST-00704,cust-00704@lumenmail.com,Lighting,3,17.39,0.2,,CA,variant
ORD-006175,06/06/2024,CUST-00259,cust-00259@lumenmail.com,Lighting,3,77.95,0.0,Social,ZZ,variant
ORD-008529,2024-12-17,CUST-02254,cust-02254@lumenmail.com,Furniture,1,198.29,0.15,Paid Search,UK,variant
ORD-007348,2023-09-05,CUST-00042,cust-00042@lumenmail.com,Décor,1,74.13,0.1,,US,
ORD-001311,2023-06-10,CUST-01910,cust-01910@lumenmail.com,Lighting,3,111.69,0.05,Email,US,variant
ORD-005504,2023-08-02,CUST-01442,cust-01442@lumenmail.com,Outdoor,2,89.45,0.0,Paid Search,US,
ORD-002085,2023-09-09,CUST-02938,cust-02938@lumenmail.com,Accessories,1,0.0,0.05,Paid Search,UK,
ORD-004583,2024-05-20,CUST-00527,cust-00527@lumenmail.com,Décor,2,772.76,0.0,Paid Search,US,variant
ORD-003082,2024-01-19,CUST-02055,cust-02055@lumenmail.com,Lighting,1,71.86,0.15,Social,AU,
ORD-004367,2024-03-17,CUST-00551,cust-00551@lumenmail.com,Furniture,1,698.94,0.0,Paid Search,US,
ORD-005931,2024-04-23,CUST-02935,cust-02935@lumenmail.com,Outdoor,1,38.14,0.0,Paid Search,UK,variant
ORD-000382,02/12/2024,CUST-02068,cust-02068@lumenmail.com,Lighting,1,46.89,0.05,Email,US,variant
ORD-004138,2024-11-22,CUST-00364,cust-00364@lumenmail.com,Décor,3,30.49,0.0,Paid Search,UK,
ORD-003099,2024-07-10,CUST-00180,cust-00180@lumenmail.com,Lighting,1,784.27,0.0,Social,CA,variant
ORD-002371,2024-08-12,CUST-02344,cust-02344@lumenmail.com,Décor,1,36.61,0.05,Paid Search,US,
ORD-009438,2024-02-16,CUST-00845,cust-00845@lumenmail.com,Furniture,1,245.06,0.0,Organic,US,variant
ORD-004837,2024-11-07,CUST-01623,cust-01623@lumenmail.com,Furniture,1,35.02,0.1,Paid Search,CA,
ORD-000725,2024-03-01,CUST-02081,cust-02081@lumenmail.com,Lighting,1,230.22,0.15,Paid Search,US,
ORD-000432,2023-12-26,CUST-00511,cust-00511@lumenmail.com,Lighting,1,98.5,0.0,Paid Search,US,variant
ORD-007833,2024-01-13,CUST-01165,cust-01165@lumenmail.com,Lighting,1,0.0,0.15,Email,US,control
ORD-003787,2023-09-30,CUST-01283,cust-01283@lumenmail.com,Décor,3,10.61,0.2,Paid Search,US,
ORD-002769,2024-05-12,CUST-02214,cust-02214@lumenmail.com,Lighting,1,77.76,0.15,Email,US,
ORD-005959,2024-10-07,CUST-00827,cust-00827@lumenmail.com,Décor,-3,267.98,0.1,Social,US,control
ORD-008321,2024-05-10,CUST-01728,cust-01728@lumenmail.com,Décor,1,25.0,0.0,Social,US,
ORD-007875,06/09/2023,CUST-00789,cust-00789@lumenmail.com,Lighting,1,187.33,0.0,Paid Search,CA,
ORD-008086,10/02/2024,CUST-01190,cust-01190@lumenmail.com,Décor,2,609.48,0.05,Paid Search,US,
ORD-004695,2024-05-14,CUST-00152,cust-00152@lumenmail.com,Accessories,1,57.61,0.05,Email,US,
ORD-009550,2024-10-16,CUST-02341,cust-02341@lumenmail.com,Décor,1,24.45,0.0,Organic,US,variant
ORD-001084,2023-11-01,CUST-02664,cust-02664@lumenmail.com,Furniture,5,72.48,0.0,Email,UK,
ORD-007596,2024-10-05,CUST-02702,cust-02702@lumenmail.com,Outdoor,1,79.55,0.0,Email,US,control
ORD-001696,2024-01-30,CUST-01481,cust-01481@lumenmail.com,Outdoor,2,74.81,0.0,Email,US,variant
ORD-009158,2023-08-07,CUST-00070,cust-00070@lumenmail.com,Décor,2,63.04,0.0,Social,US,control
ORD-006944,2023-06-04,CUST-01350,cust-01350@lumenmail.com,Décor,2,38.55,0.15,Organic,AU,
ORD-008595,2023-06-07,CUST-02322,cust-02322@lumenmail.com,Lighting,-1,153.41,0.0,Organic,CA,
ORD-002114,2024-02-21,CUST-01261,cust-01261@lumenmail.com,Outdoor,4,577.04,0.05,Organic,AU,variant
ORD-005182,30/08/2024,CUST-00735,cust-00735@lumenmail.com,Accessories,1,90.29,0.1,Organic,UK,control
ORD-000535,2024-07-27,CUST-02205,cust-02205@lumenmail.com,Furniture,2,72.13,0.15,Organic,US,variant
ORD-007674,2024-04-23,CUST-00070,cust-00070@lumenmail.com,Lighting,1,73.74,0.0,Email,US,variant
ORD-007799,2023-06-28,CUST-00025,cust-00025@lumenmail.com,Lighting,3,47.85,0.0,Paid Search,ZZ,variant
ORD-005516,2024-12-28,CUST-02903,cust-02903@lumenmail.com,Lighting,1,617.02,0.0,Email,US,
ORD-005524,2024-06-19,CUST-00339,cust-00339@lumenmail.com,Décor,7,22.37,0.05,Email,CA,control
ORD-008327,2024-09-27,CUST-01647,cust-01647@lumenmail.com,Accessories,1,34.32,0.1,Paid Search,AU,
ORD-006254,2024-12-22,CUST-00628,cust-00628@lumenmail.com,Outdoor,2,16.12,0.15,Email,US,control
ORD-000389,2024-05-25,CUST-02454,cust-02454@lumenmail.com,Lighting,1,27.43,0.2,Email,US,control
ORD-003948,2024-11-20,CUST-01908,cust-01908@lumenmail.com,Lighting,2,55.36,0.05,Organic,AU,
ORD-007868,2024-05-24,CUST-01492,cust-01492@lumenmail.com,Décor,5,556.45,0.0,Paid Search,US,
ORD-005406,2024-05-16,CUST-00380,cust-00380@lumenmail.com,Lighting,2,99.61,0.1,Organic,ZZ,control
ORD-007130,2023-08-13,CUST-00280,cust-00280@lumenmail.com,Outdoor,5,173.39,0.2,Email,US,control
ORD-000635,,CUST-02691,cust-02691@lumenmail.com,Lighting,1,66.6,0.0,Organic,US,control
ORD-006376,2024-01-18,CUST-01467,cust-01467@lumenmail.com,Décor,4,10.5,0.1,Email,UK,
ORD-006333,2024-11-13,CUST-02393,cust-02393@lumenmail.com,Lighting,1,740.55,0.0,Social,US,
ORD-004818,2023-09-26,CUST-00628,cust-00628@lumenmail.com,Lighting,2,43.06,0.0,Social,US,variant
ORD-005725,2024-07-21,,guest@lumenmail.com,Décor,1,32.97,0.15,Paid Search,UK,control
ORD-005704,2024-12-15,CUST-00461,cust-00461@lumenmail.com,Décor,2,44.64,0.05,Email,US,control
ORD-005401,31/12/2023,CUST-01055,cust-01055@lumenmail.com,Accessories,1,173.1,0.05,Organic,AU,
ORD-000391,2023-11-20,CUST-02336,cust-02336@lumenmail.com,Lighting,1,70.23,0.05,Organic,ZZ,variant
ORD-003646,08/07/2024,CUST-02702,cust-02702@lumenmail.com,Décor,1,73.67,0.1,Email,CA,
ORD-004548,22/11/2023,CUST-01623,cust-01623@lumenmail.com,Décor,1,27.99,0.0,Organic,US,
ORD-004482,2023-09-23,CUST-02224,cust-02224@lumenmail.com,Lighting,1,578.72,0.05,Paid Search,US,
ORD-006675,2023-08-18,CUST-00946,cust-00946@lumenmail.com,Lighting,3,194.62,0.0,Organic,US,variant
ORD-002616,2024-08-26,CUST-02769,cust-02769@lumenmail.com,Lighting,2,64.95,0.0,Email,US,
ORD-006722,2023-10-06,CUST-00488,cust-00488@lumenmail.com,Lighting,1,268.78,0.0,Email,US,
ORD-007913,2023-12-16,CUST-02517,cust-02517@lumenmail.com,Décor,2,131.26,0.0,Paid Search,US,control
ORD-004268,2024-07-09,CUST-02354,cust-02354@lumenmail.com,Lighting,1,100.21,0.0,Social,US,variant
ORD-004877,01/02/2024,CUST-02287,cust-02287@lumenmail.com,Accessories,1,514.16,0.0,Email,AU,control
ORD-001841,2024-10-27,CUST-02114,cust-02114@lumenmail.com,Furniture,2,34.17,0.0,Social,US,
ORD-005040,2024-07-15,CUST-01929,cust-01929@lumenmail.com,Furniture,1,93.94,0.2,Paid Search,US,
ORD-003944,2023-08-23,,guest@lumenmail.com,Lighting,1,78.62,0.15,Paid Search,CA,control
ORD-004645,2024-09-21,CUST-01372,cust-01372@lumenmail.com,Outdoor,6,326.3,0.1,Email,UK,
ORD-004255,2023-09-06,CUST-00929,cust-00929@lumenmail.com,Lighting,1,247.14,0.0,Paid Search,US,
ORD-008754,2023-10-03,CUST-02342,cust-02342@lumenmail.com,Lighting,7,135.55,0.0,Social,ZZ,
ORD-006664,2024-10-18,CUST-00451,cust-00451@lumenmail.com,Furniture,1,81.84,0.0,Paid Search,CA,variant
ORD-001049,2023-07-10,CUST-01843,cust-01843@lumenmail.com,Lighting,3,103.42,0.0,Organic,US,variant
ORD-001125,2023-08-21,CUST-02107,cust-02107@lumenmail.com,Décor,4,94.16,0.05,Social,US,
ORD-008309,2023-06-08,CUST-00582,cust-00582@lumenmail.com,Décor,5,314.05,0.0,Email,UK,
ORD-001843,2024-10-26,CUST-02853,cust-02853@lumenmail.com,Décor,1,391.54,0.1,Organic,ZZ,
ORD-001040,2024-03-10,CUST-01466,cust-01466@lumenmail.com,Lighting,2,37.17,0.0,,US,
ORD-004898,2024-12-08,CUST-02477,cust-02477@lumenmail.com,Décor,1,29.25,0.0,Email,US,
ORD-009113,2023-11-02,,guest@lumenmail.com,Furniture,1,21.28,0.15,Organic,US,control
ORD-002746,2024-11-06,CUST-02052,cust-02052@lumenmail.com,Furniture,3,34.55,0.0,Social,US,
ORD-004213,2023-10-18,CUST-02362,cust-02362@lumenmail.com,Lighting,1,74.81,0.15,Organic,US,control
ORD-005618,2024-09-05,CUST-00632,cust-00632@lumenmail.com,Lighting,1,45.94,0.0,Paid Search,US,
ORD-007852,2023-11-28,CUST-01807,cust-01807@lumenmail.com,Outdoor,1,679.8,0.05,Social,US,variant
ORD-005321,2024-01-24,CUST-01114,cust-01114@lumenmail.com,Lighting,3,39.14,0.05,Email,US,control
ORD-007309,2024-04-14,CUST-02334,cust-02334@lumenmail.com,Furniture,2,52.29,0.1,Social,US,variant
ORD-000554,2024-06-01,CUST-02149,cust-02149@lumenmail.com,Décor,1,14.08,0.05,Social,US,
ORD-008417,2023-12-28,,guest@lumenmail.com,Outdoor,2,82.03,0.1,Organic,US,variant
ORD-004111,2024-08-23,CUST-01375,cust-01375@lumenmail.com,Décor,1,45.94,0.0,Email,CA,
ORD-009283,2024-10-31,CUST-02712,cust-02712@lumenmail.com,Furniture,2,23.01,0.05,Social,US,variant
ORD-001928,2024-05-03,CUST-00773,cust-00773@lumenmail.com,Lighting,1,177.53,0.0,Email,US,variant
ORD-001796,26/05/2024,CUST-00474,cust-00474@lumenmail.com,Décor,2,17.67,0.05,Email,CA,control
ORD-003148,2024-07-26,CUST-02523,cust-02523@lumenmail.com,Décor,1,48.6,0.0,Email,US,variant
ORD-004686,2023-11-20,CUST-02238,cust-02238@lumenmail.com,Lighting,2,74.4,0.1,Email,US,variant
ORD-005967,2024-02-20,CUST-00719,cust-00719@lumenmail.com,Lighting,5,161.84,0.0,Email,CA,variant
ORD-007715,21/02/2024,CUST-00387,cust-00387@lumenmail.com,Outdoor,1,20.78,0.0,Paid Search,US,control
ORD-004989,2024-01-04,CUST-00795,cust-00795@lumenmail.com,Lighting,1,66.83,0.0,Social,US,control
ORD-005095,2024-11-17,CUST-00032,cust-00032@lumenmail.com,Lighting,1,66.98,0.05,Organic,UK,
ORD-007462,2023-10-04,CUST-02190,cust-02190@lumenmail.com,Furniture,2,217.24,0.0,Paid Search,CA,
ORD-003537,2024-03-03,CUST-00998,cust-00998@lumenmail.com,Décor,1,193.32,0.05,Email,UK,variant
ORD-001037,2024-01-24,CUST-00949,cust-00949@lumenmail.com,Outdoor,4,30.8,0.0,Paid Search,CA,
ORD-007010,31/12/2023,CUST-02218,cust-02218@lumenmail.com,Décor,1,72.64,0.0,Paid Search,CA,
ORD-004396,2024-11-27,CUST-01140,cust-01140@lumenmail.com,Accessories,1,356.04,0.05,Email,US,
ORD-007985,2024-03-06,CUST-00813,cust-00813@lumenmail.com,Lighting,3,172.8,0.0,Paid Search,US,
ORD-002121,2023-12-29,,guest@lumenmail.com,Outdoor,1,36.28,0.0,,US,variant
ORD-002849,2023-11-21,,guest@lumenmail.com,Outdoor,2,192.9,0.0,Email,US,
ORD-002660,2024-08-12,CUST-02716,cust-02716@lumenmail.com,Lighting,1,122.67,0.05,Paid Search,US,
ORD-001510,2024-01-09,CUST-00785,cust-00785@lumenmail.com,Lighting,3,177.6,0.05,Paid Search,US,variant
ORD-009517,2024-09-16,CUST-00247,cust-00247@lumenmail.com,Décor,1,367.61,0.1,Paid Search,US,
ORD-001627,17/01/2024,CUST-00628,cust-00628@lumenmail.com,Lighting,5,177.55,0.2,Paid Search,US,
ORD-002343,2024-02-22,CUST-01260,cust-01260@lumenmail.com,Décor,1,103.18,0.0,Email,UK,
ORD-004786,2024-06-08,CUST-00069,cust-00069@lumenmail.com,Furniture,4,12.95,0.15,Organic,US,
ORD-002508,2024-11-06,CUST-01050,cust-01050@lumenmail.com,Décor,5,151.24,0.05,Paid Search,CA,control
ORD-000506,2024-12-06,CUST-01028,cust-01028@lumenmail.com,Accessories,2,154.64,0.0,Paid Search,US,variant
ORD-006226,2024-12-16,CUST-02399,cust-02399@lumenmail.com,Décor,6,32.86,0.0,Email,AU,control
ORD-008430,14/09/2023,CUST-02829,cust-02829@lumenmail.com,Lighting,3,250.42,0.0,Social,US,
ORD-001368,30/08/2024,CUST-02908,cust-02908@lumenmail.com,Outdoor,3,304.68,0.15,Social,UK,control
ORD-006552,2024-11-20,CUST-01938,cust-01938@lumenmail.com,Lighting,2,19.28,0.0,Organic,AU,control
ORD-009134,2023-10-12,CUST-00542,cust-00542@lumenmail.com,Furniture,4,636.89,0.0,Organic,US,variant
ORD-009204,19/06/2023,,guest@lumenmail.com,Décor,-3,669.72,0.05,Email,US,
ORD-001579,2024-02-01,CUST-01255,cust-01255@lumenmail.com,Lighting,-1,37.08,0.0,Social,US,control
ORD-007705,2023-08-31,CUST-01697,cust-01697@lumenmail.com,Lighting,2,43.4,0.0,Email,US,control
ORD-005962,2024-05-23,CUST-00793,cust-00793@lumenmail.com,Lighting,1,28.31,0.25,Paid Search,AU,control
ORD-002285,2024-01-07,CUST-00313,cust-00313@lumenmail.com,Décor,4,739.13,0.1,Paid Search,US,control
ORD-003222,28/06/2024,CUST-00411,cust-00411@lumenmail.com,Lighting,1,367.16,0.1,Organic,AU,variant
ORD-002760,25/08/2024,CUST-01154,cust-01154@lumenmail.com,Furniture,1,47.63,0.0,Email,US,
ORD-000714,2023-11-18,CUST-00215,cust-00215@lumenmail.com,Lighting,2,30.31,0.2,Organic,US,variant
ORD-002156,27/09/2024,CUST-00585,cust-00585@lumenmail.com,Lighting,1,11.32,0.0,Paid Search,US,control
ORD-005065,2024-05-11,CUST-00768,cust-00768@lumenmail.com,Décor,2,38.81,0.1,Email,US,control
ORD-003651,2024-05-07,CUST-02398,cust-02398@lumenmail.com,Furniture,2,66.42,0.2,Email,US,
ORD-000269,05/09/2024,CUST-02332,cust-02332@lumenmail.com,Lighting,1,677.93,0.05,Social,US,
ORD-007907,2024-10-28,CUST-02807,cust-02807@lumenmail.com,Furniture,2,158.73,0.15,Email,US,
ORD-005366,2023-08-22,CUST-00498,cust-00498@lumenmail.com,Outdoor,1,716.86,0.0,Email,UK,
ORD-008967,05/12/2024,CUST-01447,cust-01447@lumenmail.com,Outdoor,1,152.5,0.0,Email,CA,control
ORD-006097,2023-09-09,CUST-02408,cust-02408@lumenmail.com,Décor,2,24.57,0.1,Organic,US,control
ORD-000147,27/12/2024,CUST-02953,cust-02953@lumenmail.com,Outdoor,1,24.15,0.15,,US,control
ORD-000809,16/10/2024,CUST-00471,cust-00471@lumenmail.com,Décor,4,283.37,0.1,Social,US,variant
ORD-008891,2023-12-28,CUST-00912,cust-00912@lumenmail.com,Outdoor,2,28.78,0.1,Email,US,variant
ORD-007678,2024-10-27,CUST-02015,cust-02015@lumenmail.com,Furniture,3,47.62,0.0,Email,US,
ORD-003678,2024-12-27,CUST-01614,cust-01614@lumenmail.com,Accessories,1,209.57,0.0,Paid Search,US,variant
ORD-006990,2024-01-03,CUST-02212,cust-02212@lumenmail.com,Lighting,1,183.81,0.0,,CA,variant
ORD-006918,2024-11-07,CUST-00234,cust-00234@lumenmail.com,Décor,1,18.57,0.0,Email,AU,variant
ORD-002813,2024-08-08,CUST-02991,cust-02991@lumenmail.com,Furniture,1,82.82,0.05,Email,US,variant
ORD-002975,2024-12-22,CUST-00476,cust-00476@lumenmail.com,Lighting,2,109.52,0.0,Organic,AU,
ORD-000527,2024-11-23,CUST-01561,cust-01561@lumenmail.com,Lighting,1,34.31,0.1,Paid Search,US,control
ORD-008985,2024-03-15,CUST-01419,cust-01419@lumenmail.com,Lighting,2,29.26,0.0,Social,CA,
ORD-008003,2023-11-19,CUST-00117,cust-00117@lumenmail.com,Lighting,2,19.3,0.2,Paid Search,AU,control
ORD-003836,2024-06-20,CUST-01402,cust-01402@lumenmail.com,Outdoor,2,324.57,0.0,Paid Search,US,variant
ORD-005249,2024-01-06,CUST-01124,cust-01124@lumenmail.com,Accessories,1,44.43,0.0,Paid Search,US,
ORD-000807,2024-12-21,CUST-00938,cust-00938@lumenmail.com,Lighting,1,48.86,0.05,Organic,CA,variant
ORD-007374,11/08/2024,CUST-00573,cust-00573@lumenmail.com,Lighting,1,18.81,0.0,Paid Search,AU,
ORD-007230,2023-07-01,CUST-01322,cust-01322@lumenmail.com,Lighting,2,52.8,0.15,Paid Search,US,
ORD-002227,2024-10-31,CUST-02546,cust-02546@lumenmail.com,Lighting,1,82.03,0.0,Social,US,
ORD-001180,2024-07-09,CUST-02562,cust-02562@lumenmail.com,Furniture,2,197.86,0.1,Paid Search,US,variant
ORD-003583,2024-04-13,CUST-02114,cust-02114@lumenmail.com,Outdoor,3,191.16,0.1,Email,US,variant
ORD-007124,10/09/2023,CUST-02487,cust-02487@lumenmail.com,Furniture,1,120.32,0.2,Email,US,
ORD-005226,05/08/2023,CUST-01203,cust-01203@lumenmail.com,Lighting,2,58.57,0.1,Social,US,variant
ORD-001512,2024-09-29,CUST-02683,cust-02683@lumenmail.com,Furniture,3,374.07,0.05,Social,US,control
ORD-007496,2023-07-25,CUST-00757,cust-00757@lumenmail.com,Accessories,1,99.75,0.0,Paid Search,US,variant
ORD-001029,2023-07-06,,guest@lumenmail.com,Furniture,1,45.94,0.0,Email,US,control
ORD-007769,26/09/2024,CUST-00374,cust-00374@lumenmail.com,Décor,2,596.76,0.0,Email,US,control
ORD-007587,2024-07-11,,guest@lumenmail.com,Décor,2,197.28,0.05,Paid Search,US,control
ORD-006326,2024-08-15,CUST-01802,cust-01802@lumenmail.com,Décor,1,511.21,0.0,Organic,CA,variant
ORD-001552,2024-05-10,CUST-00144,cust-00144@lumenmail.com,Décor,2,46.86,0.15,Organic,US,
ORD-007835,07/02/2024,CUST-01830,cust-01830@lumenmail.com,Lighting,2,119.07,0.0,Paid Search,UK,variant
ORD-008280,2023-11-04,CUST-01211,cust-01211@lumenmail.com,Décor,-3,198.01,0.0,Social,CA,control
ORD-004092,2023-06-04,CUST-01960,cust-01960@lumenmail.com,Furniture,1,96.54,0.25,Email,US,
ORD-001194,2024-10-14,CUST-02909,cust-02909@lumenmail.com,Décor,1,96.01,0.0,Paid Search,UK,
ORD-005723,2024-09-17,CUST-01311,cust-01311@lumenmail.com,Accessories,5,81.21,0.1,Email,US,
ORD-000941,2023-12-21,CUST-01373,cust-01373@lumenmail.com,Lighting,1,160.08,0.0,Email,US,control
ORD-004277,2023-06-10,CUST-02166,cust-02166@lumenmail.com,Furniture,1,20.88,0.15,Paid Search,US,
ORD-007778,2023-12-14,CUST-02475,cust-02475@lumenmail.com,Furniture,1,17.92,0.0,Organic,CA,variant
ORD-003255,2024-05-03,CUST-01104,cust-01104@lumenmail.com,Furniture,2,89.18,0.05,Organic,US,
ORD-001187,2023-10-19,CUST-01289,cust-01289@lumenmail.com,Outdoor,1,60.32,0.0,Organic,US,variant
ORD-000342,2024-07-05,CUST-01217,cust-01217@lumenmail.com,Outdoor,1,340.5,0.0,Email,US,variant
ORD-004271,2024-05-21,CUST-02973,cust-02973@lumenmail.com,Lighting,4,155.58,0.05,Paid Search,US,
ORD-004356,2024-03-29,CUST-02975,cust-02975@lumenmail.com,Décor,4,87.89,0.0,Email,AU,
ORD-001129,2023-08-15,CUST-01235,cust-01235@lumenmail.com,Furniture,1,50.17,0.0,Paid Search,US,
ORD-007782,2024-12-28,CUST-00441,cust-00441@lumenmail.com,Lighting,3,54.7,0.0,Email,US,
ORD-003241,2023-10-22,CUST-00273,cust-00273@lumenmail.com,Outdoor,2,21.71,0.0,Paid Search,US,
ORD-007282,2024-05-03,CUST-00602,cust-00602@lumenmail.com,Décor,4,81.25,0.0,Paid Search,US,control
ORD-008242,2023-12-29,CUST-01929,cust-01929@lumenmail.com,Outdoor,1,55.02,0.0,Email,US,
ORD-002844,07/11/2024,CUST-02392,cust-02392@lumenmail.com,Outdoor,3,30.32,0.0,Social,US,
ORD-001767,2024-04-05,CUST-02711,cust-02711@lumenmail.com,Décor,4,55.59,0.2,Email,CA,control
ORD-002345,2023-06-27,CUST-00924,cust-00924@lumenmail.com,Furniture,3,67.91,0.05,Organic,US,variant
ORD-001429,17/06/2024,CUST-02517,cust-02517@lumenmail.com,Lighting,3,67.57,0.1,Email,US,control
ORD-008398,22/01/2024,CUST-00457,cust-00457@lumenmail.com,Décor,4,44.1,0.0,Social,US,variant
ORD-001626,04/11/2024,CUST-01080,cust-01080@lumenmail.com,Lighting,4,8.01,0.0,Organic,UK,
ORD-003594,2024-08-30,CUST-00550,cust-00550@lumenmail.com,Lighting,1,74.93,0.0,Paid Search,US,control
ORD-007336,2023-10-08,CUST-02926,cust-02926@lumenmail.com,Décor,2,32.7,0.0,Paid Search,CA,variant
ORD-006669,12/01/2024,CUST-01737,cust-01737@lumenmail.com,Furniture,-1,67.04,0.25,Email,US,
ORD-003282,2023-06-25,CUST-01244,cust-01244@lumenmail.com,Lighting,1,61.13,0.05,Organic,US,variant
ORD-003182,2024-05-26,CUST-00767,cust-00767@lumenmail.com,Décor,1,34.91,0.05,Paid Search,UK,control
ORD-003489,2024-08-03,CUST-00540,cust-00540@lumenmail.com,Lighting,3,124.71,0.05,Social,US,
ORD-009176,2024-01-10,,guest@lumenmail.com,Décor,3,90.35,0.0,Paid Search,US,variant
ORD-000968,08/08/2023,CUST-01931,cust-01931@lumenmail.com,Lighting,2,87.22,0.0,Paid Search,US,variant
ORD-006250,2024-04-13,CUST-02039,cust-02039@lumenmail.com,Lighting,1,73.28,0.0,Paid Search,US,variant
ORD-000266,2023-12-08,CUST-00764,cust-00764@lumenmail.com,Décor,1,248.68,0.0,Organic,CA,variant
ORD-006612,2024-04-21,CUST-01841,cust-01841@lumenmail.com,Outdoor,7,68.47,0.05,Organic,UK,control
ORD-005327,2024-08-18,CUST-00018,cust-00018@lumenmail.com,Décor,5,22.64,0.15,Email,US,
ORD-004715,25/07/2024,CUST-02604,cust-02604@lumenmail.com,Outdoor,1,25.16,0.15,Organic,US,control
ORD-008437,2023-08-23,CUST-01182,cust-01182@lumenmail.com,Outdoor,2,45.41,0.0,Paid Search,CA,variant
ORD-007383,2024-01-10,CUST-02716,cust-02716@lumenmail.com,Lighting,2,97.97,0.05,Email,US,
ORD-005453,2024-11-08,CUST-01012,cust-01012@lumenmail.com,Accessories,2,16.32,0.1,Paid Search,US,control
ORD-004777,2024-11-15,CUST-00919,cust-00919@lumenmail.com,Furniture,2,58.68,0.1,Email,US,variant
ORD-008914,2024-02-10,CUST-00605,cust-00605@lumenmail.com,Décor,1,12.31,0.0,Email,CA,variant
ORD-000831,2024-10-11,CUST-02659,cust-02659@lumenmail.com,Lighting,2,39.46,0.0,Paid Search,CA,control
ORD-004822,2023-07-12,CUST-00909,cust-00909@lumenmail.com,Accessories,3,147.6,0.05,Paid Search,CA,control
ORD-004208,2024-10-26,,guest@lumenmail.com,Décor,3,20.77,0.0,Paid Search,US,variant
ORD-000632,2024-12-20,CUST-00822,cust-00822@lumenmail.com,Furniture,4,55.95,0.0,Paid Search,US,
ORD-000861,2024-12-26,,guest@lumenmail.com,Lighting,4,50.68,0.05,Paid Search,US,control
ORD-008534,2023-10-09,CUST-00139,cust-00139@lumenmail.com,Décor,5,301.91,0.0,Email,UK,variant
ORD-001874,2024-06-07,CUST-01914,cust-01914@lumenmail.com,Décor,3,47.55,0.0,Email,CA,
ORD-007536,10/07/2024,CUST-00363,cust-00363@lumenmail.com,Lighting,2,271.09,0.0,Paid Search,US,control
ORD-000672,2023-10-12,CUST-00988,cust-00988@lumenmail.com,Lighting,6,296.04,0.2,Social,UK,control
ORD-006927,2024-07-19,CUST-00472,cust-00472@lumenmail.com,Décor,4,247.83,0.05,Social,UK,variant
ORD-006623,2024-11-06,CUST-01231,cust-01231@lumenmail.com,Décor,7,37.46,0.05,Social,ZZ,
ORD-005172,2024-10-07,CUST-02851,cust-02851@lumenmail.com,Décor,2,137.35,0.15,,US,variant
ORD-003455,2024-10-27,,guest@lumenmail.com,Accessories,6,77.12,0.1,Paid Search,US,control
ORD-000699,04/01/2024,CUST-01466,cust-01466@lumenmail.com,Décor,1,219.29,0.0,Organic,CA,variant
ORD-005963,2023-09-02,CUST-00452,cust-00452@lumenmail.com,Lighting,3,27.76,0.1,Organic,UK,variant
ORD-005441,2024-10-10,CUST-00085,cust-00085@lumenmail.com,Décor,5,13.27,0.1,Email,US,control
ORD-006177,28/07/2024,CUST-02525,cust-02525@lumenmail.com,Outdoor,4,237.51,0.05,Paid Search,US,
ORD-008091,2023-12-15,CUST-02213,cust-02213@lumenmail.com,Lighting,1,40.94,0.05,Organic,US,variant
ORD-007897,02/07/2023,,guest@lumenmail.com,Lighting,1,14.33,0.0,Organic,UK,
ORD-004722,2024-06-21,,guest@lumenmail.com,Furniture,4,141.17,0.2,Organic,UK,
ORD-003156,2023-08-19,CUST-02231,cust-02231@lumenmail.com,Outdoor,3,362.2,0.1,Organic,US,
ORD-002688,2024-08-25,CUST-02882,cust-02882@lumenmail.com,Lighting,3,361.68,0.15,Paid Search,CA,variant
ORD-003796,2023-10-22,CUST-02221,cust-02221@lumenmail.com,Lighting,2,264.91,0.2,Paid Search,US,
ORD-004176,2024-02-12,CUST-00944,cust-00944@lumenmail.com,Décor,3,130.84,0.0,Organic,UK,
ORD-003209,2024-04-21,CUST-00703,cust-00703@lumenmail.com,Lighting,1,96.55,0.15,Paid Search,US,variant
ORD-000543,2024-10-24,CUST-01440,cust-01440@lumenmail.com,Outdoor,1,759.94,0.05,Email,ZZ,variant
ORD-005553,17/08/2024,CUST-02531,cust-02531@lumenmail.com,Outdoor,1,400.97,0.15,Social,US,
ORD-003471,2023-08-25,CUST-01790,cust-01790@lumenmail.com,Furniture,2,21.43,0.2,Paid Search,US,control
ORD-007020,2023-11-22,CUST-01500,cust-01500@lumenmail.com,Furniture,5,236.98,0.05,Organic,US,
ORD-003955,2023-11-03,CUST-01043,cust-01043@lumenmail.com,Lighting,2,133.33,0.05,Social,US,variant
ORD-004123,2024-03-24,CUST-00245,cust-00245@lumenmail.com,Décor,2,26.13,0.0,Organic,US,control
ORD-000496,2023-12-10,CUST-01956,cust-01956@lumenmail.com,Décor,4,342.87,0.1,Paid Search,US,variant
ORD-006117,2023-10-12,CUST-00940,cust-00940@lumenmail.com,Outdoor,3,304.02,0.0,Organic,AU,variant
ORD-001169,15/06/2023,CUST-00586,cust-00586@lumenmail.com,Lighting,3,20.4,0.0,Email,US,control
ORD-000028,2024-08-02,CUST-00596,cust-00596@lumenmail.com,Outdoor,1,182.1,0.25,Email,US,variant
ORD-005194,2024-10-31,CUST-02170,cust-02170@lumenmail.com,Furniture,3,50.62,0.05,Email,US,control
ORD-003324,2023-10-19,CUST-01543,cust-01543@lumenmail.com,Décor,4,34.6,0.25,Organic,ZZ,
ORD-003976,2023-06-07,CUST-01925,cust-01925@lumenmail.com,Décor,1,36.64,0.0,Email,US,
ORD-007295,2024-11-06,CUST-01121,cust-01121@lumenmail.com,Décor,1,38.18,0.1,Email,US,
ORD-008504,2023-10-20,CUST-02178,cust-02178@lumenmail.com,Furniture,1,380.27,0.05,Paid Search,US,control
ORD-006011,04/06/2023,CUST-00178,cust-00178@lumenmail.com,Lighting,3,204.91,0.0,Organic,US,control
ORD-003058,2024-01-09,,guest@lumenmail.com,Furniture,2,48.22,0.0,Paid Search,US,control
ORD-008918,2023-12-05,CUST-01099,cust-01099@lumenmail.com,Lighting,3,28.31,0.05,,ZZ,
ORD-004578,2023-06-04,,guest@lumenmail.com,Décor,2,41.05,0.0,Paid Search,AU,
ORD-007252,2024-12-24,CUST-00308,cust-00308@lumenmail.com,Furniture,2,83.6,0.0,Email,US,
ORD-002510,2024-01-29,CUST-00063,cust-00063@lumenmail.com,Lighting,1,10.37,0.05,Organic,CA,variant
ORD-001901,2024-09-30,CUST-00111,cust-00111@lumenmail.com,Furniture,1,203.97,0.0,Email,US,variant
ORD-005828,2024-01-29,,guest@lumenmail.com,Lighting,2,137.29,0.1,Paid Search,US,variant
ORD-001870,2024-08-04,CUST-01043,cust-01043@lumenmail.com,Lighting,2,82.91,0.0,Paid Search,UK,variant
ORD-004983,2023-06-15,CUST-02163,cust-02163@lumenmail.com,Furniture,1,293.17,0.0,Paid Search,UK,control
ORD-006657,2024-12-16,CUST-00964,cust-00964@lumenmail.com,Furniture,4,26.87,0.05,Email,US,variant
ORD-006703,2023-12-28,,guest@lumenmail.com,Décor,1,168.75,0.2,Paid Search,US,variant
ORD-008010,2024-12-26,CUST-00553,cust-00553@lumenmail.com,Lighting,4,124.65,0.1,Email,US,
ORD-008195,2023-06-16,CUST-01909,cust-01909@lumenmail.com,Furniture,1,92.59,0.0,Email,CA,control
ORD-005863,2023-11-18,CUST-02589,cust-02589@lumenmail.com,Furniture,2,146.72,0.05,Organic,US,variant
ORD-009525,2023-07-29,CUST-01434,cust-01434@lumenmail.com,Furniture,1,43.86,0.0,Email,CA,variant
ORD-004626,2023-07-27,CUST-01217,cust-01217@lumenmail.com,Lighting,1,69.38,0.05,Organic,US,
ORD-007949,2024-02-24,CUST-00245,cust-00245@lumenmail.com,Lighting,1,240.22,0.0,Paid Search,US,control
ORD-008484,2024-12-22,CUST-00571,cust-00571@lumenmail.com,Accessories,1,159.45,0.2,Paid Search,US,control
ORD-006230,2024-07-31,CUST-01280,cust-01280@lumenmail.com,Accessories,1,386.34,0.0,Paid Search,US,variant
ORD-006420,2024-07-09,CUST-01985,cust-01985@lumenmail.com,Accessories,1,108.14,0.0,Paid Search,US,control
ORD-007595,,CUST-00447,cust-00447@lumenmail.com,Accessories,1,170.21,0.0,Social,US,variant
ORD-000165,2024-03-18,CUST-00905,cust-00905@lumenmail.com,Furniture,4,34.46,0.05,Organic,AU,
ORD-004094,2023-08-20,CUST-01156,cust-01156@lumenmail.com,Lighting,4,61.83,0.0,,UK,control
ORD-002423,2023-10-08,CUST-02513,cust-02513@lumenmail.com,Lighting,2,152.69,0.0,Email,AU,control
ORD-005436,2023-10-19,CUST-00284,cust-00284@lumenmail.com,Furniture,3,684.68,0.1,Organic,US,
ORD-001970,07/09/2023,CUST-00264,cust-00264@lumenmail.com,Lighting,1,144.34,0.0,Social,US,
ORD-006166,2023-07-28,CUST-00687,cust-00687@lumenmail.com,Accessories,2,494.15,0.15,Paid Search,US,control
ORD-004490,2024-10-02,CUST-02260,cust-02260@lumenmail.com,Lighting,5,61.49,0.0,Organic,US,
ORD-004784,21/02/2024,CUST-00770,cust-00770@lumenmail.com,Lighting,7,164.61,0.0,Social,CA,variant
ORD-007616,,CUST-00597,cust-00597@lumenmail.com,Furniture,1,352.59,0.0,,US,variant
ORD-003978,2024-01-11,CUST-00060,cust-00060@lumenmail.com,Décor,2,560.88,0.1,Email,US,variant
ORD-009528,2024-03-11,CUST-02679,cust-02679@lumenmail.com,Furniture,1,38.85,0.0,Paid Search,UK,variant
ORD-001239,2023-10-19,CUST-01181,cust-01181@lumenmail.com,Lighting,2,26.79,0.15,Paid Search,US,variant
ORD-007666,2024-07-29,CUST-01150,cust-01150@lumenmail.com,Furniture,-2,45.63,0.2,Paid Search,CA,
ORD-009533,2023-08-12,CUST-00287,cust-00287@lumenmail.com,Furniture,-2,32.24,0.25,Email,US,
ORD-004276,2024-06-08,CUST-01385,cust-01385@lumenmail.com,Lighting,2,44.42,0.0,Email,AU,
ORD-004610,2023-06-27,CUST-02770,cust-02770@lumenmail.com,Lighting,1,32.16,0.1,Email,US,control
ORD-005221,2023-09-03,CUST-02983,cust-02983@lumenmail.com,Accessories,5,94.43,0.0,Email,CA,
ORD-001158,2023-08-14,CUST-01412,cust-01412@lumenmail.com,Lighting,2,88.06,0.0,Email,CA,
ORD-003928,2024-10-20,CUST-01230,cust-01230@lumenmail.com,Lighting,1,53.69,0.2,Paid Search,US,control
ORD-002286,30/07/2024,CUST-02109,cust-02109@lumenmail.com,Furniture,1,50.05,0.1,Organic,US,
ORD-001399,2023-11-30,,guest@lumenmail.com,Décor,2,675.5,0.05,Social,UK,control
ORD-005376,2024-10-19,CUST-02265,cust-02265@lumenmail.com,Accessories,2,35.47,0.15,Paid Search,US,
ORD-000717,2024-11-17,CUST-00380,cust-00380@lumenmail.com,Lighting,1,23.98,0.1,Paid Search,US,variant
ORD-002444,2023-12-29,CUST-01859,cust-01859@lumenmail.com,Furniture,1,109.73,0.2,Organic,US,variant
ORD-008868,2024-09-13,CUST-01647,cust-01647@lumenmail.com,Furniture,2,10.83,0.05,Paid Search,CA,variant
ORD-001377,2023-07-29,CUST-01877,cust-01877@lumenmail.com,Furniture,1,25.25,0.0,Organic,US,control
ORD-002432,19/06/2024,CUST-01787,cust-01787@lumenmail.com,Lighting,1,708.9,0.0,Social,US,
ORD-003436,05/04/2024,,guest@lumenmail.com,Décor,2,76.0,0.1,Email,US,control
ORD-009102,11/08/2024,CUST-02484,cust-02484@lumenmail.com,Lighting,5,121.9,0.05,,UK,control
ORD-009295,2023-07-24,CUST-01049,cust-01049@lumenmail.com,Furniture,2,44.42,0.2,Paid Search,US,
ORD-008683,,CUST-02012,cust-02012@lumenmail.com,Lighting,1,32.62,0.05,Paid Search,US,control
ORD-005212,09/12/2023,CUST-00738,cust-00738@lumenmail.com,Lighting,3,54.95,0.05,Organic,US,variant
ORD-008058,2023-08-24,CUST-00480,cust-00480@lumenmail.com,Furniture,2,44.66,0.2,Organic,UK,
ORD-003412,02/03/2024,CUST-01724,cust-01724@lumenmail.com,Furniture,1,166.5,0.2,Email,US,control
ORD-001652,2023-08-13,,guest@lumenmail.com,Lighting,1,14.08,0.1,Email,US,
ORD-009470,28/11/2024,CUST-00166,cust-00166@lumenmail.com,Lighting,1,253.65,0.05,Social,AU,
ORD-003317,04/06/2023,CUST-00254,cust-00254@lumenmail.com,Décor,1,167.17,0.1,Organic,CA,
ORD-000353,2024-04-20,CUST-00408,cust-00408@lumenmail.com,Décor,1,75.14,0.05,Email,US,
ORD-004338,2023-07-11,CUST-01725,cust-01725@lumenmail.com,Furniture,-6,12.29,0.0,Paid Search,UK,
ORD-001651,2024-11-02,CUST-00511,cust-00511@lumenmail.com,Lighting,2,47.95,0.0,Organic,UK,variant
ORD-005657,28/07/2023,CUST-00227,cust-00227@lumenmail.com,Outdoor,2,141.73,0.2,Email,US,
ORD-005679,2023-12-29,,guest@lumenmail.com,Lighting,3,0.0,0.2,Paid Search,US,
ORD-004751,2024-04-29,CUST-00648,cust-00648@lumenmail.com,Lighting,2,32.24,0.2,Paid Search,UK,
ORD-004679,05/09/2024,CUST-02802,cust-02802@lumenmail.com,Outdoor,3,175.46,0.0,Social,US,control
ORD-004343,2024-12-07,CUST-01231,cust-01231@lumenmail.com,Décor,1,122.26,0.1,Paid Search,US,variant
ORD-008618,2023-10-25,CUST-02821,cust-02821@lumenmail.com,Furniture,1,10.09,0.15,Social,US,
ORD-008771,2024-09-16,CUST-01037,cust-01037@lumenmail.com,Outdoor,1,15.81,0.05,Paid Search,UK,control
ORD-006371,2024-05-31,CUST-00955,cust-00955@lumenmail.com,Décor,2,39.0,0.0,Email,US,variant
ORD-008169,2023-06-25,CUST-02872,cust-02872@lumenmail.com,Décor,2,72.14,0.2,Email,US,
ORD-003791,2023-09-19,CUST-01107,cust-01107@lumenmail.com,Décor,2,19.26,0.2,Email,UK,
ORD-005068,2024-01-31,CUST-00221,cust-00221@lumenmail.com,Décor,2,125.77,0.0,Email,US,
ORD-005290,2024-02-13,CUST-00391,cust-00391@lumenmail.com,Décor,3,53.51,0.15,Paid Search,CA,
ORD-005995,2024-03-24,CUST-01993,cust-01993@lumenmail.com,Outdoor,3,103.0,0.1,Email,CA,
ORD-008397,2024-05-10,CUST-00862,cust-00862@lumenmail.com,Furniture,2,29.16,0.05,Paid Search,UK,variant
ORD-006224,2024-07-14,CUST-02152,cust-02152@lumenmail.com,Lighting,1,48.81,0.25,Email,US,
ORD-001953,2023-11-17,CUST-02528,cust-02528@lumenmail.com,Décor,1,87.03,0.05,Paid Search,CA,
ORD-002184,2024-05-12,CUST-01319,cust-01319@lumenmail.com,Outdoor,2,5.19,0.25,Organic,US,
ORD-009475,2023-11-19,CUST-01028,cust-01028@lumenmail.com,Lighting,2,123.63,0.0,Organic,US,
ORD-008783,2023-12-15,,guest@lumenmail.com,Décor,1,122.34,0.0,Paid Search,US,control
ORD-001961,01/08/2023,CUST-02095,cust-02095@lumenmail.com,Furniture,1,28.99,0.05,Email,US,control
ORD-000484,2024-03-25,CUST-00537,cust-00537@lumenmail.com,Accessories,2,40.49,0.15,Paid Search,US,variant
ORD-000167,2024-02-20,CUST-01320,cust-01320@lumenmail.com,Lighting,1,138.86,0.05,Email,US,variant
ORD-001909,2023-08-03,CUST-02533,cust-02533@lumenmail.com,Lighting,1,6.92,0.0,Email,US,variant
ORD-001857,06/08/2023,CUST-02291,cust-02291@lumenmail.com,Lighting,7,249.82,0.05,Email,US,control
ORD-004854,02/12/2024,CUST-00525,cust-00525@lumenmail.com,Décor,1,12.43,0.0,Paid Search,UK,control
ORD-005251,19/02/2024,CUST-02768,cust-02768@lumenmail.com,Outdoor,3,77.38,0.2,Email,CA,variant
ORD-001171,2024-02-21,CUST-00014,cust-00014@lumenmail.com,Lighting,1,30.81,0.0,Paid Search,UK,control
ORD-004004,2024-08-10,CUST-00452,cust-00452@lumenmail.com,Outdoor,1,33.5,0.0,Organic,US,control
ORD-002568,2023-12-08,CUST-02852,cust-02852@lumenmail.com,Décor,1,251.08,0.05,Organic,US,
ORD-005715,2024-05-11,,guest@lumenmail.com,Outdoor,2,36.61,0.1,Paid Search,CA,
ORD-002851,2024-07-05,CUST-01109,cust-01109@lumenmail.com,Lighting,1,39.05,0.0,Social,US,control
ORD-007226,2024-06-28,CUST-02866,cust-02866@lumenmail.com,Décor,5,32.35,0.15,Organic,UK,variant
ORD-002185,2024-12-11,CUST-00453,cust-00453@lumenmail.com,Outdoor,1,0.0,0.05,Organic,ZZ,
ORD-007522,01/10/2023,CUST-01184,cust-01184@lumenmail.com,Outdoor,3,84.84,0.2,,CA,
ORD-000570,2023-10-06,CUST-02686,cust-02686@lumenmail.com,Lighting,2,15.9,0.0,Paid Search,US,
ORD-000494,2024-01-06,,guest@lumenmail.com,Décor,2,42.86,0.1,Organic,US,
ORD-000366,2024-08-18,CUST-02783,cust-02783@lumenmail.com,Furniture,-1,453.07,0.0,Paid Search,US,control
ORD-006641,19/07/2024,CUST-01363,cust-01363@lumenmail.com,Lighting,1,81.94,0.05,Organic,US,
ORD-000295,2024-01-28,CUST-00822,cust-00822@lumenmail.com,Lighting,1,381.9,0.2,Email,US,
ORD-006695,2023-12-10,CUST-00228,cust-00228@lumenmail.com,Lighting,2,63.09,0.0,Organic,US,
ORD-001947,2023-09-12,CUST-01544,cust-01544@lumenmail.com,Accessories,4,28.51,0.05,Email,US,variant
ORD-007658,2024-04-21,,guest@lumenmail.com,Décor,2,170.99,0.0,,UK,
ORD-007547,2023-07-21,CUST-02435,cust-02435@lumenmail.com,Décor,2,75.58,0.05,Paid Search,CA,
ORD-000424,2024-12-25,CUST-01021,cust-01021@lumenmail.com,Décor,3,247.67,0.0,Organic,US,variant
ORD-002650,06/07/2024,CUST-00468,cust-00468@lumenmail.com,Furniture,2,24.83,0.0,Organic,US,variant
ORD-009324,2024-07-26,CUST-01545,cust-01545@lumenmail.com,Furniture,1,279.85,0.1,Social,US,
ORD-006551,2024-11-12,CUST-00755,cust-00755@lumenmail.com,Lighting,1,412.33,0.0,Organic,US,control
ORD-001059,2024-05-22,CUST-00803,cust-00803@lumenmail.com,Décor,1,35.15,0.15,Paid Search,CA,
ORD-003424,2024-11-22,CUST-00366,cust-00366@lumenmail.com,Décor,2,91.82,0.1,Email,US,
ORD-009502,2024-05-07,CUST-00787,cust-00787@lumenmail.com,Accessories,1,665.6,0.05,Organic,UK,variant
ORD-006880,2024-09-27,CUST-01157,cust-01157@lumenmail.com,Outdoor,3,33.67,0.1,Organic,US,control
ORD-002310,2024-04-02,CUST-01297,cust-01297@lumenmail.com,Lighting,1,753.83,0.0,Paid Search,US,control
ORD-006610,2024-11-16,CUST-02096,cust-02096@lumenmail.com,Lighting,1,152.82,0.0,Paid Search,US,control
ORD-003478,29/10/2023,CUST-00427,cust-00427@lumenmail.com,Décor,3,76.74,0.0,Paid Search,US,variant
ORD-000355,2024-04-16,CUST-01792,cust-01792@lumenmail.com,Décor,1,165.9,0.1,Organic,CA,control
ORD-000859,2024-10-06,CUST-02536,cust-02536@lumenmail.com,Lighting,1,188.86,0.0,Email,CA,variant
ORD-002590,2024-05-20,CUST-00191,cust-00191@lumenmail.com,Furniture,1,110.63,0.05,Email,US,control
ORD-001202,02/02/2024,CUST-01836,cust-01836@lumenmail.com,Lighting,3,49.99,0.1,Paid Search,US,control
ORD-004433,2024-07-18,CUST-02717,cust-02717@lumenmail.com,Lighting,-4,161.27,0.2,Organic,US,variant
ORD-004714,2024-11-03,CUST-00750,cust-00750@lumenmail.com,Furniture,2,58.58,0.05,Social,US,control
ORD-001275,2023-07-01,CUST-00269,cust-00269@lumenmail.com,Outdoor,5,74.95,0.0,Paid Search,US,
ORD-005911,2024-01-14,CUST-01212,cust-01212@lumenmail.com,Lighting,1,101.2,0.05,Paid Search,US,variant
ORD-000329,2024-06-07,CUST-00993,cust-00993@lumenmail.com,Lighting,3,73.85,0.05,Organic,US,
ORD-004594,2024-09-12,CUST-02459,cust-02459@lumenmail.com,Lighting,3,312.23,0.05,Paid Search,ZZ,
ORD-007519,2023-12-21,CUST-02991,cust-02991@lumenmail.com,Décor,1,77.92,0.15,Paid Search,US,
ORD-006734,2023-06-26,CUST-01291,cust-01291@lumenmail.com,Furniture,3,79.31,0.15,Organic,US,variant
ORD-009273,2024-05-26,CUST-01896,cust-01896@lumenmail.com,Décor,2,326.27,0.15,Email,US,variant
ORD-006502,2024-03-18,CUST-00730,cust-00730@lumenmail.com,Accessories,2,39.62,0.05,Organic,ZZ,
ORD-002255,2024-03-28,CUST-02943,cust-02943@lumenmail.com,Décor,4,331.86,0.1,Paid Search,US,
ORD-007748,2024-12-13,CUST-01975,cust-01975@lumenmail.com,Décor,1,192.29,0.1,Email,ZZ,control
ORD-003240,2023-11-18,CUST-00006,cust-00006@lumenmail.com,Outdoor,2,169.46,0.25,Organic,US,variant
ORD-003663,2024-10-30,CUST-01237,cust-01237@lumenmail.com,Furniture,2,39.63,0.1,Paid Search,CA,variant
ORD-006647,2023-09-24,CUST-01905,cust-01905@lumenmail.com,Décor,1,65.51,0.1,Paid Search,US,
ORD-005072,17/07/2023,CUST-02613,cust-02613@lumenmail.com,Décor,1,12.81,0.0,Paid Search,US,control
ORD-002981,2024-07-14,CUST-01333,cust-01333@lumenmail.com,Décor,1,48.09,0.1,Paid Search,US,control
ORD-004504,19/07/2024,CUST-00460,cust-00460@lumenmail.com,Furniture,3,21.95,0.15,Organic,US,variant
ORD-006937,2024-10-08,CUST-01833,cust-01833@lumenmail.com,Accessories,1,716.61,0.0,Social,UK,control
ORD-008867,2024-09-08,CUST-02528,cust-02528@lumenmail.com,Lighting,2,90.01,0.0,Paid Search,US,control
ORD-007599,2023-12-30,CUST-01816,cust-01816@lumenmail.com,Lighting,2,32.66,0.1,Email,US,control
ORD-000235,2023-06-26,CUST-02804,cust-02804@lumenmail.com,Décor,3,44.29,0.1,Email,UK,control
ORD-008605,2023-10-03,CUST-02527,cust-02527@lumenmail.com,Furniture,1,21.37,0.05,Paid Search,UK,variant
ORD-006061,2024-12-22,CUST-02251,cust-02251@lumenmail.com,Accessories,1,106.14,0.15,Paid Search,US,variant
ORD-004927,02/11/2024,CUST-02005,cust-02005@lumenmail.com,Décor,2,6.1,0.05,Organic,CA,
ORD-002694,2024-07-13,CUST-02511,cust-02511@lumenmail.com,Outdoor,2,129.62,0.05,Paid Search,US,
ORD-006318,2023-12-15,CUST-00312,cust-00312@lumenmail.com,Lighting,2,74.01,0.0,Paid Search,CA,
ORD-001769,2023-10-11,CUST-00209,cust-00209@lumenmail.com,Lighting,2,163.47,0.1,Paid Search,US,control
ORD-001634,2023-07-06,CUST-02429,cust-02429@lumenmail.com,Outdoor,4,78.59,0.0,Social,US,control
ORD-002478,2024-06-17,CUST-00846,cust-00846@lumenmail.com,Lighting,3,209.68,0.05,Organic,US,
ORD-004508,2024-04-15,CUST-00223,cust-00223@lumenmail.com,Décor,1,20.72,0.1,Organic,US,
ORD-002970,2024-06-17,CUST-01634,cust-01634@lumenmail.com,Décor,1,178.65,0.1,Email,CA,variant
ORD-006545,2024-01-01,CUST-02515,cust-02515@lumenmail.com,Décor,1,52.23,0.05,,UK,variant
ORD-008998,2023-10-17,CUST-02582,cust-02582@lumenmail.com,Furniture,3,366.38,0.2,,ZZ,variant
ORD-006394,2024-12-19,CUST-02122,cust-02122@lumenmail.com,Furniture,2,241.32,0.15,Paid Search,CA,
ORD-009413,27/03/2024,,guest@lumenmail.com,Décor,2,87.08,0.05,Paid Search,CA,control
ORD-000891,2023-10-18,CUST-01367,cust-01367@lumenmail.com,Outdoor,1,31.82,0.0,Paid Search,US,control
ORD-006852,20/05/2024,CUST-02868,cust-02868@lumenmail.com,Furniture,1,31.52,0.05,Social,US,
ORD-005689,2023-09-23,,guest@lumenmail.com,Lighting,2,52.13,0.0,Email,UK,
ORD-000853,2024-08-03,CUST-02266,cust-02266@lumenmail.com,Lighting,1,16.31,0.1,Organic,US,
ORD-003301,2023-07-21,CUST-01451,cust-01451@lumenmail.com,Furniture,1,277.36,0.0,Social,US,control
ORD-001799,2023-08-03,CUST-01604,cust-01604@lumenmail.com,Lighting,1,0.0,0.1,Social,US,
ORD-007018,2023-06-04,CUST-02578,cust-02578@lumenmail.com,Lighting,2,190.49,0.05,Paid Search,CA,control
ORD-000893,2024-10-19,CUST-02959,cust-02959@lumenmail.com,Accessories,1,68.76,0.1,Organic,US,control
ORD-005990,2023-10-29,CUST-02242,cust-02242@lumenmail.com,Lighting,2,94.51,0.0,Organic,US,
ORD-001565,2024-12-10,CUST-01641,cust-01641@lumenmail.com,Furniture,2,50.4,0.1,Email,UK,control
ORD-007800,11/10/2023,CUST-02568,cust-02568@lumenmail.com,Furniture,1,102.21,0.0,Organic,US,
ORD-001273,21/08/2024,CUST-01782,cust-01782@lumenmail.com,Lighting,7,210.59,0.0,Organic,CA,
ORD-003952,2024-06-29,CUST-01065,cust-01065@lumenmail.com,Décor,2,414.03,0.0,Email,AU,
ORD-008082,2024-01-12,CUST-01804,cust-01804@lumenmail.com,Décor,1,41.4,0.1,Email,US,variant
ORD-003187,2024-06-20,CUST-01694,cust-01694@lumenmail.com,Décor,1,11.95,0.0,Email,US,control
ORD-002544,2023-07-29,CUST-01902,cust-01902@lumenmail.com,Décor,5,74.13,0.1,Email,US,
ORD-002077,2023-10-04,CUST-02755,cust-02755@lumenmail.com,Furniture,1,156.51,0.05,Email,CA,control
ORD-000973,2023-08-11,CUST-02467,cust-02467@lumenmail.com,Lighting,1,0.0,0.1,Email,CA,variant
ORD-000591,2023-06-26,CUST-02803,cust-02803@lumenmail.com,Outdoor,2,57.88,0.2,Paid Search,ZZ,control
ORD-006807,05/09/2024,CUST-02578,cust-02578@lumenmail.com,Lighting,1,29.63,0.05,Email,AU,
ORD-007857,2023-06-02,CUST-01241,cust-01241@lumenmail.com,Outdoor,1,26.84,0.1,Paid Search,CA,
ORD-001868,2024-05-11,CUST-02656,cust-02656@lumenmail.com,Furniture,1,41.93,0.05,Email,US,control
ORD-001199,2024-10-11,CUST-01906,cust-01906@lumenmail.com,Furniture,1,81.28,0.0,Email,US,
ORD-006539,2024-10-12,CUST-01596,cust-01596@lumenmail.com,Accessories,1,195.69,0.0,Organic,US,variant
ORD-002882,2024-05-15,CUST-02146,cust-02146@lumenmail.com,Décor,1,33.65,0.15,Paid Search,US,control
ORD-000050,2024-11-17,CUST-02878,cust-02878@lumenmail.com,Lighting,1,113.12,0.05,Email,US,
ORD-007473,2023-10-28,CUST-01974,cust-01974@lumenmail.com,Lighting,2,13.34,0.05,Email,US,
ORD-000314,2024-03-23,CUST-00169,cust-00169@lumenmail.com,Furniture,1,215.58,0.1,Email,US,control
ORD-004045,2024-09-13,CUST-01427,cust-01427@lumenmail.com,Outdoor,1,616.54,0.15,Email,US,variant
ORD-007915,2023-12-25,CUST-01780,cust-01780@lumenmail.com,Décor,1,60.96,0.15,,CA,
ORD-007649,2024-07-11,CUST-02110,cust-02110@lumenmail.com,Lighting,1,47.47,0.0,Paid Search,US,control
ORD-002939,2024-05-30,,guest@lumenmail.com,Lighting,2,92.83,0.0,Email,US,control
ORD-004892,2023-06-13,CUST-01998,cust-01998@lumenmail.com,Lighting,1,40.62,0.15,Organic,ZZ,
ORD-004189,2024-06-20,CUST-02287,cust-02287@lumenmail.com,Lighting,2,37.68,0.05,Email,US,variant
ORD-000967,2024-10-16,CUST-00842,cust-00842@lumenmail.com,Décor,1,36.77,0.0,Paid Search,US,variant
ORD-005069,2024-04-25,,guest@lumenmail.com,Décor,1,194.12,0.15,,US,
ORD-000555,2024-02-20,CUST-02401,cust-02401@lumenmail.com,Lighting,3,314.35,0.0,Email,UK,
ORD-001485,2024-09-18,CUST-02775,cust-02775@lumenmail.com,Accessories,4,352.2,0.1,Organic,US,
ORD-006309,2024-11-23,CUST-01914,cust-01914@lumenmail.com,Furniture,1,43.2,0.05,Paid Search,US,control
ORD-006874,2024-10-04,CUST-02823,cust-02823@lumenmail.com,Furniture,1,8.49,0.0,Social,US,control
ORD-004358,2024-12-03,,guest@lumenmail.com,Accessories,2,23.27,0.1,Paid Search,UK,
ORD-004188,2024-10-11,CUST-01268,cust-01268@lumenmail.com,Lighting,1,96.93,0.0,Social,US,control
ORD-003638,2024-01-31,CUST-00160,cust-00160@lumenmail.com,Outdoor,1,111.97,0.05,Social,US,control
ORD-000679,2024-03-29,CUST-00809,cust-00809@lumenmail.com,Lighting,1,109.23,0.1,Email,CA,
ORD-007736,2024-12-06,CUST-02350,cust-02350@lumenmail.com,Lighting,1,28.36,0.0,Paid Search,US,
ORD-000279,2024-05-25,,guest@lumenmail.com,Lighting,2,352.95,0.05,Email,US,
ORD-008320,2023-06-01,CUST-00380,cust-00380@lumenmail.com,Décor,2,66.06,0.1,Social,US,variant
ORD-005908,2024-05-03,CUST-01363,cust-01363@lumenmail.com,Lighting,2,489.62,0.1,Social,CA,variant
ORD-003181,2024-07-16,CUST-01354,cust-01354@lumenmail.com,Accessories,1,103.64,0.0,Email,US,
ORD-002562,2024-01-31,,guest@lumenmail.com,Décor,3,313.18,0.05,Paid Search,CA,
ORD-006936,2024-10-03,CUST-02114,cust-02114@lumenmail.com,Outdoor,1,198.19,0.0,Organic,US,control
ORD-008895,2023-08-18,CUST-02244,cust-02244@lumenmail.com,Accessories,2,192.43,0.0,Paid Search,CA,control
ORD-004116,2024-08-02,CUST-01621,cust-01621@lumenmail.com,Furniture,1,5.58,0.0,Paid Search,US,variant
ORD-007751,29/03/2024,CUST-02735,cust-02735@lumenmail.com,Lighting,4,98.34,0.1,Organic,US,control
ORD-008782,29/09/2023,CUST-00822,cust-00822@lumenmail.com,Outdoor,1,102.39,0.0,Paid Search,US,control
ORD-005240,2023-10-23,CUST-01254,cust-01254@lumenmail.com,Outdoor,1,74.01,0.05,Social,US,
ORD-001123,2024-02-08,CUST-00536,cust-00536@lumenmail.com,Lighting,5,91.73,0.0,Email,US,control
ORD-001785,2024-07-15,CUST-02079,cust-02079@lumenmail.com,Accessories,4,580.0,0.1,Organic,US,variant
ORD-002745,2024-05-11,CUST-02733,cust-02733@lumenmail.com,Lighting,-2,30.38,0.05,Paid Search,US,
ORD-002658,2024-07-29,CUST-01665,cust-01665@lumenmail.com,Décor,4,120.88,0.15,Organic,US,variant
ORD-000681,2024-01-15,CUST-02166,cust-02166@lumenmail.com,Lighting,4,246.6,0.1,Social,US,control
ORD-009281,2023-12-25,CUST-01045,cust-01045@lumenmail.com,Lighting,1,83.35,0.05,Paid Search,US,
ORD-000869,2024-04-23,CUST-01699,cust-01699@lumenmail.com,Décor,1,47.8,0.15,Organic,UK,variant
ORD-001716,13/08/2023,CUST-02708,cust-02708@lumenmail.com,Lighting,3,139.52,0.0,Social,CA,
ORD-003140,2023-06-06,CUST-00245,cust-00245@lumenmail.com,Lighting,3,7.0,0.1,Organic,CA,
ORD-001560,2024-04-01,CUST-02326,cust-02326@lumenmail.com,Lighting,-1,0.0,0.25,Organic,US,variant
ORD-004077,2024-10-03,CUST-01301,cust-01301@lumenmail.com,Décor,1,342.59,0.2,Paid Search,ZZ,
ORD-003857,17/10/2023,,guest@lumenmail.com,Décor,3,15.69,0.05,Organic,US,control
ORD-000969,2023-10-13,CUST-00375,cust-00375@lumenmail.com,Décor,3,269.89,0.05,Email,CA,variant
ORD-001964,2024-01-25,CUST-02084,cust-02084@lumenmail.com,Furniture,3,142.12,0.0,Email,US,variant
ORD-002475,2024-04-17,CUST-00772,cust-00772@lumenmail.com,Accessories,1,46.82,0.15,Organic,US,variant
ORD-002720,2023-10-25,CUST-00367,cust-00367@lumenmail.com,Décor,2,32.85,0.2,Email,US,variant
ORD-004729,15/07/2023,CUST-01440,cust-01440@lumenmail.com,Lighting,1,786.75,0.0,Paid Search,CA,control
ORD-004513,2024-06-29,CUST-00610,cust-00610@lumenmail.com,Outdoor,3,98.4,0.0,Paid Search,AU,variant
ORD-008748,27/10/2023,CUST-01795,cust-01795@lumenmail.com,Lighting,2,325.46,0.0,Paid Search,UK,
ORD-003582,2024-06-02,CUST-01302,cust-01302@lumenmail.com,Décor,4,44.81,0.0,Paid Search,US,
ORD-007044,2024-07-07,CUST-00284,cust-00284@lumenmail.com,Décor,1,65.31,0.05,Social,US,control
ORD-008252,2024-01-01,CUST-02818,cust-02818@lumenmail.com,Lighting,1,40.21,0.2,Email,US,control
ORD-006566,2023-11-15,CUST-02635,cust-02635@lumenmail.com,Lighting,2,136.53,0.0,Email,US,
ORD-002554,2023-10-08,CUST-01982,cust-01982@lumenmail.com,Décor,1,69.05,0.0,Organic,US,
ORD-001392,2024-08-14,CUST-00413,cust-00413@lumenmail.com,Furniture,1,37.64,0.1,Organic,CA,
ORD-007628,2024-02-25,,guest@lumenmail.com,Furniture,1,27.91,0.15,Email,US,variant
ORD-005792,2024-03-28,CUST-00961,cust-00961@lumenmail.com,Lighting,1,61.2,0.2,Social,ZZ,control
ORD-008758,2024-01-19,,guest@lumenmail.com,Décor,1,16.34,0.1,Email,CA,
ORD-007562,2023-10-27,CUST-00166,cust-00166@lumenmail.com,Lighting,1,92.43,0.0,Organic,US,variant
ORD-003194,2023-07-08,CUST-02710,cust-02710@lumenmail.com,Furniture,2,38.15,0.0,Organic,US,variant
ORD-002790,2024-06-15,CUST-01326,cust-01326@lumenmail.com,Lighting,1,14.26,0.0,Email,US,control
ORD-008241,2023-12-29,CUST-01677,cust-01677@lumenmail.com,Accessories,1,19.06,0.1,Organic,US,
ORD-002571,01/10/2023,CUST-00831,cust-00831@lumenmail.com,Furniture,2,49.01,0.0,Organic,US,
ORD-002877,2023-07-20,CUST-01652,cust-01652@lumenmail.com,Décor,1,164.06,0.15,Paid Search,US,
ORD-008434,2024-09-06,,guest@lumenmail.com,Accessories,1,187.15,0.0,Paid Search,CA,control
ORD-007568,2024-07-21,CUST-02480,cust-02480@lumenmail.com,Furniture,2,113.96,0.0,Organic,US,variant
ORD-003719,2023-07-18,CUST-00812,cust-00812@lumenmail.com,Décor,2,6.13,0.15,Email,US,control
ORD-003573,2024-01-23,CUST-02500,cust-02500@lumenmail.com,Accessories,2,67.04,0.2,Paid Search,US,control
ORD-003115,2024-08-06,CUST-01257,cust-01257@lumenmail.com,Lighting,1,176.51,0.15,Email,US,
ORD-001927,2024-12-11,CUST-02189,cust-02189@lumenmail.com,Décor,5,92.13,0.0,Paid Search,US,control
ORD-007735,05/10/2023,CUST-00619,cust-00619@lumenmail.com,Lighting,1,48.63,0.15,Social,US,
ORD-006824,2024-08-17,CUST-01629,cust-01629@lumenmail.com,Accessories,1,44.24,0.0,Email,US,
ORD-001085,2023-06-21,CUST-01032,cust-01032@lumenmail.com,Furniture,2,40.54,0.0,Paid Search,US,
ORD-007401,2024-03-09,CUST-02196,cust-02196@lumenmail.com,Outdoor,2,786.51,0.0,Paid Search,UK,
ORD-001000,2023-06-26,CUST-00941,cust-00941@lumenmail.com,Décor,1,12.15,0.0,Organic,CA,control
ORD-005550,21/10/2023,CUST-02264,cust-02264@lumenmail.com,Furniture,1,78.16,0.05,Email,CA,control
ORD-006444,2024-09-26,,guest@lumenmail.com,Outdoor,1,167.21,0.0,Social,US,
ORD-009220,2024-01-03,CUST-02316,cust-02316@lumenmail.com,Décor,2,10.78,0.05,Paid Search,US,
ORD-003743,2023-08-28,CUST-00462,cust-00462@lumenmail.com,Décor,1,353.93,0.05,Paid Search,US,variant
ORD-007509,2024-11-19,CUST-02524,cust-02524@lumenmail.com,Furniture,2,61.18,0.05,Organic,AU,control
ORD-005572,2023-06-16,CUST-02951,cust-02951@lumenmail.com,Lighting,2,286.99,0.2,Paid Search,UK,variant
ORD-007100,2023-11-02,CUST-02889,cust-02889@lumenmail.com,Outdoor,7,428.97,0.0,Email,US,control
ORD-001920,04/12/2023,CUST-00508,cust-00508@lumenmail.com,Lighting,2,362.91,0.05,Organic,US,variant
ORD-006561,21/02/2024,CUST-01822,cust-01822@lumenmail.com,Décor,1,43.87,0.15,Organic,US,variant
ORD-007639,11/11/2023,CUST-02198,cust-02198@lumenmail.com,Décor,2,36.46,0.0,Email,US,
ORD-005643,2024-07-31,CUST-00152,cust-00152@lumenmail.com,Outdoor,7,116.17,0.0,Paid Search,US,
ORD-004132,21/03/2024,CUST-00879,cust-00879@lumenmail.com,Lighting,1,99.04,0.0,Paid Search,US,
ORD-007979,2024-07-12,CUST-01796,cust-01796@lumenmail.com,Lighting,3,62.71,0.0,Email,UK,control
ORD-004383,07/12/2024,CUST-01684,cust-01684@lumenmail.com,Lighting,4,48.95,0.0,Email,US,control
ORD-001192,17/04/2024,CUST-00559,cust-00559@lumenmail.com,Lighting,1,52.58,0.0,Paid Search,US,variant
ORD-005050,2023-07-16,CUST-02410,cust-02410@lumenmail.com,Décor,1,48.58,0.0,,UK,control
ORD-003740,2024-10-24,CUST-01207,cust-01207@lumenmail.com,Lighting,1,29.28,0.0,Paid Search,US,variant
ORD-003108,2023-09-22,CUST-00969,cust-00969@lumenmail.com,Outdoor,1,43.89,0.05,Email,US,
ORD-004628,2024-10-11,CUST-02617,cust-02617@lumenmail.com,Décor,4,52.17,0.15,Organic,US,control
ORD-000645,2023-10-11,CUST-00137,cust-00137@lumenmail.com,Outdoor,2,40.53,0.05,Paid Search,US,variant
ORD-005487,2024-07-06,CUST-02611,cust-02611@lumenmail.com,Décor,2,97.56,0.1,Organic,US,
ORD-002244,2024-08-03,CUST-00203,cust-00203@lumenmail.com,Lighting,2,73.06,0.0,Social,CA,
ORD-004446,2024-06-27,CUST-01819,cust-01819@lumenmail.com,Furniture,4,56.67,0.1,Social,UK,
ORD-006500,2024-07-07,,guest@lumenmail.com,Lighting,7,219.92,0.15,Paid Search,CA,
ORD-003466,2024-08-29,CUST-01438,cust-01438@lumenmail.com,Lighting,4,141.24,0.15,Social,US,control
ORD-001501,2024-04-25,CUST-01676,cust-01676@lumenmail.com,Lighting,1,82.18,0.15,Organic,CA,
ORD-000695,2023-10-28,CUST-01289,cust-01289@lumenmail.com,Lighting,1,7.49,0.1,Organic,US,control
ORD-006594,2024-01-13,CUST-00367,cust-00367@lumenmail.com,Outdoor,2,91.7,0.05,Social,US,
ORD-008074,2024-07-15,CUST-02801,cust-02801@lumenmail.com,Décor,6,34.4,0.0,Organic,US,control
ORD-004812,12/08/2024,CUST-00701,cust-00701@lumenmail.com,Lighting,3,30.17,0.2,Email,UK,variant
ORD-000373,2023-07-18,CUST-00128,cust-00128@lumenmail.com,Lighting,2,43.26,0.0,Paid Search,AU,variant
ORD-004422,,,guest@lumenmail.com,Outdoor,2,169.57,0.05,Email,US,
ORD-002582,2023-07-02,,guest@lumenmail.com,Furniture,2,48.41,0.1,Social,UK,
ORD-001122,2023-07-09,CUST-01224,cust-01224@lumenmail.com,Furniture,1,142.51,0.1,Paid Search,ZZ,
ORD-003434,2024-10-09,CUST-02154,cust-02154@lumenmail.com,Lighting,6,75.82,0.0,Organic,US,variant
ORD-005204,2024-11-03,CUST-02254,cust-02254@lumenmail.com,Accessories,1,363.16,0.05,Organic,AU,
ORD-000531,2024-08-31,CUST-01783,cust-01783@lumenmail.com,Lighting,1,36.49,0.0,Email,US,
ORD-006649,2023-10-17,,guest@lumenmail.com,Furniture,1,36.9,0.15,Social,UK,control
ORD-001911,2024-03-15,CUST-02182,cust-02182@lumenmail.com,Accessories,3,41.76,0.0,Organic,US,variant
ORD-005821,30/06/2024,CUST-01527,cust-01527@lumenmail.com,Lighting,2,343.34,0.0,Organic,US,variant
ORD-006431,2024-03-18,CUST-01419,cust-01419@lumenmail.com,Accessories,1,56.39,0.0,Organic,US,
ORD-001805,2024-04-19,CUST-02203,cust-02203@lumenmail.com,Furniture,2,52.62,0.0,Social,US,
ORD-008905,2024-06-05,,guest@lumenmail.com,Furniture,1,279.9,0.15,Email,US,
ORD-002212,2024-02-28,CUST-00938,cust-00938@lumenmail.com,Lighting,1,89.16,0.0,Paid Search,US,variant
ORD-003025,2023-08-24,CUST-01570,cust-01570@lumenmail.com,Décor,1,74.75,0.0,Organic,ZZ,control
ORD-008260,2023-07-21,CUST-01113,cust-01113@lumenmail.com,Furniture,2,53.38,0.15,Organic,US,
ORD-005614,2024-06-09,CUST-02060,cust-02060@lumenmail.com,Décor,3,89.01,0.1,Organic,US,
ORD-008422,2023-08-24,CUST-01580,cust-01580@lumenmail.com,Lighting,2,770.63,0.05,Organic,US,variant
ORD-003081,2023-07-26,CUST-00024,cust-00024@lumenmail.com,Lighting,2,381.01,0.05,Paid Search,US,variant
ORD-004209,2024-05-17,CUST-01246,cust-01246@lumenmail.com,Lighting,5,120.82,0.2,Email,US,control
ORD-008579,2024-03-11,CUST-01537,cust-01537@lumenmail.com,Lighting,2,43.23,0.0,Paid Search,ZZ,control
ORD-007525,2024-05-18,CUST-02591,cust-02591@lumenmail.com,Lighting,4,9.55,0.1,Paid Search,ZZ,
ORD-005054,2023-08-24,CUST-02843,cust-02843@lumenmail.com,Lighting,-2,25.03,0.0,Social,CA,
ORD-006395,2024-03-19,CUST-02373,cust-02373@lumenmail.com,Lighting,2,189.61,0.0,Paid Search,US,control
ORD-000603,2024-03-03,CUST-02721,cust-02721@lumenmail.com,Décor,2,39.28,0.05,Organic,AU,
ORD-008556,2024-05-14,CUST-00180,cust-00180@lumenmail.com,Accessories,1,23.27,0.0,Social,US,variant
ORD-000868,2024-01-14,CUST-02144,cust-02144@lumenmail.com,Outdoor,1,597.58,0.0,Organic,US,control
ORD-005803,2023-11-16,CUST-00517,cust-00517@lumenmail.com,Lighting,2,103.61,0.0,Email,US,
ORD-002320,2024-02-27,CUST-01017,cust-01017@lumenmail.com,Lighting,2,37.47,0.05,Social,CA,control
ORD-004945,2023-11-08,CUST-02811,cust-02811@lumenmail.com,Décor,2,16.02,0.0,Email,CA,control
ORD-008907,2024-12-27,CUST-00617,cust-00617@lumenmail.com,Furniture,3,303.1,0.1,Organic,US,control
ORD-009248,2024-11-19,CUST-02711,cust-02711@lumenmail.com,Décor,1,483.18,0.05,Organic,CA,control
ORD-002351,2024-05-09,CUST-01978,cust-01978@lumenmail.com,Furniture,-1,37.4,0.05,Paid Search,US,variant
ORD-001878,2023-07-03,CUST-01310,cust-01310@lumenmail.com,Décor,1,202.48,0.05,Email,US,control
ORD-008779,21/02/2024,CUST-02002,cust-02002@lumenmail.com,Décor,1,155.4,0.2,Email,US,variant
ORD-007665,2023-12-03,CUST-01929,cust-01929@lumenmail.com,Lighting,1,33.56,0.05,Email,CA,
ORD-008156,2023-12-26,CUST-02351,cust-02351@lumenmail.com,Furniture,4,11.21,0.0,Email,US,variant
ORD-006633,2023-12-29,CUST-00342,cust-00342@lumenmail.com,Outdoor,2,0.0,0.0,Email,US,
ORD-003225,2023-11-22,CUST-00308,cust-00308@lumenmail.com,Décor,1,32.59,0.1,Email,US,variant
ORD-001471,2023-11-03,CUST-01789,cust-01789@lumenmail.com,Lighting,2,465.56,0.1,Email,US,control
ORD-007094,2024-03-13,CUST-02449,cust-02449@lumenmail.com,Outdoor,1,31.91,0.15,Organic,UK,control
ORD-002978,2023-12-03,CUST-00419,cust-00419@lumenmail.com,Décor,-1,405.08,0.0,Paid Search,CA,control
ORD-001466,2024-03-25,CUST-00281,cust-00281@lumenmail.com,Lighting,3,26.36,0.05,Organic,US,control
ORD-008175,2023-12-05,CUST-01194,cust-01194@lumenmail.com,Décor,1,36.62,0.2,Social,US,variant
ORD-003569,2024-11-30,CUST-00263,cust-00263@lumenmail.com,Outdoor,1,94.99,0.05,Email,AU,control
ORD-003330,2023-09-27,CUST-00079,cust-00079@lumenmail.com,Accessories,1,90.04,0.2,Organic,US,control
ORD-000187,2024-11-27,CUST-00220,cust-00220@lumenmail.com,Outdoor,7,37.29,0.0,Organic,CA,variant
ORD-007332,2024-12-16,CUST-01266,cust-01266@lumenmail.com,Décor,2,33.99,0.0,Paid Search,CA,control
ORD-004557,2023-12-16,CUST-02425,cust-02425@lumenmail.com,Outdoor,5,399.61,0.0,Organic,US,control
ORD-003459,06/03/2024,CUST-01889,cust-01889@lumenmail.com,Furniture,3,44.85,0.05,Email,ZZ,
ORD-004721,04/07/2024,CUST-02158,cust-02158@lumenmail.com,Décor,2,66.54,0.0,Organic,CA,variant
ORD-001578,2024-05-27,CUST-02129,cust-02129@lumenmail.com,Furniture,4,98.78,0.0,Organic,UK,
ORD-002168,2024-04-03,CUST-02770,cust-02770@lumenmail.com,Lighting,3,43.76,0.15,Paid Search,US,control
ORD-001307,2024-05-16,CUST-01676,cust-01676@lumenmail.com,Décor,4,162.66,0.05,Email,US,control
ORD-008889,2024-12-25,CUST-00434,cust-00434@lumenmail.com,Lighting,2,22.64,0.2,Social,US,variant
ORD-002204,2024-03-21,CUST-01149,cust-01149@lumenmail.com,Décor,4,19.11,0.0,Organic,US,
ORD-005491,2023-12-09,CUST-01566,cust-01566@lumenmail.com,Lighting,1,91.45,0.0,Social,UK,
ORD-008951,2024-01-06,CUST-01804,cust-01804@lumenmail.com,Outdoor,3,108.28,0.05,,US,
ORD-000138,2024-12-17,,guest@lumenmail.com,Furniture,2,113.78,0.1,Paid Search,AU,control
ORD-004702,2024-12-29,CUST-00284,cust-00284@lumenmail.com,Outdoor,1,77.74,0.05,Paid Search,UK,
ORD-007216,2023-11-27,CUST-01189,cust-01189@lumenmail.com,Lighting,-4,70.6,0.0,Organic,US,variant
ORD-000180,2024-12-06,CUST-00731,cust-00731@lumenmail.com,Lighting,2,107.12,0.0,Organic,US,variant
ORD-006856,2024-10-11,CUST-02520,cust-02520@lumenmail.com,Décor,1,152.32,0.05,Social,CA,control
ORD-009053,2023-11-15,CUST-01926,cust-01926@lumenmail.com,Lighting,4,372.43,0.0,Paid Search,US,variant
ORD-000771,2024-04-14,,guest@lumenmail.com,Accessories,4,79.21,0.1,Social,US,control
ORD-005718,2024-12-05,CUST-02733,cust-02733@lumenmail.com,Accessories,1,115.8,0.0,Email,US,variant
ORD-007092,11/09/2023,CUST-01772,cust-01772@lumenmail.com,Lighting,1,175.33,0.2,Email,US,
ORD-002587,2024-06-22,,guest@lumenmail.com,Lighting,1,194.78,0.1,Organic,US,variant
ORD-002707,2023-11-14,CUST-02071,cust-02071@lumenmail.com,Lighting,1,314.11,0.25,Paid Search,US,
ORD-002942,2023-08-29,CUST-02895,cust-02895@lumenmail.com,Décor,1,6.99,0.1,Organic,CA,variant
ORD-005637,2024-12-30,,guest@lumenmail.com,Décor,2,45.79,0.05,Paid Search,US,variant
ORD-008789,2024-03-02,CUST-02916,cust-02916@lumenmail.com,Outdoor,1,179.32,0.05,Email,CA,control
ORD-001644,2023-08-24,CUST-02809,cust-02809@lumenmail.com,Furniture,4,80.44,0.05,Organic,CA,control
ORD-006899,2024-06-23,CUST-01231,cust-01231@lumenmail.com,Lighting,2,38.88,0.1,Organic,US,variant
ORD-008006,13/08/2024,CUST-00842,cust-00842@lumenmail.com,Furniture,2,108.23,0.15,Email,US,
ORD-007957,2023-06-05,CUST-01245,cust-01245@lumenmail.com,Lighting,1,396.09,0.0,Email,US,
ORD-005159,2023-09-22,,guest@lumenmail.com,Lighting,1,28.86,0.0,Social,US,
ORD-000063,2024-11-22,CUST-02396,cust-02396@lumenmail.com,Décor,2,91.29,0.0,Email,CA,control
ORD-003533,2024-03-20,CUST-00637,cust-00637@lumenmail.com,Furniture,1,30.77,0.0,Email,CA,
ORD-007043,2024-11-16,CUST-01763,cust-01763@lumenmail.com,Furniture,1,10.41,0.15,Paid Search,UK,
ORD-007734,2024-06-01,CUST-01961,cust-01961@lumenmail.com,Décor,1,23.93,0.05,Social,US,
ORD-001124,2024-05-03,CUST-01093,cust-01093@lumenmail.com,Décor,4,11.18,0.2,Paid Search,AU,control
ORD-005905,26/08/2023,CUST-00923,cust-00923@lumenmail.com,Lighting,4,171.01,0.15,Email,US,variant
ORD-008404,2024-02-12,CUST-00984,cust-00984@lumenmail.com,Décor,1,9.44,0.0,Organic,US,variant
ORD-001497,03/08/2023,CUST-01196,cust-01196@lumenmail.com,Outdoor,3,77.63,0.05,Email,AU,variant
ORD-000559,2023-08-18,CUST-01544,cust-01544@lumenmail.com,Lighting,7,96.19,0.0,Email,CA,variant
ORD-003438,30/06/2023,CUST-01668,cust-01668@lumenmail.com,Décor,5,36.77,0.05,Paid Search,AU,control
ORD-006724,2024-09-25,CUST-01350,cust-01350@lumenmail.com,Décor,1,55.57,0.05,Social,CA,control
ORD-004541,2024-03-12,,guest@lumenmail.com,Lighting,7,40.38,0.0,Email,UK,variant
ORD-003734,28/07/2024,CUST-02150,cust-02150@lumenmail.com,Furniture,1,21.24,0.1,Organic,CA,
ORD-002893,2024-04-20,CUST-01699,cust-01699@lumenmail.com,Furniture,2,413.04,0.15,Paid Search,US,variant
ORD-002511,2023-12-30,CUST-00399,cust-00399@lumenmail.com,Décor,1,251.38,0.05,Paid Search,CA,
ORD-006075,2024-08-22,CUST-01535,cust-01535@lumenmail.com,Lighting,2,212.83,0.0,Paid Search,US,
ORD-006362,24/09/2023,CUST-01171,cust-01171@lumenmail.com,Lighting,2,15.0,0.0,Paid Search,US,control
ORD-000723,2024-01-22,CUST-01290,cust-01290@lumenmail.com,Outdoor,1,27.3,0.0,Email,US,
ORD-009482,2024-02-08,CUST-02024,cust-02024@lumenmail.com,Lighting,1,646.01,0.25,Paid Search,AU,
ORD-002430,2023-06-13,CUST-02041,cust-02041@lumenmail.com,Décor,3,155.77,0.0,,US,control
ORD-001737,2023-08-13,CUST-02938,cust-02938@lumenmail.com,Lighting,3,47.79,0.05,Email,US,
ORD-008443,2024-11-13,CUST-00501,cust-00501@lumenmail.com,Outdoor,1,544.97,0.05,Paid Search,US,control
ORD-009558,12/07/2024,CUST-00007,cust-00007@lumenmail.com,Lighting,1,288.52,0.15,Email,US,
ORD-005735,08/12/2024,CUST-00991,cust-00991@lumenmail.com,Lighting,1,29.65,0.0,Social,UK,control
ORD-005062,2023-08-07,CUST-01722,cust-01722@lumenmail.com,Lighting,1,163.17,0.1,Social,UK,variant
ORD-001520,2024-04-10,,guest@lumenmail.com,Décor,2,545.47,0.0,Email,US,control
ORD-008795,2023-12-02,CUST-01726,cust-01726@lumenmail.com,Furniture,2,45.12,0.05,Paid Search,US,
ORD-008694,12/09/2023,CUST-01338,cust-01338@lumenmail.com,Décor,3,29.26,0.05,Email,AU,variant
ORD-004020,2023-07-07,CUST-01793,cust-01793@lumenmail.com,Lighting,7,47.4,0.25,Organic,CA,control
ORD-004955,2023-07-14,CUST-00372,cust-00372@lumenmail.com,Lighting,1,197.47,0.0,Social,US,control
ORD-008614,2024-09-17,CUST-02802,cust-02802@lumenmail.com,Accessories,1,294.9,0.0,Email,US,control
ORD-007195,2023-09-15,CUST-00734,cust-00734@lumenmail.com,Décor,2,29.07,0.0,Organic,US,
ORD-009462,2023-06-18,CUST-00979,cust-00979@lumenmail.com,Lighting,1,571.96,0.0,Paid Search,CA,
ORD-005991,2024-04-10,CUST-00682,cust-00682@lumenmail.com,Décor,1,791.66,0.1,Paid Search,US,variant
ORD-006217,2024-11-17,CUST-02125,cust-02125@lumenmail.com,Furniture,1,111.09,0.1,Paid Search,US,control
ORD-007114,2023-10-20,,guest@lumenmail.com,Furniture,2,94.51,0.0,Paid Search,US,control
ORD-001099,2024-04-29,CUST-00031,cust-00031@lumenmail.com,Furniture,1,88.87,0.05,Organic,US,variant
ORD-008936,2023-10-07,CUST-00853,cust-00853@lumenmail.com,Outdoor,1,97.6,0.0,Paid Search,US,control
ORD-003063,2024-11-09,,guest@lumenmail.com,Lighting,2,73.92,0.0,Social,US,variant
ORD-003971,2024-07-13,CUST-01082,cust-01082@lumenmail.com,Décor,1,54.79,0.15,Email,ZZ,control
ORD-001147,2023-07-21,CUST-02109,cust-02109@lumenmail.com,Outdoor,1,27.12,0.0,Paid Search,CA,control
ORD-005511,2024-12-26,CUST-00142,cust-00142@lumenmail.com,Décor,4,146.3,0.05,Email,US,variant
ORD-002131,2024-05-21,CUST-01695,cust-01695@lumenmail.com,Lighting,1,239.06,0.05,Organic,US,
ORD-009524,2023-07-18,,guest@lumenmail.com,Lighting,1,30.69,0.15,Organic,UK,
ORD-004683,2023-07-16,CUST-01533,cust-01533@lumenmail.com,Décor,1,60.4,0.0,Email,US,control
ORD-004946,2024-04-18,CUST-01236,cust-01236@lumenmail.com,Outdoor,1,0.0,0.0,Paid Search,US,control
ORD-005488,2023-08-01,CUST-00705,cust-00705@lumenmail.com,Furniture,3,57.63,0.0,Email,UK,control
ORD-001380,20/01/2024,,guest@lumenmail.com,Outdoor,1,228.4,0.0,Paid Search,CA,control
ORD-001642,2023-11-28,CUST-02605,cust-02605@lumenmail.com,Lighting,2,94.98,0.05,Paid Search,US,
ORD-005397,14/09/2023,CUST-00124,cust-00124@lumenmail.com,Décor,1,94.1,0.0,Organic,UK,variant
ORD-009264,2024-11-05,CUST-02278,cust-02278@lumenmail.com,Lighting,1,197.23,0.15,Social,US,variant
ORD-001450,31/08/2024,CUST-02947,cust-02947@lumenmail.com,Décor,-2,9.2,0.0,Paid Search,CA,control
ORD-001960,2023-12-23,CUST-00580,cust-00580@lumenmail.com,Lighting,1,135.25,0.15,Social,US,variant
ORD-007112,2023-08-21,CUST-01410,cust-01410@lumenmail.com,Lighting,1,97.23,0.05,Paid Search,ZZ,
ORD-000054,2024-09-24,,guest@lumenmail.com,Décor,1,0.0,0.1,,US,control
ORD-005048,2024-11-13,CUST-01229,cust-01229@lumenmail.com,Furniture,2,52.5,0.0,Organic,UK,variant
ORD-008765,2024-04-01,CUST-00027,cust-00027@lumenmail.com,Outdoor,4,560.24,0.0,Paid Search,CA,control
ORD-003388,2024-11-17,CUST-01082,cust-01082@lumenmail.com,Lighting,1,134.5,0.2,Paid Search,US,
ORD-004070,2024-04-27,CUST-01516,cust-01516@lumenmail.com,Lighting,1,147.07,0.05,Paid Search,US,variant
ORD-007441,2023-08-15,CUST-01656,cust-01656@lumenmail.com,Décor,1,76.7,0.05,Email,UK,variant
ORD-000972,2023-12-20,CUST-01185,cust-01185@lumenmail.com,Accessories,4,52.22,0.0,Email,US,control
ORD-000669,2024-02-05,CUST-02669,cust-02669@lumenmail.com,Accessories,2,74.88,0.05,Paid Search,CA,
ORD-001107,2023-12-20,CUST-02750,cust-02750@lumenmail.com,Outdoor,1,34.75,0.15,Email,ZZ,control
ORD-007498,2024-08-09,CUST-01039,cust-01039@lumenmail.com,Décor,2,31.98,0.05,Organic,US,
ORD-003846,2024-06-16,CUST-02017,cust-02017@lumenmail.com,Décor,1,192.21,0.25,Organic,UK,
ORD-003172,25/09/2024,CUST-02707,cust-02707@lumenmail.com,Lighting,2,41.53,0.0,Paid Search,US,
ORD-005635,24/10/2024,CUST-01027,cust-01027@lumenmail.com,Lighting,3,548.3,0.05,Paid Search,US,control
ORD-007012,2024-03-29,CUST-00446,cust-00446@lumenmail.com,Décor,2,29.82,0.0,Organic,US,variant
ORD-008839,2024-12-07,CUST-01113,cust-01113@lumenmail.com,Décor,1,46.14,0.0,Paid Search,US,control
ORD-002996,2023-07-21,CUST-01887,cust-01887@lumenmail.com,Décor,1,246.04,0.1,Email,CA,variant
ORD-001829,2024-06-10,CUST-02117,cust-02117@lumenmail.com,Furniture,3,64.68,0.15,Email,UK,variant
ORD-004716,05/10/2024,CUST-00389,cust-00389@lumenmail.com,Furniture,1,363.01,0.0,Organic,CA,control
ORD-008755,2024-09-30,CUST-01327,cust-01327@lumenmail.com,Lighting,3,129.01,0.0,Email,ZZ,
ORD-009301,2024-01-18,CUST-01101,cust-01101@lumenmail.com,Furniture,1,68.24,0.0,Paid Search,US,
ORD-000065,2024-05-15,CUST-02498,cust-02498@lumenmail.com,Lighting,7,88.03,0.0,Organic,US,
ORD-004212,2023-07-17,CUST-02624,cust-02624@lumenmail.com,Décor,2,134.02,0.0,Social,US,variant
ORD-003314,15/04/2024,CUST-00722,cust-00722@lumenmail.com,Lighting,2,8.1,0.1,Organic,AU,
ORD-002599,2024-03-04,CUST-00037,cust-00037@lumenmail.com,Décor,7,288.62,0.0,Organic,US,variant
ORD-003048,2024-11-16,CUST-00609,cust-00609@lumenmail.com,Accessories,1,84.29,0.2,Organic,UK,control
ORD-003531,2024-06-21,,guest@lumenmail.com,Furniture,4,46.63,0.2,Organic,CA,
ORD-008457,2023-08-26,CUST-02621,cust-02621@lumenmail.com,Outdoor,1,608.43,0.0,Social,US,control
ORD-005528,2024-07-16,CUST-02993,cust-02993@lumenmail.com,Lighting,1,147.34,0.0,Paid Search,US,control
ORD-005690,2024-04-11,CUST-01363,cust-01363@lumenmail.com,Lighting,2,10.23,0.05,Email,CA,variant
ORD-005365,2024-06-01,CUST-01503,cust-01503@lumenmail.com,Furniture,2,23.45,0.0,Organic,US,
ORD-001979,2024-06-09,CUST-00050,cust-00050@lumenmail.com,Accessories,1,34.49,0.15,Email,UK,control
ORD-003426,2024-06-04,CUST-01052,cust-01052@lumenmail.com,Décor,1,57.17,0.1,Paid Search,CA,variant
ORD-001647,2024-03-28,CUST-01989,cust-01989@lumenmail.com,Décor,5,36.16,0.0,Email,US,variant
ORD-006949,2024-03-22,CUST-02591,cust-02591@lumenmail.com,Décor,2,53.91,0.0,Organic,US,control
ORD-008454,2024-08-02,CUST-01488,cust-01488@lumenmail.com,Décor,1,346.9,0.05,Paid Search,US,variant
ORD-001245,2023-10-12,CUST-01960,cust-01960@lumenmail.com,Furniture,1,175.34,0.0,Paid Search,CA,
ORD-004579,2023-12-11,CUST-01781,cust-01781@lumenmail.com,Furniture,2,43.9,0.1,Email,US,
ORD-000842,08/07/2024,CUST-02338,cust-02338@lumenmail.com,Lighting,1,250.43,0.25,Paid Search,UK,variant
ORD-001946,2024-07-08,CUST-01996,cust-01996@lumenmail.com,Furniture,1,239.34,0.0,Paid Search,CA,variant
ORD-001437,28/10/2024,CUST-00995,cust-00995@lumenmail.com,Accessories,4,45.29,0.15,Email,US,variant
ORD-003359,2023-09-22,CUST-01276,cust-01276@lumenmail.com,Lighting,1,157.52,0.2,Email,US,
ORD-002653,28/03/2024,CUST-01324,cust-01324@lumenmail.com,Outdoor,2,87.14,0.0,Social,US,variant
ORD-005367,2024-07-24,CUST-01137,cust-01137@lumenmail.com,Lighting,2,39.31,0.0,Paid Search,US,control
ORD-003236,2023-06-24,CUST-01208,cust-01208@lumenmail.com,Furniture,2,718.11,0.0,Paid Search,US,
ORD-003570,2023-07-11,CUST-01602,cust-01602@lumenmail.com,Décor,1,148.23,0.1,Email,US,control
ORD-001556,2023-07-28,CUST-00706,cust-00706@lumenmail.com,Lighting,2,200.08,0.0,Email,US,variant
ORD-001802,2024-12-08,CUST-02271,cust-02271@lumenmail.com,Furniture,4,97.96,0.0,Email,US,control
ORD-001233,2024-06-29,CUST-01360,cust-01360@lumenmail.com,Furniture,2,399.9,0.15,Social,US,control
ORD-003972,2023-09-05,CUST-00774,cust-00774@lumenmail.com,Lighting,3,8.13,0.1,Email,AU,
ORD-008007,2023-08-06,CUST-00248,cust-00248@lumenmail.com,Furniture,2,103.59,0.15,Email,US,variant
ORD-008306,2024-02-24,CUST-00909,cust-00909@lumenmail.com,Furniture,1,183.37,0.0,Email,US,
ORD-001098,14/02/2024,CUST-02637,cust-02637@lumenmail.com,Décor,2,20.54,0.0,Paid Search,UK,control
ORD-000540,25/11/2024,CUST-02037,cust-02037@lumenmail.com,Décor,3,27.71,0.15,Email,US,
ORD-004845,2024-02-26,CUST-01116,cust-01116@lumenmail.com,Furniture,1,35.78,0.05,Email,US,control
ORD-008996,2023-06-14,CUST-02112,cust-02112@lumenmail.com,Décor,1,77.98,0.05,Paid Search,ZZ,
ORD-009316,16/08/2024,CUST-02989,cust-02989@lumenmail.com,Furniture,1,100.94,0.0,Paid Search,US,control
ORD-001612,2023-10-30,CUST-02224,cust-02224@lumenmail.com,Outdoor,1,38.65,0.0,Organic,ZZ,variant
ORD-001143,2023-07-11,CUST-00834,cust-00834@lumenmail.com,Lighting,1,77.08,0.05,Social,US,control
ORD-001393,2024-10-05,CUST-02527,cust-02527@lumenmail.com,Accessories,-1,21.94,0.05,Paid Search,US,
ORD-003568,2023-08-26,CUST-00377,cust-00377@lumenmail.com,Outdoor,1,24.26,0.25,Paid Search,US,
ORD-001355,2024-06-12,CUST-00665,cust-00665@lumenmail.com,Lighting,1,150.38,0.0,Email,CA,
ORD-004977,2024-06-04,CUST-02131,cust-02131@lumenmail.com,Furniture,1,112.69,0.1,,US,control
ORD-009124,2023-06-23,CUST-00302,cust-00302@lumenmail.com,Furniture,1,271.4,0.25,Paid Search,US,control
ORD-002739,2024-09-02,CUST-00508,cust-00508@lumenmail.com,Lighting,2,35.53,0.05,Paid Search,US,variant
ORD-008510,21/07/2024,CUST-01840,cust-01840@lumenmail.com,Lighting,1,11.99,0.0,Organic,UK,
ORD-003860,2024-07-30,CUST-02573,cust-02573@lumenmail.com,Furniture,-1,228.48,0.1,Social,US,control
ORD-002708,2023-08-30,CUST-00360,cust-00360@lumenmail.com,Furniture,3,59.67,0.0,Social,UK,control
ORD-009016,2024-08-30,,guest@lumenmail.com,Lighting,3,29.04,0.25,Social,US,
ORD-000420,2023-07-28,CUST-01172,cust-01172@lumenmail.com,Outdoor,2,80.44,0.1,Organic,US,
ORD-007912,2024-08-01,CUST-02417,cust-02417@lumenmail.com,Furniture,2,65.3,0.1,Organic,UK,control
ORD-001052,2023-11-27,CUST-00936,cust-00936@lumenmail.com,Accessories,1,144.99,0.2,Social,US,
ORD-009221,2023-08-23,CUST-01429,cust-01429@lumenmail.com,Furniture,2,5.85,0.0,Paid Search,US,control
ORD-007622,2023-12-02,CUST-01514,cust-01514@lumenmail.com,Décor,1,195.18,0.0,Email,AU,
ORD-005089,2023-06-30,,guest@lumenmail.com,Lighting,1,10.84,0.15,Paid Search,US,
ORD-006063,2024-01-19,CUST-02907,cust-02907@lumenmail.com,Décor,1,79.56,0.05,Organic,US,control
ORD-007933,15/03/2024,CUST-02964,cust-02964@lumenmail.com,Décor,1,226.09,0.05,Email,UK,
ORD-009206,2024-07-21,CUST-00837,cust-00837@lumenmail.com,Lighting,2,31.7,0.05,Social,AU,
ORD-000096,2024-01-19,CUST-01059,cust-01059@lumenmail.com,Lighting,2,26.07,0.0,Social,CA,variant
ORD-005701,2024-08-20,CUST-00465,cust-00465@lumenmail.com,Lighting,2,271.88,0.0,Email,CA,control
ORD-003284,2024-05-04,CUST-01626,cust-01626@lumenmail.com,Décor,1,182.82,0.15,Email,US,variant
ORD-009449,18/11/2024,CUST-01050,cust-01050@lumenmail.com,Lighting,2,306.18,0.2,Email,CA,variant
ORD-001568,2023-07-14,CUST-01815,cust-01815@lumenmail.com,Lighting,3,206.99,0.05,Email,CA,variant
ORD-005455,2024-03-21,CUST-02877,cust-02877@lumenmail.com,Décor,1,90.01,0.0,Email,US,variant
ORD-006702,2023-06-17,CUST-00805,cust-00805@lumenmail.com,Décor,1,97.21,0.15,Paid Search,US,
ORD-000371,2023-10-08,CUST-00958,cust-00958@lumenmail.com,Furniture,1,62.35,0.1,Paid Search,US,
ORD-004114,2023-11-06,CUST-02650,cust-02650@lumenmail.com,Décor,2,26.79,0.0,Social,CA,
ORD-008821,2024-06-15,CUST-00434,cust-00434@lumenmail.com,Lighting,2,9.22,0.2,Email,US,variant
ORD-004865,2024-10-07,CUST-02934,cust-02934@lumenmail.com,Lighting,1,126.31,0.05,Email,US,variant
ORD-009456,2023-08-20,CUST-01182,cust-01182@lumenmail.com,Lighting,1,26.58,0.0,Organic,US,
ORD-001987,2024-09-19,CUST-01483,cust-01483@lumenmail.com,Furniture,1,122.62,0.05,Paid Search,US,control
ORD-004598,22/06/2023,,guest@lumenmail.com,Lighting,2,712.97,0.05,Organic,US,control
ORD-007061,2023-07-31,CUST-01593,cust-01593@lumenmail.com,Outdoor,2,46.79,0.05,Paid Search,US,
ORD-007647,2023-09-17,CUST-01615,cust-01615@lumenmail.com,Accessories,2,48.65,0.0,Social,US,control
ORD-000553,2024-03-07,CUST-01749,cust-01749@lumenmail.com,Décor,-1,62.9,0.15,Organic,US,control
ORD-008089,2024-01-18,CUST-00460,cust-00460@lumenmail.com,Outdoor,1,9.85,0.0,Organic,CA,control
ORD-004930,2024-11-13,CUST-01623,cust-01623@lumenmail.com,Outdoor,1,7.61,0.25,Paid Search,US,
ORD-002152,04/12/2024,CUST-00680,cust-00680@lumenmail.com,Outdoor,1,85.26,0.0,Social,US,
ORD-007164,12/08/2023,CUST-02998,cust-02998@lumenmail.com,Lighting,1,111.2,0.0,Email,ZZ,variant
ORD-001555,2024-10-19,CUST-00919,cust-00919@lumenmail.com,Décor,1,42.86,0.1,Paid Search,US,variant
ORD-007902,2024-09-10,CUST-01558,cust-01558@lumenmail.com,Outdoor,3,341.42,0.0,Social,US,variant
ORD-006483,2024-06-26,CUST-00508,cust-00508@lumenmail.com,Outdoor,-3,253.65,0.0,Email,CA,
ORD-000660,2023-11-07,CUST-02637,cust-02637@lumenmail.com,Lighting,4,151.03,0.1,Social,UK,
ORD-004754,2024-03-19,CUST-02128,cust-02128@lumenmail.com,Furniture,3,58.36,0.0,Social,US,variant
ORD-009169,04/12/2023,CUST-00631,cust-00631@lumenmail.com,Décor,1,147.38,0.1,Social,UK,
ORD-000253,2024-05-12,CUST-00886,cust-00886@lumenmail.com,Lighting,3,174.43,0.1,Social,US,variant
ORD-000412,2023-07-20,CUST-00863,cust-00863@lumenmail.com,Accessories,3,43.2,0.1,Social,US,
ORD-003385,2023-06-07,CUST-01732,cust-01732@lumenmail.com,Lighting,2,603.7,0.05,Organic,US,control
ORD-000756,2024-06-24,CUST-00697,cust-00697@lumenmail.com,Accessories,2,102.79,0.2,Paid Search,US,control
ORD-008729,2024-04-12,CUST-00773,cust-00773@lumenmail.com,Lighting,1,73.95,0.05,Email,US,
ORD-004239,01/12/2024,CUST-01827,cust-01827@lumenmail.com,Décor,1,54.26,0.15,Paid Search,US,control
ORD-000310,17/12/2023,CUST-02056,cust-02056@lumenmail.com,Furniture,1,19.36,0.05,,CA,
ORD-004258,2024-06-19,CUST-02950,cust-02950@lumenmail.com,Lighting,2,11.1,0.0,Email,US,variant
ORD-001904,2024-10-14,CUST-02322,cust-02322@lumenmail.com,Décor,1,97.37,0.25,Organic,US,
ORD-007442,2024-07-16,,guest@lumenmail.com,Décor,1,65.05,0.15,Paid Search,CA,
ORD-005150,2023-10-28,CUST-02641,cust-02641@lumenmail.com,Décor,5,91.92,0.0,Social,US,variant
ORD-003496,2023-10-08,CUST-00871,cust-00871@lumenmail.com,Lighting,1,92.94,0.0,Email,US,variant
ORD-002710,2024-07-13,CUST-02740,cust-02740@lumenmail.com,Lighting,2,468.42,0.1,Organic,AU,
ORD-008590,2024-03-04,CUST-02859,cust-02859@lumenmail.com,Décor,4,46.93,0.0,Email,US,
ORD-005852,2023-07-12,CUST-01264,cust-01264@lumenmail.com,Décor,1,222.23,0.25,Paid Search,US,
ORD-002006,2023-09-25,CUST-02704,cust-02704@lumenmail.com,Décor,1,276.55,0.1,Email,US,
ORD-000605,2024-04-14,CUST-00118,cust-00118@lumenmail.com,Lighting,3,24.83,0.15,Paid Search,US,
ORD-006509,2024-06-22,CUST-02255,cust-02255@lumenmail.com,Outdoor,1,353.51,0.0,Paid Search,US,variant
ORD-001917,2023-09-15,CUST-02932,cust-02932@lumenmail.com,Lighting,1,203.91,0.1,Organic,UK,control
ORD-004661,2023-06-16,CUST-00450,cust-00450@lumenmail.com,Lighting,1,388.44,0.0,Email,US,control
ORD-005426,2023-06-05,CUST-01804,cust-01804@lumenmail.com,Accessories,1,170.87,0.0,Organic,US,control
ORD-005840,2023-09-22,CUST-00824,cust-00824@lumenmail.com,Décor,4,20.76,0.0,Organic,US,variant
ORD-004712,2024-01-15,CUST-01628,cust-01628@lumenmail.com,Décor,2,96.64,0.0,Paid Search,US,variant
ORD-005549,2024-12-02,CUST-01724,cust-01724@lumenmail.com,Outdoor,2,83.87,0.05,Paid Search,AU,variant
ORD-007427,2024-05-22,CUST-02131,cust-02131@lumenmail.com,Lighting,2,19.82,0.05,Paid Search,US,variant
ORD-003774,2024-12-01,CUST-02336,cust-02336@lumenmail.com,Lighting,-1,99.84,0.0,Paid Search,US,
ORD-001173,23/01/2024,CUST-02434,cust-02434@lumenmail.com,Furniture,3,139.54,0.15,Email,US,control
ORD-003523,2024-12-02,CUST-01486,cust-01486@lumenmail.com,Outdoor,2,59.45,0.2,Organic,US,control
ORD-005336,2024-09-27,CUST-00552,cust-00552@lumenmail.com,Furniture,1,29.07,0.25,Organic,US,
ORD-002439,2024-11-12,CUST-02798,cust-02798@lumenmail.com,Outdoor,1,14.97,0.0,Social,AU,variant
ORD-004801,2023-07-30,CUST-00358,cust-00358@lumenmail.com,Accessories,1,111.01,0.25,Paid Search,US,variant
ORD-004929,2023-09-14,CUST-02612,cust-02612@lumenmail.com,Furniture,7,83.14,0.0,Social,ZZ,
ORD-004537,2023-07-21,CUST-01131,cust-01131@lumenmail.com,Outdoor,1,22.92,0.1,Paid Search,CA,control
ORD-005486,2024-09-21,CUST-02857,cust-02857@lumenmail.com,Décor,3,47.67,0.0,Social,AU,variant
ORD-000798,2024-06-29,CUST-00139,cust-00139@lumenmail.com,Accessories,3,33.81,0.1,Paid Search,US,variant
ORD-000834,2023-08-28,CUST-00983,cust-00983@lumenmail.com,Accessories,1,431.06,0.25,Organic,US,
ORD-002277,2024-12-19,,guest@lumenmail.com,Accessories,2,36.23,0.05,Paid Search,US,
ORD-007507,2023-07-02,CUST-00923,cust-00923@lumenmail.com,Décor,4,14.0,0.05,,US,
ORD-006127,2023-07-09,CUST-01914,cust-01914@lumenmail.com,Lighting,3,75.98,0.0,Social,US,variant
ORD-005387,13/07/2024,CUST-02871,cust-02871@lumenmail.com,Furniture,1,455.53,0.0,Social,US,control
ORD-007839,2024-09-15,CUST-02424,cust-02424@lumenmail.com,Outdoor,-7,28.69,0.0,Social,US,variant
ORD-001198,2024-10-27,CUST-01427,cust-01427@lumenmail.com,Accessories,1,20.56,0.0,Organic,US,variant
ORD-004055,21/10/2023,CUST-01029,cust-01029@lumenmail.com,Lighting,1,97.0,0.1,Social,US,control
ORD-006456,2024-02-12,,guest@lumenmail.com,Lighting,1,154.79,0.15,Social,AU,
ORD-004507,2023-06-17,CUST-00471,cust-00471@lumenmail.com,Lighting,1,14.34,0.05,Organic,US,control
ORD-009434,2024-10-04,CUST-00633,cust-00633@lumenmail.com,Lighting,2,143.94,0.1,Email,AU,
ORD-007196,2024-11-29,CUST-00050,cust-00050@lumenmail.com,Décor,2,44.75,0.0,Email,US,control
ORD-009372,2023-08-25,,guest@lumenmail.com,Décor,4,533.77,0.2,Social,US,variant
ORD-009319,2024-05-19,CUST-01741,cust-01741@lumenmail.com,Outdoor,1,31.31,0.05,Paid Search,US,control
ORD-004774,2024-03-20,CUST-00308,cust-00308@lumenmail.com,Lighting,3,73.61,0.0,Paid Search,ZZ,control
ORD-009582,2024-11-16,,guest@lumenmail.com,Furniture,5,168.59,0.1,Paid Search,UK,
ORD-006804,2023-10-01,CUST-02529,cust-02529@lumenmail.com,Furniture,2,87.62,0.05,Email,US,control
ORD-001908,2024-04-18,CUST-02558,cust-02558@lumenmail.com,Lighting,1,324.4,0.0,Email,ZZ,
ORD-005153,2024-03-07,CUST-00614,cust-00614@lumenmail.com,Décor,1,41.87,0.0,Paid Search,US,
ORD-000654,2023-08-19,CUST-01330,cust-01330@lumenmail.com,Lighting,2,762.94,0.25,Email,AU,variant
ORD-004440,2024-03-09,CUST-00835,cust-00835@lumenmail.com,Furniture,1,191.45,0.0,Paid Search,US,variant
ORD-005602,2023-07-22,CUST-02099,cust-02099@lumenmail.com,Décor,2,351.58,0.0,Organic,US,
ORD-004734,2024-04-13,CUST-01614,cust-01614@lumenmail.com,Décor,1,29.65,0.15,Email,US,control
ORD-003074,2024-01-22,CUST-02874,cust-02874@lumenmail.com,Décor,-3,80.88,0.0,Email,US,control
ORD-004420,2023-07-21,CUST-01694,cust-01694@lumenmail.com,Lighting,2,32.86,0.05,Email,US,
ORD-004025,2024-09-20,CUST-01322,cust-01322@lumenmail.com,Outdoor,5,793.75,0.05,Organic,CA,variant
ORD-006370,19/09/2023,CUST-01158,cust-01158@lumenmail.com,Furniture,3,77.21,0.2,Social,US,control
ORD-006170,2023-07-11,CUST-01221,cust-01221@lumenmail.com,Décor,2,212.79,0.05,Organic,US,
ORD-002948,2024-03-09,CUST-00474,cust-00474@lumenmail.com,Lighting,4,137.0,0.25,Paid Search,US,
ORD-002788,2024-01-20,CUST-02446,cust-02446@lumenmail.com,Décor,2,0.0,0.15,Paid Search,US,
ORD-003913,2024-09-08,,guest@lumenmail.com,Lighting,4,103.25,0.0,Email,US,control
ORD-009451,2024-11-04,,guest@lumenmail.com,Accessories,1,21.46,0.05,Organic,US,
ORD-005755,2024-02-28,CUST-02752,cust-02752@lumenmail.com,Décor,1,112.62,0.05,Social,US,
ORD-000579,2023-11-17,CUST-00731,cust-00731@lumenmail.com,Décor,1,23.77,0.1,Email,US,
ORD-002601,2024-02-28,CUST-02901,cust-02901@lumenmail.com,Décor,2,124.72,0.1,,CA,control
ORD-000511,2024-04-16,CUST-00791,cust-00791@lumenmail.com,Décor,4,250.53,0.0,Email,US,
ORD-000106,2023-08-30,CUST-00100,cust-00100@lumenmail.com,Décor,1,280.43,0.1,Email,CA,control
ORD-004911,2024-03-08,CUST-02223,cust-02223@lumenmail.com,Décor,2,52.45,0.1,Organic,CA,variant
ORD-005271,2024-11-15,CUST-01011,cust-01011@lumenmail.com,Furniture,1,0.0,0.05,Paid Search,UK,
ORD-007471,2023-12-24,CUST-00469,cust-00469@lumenmail.com,Outdoor,6,107.69,0.2,,AU,
ORD-003510,2023-12-24,CUST-02061,cust-02061@lumenmail.com,Outdoor,1,8.92,0.0,Email,US,control
ORD-007526,2024-08-18,CUST-01180,cust-01180@lumenmail.com,Outdoor,5,156.08,0.0,,UK,variant
ORD-004815,2024-03-31,CUST-00752,cust-00752@lumenmail.com,Lighting,7,153.7,0.0,Organic,US,variant
ORD-002018,2023-06-16,CUST-00908,cust-00908@lumenmail.com,Lighting,1,104.54,0.05,Email,CA,variant
ORD-003781,2024-12-08,CUST-01038,cust-01038@lumenmail.com,Furniture,1,22.91,0.1,Organic,UK,
ORD-004638,2023-12-05,CUST-01508,cust-01508@lumenmail.com,Lighting,1,176.12,0.15,Email,US,
ORD-007388,2024-08-13,CUST-00086,cust-00086@lumenmail.com,Furniture,1,69.2,0.05,Paid Search,US,
ORD-008589,2023-06-12,CUST-02765,cust-02765@lumenmail.com,Décor,2,49.2,0.1,Email,US,variant
ORD-007377,2023-09-21,,guest@lumenmail.com,Accessories,1,83.3,0.05,Organic,US,
ORD-001942,2023-06-08,CUST-01361,cust-01361@lumenmail.com,Décor,2,734.51,0.0,Social,US,
ORD-002288,2024-01-31,CUST-02850,cust-02850@lumenmail.com,Accessories,2,367.32,0.0,Email,CA,variant
ORD-008066,2024-05-29,CUST-00490,cust-00490@lumenmail.com,Lighting,6,19.75,0.0,Organic,UK,
ORD-004682,2023-08-24,CUST-02529,cust-02529@lumenmail.com,Décor,1,331.49,0.15,Paid Search,US,variant
ORD-004796,2024-03-23,CUST-01610,cust-01610@lumenmail.com,Furniture,1,49.59,0.1,Paid Search,US,variant
ORD-000636,2023-11-07,CUST-00901,cust-00901@lumenmail.com,Accessories,-1,29.42,0.0,Organic,US,variant
ORD-004800,2024-03-22,CUST-02747,cust-02747@lumenmail.com,Furniture,1,9.53,0.0,Social,US,
ORD-002145,2024-01-11,CUST-02896,cust-02896@lumenmail.com,Lighting,4,193.12,0.05,Paid Search,US,variant
ORD-002468,2023-12-20,CUST-02588,cust-02588@lumenmail.com,Décor,2,173.23,0.0,Email,US,
ORD-006562,2024-08-31,CUST-00270,cust-00270@lumenmail.com,Outdoor,-1,193.03,0.0,Paid Search,CA,
ORD-007820,2023-07-12,CUST-01895,cust-01895@lumenmail.com,Furniture,1,97.73,0.15,Organic,US,
ORD-002271,2024-11-05,CUST-00461,cust-00461@lumenmail.com,Décor,5,5.02,0.0,Email,US,control
ORD-005514,2024-11-06,CUST-00050,cust-00050@lumenmail.com,Décor,1,350.97,0.05,Organic,US,
ORD-008363,23/03/2024,CUST-01130,cust-01130@lumenmail.com,Lighting,5,7.99,0.1,Organic,ZZ,variant
ORD-003691,2023-06-26,CUST-02297,cust-02297@lumenmail.com,Décor,4,58.77,0.0,Email,US,
ORD-003229,2024-07-02,CUST-02919,cust-02919@lumenmail.com,Lighting,1,282.91,0.0,Organic,ZZ,
ORD-001628,06/08/2024,CUST-01933,cust-01933@lumenmail.com,Furniture,1,83.11,0.0,Organic,CA,control
ORD-008044,2023-10-31,CUST-02454,cust-02454@lumenmail.com,Furniture,2,125.12,0.0,Organic,US,variant
ORD-008164,2024-07-31,CUST-01959,cust-01959@lumenmail.com,Furniture,1,118.98,0.05,Email,US,variant
ORD-007259,2023-09-20,CUST-00113,cust-00113@lumenmail.com,Outdoor,6,15.61,0.25,,US,variant
ORD-004014,2023-08-18,CUST-01460,cust-01460@lumenmail.com,Furniture,1,63.07,0.1,Email,CA,variant
ORD-000151,2024-03-09,CUST-02029,cust-02029@lumenmail.com,Lighting,5,98.6,0.0,Paid Search,US,
ORD-000616,2024-01-28,CUST-02806,cust-02806@lumenmail.com,Lighting,4,16.9,0.0,,US,
ORD-004527,2023-11-27,CUST-02869,cust-02869@lumenmail.com,Lighting,1,18.33,0.0,Email,CA,variant
ORD-008767,17/07/2023,,guest@lumenmail.com,Lighting,2,191.14,0.1,Email,CA,
ORD-001447,2024-11-17,CUST-01550,cust-01550@lumenmail.com,Furniture,2,47.07,0.0,Paid Search,US,
ORD-007555,2023-11-18,CUST-00039,cust-00039@lumenmail.com,Furniture,2,30.79,0.05,Email,UK,control
ORD-000347,2023-06-22,CUST-01760,cust-01760@lumenmail.com,Lighting,3,151.59,0.2,Email,US,control
ORD-000990,2023-08-24,CUST-01866,cust-01866@lumenmail.com,Lighting,2,73.98,0.15,Organic,US,variant
ORD-008002,10/01/2024,CUST-01850,cust-01850@lumenmail.com,Accessories,1,71.09,0.1,Social,US,
ORD-005817,2024-03-06,CUST-00328,cust-00328@lumenmail.com,Outdoor,1,17.2,0.1,Paid Search,US,control
ORD-006979,2024-03-26,,guest@lumenmail.com,Décor,1,49.98,0.1,Paid Search,US,
ORD-007750,2023-07-09,CUST-02175,cust-02175@lumenmail.com,Lighting,2,82.13,0.1,Paid Search,US,variant
ORD-007111,2024-12-26,CUST-02476,cust-02476@lumenmail.com,Lighting,1,46.8,0.25,Paid Search,US,
ORD-003397,2024-10-27,CUST-00695,cust-00695@lumenmail.com,Furniture,3,100.0,0.0,Organic,US,
ORD-005601,2023-06-17,CUST-01701,cust-01701@lumenmail.com,Décor,1,641.76,0.2,Social,US,
ORD-005564,2023-12-11,CUST-02684,cust-02684@lumenmail.com,Accessories,4,20.27,0.0,Email,UK,variant
ORD-006840,26/09/2024,CUST-00728,cust-00728@lumenmail.com,Furniture,3,37.0,0.05,Email,US,
ORD-000819,2024-07-16,CUST-00536,cust-00536@lumenmail.com,Outdoor,2,91.92,0.0,Email,US,variant
ORD-007381,2024-06-12,CUST-02286,cust-02286@lumenmail.com,Lighting,1,86.07,0.05,Email,US,control
ORD-008117,2024-08-21,CUST-00828,cust-00828@lumenmail.com,Décor,1,62.95,0.0,Organic,US,
ORD-009114,14/10/2023,CUST-00063,cust-00063@lumenmail.com,Accessories,1,30.66,0.25,Paid Search,US,
ORD-005227,17/12/2023,CUST-01123,cust-01123@lumenmail.com,Furniture,1,13.51,0.0,Social,CA,control
ORD-002260,2024-10-25,CUST-00625,cust-00625@lumenmail.com,Furniture,1,43.22,0.1,Email,US,
ORD-001089,2023-12-04,CUST-01277,cust-01277@lumenmail.com,Outdoor,4,42.0,0.0,Email,CA,
ORD-003095,2024-10-23,CUST-02282,cust-02282@lumenmail.com,Furniture,2,33.86,0.1,Organic,US,variant
ORD-002846,2023-12-18,CUST-00032,cust-00032@lumenmail.com,Outdoor,1,164.36,0.0,Paid Search,US,variant
ORD-009236,2023-09-19,CUST-00383,cust-00383@lumenmail.com,Outdoor,2,48.07,0.0,Paid Search,US,control
ORD-000053,2023-10-19,CUST-01478,cust-01478@lumenmail.com,Furniture,1,6.07,0.05,Email,CA,variant
ORD-007486,2024-09-11,CUST-00243,cust-00243@lumenmail.com,Outdoor,2,46.09,0.1,Organic,US,control
ORD-003268,2024-06-16,CUST-02568,cust-02568@lumenmail.com,Furniture,2,121.4,0.2,Email,US,variant
ORD-005027,2023-07-25,CUST-01546,cust-01546@lumenmail.com,Outdoor,2,89.51,0.0,Social,CA,variant
ORD-009225,2024-07-26,CUST-00461,cust-00461@lumenmail.com,Lighting,2,35.33,0.2,Organic,US,
ORD-006737,2023-10-30,,guest@lumenmail.com,Accessories,1,124.23,0.0,Paid Search,US,variant
ORD-005284,2024-03-25,CUST-00205,cust-00205@lumenmail.com,Furniture,4,67.12,0.05,Paid Search,US,control
ORD-006301,2023-09-26,CUST-00242,cust-00242@lumenmail.com,Furniture,1,78.9,0.0,Organic,UK,control
ORD-001603,2024-09-28,CUST-00365,cust-00365@lumenmail.com,Furniture,1,377.15,0.2,Paid Search,US,
ORD-005420,2024-01-14,CUST-02170,cust-02170@lumenmail.com,Furniture,2,136.31,0.05,Email,US,control
ORD-003439,25/11/2023,CUST-00507,cust-00507@lumenmail.com,Furniture,2,98.0,0.05,Email,US,variant
ORD-006897,2024-10-24,CUST-00817,cust-00817@lumenmail.com,Furniture,2,295.42,0.0,Email,US,
ORD-007826,2023-10-02,CUST-01953,cust-01953@lumenmail.com,Décor,5,66.13,0.1,Organic,US,variant
ORD-004466,2024-10-24,CUST-02491,cust-02491@lumenmail.com,Lighting,1,88.02,0.1,Paid Search,US,
ORD-006694,2024-03-21,CUST-00493,cust-00493@lumenmail.com,Lighting,1,65.19,0.1,Email,CA,variant
ORD-002533,2024-11-09,CUST-00210,cust-00210@lumenmail.com,Décor,1,196.06,0.0,Organic,UK,variant
ORD-007099,2024-11-02,,guest@lumenmail.com,Décor,1,20.67,0.0,Paid Search,US,
ORD-000104,2024-03-30,CUST-01853,cust-01853@lumenmail.com,Décor,2,0.0,0.1,Paid Search,CA,variant
ORD-009576,2024-05-08,CUST-02840,cust-02840@lumenmail.com,Décor,4,67.16,0.0,Paid Search,US,control
ORD-007449,2024-05-20,,guest@lumenmail.com,Furniture,2,90.38,0.0,Paid Search,UK,control
ORD-007048,2024-04-08,CUST-02928,cust-02928@lumenmail.com,Lighting,1,56.16,0.0,Paid Search,UK,control
ORD-005277,2024-07-02,CUST-02910,cust-02910@lumenmail.com,Lighting,1,56.95,0.15,Social,UK,
ORD-002166,2023-12-09,CUST-01538,cust-01538@lumenmail.com,Outdoor,1,43.19,0.15,Email,US,
ORD-001385,2024-07-09,CUST-01589,cust-01589@lumenmail.com,Furniture,1,49.22,0.0,Email,US,
ORD-000143,07/02/2024,CUST-01803,cust-01803@lumenmail.com,Outdoor,4,701.98,0.05,Paid Search,US,control
ORD-003168,2024-01-03,CUST-01941,cust-01941@lumenmail.com,Furniture,5,325.24,0.0,Organic,AU,control
ORD-001907,02/12/2024,CUST-00518,cust-00518@lumenmail.com,Furniture,7,5.13,0.0,Paid Search,US,control
ORD-009367,2024-11-23,,guest@lumenmail.com,Décor,2,135.54,0.05,Social,US,variant
ORD-009362,2024-01-16,CUST-02206,cust-02206@lumenmail.com,Lighting,2,66.31,0.2,Social,US,
ORD-002163,2024-01-30,CUST-00911,cust-00911@lumenmail.com,Accessories,1,184.77,0.0,Social,UK,control
ORD-001577,2024-01-10,CUST-01705,cust-01705@lumenmail.com,Lighting,1,12.02,0.2,Email,US,
ORD-005075,2023-10-25,CUST-02246,cust-02246@lumenmail.com,Lighting,2,163.5,0.1,Email,US,control
ORD-006308,2024-01-03,CUST-02078,cust-02078@lumenmail.com,Décor,2,26.16,0.0,Paid Search,US,control
ORD-006989,2024-03-26,CUST-00772,cust-00772@lumenmail.com,Furniture,1,8.09,0.05,Email,US,variant
ORD-000565,2023-08-26,CUST-01264,cust-01264@lumenmail.com,Furniture,1,183.77,0.0,Paid Search,CA,variant
ORD-005071,2023-09-15,CUST-01601,cust-01601@lumenmail.com,Décor,2,308.57,0.0,Paid Search,US,variant
ORD-005819,2024-06-08,CUST-02894,cust-02894@lumenmail.com,Lighting,1,165.56,0.0,Organic,US,
ORD-001584,27/01/2024,CUST-00128,cust-00128@lumenmail.com,Décor,2,7.15,0.1,Paid Search,CA,control
ORD-008124,2024-02-05,CUST-01639,cust-01639@lumenmail.com,Lighting,2,19.64,0.05,Organic,US,
ORD-009313,2023-11-03,CUST-02586,cust-02586@lumenmail.com,Lighting,3,192.78,0.0,Paid Search,CA,variant
ORD-001641,27/08/2023,CUST-01516,cust-01516@lumenmail.com,Furniture,2,116.26,0.05,Organic,ZZ,
ORD-001673,2024-04-01,CUST-02700,cust-02700@lumenmail.com,Lighting,1,366.93,0.05,Paid Search,US,
ORD-001617,2023-07-03,CUST-02054,cust-02054@lumenmail.com,Lighting,2,61.56,0.1,Organic,CA,variant
ORD-009270,2024-01-05,CUST-00279,cust-00279@lumenmail.com,Furniture,1,31.9,0.15,Paid Search,US,control
ORD-007947,2023-10-17,CUST-00333,cust-00333@lumenmail.com,Décor,5,141.56,0.1,Social,US,variant
ORD-001519,2024-11-07,CUST-02859,cust-02859@lumenmail.com,Furniture,2,135.55,0.05,Paid Search,UK,control
ORD-006682,2024-09-07,CUST-01382,cust-01382@lumenmail.com,Lighting,2,16.58,0.1,,CA,control
ORD-001808,2024-01-28,CUST-02739,cust-02739@lumenmail.com,Décor,4,213.16,0.1,Email,US,control
ORD-008633,2024-11-02,CUST-01845,cust-01845@lumenmail.com,Outdoor,2,71.26,0.05,Organic,US,control
ORD-006302,2024-12-05,CUST-00155,cust-00155@lumenmail.com,Furniture,3,316.6,0.0,Paid Search,AU,
ORD-004858,2024-06-07,CUST-00081,cust-00081@lumenmail.com,Furniture,1,198.87,0.0,,US,control
ORD-003636,2024-02-10,CUST-00398,cust-00398@lumenmail.com,Furniture,2,57.47,0.0,Paid Search,US,
ORD-002954,2024-08-29,CUST-00459,cust-00459@lumenmail.com,Décor,5,37.83,0.0,Email,US,
ORD-004417,2023-08-13,CUST-00584,cust-00584@lumenmail.com,Décor,1,9.13,0.0,Social,US,control
ORD-005972,2023-12-10,CUST-02150,cust-02150@lumenmail.com,Lighting,-1,578.85,0.0,Social,US,control
ORD-007995,2023-11-25,,guest@lumenmail.com,Outdoor,1,9.5,0.1,Organic,US,
ORD-007314,2024-04-21,CUST-02379,cust-02379@lumenmail.com,Lighting,7,29.58,0.05,Organic,US,variant
ORD-004550,10/07/2023,CUST-01287,cust-01287@lumenmail.com,Décor,2,154.32,0.0,Paid Search,US,control
ORD-000836,2024-06-29,CUST-02079,cust-02079@lumenmail.com,Lighting,2,83.68,0.05,Paid Search,AU,
ORD-003085,08/09/2024,CUST-02728,cust-02728@lumenmail.com,Décor,1,173.38,0.2,Organic,US,
ORD-008681,01/11/2024,CUST-00050,cust-00050@lumenmail.com,Décor,1,709.35,0.0,Paid Search,CA,
ORD-006091,2024-06-17,CUST-00752,cust-00752@lumenmail.com,Lighting,2,362.08,0.1,Organic,US,variant
ORD-000474,2024-11-05,CUST-02383,cust-02383@lumenmail.com,Lighting,1,90.93,0.05,Email,ZZ,
ORD-002735,2024-05-20,CUST-01341,cust-01341@lumenmail.com,Lighting,-1,29.79,0.2,Paid Search,CA,control
ORD-001269,2024-12-01,CUST-00644,cust-00644@lumenmail.com,Furniture,2,536.52,0.0,Organic,US,variant
ORD-002302,2024-04-14,CUST-01429,cust-01429@lumenmail.com,Décor,3,46.78,0.05,Social,US,variant
ORD-006877,2024-10-03,CUST-01456,cust-01456@lumenmail.com,Décor,2,153.16,0.15,Social,CA,control
ORD-004088,2024-06-15,CUST-00501,cust-00501@lumenmail.com,Décor,5,148.46,0.15,Organic,US,control
ORD-003319,2023-09-26,CUST-00075,cust-00075@lumenmail.com,Accessories,3,36.92,0.0,Social,US,
ORD-003009,2023-07-10,,guest@lumenmail.com,Lighting,3,655.83,0.05,Social,UK,variant
ORD-003597,2023-11-30,CUST-01614,cust-01614@lumenmail.com,Accessories,1,97.23,0.0,Organic,UK,variant
ORD-006315,2024-03-01,CUST-01761,cust-01761@lumenmail.com,Outdoor,1,37.33,0.1,Social,US,control
ORD-009087,2024-08-18,CUST-00878,cust-00878@lumenmail.com,Furniture,2,11.77,0.0,Organic,ZZ,control
ORD-005306,2024-12-06,CUST-00514,cust-00514@lumenmail.com,Lighting,2,24.56,0.0,Email,US,control
ORD-009075,22/04/2024,CUST-01763,cust-01763@lumenmail.com,Accessories,2,22.37,0.0,Paid Search,US,
ORD-005822,2023-11-02,,guest@lumenmail.com,Lighting,4,21.03,0.15,Email,US,control
ORD-009076,2024-06-05,CUST-00595,cust-00595@lumenmail.com,Outdoor,3,336.07,0.0,Paid Search,US,variant
ORD-001635,2023-08-13,,guest@lumenmail.com,Décor,2,86.87,0.1,Organic,US,variant
ORD-002470,2024-03-05,CUST-01570,cust-01570@lumenmail.com,Furniture,7,95.19,0.05,Email,US,control
ORD-008452,11/06/2023,CUST-02564,cust-02564@lumenmail.com,Accessories,2,71.62,0.0,Email,US,variant
ORD-000223,2023-10-18,CUST-00475,cust-00475@lumenmail.com,Furniture,1,96.26,0.0,Email,ZZ,control
ORD-005303,2024-01-17,CUST-00376,cust-00376@lumenmail.com,Lighting,1,28.17,0.1,Social,US,
ORD-008875,2024-02-11,CUST-01838,cust-01838@lumenmail.com,Outdoor,1,33.2,0.1,Social,US,variant
ORD-009061,2024-11-01,CUST-00477,cust-00477@lumenmail.com,Lighting,1,236.91,0.05,Paid Search,CA,
ORD-008406,2023-09-03,CUST-00387,cust-00387@lumenmail.com,Accessories,1,168.78,0.0,Social,US,
ORD-002656,2024-05-01,CUST-01498,cust-01498@lumenmail.com,Lighting,7,5.57,0.05,Social,US,
ORD-007218,2023-06-29,CUST-00045,cust-00045@lumenmail.com,Furniture,4,94.54,0.0,Organic,UK,variant
ORD-005610,2024-05-07,,guest@lumenmail.com,Accessories,1,120.0,0.0,Organic,UK,variant
ORD-001442,2024-06-01,,guest@lumenmail.com,Outdoor,1,121.14,0.0,Social,ZZ,
ORD-001806,2023-06-26,CUST-00117,cust-00117@lumenmail.com,Furniture,2,100.34,0.05,Paid Search,US,variant
ORD-000247,2024-08-06,CUST-00404,cust-00404@lumenmail.com,Furniture,1,51.05,0.05,Email,US,control
ORD-005214,2024-08-20,CUST-02553,cust-02553@lumenmail.com,Décor,2,56.09,0.0,Email,UK,variant
ORD-002122,2023-10-25,CUST-01822,cust-01822@lumenmail.com,Outdoor,1,69.22,0.2,Social,US,control
ORD-006636,2024-08-31,CUST-02318,cust-02318@lumenmail.com,Furniture,2,720.89,0.2,Paid Search,US,
ORD-007287,2024-04-16,CUST-01376,cust-01376@lumenmail.com,Décor,1,26.51,0.05,Paid Search,US,control
ORD-002385,2023-08-23,CUST-02341,cust-02341@lumenmail.com,Accessories,1,76.51,0.25,Paid Search,UK,variant
ORD-000502,2024-12-04,,guest@lumenmail.com,Accessories,1,75.89,0.0,Paid Search,CA,
ORD-009427,2024-09-29,CUST-02944,cust-02944@lumenmail.com,Furniture,3,85.92,0.1,Paid Search,US,control
ORD-004052,2024-04-06,CUST-01052,cust-01052@lumenmail.com,Outdoor,2,9.5,0.0,Organic,US,
ORD-000058,2024-11-09,CUST-00183,cust-00183@lumenmail.com,Décor,1,609.66,0.0,Social,US,
ORD-005482,2024-01-27,CUST-02195,cust-02195@lumenmail.com,Lighting,2,65.25,0.2,Organic,UK,
ORD-002878,2023-12-12,CUST-01363,cust-01363@lumenmail.com,Décor,2,115.86,0.15,Social,AU,
ORD-000736,2023-11-21,CUST-01337,cust-01337@lumenmail.com,Furniture,1,81.02,0.0,Organic,CA,
ORD-007148,20/08/2024,CUST-00874,cust-00874@lumenmail.com,Lighting,1,124.5,0.0,Paid Search,US,
ORD-002110,2023-09-01,CUST-01820,cust-01820@lumenmail.com,Décor,1,20.6,0.1,Social,US,
ORD-002001,2023-11-27,CUST-01968,cust-01968@lumenmail.com,Lighting,1,59.96,0.05,Organic,AU,variant
ORD-002987,2024-04-28,CUST-00524,cust-00524@lumenmail.com,Lighting,2,181.83,0.1,Paid Search,US,control
ORD-004039,2024-03-13,CUST-02213,cust-02213@lumenmail.com,Furniture,3,12.81,0.0,Paid Search,AU,
ORD-009271,2024-12-17,CUST-02620,cust-02620@lumenmail.com,Lighting,1,478.93,0.15,Email,US,control
ORD-007139,2024-04-01,CUST-02069,cust-02069@lumenmail.com,Lighting,3,789.57,0.0,Social,AU,
ORD-006643,2023-09-30,CUST-00482,cust-00482@lumenmail.com,Lighting,2,5.88,0.0,Paid Search,US,variant
ORD-009099,2024-02-07,CUST-02066,cust-02066@lumenmail.com,Lighting,2,70.12,0.15,Organic,US,
ORD-009026,2024-08-22,CUST-02828,cust-02828@lumenmail.com,Outdoor,3,182.87,0.1,Paid Search,US,variant
ORD-005047,2024-10-12,CUST-02702,cust-02702@lumenmail.com,Accessories,3,125.75,0.1,Social,US,
ORD-005208,2024-02-25,CUST-02760,cust-02760@lumenmail.com,Lighting,1,152.64,0.0,Paid Search,US,control
ORD-006546,2024-03-26,CUST-01161,cust-01161@lumenmail.com,Lighting,2,73.11,0.1,Organic,UK,control
ORD-007637,2023-09-14,CUST-00289,cust-00289@lumenmail.com,Accessories,1,90.38,0.2,Organic,UK,variant
ORD-003917,2024-12-10,CUST-02398,cust-02398@lumenmail.com,Décor,7,485.11,0.05,Social,UK,control
ORD-004999,20/11/2023,CUST-01142,cust-01142@lumenmail.com,Lighting,1,30.77,0.0,Email,CA,variant
ORD-001523,2024-02-06,CUST-02404,cust-02404@lumenmail.com,Décor,2,36.19,0.1,Social,US,control
ORD-001500,2024-07-20,CUST-00754,cust-00754@lumenmail.com,Lighting,3,219.45,0.0,Paid Search,CA,
ORD-005008,2023-12-19,,guest@lumenmail.com,Furniture,4,31.21,0.15,Email,UK,control
ORD-003332,2023-08-06,CUST-01775,cust-01775@lumenmail.com,Furniture,1,71.19,0.05,Email,US,
ORD-000281,2024-05-08,,guest@lumenmail.com,Outdoor,1,216.71,0.05,Email,US,variant
ORD-003994,2024-10-04,CUST-00716,cust-00716@lumenmail.com,Lighting,1,166.83,0.0,Organic,CA,control
ORD-004910,22/01/2024,CUST-00764,cust-00764@lumenmail.com,Décor,1,143.96,0.0,Email,US,variant
ORD-007241,2024-10-01,CUST-02259,cust-02259@lumenmail.com,Accessories,1,374.29,0.0,Email,US,
ORD-005429,2024-05-30,CUST-02958,cust-02958@lumenmail.com,Furniture,1,23.16,0.2,Organic,CA,variant
ORD-000567,2024-11-22,CUST-02104,cust-02104@lumenmail.com,Décor,1,11.2,0.1,Organic,US,control
ORD-004962,2024-03-06,CUST-01579,cust-01579@lumenmail.com,Lighting,1,33.31,0.05,Paid Search,US,
ORD-008300,20/01/2024,CUST-00607,cust-00607@lumenmail.com,Outdoor,2,88.74,0.0,Paid Search,US,variant
ORD-003865,21/10/2023,CUST-00108,cust-00108@lumenmail.com,Lighting,1,37.41,0.0,Paid Search,CA,control
ORD-009077,2024-12-30,CUST-01368,cust-01368@lumenmail.com,Lighting,2,217.49,0.0,Organic,US,
ORD-004569,2024-12-10,CUST-00244,cust-00244@lumenmail.com,Accessories,1,284.88,0.0,Paid Search,US,control
ORD-004038,2024-12-19,CUST-02246,cust-02246@lumenmail.com,Lighting,1,68.3,0.0,Email,US,variant
ORD-005438,2023-12-30,CUST-01634,cust-01634@lumenmail.com,Décor,3,85.44,0.15,Paid Search,US,
ORD-008971,2024-03-05,CUST-01368,cust-01368@lumenmail.com,Furniture,1,121.21,0.0,Organic,CA,
ORD-008349,06/12/2024,CUST-00794,cust-00794@lumenmail.com,Lighting,1,151.79,0.05,Paid Search,US,variant
ORD-003749,2023-12-07,CUST-01169,cust-01169@lumenmail.com,Lighting,6,57.48,0.0,Organic,US,
ORD-009403,2024-03-17,CUST-01669,cust-01669@lumenmail.com,Lighting,1,142.32,0.0,Paid Search,CA,control
ORD-000864,2024-12-22,CUST-01735,cust-01735@lumenmail.com,Furniture,2,87.46,0.05,Paid Search,US,
ORD-004253,2024-10-01,CUST-00040,cust-00040@lumenmail.com,Furniture,2,25.37,0.0,Email,US,
ORD-006529,2024-03-08,CUST-02380,cust-02380@lumenmail.com,Lighting,1,611.79,0.0,Organic,US,variant
ORD-003688,2023-12-15,CUST-02120,cust-02120@lumenmail.com,Outdoor,3,799.18,0.05,Organic,US,control
ORD-001722,2024-10-06,CUST-01837,cust-01837@lumenmail.com,Furniture,2,420.14,0.0,Paid Search,US,
ORD-006825,2024-08-30,CUST-01175,cust-01175@lumenmail.com,Furniture,2,84.42,0.1,Organic,CA,variant
ORD-008262,2024-02-20,CUST-02711,cust-02711@lumenmail.com,Lighting,1,302.86,0.0,Organic,US,variant
ORD-009003,2024-02-01,CUST-00911,cust-00911@lumenmail.com,Lighting,7,23.48,0.05,Paid Search,US,
ORD-008413,2024-03-07,CUST-02313,cust-02313@lumenmail.com,Lighting,1,299.66,0.05,Organic,US,
ORD-000945,2024-10-20,CUST-01652,cust-01652@lumenmail.com,Accessories,1,781.68,0.0,Email,US,
ORD-008984,16/07/2024,CUST-02518,cust-02518@lumenmail.com,Lighting,2,177.54,0.05,Organic,US,control
ORD-008514,2023-12-27,CUST-01789,cust-01789@lumenmail.com,Lighting,2,773.63,0.15,Email,CA,variant
ORD-007328,2024-12-24,CUST-02886,cust-02886@lumenmail.com,Lighting,1,83.52,0.0,Email,CA,
ORD-003486,2024-05-13,,guest@lumenmail.com,Lighting,2,59.56,0.0,Paid Search,US,control
ORD-000934,2024-05-15,CUST-02957,cust-02957@lumenmail.com,Accessories,2,26.61,0.0,Paid Search,US,variant
ORD-005808,2024-11-04,CUST-02606,cust-02606@lumenmail.com,Lighting,2,32.31,0.1,Email,US,variant
ORD-008886,2024-09-03,CUST-01559,cust-01559@lumenmail.com,Lighting,1,78.58,0.0,Organic,US,control
ORD-003544,2024-05-27,CUST-02614,cust-02614@lumenmail.com,Lighting,1,81.3,0.05,Paid Search,US,variant
ORD-001066,2024-12-20,CUST-00375,cust-00375@lumenmail.com,Outdoor,2,318.64,0.15,Paid Search,US,variant
ORD-005893,2023-10-25,CUST-00531,cust-00531@lumenmail.com,Accessories,2,31.95,0.05,Paid Search,CA,variant
ORD-003453,2023-06-04,CUST-01726,cust-01726@lumenmail.com,Lighting,1,149.87,0.05,Email,US,
ORD-001742,2023-12-15,CUST-00246,cust-00246@lumenmail.com,Lighting,1,23.76,0.05,Email,CA,variant
ORD-008849,2024-02-20,CUST-00267,cust-00267@lumenmail.com,Lighting,1,433.98,0.0,Social,US,variant
ORD-008332,2024-08-06,CUST-02868,cust-02868@lumenmail.com,Lighting,3,322.66,0.15,Organic,CA,
ORD-007037,05/08/2023,CUST-02878,cust-02878@lumenmail.com,Décor,4,213.87,0.2,Paid Search,US,
ORD-003382,2024-03-06,CUST-00984,cust-00984@lumenmail.com,Décor,1,11.42,0.0,Social,US,control
ORD-004608,2024-11-14,CUST-02666,cust-02666@lumenmail.com,Décor,2,47.26,0.05,Paid Search,CA,variant
ORD-000212,2024-11-27,CUST-01968,cust-01968@lumenmail.com,Lighting,4,27.3,0.05,Paid Search,US,
ORD-001351,2024-03-09,CUST-02269,cust-02269@lumenmail.com,Décor,2,308.47,0.05,Email,ZZ,variant
ORD-001735,2024-05-03,CUST-02420,cust-02420@lumenmail.com,Furniture,2,20.02,0.0,Organic,US,
ORD-001854,2023-08-04,CUST-01028,cust-01028@lumenmail.com,Lighting,2,47.55,0.15,Email,US,control
ORD-006567,2024-07-19,,guest@lumenmail.com,Outdoor,1,45.5,0.0,Organic,US,control
ORD-005794,2023-10-12,CUST-00403,cust-00403@lumenmail.com,Décor,1,7.0,0.1,Email,CA,
ORD-002519,2024-06-13,CUST-01441,cust-01441@lumenmail.com,Décor,1,169.32,0.0,Paid Search,US,variant
ORD-002921,24/04/2024,CUST-02643,cust-02643@lumenmail.com,Outdoor,3,7.28,0.0,Paid Search,US,control
ORD-001277,2023-07-30,CUST-02848,cust-02848@lumenmail.com,Lighting,2,89.14,0.0,Organic,US,variant
ORD-001116,2024-11-07,CUST-00376,cust-00376@lumenmail.com,Décor,1,100.49,0.1,Social,ZZ,control
ORD-004996,2023-12-17,CUST-02852,cust-02852@lumenmail.com,Lighting,2,331.38,0.0,Paid Search,CA,variant
ORD-004012,2024-09-04,CUST-02465,cust-02465@lumenmail.com,Décor,2,96.76,0.05,Paid Search,US,control
ORD-008519,2024-06-18,CUST-00459,cust-00459@lumenmail.com,Décor,-3,65.3,0.05,Organic,US,variant
ORD-000367,23/10/2024,CUST-00622,cust-00622@lumenmail.com,Lighting,1,555.62,0.15,Paid Search,US,
ORD-003441,2024-12-08,CUST-01212,cust-01212@lumenmail.com,Décor,1,586.51,0.0,Organic,CA,variant
ORD-000887,2023-11-03,CUST-01169,cust-01169@lumenmail.com,Lighting,1,16.74,0.05,Email,US,
ORD-004642,2024-01-02,CUST-02432,cust-02432@lumenmail.com,Lighting,5,64.21,0.2,Paid Search,CA,variant
ORD-001503,2024-09-06,CUST-01986,cust-01986@lumenmail.com,Décor,3,352.5,0.0,Paid Search,CA,variant
ORD-006460,30/08/2024,CUST-00632,cust-00632@lumenmail.com,Outdoor,1,82.97,0.0,Paid Search,CA,
ORD-003566,2024-08-08,CUST-02196,cust-02196@lumenmail.com,Décor,-1,33.65,0.05,Organic,CA,
ORD-004570,2023-11-28,CUST-00327,cust-00327@lumenmail.com,Outdoor,5,64.52,0.1,Email,US,
ORD-002741,2023-08-18,CUST-00670,cust-00670@lumenmail.com,Lighting,2,70.05,0.0,Organic,CA,
ORD-009547,2024-02-16,CUST-02213,cust-02213@lumenmail.com,Décor,1,66.92,0.1,Social,US,variant
ORD-007303,18/08/2024,CUST-00941,cust-00941@lumenmail.com,Lighting,1,8.77,0.15,Paid Search,UK,variant
ORD-008492,2024-08-18,CUST-01482,cust-01482@lumenmail.com,Décor,1,248.17,0.05,Organic,US,variant
ORD-001527,2024-09-13,CUST-01939,cust-01939@lumenmail.com,Furniture,3,488.65,0.15,Email,US,
ORD-006816,2023-06-20,CUST-01131,cust-01131@lumenmail.com,Lighting,5,321.13,0.1,Social,US,
ORD-001001,2024-05-30,,guest@lumenmail.com,Accessories,1,323.34,0.0,Organic,UK,
ORD-005831,2024-07-17,CUST-01155,cust-01155@lumenmail.com,Décor,6,162.15,0.2,Email,CA,
ORD-004785,11/09/2023,,guest@lumenmail.com,Lighting,3,138.91,0.0,Organic,US,variant
ORD-006746,2023-11-06,CUST-00401,cust-00401@lumenmail.com,Accessories,2,135.17,0.0,Organic,UK,
ORD-000639,2024-11-17,CUST-00494,cust-00494@lumenmail.com,Lighting,2,0.0,0.1,Social,US,variant
ORD-005783,2024-01-24,,guest@lumenmail.com,Décor,1,155.27,0.0,Social,US,control
ORD-009536,2024-09-23,CUST-02405,cust-02405@lumenmail.com,Lighting,-1,325.8,0.1,Paid Search,CA,variant
ORD-003454,2023-12-23,,guest@lumenmail.com,Furniture,2,39.16,0.05,Paid Search,UK,
ORD-007781,2023-06-03,CUST-01634,cust-01634@lumenmail.com,Lighting,2,29.94,0.05,Organic,US,control
ORD-000503,2023-10-07,CUST-01773,cust-01773@lumenmail.com,Lighting,5,35.51,0.0,Organic,US,control
ORD-007780,2024-07-11,CUST-01095,cust-01095@lumenmail.com,Outdoor,1,93.3,0.15,Paid Search,US,variant
ORD-008019,2023-11-20,CUST-01582,cust-01582@lumenmail.com,Décor,2,80.1,0.05,Social,US,control
ORD-002801,26/10/2024,CUST-00164,cust-00164@lumenmail.com,Lighting,1,27.17,0.2,Organic,US,variant
ORD-002311,2023-10-01,CUST-02478,cust-02478@lumenmail.com,Outdoor,1,15.25,0.0,Paid Search,US,
ORD-000091,2023-10-31,CUST-01209,cust-01209@lumenmail.com,Outdoor,1,26.4,0.15,Email,AU,control
ORD-003783,2024-09-05,CUST-00075,cust-00075@lumenmail.com,Furniture,1,134.06,0.25,Email,US,
ORD-008297,2023-07-01,CUST-00699,cust-00699@lumenmail.com,Décor,1,174.27,0.2,,CA,control
ORD-009414,2023-06-22,CUST-01057,cust-01057@lumenmail.com,Furniture,2,158.57,0.05,Organic,US,
ORD-007254,2023-06-09,CUST-02524,cust-02524@lumenmail.com,Décor,1,23.3,0.0,Paid Search,US,variant
ORD-008809,12/08/2024,CUST-02388,cust-02388@lumenmail.com,Décor,1,94.56,0.0,Social,US,
ORD-005061,2023-09-17,CUST-00757,cust-00757@lumenmail.com,Décor,2,770.84,0.0,Email,US,control
ORD-007510,2023-08-04,CUST-02292,cust-02292@lumenmail.com,Lighting,2,34.42,0.0,Paid Search,US,
ORD-003086,2024-03-08,CUST-02661,cust-02661@lumenmail.com,Lighting,1,154.8,0.05,Social,UK,control
ORD-008342,07/06/2024,CUST-02564,cust-02564@lumenmail.com,Décor,1,24.4,0.0,Email,US,variant
ORD-008516,2023-11-21,CUST-00868,cust-00868@lumenmail.com,Furniture,2,681.99,0.0,Paid Search,UK,variant
ORD-000986,2024-07-06,CUST-01670,cust-01670@lumenmail.com,Lighting,2,232.72,0.05,Social,US,variant
ORD-002290,2024-01-13,CUST-02333,cust-02333@lumenmail.com,Furniture,1,321.57,0.0,Paid Search,UK,
ORD-009364,2023-07-23,CUST-01710,cust-01710@lumenmail.com,Outdoor,2,181.08,0.05,Paid Search,US,
ORD-009138,2024-03-11,CUST-00202,cust-00202@lumenmail.com,Furniture,1,135.3,0.0,Social,US,variant
ORD-009130,2024-09-04,,guest@lumenmail.com,Lighting,2,18.04,0.2,Organic,ZZ,control
ORD-008188,2024-07-01,CUST-01627,cust-01627@lumenmail.com,Accessories,4,83.28,0.1,Paid Search,CA,
ORD-000122,2024-08-19,,guest@lumenmail.com,Outdoor,2,60.56,0.05,Paid Search,US,
ORD-008369,13/12/2023,,guest@lumenmail.com,Accessories,1,66.07,0.1,Organic,US,control
ORD-004986,2024-04-30,CUST-01760,cust-01760@lumenmail.com,Furniture,2,164.16,0.0,Paid Search,US,variant
ORD-005128,2024-01-11,CUST-00250,cust-00250@lumenmail.com,Lighting,1,150.62,0.05,,UK,
ORD-006570,2024-12-28,CUST-00426,cust-00426@lumenmail.com,Lighting,3,151.62,0.25,Paid Search,US,variant
ORD-004460,2024-11-02,CUST-00270,cust-00270@lumenmail.com,Lighting,1,76.62,0.15,Email,US,
ORD-006087,2024-11-17,CUST-00822,cust-00822@lumenmail.com,Lighting,2,83.56,0.0,Organic,UK,
ORD-001768,2024-11-03,CUST-01987,cust-01987@lumenmail.com,Outdoor,4,551.71,0.1,Paid Search,US,
ORD-004768,2023-12-29,CUST-02547,cust-02547@lumenmail.com,Lighting,3,50.98,0.15,Organic,UK,
ORD-001090,2024-05-25,CUST-02731,cust-02731@lumenmail.com,Lighting,1,25.64,0.0,Paid Search,US,control
ORD-008095,2024-10-28,CUST-02258,cust-02258@lumenmail.com,Décor,1,252.8,0.1,,US,
ORD-002753,2024-06-27,CUST-02728,cust-02728@lumenmail.com,Décor,1,252.22,0.0,Paid Search,US,variant
ORD-009006,06/11/2023,CUST-01703,cust-01703@lumenmail.com,Furniture,2,76.52,0.1,,US,control
ORD-002024,2024-04-03,CUST-00554,cust-00554@lumenmail.com,Lighting,1,25.48,0.0,Paid Search,US,control
ORD-006752,28/07/2023,CUST-01765,cust-01765@lumenmail.com,Lighting,1,30.85,0.0,Social,CA,
ORD-003616,2023-06-29,CUST-00964,cust-00964@lumenmail.com,Outdoor,4,63.24,0.0,Paid Search,CA,variant
ORD-002908,2023-10-31,CUST-01149,cust-01149@lumenmail.com,Lighting,2,165.91,0.1,Organic,US,control
ORD-008168,2024-11-01,CUST-02289,cust-02289@lumenmail.com,Lighting,1,673.05,0.0,Organic,CA,
ORD-007158,2023-11-19,CUST-01292,cust-01292@lumenmail.com,Décor,1,134.88,0.1,Email,US,control
ORD-005826,2024-10-06,CUST-01535,cust-01535@lumenmail.com,Lighting,5,59.24,0.05,Organic,US,
ORD-009375,2023-10-02,,guest@lumenmail.com,Lighting,1,76.25,0.0,Paid Search,US,variant
ORD-008314,15/08/2023,CUST-02072,cust-02072@lumenmail.com,Furniture,2,33.8,0.1,Social,US,variant
ORD-000608,2024-04-03,CUST-00672,cust-00672@lumenmail.com,Lighting,1,280.6,0.1,Email,UK,
ORD-004434,2023-12-22,CUST-01206,cust-01206@lumenmail.com,Accessories,2,20.69,0.0,Organic,US,
ORD-007605,2024-09-18,CUST-02613,cust-02613@lumenmail.com,Décor,4,47.27,0.05,Paid Search,US,
ORD-002192,2023-08-04,CUST-01348,cust-01348@lumenmail.com,Lighting,1,579.6,0.1,Organic,US,
ORD-000249,2024-07-27,CUST-00987,cust-00987@lumenmail.com,Lighting,2,44.88,0.0,,US,variant
ORD-000963,2023-07-24,CUST-02277,cust-02277@lumenmail.com,Outdoor,1,29.75,0.0,Organic,CA,
ORD-000833,2023-09-19,,guest@lumenmail.com,Lighting,2,30.85,0.0,Social,AU,variant
ORD-002647,2024-02-11,CUST-01775,cust-01775@lumenmail.com,Lighting,2,113.88,0.2,Paid Search,US,control
ORD-008265,08/09/2024,CUST-00945,cust-00945@lumenmail.com,Lighting,2,36.94,0.15,Paid Search,US,variant
ORD-007423,2024-09-21,CUST-01021,cust-01021@lumenmail.com,Lighting,-2,10.53,0.1,Social,US,
ORD-004913,2023-11-30,CUST-00757,cust-00757@lumenmail.com,Lighting,2,356.84,0.2,Social,UK,
ORD-002181,2024-03-12,CUST-00350,cust-00350@lumenmail.com,Décor,1,195.53,0.05,Organic,US,
ORD-004320,2024-04-18,CUST-02980,cust-02980@lumenmail.com,Accessories,1,676.74,0.0,Email,US,variant
ORD-004731,2024-09-30,CUST-02110,cust-02110@lumenmail.com,Décor,1,39.45,0.05,Email,US,control
ORD-000915,2024-09-25,CUST-01669,cust-01669@lumenmail.com,Lighting,2,25.91,0.0,Paid Search,US,control
ORD-000705,2024-03-20,CUST-01087,cust-01087@lumenmail.com,Lighting,3,73.64,0.05,Paid Search,US,variant
ORD-007447,2024-05-25,CUST-02134,cust-02134@lumenmail.com,Décor,3,72.27,0.0,Email,UK,
ORD-003356,12/12/2023,CUST-02918,cust-02918@lumenmail.com,Lighting,2,130.65,0.0,Organic,US,control
ORD-009444,2024-03-11,CUST-00455,cust-00455@lumenmail.com,Lighting,1,372.28,0.0,Paid Search,US,
ORD-002898,2023-11-10,CUST-02179,cust-02179@lumenmail.com,Outdoor,1,34.78,0.0,Email,US,control
ORD-003349,2023-11-03,CUST-00226,cust-00226@lumenmail.com,Furniture,4,88.54,0.05,Paid Search,US,control
ORD-006334,2024-02-10,CUST-02944,cust-02944@lumenmail.com,Lighting,1,89.26,0.0,Email,US,variant
ORD-004690,2023-09-25,CUST-01343,cust-01343@lumenmail.com,Lighting,2,143.25,0.05,Paid Search,US,control
ORD-001166,2024-03-03,,guest@lumenmail.com,Lighting,2,228.62,0.05,Paid Search,US,variant
ORD-002902,24/08/2024,CUST-02758,cust-02758@lumenmail.com,Lighting,3,271.5,0.1,Email,US,
ORD-005920,2024-10-12,CUST-00567,cust-00567@lumenmail.com,Lighting,5,20.02,0.0,Email,US,
ORD-002610,2023-06-20,CUST-02455,cust-02455@lumenmail.com,Furniture,3,171.67,0.05,Organic,CA,
ORD-005162,2023-12-24,CUST-00358,cust-00358@lumenmail.com,Accessories,1,194.31,0.15,Paid Search,US,
ORD-006314,2024-11-20,CUST-00892,cust-00892@lumenmail.com,Lighting,7,48.34,0.0,Organic,CA,variant
ORD-007159,2024-07-19,CUST-02266,cust-02266@lumenmail.com,Accessories,3,349.56,0.15,Paid Search,CA,variant
ORD-008588,2023-12-03,CUST-02331,cust-02331@lumenmail.com,Décor,1,31.55,0.0,Paid Search,AU,
ORD-007906,2024-01-25,CUST-01775,cust-01775@lumenmail.com,Outdoor,2,47.94,0.05,Organic,US,
ORD-008803,2024-03-17,CUST-01783,cust-01783@lumenmail.com,Accessories,4,309.89,0.0,Email,AU,control
ORD-001396,14/06/2023,,guest@lumenmail.com,Outdoor,1,189.47,0.05,Organic,US,variant
ORD-006410,2024-05-05,CUST-02137,cust-02137@lumenmail.com,Furniture,3,10.2,0.0,Email,CA,control
ORD-006775,2023-11-01,CUST-01559,cust-01559@lumenmail.com,Lighting,1,258.07,0.0,Paid Search,AU,variant
ORD-007500,2024-12-03,CUST-02432,cust-02432@lumenmail.com,Décor,1,28.0,0.05,Email,US,variant
ORD-007347,2024-03-14,CUST-01230,cust-01230@lumenmail.com,Décor,1,127.36,0.2,Paid Search,AU,control
ORD-006482,2024-04-25,CUST-01554,cust-01554@lumenmail.com,Furniture,2,387.2,0.0,Paid Search,CA,control
ORD-003845,2023-10-17,CUST-01325,cust-01325@lumenmail.com,Lighting,1,58.87,0.05,Paid Search,US,
ORD-002536,2024-11-16,,guest@lumenmail.com,Décor,2,98.03,0.0,Email,CA,variant
ORD-005933,2024-09-19,CUST-02096,cust-02096@lumenmail.com,Lighting,2,34.4,0.05,Email,CA,
ORD-005988,02/06/2023,CUST-00155,cust-00155@lumenmail.com,Décor,1,78.59,0.0,Email,US,control
ORD-004246,2023-11-25,CUST-00645,cust-00645@lumenmail.com,Lighting,3,6.22,0.1,Organic,US,
ORD-006512,2024-03-24,CUST-00641,cust-00641@lumenmail.com,Décor,2,546.89,0.05,Social,US,
ORD-000124,2023-12-21,CUST-00963,cust-00963@lumenmail.com,Lighting,1,200.76,0.05,Paid Search,US,variant
ORD-004415,2023-10-16,CUST-01363,cust-01363@lumenmail.com,Lighting,1,56.91,0.0,Paid Search,US,variant
ORD-007569,2023-06-18,CUST-00626,cust-00626@lumenmail.com,Décor,3,156.85,0.0,Paid Search,US,variant
ORD-007965,2024-02-25,CUST-02753,cust-02753@lumenmail.com,Furniture,4,651.62,0.0,Email,CA,
ORD-005835,2023-10-29,CUST-02509,cust-02509@lumenmail.com,Accessories,3,53.46,0.05,Email,CA,variant
ORD-001419,2023-12-19,CUST-02253,cust-02253@lumenmail.com,Décor,1,47.25,0.05,Email,US,
ORD-003105,13/11/2023,CUST-02616,cust-02616@lumenmail.com,Lighting,1,702.13,0.2,Organic,AU,
ORD-006950,17/05/2024,CUST-02528,cust-02528@lumenmail.com,Accessories,2,94.83,0.0,Organic,US,variant
ORD-005449,2024-03-23,CUST-02692,cust-02692@lumenmail.com,Décor,2,52.8,0.1,Email,US,variant
ORD-008374,2023-06-06,CUST-02629,cust-02629@lumenmail.com,Lighting,3,100.23,0.1,Paid Search,US,
ORD-007858,2024-01-09,CUST-00868,cust-00868@lumenmail.com,Décor,1,20.96,0.0,Email,US,
ORD-008949,2024-07-14,CUST-02382,cust-02382@lumenmail.com,Lighting,2,57.31,0.0,Social,CA,variant
ORD-009098,2024-05-21,CUST-01417,cust-01417@lumenmail.com,Accessories,2,323.54,0.0,Paid Search,UK,control
ORD-000643,2024-10-11,CUST-01026,cust-01026@lumenmail.com,Décor,1,49.74,0.0,Social,UK,control
ORD-002507,09/06/2023,CUST-01993,cust-01993@lumenmail.com,Lighting,1,301.41,0.05,Email,US,
ORD-001544,2023-07-12,CUST-02735,cust-02735@lumenmail.com,Furniture,3,7.53,0.05,Email,US,variant
ORD-006729,2023-07-04,CUST-01045,cust-01045@lumenmail.com,Lighting,2,57.19,0.05,,US,control
ORD-007891,2023-12-15,CUST-02469,cust-02469@lumenmail.com,Lighting,1,15.48,0.05,Email,AU,variant
ORD-008056,2023-09-12,CUST-02067,cust-02067@lumenmail.com,Lighting,1,6.98,0.1,Email,CA,variant
ORD-005886,2024-12-07,CUST-00728,cust-00728@lumenmail.com,Lighting,4,207.61,0.0,,UK,
ORD-000428,2024-03-19,CUST-01565,cust-01565@lumenmail.com,Décor,1,45.29,0.0,Organic,US,variant
ORD-000634,12/05/2024,CUST-00111,cust-00111@lumenmail.com,Décor,3,29.71,0.0,Paid Search,US,
ORD-005191,16/03/2024,CUST-00509,cust-00509@lumenmail.com,Décor,2,19.32,0.0,Social,US,control
ORD-002825,14/10/2024,CUST-01683,cust-01683@lumenmail.com,Furniture,1,538.96,0.15,Organic,US,variant
ORD-009180,2024-11-01,CUST-00624,cust-00624@lumenmail.com,Furniture,1,283.79,0.1,Organic,US,
ORD-005293,2024-01-24,CUST-00811,cust-00811@lumenmail.com,Furniture,1,649.97,0.15,Social,US,control
ORD-000442,2024-04-06,CUST-02399,cust-02399@lumenmail.com,Furniture,2,57.04,0.1,Organic,CA,control
ORD-002547,,CUST-00461,cust-00461@lumenmail.com,Outdoor,1,190.54,0.0,Paid Search,ZZ,control
ORD-009325,19/12/2023,CUST-00833,cust-00833@lumenmail.com,Lighting,5,89.17,0.15,,US,variant
ORD-008191,2023-10-16,CUST-02229,cust-02229@lumenmail.com,Lighting,2,56.39,0.05,Social,UK,
ORD-003702,2023-06-22,CUST-00556,cust-00556@lumenmail.com,Furniture,2,154.55,0.2,Paid Search,US,
ORD-001438,2024-12-07,CUST-00376,cust-00376@lumenmail.com,Lighting,4,27.12,0.0,Email,ZZ,
ORD-006744,30/03/2024,CUST-00519,cust-00519@lumenmail.com,Décor,1,58.1,0.2,Email,US,control
ORD-000489,2024-07-23,CUST-00881,cust-00881@lumenmail.com,Lighting,1,189.12,0.05,Email,UK,variant
ORD-004461,2024-01-13,CUST-00215,cust-00215@lumenmail.com,Décor,2,32.38,0.2,Paid Search,US,variant
ORD-006962,15/08/2023,CUST-02148,cust-02148@lumenmail.com,Lighting,4,5.76,0.05,Organic,US,variant
ORD-009272,2023-08-10,CUST-01967,cust-01967@lumenmail.com,Lighting,1,288.22,0.0,Email,US,variant
ORD-001383,19/12/2023,CUST-00129,cust-00129@lumenmail.com,Furniture,2,78.74,0.1,Paid Search,US,
ORD-008412,2024-11-26,,guest@lumenmail.com,Furniture,1,53.27,0.15,Social,US,control
ORD-001363,2023-10-04,CUST-00787,cust-00787@lumenmail.com,Décor,4,31.35,0.0,Email,US,
ORD-006923,2023-10-28,CUST-02733,cust-02733@lumenmail.com,Furniture,1,144.19,0.0,Paid Search,US,
ORD-001710,2024-01-25,CUST-02464,cust-02464@lumenmail.com,Furniture,1,81.79,0.1,Email,US,control
ORD-004031,2023-12-13,CUST-02616,cust-02616@lumenmail.com,Lighting,4,177.73,0.0,Organic,US,
ORD-004179,2024-11-09,CUST-02574,cust-02574@lumenmail.com,Furniture,2,85.48,0.05,Email,CA,control
ORD-000077,2024-11-02,CUST-00720,cust-00720@lumenmail.com,Décor,1,61.61,0.0,Paid Search,US,control
ORD-003234,2024-04-18,CUST-00235,cust-00235@lumenmail.com,Décor,1,79.08,0.0,Paid Search,US,control
ORD-001240,2024-10-13,CUST-00985,cust-00985@lumenmail.com,Décor,2,0.0,0.0,Paid Search,US,
ORD-003127,2023-11-06,CUST-00229,cust-00229@lumenmail.com,Lighting,2,82.67,0.0,Email,US,variant
ORD-002162,2024-06-26,CUST-02229,cust-02229@lumenmail.com,Lighting,1,34.67,0.05,Paid Search,UK,variant
ORD-005902,2023-10-07,CUST-02156,cust-02156@lumenmail.com,Furniture,1,93.42,0.05,,US,
ORD-005815,26/07/2024,CUST-02003,cust-02003@lumenmail.com,Accessories,2,200.32,0.05,Paid Search,US,control
ORD-006810,2024-05-25,CUST-00823,cust-00823@lumenmail.com,Furniture,6,366.24,0.0,,US,control
ORD-006342,2023-08-22,CUST-01756,cust-01756@lumenmail.com,Lighting,2,260.2,0.1,Organic,US,control
ORD-005444,2023-10-29,CUST-01843,cust-01843@lumenmail.com,Lighting,2,28.98,0.05,Paid Search,US,control
ORD-000364,2023-11-01,CUST-02441,cust-02441@lumenmail.com,Furniture,3,34.89,0.1,Paid Search,US,
ORD-006863,2024-02-15,CUST-00966,cust-00966@lumenmail.com,Furniture,1,60.45,0.15,Paid Search,US,control
ORD-001533,2023-06-07,CUST-00798,cust-00798@lumenmail.com,Lighting,5,125.16,0.2,Organic,CA,variant
ORD-008958,2024-06-09,CUST-01873,cust-01873@lumenmail.com,Décor,1,100.47,0.0,Organic,US,
ORD-000041,10/07/2024,,guest@lumenmail.com,Outdoor,2,34.92,0.0,Email,AU,control
ORD-009067,2024-09-28,CUST-01880,cust-01880@lumenmail.com,Furniture,6,192.74,0.15,Organic,UK,
ORD-000816,2024-01-20,CUST-00437,cust-00437@lumenmail.com,Lighting,2,179.33,0.15,Paid Search,ZZ,control
ORD-007756,2024-09-06,,guest@lumenmail.com,Outdoor,1,373.84,0.0,Organic,CA,variant
ORD-007008,2023-07-23,CUST-01928,cust-01928@lumenmail.com,Lighting,1,6.3,0.0,Paid Search,US,
ORD-006198,2024-08-05,CUST-00619,cust-00619@lumenmail.com,Furniture,1,179.5,0.05,Paid Search,US,
ORD-005476,2023-09-28,CUST-01602,cust-01602@lumenmail.com,Décor,6,13.46,0.0,Email,US,variant
ORD-004265,2024-10-23,CUST-02081,cust-02081@lumenmail.com,Outdoor,4,89.37,0.15,Email,US,variant
ORD-005443,2023-11-21,CUST-00516,cust-00516@lumenmail.com,Décor,1,23.58,0.05,Paid Search,US,
ORD-009189,2023-09-08,CUST-00744,cust-00744@lumenmail.com,Furniture,1,81.12,0.05,Paid Search,US,
ORD-001752,2023-07-28,CUST-02322,cust-02322@lumenmail.com,Décor,2,58.61,0.0,Email,CA,control
ORD-000443,2023-06-03,CUST-02374,cust-02374@lumenmail.com,Furniture,1,14.98,0.0,Email,US,variant
ORD-008326,2023-06-03,CUST-01976,cust-01976@lumenmail.com,Décor,2,74.54,0.0,Paid Search,US,variant
ORD-002241,2023-06-12,CUST-01190,cust-01190@lumenmail.com,Outdoor,1,34.46,0.0,Email,US,
ORD-008695,2024-10-25,CUST-00733,cust-00733@lumenmail.com,Accessories,2,29.92,0.1,,UK,control
ORD-002022,2023-10-05,CUST-01239,cust-01239@lumenmail.com,Furniture,4,160.88,0.0,Email,US,
ORD-003943,2024-11-30,CUST-00546,cust-00546@lumenmail.com,Lighting,1,33.34,0.05,Paid Search,US,variant
ORD-003883,2024-07-20,CUST-01714,cust-01714@lumenmail.com,Furniture,1,52.57,0.0,Organic,US,control
ORD-000209,2024-05-15,,guest@lumenmail.com,Décor,2,166.84,0.0,Organic,US,variant
ORD-003118,2024-04-01,CUST-00488,cust-00488@lumenmail.com,Décor,4,23.45,0.0,Social,CA,
ORD-001997,2024-08-22,CUST-01558,cust-01558@lumenmail.com,Accessories,2,27.96,0.15,Social,US,control
ORD-005581,,CUST-02800,cust-02800@lumenmail.com,Décor,5,16.96,0.1,Paid Search,US,control
ORD-001069,2024-09-07,CUST-01969,cust-01969@lumenmail.com,Accessories,2,86.23,0.1,Email,CA,variant
ORD-004788,2023-08-01,CUST-02277,cust-02277@lumenmail.com,Furniture,1,34.63,0.1,Email,US,control
ORD-009527,2023-07-19,CUST-02008,cust-02008@lumenmail.com,Outdoor,1,148.53,0.05,Email,US,variant
ORD-002488,2023-10-19,CUST-01955,cust-01955@lumenmail.com,Décor,3,156.33,0.0,Email,US,
ORD-004828,2024-12-10,,guest@lumenmail.com,Lighting,1,21.05,0.0,Email,US,variant
ORD-002207,2023-07-19,CUST-02880,cust-02880@lumenmail.com,Lighting,1,144.11,0.05,Paid Search,CA,control
ORD-002097,2023-06-18,CUST-02544,cust-02544@lumenmail.com,Accessories,-1,49.35,0.0,Social,US,variant
ORD-005407,2024-05-12,CUST-02627,cust-02627@lumenmail.com,Lighting,2,78.64,0.0,Paid Search,US,
ORD-006252,2024-01-08,CUST-01067,cust-01067@lumenmail.com,Décor,2,176.0,0.0,Email,US,
ORD-008677,2024-06-19,CUST-02296,cust-02296@lumenmail.com,Lighting,1,61.74,0.15,Social,US,
ORD-000227,2024-12-23,CUST-01109,cust-01109@lumenmail.com,Furniture,2,22.72,0.2,Email,CA,control
ORD-000437,2024-01-15,CUST-01713,cust-01713@lumenmail.com,Décor,1,717.05,0.15,Paid Search,ZZ,variant
ORD-009453,21/11/2023,CUST-01082,cust-01082@lumenmail.com,Furniture,1,31.24,0.1,Paid Search,US,
ORD-001137,2024-03-10,CUST-00622,cust-00622@lumenmail.com,Lighting,4,62.03,0.05,,US,
ORD-005825,2024-10-31,CUST-00521,cust-00521@lumenmail.com,Décor,2,89.11,0.0,Paid Search,US,control
ORD-004520,2023-11-15,CUST-01678,cust-01678@lumenmail.com,Furniture,1,488.12,0.0,Email,US,control
ORD-004589,2024-03-20,CUST-02902,cust-02902@lumenmail.com,Lighting,2,364.6,0.15,Paid Search,US,variant
ORD-001813,2023-11-23,,guest@lumenmail.com,Décor,1,181.93,0.1,Email,ZZ,
ORD-002768,2024-07-21,CUST-00591,cust-00591@lumenmail.com,Décor,3,598.17,0.0,Organic,UK,variant
ORD-001197,2023-11-11,CUST-01469,cust-01469@lumenmail.com,Outdoor,1,50.8,0.1,Organic,UK,control
ORD-001086,11/11/2024,CUST-02476,cust-02476@lumenmail.com,Décor,1,344.59,0.0,Email,US,control
ORD-001096,2023-12-20,CUST-02882,cust-02882@lumenmail.com,Décor,2,102.35,0.05,Email,US,variant
ORD-002907,2024-01-21,CUST-01855,cust-01855@lumenmail.com,Furniture,1,11.81,0.05,Social,UK,
ORD-006317,2023-08-23,CUST-02539,cust-02539@lumenmail.com,Décor,2,305.43,0.0,Organic,US,variant
ORD-005871,2024-01-08,CUST-01732,cust-01732@lumenmail.com,Outdoor,2,131.19,0.2,Paid Search,US,control
ORD-004337,31/08/2023,CUST-02059,cust-02059@lumenmail.com,Furniture,3,64.83,0.0,Paid Search,US,control
ORD-008909,2023-07-24,CUST-02548,cust-02548@lumenmail.com,Décor,-2,450.88,0.0,Paid Search,US,control
ORD-002993,2024-09-10,CUST-02364,cust-02364@lumenmail.com,Décor,2,58.52,0.1,Organic,AU,variant
ORD-002538,2024-02-28,CUST-02168,cust-02168@lumenmail.com,Lighting,5,109.88,0.05,Organic,US,control
ORD-005752,2024-10-24,CUST-02606,cust-02606@lumenmail.com,Décor,2,182.84,0.0,Paid Search,CA,
ORD-000721,2024-06-05,CUST-02661,cust-02661@lumenmail.com,Lighting,2,25.58,0.05,Paid Search,US,variant
ORD-008462,2024-03-22,CUST-00892,cust-00892@lumenmail.com,Lighting,2,128.38,0.1,Paid Search,US,
ORD-006597,2024-08-23,CUST-01630,cust-01630@lumenmail.com,Furniture,2,70.28,0.1,Email,UK,variant
ORD-005655,2023-11-26,CUST-00659,cust-00659@lumenmail.com,Lighting,1,35.96,0.15,Email,US,control
ORD-004228,2024-11-18,CUST-02977,cust-02977@lumenmail.com,Outdoor,1,120.88,0.1,Email,CA,control
ORD-002280,20/08/2023,CUST-02929,cust-02929@lumenmail.com,Décor,4,361.22,0.0,Email,UK,variant
ORD-008190,2024-09-12,CUST-01673,cust-01673@lumenmail.com,Accessories,2,79.44,0.2,Social,US,variant
ORD-000944,,CUST-00590,cust-00590@lumenmail.com,Décor,3,241.92,0.0,Email,CA,
ORD-002502,2024-12-28,CUST-01758,cust-01758@lumenmail.com,Lighting,3,51.56,0.0,Paid Search,UK,
ORD-004881,2024-03-04,CUST-02345,cust-02345@lumenmail.com,Furniture,2,61.21,0.1,Paid Search,US,
ORD-007895,23/03/2024,CUST-02239,cust-02239@lumenmail.com,Furniture,2,143.21,0.25,Email,US,
ORD-004439,30/03/2024,CUST-02145,cust-02145@lumenmail.com,Lighting,4,398.4,0.05,Paid Search,AU,
ORD-002390,2024-12-11,CUST-01559,cust-01559@lumenmail.com,Lighting,2,33.98,0.0,Social,ZZ,control
ORD-001895,2024-08-05,CUST-00562,cust-00562@lumenmail.com,Décor,1,316.08,0.0,Paid Search,US,
ORD-002180,2024-04-14,CUST-00890,cust-00890@lumenmail.com,Décor,2,23.66,0.0,Email,US,variant
ORD-004425,2024-10-02,CUST-00841,cust-00841@lumenmail.com,Outdoor,1,70.39,0.0,Paid Search,US,
ORD-008567,2024-12-17,CUST-00988,cust-00988@lumenmail.com,Décor,1,24.84,0.0,Paid Search,UK,control
ORD-009534,2023-10-03,CUST-01664,cust-01664@lumenmail.com,Lighting,1,91.94,0.0,Paid Search,ZZ,variant
ORD-007173,2023-07-17,CUST-00109,cust-00109@lumenmail.com,Furniture,1,104.51,0.0,Email,US,variant
ORD-002899,2023-06-01,CUST-00709,cust-00709@lumenmail.com,Lighting,1,179.76,0.0,Email,CA,variant
ORD-000004,2024-03-20,CUST-00130,cust-00130@lumenmail.com,Décor,4,198.18,0.0,Email,US,
ORD-009036,2024-10-14,CUST-02137,cust-02137@lumenmail.com,Furniture,1,211.86,0.25,Email,CA,variant
ORD-006893,2024-04-02,CUST-02163,cust-02163@lumenmail.com,Décor,1,195.15,0.2,Email,CA,
ORD-002378,2023-12-26,,guest@lumenmail.com,Décor,3,70.67,0.1,Organic,US,
ORD-008721,2024-04-15,CUST-01725,cust-01725@lumenmail.com,Lighting,1,44.57,0.05,Email,AU,
ORD-003612,2023-09-25,CUST-01304,cust-01304@lumenmail.com,Accessories,1,151.55,0.1,Paid Search,CA,
ORD-004894,2024-09-20,CUST-02094,cust-02094@lumenmail.com,Lighting,1,21.65,0.0,Paid Search,US,variant
ORD-001575,22/07/2024,CUST-01111,cust-01111@lumenmail.com,Lighting,2,104.83,0.0,Organic,US,control
ORD-006544,2024-06-06,CUST-00075,cust-00075@lumenmail.com,Décor,6,99.87,0.15,Social,US,
ORD-004454,25/11/2023,CUST-00782,cust-00782@lumenmail.com,Lighting,1,54.48,0.25,Organic,US,
ORD-003882,10/10/2023,,guest@lumenmail.com,Furniture,2,363.88,0.0,Organic,CA,variant
ORD-003003,2024-01-25,CUST-01555,cust-01555@lumenmail.com,Outdoor,2,0.0,0.0,Paid Search,CA,
ORD-002764,2024-02-08,CUST-02516,cust-02516@lumenmail.com,Accessories,1,57.73,0.0,Email,US,variant
ORD-001381,2024-02-12,CUST-02741,cust-02741@lumenmail.com,Décor,7,178.98,0.15,Paid Search,US,
ORD-003278,2023-07-25,CUST-01787,cust-01787@lumenmail.com,Furniture,1,61.1,0.05,Email,CA,
ORD-002249,2023-07-17,CUST-02329,cust-02329@lumenmail.com,Décor,1,89.54,0.05,Organic,US,variant
ORD-002213,2024-03-31,,guest@lumenmail.com,Lighting,3,46.31,0.0,Email,US,
ORD-007656,2024-05-07,CUST-02939,cust-02939@lumenmail.com,Lighting,1,59.25,0.0,Paid Search,ZZ,
ORD-004647,2024-07-07,,guest@lumenmail.com,Lighting,1,100.73,0.0,Paid Search,US,control
ORD-005793,2024-03-05,CUST-01804,cust-01804@lumenmail.com,Décor,1,75.22,0.05,Paid Search,CA,control
ORD-002228,2023-06-19,CUST-02441,cust-02441@lumenmail.com,Accessories,2,104.49,0.0,Social,CA,
ORD-001413,2024-07-27,CUST-02776,cust-02776@lumenmail.com,Furniture,1,22.36,0.15,,US,variant
ORD-005855,2023-10-16,CUST-02717,cust-02717@lumenmail.com,Accessories,2,13.36,0.1,Paid Search,US,variant
ORD-006957,12/08/2023,CUST-01541,cust-01541@lumenmail.com,Accessories,3,137.84,0.15,Email,US,
ORD-008442,2024-03-12,CUST-00262,cust-00262@lumenmail.com,Furniture,4,30.18,0.0,Social,US,
ORD-008883,2024-10-23,CUST-00429,cust-00429@lumenmail.com,Accessories,2,103.49,0.05,Email,UK,
ORD-003462,2024-03-09,CUST-01665,cust-01665@lumenmail.com,Furniture,1,36.42,0.0,Paid Search,US,variant
ORD-003219,2024-07-03,CUST-01790,cust-01790@lumenmail.com,Furniture,1,313.75,0.0,Paid Search,US,variant
ORD-004763,25/09/2024,CUST-01874,cust-01874@lumenmail.com,Outdoor,3,36.52,0.05,Paid Search,UK,
ORD-004336,2024-11-18,CUST-02312,cust-02312@lumenmail.com,Furniture,1,7.84,0.0,Paid Search,AU,control
ORD-005353,2024-11-19,CUST-00607,cust-00607@lumenmail.com,Lighting,1,8.77,0.0,Social,AU,variant
ORD-007104,2024-11-03,CUST-00675,cust-00675@lumenmail.com,Lighting,2,296.87,0.1,Paid Search,CA,
ORD-000453,2023-12-18,,guest@lumenmail.com,Lighting,3,92.74,0.2,Paid Search,UK,
ORD-000651,2023-08-29,,guest@lumenmail.com,Décor,1,97.78,0.1,Paid Search,US,
ORD-009245,2024-03-25,CUST-00851,cust-00851@lumenmail.com,Lighting,3,77.53,0.1,Social,US,control
ORD-001366,2024-03-23,CUST-00819,cust-00819@lumenmail.com,Outdoor,2,86.82,0.1,Social,AU,control
ORD-002525,15/09/2023,CUST-01239,cust-01239@lumenmail.com,Furniture,1,24.82,0.0,Email,UK,
ORD-007877,2023-11-04,CUST-01622,cust-01622@lumenmail.com,Furniture,7,150.85,0.1,Email,AU,
ORD-007767,04/11/2024,CUST-00753,cust-00753@lumenmail.com,Lighting,1,184.09,0.05,Organic,AU,
ORD-007327,2024-02-05,CUST-00858,cust-00858@lumenmail.com,Lighting,2,71.1,0.2,Paid Search,UK,
ORD-008433,2024-09-23,,guest@lumenmail.com,Décor,1,540.38,0.05,Paid Search,AU,control
ORD-001418,2024-11-01,CUST-00681,cust-00681@lumenmail.com,Lighting,2,322.4,0.15,Paid Search,US,variant
ORD-008137,2023-08-27,CUST-00499,cust-00499@lumenmail.com,Décor,1,17.26,0.2,Organic,US,control
ORD-007151,2023-08-03,CUST-00618,cust-00618@lumenmail.com,Décor,1,102.45,0.0,Paid Search,UK,variant
ORD-005591,14/09/2023,CUST-01188,cust-01188@lumenmail.com,Lighting,1,18.63,0.15,Paid Search,US,
ORD-002084,2024-11-26,CUST-02550,cust-02550@lumenmail.com,Décor,4,29.53,0.0,Organic,US,
ORD-005013,2023-12-19,CUST-02220,cust-02220@lumenmail.com,Outdoor,1,36.73,0.0,Paid Search,US,
ORD-006765,2024-02-27,CUST-00561,cust-00561@lumenmail.com,Lighting,3,107.65,0.05,Email,US,variant
ORD-003714,12/07/2023,CUST-00019,cust-00019@lumenmail.com,Furniture,1,307.6,0.0,Social,US,variant
ORD-000774,17/09/2024,CUST-01373,cust-01373@lumenmail.com,Lighting,2,68.6,0.0,Paid Search,UK,control
ORD-005372,2023-08-05,CUST-02010,cust-02010@lumenmail.com,Furniture,1,130.88,0.0,Paid Search,US,control
ORD-008226,25/02/2024,CUST-00923,cust-00923@lumenmail.com,Décor,1,86.25,0.0,Email,ZZ,variant
ORD-001408,2024-01-18,CUST-01871,cust-01871@lumenmail.com,Furniture,2,200.19,0.1,Social,CA,control
ORD-008894,2024-11-06,CUST-02236,cust-02236@lumenmail.com,Lighting,2,64.5,0.2,Social,US,variant
ORD-001586,2024-01-13,CUST-01666,cust-01666@lumenmail.com,Décor,2,251.24,0.1,,UK,variant
ORD-008429,2023-06-25,,guest@lumenmail.com,Lighting,1,91.47,0.05,Paid Search,US,variant
ORD-004365,2024-10-21,CUST-02388,cust-02388@lumenmail.com,Furniture,2,26.93,0.0,Organic,US,variant
ORD-005302,2024-02-21,CUST-00391,cust-00391@lumenmail.com,Lighting,-1,115.21,0.25,Paid Search,US,control
ORD-009224,2024-01-18,CUST-00441,cust-00441@lumenmail.com,Lighting,5,100.26,0.0,Email,US,
ORD-007873,2024-12-19,CUST-01396,cust-01396@lumenmail.com,Décor,1,219.35,0.0,Email,US,control
ORD-008672,27/05/2024,,guest@lumenmail.com,Décor,3,371.69,0.0,Paid Search,US,variant
ORD-005529,2024-10-06,CUST-02412,cust-02412@lumenmail.com,Décor,1,46.1,0.2,Email,US,control
ORD-001356,03/04/2024,CUST-02251,cust-02251@lumenmail.com,Furniture,4,99.69,0.0,Organic,US,variant
ORD-006591,2024-02-17,CUST-00995,cust-00995@lumenmail.com,Furniture,1,228.63,0.2,Email,CA,control
ORD-004667,12/12/2024,CUST-02641,cust-02641@lumenmail.com,Décor,1,52.5,0.05,Paid Search,US,
ORD-005714,2024-04-07,,guest@lumenmail.com,Accessories,2,652.12,0.0,Paid Search,US,
ORD-006400,2024-10-24,CUST-02646,cust-02646@lumenmail.com,Lighting,2,53.66,0.0,Organic,US,
ORD-003788,2024-11-26,CUST-01040,cust-01040@lumenmail.com,Furniture,1,49.51,0.15,Email,US,variant
ORD-005973,27/05/2024,CUST-02949,cust-02949@lumenmail.com,Lighting,7,499.1,0.0,Social,US,
ORD-006895,2024-08-26,CUST-01904,cust-01904@lumenmail.com,Décor,4,43.53,0.2,Social,UK,variant
ORD-004056,2024-01-23,CUST-00255,cust-00255@lumenmail.com,Lighting,1,235.43,0.05,Paid Search,US,variant
ORD-009443,2024-04-05,CUST-02811,cust-02811@lumenmail.com,Lighting,1,20.81,0.2,Organic,US,variant
ORD-003116,,CUST-02298,cust-02298@lumenmail.com,Lighting,3,40.3,0.15,Email,UK,control
ORD-003825,2024-01-23,CUST-02554,cust-02554@lumenmail.com,Décor,4,0.0,0.05,Paid Search,AU,control
ORD-003067,2023-07-03,,guest@lumenmail.com,Lighting,3,49.75,0.0,Social,US,variant
ORD-004523,2024-04-23,CUST-01430,cust-01430@lumenmail.com,Lighting,1,30.43,0.0,Social,US,
ORD-003435,2023-09-12,CUST-01064,cust-01064@lumenmail.com,Décor,1,49.12,0.05,Email,US,variant
ORD-002218,2023-08-22,CUST-00328,cust-00328@lumenmail.com,Furniture,1,144.61,0.0,Email,US,control
ORD-005431,2024-08-01,CUST-00947,cust-00947@lumenmail.com,Furniture,1,21.63,0.05,Social,CA,variant
ORD-003159,2024-04-26,CUST-00716,cust-00716@lumenmail.com,Furniture,2,138.27,0.0,Paid Search,US,
ORD-004194,2024-08-10,CUST-00891,cust-00891@lumenmail.com,Décor,3,398.57,0.05,Organic,US,control
ORD-007887,2024-09-10,CUST-01889,cust-01889@lumenmail.com,Outdoor,1,82.36,0.0,,CA,
ORD-003996,2024-10-28,CUST-01711,cust-01711@lumenmail.com,Lighting,1,159.92,0.0,Paid Search,US,
ORD-007530,03/06/2023,CUST-00025,cust-00025@lumenmail.com,Outdoor,3,603.04,0.15,Paid Search,US,control
ORD-005685,2024-01-27,CUST-00514,cust-00514@lumenmail.com,Accessories,1,111.08,0.0,Social,US,
ORD-004760,2023-07-19,CUST-00746,cust-00746@lumenmail.com,Accessories,3,41.16,0.2,Paid Search,CA,control
ORD-008881,2024-01-12,CUST-02439,cust-02439@lumenmail.com,Lighting,1,18.23,0.0,Email,US,variant
ORD-008981,11/01/2024,CUST-00812,cust-00812@lumenmail.com,Décor,2,81.52,0.0,Organic,US,
ORD-005663,2024-10-13,CUST-02897,cust-02897@lumenmail.com,Lighting,2,34.62,0.0,Paid Search,US,
ORD-009556,2024-01-28,CUST-02216,cust-02216@lumenmail.com,Furniture,1,24.64,0.0,Paid Search,US,control
ORD-001065,2024-10-11,CUST-00674,cust-00674@lumenmail.com,Décor,2,29.47,0.05,Organic,AU,
ORD-004481,2024-09-04,CUST-02596,cust-02596@lumenmail.com,Furniture,4,91.47,0.0,Paid Search,CA,variant
ORD-005257,2023-11-15,CUST-00214,cust-00214@lumenmail.com,Outdoor,3,22.48,0.05,Email,US,control
ORD-000549,2024-05-25,CUST-01772,cust-01772@lumenmail.com,Furniture,2,89.58,0.0,Email,US,
ORD-005660,2023-11-10,CUST-00753,cust-00753@lumenmail.com,Lighting,-1,56.78,0.0,Email,US,control
ORD-000027,2023-07-11,CUST-01820,cust-01820@lumenmail.com,Décor,1,51.01,0.0,Email,US,control
ORD-002318,2024-08-04,CUST-01560,cust-01560@lumenmail.com,Lighting,3,29.42,0.0,,UK,control
ORD-000023,29/02/2024,CUST-00874,cust-00874@lumenmail.com,Lighting,2,38.94,0.0,Paid Search,US,
ORD-005540,2024-08-27,CUST-02644,cust-02644@lumenmail.com,Outdoor,2,204.25,0.0,Paid Search,US,variant
ORD-002517,2024-07-08,CUST-02570,cust-02570@lumenmail.com,Furniture,1,45.49,0.1,Organic,US,variant
ORD-002681,29/01/2024,CUST-00263,cust-00263@lumenmail.com,Lighting,6,67.25,0.1,Email,US,control
ORD-000519,03/11/2023,CUST-02978,cust-02978@lumenmail.com,Lighting,2,12.84,0.1,Social,US,variant
ORD-007246,2024-02-15,CUST-00094,cust-00094@lumenmail.com,Accessories,3,83.35,0.0,Paid Search,UK,
ORD-008160,2024-01-13,CUST-01968,cust-01968@lumenmail.com,Lighting,4,66.48,0.15,Email,US,control
ORD-005362,2024-02-02,CUST-02728,cust-02728@lumenmail.com,Accessories,3,40.49,0.05,Social,US,
ORD-009108,2024-08-25,CUST-02444,cust-02444@lumenmail.com,Furniture,1,395.92,0.0,Paid Search,US,
ORD-007630,2024-07-07,CUST-01338,cust-01338@lumenmail.com,Furniture,1,143.84,0.0,Email,US,
ORD-002098,2024-07-03,CUST-01621,cust-01621@lumenmail.com,Lighting,1,262.68,0.05,Paid Search,US,variant
ORD-008631,2023-11-02,CUST-02442,cust-02442@lumenmail.com,Décor,1,67.23,0.05,Social,UK,control
ORD-007024,2024-10-30,CUST-01093,cust-01093@lumenmail.com,Lighting,4,255.34,0.1,Paid Search,US,control
ORD-006465,2024-05-13,CUST-02344,cust-02344@lumenmail.com,Outdoor,1,170.11,0.1,Organic,CA,
ORD-006100,2023-11-04,CUST-02699,cust-02699@lumenmail.com,Décor,1,10.1,0.05,Email,US,
ORD-006542,2023-07-28,CUST-00294,cust-00294@lumenmail.com,Furniture,1,16.85,0.0,Organic,UK,variant
ORD-002400,2024-04-15,CUST-00426,cust-00426@lumenmail.com,Accessories,2,95.75,0.1,Social,CA,
ORD-004646,2024-01-05,CUST-00246,cust-00246@lumenmail.com,Lighting,1,86.94,0.2,Organic,US,
ORD-003283,2024-11-29,CUST-00516,cust-00516@lumenmail.com,Lighting,4,49.79,0.0,Social,US,control
ORD-006793,2024-09-27,CUST-02583,cust-02583@lumenmail.com,Décor,2,152.63,0.0,Email,UK,
ORD-003056,2023-12-08,CUST-00187,cust-00187@lumenmail.com,Furniture,1,118.37,0.05,Email,US,
ORD-000786,2024-11-29,CUST-00903,cust-00903@lumenmail.com,Lighting,1,29.56,0.1,Paid Search,CA,control
ORD-009044,2023-06-04,CUST-02284,cust-02284@lumenmail.com,Furniture,2,41.97,0.0,,US,control
ORD-008143,2023-11-21,CUST-01017,cust-01017@lumenmail.com,Accessories,3,184.62,0.15,Paid Search,UK,variant
ORD-008624,01/08/2024,CUST-00249,cust-00249@lumenmail.com,Lighting,1,200.65,0.0,Social,US,control
ORD-006007,2024-06-27,CUST-00518,cust-00518@lumenmail.com,Furniture,2,146.35,0.05,Organic,US,
ORD-005923,2024-07-24,,guest@lumenmail.com,Lighting,2,74.61,0.05,Email,US,
ORD-005756,2023-10-03,CUST-00630,cust-00630@lumenmail.com,Décor,1,95.0,0.1,Organic,AU,variant
ORD-007698,2023-08-02,CUST-02592,cust-02592@lumenmail.com,Lighting,1,162.53,0.2,Email,US,control
ORD-002621,05/06/2024,CUST-00535,cust-00535@lumenmail.com,Lighting,1,57.14,0.0,Organic,US,
ORD-001943,2024-06-19,CUST-00029,cust-00029@lumenmail.com,Accessories,2,160.2,0.1,Paid Search,US,
ORD-009039,2024-11-30,CUST-02370,cust-02370@lumenmail.com,Accessories,2,50.85,0.0,Email,UK,
ORD-008917,2024-07-27,CUST-01244,cust-01244@lumenmail.com,Lighting,3,41.09,0.25,Email,US,variant
ORD-003949,30/04/2024,CUST-01797,cust-01797@lumenmail.com,Lighting,2,410.15,0.0,Paid Search,US,
ORD-000790,2024-12-08,,guest@lumenmail.com,Lighting,1,591.21,0.15,Paid Search,US,variant
ORD-007727,2024-08-16,CUST-00821,cust-00821@lumenmail.com,Lighting,2,379.43,0.15,Organic,CA,variant
ORD-003151,2023-07-15,CUST-01276,cust-01276@lumenmail.com,Décor,2,326.53,0.15,Organic,US,
ORD-003621,2024-10-26,CUST-00623,cust-00623@lumenmail.com,Décor,2,16.93,0.2,Email,US,
ORD-000975,2024-04-26,CUST-00032,cust-00032@lumenmail.com,Décor,4,22.96,0.0,Email,US,control
ORD-002730,24/11/2024,CUST-02775,cust-02775@lumenmail.com,Lighting,1,600.7,0.05,Paid Search,US,control
ORD-006921,2024-08-09,,guest@lumenmail.com,Lighting,3,214.01,0.05,Paid Search,US,variant
ORD-009396,2024-08-11,CUST-01571,cust-01571@lumenmail.com,Furniture,6,245.52,0.1,Paid Search,UK,
ORD-000418,2024-09-30,CUST-01949,cust-01949@lumenmail.com,Furniture,1,44.1,0.05,Email,ZZ,
ORD-000305,2023-12-07,CUST-01051,cust-01051@lumenmail.com,Décor,1,44.93,0.05,Organic,CA,control
ORD-009052,2023-09-13,CUST-01561,cust-01561@lumenmail.com,Outdoor,2,43.12,0.2,Organic,US,variant
ORD-003672,2024-05-01,CUST-00332,cust-00332@lumenmail.com,Lighting,2,241.44,0.0,Paid Search,US,variant
ORD-001443,2024-01-14,CUST-02774,cust-02774@lumenmail.com,Décor,2,70.74,0.2,Social,CA,variant
ORD-005171,,CUST-02903,cust-02903@lumenmail.com,Furniture,1,5.31,0.0,Email,CA,
ORD-003856,2024-06-04,CUST-01816,cust-01816@lumenmail.com,Outdoor,2,29.1,0.05,Paid Search,US,control
ORD-001370,2023-08-20,,guest@lumenmail.com,Outdoor,1,263.74,0.0,Paid Search,US,variant
ORD-008379,2023-06-21,CUST-00855,cust-00855@lumenmail.com,Lighting,4,376.09,0.0,Paid Search,US,control
ORD-008034,2024-12-28,CUST-01017,cust-01017@lumenmail.com,Furniture,5,142.44,0.1,Email,US,control
ORD-004177,2024-04-05,CUST-00134,cust-00134@lumenmail.com,Outdoor,7,38.96,0.05,Email,CA,
ORD-005199,2023-12-17,CUST-02901,cust-02901@lumenmail.com,Lighting,1,696.63,0.0,Organic,US,variant
ORD-000067,2024-09-12,CUST-02135,cust-02135@lumenmail.com,Accessories,5,35.57,0.05,Paid Search,US,variant
ORD-003762,2023-11-04,CUST-00420,cust-00420@lumenmail.com,Lighting,3,167.84,0.25,Social,ZZ,
ORD-002414,2024-02-13,CUST-00870,cust-00870@lumenmail.com,Accessories,2,190.31,0.1,Paid Search,US,variant
ORD-000739,2024-02-09,CUST-00863,cust-00863@lumenmail.com,Lighting,2,16.62,0.0,Social,CA,variant
ORD-002142,2023-12-04,CUST-00152,cust-00152@lumenmail.com,Outdoor,1,35.23,0.0,Email,UK,control
ORD-000575,08/05/2024,CUST-00696,cust-00696@lumenmail.com,Outdoor,1,58.14,0.15,Email,US,control
ORD-004882,2024-12-13,CUST-02443,cust-02443@lumenmail.com,Lighting,2,5.16,0.2,Paid Search,US,variant
ORD-007382,2023-11-28,CUST-00962,cust-00962@lumenmail.com,Accessories,2,39.04,0.05,Organic,US,control
ORD-004726,2024-03-14,CUST-00125,cust-00125@lumenmail.com,Lighting,2,23.21,0.05,Email,CA,variant
ORD-001265,01/08/2023,CUST-01021,cust-01021@lumenmail.com,Furniture,-3,13.04,0.0,Email,US,
ORD-001360,24/02/2024,CUST-00103,cust-00103@lumenmail.com,Furniture,1,29.62,0.0,Social,CA,
ORD-005082,2023-11-10,CUST-02084,cust-02084@lumenmail.com,Accessories,1,132.69,0.1,Organic,US,control
ORD-003139,2024-04-28,CUST-01764,cust-01764@lumenmail.com,Lighting,3,22.69,0.0,Paid Search,US,variant
ORD-004766,2023-11-24,CUST-02681,cust-02681@lumenmail.com,Lighting,1,155.56,0.1,Organic,US,
ORD-004127,2023-09-28,CUST-01665,cust-01665@lumenmail.com,Lighting,3,243.28,0.1,Email,US,control
ORD-005495,02/01/2024,CUST-01456,cust-01456@lumenmail.com,Furniture,7,98.72,0.05,Paid Search,US,variant
ORD-007766,2024-08-14,CUST-00644,cust-00644@lumenmail.com,Accessories,4,46.81,0.2,Paid Search,CA,
ORD-009496,2023-11-25,CUST-00528,cust-00528@lumenmail.com,Décor,2,8.14,0.15,Paid Search,ZZ,
ORD-005562,2023-08-26,CUST-00536,cust-00536@lumenmail.com,Décor,3,82.75,0.05,Paid Search,US,
ORD-009540,2024-10-15,,guest@lumenmail.com,Accessories,1,206.58,0.1,Social,US,variant
ORD-000987,2023-08-30,CUST-01237,cust-01237@lumenmail.com,Décor,1,348.72,0.0,Paid Search,US,
ORD-000795,2023-06-14,CUST-01721,cust-01721@lumenmail.com,Outdoor,4,65.45,0.05,Email,US,
ORD-003060,2024-01-24,CUST-02584,cust-02584@lumenmail.com,Lighting,1,69.07,0.1,Email,US,control
ORD-007886,2024-06-21,CUST-02445,cust-02445@lumenmail.com,Lighting,2,66.87,0.15,Email,US,
ORD-006017,2024-07-30,CUST-02559,cust-02559@lumenmail.com,Furniture,2,70.66,0.05,Paid Search,AU,control
ORD-006240,2024-09-23,CUST-02189,cust-02189@lumenmail.com,Lighting,3,46.04,0.1,Organic,US,variant
ORD-005878,29/06/2023,CUST-00381,cust-00381@lumenmail.com,Furniture,1,17.69,0.0,Paid Search,US,
ORD-009391,2023-06-22,CUST-01351,cust-01351@lumenmail.com,Lighting,1,121.62,0.0,Paid Search,US,control
ORD-002321,2023-10-14,CUST-01010,cust-01010@lumenmail.com,Lighting,1,96.47,0.2,Paid Search,CA,control
ORD-002705,01/02/2024,CUST-02299,cust-02299@lumenmail.com,Accessories,1,228.37,0.2,Email,ZZ,variant
ORD-000320,2024-04-08,CUST-01466,cust-01466@lumenmail.com,Décor,1,355.46,0.0,Organic,CA,
ORD-005045,2023-11-08,CUST-01333,cust-01333@lumenmail.com,Décor,1,199.82,0.0,Email,UK,control
ORD-004605,2023-08-22,CUST-02713,cust-02713@lumenmail.com,Lighting,1,63.64,0.0,Organic,CA,control
ORD-003170,2024-04-18,CUST-01869,cust-01869@lumenmail.com,Décor,2,68.48,0.2,Email,US,control
ORD-005173,2024-03-05,CUST-00378,cust-00378@lumenmail.com,Lighting,2,140.77,0.0,Organic,US,
ORD-001444,2023-06-23,CUST-00692,cust-00692@lumenmail.com,Lighting,2,271.81,0.0,Email,US,control
ORD-004165,30/08/2024,,guest@lumenmail.com,Furniture,2,354.09,0.0,Email,US,control
ORD-002269,16/04/2024,CUST-00120,cust-00120@lumenmail.com,Lighting,2,14.62,0.0,Paid Search,CA,variant
ORD-000590,2023-11-12,CUST-01911,cust-01911@lumenmail.com,Lighting,2,11.34,0.0,Paid Search,US,control
ORD-000141,2023-09-01,CUST-01674,cust-01674@lumenmail.com,Furniture,2,112.16,0.1,Email,US,variant
ORD-003089,2024-06-15,CUST-00425,cust-00425@lumenmail.com,Lighting,2,59.1,0.0,Email,US,control
ORD-004099,2024-07-08,CUST-02291,cust-02291@lumenmail.com,Furniture,2,156.7,0.0,Organic,CA,
ORD-005316,2024-01-05,CUST-02216,cust-02216@lumenmail.com,Lighting,1,37.38,0.0,Email,UK,control
ORD-002265,2023-06-01,CUST-02740,cust-02740@lumenmail.com,Outdoor,3,58.96,0.15,Paid Search,US,
ORD-006095,2024-11-13,CUST-00733,cust-00733@lumenmail.com,Furniture,2,114.3,0.0,Email,US,control
ORD-002099,2024-08-23,CUST-02241,cust-02241@lumenmail.com,Accessories,1,54.98,0.0,Organic,US,variant
ORD-003958,2024-05-19,CUST-01366,cust-01366@lumenmail.com,Lighting,1,182.5,0.0,Paid Search,US,control
ORD-008372,06/07/2024,CUST-02336,cust-02336@lumenmail.com,Furniture,2,253.55,0.1,Email,US,variant
ORD-007961,2024-10-20,CUST-02512,cust-02512@lumenmail.com,Accessories,2,189.47,0.1,Organic,UK,variant
ORD-006966,2024-02-13,CUST-02712,cust-02712@lumenmail.com,Lighting,1,204.24,0.25,Email,US,variant
ORD-008854,2024-08-17,CUST-02082,cust-02082@lumenmail.com,Furniture,2,63.85,0.1,Social,AU,
ORD-001883,2024-09-22,,guest@lumenmail.com,Furniture,1,78.38,0.0,Email,US,variant
ORD-004713,2024-03-16,,guest@lumenmail.com,Lighting,1,85.31,0.15,Organic,US,
ORD-001352,2023-08-31,CUST-00948,cust-00948@lumenmail.com,Lighting,-2,113.52,0.05,Paid Search,US,variant
ORD-004308,2023-12-15,CUST-01940,cust-01940@lumenmail.com,Outdoor,1,36.03,0.2,Organic,US,
ORD-007160,2024-11-15,,guest@lumenmail.com,Lighting,1,131.4,0.0,Email,US,
ORD-000195,2024-06-02,CUST-01520,cust-01520@lumenmail.com,Lighting,3,363.86,0.05,Organic,US,control
ORD-002003,2024-05-01,CUST-01671,cust-01671@lumenmail.com,Lighting,1,128.01,0.15,Paid Search,UK,control
ORD-001237,2024-05-27,CUST-01782,cust-01782@lumenmail.com,Accessories,4,35.94,0.05,Paid Search,US,
ORD-009171,2024-03-30,CUST-02176,cust-02176@lumenmail.com,Décor,2,38.99,0.05,Email,US,
ORD-001271,2024-09-26,CUST-02436,cust-02436@lumenmail.com,Lighting,2,383.5,0.2,Organic,US,variant
ORD-008802,2023-08-30,CUST-00758,cust-00758@lumenmail.com,Outdoor,7,94.45,0.0,Paid Search,US,control
ORD-005895,2024-01-01,CUST-00470,cust-00470@lumenmail.com,Lighting,3,280.08,0.0,,US,
ORD-001738,2023-07-10,CUST-02477,cust-02477@lumenmail.com,Lighting,1,82.88,0.15,Paid Search,US,control
ORD-000411,2024-04-23,CUST-02004,cust-02004@lumenmail.com,Lighting,2,46.51,0.0,Paid Search,US,control
ORD-006263,2023-09-22,CUST-01759,cust-01759@lumenmail.com,Décor,1,76.81,0.05,Organic,ZZ,control
ORD-008101,2024-02-28,CUST-00973,cust-00973@lumenmail.com,Furniture,2,337.56,0.0,Organic,US,variant
ORD-005515,2023-07-02,CUST-00443,cust-00443@lumenmail.com,Lighting,1,89.51,0.05,Social,US,
ORD-004733,2024-05-15,CUST-00573,cust-00573@lumenmail.com,Lighting,1,80.02,0.0,Paid Search,US,
ORD-003833,2023-07-23,CUST-01068,cust-01068@lumenmail.com,Décor,-1,14.5,0.1,Social,UK,control
ORD-006884,2024-11-25,CUST-00343,cust-00343@lumenmail.com,Lighting,1,54.12,0.0,Email,US,
ORD-006233,2023-08-17,CUST-01067,cust-01067@lumenmail.com,Furniture,2,20.86,0.0,Social,US,
ORD-001913,28/10/2023,CUST-00690,cust-00690@lumenmail.com,Lighting,2,76.17,0.1,Email,US,control
ORD-008594,2023-07-13,CUST-01228,cust-01228@lumenmail.com,Lighting,3,133.77,0.15,Social,US,variant
ORD-006596,2024-01-21,,guest@lumenmail.com,Lighting,2,39.68,0.2,Organic,US,control
ORD-006497,2023-06-09,CUST-00941,cust-00941@lumenmail.com,Lighting,2,339.31,0.1,Paid Search,AU,
ORD-001253,2023-10-11,,guest@lumenmail.com,Furniture,3,399.9,0.05,Paid Search,CA,
ORD-004711,04/03/2024,CUST-00505,cust-00505@lumenmail.com,Accessories,2,363.51,0.0,Social,US,variant
ORD-003393,2024-10-09,CUST-02412,cust-02412@lumenmail.com,Outdoor,1,100.07,0.0,Email,UK,variant
ORD-009175,2024-12-11,,guest@lumenmail.com,Lighting,7,34.34,0.0,Organic,CA,control
ORD-004086,2024-11-25,,guest@lumenmail.com,Décor,1,26.03,0.0,Paid Search,US,variant
ORD-000005,2023-07-07,CUST-00860,cust-00860@lumenmail.com,Furniture,2,149.41,0.1,Paid Search,US,variant
ORD-007016,18/11/2024,CUST-01696,cust-01696@lumenmail.com,Outdoor,2,57.29,0.2,Organic,US,variant
ORD-000805,2024-08-23,CUST-01547,cust-01547@lumenmail.com,Furniture,1,35.9,0.0,Social,US,control
ORD-007145,2023-08-26,CUST-01522,cust-01522@lumenmail.com,Décor,2,48.53,0.0,Social,AU,
ORD-006344,2024-09-29,CUST-02367,cust-02367@lumenmail.com,Décor,3,94.1,0.05,Email,US,variant
ORD-005402,2024-10-17,CUST-01545,cust-01545@lumenmail.com,Furniture,3,78.33,0.0,Organic,UK,
ORD-000113,2023-06-16,CUST-01761,cust-01761@lumenmail.com,Accessories,1,73.97,0.15,,US,variant
ORD-001110,2023-07-10,CUST-02989,cust-02989@lumenmail.com,Lighting,2,120.11,0.1,Social,CA,
ORD-007557,2023-11-30,CUST-02705,cust-02705@lumenmail.com,Lighting,4,24.84,0.0,Organic,CA,
ORD-004473,2024-05-12,CUST-00845,cust-00845@lumenmail.com,Furniture,-1,91.26,0.1,Organic,US,
ORD-006159,2023-11-18,,guest@lumenmail.com,Outdoor,1,10.36,0.0,Email,US,variant
ORD-006534,2024-01-18,CUST-02910,cust-02910@lumenmail.com,Outdoor,1,21.11,0.0,Social,CA,
ORD-003610,2023-08-14,CUST-00669,cust-00669@lumenmail.com,Lighting,4,149.25,0.05,Organic,US,variant
ORD-007900,2024-08-21,CUST-01332,cust-01332@lumenmail.com,Décor,2,27.12,0.0,Email,CA,control
ORD-001400,12/07/2024,CUST-01123,cust-01123@lumenmail.com,Décor,2,42.63,0.05,Social,AU,variant
ORD-005404,2023-07-22,CUST-00466,cust-00466@lumenmail.com,Outdoor,-1,210.11,0.15,Social,US,
ORD-003784,2024-12-11,CUST-01175,cust-01175@lumenmail.com,Lighting,1,153.54,0.1,Email,CA,
ORD-003450,15/02/2024,CUST-01469,cust-01469@lumenmail.com,Lighting,4,732.92,0.05,Email,CA,control
ORD-005538,2024-11-21,CUST-01886,cust-01886@lumenmail.com,Lighting,1,24.18,0.05,Email,UK,
ORD-000118,2023-08-19,,guest@lumenmail.com,Décor,1,11.0,0.1,Organic,UK,
ORD-002633,2023-10-05,CUST-01680,cust-01680@lumenmail.com,Furniture,2,72.76,0.15,Organic,US,control
ORD-003858,16/06/2023,CUST-00828,cust-00828@lumenmail.com,Outdoor,2,291.98,0.15,Email,CA,variant
ORD-008198,2023-08-27,CUST-00834,cust-00834@lumenmail.com,Décor,4,42.75,0.05,Email,AU,variant
ORD-004552,2024-08-17,CUST-01646,cust-01646@lumenmail.com,Lighting,-2,698.86,0.2,Organic,US,
ORD-008115,08/02/2024,CUST-00137,cust-00137@lumenmail.com,Décor,1,157.39,0.0,Paid Search,CA,variant
ORD-002595,2023-12-23,CUST-01110,cust-01110@lumenmail.com,Outdoor,1,67.83,0.05,Organic,CA,control
ORD-003687,2023-09-12,CUST-02353,cust-02353@lumenmail.com,Furniture,2,193.84,0.05,Organic,US,
ORD-003258,2024-11-25,CUST-00613,cust-00613@lumenmail.com,Lighting,2,24.1,0.2,Organic,US,
ORD-007607,2024-12-09,CUST-02097,cust-02097@lumenmail.com,Outdoor,4,6.82,0.15,Email,ZZ,variant
ORD-003208,2023-09-19,CUST-02489,cust-02489@lumenmail.com,Accessories,1,376.28,0.05,Organic,US,
ORD-000297,2024-01-12,,guest@lumenmail.com,Lighting,1,21.04,0.0,Email,US,variant
ORD-008836,29/09/2024,CUST-01501,cust-01501@lumenmail.com,Outdoor,1,674.47,0.0,Email,UK,
ORD-004622,15/11/2024,CUST-02971,cust-02971@lumenmail.com,Lighting,1,11.04,0.05,Paid Search,US,
ORD-002829,2024-09-18,CUST-00536,cust-00536@lumenmail.com,Décor,2,67.9,0.0,Email,US,control
ORD-005677,2023-09-01,CUST-02934,cust-02934@lumenmail.com,Accessories,1,128.98,0.1,Social,US,control
ORD-003407,2023-12-14,CUST-02477,cust-02477@lumenmail.com,Décor,1,36.8,0.0,Email,UK,variant
ORD-005301,2024-12-15,CUST-01729,cust-01729@lumenmail.com,Lighting,5,70.04,0.0,Social,US,control
ORD-005796,2024-02-19,CUST-01245,cust-01245@lumenmail.com,Furniture,-1,26.83,0.15,Paid Search,US,variant
ORD-003342,2024-06-18,CUST-00981,cust-00981@lumenmail.com,Décor,1,109.23,0.0,Email,US,
ORD-000911,28/04/2024,CUST-01994,cust-01994@lumenmail.com,Décor,1,100.56,0.2,Paid Search,US,
ORD-001212,2023-06-24,CUST-01132,cust-01132@lumenmail.com,Lighting,1,41.39,0.0,Social,UK,variant
ORD-004342,2023-12-05,CUST-02374,cust-02374@lumenmail.com,Décor,2,41.4,0.0,Organic,US,
ORD-008739,2024-05-27,CUST-00123,cust-00123@lumenmail.com,Outdoor,2,79.33,0.25,Email,US,control
ORD-007394,2024-05-10,CUST-00817,cust-00817@lumenmail.com,Décor,2,44.18,0.2,Paid Search,US,variant
ORD-003633,2024-07-09,CUST-00176,cust-00176@lumenmail.com,Lighting,1,30.13,0.1,Paid Search,US,
ORD-005181,2023-10-02,,guest@lumenmail.com,Furniture,4,354.89,0.0,Paid Search,UK,
ORD-003381,18/07/2023,CUST-01632,cust-01632@lumenmail.com,Décor,2,16.64,0.05,Social,UK,control
ORD-008276,2023-08-04,CUST-00633,cust-00633@lumenmail.com,Outdoor,3,7.47,0.0,Organic,US,control
ORD-006913,2023-10-14,CUST-00906,cust-00906@lumenmail.com,Décor,3,26.66,0.0,Organic,US,variant
ORD-006345,2024-04-27,CUST-00803,cust-00803@lumenmail.com,Outdoor,1,46.9,0.0,,US,
ORD-002623,2023-10-20,CUST-02768,cust-02768@lumenmail.com,Accessories,1,74.61,0.05,Paid Search,US,control
ORD-000633,2024-02-15,CUST-02380,cust-02380@lumenmail.com,Décor,1,192.05,0.1,Organic,US,
ORD-003175,2024-09-12,CUST-02119,cust-02119@lumenmail.com,Furniture,1,33.56,0.0,Social,US,
ORD-007493,31/07/2023,CUST-00955,cust-00955@lumenmail.com,Lighting,2,93.64,0.0,Paid Search,CA,variant
ORD-006188,2024-03-06,CUST-01174,cust-01174@lumenmail.com,Furniture,1,256.7,0.1,Paid Search,US,
ORD-002477,2024-06-03,CUST-00769,cust-00769@lumenmail.com,Furniture,2,100.91,0.0,Email,UK,control
ORD-006203,2024-04-27,CUST-02361,cust-02361@lumenmail.com,Furniture,1,314.51,0.15,Paid Search,US,variant
ORD-000712,2024-11-20,,guest@lumenmail.com,Accessories,4,17.5,0.0,Social,CA,control
ORD-008088,2024-03-04,CUST-01339,cust-01339@lumenmail.com,Lighting,3,37.88,0.0,Email,US,
ORD-008937,2024-04-14,CUST-02996,cust-02996@lumenmail.com,Décor,4,41.77,0.05,Email,CA,
ORD-003664,2023-08-23,CUST-02843,cust-02843@lumenmail.com,Décor,2,70.0,0.1,Paid Search,CA,control
ORD-009439,2024-08-24,CUST-00955,cust-00955@lumenmail.com,Furniture,1,38.65,0.0,Paid Search,US,control
ORD-006380,2023-07-17,CUST-01798,cust-01798@lumenmail.com,Outdoor,1,74.83,0.05,Email,US,control
ORD-006621,2024-10-21,CUST-00545,cust-00545@lumenmail.com,Décor,-2,126.25,0.05,Paid Search,US,variant
ORD-000501,2024-06-09,CUST-01951,cust-01951@lumenmail.com,Décor,1,41.38,0.0,,CA,
ORD-000376,2024-07-05,CUST-02614,cust-02614@lumenmail.com,Décor,1,57.06,0.1,Organic,US,variant
ORD-001566,10/06/2024,CUST-00330,cust-00330@lumenmail.com,Lighting,1,246.59,0.0,Social,US,control
ORD-006572,2023-11-16,CUST-01901,cust-01901@lumenmail.com,Lighting,1,92.75,0.05,Paid Search,UK,
ORD-001949,2024-12-12,,guest@lumenmail.com,Décor,2,36.84,0.0,Organic,US,
ORD-003792,2024-08-20,CUST-00086,cust-00086@lumenmail.com,Accessories,4,55.74,0.0,Organic,US,variant
ORD-001658,2024-02-12,CUST-00871,cust-00871@lumenmail.com,Lighting,3,105.68,0.15,Paid Search,US,variant
ORD-004937,2024-07-08,CUST-01834,cust-01834@lumenmail.com,Furniture,1,60.04,0.05,Paid Search,US,
ORD-001529,2024-12-03,CUST-02996,cust-02996@lumenmail.com,Furniture,1,131.29,0.0,Paid Search,US,
ORD-007027,30/09/2024,CUST-00477,cust-00477@lumenmail.com,Lighting,1,147.61,0.0,,US,control
ORD-005772,2023-09-01,CUST-00052,cust-00052@lumenmail.com,Décor,5,195.28,0.15,,US,control
ORD-004378,2023-10-28,CUST-01288,cust-01288@lumenmail.com,Décor,1,0.0,0.05,Email,CA,
ORD-003369,2024-10-19,CUST-02216,cust-02216@lumenmail.com,Décor,2,11.99,0.2,,CA,
ORD-008283,2024-05-05,CUST-01468,cust-01468@lumenmail.com,Lighting,1,170.27,0.15,Social,US,variant
ORD-005741,12/07/2024,CUST-01068,cust-01068@lumenmail.com,Accessories,1,91.82,0.0,Social,UK,
ORD-007072,2024-12-21,CUST-02760,cust-02760@lumenmail.com,Outdoor,-2,434.29,0.1,Email,AU,control
ORD-001421,2024-12-29,CUST-02628,cust-02628@lumenmail.com,Décor,1,139.78,0.05,Email,AU,control
ORD-008023,2024-09-26,CUST-00242,cust-00242@lumenmail.com,Lighting,1,30.17,0.0,Organic,UK,variant
ORD-007297,07/07/2023,CUST-01887,cust-01887@lumenmail.com,Accessories,2,21.15,0.1,Email,US,control
ORD-005280,2023-12-04,CUST-00851,cust-00851@lumenmail.com,Décor,1,33.25,0.2,Social,US,control
ORD-000898,2024-07-24,CUST-02848,cust-02848@lumenmail.com,Accessories,1,40.98,0.05,Email,US,control
ORD-005974,2024-09-30,CUST-02766,cust-02766@lumenmail.com,Lighting,3,47.13,0.2,Paid Search,US,variant
ORD-000947,2023-10-11,CUST-01551,cust-01551@lumenmail.com,Outdoor,4,67.06,0.0,Paid Search,CA,
ORD-007089,2024-11-30,CUST-01595,cust-01595@lumenmail.com,Décor,1,81.62,0.05,Organic,CA,
ORD-001845,07/07/2023,CUST-02295,cust-02295@lumenmail.com,Décor,2,66.41,0.05,Organic,UK,variant
ORD-003177,2024-09-09,CUST-02671,cust-02671@lumenmail.com,Décor,2,90.51,0.05,Social,AU,
ORD-008667,2023-08-30,CUST-02661,cust-02661@lumenmail.com,Lighting,1,40.91,0.15,Email,UK,
ORD-008334,2023-11-05,CUST-00244,cust-00244@lumenmail.com,Outdoor,2,8.44,0.05,,US,
ORD-004060,2024-07-04,CUST-02673,cust-02673@lumenmail.com,Lighting,2,77.97,0.2,Paid Search,US,
ORD-005897,2024-03-19,CUST-01739,cust-01739@lumenmail.com,Outdoor,1,11.67,0.1,Email,US,variant
ORD-002125,2023-08-28,CUST-01914,cust-01914@lumenmail.com,Lighting,1,96.73,0.2,Paid Search,CA,
ORD-008665,2024-01-14,CUST-00586,cust-00586@lumenmail.com,Lighting,1,77.15,0.0,Paid Search,CA,
ORD-004604,2023-09-12,CUST-02055,cust-02055@lumenmail.com,Furniture,1,65.41,0.05,Email,US,
ORD-008193,2023-12-31,CUST-02516,cust-02516@lumenmail.com,Accessories,2,766.64,0.1,Email,CA,
ORD-004022,28/04/2024,CUST-00282,cust-00282@lumenmail.com,Outdoor,2,30.63,0.1,Paid Search,US,variant
ORD-009598,2023-06-02,CUST-01773,cust-01773@lumenmail.com,Lighting,1,22.82,0.1,Email,AU,control
ORD-008323,2023-06-13,CUST-02471,cust-02471@lumenmail.com,Lighting,-1,402.87,0.0,Email,US,variant
ORD-005848,2024-01-26,,guest@lumenmail.com,Lighting,3,56.24,0.2,Social,US,variant
ORD-000152,06/02/2024,CUST-02905,cust-02905@lumenmail.com,Furniture,2,0.0,0.2,Paid Search,US,control
ORD-000992,2024-11-28,CUST-01584,cust-01584@lumenmail.com,Lighting,1,357.38,0.0,Email,UK,control
ORD-002126,2024-04-08,CUST-00067,cust-00067@lumenmail.com,Outdoor,1,31.31,0.05,Paid Search,US,variant
ORD-008932,2024-10-25,CUST-02786,cust-02786@lumenmail.com,Accessories,1,18.61,0.05,Social,US,
ORD-007711,2023-06-22,CUST-00218,cust-00218@lumenmail.com,Outdoor,2,24.72,0.0,Organic,CA,control
ORD-000744,2024-05-06,CUST-02341,cust-02341@lumenmail.com,Furniture,1,39.46,0.05,Organic,UK,
ORD-001073,2024-12-19,CUST-01821,cust-01821@lumenmail.com,Accessories,2,284.33,0.05,Social,US,control
ORD-007934,12/01/2024,CUST-00410,cust-00410@lumenmail.com,Lighting,3,166.82,0.0,Email,US,control
ORD-007013,2023-12-09,CUST-01106,cust-01106@lumenmail.com,Décor,3,60.86,0.0,Paid Search,UK,
ORD-000760,2023-07-19,CUST-02228,cust-02228@lumenmail.com,Outdoor,2,128.7,0.05,Email,ZZ,
ORD-008128,2024-11-05,CUST-01561,cust-01561@lumenmail.com,Décor,2,79.46,0.05,Email,US,
ORD-003392,2023-10-18,CUST-02712,cust-02712@lumenmail.com,Lighting,5,9.89,0.15,Organic,US,variant
ORD-000692,04/05/2024,,guest@lumenmail.com,Lighting,4,192.26,0.05,Email,US,
ORD-008990,20/08/2024,CUST-01963,cust-01963@lumenmail.com,Outdoor,4,260.7,0.0,,US,variant
ORD-008524,2023-11-06,CUST-00196,cust-00196@lumenmail.com,Décor,2,25.8,0.2,Organic,US,
ORD-007594,2024-08-01,CUST-00647,cust-00647@lumenmail.com,Lighting,1,90.67,0.05,Organic,US,control
ORD-005596,2024-10-16,CUST-02236,cust-02236@lumenmail.com,Décor,3,13.09,0.1,Social,US,
ORD-009377,2024-09-30,CUST-02967,cust-02967@lumenmail.com,Furniture,1,76.03,0.0,Email,US,control
ORD-001238,2024-10-16,CUST-02268,cust-02268@lumenmail.com,Lighting,1,7.33,0.1,Paid Search,CA,variant
ORD-003084,2023-08-10,CUST-01756,cust-01756@lumenmail.com,Lighting,1,108.01,0.0,Organic,ZZ,variant
ORD-007359,2024-05-13,CUST-01469,cust-01469@lumenmail.com,Outdoor,5,13.09,0.15,Social,US,control
ORD-003243,2023-11-26,CUST-01166,cust-01166@lumenmail.com,Outdoor,2,362.44,0.0,Email,UK,
ORD-002843,2024-11-25,CUST-02413,cust-02413@lumenmail.com,Outdoor,2,159.73,0.0,Paid Search,AU,variant
ORD-008829,14/06/2024,CUST-02267,cust-02267@lumenmail.com,Décor,2,223.92,0.0,Organic,UK,
ORD-008570,2024-10-03,CUST-02333,cust-02333@lumenmail.com,Furniture,7,91.69,0.15,Email,US,
ORD-005573,09/10/2024,CUST-00664,cust-00664@lumenmail.com,Furniture,1,40.87,0.0,Paid Search,US,
ORD-006808,2024-09-23,CUST-01957,cust-01957@lumenmail.com,Lighting,3,437.37,0.1,,US,
ORD-007602,2024-04-16,CUST-01393,cust-01393@lumenmail.com,Furniture,1,48.06,0.1,Email,US,control
ORD-008539,2024-06-09,CUST-01706,cust-01706@lumenmail.com,Accessories,1,35.14,0.05,Organic,US,control
ORD-004878,2024-05-16,CUST-01653,cust-01653@lumenmail.com,Furniture,2,70.88,0.15,Organic,US,control
ORD-009194,2023-07-29,CUST-01055,cust-01055@lumenmail.com,Décor,1,54.47,0.05,Organic,US,
ORD-001623,2024-11-30,CUST-02105,cust-02105@lumenmail.com,Décor,1,52.87,0.0,Paid Search,US,control
ORD-006335,2024-12-16,,guest@lumenmail.com,Lighting,3,355.96,0.0,Organic,US,control
ORD-006292,2023-06-26,CUST-01932,cust-01932@lumenmail.com,Décor,-4,154.26,0.2,Email,ZZ,
ORD-008966,2024-12-01,CUST-02864,cust-02864@lumenmail.com,Lighting,1,637.77,0.05,Paid Search,ZZ,control
ORD-009465,2023-08-29,CUST-00641,cust-00641@lumenmail.com,Outdoor,1,44.42,0.0,,CA,control
ORD-001255,2024-07-28,,guest@lumenmail.com,Accessories,2,156.89,0.05,Email,US,control
ORD-003484,2023-09-27,CUST-01359,cust-01359@lumenmail.com,Lighting,3,170.27,0.0,Paid Search,US,variant
ORD-008052,2023-12-14,,guest@lumenmail.com,Accessories,1,89.16,0.0,Organic,ZZ,
ORD-004811,2023-12-09,CUST-01024,cust-01024@lumenmail.com,Lighting,3,614.95,0.0,Paid Search,UK,variant
ORD-004381,2023-10-17,CUST-02053,cust-02053@lumenmail.com,Furniture,2,188.84,0.0,Social,US,
ORD-003613,2023-12-23,CUST-00099,cust-00099@lumenmail.com,Outdoor,5,280.31,0.1,Paid Search,CA,variant
ORD-002539,2024-02-20,CUST-00412,cust-00412@lumenmail.com,Décor,2,165.35,0.0,Paid Search,US,variant
ORD-002920,2024-12-14,CUST-00884,cust-00884@lumenmail.com,Outdoor,1,151.05,0.05,Email,US,variant
ORD-004043,2024-10-09,CUST-00594,cust-00594@lumenmail.com,Lighting,1,178.38,0.0,Organic,US,variant
ORD-007552,2024-06-27,CUST-02156,cust-02156@lumenmail.com,Accessories,1,43.3,0.0,Social,US,
ORD-007828,2024-05-10,CUST-02017,cust-02017@lumenmail.com,Décor,2,77.01,0.0,Paid Search,CA,
ORD-006468,2023-12-27,CUST-01743,cust-01743@lumenmail.com,Décor,4,59.13,0.1,Email,US,variant
ORD-009408,2024-05-26,CUST-01474,cust-01474@lumenmail.com,Décor,1,7.4,0.0,,US,
ORD-004156,2024-09-27,CUST-02711,cust-02711@lumenmail.com,Furniture,1,125.68,0.05,Organic,US,variant
ORD-009000,2024-04-09,CUST-00936,cust-00936@lumenmail.com,Lighting,1,81.45,0.0,Paid Search,CA,
ORD-004932,2024-08-02,CUST-02110,cust-02110@lumenmail.com,Décor,1,128.75,0.0,Paid Search,UK,control
ORD-005437,2024-05-13,CUST-01059,cust-01059@lumenmail.com,Outdoor,1,79.53,0.05,Paid Search,UK,control
ORD-002037,2024-06-29,CUST-01652,cust-01652@lumenmail.com,Décor,1,306.16,0.05,Organic,CA,variant
ORD-002929,2024-10-16,CUST-02255,cust-02255@lumenmail.com,Furniture,4,12.68,0.0,Email,UK,variant
ORD-000137,2024-07-04,CUST-00590,cust-00590@lumenmail.com,Décor,1,38.86,0.15,Email,US,variant
ORD-004875,17/11/2024,CUST-01390,cust-01390@lumenmail.com,Furniture,3,91.52,0.0,Organic,UK,variant
ORD-005785,2023-09-14,CUST-00874,cust-00874@lumenmail.com,Outdoor,3,184.2,0.0,Social,UK,
ORD-000598,2024-09-23,CUST-00926,cust-00926@lumenmail.com,Accessories,1,163.37,0.1,Organic,AU,variant
ORD-007087,2024-08-01,CUST-00731,cust-00731@lumenmail.com,Furniture,1,724.8,0.15,Paid Search,UK,control
ORD-005210,2023-08-21,CUST-01637,cust-01637@lumenmail.com,Lighting,1,360.13,0.05,Organic,US,
ORD-004577,2024-12-14,CUST-02317,cust-02317@lumenmail.com,Décor,1,74.42,0.0,,US,control
ORD-005312,2023-11-11,CUST-02892,cust-02892@lumenmail.com,Accessories,2,94.24,0.05,Paid Search,US,control
ORD-004698,2023-08-18,CUST-01076,cust-01076@lumenmail.com,Furniture,1,167.56,0.0,Paid Search,US,
ORD-001581,2024-08-31,CUST-01429,cust-01429@lumenmail.com,Décor,1,16.42,0.1,Paid Search,ZZ,control
ORD-005791,2024-03-15,CUST-01076,cust-01076@lumenmail.com,Lighting,3,23.89,0.0,Email,US,
ORD-002130,2024-06-20,CUST-00890,cust-00890@lumenmail.com,Accessories,1,8.98,0.1,Email,US,control
ORD-000644,2024-01-17,CUST-00138,cust-00138@lumenmail.com,Lighting,1,39.92,0.0,Social,US,control
ORD-007234,2023-07-27,CUST-02718,cust-02718@lumenmail.com,Lighting,1,18.29,0.0,Organic,US,variant
ORD-003096,2024-05-25,CUST-02638,cust-02638@lumenmail.com,Lighting,2,21.11,0.05,Email,US,variant
ORD-001879,2024-12-14,CUST-01985,cust-01985@lumenmail.com,Furniture,1,513.99,0.15,Paid Search,US,control
ORD-003087,2024-06-06,CUST-01144,cust-01144@lumenmail.com,Furniture,1,359.33,0.05,Organic,US,control
ORD-001267,2023-10-24,CUST-02917,cust-02917@lumenmail.com,Accessories,1,20.76,0.1,Email,UK,variant
ORD-000863,2024-03-09,CUST-00486,cust-00486@lumenmail.com,Décor,1,212.05,0.0,Email,AU,variant
ORD-002875,2024-08-28,CUST-01521,cust-01521@lumenmail.com,Lighting,1,272.62,0.0,Email,AU,
ORD-005035,2023-11-15,CUST-01027,cust-01027@lumenmail.com,Furniture,4,569.1,0.0,Email,CA,control
ORD-000693,2023-09-03,CUST-02119,cust-02119@lumenmail.com,Accessories,3,287.12,0.0,Email,US,variant
ORD-006528,15/12/2023,CUST-02329,cust-02329@lumenmail.com,Lighting,2,690.57,0.05,Social,US,
ORD-000680,2024-04-02,CUST-00290,cust-00290@lumenmail.com,Décor,3,308.39,0.15,Email,US,
ORD-004880,2024-05-11,CUST-00672,cust-00672@lumenmail.com,Lighting,2,90.89,0.0,Email,UK,variant
ORD-006013,2024-07-07,CUST-02673,cust-02673@lumenmail.com,Décor,1,7.53,0.0,Social,US,
ORD-007539,24/12/2024,CUST-02132,cust-02132@lumenmail.com,Décor,1,639.15,0.1,Email,AU,
ORD-007564,07/04/2024,CUST-01587,cust-01587@lumenmail.com,Accessories,1,344.62,0.15,Email,US,
ORD-005589,2024-07-02,CUST-02734,cust-02734@lumenmail.com,Décor,4,80.88,0.1,,US,
ORD-003257,2024-09-04,CUST-02239,cust-02239@lumenmail.com,Lighting,1,37.84,0.05,Paid Search,US,control
ORD-005131,2023-11-08,CUST-00377,cust-00377@lumenmail.com,Décor,1,125.11,0.05,Social,UK,control
ORD-005403,2024-01-08,CUST-01648,cust-01648@lumenmail.com,Décor,1,18.36,0.0,Paid Search,US,control
ORD-000873,2024-03-01,CUST-00670,cust-00670@lumenmail.com,Furniture,4,17.25,0.15,Organic,CA,control
ORD-006174,2023-12-23,CUST-02821,cust-02821@lumenmail.com,Lighting,2,88.87,0.05,Email,US,
ORD-007407,01/07/2023,CUST-01134,cust-01134@lumenmail.com,Lighting,1,47.56,0.15,Paid Search,US,
ORD-007742,13/04/2024,CUST-02035,cust-02035@lumenmail.com,Outdoor,2,59.62,0.0,Paid Search,US,control
ORD-000666,15/11/2023,CUST-00688,cust-00688@lumenmail.com,Décor,4,45.83,0.05,Organic,US,variant
ORD-002957,2024-06-11,CUST-02017,cust-02017@lumenmail.com,Lighting,1,39.21,0.05,Organic,CA,control
ORD-002780,01/07/2023,CUST-01869,cust-01869@lumenmail.com,Décor,3,174.27,0.1,Paid Search,US,
ORD-008267,2024-07-06,CUST-01891,cust-01891@lumenmail.com,Furniture,2,680.49,0.2,Paid Search,UK,variant
ORD-002738,21/11/2024,CUST-02491,cust-02491@lumenmail.com,Lighting,2,359.58,0.0,Paid Search,US,control
ORD-006577,2024-12-05,CUST-02592,cust-02592@lumenmail.com,Lighting,3,39.59,0.0,Social,US,
ORD-008133,2024-05-27,CUST-02494,cust-02494@lumenmail.com,Lighting,1,374.05,0.0,Paid Search,UK,control
ORD-002698,2023-08-23,CUST-00475,cust-00475@lumenmail.com,Lighting,1,15.35,0.0,Organic,US,
ORD-007264,2024-06-02,CUST-02678,cust-02678@lumenmail.com,Lighting,5,61.89,0.1,Email,US,
ORD-005007,2023-08-18,CUST-01462,cust-01462@lumenmail.com,Outdoor,3,109.4,0.05,Email,US,variant
ORD-007567,02/04/2024,CUST-02504,cust-02504@lumenmail.com,Outdoor,1,74.98,0.15,Organic,US,
ORD-001820,2023-12-19,CUST-00049,cust-00049@lumenmail.com,Accessories,1,95.56,0.0,Email,US,variant
ORD-002057,03/06/2024,CUST-00309,cust-00309@lumenmail.com,Furniture,2,6.25,0.15,Social,US,
ORD-003419,2023-10-17,CUST-00548,cust-00548@lumenmail.com,Outdoor,1,9.22,0.0,Email,US,control
ORD-004394,2024-02-19,CUST-02481,cust-02481@lumenmail.com,Accessories,4,9.2,0.05,Email,AU,control
ORD-006917,2023-09-05,CUST-00731,cust-00731@lumenmail.com,Lighting,2,363.86,0.0,Email,UK,variant
ORD-009373,2024-03-09,CUST-00424,cust-00424@lumenmail.com,Lighting,2,118.02,0.0,Organic,US,
ORD-004159,2023-09-01,CUST-01564,cust-01564@lumenmail.com,Décor,1,133.51,0.15,Organic,CA,variant
ORD-009358,23/09/2023,CUST-02128,cust-02128@lumenmail.com,Décor,1,160.6,0.0,Email,US,
ORD-001347,2024-10-08,CUST-00174,cust-00174@lumenmail.com,Décor,1,59.08,0.0,Email,US,control
ORD-003071,2024-01-14,CUST-01343,cust-01343@lumenmail.com,Décor,7,180.54,0.05,Organic,US,
ORD-004560,2024-01-10,CUST-00889,cust-00889@lumenmail.com,Furniture,2,196.79,0.1,Paid Search,US,variant
ORD-003016,2024-01-31,,guest@lumenmail.com,Lighting,3,80.62,0.05,Organic,US,
ORD-001323,2024-04-05,CUST-00207,cust-00207@lumenmail.com,Furniture,1,55.83,0.0,Email,US,control
ORD-003045,2023-10-26,CUST-00575,cust-00575@lumenmail.com,Furniture,-2,52.13,0.0,Paid Search,US,variant
ORD-005561,06/11/2024,CUST-02081,cust-02081@lumenmail.com,Accessories,2,18.53,0.0,Email,US,control
ORD-008263,2023-10-22,CUST-00487,cust-00487@lumenmail.com,Lighting,2,74.29,0.0,Paid Search,US,
ORD-001149,2024-06-20,CUST-01826,cust-01826@lumenmail.com,Furniture,4,60.66,0.15,Organic,US,control
ORD-001179,2024-10-27,CUST-02287,cust-02287@lumenmail.com,Décor,1,43.35,0.0,Social,CA,
ORD-003029,2023-12-30,CUST-00583,cust-00583@lumenmail.com,Furniture,4,63.64,0.0,Organic,US,
ORD-009007,2024-08-17,CUST-02733,cust-02733@lumenmail.com,Furniture,1,427.28,0.0,Social,CA,variant
ORD-001182,26/09/2024,CUST-01127,cust-01127@lumenmail.com,Décor,1,381.49,0.15,Paid Search,US,
ORD-007563,2023-11-16,CUST-01295,cust-01295@lumenmail.com,Lighting,1,15.54,0.05,Paid Search,US,control
ORD-004231,2023-10-01,CUST-00307,cust-00307@lumenmail.com,Décor,1,91.96,0.0,Email,US,variant
ORD-007709,2024-08-01,CUST-02167,cust-02167@lumenmail.com,Lighting,2,7.72,0.05,Paid Search,US,
ORD-007642,2024-07-13,,guest@lumenmail.com,Outdoor,3,300.41,0.0,Paid Search,CA,control
ORD-008591,01/01/2024,CUST-01327,cust-01327@lumenmail.com,Lighting,2,36.8,0.15,Organic,CA,
ORD-008420,2023-11-28,CUST-01105,cust-01105@lumenmail.com,Lighting,4,6.92,0.0,Paid Search,UK,variant
ORD-005472,2024-09-30,CUST-01250,cust-01250@lumenmail.com,Décor,-1,616.92,0.15,Organic,US,
ORD-007357,2024-06-13,,guest@lumenmail.com,Lighting,2,91.49,0.1,,CA,variant
ORD-001690,2023-09-24,,guest@lumenmail.com,Outdoor,1,5.21,0.1,Social,US,control
ORD-005830,21/07/2024,CUST-01552,cust-01552@lumenmail.com,Décor,3,49.15,0.0,Email,ZZ,control
ORD-007960,2023-08-03,,guest@lumenmail.com,Lighting,2,27.24,0.0,,US,variant
ORD-008400,2024-06-30,CUST-00065,cust-00065@lumenmail.com,Lighting,1,12.44,0.05,Paid Search,US,
ORD-000435,2024-12-19,CUST-01071,cust-01071@lumenmail.com,Outdoor,1,8.63,0.1,,CA,
ORD-003360,2024-02-15,CUST-00167,cust-00167@lumenmail.com,Outdoor,2,260.26,0.2,Organic,CA,
ORD-000148,2023-06-06,CUST-01139,cust-01139@lumenmail.com,Lighting,1,138.12,0.15,Email,US,control
ORD-003904,2023-06-12,CUST-02592,cust-02592@lumenmail.com,Lighting,3,63.62,0.1,Email,US,control
ORD-009378,2023-11-27,CUST-01865,cust-01865@lumenmail.com,Lighting,3,259.98,0.0,Email,US,variant
ORD-004408,29/06/2023,CUST-01682,cust-01682@lumenmail.com,Décor,6,164.77,0.0,Organic,ZZ,variant
ORD-004478,2023-11-11,CUST-00088,cust-00088@lumenmail.com,Décor,-5,20.75,0.0,Paid Search,UK,control
ORD-009433,2024-04-14,CUST-01741,cust-01741@lumenmail.com,Décor,4,96.44,0.0,Paid Search,CA,
ORD-004413,2024-05-06,CUST-00374,cust-00374@lumenmail.com,Outdoor,1,91.5,0.1,Email,US,variant
ORD-008383,2023-07-14,CUST-01239,cust-01239@lumenmail.com,Décor,1,6.76,0.0,Organic,US,variant
ORD-001203,23/06/2024,CUST-00185,cust-00185@lumenmail.com,Furniture,1,26.9,0.0,Email,US,variant
ORD-000328,2023-10-16,CUST-01463,cust-01463@lumenmail.com,Furniture,3,40.4,0.2,Paid Search,UK,control
ORD-003801,2024-02-03,CUST-00718,cust-00718@lumenmail.com,Furniture,1,232.34,0.1,Paid Search,US,control
ORD-000368,2023-11-09,CUST-01938,cust-01938@lumenmail.com,Furniture,1,23.62,0.0,,US,
ORD-004028,2023-08-28,CUST-00747,cust-00747@lumenmail.com,Outdoor,3,250.76,0.15,Social,UK,control
ORD-007358,2023-10-08,,guest@lumenmail.com,Décor,4,12.7,0.1,Paid Search,US,
ORD-000781,2024-02-06,CUST-00737,cust-00737@lumenmail.com,Lighting,1,23.31,0.1,Email,US,control
ORD-000317,2024-03-14,CUST-00735,cust-00735@lumenmail.com,Lighting,2,294.8,0.0,Email,US,variant
ORD-003184,2024-11-19,CUST-02942,cust-02942@lumenmail.com,Lighting,3,42.24,0.1,Paid Search,US,
ORD-007249,2023-09-25,CUST-02136,cust-02136@lumenmail.com,Furniture,2,45.88,0.1,Email,UK,
ORD-005576,2023-08-27,CUST-01635,cust-01635@lumenmail.com,Lighting,3,129.01,0.2,Social,US,
ORD-007459,2024-01-13,CUST-01952,cust-01952@lumenmail.com,Décor,4,42.35,0.0,Organic,US,
ORD-006569,2024-03-20,CUST-00386,cust-00386@lumenmail.com,Lighting,5,12.14,0.05,Email,US,control
ORD-008016,30/08/2023,CUST-00510,cust-00510@lumenmail.com,Lighting,1,55.51,0.0,Organic,US,variant
ORD-004450,2024-04-22,CUST-01966,cust-01966@lumenmail.com,Accessories,1,157.27,0.0,Paid Search,ZZ,
ORD-008453,2024-07-10,CUST-01991,cust-01991@lumenmail.com,Lighting,2,152.87,0.0,Organic,AU,control
ORD-009030,03/06/2023,CUST-00656,cust-00656@lumenmail.com,Lighting,1,42.48,0.0,Organic,US,variant
ORD-005193,2024-09-02,CUST-02655,cust-02655@lumenmail.com,Lighting,1,59.49,0.05,Email,US,
ORD-004370,2024-04-16,CUST-00954,cust-00954@lumenmail.com,Lighting,3,73.18,0.0,Paid Search,UK,control
ORD-003068,2024-10-25,CUST-01185,cust-01185@lumenmail.com,Lighting,1,68.82,0.05,Paid Search,US,
ORD-001406,2024-11-13,CUST-01623,cust-01623@lumenmail.com,Décor,-1,41.62,0.1,Organic,CA,
ORD-002491,2024-08-13,CUST-01249,cust-01249@lumenmail.com,Lighting,1,71.56,0.1,Email,US,variant
ORD-007125,2023-10-09,CUST-00736,cust-00736@lumenmail.com,Furniture,1,311.52,0.05,Social,UK,variant
ORD-002226,2024-11-24,CUST-00258,cust-00258@lumenmail.com,Lighting,1,234.89,0.05,Paid Search,CA,control
ORD-003618,2024-11-21,CUST-00487,cust-00487@lumenmail.com,Lighting,1,42.57,0.05,Social,US,control
ORD-005023,2024-06-04,CUST-00205,cust-00205@lumenmail.com,Furniture,1,131.39,0.0,Organic,US,
ORD-003709,2024-10-04,CUST-00578,cust-00578@lumenmail.com,Accessories,1,697.96,0.2,Organic,US,
ORD-004113,2024-02-05,CUST-01833,cust-01833@lumenmail.com,Accessories,5,11.0,0.0,Organic,US,control
ORD-003989,2024-08-21,CUST-01415,cust-01415@lumenmail.com,Lighting,4,120.93,0.1,Social,US,variant
ORD-009165,2024-07-19,CUST-02707,cust-02707@lumenmail.com,Outdoor,1,27.91,0.0,,CA,variant
ORD-008214,2024-04-22,CUST-01603,cust-01603@lumenmail.com,Décor,1,9.38,0.15,Organic,ZZ,
ORD-000764,2023-09-17,CUST-02006,cust-02006@lumenmail.com,Décor,2,53.39,0.2,Email,CA,
ORD-004126,2024-08-19,CUST-00472,cust-00472@lumenmail.com,Décor,4,82.86,0.2,Email,CA,control
ORD-005288,2023-11-27,CUST-01692,cust-01692@lumenmail.com,Lighting,1,38.45,0.0,Organic,US,
ORD-008463,21/11/2024,CUST-00369,cust-00369@lumenmail.com,Décor,1,76.47,0.15,Social,US,control
ORD-007710,2024-10-14,CUST-01521,cust-01521@lumenmail.com,Lighting,2,162.76,0.1,,US,control
ORD-000107,2024-11-11,CUST-01733,cust-01733@lumenmail.com,Décor,1,306.76,0.1,Paid Search,US,
ORD-009104,2024-03-26,CUST-02519,cust-02519@lumenmail.com,Décor,1,55.95,0.0,,UK,control
ORD-009218,03/06/2023,CUST-01084,cust-01084@lumenmail.com,Furniture,1,97.33,0.2,Paid Search,US,variant
ORD-006887,2024-05-08,CUST-02124,cust-02124@lumenmail.com,Lighting,6,548.3,0.25,Social,US,
ORD-003703,2024-05-06,CUST-01337,cust-01337@lumenmail.com,Lighting,3,264.02,0.0,Paid Search,UK,control
ORD-003757,28/06/2024,CUST-00404,cust-00404@lumenmail.com,Décor,7,643.87,0.1,Organic,US,
ORD-005954,2024-02-07,CUST-00460,cust-00460@lumenmail.com,Lighting,2,21.87,0.05,Email,US,
ORD-006958,2023-09-12,CUST-01355,cust-01355@lumenmail.com,Furniture,2,39.11,0.1,Paid Search,CA,control
ORD-001200,2024-09-28,CUST-00529,cust-00529@lumenmail.com,Décor,-2,66.55,0.15,Organic,US,control
ORD-004059,2024-11-04,CUST-00236,cust-00236@lumenmail.com,Décor,4,33.1,0.1,Paid Search,UK,
ORD-005076,2024-07-18,CUST-00558,cust-00558@lumenmail.com,Décor,2,80.53,0.1,Organic,US,
ORD-006869,2024-08-22,CUST-02542,cust-02542@lumenmail.com,Lighting,1,700.04,0.0,Paid Search,CA,
ORD-003101,2023-08-29,CUST-00147,cust-00147@lumenmail.com,Lighting,1,374.71,0.1,Email,CA,control
ORD-008720,2024-07-30,CUST-01229,cust-01229@lumenmail.com,Furniture,2,42.55,0.0,Email,UK,control
ORD-000486,2024-10-25,CUST-01890,cust-01890@lumenmail.com,Décor,4,287.21,0.05,Social,US,
ORD-008187,2024-08-13,CUST-02499,cust-02499@lumenmail.com,Décor,3,37.37,0.0,Email,UK,
ORD-001391,01/03/2024,CUST-02893,cust-02893@lumenmail.com,Lighting,1,673.94,0.05,Email,UK,variant
ORD-008017,13/12/2023,CUST-00346,cust-00346@lumenmail.com,Furniture,1,392.96,0.15,Paid Search,US,variant
ORD-002986,2024-01-08,CUST-01393,cust-01393@lumenmail.com,Accessories,1,168.08,0.2,Paid Search,US,control
ORD-000398,2024-11-11,CUST-01048,cust-01048@lumenmail.com,Furniture,2,139.55,0.25,Paid Search,US,variant
ORD-005049,2024-04-05,CUST-01933,cust-01933@lumenmail.com,Lighting,1,168.7,0.0,Paid Search,US,variant
ORD-001993,2024-12-22,CUST-00720,cust-00720@lumenmail.com,Outdoor,1,39.71,0.0,Email,US,variant
ORD-009326,14/02/2024,CUST-02016,cust-02016@lumenmail.com,Outdoor,1,94.26,0.1,Social,US,control
ORD-008859,2024-10-22,CUST-01842,cust-01842@lumenmail.com,Décor,7,88.93,0.2,Organic,US,variant
ORD-007290,2024-02-25,CUST-02163,cust-02163@lumenmail.com,Lighting,7,307.52,0.25,,US,
ORD-003751,2024-02-16,CUST-02059,cust-02059@lumenmail.com,Lighting,1,54.2,0.0,Organic,US,
ORD-008764,2024-07-12,CUST-02529,cust-02529@lumenmail.com,Furniture,2,87.23,0.0,Paid Search,US,
ORD-006197,2023-06-15,CUST-01375,cust-01375@lumenmail.com,Lighting,1,46.59,0.15,,UK,
ORD-004075,2024-02-22,CUST-01155,cust-01155@lumenmail.com,Décor,1,15.59,0.0,Paid Search,US,control
ORD-005056,2024-08-13,,guest@lumenmail.com,Furniture,3,630.83,0.0,Organic,AU,control
ORD-005569,2023-08-02,CUST-02573,cust-02573@lumenmail.com,Lighting,1,43.66,0.0,Paid Search,US,control
ORD-004660,2024-12-02,,guest@lumenmail.com,Décor,2,70.93,0.05,Email,US,
ORD-002413,2023-11-24,CUST-01882,cust-01882@lumenmail.com,Décor,1,217.03,0.05,Social,US,
ORD-004744,2024-02-05,CUST-00700,cust-00700@lumenmail.com,Furniture,5,49.21,0.15,Organic,US,control
ORD-006238,18/07/2024,CUST-01700,cust-01700@lumenmail.com,Lighting,2,110.11,0.0,Organic,US,variant
ORD-007570,29/12/2024,CUST-02404,cust-02404@lumenmail.com,Décor,2,728.37,0.0,Social,US,variant
ORD-005038,2024-07-17,CUST-01586,cust-01586@lumenmail.com,Lighting,1,48.28,0.0,Social,US,
ORD-008583,2023-09-27,CUST-02332,cust-02332@lumenmail.com,Lighting,1,355.0,0.05,,US,
ORD-006284,2024-12-04,CUST-02788,cust-02788@lumenmail.com,Furniture,1,521.6,0.2,Paid Search,US,
ORD-006503,2024-01-24,CUST-00183,cust-00183@lumenmail.com,Décor,3,35.41,0.0,Email,CA,control
ORD-001230,27/11/2024,CUST-00423,cust-00423@lumenmail.com,Outdoor,3,162.27,0.15,Email,US,
ORD-002364,2023-12-25,CUST-00807,cust-00807@lumenmail.com,Accessories,1,124.74,0.1,Social,US,control
ORD-007801,2023-08-23,CUST-01319,cust-01319@lumenmail.com,Lighting,4,13.93,0.2,Paid Search,US,
ORD-006629,2024-09-16,CUST-01771,cust-01771@lumenmail.com,Décor,1,107.42,0.0,Organic,US,variant
ORD-000803,07/08/2023,CUST-01710,cust-01710@lumenmail.com,Lighting,1,165.9,0.0,Email,US,
ORD-002403,2024-11-17,CUST-02745,cust-02745@lumenmail.com,Lighting,2,686.28,0.15,Social,CA,control
ORD-006651,2024-10-18,CUST-00738,cust-00738@lumenmail.com,Lighting,3,93.73,0.05,Paid Search,US,
ORD-004902,2023-12-20,CUST-01039,cust-01039@lumenmail.com,Furniture,1,52.75,0.0,Paid Search,ZZ,variant
ORD-001990,2024-10-30,CUST-02285,cust-02285@lumenmail.com,Outdoor,1,122.83,0.15,Organic,CA,variant
ORD-005315,2023-10-09,CUST-01701,cust-01701@lumenmail.com,Décor,5,22.14,0.1,Organic,CA,control
ORD-003259,2024-09-24,CUST-01049,cust-01049@lumenmail.com,Lighting,1,99.04,0.0,Paid Search,US,
ORD-001484,2024-10-24,CUST-01317,cust-01317@lumenmail.com,Outdoor,6,339.09,0.15,Social,US,
ORD-006846,2024-11-20,CUST-02804,cust-02804@lumenmail.com,Furniture,7,85.31,0.0,Paid Search,CA,
ORD-000743,01/11/2023,,guest@lumenmail.com,Furniture,1,83.71,0.1,Paid Search,US,variant
ORD-006096,2023-09-17,CUST-00840,cust-00840@lumenmail.com,Lighting,1,379.75,0.1,Organic,US,
ORD-009331,2023-10-10,CUST-01711,cust-01711@lumenmail.com,Furniture,4,369.97,0.05,Paid Search,CA,
ORD-004335,16/09/2024,CUST-00487,cust-00487@lumenmail.com,Furniture,2,292.43,0.1,Paid Search,US,variant
ORD-009168,21/12/2023,CUST-02332,cust-02332@lumenmail.com,Lighting,1,26.44,0.0,Email,US,
ORD-003204,2024-09-26,CUST-01483,cust-01483@lumenmail.com,Lighting,1,65.26,0.05,,US,
ORD-003078,2024-01-10,,guest@lumenmail.com,Furniture,1,49.67,0.0,Organic,AU,control
ORD-003474,09/08/2024,CUST-01626,cust-01626@lumenmail.com,Décor,3,391.66,0.05,Organic,UK,variant
ORD-004058,2023-07-12,CUST-02252,cust-02252@lumenmail.com,Lighting,1,385.1,0.05,Paid Search,US,variant
ORD-008532,2023-06-03,CUST-01240,cust-01240@lumenmail.com,Accessories,2,0.0,0.0,Paid Search,US,variant
ORD-006620,2024-07-12,CUST-01198,cust-01198@lumenmail.com,Décor,1,23.95,0.0,Paid Search,CA,
ORD-003406,2023-09-12,CUST-02937,cust-02937@lumenmail.com,Lighting,2,135.86,0.05,Paid Search,US,control
ORD-003528,03/08/2023,CUST-00478,cust-00478@lumenmail.com,Lighting,4,424.46,0.1,Paid Search,US,
ORD-000563,2024-01-26,CUST-00404,cust-00404@lumenmail.com,Outdoor,2,383.93,0.1,Paid Search,US,
ORD-006753,2024-02-05,CUST-02312,cust-02312@lumenmail.com,Accessories,5,10.46,0.0,Organic,US,control
ORD-002936,2024-10-07,,guest@lumenmail.com,Furniture,1,71.77,0.0,Social,UK,control
ORD-008461,2023-12-23,,guest@lumenmail.com,Décor,1,552.06,0.0,Organic,US,variant
ORD-001531,2024-12-18,CUST-02888,cust-02888@lumenmail.com,Lighting,3,51.4,0.0,Social,CA,
ORD-003193,2024-10-08,CUST-00004,cust-00004@lumenmail.com,Accessories,7,11.75,0.2,,CA,control
ORD-006859,2024-07-31,CUST-00778,cust-00778@lumenmail.com,Furniture,1,19.92,0.25,Social,US,variant
ORD-006041,2024-04-10,CUST-02236,cust-02236@lumenmail.com,Lighting,3,107.29,0.15,Organic,US,control
ORD-001872,2024-02-27,CUST-01490,cust-01490@lumenmail.com,Décor,1,35.57,0.0,Paid Search,UK,variant
ORD-006833,2023-10-19,CUST-02115,cust-02115@lumenmail.com,Décor,2,196.44,0.2,Paid Search,US,control
ORD-001473,2024-03-16,CUST-01873,cust-01873@lumenmail.com,Lighting,5,91.75,0.15,Email,UK,control
ORD-008414,2024-12-25,CUST-02525,cust-02525@lumenmail.com,Décor,1,365.33,0.0,Organic,US,variant
ORD-002029,2023-07-23,CUST-02578,cust-02578@lumenmail.com,Accessories,1,81.81,0.0,Organic,US,variant
ORD-008935,28/10/2023,,guest@lumenmail.com,Outdoor,1,273.47,0.0,Email,US,
ORD-007910,27/11/2024,CUST-00213,cust-00213@lumenmail.com,Décor,5,358.77,0.0,Social,US,control
ORD-004959,2024-11-17,CUST-01627,cust-01627@lumenmail.com,Lighting,2,68.13,0.0,Email,US,
ORD-006000,11/12/2024,CUST-00981,cust-00981@lumenmail.com,Décor,6,77.64,0.1,Organic,ZZ,
ORD-000162,2024-04-08,CUST-02048,cust-02048@lumenmail.com,Lighting,2,148.69,0.0,,UK,
ORD-006319,2023-06-28,CUST-01230,cust-01230@lumenmail.com,Furniture,3,69.66,0.05,Organic,UK,control
ORD-002946,03/06/2024,CUST-01023,cust-01023@lumenmail.com,Furniture,1,15.76,0.0,Email,US,control
ORD-006446,2024-09-27,CUST-01306,cust-01306@lumenmail.com,Lighting,1,94.92,0.2,Email,US,variant
ORD-001177,2023-12-03,CUST-02869,cust-02869@lumenmail.com,Lighting,1,59.6,0.1,Organic,CA,control
ORD-000521,2024-07-01,CUST-01144,cust-01144@lumenmail.com,Décor,1,40.01,0.2,Email,US,control
ORD-002406,2024-11-14,CUST-01207,cust-01207@lumenmail.com,Furniture,1,35.38,0.1,Social,US,
ORD-002427,2024-09-13,CUST-02116,cust-02116@lumenmail.com,Outdoor,4,325.4,0.0,Organic,AU,control
ORD-005383,2023-06-24,CUST-01732,cust-01732@lumenmail.com,Outdoor,1,46.59,0.2,Organic,AU,variant
ORD-006954,2024-02-26,CUST-02729,cust-02729@lumenmail.com,Furniture,3,182.34,0.0,Email,US,
ORD-005276,2024-01-01,CUST-01711,cust-01711@lumenmail.com,Lighting,2,93.39,0.0,Paid Search,US,variant
ORD-004670,2023-12-15,CUST-00260,cust-00260@lumenmail.com,Accessories,2,389.35,0.0,Paid Search,US,control
ORD-002424,2024-07-13,CUST-01250,cust-01250@lumenmail.com,Furniture,2,11.74,0.0,Paid Search,US,variant
ORD-002980,01/12/2024,CUST-01869,cust-01869@lumenmail.com,Décor,1,27.87,0.05,Social,CA,variant
ORD-004210,17/10/2024,CUST-02243,cust-02243@lumenmail.com,Décor,1,41.2,0.1,Email,US,
ORD-008179,2024-11-08,CUST-01986,cust-01986@lumenmail.com,Décor,1,15.49,0.05,Paid Search,US,control
ORD-004452,2024-03-12,CUST-01678,cust-01678@lumenmail.com,Accessories,3,14.92,0.1,Social,US,
ORD-009085,07/08/2023,CUST-02741,cust-02741@lumenmail.com,Décor,3,93.93,0.15,Email,US,control
ORD-006004,2023-10-10,CUST-00378,cust-00378@lumenmail.com,Lighting,3,104.22,0.0,Email,US,control
ORD-001047,2024-11-19,CUST-02032,cust-02032@lumenmail.com,Décor,2,43.41,0.0,Email,US,
ORD-007397,2024-10-22,CUST-02742,cust-02742@lumenmail.com,Accessories,2,84.86,0.15,Social,US,
ORD-000942,2024-12-21,CUST-00767,cust-00767@lumenmail.com,Furniture,4,62.03,0.0,Paid Search,US,control
ORD-004353,2024-08-04,CUST-00751,cust-00751@lumenmail.com,Accessories,1,297.99,0.15,Paid Search,UK,
ORD-006698,29/10/2024,CUST-00441,cust-00441@lumenmail.com,Furniture,1,21.46,0.2,Paid Search,UK,
ORD-000691,2024-06-28,CUST-00172,cust-00172@lumenmail.com,Outdoor,1,59.04,0.1,Email,US,variant
ORD-007269,2023-12-05,CUST-01512,cust-01512@lumenmail.com,Lighting,-1,61.43,0.0,Organic,CA,variant
ORD-007403,2023-11-18,CUST-00750,cust-00750@lumenmail.com,Lighting,2,38.67,0.0,Paid Search,US,
ORD-005304,2024-10-11,CUST-01830,cust-01830@lumenmail.com,Furniture,3,53.42,0.0,Paid Search,US,variant
ORD-006417,2024-01-09,CUST-01437,cust-01437@lumenmail.com,Furniture,1,77.36,0.2,Paid Search,US,variant
ORD-008431,2024-05-08,CUST-00329,cust-00329@lumenmail.com,Outdoor,1,217.23,0.0,Organic,US,control
ORD-008569,2023-10-13,CUST-02686,cust-02686@lumenmail.com,Furniture,1,24.58,0.05,Email,US,
ORD-008791,2023-07-08,,guest@lumenmail.com,Outdoor,2,362.16,0.15,Paid Search,CA,
ORD-007075,2024-08-15,CUST-00060,cust-00060@lumenmail.com,Outdoor,2,6.03,0.05,Paid Search,CA,
ORD-008658,2023-12-10,CUST-01768,cust-01768@lumenmail.com,Outdoor,1,48.88,0.05,Paid Search,US,
ORD-006578,2023-08-14,CUST-02735,cust-02735@lumenmail.com,Lighting,1,186.51,0.0,Email,US,variant
ORD-009282,2023-08-12,CUST-02706,cust-02706@lumenmail.com,Lighting,1,39.56,0.0,Organic,US,control
ORD-006018,2024-04-09,CUST-00568,cust-00568@lumenmail.com,Lighting,1,174.43,0.0,Paid Search,US,variant
ORD-007260,2024-03-10,CUST-01417,cust-01417@lumenmail.com,Accessories,2,83.09,0.1,Email,CA,
ORD-008011,2024-04-06,CUST-01524,cust-01524@lumenmail.com,Lighting,1,97.37,0.25,Email,CA,
ORD-009458,2023-10-29,CUST-02162,cust-02162@lumenmail.com,Lighting,5,45.03,0.15,Social,CA,control
ORD-006984,2023-08-01,,guest@lumenmail.com,Outdoor,1,12.96,0.0,Email,US,control
ORD-007117,2024-10-23,CUST-02628,cust-02628@lumenmail.com,Outdoor,1,337.81,0.2,Organic,US,variant
ORD-005919,2023-12-05,CUST-00549,cust-00549@lumenmail.com,Lighting,2,54.11,0.0,Paid Search,US,
ORD-005764,2023-06-04,CUST-01165,cust-01165@lumenmail.com,Accessories,1,42.96,0.25,Paid Search,US,variant
ORD-008140,,CUST-01324,cust-01324@lumenmail.com,Décor,3,33.08,0.0,,US,variant
ORD-002868,31/08/2024,CUST-00751,cust-00751@lumenmail.com,Lighting,2,91.79,0.0,Organic,US,
ORD-007220,2023-12-22,CUST-00849,cust-00849@lumenmail.com,Décor,3,5.77,0.15,Social,US,control
ORD-008069,2023-08-12,CUST-02065,cust-02065@lumenmail.com,Furniture,1,7.1,0.0,Organic,CA,control
ORD-007696,2024-01-06,CUST-02269,cust-02269@lumenmail.com,Outdoor,1,100.19,0.0,Email,CA,variant
ORD-007861,2024-04-12,CUST-01012,cust-01012@lumenmail.com,Décor,1,310.72,0.0,Email,UK,
ORD-002549,2023-11-02,CUST-02619,cust-02619@lumenmail.com,Lighting,1,752.9,0.0,Social,UK,
ORD-003464,2024-07-11,CUST-00628,cust-00628@lumenmail.com,Furniture,1,23.02,0.2,Email,CA,
ORD-001991,2024-05-13,CUST-00479,cust-00479@lumenmail.com,Furniture,1,59.98,0.0,Email,UK,
ORD-004814,2024-06-25,CUST-00972,cust-00972@lumenmail.com,Lighting,1,538.0,0.15,Paid Search,UK,variant
ORD-001452,2023-07-19,CUST-01502,cust-01502@lumenmail.com,Décor,1,27.17,0.1,Organic,CA,variant
ORD-004694,21/12/2024,CUST-02757,cust-02757@lumenmail.com,Accessories,-4,166.91,0.1,Paid Search,US,control
ORD-006182,2024-12-08,CUST-02213,cust-02213@lumenmail.com,Décor,3,17.19,0.0,Paid Search,UK,
ORD-005018,2024-11-23,CUST-01835,cust-01835@lumenmail.com,Furniture,5,179.21,0.05,Social,US,
ORD-000557,2023-07-08,CUST-01494,cust-01494@lumenmail.com,Lighting,1,141.16,0.05,Paid Search,US,
ORD-008826,2024-10-24,CUST-00983,cust-00983@lumenmail.com,Accessories,1,382.92,0.1,Paid Search,US,variant
ORD-004315,2024-05-01,CUST-02707,cust-02707@lumenmail.com,Furniture,1,135.13,0.1,Paid Search,US,
ORD-008042,01/08/2024,CUST-01575,cust-01575@lumenmail.com,Outdoor,4,313.05,0.0,Paid Search,ZZ,
ORD-007872,2023-11-10,CUST-01709,cust-01709@lumenmail.com,Lighting,2,222.12,0.2,Email,US,
ORD-005958,2024-02-26,CUST-01454,cust-01454@lumenmail.com,Lighting,1,6.13,0.05,Email,US,
ORD-005349,2024-02-01,CUST-00104,cust-00104@lumenmail.com,Décor,-1,58.33,0.15,Organic,US,control
ORD-002680,2023-10-15,CUST-00308,cust-00308@lumenmail.com,Décor,5,16.92,0.0,Paid Search,US,variant
ORD-005100,2024-08-27,CUST-01351,cust-01351@lumenmail.com,Outdoor,1,194.72,0.1,Email,US,control
ORD-003859,2024-03-06,CUST-01559,cust-01559@lumenmail.com,Lighting,3,41.73,0.15,,CA,variant
ORD-004257,2024-07-27,,guest@lumenmail.com,Outdoor,4,86.92,0.15,Email,CA,variant
ORD-000573,2023-07-24,CUST-02404,cust-02404@lumenmail.com,Lighting,4,23.81,0.05,Paid Search,CA,control
ORD-008182,2023-07-26,CUST-02272,cust-02272@lumenmail.com,Décor,2,82.55,0.0,Paid Search,ZZ,control
ORD-003769,2024-07-10,CUST-01256,cust-01256@lumenmail.com,Furniture,1,196.03,0.1,Organic,UK,control
ORD-002326,2023-07-17,CUST-01412,cust-01412@lumenmail.com,Lighting,2,576.52,0.0,Paid Search,US,control
ORD-006475,2024-12-23,CUST-00333,cust-00333@lumenmail.com,Furniture,1,465.27,0.0,Organic,US,control
ORD-006901,03/01/2024,CUST-02317,cust-02317@lumenmail.com,Furniture,1,756.73,0.1,Paid Search,US,
ORD-000156,2023-07-24,CUST-02674,cust-02674@lumenmail.com,Furniture,4,30.18,0.15,Organic,UK,control
ORD-005015,2024-02-10,CUST-01576,cust-01576@lumenmail.com,Lighting,2,399.83,0.05,Organic,CA,
ORD-002785,2023-09-07,CUST-02280,cust-02280@lumenmail.com,Décor,2,22.94,0.0,Paid Search,US,variant
ORD-001314,2024-04-02,CUST-00282,cust-00282@lumenmail.com,Accessories,1,9.57,0.0,Paid Search,US,variant
ORD-001046,2024-03-20,CUST-01348,cust-01348@lumenmail.com,Outdoor,4,96.87,0.05,Paid Search,US,
ORD-002421,2024-02-22,CUST-00766,cust-00766@lumenmail.com,Lighting,1,14.77,0.0,Organic,CA,control
ORD-000581,2024-02-07,CUST-02040,cust-02040@lumenmail.com,Furniture,2,219.48,0.05,Email,US,
ORD-009589,2023-11-04,CUST-01598,cust-01598@lumenmail.com,Lighting,2,200.73,0.15,Email,US,
ORD-001915,2024-01-19,CUST-01306,cust-01306@lumenmail.com,Outdoor,2,125.04,0.0,Paid Search,US,variant
ORD-008394,2023-08-31,CUST-00184,cust-00184@lumenmail.com,Furniture,2,45.11,0.0,Paid Search,US,
ORD-004809,2024-06-25,CUST-01165,cust-01165@lumenmail.com,Outdoor,2,7.5,0.0,Organic,AU,control
ORD-006692,2024-06-22,CUST-01682,cust-01682@lumenmail.com,Accessories,3,341.22,0.1,Paid Search,US,
ORD-000482,2024-04-11,CUST-01627,cust-01627@lumenmail.com,Lighting,1,167.53,0.05,Paid Search,UK,variant
ORD-008035,2023-12-09,CUST-01648,cust-01648@lumenmail.com,Décor,2,13.79,0.2,Paid Search,CA,control
ORD-008295,2023-12-20,CUST-02763,cust-02763@lumenmail.com,Furniture,1,132.06,0.0,Paid Search,US,
ORD-009069,12/05/2024,CUST-02472,cust-02472@lumenmail.com,Accessories,3,21.94,0.0,Organic,UK,control
ORD-005454,2024-01-18,CUST-02145,cust-02145@lumenmail.com,Furniture,7,537.99,0.1,Email,AU,
ORD-004904,2023-08-17,CUST-02522,cust-02522@lumenmail.com,Accessories,2,171.09,0.1,Organic,US,control
ORD-007803,2024-04-13,CUST-01153,cust-01153@lumenmail.com,Lighting,3,19.95,0.0,Paid Search,US,control
ORD-006271,2024-08-15,CUST-00606,cust-00606@lumenmail.com,Lighting,2,259.1,0.1,Email,US,control
ORD-008435,2023-10-08,CUST-02477,cust-02477@lumenmail.com,Lighting,2,547.43,0.05,Organic,US,variant
ORD-009450,2024-09-09,CUST-02641,cust-02641@lumenmail.com,Furniture,1,50.68,0.1,Paid Search,CA,
ORD-006773,2023-10-23,CUST-00293,cust-00293@lumenmail.com,Décor,4,105.73,0.25,Paid Search,US,
ORD-004261,2024-04-04,CUST-02425,cust-02425@lumenmail.com,Furniture,1,37.44,0.0,Social,US,variant
ORD-001326,2024-03-26,CUST-00570,cust-00570@lumenmail.com,Lighting,1,216.37,0.0,Paid Search,ZZ,control
ORD-000813,2024-06-02,CUST-00124,cust-00124@lumenmail.com,Accessories,5,114.24,0.0,Email,UK,variant
ORD-004939,2024-09-15,CUST-00931,cust-00931@lumenmail.com,Décor,3,76.33,0.0,Paid Search,US,
ORD-003183,2024-10-18,CUST-02537,cust-02537@lumenmail.com,Accessories,1,146.16,0.0,Paid Search,ZZ,
ORD-004609,2024-09-14,CUST-02956,cust-02956@lumenmail.com,Lighting,-1,33.93,0.15,Organic,ZZ,control
ORD-003149,2023-11-19,CUST-00586,cust-00586@lumenmail.com,Outdoor,1,22.0,0.0,Paid Search,US,
ORD-006758,2024-03-14,CUST-02671,cust-02671@lumenmail.com,Accessories,1,8.58,0.0,Email,UK,
ORD-007146,,CUST-02290,cust-02290@lumenmail.com,Furniture,1,84.01,0.0,Organic,US,
ORD-005325,2024-05-30,CUST-00058,cust-00058@lumenmail.com,Décor,4,75.57,0.15,Organic,US,control
ORD-001190,2023-07-17,CUST-01914,cust-01914@lumenmail.com,Furniture,6,33.31,0.0,Organic,US,control
ORD-003571,2023-09-24,CUST-02730,cust-02730@lumenmail.com,Furniture,7,28.6,0.05,Organic,US,control
ORD-002276,2023-12-09,CUST-00152,cust-00152@lumenmail.com,Décor,1,645.33,0.0,Email,AU,
ORD-006521,2024-07-06,CUST-02587,cust-02587@lumenmail.com,Lighting,1,312.72,0.0,Social,US,
ORD-000728,2023-12-04,CUST-02443,cust-02443@lumenmail.com,Lighting,2,91.63,0.0,Paid Search,US,control
ORD-000221,2024-01-26,CUST-00438,cust-00438@lumenmail.com,Lighting,2,60.81,0.0,Email,US,
ORD-000696,2024-02-14,,guest@lumenmail.com,Lighting,3,35.2,0.1,Email,UK,
ORD-003982,2023-08-14,CUST-01117,cust-01117@lumenmail.com,Décor,1,256.59,0.1,Organic,US,variant
ORD-008375,03/11/2024,CUST-01482,cust-01482@lumenmail.com,Lighting,1,264.48,0.0,Organic,UK,variant
ORD-002770,08/11/2024,CUST-01321,cust-01321@lumenmail.com,Décor,2,98.01,0.1,Email,UK,control
ORD-008925,2024-09-02,CUST-00875,cust-00875@lumenmail.com,Lighting,3,179.97,0.0,Email,AU,control
ORD-006604,2024-07-01,CUST-01893,cust-01893@lumenmail.com,Furniture,2,81.07,0.1,Organic,US,variant
ORD-005976,2023-06-08,CUST-01916,cust-01916@lumenmail.com,Décor,2,167.41,0.0,Organic,US,control
ORD-005994,2023-07-12,,guest@lumenmail.com,Lighting,5,176.98,0.0,Paid Search,US,variant
ORD-000477,2024-01-26,CUST-00774,cust-00774@lumenmail.com,Furniture,1,27.38,0.0,Email,CA,control
ORD-009492,2024-11-14,CUST-02591,cust-02591@lumenmail.com,Outdoor,5,147.71,0.1,Email,US,
ORD-004080,2024-06-07,CUST-01760,cust-01760@lumenmail.com,Outdoor,5,188.9,0.05,Email,US,
ORD-004155,2024-04-15,CUST-00033,cust-00033@lumenmail.com,Lighting,1,13.59,0.2,Paid Search,ZZ,
ORD-001309,2023-07-22,CUST-02444,cust-02444@lumenmail.com,Lighting,2,171.64,0.0,Email,US,variant
ORD-002492,2023-10-24,CUST-02861,cust-02861@lumenmail.com,Lighting,1,700.35,0.0,Paid Search,US,
ORD-005882,2024-05-22,CUST-02522,cust-02522@lumenmail.com,Accessories,1,38.88,0.15,Email,US,variant
ORD-004772,2023-07-26,CUST-01813,cust-01813@lumenmail.com,Décor,3,18.69,0.0,Email,US,variant
ORD-006168,2024-11-04,CUST-01039,cust-01039@lumenmail.com,Lighting,2,54.04,0.0,Paid Search,UK,control
ORD-002069,2024-03-18,,guest@lumenmail.com,Lighting,2,311.21,0.05,Organic,US,
ORD-006282,2024-09-06,CUST-00402,cust-00402@lumenmail.com,Lighting,-1,116.62,0.1,Organic,AU,variant
ORD-000164,2023-10-26,CUST-00115,cust-00115@lumenmail.com,Décor,1,777.0,0.15,Organic,US,
ORD-004399,2024-06-30,CUST-00154,cust-00154@lumenmail.com,Lighting,2,37.93,0.0,Social,US,
ORD-005773,2023-12-14,CUST-01761,cust-01761@lumenmail.com,Lighting,1,60.46,0.05,Social,US,variant
ORD-002696,2024-02-07,CUST-01715,cust-01715@lumenmail.com,Lighting,1,5.53,0.1,Email,UK,control
ORD-008329,2023-06-09,CUST-00626,cust-00626@lumenmail.com,Lighting,2,274.44,0.0,Social,CA,variant
ORD-004827,2023-07-02,CUST-02469,cust-02469@lumenmail.com,Furniture,5,459.7,0.15,Paid Search,AU,control
ORD-009483,01/12/2024,CUST-02753,cust-02753@lumenmail.com,Décor,3,134.4,0.1,Paid Search,US,control
ORD-001083,2023-11-14,,guest@lumenmail.com,Décor,2,589.19,0.05,,US,control
ORD-000931,03/08/2024,CUST-00637,cust-00637@lumenmail.com,Accessories,1,151.62,0.1,Social,US,
ORD-001758,2024-05-22,CUST-02732,cust-02732@lumenmail.com,Lighting,1,92.52,0.15,Email,US,control
ORD-000352,2024-09-15,CUST-02631,cust-02631@lumenmail.com,Décor,1,16.5,0.0,Paid Search,US,control
ORD-006847,2024-07-15,CUST-00256,cust-00256@lumenmail.com,Lighting,1,178.98,0.2,Paid Search,US,variant
ORD-006125,2024-11-14,CUST-00678,cust-00678@lumenmail.com,Furniture,1,600.86,0.0,Paid Search,CA,variant
ORD-006781,10/02/2024,CUST-01666,cust-01666@lumenmail.com,Outdoor,1,30.22,0.1,Email,US,
ORD-002523,2024-03-07,CUST-00660,cust-00660@lumenmail.com,Décor,2,43.2,0.25,Paid Search,US,
ORD-007840,2024-10-18,CUST-00250,cust-00250@lumenmail.com,Lighting,1,72.03,0.1,Email,AU,
ORD-001077,2024-07-22,CUST-01985,cust-01985@lumenmail.com,Lighting,3,109.79,0.0,Organic,US,
ORD-005006,2023-11-28,CUST-02677,cust-02677@lumenmail.com,Décor,3,48.01,0.15,Paid Search,US,control
ORD-000715,2023-09-14,CUST-02969,cust-02969@lumenmail.com,Accessories,1,344.81,0.05,Email,US,variant
ORD-000472,2024-12-23,CUST-01222,cust-01222@lumenmail.com,Lighting,1,67.89,0.25,Paid Search,US,variant
ORD-003165,2024-07-19,CUST-00827,cust-00827@lumenmail.com,Décor,1,68.62,0.2,Paid Search,US,
ORD-007255,2023-09-07,CUST-02661,cust-02661@lumenmail.com,Lighting,-1,58.17,0.0,Email,US,variant
ORD-007719,2024-10-08,CUST-00476,cust-00476@lumenmail.com,Lighting,3,378.59,0.0,Email,US,control
ORD-008022,2024-01-06,CUST-02607,cust-02607@lumenmail.com,Accessories,1,643.98,0.05,Paid Search,AU,
ORD-002201,2023-12-23,CUST-01509,cust-01509@lumenmail.com,Lighting,3,181.37,0.0,Paid Search,US,variant
ORD-004835,2024-04-16,CUST-01842,cust-01842@lumenmail.com,Outdoor,3,90.15,0.0,Social,US,
ORD-000671,2024-07-10,CUST-00531,cust-00531@lumenmail.com,Décor,7,386.06,0.0,Email,US,
ORD-000236,11/08/2024,CUST-00054,cust-00054@lumenmail.com,Lighting,2,141.33,0.25,Email,US,variant
ORD-008850,09/06/2023,CUST-02829,cust-02829@lumenmail.com,Lighting,1,87.03,0.2,Organic,ZZ,control
ORD-003335,2023-07-25,CUST-01577,cust-01577@lumenmail.com,Lighting,5,215.36,0.0,Paid Search,US,
ORD-002495,02/12/2024,CUST-02125,cust-02125@lumenmail.com,Lighting,2,745.0,0.15,Email,US,
ORD-008028,2023-08-20,CUST-02895,cust-02895@lumenmail.com,Décor,3,126.92,0.2,Paid Search,US,variant
ORD-001643,07/09/2024,CUST-02537,cust-02537@lumenmail.com,Lighting,5,278.32,0.1,Email,US,variant
ORD-004236,2023-06-22,CUST-02621,cust-02621@lumenmail.com,Furniture,3,17.83,0.0,Email,UK,variant
ORD-009263,2024-01-12,CUST-01013,cust-01013@lumenmail.com,Accessories,3,33.08,0.0,Social,US,
ORD-003699,2024-11-22,CUST-02977,cust-02977@lumenmail.com,Furniture,2,157.41,0.0,Email,US,control
ORD-009001,2023-11-13,CUST-00154,cust-00154@lumenmail.com,Lighting,3,23.83,0.1,Paid Search,US,
ORD-003367,25/04/2024,CUST-02607,cust-02607@lumenmail.com,Lighting,3,0.0,0.05,Social,US,
ORD-005736,2023-07-18,CUST-00619,cust-00619@lumenmail.com,Outdoor,1,178.46,0.05,Paid Search,US,
ORD-002992,2024-08-06,CUST-00569,cust-00569@lumenmail.com,Décor,1,250.82,0.1,Email,US,
ORD-008277,2024-04-27,CUST-02132,cust-02132@lumenmail.com,Accessories,3,78.71,0.15,,CA,
ORD-001699,2024-09-08,CUST-02396,cust-02396@lumenmail.com,Outdoor,1,173.58,0.05,Social,US,
ORD-002895,30/05/2024,CUST-01294,cust-01294@lumenmail.com,Accessories,1,42.74,0.15,Organic,US,control
ORD-007185,2023-10-07,CUST-01116,cust-01116@lumenmail.com,Lighting,1,8.23,0.0,Organic,US,variant
ORD-000066,,CUST-00106,cust-00106@lumenmail.com,Lighting,1,155.86,0.0,Organic,US,variant
ORD-003899,2023-08-15,CUST-01918,cust-01918@lumenmail.com,Outdoor,3,9.44,0.05,Email,US,
ORD-005816,2024-05-29,CUST-01944,cust-01944@lumenmail.com,Furniture,1,189.58,0.0,Email,US,
ORD-003295,2024-01-31,CUST-02202,cust-02202@lumenmail.com,Lighting,2,12.82,0.0,Paid Search,US,
ORD-000710,2024-11-23,CUST-01441,cust-01441@lumenmail.com,Lighting,2,79.94,0.05,Organic,CA,variant
ORD-002179,2023-06-07,CUST-02691,cust-02691@lumenmail.com,Furniture,1,8.53,0.1,Organic,US,variant
ORD-003984,2024-11-03,CUST-01674,cust-01674@lumenmail.com,Accessories,1,141.73,0.05,Organic,US,variant
ORD-008899,2023-08-25,CUST-00879,cust-00879@lumenmail.com,Furniture,2,30.57,0.1,Email,AU,control
ORD-008602,2023-07-18,CUST-00363,cust-00363@lumenmail.com,Lighting,2,43.99,0.05,Email,UK,control
ORD-005239,2024-05-28,CUST-02783,cust-02783@lumenmail.com,Décor,1,106.14,0.05,Organic,US,
ORD-001272,2024-01-24,CUST-02706,cust-02706@lumenmail.com,Lighting,1,11.05,0.0,Organic,US,control
ORD-007120,2024-02-12,CUST-02104,cust-02104@lumenmail.com,Furniture,-1,198.41,0.2,Email,US,control
ORD-008566,29/05/2024,CUST-00826,cust-00826@lumenmail.com,Furniture,3,68.61,0.0,Organic,US,
ORD-009257,2024-07-23,CUST-02635,cust-02635@lumenmail.com,Lighting,1,347.7,0.1,Email,CA,control
ORD-003601,2023-11-25,CUST-00426,cust-00426@lumenmail.com,Décor,1,167.53,0.0,Organic,US,control
ORD-008483,2023-08-29,,guest@lumenmail.com,Outdoor,4,71.55,0.0,Email,AU,variant
ORD-005264,2023-09-13,CUST-02742,cust-02742@lumenmail.com,Lighting,3,63.64,0.0,Email,CA,variant
ORD-006861,2024-01-29,CUST-01620,cust-01620@lumenmail.com,Furniture,2,21.84,0.0,Paid Search,UK,
ORD-005238,08/02/2024,CUST-02269,cust-02269@lumenmail.com,Lighting,1,16.06,0.15,Paid Search,CA,
ORD-000948,14/06/2024,CUST-02780,cust-02780@lumenmail.com,Outdoor,2,105.52,0.0,Paid Search,US,
ORD-003598,2023-08-21,CUST-01329,cust-01329@lumenmail.com,Furniture,2,53.66,0.0,Email,CA,variant
ORD-008819,2023-10-02,CUST-02482,cust-02482@lumenmail.com,Furniture,2,28.49,0.1,Paid Search,CA,variant
ORD-003669,05/05/2024,CUST-01450,cust-01450@lumenmail.com,Lighting,4,164.87,0.0,Paid Search,US,
ORD-000524,2023-10-10,CUST-02694,cust-02694@lumenmail.com,Lighting,2,74.63,0.0,Email,US,
ORD-009306,2023-10-04,CUST-02961,cust-02961@lumenmail.com,Lighting,2,128.56,0.1,Social,UK,control
ORD-008724,2024-07-31,CUST-01885,cust-01885@lumenmail.com,Furniture,1,324.65,0.05,Organic,CA,variant
ORD-006797,2024-09-14,CUST-00785,cust-00785@lumenmail.com,Accessories,2,129.6,0.2,Paid Search,US,control
ORD-008559,2024-04-28,CUST-01211,cust-01211@lumenmail.com,Décor,1,11.54,0.0,Email,US,control
ORD-004008,2023-07-30,CUST-01621,cust-01621@lumenmail.com,Outdoor,1,32.72,0.1,,CA,control
ORD-003515,2024-10-06,,guest@lumenmail.com,Décor,1,159.99,0.0,Email,CA,
ORD-008690,17/08/2024,CUST-01088,cust-01088@lumenmail.com,Accessories,2,24.83,0.05,Email,CA,control
ORD-007821,2024-01-30,CUST-01421,cust-01421@lumenmail.com,Accessories,1,35.64,0.05,Paid Search,CA,variant
ORD-007118,2023-07-01,CUST-02838,cust-02838@lumenmail.com,Accessories,1,97.53,0.1,Social,CA,control
ORD-000903,2024-09-21,CUST-02542,cust-02542@lumenmail.com,Lighting,6,36.03,0.15,Paid Search,US,
ORD-002799,2023-06-22,CUST-02435,cust-02435@lumenmail.com,Furniture,1,331.59,0.2,Paid Search,US,variant
ORD-006294,2024-06-06,,guest@lumenmail.com,Lighting,1,89.89,0.05,,US,
ORD-000384,,,guest@lumenmail.com,Décor,1,266.17,0.05,Paid Search,UK,
ORD-000846,04/07/2024,CUST-02688,cust-02688@lumenmail.com,Lighting,1,98.34,0.0,Paid Search,US,control
ORD-006262,2023-09-20,CUST-01231,cust-01231@lumenmail.com,Décor,1,118.8,0.1,Paid Search,US,control
ORD-003017,2023-09-25,CUST-00578,cust-00578@lumenmail.com,Lighting,2,89.89,0.15,Organic,US,variant
ORD-000884,2024-01-17,CUST-02695,cust-02695@lumenmail.com,Lighting,2,729.65,0.0,Email,US,control
ORD-009579,2024-02-22,CUST-00167,cust-00167@lumenmail.com,Lighting,3,274.18,0.0,Paid Search,US,control
ORD-000599,2023-06-02,CUST-02869,cust-02869@lumenmail.com,Outdoor,1,323.68,0.05,Organic,US,
ORD-000703,2024-02-26,CUST-02505,cust-02505@lumenmail.com,Décor,2,70.08,0.1,Organic,US,variant
ORD-004571,2023-11-17,CUST-02130,cust-02130@lumenmail.com,Décor,2,699.91,0.1,Paid Search,UK,control
ORD-009333,29/11/2024,CUST-00261,cust-00261@lumenmail.com,Décor,5,12.11,0.0,Paid Search,CA,
ORD-001903,2023-11-15,CUST-02466,cust-02466@lumenmail.com,Décor,6,80.36,0.0,Email,US,control
ORD-000961,2024-07-20,CUST-00843,cust-00843@lumenmail.com,Lighting,2,6.21,0.05,Organic,US,
ORD-006114,2023-08-07,,guest@lumenmail.com,Lighting,1,103.31,0.0,,US,control
ORD-004221,2024-03-29,CUST-02062,cust-02062@lumenmail.com,Furniture,1,196.34,0.0,Paid Search,US,control
ORD-002761,2024-09-25,CUST-00601,cust-00601@lumenmail.com,Décor,3,88.93,0.05,Organic,CA,variant
ORD-002434,2023-09-26,CUST-00329,cust-00329@lumenmail.com,Furniture,2,89.44,0.15,Paid Search,AU,variant
ORD-000454,2023-09-11,CUST-02402,cust-02402@lumenmail.com,Lighting,2,41.76,0.0,Email,US,
ORD-007376,2024-10-17,CUST-02987,cust-02987@lumenmail.com,Accessories,3,173.14,0.15,Email,US,control
ORD-002679,2024-04-27,CUST-00040,cust-00040@lumenmail.com,Lighting,2,37.43,0.0,Social,CA,variant
ORD-008485,2024-06-07,CUST-01718,cust-01718@lumenmail.com,Furniture,-2,33.94,0.0,Organic,US,variant
ORD-008775,12/03/2024,CUST-00847,cust-00847@lumenmail.com,Outdoor,4,315.8,0.2,Paid Search,UK,variant
ORD-000012,2023-06-21,CUST-02616,cust-02616@lumenmail.com,Furniture,1,36.16,0.15,Email,US,
ORD-002188,24/11/2024,CUST-01131,cust-01131@lumenmail.com,Lighting,1,88.66,0.1,Organic,CA,control
ORD-007154,21/12/2023,CUST-00352,cust-00352@lumenmail.com,Décor,1,407.86,0.0,Organic,UK,
ORD-002405,2023-09-27,CUST-02811,cust-02811@lumenmail.com,Décor,2,19.67,0.1,Social,CA,control
ORD-008258,2024-01-26,CUST-01834,cust-01834@lumenmail.com,Lighting,5,35.77,0.2,Email,US,
ORD-006823,2024-01-16,CUST-00205,cust-00205@lumenmail.com,Décor,3,58.42,0.0,Organic,UK,
ORD-004677,05/10/2023,CUST-01454,cust-01454@lumenmail.com,Décor,1,376.27,0.2,Email,US,variant
ORD-006981,2023-07-01,CUST-01028,cust-01028@lumenmail.com,Lighting,2,599.63,0.0,Paid Search,UK,
ORD-003444,2023-12-22,CUST-00185,cust-00185@lumenmail.com,Furniture,7,27.54,0.15,Email,US,control
ORD-008024,2023-08-05,CUST-00787,cust-00787@lumenmail.com,Décor,1,0.0,0.05,Email,UK,
ORD-001433,2024-07-01,CUST-00890,cust-00890@lumenmail.com,Décor,2,317.5,0.0,Email,US,control
ORD-007242,2024-01-18,CUST-00321,cust-00321@lumenmail.com,Décor,1,14.98,0.1,Paid Search,UK,control
ORD-004110,2023-07-30,CUST-02696,cust-02696@lumenmail.com,Furniture,4,125.32,0.0,Email,US,
ORD-001364,2024-07-13,,guest@lumenmail.com,Outdoor,1,35.36,0.2,Email,US,control
ORD-001621,2023-08-15,CUST-01280,cust-01280@lumenmail.com,Lighting,-2,627.97,0.0,Email,US,
ORD-001859,2024-10-13,CUST-00112,cust-00112@lumenmail.com,Décor,4,19.93,0.0,Social,CA,variant
ORD-008061,2023-07-25,CUST-00513,cust-00513@lumenmail.com,Outdoor,1,68.03,0.1,,US,control
ORD-008957,23/03/2024,CUST-00338,cust-00338@lumenmail.com,Outdoor,1,6.51,0.1,Social,US,variant
ORD-005103,05/07/2024,,guest@lumenmail.com,Lighting,1,19.9,0.0,Paid Search,US,
ORD-004947,2023-12-31,CUST-01735,cust-01735@lumenmail.com,Furniture,1,47.7,0.0,Paid Search,US,
ORD-008350,2024-02-06,CUST-01714,cust-01714@lumenmail.com,Décor,2,504.7,0.05,Social,CA,variant
ORD-000631,2024-04-16,CUST-00146,cust-00146@lumenmail.com,Décor,4,39.98,0.1,Paid Search,US,control
ORD-008954,2023-09-02,CUST-02910,cust-02910@lumenmail.com,Furniture,1,199.32,0.05,,US,variant
ORD-001534,2024-09-04,CUST-02519,cust-02519@lumenmail.com,Outdoor,3,74.52,0.1,Email,CA,variant
ORD-006638,2024-01-13,CUST-02940,cust-02940@lumenmail.com,Lighting,1,142.45,0.2,Social,US,
ORD-008466,2024-08-18,CUST-00057,cust-00057@lumenmail.com,Furniture,1,111.62,0.1,Social,CA,
ORD-003916,2024-11-06,CUST-02590,cust-02590@lumenmail.com,Lighting,1,42.15,0.05,Email,US,variant
ORD-000726,2024-12-14,CUST-00239,cust-00239@lumenmail.com,Lighting,2,67.27,0.1,Organic,US,control
ORD-007720,06/06/2023,,guest@lumenmail.com,Décor,2,46.68,0.0,Paid Search,US,variant
ORD-000290,18/09/2023,,guest@lumenmail.com,Décor,3,58.64,0.25,Organic,US,
ORD-008163,17/11/2023,CUST-01101,cust-01101@lumenmail.com,Lighting,2,290.34,0.05,,US,control
ORD-007980,2024-04-15,CUST-02268,cust-02268@lumenmail.com,Décor,2,763.89,0.15,Organic,US,variant
ORD-002048,2024-08-24,CUST-02002,cust-02002@lumenmail.com,Lighting,5,34.37,0.15,Paid Search,CA,
ORD-004444,2024-05-09,CUST-02352,cust-02352@lumenmail.com,Décor,4,86.21,0.05,Organic,US,control
ORD-004655,2024-12-19,CUST-02392,cust-02392@lumenmail.com,Décor,4,177.3,0.05,Email,AU,
ORD-003124,2024-11-17,CUST-01357,cust-01357@lumenmail.com,Outdoor,4,44.53,0.25,Paid Search,CA,variant
ORD-003136,30/07/2024,CUST-02141,cust-02141@lumenmail.com,Décor,1,0.0,0.0,Paid Search,US,control
ORD-005673,2024-10-29,CUST-00224,cust-00224@lumenmail.com,Furniture,5,17.84,0.25,Organic,US,variant
ORD-002418,2024-01-24,CUST-01234,cust-01234@lumenmail.com,Furniture,2,0.0,0.0,Organic,US,variant
ORD-004663,2023-11-24,CUST-02080,cust-02080@lumenmail.com,Décor,1,107.68,0.2,Paid Search,AU,variant
ORD-008612,19/08/2023,CUST-01240,cust-01240@lumenmail.com,Décor,1,50.59,0.05,Paid Search,CA,variant
ORD-005141,2024-06-30,CUST-00121,cust-00121@lumenmail.com,Outdoor,6,620.77,0.05,Paid Search,US,
ORD-001061,2023-06-27,CUST-00639,cust-00639@lumenmail.com,Décor,4,73.24,0.1,Email,US,control
ORD-005584,2023-11-21,CUST-02688,cust-02688@lumenmail.com,Outdoor,1,95.39,0.0,Paid Search,US,
ORD-003260,27/11/2024,CUST-00455,cust-00455@lumenmail.com,Outdoor,1,25.11,0.05,Paid Search,US,
ORD-005950,2024-03-27,CUST-00362,cust-00362@lumenmail.com,Furniture,2,18.01,0.1,Paid Search,US,variant
ORD-003212,2024-11-18,CUST-00132,cust-00132@lumenmail.com,Accessories,1,40.92,0.0,Email,US,control
ORD-007385,2024-04-12,CUST-00614,cust-00614@lumenmail.com,Outdoor,4,9.57,0.1,Organic,US,
ORD-000291,2024-12-18,CUST-00283,cust-00283@lumenmail.com,Lighting,2,207.41,0.1,Paid Search,UK,variant
ORD-006164,2023-10-10,CUST-02953,cust-02953@lumenmail.com,Accessories,3,112.37,0.0,Paid Search,UK,
ORD-001536,20/01/2024,CUST-00023,cust-00023@lumenmail.com,Lighting,1,40.31,0.0,Email,CA,control
ORD-006723,19/11/2023,CUST-00771,cust-00771@lumenmail.com,Furniture,1,32.24,0.2,Email,UK,
ORD-003418,2024-08-18,CUST-01153,cust-01153@lumenmail.com,Outdoor,3,37.82,0.05,Email,CA,
ORD-002020,2023-07-05,CUST-01934,cust-01934@lumenmail.com,Accessories,3,13.27,0.0,Email,US,
ORD-007227,2023-07-10,CUST-02245,cust-02245@lumenmail.com,Lighting,1,236.41,0.0,Organic,US,variant
ORD-008776,2024-05-01,CUST-02331,cust-02331@lumenmail.com,Lighting,1,69.55,0.0,Email,US,variant
ORD-002342,2024-09-03,,guest@lumenmail.com,Lighting,5,34.91,0.0,Organic,UK,
ORD-000219,09/06/2024,CUST-01271,cust-01271@lumenmail.com,Outdoor,1,365.23,0.0,Social,US,variant
ORD-007465,2023-06-22,CUST-02688,cust-02688@lumenmail.com,Furniture,1,23.9,0.05,Organic,UK,
ORD-009222,15/12/2024,CUST-01804,cust-01804@lumenmail.com,Décor,1,8.04,0.0,Social,US,
ORD-000617,2023-07-13,CUST-02631,cust-02631@lumenmail.com,Outdoor,1,36.43,0.05,Email,US,control
ORD-002625,14/11/2024,CUST-01245,cust-01245@lumenmail.com,Outdoor,2,171.14,0.0,Social,US,
ORD-008315,2023-09-08,CUST-00276,cust-00276@lumenmail.com,Lighting,2,300.04,0.1,Paid Search,AU,control
ORD-008884,12/03/2024,CUST-00368,cust-00368@lumenmail.com,Outdoor,-2,5.18,0.0,,US,control
ORD-004121,2024-10-15,CUST-01464,cust-01464@lumenmail.com,Furniture,1,103.83,0.15,Paid Search,CA,
ORD-009469,2024-05-25,CUST-02837,cust-02837@lumenmail.com,Décor,2,75.25,0.0,Paid Search,US,
ORD-005617,2024-07-25,CUST-02881,cust-02881@lumenmail.com,Décor,1,174.65,0.0,Paid Search,AU,variant
ORD-007927,09/09/2023,CUST-01141,cust-01141@lumenmail.com,Furniture,2,29.79,0.15,Email,UK,variant
ORD-006220,2023-06-13,CUST-02133,cust-02133@lumenmail.com,Lighting,3,518.84,0.05,Social,US,
ORD-002853,2023-12-25,,guest@lumenmail.com,Furniture,1,39.28,0.0,Paid Search,US,control
ORD-000789,2024-11-24,CUST-00816,cust-00816@lumenmail.com,Décor,3,151.88,0.0,Email,US,control
ORD-002115,2024-05-09,CUST-00174,cust-00174@lumenmail.com,Décor,2,317.78,0.1,Organic,US,
ORD-008582,2024-09-24,CUST-02529,cust-02529@lumenmail.com,Décor,4,75.77,0.0,Social,CA,control
ORD-000845,2024-09-15,CUST-00577,cust-00577@lumenmail.com,Lighting,2,61.96,0.05,Paid Search,US,control
ORD-002217,2024-11-23,CUST-02127,cust-02127@lumenmail.com,Lighting,7,92.43,0.1,Organic,US,variant
ORD-001320,2023-07-31,CUST-00594,cust-00594@lumenmail.com,Furniture,1,319.75,0.15,Social,CA,
ORD-007703,,CUST-00584,cust-00584@lumenmail.com,Furniture,2,96.34,0.2,Paid Search,US,control
ORD-004317,27/05/2024,CUST-02612,cust-02612@lumenmail.com,Furniture,1,47.02,0.05,Paid Search,US,
ORD-003542,2023-07-31,CUST-01060,cust-01060@lumenmail.com,Furniture,1,334.65,0.05,Social,CA,
ORD-001018,2023-06-01,CUST-01312,cust-01312@lumenmail.com,Lighting,2,87.46,0.15,Paid Search,US,
ORD-008671,2024-07-11,CUST-01219,cust-01219@lumenmail.com,Furniture,1,52.94,0.05,Organic,US,
ORD-008049,2023-08-12,CUST-01768,cust-01768@lumenmail.com,Décor,3,248.87,0.0,Organic,AU,
ORD-005955,2023-06-06,CUST-00787,cust-00787@lumenmail.com,Lighting,1,156.84,0.0,Paid Search,AU,
ORD-001715,11/10/2024,CUST-00470,cust-00470@lumenmail.com,Décor,2,25.63,0.1,,US,
ORD-004211,2024-02-16,CUST-02718,cust-02718@lumenmail.com,Décor,1,357.15,0.1,Paid Search,US,control
ORD-005077,12/06/2023,CUST-00001,cust-00001@lumenmail.com,Accessories,3,327.8,0.0,Social,US,
ORD-001243,2024-11-09,CUST-01550,cust-01550@lumenmail.com,Outdoor,1,756.04,0.0,Organic,ZZ,control
ORD-006587,2024-04-25,CUST-00538,cust-00538@lumenmail.com,Lighting,2,7.34,0.25,Email,US,
ORD-004250,2024-03-27,CUST-01117,cust-01117@lumenmail.com,Outdoor,3,10.82,0.05,,US,variant
ORD-002732,2024-07-07,CUST-01919,cust-01919@lumenmail.com,Décor,4,30.79,0.1,Paid Search,CA,variant
ORD-008707,2024-03-08,CUST-01338,cust-01338@lumenmail.com,Lighting,2,187.26,0.05,Organic,US,variant
ORD-006624,2024-03-14,CUST-00047,cust-00047@lumenmail.com,Outdoor,3,35.4,0.0,Paid Search,US,control
ORD-004521,2023-12-31,CUST-02337,cust-02337@lumenmail.com,Lighting,1,26.14,0.15,Paid Search,AU,
ORD-008674,2023-12-12,,guest@lumenmail.com,Lighting,1,219.21,0.15,Email,CA,variant
ORD-008051,2024-07-21,CUST-01778,cust-01778@lumenmail.com,Furniture,5,34.64,0.0,Email,UK,variant
ORD-008542,2024-11-20,CUST-01820,cust-01820@lumenmail.com,Accessories,2,88.02,0.2,Organic,US,
ORD-003706,2023-10-25,CUST-02616,cust-02616@lumenmail.com,Outdoor,7,157.52,0.0,Paid Search,US,
ORD-004204,2023-06-09,CUST-02113,cust-02113@lumenmail.com,Lighting,7,296.29,0.05,Email,US,
ORD-009159,2023-06-16,CUST-00535,cust-00535@lumenmail.com,Furniture,2,21.03,0.0,Social,US,variant
ORD-001176,29/08/2023,CUST-02962,cust-02962@lumenmail.com,Lighting,5,509.62,0.0,Paid Search,US,
ORD-003704,,CUST-02364,cust-02364@lumenmail.com,Lighting,6,7.25,0.25,Organic,AU,
ORD-003747,2024-11-30,CUST-01888,cust-01888@lumenmail.com,Furniture,1,96.05,0.1,Social,US,variant
ORD-009479,24/10/2023,CUST-02967,cust-02967@lumenmail.com,Décor,2,35.43,0.1,Paid Search,UK,control
ORD-005659,30/03/2024,CUST-00750,cust-00750@lumenmail.com,Lighting,4,74.93,0.0,Paid Search,US,
ORD-002200,21/12/2023,CUST-02606,cust-02606@lumenmail.com,Lighting,6,93.82,0.0,Paid Search,US,control
ORD-006253,08/03/2024,CUST-01252,cust-01252@lumenmail.com,Lighting,2,146.24,0.0,Organic,US,
ORD-006667,2024-03-29,CUST-02267,cust-02267@lumenmail.com,Lighting,5,57.25,0.05,Organic,US,control
ORD-007638,2024-03-22,CUST-02172,cust-02172@lumenmail.com,Décor,4,6.4,0.05,Social,US,control
ORD-003600,2024-12-05,CUST-02992,cust-02992@lumenmail.com,Accessories,2,57.27,0.0,Social,US,
ORD-006331,2023-06-07,CUST-02580,cust-02580@lumenmail.com,Accessories,1,330.95,0.1,Email,US,control
ORD-008344,24/11/2024,CUST-00715,cust-00715@lumenmail.com,Décor,1,63.79,0.05,Social,US,variant
ORD-005624,2023-07-12,,guest@lumenmail.com,Lighting,-2,81.51,0.0,Paid Search,US,
ORD-002410,2023-10-27,CUST-02084,cust-02084@lumenmail.com,Lighting,1,112.81,0.0,Organic,US,
ORD-004829,2024-10-26,,guest@lumenmail.com,Outdoor,2,179.6,0.15,Organic,UK,variant
ORD-007384,03/07/2023,CUST-00196,cust-00196@lumenmail.com,Lighting,2,5.98,0.05,Social,US,
ORD-006515,2024-12-15,CUST-02652,cust-02652@lumenmail.com,Décor,3,23.79,0.05,Email,US,
ORD-007280,02/02/2024,CUST-00062,cust-00062@lumenmail.com,Décor,1,164.84,0.05,Social,CA,control
ORD-005750,2024-08-27,CUST-01571,cust-01571@lumenmail.com,Lighting,-3,354.81,0.05,Email,UK,variant
ORD-004135,29/03/2024,CUST-01053,cust-01053@lumenmail.com,Lighting,1,341.07,0.15,Paid Search,US,control
ORD-000361,2024-06-26,CUST-00924,cust-00924@lumenmail.com,Lighting,1,81.73,0.05,Paid Search,US,variant
ORD-003006,2024-08-17,CUST-00583,cust-00583@lumenmail.com,Lighting,1,198.56,0.1,Organic,UK,
ORD-003414,29/08/2023,CUST-02185,cust-02185@lumenmail.com,Décor,1,43.93,0.0,Organic,UK,
ORD-000349,2023-10-08,CUST-02782,cust-02782@lumenmail.com,Décor,1,141.75,0.0,Organic,US,
ORD-007066,2023-10-09,CUST-02010,cust-02010@lumenmail.com,Furniture,1,53.99,0.0,Email,US,
ORD-009394,2024-01-12,CUST-00106,cust-00106@lumenmail.com,Lighting,3,48.73,0.0,Paid Search,AU,
ORD-002884,2023-07-16,CUST-01703,cust-01703@lumenmail.com,Outdoor,1,57.14,0.0,Paid Search,US,variant
ORD-006167,2023-09-21,CUST-00557,cust-00557@lumenmail.com,Décor,2,98.34,0.0,Organic,UK,control
ORD-005798,2024-05-07,CUST-02281,cust-02281@lumenmail.com,Lighting,1,12.48,0.0,Paid Search,UK,variant
ORD-000020,2024-12-11,CUST-01384,cust-01384@lumenmail.com,Furniture,4,17.4,0.15,Organic,US,control
ORD-002572,2024-02-13,CUST-02857,cust-02857@lumenmail.com,Décor,1,32.69,0.0,Paid Search,US,variant
ORD-005608,2024-01-27,CUST-01715,cust-01715@lumenmail.com,Outdoor,3,62.31,0.25,Email,US,
ORD-008648,2024-04-15,CUST-00038,cust-00038@lumenmail.com,Décor,2,92.8,0.0,,UK,
ORD-008228,22/07/2024,CUST-00738,cust-00738@lumenmail.com,Lighting,4,88.08,0.0,Email,US,variant
ORD-005502,2023-10-22,,guest@lumenmail.com,Lighting,3,141.55,0.25,Social,US,variant
ORD-002307,2024-06-12,CUST-00782,cust-00782@lumenmail.com,Décor,1,11.67,0.0,Paid Search,US,
ORD-002852,11/09/2024,CUST-00478,cust-00478@lumenmail.com,Furniture,3,121.44,0.2,Social,UK,variant
ORD-004500,2023-06-22,CUST-00969,cust-00969@lumenmail.com,Outdoor,2,63.54,0.2,,US,
ORD-004464,28/06/2023,CUST-01345,cust-01345@lumenmail.com,Lighting,1,49.17,0.0,Paid Search,CA,control
ORD-001950,19/06/2024,CUST-02110,cust-02110@lumenmail.com,Lighting,2,50.48,0.05,Paid Search,US,variant
ORD-000662,2024-12-03,CUST-01448,cust-01448@lumenmail.com,Lighting,7,242.32,0.0,Email,US,control
ORD-000287,2024-05-18,CUST-01230,cust-01230@lumenmail.com,Lighting,1,52.99,0.0,Paid Search,US,
ORD-001324,2024-08-17,,guest@lumenmail.com,Furniture,2,155.3,0.15,Organic,AU,variant
ORD-005845,2024-12-10,CUST-02163,cust-02163@lumenmail.com,Lighting,2,375.63,0.0,Social,CA,variant
ORD-001890,,CUST-00607,cust-00607@lumenmail.com,Outdoor,4,25.64,0.05,Email,US,control
ORD-004621,2024-09-23,CUST-00371,cust-00371@lumenmail.com,Lighting,1,9.42,0.0,Email,US,variant
ORD-004950,2024-07-02,CUST-00501,cust-00501@lumenmail.com,Lighting,1,127.12,0.15,Paid Search,US,
ORD-008316,2024-07-14,CUST-00068,cust-00068@lumenmail.com,Furniture,1,42.07,0.0,Paid Search,US,
ORD-005598,2024-09-08,CUST-02187,cust-02187@lumenmail.com,Lighting,1,297.76,0.0,Paid Search,US,variant
ORD-009480,2024-03-04,CUST-00354,cust-00354@lumenmail.com,Furniture,2,274.63,0.0,Paid Search,US,control
ORD-008048,15/04/2024,CUST-00805,cust-00805@lumenmail.com,Furniture,2,25.51,0.05,Email,UK,variant
ORD-005727,2023-12-05,CUST-01094,cust-01094@lumenmail.com,Lighting,3,68.19,0.15,Paid Search,US,
ORD-003481,2023-07-12,CUST-00860,cust-00860@lumenmail.com,Outdoor,3,164.41,0.05,Paid Search,US,
ORD-005439,2024-03-04,CUST-00018,cust-00018@lumenmail.com,Furniture,1,401.06,0.15,Paid Search,UK,control
ORD-007418,2024-08-06,CUST-00188,cust-00188@lumenmail.com,Décor,1,32.03,0.2,Organic,UK,
ORD-000166,2023-07-19,,guest@lumenmail.com,Décor,1,74.19,0.05,,UK,variant
ORD-003941,2024-10-27,CUST-02256,cust-02256@lumenmail.com,Décor,-1,160.18,0.05,Email,US,control
ORD-000837,01/11/2023,CUST-00543,cust-00543@lumenmail.com,Lighting,6,37.83,0.0,Paid Search,ZZ,variant
ORD-007618,2023-06-21,CUST-01294,cust-01294@lumenmail.com,Lighting,4,222.8,0.1,Paid Search,CA,
ORD-002820,02/12/2023,CUST-00757,cust-00757@lumenmail.com,Outdoor,1,51.13,0.0,Paid Search,US,
ORD-005774,,CUST-02330,cust-02330@lumenmail.com,Outdoor,1,80.54,0.0,Organic,US,control
ORD-003839,05/02/2024,,guest@lumenmail.com,Décor,2,94.08,0.05,Email,US,
ORD-009485,2024-10-21,CUST-00770,cust-00770@lumenmail.com,Décor,1,63.82,0.05,Email,AU,variant
ORD-005517,28/03/2024,CUST-02979,cust-02979@lumenmail.com,Lighting,2,57.18,0.0,Email,UK,variant
ORD-007829,30/07/2024,CUST-02652,cust-02652@lumenmail.com,Décor,5,17.35,0.05,Social,US,
ORD-009560,09/06/2024,CUST-00170,cust-00170@lumenmail.com,Lighting,2,7.85,0.05,Paid Search,CA,
ORD-006349,2024-03-12,CUST-02377,cust-02377@lumenmail.com,Décor,3,36.55,0.05,Email,US,variant
ORD-000901,2024-11-20,CUST-01078,cust-01078@lumenmail.com,Lighting,1,19.0,0.05,Paid Search,AU,
ORD-009312,2023-07-01,CUST-01554,cust-01554@lumenmail.com,Décor,6,357.69,0.0,Social,UK,
ORD-004254,2024-06-23,CUST-00420,cust-00420@lumenmail.com,Décor,3,121.46,0.0,,US,control
ORD-003224,2024-02-02,,guest@lumenmail.com,Furniture,5,386.51,0.2,Email,UK,
ORD-006081,2023-10-23,,guest@lumenmail.com,Furniture,1,47.86,0.1,Social,US,
ORD-006916,29/12/2023,CUST-00461,cust-00461@lumenmail.com,Furniture,-1,141.62,0.15,Organic,US,
ORD-008845,2023-10-13,CUST-02656,cust-02656@lumenmail.com,Lighting,1,31.98,0.05,Organic,CA,
ORD-005510,2024-03-15,,guest@lumenmail.com,Accessories,1,150.65,0.1,Paid Search,US,control
ORD-003110,2024-05-30,CUST-02418,cust-02418@lumenmail.com,Lighting,1,95.17,0.0,Social,US,control
ORD-000306,2024-05-01,CUST-01262,cust-01262@lumenmail.com,Décor,3,216.49,0.0,Organic,US,control
ORD-004743,2023-08-03,,guest@lumenmail.com,Furniture,1,51.37,0.0,,US,variant
ORD-005174,2024-12-21,CUST-00579,cust-00579@lumenmail.com,Décor,1,33.01,0.05,Social,CA,
ORD-006498,2023-10-18,CUST-02884,cust-02884@lumenmail.com,Lighting,1,81.86,0.0,Email,US,
ORD-004979,2023-10-07,CUST-02621,cust-02621@lumenmail.com,Outdoor,1,59.08,0.05,Social,US,
ORD-000245,2024-10-31,CUST-02145,cust-02145@lumenmail.com,Furniture,1,86.05,0.05,Social,US,
ORD-000461,2023-07-28,CUST-00865,cust-00865@lumenmail.com,Décor,2,35.04,0.15,Paid Search,US,control
ORD-009262,21/07/2023,CUST-00758,cust-00758@lumenmail.com,Furniture,2,50.97,0.2,Paid Search,US,variant
ORD-006304,2023-07-06,CUST-01318,cust-01318@lumenmail.com,Furniture,2,35.38,0.0,,US,variant
ORD-007905,27/09/2023,CUST-00125,cust-00125@lumenmail.com,Lighting,1,32.9,0.05,Paid Search,UK,control
ORD-006506,2023-08-06,CUST-01884,cust-01884@lumenmail.com,Outdoor,3,96.0,0.05,Social,US,control
ORD-007341,2023-09-09,CUST-02255,cust-02255@lumenmail.com,Outdoor,1,32.14,0.0,Email,US,
ORD-004538,2024-04-11,CUST-01668,cust-01668@lumenmail.com,Furniture,1,350.43,0.2,,CA,
ORD-009116,20/10/2024,CUST-02841,cust-02841@lumenmail.com,Accessories,2,92.8,0.1,Paid Search,CA,control
ORD-000867,2024-12-02,CUST-01821,cust-01821@lumenmail.com,Lighting,1,144.67,0.0,Paid Search,CA,control
ORD-008902,2024-05-23,CUST-01036,cust-01036@lumenmail.com,Furniture,3,169.24,0.05,Organic,US,control
ORD-008396,2023-06-20,CUST-01205,cust-01205@lumenmail.com,Lighting,2,5.39,0.0,Email,US,control
ORD-000755,2024-09-29,CUST-01195,cust-01195@lumenmail.com,Outdoor,4,6.84,0.0,Paid Search,US,
ORD-006378,2024-06-12,CUST-01726,cust-01726@lumenmail.com,Outdoor,1,55.55,0.0,Paid Search,US,control
ORD-005433,2024-09-05,CUST-02360,cust-02360@lumenmail.com,Lighting,3,574.54,0.0,Email,CA,variant
ORD-001101,2024-07-03,CUST-00391,cust-00391@lumenmail.com,Décor,1,5.22,0.0,Social,US,control
ORD-000330,2024-11-09,CUST-01697,cust-01697@lumenmail.com,Furniture,2,184.02,0.0,Paid Search,US,variant
ORD-001241,21/09/2023,CUST-00444,cust-00444@lumenmail.com,Furniture,1,230.67,0.15,Paid Search,UK,variant
ORD-006048,2024-11-10,CUST-01840,cust-01840@lumenmail.com,Furniture,4,196.68,0.05,Paid Search,US,control
ORD-000268,2024-01-29,CUST-02263,cust-02263@lumenmail.com,Lighting,1,7.47,0.05,Organic,UK,
ORD-009530,02/07/2023,CUST-00991,cust-00991@lumenmail.com,Furniture,2,109.79,0.1,Organic,US,variant
ORD-001479,2024-08-06,CUST-02762,cust-02762@lumenmail.com,Décor,2,376.03,0.0,Paid Search,US,control
ORD-001968,2024-10-10,CUST-00661,cust-00661@lumenmail.com,Décor,2,167.03,0.0,Paid Search,US,
ORD-000793,2023-11-30,CUST-01548,cust-01548@lumenmail.com,Lighting,1,238.25,0.15,Email,AU,control
ORD-007293,2024-10-12,CUST-00395,cust-00395@lumenmail.com,Furniture,4,123.76,0.0,Organic,UK,control
ORD-007256,2023-07-12,CUST-01874,cust-01874@lumenmail.com,Lighting,1,79.98,0.1,Social,US,
ORD-006778,2024-05-09,CUST-01021,cust-01021@lumenmail.com,Furniture,3,84.61,0.25,Organic,US,
ORD-003992,2024-04-19,,guest@lumenmail.com,Accessories,1,104.68,0.0,Organic,US,control
ORD-001793,2024-04-07,CUST-01861,cust-01861@lumenmail.com,Lighting,1,144.76,0.0,Paid Search,US,variant
ORD-004600,28/04/2024,CUST-00304,cust-00304@lumenmail.com,Accessories,1,32.54,0.0,Email,US,control
ORD-006106,2023-07-14,CUST-00774,cust-00774@lumenmail.com,Lighting,1,87.79,0.0,Email,US,variant
ORD-004273,2024-02-15,,guest@lumenmail.com,Lighting,3,38.57,0.0,Social,US,control
ORD-000722,05/08/2023,CUST-02727,cust-02727@lumenmail.com,Furniture,3,82.83,0.1,Paid Search,CA,control
ORD-002715,2023-06-29,CUST-01612,cust-01612@lumenmail.com,Décor,2,45.09,0.0,Organic,UK,control
ORD-003854,23/01/2024,CUST-02390,cust-02390@lumenmail.com,Décor,1,91.67,0.0,Email,UK,control
ORD-007386,2024-02-07,CUST-01575,cust-01575@lumenmail.com,Décor,7,94.74,0.05,Social,US,variant
ORD-006108,2024-11-19,CUST-02651,cust-02651@lumenmail.com,Outdoor,7,47.31,0.0,Social,US,
ORD-007133,2024-01-03,,guest@lumenmail.com,Furniture,2,79.29,0.0,Paid Search,UK,variant
ORD-000625,2023-11-25,CUST-02937,cust-02937@lumenmail.com,Accessories,6,37.55,0.15,Paid Search,UK,control
ORD-004369,14/10/2023,CUST-01768,cust-01768@lumenmail.com,Décor,3,123.21,0.0,Email,US,control
ORD-004619,2023-08-19,CUST-02772,cust-02772@lumenmail.com,Lighting,-1,12.59,0.15,Email,US,variant
ORD-001764,2023-12-07,CUST-01031,cust-01031@lumenmail.com,Outdoor,2,161.97,0.0,Paid Search,CA,variant
ORD-004808,2023-11-25,CUST-00382,cust-00382@lumenmail.com,Lighting,2,512.61,0.1,Paid Search,US,
ORD-000421,2023-09-02,CUST-02670,cust-02670@lumenmail.com,Décor,6,15.38,0.0,Organic,US,variant
ORD-001826,2024-10-05,CUST-01025,cust-01025@lumenmail.com,Lighting,4,76.37,0.0,Paid Search,US,control
ORD-003104,2024-09-17,CUST-01430,cust-01430@lumenmail.com,Furniture,1,9.36,0.0,Email,US,variant
ORD-004841,2023-11-05,CUST-00717,cust-00717@lumenmail.com,Lighting,-1,38.65,0.0,Social,US,control
ORD-006933,2024-04-12,CUST-02110,cust-02110@lumenmail.com,Furniture,1,481.47,0.0,Email,CA,control
ORD-006959,2024-03-06,CUST-00030,cust-00030@lumenmail.com,Outdoor,2,144.61,0.0,Organic,US,control
ORD-000322,2024-05-02,CUST-00168,cust-00168@lumenmail.com,Furniture,1,5.94,0.0,Email,US,control
ORD-006750,2023-11-22,CUST-02010,cust-02010@lumenmail.com,Outdoor,2,86.03,0.0,Organic,US,
ORD-001463,2024-06-03,CUST-02875,cust-02875@lumenmail.com,Accessories,1,12.98,0.1,Email,US,
ORD-004190,10/07/2024,CUST-02248,cust-02248@lumenmail.com,Lighting,5,359.49,0.15,Paid Search,AU,control
ORD-003126,11/06/2023,CUST-01435,cust-01435@lumenmail.com,Lighting,5,379.4,0.1,Social,ZZ,
ORD-001681,2024-01-02,CUST-01319,cust-01319@lumenmail.com,Lighting,2,43.11,0.1,,US,control
ORD-002171,2024-07-30,CUST-00286,cust-00286@lumenmail.com,Lighting,1,73.53,0.1,Organic,US,control
ORD-007814,2024-08-06,CUST-01731,cust-01731@lumenmail.com,Accessories,2,82.27,0.0,Paid Search,US,control
ORD-008800,2024-10-09,CUST-01618,cust-01618@lumenmail.com,Décor,1,50.19,0.1,Email,US,
ORD-005661,2024-02-25,CUST-02680,cust-02680@lumenmail.com,Furniture,3,68.66,0.2,Email,CA,control
ORD-003674,2024-01-01,CUST-01747,cust-01747@lumenmail.com,Décor,5,47.83,0.1,Paid Search,US,
ORD-004098,2024-08-01,CUST-00690,cust-00690@lumenmail.com,Lighting,1,185.06,0.1,Social,CA,control
ORD-005337,2024-02-23,CUST-00160,cust-00160@lumenmail.com,Lighting,1,138.45,0.1,Email,US,control
ORD-004295,2023-11-05,CUST-02532,cust-02532@lumenmail.com,Lighting,2,332.13,0.05,Email,AU,
ORD-007588,2023-11-20,CUST-00423,cust-00423@lumenmail.com,Lighting,1,564.03,0.05,Paid Search,US,variant
ORD-000476,2024-04-18,CUST-00500,cust-00500@lumenmail.com,Lighting,1,42.28,0.05,Organic,US,
ORD-004048,17/12/2024,CUST-01437,cust-01437@lumenmail.com,Décor,3,63.86,0.0,Paid Search,UK,
ORD-006391,2023-08-27,,guest@lumenmail.com,Accessories,1,166.25,0.0,Organic,CA,
ORD-006300,2024-10-22,CUST-00675,cust-00675@lumenmail.com,Décor,-5,248.07,0.05,Paid Search,US,variant
ORD-001951,2024-03-18,CUST-01527,cust-01527@lumenmail.com,Lighting,6,26.95,0.0,Organic,US,variant
ORD-000609,2023-06-17,CUST-00237,cust-00237@lumenmail.com,Lighting,7,378.03,0.2,Email,UK,variant
ORD-004035,2024-07-28,CUST-01012,cust-01012@lumenmail.com,Furniture,2,242.58,0.0,Email,US,variant
ORD-002096,2024-04-11,CUST-01852,cust-01852@lumenmail.com,Décor,1,790.88,0.15,Paid Search,CA,
ORD-008798,2023-12-28,CUST-02189,cust-02189@lumenmail.com,Lighting,1,204.23,0.0,Paid Search,US,
ORD-005462,21/11/2024,CUST-00231,cust-00231@lumenmail.com,Furniture,1,23.42,0.0,Paid Search,US,control
ORD-007702,2024-07-13,,guest@lumenmail.com,Décor,3,92.22,0.0,Organic,US,
ORD-000759,2024-02-16,CUST-01055,cust-01055@lumenmail.com,Furniture,1,7.45,0.0,Organic,CA,control
ORD-004705,2024-11-14,CUST-01322,cust-01322@lumenmail.com,Décor,4,743.95,0.0,Paid Search,US,
ORD-001572,2024-12-27,CUST-02620,cust-02620@lumenmail.com,Décor,1,711.84,0.0,Paid Search,US,
ORD-006040,2024-03-22,CUST-00508,cust-00508@lumenmail.com,Lighting,2,27.31,0.15,Email,CA,control
ORD-004724,2023-11-24,CUST-01590,cust-01590@lumenmail.com,Décor,1,177.51,0.0,Email,US,control
ORD-007606,2023-08-02,CUST-01857,cust-01857@lumenmail.com,Lighting,1,752.15,0.2,Paid Search,US,control
ORD-000362,31/08/2024,CUST-01953,cust-01953@lumenmail.com,Décor,2,76.14,0.05,Email,US,variant
ORD-008703,23/06/2023,CUST-01287,cust-01287@lumenmail.com,Furniture,1,57.28,0.05,Email,US,control
ORD-007733,2023-11-04,CUST-02755,cust-02755@lumenmail.com,Décor,1,93.4,0.05,Social,US,variant
ORD-003973,2024-02-22,CUST-01314,cust-01314@lumenmail.com,Lighting,1,473.52,0.1,Paid Search,US,variant
ORD-004278,2024-04-14,CUST-00800,cust-00800@lumenmail.com,Outdoor,1,70.81,0.1,Organic,US,control
ORD-000175,2024-02-27,CUST-00628,cust-00628@lumenmail.com,Lighting,1,34.12,0.05,Organic,US,
ORD-005373,2024-08-22,CUST-01528,cust-01528@lumenmail.com,Furniture,2,21.28,0.05,Social,UK,control
ORD-007134,2024-04-30,CUST-00408,cust-00408@lumenmail.com,Décor,4,696.75,0.1,Email,CA,
ORD-007096,2023-07-02,,guest@lumenmail.com,Lighting,5,55.29,0.1,Paid Search,UK,control
ORD-008531,2024-01-10,CUST-00592,cust-00592@lumenmail.com,Furniture,2,105.64,0.05,Email,CA,control
ORD-004032,2024-11-26,CUST-00395,cust-00395@lumenmail.com,Outdoor,6,175.0,0.1,Email,UK,control
ORD-002665,,CUST-01325,cust-01325@lumenmail.com,Accessories,3,9.15,0.05,Social,US,control
ORD-005801,2023-07-02,CUST-00024,cust-00024@lumenmail.com,Outdoor,2,90.83,0.0,Email,US,
ORD-007952,2024-03-06,CUST-00931,cust-00931@lumenmail.com,Accessories,1,45.25,0.05,Social,US,
ORD-002699,2023-08-12,CUST-00329,cust-00329@lumenmail.com,Furniture,2,98.8,0.05,Email,US,control
ORD-007426,2024-10-18,CUST-02913,cust-02913@lumenmail.com,Décor,4,24.04,0.0,Paid Search,US,
ORD-004479,25/12/2024,,guest@lumenmail.com,Outdoor,7,127.48,0.0,Email,US,control
ORD-003837,2024-10-05,CUST-02150,cust-02150@lumenmail.com,Lighting,1,78.5,0.2,Paid Search,UK,
ORD-003886,27/12/2023,CUST-01774,cust-01774@lumenmail.com,Décor,-1,160.65,0.15,Email,US,
ORD-001201,2024-09-24,CUST-01570,cust-01570@lumenmail.com,Furniture,4,50.86,0.0,Email,US,control
ORD-004853,2023-12-08,CUST-02742,cust-02742@lumenmail.com,Outdoor,1,110.4,0.05,Social,US,variant
ORD-003738,2024-12-29,CUST-00648,cust-00648@lumenmail.com,Décor,3,125.54,0.0,Email,US,
ORD-002817,2024-04-30,,guest@lumenmail.com,Décor,2,125.24,0.0,Paid Search,US,control
ORD-000321,2024-05-29,CUST-00433,cust-00433@lumenmail.com,Furniture,1,25.01,0.0,Email,US,variant
ORD-007387,2023-10-18,CUST-01371,cust-01371@lumenmail.com,Lighting,1,354.36,0.25,Organic,US,variant
ORD-008230,2024-03-17,CUST-01842,cust-01842@lumenmail.com,Décor,2,50.01,0.0,Paid Search,AU,control
ORD-002775,2023-12-06,CUST-01218,cust-01218@lumenmail.com,Lighting,-1,38.07,0.2,Organic,US,control
ORD-004651,2023-12-28,CUST-00362,cust-00362@lumenmail.com,Lighting,3,39.87,0.0,,US,variant
ORD-005993,2024-01-16,CUST-01022,cust-01022@lumenmail.com,Lighting,1,122.96,0.05,Paid Search,UK,control
ORD-000892,2024-05-30,CUST-01170,cust-01170@lumenmail.com,Outdoor,1,180.02,0.0,Organic,ZZ,control
ORD-003347,2024-12-05,CUST-01754,cust-01754@lumenmail.com,Lighting,1,17.69,0.0,Organic,US,
ORD-000826,2024-08-31,CUST-00742,cust-00742@lumenmail.com,Accessories,1,42.8,0.05,Paid Search,CA,
ORD-002396,2024-09-05,CUST-02608,cust-02608@lumenmail.com,Décor,2,70.11,0.2,Social,US,
ORD-001168,2024-11-26,CUST-01275,cust-01275@lumenmail.com,Décor,1,195.89,0.1,Paid Search,US,control
ORD-000571,2024-04-04,CUST-01598,cust-01598@lumenmail.com,Lighting,1,20.41,0.2,Organic,US,
ORD-007591,11/12/2024,CUST-02725,cust-02725@lumenmail.com,Décor,1,35.47,0.0,Email,US,control
ORD-005759,04/08/2024,CUST-00722,cust-00722@lumenmail.com,Décor,2,187.93,0.1,Paid Search,US,control
ORD-003237,2024-08-12,CUST-02072,cust-02072@lumenmail.com,Décor,2,40.74,0.15,Social,US,variant
ORD-003604,2024-03-13,CUST-01310,cust-01310@lumenmail.com,Décor,1,103.66,0.0,Email,US,
ORD-002004,22/06/2023,CUST-02943,cust-02943@lumenmail.com,Décor,2,158.61,0.0,Email,US,control
ORD-005063,2023-09-13,CUST-00159,cust-00159@lumenmail.com,Outdoor,2,505.94,0.05,Paid Search,CA,control
ORD-000658,2023-07-02,CUST-02196,cust-02196@lumenmail.com,Lighting,3,46.15,0.0,Paid Search,US,
ORD-008384,2023-12-10,CUST-01417,cust-01417@lumenmail.com,Décor,2,25.11,0.0,Paid Search,CA,control
ORD-001660,2024-03-13,CUST-01216,cust-01216@lumenmail.com,Décor,2,26.73,0.15,Email,US,control
ORD-002628,18/07/2023,CUST-01750,cust-01750@lumenmail.com,Lighting,2,60.02,0.05,Paid Search,US,variant
ORD-008554,2024-01-20,CUST-00602,cust-00602@lumenmail.com,Outdoor,-2,14.99,0.0,Organic,US,
ORD-008496,2024-03-24,CUST-02445,cust-02445@lumenmail.com,Décor,2,35.83,0.15,Paid Search,CA,control
ORD-004023,2023-09-08,CUST-02838,cust-02838@lumenmail.com,Lighting,2,163.75,0.0,Paid Search,US,variant
ORD-004223,06/04/2024,CUST-01511,cust-01511@lumenmail.com,Outdoor,1,16.57,0.2,Email,US,variant
ORD-001655,2024-09-19,CUST-00819,cust-00819@lumenmail.com,Outdoor,2,338.89,0.2,Organic,US,variant
ORD-002309,2023-06-17,CUST-02205,cust-02205@lumenmail.com,Lighting,2,37.47,0.05,Paid Search,CA,control
ORD-005400,2024-09-10,CUST-02823,cust-02823@lumenmail.com,Lighting,3,138.06,0.05,Organic,US,control
ORD-002917,2024-04-17,CUST-01184,cust-01184@lumenmail.com,Lighting,1,94.97,0.0,Paid Search,CA,control
ORD-002313,2024-07-01,CUST-00554,cust-00554@lumenmail.com,Lighting,2,70.14,0.2,,US,variant
ORD-006448,2023-11-22,CUST-01136,cust-01136@lumenmail.com,Décor,5,73.86,0.0,Paid Search,US,
ORD-003869,2024-11-30,CUST-00280,cust-00280@lumenmail.com,Lighting,1,170.24,0.0,Paid Search,UK,
ORD-000943,2024-05-05,,guest@lumenmail.com,Furniture,2,173.39,0.0,Paid Search,UK,
ORD-008499,2024-06-02,CUST-00503,cust-00503@lumenmail.com,Furniture,2,41.48,0.15,Social,US,
ORD-005112,2024-08-25,,guest@lumenmail.com,Décor,1,5.87,0.05,Email,UK,
ORD-000498,2024-12-09,CUST-00482,cust-00482@lumenmail.com,Outdoor,2,37.51,0.15,Paid Search,US,variant
ORD-005927,02/06/2024,CUST-00661,cust-00661@lumenmail.com,Accessories,1,86.39,0.1,Paid Search,US,
ORD-000312,2024-10-29,CUST-00585,cust-00585@lumenmail.com,Lighting,1,148.74,0.15,Organic,UK,
ORD-005636,2024-09-09,CUST-00671,cust-00671@lumenmail.com,Lighting,1,46.73,0.1,Organic,US,
ORD-008512,2023-07-30,CUST-01944,cust-01944@lumenmail.com,Décor,2,97.97,0.15,Organic,US,variant
ORD-009028,2023-11-09,CUST-01066,cust-01066@lumenmail.com,Outdoor,2,133.64,0.0,Organic,AU,variant
ORD-000316,2024-07-28,CUST-00348,cust-00348@lumenmail.com,Accessories,1,34.02,0.15,Paid Search,US,
ORD-001455,24/11/2024,CUST-02170,cust-02170@lumenmail.com,Décor,3,97.79,0.2,Organic,US,variant
ORD-002487,2024-02-18,CUST-02933,cust-02933@lumenmail.com,Décor,2,199.25,0.05,Organic,US,control
ORD-004701,2024-09-22,CUST-01666,cust-01666@lumenmail.com,Furniture,5,73.25,0.0,Paid Search,US,
ORD-004392,2024-08-30,CUST-02162,cust-02162@lumenmail.com,Décor,2,32.96,0.05,Organic,US,control
ORD-002198,2024-06-30,CUST-01967,cust-01967@lumenmail.com,Lighting,1,42.8,0.05,Paid Search,US,variant
ORD-004516,2024-02-08,CUST-01830,cust-01830@lumenmail.com,Furniture,1,89.16,0.0,Email,CA,
ORD-000509,2024-06-29,CUST-01533,cust-01533@lumenmail.com,Accessories,1,76.33,0.2,Paid Search,AU,
ORD-004901,2024-07-19,CUST-02415,cust-02415@lumenmail.com,Décor,3,127.96,0.1,Social,US,control
ORD-004596,11/08/2024,CUST-01937,cust-01937@lumenmail.com,Accessories,1,235.9,0.0,Social,AU,variant
ORD-005678,29/09/2023,CUST-02269,cust-02269@lumenmail.com,Furniture,1,368.25,0.1,Email,US,variant
ORD-006767,2024-12-06,CUST-00003,cust-00003@lumenmail.com,Furniture,1,381.51,0.1,Email,US,variant
ORD-008068,2024-11-22,CUST-02067,cust-02067@lumenmail.com,Lighting,1,55.87,0.0,Organic,CA,control
ORD-003879,2024-01-23,CUST-01835,cust-01835@lumenmail.com,Furniture,1,68.47,0.0,Social,ZZ,variant
ORD-000415,2023-06-19,CUST-02224,cust-02224@lumenmail.com,Outdoor,3,183.32,0.0,Paid Search,US,
ORD-008738,09/05/2024,CUST-01460,cust-01460@lumenmail.com,Décor,2,9.13,0.2,Paid Search,US,variant
ORD-001693,2024-11-04,,guest@lumenmail.com,Lighting,1,238.44,0.0,Social,UK,control
ORD-001613,2024-09-25,CUST-00377,cust-00377@lumenmail.com,Décor,2,45.66,0.0,Email,US,
ORD-006058,2024-03-09,CUST-02055,cust-02055@lumenmail.com,Furniture,2,69.42,0.2,Organic,US,
ORD-008843,2024-12-03,CUST-02858,cust-02858@lumenmail.com,Furniture,5,146.18,0.0,Organic,US,variant
ORD-008704,2023-12-29,CUST-01627,cust-01627@lumenmail.com,Décor,1,600.63,0.1,,US,control
ORD-002178,2024-03-13,CUST-00331,cust-00331@lumenmail.com,Furniture,2,390.7,0.0,Organic,US,control
ORD-007825,2024-02-21,CUST-00866,cust-00866@lumenmail.com,Décor,4,22.91,0.0,Organic,ZZ,
ORD-000989,06/10/2024,CUST-02239,cust-02239@lumenmail.com,Accessories,1,54.66,0.2,Paid Search,CA,variant
ORD-003119,2023-12-20,CUST-02693,cust-02693@lumenmail.com,Lighting,6,0.0,0.0,Organic,US,control
ORD-003467,2023-07-01,CUST-01960,cust-01960@lumenmail.com,Décor,1,95.67,0.0,Paid Search,US,control
ORD-009551,2023-11-16,CUST-00720,cust-00720@lumenmail.com,Lighting,2,17.6,0.0,Paid Search,US,
ORD-005137,,CUST-01623,cust-01623@lumenmail.com,Lighting,2,56.92,0.25,Organic,US,variant
ORD-006871,2024-02-29,,guest@lumenmail.com,Lighting,1,42.88,0.05,Social,US,
ORD-006147,2024-03-19,CUST-00425,cust-00425@lumenmail.com,Accessories,6,48.24,0.0,Social,US,control
ORD-008640,2024-03-02,CUST-02693,cust-02693@lumenmail.com,Décor,1,188.8,0.05,,US,variant
ORD-005533,2023-06-16,,guest@lumenmail.com,Lighting,1,7.59,0.0,Social,US,control
ORD-006987,2023-09-24,CUST-02655,cust-02655@lumenmail.com,Lighting,1,15.81,0.05,Social,US,control
ORD-007488,2024-09-27,CUST-00427,cust-00427@lumenmail.com,Décor,1,73.61,0.1,Paid Search,US,variant
ORD-006295,2023-08-21,CUST-02494,cust-02494@lumenmail.com,Lighting,-7,30.39,0.1,Organic,US,
ORD-003292,2024-10-04,CUST-00035,cust-00035@lumenmail.com,Outdoor,3,398.16,0.05,Email,US,control
ORD-006705,2023-10-11,CUST-02891,cust-02891@lumenmail.com,Lighting,6,589.09,0.1,Organic,ZZ,
ORD-004759,2023-07-29,CUST-02037,cust-02037@lumenmail.com,Lighting,1,93.9,0.0,Paid Search,US,
ORD-005183,2024-12-04,CUST-01284,cust-01284@lumenmail.com,Lighting,1,32.06,0.0,Organic,US,
ORD-007466,2023-12-30,CUST-00393,cust-00393@lumenmail.com,Lighting,1,46.6,0.1,Social,UK,variant
ORD-001980,25/09/2024,CUST-01885,cust-01885@lumenmail.com,Furniture,3,395.96,0.0,Paid Search,US,variant
ORD-005851,2024-06-23,CUST-02377,cust-02377@lumenmail.com,Décor,1,278.74,0.0,Paid Search,US,control
ORD-008706,13/03/2024,CUST-00823,cust-00823@lumenmail.com,Lighting,1,118.97,0.05,Email,CA,control
ORD-002731,2024-01-26,CUST-01769,cust-01769@lumenmail.com,Lighting,1,760.76,0.2,Paid Search,UK,control
ORD-001800,2024-06-15,CUST-01771,cust-01771@lumenmail.com,Accessories,1,231.64,0.0,Paid Search,US,variant
ORD-009307,2024-07-03,CUST-02719,cust-02719@lumenmail.com,Lighting,1,342.37,0.05,Paid Search,ZZ,
ORD-004886,2024-07-06,CUST-02850,cust-02850@lumenmail.com,Accessories,1,18.79,0.1,Social,US,variant
ORD-006134,2024-10-08,CUST-02912,cust-02912@lumenmail.com,Décor,5,196.71,0.05,Paid Search,US,
ORD-000902,2023-10-21,CUST-00446,cust-00446@lumenmail.com,Lighting,1,53.17,0.1,Email,US,variant
ORD-001765,2023-08-15,CUST-01546,cust-01546@lumenmail.com,Décor,1,65.3,0.2,Email,US,
ORD-003218,08/05/2024,,guest@lumenmail.com,Décor,4,25.68,0.0,Email,UK,control
ORD-005145,2023-08-13,CUST-01576,cust-01576@lumenmail.com,Lighting,3,13.53,0.0,Email,UK,control
ORD-004403,2023-06-15,CUST-01604,cust-01604@lumenmail.com,Outdoor,-1,67.23,0.1,Paid Search,US,variant
ORD-009419,2024-01-01,CUST-01293,cust-01293@lumenmail.com,Furniture,1,35.88,0.1,Email,CA,
ORD-003732,2024-09-14,CUST-01408,cust-01408@lumenmail.com,Lighting,2,73.67,0.0,Email,US,control
ORD-007400,2023-12-07,,guest@lumenmail.com,Furniture,3,308.99,0.0,Email,UK,
ORD-005090,2023-07-13,CUST-01011,cust-01011@lumenmail.com,Lighting,1,35.74,0.0,Paid Search,US,
ORD-006557,2023-08-04,CUST-02428,cust-02428@lumenmail.com,Décor,2,50.66,0.0,Organic,US,control
ORD-009250,2024-07-24,CUST-01196,cust-01196@lumenmail.com,Accessories,1,313.47,0.1,Organic,CA,control
ORD-008760,2023-07-10,CUST-01583,cust-01583@lumenmail.com,Décor,2,101.39,0.05,Email,US,variant
ORD-005477,2023-06-25,CUST-00615,cust-00615@lumenmail.com,Décor,7,9.85,0.0,Paid Search,US,
ORD-007871,2023-12-15,CUST-00599,cust-00599@lumenmail.com,Lighting,2,293.56,0.0,Paid Search,US,control
ORD-003891,2024-03-24,,guest@lumenmail.com,Outdoor,1,38.76,0.05,Organic,US,variant
ORD-001672,13/07/2024,CUST-02070,cust-02070@lumenmail.com,Outdoor,1,33.13,0.0,Social,US,control
ORD-004064,22/10/2024,,guest@lumenmail.com,Décor,1,28.67,0.05,Social,US,
ORD-002043,2023-09-18,CUST-02967,cust-02967@lumenmail.com,Accessories,1,484.97,0.0,Social,ZZ,
ORD-009398,2024-01-26,CUST-02595,cust-02595@lumenmail.com,Accessories,1,366.17,0.1,Organic,US,variant
ORD-001789,2023-09-07,CUST-02459,cust-02459@lumenmail.com,Lighting,1,49.51,0.0,Organic,US,
ORD-006042,23/07/2023,CUST-01679,cust-01679@lumenmail.com,Décor,1,85.25,0.0,Social,US,variant
ORD-006109,2023-11-26,CUST-02805,cust-02805@lumenmail.com,Décor,2,302.62,0.05,Paid Search,US,control
ORD-003147,10/12/2023,CUST-02996,cust-02996@lumenmail.com,Lighting,1,170.53,0.05,Paid Search,US,variant
ORD-001502,2024-02-28,CUST-02885,cust-02885@lumenmail.com,Lighting,1,135.84,0.0,Email,AU,control
ORD-005057,04/01/2024,CUST-01280,cust-01280@lumenmail.com,Décor,2,153.41,0.0,Paid Search,CA,
ORD-005379,2023-08-15,CUST-02207,cust-02207@lumenmail.com,Furniture,1,390.63,0.2,Social,AU,variant
ORD-003383,2024-06-19,CUST-00083,cust-00083@lumenmail.com,Lighting,1,32.52,0.1,Paid Search,US,control
ORD-001683,2024-04-11,CUST-00681,cust-00681@lumenmail.com,Outdoor,1,226.79,0.05,Organic,US,control
ORD-004602,2023-07-27,CUST-01211,cust-01211@lumenmail.com,Lighting,4,23.8,0.0,Organic,US,
ORD-003939,09/11/2024,CUST-02283,cust-02283@lumenmail.com,Furniture,1,22.26,0.0,Email,US,variant
ORD-007315,2024-09-13,CUST-00792,cust-00792@lumenmail.com,Lighting,1,300.75,0.0,Paid Search,US,variant
ORD-006173,2023-11-01,CUST-02194,cust-02194@lumenmail.com,Lighting,2,90.8,0.25,Organic,US,variant
ORD-006828,2024-09-05,CUST-02651,cust-02651@lumenmail.com,Lighting,1,66.91,0.0,Organic,US,
ORD-005196,2024-10-31,CUST-01581,cust-01581@lumenmail.com,Furniture,7,306.14,0.1,Email,US,
ORD-002651,2024-07-26,CUST-01046,cust-01046@lumenmail.com,Lighting,3,130.2,0.15,Organic,US,control
ORD-001270,2023-11-10,CUST-01229,cust-01229@lumenmail.com,Outdoor,1,11.71,0.1,Email,US,
ORD-003076,2024-06-11,CUST-01569,cust-01569@lumenmail.com,Décor,1,45.06,0.0,Email,US,control
ORD-002700,2023-07-23,CUST-01031,cust-01031@lumenmail.com,Décor,1,23.43,0.0,Email,UK,
ORD-007206,2023-09-17,CUST-02283,cust-02283@lumenmail.com,Lighting,1,752.81,0.0,Paid Search,US,
ORD-003776,2024-06-10,CUST-00335,cust-00335@lumenmail.com,Accessories,1,20.13,0.15,Paid Search,US,
ORD-005080,2024-04-27,CUST-02449,cust-02449@lumenmail.com,Lighting,4,31.17,0.0,Paid Search,US,
ORD-000661,2024-12-19,CUST-01809,cust-01809@lumenmail.com,Furniture,2,9.6,0.15,Paid Search,US,
ORD-000791,01/09/2023,,guest@lumenmail.com,Furniture,1,46.41,0.2,Email,US,
ORD-003443,2024-04-29,CUST-00524,cust-00524@lumenmail.com,Lighting,1,30.4,0.0,Email,US,
ORD-007058,21/02/2024,CUST-00372,cust-00372@lumenmail.com,Décor,1,576.47,0.0,Email,US,control
ORD-004302,2024-06-19,CUST-01668,cust-01668@lumenmail.com,Décor,2,43.01,0.0,Paid Search,UK,
ORD-007615,2023-08-18,CUST-01578,cust-01578@lumenmail.com,Furniture,6,80.95,0.1,Social,US,variant
ORD-006763,2024-11-03,CUST-00783,cust-00783@lumenmail.com,Lighting,4,197.17,0.15,Social,CA,variant
ORD-003692,2023-10-01,CUST-01589,cust-01589@lumenmail.com,Accessories,2,8.1,0.05,Organic,US,control
ORD-006144,2024-12-22,CUST-00390,cust-00390@lumenmail.com,Lighting,1,75.08,0.0,Email,CA,
ORD-003579,2024-06-26,CUST-01507,cust-01507@lumenmail.com,Lighting,1,479.79,0.0,Paid Search,US,variant
ORD-006162,26/11/2023,CUST-00263,cust-00263@lumenmail.com,Décor,1,67.16,0.1,Social,US,
ORD-004472,2024-02-18,CUST-01632,cust-01632@lumenmail.com,Lighting,7,62.18,0.05,,AU,
ORD-001297,2024-05-29,CUST-00385,cust-00385@lumenmail.com,Furniture,1,7.67,0.15,Email,US,
ORD-001526,2024-09-23,CUST-02150,cust-02150@lumenmail.com,Lighting,2,37.43,0.0,Email,US,control
ORD-007176,2023-07-11,CUST-00664,cust-00664@lumenmail.com,Furniture,1,36.98,0.1,Email,UK,
ORD-006584,2023-12-06,CUST-02129,cust-02129@lumenmail.com,Outdoor,-2,28.32,0.1,Social,AU,control
ORD-000778,2024-04-29,CUST-00882,cust-00882@lumenmail.com,Lighting,1,105.61,0.1,Email,US,control
ORD-000478,06/06/2023,CUST-02999,cust-02999@lumenmail.com,Décor,2,172.2,0.0,Social,US,variant
ORD-009213,18/07/2023,CUST-01580,cust-01580@lumenmail.com,Accessories,1,637.13,0.0,Email,CA,control
ORD-004280,2024-06-06,CUST-01745,cust-01745@lumenmail.com,Décor,1,31.45,0.2,Organic,CA,variant
ORD-008436,2023-07-23,CUST-01045,cust-01045@lumenmail.com,Furniture,1,9.46,0.0,Paid Search,US,control
ORD-002528,2023-10-25,CUST-02396,cust-02396@lumenmail.com,Outdoor,1,84.07,0.05,Organic,US,
ORD-008185,31/08/2023,CUST-02990,cust-02990@lumenmail.com,Lighting,2,42.32,0.1,Paid Search,CA,
ORD-009082,2024-05-28,CUST-02797,cust-02797@lumenmail.com,Accessories,3,27.5,0.15,Organic,US,variant
ORD-006123,2024-07-18,CUST-02215,cust-02215@lumenmail.com,Accessories,1,150.29,0.0,Social,CA,
ORD-004065,2024-04-30,CUST-00372,cust-00372@lumenmail.com,Décor,1,148.83,0.05,Organic,US,
ORD-001912,2023-11-11,CUST-01291,cust-01291@lumenmail.com,Accessories,6,77.14,0.0,Paid Search,CA,control
ORD-003659,2023-06-16,CUST-00336,cust-00336@lumenmail.com,Furniture,2,21.95,0.15,Paid Search,CA,control
ORD-008047,05/12/2024,CUST-00930,cust-00930@lumenmail.com,Outdoor,1,623.52,0.05,Organic,US,variant
ORD-008145,14/12/2024,CUST-00976,cust-00976@lumenmail.com,Furniture,2,90.03,0.05,Email,US,
ORD-007688,2024-01-31,CUST-02494,cust-02494@lumenmail.com,Lighting,1,150.59,0.05,Email,CA,
ORD-005344,2024-07-12,CUST-01415,cust-01415@lumenmail.com,Décor,2,685.53,0.0,Organic,CA,control
ORD-003299,2024-11-08,CUST-01887,cust-01887@lumenmail.com,Lighting,1,10.88,0.1,Paid Search,UK,variant
ORD-006196,2024-08-28,CUST-02885,cust-02885@lumenmail.com,Lighting,1,307.84,0.0,Organic,US,
ORD-004322,03/12/2024,CUST-02127,cust-02127@lumenmail.com,Lighting,1,698.46,0.25,Paid Search,US,variant
ORD-004104,2023-08-08,CUST-02020,cust-02020@lumenmail.com,Décor,4,41.86,0.0,Email,US,
ORD-001665,2024-08-15,CUST-01005,cust-01005@lumenmail.com,Outdoor,1,68.35,0.1,Organic,CA,
ORD-003596,2024-11-01,CUST-00852,cust-00852@lumenmail.com,Lighting,3,52.43,0.05,Email,US,
ORD-005579,2024-10-26,CUST-01521,cust-01521@lumenmail.com,Lighting,4,609.45,0.2,Social,US,
ORD-003365,2024-08-22,CUST-00588,cust-00588@lumenmail.com,Outdoor,1,12.44,0.0,Paid Search,US,
ORD-000663,2023-08-17,CUST-01111,cust-01111@lumenmail.com,Furniture,2,132.25,0.0,Email,UK,
ORD-004303,2024-05-29,CUST-00341,cust-00341@lumenmail.com,Lighting,5,0.0,0.0,Email,CA,control
ORD-003341,2023-09-29,CUST-02506,cust-02506@lumenmail.com,Accessories,1,191.51,0.05,Email,UK,
ORD-001321,2024-10-09,CUST-00902,cust-00902@lumenmail.com,Décor,1,32.85,0.1,Paid Search,US,
ORD-007626,2023-11-22,CUST-02290,cust-02290@lumenmail.com,Furniture,5,751.59,0.0,Email,US,control
ORD-003884,2023-12-10,CUST-02253,cust-02253@lumenmail.com,Accessories,2,40.02,0.05,Organic,US,variant
ORD-000709,2024-03-08,CUST-01590,cust-01590@lumenmail.com,Accessories,1,5.14,0.0,Social,AU,
ORD-006307,2024-08-12,CUST-01775,cust-01775@lumenmail.com,Lighting,4,81.49,0.1,Paid Search,US,variant
ORD-004897,2023-08-28,CUST-02359,cust-02359@lumenmail.com,Furniture,1,63.01,0.25,Organic,US,variant
ORD-005129,2023-10-15,CUST-00137,cust-00137@lumenmail.com,Outdoor,2,21.77,0.1,Organic,CA,variant
ORD-009412,2024-09-10,,guest@lumenmail.com,Lighting,3,22.81,0.0,Paid Search,US,
ORD-000754,2024-02-13,CUST-02946,cust-02946@lumenmail.com,Furniture,2,21.43,0.0,Organic,CA,control
ORD-003665,2024-10-08,CUST-02287,cust-02287@lumenmail.com,Lighting,1,195.1,0.05,Paid Search,CA,control
ORD-006742,2024-07-13,CUST-00986,cust-00986@lumenmail.com,Lighting,1,146.33,0.2,Email,US,
ORD-001731,2023-06-02,CUST-02370,cust-02370@lumenmail.com,Décor,1,65.33,0.15,,CA,variant
ORD-009380,2024-11-03,CUST-02732,cust-02732@lumenmail.com,Lighting,1,5.52,0.1,Social,US,control
ORD-001941,2023-07-01,CUST-00394,cust-00394@lumenmail.com,Lighting,2,485.99,0.05,Social,CA,variant
ORD-000497,2023-08-17,CUST-01066,cust-01066@lumenmail.com,Furniture,2,12.01,0.05,Paid Search,AU,
ORD-002674,2024-12-30,CUST-02012,cust-02012@lumenmail.com,Lighting,1,33.17,0.0,Paid Search,US,control
ORD-008381,22/08/2024,CUST-00533,cust-00533@lumenmail.com,Décor,4,38.44,0.05,Organic,US,
ORD-008378,2024-12-22,CUST-01301,cust-01301@lumenmail.com,Furniture,1,45.37,0.0,Paid Search,US,control
ORD-008999,2024-09-13,CUST-02808,cust-02808@lumenmail.com,Décor,2,7.25,0.1,Social,US,
ORD-004866,2024-06-23,CUST-00950,cust-00950@lumenmail.com,Décor,2,116.19,0.0,Social,US,control
ORD-007122,2024-04-19,CUST-01048,cust-01048@lumenmail.com,Lighting,2,59.52,0.1,Organic,US,
ORD-001087,2024-10-14,,guest@lumenmail.com,Outdoor,3,74.15,0.0,Organic,US,control
ORD-007237,2024-12-27,CUST-00529,cust-00529@lumenmail.com,Lighting,4,58.45,0.1,,US,control
ORD-007542,2023-08-21,CUST-00690,cust-00690@lumenmail.com,Outdoor,7,117.13,0.0,,CA,
ORD-008988,2024-06-03,CUST-00098,cust-00098@lumenmail.com,Furniture,2,235.46,0.0,,US,variant
ORD-000562,2024-11-06,CUST-01556,cust-01556@lumenmail.com,Lighting,-4,23.76,0.0,Social,UK,control
ORD-005738,2023-12-27,CUST-02740,cust-02740@lumenmail.com,Lighting,2,117.12,0.0,,ZZ,
ORD-005416,2024-03-06,CUST-00729,cust-00729@lumenmail.com,Lighting,2,138.71,0.15,Email,US,variant
ORD-005647,,CUST-01377,cust-01377@lumenmail.com,Lighting,7,60.98,0.0,Social,US,
ORD-007396,2023-08-18,CUST-02315,cust-02315@lumenmail.com,Lighting,1,306.35,0.0,Paid Search,AU,variant
ORD-004139,2024-06-20,CUST-00350,cust-00350@lumenmail.com,Accessories,6,443.9,0.0,Email,US,
ORD-005465,2023-11-27,CUST-02083,cust-02083@lumenmail.com,Décor,2,48.57,0.05,Email,UK,variant
ORD-001719,2023-11-06,CUST-02304,cust-02304@lumenmail.com,Furniture,4,143.37,0.0,Organic,US,variant
ORD-001971,2024-12-06,,guest@lumenmail.com,Lighting,1,13.48,0.0,Email,US,variant
ORD-000950,2024-07-02,CUST-00388,cust-00388@lumenmail.com,Furniture,1,11.14,0.0,Paid Search,US,variant
ORD-005615,2023-06-18,CUST-00590,cust-00590@lumenmail.com,Furniture,3,24.67,0.0,Email,US,variant
ORD-008279,2024-11-12,CUST-02440,cust-02440@lumenmail.com,Furniture,1,25.89,0.0,Paid Search,US,
ORD-007578,2024-07-02,CUST-00276,cust-00276@lumenmail.com,Lighting,5,194.95,0.1,Paid Search,US,control
ORD-003077,2024-11-27,CUST-00057,cust-00057@lumenmail.com,Lighting,4,125.12,0.0,Email,US,control
ORD-000434,2024-09-10,CUST-00597,cust-00597@lumenmail.com,Lighting,1,35.37,0.2,Paid Search,US,variant
ORD-002353,2023-11-17,CUST-00688,cust-00688@lumenmail.com,Décor,1,12.49,0.05,Paid Search,US,control
ORD-006802,2023-07-03,CUST-01314,cust-01314@lumenmail.com,Décor,3,94.09,0.05,Email,US,variant
ORD-006237,2023-09-29,CUST-01483,cust-01483@lumenmail.com,Lighting,1,74.18,0.15,Organic,AU,
ORD-003437,2023-06-20,CUST-02947,cust-02947@lumenmail.com,Accessories,1,191.07,0.15,Organic,US,
ORD-001840,2024-12-03,CUST-00828,cust-00828@lumenmail.com,Décor,1,380.28,0.0,Organic,US,control
ORD-003505,,CUST-01538,cust-01538@lumenmail.com,Lighting,7,195.09,0.05,Organic,US,
ORD-008377,2024-07-04,CUST-01801,cust-01801@lumenmail.com,Furniture,1,30.75,0.0,Paid Search,CA,
ORD-002618,2024-10-12,CUST-01157,cust-01157@lumenmail.com,Lighting,2,93.06,0.1,Social,US,
ORD-007930,2024-05-17,CUST-02130,cust-02130@lumenmail.com,Furniture,2,182.01,0.25,Organic,US,
ORD-001024,2023-09-05,CUST-02838,cust-02838@lumenmail.com,Décor,3,544.01,0.0,Paid Search,CA,control
ORD-008064,2024-08-02,CUST-00619,cust-00619@lumenmail.com,Lighting,1,64.55,0.0,Email,US,
ORD-004306,2024-01-24,,guest@lumenmail.com,Lighting,1,537.13,0.05,Email,US,control
ORD-004345,2024-11-19,CUST-00157,cust-00157@lumenmail.com,Outdoor,2,690.53,0.0,Paid Search,ZZ,
ORD-008110,2023-12-15,CUST-02299,cust-02299@lumenmail.com,Furniture,3,290.97,0.15,Organic,UK,
ORD-006835,2024-07-31,CUST-02711,cust-02711@lumenmail.com,Furniture,1,65.85,0.05,Email,US,variant
ORD-008752,2024-12-27,CUST-02274,cust-02274@lumenmail.com,Lighting,7,109.77,0.0,Paid Search,US,
ORD-007580,2024-10-24,CUST-01333,cust-01333@lumenmail.com,Décor,1,12.63,0.0,Email,AU,
ORD-000888,2023-11-07,CUST-01906,cust-01906@lumenmail.com,Outdoor,2,63.34,0.05,Organic,US,
ORD-005296,2024-06-16,CUST-01058,cust-01058@lumenmail.com,Lighting,1,195.74,0.0,Social,UK,
ORD-008549,2023-12-29,CUST-01250,cust-01250@lumenmail.com,Décor,1,50.85,0.05,Paid Search,US,variant
ORD-004391,2023-06-20,CUST-02248,cust-02248@lumenmail.com,Accessories,1,780.84,0.25,Email,ZZ,control
ORD-005762,2024-09-05,CUST-01925,cust-01925@lumenmail.com,Outdoor,2,34.06,0.15,Social,CA,control
ORD-004967,2024-09-30,,guest@lumenmail.com,Furniture,5,184.42,0.1,Paid Search,US,
ORD-000917,2023-06-20,CUST-02460,cust-02460@lumenmail.com,Outdoor,3,213.25,0.0,Organic,CA,
ORD-009522,,CUST-02156,cust-02156@lumenmail.com,Furniture,1,26.47,0.05,Email,CA,control
ORD-006452,2024-02-17,CUST-00839,cust-00839@lumenmail.com,Lighting,1,54.83,0.1,Email,US,variant
ORD-003701,2024-10-30,CUST-00844,cust-00844@lumenmail.com,Furniture,3,17.21,0.1,Organic,CA,control
ORD-007654,2024-08-31,CUST-01096,cust-01096@lumenmail.com,Lighting,1,391.23,0.0,Organic,US,variant
ORD-008652,2024-04-22,CUST-01206,cust-01206@lumenmail.com,Furniture,5,29.41,0.1,Paid Search,CA,control
ORD-004761,01/07/2023,CUST-01527,cust-01527@lumenmail.com,Lighting,4,501.55,0.0,Email,US,control
ORD-008080,2024-10-21,CUST-01034,cust-01034@lumenmail.com,Décor,2,414.07,0.25,Organic,US,control
ORD-005252,2024-02-01,,guest@lumenmail.com,Furniture,1,75.72,0.2,Paid Search,CA,control
ORD-000820,2024-11-20,CUST-00239,cust-00239@lumenmail.com,Décor,5,40.62,0.0,,US,variant
ORD-005874,2023-12-25,CUST-02565,cust-02565@lumenmail.com,Lighting,2,328.01,0.05,Organic,CA,variant
ORD-004925,2024-02-27,CUST-01536,cust-01536@lumenmail.com,Accessories,6,59.74,0.0,Email,CA,
ORD-000037,2023-06-08,CUST-01067,cust-01067@lumenmail.com,Lighting,1,343.92,0.0,Email,CA,variant
ORD-004112,2023-12-19,CUST-02908,cust-02908@lumenmail.com,Accessories,1,390.39,0.1,Paid Search,ZZ,variant
ORD-000365,,CUST-00273,cust-00273@lumenmail.com,Décor,1,68.33,0.1,Organic,US,control
ORD-005423,2024-11-09,CUST-01075,cust-01075@lumenmail.com,Furniture,3,235.19,0.2,Email,US,variant
ORD-004141,2023-12-15,CUST-00808,cust-00808@lumenmail.com,Outdoor,1,31.46,0.0,Organic,US,control
ORD-008100,2024-09-15,CUST-01522,cust-01522@lumenmail.com,Lighting,1,267.2,0.25,Social,CA,
ORD-001513,10/07/2023,CUST-00511,cust-00511@lumenmail.com,Décor,1,365.86,0.05,Organic,UK,variant
ORD-005355,29/03/2024,CUST-02990,cust-02990@lumenmail.com,Furniture,1,152.66,0.0,Paid Search,US,variant
ORD-000850,2024-03-14,CUST-01662,cust-01662@lumenmail.com,Décor,1,79.29,0.0,Email,US,
ORD-007200,2023-06-20,CUST-01786,cust-01786@lumenmail.com,Lighting,3,18.89,0.1,Social,US,control
ORD-001221,2024-09-18,CUST-02542,cust-02542@lumenmail.com,Furniture,6,73.0,0.05,Email,US,
ORD-003810,2023-09-08,CUST-02492,cust-02492@lumenmail.com,Lighting,4,179.69,0.0,Email,UK,control
ORD-005034,2024-04-30,CUST-02615,cust-02615@lumenmail.com,Accessories,4,52.68,0.1,Paid Search,US,variant
ORD-001590,2023-08-13,CUST-02055,cust-02055@lumenmail.com,Décor,1,8.25,0.0,Paid Search,UK,control
ORD-002894,2024-07-30,CUST-00568,cust-00568@lumenmail.com,Décor,2,117.92,0.0,Email,US,
ORD-007217,2024-11-08,CUST-00060,cust-00060@lumenmail.com,Accessories,3,5.93,0.1,Organic,UK,
ORD-004497,29/07/2023,CUST-00346,cust-00346@lumenmail.com,Outdoor,-2,0.0,0.0,Email,US,control
ORD-000383,2024-01-13,CUST-02810,cust-02810@lumenmail.com,Furniture,2,116.02,0.2,Paid Search,US,variant
ORD-007483,2024-12-23,CUST-01499,cust-01499@lumenmail.com,Décor,4,59.02,0.0,Organic,US,
ORD-007163,2023-07-11,CUST-00713,cust-00713@lumenmail.com,Furniture,1,44.08,0.05,Paid Search,CA,variant
ORD-008093,2024-02-27,CUST-00432,cust-00432@lumenmail.com,Lighting,3,541.35,0.0,Email,UK,variant
ORD-002148,2023-10-15,CUST-02723,cust-02723@lumenmail.com,Furniture,1,119.78,0.1,Social,US,
ORD-003676,2024-07-20,CUST-01010,cust-01010@lumenmail.com,Lighting,2,160.6,0.1,Organic,CA,control
ORD-002556,2023-07-16,CUST-01898,cust-01898@lumenmail.com,Outdoor,1,120.33,0.05,Paid Search,US,variant
ORD-008271,13/11/2023,CUST-00455,cust-00455@lumenmail.com,Accessories,1,42.62,0.15,Paid Search,US,
ORD-006988,2023-09-25,CUST-00757,cust-00757@lumenmail.com,Accessories,5,73.3,0.05,Email,US,
ORD-004584,2024-08-31,CUST-00001,cust-00001@lumenmail.com,Outdoor,5,90.07,0.05,Organic,US,variant
ORD-002206,2024-03-28,CUST-01367,cust-01367@lumenmail.com,Décor,1,9.36,0.1,Organic,US,control
ORD-000544,2023-11-04,CUST-01171,cust-01171@lumenmail.com,Lighting,4,41.5,0.0,Email,CA,
ORD-006701,,CUST-00265,cust-00265@lumenmail.com,Décor,1,371.87,0.1,Paid Search,CA,
ORD-002712,2024-05-20,CUST-01096,cust-01096@lumenmail.com,Décor,1,32.86,0.05,Email,US,
ORD-000905,2023-08-17,CUST-01013,cust-01013@lumenmail.com,Décor,1,180.89,0.1,Paid Search,US,
ORD-005500,2024-03-08,CUST-01598,cust-01598@lumenmail.com,Décor,4,56.2,0.1,Paid Search,UK,variant
ORD-006603,2024-06-15,CUST-01351,cust-01351@lumenmail.com,Furniture,1,16.18,0.0,Social,US,variant
ORD-001490,2024-06-14,CUST-01373,cust-01373@lumenmail.com,Décor,2,171.54,0.1,Organic,CA,control
ORD-003908,2023-10-06,CUST-00748,cust-00748@lumenmail.com,Lighting,1,55.22,0.05,Organic,US,control
ORD-003253,2024-04-17,CUST-01976,cust-01976@lumenmail.com,Outdoor,2,190.02,0.1,Paid Search,US,control
ORD-001088,14/06/2023,CUST-00542,cust-00542@lumenmail.com,Lighting,1,24.0,0.1,Paid Search,UK,
ORD-003654,2023-06-01,CUST-01732,cust-01732@lumenmail.com,Lighting,1,35.89,0.05,Social,CA,
ORD-004397,27/12/2023,CUST-02635,cust-02635@lumenmail.com,Accessories,1,54.85,0.2,Paid Search,ZZ,control
ORD-000299,2023-06-04,CUST-01208,cust-01208@lumenmail.com,Lighting,2,152.49,0.0,Email,UK,control
ORD-009411,2024-04-18,,guest@lumenmail.com,Décor,1,49.86,0.1,Paid Search,US,
ORD-003915,2024-11-09,CUST-01917,cust-01917@lumenmail.com,Lighting,3,30.05,0.0,Email,US,variant
ORD-005592,19/06/2023,CUST-02377,cust-02377@lumenmail.com,Lighting,1,13.41,0.0,Paid Search,US,variant
ORD-001031,2024-01-23,CUST-01907,cust-01907@lumenmail.com,Accessories,2,59.23,0.0,,US,
ORD-001092,2024-04-06,CUST-00174,cust-00174@lumenmail.com,Lighting,2,33.71,0.0,Paid Search,UK,control
ORD-006755,2023-12-22,CUST-01530,cust-01530@lumenmail.com,Accessories,1,25.67,0.1,Organic,US,control
ORD-007815,2024-06-19,CUST-01620,cust-01620@lumenmail.com,Furniture,1,157.63,0.15,Organic,UK,variant
ORD-007489,2023-12-08,CUST-01743,cust-01743@lumenmail.com,Accessories,3,55.0,0.05,Email,UK,variant
ORD-001138,2023-08-01,CUST-01706,cust-01706@lumenmail.com,Outdoor,2,25.51,0.0,Email,US,control
ORD-004279,2023-09-21,CUST-00851,cust-00851@lumenmail.com,Outdoor,1,80.66,0.0,Email,US,
ORD-006947,2023-11-09,CUST-01932,cust-01932@lumenmail.com,Furniture,1,620.27,0.0,Paid Search,CA,control
ORD-004696,2024-11-05,CUST-02689,cust-02689@lumenmail.com,Décor,-1,51.03,0.1,Organic,US,variant
ORD-007366,2023-06-25,CUST-01907,cust-01907@lumenmail.com,Furniture,3,15.2,0.15,,ZZ,control
ORD-004953,2024-06-17,CUST-01643,cust-01643@lumenmail.com,Lighting,2,70.42,0.25,Paid Search,US,variant
ORD-003169,2024-05-05,CUST-00078,cust-00078@lumenmail.com,Furniture,1,204.46,0.0,Email,US,
ORD-006290,20/12/2023,CUST-00368,cust-00368@lumenmail.com,Accessories,1,66.61,0.0,Email,US,control
ORD-007285,2024-02-29,CUST-02961,cust-02961@lumenmail.com,Lighting,1,641.88,0.05,Organic,CA,variant
ORD-009211,2024-10-21,CUST-01455,cust-01455@lumenmail.com,Outdoor,6,15.46,0.25,Paid Search,US,
ORD-000126,2024-06-08,CUST-02206,cust-02206@lumenmail.com,Décor,2,83.41,0.15,Paid Search,US,
ORD-003759,2023-10-28,CUST-01722,cust-01722@lumenmail.com,Décor,1,438.65,0.15,Email,UK,variant
ORD-004637,26/12/2023,CUST-02566,cust-02566@lumenmail.com,Lighting,3,29.23,0.0,Organic,UK,
ORD-004872,05/12/2023,CUST-02400,cust-02400@lumenmail.com,Accessories,1,72.59,0.1,Social,US,
ORD-005473,31/03/2024,,guest@lumenmail.com,Décor,4,145.5,0.0,Organic,US,
ORD-005267,2023-07-03,CUST-01580,cust-01580@lumenmail.com,Lighting,1,87.53,0.0,Organic,US,variant
ORD-000438,2023-10-26,CUST-01469,cust-01469@lumenmail.com,Lighting,2,33.7,0.05,Organic,US,control
ORD-009335,2023-06-25,CUST-01668,cust-01668@lumenmail.com,Décor,2,219.52,0.05,Paid Search,US,control
ORD-001616,2024-11-01,CUST-02437,cust-02437@lumenmail.com,Furniture,1,122.39,0.05,Social,UK,control
ORD-002453,09/06/2024,CUST-02473,cust-02473@lumenmail.com,Décor,1,43.96,0.0,Paid Search,US,
ORD-005812,2024-07-12,CUST-00663,cust-00663@lumenmail.com,Lighting,3,59.49,0.1,Social,US,
ORD-007962,28/09/2023,CUST-00182,cust-00182@lumenmail.com,Lighting,1,49.33,0.2,Organic,US,
ORD-002005,2024-09-23,CUST-01013,cust-01013@lumenmail.com,Accessories,1,58.1,0.25,Email,US,control
ORD-009268,2024-11-15,CUST-01470,cust-01470@lumenmail.com,Lighting,2,8.28,0.2,Paid Search,AU,
ORD-007014,2024-02-04,CUST-00617,cust-00617@lumenmail.com,Furniture,3,44.54,0.05,Paid Search,US,control
ORD-003625,2024-08-20,CUST-02651,cust-02651@lumenmail.com,Décor,2,172.02,0.1,Organic,US,variant
ORD-001880,2024-04-15,CUST-02059,cust-02059@lumenmail.com,Furniture,1,17.01,0.0,Organic,CA,control
ORD-007880,2024-01-21,CUST-00735,cust-00735@lumenmail.com,Accessories,2,58.47,0.1,Organic,US,
ORD-002918,2024-03-12,CUST-01562,cust-01562@lumenmail.com,Outdoor,1,17.79,0.0,Paid Search,US,
ORD-002030,2024-06-12,CUST-02521,cust-02521@lumenmail.com,Lighting,2,90.03,0.0,Email,US,control
ORD-007739,2024-01-16,CUST-02769,cust-02769@lumenmail.com,Lighting,4,32.77,0.15,Email,US,
ORD-002563,2024-02-10,,guest@lumenmail.com,Furniture,1,256.36,0.0,Organic,US,variant
ORD-001863,11/01/2024,CUST-02077,cust-02077@lumenmail.com,Lighting,2,86.6,0.15,Organic,CA,control
ORD-008833,2023-09-15,CUST-00453,cust-00453@lumenmail.com,Lighting,1,65.95,0.0,Organic,US,
ORD-000495,2023-08-20,CUST-00684,cust-00684@lumenmail.com,Décor,4,41.27,0.15,Organic,US,variant
ORD-007551,2024-09-08,CUST-01993,cust-01993@lumenmail.com,Accessories,1,43.27,0.05,Paid Search,ZZ,control
ORD-003576,2024-12-14,CUST-02757,cust-02757@lumenmail.com,Lighting,1,141.53,0.0,Email,US,variant
ORD-000737,2023-08-24,CUST-02800,cust-02800@lumenmail.com,Décor,5,99.65,0.15,Email,US,
ORD-000796,2024-04-18,CUST-02725,cust-02725@lumenmail.com,Lighting,1,19.41,0.05,Email,US,variant
ORD-000604,22/09/2023,CUST-02916,cust-02916@lumenmail.com,Décor,2,15.79,0.0,Organic,CA,
ORD-008287,2023-10-02,CUST-01226,cust-01226@lumenmail.com,Lighting,3,8.8,0.05,Email,UK,
ORD-000895,2024-09-29,CUST-00959,cust-00959@lumenmail.com,Furniture,2,45.49,0.1,Organic,US,
ORD-005969,2024-09-08,CUST-01903,cust-01903@lumenmail.com,Lighting,2,12.99,0.1,Paid Search,US,
ORD-008126,2024-04-13,CUST-01979,cust-01979@lumenmail.com,Furniture,2,29.49,0.0,Email,CA,variant
ORD-001249,05/09/2024,CUST-01996,cust-01996@lumenmail.com,Lighting,3,77.76,0.15,Paid Search,US,control
ORD-007802,2024-10-12,CUST-00085,cust-00085@lumenmail.com,Accessories,1,19.42,0.1,Paid Search,US,control
ORD-007862,2024-01-31,CUST-00155,cust-00155@lumenmail.com,Outdoor,1,97.29,0.25,Paid Search,US,variant
ORD-007476,2023-10-04,,guest@lumenmail.com,Décor,2,107.38,0.0,Paid Search,UK,variant
ORD-003818,2024-05-10,CUST-00442,cust-00442@lumenmail.com,Furniture,5,10.83,0.15,Social,US,
ORD-009065,2024-02-28,CUST-01137,cust-01137@lumenmail.com,Décor,2,161.56,0.0,Organic,ZZ,variant
ORD-007030,2023-08-20,CUST-02458,cust-02458@lumenmail.com,Lighting,2,35.97,0.05,Social,US,control
ORD-001830,2024-03-10,CUST-02638,cust-02638@lumenmail.com,Lighting,3,179.78,0.0,Email,CA,
ORD-002243,07/11/2024,CUST-00421,cust-00421@lumenmail.com,Lighting,1,96.98,0.0,Paid Search,US,variant
ORD-002847,23/12/2023,CUST-00452,cust-00452@lumenmail.com,Furniture,1,422.31,0.0,Organic,US,control
ORD-007582,2024-10-31,CUST-02439,cust-02439@lumenmail.com,Décor,1,245.41,0.0,Social,CA,
ORD-004632,2024-09-01,CUST-00606,cust-00606@lumenmail.com,Lighting,7,387.26,0.05,Paid Search,US,variant
ORD-000514,2024-08-29,CUST-00844,cust-00844@lumenmail.com,Lighting,6,65.83,0.15,Social,US,
ORD-009275,2024-12-07,CUST-00514,cust-00514@lumenmail.com,Lighting,2,108.83,0.0,Email,US,
ORD-006986,2023-12-15,CUST-01010,cust-01010@lumenmail.com,Furniture,2,158.25,0.0,Paid Search,CA,variant
ORD-003679,2024-03-26,CUST-00434,cust-00434@lumenmail.com,Lighting,2,45.9,0.05,Social,CA,control
ORD-003969,2024-06-18,CUST-02559,cust-02559@lumenmail.com,Furniture,5,38.9,0.1,Email,US,
ORD-000146,27/04/2024,CUST-01457,cust-01457@lumenmail.com,Décor,1,14.71,0.0,Organic,UK,variant
ORD-000099,2024-10-05,CUST-02920,cust-02920@lumenmail.com,Lighting,7,98.14,0.2,Paid Search,CA,
ORD-004037,18/08/2023,CUST-01454,cust-01454@lumenmail.com,Décor,3,228.03,0.25,Paid Search,AU,
ORD-009278,2024-04-10,CUST-01615,cust-01615@lumenmail.com,Décor,2,48.61,0.1,Email,US,
ORD-003901,2023-11-21,CUST-01537,cust-01537@lumenmail.com,Furniture,5,13.19,0.0,Social,US,variant
ORD-007331,2024-12-13,CUST-02584,cust-02584@lumenmail.com,Décor,1,26.32,0.2,Email,US,variant
ORD-007997,2024-04-06,CUST-02831,cust-02831@lumenmail.com,Furniture,1,22.91,0.0,Social,US,
ORD-000532,2023-12-09,CUST-00558,cust-00558@lumenmail.com,Décor,2,368.48,0.0,Email,CA,variant
ORD-006710,2023-09-02,CUST-00044,cust-00044@lumenmail.com,Accessories,-3,24.64,0.05,Email,US,
ORD-002052,2024-01-16,CUST-01235,cust-01235@lumenmail.com,Furniture,2,29.67,0.0,Organic,US,variant
ORD-004395,2024-09-11,CUST-01858,cust-01858@lumenmail.com,Outdoor,1,33.88,0.2,Paid Search,UK,
ORD-008825,18/07/2023,,guest@lumenmail.com,Furniture,3,117.26,0.15,Organic,UK,
ORD-008249,2023-06-01,CUST-01660,cust-01660@lumenmail.com,Lighting,1,29.7,0.0,Organic,US,variant
ORD-009034,2024-09-29,CUST-00425,cust-00425@lumenmail.com,Outdoor,2,16.63,0.0,Paid Search,US,
ORD-003251,2024-02-09,CUST-00938,cust-00938@lumenmail.com,Furniture,6,134.78,0.2,Email,US,
ORD-005501,2024-07-18,CUST-02044,cust-02044@lumenmail.com,Lighting,1,18.09,0.05,Email,AU,
ORD-002239,2023-07-10,CUST-00487,cust-00487@lumenmail.com,Décor,2,28.09,0.05,Paid Search,UK,control
ORD-004658,2024-06-04,CUST-01189,cust-01189@lumenmail.com,Décor,1,72.0,0.15,Email,US,variant
ORD-000628,2024-04-07,CUST-00235,cust-00235@lumenmail.com,Furniture,3,89.42,0.0,Email,CA,variant
ORD-001562,2023-12-11,CUST-00862,cust-00862@lumenmail.com,Lighting,2,197.71,0.25,Email,US,control
ORD-006595,2024-09-01,CUST-02718,cust-02718@lumenmail.com,Décor,1,264.89,0.15,Organic,US,
ORD-006246,25/02/2024,CUST-00929,cust-00929@lumenmail.com,Décor,1,128.34,0.15,Paid Search,CA,
ORD-002819,2024-09-21,CUST-02396,cust-02396@lumenmail.com,Lighting,5,357.85,0.0,Email,US,
ORD-002223,2023-08-11,CUST-01835,cust-01835@lumenmail.com,Furniture,2,358.78,0.0,Paid Search,CA,variant
ORD-001157,2023-11-16,CUST-02947,cust-02947@lumenmail.com,Décor,1,36.37,0.0,Organic,US,variant
ORD-003005,2023-07-25,CUST-02961,cust-02961@lumenmail.com,Décor,7,6.81,0.0,Paid Search,UK,variant
ORD-001897,2023-10-27,CUST-00554,cust-00554@lumenmail.com,Lighting,1,194.34,0.2,Organic,US,
ORD-002159,2023-12-23,CUST-00120,cust-00120@lumenmail.com,Décor,7,45.45,0.0,Paid Search,US,
ORD-000919,2023-06-23,CUST-00001,cust-00001@lumenmail.com,Décor,1,52.75,0.0,Paid Search,AU,
ORD-000088,16/09/2024,CUST-00205,cust-00205@lumenmail.com,Accessories,1,122.38,0.1,Paid Search,US,
ORD-006942,28/03/2024,CUST-01130,cust-01130@lumenmail.com,Lighting,3,62.99,0.0,Paid Search,US,
ORD-002095,03/03/2024,CUST-01011,cust-01011@lumenmail.com,Outdoor,3,32.16,0.1,Email,US,control
ORD-007162,2023-08-24,,guest@lumenmail.com,Furniture,1,46.8,0.0,Social,US,
ORD-000081,2024-06-24,CUST-00352,cust-00352@lumenmail.com,Outdoor,1,112.99,0.0,Paid Search,CA,variant
ORD-006358,2024-07-16,CUST-00736,cust-00736@lumenmail.com,Décor,1,24.32,0.2,Paid Search,US,
ORD-009153,26/04/2024,CUST-01814,cust-01814@lumenmail.com,Lighting,2,335.36,0.05,Email,US,
ORD-005729,30/11/2023,CUST-00289,cust-00289@lumenmail.com,Lighting,1,317.84,0.05,Email,CA,control
ORD-008292,2023-10-31,CUST-02156,cust-02156@lumenmail.com,Furniture,1,91.69,0.0,Paid Search,US,control
ORD-000168,2024-03-14,CUST-02527,cust-02527@lumenmail.com,Lighting,7,100.73,0.25,Social,US,
ORD-007436,2023-07-06,CUST-01378,cust-01378@lumenmail.com,Décor,2,7.94,0.15,Organic,CA,
ORD-001649,2024-01-03,CUST-00425,cust-00425@lumenmail.com,Décor,3,76.24,0.0,Organic,AU,
ORD-001822,2023-06-11,CUST-01675,cust-01675@lumenmail.com,Décor,2,100.89,0.0,Social,UK,
ORD-007312,19/11/2023,CUST-00400,cust-00400@lumenmail.com,Furniture,1,544.55,0.25,Paid Search,CA,variant
ORD-008039,20/06/2024,CUST-00326,cust-00326@lumenmail.com,Lighting,1,100.76,0.0,Organic,US,variant
ORD-002062,18/08/2024,CUST-02793,cust-02793@lumenmail.com,Lighting,2,81.5,0.0,Paid Search,US,variant
ORD-000542,2024-04-08,CUST-01142,cust-01142@lumenmail.com,Lighting,1,20.87,0.1,Email,US,control
ORD-005241,2024-10-24,,guest@lumenmail.com,Furniture,1,376.24,0.05,Email,US,variant
ORD-003186,2023-08-07,CUST-02593,cust-02593@lumenmail.com,Lighting,-2,188.6,0.15,Paid Search,CA,variant
ORD-006659,2023-07-29,CUST-02854,cust-02854@lumenmail.com,Lighting,4,67.47,0.0,Paid Search,US,
ORD-000995,2024-05-25,CUST-01763,cust-01763@lumenmail.com,Outdoor,1,27.3,0.05,Paid Search,CA,variant
ORD-001748,2024-08-01,CUST-01956,cust-01956@lumenmail.com,Lighting,1,26.89,0.2,,US,
ORD-005849,21/12/2023,CUST-00710,cust-00710@lumenmail.com,Outdoor,1,33.14,0.1,Paid Search,UK,variant
ORD-004118,2024-01-27,CUST-02774,cust-02774@lumenmail.com,Décor,5,9.24,0.0,Paid Search,US,variant
ORD-001985,2023-06-09,CUST-01800,cust-01800@lumenmail.com,Lighting,1,58.84,0.05,Paid Search,ZZ,variant
ORD-008087,2024-02-19,CUST-02812,cust-02812@lumenmail.com,Décor,3,47.43,0.0,Organic,US,variant
ORD-006759,2024-10-11,CUST-01657,cust-01657@lumenmail.com,Furniture,2,385.95,0.15,Social,US,
ORD-006674,2023-10-08,CUST-02588,cust-02588@lumenmail.com,Décor,2,78.83,0.0,Social,US,control
ORD-008385,2023-08-12,CUST-02149,cust-02149@lumenmail.com,Lighting,-1,189.84,0.0,Organic,US,
ORD-005779,2024-08-15,CUST-00597,cust-00597@lumenmail.com,Lighting,1,66.46,0.0,Email,CA,
ORD-005620,2024-12-11,CUST-02372,cust-02372@lumenmail.com,Lighting,2,260.28,0.1,Social,US,
ORD-006960,15/05/2024,,guest@lumenmail.com,Lighting,2,509.81,0.05,Organic,US,variant
ORD-000246,2023-12-07,CUST-00047,cust-00047@lumenmail.com,Lighting,5,26.69,0.0,Organic,US,variant
ORD-008601,2024-02-03,CUST-00701,cust-00701@lumenmail.com,Lighting,-2,263.54,0.05,Paid Search,US,
ORD-000032,28/03/2024,CUST-02371,cust-02371@lumenmail.com,Furniture,2,35.88,0.0,Email,CA,
ORD-008787,2023-10-02,CUST-02787,cust-02787@lumenmail.com,Accessories,1,553.58,0.0,Paid Search,US,control
ORD-007843,2023-06-03,CUST-02630,cust-02630@lumenmail.com,Lighting,1,704.45,0.0,Paid Search,AU,control
ORD-002835,2024-07-28,CUST-01278,cust-01278@lumenmail.com,Furniture,2,522.03,0.05,Email,UK,control
ORD-004232,2023-11-10,CUST-02704,cust-02704@lumenmail.com,Décor,1,60.99,0.1,Email,CA,variant
ORD-006387,2024-10-02,CUST-01113,cust-01113@lumenmail.com,Décor,4,535.28,0.15,,CA,variant
ORD-008511,01/12/2023,CUST-01427,cust-01427@lumenmail.com,Outdoor,1,45.76,0.15,Email,US,
ORD-003563,2024-03-01,CUST-02005,cust-02005@lumenmail.com,Décor,1,58.76,0.0,Organic,US,
ORD-007063,13/08/2024,CUST-01990,cust-01990@lumenmail.com,Lighting,2,109.74,0.0,Paid Search,CA,variant
ORD-004620,2023-12-10,CUST-02738,cust-02738@lumenmail.com,Décor,7,25.1,0.05,Email,CA,control
ORD-008004,25/02/2024,,guest@lumenmail.com,Lighting,3,6.27,0.1,Paid Search,CA,control
ORD-007741,,CUST-00500,cust-00500@lumenmail.com,Furniture,2,119.81,0.0,Organic,ZZ,
ORD-003261,2024-04-29,CUST-00766,cust-00766@lumenmail.com,Décor,5,143.79,0.0,Paid Search,US,control
ORD-001456,2024-05-18,CUST-00954,cust-00954@lumenmail.com,Lighting,3,157.04,0.15,Email,US,control
ORD-004691,25/12/2023,CUST-01144,cust-01144@lumenmail.com,Décor,2,42.48,0.1,Paid Search,US,control
ORD-004652,31/01/2024,CUST-02267,cust-02267@lumenmail.com,Lighting,1,59.42,0.15,Paid Search,US,control
ORD-004941,2024-07-02,CUST-02138,cust-02138@lumenmail.com,Outdoor,6,35.23,0.1,Paid Search,US,control
ORD-000225,26/12/2023,CUST-01678,cust-01678@lumenmail.com,Furniture,7,72.06,0.05,Paid Search,US,variant
ORD-006499,2024-05-18,CUST-01044,cust-01044@lumenmail.com,Outdoor,1,279.86,0.05,Organic,AU,
ORD-004340,21/10/2023,CUST-00650,cust-00650@lumenmail.com,Décor,7,384.56,0.05,Email,US,
ORD-005298,2024-02-29,CUST-01709,cust-01709@lumenmail.com,Lighting,1,100.61,0.0,Email,UK,control
ORD-008593,2024-10-07,CUST-00598,cust-00598@lumenmail.com,Furniture,2,402.49,0.0,Paid Search,AU,variant
ORD-004762,30/12/2023,CUST-01881,cust-01881@lumenmail.com,Outdoor,5,95.06,0.0,Email,US,
ORD-009002,2024-03-17,CUST-00675,cust-00675@lumenmail.com,Accessories,3,28.84,0.0,Organic,US,control
ORD-001609,2023-11-30,CUST-02122,cust-02122@lumenmail.com,Outdoor,1,553.42,0.05,Organic,US,variant
ORD-008005,2024-04-22,CUST-01916,cust-01916@lumenmail.com,Lighting,2,58.21,0.0,Organic,CA,variant
ORD-007319,2023-08-07,CUST-00512,cust-00512@lumenmail.com,Lighting,1,366.12,0.0,Social,US,
ORD-007258,2024-11-17,CUST-01732,cust-01732@lumenmail.com,Décor,2,52.15,0.1,Social,US,variant
ORD-000665,2024-05-26,CUST-02060,cust-02060@lumenmail.com,Lighting,3,0.0,0.0,Paid Search,UK,variant
ORD-009014,2023-12-17,,guest@lumenmail.com,Lighting,2,44.44,0.0,Paid Search,US,
ORD-001372,09/12/2023,,guest@lumenmail.com,Furniture,1,155.1,0.1,Paid Search,US,variant
ORD-003463,2024-07-31,CUST-00308,cust-00308@lumenmail.com,Décor,5,21.6,0.1,Social,US,
ORD-001112,2023-11-27,CUST-01940,cust-01940@lumenmail.com,Accessories,4,0.0,0.15,Paid Search,US,control
ORD-001517,2023-08-03,CUST-01059,cust-01059@lumenmail.com,Furniture,2,83.65,0.0,Social,AU,variant
ORD-002725,2024-12-23,CUST-00805,cust-00805@lumenmail.com,Lighting,1,110.57,0.05,Paid Search,US,variant
ORD-004778,2024-08-21,CUST-01494,cust-01494@lumenmail.com,Lighting,1,19.57,0.0,Email,AU,control
ORD-007919,2024-09-17,CUST-02386,cust-02386@lumenmail.com,Outdoor,2,489.34,0.05,Paid Search,US,variant
ORD-001682,09/10/2023,CUST-02968,cust-02968@lumenmail.com,Lighting,1,68.23,0.15,Organic,CA,
ORD-000070,2024-08-23,CUST-00323,cust-00323@lumenmail.com,Décor,1,517.76,0.0,Paid Search,US,control
ORD-001677,2023-07-01,,guest@lumenmail.com,Accessories,3,18.5,0.0,Paid Search,US,variant
ORD-002632,2024-07-03,CUST-01142,cust-01142@lumenmail.com,Décor,2,0.0,0.1,Organic,US,
ORD-006814,20/12/2023,CUST-01314,cust-01314@lumenmail.com,Furniture,2,87.35,0.15,Email,US,control
ORD-000392,2023-11-12,CUST-01802,cust-01802@lumenmail.com,Décor,1,120.04,0.15,Social,US,
ORD-003230,2024-05-10,CUST-00903,cust-00903@lumenmail.com,Lighting,4,14.87,0.2,Email,AU,control
ORD-006214,2024-11-09,,guest@lumenmail.com,Lighting,2,92.59,0.15,Paid Search,US,variant
ORD-000951,2023-10-09,,guest@lumenmail.com,Décor,2,724.54,0.15,Paid Search,US,control
ORD-000019,15/10/2024,CUST-02672,cust-02672@lumenmail.com,Lighting,1,570.35,0.0,Organic,UK,variant
ORD-008116,2024-12-20,CUST-02713,cust-02713@lumenmail.com,Outdoor,1,317.92,0.0,Paid Search,CA,
ORD-001702,2024-07-18,CUST-01929,cust-01929@lumenmail.com,Accessories,-2,67.73,0.0,Email,UK,
ORD-004186,2023-10-17,CUST-01326,cust-01326@lumenmail.com,Décor,3,255.81,0.2,Paid Search,US,variant
ORD-007541,2023-11-26,CUST-01843,cust-01843@lumenmail.com,Décor,1,180.5,0.0,Email,US,control
ORD-002627,2024-10-02,CUST-02084,cust-02084@lumenmail.com,Lighting,2,296.76,0.0,Paid Search,US,control
ORD-003840,2023-08-30,CUST-01489,cust-01489@lumenmail.com,Lighting,2,143.35,0.0,Paid Search,US,control
ORD-003362,2024-08-18,CUST-00115,cust-00115@lumenmail.com,Furniture,1,96.86,0.0,Organic,CA,
ORD-008662,2024-07-11,CUST-00109,cust-00109@lumenmail.com,Outdoor,3,20.67,0.0,Email,US,control
ORD-006464,2024-07-17,CUST-00095,cust-00095@lumenmail.com,Lighting,3,311.18,0.0,Social,US,variant
ORD-002872,2023-06-09,CUST-01500,cust-01500@lumenmail.com,Accessories,2,11.14,0.05,Email,US,
ORD-002191,2024-04-27,CUST-00172,cust-00172@lumenmail.com,Lighting,2,35.96,0.2,Paid Search,US,control
ORD-003733,2024-06-10,CUST-00480,cust-00480@lumenmail.com,Lighting,1,95.13,0.0,Paid Search,CA,variant
ORD-005530,2024-07-12,CUST-01094,cust-01094@lumenmail.com,Outdoor,1,126.99,0.1,Email,UK,variant
ORD-006221,2023-06-01,CUST-02704,cust-02704@lumenmail.com,Lighting,6,309.01,0.1,Organic,US,
ORD-002734,24/03/2024,CUST-00854,cust-00854@lumenmail.com,Décor,2,23.4,0.1,Paid Search,ZZ,control
ORD-008441,2024-10-29,CUST-02811,cust-02811@lumenmail.com,Furniture,3,43.69,0.05,Social,US,
ORD-000871,2024-03-18,CUST-02961,cust-02961@lumenmail.com,Lighting,2,307.42,0.0,Paid Search,US,control
ORD-000518,2024-11-15,CUST-01970,cust-01970@lumenmail.com,Lighting,1,382.42,0.0,Social,UK,control
ORD-003772,2024-06-26,CUST-02702,cust-02702@lumenmail.com,Outdoor,2,170.68,0.1,Paid Search,US,
ORD-009493,2024-04-07,CUST-00764,cust-00764@lumenmail.com,Lighting,2,60.19,0.0,Email,CA,control
ORD-005458,2023-06-05,CUST-02363,cust-02363@lumenmail.com,Lighting,1,32.36,0.0,Email,AU,variant
ORD-009584,2023-09-06,CUST-00516,cust-00516@lumenmail.com,Décor,1,60.71,0.0,Paid Search,US,
ORD-009503,13/05/2024,CUST-00149,cust-00149@lumenmail.com,Furniture,1,321.91,0.1,Organic,US,control
ORD-007554,2024-12-14,CUST-00288,cust-00288@lumenmail.com,Furniture,1,574.34,0.0,Organic,CA,
ORD-007324,06/11/2024,CUST-00236,cust-00236@lumenmail.com,Outdoor,1,64.66,0.0,Email,US,variant
ORD-007349,2024-11-24,CUST-01493,cust-01493@lumenmail.com,Décor,2,356.24,0.15,Social,CA,variant
ORD-008336,2024-05-07,CUST-00766,cust-00766@lumenmail.com,Lighting,1,71.47,0.0,Paid Search,CA,control
ORD-004418,2024-11-07,CUST-00917,cust-00917@lumenmail.com,Furniture,3,75.95,0.15,Email,US,variant
ORD-008096,2024-04-11,CUST-02137,cust-02137@lumenmail.com,Outdoor,1,104.11,0.0,Social,US,control
ORD-009018,2024-12-12,CUST-01150,cust-01150@lumenmail.com,Accessories,1,25.87,0.15,Organic,UK,
ORD-002485,01/08/2024,,guest@lumenmail.com,Furniture,2,45.61,0.15,Email,US,
ORD-001441,14/03/2024,CUST-00756,cust-00756@lumenmail.com,Lighting,1,17.19,0.0,Email,US,
ORD-000196,2024-11-04,CUST-00957,cust-00957@lumenmail.com,Décor,1,77.6,0.0,Organic,US,control
ORD-001547,2024-03-17,,guest@lumenmail.com,Décor,1,44.75,0.1,Organic,CA,variant
ORD-006815,2023-07-01,CUST-02229,cust-02229@lumenmail.com,Outdoor,2,739.99,0.0,Paid Search,US,
ORD-001798,2024-07-16,CUST-02271,cust-02271@lumenmail.com,Lighting,1,66.23,0.05,Email,US,control
ORD-000572,2024-01-18,CUST-01643,cust-01643@lumenmail.com,Lighting,3,283.89,0.0,Email,US,control
ORD-004122,2024-02-01,CUST-01622,cust-01622@lumenmail.com,Lighting,2,276.66,0.0,Paid Search,US,
ORD-002503,2023-12-24,CUST-01646,cust-01646@lumenmail.com,Lighting,4,59.78,0.2,Social,US,control
ORD-006495,2023-09-29,CUST-02347,cust-02347@lumenmail.com,Outdoor,1,97.59,0.0,Paid Search,UK,control
ORD-009302,2024-04-26,,guest@lumenmail.com,Lighting,1,136.01,0.0,Paid Search,US,
ORD-006213,2023-07-30,CUST-01437,cust-01437@lumenmail.com,Lighting,1,22.78,0.0,Organic,CA,
ORD-000284,2024-11-23,CUST-02589,cust-02589@lumenmail.com,Accessories,5,26.11,0.0,Paid Search,US,
ORD-001103,2023-09-18,CUST-02425,cust-02425@lumenmail.com,Décor,2,199.3,0.25,Email,CA,
ORD-003981,2024-05-13,CUST-02869,cust-02869@lumenmail.com,Furniture,7,25.57,0.0,Paid Search,US,
ORD-006366,2024-07-06,CUST-02548,cust-02548@lumenmail.com,Décor,1,91.19,0.1,Paid Search,US,variant
ORD-003188,10/05/2024,CUST-00182,cust-00182@lumenmail.com,Lighting,2,179.33,0.0,,US,control
ORD-005751,2024-09-10,CUST-02470,cust-02470@lumenmail.com,Furniture,2,6.0,0.0,Paid Search,US,
ORD-003290,14/07/2023,CUST-02719,cust-02719@lumenmail.com,Lighting,1,60.43,0.0,Organic,US,
ORD-001776,2024-09-02,CUST-02526,cust-02526@lumenmail.com,Furniture,4,332.94,0.0,Email,US,control
ORD-005907,2023-10-12,CUST-02905,cust-02905@lumenmail.com,Outdoor,1,22.68,0.0,Social,US,control
ORD-005163,2024-04-12,CUST-01251,cust-01251@lumenmail.com,Accessories,1,31.16,0.05,Organic,UK,variant
ORD-003448,2024-08-08,CUST-00162,cust-00162@lumenmail.com,Décor,3,189.14,0.0,Paid Search,UK,control
ORD-007070,2024-09-14,,guest@lumenmail.com,Lighting,1,24.81,0.15,Email,US,
ORD-006074,2023-11-23,CUST-02093,cust-02093@lumenmail.com,Outdoor,2,28.19,0.0,Organic,US,variant
ORD-004407,2024-06-21,CUST-01943,cust-01943@lumenmail.com,Lighting,3,492.99,0.0,Social,US,
ORD-001329,2024-03-31,CUST-02142,cust-02142@lumenmail.com,Lighting,1,23.82,0.2,Social,CA,control
ORD-005996,2024-11-09,CUST-01561,cust-01561@lumenmail.com,Décor,3,79.32,0.0,Organic,US,control
ORD-000825,23/08/2024,CUST-00158,cust-00158@lumenmail.com,Furniture,2,33.07,0.0,Organic,US,variant
ORD-005667,2024-02-07,CUST-00809,cust-00809@lumenmail.com,Outdoor,1,40.91,0.0,Email,US,variant
ORD-004935,2023-06-14,CUST-02432,cust-02432@lumenmail.com,Accessories,1,59.47,0.1,Social,US,control
ORD-006999,2024-05-07,CUST-02033,cust-02033@lumenmail.com,Décor,1,304.47,0.1,Paid Search,US,control
ORD-005322,2024-01-24,CUST-01270,cust-01270@lumenmail.com,Décor,1,79.79,0.05,Social,US,variant
ORD-006548,2024-03-17,CUST-01968,cust-01968@lumenmail.com,Furniture,2,85.62,0.0,Paid Search,US,
ORD-004030,2024-02-07,CUST-00076,cust-00076@lumenmail.com,Lighting,7,30.3,0.0,Paid Search,US,variant
ORD-001365,2023-12-17,CUST-00897,cust-00897@lumenmail.com,Outdoor,1,531.69,0.1,Paid Search,UK,
ORD-007205,2023-07-31,CUST-02011,cust-02011@lumenmail.com,Outdoor,1,660.33,0.25,Email,US,control
ORD-002575,16/08/2023,CUST-00761,cust-00761@lumenmail.com,Lighting,2,55.04,0.1,Organic,UK,variant
ORD-004053,2023-11-08,CUST-00436,cust-00436@lumenmail.com,Accessories,1,82.4,0.1,Social,AU,control
ORD-004248,2024-05-07,CUST-00894,cust-00894@lumenmail.com,Outdoor,3,45.96,0.0,Paid Search,US,variant
ORD-002926,2024-12-15,CUST-00679,cust-00679@lumenmail.com,Lighting,3,290.89,0.25,Email,US,control
ORD-003245,02/11/2023,CUST-01815,cust-01815@lumenmail.com,Lighting,7,72.84,0.1,Paid Search,US,control
ORD-000656,2024-05-13,CUST-01356,cust-01356@lumenmail.com,Furniture,2,299.91,0.05,Paid Search,US,
ORD-007248,01/09/2023,CUST-00476,cust-00476@lumenmail.com,Furniture,2,46.21,0.0,Organic,US,
ORD-001028,2024-05-06,CUST-01220,cust-01220@lumenmail.com,Furniture,2,75.02,0.0,Social,UK,
ORD-006001,2024-11-26,CUST-00286,cust-00286@lumenmail.com,Décor,2,14.38,0.1,Email,CA,control
ORD-005753,2024-01-18,CUST-01397,cust-01397@lumenmail.com,Furniture,5,112.19,0.0,Paid Search,CA,
ORD-002945,2024-10-18,CUST-01377,cust-01377@lumenmail.com,Furniture,4,18.6,0.0,Organic,CA,variant
ORD-001076,2024-05-15,CUST-00260,cust-00260@lumenmail.com,Décor,3,277.45,0.0,Paid Search,US,control
ORD-004606,2024-10-10,CUST-02812,cust-02812@lumenmail.com,Lighting,2,707.56,0.05,Social,CA,variant
ORD-007031,2024-11-10,CUST-00865,cust-00865@lumenmail.com,Accessories,2,118.19,0.05,Paid Search,US,variant
ORD-002455,18/08/2024,CUST-02199,cust-02199@lumenmail.com,Décor,1,45.08,0.05,,US,control
ORD-001668,19/06/2023,CUST-01336,cust-01336@lumenmail.com,Lighting,4,72.45,0.05,Email,CA,variant
ORD-000994,2024-03-21,CUST-01481,cust-01481@lumenmail.com,Décor,1,86.4,0.0,Email,CA,control
ORD-004119,2024-05-08,CUST-02491,cust-02491@lumenmail.com,Furniture,6,158.53,0.0,Email,ZZ,variant
ORD-002906,2023-09-18,CUST-00092,cust-00092@lumenmail.com,Décor,1,57.34,0.05,Email,US,control
ORD-008744,25/07/2024,CUST-02961,cust-02961@lumenmail.com,Outdoor,3,27.61,0.05,Email,US,
ORD-009368,2024-06-10,CUST-00224,cust-00224@lumenmail.com,Lighting,3,65.54,0.05,Organic,US,
ORD-000172,20/07/2024,,guest@lumenmail.com,Lighting,6,50.47,0.0,Organic,US,control
ORD-003106,02/10/2024,CUST-02329,cust-02329@lumenmail.com,Accessories,3,83.43,0.15,Email,US,variant
ORD-009090,2024-11-30,CUST-01592,cust-01592@lumenmail.com,Lighting,1,32.25,0.15,Paid Search,AU,
ORD-006805,2024-07-01,CUST-00066,cust-00066@lumenmail.com,Outdoor,1,675.44,0.05,Email,US,
ORD-009299,2023-08-17,CUST-00666,cust-00666@lumenmail.com,Furniture,2,183.59,0.05,Paid Search,CA,control
ORD-001390,2024-02-14,,guest@lumenmail.com,Lighting,2,85.47,0.0,Paid Search,US,control
ORD-002044,2024-03-02,CUST-01858,cust-01858@lumenmail.com,Lighting,4,38.3,0.0,Paid Search,US,control
ORD-003708,2024-04-06,,guest@lumenmail.com,Décor,1,90.31,0.0,Paid Search,US,control
ORD-001844,05/10/2024,CUST-02598,cust-02598@lumenmail.com,Outdoor,2,106.57,0.05,Organic,US,control
ORD-005408,04/08/2023,CUST-02866,cust-02866@lumenmail.com,Outdoor,1,80.52,0.15,Organic,ZZ,
ORD-005650,2023-06-23,,guest@lumenmail.com,Décor,1,54.39,0.0,Paid Search,US,
ORD-009357,2024-10-11,CUST-00694,cust-00694@lumenmail.com,Lighting,1,47.6,0.05,Organic,US,control
ORD-007021,2023-06-25,,guest@lumenmail.com,Furniture,2,408.09,0.05,Paid Search,CA,
ORD-007335,23/08/2024,CUST-01653,cust-01653@lumenmail.com,Furniture,1,113.26,0.05,Paid Search,UK,variant
ORD-003824,2023-09-19,CUST-00357,cust-00357@lumenmail.com,Lighting,1,183.17,0.0,Organic,US,control
ORD-008348,2023-07-13,CUST-01942,cust-01942@lumenmail.com,Furniture,3,111.43,0.0,Paid Search,CA,control
ORD-006455,2024-06-01,CUST-00436,cust-00436@lumenmail.com,Lighting,2,472.94,0.0,Email,US,control
ORD-005664,2023-07-12,CUST-00377,cust-00377@lumenmail.com,Lighting,1,42.27,0.0,Email,US,
ORD-003410,2023-11-29,CUST-00379,cust-00379@lumenmail.com,Décor,2,235.63,0.0,Paid Search,CA,control
ORD-002684,2024-05-21,CUST-00179,cust-00179@lumenmail.com,Accessories,1,44.19,0.1,Paid Search,ZZ,
ORD-008743,2024-12-30,CUST-00868,cust-00868@lumenmail.com,Lighting,1,166.57,0.1,Paid Search,US,variant
ORD-005260,2024-11-23,CUST-00451,cust-00451@lumenmail.com,Furniture,1,89.53,0.05,Paid Search,US,control
ORD-007671,06/03/2024,,guest@lumenmail.com,Furniture,1,64.67,0.0,Email,AU,
ORD-005494,2024-09-21,CUST-02182,cust-02182@lumenmail.com,Décor,1,28.94,0.0,Paid Search,US,variant
ORD-001136,2024-08-24,CUST-01431,cust-01431@lumenmail.com,Outdoor,3,353.73,0.2,Paid Search,UK,control
ORD-003054,2024-02-01,CUST-01065,cust-01065@lumenmail.com,Décor,2,106.09,0.0,Organic,US,variant
ORD-003918,2024-05-13,CUST-00636,cust-00636@lumenmail.com,Décor,1,50.79,0.0,Paid Search,AU,variant
ORD-000824,2024-05-21,CUST-02850,cust-02850@lumenmail.com,Outdoor,3,9.66,0.0,Email,US,variant
ORD-004790,2024-12-24,CUST-02219,cust-02219@lumenmail.com,Lighting,1,16.81,0.05,Social,US,
ORD-007288,2023-09-26,CUST-01095,cust-01095@lumenmail.com,Lighting,2,29.55,0.15,Social,US,
ORD-008479,,CUST-01867,cust-01867@lumenmail.com,Outdoor,1,37.48,0.0,Organic,UK,variant
ORD-002312,2024-05-02,CUST-00139,cust-00139@lumenmail.com,Lighting,1,94.44,0.05,Email,US,control
ORD-003803,09/10/2023,CUST-02987,cust-02987@lumenmail.com,Lighting,1,74.94,0.1,Social,ZZ,variant
ORD-002354,2023-07-19,CUST-02856,cust-02856@lumenmail.com,Furniture,1,44.05,0.1,Organic,US,variant
ORD-007777,2023-06-05,CUST-01594,cust-01594@lumenmail.com,Décor,1,90.93,0.05,Email,US,
ORD-001011,2024-08-05,,guest@lumenmail.com,Outdoor,2,7.41,0.05,Organic,US,control
ORD-001695,2024-06-16,CUST-00909,cust-00909@lumenmail.com,Lighting,2,25.75,0.1,Organic,ZZ,control
ORD-005944,2023-06-13,CUST-01300,cust-01300@lumenmail.com,Furniture,1,88.45,0.15,Social,UK,
ORD-004738,2024-12-12,CUST-01377,cust-01377@lumenmail.com,Lighting,1,249.74,0.15,Email,US,
ORD-004825,2023-08-08,CUST-01457,cust-01457@lumenmail.com,Outdoor,2,44.12,0.05,Email,UK,variant
ORD-005496,2023-07-17,CUST-00786,cust-00786@lumenmail.com,Décor,1,26.59,0.0,Paid Search,AU,variant
ORD-005964,2024-08-16,CUST-00441,cust-00441@lumenmail.com,Décor,1,53.61,0.0,Paid Search,US,variant
ORD-007417,2024-02-28,CUST-00235,cust-00235@lumenmail.com,Furniture,2,83.06,0.25,Email,US,variant
ORD-007051,2024-04-28,CUST-01522,cust-01522@lumenmail.com,Accessories,4,49.97,0.0,Organic,US,
ORD-000085,2024-11-05,,guest@lumenmail.com,Outdoor,2,43.79,0.1,Email,US,
ORD-000640,2024-02-27,CUST-00449,cust-00449@lumenmail.com,Outdoor,3,44.85,0.05,Organic,US,control
ORD-008564,2024-08-22,CUST-01090,cust-01090@lumenmail.com,Furniture,2,204.54,0.0,Organic,US,
ORD-006277,2023-12-02,CUST-01493,cust-01493@lumenmail.com,Décor,2,11.5,0.0,Paid Search,AU,control
ORD-005641,2024-07-14,,guest@lumenmail.com,Furniture,2,529.9,0.1,Social,CA,control
ORD-005713,2024-10-23,CUST-01622,cust-01622@lumenmail.com,Furniture,1,46.95,0.05,Social,US,control
ORD-004426,2023-08-27,CUST-02941,cust-02941@lumenmail.com,Lighting,1,156.49,0.1,Paid Search,UK,
ORD-006412,16/02/2024,CUST-01254,cust-01254@lumenmail.com,Accessories,3,176.63,0.2,Social,UK,
ORD-007585,2024-07-24,CUST-00608,cust-00608@lumenmail.com,Accessories,1,719.5,0.0,Email,AU,control
ORD-005904,2023-12-13,CUST-02715,cust-02715@lumenmail.com,Décor,2,162.92,0.05,Email,US,
ORD-004591,12/02/2024,CUST-00352,cust-00352@lumenmail.com,Accessories,2,78.32,0.1,Paid Search,UK,control
ORD-003514,2023-08-02,CUST-01831,cust-01831@lumenmail.com,Furniture,1,82.32,0.1,Email,US,
ORD-003368,2024-01-28,CUST-01893,cust-01893@lumenmail.com,Décor,1,43.99,0.2,Organic,US,
ORD-006268,09/11/2024,CUST-02506,cust-02506@lumenmail.com,Lighting,1,75.34,0.05,Email,US,
ORD-003851,2024-06-16,CUST-02342,cust-02342@lumenmail.com,Décor,1,12.96,0.0,Email,US,
ORD-008278,2024-07-11,CUST-01041,cust-01041@lumenmail.com,Lighting,1,0.0,0.05,Paid Search,US,variant
ORD-005418,12/03/2024,CUST-01197,cust-01197@lumenmail.com,Décor,2,107.37,0.0,Email,US,
ORD-009023,2024-03-04,CUST-01489,cust-01489@lumenmail.com,Accessories,1,41.36,0.1,Organic,US,
ORD-006537,2023-09-18,CUST-00917,cust-00917@lumenmail.com,Furniture,2,388.57,0.0,Email,AU,variant
ORD-008244,2024-05-01,CUST-01983,cust-01983@lumenmail.com,Décor,1,73.88,0.2,Paid Search,US,
ORD-009024,2023-12-22,CUST-02393,cust-02393@lumenmail.com,Décor,5,216.97,0.15,Paid Search,CA,
ORD-002862,2023-12-21,CUST-00698,cust-00698@lumenmail.com,Accessories,1,295.1,0.0,Organic,US,
ORD-006195,2023-12-14,CUST-00489,cust-00489@lumenmail.com,Décor,5,181.72,0.0,Paid Search,US,variant
ORD-009147,2024-02-16,CUST-01767,cust-01767@lumenmail.com,Accessories,2,48.02,0.15,Organic,US,control
ORD-000409,2024-08-07,CUST-02800,cust-02800@lumenmail.com,Décor,1,177.45,0.05,Organic,CA,
ORD-007033,30/07/2023,CUST-00148,cust-00148@lumenmail.com,Furniture,1,64.21,0.1,Email,US,variant
ORD-000356,2024-07-28,CUST-01033,cust-01033@lumenmail.com,Lighting,2,50.25,0.1,Paid Search,US,
ORD-003821,10/09/2024,CUST-01532,cust-01532@lumenmail.com,Décor,2,339.31,0.1,Paid Search,US,variant
ORD-008846,24/08/2024,CUST-00408,cust-00408@lumenmail.com,Furniture,3,79.88,0.05,Paid Search,CA,variant
ORD-001978,2024-06-30,CUST-01272,cust-01272@lumenmail.com,Accessories,1,20.52,0.0,Email,AU,
ORD-000087,2024-07-13,,guest@lumenmail.com,Lighting,1,301.75,0.05,Email,UK,variant
ORD-009216,2024-10-14,,guest@lumenmail.com,Décor,1,93.53,0.05,Organic,UK,variant
ORD-008046,2023-08-12,CUST-01190,cust-01190@lumenmail.com,Outdoor,1,5.76,0.0,Paid Search,US,
ORD-002603,2024-10-04,CUST-00315,cust-00315@lumenmail.com,Décor,1,28.95,0.15,Paid Search,US,control
ORD-007306,2024-07-25,CUST-01548,cust-01548@lumenmail.com,Lighting,3,34.72,0.2,Paid Search,US,variant
ORD-005198,2024-12-03,CUST-02195,cust-02195@lumenmail.com,Décor,3,192.63,0.05,Email,UK,control
ORD-009580,04/02/2024,CUST-00193,cust-00193@lumenmail.com,Furniture,1,24.01,0.0,Email,US,
ORD-001595,15/02/2024,CUST-02900,cust-02900@lumenmail.com,Outdoor,2,330.08,0.0,Paid Search,US,variant
ORD-000040,2024-05-08,CUST-02239,cust-02239@lumenmail.com,Furniture,3,51.82,0.0,Email,UK,variant
ORD-008176,04/08/2024,CUST-01258,cust-01258@lumenmail.com,Furniture,1,97.48,0.0,Paid Search,US,
ORD-007863,2024-05-26,CUST-02173,cust-02173@lumenmail.com,Décor,5,38.73,0.0,Organic,US,control
ORD-004286,2024-11-06,,guest@lumenmail.com,Lighting,2,88.08,0.0,Organic,UK,control
ORD-006980,2024-10-31,CUST-00507,cust-00507@lumenmail.com,Furniture,1,65.75,0.0,Organic,US,control
ORD-008345,01/05/2024,CUST-02119,cust-02119@lumenmail.com,Accessories,3,268.76,0.15,Paid Search,US,control
ORD-007935,2023-06-28,CUST-00463,cust-00463@lumenmail.com,Lighting,2,30.75,0.0,,US,
ORD-008224,2024-09-10,CUST-01554,cust-01554@lumenmail.com,Outdoor,1,126.64,0.05,Social,US,variant
ORD-005853,2024-10-01,CUST-01525,cust-01525@lumenmail.com,Décor,2,46.12,0.2,Paid Search,US,
ORD-000207,2024-07-17,CUST-02946,cust-02946@lumenmail.com,Accessories,1,97.46,0.0,Social,US,variant
ORD-004191,2024-07-05,CUST-02642,cust-02642@lumenmail.com,Décor,-1,391.0,0.0,Paid Search,US,control
ORD-009261,2024-04-27,CUST-02293,cust-02293@lumenmail.com,Décor,1,303.54,0.1,Email,CA,
ORD-006367,2024-08-18,CUST-02939,cust-02939@lumenmail.com,Lighting,1,472.69,0.1,Social,US,variant
ORD-002157,2024-05-02,CUST-02582,cust-02582@lumenmail.com,Accessories,2,32.36,0.0,Paid Search,CA,variant
ORD-003420,28/12/2024,CUST-01541,cust-01541@lumenmail.com,Lighting,2,9.96,0.05,Email,US,variant
ORD-003353,2023-12-07,CUST-01658,cust-01658@lumenmail.com,Furniture,4,157.38,0.2,Paid Search,US,variant
ORD-005017,2024-05-02,CUST-02041,cust-02041@lumenmail.com,Furniture,3,26.76,0.0,Paid Search,US,
ORD-005043,05/12/2024,CUST-02322,cust-02322@lumenmail.com,Outdoor,2,20.43,0.0,Paid Search,US,control
ORD-006948,11/07/2024,CUST-00742,cust-00742@lumenmail.com,Lighting,2,25.29,0.0,Social,US,
ORD-008490,16/08/2023,CUST-00341,cust-00341@lumenmail.com,Lighting,1,51.07,0.0,Paid Search,CA,
ORD-004900,2024-11-03,CUST-02678,cust-02678@lumenmail.com,Lighting,1,93.38,0.0,Email,CA,variant
ORD-004447,2024-02-08,CUST-00522,cust-00522@lumenmail.com,Décor,1,184.91,0.05,Social,CA,variant
ORD-001569,02/08/2024,CUST-00027,cust-00027@lumenmail.com,Lighting,1,58.29,0.0,Paid Search,US,
ORD-001229,2024-12-21,CUST-01814,cust-01814@lumenmail.com,Lighting,3,17.66,0.1,Email,US,control
ORD-001430,2024-02-28,CUST-00901,cust-00901@lumenmail.com,Lighting,2,57.98,0.2,,UK,
ORD-007846,2023-09-14,CUST-00182,cust-00182@lumenmail.com,Décor,2,6.54,0.15,Email,US,control
ORD-006374,2024-08-12,CUST-01445,cust-01445@lumenmail.com,Décor,1,772.23,0.0,Email,US,variant
ORD-006779,2024-07-02,CUST-00680,cust-00680@lumenmail.com,Décor,2,13.01,0.0,Social,US,
ORD-003372,2024-04-05,CUST-01717,cust-01717@lumenmail.com,Lighting,1,85.01,0.0,Organic,US,variant
ORD-000953,2023-12-21,CUST-02963,cust-02963@lumenmail.com,Décor,-1,578.22,0.1,Email,US,
ORD-007340,2024-11-11,CUST-00669,cust-00669@lumenmail.com,Décor,4,37.7,0.05,Email,ZZ,
ORD-001892,2024-12-06,CUST-02168,cust-02168@lumenmail.com,Lighting,1,43.77,0.1,Email,US,variant
ORD-002624,2024-10-31,CUST-01558,cust-01558@lumenmail.com,Décor,4,155.93,0.15,Social,US,
ORD-008154,2024-06-19,CUST-00675,cust-00675@lumenmail.com,Décor,2,206.35,0.0,Social,US,control
ORD-002041,2024-11-18,CUST-02828,cust-02828@lumenmail.com,Furniture,3,18.44,0.1,Paid Search,US,control
ORD-005881,14/09/2024,CUST-00508,cust-00508@lumenmail.com,Accessories,3,54.92,0.0,Social,UK,
ORD-004709,2024-11-10,CUST-00176,cust-00176@lumenmail.com,Décor,4,65.62,0.15,Paid Search,US,variant
ORD-003305,2023-09-04,CUST-02619,cust-02619@lumenmail.com,Lighting,2,119.26,0.0,Organic,CA,variant
ORD-001589,2023-12-28,CUST-00051,cust-00051@lumenmail.com,Furniture,1,129.48,0.0,Email,US,variant
ORD-004543,2024-07-23,CUST-02109,cust-02109@lumenmail.com,Lighting,1,166.46,0.15,Paid Search,US,control
ORD-000788,2024-11-03,CUST-00172,cust-00172@lumenmail.com,Outdoor,2,213.88,0.1,Organic,ZZ,variant
ORD-000613,22/12/2024,CUST-01206,cust-01206@lumenmail.com,Lighting,3,133.54,0.0,Email,US,
ORD-006952,2024-09-07,CUST-02183,cust-02183@lumenmail.com,Outdoor,1,71.93,0.1,Social,US,control
ORD-003572,2023-12-20,CUST-00497,cust-00497@lumenmail.com,Furniture,2,23.83,0.1,Paid Search,US,control
ORD-005717,2024-07-17,CUST-02202,cust-02202@lumenmail.com,Lighting,2,135.91,0.15,Email,AU,variant
ORD-004965,2023-09-30,CUST-00422,cust-00422@lumenmail.com,Lighting,1,30.26,0.05,Paid Search,US,variant
ORD-001148,2024-01-21,CUST-00747,cust-00747@lumenmail.com,Lighting,1,5.48,0.0,Paid Search,UK,
ORD-002092,2024-08-22,,guest@lumenmail.com,Outdoor,1,46.49,0.0,Paid Search,US,
ORD-000841,07/01/2024,CUST-00076,cust-00076@lumenmail.com,Lighting,1,583.79,0.05,Email,CA,
ORD-000818,2024-09-04,CUST-00562,cust-00562@lumenmail.com,Décor,3,76.91,0.05,Email,CA,
ORD-002683,06/07/2024,CUST-02022,cust-02022@lumenmail.com,Lighting,1,268.16,0.0,Social,CA,control
ORD-004207,2024-06-17,CUST-02970,cust-02970@lumenmail.com,Décor,2,181.7,0.1,Organic,US,
ORD-008305,2023-06-24,CUST-02447,cust-02447@lumenmail.com,Lighting,7,57.26,0.1,Email,US,
ORD-007911,2024-08-20,CUST-01633,cust-01633@lumenmail.com,Décor,1,53.67,0.1,Paid Search,US,variant
ORD-001667,2023-07-28,CUST-00958,cust-00958@lumenmail.com,Lighting,1,96.15,0.2,Email,CA,variant
ORD-006056,2023-11-30,CUST-01719,cust-01719@lumenmail.com,Lighting,2,197.28,0.0,Email,UK,
ORD-009133,14/10/2023,,guest@lumenmail.com,Furniture,2,14.11,0.0,Social,US,
ORD-002363,2024-11-13,CUST-02635,cust-02635@lumenmail.com,Décor,5,43.99,0.0,Organic,UK,
ORD-002370,2024-11-21,CUST-00896,cust-00896@lumenmail.com,Accessories,2,68.54,0.0,Organic,US,variant
ORD-009481,16/12/2024,CUST-00097,cust-00097@lumenmail.com,Décor,2,0.0,0.1,Paid Search,US,control
ORD-007966,2024-09-07,CUST-02456,cust-02456@lumenmail.com,Outdoor,1,91.6,0.0,Email,US,control
ORD-009366,2024-07-02,CUST-01707,cust-01707@lumenmail.com,Décor,1,671.85,0.1,Organic,US,
ORD-002635,2023-12-03,CUST-01638,cust-01638@lumenmail.com,Lighting,2,385.81,0.1,,US,variant
ORD-007581,2024-07-14,,guest@lumenmail.com,Décor,1,263.41,0.05,Paid Search,US,
ORD-002357,2024-06-30,CUST-02545,cust-02545@lumenmail.com,Lighting,1,110.29,0.05,Organic,UK,
ORD-003129,06/09/2024,CUST-00936,cust-00936@lumenmail.com,Furniture,3,57.68,0.0,Paid Search,CA,
ORD-005235,07/06/2024,CUST-02088,cust-02088@lumenmail.com,Lighting,1,82.96,0.05,,US,
ORD-001175,2023-08-06,CUST-01776,cust-01776@lumenmail.com,Décor,2,166.53,0.0,Email,CA,
ORD-007968,15/09/2023,CUST-00628,cust-00628@lumenmail.com,Furniture,2,42.38,0.05,Email,US,control
ORD-000194,2023-11-03,CUST-00384,cust-00384@lumenmail.com,Lighting,1,307.12,0.1,Social,US,variant
ORD-000192,13/04/2024,CUST-00916,cust-00916@lumenmail.com,Décor,2,109.58,0.15,Email,US,
ORD-001866,2024-01-23,CUST-00695,cust-00695@lumenmail.com,Furniture,1,20.63,0.0,Social,US,control
ORD-003693,2024-04-25,CUST-01155,cust-01155@lumenmail.com,Lighting,1,103.91,0.15,Social,CA,variant
ORD-009287,2023-06-17,CUST-00993,cust-00993@lumenmail.com,Outdoor,1,36.03,0.0,Email,UK,variant
ORD-003504,2024-12-08,CUST-01463,cust-01463@lumenmail.com,Décor,1,127.41,0.15,Social,US,variant
ORD-003000,2023-09-11,,guest@lumenmail.com,Décor,1,19.81,0.05,,CA,
ORD-000394,2023-08-08,CUST-00238,cust-00238@lumenmail.com,Lighting,2,41.49,0.2,Organic,US,control
ORD-005324,2024-07-19,CUST-00458,cust-00458@lumenmail.com,Lighting,1,42.85,0.1,Paid Search,UK,
ORD-007771,2023-08-24,CUST-01706,cust-01706@lumenmail.com,Décor,1,290.7,0.25,Organic,US,
ORD-002140,30/10/2023,CUST-01940,cust-01940@lumenmail.com,Lighting,2,164.74,0.05,Email,US,control
ORD-004493,2023-07-15,CUST-00541,cust-00541@lumenmail.com,Décor,5,280.12,0.0,Email,US,variant
ORD-008970,2024-09-13,CUST-01446,cust-01446@lumenmail.com,Décor,2,83.26,0.0,Paid Search,US,
ORD-006598,2024-10-08,CUST-01994,cust-01994@lumenmail.com,Outdoor,4,47.82,0.05,Organic,UK,control
ORD-006060,2023-12-03,CUST-02028,cust-02028@lumenmail.com,Lighting,2,403.12,0.0,Email,US,
ORD-002278,2024-05-23,CUST-02086,cust-02086@lumenmail.com,Furniture,7,26.27,0.0,,UK,control
ORD-004887,2024-09-27,CUST-02290,cust-02290@lumenmail.com,Décor,1,5.18,0.0,Social,US,
ORD-002289,05/09/2023,CUST-01020,cust-01020@lumenmail.com,Lighting,1,425.98,0.0,,CA,
ORD-005698,2024-10-02,CUST-02638,cust-02638@lumenmail.com,Lighting,3,5.07,0.05,Paid Search,US,
ORD-003868,2023-07-12,CUST-02568,cust-02568@lumenmail.com,Décor,2,0.0,0.05,Email,US,
ORD-003522,2024-12-18,CUST-01148,cust-01148@lumenmail.com,Lighting,2,36.91,0.0,Organic,US,control
ORD-007994,2024-01-23,CUST-01109,cust-01109@lumenmail.com,Lighting,5,330.94,0.0,Email,US,control
ORD-000062,2024-12-01,CUST-00229,cust-00229@lumenmail.com,Accessories,5,44.49,0.0,Email,US,
ORD-007041,2024-04-17,CUST-02928,cust-02928@lumenmail.com,Décor,2,177.1,0.15,Organic,UK,variant
ORD-006849,2024-12-01,CUST-01459,cust-01459@lumenmail.com,Outdoor,1,277.67,0.0,Paid Search,US,
ORD-000688,2024-03-29,CUST-02632,cust-02632@lumenmail.com,Décor,1,608.94,0.05,Organic,US,
ORD-001015,2024-03-29,CUST-02517,cust-02517@lumenmail.com,Décor,2,63.99,0.15,,US,control
ORD-000014,2024-06-29,CUST-00102,cust-00102@lumenmail.com,Lighting,1,33.43,0.0,Social,US,control
ORD-002755,2023-11-13,CUST-01340,cust-01340@lumenmail.com,Outdoor,1,158.33,0.15,Paid Search,CA,
ORD-005232,2023-06-16,CUST-02511,cust-02511@lumenmail.com,Décor,7,43.31,0.0,Paid Search,US,control
ORD-004300,2023-09-11,CUST-00576,cust-00576@lumenmail.com,Décor,2,69.1,0.0,Paid Search,US,control
ORD-007746,2024-10-01,CUST-01697,cust-01697@lumenmail.com,Furniture,3,182.7,0.0,Email,US,control
ORD-003779,03/08/2024,CUST-01632,cust-01632@lumenmail.com,Décor,1,311.06,0.05,Paid Search,US,
ORD-000785,2024-12-19,CUST-00693,cust-00693@lumenmail.com,Décor,1,75.41,0.05,Social,US,
ORD-004732,2024-07-26,CUST-02594,cust-02594@lumenmail.com,Lighting,2,92.82,0.15,Organic,US,variant
ORD-001170,2024-09-28,CUST-01820,cust-01820@lumenmail.com,Lighting,2,96.35,0.2,Social,CA,
ORD-000857,05/09/2023,CUST-01510,cust-01510@lumenmail.com,Décor,5,92.97,0.0,Organic,ZZ,
ORD-009374,2024-04-25,CUST-02714,cust-02714@lumenmail.com,Décor,1,38.23,0.05,Email,US,control
ORD-008592,2024-02-20,CUST-02897,cust-02897@lumenmail.com,Lighting,2,49.31,0.1,Paid Search,US,
ORD-005965,2024-02-04,CUST-01045,cust-01045@lumenmail.com,Lighting,1,124.27,0.05,Email,US,variant
ORD-001918,2024-01-29,CUST-02337,cust-02337@lumenmail.com,Lighting,1,38.74,0.2,Paid Search,US,control
ORD-005230,2023-11-16,CUST-02766,cust-02766@lumenmail.com,Décor,1,9.61,0.0,Paid Search,US,control
ORD-001236,2024-10-16,CUST-01507,cust-01507@lumenmail.com,Lighting,2,382.97,0.1,Email,US,
ORD-005577,2024-12-09,CUST-01526,cust-01526@lumenmail.com,Accessories,2,12.98,0.0,Paid Search,CA,variant
ORD-003179,2023-11-20,CUST-02197,cust-02197@lumenmail.com,Lighting,1,10.0,0.0,Paid Search,US,
ORD-009146,2024-02-05,CUST-02306,cust-02306@lumenmail.com,Décor,6,31.22,0.1,Email,ZZ,control
ORD-002901,2024-03-25,CUST-02883,cust-02883@lumenmail.com,Lighting,5,19.03,0.15,Paid Search,US,
ORD-002669,2024-04-02,CUST-01453,cust-01453@lumenmail.com,Lighting,2,351.88,0.0,Organic,US,variant
ORD-003180,2024-06-02,CUST-01448,cust-01448@lumenmail.com,Accessories,5,722.15,0.0,,US,
ORD-006291,2024-04-05,CUST-01867,cust-01867@lumenmail.com,Lighting,2,25.97,0.1,Email,US,variant
ORD-007132,2023-06-11,CUST-01965,cust-01965@lumenmail.com,Décor,2,36.94,0.0,Social,CA,control
ORD-007998,2024-11-07,CUST-00224,cust-00224@lumenmail.com,Lighting,1,99.84,0.15,Paid Search,US,variant
ORD-000657,2023-08-04,CUST-02806,cust-02806@lumenmail.com,Décor,3,7.59,0.0,Paid Search,US,
ORD-003050,2024-09-15,CUST-02588,cust-02588@lumenmail.com,Lighting,2,121.02,0.0,Organic,US,control
ORD-001864,2024-09-20,CUST-02249,cust-02249@lumenmail.com,Lighting,2,403.15,0.0,Email,US,
ORD-002322,19/03/2024,CUST-02725,cust-02725@lumenmail.com,Lighting,1,23.51,0.05,Paid Search,US,control
ORD-002925,2024-04-10,CUST-01869,cust-01869@lumenmail.com,Décor,2,89.82,0.0,Paid Search,US,
ORD-006592,2024-01-04,CUST-02783,cust-02783@lumenmail.com,Furniture,3,80.23,0.0,Paid Search,US,variant
ORD-008257,2023-07-08,CUST-02188,cust-02188@lumenmail.com,Décor,7,25.03,0.0,Organic,US,control
ORD-007475,2023-11-04,CUST-00319,cust-00319@lumenmail.com,Furniture,1,80.52,0.1,Organic,UK,control
ORD-002881,11/09/2024,CUST-02863,cust-02863@lumenmail.com,Lighting,1,67.41,0.05,Organic,US,variant
ORD-005629,22/10/2024,CUST-01182,cust-01182@lumenmail.com,Lighting,3,57.81,0.05,Paid Search,US,control
ORD-002594,2024-03-11,CUST-01792,cust-01792@lumenmail.com,Outdoor,-1,25.2,0.0,Email,US,variant
ORD-001709,2023-09-30,CUST-00305,cust-00305@lumenmail.com,Accessories,6,15.15,0.05,Paid Search,US,control
ORD-004457,2024-01-06,CUST-02978,cust-02978@lumenmail.com,Furniture,2,16.4,0.0,Organic,US,variant
ORD-009489,2024-04-25,CUST-02780,cust-02780@lumenmail.com,Décor,2,280.39,0.05,Paid Search,CA,control
ORD-007953,2023-10-31,CUST-01057,cust-01057@lumenmail.com,Lighting,-2,148.14,0.0,Organic,AU,control
ORD-008173,2023-06-21,CUST-00848,cust-00848@lumenmail.com,Furniture,3,92.82,0.0,Email,US,
ORD-006486,2024-11-16,CUST-01960,cust-01960@lumenmail.com,Furniture,1,140.21,0.0,Paid Search,CA,control
ORD-008449,2023-09-19,CUST-01588,cust-01588@lumenmail.com,Décor,2,35.73,0.25,Paid Search,US,control
ORD-005375,2024-12-19,CUST-02044,cust-02044@lumenmail.com,Décor,1,108.73,0.0,Email,US,variant
ORD-007613,2024-01-01,CUST-01676,cust-01676@lumenmail.com,Décor,7,20.56,0.2,Paid Search,US,
ORD-001684,2024-11-27,CUST-01000,cust-01000@lumenmail.com,Lighting,1,788.08,0.05,Paid Search,US,
ORD-000832,2024-04-09,CUST-02817,cust-02817@lumenmail.com,Décor,2,760.62,0.25,Email,CA,
ORD-006192,2023-10-13,CUST-01331,cust-01331@lumenmail.com,Lighting,2,41.77,0.0,Social,US,
ORD-001614,2024-12-06,CUST-02722,cust-02722@lumenmail.com,Outdoor,2,453.08,0.2,Organic,CA,variant
ORD-009094,2024-11-03,CUST-01405,cust-01405@lumenmail.com,Accessories,-2,27.44,0.0,Social,US,control
ORD-005906,2023-09-10,CUST-01843,cust-01843@lumenmail.com,Furniture,1,22.76,0.1,Email,UK,control
ORD-004316,30/10/2023,CUST-00769,cust-00769@lumenmail.com,Décor,2,139.54,0.0,Organic,CA,control
ORD-006439,2024-10-21,CUST-02612,cust-02612@lumenmail.com,Lighting,3,0.0,0.15,Paid Search,US,control
ORD-002237,2024-12-24,CUST-00104,cust-00104@lumenmail.com,Lighting,4,590.1,0.15,Social,US,
ORD-008021,2023-09-03,CUST-01020,cust-01020@lumenmail.com,Outdoor,2,63.2,0.1,Organic,ZZ,variant
ORD-004593,2023-09-24,CUST-00888,cust-00888@lumenmail.com,Lighting,2,148.04,0.15,Email,US,
ORD-000784,2023-10-10,CUST-01104,cust-01104@lumenmail.com,Furniture,1,5.27,0.0,Paid Search,UK,control
ORD-003080,2024-01-04,CUST-01499,cust-01499@lumenmail.com,Lighting,1,15.23,0.05,Social,US,
ORD-003660,2023-09-20,CUST-02569,cust-02569@lumenmail.com,Décor,2,284.74,0.0,Paid Search,AU,
ORD-004895,,CUST-00308,cust-00308@lumenmail.com,Accessories,4,34.11,0.05,Email,UK,
ORD-004725,2023-12-05,,guest@lumenmail.com,Lighting,4,236.14,0.05,Paid Search,US,variant
ORD-000858,2024-02-04,CUST-01021,cust-01021@lumenmail.com,Furniture,1,129.23,0.0,Paid Search,US,
ORD-000111,2023-07-26,CUST-00394,cust-00394@lumenmail.com,Furniture,5,219.51,0.05,Email,UK,variant
ORD-007502,2024-08-17,,guest@lumenmail.com,Lighting,1,66.43,0.25,Social,CA,variant
ORD-008634,2024-01-08,CUST-01380,cust-01380@lumenmail.com,Outdoor,1,723.5,0.0,Organic,UK,control
ORD-002348,14/05/2024,CUST-02347,cust-02347@lumenmail.com,Lighting,1,17.53,0.0,Paid Search,US,control
ORD-000186,2024-03-28,CUST-00091,cust-00091@lumenmail.com,Accessories,2,99.05,0.0,Paid Search,AU,control
ORD-009203,2023-10-14,CUST-00897,cust-00897@lumenmail.com,Outdoor,3,39.8,0.0,Social,ZZ,variant
ORD-002530,2024-12-03,CUST-01199,cust-01199@lumenmail.com,Outdoor,2,337.57,0.15,Email,US,variant
ORD-004163,2023-12-02,CUST-01182,cust-01182@lumenmail.com,Lighting,2,70.36,0.1,Email,US,
ORD-004010,2024-07-13,CUST-00307,cust-00307@lumenmail.com,Accessories,1,195.79,0.05,Paid Search,CA,
ORD-006935,2024-10-03,CUST-01115,cust-01115@lumenmail.com,Lighting,3,64.71,0.0,Paid Search,US,control
ORD-004803,2023-08-11,CUST-01216,cust-01216@lumenmail.com,Outdoor,1,135.95,0.1,Organic,US,variant
ORD-000006,2024-08-04,,guest@lumenmail.com,Accessories,1,135.63,0.0,Paid Search,AU,variant
ORD-000205,2024-06-30,CUST-00570,cust-00570@lumenmail.com,Lighting,4,94.37,0.05,Paid Search,US,variant
ORD-002149,2023-08-04,CUST-00243,cust-00243@lumenmail.com,Décor,1,278.95,0.2,Organic,UK,control
ORD-004896,2023-07-23,CUST-02095,cust-02095@lumenmail.com,Lighting,2,17.02,0.1,Organic,AU,variant
ORD-005560,2024-05-13,CUST-02032,cust-02032@lumenmail.com,Décor,2,41.51,0.0,Paid Search,UK,
ORD-002264,03/06/2024,CUST-00629,cust-00629@lumenmail.com,Outdoor,2,169.57,0.15,Organic,CA,control
ORD-003287,2024-05-02,CUST-00363,cust-00363@lumenmail.com,Lighting,5,35.89,0.0,Email,CA,
ORD-003014,04/02/2024,CUST-02301,cust-02301@lumenmail.com,Décor,2,36.31,0.05,Paid Search,UK,control
ORD-008715,,CUST-00171,cust-00171@lumenmail.com,Furniture,2,84.56,0.0,Email,CA,control
ORD-004003,2024-09-02,CUST-00082,cust-00082@lumenmail.com,Lighting,1,30.76,0.05,Social,US,control
ORD-002031,06/05/2024,,guest@lumenmail.com,Décor,2,28.99,0.0,Paid Search,CA,variant
ORD-008180,2024-01-22,CUST-01462,cust-01462@lumenmail.com,Furniture,1,193.19,0.0,Organic,US,
ORD-002614,2024-07-09,CUST-02036,cust-02036@lumenmail.com,Lighting,1,261.61,0.1,Paid Search,UK,variant
ORD-006005,19/05/2024,CUST-02356,cust-02356@lumenmail.com,Lighting,4,29.99,0.15,Organic,AU,variant
ORD-001078,2024-06-25,CUST-02921,cust-02921@lumenmail.com,Lighting,3,206.77,0.0,Organic,UK,control
ORD-007409,2024-12-06,CUST-00307,cust-00307@lumenmail.com,Décor,1,70.9,0.0,Email,US,
ORD-003456,2023-10-18,,guest@lumenmail.com,Décor,3,32.15,0.1,Organic,US,control
ORD-003804,09/07/2023,CUST-02960,cust-02960@lumenmail.com,Lighting,1,35.23,0.25,Email,US,
ORD-000326,2024-01-31,CUST-02415,cust-02415@lumenmail.com,Décor,1,50.53,0.0,Organic,US,variant
ORD-002021,2023-08-20,,guest@lumenmail.com,Lighting,2,8.01,0.0,Email,UK,
ORD-000701,2024-05-22,CUST-01200,cust-01200@lumenmail.com,Décor,2,121.6,0.0,Paid Search,US,
ORD-006107,2024-07-07,CUST-01414,cust-01414@lumenmail.com,Furniture,1,30.08,0.05,Paid Search,US,variant
ORD-000488,2024-07-14,CUST-01544,cust-01544@lumenmail.com,Furniture,2,63.72,0.0,Paid Search,US,
ORD-001688,2023-08-29,CUST-01637,cust-01637@lumenmail.com,Accessories,3,65.09,0.25,Email,US,
ORD-005747,2023-12-16,CUST-02639,cust-02639@lumenmail.com,Décor,1,33.86,0.05,Email,CA,
ORD-001721,2024-08-07,CUST-01104,cust-01104@lumenmail.com,Lighting,6,37.99,0.15,Organic,US,control
ORD-003938,09/09/2024,CUST-01022,cust-01022@lumenmail.com,Décor,2,48.99,0.0,,US,variant
ORD-007009,2024-07-22,CUST-02748,cust-02748@lumenmail.com,Lighting,1,44.75,0.1,Paid Search,UK,variant
ORD-003337,2024-12-20,CUST-01965,cust-01965@lumenmail.com,Lighting,7,71.4,0.0,Organic,US,
ORD-004885,2023-12-04,CUST-02325,cust-02325@lumenmail.com,Accessories,1,5.25,0.05,Social,US,control
ORD-006938,2024-10-24,CUST-00934,cust-00934@lumenmail.com,Décor,1,297.01,0.0,Paid Search,AU,control
ORD-009454,2023-11-12,CUST-01147,cust-01147@lumenmail.com,Furniture,4,109.36,0.0,Email,US,variant
ORD-003822,10/07/2024,CUST-01322,cust-01322@lumenmail.com,Décor,1,34.93,0.15,Paid Search,CA,variant
ORD-000698,2024-11-10,CUST-02571,cust-02571@lumenmail.com,Décor,2,174.12,0.05,Paid Search,UK,control
ORD-008807,2024-11-01,CUST-01717,cust-01717@lumenmail.com,Furniture,5,397.23,0.0,Email,UK,variant
ORD-001214,2024-06-22,CUST-02288,cust-02288@lumenmail.com,Furniture,1,99.57,0.15,Organic,US,
ORD-007105,2023-07-03,CUST-01633,cust-01633@lumenmail.com,Furniture,3,62.88,0.05,Organic,US,variant
ORD-004998,19/05/2024,CUST-02512,cust-02512@lumenmail.com,Décor,1,61.06,0.1,Email,US,variant
ORD-000021,2024-06-25,CUST-01598,cust-01598@lumenmail.com,Accessories,1,73.09,0.1,Paid Search,US,control
ORD-004905,2023-09-14,CUST-00189,cust-00189@lumenmail.com,Lighting,1,783.85,0.05,Organic,CA,variant
ORD-001305,2024-06-25,CUST-01410,cust-01410@lumenmail.com,Accessories,1,186.53,0.1,Paid Search,US,control
ORD-008842,2023-11-14,CUST-02822,cust-02822@lumenmail.com,Lighting,1,154.38,0.0,Paid Search,US,
ORD-002797,2023-11-24,CUST-02603,cust-02603@lumenmail.com,Furniture,2,102.23,0.05,Paid Search,US,
ORD-002323,2023-10-29,CUST-00471,cust-00471@lumenmail.com,Lighting,1,93.15,0.0,Paid Search,CA,control
ORD-000377,2024-05-27,CUST-01094,cust-01094@lumenmail.com,Lighting,3,67.2,0.0,Email,UK,variant
ORD-001263,2024-03-05,CUST-01748,cust-01748@lumenmail.com,Furniture,1,309.49,0.05,Paid Search,UK,
ORD-001801,2024-09-26,CUST-00365,cust-00365@lumenmail.com,Lighting,6,31.95,0.05,Social,US,
ORD-004562,2024-02-15,CUST-02291,cust-02291@lumenmail.com,Lighting,1,735.2,0.0,Organic,US,
ORD-005273,2024-05-25,CUST-01801,cust-01801@lumenmail.com,Décor,3,29.22,0.05,,ZZ,control
ORD-001540,2023-09-30,CUST-01077,cust-01077@lumenmail.com,Décor,1,28.7,0.0,Paid Search,US,variant
ORD-001105,2023-11-03,CUST-00283,cust-00283@lumenmail.com,Décor,1,146.69,0.0,Paid Search,ZZ,
ORD-005977,2023-09-26,CUST-00920,cust-00920@lumenmail.com,Furniture,4,15.66,0.15,Paid Search,US,
ORD-005347,2023-07-16,CUST-00066,cust-00066@lumenmail.com,Décor,3,51.69,0.0,Paid Search,US,
ORD-008722,04/07/2023,CUST-02083,cust-02083@lumenmail.com,Lighting,1,214.29,0.15,Email,US,variant
ORD-005580,2023-06-11,,guest@lumenmail.com,Accessories,1,23.95,0.1,Paid Search,US,
ORD-003876,2023-08-28,CUST-00868,cust-00868@lumenmail.com,Outdoor,2,372.54,0.0,Paid Search,US,variant
ORD-004462,2024-11-10,CUST-00276,cust-00276@lumenmail.com,Lighting,6,47.22,0.15,Email,US,control
ORD-006279,2024-09-22,CUST-00329,cust-00329@lumenmail.com,Décor,-3,50.19,0.0,Paid Search,US,variant
ORD-006068,2023-08-20,CUST-00238,cust-00238@lumenmail.com,Furniture,1,32.82,0.05,Paid Search,CA,
ORD-002064,2024-03-13,CUST-00886,cust-00886@lumenmail.com,Décor,1,93.46,0.0,Organic,US,control
ORD-003176,2024-03-03,CUST-00085,cust-00085@lumenmail.com,Décor,2,29.42,0.0,Organic,CA,variant
ORD-004592,2024-12-02,CUST-02724,cust-02724@lumenmail.com,Furniture,1,49.01,0.0,Organic,US,
ORD-008786,2024-01-15,CUST-01813,cust-01813@lumenmail.com,Lighting,2,151.87,0.0,Social,AU,variant
ORD-006490,2024-12-06,CUST-02931,cust-02931@lumenmail.com,Décor,1,13.55,0.0,Paid Search,US,
ORD-005745,2024-04-18,CUST-02867,cust-02867@lumenmail.com,Lighting,1,50.67,0.0,Email,US,
ORD-005860,2024-07-24,CUST-01587,cust-01587@lumenmail.com,Furniture,1,99.77,0.25,Email,CA,control
ORD-004380,2024-08-16,,guest@lumenmail.com,Lighting,3,174.73,0.05,Paid Search,US,control
ORD-003065,03/09/2023,CUST-00105,cust-00105@lumenmail.com,Furniture,-2,73.15,0.0,Organic,US,
ORD-004051,2024-12-30,CUST-00543,cust-00543@lumenmail.com,Lighting,2,9.9,0.25,Paid Search,US,variant
ORD-008975,2024-08-06,CUST-00675,cust-00675@lumenmail.com,Décor,2,34.48,0.1,Social,UK,control
ORD-004084,2024-09-26,CUST-02218,cust-02218@lumenmail.com,Lighting,1,104.91,0.05,Email,US,control
ORD-007214,2023-12-12,CUST-01606,cust-01606@lumenmail.com,Outdoor,3,55.48,0.0,Email,CA,
ORD-004669,06/08/2024,CUST-02230,cust-02230@lumenmail.com,Décor,1,48.63,0.0,Email,UK,
ORD-009573,2023-12-27,CUST-01095,cust-01095@lumenmail.com,Furniture,1,66.04,0.0,Paid Search,US,
ORD-000260,2024-08-05,CUST-02789,cust-02789@lumenmail.com,Lighting,2,701.71,0.0,Social,CA,variant
ORD-001583,2024-07-16,CUST-01796,cust-01796@lumenmail.com,Furniture,2,213.84,0.0,Organic,UK,
ORD-008910,19/09/2024,CUST-00032,cust-00032@lumenmail.com,Outdoor,2,79.2,0.2,Social,CA,variant
ORD-002111,25/01/2024,CUST-00568,cust-00568@lumenmail.com,Lighting,1,30.13,0.15,Email,US,
ORD-000035,2024-04-15,CUST-01305,cust-01305@lumenmail.com,Furniture,1,178.64,0.05,Paid Search,CA,variant
ORD-001343,2024-02-25,CUST-01285,cust-01285@lumenmail.com,Furniture,1,191.55,0.0,Social,US,variant
ORD-006053,2024-02-16,CUST-00994,cust-00994@lumenmail.com,Lighting,3,120.7,0.1,Paid Search,UK,control
ORD-005885,2024-10-05,CUST-01204,cust-01204@lumenmail.com,Lighting,2,217.51,0.0,Social,CA,control
ORD-003900,2024-08-09,CUST-00507,cust-00507@lumenmail.com,Décor,4,12.63,0.0,Organic,US,variant
ORD-000999,09/08/2023,CUST-01082,cust-01082@lumenmail.com,Décor,1,172.42,0.2,Social,CA,control
ORD-001204,2023-11-07,CUST-01766,cust-01766@lumenmail.com,Lighting,1,38.65,0.05,Email,UK,control
ORD-008716,2024-01-08,CUST-00355,cust-00355@lumenmail.com,Accessories,-1,77.05,0.0,Paid Search,US,control
ORD-001511,2024-05-21,CUST-02443,cust-02443@lumenmail.com,Lighting,2,616.15,0.0,Paid Search,US,variant
ORD-008742,2024-12-15,CUST-02772,cust-02772@lumenmail.com,Décor,1,48.76,0.0,Paid Search,US,control
ORD-007068,2023-10-14,CUST-02737,cust-02737@lumenmail.com,Décor,2,75.27,0.15,Organic,US,
ORD-001528,2024-03-12,CUST-00752,cust-00752@lumenmail.com,Lighting,1,69.9,0.0,Paid Search,US,
ORD-004708,28/12/2023,CUST-01874,cust-01874@lumenmail.com,Décor,1,90.5,0.05,Social,CA,
ORD-003964,2023-10-01,CUST-00562,cust-00562@lumenmail.com,Décor,2,21.67,0.15,Paid Search,US,variant
ORD-003782,2024-11-24,CUST-00344,cust-00344@lumenmail.com,Furniture,1,240.78,0.05,Organic,US,variant
ORD-006430,2024-02-06,CUST-00590,cust-00590@lumenmail.com,Accessories,1,566.87,0.05,Social,US,control
ORD-005052,2023-08-09,CUST-00267,cust-00267@lumenmail.com,Outdoor,4,184.05,0.15,Paid Search,US,
ORD-002193,2023-08-10,CUST-00868,cust-00868@lumenmail.com,Furniture,1,349.62,0.0,Paid Search,US,
ORD-001248,2024-10-04,CUST-02563,cust-02563@lumenmail.com,Décor,6,77.75,0.05,Organic,US,control
ORD-004042,2023-10-08,CUST-00383,cust-00383@lumenmail.com,Décor,2,202.09,0.25,Organic,CA,variant
ORD-009254,2024-07-04,CUST-01020,cust-01020@lumenmail.com,Accessories,1,88.97,0.0,Paid Search,US,variant
ORD-002053,2024-06-17,CUST-00365,cust-00365@lumenmail.com,Décor,2,63.37,0.2,Organic,US,control
ORD-009074,2023-09-08,CUST-01204,cust-01204@lumenmail.com,Décor,2,48.76,0.1,Paid Search,US,
ORD-007779,2023-12-23,CUST-01409,cust-01409@lumenmail.com,Lighting,1,64.04,0.0,Social,US,control
ORD-002457,2024-07-07,,guest@lumenmail.com,Lighting,2,15.9,0.0,Email,US,variant
ORD-009571,2024-05-21,,guest@lumenmail.com,Furniture,-2,79.33,0.05,,US,control
ORD-007981,02/09/2023,CUST-00166,cust-00166@lumenmail.com,Accessories,1,6.17,0.0,Social,UK,control
ORD-008032,2024-01-28,CUST-01762,cust-01762@lumenmail.com,Lighting,1,58.53,0.05,Email,CA,
ORD-008239,2023-11-26,,guest@lumenmail.com,Lighting,2,129.35,0.0,Social,US,
ORD-004131,2023-09-15,CUST-00953,cust-00953@lumenmail.com,Furniture,1,122.17,0.0,Email,US,variant
ORD-004838,2024-04-26,CUST-02258,cust-02258@lumenmail.com,Décor,2,126.02,0.15,Paid Search,US,
ORD-000100,2024-01-07,CUST-00010,cust-00010@lumenmail.com,Lighting,2,73.88,0.15,Email,AU,
ORD-004230,2024-09-12,CUST-01854,cust-01854@lumenmail.com,Furniture,2,32.89,0.1,Social,US,variant
ORD-005133,20/12/2024,CUST-01229,cust-01229@lumenmail.com,Décor,1,91.61,0.0,Email,US,variant
ORD-008919,2023-07-27,CUST-02770,cust-02770@lumenmail.com,Accessories,1,90.6,0.15,Paid Search,US,variant
ORD-002106,27/10/2024,CUST-02250,cust-02250@lumenmail.com,Décor,4,61.96,0.05,Email,US,variant
ORD-003192,2024-09-04,CUST-01604,cust-01604@lumenmail.com,Lighting,1,659.7,0.1,Social,UK,variant
ORD-009320,2023-09-30,CUST-02970,cust-02970@lumenmail.com,Accessories,4,45.36,0.0,Paid Search,US,control
ORD-002070,2024-12-07,CUST-02412,cust-02412@lumenmail.com,Lighting,1,7.58,0.05,Email,US,variant
ORD-000746,2023-12-25,CUST-02072,cust-02072@lumenmail.com,Décor,2,323.94,0.0,Paid Search,CA,
ORD-004468,2023-11-18,CUST-01347,cust-01347@lumenmail.com,Furniture,1,95.85,0.0,Social,US,
ORD-009355,2023-07-21,CUST-01104,cust-01104@lumenmail.com,Décor,5,123.06,0.0,Email,US,control
ORD-009064,2024-10-17,CUST-00521,cust-00521@lumenmail.com,Lighting,4,372.7,0.1,Organic,US,
ORD-005022,2024-08-26,CUST-01248,cust-01248@lumenmail.com,Lighting,2,170.54,0.0,Paid Search,UK,
ORD-003919,2024-08-27,CUST-02045,cust-02045@lumenmail.com,Lighting,4,92.64,0.1,Email,UK,control
ORD-006970,,CUST-01015,cust-01015@lumenmail.com,Décor,2,495.37,0.0,Organic,US,
ORD-009562,2024-10-06,CUST-02469,cust-02469@lumenmail.com,Accessories,5,8.45,0.0,Organic,UK,control
ORD-004072,2024-03-04,CUST-01660,cust-01660@lumenmail.com,Furniture,2,94.27,0.0,Paid Search,US,
ORD-005160,2024-12-06,,guest@lumenmail.com,Lighting,2,56.98,0.0,Paid Search,US,
ORD-005699,24/11/2023,CUST-01103,cust-01103@lumenmail.com,Furniture,2,5.27,0.15,,US,
ORD-006780,2024-05-05,CUST-01285,cust-01285@lumenmail.com,Furniture,2,182.6,0.0,Email,US,variant
ORD-006704,2023-06-22,CUST-02612,cust-02612@lumenmail.com,Décor,1,35.82,0.05,Email,CA,variant
ORD-002588,2024-10-24,CUST-02824,cust-02824@lumenmail.com,Lighting,1,65.35,0.05,Paid Search,UK,variant
ORD-002420,2024-08-16,CUST-01636,cust-01636@lumenmail.com,Outdoor,1,89.64,0.05,Organic,UK,
ORD-008330,02/09/2024,CUST-02749,cust-02749@lumenmail.com,Accessories,1,97.36,0.05,Organic,US,
ORD-002518,2023-07-11,CUST-01946,cust-01946@lumenmail.com,Outdoor,3,0.0,0.15,Organic,US,
ORD-006382,01/06/2023,,guest@lumenmail.com,Décor,2,163.62,0.05,Paid Search,US,control
ORD-005532,04/07/2023,CUST-01777,cust-01777@lumenmail.com,Décor,1,99.56,0.1,Email,UK,control
ORD-002456,2024-05-06,CUST-01698,cust-01698@lumenmail.com,Lighting,1,193.31,0.1,Organic,UK,
ORD-005527,2024-11-22,CUST-00971,cust-00971@lumenmail.com,Lighting,2,25.4,0.1,Social,US,
ORD-006932,2023-10-02,CUST-01107,cust-01107@lumenmail.com,Lighting,2,720.57,0.0,Email,CA,
ORD-008980,2024-09-29,CUST-02959,cust-02959@lumenmail.com,Accessories,5,130.07,0.0,Organic,US,control
ORD-009478,2024-01-13,CUST-02411,cust-02411@lumenmail.com,Lighting,1,287.91,0.0,Organic,US,
ORD-005468,2024-11-14,CUST-00957,cust-00957@lumenmail.com,Décor,-4,38.03,0.0,Social,CA,control
ORD-003950,2023-09-11,CUST-00739,cust-00739@lumenmail.com,Furniture,1,105.82,0.1,Paid Search,US,control
ORD-004806,2024-10-21,CUST-02407,cust-02407@lumenmail.com,Lighting,1,15.11,0.1,Email,US,variant
ORD-000471,2024-10-16,CUST-00902,cust-00902@lumenmail.com,Lighting,2,249.52,0.15,Social,US,variant
ORD-007850,2024-01-04,CUST-00383,cust-00383@lumenmail.com,Décor,1,10.18,0.05,Paid Search,US,control
ORD-000459,2024-11-29,CUST-02607,cust-02607@lumenmail.com,Furniture,2,20.54,0.05,Social,CA,
ORD-003873,2024-12-15,CUST-01232,cust-01232@lumenmail.com,Outdoor,1,220.25,0.0,Social,US,variant
ORD-006368,2024-10-20,CUST-00024,cust-00024@lumenmail.com,Furniture,5,66.4,0.2,Organic,CA,control
ORD-008750,24/06/2024,CUST-01168,cust-01168@lumenmail.com,Furniture,2,676.81,0.0,Organic,US,control
ORD-008211,2024-12-09,CUST-00767,cust-00767@lumenmail.com,Décor,1,63.9,0.05,Organic,US,
ORD-003366,2023-12-09,CUST-01736,cust-01736@lumenmail.com,Décor,-1,482.85,0.15,Email,UK,
ORD-002182,2024-11-28,CUST-01359,cust-01359@lumenmail.com,Furniture,7,92.26,0.05,Social,US,control
ORD-000684,2024-09-27,CUST-01631,cust-01631@lumenmail.com,Accessories,5,73.72,0.1,Paid Search,US,control
ORD-002542,2024-05-30,CUST-01747,cust-01747@lumenmail.com,Lighting,-4,327.7,0.1,Paid Search,US,control
ORD-002800,2024-11-08,CUST-00353,cust-00353@lumenmail.com,Furniture,2,140.78,0.0,Organic,US,
ORD-007155,17/07/2023,CUST-02936,cust-02936@lumenmail.com,Décor,2,99.96,0.1,Organic,UK,control
ORD-005683,2024-10-26,CUST-02003,cust-02003@lumenmail.com,Décor,1,18.82,0.0,Email,US,variant
ORD-003280,2023-09-29,CUST-00800,cust-00800@lumenmail.com,Furniture,1,30.94,0.2,Organic,US,control
ORD-001242,2023-06-29,CUST-01201,cust-01201@lumenmail.com,Lighting,4,151.3,0.1,Email,AU,control
ORD-004659,2024-05-21,CUST-02198,cust-02198@lumenmail.com,Décor,1,49.11,0.05,Paid Search,US,
ORD-004372,2024-07-10,CUST-00147,cust-00147@lumenmail.com,Furniture,1,72.79,0.0,Email,CA,variant
ORD-009559,2024-05-21,CUST-00203,cust-00203@lumenmail.com,Lighting,1,89.77,0.0,Email,US,
ORD-008337,2023-09-30,CUST-02769,cust-02769@lumenmail.com,Décor,6,254.01,0.2,Email,US,control
ORD-005132,2023-09-14,CUST-02577,cust-02577@lumenmail.com,Accessories,3,78.51,0.05,Email,US,variant
ORD-004146,2024-12-23,CUST-01148,cust-01148@lumenmail.com,Lighting,1,8.5,0.05,Organic,US,control
ORD-002042,2024-04-19,CUST-00549,cust-00549@lumenmail.com,Lighting,2,23.06,0.05,Paid Search,CA,
ORD-001659,28/09/2024,CUST-01791,cust-01791@lumenmail.com,Lighting,1,144.59,0.1,Paid Search,US,
ORD-008817,2023-11-07,CUST-02392,cust-02392@lumenmail.com,Furniture,2,41.1,0.0,Email,US,control
ORD-005668,2024-08-02,,guest@lumenmail.com,Lighting,2,221.45,0.0,Email,US,
ORD-005026,2024-07-04,CUST-00278,cust-00278@lumenmail.com,Décor,2,486.65,0.0,Paid Search,US,
ORD-001102,2024-11-18,CUST-01684,cust-01684@lumenmail.com,Lighting,1,204.64,0.0,Email,US,control
ORD-005740,2024-04-13,CUST-00957,cust-00957@lumenmail.com,Décor,2,133.05,0.1,Email,CA,
ORD-005460,2023-06-10,CUST-01842,cust-01842@lumenmail.com,Accessories,2,45.89,0.0,Social,US,variant
ORD-006072,20/09/2023,CUST-01457,cust-01457@lumenmail.com,Accessories,2,270.03,0.0,Email,US,
ORD-006853,2023-10-19,CUST-02261,cust-02261@lumenmail.com,Outdoor,2,317.23,0.0,Paid Search,US,
ORD-002816,2024-08-09,CUST-01893,cust-01893@lumenmail.com,Lighting,1,125.42,0.0,Paid Search,US,variant
ORD-007937,05/02/2024,CUST-01281,cust-01281@lumenmail.com,Accessories,1,6.19,0.1,Paid Search,AU,
ORD-002038,2024-12-26,CUST-01156,cust-01156@lumenmail.com,Lighting,5,68.74,0.0,Email,CA,control
ORD-006355,2023-12-19,CUST-00972,cust-00972@lumenmail.com,Lighting,2,52.44,0.15,Organic,US,control
ORD-009317,2024-05-21,CUST-02039,cust-02039@lumenmail.com,Décor,1,132.65,0.05,Email,CA,control
ORD-004650,2023-09-13,CUST-00188,cust-00188@lumenmail.com,Lighting,2,150.26,0.0,Email,US,control
ORD-003629,2024-01-18,CUST-01558,cust-01558@lumenmail.com,Lighting,2,146.67,0.0,Paid Search,US,control
ORD-004416,2024-01-16,CUST-02907,cust-02907@lumenmail.com,Outdoor,1,87.98,0.05,Email,UK,
ORD-000566,2024-01-02,CUST-01070,cust-01070@lumenmail.com,Lighting,4,27.68,0.1,Paid Search,CA,
ORD-008083,2023-06-18,CUST-01681,cust-01681@lumenmail.com,Furniture,2,19.13,0.0,,US,control
ORD-004362,2024-07-21,CUST-01381,cust-01381@lumenmail.com,Lighting,1,36.13,0.0,Organic,US,
ORD-001461,2024-12-23,CUST-00842,cust-00842@lumenmail.com,Furniture,2,387.34,0.0,Email,ZZ,control
ORD-007651,2023-11-26,,guest@lumenmail.com,Décor,2,91.16,0.0,,US,variant
ORD-007987,2024-11-16,CUST-02776,cust-02776@lumenmail.com,Lighting,-2,51.88,0.05,Email,US,control
ORD-000076,2023-09-19,CUST-00661,cust-00661@lumenmail.com,Lighting,1,32.53,0.05,Email,CA,
ORD-000838,2024-08-14,CUST-01472,cust-01472@lumenmail.com,Furniture,-1,6.45,0.0,Email,US,
ORD-004531,2024-09-22,CUST-00116,cust-00116@lumenmail.com,Outdoor,3,0.0,0.0,Organic,US,control
ORD-001977,2023-09-12,CUST-02337,cust-02337@lumenmail.com,Outdoor,1,33.51,0.0,Paid Search,US,
ORD-004740,,CUST-00742,cust-00742@lumenmail.com,Lighting,2,47.26,0.0,Paid Search,US,
ORD-007837,2024-11-05,CUST-02858,cust-02858@lumenmail.com,Lighting,1,94.23,0.05,Paid Search,US,control
ORD-000089,2024-10-04,CUST-01502,cust-01502@lumenmail.com,Furniture,1,56.41,0.05,Organic,AU,control
ORD-008273,2023-09-26,CUST-01072,cust-01072@lumenmail.com,Lighting,2,533.08,0.0,,CA,
ORD-004728,2024-02-20,CUST-01863,cust-01863@lumenmail.com,Lighting,1,157.17,0.0,Email,CA,variant
ORD-008861,2024-02-12,CUST-01227,cust-01227@lumenmail.com,Accessories,4,54.51,0.0,,US,variant
ORD-005021,2024-01-09,CUST-01930,cust-01930@lumenmail.com,Furniture,1,588.77,0.0,Organic,US,variant
ORD-002671,2024-12-29,CUST-00033,cust-00033@lumenmail.com,Furniture,3,28.45,0.15,Social,US,
ORD-008584,16/03/2024,CUST-02618,cust-02618@lumenmail.com,Décor,1,32.69,0.1,Organic,US,variant
ORD-000596,2023-11-12,,guest@lumenmail.com,Décor,2,90.83,0.2,Email,US,
ORD-009376,2024-08-14,CUST-02370,cust-02370@lumenmail.com,Lighting,2,474.74,0.1,Paid Search,US,control
ORD-005930,2024-12-01,CUST-00207,cust-00207@lumenmail.com,Décor,2,11.27,0.05,Paid Search,US,
ORD-002266,2024-10-12,CUST-02404,cust-02404@lumenmail.com,Lighting,2,30.47,0.0,Organic,US,control
ORD-002971,2024-06-04,CUST-01249,cust-01249@lumenmail.com,Lighting,2,49.74,0.15,Organic,UK,control
ORD-001759,2024-08-29,CUST-01155,cust-01155@lumenmail.com,Accessories,2,21.65,0.0,Organic,US,control
ORD-009186,2024-04-23,CUST-00458,cust-00458@lumenmail.com,Lighting,3,18.13,0.2,Email,CA,variant
ORD-001914,2024-08-09,CUST-00541,cust-00541@lumenmail.com,Furniture,-2,6.25,0.15,Paid Search,CA,variant
ORD-003073,2024-08-14,CUST-01172,cust-01172@lumenmail.com,Outdoor,1,66.94,0.0,Social,US,control
ORD-001268,2023-06-19,CUST-02115,cust-02115@lumenmail.com,Outdoor,4,239.87,0.05,Email,US,variant
ORD-003802,06/09/2024,CUST-02446,cust-02446@lumenmail.com,Lighting,1,79.28,0.0,Organic,US,
ORD-002541,2023-09-01,CUST-01430,cust-01430@lumenmail.com,Lighting,2,75.13,0.15,Email,AU,control
ORD-008654,2024-12-10,CUST-00736,cust-00736@lumenmail.com,Lighting,1,410.75,0.0,Paid Search,AU,variant
ORD-007662,2024-09-23,CUST-02602,cust-02602@lumenmail.com,Furniture,2,321.86,0.0,Paid Search,US,control
ORD-004095,2023-11-02,CUST-00239,cust-00239@lumenmail.com,Décor,1,114.12,0.05,Social,US,
ORD-002611,2024-08-14,CUST-00307,cust-00307@lumenmail.com,Lighting,2,46.69,0.0,Paid Search,US,
ORD-005187,2024-07-02,CUST-01667,cust-01667@lumenmail.com,Lighting,1,47.39,0.05,Social,UK,control
ORD-007677,2024-08-28,CUST-02271,cust-02271@lumenmail.com,Décor,5,78.09,0.1,,US,
ORD-006208,2023-11-23,CUST-00685,cust-00685@lumenmail.com,Lighting,1,99.42,0.2,Organic,UK,
ORD-007338,2024-06-23,,guest@lumenmail.com,Lighting,2,351.97,0.15,Email,US,
ORD-002202,2024-11-27,CUST-00960,cust-00960@lumenmail.com,Accessories,2,399.08,0.0,Organic,CA,
ORD-008923,2024-06-20,CUST-01589,cust-01589@lumenmail.com,Lighting,-1,131.01,0.0,Organic,CA,control
ORD-000425,20/06/2023,CUST-02372,cust-02372@lumenmail.com,Outdoor,2,42.02,0.1,Paid Search,US,control
ORD-002950,2024-07-04,CUST-00425,cust-00425@lumenmail.com,Accessories,2,53.15,0.2,Email,US,
ORD-002254,2023-08-05,CUST-01519,cust-01519@lumenmail.com,Décor,1,76.66,0.05,Paid Search,US,control
ORD-002331,2024-03-02,CUST-00660,cust-00660@lumenmail.com,Lighting,1,271.96,0.0,Paid Search,US,control
ORD-000074,2024-12-24,CUST-00376,cust-00376@lumenmail.com,Furniture,1,63.09,0.05,Paid Search,US,variant
ORD-005031,2024-02-19,,guest@lumenmail.com,Lighting,1,180.63,0.1,Social,US,
ORD-001487,2024-09-28,CUST-00275,cust-00275@lumenmail.com,Lighting,1,179.2,0.0,Email,US,
ORD-008057,2024-04-08,CUST-02833,cust-02833@lumenmail.com,Lighting,1,37.42,0.15,Paid Search,US,
ORD-004291,2023-11-24,CUST-00480,cust-00480@lumenmail.com,Lighting,2,219.26,0.05,Paid Search,CA,variant
ORD-006031,2023-10-14,CUST-01987,cust-01987@lumenmail.com,Lighting,1,318.13,0.2,Email,UK,control
ORD-008365,2024-03-06,CUST-00330,cust-00330@lumenmail.com,Décor,1,206.71,0.0,Email,US,control
ORD-006389,2023-08-18,CUST-02986,cust-02986@lumenmail.com,Lighting,1,112.01,0.05,Social,US,
ORD-000769,2023-06-15,CUST-01697,cust-01697@lumenmail.com,Lighting,1,272.27,0.0,Paid Search,AU,
ORD-000241,2023-10-12,CUST-01190,cust-01190@lumenmail.com,Lighting,2,189.24,0.05,Social,US,control
ORD-007304,2023-09-02,,guest@lumenmail.com,Décor,1,116.29,0.0,Social,US,
ORD-000350,27/03/2024,CUST-01990,cust-01990@lumenmail.com,Accessories,2,31.19,0.0,Paid Search,US,variant
ORD-002016,2024-08-17,CUST-02106,cust-02106@lumenmail.com,Outdoor,2,337.06,0.0,Organic,CA,control
ORD-004269,2024-12-12,CUST-01949,cust-01949@lumenmail.com,Décor,1,33.23,0.0,Social,US,variant
ORD-003053,2024-03-03,,guest@lumenmail.com,Furniture,1,19.79,0.0,Email,US,
ORD-002923,2024-12-21,CUST-01835,cust-01835@lumenmail.com,Lighting,1,43.4,0.05,Organic,US,variant
ORD-006215,2024-10-19,CUST-02982,cust-02982@lumenmail.com,Furniture,6,40.32,0.25,Organic,US,control
ORD-006073,2024-02-17,,guest@lumenmail.com,Lighting,4,394.72,0.1,Social,US,variant
ORD-008928,,CUST-01821,cust-01821@lumenmail.com,Lighting,5,36.27,0.1,Organic,US,variant
ORD-000708,2024-04-19,CUST-02299,cust-02299@lumenmail.com,Décor,1,286.68,0.0,Email,US,
ORD-009126,2024-04-02,,guest@lumenmail.com,Furniture,3,266.18,0.0,Organic,US,control
ORD-003758,2024-03-27,,guest@lumenmail.com,Lighting,-1,85.16,0.0,Organic,CA,
ORD-000738,2024-10-30,CUST-01387,cust-01387@lumenmail.com,Furniture,2,46.33,0.0,Paid Search,US,control
ORD-001630,2024-01-11,CUST-02182,cust-02182@lumenmail.com,Lighting,1,84.11,0.0,Organic,CA,variant
ORD-006478,2024-08-24,CUST-01320,cust-01320@lumenmail.com,Décor,1,5.41,0.05,Email,UK,control
ORD-003487,2024-04-11,CUST-00496,cust-00496@lumenmail.com,Lighting,1,150.93,0.05,Email,UK,
ORD-007786,17/06/2023,CUST-01429,cust-01429@lumenmail.com,Décor,2,168.33,0.25,Organic,US,control
ORD-008343,2024-01-05,CUST-01493,cust-01493@lumenmail.com,Décor,1,46.0,0.1,Paid Search,US,
ORD-002472,2023-11-09,CUST-02338,cust-02338@lumenmail.com,Lighting,2,163.79,0.25,Social,US,
ORD-007405,2024-07-08,CUST-02200,cust-02200@lumenmail.com,Accessories,-1,41.14,0.2,Social,CA,control
ORD-004693,2024-07-26,,guest@lumenmail.com,Furniture,2,152.1,0.0,Organic,US,variant
ORD-002023,2023-09-01,CUST-02310,cust-02310@lumenmail.com,Furniture,1,158.29,0.05,Organic,US,control
ORD-007874,2024-10-23,CUST-01974,cust-01974@lumenmail.com,Décor,3,76.57,0.0,Organic,US,
ORD-000199,2023-07-13,CUST-00128,cust-00128@lumenmail.com,Lighting,1,371.0,0.25,Paid Search,AU,
ORD-008450,2024-10-01,CUST-02803,cust-02803@lumenmail.com,Furniture,5,41.97,0.15,Paid Search,US,control
ORD-003841,2024-02-27,,guest@lumenmail.com,Lighting,4,94.1,0.0,Email,US,
ORD-001258,2024-09-02,CUST-00300,cust-00300@lumenmail.com,Décor,1,0.0,0.05,Paid Search,US,
ORD-003457,2023-10-09,CUST-00487,cust-00487@lumenmail.com,Lighting,1,97.22,0.05,Paid Search,US,variant
ORD-009327,2023-10-15,CUST-00927,cust-00927@lumenmail.com,Furniture,1,79.8,0.05,Paid Search,UK,control
ORD-008551,2024-11-14,CUST-02006,cust-02006@lumenmail.com,Furniture,7,18.21,0.05,Organic,US,control
ORD-006135,2024-01-19,CUST-00220,cust-00220@lumenmail.com,Furniture,1,65.21,0.05,Organic,US,control
ORD-008141,2023-07-10,CUST-00897,cust-00897@lumenmail.com,Décor,2,99.88,0.0,Organic,US,variant
ORD-001646,2023-10-13,CUST-01140,cust-01140@lumenmail.com,Décor,1,30.23,0.0,Paid Search,US,variant
ORD-000416,21/12/2023,,guest@lumenmail.com,Furniture,3,209.01,0.1,Organic,UK,variant
ORD-007082,2023-12-12,CUST-00901,cust-00901@lumenmail.com,Furniture,4,259.84,0.05,Email,US,variant
ORD-005029,12/10/2023,CUST-02127,cust-02127@lumenmail.com,Décor,2,20.71,0.0,Organic,CA,
ORD-007157,22/03/2024,CUST-02138,cust-02138@lumenmail.com,Lighting,1,70.84,0.05,Email,UK,variant
ORD-007049,2024-02-01,CUST-02799,cust-02799@lumenmail.com,Outdoor,3,90.36,0.0,Organic,CA,control
ORD-001718,2024-08-10,CUST-01283,cust-01283@lumenmail.com,Lighting,1,56.44,0.0,Social,US,variant
ORD-007481,2024-12-21,CUST-01858,cust-01858@lumenmail.com,Lighting,2,105.85,0.15,Organic,US,
ORD-005548,2023-09-29,,guest@lumenmail.com,Furniture,2,41.45,0.25,Email,CA,control
ORD-007179,2024-07-18,CUST-00506,cust-00506@lumenmail.com,Lighting,2,82.4,0.2,Paid Search,US,
ORD-000916,2024-09-26,CUST-00142,cust-00142@lumenmail.com,Décor,1,90.58,0.0,Organic,US,
ORD-003832,2023-07-04,CUST-01094,cust-01094@lumenmail.com,Lighting,1,145.71,0.05,Paid Search,US,
ORD-001007,2024-03-04,CUST-00475,cust-00475@lumenmail.com,Lighting,2,139.75,0.0,Social,CA,variant
ORD-002128,2023-07-13,CUST-02612,cust-02612@lumenmail.com,Décor,2,46.69,0.0,Email,US,control
ORD-004975,2024-02-27,CUST-00232,cust-00232@lumenmail.com,Lighting,1,674.04,0.0,Email,US,
ORD-002805,12/07/2023,CUST-00055,cust-00055@lumenmail.com,Outdoor,3,134.35,0.05,Organic,US,variant
ORD-008030,2024-02-16,CUST-00008,cust-00008@lumenmail.com,Outdoor,1,9.91,0.0,Social,UK,
ORD-002139,2024-01-12,CUST-00224,cust-00224@lumenmail.com,Outdoor,1,28.48,0.05,Email,US,variant
ORD-007991,2024-05-15,,guest@lumenmail.com,Décor,3,88.11,0.0,Email,CA,control
ORD-001389,13/11/2023,CUST-01040,cust-01040@lumenmail.com,Décor,1,103.94,0.15,Email,UK,control
ORD-007867,22/12/2024,CUST-01306,cust-01306@lumenmail.com,Accessories,5,131.1,0.05,Paid Search,UK,control
ORD-002969,2024-06-30,,guest@lumenmail.com,Lighting,1,69.04,0.0,Email,CA,
ORD-005760,2024-03-03,CUST-02809,cust-02809@lumenmail.com,Furniture,2,54.16,0.0,Organic,US,control
ORD-008368,2024-07-24,CUST-02701,cust-02701@lumenmail.com,Accessories,6,6.25,0.2,Email,US,variant
ORD-004076,2024-10-25,CUST-01202,cust-01202@lumenmail.com,Lighting,2,30.9,0.15,,AU,
ORD-002655,2023-06-24,CUST-02229,cust-02229@lumenmail.com,Lighting,2,359.48,0.05,Social,US,
ORD-002469,2023-09-22,CUST-00233,cust-00233@lumenmail.com,Furniture,1,110.53,0.15,Social,US,
ORD-006210,2024-05-22,CUST-02820,cust-02820@lumenmail.com,Lighting,2,11.1,0.1,Social,US,variant
ORD-003161,05/09/2023,CUST-01072,cust-01072@lumenmail.com,Lighting,1,5.24,0.15,Email,US,variant
ORD-006541,13/10/2024,CUST-00629,cust-00629@lumenmail.com,Furniture,2,337.53,0.05,Email,CA,variant
ORD-004689,2024-04-24,CUST-01640,cust-01640@lumenmail.com,Outdoor,1,52.34,0.0,Paid Search,US,
ORD-004756,2023-08-09,CUST-01766,cust-01766@lumenmail.com,Décor,1,46.14,0.0,Organic,US,variant
ORD-007701,2023-08-13,CUST-00125,cust-00125@lumenmail.com,Lighting,2,98.4,0.0,Email,US,
ORD-000095,2023-08-08,CUST-02957,cust-02957@lumenmail.com,Outdoor,1,62.74,0.05,Organic,UK,variant
ORD-008194,13/10/2024,CUST-00860,cust-00860@lumenmail.com,Décor,3,70.44,0.0,Email,US,
ORD-001454,2024-02-12,CUST-01809,cust-01809@lumenmail.com,Lighting,1,89.9,0.0,Paid Search,CA,control
ORD-003265,2024-08-15,CUST-00898,cust-00898@lumenmail.com,Outdoor,1,338.89,0.0,Paid Search,US,variant
ORD-000900,03/10/2023,CUST-00158,cust-00158@lumenmail.com,Lighting,1,25.69,0.0,Email,US,
ORD-001020,2024-04-23,CUST-01295,cust-01295@lumenmail.com,Décor,1,321.23,0.0,Social,US,
ORD-008525,2023-11-21,CUST-00464,cust-00464@lumenmail.com,Furniture,2,129.96,0.2,Email,AU,control
ORD-001886,2024-09-07,,guest@lumenmail.com,Furniture,1,78.58,0.15,Email,US,
ORD-001996,2024-12-10,CUST-00562,cust-00562@lumenmail.com,Lighting,1,86.39,0.05,Email,CA,
ORD-009504,,CUST-02217,cust-02217@lumenmail.com,Lighting,2,50.63,0.0,Paid Search,US,variant
ORD-003647,2023-10-01,CUST-02323,cust-02323@lumenmail.com,Décor,2,96.67,0.0,Paid Search,US,control
ORD-005788,2023-10-17,CUST-00312,cust-00312@lumenmail.com,Furniture,1,22.34,0.0,Social,US,variant
ORD-001783,2023-10-08,CUST-01165,cust-01165@lumenmail.com,Furniture,2,23.44,0.2,Email,US,
ORD-002570,2023-10-18,CUST-01153,cust-01153@lumenmail.com,Lighting,5,179.62,0.15,Email,US,control
ORD-005639,2024-05-23,CUST-02539,cust-02539@lumenmail.com,Lighting,1,74.19,0.2,Paid Search,UK,control
ORD-000163,2024-09-15,CUST-02053,cust-02053@lumenmail.com,Lighting,3,69.47,0.2,Paid Search,CA,variant
ORD-007943,2024-02-26,CUST-02964,cust-02964@lumenmail.com,Accessories,3,127.25,0.05,Social,US,variant
ORD-002459,20/03/2024,,guest@lumenmail.com,Lighting,1,114.06,0.0,Email,US,variant
ORD-006885,2023-09-26,CUST-01749,cust-01749@lumenmail.com,Furniture,1,420.58,0.1,Paid Search,US,control
ORD-008866,2024-05-23,CUST-00728,cust-00728@lumenmail.com,Lighting,7,185.81,0.0,Social,US,
ORD-003603,2023-10-03,CUST-01709,cust-01709@lumenmail.com,Décor,7,65.26,0.2,Paid Search,US,
ORD-007456,2024-01-10,CUST-00095,cust-00095@lumenmail.com,Furniture,4,26.03,0.0,Email,US,control
ORD-008192,2024-01-17,CUST-00438,cust-00438@lumenmail.com,Décor,1,326.07,0.05,Paid Search,US,variant
ORD-000417,2023-08-27,CUST-00663,cust-00663@lumenmail.com,Outdoor,2,24.03,0.0,Paid Search,UK,control
ORD-007142,2024-10-11,CUST-02577,cust-02577@lumenmail.com,Furniture,4,34.81,0.0,Email,US,
ORD-004914,2024-02-10,CUST-01317,cust-01317@lumenmail.com,Furniture,2,190.6,0.0,Paid Search,CA,variant
ORD-006891,2024-02-15,CUST-00723,cust-00723@lumenmail.com,Lighting,1,79.03,0.1,Paid Search,US,control
ORD-005574,2023-12-23,CUST-01608,cust-01608@lumenmail.com,Accessories,1,28.02,0.0,Social,US,
ORD-006449,2023-06-30,CUST-02577,cust-02577@lumenmail.com,Lighting,1,24.23,0.2,Email,US,
ORD-002840,2023-08-03,CUST-00522,cust-00522@lumenmail.com,Lighting,1,104.92,0.05,Paid Search,UK,variant
ORD-006553,2024-03-21,CUST-00611,cust-00611@lumenmail.com,Décor,2,60.23,0.0,Email,UK,variant
ORD-009321,2024-08-02,,guest@lumenmail.com,Décor,1,52.94,0.0,Social,AU,variant
ORD-002963,2024-01-20,CUST-02817,cust-02817@lumenmail.com,Lighting,1,94.78,0.1,Email,US,variant
ORD-004449,2024-10-21,,guest@lumenmail.com,Lighting,-1,463.64,0.05,Email,US,
ORD-002225,2023-12-28,CUST-00141,cust-00141@lumenmail.com,Lighting,1,92.94,0.1,,UK,control
ORD-005363,2023-10-16,CUST-01765,cust-01765@lumenmail.com,Lighting,1,82.58,0.25,Email,US,control
ORD-006644,24/12/2024,CUST-00288,cust-00288@lumenmail.com,Décor,4,35.41,0.05,Paid Search,CA,
ORD-008733,2023-10-08,CUST-00845,cust-00845@lumenmail.com,Lighting,1,232.2,0.25,Email,AU,variant
ORD-006206,2024-12-12,CUST-02414,cust-02414@lumenmail.com,Furniture,3,58.7,0.2,Organic,US,
ORD-009156,16/10/2023,CUST-00038,cust-00038@lumenmail.com,Outdoor,3,106.85,0.0,Email,UK,control
ORD-004368,2024-08-29,CUST-02080,cust-02080@lumenmail.com,Lighting,1,640.98,0.0,Organic,US,variant
ORD-008811,2024-07-07,CUST-01219,cust-01219@lumenmail.com,Décor,1,124.85,0.0,Organic,US,variant
ORD-004869,2024-04-30,CUST-01976,cust-01976@lumenmail.com,Lighting,1,711.72,0.0,Paid Search,CA,
ORD-004016,2024-01-12,CUST-00930,cust-00930@lumenmail.com,Furniture,-1,24.44,0.0,Organic,US,control
ORD-009565,16/06/2024,CUST-02096,cust-02096@lumenmail.com,Lighting,1,42.14,0.0,Paid Search,US,
ORD-000309,2024-10-03,CUST-01286,cust-01286@lumenmail.com,Décor,1,310.26,0.05,Organic,US,variant
ORD-004352,2023-10-04,CUST-01597,cust-01597@lumenmail.com,Furniture,1,455.25,0.0,Paid Search,US,variant
ORD-004991,2024-11-04,CUST-02561,cust-02561@lumenmail.com,Furniture,5,656.09,0.0,Paid Search,US,control
ORD-006727,2024-09-14,CUST-02606,cust-02606@lumenmail.com,Lighting,1,148.75,0.2,Paid Search,US,control
ORD-008942,2024-02-10,CUST-02324,cust-02324@lumenmail.com,Accessories,2,73.2,0.25,Organic,CA,control
ORD-003945,15/06/2024,CUST-00037,cust-00037@lumenmail.com,Lighting,1,6.5,0.0,Paid Search,ZZ,
ORD-009048,2023-09-12,CUST-02836,cust-02836@lumenmail.com,Accessories,2,25.19,0.05,Organic,CA,
ORD-006372,2023-12-01,CUST-00041,cust-00041@lumenmail.com,Furniture,6,408.64,0.2,Email,US,
ORD-001027,2024-08-13,CUST-02313,cust-02313@lumenmail.com,Lighting,3,267.83,0.15,Social,US,
ORD-002245,2024-04-08,CUST-02060,cust-02060@lumenmail.com,Furniture,2,15.99,0.1,Paid Search,UK,variant
ORD-007792,2023-11-11,CUST-02164,cust-02164@lumenmail.com,Accessories,1,43.91,0.0,Social,UK,
ORD-002229,2023-11-11,CUST-02817,cust-02817@lumenmail.com,Accessories,1,85.55,0.05,Organic,CA,control
ORD-008149,2023-11-13,CUST-02449,cust-02449@lumenmail.com,Lighting,2,45.2,0.05,Organic,UK,control
ORD-009173,2023-06-13,CUST-00422,cust-00422@lumenmail.com,Décor,6,88.73,0.0,Email,US,
ORD-002398,2024-08-10,CUST-02692,cust-02692@lumenmail.com,Outdoor,1,18.76,0.1,Organic,US,
ORD-006133,2023-09-25,,guest@lumenmail.com,Lighting,1,23.19,0.0,Email,US,
ORD-002334,2024-03-26,CUST-02261,cust-02261@lumenmail.com,Décor,3,47.99,0.05,Paid Search,US,
ORD-004429,2023-08-27,CUST-00102,cust-00102@lumenmail.com,Outdoor,5,497.43,0.05,Social,US,
ORD-004964,2023-06-25,CUST-00792,cust-00792@lumenmail.com,Lighting,2,123.16,0.1,Paid Search,US,variant
ORD-001939,2023-11-22,CUST-02977,cust-02977@lumenmail.com,Lighting,3,61.13,0.0,Paid Search,US,
ORD-000278,2024-01-17,CUST-02098,cust-02098@lumenmail.com,Décor,1,36.25,0.05,Paid Search,US,control
ORD-000233,2023-08-03,CUST-00463,cust-00463@lumenmail.com,Lighting,1,280.37,0.05,Email,US,variant
ORD-000602,2023-08-05,CUST-02413,cust-02413@lumenmail.com,Décor,2,23.74,0.0,Organic,CA,
ORD-005743,2023-09-09,CUST-01341,cust-01341@lumenmail.com,Décor,5,76.48,0.1,Email,US,control
ORD-008178,2024-12-13,CUST-00576,cust-00576@lumenmail.com,Décor,2,169.06,0.0,Paid Search,US,control
ORD-000466,14/07/2023,CUST-01091,cust-01091@lumenmail.com,Décor,1,11.24,0.0,Paid Search,UK,
ORD-007571,2024-06-21,CUST-01405,cust-01405@lumenmail.com,Furniture,4,209.64,0.0,Paid Search,UK,
ORD-006684,2023-06-13,CUST-02199,cust-02199@lumenmail.com,Lighting,1,19.9,0.05,Email,US,
ORD-005766,2024-12-27,CUST-00546,cust-00546@lumenmail.com,Outdoor,2,84.79,0.0,Organic,US,control
ORD-006260,2024-01-19,CUST-01993,cust-01993@lumenmail.com,Décor,1,19.69,0.0,Paid Search,UK,control
ORD-000998,2024-12-22,CUST-00772,cust-00772@lumenmail.com,Outdoor,1,216.1,0.0,Email,US,control
ORD-006673,2024-06-05,,guest@lumenmail.com,Outdoor,1,796.4,0.0,Email,ZZ,
ORD-004312,2024-03-12,CUST-00317,cust-00317@lumenmail.com,Furniture,2,197.03,0.1,Paid Search,US,
ORD-009201,2024-04-11,CUST-02046,cust-02046@lumenmail.com,Décor,1,16.55,0.0,Email,US,
ORD-007532,2024-05-19,CUST-00368,cust-00368@lumenmail.com,Outdoor,1,8.29,0.2,Organic,US,
ORD-001724,2023-06-03,CUST-00887,cust-00887@lumenmail.com,Outdoor,1,150.53,0.0,Paid Search,US,variant
ORD-007202,2023-09-01,CUST-00511,cust-00511@lumenmail.com,Décor,3,26.73,0.05,Organic,US,variant
ORD-006680,16/07/2023,CUST-00153,cust-00153@lumenmail.com,Décor,3,32.99,0.05,Organic,CA,control
ORD-004237,2024-02-18,CUST-01442,cust-01442@lumenmail.com,Outdoor,7,77.95,0.05,Organic,US,variant
ORD-006419,2024-08-19,CUST-00766,cust-00766@lumenmail.com,Accessories,1,145.7,0.0,Social,US,
ORD-002389,2023-10-09,CUST-02044,cust-02044@lumenmail.com,Lighting,1,108.0,0.0,Social,US,control
ORD-003848,2024-06-14,CUST-00648,cust-00648@lumenmail.com,Décor,2,47.43,0.1,Organic,CA,variant
ORD-006583,2023-07-12,CUST-01789,cust-01789@lumenmail.com,Lighting,1,220.12,0.1,Organic,US,control
ORD-006819,2023-12-17,CUST-02505,cust-02505@lumenmail.com,Lighting,2,8.75,0.05,Email,US,control
ORD-000499,2023-10-24,CUST-02555,cust-02555@lumenmail.com,Furniture,4,91.95,0.1,Email,US,
ORD-002515,2024-04-19,CUST-02577,cust-02577@lumenmail.com,Lighting,1,96.95,0.05,,UK,control
ORD-000456,2024-09-13,CUST-00546,cust-00546@lumenmail.com,Lighting,4,219.7,0.1,Paid Search,US,
ORD-003806,2024-08-09,CUST-00514,cust-00514@lumenmail.com,Furniture,1,30.88,0.0,Paid Search,UK,control
ORD-006336,23/02/2024,CUST-02371,cust-02371@lumenmail.com,Accessories,1,87.52,0.1,Paid Search,US,variant
ORD-001506,15/12/2024,,guest@lumenmail.com,Outdoor,2,6.51,0.0,Paid Search,US,control
ORD-008367,2023-12-10,CUST-02032,cust-02032@lumenmail.com,Accessories,2,14.66,0.1,Social,US,
ORD-007229,2023-06-08,CUST-00948,cust-00948@lumenmail.com,Furniture,3,788.96,0.0,Organic,US,
ORD-000374,2024-04-20,,guest@lumenmail.com,Furniture,5,34.69,0.15,Email,AU,
ORD-008708,2024-07-22,CUST-00818,cust-00818@lumenmail.com,Accessories,2,122.38,0.0,Organic,US,control
ORD-005122,2024-05-25,CUST-02556,cust-02556@lumenmail.com,Décor,4,324.67,0.0,Email,ZZ,variant
ORD-006665,2023-07-04,CUST-01111,cust-01111@lumenmail.com,Furniture,3,562.93,0.1,Organic,CA,
ORD-005781,2024-09-30,CUST-00543,cust-00543@lumenmail.com,Furniture,2,35.38,0.0,Organic,US,control
ORD-002832,2024-10-01,CUST-00932,cust-00932@lumenmail.com,Furniture,2,76.83,0.0,Organic,UK,control
ORD-000026,2024-09-17,CUST-02384,cust-02384@lumenmail.com,Décor,4,83.14,0.0,Paid Search,CA,
ORD-008705,2023-06-25,CUST-00923,cust-00923@lumenmail.com,Décor,3,19.1,0.05,Social,US,
ORD-008448,2024-02-28,CUST-01301,cust-01301@lumenmail.com,Lighting,3,141.15,0.1,Paid Search,CA,
ORD-001713,31/07/2024,CUST-01253,cust-01253@lumenmail.com,Décor,2,34.8,0.25,Paid Search,ZZ,variant
ORD-000762,2023-07-17,CUST-00900,cust-00900@lumenmail.com,Lighting,1,52.97,0.15,Paid Search,US,control
ORD-001900,2023-08-14,CUST-01879,cust-01879@lumenmail.com,Décor,1,70.94,0.0,Organic,US,control
ORD-002916,2023-06-20,CUST-01581,cust-01581@lumenmail.com,Décor,3,62.23,0.0,Email,US,control
ORD-009415,2024-06-23,CUST-01482,cust-01482@lumenmail.com,Accessories,1,87.38,0.05,Paid Search,US,
ORD-003363,2023-08-14,CUST-00806,cust-00806@lumenmail.com,Décor,1,180.76,0.0,Paid Search,CA,
ORD-007566,13/09/2024,CUST-00226,cust-00226@lumenmail.com,Décor,1,71.61,0.1,Social,US,control
ORD-005711,28/04/2024,CUST-01009,cust-01009@lumenmail.com,Lighting,2,89.68,0.0,Email,US,
ORD-004575,2024-09-28,CUST-02661,cust-02661@lumenmail.com,Outdoor,2,7.27,0.0,Email,US,
ORD-004256,2024-05-27,CUST-00257,cust-00257@lumenmail.com,Décor,3,6.56,0.0,Paid Search,CA,
ORD-000439,2024-11-18,CUST-02606,cust-02606@lumenmail.com,Lighting,1,73.45,0.15,Paid Search,US,variant
ORD-000770,2023-06-30,CUST-00402,cust-00402@lumenmail.com,Lighting,5,16.33,0.05,Paid Search,US,control
ORD-003296,2024-04-11,CUST-00037,cust-00037@lumenmail.com,Outdoor,2,72.45,0.0,Organic,US,variant
ORD-004074,2024-05-22,,guest@lumenmail.com,Décor,4,54.2,0.05,Organic,US,variant
ORD-000292,04/01/2024,CUST-02606,cust-02606@lumenmail.com,Furniture,2,99.04,0.0,Social,US,control
ORD-005866,2024-04-06,CUST-00743,cust-00743@lumenmail.com,Furniture,3,66.17,0.0,Social,US,
ORD-009484,21/01/2024,CUST-01254,cust-01254@lumenmail.com,Outdoor,1,19.24,0.05,Email,CA,
ORD-002855,2023-09-29,CUST-02968,cust-02968@lumenmail.com,Lighting,1,82.92,0.2,Email,US,control
ORD-002301,2024-06-21,CUST-00210,cust-00210@lumenmail.com,Lighting,1,119.32,0.15,Organic,US,
ORD-003526,2024-11-05,CUST-02231,cust-02231@lumenmail.com,Furniture,1,119.44,0.05,Paid Search,CA,
ORD-006618,2024-11-21,CUST-00156,cust-00156@lumenmail.com,Lighting,2,0.0,0.0,Email,US,variant
ORD-005914,2024-03-29,CUST-01582,cust-01582@lumenmail.com,Outdoor,1,134.39,0.0,Email,US,variant
ORD-006668,2023-11-01,CUST-02791,cust-02791@lumenmail.com,Décor,3,9.67,0.0,Social,CA,variant
ORD-002129,2024-04-09,CUST-02903,cust-02903@lumenmail.com,Outdoor,3,26.88,0.2,Email,US,control
ORD-007699,2024-02-23,CUST-01125,cust-01125@lumenmail.com,Décor,1,51.21,0.0,Email,US,variant
ORD-005814,2024-01-11,CUST-00896,cust-00896@lumenmail.com,Outdoor,1,97.86,0.05,Paid Search,US,control
ORD-000690,2024-03-29,CUST-00697,cust-00697@lumenmail.com,Lighting,1,79.4,0.25,Organic,US,
ORD-005625,2024-05-06,CUST-00291,cust-00291@lumenmail.com,Lighting,1,750.08,0.0,Email,US,variant
ORD-007721,08/11/2024,CUST-00478,cust-00478@lumenmail.com,Lighting,1,70.89,0.05,Social,UK,control
ORD-000189,2024-09-01,CUST-01079,cust-01079@lumenmail.com,Décor,6,240.25,0.0,Paid Search,AU,variant
ORD-009019,2023-12-16,CUST-01616,cust-01616@lumenmail.com,Lighting,2,37.68,0.0,Email,CA,
ORD-005283,2023-12-25,CUST-00069,cust-00069@lumenmail.com,Décor,2,232.0,0.0,Paid Search,US,variant
ORD-004919,2024-03-12,CUST-00692,cust-00692@lumenmail.com,Accessories,1,49.79,0.1,Organic,US,variant
ORD-005184,25/05/2024,CUST-02510,cust-02510@lumenmail.com,Outdoor,1,11.55,0.15,Organic,US,variant
ORD-005722,2023-06-24,CUST-01309,cust-01309@lumenmail.com,Lighting,1,145.66,0.0,Social,US,
ORD-001816,2023-09-19,CUST-01977,cust-01977@lumenmail.com,Outdoor,2,320.08,0.0,Organic,US,variant
ORD-000272,2023-08-02,CUST-00200,cust-00200@lumenmail.com,Furniture,1,278.25,0.05,Email,US,
ORD-004718,2023-11-15,CUST-01233,cust-01233@lumenmail.com,Furniture,2,81.06,0.0,Paid Search,US,control
ORD-004459,2023-12-10,CUST-00758,cust-00758@lumenmail.com,Furniture,4,68.05,0.0,Paid Search,US,
ORD-004101,2024-04-23,CUST-01669,cust-01669@lumenmail.com,Furniture,1,714.03,0.0,Organic,US,control
ORD-009597,30/11/2023,CUST-01026,cust-01026@lumenmail.com,Accessories,1,262.98,0.05,Organic,US,control
ORD-002645,2023-08-09,CUST-02648,cust-02648@lumenmail.com,Furniture,3,14.39,0.15,Paid Search,US,
ORD-009382,2024-04-19,CUST-00744,cust-00744@lumenmail.com,Lighting,4,26.03,0.0,Email,CA,variant
ORD-008109,2024-01-15,CUST-00133,cust-00133@lumenmail.com,Décor,3,261.36,0.1,Email,US,
ORD-003626,2023-11-17,CUST-01610,cust-01610@lumenmail.com,Lighting,4,41.2,0.05,Email,US,
ORD-008639,2023-06-25,,guest@lumenmail.com,Décor,1,16.83,0.0,Organic,US,
ORD-002747,2024-03-19,CUST-01495,cust-01495@lumenmail.com,Lighting,3,122.23,0.1,Paid Search,US,
ORD-003442,2024-04-23,CUST-01668,cust-01668@lumenmail.com,Lighting,1,19.35,0.0,Email,US,
ORD-002657,2024-04-20,CUST-02883,cust-02883@lumenmail.com,Décor,1,98.54,0.25,Organic,US,variant
ORD-008045,2024-08-05,CUST-02351,cust-02351@lumenmail.com,Lighting,1,60.43,0.15,Email,US,control
ORD-006549,2024-05-13,CUST-01209,cust-01209@lumenmail.com,Décor,7,428.81,0.15,Paid Search,US,
ORD-007561,06/06/2023,CUST-02911,cust-02911@lumenmail.com,Lighting,2,88.13,0.05,Social,US,
ORD-009407,2023-12-21,CUST-00650,cust-00650@lumenmail.com,Outdoor,4,784.28,0.2,Paid Search,US,variant
ORD-002303,2024-04-29,,guest@lumenmail.com,Outdoor,3,54.37,0.0,Organic,AU,control
ORD-006860,2024-08-24,CUST-01599,cust-01599@lumenmail.com,Lighting,1,84.44,0.0,Paid Search,AU,variant
ORD-006535,2024-07-11,,guest@lumenmail.com,Accessories,1,42.95,0.0,Organic,US,control
ORD-008157,2023-07-10,,guest@lumenmail.com,Furniture,1,123.64,0.0,Organic,US,variant
ORD-007946,27/10/2023,CUST-01005,cust-01005@lumenmail.com,Lighting,1,84.9,0.0,Paid Search,US,variant
ORD-001760,2024-11-29,CUST-00008,cust-00008@lumenmail.com,Lighting,1,146.51,0.2,Organic,US,variant
ORD-007292,2024-03-20,CUST-02717,cust-02717@lumenmail.com,Accessories,-3,88.48,0.15,Organic,CA,control
ORD-008574,2023-06-28,CUST-02567,cust-02567@lumenmail.com,Lighting,3,178.01,0.1,Organic,US,variant
ORD-002827,29/07/2024,CUST-00723,cust-00723@lumenmail.com,Décor,6,27.28,0.05,Social,AU,
ORD-003093,2024-04-10,CUST-01268,cust-01268@lumenmail.com,Lighting,1,600.49,0.1,Paid Search,US,
ORD-006088,2023-09-28,CUST-02225,cust-02225@lumenmail.com,Lighting,1,266.12,0.0,Paid Search,UK,control
ORD-006296,2024-04-28,CUST-02814,cust-02814@lumenmail.com,Furniture,4,104.39,0.0,Paid Search,CA,control
ORD-007208,2024-07-21,CUST-01272,cust-01272@lumenmail.com,Décor,2,49.73,0.0,Paid Search,US,control
ORD-006015,2024-10-24,CUST-01875,cust-01875@lumenmail.com,Furniture,2,156.54,0.15,Paid Search,US,
ORD-003037,2024-02-16,CUST-02521,cust-02521@lumenmail.com,Outdoor,1,193.07,0.2,Email,US,control
ORD-004635,2024-07-19,CUST-02070,cust-02070@lumenmail.com,Lighting,1,6.72,0.15,Paid Search,US,control
ORD-002335,24/09/2024,CUST-00889,cust-00889@lumenmail.com,Outdoor,3,28.36,0.1,Organic,CA,
ORD-003289,2024-03-10,CUST-01822,cust-01822@lumenmail.com,Furniture,2,49.02,0.0,Email,UK,variant
ORD-004125,2023-07-31,,guest@lumenmail.com,Lighting,7,86.28,0.0,Email,US,control
ORD-004160,2023-11-06,CUST-00705,cust-00705@lumenmail.com,Furniture,1,61.99,0.05,Paid Search,CA,
ORD-000045,2023-09-20,CUST-02954,cust-02954@lumenmail.com,Outdoor,1,42.22,0.0,Organic,AU,
ORD-008272,2024-11-25,CUST-02171,cust-02171@lumenmail.com,Accessories,3,7.9,0.0,Paid Search,US,variant
ORD-005311,2024-08-31,CUST-02594,cust-02594@lumenmail.com,Outdoor,2,374.89,0.05,Paid Search,US,control
ORD-005203,2024-08-17,CUST-00743,cust-00743@lumenmail.com,Furniture,2,92.45,0.0,Organic,US,
ORD-004384,2024-12-13,CUST-02684,cust-02684@lumenmail.com,Outdoor,3,108.54,0.0,Organic,US,control
ORD-005223,2024-04-24,CUST-01515,cust-01515@lumenmail.com,Lighting,-1,49.25,0.1,Social,UK,control
ORD-002762,2023-08-02,,guest@lumenmail.com,Lighting,5,136.24,0.05,Email,US,
ORD-005585,2024-02-03,CUST-00441,cust-00441@lumenmail.com,Décor,1,93.01,0.1,Email,AU,
ORD-009286,2024-09-29,CUST-02330,cust-02330@lumenmail.com,Décor,3,97.5,0.0,,AU,
ORD-004952,2023-10-16,CUST-01058,cust-01058@lumenmail.com,Lighting,1,15.4,0.1,Email,US,control
ORD-007250,2024-04-12,CUST-01145,cust-01145@lumenmail.com,Décor,2,146.17,0.05,Organic,US,variant
ORD-003711,07/07/2023,CUST-01356,cust-01356@lumenmail.com,Décor,2,192.17,0.0,Email,UK,control
ORD-000965,2024-05-04,CUST-01024,cust-01024@lumenmail.com,Furniture,1,26.91,0.0,Email,US,
ORD-000275,2023-06-03,CUST-00651,cust-00651@lumenmail.com,Outdoor,5,181.99,0.15,Paid Search,ZZ,control
ORD-001211,2023-12-18,CUST-02906,cust-02906@lumenmail.com,Décor,1,192.87,0.1,Email,US,
ORD-008522,2024-12-16,CUST-00382,cust-00382@lumenmail.com,Décor,5,35.12,0.0,,US,
ORD-008871,2024-09-06,CUST-01384,cust-01384@lumenmail.com,Outdoor,1,47.97,0.05,Paid Search,US,control
ORD-004597,2023-07-17,CUST-01655,cust-01655@lumenmail.com,Lighting,2,21.11,0.0,Organic,AU,variant
ORD-007804,2024-06-29,CUST-00508,cust-00508@lumenmail.com,Lighting,2,52.96,0.0,Paid Search,US,control
ORD-003861,2024-08-29,CUST-02490,cust-02490@lumenmail.com,Lighting,1,749.81,0.15,Social,AU,variant
ORD-004662,2024-07-11,CUST-02013,cust-02013@lumenmail.com,Lighting,6,35.49,0.0,Email,UK,
ORD-006688,2024-12-04,,guest@lumenmail.com,Furniture,3,586.7,0.0,,CA,
ORD-000109,2024-07-31,CUST-00253,cust-00253@lumenmail.com,Lighting,1,74.25,0.25,Paid Search,US,control
ORD-008388,2023-09-09,CUST-01109,cust-01109@lumenmail.com,Furniture,1,144.45,0.2,Social,CA,variant
ORD-004167,2023-11-23,CUST-00651,cust-00651@lumenmail.com,Lighting,1,60.45,0.0,Paid Search,US,control
ORD-003113,2024-01-14,CUST-01494,cust-01494@lumenmail.com,Furniture,1,8.48,0.0,Social,US,variant
ORD-005354,2024-06-25,CUST-02094,cust-02094@lumenmail.com,Furniture,3,143.34,0.0,Email,US,
ORD-003070,2023-09-20,CUST-00015,cust-00015@lumenmail.com,Décor,3,100.44,0.0,Email,US,variant
ORD-002035,13/12/2024,CUST-02275,cust-02275@lumenmail.com,Accessories,1,585.44,0.1,Organic,UK,variant
ORD-007901,2024-09-01,CUST-02932,cust-02932@lumenmail.com,Outdoor,1,44.94,0.1,,UK,
ORD-005201,2024-01-21,CUST-01885,cust-01885@lumenmail.com,Décor,1,35.73,0.0,,US,control
ORD-006760,,CUST-00347,cust-00347@lumenmail.com,Lighting,2,164.13,0.0,Paid Search,AU,control
ORD-008692,2024-01-05,CUST-01656,cust-01656@lumenmail.com,Accessories,1,16.91,0.05,,US,
ORD-006672,2023-10-06,CUST-01002,cust-01002@lumenmail.com,Décor,1,31.22,0.15,Paid Search,US,control
ORD-002208,2024-03-22,CUST-01735,cust-01735@lumenmail.com,Outdoor,2,34.16,0.0,Paid Search,US,control
ORD-003586,2023-12-11,CUST-00426,cust-00426@lumenmail.com,Décor,1,128.65,0.2,Email,CA,control
ORD-004093,2024-12-25,CUST-02432,cust-02432@lumenmail.com,Outdoor,1,27.75,0.2,Organic,US,
ORD-006609,2023-09-19,CUST-02685,cust-02685@lumenmail.com,Furniture,4,21.41,0.1,Paid Search,US,variant
ORD-007940,2024-01-24,CUST-00032,cust-00032@lumenmail.com,Décor,1,74.03,0.15,Email,US,control
ORD-005981,28/06/2023,CUST-02272,cust-02272@lumenmail.com,Lighting,-1,93.62,0.05,Paid Search,US,
ORD-005295,2024-01-03,CUST-00847,cust-00847@lumenmail.com,Décor,1,61.21,0.05,Email,US,control
ORD-002560,2024-09-13,CUST-02121,cust-02121@lumenmail.com,Décor,2,140.91,0.05,Email,US,
ORD-004309,2024-07-17,CUST-01307,cust-01307@lumenmail.com,Lighting,1,28.68,0.05,Paid Search,US,variant
ORD-004154,2024-09-27,CUST-00999,cust-00999@lumenmail.com,Lighting,1,18.82,0.15,,US,control
ORD-005709,2024-08-09,CUST-02963,cust-02963@lumenmail.com,Lighting,1,17.57,0.05,Paid Search,UK,
ORD-007110,03/11/2024,CUST-02524,cust-02524@lumenmail.com,Furniture,1,10.57,0.0,Paid Search,US,control
ORD-006785,05/11/2024,CUST-01587,cust-01587@lumenmail.com,Furniture,1,35.18,0.0,Email,UK,
ORD-002486,24/06/2023,CUST-02902,cust-02902@lumenmail.com,Outdoor,4,148.95,0.0,,US,control
ORD-009103,2023-09-12,CUST-02815,cust-02815@lumenmail.com,Lighting,1,383.96,0.15,Paid Search,US,
ORD-008680,11/03/2024,CUST-02938,cust-02938@lumenmail.com,Lighting,5,12.79,0.0,Email,CA,control
ORD-004587,2024-01-28,CUST-01049,cust-01049@lumenmail.com,Furniture,2,797.69,0.0,Email,US,variant
ORD-003872,2024-02-24,CUST-00780,cust-00780@lumenmail.com,Outdoor,2,27.27,0.05,Paid Search,US,
ORD-006474,2023-09-29,CUST-01113,cust-01113@lumenmail.com,Lighting,1,782.5,0.0,Email,US,control
ORD-005140,2024-08-01,CUST-02867,cust-02867@lumenmail.com,Décor,2,290.57,0.15,Email,US,
ORD-009256,2024-10-02,CUST-01758,cust-01758@lumenmail.com,Lighting,1,191.83,0.0,Paid Search,US,control
ORD-005684,01/06/2023,CUST-00476,cust-00476@lumenmail.com,Furniture,1,292.02,0.0,Email,AU,control
ORD-008989,2024-10-24,CUST-01797,cust-01797@lumenmail.com,Lighting,2,173.61,0.05,Email,US,
ORD-004195,2024-11-22,CUST-02811,cust-02811@lumenmail.com,Décor,2,297.6,0.0,Organic,US,
ORD-006565,2024-06-13,CUST-02246,cust-02246@lumenmail.com,Lighting,7,78.35,0.15,Paid Search,UK,control
ORD-000827,2023-07-18,CUST-02656,cust-02656@lumenmail.com,Lighting,4,327.72,0.05,Email,ZZ,control
ORD-002417,2024-12-12,,guest@lumenmail.com,Furniture,2,153.77,0.1,Social,US,variant
ORD-006602,2024-08-24,CUST-01559,cust-01559@lumenmail.com,Décor,1,85.16,0.1,Paid Search,US,control
ORD-009341,2023-09-06,CUST-02092,cust-02092@lumenmail.com,Décor,2,36.34,0.0,Paid Search,US,control
ORD-004960,2023-10-19,,guest@lumenmail.com,Furniture,-2,103.51,0.2,Organic,US,
ORD-004807,2024-10-30,CUST-01236,cust-01236@lumenmail.com,Furniture,1,107.53,0.0,Social,US,control
ORD-005984,2024-10-12,CUST-02375,cust-02375@lumenmail.com,Outdoor,5,16.06,0.0,Email,US,variant
ORD-005135,2024-10-15,CUST-01012,cust-01012@lumenmail.com,Lighting,2,103.91,0.05,Organic,US,variant
ORD-005361,10/09/2024,,guest@lumenmail.com,Furniture,4,106.83,0.1,Paid Search,US,variant
ORD-008307,2023-11-27,CUST-01275,cust-01275@lumenmail.com,Décor,1,52.06,0.05,Social,US,variant
ORD-002471,2024-09-08,CUST-00809,cust-00809@lumenmail.com,Furniture,2,47.31,0.1,Social,US,
ORD-000976,2023-07-03,CUST-00520,cust-00520@lumenmail.com,Furniture,-1,9.27,0.0,Paid Search,UK,control
ORD-007518,2024-04-25,CUST-01123,cust-01123@lumenmail.com,Lighting,4,21.38,0.2,Organic,CA,control
ORD-009572,2024-02-03,CUST-02690,cust-02690@lumenmail.com,Décor,6,29.81,0.0,Paid Search,CA,
ORD-009100,2024-01-22,CUST-01668,cust-01668@lumenmail.com,Lighting,1,100.9,0.0,Paid Search,CA,control
ORD-003521,12/12/2023,,guest@lumenmail.com,Lighting,5,45.41,0.15,Social,US,variant
ORD-009332,2024-10-14,CUST-01560,cust-01560@lumenmail.com,Lighting,1,211.04,0.2,Paid Search,UK,variant
ORD-004375,2023-08-23,CUST-01129,cust-01129@lumenmail.com,Outdoor,1,184.09,0.05,Social,US,
ORD-008625,26/08/2023,CUST-00209,cust-00209@lumenmail.com,Lighting,2,75.79,0.0,Email,ZZ,control
ORD-002648,2023-09-23,CUST-01205,cust-01205@lumenmail.com,Outdoor,1,707.32,0.0,Email,CA,control
ORD-007574,2023-07-31,CUST-02357,cust-02357@lumenmail.com,Décor,1,22.48,0.05,Paid Search,UK,variant
ORD-005877,2023-12-23,CUST-01859,cust-01859@lumenmail.com,Décor,1,68.79,0.0,Email,US,variant
ORD-007514,2024-08-08,CUST-02408,cust-02408@lumenmail.com,Décor,3,228.54,0.1,Paid Search,UK,control
ORD-009164,21/12/2024,CUST-00261,cust-00261@lumenmail.com,Décor,1,37.64,0.05,Email,US,control
ORD-009578,2024-10-30,CUST-01719,cust-01719@lumenmail.com,Lighting,2,678.18,0.05,Organic,CA,control
ORD-001936,2024-04-28,CUST-02263,cust-02263@lumenmail.com,Outdoor,3,14.92,0.0,,US,
ORD-006687,04/07/2023,CUST-00402,cust-00402@lumenmail.com,Furniture,4,331.86,0.1,Paid Search,US,
ORD-006826,2024-06-11,CUST-01403,cust-01403@lumenmail.com,Décor,1,74.03,0.0,Paid Search,US,
ORD-003120,2024-08-11,CUST-00566,cust-00566@lumenmail.com,Décor,1,135.89,0.05,Paid Search,US,control
ORD-009140,2023-06-01,CUST-01917,cust-01917@lumenmail.com,Outdoor,2,663.02,0.05,,US,control
ORD-006276,2024-01-25,CUST-02926,cust-02926@lumenmail.com,Lighting,3,32.02,0.0,Paid Search,US,control
ORD-007685,2024-12-15,CUST-00892,cust-00892@lumenmail.com,Furniture,1,25.63,0.15,Organic,CA,
ORD-002327,2024-03-26,CUST-02417,cust-02417@lumenmail.com,Accessories,3,250.3,0.0,Email,UK,control
ORD-005461,2024-05-29,CUST-00829,cust-00829@lumenmail.com,Outdoor,1,187.4,0.1,Paid Search,ZZ,variant
ORD-001957,14/11/2024,CUST-01208,cust-01208@lumenmail.com,Lighting,1,53.82,0.1,Paid Search,US,
ORD-004090,2023-06-20,CUST-00883,cust-00883@lumenmail.com,Furniture,3,400.7,0.0,Paid Search,US,variant
ORD-007928,,,guest@lumenmail.com,Furniture,1,79.45,0.0,Social,ZZ,
ORD-003318,2024-11-08,CUST-00084,cust-00084@lumenmail.com,Décor,2,0.0,0.15,Email,US,variant
ORD-003717,2024-06-23,CUST-02342,cust-02342@lumenmail.com,Décor,4,10.61,0.0,Organic,US,variant
ORD-008857,2024-02-19,CUST-00549,cust-00549@lumenmail.com,Lighting,3,34.63,0.0,Organic,US,variant
ORD-004354,,CUST-01795,cust-01795@lumenmail.com,Décor,2,49.83,0.1,Paid Search,AU,
ORD-005000,2024-07-22,CUST-02938,cust-02938@lumenmail.com,Décor,1,217.85,0.05,Paid Search,UK,
ORD-001153,2024-07-23,CUST-00963,cust-00963@lumenmail.com,Lighting,1,100.65,0.15,Email,ZZ,variant
ORD-001322,2024-03-10,,guest@lumenmail.com,Accessories,3,44.35,0.05,Organic,US,
ORD-004789,2023-07-31,CUST-02102,cust-02102@lumenmail.com,Furniture,1,19.79,0.1,Email,US,variant
ORD-005219,2024-02-19,,guest@lumenmail.com,Lighting,3,159.25,0.05,Organic,ZZ,control
ORD-007440,2023-08-25,CUST-01561,cust-01561@lumenmail.com,Lighting,1,147.0,0.2,Organic,US,control
ORD-002513,05/12/2023,CUST-02502,cust-02502@lumenmail.com,Décor,2,75.05,0.0,Social,US,variant
ORD-004601,2024-12-14,CUST-00931,cust-00931@lumenmail.com,Lighting,1,61.81,0.15,Organic,US,
ORD-009445,2023-10-01,CUST-02552,cust-02552@lumenmail.com,Décor,2,65.23,0.0,Organic,US,
ORD-006422,,CUST-02077,cust-02077@lumenmail.com,Furniture,2,193.05,0.1,Social,US,variant
ORD-005099,27/06/2024,CUST-00031,cust-00031@lumenmail.com,Lighting,2,30.87,0.05,Email,UK,control
ORD-004572,2024-05-27,CUST-01959,cust-01959@lumenmail.com,Décor,2,72.87,0.0,Social,UK,control
ORD-004233,2023-09-13,CUST-02289,cust-02289@lumenmail.com,Lighting,-2,58.05,0.1,Paid Search,US,control
ORD-004182,2023-09-24,CUST-01832,cust-01832@lumenmail.com,Décor,4,46.94,0.05,Organic,CA,control
ORD-000880,2024-11-22,CUST-00470,cust-00470@lumenmail.com,Furniture,7,14.02,0.1,Paid Search,UK,variant
ORD-000601,07/10/2024,CUST-02674,cust-02674@lumenmail.com,Lighting,2,45.61,0.05,Email,US,
ORD-000252,2024-09-06,CUST-02241,cust-02241@lumenmail.com,Lighting,1,91.95,0.0,Paid Search,US,variant
ORD-002177,2024-10-04,CUST-00635,cust-00635@lumenmail.com,Décor,1,14.22,0.0,Paid Search,AU,control
ORD-006789,2023-06-15,CUST-01916,cust-01916@lumenmail.com,Furniture,2,93.61,0.25,Paid Search,US,variant
ORD-007480,19/06/2023,CUST-00711,cust-00711@lumenmail.com,Lighting,2,140.78,0.25,Paid Search,US,
ORD-000201,2023-09-04,CUST-00286,cust-00286@lumenmail.com,Outdoor,4,135.32,0.1,Paid Search,US,control
ORD-006919,2024-08-01,CUST-00680,cust-00680@lumenmail.com,Décor,1,663.11,0.2,,ZZ,control
ORD-001976,25/07/2024,CUST-02815,cust-02815@lumenmail.com,Outdoor,1,67.25,0.0,Email,US,control
ORD-009518,2023-06-09,CUST-02525,cust-02525@lumenmail.com,Furniture,6,79.25,0.05,Email,US,control
ORD-008804,2024-08-19,CUST-00952,cust-00952@lumenmail.com,Décor,-2,184.26,0.2,Social,US,
ORD-005186,2024-11-05,CUST-00664,cust-00664@lumenmail.com,Lighting,1,219.34,0.15,Social,US,control
ORD-005079,07/12/2023,CUST-02640,cust-02640@lumenmail.com,Outdoor,3,87.84,0.0,Organic,US,
ORD-004152,2023-08-16,CUST-02928,cust-02928@lumenmail.com,Outdoor,7,60.95,0.0,,US,
ORD-002103,2024-10-10,CUST-01813,cust-01813@lumenmail.com,Furniture,3,132.51,0.1,Paid Search,US,variant
ORD-001313,2024-05-31,CUST-02950,cust-02950@lumenmail.com,Lighting,2,24.8,0.05,Paid Search,US,control
ORD-000638,03/06/2024,CUST-00357,cust-00357@lumenmail.com,Outdoor,2,34.69,0.05,Email,US,variant
ORD-008995,21/09/2023,CUST-02718,cust-02718@lumenmail.com,Lighting,1,200.83,0.1,Social,US,control
ORD-008303,2024-10-12,CUST-01318,cust-01318@lumenmail.com,Décor,1,17.13,0.25,Email,US,variant
ORD-007186,2023-06-03,CUST-00025,cust-00025@lumenmail.com,Lighting,2,140.92,0.05,Email,AU,control
ORD-000250,2024-10-10,CUST-01978,cust-01978@lumenmail.com,Lighting,2,52.36,0.15,Organic,US,variant
ORD-008557,2024-08-03,CUST-01421,cust-01421@lumenmail.com,Lighting,2,34.42,0.0,Email,AU,
ORD-003920,2024-07-09,CUST-02870,cust-02870@lumenmail.com,Outdoor,1,10.94,0.15,Email,US,
ORD-001010,2024-02-29,CUST-01600,cust-01600@lumenmail.com,Lighting,2,122.66,0.0,Paid Search,US,
ORD-005119,2023-10-18,CUST-00398,cust-00398@lumenmail.com,Furniture,1,260.5,0.05,Organic,US,
ORD-002693,2024-05-24,CUST-00048,cust-00048@lumenmail.com,Lighting,1,72.03,0.05,Paid Search,US,
ORD-004720,2023-06-30,CUST-00212,cust-00212@lumenmail.com,Lighting,4,64.48,0.1,Email,US,variant
ORD-001959,26/10/2024,,guest@lumenmail.com,Lighting,5,59.0,0.0,Organic,US,
ORD-000569,2024-11-12,CUST-02915,cust-02915@lumenmail.com,Furniture,1,96.37,0.0,,CA,
ORD-006613,2023-12-07,CUST-02809,cust-02809@lumenmail.com,Lighting,3,203.71,0.15,Organic,US,control
ORD-002082,2023-08-08,CUST-02637,cust-02637@lumenmail.com,Décor,7,21.44,0.1,Social,US,
ORD-003923,2023-08-04,CUST-02940,cust-02940@lumenmail.com,Lighting,4,24.19,0.0,Email,ZZ,control
ORD-007612,2023-11-06,CUST-02244,cust-02244@lumenmail.com,Outdoor,2,98.04,0.05,Email,CA,variant
ORD-004144,21/07/2023,CUST-02468,cust-02468@lumenmail.com,Décor,-1,29.0,0.1,Social,US,variant
ORD-007660,2024-12-02,CUST-02551,cust-02551@lumenmail.com,Furniture,3,27.8,0.0,Email,US,
ORD-008915,2023-07-18,CUST-02654,cust-02654@lumenmail.com,Lighting,1,5.18,0.05,Email,US,variant
ORD-008507,2023-06-23,CUST-01792,cust-01792@lumenmail.com,Furniture,1,186.04,0.1,Social,CA,
ORD-005101,21/12/2024,CUST-00468,cust-00468@lumenmail.com,Outdoor,1,351.7,0.0,,US,
ORD-001817,2023-11-16,CUST-01830,cust-01830@lumenmail.com,Furniture,1,133.03,0.0,Paid Search,US,control
ORD-002890,13/04/2024,CUST-02961,cust-02961@lumenmail.com,Décor,1,114.62,0.0,Organic,US,control
ORD-008710,2024-03-28,CUST-00213,cust-00213@lumenmail.com,Lighting,2,49.61,0.05,Email,UK,
ORD-008643,2024-06-18,CUST-01167,cust-01167@lumenmail.com,Furniture,2,280.66,0.25,Paid Search,UK,variant
ORD-004477,2024-02-03,CUST-01074,cust-01074@lumenmail.com,Accessories,2,360.46,0.15,Email,US,
ORD-008888,2024-05-18,CUST-00784,cust-00784@lumenmail.com,Lighting,2,43.6,0.0,Social,US,
ORD-007389,2023-10-04,CUST-02259,cust-02259@lumenmail.com,Outdoor,2,186.36,0.05,Email,US,control
ORD-007074,2024-11-19,CUST-02541,cust-02541@lumenmail.com,Outdoor,1,71.63,0.25,Paid Search,UK,control
ORD-007002,2024-08-17,CUST-02421,cust-02421@lumenmail.com,Décor,2,152.9,0.0,Email,US,control
ORD-002548,2023-06-04,CUST-02757,cust-02757@lumenmail.com,Décor,1,71.04,0.2,Email,UK,control
ORD-007898,2023-10-27,CUST-01491,cust-01491@lumenmail.com,Lighting,3,783.08,0.0,Organic,UK,variant
ORD-009205,2024-01-12,CUST-02018,cust-02018@lumenmail.com,Furniture,1,106.96,0.25,Paid Search,CA,
ORD-003197,2023-06-13,CUST-01333,cust-01333@lumenmail.com,Décor,2,186.53,0.05,Organic,UK,variant
ORD-003556,2023-10-09,CUST-00436,cust-00436@lumenmail.com,Lighting,4,47.17,0.1,Paid Search,US,
ORD-002818,2023-11-15,CUST-00830,cust-00830@lumenmail.com,Accessories,1,198.24,0.0,Paid Search,UK,control
ORD-001486,2024-09-25,CUST-02516,cust-02516@lumenmail.com,Lighting,1,75.23,0.0,Paid Search,US,variant
ORD-002889,2024-11-03,CUST-01688,cust-01688@lumenmail.com,Lighting,2,164.71,0.05,Social,US,
ORD-009360,2023-06-09,,guest@lumenmail.com,Lighting,4,157.87,0.0,,US,
ORD-000097,21/07/2023,CUST-02074,cust-02074@lumenmail.com,Lighting,3,10.43,0.1,Social,CA,
ORD-001597,2023-06-10,CUST-02562,cust-02562@lumenmail.com,Lighting,4,24.86,0.0,Email,US,
ORD-005587,2024-12-25,CUST-01036,cust-01036@lumenmail.com,Décor,7,216.71,0.0,Paid Search,ZZ,control
ORD-000889,2023-10-23,CUST-00155,cust-00155@lumenmail.com,Décor,1,58.02,0.0,,US,control
ORD-002214,2024-12-25,CUST-01020,cust-01020@lumenmail.com,Décor,1,78.04,0.05,Paid Search,US,
ORD-006184,2024-07-30,CUST-00391,cust-00391@lumenmail.com,Lighting,2,93.02,0.05,Organic,US,
ORD-007955,2024-09-11,CUST-00109,cust-00109@lumenmail.com,Furniture,1,59.83,0.0,Paid Search,US,
ORD-001252,2024-01-22,CUST-02313,cust-02313@lumenmail.com,Lighting,3,721.95,0.15,Organic,US,control
ORD-004438,2023-09-12,CUST-01599,cust-01599@lumenmail.com,Décor,2,116.02,0.0,Paid Search,ZZ,
ORD-003986,2023-09-24,CUST-02550,cust-02550@lumenmail.com,Lighting,1,89.06,0.15,Paid Search,US,control
ORD-002949,,CUST-02053,cust-02053@lumenmail.com,Décor,2,126.47,0.05,Social,US,variant
ORD-006046,2024-10-12,CUST-01637,cust-01637@lumenmail.com,Lighting,3,129.99,0.05,Organic,UK,control
ORD-007527,2024-01-30,CUST-02840,cust-02840@lumenmail.com,Accessories,4,87.12,0.1,Paid Search,AU,control
ORD-001606,2024-08-31,CUST-01695,cust-01695@lumenmail.com,Lighting,2,18.9,0.0,Social,US,control
ORD-007954,2024-01-02,CUST-01302,cust-01302@lumenmail.com,Outdoor,2,252.95,0.25,Email,US,
ORD-002535,2024-09-04,CUST-01803,cust-01803@lumenmail.com,Accessories,1,35.6,0.1,Organic,US,variant
ORD-009136,15/10/2023,CUST-00566,cust-00566@lumenmail.com,Furniture,2,91.08,0.05,Social,US,control
ORD-008698,2024-03-01,CUST-02898,cust-02898@lumenmail.com,Furniture,5,140.44,0.0,Organic,US,variant
ORD-003211,,,guest@lumenmail.com,Décor,1,295.88,0.15,Organic,US,control
ORD-004757,2024-08-07,CUST-00545,cust-00545@lumenmail.com,Décor,3,69.19,0.0,,US,variant
ORD-003725,2023-08-26,CUST-00564,cust-00564@lumenmail.com,Lighting,6,16.88,0.0,Email,US,
ORD-004928,2024-04-25,CUST-02002,cust-02002@lumenmail.com,Décor,1,95.52,0.1,Paid Search,US,variant
ORD-005016,2023-12-11,CUST-01740,cust-01740@lumenmail.com,Lighting,5,21.48,0.25,Paid Search,US,control
ORD-000188,2024-10-07,CUST-01234,cust-01234@lumenmail.com,Décor,1,115.3,0.15,Paid Search,CA,
ORD-006038,2023-12-08,CUST-00964,cust-00964@lumenmail.com,Lighting,3,83.34,0.0,Paid Search,US,control
ORD-007914,2024-08-01,CUST-01369,cust-01369@lumenmail.com,Accessories,1,26.43,0.15,Paid Search,CA,
ORD-006385,2023-12-04,CUST-00034,cust-00034@lumenmail.com,Lighting,1,218.43,0.2,Paid Search,US,
ORD-005938,2023-12-18,CUST-01138,cust-01138@lumenmail.com,Lighting,1,20.9,0.0,Email,US,
ORD-005143,2024-08-05,CUST-02178,cust-02178@lumenmail.com,Lighting,2,30.52,0.2,Paid Search,US,
ORD-005929,2024-05-22,CUST-01071,cust-01071@lumenmail.com,Furniture,2,110.31,0.0,Email,CA,variant
ORD-000522,2024-03-09,CUST-00917,cust-00917@lumenmail.com,Décor,1,41.94,0.0,Paid Search,ZZ,variant
ORD-006929,2024-06-06,CUST-02117,cust-02117@lumenmail.com,Lighting,1,98.9,0.0,Paid Search,AU,variant
ORD-007878,2023-07-05,CUST-00672,cust-00672@lumenmail.com,Lighting,2,40.03,0.05,Paid Search,US,variant
ORD-005935,18/11/2023,CUST-01455,cust-01455@lumenmail.com,Lighting,1,84.08,0.15,Organic,CA,variant
ORD-004710,2024-10-25,CUST-02430,cust-02430@lumenmail.com,Furniture,2,79.0,0.05,Paid Search,US,
ORD-006365,2023-12-21,CUST-00088,cust-00088@lumenmail.com,Accessories,6,188.11,0.1,Email,CA,variant
ORD-000779,2023-09-17,CUST-01803,cust-01803@lumenmail.com,Furniture,2,346.33,0.0,Organic,US,
ORD-002607,2023-11-29,CUST-01649,cust-01649@lumenmail.com,Accessories,3,22.69,0.0,Email,US,
ORD-002056,2024-11-20,CUST-00230,cust-00230@lumenmail.com,Lighting,1,231.0,0.05,Organic,US,
ORD-009468,2023-12-24,CUST-01371,cust-01371@lumenmail.com,Lighting,1,128.74,0.05,Organic,US,
ORD-000202,2024-02-14,CUST-00390,cust-00390@lumenmail.com,Lighting,7,64.14,0.1,Paid Search,US,control
ORD-004170,2024-09-07,CUST-02601,cust-02601@lumenmail.com,Furniture,1,23.88,0.0,Social,CA,variant
ORD-009587,2023-06-04,CUST-02285,cust-02285@lumenmail.com,Furniture,1,318.82,0.1,Paid Search,US,control
ORD-003753,2024-08-12,CUST-00164,cust-00164@lumenmail.com,Lighting,-1,259.87,0.1,Organic,CA,variant
ORD-007989,2023-07-23,CUST-02213,cust-02213@lumenmail.com,Lighting,1,88.47,0.15,Organic,US,variant
ORD-008304,2024-09-25,CUST-01312,cust-01312@lumenmail.com,Outdoor,1,37.53,0.0,Paid Search,US,control
ORD-004313,2023-10-07,CUST-00706,cust-00706@lumenmail.com,Lighting,2,72.53,0.05,Email,US,variant
ORD-000433,2024-01-10,CUST-00163,cust-00163@lumenmail.com,Lighting,1,22.13,0.05,,AU,variant
ORD-001981,2024-04-15,,guest@lumenmail.com,Lighting,2,81.15,0.0,Social,UK,control
ORD-004668,27/08/2024,CUST-00042,cust-00042@lumenmail.com,Furniture,4,66.38,0.1,Paid Search,US,
ORD-004085,2023-11-16,CUST-01674,cust-01674@lumenmail.com,Lighting,1,42.01,0.1,Social,CA,control
ORD-002499,2024-05-31,CUST-02849,cust-02849@lumenmail.com,Furniture,3,46.06,0.1,Paid Search,CA,
ORD-006795,2023-10-14,CUST-00313,cust-00313@lumenmail.com,Outdoor,2,38.27,0.05,Organic,UK,variant
ORD-006892,2024-01-03,CUST-01665,cust-01665@lumenmail.com,Décor,-1,135.99,0.05,Email,CA,variant
ORD-004374,2024-07-09,CUST-02328,cust-02328@lumenmail.com,Outdoor,1,313.85,0.0,Email,US,
ORD-002935,2024-06-17,CUST-01656,cust-01656@lumenmail.com,Lighting,1,80.84,0.1,Email,US,
ORD-001772,2023-08-02,CUST-02905,cust-02905@lumenmail.com,Décor,1,91.59,0.0,Email,CA,
ORD-006353,2023-09-11,CUST-01671,cust-01671@lumenmail.com,Outdoor,2,63.25,0.05,Email,US,variant
ORD-002727,2024-12-15,CUST-02678,cust-02678@lumenmail.com,Lighting,2,22.6,0.1,Organic,US,control
ORD-007855,2024-04-20,CUST-01194,cust-01194@lumenmail.com,Décor,4,9.83,0.0,,US,
ORD-008119,2023-08-30,CUST-01144,cust-01144@lumenmail.com,Lighting,1,13.13,0.0,Paid Search,AU,control
ORD-006769,2024-08-24,,guest@lumenmail.com,Décor,3,13.43,0.0,Email,CA,
ORD-002251,2024-12-14,CUST-02678,cust-02678@lumenmail.com,Lighting,1,18.29,0.0,Paid Search,US,control
ORD-002051,2024-04-28,CUST-00349,cust-00349@lumenmail.com,Lighting,3,99.78,0.0,Email,UK,variant
ORD-000561,2023-12-31,CUST-02553,cust-02553@lumenmail.com,Outdoor,3,341.04,0.2,Paid Search,AU,variant
ORD-009089,20/07/2024,CUST-00182,cust-00182@lumenmail.com,Outdoor,4,729.06,0.1,Organic,US,
ORD-006415,2024-07-12,CUST-02774,cust-02774@lumenmail.com,Décor,2,53.65,0.05,Paid Search,CA,variant
ORD-004219,2023-10-03,CUST-02633,cust-02633@lumenmail.com,Furniture,7,28.7,0.25,Social,US,
ORD-000839,2023-06-28,CUST-02742,cust-02742@lumenmail.com,Lighting,7,335.78,0.0,Organic,US,
ORD-003308,13/01/2024,CUST-00910,cust-00910@lumenmail.com,Lighting,7,20.32,0.1,,US,control
ORD-001186,2023-07-18,CUST-01630,cust-01630@lumenmail.com,Furniture,6,18.87,0.0,Paid Search,UK,control
ORD-003492,2024-01-21,CUST-01328,cust-01328@lumenmail.com,Décor,1,36.24,0.05,Paid Search,UK,control
ORD-004185,2024-07-03,CUST-02525,cust-02525@lumenmail.com,Lighting,2,259.48,0.0,Social,US,
ORD-002794,2024-05-06,CUST-01735,cust-01735@lumenmail.com,Furniture,1,52.82,0.05,Email,US,control
ORD-008912,2024-04-04,CUST-01531,cust-01531@lumenmail.com,Furniture,4,383.98,0.05,Paid Search,CA,
ORD-009183,2024-12-01,CUST-00342,cust-00342@lumenmail.com,Accessories,1,670.71,0.2,Social,US,control
ORD-001734,2024-08-23,CUST-00148,cust-00148@lumenmail.com,Outdoor,2,307.17,0.15,Paid Search,UK,control
ORD-008746,2024-09-05,CUST-01333,cust-01333@lumenmail.com,Outdoor,1,416.66,0.0,Organic,US,control
ORD-001119,2024-03-10,CUST-01976,cust-01976@lumenmail.com,Lighting,1,15.55,0.2,,UK,
ORD-006286,29/08/2023,CUST-00759,cust-00759@lumenmail.com,Décor,1,45.28,0.0,Paid Search,ZZ,
ORD-009384,2024-12-02,CUST-00040,cust-00040@lumenmail.com,Lighting,1,500.85,0.0,Paid Search,AU,variant
ORD-009388,2024-02-26,CUST-02505,cust-02505@lumenmail.com,Lighting,-6,143.64,0.1,Organic,UK,
ORD-000002,2023-08-03,CUST-01341,cust-01341@lumenmail.com,Décor,2,294.91,0.0,Paid Search,ZZ,
ORD-008676,2024-09-22,CUST-01469,cust-01469@lumenmail.com,Accessories,1,66.35,0.0,Organic,CA,
ORD-002756,,CUST-01936,cust-01936@lumenmail.com,Lighting,3,62.6,0.0,Social,CA,control
ORD-003500,2024-10-04,CUST-00139,cust-00139@lumenmail.com,Outdoor,4,14.42,0.2,Email,CA,
ORD-003867,19/03/2024,CUST-00982,cust-00982@lumenmail.com,Lighting,2,44.84,0.1,Paid Search,CA,control
ORD-008482,08/07/2024,CUST-02591,cust-02591@lumenmail.com,Furniture,3,299.42,0.1,Paid Search,UK,control
ORD-009055,09/09/2023,CUST-01427,cust-01427@lumenmail.com,Furniture,1,278.32,0.0,Organic,CA,
ORD-000582,2024-08-23,CUST-01476,cust-01476@lumenmail.com,Furniture,1,45.93,0.2,,US,
ORD-003834,2024-09-27,CUST-00973,cust-00973@lumenmail.com,Outdoor,1,283.35,0.15,Email,CA,variant
ORD-008268,2024-11-30,CUST-02473,cust-02473@lumenmail.com,Lighting,1,156.93,0.0,Organic,US,
ORD-001097,2023-11-01,CUST-01777,cust-01777@lumenmail.com,Lighting,1,349.92,0.0,Email,US,
ORD-006137,2023-06-21,CUST-01991,cust-01991@lumenmail.com,Décor,1,34.06,0.1,Paid Search,US,variant
ORD-007108,2023-06-29,CUST-01011,cust-01011@lumenmail.com,Outdoor,1,67.7,0.05,Email,AU,
ORD-000324,2024-11-20,CUST-00971,cust-00971@lumenmail.com,Décor,4,96.55,0.0,Organic,US,
ORD-001730,2023-07-11,CUST-00080,cust-00080@lumenmail.com,Décor,1,25.1,0.0,Email,CA,control
ORD-006255,17/08/2023,CUST-01044,cust-01044@lumenmail.com,Décor,1,5.64,0.0,Email,US,
ORD-000056,2023-10-17,CUST-01445,cust-01445@lumenmail.com,Lighting,-1,738.49,0.0,Paid Search,AU,variant
ORD-000907,2023-10-03,,guest@lumenmail.com,Lighting,1,27.84,0.05,Organic,US,control
ORD-006507,2024-08-11,CUST-01133,cust-01133@lumenmail.com,Lighting,-4,134.68,0.0,Email,US,control
ORD-000806,26/09/2024,CUST-02978,cust-02978@lumenmail.com,Lighting,3,7.92,0.0,Organic,US,control
ORD-001181,2024-01-04,CUST-00939,cust-00939@lumenmail.com,Lighting,1,29.69,0.1,Organic,US,variant
ORD-009566,2024-07-27,CUST-02335,cust-02335@lumenmail.com,Lighting,2,170.05,0.0,Social,US,control
ORD-008961,2024-08-29,CUST-01904,cust-01904@lumenmail.com,Décor,1,122.3,0.0,Social,US,variant
ORD-001906,2023-10-14,CUST-00282,cust-00282@lumenmail.com,Furniture,1,48.3,0.05,Email,US,
ORD-000897,2024-11-02,CUST-01386,cust-01386@lumenmail.com,Furniture,1,493.71,0.15,Email,US,control
ORD-000008,2024-05-02,CUST-00600,cust-00600@lumenmail.com,Furniture,2,570.69,0.0,Organic,UK,control
ORD-002500,2024-07-05,CUST-01148,cust-01148@lumenmail.com,Accessories,1,42.68,0.0,Email,AU,control
ORD-001777,2024-02-16,CUST-01375,cust-01375@lumenmail.com,Outdoor,1,13.63,0.0,,CA,
ORD-005229,2023-11-14,CUST-01111,cust-01111@lumenmail.com,Outdoor,2,790.82,0.0,Social,US,
ORD-003513,2024-03-01,CUST-01255,cust-01255@lumenmail.com,Décor,1,105.78,0.15,Organic,US,variant
ORD-002174,2023-12-07,CUST-02593,cust-02593@lumenmail.com,Lighting,5,106.56,0.15,Organic,US,
ORD-005011,2024-01-27,CUST-01988,cust-01988@lumenmail.com,Accessories,1,141.4,0.0,Paid Search,US,control
ORD-004054,2023-11-09,CUST-02017,cust-02017@lumenmail.com,Décor,1,37.3,0.0,Paid Search,US,control
ORD-004971,2024-04-26,CUST-02742,cust-02742@lumenmail.com,Décor,2,269.85,0.0,,CA,control
ORD-004534,2023-11-20,CUST-01367,cust-01367@lumenmail.com,Décor,1,89.09,0.05,Paid Search,US,variant
ORD-007431,2023-09-17,,guest@lumenmail.com,Furniture,1,15.77,0.05,Organic,AU,
ORD-001062,2024-07-26,CUST-02873,cust-02873@lumenmail.com,Lighting,1,82.88,0.0,Organic,US,control
ORD-005567,2024-11-28,CUST-00622,cust-00622@lumenmail.com,Outdoor,2,114.52,0.0,Email,US,
ORD-006645,2024-04-04,CUST-00970,cust-00970@lumenmail.com,Furniture,1,27.23,0.2,Paid Search,US,control
ORD-008840,2024-03-21,CUST-01835,cust-01835@lumenmail.com,Furniture,2,84.72,0.0,Social,US,control
ORD-005525,2023-12-25,CUST-00484,cust-00484@lumenmail.com,Décor,3,41.16,0.05,Paid Search,US,variant
ORD-003642,2024-12-13,CUST-00216,cust-00216@lumenmail.com,Furniture,2,549.0,0.05,Email,US,
ORD-005728,2024-09-29,CUST-01415,cust-01415@lumenmail.com,Lighting,-1,282.2,0.0,Organic,ZZ,
ORD-000127,2024-04-18,CUST-02403,cust-02403@lumenmail.com,Furniture,2,9.31,0.2,Paid Search,US,variant
ORD-006036,2024-05-07,CUST-00994,cust-00994@lumenmail.com,Décor,3,29.98,0.05,Social,US,
ORD-000154,2024-08-29,CUST-01496,cust-01496@lumenmail.com,Outdoor,4,62.04,0.0,Organic,US,variant
ORD-000729,2024-05-01,CUST-00235,cust-00235@lumenmail.com,Accessories,1,13.36,0.0,Paid Search,US,
ORD-002690,2024-03-08,CUST-00843,cust-00843@lumenmail.com,Lighting,1,215.79,0.05,Email,US,
ORD-006693,2023-12-12,CUST-00064,cust-00064@lumenmail.com,Outdoor,3,51.72,0.1,,US,
ORD-005445,2024-07-03,CUST-00551,cust-00551@lumenmail.com,Outdoor,1,351.85,0.05,Paid Search,AU,
ORD-002305,2024-10-27,CUST-02631,cust-02631@lumenmail.com,Décor,1,138.4,0.05,Paid Search,US,
ORD-008148,2024-08-18,,guest@lumenmail.com,Outdoor,1,183.05,0.05,Email,US,
ORD-002910,2024-10-30,CUST-01469,cust-01469@lumenmail.com,Lighting,1,54.38,0.05,Email,US,
ORD-009461,2024-04-03,,guest@lumenmail.com,Décor,2,27.78,0.1,Email,US,control
ORD-002806,2024-08-22,CUST-02608,cust-02608@lumenmail.com,Décor,1,794.48,0.0,Email,CA,control
ORD-003713,2024-09-09,CUST-02734,cust-02734@lumenmail.com,Décor,3,27.01,0.05,Paid Search,US,
ORD-006601,2024-03-26,CUST-00930,cust-00930@lumenmail.com,Accessories,7,8.69,0.0,Paid Search,US,variant
ORD-007827,2024-05-23,CUST-01271,cust-01271@lumenmail.com,Accessories,1,64.9,0.1,Organic,AU,
ORD-005622,2024-02-05,CUST-02647,cust-02647@lumenmail.com,Lighting,1,77.2,0.0,Organic,AU,control
ORD-006619,2024-01-20,CUST-02040,cust-02040@lumenmail.com,Outdoor,2,84.4,0.05,,US,
ORD-000231,2023-09-28,CUST-02458,cust-02458@lumenmail.com,Lighting,1,154.14,0.0,Social,US,control
ORD-004475,2024-03-17,CUST-00133,cust-00133@lumenmail.com,Lighting,2,384.17,0.05,Email,ZZ,control
ORD-000960,2023-07-22,CUST-02746,cust-02746@lumenmail.com,Décor,2,192.06,0.0,Email,US,variant
ORD-003863,2024-09-27,CUST-02886,cust-02886@lumenmail.com,Outdoor,5,175.45,0.0,Email,US,variant
ORD-005218,2023-11-29,CUST-02460,cust-02460@lumenmail.com,Décor,3,190.93,0.0,Social,US,
ORD-006531,09/12/2024,CUST-00691,cust-00691@lumenmail.com,Lighting,3,195.0,0.0,Organic,US,variant
ORD-006470,2024-10-19,CUST-00405,cust-00405@lumenmail.com,Accessories,3,154.02,0.2,Organic,US,
ORD-007623,2024-05-27,CUST-00981,cust-00981@lumenmail.com,Furniture,-1,207.97,0.15,Paid Search,US,variant
ORD-002723,2023-06-22,CUST-02406,cust-02406@lumenmail.com,Lighting,1,142.14,0.0,Paid Search,US,control
ORD-003112,2024-08-05,CUST-01894,cust-01894@lumenmail.com,Furniture,-2,93.09,0.1,Organic,AU,variant
ORD-003449,2023-12-30,CUST-01821,cust-01821@lumenmail.com,Furniture,1,42.4,0.15,Email,US,control
ORD-000700,2024-11-14,CUST-00668,cust-00668@lumenmail.com,Lighting,5,90.33,0.0,Organic,CA,
ORD-006275,2023-11-09,CUST-00960,cust-00960@lumenmail.com,Décor,5,330.92,0.0,Social,CA,control
ORD-004169,2024-08-12,CUST-01688,cust-01688@lumenmail.com,Furniture,3,102.77,0.0,Organic,UK,variant
ORD-005359,2024-03-10,CUST-00013,cust-00013@lumenmail.com,Lighting,1,119.11,0.05,Email,US,
ORD-006728,2024-11-21,CUST-02124,cust-02124@lumenmail.com,Lighting,4,61.54,0.2,Email,CA,control
ORD-000204,2024-02-21,CUST-02428,cust-02428@lumenmail.com,Lighting,1,97.89,0.05,Organic,CA,
ORD-009249,2024-12-13,CUST-02686,cust-02686@lumenmail.com,Accessories,2,123.88,0.0,Organic,UK,control
ORD-001905,24/11/2024,CUST-00365,cust-00365@lumenmail.com,Furniture,1,114.27,0.0,Email,US,control
ORD-007951,2024-09-06,CUST-02911,cust-02911@lumenmail.com,Décor,-1,429.75,0.0,Organic,UK,
ORD-005492,21/11/2023,CUST-01481,cust-01481@lumenmail.com,Lighting,2,156.55,0.0,Organic,US,
ORD-002687,2024-07-10,CUST-02981,cust-02981@lumenmail.com,Lighting,1,373.51,0.0,Paid Search,US,
ORD-008370,09/11/2024,CUST-00043,cust-00043@lumenmail.com,Décor,2,15.0,0.0,Social,UK,variant
ORD-001133,2023-11-05,CUST-02467,cust-02467@lumenmail.com,Lighting,2,9.31,0.0,Social,US,
ORD-008689,2024-03-16,CUST-01196,cust-01196@lumenmail.com,Décor,3,652.21,0.1,Organic,CA,
ORD-007869,2024-10-18,CUST-02970,cust-02970@lumenmail.com,Décor,1,40.75,0.0,Email,US,
ORD-003038,2024-09-14,CUST-01819,cust-01819@lumenmail.com,Furniture,-1,682.86,0.0,Paid Search,AU,
ORD-008968,2024-07-07,CUST-02639,cust-02639@lumenmail.com,Lighting,2,0.0,0.1,Organic,US,variant
ORD-003425,2023-08-27,CUST-01562,cust-01562@lumenmail.com,Décor,1,11.83,0.0,Social,US,variant
ORD-007273,07/07/2023,,guest@lumenmail.com,Lighting,1,42.17,0.0,Paid Search,US,
ORD-005051,2023-07-01,CUST-01354,cust-01354@lumenmail.com,Outdoor,3,100.78,0.15,Social,US,variant
ORD-002376,2024-10-20,CUST-02881,cust-02881@lumenmail.com,Lighting,1,60.15,0.1,,US,control
ORD-004442,2024-09-11,CUST-00159,cust-00159@lumenmail.com,Lighting,1,329.01,0.0,Organic,ZZ,variant
ORD-002951,2024-10-25,CUST-02845,cust-02845@lumenmail.com,Lighting,1,51.12,0.2,Email,UK,
ORD-002940,2023-10-26,CUST-00905,cust-00905@lumenmail.com,Outdoor,2,93.52,0.15,Paid Search,US,
ORD-004033,26/03/2024,CUST-01631,cust-01631@lumenmail.com,Lighting,1,308.66,0.0,Email,CA,
ORD-004366,2024-07-24,CUST-02181,cust-02181@lumenmail.com,Accessories,4,20.17,0.0,Paid Search,CA,
ORD-009209,2024-03-26,CUST-01349,cust-01349@lumenmail.com,Furniture,2,20.18,0.05,Organic,CA,control
ORD-009553,2024-12-15,CUST-01936,cust-01936@lumenmail.com,Décor,1,262.48,0.0,Organic,US,control
ORD-006912,2024-11-16,CUST-01273,cust-01273@lumenmail.com,Outdoor,3,20.68,0.1,Paid Search,CA,
ORD-008533,2024-02-08,CUST-01061,cust-01061@lumenmail.com,Lighting,1,160.62,0.05,Organic,ZZ,
ORD-006790,2023-06-07,CUST-01741,cust-01741@lumenmail.com,Décor,-3,11.55,0.0,Email,US,
ORD-007682,12/07/2023,CUST-00840,cust-00840@lumenmail.com,Lighting,1,101.05,0.05,Organic,CA,variant
ORD-001095,2024-03-15,CUST-00498,cust-00498@lumenmail.com,Décor,1,316.54,0.05,Paid Search,US,control
ORD-005880,2023-08-12,CUST-01161,cust-01161@lumenmail.com,Outdoor,1,0.0,0.0,Email,US,control
ORD-004906,19/05/2024,CUST-00016,cust-00016@lumenmail.com,Décor,2,88.47,0.0,Paid Search,US,control
ORD-003877,2023-08-24,CUST-02420,cust-02420@lumenmail.com,Lighting,1,76.39,0.2,Email,CA,
ORD-002912,2023-09-04,CUST-00818,cust-00818@lumenmail.com,Accessories,2,172.74,0.0,Paid Search,US,variant
ORD-001264,04/06/2023,CUST-00241,cust-00241@lumenmail.com,Lighting,5,750.11,0.0,,CA,control
ORD-000815,03/08/2023,CUST-02594,cust-02594@lumenmail.com,Accessories,3,67.13,0.05,Social,US,variant
ORD-004346,2024-01-17,CUST-02323,cust-02323@lumenmail.com,Outdoor,1,42.33,0.0,Organic,UK,
ORD-003043,2023-12-27,CUST-00385,cust-00385@lumenmail.com,Lighting,2,522.66,0.1,Paid Search,US,control
ORD-002838,23/05/2024,CUST-02090,cust-02090@lumenmail.com,Lighting,3,245.84,0.15,Organic,US,control
ORD-007408,22/06/2024,CUST-02952,cust-02952@lumenmail.com,Décor,2,38.65,0.0,Social,US,
ORD-003285,2024-08-13,CUST-00343,cust-00343@lumenmail.com,Décor,1,162.3,0.0,Social,US,control
ORD-003771,2024-12-24,CUST-01326,cust-01326@lumenmail.com,Accessories,1,79.6,0.0,Paid Search,CA,
ORD-001558,2023-08-16,CUST-00650,cust-00650@lumenmail.com,Furniture,1,173.43,0.1,Email,UK,control
ORD-003501,2024-09-10,CUST-01010,cust-01010@lumenmail.com,Outdoor,1,266.57,0.05,Email,AU,control
ORD-009122,14/07/2023,CUST-00054,cust-00054@lumenmail.com,Décor,1,53.98,0.05,,US,variant
ORD-001369,,CUST-01415,cust-01415@lumenmail.com,Lighting,1,252.33,0.2,Paid Search,CA,
ORD-002381,19/12/2024,CUST-01383,cust-01383@lumenmail.com,Furniture,1,44.85,0.15,Paid Search,US,
ORD-006051,2023-07-26,,guest@lumenmail.com,Décor,2,75.62,0.05,Paid Search,US,variant
ORD-005216,2024-03-12,CUST-01121,cust-01121@lumenmail.com,Lighting,1,178.01,0.0,Email,US,control
ORD-008552,2024-09-03,CUST-01396,cust-01396@lumenmail.com,Lighting,2,131.6,0.0,Email,US,variant
ORD-006105,2023-12-10,CUST-01799,cust-01799@lumenmail.com,Lighting,1,29.53,0.05,Paid Search,CA,variant
ORD-009193,2024-10-01,CUST-00210,cust-00210@lumenmail.com,Décor,2,166.92,0.0,Organic,US,variant
ORD-007301,2023-08-31,CUST-02391,cust-02391@lumenmail.com,Furniture,1,182.29,0.05,Email,US,
ORD-002238,2023-06-12,CUST-00210,cust-00210@lumenmail.com,Lighting,1,36.8,0.05,Organic,US,variant
ORD-008717,2023-12-26,CUST-02570,cust-02570@lumenmail.com,Lighting,5,449.39,0.05,,US,control
ORD-000933,18/02/2024,CUST-01080,cust-01080@lumenmail.com,Décor,3,385.44,0.2,Email,US,
ORD-000629,2024-08-25,CUST-02155,cust-02155@lumenmail.com,Lighting,2,63.58,0.0,Paid Search,US,control
ORD-007620,2023-08-21,CUST-00928,cust-00928@lumenmail.com,Furniture,5,79.55,0.05,Paid Search,CA,variant
ORD-001259,28/08/2024,CUST-00880,cust-00880@lumenmail.com,Décor,1,12.55,0.05,Organic,US,variant
ORD-007221,11/09/2023,CUST-01188,cust-01188@lumenmail.com,Décor,1,14.95,0.2,Email,US,
ORD-001916,2023-08-13,CUST-01484,cust-01484@lumenmail.com,Décor,2,125.84,0.0,Email,US,variant
ORD-000285,23/06/2023,CUST-01194,cust-01194@lumenmail.com,Furniture,2,8.62,0.05,Paid Search,US,variant
ORD-000094,2024-04-13,CUST-01920,cust-01920@lumenmail.com,Lighting,4,22.37,0.1,Paid Search,CA,control
ORD-005818,2024-01-12,,guest@lumenmail.com,Décor,2,296.07,0.0,Organic,CA,control
ORD-005341,2024-11-30,CUST-01672,cust-01672@lumenmail.com,Outdoor,5,46.92,0.0,Paid Search,US,variant
ORD-005385,2023-08-05,CUST-00734,cust-00734@lumenmail.com,Outdoor,1,45.6,0.1,Organic,US,control
ORD-009423,2024-10-29,CUST-00890,cust-00890@lumenmail.com,Lighting,6,71.74,0.0,Paid Search,US,
ORD-006341,2024-05-15,CUST-00366,cust-00366@lumenmail.com,Accessories,2,39.39,0.05,Organic,US,
ORD-008043,2024-11-07,CUST-01861,cust-01861@lumenmail.com,Lighting,7,81.55,0.05,Paid Search,US,
ORD-000718,2024-01-31,CUST-00372,cust-00372@lumenmail.com,Furniture,1,91.23,0.15,Paid Search,CA,variant
ORD-003677,2023-12-05,CUST-01716,cust-01716@lumenmail.com,Lighting,1,62.55,0.05,Paid Search,CA,
ORD-005693,2024-10-02,CUST-01861,cust-01861@lumenmail.com,Décor,1,56.54,0.05,Email,CA,
ORD-008766,2024-10-21,CUST-01145,cust-01145@lumenmail.com,Furniture,2,307.85,0.05,Email,US,variant
ORD-001867,2024-02-08,CUST-02484,cust-02484@lumenmail.com,Lighting,2,44.14,0.05,Paid Search,US,control
ORD-003430,2024-12-03,CUST-01949,cust-01949@lumenmail.com,Furniture,2,55.39,0.0,Social,UK,
ORD-007924,2023-08-02,CUST-01807,cust-01807@lumenmail.com,Furniture,-3,60.65,0.0,Social,US,control
ORD-005765,2023-12-25,,guest@lumenmail.com,Décor,1,345.81,0.0,Paid Search,UK,variant
ORD-002673,2024-05-29,CUST-00857,cust-00857@lumenmail.com,Furniture,1,18.34,0.0,Paid Search,CA,
ORD-005982,2024-07-10,CUST-01890,cust-01890@lumenmail.com,Furniture,3,234.34,0.15,Social,US,variant
ORD-005351,14/10/2023,CUST-00650,cust-00650@lumenmail.com,Lighting,1,355.56,0.25,Organic,UK,variant
ORD-007326,2024-04-30,CUST-02029,cust-02029@lumenmail.com,Lighting,1,112.37,0.0,Social,US,
ORD-001824,2023-06-03,CUST-00949,cust-00949@lumenmail.com,Outdoor,6,233.16,0.0,,CA,variant
ORD-006191,09/04/2024,CUST-01974,cust-01974@lumenmail.com,Décor,1,55.06,0.1,Email,US,variant
ORD-000159,2023-12-16,,guest@lumenmail.com,Décor,2,64.82,0.0,Paid Search,US,
ORD-003069,2024-05-15,CUST-00328,cust-00328@lumenmail.com,Décor,1,89.22,0.0,Organic,US,control
ORD-002617,2023-08-06,CUST-00817,cust-00817@lumenmail.com,Lighting,1,94.33,0.2,Paid Search,US,control
ORD-008405,2023-08-25,CUST-00298,cust-00298@lumenmail.com,Accessories,2,453.86,0.0,Email,CA,
ORD-005248,2024-01-25,CUST-01287,cust-01287@lumenmail.com,Outdoor,6,29.03,0.0,Email,US,
ORD-008774,2023-11-12,CUST-02183,cust-02183@lumenmail.com,Accessories,2,541.29,0.0,Email,CA,
ORD-004783,2024-09-28,,guest@lumenmail.com,Lighting,4,116.63,0.0,Email,US,
ORD-000157,2023-09-21,CUST-01133,cust-01133@lumenmail.com,Outdoor,1,92.92,0.0,Paid Search,UK,
ORD-005378,2023-12-12,CUST-00793,cust-00793@lumenmail.com,Décor,1,42.58,0.0,Email,US,variant
ORD-006332,2024-11-04,CUST-00491,cust-00491@lumenmail.com,Outdoor,2,37.31,0.05,Social,ZZ,control
ORD-008184,2024-05-18,CUST-01256,cust-01256@lumenmail.com,Décor,2,151.09,0.0,Social,CA,variant
ORD-004244,2024-07-16,CUST-00238,cust-00238@lumenmail.com,Furniture,1,178.42,0.05,Organic,CA,control
ORD-002721,2024-11-25,CUST-02650,cust-02650@lumenmail.com,Lighting,1,25.91,0.1,Email,CA,variant
ORD-007729,2024-01-21,CUST-00140,cust-00140@lumenmail.com,Furniture,1,21.23,0.0,Paid Search,US,control
ORD-000508,10/08/2023,,guest@lumenmail.com,Outdoor,2,64.7,0.05,Email,US,
ORD-002958,2024-05-09,CUST-01100,cust-01100@lumenmail.com,Lighting,1,87.39,0.1,Organic,UK,variant
ORD-008903,2024-11-06,CUST-01467,cust-01467@lumenmail.com,Décor,7,7.29,0.15,Paid Search,CA,variant
ORD-002440,17/10/2023,CUST-02527,cust-02527@lumenmail.com,Lighting,3,6.93,0.2,Email,US,
ORD-006356,2024-11-18,CUST-00122,cust-00122@lumenmail.com,Décor,1,55.08,0.0,Organic,US,
ORD-004385,2024-08-22,,guest@lumenmail.com,Lighting,5,37.89,0.0,Paid Search,US,variant
ORD-006689,2024-05-04,CUST-01858,cust-01858@lumenmail.com,Lighting,-2,47.3,0.2,Paid Search,US,
ORD-001848,2024-03-08,CUST-00653,cust-00653@lumenmail.com,Lighting,1,7.16,0.0,Paid Search,US,variant
ORD-006098,2024-09-21,,guest@lumenmail.com,Décor,3,55.06,0.1,Organic,US,control
ORD-003599,2024-05-03,CUST-02759,cust-02759@lumenmail.com,Outdoor,2,9.21,0.0,Social,US,control
ORD-001251,2024-04-03,CUST-00911,cust-00911@lumenmail.com,Outdoor,3,140.19,0.0,Paid Search,US,
ORD-006813,2023-09-30,CUST-01759,cust-01759@lumenmail.com,Lighting,2,596.1,0.2,Email,US,variant
ORD-004990,2024-08-07,CUST-00705,cust-00705@lumenmail.com,Furniture,2,12.0,0.05,Paid Search,UK,
ORD-009542,2024-08-05,CUST-02379,cust-02379@lumenmail.com,Lighting,2,27.78,0.2,Email,US,
ORD-000084,2023-07-08,CUST-00176,cust-00176@lumenmail.com,Décor,1,37.06,0.15,Email,ZZ,variant
ORD-002283,28/06/2024,CUST-01727,cust-01727@lumenmail.com,Furniture,2,96.28,0.0,Email,US,control
ORD-003893,2024-06-27,CUST-00278,cust-00278@lumenmail.com,Furniture,3,101.6,0.1,Organic,US,
ORD-002864,2024-07-15,CUST-00376,cust-00376@lumenmail.com,Accessories,1,81.82,0.15,Paid Search,UK,
ORD-001592,2024-10-14,CUST-01373,cust-01373@lumenmail.com,Décor,1,74.74,0.1,Paid Search,US,
ORD-000256,2023-09-18,CUST-00257,cust-00257@lumenmail.com,Lighting,2,629.72,0.0,Organic,AU,variant
ORD-008576,12/12/2023,CUST-00679,cust-00679@lumenmail.com,Furniture,5,73.95,0.2,Organic,US,control
ORD-001339,12/04/2024,CUST-01771,cust-01771@lumenmail.com,Furniture,4,772.75,0.05,Email,CA,
ORD-008382,2023-10-25,CUST-00932,cust-00932@lumenmail.com,Lighting,2,154.99,0.0,Paid Search,CA,variant
ORD-007668,20/09/2024,CUST-01496,cust-01496@lumenmail.com,Décor,3,29.96,0.05,,CA,
ORD-001350,2023-12-23,CUST-00963,cust-00963@lumenmail.com,Lighting,3,630.64,0.0,Organic,US,control
ORD-002000,2024-05-14,CUST-02654,cust-02654@lumenmail.com,Décor,2,68.34,0.1,Email,US,variant
ORD-002065,29/10/2024,,guest@lumenmail.com,Décor,4,423.49,0.0,Email,CA,variant
ORD-001185,2024-01-24,CUST-00848,cust-00848@lumenmail.com,Lighting,3,73.38,0.15,Organic,CA,variant
ORD-002194,22/07/2024,CUST-00120,cust-00120@lumenmail.com,Décor,1,260.61,0.0,Organic,US,
ORD-005185,2024-01-26,CUST-00445,cust-00445@lumenmail.com,Outdoor,1,217.74,0.15,Organic,ZZ,
ORD-007240,2024-10-30,CUST-00333,cust-00333@lumenmail.com,Accessories,3,288.59,0.05,Email,US,variant
ORD-000670,2024-12-14,CUST-01383,cust-01383@lumenmail.com,Furniture,1,177.53,0.0,Organic,CA,control
ORD-000051,2024-06-18,CUST-00186,cust-00186@lumenmail.com,Lighting,1,17.19,0.0,Paid Search,UK,
ORD-006995,2023-12-17,CUST-01732,cust-01732@lumenmail.com,Furniture,1,76.69,0.0,Organic,US,
ORD-004511,2024-10-17,CUST-02719,cust-02719@lumenmail.com,Lighting,-1,384.82,0.0,Social,US,
ORD-009033,18/01/2024,CUST-00654,cust-00654@lumenmail.com,Décor,1,85.84,0.05,Organic,CA,variant
ORD-005901,2024-03-05,CUST-00323,cust-00323@lumenmail.com,Lighting,2,49.79,0.0,Paid Search,US,
ORD-006131,29/12/2023,CUST-00236,cust-00236@lumenmail.com,Décor,1,494.79,0.05,Paid Search,ZZ,control
ORD-006103,2024-08-25,CUST-01747,cust-01747@lumenmail.com,Décor,3,9.88,0.0,Paid Search,US,
ORD-000593,2024-02-20,,guest@lumenmail.com,Décor,-1,387.5,0.2,Email,US,variant
ORD-002609,2023-07-07,CUST-00370,cust-00370@lumenmail.com,Lighting,1,58.26,0.0,Social,AU,variant
ORD-009311,2023-07-16,CUST-01846,cust-01846@lumenmail.com,Lighting,1,168.13,0.05,Organic,US,control
ORD-002564,2024-10-29,CUST-02454,cust-02454@lumenmail.com,Décor,1,389.45,0.0,Social,US,
ORD-003907,2024-05-12,CUST-00242,cust-00242@lumenmail.com,Lighting,1,34.62,0.0,Email,UK,variant
ORD-000707,2023-10-05,CUST-00632,cust-00632@lumenmail.com,Lighting,1,111.34,0.25,Email,US,control
ORD-006426,2024-12-24,CUST-00620,cust-00620@lumenmail.com,Outdoor,1,40.49,0.05,Paid Search,US,variant
ORD-002489,2024-12-01,CUST-01342,cust-01342@lumenmail.com,Décor,6,14.38,0.1,Social,UK,control
ORD-007838,2023-10-26,CUST-01280,cust-01280@lumenmail.com,Lighting,3,498.63,0.05,Organic,AU,variant
ORD-004883,18/08/2023,CUST-01745,cust-01745@lumenmail.com,Décor,4,88.68,0.0,Email,CA,variant
ORD-005575,06/09/2023,CUST-01138,cust-01138@lumenmail.com,Lighting,-1,79.27,0.0,,US,control
ORD-003376,2024-01-26,CUST-02357,cust-02357@lumenmail.com,Décor,1,509.29,0.05,Email,UK,control
ORD-001462,2024-12-11,CUST-02583,cust-02583@lumenmail.com,Accessories,-2,11.37,0.0,Organic,US,variant
ORD-004174,2023-11-15,CUST-02824,cust-02824@lumenmail.com,Lighting,3,16.65,0.0,Paid Search,UK,variant
ORD-002382,2024-05-24,CUST-01069,cust-01069@lumenmail.com,Outdoor,3,41.76,0.1,Social,US,control
ORD-004804,27/02/2024,CUST-01808,cust-01808@lumenmail.com,Accessories,2,51.97,0.0,Organic,US,
ORD-004235,2024-08-08,CUST-02495,cust-02495@lumenmail.com,Furniture,2,36.84,0.0,Email,UK,control
ORD-001754,2024-11-28,CUST-01619,cust-01619@lumenmail.com,Décor,1,88.68,0.0,Email,US,control
ORD-000393,2024-10-10,CUST-00368,cust-00368@lumenmail.com,Décor,2,7.64,0.05,Email,US,variant
ORD-000427,24/08/2023,CUST-00981,cust-00981@lumenmail.com,Outdoor,4,41.85,0.15,,UK,control
ORD-001986,2024-09-05,CUST-01318,cust-01318@lumenmail.com,Accessories,2,61.51,0.15,Paid Search,US,variant
ORD-009574,2023-10-21,CUST-01933,cust-01933@lumenmail.com,Lighting,1,45.18,0.1,Paid Search,CA,control
ORD-004149,11/09/2023,CUST-02749,cust-02749@lumenmail.com,Lighting,1,127.91,0.05,Organic,UK,variant
ORD-007515,2023-08-29,CUST-02159,cust-02159@lumenmail.com,Lighting,3,37.04,0.0,,CA,
ORD-007508,21/08/2024,CUST-02211,cust-02211@lumenmail.com,Décor,2,240.29,0.0,Email,ZZ,control
ORD-007633,2023-09-10,CUST-01381,cust-01381@lumenmail.com,Lighting,2,40.78,0.05,Paid Search,US,
ORD-000017,2024-04-21,CUST-01642,cust-01642@lumenmail.com,Furniture,1,45.73,0.05,Email,AU,
ORD-006951,2024-06-09,CUST-00769,cust-00769@lumenmail.com,Outdoor,2,270.45,0.0,Paid Search,US,control
ORD-004021,13/08/2024,CUST-02482,cust-02482@lumenmail.com,Furniture,2,31.36,0.1,Organic,US,control
ORD-008581,2023-10-02,CUST-00192,cust-00192@lumenmail.com,Lighting,2,27.09,0.0,Paid Search,US,
ORD-003550,25/07/2023,CUST-01734,cust-01734@lumenmail.com,Lighting,4,19.65,0.0,Organic,US,control
ORD-007494,28/11/2023,,guest@lumenmail.com,Furniture,3,239.26,0.05,Email,US,
ORD-007986,2023-09-04,,guest@lumenmail.com,Furniture,1,93.7,0.0,Organic,US,
ORD-008174,2024-04-17,CUST-00279,cust-00279@lumenmail.com,Furniture,2,212.52,0.05,Paid Search,US,
ORD-002046,2024-01-03,CUST-02433,cust-02433@lumenmail.com,Lighting,7,36.97,0.0,Paid Search,US,control
ORD-008885,2024-01-14,CUST-01551,cust-01551@lumenmail.com,Furniture,1,92.49,0.1,Paid Search,CA,variant
ORD-002934,2024-11-04,,guest@lumenmail.com,Lighting,1,50.8,0.1,,US,control
ORD-003040,2024-03-20,CUST-00075,cust-00075@lumenmail.com,Furniture,1,63.67,0.0,Social,US,
ORD-007823,2024-02-18,CUST-00013,cust-00013@lumenmail.com,Décor,5,317.64,0.0,Email,AU,
ORD-003075,2024-03-05,CUST-02494,cust-02494@lumenmail.com,Décor,3,260.36,0.15,Paid Search,US,variant
ORD-002871,12/09/2024,CUST-01162,cust-01162@lumenmail.com,Décor,3,463.52,0.15,Organic,US,
ORD-000817,12/12/2023,CUST-00079,cust-00079@lumenmail.com,Outdoor,1,83.15,0.15,Organic,US,variant
ORD-004629,2024-05-24,CUST-00993,cust-00993@lumenmail.com,Lighting,1,48.27,0.1,Paid Search,US,
ORD-006165,2023-08-13,CUST-00335,cust-00335@lumenmail.com,Accessories,2,63.88,0.15,Email,US,
ORD-004264,2024-12-19,CUST-00837,cust-00837@lumenmail.com,Outdoor,2,48.41,0.15,Paid Search,US,variant
ORD-004455,2024-03-18,CUST-02729,cust-02729@lumenmail.com,Furniture,1,17.11,0.1,Email,US,control
ORD-008281,2024-12-23,CUST-00589,cust-00589@lumenmail.com,Lighting,3,43.35,0.0,Organic,US,variant
ORD-002068,2024-04-10,CUST-01146,cust-01146@lumenmail.com,Décor,2,176.09,0.0,Email,US,control
ORD-005335,2023-10-25,CUST-02860,cust-02860@lumenmail.com,Lighting,3,107.66,0.0,Paid Search,US,
ORD-007090,2024-12-28,CUST-01239,cust-01239@lumenmail.com,Lighting,1,33.79,0.0,Email,US,variant
ORD-006190,15/11/2024,CUST-01154,cust-01154@lumenmail.com,Accessories,2,38.68,0.05,Email,US,variant
ORD-008358,2023-07-17,CUST-01530,cust-01530@lumenmail.com,Lighting,1,48.72,0.05,Paid Search,US,control
ORD-009399,2024-03-21,CUST-00841,cust-00841@lumenmail.com,Accessories,4,91.51,0.1,Email,CA,
ORD-007684,2023-09-03,CUST-02481,cust-02481@lumenmail.com,Décor,4,76.71,0.1,Paid Search,US,variant
ORD-003564,2024-08-03,CUST-01827,cust-01827@lumenmail.com,Outdoor,2,121.22,0.1,,CA,variant
ORD-001446,20/12/2024,,guest@lumenmail.com,Furniture,1,44.67,0.0,,US,control
ORD-006121,2024-03-08,CUST-02153,cust-02153@lumenmail.com,Décor,5,34.7,0.15,Paid Search,US,variant
ORD-003351,2024-07-01,CUST-00726,cust-00726@lumenmail.com,Lighting,1,69.35,0.05,,US,variant
ORD-007147,2024-02-22,CUST-01082,cust-01082@lumenmail.com,Décor,2,10.16,0.25,Paid Search,US,
ORD-002220,2024-11-17,CUST-01250,cust-01250@lumenmail.com,Outdoor,1,34.79,0.15,Paid Search,US,control
ORD-000904,2023-06-12,CUST-00762,cust-00762@lumenmail.com,Décor,1,80.93,0.05,Email,UK,control
ORD-002416,2024-04-02,CUST-00193,cust-00193@lumenmail.com,Décor,1,15.23,0.1,Paid Search,CA,variant
ORD-007970,2023-07-10,CUST-00865,cust-00865@lumenmail.com,Outdoor,3,16.24,0.15,Social,US,variant
ORD-000720,2023-10-19,CUST-00825,cust-00825@lumenmail.com,Lighting,1,15.28,0.0,Email,UK,
ORD-003250,2023-12-24,CUST-00949,cust-00949@lumenmail.com,Accessories,1,95.2,0.05,Paid Search,US,control
ORD-006803,2024-11-13,CUST-01539,cust-01539@lumenmail.com,Outdoor,-2,77.5,0.0,Paid Search,US,control
ORD-000879,2023-06-18,CUST-00617,cust-00617@lumenmail.com,Outdoor,2,132.88,0.2,Organic,US,control
ORD-005422,2024-06-25,CUST-02176,cust-02176@lumenmail.com,Furniture,6,57.88,0.0,Organic,CA,variant
ORD-002294,2023-07-15,CUST-02835,cust-02835@lumenmail.com,Décor,2,32.85,0.1,Paid Search,US,control
ORD-000801,2024-01-15,,guest@lumenmail.com,Lighting,1,16.44,0.15,Organic,US,variant
ORD-000676,2024-11-18,CUST-01277,cust-01277@lumenmail.com,Outdoor,6,54.89,0.05,Email,CA,variant
ORD-002772,2023-12-07,CUST-02169,cust-02169@lumenmail.com,Furniture,2,79.57,0.2,Social,US,variant
ORD-004096,2023-12-22,CUST-02446,cust-02446@lumenmail.com,Furniture,2,25.78,0.05,Paid Search,UK,control
ORD-007611,12/10/2024,CUST-01220,cust-01220@lumenmail.com,Lighting,3,85.71,0.05,Email,AU,control
ORD-001068,2024-01-24,CUST-02017,cust-02017@lumenmail.com,Outdoor,4,74.95,0.05,,CA,variant
ORD-003682,12/09/2023,,guest@lumenmail.com,Décor,2,14.34,0.0,Email,US,control
ORD-000742,2023-07-20,,guest@lumenmail.com,Lighting,3,486.4,0.05,Organic,US,
ORD-001972,2024-05-19,CUST-01492,cust-01492@lumenmail.com,Lighting,1,316.39,0.0,Paid Search,UK,
ORD-009361,2023-06-21,,guest@lumenmail.com,Décor,1,121.62,0.05,Social,US,variant
ORD-004943,2024-02-04,CUST-00174,cust-00174@lumenmail.com,Outdoor,1,67.53,0.0,Paid Search,US,variant
ORD-005726,13/06/2023,CUST-01699,cust-01699@lumenmail.com,Furniture,1,202.93,0.0,Organic,US,variant
ORD-009340,02/09/2024,CUST-02118,cust-02118@lumenmail.com,Accessories,3,9.88,0.0,Paid Search,CA,
ORD-009499,2024-05-25,CUST-02947,cust-02947@lumenmail.com,Lighting,1,371.61,0.1,Organic,AU,variant
ORD-001766,15/04/2024,CUST-01731,cust-01731@lumenmail.com,Lighting,1,119.66,0.05,Email,US,control
ORD-006189,2023-08-30,CUST-01052,cust-01052@lumenmail.com,Accessories,1,72.75,0.05,Paid Search,US,control
ORD-008050,2024-09-16,CUST-00442,cust-00442@lumenmail.com,Décor,3,17.89,0.0,Organic,US,control
ORD-001925,2023-10-25,CUST-01359,cust-01359@lumenmail.com,Furniture,1,47.09,0.0,Email,US,variant
ORD-000667,2023-08-25,CUST-02838,cust-02838@lumenmail.com,Décor,2,672.44,0.0,Paid Search,UK,
ORD-007726,2023-06-01,CUST-00907,cust-00907@lumenmail.com,Lighting,1,30.93,0.15,Email,US,
ORD-008469,2023-11-03,CUST-02633,cust-02633@lumenmail.com,Furniture,1,370.87,0.15,Paid Search,AU,control
ORD-009508,2023-09-26,CUST-00547,cust-00547@lumenmail.com,Décor,1,19.91,0.25,Paid Search,US,
ORD-009417,2023-06-05,CUST-00848,cust-00848@lumenmail.com,Outdoor,1,92.31,0.0,Paid Search,UK,variant
ORD-007028,2024-05-24,CUST-01839,cust-01839@lumenmail.com,Décor,1,59.22,0.2,Organic,UK,
ORD-003311,2024-12-21,,guest@lumenmail.com,Lighting,-1,315.62,0.2,Social,US,control
ORD-001774,2024-04-24,CUST-02425,cust-02425@lumenmail.com,Lighting,1,68.03,0.15,Paid Search,US,
ORD-007029,2024-12-08,CUST-00563,cust-00563@lumenmail.com,Décor,1,129.26,0.1,Organic,CA,control
ORD-003361,2024-06-07,CUST-02814,cust-02814@lumenmail.com,Outdoor,1,82.47,0.2,Email,US,
ORD-007646,2023-11-02,CUST-00445,cust-00445@lumenmail.com,Lighting,4,21.67,0.0,Paid Search,US,variant
ORD-001376,2024-11-07,CUST-02446,cust-02446@lumenmail.com,Lighting,2,22.14,0.05,Organic,CA,variant
ORD-008208,06/10/2024,CUST-00764,cust-00764@lumenmail.com,Lighting,1,334.22,0.0,Paid Search,US,
ORD-009351,2023-09-12,CUST-01458,cust-01458@lumenmail.com,Décor,1,213.59,0.05,Paid Search,US,
ORD-007956,2024-02-01,CUST-02720,cust-02720@lumenmail.com,Décor,1,29.31,0.1,Organic,CA,control
ORD-008906,2024-08-22,CUST-02802,cust-02802@lumenmail.com,Furniture,3,160.24,0.1,Organic,US,
ORD-002336,2024-08-08,CUST-00569,cust-00569@lumenmail.com,Outdoor,1,64.5,0.25,Paid Search,UK,control
ORD-009390,2024-04-05,CUST-01812,cust-01812@lumenmail.com,Lighting,2,178.01,0.15,Email,US,
ORD-004855,2024-10-28,CUST-02025,cust-02025@lumenmail.com,Décor,2,12.65,0.15,Social,US,control
ORD-004036,2023-11-14,,guest@lumenmail.com,Accessories,1,47.61,0.0,Email,CA,control
ORD-002932,2023-09-24,CUST-01359,cust-01359@lumenmail.com,Outdoor,3,7.84,0.0,Organic,ZZ,control
ORD-008831,06/06/2023,CUST-02582,cust-02582@lumenmail.com,Lighting,-3,40.02,0.0,Email,US,control
ORD-004168,2023-08-12,CUST-02788,cust-02788@lumenmail.com,Décor,1,23.13,0.15,Organic,US,
ORD-004994,01/07/2023,,guest@lumenmail.com,Furniture,2,714.15,0.2,Organic,CA,
ORD-008402,2023-07-17,CUST-00726,cust-00726@lumenmail.com,Accessories,5,31.33,0.0,Organic,US,
ORD-009507,2024-10-05,CUST-02818,cust-02818@lumenmail.com,Lighting,2,36.45,0.0,Email,CA,control
ORD-001608,2023-07-28,CUST-00888,cust-00888@lumenmail.com,Lighting,1,39.59,0.05,Social,US,
ORD-005115,2024-06-27,CUST-02230,cust-02230@lumenmail.com,Lighting,1,748.7,0.0,Paid Search,US,variant
ORD-001431,2023-11-02,CUST-00151,cust-00151@lumenmail.com,Décor,4,398.95,0.0,Paid Search,US,control
ORD-003543,2024-08-29,CUST-01509,cust-01509@lumenmail.com,Lighting,2,94.79,0.05,Paid Search,UK,
ORD-002426,2024-09-02,CUST-02801,cust-02801@lumenmail.com,Décor,1,25.51,0.0,Organic,CA,variant
ORD-006424,2023-07-26,CUST-01143,cust-01143@lumenmail.com,Lighting,5,312.66,0.0,Paid Search,US,
ORD-001898,2024-05-13,CUST-01925,cust-01925@lumenmail.com,Furniture,3,9.64,0.25,Paid Search,UK,
ORD-004517,26/09/2024,CUST-02512,cust-02512@lumenmail.com,Lighting,2,756.9,0.2,Email,US,variant
ORD-004795,2024-04-04,CUST-00387,cust-00387@lumenmail.com,Outdoor,1,196.39,0.05,Email,CA,control
ORD-007129,2023-08-05,CUST-01634,cust-01634@lumenmail.com,Décor,1,149.55,0.15,Organic,US,variant
ORD-004151,2024-01-19,CUST-02771,cust-02771@lumenmail.com,Furniture,5,134.63,0.05,Email,US,
ORD-001631,2024-03-22,CUST-01633,cust-01633@lumenmail.com,Furniture,1,267.01,0.2,Organic,CA,control
ORD-002189,2024-09-15,CUST-01748,cust-01748@lumenmail.com,Lighting,5,261.28,0.2,Email,CA,
ORD-003297,2024-07-29,CUST-00363,cust-00363@lumenmail.com,Lighting,1,26.26,0.0,Email,US,
ORD-003970,2023-10-18,CUST-02988,cust-02988@lumenmail.com,Furniture,2,175.58,0.0,Email,US,control
ORD-000829,2024-03-30,CUST-02020,cust-02020@lumenmail.com,Outdoor,2,48.2,0.0,Organic,US,
ORD-006421,2024-11-20,CUST-01402,cust-01402@lumenmail.com,Lighting,1,51.06,0.0,Organic,UK,
ORD-007339,2024-10-23,CUST-00760,cust-00760@lumenmail.com,Décor,1,153.58,0.2,Social,US,
ORD-004445,2024-12-08,CUST-00036,cust-00036@lumenmail.com,Lighting,2,346.84,0.0,Paid Search,US,
ORD-008948,2023-10-06,,guest@lumenmail.com,Décor,1,99.55,0.0,Paid Search,US,control
ORD-000637,2024-04-18,CUST-02964,cust-02964@lumenmail.com,Outdoor,1,471.23,0.05,Paid Search,CA,variant
ORD-001708,2024-09-21,CUST-00299,cust-00299@lumenmail.com,Furniture,1,43.8,0.0,,US,variant
ORD-008354,2024-10-30,CUST-02783,cust-02783@lumenmail.com,Accessories,1,41.35,0.0,Paid Search,CA,variant
ORD-007430,2024-10-30,CUST-02134,cust-02134@lumenmail.com,Décor,1,80.54,0.05,Email,ZZ,control
ORD-003548,2024-05-31,CUST-01193,cust-01193@lumenmail.com,Lighting,1,85.09,0.0,Email,CA,
ORD-001505,2024-07-16,,guest@lumenmail.com,Lighting,4,23.99,0.0,Organic,CA,variant
ORD-001440,2023-07-11,CUST-00664,cust-00664@lumenmail.com,Lighting,2,12.37,0.05,Organic,CA,variant
ORD-003138,2024-10-02,CUST-00325,cust-00325@lumenmail.com,Lighting,2,339.77,0.0,Organic,US,
ORD-006725,2023-08-26,CUST-02189,cust-02189@lumenmail.com,Furniture,-3,334.98,0.15,Organic,US,
ORD-004480,2024-11-15,CUST-01246,cust-01246@lumenmail.com,Lighting,1,596.77,0.05,Organic,US,variant
ORD-005243,2024-03-09,CUST-00287,cust-00287@lumenmail.com,Furniture,1,93.9,0.0,Email,US,variant
ORD-001856,2023-12-24,CUST-01171,cust-01171@lumenmail.com,Décor,2,45.65,0.05,Organic,AU,control
ORD-002466,2023-08-10,CUST-02798,cust-02798@lumenmail.com,Furniture,2,110.43,0.1,Organic,UK,variant
ORD-002190,2024-12-09,CUST-02434,cust-02434@lumenmail.com,Lighting,1,86.76,0.1,Paid Search,UK,
ORD-008908,2024-12-17,CUST-02410,cust-02410@lumenmail.com,Lighting,1,189.11,0.15,Email,ZZ,control
ORD-004496,2024-03-28,CUST-02802,cust-02802@lumenmail.com,Accessories,3,324.11,0.0,Organic,US,control
ORD-000556,2024-04-07,CUST-02197,cust-02197@lumenmail.com,Lighting,2,21.18,0.05,Email,CA,
ORD-007548,2024-01-21,CUST-00994,cust-00994@lumenmail.com,Outdoor,3,48.44,0.0,Email,US,control
ORD-009088,2024-08-31,CUST-00388,cust-00388@lumenmail.com,Lighting,2,45.55,0.0,Paid Search,US,variant
ORD-009267,2024-11-11,CUST-02184,cust-02184@lumenmail.com,Décor,2,96.09,0.1,Social,US,control
ORD-002359,2024-06-09,CUST-01099,cust-01099@lumenmail.com,Lighting,2,94.38,0.05,Paid Search,US,control
ORD-001130,2024-12-25,CUST-00884,cust-00884@lumenmail.com,Accessories,2,16.86,0.1,Email,US,control
ORD-001507,2024-01-29,CUST-01801,cust-01801@lumenmail.com,Accessories,2,157.18,0.15,Paid Search,US,
ORD-008822,2024-01-16,CUST-02549,cust-02549@lumenmail.com,Furniture,1,82.93,0.05,Organic,US,control
ORD-006661,2024-04-13,CUST-01957,cust-01957@lumenmail.com,Lighting,7,40.16,0.0,Organic,US,
ORD-007451,2023-06-09,CUST-01344,cust-01344@lumenmail.com,Outdoor,1,88.36,0.0,Organic,CA,control
ORD-004674,2024-10-28,CUST-00991,cust-00991@lumenmail.com,Accessories,2,0.0,0.0,Paid Search,CA,
ORD-008700,22/04/2024,CUST-00013,cust-00013@lumenmail.com,Accessories,1,43.92,0.0,Email,US,
ORD-001482,2024-02-01,,guest@lumenmail.com,Décor,1,16.25,0.0,Paid Search,US,
ORD-007095,02/11/2024,CUST-00648,cust-00648@lumenmail.com,Décor,3,88.76,0.0,Email,US,variant
ORD-005427,2023-10-09,CUST-01804,cust-01804@lumenmail.com,Outdoor,2,307.82,0.05,Organic,US,control
ORD-001415,2024-07-11,CUST-02381,cust-02381@lumenmail.com,Lighting,1,70.39,0.0,Paid Search,US,variant
ORD-000776,2024-08-16,CUST-02999,cust-02999@lumenmail.com,Outdoor,2,245.66,0.0,Paid Search,US,
ORD-000849,2024-04-12,CUST-00107,cust-00107@lumenmail.com,Outdoor,1,24.54,0.0,Email,US,
ORD-007664,2024-07-21,CUST-01262,cust-01262@lumenmail.com,Outdoor,1,76.39,0.1,Paid Search,US,variant
ORD-009422,2024-12-09,CUST-02344,cust-02344@lumenmail.com,Furniture,1,37.86,0.0,Paid Search,US,variant
ORD-009339,2024-04-29,CUST-01926,cust-01926@lumenmail.com,Furniture,2,34.52,0.1,Paid Search,US,variant
ORD-002419,2024-10-16,,guest@lumenmail.com,Lighting,1,20.99,0.0,Paid Search,US,control
ORD-009188,2023-08-22,CUST-01704,cust-01704@lumenmail.com,Lighting,2,120.78,0.2,Paid Search,US,control
ORD-006143,09/07/2024,CUST-01982,cust-01982@lumenmail.com,Lighting,7,263.41,0.1,Email,CA,variant
ORD-000724,18/12/2024,CUST-00076,cust-00076@lumenmail.com,Accessories,1,93.8,0.0,Paid Search,CA,
ORD-008447,2024-07-16,CUST-02515,cust-02515@lumenmail.com,Décor,5,38.97,0.0,Email,US,variant
ORD-000387,2024-03-23,CUST-02337,cust-02337@lumenmail.com,Accessories,2,21.59,0.1,Paid Search,US,variant
ORD-006327,2024-02-09,CUST-00557,cust-00557@lumenmail.com,Outdoor,1,89.68,0.0,Paid Search,US,variant
ORD-001571,2023-08-02,CUST-02488,cust-02488@lumenmail.com,Lighting,1,169.38,0.0,Paid Search,US,variant
ORD-008541,2024-01-22,CUST-00770,cust-00770@lumenmail.com,Lighting,1,343.73,0.1,Organic,US,
ORD-002407,2023-09-11,CUST-00452,cust-00452@lumenmail.com,Lighting,1,263.7,0.0,Social,US,control
ORD-005222,2024-05-07,CUST-02841,cust-02841@lumenmail.com,Lighting,3,62.33,0.2,Social,CA,control
ORD-004348,2023-12-11,CUST-02691,cust-02691@lumenmail.com,Décor,2,39.76,0.0,Social,US,
ORD-006654,2023-12-05,CUST-02488,cust-02488@lumenmail.com,Lighting,-2,20.92,0.0,Paid Search,US,control
ORD-004432,2024-05-16,CUST-00079,cust-00079@lumenmail.com,Furniture,1,396.13,0.0,Paid Search,US,
ORD-006678,2023-11-01,CUST-01815,cust-01815@lumenmail.com,Outdoor,5,59.94,0.0,Social,US,
ORD-002261,26/07/2024,CUST-00424,cust-00424@lumenmail.com,Lighting,1,74.15,0.05,Email,AU,variant
ORD-008561,2023-08-24,CUST-01225,cust-01225@lumenmail.com,Décor,6,72.72,0.1,Organic,US,
ORD-000234,2023-12-04,CUST-00630,cust-00630@lumenmail.com,Décor,1,33.61,0.15,Organic,US,control
ORD-007794,2023-07-03,CUST-02632,cust-02632@lumenmail.com,Décor,2,164.92,0.0,Organic,US,variant
ORD-000865,2024-10-07,CUST-02709,cust-02709@lumenmail.com,Furniture,1,9.86,0.0,Email,US,control
ORD-005331,2024-04-14,CUST-00001,cust-00001@lumenmail.com,Accessories,2,40.35,0.2,Email,UK,variant
ORD-001741,,,guest@lumenmail.com,Lighting,1,33.99,0.05,Email,AU,control
ORD-006311,2024-01-15,CUST-00857,cust-00857@lumenmail.com,Outdoor,2,38.56,0.15,Paid Search,US,variant
ORD-008812,2024-08-20,CUST-02767,cust-02767@lumenmail.com,Lighting,1,198.31,0.05,Organic,UK,control
ORD-000925,2024-12-01,CUST-01690,cust-01690@lumenmail.com,Lighting,1,19.18,0.1,Social,AU,variant
ORD-004068,20/09/2024,CUST-02327,cust-02327@lumenmail.com,Lighting,2,410.14,0.15,Social,US,
ORD-002759,2023-07-03,CUST-02799,cust-02799@lumenmail.com,Furniture,1,95.17,0.0,Paid Search,US,
ORD-001611,2024-01-28,CUST-02791,cust-02791@lumenmail.com,Lighting,1,68.53,0.0,Organic,UK,variant
ORD-006247,2023-09-19,CUST-01754,cust-01754@lumenmail.com,Décor,1,210.37,0.0,Paid Search,US,variant
ORD-007177,2024-07-25,CUST-02955,cust-02955@lumenmail.com,Furniture,1,167.64,0.1,Organic,US,
ORD-003748,2023-11-08,CUST-00186,cust-00186@lumenmail.com,Accessories,1,22.75,0.05,Email,US,
ORD-005593,2024-07-15,CUST-02152,cust-02152@lumenmail.com,Outdoor,4,99.93,0.0,,ZZ,control
ORD-001691,2024-12-25,CUST-00067,cust-00067@lumenmail.com,Lighting,4,43.97,0.0,Email,US,
ORD-005209,2024-09-11,CUST-01861,cust-01861@lumenmail.com,Lighting,6,423.87,0.0,Email,US,variant
ORD-002080,2024-10-03,CUST-00071,cust-00071@lumenmail.com,Furniture,2,86.74,0.0,Social,US,control
ORD-004909,2024-05-25,CUST-02397,cust-02397@lumenmail.com,Décor,2,24.61,0.0,Organic,US,variant
ORD-004850,2024-06-13,CUST-01459,cust-01459@lumenmail.com,Lighting,1,47.04,0.0,Organic,US,variant
ORD-008459,2023-10-17,CUST-01589,cust-01589@lumenmail.com,Lighting,2,10.93,0.0,Organic,US,
ORD-000922,2023-06-22,CUST-02067,cust-02067@lumenmail.com,Lighting,5,93.25,0.0,Email,US,control
ORD-008286,09/04/2024,CUST-01436,cust-01436@lumenmail.com,Furniture,3,187.43,0.1,Email,US,variant
ORD-003226,2023-12-25,CUST-00225,cust-00225@lumenmail.com,Lighting,3,25.71,0.15,Email,US,
ORD-003527,2024-04-09,CUST-01772,cust-01772@lumenmail.com,Décor,2,28.0,0.0,Email,CA,
ORD-000119,2023-09-21,CUST-02681,cust-02681@lumenmail.com,Décor,5,514.13,0.0,Email,CA,
ORD-009304,02/04/2024,CUST-00143,cust-00143@lumenmail.com,Décor,3,134.42,0.05,Paid Search,US,
ORD-001034,2024-02-04,CUST-00710,cust-00710@lumenmail.com,Accessories,2,91.87,0.2,Social,CA,
ORD-000852,2024-03-24,CUST-00164,cust-00164@lumenmail.com,Lighting,2,45.26,0.0,Paid Search,US,control
ORD-003870,2024-11-15,CUST-01314,cust-01314@lumenmail.com,Décor,1,126.33,0.0,Social,US,control
ORD-000385,2024-01-24,CUST-01494,cust-01494@lumenmail.com,Décor,1,14.08,0.2,Organic,CA,control
ORD-006030,2024-07-15,CUST-02118,cust-02118@lumenmail.com,Décor,1,331.22,0.0,Email,UK,variant
ORD-006205,2023-08-02,CUST-02403,cust-02403@lumenmail.com,Accessories,1,187.31,0.0,Email,US,control
ORD-004252,2024-05-28,CUST-00172,cust-00172@lumenmail.com,Lighting,1,117.6,0.05,Email,US,control
ORD-009247,2023-11-11,CUST-01795,cust-01795@lumenmail.com,Lighting,1,32.65,0.25,Email,UK,variant
ORD-006961,2024-05-18,CUST-01183,cust-01183@lumenmail.com,Lighting,1,235.97,0.15,Paid Search,US,variant
ORD-001468,2024-08-11,CUST-00058,cust-00058@lumenmail.com,Décor,-2,37.32,0.0,Organic,US,variant
ORD-005452,2024-12-02,,guest@lumenmail.com,Outdoor,2,43.65,0.05,Paid Search,UK,variant
ORD-004780,2024-06-02,CUST-00128,cust-00128@lumenmail.com,Lighting,1,74.08,0.25,Email,US,
ORD-008523,2024-01-03,CUST-00528,cust-00528@lumenmail.com,Lighting,4,19.6,0.0,Paid Search,CA,control
ORD-008864,2024-07-23,CUST-01119,cust-01119@lumenmail.com,Furniture,3,75.95,0.1,,CA,variant
ORD-002709,2024-02-28,CUST-00532,cust-00532@lumenmail.com,Lighting,1,443.56,0.1,Paid Search,US,variant
ORD-008439,2024-11-28,CUST-00595,cust-00595@lumenmail.com,Lighting,2,80.67,0.15,Organic,US,
ORD-009448,13/05/2024,,guest@lumenmail.com,Lighting,2,44.19,0.2,Social,US,control
ORD-001751,2023-08-01,CUST-01727,cust-01727@lumenmail.com,Décor,2,469.02,0.1,Organic,US,
ORD-009051,2024-07-17,CUST-01672,cust-01672@lumenmail.com,Accessories,5,49.15,0.0,Email,CA,control
ORD-007503,2024-09-11,CUST-01283,cust-01283@lumenmail.com,Lighting,1,145.25,0.0,,US,
ORD-001720,2024-09-19,CUST-01566,cust-01566@lumenmail.com,Lighting,7,275.0,0.0,Organic,US,control
ORD-009564,2024-07-26,CUST-02526,cust-02526@lumenmail.com,Accessories,1,111.34,0.2,,US,
ORD-001858,2024-08-20,CUST-02436,cust-02436@lumenmail.com,Décor,2,126.61,0.1,Email,US,control
ORD-003895,2024-12-01,,guest@lumenmail.com,Accessories,7,15.98,0.05,Paid Search,CA,
ORD-003575,2024-12-24,CUST-01045,cust-01045@lumenmail.com,Lighting,1,8.24,0.2,Paid Search,US,
ORD-009512,2024-06-13,CUST-02132,cust-02132@lumenmail.com,Furniture,1,89.83,0.0,Organic,US,variant
ORD-001935,2023-09-16,,guest@lumenmail.com,Lighting,3,94.28,0.0,Email,US,
ORD-005987,2024-01-19,CUST-02394,cust-02394@lumenmail.com,Furniture,1,794.18,0.05,Email,US,
ORD-009234,2023-11-19,CUST-02006,cust-02006@lumenmail.com,Lighting,1,97.87,0.05,Paid Search,UK,variant
ORD-008155,2024-03-26,CUST-01649,cust-01649@lumenmail.com,Lighting,4,31.08,0.0,Paid Search,US,
ORD-006924,2024-05-18,CUST-01690,cust-01690@lumenmail.com,Lighting,2,16.0,0.2,Social,CA,
ORD-006590,2024-04-29,CUST-02219,cust-02219@lumenmail.com,Lighting,2,50.13,0.0,Organic,US,control
ORD-009352,2024-08-08,CUST-02648,cust-02648@lumenmail.com,Outdoor,1,47.44,0.1,Paid Search,US,variant
ORD-001762,2024-09-14,CUST-02980,cust-02980@lumenmail.com,Lighting,1,45.25,0.0,,US,variant
ORD-003619,02/12/2024,CUST-01270,cust-01270@lumenmail.com,Décor,1,72.76,0.0,Paid Search,CA,variant
ORD-008054,2024-10-28,,guest@lumenmail.com,Lighting,1,220.66,0.0,Organic,US,variant
ORD-009473,2023-09-16,CUST-01688,cust-01688@lumenmail.com,Outdoor,1,71.12,0.0,Email,ZZ,
ORD-006450,2023-06-14,CUST-02041,cust-02041@lumenmail.com,Furniture,1,99.15,0.1,Organic,US,
ORD-006926,09/09/2024,,guest@lumenmail.com,Furniture,3,32.46,0.0,Email,US,control
ORD-001648,2024-09-11,CUST-01366,cust-01366@lumenmail.com,Lighting,1,48.31,0.05,Social,US,control
ORD-006152,2024-02-07,,guest@lumenmail.com,Lighting,2,264.74,0.2,Email,US,control
ORD-006089,2024-10-19,CUST-02565,cust-02565@lumenmail.com,Furniture,2,157.33,0.2,Paid Search,US,variant
ORD-001969,2024-02-06,CUST-00061,cust-00061@lumenmail.com,Accessories,4,62.96,0.0,Paid Search,CA,variant
ORD-000920,2023-06-20,CUST-02420,cust-02420@lumenmail.com,Outdoor,-2,110.45,0.0,Email,CA,
ORD-003927,2023-10-19,CUST-00149,cust-00149@lumenmail.com,Lighting,3,0.0,0.1,Organic,CA,variant
ORD-008136,2024-03-15,CUST-00971,cust-00971@lumenmail.com,Furniture,1,205.59,0.1,Organic,US,variant
ORD-001671,2023-11-10,CUST-01775,cust-01775@lumenmail.com,Lighting,1,55.22,0.0,Email,US,
ORD-006120,2024-10-05,CUST-00451,cust-00451@lumenmail.com,Outdoor,1,23.23,0.05,Paid Search,US,
ORD-003631,2024-02-08,,guest@lumenmail.com,Furniture,4,62.32,0.1,Email,US,
ORD-008009,2023-12-18,CUST-02966,cust-02966@lumenmail.com,Lighting,1,42.19,0.05,,CA,
ORD-001700,2024-05-15,CUST-01110,cust-01110@lumenmail.com,Furniture,3,318.55,0.0,Organic,US,control
ORD-002706,2023-11-24,CUST-02615,cust-02615@lumenmail.com,Décor,1,112.28,0.15,Organic,US,
ORD-001373,2024-06-23,CUST-00632,cust-00632@lumenmail.com,Lighting,2,22.58,0.05,Social,CA,
ORD-009235,2024-05-15,CUST-01982,cust-01982@lumenmail.com,Décor,1,42.63,0.05,Email,US,variant
ORD-006997,2024-08-01,CUST-02408,cust-02408@lumenmail.com,Outdoor,2,74.65,0.1,Email,US,variant
ORD-000423,2024-07-14,CUST-01327,cust-01327@lumenmail.com,Furniture,2,486.82,0.0,Email,US,variant
ORD-001818,10/09/2024,CUST-01158,cust-01158@lumenmail.com,Furniture,1,150.5,0.0,Email,CA,
ORD-008196,2023-10-15,CUST-00807,cust-00807@lumenmail.com,Lighting,2,75.66,0.1,Paid Search,UK,variant
ORD-000277,2024-07-01,CUST-00851,cust-00851@lumenmail.com,Lighting,2,87.98,0.0,Social,US,
ORD-008456,2024-03-13,CUST-01015,cust-01015@lumenmail.com,Lighting,4,12.82,0.05,Organic,UK,variant
ORD-006346,2024-07-20,CUST-01080,cust-01080@lumenmail.com,Lighting,3,405.42,0.0,Email,US,
ORD-007204,2023-12-14,CUST-02798,cust-02798@lumenmail.com,Lighting,3,722.18,0.0,Social,US,variant
ORD-004976,2023-08-31,CUST-02461,cust-02461@lumenmail.com,Accessories,1,24.96,0.15,Paid Search,CA,
ORD-000301,2024-06-14,CUST-01736,cust-01736@lumenmail.com,Lighting,1,99.43,0.05,Paid Search,US,control
ORD-001417,24/10/2023,CUST-00309,cust-00309@lumenmail.com,Décor,1,240.4,0.15,Paid Search,UK,
ORD-008622,2024-04-22,CUST-02304,cust-02304@lumenmail.com,Lighting,5,367.13,0.0,,US,
ORD-002828,2024-03-30,CUST-01656,cust-01656@lumenmail.com,Outdoor,2,112.96,0.25,Social,CA,
ORD-009195,2024-03-05,CUST-01442,cust-01442@lumenmail.com,Outdoor,2,316.47,0.0,Paid Search,AU,control
ORD-002580,2024-10-09,CUST-02572,cust-02572@lumenmail.com,Décor,1,64.82,0.05,Paid Search,US,variant
ORD-004390,2024-03-12,CUST-00068,cust-00068@lumenmail.com,Accessories,1,33.54,0.0,Email,US,
ORD-004553,2023-09-29,CUST-02930,cust-02930@lumenmail.com,Lighting,-4,131.78,0.2,Email,US,
ORD-007577,2023-07-02,CUST-01835,cust-01835@lumenmail.com,Accessories,3,39.98,0.2,Email,US,variant
ORD-004551,2023-08-13,CUST-01766,cust-01766@lumenmail.com,Lighting,2,64.46,0.0,Email,US,control
ORD-007175,2024-06-18,CUST-02402,cust-02402@lumenmail.com,Décor,2,11.33,0.0,Organic,AU,control
ORD-003111,2024-09-10,CUST-01646,cust-01646@lumenmail.com,Accessories,1,27.43,0.0,Email,CA,control
ORD-007265,2023-08-31,CUST-01196,cust-01196@lumenmail.com,Furniture,2,372.89,0.0,Paid Search,US,control
ORD-003726,2023-10-13,CUST-02358,cust-02358@lumenmail.com,Lighting,4,34.36,0.0,Email,US,
ORD-003256,2023-06-28,CUST-00986,cust-00986@lumenmail.com,Décor,1,6.74,0.1,Paid Search,US,variant
ORD-002931,2023-06-14,CUST-02380,cust-02380@lumenmail.com,Outdoor,3,81.16,0.1,Email,US,variant
ORD-002493,2024-01-14,CUST-00218,cust-00218@lumenmail.com,Furniture,1,27.86,0.1,Email,CA,
ORD-001937,2024-01-20,CUST-00970,cust-00970@lumenmail.com,Lighting,1,70.07,0.0,Paid Search,US,variant
ORD-004200,2024-09-26,CUST-02367,cust-02367@lumenmail.com,Décor,3,175.66,0.0,Social,US,
ORD-005121,2024-03-04,CUST-02001,cust-02001@lumenmail.com,Décor,3,93.34,0.0,,ZZ,variant
ORD-002573,2024-04-27,CUST-01922,cust-01922@lumenmail.com,Furniture,2,168.0,0.0,Social,US,
ORD-000158,2024-05-29,CUST-01395,cust-01395@lumenmail.com,Décor,1,669.31,0.2,Paid Search,US,
ORD-008926,17/09/2023,CUST-01204,cust-01204@lumenmail.com,Outdoor,1,168.41,0.0,Paid Search,UK,control
ORD-001226,2024-07-18,CUST-00223,cust-00223@lumenmail.com,Accessories,2,247.24,0.1,Paid Search,US,variant
ORD-003396,2024-03-24,CUST-00340,cust-00340@lumenmail.com,Décor,2,27.46,0.05,Organic,US,
ORD-003267,2024-09-16,CUST-02432,cust-02432@lumenmail.com,Décor,2,127.6,0.05,Paid Search,UK,
ORD-002187,2024-04-27,CUST-02921,cust-02921@lumenmail.com,Décor,1,102.7,0.2,Paid Search,UK,control
ORD-000307,2023-11-15,CUST-02411,cust-02411@lumenmail.com,Accessories,1,154.64,0.0,Email,US,control
ORD-005806,2023-10-29,CUST-00764,cust-00764@lumenmail.com,Lighting,2,13.41,0.0,Organic,CA,
ORD-000323,2023-09-25,CUST-01251,cust-01251@lumenmail.com,Lighting,1,73.18,0.1,Organic,CA,variant
ORD-000940,2024-03-12,CUST-01154,cust-01154@lumenmail.com,Accessories,1,142.43,0.05,Organic,US,control
ORD-005775,2024-05-17,CUST-00871,cust-00871@lumenmail.com,Furniture,1,564.36,0.15,Social,US,control
ORD-000436,2024-11-02,CUST-02857,cust-02857@lumenmail.com,Décor,2,5.9,0.15,Organic,CA,control
ORD-002944,2024-03-19,CUST-00247,cust-00247@lumenmail.com,Lighting,2,183.99,0.1,Paid Search,US,
ORD-003155,2023-08-28,CUST-00816,cust-00816@lumenmail.com,Décor,2,18.41,0.0,Organic,US,
ORD-007797,2023-06-02,CUST-01497,cust-01497@lumenmail.com,Décor,-1,606.91,0.1,Organic,UK,control
ORD-007305,2023-11-13,CUST-01742,cust-01742@lumenmail.com,Furniture,3,26.69,0.0,Organic,US,variant
ORD-002197,2023-06-22,CUST-00092,cust-00092@lumenmail.com,Lighting,4,79.09,0.0,Organic,ZZ,control
ORD-001728,2024-01-31,CUST-01817,cust-01817@lumenmail.com,Accessories,5,14.59,0.0,Social,CA,
ORD-001551,2024-06-29,,guest@lumenmail.com,Outdoor,5,32.49,0.25,Email,US,variant
ORD-008041,2024-01-13,CUST-00538,cust-00538@lumenmail.com,Décor,1,102.21,0.0,Organic,UK,control
ORD-000358,2024-03-15,CUST-01395,cust-01395@lumenmail.com,Outdoor,3,57.03,0.15,Social,US,
ORD-006359,2024-12-21,,guest@lumenmail.com,Accessories,2,180.87,0.0,Email,US,
ORD-002998,2024-12-26,CUST-02483,cust-02483@lumenmail.com,Décor,1,97.5,0.0,Organic,UK,
ORD-002802,21/09/2023,CUST-01861,cust-01861@lumenmail.com,Lighting,2,35.81,0.0,Paid Search,UK,
ORD-008284,15/05/2024,CUST-00019,cust-00019@lumenmail.com,Lighting,2,187.94,0.05,Organic,ZZ,control
ORD-008474,09/11/2024,CUST-02328,cust-02328@lumenmail.com,Lighting,1,405.13,0.0,Paid Search,US,variant
ORD-002869,2024-05-05,CUST-02853,cust-02853@lumenmail.com,Décor,5,32.29,0.0,,US,
ORD-007714,2023-09-04,CUST-02050,cust-02050@lumenmail.com,Lighting,2,36.69,0.0,Email,US,control
ORD-000515,2024-01-10,CUST-01623,cust-01623@lumenmail.com,Lighting,5,286.73,0.0,Paid Search,UK,variant
ORD-008596,2024-11-16,CUST-00539,cust-00539@lumenmail.com,Lighting,2,284.41,0.0,Social,CA,
ORD-001637,2024-07-07,CUST-00656,cust-00656@lumenmail.com,Furniture,3,10.5,0.0,Paid Search,CA,control
ORD-008340,2024-06-01,CUST-02690,cust-02690@lumenmail.com,Furniture,1,13.89,0.1,Email,CA,control
ORD-002876,2024-12-30,CUST-00089,cust-00089@lumenmail.com,Outdoor,-4,23.71,0.0,Organic,US,variant
ORD-005417,2024-04-05,CUST-00165,cust-00165@lumenmail.com,Décor,1,56.06,0.0,Organic,US,variant
ORD-006681,2023-06-17,CUST-00732,cust-00732@lumenmail.com,Décor,6,173.67,0.0,Organic,US,
ORD-003715,2024-11-08,CUST-01602,cust-01602@lumenmail.com,Furniture,2,17.93,0.15,Social,US,variant
ORD-007982,2024-02-24,,guest@lumenmail.com,Outdoor,1,40.45,0.0,Email,US,variant
ORD-003051,2024-06-06,CUST-01349,cust-01349@lumenmail.com,Outdoor,2,38.52,0.05,Social,US,variant
ORD-001827,12/01/2024,CUST-01955,cust-01955@lumenmail.com,Lighting,2,286.86,0.0,Email,US,control
ORD-000390,2024-05-30,CUST-00418,cust-00418@lumenmail.com,Lighting,5,16.36,0.0,Email,AU,
ORD-002093,2024-10-24,CUST-00165,cust-00165@lumenmail.com,Furniture,1,157.92,0.0,Email,US,variant
ORD-001362,2023-09-07,CUST-01183,cust-01183@lumenmail.com,Lighting,1,163.85,0.0,Email,UK,variant
ORD-005078,2024-08-24,CUST-00270,cust-00270@lumenmail.com,Décor,1,184.61,0.05,Organic,CA,
ORD-006931,2024-07-24,CUST-00890,cust-00890@lumenmail.com,Décor,4,113.61,0.05,Paid Search,US,
ORD-007635,2024-09-20,CUST-02603,cust-02603@lumenmail.com,Lighting,1,19.93,0.05,Social,US,
ORD-006946,18/08/2023,CUST-00759,cust-00759@lumenmail.com,Furniture,6,53.49,0.15,Paid Search,CA,control
ORD-008813,2023-10-07,CUST-01759,cust-01759@lumenmail.com,Lighting,1,265.6,0.05,Paid Search,US,control
ORD-005687,2024-02-18,CUST-02287,cust-02287@lumenmail.com,Lighting,1,127.63,0.0,Paid Search,ZZ,control
ORD-002490,2024-02-02,CUST-00396,cust-00396@lumenmail.com,Lighting,7,98.74,0.2,Organic,US,
ORD-002553,2024-09-29,CUST-02051,cust-02051@lumenmail.com,Lighting,2,46.88,0.1,Organic,AU,control
ORD-005936,2024-10-22,CUST-00009,cust-00009@lumenmail.com,Lighting,1,130.37,0.05,Paid Search,US,control
ORD-001717,2024-08-22,CUST-01771,cust-01771@lumenmail.com,Accessories,1,142.47,0.05,,CA,control
ORD-006161,25/02/2024,CUST-01227,cust-01227@lumenmail.com,Outdoor,3,34.51,0.0,Email,US,control
ORD-002497,2024-01-10,CUST-01496,cust-01496@lumenmail.com,Décor,4,135.93,0.0,Paid Search,US,variant
ORD-009105,2024-09-09,CUST-01826,cust-01826@lumenmail.com,Décor,2,62.75,0.0,Email,US,
ORD-002408,2024-06-07,CUST-00078,cust-00078@lumenmail.com,Décor,6,271.73,0.0,Email,US,control
ORD-002675,2023-12-19,CUST-00826,cust-00826@lumenmail.com,Décor,2,353.76,0.2,Email,US,variant
ORD-000936,2024-04-21,CUST-02279,cust-02279@lumenmail.com,Décor,2,545.76,0.1,Social,US,
ORD-004062,2023-07-22,CUST-02184,cust-02184@lumenmail.com,Lighting,1,160.7,0.0,Paid Search,CA,variant
ORD-006717,2024-12-08,CUST-00646,cust-00646@lumenmail.com,Furniture,7,107.55,0.15,Email,US,
ORD-001548,2024-05-03,CUST-02114,cust-02114@lumenmail.com,Décor,1,233.82,0.0,Organic,US,control
ORD-005820,06/11/2024,CUST-01753,cust-01753@lumenmail.com,Lighting,6,43.29,0.0,Email,CA,
ORD-008122,2023-06-29,CUST-02229,cust-02229@lumenmail.com,Lighting,2,185.34,0.05,Paid Search,US,
ORD-005607,02/07/2024,,guest@lumenmail.com,Lighting,1,7.1,0.0,Organic,UK,control
ORD-008711,2024-10-08,CUST-02527,cust-02527@lumenmail.com,Lighting,1,749.5,0.05,Email,US,variant
ORD-006522,26/12/2024,CUST-01150,cust-01150@lumenmail.com,Lighting,1,273.57,0.05,Paid Search,US,control
ORD-002915,2023-10-04,CUST-01895,cust-01895@lumenmail.com,Lighting,1,138.24,0.25,Email,ZZ,
ORD-007817,2024-08-14,CUST-01296,cust-01296@lumenmail.com,Décor,2,562.88,0.05,Social,UK,
ORD-007272,2023-06-16,CUST-00482,cust-00482@lumenmail.com,Lighting,2,25.77,0.2,Organic,US,variant
ORD-006589,2024-10-18,CUST-00611,cust-00611@lumenmail.com,Lighting,2,71.13,0.2,Email,US,variant
ORD-007354,23/11/2023,CUST-00452,cust-00452@lumenmail.com,Lighting,1,31.21,0.1,Email,CA,control
ORD-003166,2024-05-26,,guest@lumenmail.com,Furniture,3,64.61,0.05,,US,variant
ORD-008256,2024-10-30,CUST-02085,cust-02085@lumenmail.com,Accessories,1,9.24,0.25,Organic,ZZ,variant
ORD-003511,2023-10-28,CUST-01326,cust-01326@lumenmail.com,Décor,1,336.18,0.0,Email,AU,variant
ORD-001797,2024-11-14,CUST-02143,cust-02143@lumenmail.com,Lighting,2,34.79,0.0,Paid Search,US,variant
ORD-003698,2024-10-23,CUST-02029,cust-02029@lumenmail.com,Lighting,2,756.9,0.0,Email,US,
ORD-004506,2023-12-22,CUST-02146,cust-02146@lumenmail.com,Lighting,1,367.05,0.25,Organic,UK,variant
ORD-006731,01/06/2024,CUST-02456,cust-02456@lumenmail.com,Lighting,3,6.64,0.15,Email,US,variant
ORD-009259,2023-10-11,CUST-00233,cust-00233@lumenmail.com,Décor,1,197.49,0.2,Organic,UK,
ORD-000843,2024-10-14,CUST-00611,cust-00611@lumenmail.com,Accessories,6,244.29,0.15,Paid Search,US,variant
ORD-003723,2023-09-08,CUST-02226,cust-02226@lumenmail.com,Furniture,2,68.31,0.05,Organic,US,
ORD-003249,2023-09-05,CUST-02534,cust-02534@lumenmail.com,Décor,1,11.65,0.15,Email,US,control
ORD-009277,28/09/2023,CUST-02415,cust-02415@lumenmail.com,Furniture,2,372.65,0.0,Paid Search,US,variant
ORD-006347,2023-09-21,CUST-00291,cust-00291@lumenmail.com,Outdoor,1,123.26,0.0,Paid Search,US,
ORD-004196,2024-10-24,CUST-01568,cust-01568@lumenmail.com,Décor,7,59.66,0.2,Email,US,control
ORD-007550,2024-04-29,CUST-00967,cust-00967@lumenmail.com,Lighting,2,158.19,0.0,Organic,UK,variant
ORD-008931,2023-11-01,CUST-01739,cust-01739@lumenmail.com,Lighting,2,9.9,0.05,Organic,US,
ORD-003223,2024-11-05,CUST-00380,cust-00380@lumenmail.com,Furniture,1,149.2,0.15,Paid Search,US,variant
ORD-003316,12/11/2023,,guest@lumenmail.com,Furniture,1,179.89,0.1,Paid Search,US,variant
ORD-006026,2024-02-10,CUST-02499,cust-02499@lumenmail.com,Lighting,1,78.62,0.1,Paid Search,US,control
ORD-003585,2024-11-18,CUST-00484,cust-00484@lumenmail.com,Furniture,7,81.73,0.1,,AU,control
ORD-002873,28/09/2023,CUST-00568,cust-00568@lumenmail.com,Furniture,1,137.66,0.0,Email,ZZ,
ORD-002275,2024-08-24,CUST-00712,cust-00712@lumenmail.com,Décor,2,27.35,0.15,Email,CA,control
ORD-006914,2023-12-20,CUST-02461,cust-02461@lumenmail.com,Lighting,2,27.13,0.0,Paid Search,US,
ORD-006092,2024-03-25,CUST-01553,cust-01553@lumenmail.com,Outdoor,1,43.84,0.0,Paid Search,US,
ORD-008033,2023-06-28,CUST-01642,cust-01642@lumenmail.com,Lighting,2,17.03,0.05,Email,US,
ORD-006406,2024-09-06,CUST-01354,cust-01354@lumenmail.com,Outdoor,3,63.16,0.0,Paid Search,US,
ORD-007443,2023-11-03,CUST-00303,cust-00303@lumenmail.com,Outdoor,1,48.13,0.1,Email,US,variant
ORD-003210,2024-06-05,CUST-00568,cust-00568@lumenmail.com,Lighting,1,321.03,0.05,Paid Search,US,
ORD-006908,2023-10-08,CUST-01862,cust-01862@lumenmail.com,Décor,2,82.84,0.0,Social,US,control
ORD-009161,2024-05-30,CUST-00833,cust-00833@lumenmail.com,Furniture,3,366.32,0.05,,US,variant
ORD-000594,2024-05-11,CUST-01789,cust-01789@lumenmail.com,Furniture,1,160.7,0.0,,CA,
ORD-007888,2024-11-05,CUST-02054,cust-02054@lumenmail.com,Furniture,1,19.79,0.1,Social,CA,control
ORD-009505,2024-02-11,CUST-02258,cust-02258@lumenmail.com,Lighting,4,90.21,0.0,Paid Search,UK,variant
ORD-001714,2023-06-07,CUST-02661,cust-02661@lumenmail.com,Furniture,4,18.61,0.0,Email,US,variant
ORD-005266,2023-07-08,CUST-00472,cust-00472@lumenmail.com,Décor,2,775.82,0.0,Email,AU,
ORD-002520,2023-09-16,CUST-01537,cust-01537@lumenmail.com,Décor,2,299.57,0.0,Organic,US,control
ORD-002025,2024-11-29,CUST-01997,cust-01997@lumenmail.com,Outdoor,1,86.13,0.0,Paid Search,UK,
ORD-000485,,CUST-02768,cust-02768@lumenmail.com,Outdoor,6,33.71,0.0,Paid Search,US,
ORD-005292,2024-10-04,CUST-01037,cust-01037@lumenmail.com,Lighting,5,345.01,0.0,Organic,UK,variant
ORD-000855,2024-07-04,CUST-00192,cust-00192@lumenmail.com,Furniture,1,95.37,0.0,Paid Search,US,
ORD-005147,2024-06-10,CUST-02180,cust-02180@lumenmail.com,Décor,2,185.4,0.1,Social,CA,
ORD-003671,2023-12-04,CUST-00875,cust-00875@lumenmail.com,Furniture,2,32.78,0.0,Paid Search,US,control
ORD-003768,2024-04-05,,guest@lumenmail.com,Lighting,4,227.59,0.05,Paid Search,CA,variant
ORD-001600,2023-09-24,CUST-00626,cust-00626@lumenmail.com,Outdoor,4,165.51,0.0,Email,US,control
ORD-002101,2024-05-16,CUST-00767,cust-00767@lumenmail.com,Décor,1,163.36,0.25,Paid Search,US,
ORD-003549,2024-03-03,CUST-01379,cust-01379@lumenmail.com,Accessories,2,102.15,0.0,Social,US,
ORD-000243,22/08/2023,CUST-00171,cust-00171@lumenmail.com,Accessories,1,35.87,0.05,Email,UK,
ORD-003121,2024-05-29,CUST-02615,cust-02615@lumenmail.com,Lighting,1,105.37,0.0,Paid Search,US,variant
ORD-000405,2023-10-09,CUST-02317,cust-02317@lumenmail.com,Décor,1,64.84,0.0,Social,CA,
ORD-007610,2023-11-26,CUST-01160,cust-01160@lumenmail.com,Outdoor,1,168.82,0.0,Email,US,variant
ORD-005358,2023-07-29,CUST-02547,cust-02547@lumenmail.com,Lighting,4,44.22,0.1,,US,control
ORD-001739,2024-01-20,CUST-02379,cust-02379@lumenmail.com,Furniture,1,43.78,0.05,Social,US,control
ORD-007450,2023-07-11,CUST-00181,cust-00181@lumenmail.com,Lighting,2,92.57,0.0,Paid Search,US,control
ORD-009217,2024-11-18,CUST-00496,cust-00496@lumenmail.com,Accessories,2,24.81,0.0,,US,
ORD-006625,23/01/2024,CUST-02258,cust-02258@lumenmail.com,Furniture,1,41.57,0.0,Social,UK,variant
ORD-009242,2024-08-27,CUST-02914,cust-02914@lumenmail.com,Outdoor,2,90.81,0.0,Organic,US,control
ORD-004216,2024-02-02,CUST-02386,cust-02386@lumenmail.com,Lighting,1,389.39,0.15,Organic,US,variant
ORD-004171,2024-12-18,CUST-02793,cust-02793@lumenmail.com,Outdoor,3,33.57,0.2,Organic,ZZ,variant
ORD-003046,22/12/2023,CUST-02229,cust-02229@lumenmail.com,Accessories,3,161.65,0.05,Paid Search,US,control
ORD-001926,2024-04-06,CUST-01104,cust-01104@lumenmail.com,Décor,1,353.24,0.1,Paid Search,US,
ORD-004046,07/11/2023,CUST-00357,cust-00357@lumenmail.com,Décor,2,45.33,0.0,Social,US,
ORD-007334,31/10/2023,CUST-01188,cust-01188@lumenmail.com,Furniture,4,97.3,0.05,Email,US,variant
ORD-008513,2024-11-13,CUST-02406,cust-02406@lumenmail.com,Décor,4,606.48,0.2,Organic,US,variant
ORD-001564,2023-08-16,CUST-01235,cust-01235@lumenmail.com,Décor,5,26.85,0.0,Email,US,variant
ORD-004750,2024-06-09,CUST-02266,cust-02266@lumenmail.com,Lighting,2,37.78,0.1,,US,variant
ORD-009181,07/07/2023,CUST-00460,cust-00460@lumenmail.com,Décor,2,43.45,0.0,Email,US,variant
ORD-009231,22/02/2024,CUST-00823,cust-00823@lumenmail.com,Lighting,7,34.21,0.0,Email,US,control
ORD-005369,2024-03-31,CUST-01149,cust-01149@lumenmail.com,Furniture,2,72.38,0.0,Email,UK,variant
ORD-008199,2023-11-12,CUST-01931,cust-01931@lumenmail.com,Décor,1,14.72,0.25,Paid Search,AU,variant
ORD-005571,2024-11-08,CUST-00429,cust-00429@lumenmail.com,Furniture,1,9.07,0.1,Organic,US,variant
ORD-006251,2024-01-25,CUST-01431,cust-01431@lumenmail.com,Outdoor,3,150.28,0.05,Organic,AU,variant
ORD-006375,2023-06-18,,guest@lumenmail.com,Furniture,1,41.77,0.05,Email,UK,variant
ORD-007929,2024-11-01,CUST-00740,cust-00740@lumenmail.com,Lighting,1,90.97,0.05,Organic,US,
ORD-007744,2024-04-17,CUST-02803,cust-02803@lumenmail.com,Outdoor,2,80.77,0.0,Paid Search,AU,
ORD-004148,2024-02-14,CUST-00233,cust-00233@lumenmail.com,Lighting,4,569.95,0.0,Paid Search,US,
ORD-007545,2023-06-21,CUST-02161,cust-02161@lumenmail.com,Décor,2,162.73,0.0,Email,US,
ORD-005761,2023-09-22,CUST-02297,cust-02297@lumenmail.com,Lighting,2,134.82,0.05,Email,US,variant
ORD-006111,2024-03-02,CUST-01718,cust-01718@lumenmail.com,Furniture,1,47.74,0.0,Email,US,
ORD-004083,2023-07-06,CUST-00190,cust-00190@lumenmail.com,Décor,1,159.15,0.0,Email,US,control
ORD-004406,2023-11-09,CUST-00499,cust-00499@lumenmail.com,Décor,5,211.77,0.05,Paid Search,US,
ORD-002365,2024-07-18,CUST-00544,cust-00544@lumenmail.com,Furniture,1,7.07,0.15,Organic,UK,
ORD-003589,2024-04-08,,guest@lumenmail.com,Lighting,1,79.59,0.0,Organic,CA,
ORD-009083,2024-08-04,CUST-00303,cust-00303@lumenmail.com,Furniture,1,74.65,0.1,Paid Search,US,
ORD-005409,15/08/2024,CUST-02513,cust-02513@lumenmail.com,Outdoor,4,18.28,0.0,Paid Search,US,variant
ORD-007894,2023-07-21,CUST-02717,cust-02717@lumenmail.com,Décor,3,326.08,0.05,Social,AU,control
ORD-002291,2023-07-24,CUST-00947,cust-00947@lumenmail.com,Accessories,2,61.93,0.0,Organic,US,
ORD-003066,2024-05-01,CUST-00016,cust-00016@lumenmail.com,Furniture,1,42.59,0.0,Paid Search,US,control
ORD-004047,2024-11-09,,guest@lumenmail.com,Accessories,1,43.25,0.05,Organic,AU,variant
ORD-009474,2024-08-13,CUST-00697,cust-00697@lumenmail.com,Furniture,7,17.41,0.05,Organic,UK,control
ORD-004890,2024-09-07,CUST-01116,cust-01116@lumenmail.com,Lighting,1,122.93,0.05,Organic,AU,control
ORD-002250,2023-12-24,CUST-00030,cust-00030@lumenmail.com,Lighting,3,184.45,0.05,Email,UK,control
ORD-008189,2024-10-01,,guest@lumenmail.com,Lighting,1,16.5,0.0,Email,UK,variant
ORD-001645,2024-08-16,CUST-01732,cust-01732@lumenmail.com,Furniture,5,85.49,0.0,Organic,UK,
ORD-007056,2024-01-21,CUST-02855,cust-02855@lumenmail.com,Décor,3,15.09,0.0,Email,US,control
ORD-001291,2024-01-30,CUST-01529,cust-01529@lumenmail.com,Décor,1,38.88,0.0,Email,CA,control
ORD-002281,2023-12-19,CUST-00030,cust-00030@lumenmail.com,Accessories,1,10.94,0.0,Organic,CA,control
ORD-004181,2023-06-02,CUST-01497,cust-01497@lumenmail.com,Décor,2,78.39,0.0,Social,US,
ORD-008607,13/12/2024,CUST-01330,cust-01330@lumenmail.com,Lighting,1,136.7,0.05,Paid Search,US,control
ORD-001306,2024-06-27,CUST-02854,cust-02854@lumenmail.com,Lighting,2,196.15,0.2,Social,CA,
ORD-002692,2024-10-12,CUST-02163,cust-02163@lumenmail.com,Lighting,2,70.69,0.0,Paid Search,US,variant
ORD-006085,07/05/2024,CUST-02581,cust-02581@lumenmail.com,Lighting,2,189.49,0.1,Paid Search,US,variant
ORD-005411,2023-09-18,CUST-00916,cust-00916@lumenmail.com,Lighting,1,7.45,0.1,Email,US,variant
ORD-003303,2024-12-27,CUST-01390,cust-01390@lumenmail.com,Furniture,1,63.5,0.15,Paid Search,UK,
ORD-000375,2023-12-30,CUST-01334,cust-01334@lumenmail.com,Furniture,5,118.39,0.0,Paid Search,UK,control
ORD-007523,2024-03-20,CUST-00867,cust-00867@lumenmail.com,Outdoor,4,55.49,0.05,Paid Search,US,control
ORD-004379,2023-08-09,CUST-00931,cust-00931@lumenmail.com,Lighting,1,250.34,0.05,Paid Search,US,control
ORD-001081,05/09/2024,CUST-01061,cust-01061@lumenmail.com,Lighting,2,58.85,0.15,Paid Search,ZZ,
ORD-008688,2024-07-26,CUST-00545,cust-00545@lumenmail.com,Furniture,7,8.7,0.05,Social,US,
ORD-007533,2023-12-11,CUST-02780,cust-02780@lumenmail.com,Outdoor,1,175.64,0.05,Social,US,
ORD-007390,2024-02-03,CUST-00690,cust-00690@lumenmail.com,Furniture,2,136.7,0.0,Paid Search,US,
ORD-006653,2024-04-26,CUST-02193,cust-02193@lumenmail.com,Lighting,1,32.4,0.0,Organic,CA,variant
ORD-007844,2024-02-04,CUST-02487,cust-02487@lumenmail.com,Lighting,2,355.9,0.2,Paid Search,CA,
ORD-003125,2024-06-11,CUST-00596,cust-00596@lumenmail.com,Accessories,1,237.91,0.2,Paid Search,UK,control
ORD-007121,2024-04-19,CUST-02591,cust-02591@lumenmail.com,Décor,3,55.2,0.0,Paid Search,US,variant
ORD-006239,2023-12-02,CUST-02128,cust-02128@lumenmail.com,Lighting,1,67.73,0.1,Email,US,variant
ORD-006113,2024-07-23,CUST-01851,cust-01851@lumenmail.com,Lighting,1,29.91,0.1,Email,US,control
ORD-001067,2023-09-14,CUST-01944,cust-01944@lumenmail.com,Lighting,3,60.33,0.05,Social,US,
ORD-001247,2024-05-08,,guest@lumenmail.com,Furniture,2,89.67,0.0,Email,US,control
ORD-005682,2024-07-15,CUST-00992,cust-00992@lumenmail.com,Furniture,2,94.34,0.0,Social,US,
ORD-005463,2024-04-08,CUST-02117,cust-02117@lumenmail.com,Décor,1,46.25,0.05,Paid Search,US,control
ORD-008391,2024-02-09,CUST-00502,cust-00502@lumenmail.com,Lighting,1,126.93,0.05,Social,AU,control
ORD-002974,2024-09-14,CUST-00263,cust-00263@lumenmail.com,Décor,4,367.94,0.0,Organic,US,
ORD-009022,2023-09-06,CUST-02502,cust-02502@lumenmail.com,Lighting,1,148.88,0.2,Social,CA,variant
ORD-001045,2024-09-09,CUST-00781,cust-00781@lumenmail.com,Lighting,1,73.15,0.2,Paid Search,US,control
ORD-007770,2024-02-03,CUST-01397,cust-01397@lumenmail.com,Décor,3,109.67,0.0,Paid Search,CA,control
ORD-006747,2023-06-17,CUST-01171,cust-01171@lumenmail.com,Lighting,1,169.52,0.0,Paid Search,US,control
ORD-008495,2024-03-05,CUST-02067,cust-02067@lumenmail.com,Lighting,1,86.73,0.0,Email,US,control
ORD-003315,2024-08-11,CUST-00142,cust-00142@lumenmail.com,Furniture,1,62.92,0.0,Organic,CA,
ORD-000935,2023-08-25,CUST-01096,cust-01096@lumenmail.com,Lighting,-2,7.46,0.2,Paid Search,UK,control
ORD-005522,2024-09-26,,guest@lumenmail.com,Lighting,2,32.61,0.0,Paid Search,US,
ORD-003357,2024-07-14,CUST-00048,cust-00048@lumenmail.com,Lighting,1,82.18,0.2,Paid Search,UK,variant
ORD-003529,2024-09-23,CUST-00338,cust-00338@lumenmail.com,Lighting,3,48.32,0.0,Email,US,control
ORD-000773,2023-12-19,CUST-02677,cust-02677@lumenmail.com,Outdoor,1,274.19,0.0,Email,UK,variant
ORD-007629,27/03/2024,CUST-02616,cust-02616@lumenmail.com,Outdoor,1,246.49,0.05,Email,UK,
ORD-005606,2024-05-09,CUST-02289,cust-02289@lumenmail.com,Lighting,2,36.1,0.0,Email,CA,
ORD-005343,2023-12-14,CUST-01732,cust-01732@lumenmail.com,Lighting,3,361.12,0.1,Social,CA,control
ORD-002867,2023-07-11,CUST-00246,cust-00246@lumenmail.com,Outdoor,1,13.15,0.0,Organic,CA,control
ORD-003266,2024-06-13,CUST-01386,cust-01386@lumenmail.com,Accessories,3,199.05,0.0,Social,AU,variant
ORD-005686,2024-10-09,CUST-01935,cust-01935@lumenmail.com,Furniture,1,52.85,0.05,,US,
ORD-002531,16/02/2024,CUST-02687,cust-02687@lumenmail.com,Outdoor,3,790.38,0.1,Organic,AU,control
ORD-000558,2024-03-04,CUST-00906,cust-00906@lumenmail.com,Accessories,1,32.93,0.0,Paid Search,AU,
ORD-004613,2024-10-01,CUST-00178,cust-00178@lumenmail.com,Furniture,1,71.21,0.15,Paid Search,US,variant
ORD-009266,2024-09-20,CUST-02224,cust-02224@lumenmail.com,Décor,3,156.41,0.1,Paid Search,US,control
ORD-004142,21/10/2023,CUST-02572,cust-02572@lumenmail.com,Furniture,1,28.2,0.25,Paid Search,AU,variant
ORD-009251,2024-07-02,CUST-02139,cust-02139@lumenmail.com,Lighting,2,92.91,0.1,Social,US,
ORD-007819,2024-12-04,CUST-02128,cust-02128@lumenmail.com,Outdoor,1,6.99,0.0,Social,UK,
ORD-002695,2024-01-23,CUST-02503,cust-02503@lumenmail.com,Outdoor,1,5.19,0.0,Email,US,control
ORD-000930,2023-10-28,CUST-02217,cust-02217@lumenmail.com,Décor,1,43.02,0.2,Paid Search,US,
ORD-001508,2023-10-13,CUST-02239,cust-02239@lumenmail.com,Lighting,4,16.68,0.0,Email,AU,variant
ORD-004129,2024-05-07,CUST-00872,cust-00872@lumenmail.com,Accessories,5,33.63,0.0,Paid Search,US,
ORD-005234,2024-09-17,CUST-01391,cust-01391@lumenmail.com,Furniture,2,47.9,0.1,Organic,CA,
ORD-007080,2024-05-05,CUST-00810,cust-00810@lumenmail.com,Lighting,2,123.08,0.05,Email,US,
ORD-006735,01/11/2024,CUST-02669,cust-02669@lumenmail.com,Décor,1,203.56,0.0,Organic,CA,
ORD-006939,2024-03-10,CUST-01291,cust-01291@lumenmail.com,Outdoor,1,15.34,0.0,Email,US,control
ORD-006153,23/06/2023,CUST-02654,cust-02654@lumenmail.com,Accessories,5,22.82,0.05,Social,UK,variant
ORD-001290,2023-12-27,CUST-02007,cust-02007@lumenmail.com,Lighting,1,308.79,0.05,Paid Search,US,variant
ORD-008415,03/12/2023,CUST-01111,cust-01111@lumenmail.com,Furniture,1,70.23,0.0,Organic,UK,
ORD-009049,2024-01-21,CUST-01182,cust-01182@lumenmail.com,Décor,4,35.62,0.0,Organic,US,variant
ORD-006414,10/04/2024,CUST-01305,cust-01305@lumenmail.com,Décor,2,109.58,0.05,Email,ZZ,
ORD-008159,2024-08-07,CUST-02870,cust-02870@lumenmail.com,Lighting,1,30.99,0.25,Organic,UK,control
ORD-001596,2024-06-13,CUST-00319,cust-00319@lumenmail.com,Lighting,2,83.94,0.0,Paid Search,US,
ORD-003536,06/12/2023,CUST-01257,cust-01257@lumenmail.com,Furniture,1,192.32,0.05,Paid Search,US,control
ORD-003960,2024-11-05,CUST-00536,cust-00536@lumenmail.com,Lighting,2,126.51,0.0,Social,US,
ORD-008393,2024-12-03,CUST-01695,cust-01695@lumenmail.com,Accessories,2,65.15,0.05,,US,control
ORD-008666,2024-01-08,CUST-01778,cust-01778@lumenmail.com,Décor,2,582.25,0.0,Paid Search,UK,variant
ORD-001227,2023-08-22,CUST-00762,cust-00762@lumenmail.com,Lighting,1,65.6,0.1,Organic,UK,variant
ORD-002740,2024-04-30,CUST-01612,cust-01612@lumenmail.com,Lighting,1,26.61,0.2,Social,US,
ORD-002252,15/06/2023,CUST-00663,cust-00663@lumenmail.com,Décor,3,15.03,0.0,Social,CA,variant
ORD-004050,07/08/2024,CUST-00954,cust-00954@lumenmail.com,Lighting,2,219.76,0.0,Paid Search,US,control
ORD-008610,2024-09-21,CUST-02008,cust-02008@lumenmail.com,Décor,4,368.67,0.05,Social,US,control
ORD-004653,2023-10-11,CUST-00647,cust-00647@lumenmail.com,Lighting,1,113.13,0.05,Email,US,control
ORD-000648,19/07/2024,CUST-02439,cust-02439@lumenmail.com,Lighting,3,14.38,0.0,,US,control
ORD-006670,2023-12-13,CUST-02281,cust-02281@lumenmail.com,Lighting,2,177.22,0.0,Organic,CA,control
ORD-007448,2023-06-01,CUST-00287,cust-00287@lumenmail.com,Lighting,1,141.85,0.05,Paid Search,US,control
ORD-006920,2023-06-09,CUST-02197,cust-02197@lumenmail.com,Lighting,2,54.53,0.0,Email,AU,variant
ORD-001476,2023-11-28,CUST-02566,cust-02566@lumenmail.com,Décor,3,378.25,0.0,Email,CA,
ORD-009338,2024-07-21,CUST-01448,cust-01448@lumenmail.com,Outdoor,1,108.48,0.15,Paid Search,US,variant
ORD-005285,2024-06-22,CUST-00505,cust-00505@lumenmail.com,Lighting,2,72.64,0.05,Paid Search,UK,variant
ORD-009011,2024-07-14,CUST-00029,cust-00029@lumenmail.com,Accessories,1,365.9,0.0,Email,US,control
ORD-008656,2024-05-06,CUST-00476,cust-00476@lumenmail.com,Furniture,-5,59.66,0.1,Social,US,variant
ORD-005261,2024-09-21,CUST-00557,cust-00557@lumenmail.com,Furniture,2,80.52,0.15,Paid Search,UK,
ORD-003931,2024-11-19,CUST-00360,cust-00360@lumenmail.com,Accessories,1,43.67,0.0,Email,US,
ORD-007432,2024-06-10,CUST-00147,cust-00147@lumenmail.com,Décor,1,104.12,0.2,Email,US,
ORD-004730,2024-06-16,CUST-00891,cust-00891@lumenmail.com,Lighting,2,57.06,0.2,Organic,CA,variant
ORD-009111,2024-09-10,CUST-02775,cust-02775@lumenmail.com,Décor,5,83.38,0.0,Email,CA,
ORD-005309,2024-05-06,CUST-02506,cust-02506@lumenmail.com,Lighting,1,144.39,0.25,Social,ZZ,
ORD-009334,2024-08-29,CUST-01224,cust-01224@lumenmail.com,Lighting,1,168.92,0.0,Paid Search,CA,
ORD-005626,2023-08-30,CUST-00983,cust-00983@lumenmail.com,Lighting,1,41.64,0.1,Organic,US,control
ORD-007881,2023-06-28,CUST-00371,cust-00371@lumenmail.com,Furniture,1,57.42,0.0,Paid Search,US,variant
ORD-007318,2024-03-26,CUST-01578,cust-01578@lumenmail.com,Lighting,1,30.22,0.1,Email,US,
ORD-003190,2024-05-31,CUST-02590,cust-02590@lumenmail.com,Accessories,3,87.2,0.0,Paid Search,CA,variant
ORD-004839,2023-12-03,CUST-02521,cust-02521@lumenmail.com,Lighting,2,49.8,0.0,Paid Search,US,
ORD-008830,,,guest@lumenmail.com,Décor,2,729.61,0.05,Social,UK,variant
ORD-002240,2024-04-08,CUST-01831,cust-01831@lumenmail.com,Furniture,1,61.24,0.0,Email,US,
ORD-007143,2024-09-19,CUST-02558,cust-02558@lumenmail.com,Lighting,3,124.05,0.1,Organic,US,
ORD-008213,2024-12-19,CUST-00267,cust-00267@lumenmail.com,Accessories,6,129.03,0.2,Social,CA,
ORD-003881,2024-04-16,,guest@lumenmail.com,Lighting,1,85.96,0.0,Social,US,variant
ORD-006388,03/08/2024,CUST-02585,cust-02585@lumenmail.com,Lighting,1,35.64,0.2,Paid Search,CA,
ORD-004242,2023-11-16,CUST-00441,cust-00441@lumenmail.com,Furniture,1,74.37,0.0,Email,UK,variant
ORD-007842,2024-07-26,CUST-01620,cust-01620@lumenmail.com,Outdoor,7,15.49,0.0,Social,ZZ,variant
ORD-005594,09/05/2024,CUST-00372,cust-00372@lumenmail.com,Décor,1,35.76,0.0,Email,US,
ORD-001009,2024-12-22,CUST-01036,cust-01036@lumenmail.com,Outdoor,1,25.24,0.0,Paid Search,US,
ORD-009101,2024-11-17,CUST-00427,cust-00427@lumenmail.com,Lighting,2,96.7,0.0,Paid Search,US,control
ORD-006491,2024-01-24,CUST-02415,cust-02415@lumenmail.com,Lighting,6,12.03,0.0,Paid Search,US,control
ORD-004970,2023-07-26,CUST-01683,cust-01683@lumenmail.com,Accessories,1,125.67,0.0,Email,US,control
ORD-006140,2024-03-02,CUST-01826,cust-01826@lumenmail.com,Décor,1,63.69,0.0,Email,US,control
ORD-006748,25/08/2024,CUST-02589,cust-02589@lumenmail.com,Lighting,3,180.05,0.05,Paid Search,US,variant
ORD-003979,2024-02-05,CUST-00922,cust-00922@lumenmail.com,Lighting,2,23.4,0.0,Paid Search,US,control
ORD-007166,2024-09-29,CUST-00255,cust-00255@lumenmail.com,Outdoor,2,162.43,0.0,Social,AU,
ORD-008171,2024-04-27,CUST-02440,cust-02440@lumenmail.com,Accessories,2,384.5,0.0,Email,US,control
ORD-000479,2024-11-16,CUST-00901,cust-00901@lumenmail.com,Outdoor,2,219.05,0.1,Paid Search,US,
ORD-006313,2023-11-15,CUST-02647,cust-02647@lumenmail.com,Décor,1,18.96,0.05,Email,US,
ORD-003909,18/10/2024,CUST-01108,cust-01108@lumenmail.com,Lighting,2,35.81,0.0,,US,control
ORD-004281,2024-09-05,CUST-01007,cust-01007@lumenmail.com,Lighting,1,119.42,0.0,Paid Search,US,control
ORD-000468,2024-08-16,CUST-00057,cust-00057@lumenmail.com,Lighting,1,73.05,0.1,Social,CA,control
ORD-003150,04/06/2023,CUST-00826,cust-00826@lumenmail.com,Décor,2,13.42,0.05,Organic,US,
ORD-004942,11/09/2023,CUST-02442,cust-02442@lumenmail.com,Décor,1,59.45,0.05,Paid Search,UK,variant
ORD-004509,2024-08-03,CUST-02322,cust-02322@lumenmail.com,Lighting,4,41.13,0.1,Paid Search,US,
ORD-008106,2024-04-02,CUST-00267,cust-00267@lumenmail.com,Décor,1,495.98,0.0,,US,
ORD-006207,2024-01-27,CUST-00758,cust-00758@lumenmail.com,Furniture,1,36.75,0.0,Organic,UK,
ORD-008697,2023-07-26,CUST-02606,cust-02606@lumenmail.com,Lighting,1,26.83,0.0,Social,CA,
ORD-002854,2023-07-07,CUST-02455,cust-02455@lumenmail.com,Lighting,3,782.28,0.0,Organic,US,control
ORD-009495,09/06/2023,CUST-01519,cust-01519@lumenmail.com,Furniture,4,145.75,0.25,Paid Search,US,variant
ORD-003794,2024-11-04,CUST-01579,cust-01579@lumenmail.com,Décor,1,35.73,0.0,Paid Search,US,
ORD-006754,2024-12-17,CUST-01961,cust-01961@lumenmail.com,Furniture,2,78.71,0.05,Social,UK,control
ORD-002402,2024-12-06,CUST-00910,cust-00910@lumenmail.com,Décor,4,110.72,0.0,Email,US,variant
ORD-004985,2024-07-20,CUST-02327,cust-02327@lumenmail.com,Lighting,1,559.5,0.2,Organic,US,
ORD-004966,2024-01-31,CUST-02233,cust-02233@lumenmail.com,Décor,4,33.89,0.0,Paid Search,AU,variant
ORD-000597,2023-12-06,CUST-00094,cust-00094@lumenmail.com,Furniture,-3,0.0,0.2,Email,US,
ORD-007270,2024-09-04,CUST-02797,cust-02797@lumenmail.com,Décor,1,42.43,0.1,Organic,CA,control
ORD-009544,25/08/2024,CUST-01415,cust-01415@lumenmail.com,Lighting,1,23.53,0.0,Paid Search,CA,control
ORD-003974,2023-12-29,CUST-02005,cust-02005@lumenmail.com,Furniture,1,144.05,0.25,Paid Search,US,variant
ORD-005377,2024-06-17,CUST-02613,cust-02613@lumenmail.com,Décor,-1,69.33,0.0,Email,CA,variant
ORD-001740,2024-05-03,CUST-00122,cust-00122@lumenmail.com,Accessories,1,63.63,0.0,Organic,US,variant
ORD-006434,2024-03-03,CUST-01977,cust-01977@lumenmail.com,Furniture,1,231.09,0.15,Email,US,control
ORD-003811,2023-06-29,CUST-02204,cust-02204@lumenmail.com,Décor,1,693.25,0.1,Paid Search,US,variant
ORD-002776,2024-03-26,CUST-00577,cust-00577@lumenmail.com,Décor,4,165.75,0.05,Email,US,control
ORD-006156,2023-12-02,CUST-00263,cust-00263@lumenmail.com,Accessories,1,59.67,0.05,Paid Search,CA,
ORD-009288,22/10/2023,CUST-01049,cust-01049@lumenmail.com,Lighting,3,113.39,0.0,Paid Search,CA,control
ORD-000263,10/07/2023,,guest@lumenmail.com,Accessories,4,55.08,0.0,Social,CA,variant
ORD-005952,2023-08-24,CUST-02201,cust-02201@lumenmail.com,Accessories,2,41.77,0.1,Email,AU,control
ORD-005621,10/12/2024,CUST-02814,cust-02814@lumenmail.com,Décor,1,43.96,0.1,Email,US,control
ORD-000647,15/08/2024,CUST-00350,cust-00350@lumenmail.com,Lighting,2,187.85,0.15,Social,CA,variant
ORD-004833,2023-11-10,CUST-01310,cust-01310@lumenmail.com,Accessories,1,173.72,0.0,Organic,CA,
ORD-007999,2024-06-10,CUST-01848,cust-01848@lumenmail.com,Outdoor,4,16.68,0.05,Paid Search,US,variant
ORD-008108,2023-12-13,CUST-02019,cust-02019@lumenmail.com,Lighting,1,45.04,0.1,Paid Search,US,control
ORD-007672,2024-09-24,CUST-00173,cust-00173@lumenmail.com,Décor,3,38.79,0.05,Paid Search,UK,
ORD-008712,2024-02-20,CUST-01053,cust-01053@lumenmail.com,Décor,2,81.94,0.05,Email,US,
ORD-005025,17/05/2024,CUST-00865,cust-00865@lumenmail.com,Lighting,5,98.26,0.0,Paid Search,US,variant
ORD-007415,2023-11-19,CUST-02880,cust-02880@lumenmail.com,Lighting,4,42.5,0.05,Email,US,variant
ORD-004087,2024-03-26,CUST-00784,cust-00784@lumenmail.com,Furniture,1,107.42,0.0,Social,US,variant
ORD-002135,11/09/2024,CUST-00920,cust-00920@lumenmail.com,Lighting,1,92.43,0.0,Social,US,control
ORD-000160,2023-07-06,,guest@lumenmail.com,Outdoor,2,195.9,0.05,Social,US,variant
ORD-005177,2023-08-27,CUST-01020,cust-01020@lumenmail.com,Décor,1,69.21,0.15,Paid Search,AU,control
ORD-008719,2023-07-28,CUST-02194,cust-02194@lumenmail.com,Outdoor,1,78.33,0.2,Paid Search,US,control
ORD-006639,08/10/2023,CUST-02339,cust-02339@lumenmail.com,Lighting,1,98.64,0.0,Paid Search,US,
ORD-004243,2023-11-19,CUST-02877,cust-02877@lumenmail.com,Outdoor,1,15.3,0.0,Paid Search,US,
ORD-000294,2023-12-27,CUST-02255,cust-02255@lumenmail.com,Décor,1,41.79,0.2,Email,CA,variant
ORD-004926,29/06/2024,CUST-02922,cust-02922@lumenmail.com,Lighting,1,37.15,0.0,Social,UK,control
ORD-007765,04/06/2023,CUST-00086,cust-00086@lumenmail.com,Accessories,2,48.9,0.15,Paid Search,CA,control
ORD-001549,2024-04-16,,guest@lumenmail.com,Outdoor,1,18.55,0.0,Paid Search,US,control
ORD-003238,2024-08-22,CUST-02648,cust-02648@lumenmail.com,Outdoor,1,17.9,0.0,Organic,US,
ORD-005922,2024-06-23,CUST-01524,cust-01524@lumenmail.com,Décor,1,70.66,0.1,Social,US,variant
ORD-001516,2024-06-22,CUST-02893,cust-02893@lumenmail.com,Outdoor,2,21.76,0.0,Social,US,
ORD-003344,2023-11-18,CUST-00251,cust-00251@lumenmail.com,Furniture,2,120.14,0.1,Paid Search,US,control
ORD-006915,17/01/2024,CUST-00290,cust-00290@lumenmail.com,Lighting,-4,32.43,0.05,Paid Search,US,control
ORD-007972,2024-12-24,CUST-02185,cust-02185@lumenmail.com,Lighting,2,26.02,0.0,Social,US,variant
ORD-005456,2023-07-19,CUST-00890,cust-00890@lumenmail.com,Décor,1,125.85,0.0,Email,US,variant
ORD-004893,10/07/2024,CUST-02375,cust-02375@lumenmail.com,Lighting,5,769.32,0.1,Paid Search,US,
ORD-003031,2023-09-19,CUST-02050,cust-02050@lumenmail.com,Furniture,7,621.1,0.2,Organic,US,control
ORD-005646,2023-09-19,CUST-01601,cust-01601@lumenmail.com,Lighting,3,779.91,0.0,Email,US,
ORD-003584,24/09/2023,CUST-01812,cust-01812@lumenmail.com,Lighting,1,47.11,0.0,,CA,control
ORD-003384,2023-07-05,CUST-02736,cust-02736@lumenmail.com,Lighting,2,104.76,0.0,Social,UK,
ORD-003914,14/08/2023,CUST-00709,cust-00709@lumenmail.com,Lighting,-3,31.45,0.05,Email,US,
ORD-004684,2024-09-08,CUST-01001,cust-01001@lumenmail.com,Lighting,2,70.96,0.05,Social,AU,
ORD-004699,2024-05-15,,guest@lumenmail.com,Lighting,1,92.65,0.05,Email,UK,variant
ORD-000458,05/12/2023,CUST-02280,cust-02280@lumenmail.com,Lighting,1,103.05,0.0,Organic,US,control
ORD-008210,2024-02-25,CUST-01436,cust-01436@lumenmail.com,Décor,1,136.41,0.0,Paid Search,US,
ORD-006830,2023-12-05,CUST-00016,cust-00016@lumenmail.com,Accessories,1,515.81,0.2,Paid Search,UK,variant
ORD-008920,2024-05-22,CUST-00838,cust-00838@lumenmail.com,Décor,1,167.06,0.05,Email,UK,control
ORD-002792,13/02/2024,CUST-00365,cust-00365@lumenmail.com,Furniture,3,177.98,0.0,Email,UK,
ORD-002059,2024-10-02,CUST-02889,cust-02889@lumenmail.com,Outdoor,4,97.14,0.0,Email,CA,
ORD-007806,,CUST-00860,cust-00860@lumenmail.com,Furniture,2,28.75,0.1,Organic,US,control
ORD-003244,2023-06-19,CUST-02776,cust-02776@lumenmail.com,Décor,1,135.41,0.05,Email,US,
ORD-008832,2024-01-01,CUST-01148,cust-01148@lumenmail.com,Lighting,2,27.69,0.1,Paid Search,US,variant
ORD-001142,2024-12-28,CUST-00840,cust-00840@lumenmail.com,Lighting,1,647.0,0.0,Paid Search,US,control
ORD-003405,2023-08-08,CUST-01975,cust-01975@lumenmail.com,Lighting,1,29.28,0.1,Social,US,control
ORD-002368,2024-11-13,CUST-00236,cust-00236@lumenmail.com,Furniture,1,136.28,0.05,Paid Search,US,variant
ORD-004040,15/12/2023,,guest@lumenmail.com,Décor,2,31.59,0.0,Paid Search,US,
ORD-008986,2023-06-11,CUST-00625,cust-00625@lumenmail.com,Outdoor,1,24.31,0.0,Paid Search,US,variant
ORD-003228,,CUST-02296,cust-02296@lumenmail.com,Furniture,1,770.33,0.0,Organic,CA,
ORD-006568,2023-10-19,CUST-01963,cust-01963@lumenmail.com,Outdoor,5,89.22,0.05,Paid Search,US,variant
ORD-003813,2024-05-03,CUST-00886,cust-00886@lumenmail.com,Lighting,1,708.2,0.1,Paid Search,CA,variant
ORD-003987,2023-11-07,CUST-00268,cust-00268@lumenmail.com,Accessories,4,58.83,0.0,Social,US,control
ORD-007019,2024-06-17,CUST-02130,cust-02130@lumenmail.com,Furniture,1,625.71,0.25,Email,US,
ORD-001825,2023-11-07,CUST-01247,cust-01247@lumenmail.com,Accessories,3,43.09,0.1,Email,CA,
ORD-008691,2024-11-17,CUST-02718,cust-02718@lumenmail.com,Décor,2,217.95,0.1,Organic,CA,control
ORD-007783,2024-10-07,CUST-00275,cust-00275@lumenmail.com,Lighting,5,8.4,0.1,Paid Search,US,control
ORD-005595,2024-06-27,CUST-00461,cust-00461@lumenmail.com,Accessories,1,70.77,0.0,Paid Search,US,variant
ORD-008736,2023-07-02,CUST-01959,cust-01959@lumenmail.com,Accessories,3,84.92,0.0,Email,US,
ORD-000577,2024-12-30,CUST-01060,cust-01060@lumenmail.com,Décor,1,781.31,0.1,Organic,US,control
ORD-001114,2023-07-09,CUST-02938,cust-02938@lumenmail.com,Lighting,1,13.83,0.0,Paid Search,UK,variant
ORD-006910,2024-03-08,CUST-02269,cust-02269@lumenmail.com,Décor,-1,29.35,0.0,Paid Search,US,
ORD-005966,2024-12-21,CUST-02851,cust-02851@lumenmail.com,Furniture,1,80.03,0.0,Email,CA,variant
ORD-002401,2024-05-14,CUST-01412,cust-01412@lumenmail.com,Décor,3,84.45,0.0,,US,variant
ORD-007560,2024-08-04,CUST-02940,cust-02940@lumenmail.com,Accessories,3,32.16,0.25,Email,US,control
ORD-008026,2023-09-03,CUST-02560,cust-02560@lumenmail.com,Furniture,4,35.28,0.25,Email,CA,
ORD-000932,2024-04-21,CUST-00941,cust-00941@lumenmail.com,Lighting,2,58.17,0.0,Paid Search,US,
ORD-008647,2023-06-05,CUST-02472,cust-02472@lumenmail.com,Furniture,5,68.78,0.0,Organic,US,control
ORD-004297,2023-11-07,CUST-00653,cust-00653@lumenmail.com,Outdoor,1,24.42,0.0,Email,US,
ORD-000702,2023-09-07,CUST-02109,cust-02109@lumenmail.com,Outdoor,3,291.38,0.0,Email,US,variant
ORD-008673,2024-09-09,CUST-02383,cust-02383@lumenmail.com,Lighting,3,183.13,0.0,Email,UK,variant
ORD-001992,2023-11-07,,guest@lumenmail.com,Lighting,1,18.19,0.0,Email,US,
ORD-001013,2023-07-22,CUST-01460,cust-01460@lumenmail.com,Accessories,1,109.5,0.0,Paid Search,AU,variant
ORD-001687,2024-05-30,CUST-02731,cust-02731@lumenmail.com,Lighting,2,136.91,0.0,Paid Search,CA,
ORD-000071,2023-08-21,CUST-01379,cust-01379@lumenmail.com,Furniture,3,55.36,0.2,Email,US,
ORD-002355,07/04/2024,CUST-00376,cust-00376@lumenmail.com,Furniture,4,242.04,0.15,Paid Search,UK,
ORD-005109,12/11/2024,CUST-01680,cust-01680@lumenmail.com,Lighting,1,193.22,0.0,Social,US,
ORD-009586,2023-10-22,CUST-02721,cust-02721@lumenmail.com,Lighting,4,743.12,0.0,Paid Search,US,
ORD-003614,2023-06-03,CUST-02944,cust-02944@lumenmail.com,Outdoor,3,53.14,0.1,Social,CA,
ORD-009330,28/06/2023,CUST-02880,cust-02880@lumenmail.com,Lighting,1,32.74,0.1,Paid Search,US,control
ORD-003875,2024-04-22,CUST-01991,cust-01991@lumenmail.com,Outdoor,3,91.51,0.1,Email,US,variant
ORD-005811,2024-10-04,CUST-01924,cust-01924@lumenmail.com,Lighting,4,114.76,0.0,Paid Search,UK,control
ORD-008134,2024-05-20,CUST-01572,cust-01572@lumenmail.com,Lighting,1,351.01,0.0,Organic,UK,
ORD-001792,2024-03-27,CUST-00797,cust-00797@lumenmail.com,Outdoor,1,78.53,0.1,Email,CA,control
ORD-002347,10/12/2023,CUST-02552,cust-02552@lumenmail.com,Décor,3,6.65,0.2,Email,US,control
ORD-004260,06/11/2023,CUST-01730,cust-01730@lumenmail.com,Décor,1,184.09,0.15,Paid Search,US,control
ORD-005653,2023-10-04,CUST-01921,cust-01921@lumenmail.com,Lighting,1,53.19,0.15,Email,US,control
ORD-003286,2024-01-24,CUST-01611,cust-01611@lumenmail.com,Outdoor,1,15.53,0.0,Social,US,variant
ORD-007609,10/01/2024,CUST-02413,cust-02413@lumenmail.com,Décor,1,36.23,0.0,Paid Search,US,variant
ORD-008440,2024-02-22,CUST-02085,cust-02085@lumenmail.com,Outdoor,1,98.13,0.0,Social,US,variant
ORD-006870,2024-10-24,CUST-01865,cust-01865@lumenmail.com,Lighting,7,84.96,0.0,Email,US,
ORD-006738,2023-09-06,CUST-01225,cust-01225@lumenmail.com,Accessories,2,94.05,0.15,Organic,CA,
ORD-003560,2024-11-11,,guest@lumenmail.com,Accessories,1,10.02,0.0,Email,UK,variant
ORD-006437,2024-12-17,CUST-02429,cust-02429@lumenmail.com,Accessories,1,56.66,0.0,Social,AU,
ORD-007495,25/07/2023,CUST-02334,cust-02334@lumenmail.com,Outdoor,2,46.71,0.0,Organic,US,
ORD-009305,2024-09-15,CUST-01582,cust-01582@lumenmail.com,Lighting,2,382.71,0.0,Paid Search,US,
ORD-001931,06/08/2024,CUST-01004,cust-01004@lumenmail.com,Décor,1,128.88,0.1,Email,US,
ORD-007057,2024-09-10,CUST-00945,cust-00945@lumenmail.com,Décor,1,31.19,0.0,Paid Search,US,
ORD-005374,2024-10-23,CUST-01664,cust-01664@lumenmail.com,Outdoor,1,363.04,0.0,Organic,US,variant
ORD-008792,2024-01-30,CUST-02402,cust-02402@lumenmail.com,Décor,4,266.49,0.0,Email,US,control
ORD-007353,2023-12-14,CUST-00299,cust-00299@lumenmail.com,Lighting,1,82.68,0.0,Email,US,control
ORD-000711,2023-08-28,,guest@lumenmail.com,Décor,1,28.84,0.0,Paid Search,US,
ORD-000298,2023-06-14,CUST-02732,cust-02732@lumenmail.com,Lighting,1,313.35,0.1,Social,US,control
ORD-006265,2024-06-17,CUST-02394,cust-02394@lumenmail.com,Accessories,4,45.03,0.0,Organic,US,
ORD-007860,2024-05-28,CUST-02384,cust-02384@lumenmail.com,Furniture,3,267.0,0.0,,US,control
ORD-006363,2023-06-15,CUST-01188,cust-01188@lumenmail.com,Lighting,3,171.66,0.0,Paid Search,US,variant
ORD-009144,2024-06-03,CUST-01302,cust-01302@lumenmail.com,Accessories,4,396.2,0.0,Email,CA,
ORD-007276,2024-04-11,CUST-02680,cust-02680@lumenmail.com,Accessories,1,46.7,0.0,Organic,ZZ,control
ORD-001934,2023-09-08,CUST-02506,cust-02506@lumenmail.com,Lighting,4,17.13,0.05,Email,US,
ORD-002733,2023-11-16,CUST-01520,cust-01520@lumenmail.com,Lighting,1,17.56,0.1,Social,US,control
ORD-000401,2024-10-17,CUST-00175,cust-00175@lumenmail.com,Lighting,2,71.44,0.0,Paid Search,US,
ORD-003162,2024-03-24,CUST-01990,cust-01990@lumenmail.com,Lighting,1,166.69,0.0,Paid Search,US,control
ORD-000190,2024-01-08,CUST-02172,cust-02172@lumenmail.com,Lighting,2,358.3,0.05,Organic,US,control
ORD-006065,13/05/2024,CUST-02889,cust-02889@lumenmail.com,Lighting,2,38.24,0.0,Paid Search,AU,control
ORD-008659,2023-06-30,CUST-00290,cust-00290@lumenmail.com,Furniture,2,262.35,0.1,Paid Search,US,control
ORD-006043,2024-08-22,CUST-02325,cust-02325@lumenmail.com,Lighting,1,756.55,0.0,Paid Search,US,
ORD-002230,2024-02-12,CUST-02290,cust-02290@lumenmail.com,Décor,1,159.22,0.2,Paid Search,UK,variant
ORD-002677,2024-07-29,CUST-01728,cust-01728@lumenmail.com,Lighting,1,45.7,0.1,Social,US,variant
ORD-006303,21/01/2024,,guest@lumenmail.com,Furniture,1,145.99,0.0,Email,US,
ORD-003912,2023-11-30,CUST-01597,cust-01597@lumenmail.com,Lighting,1,94.36,0.05,Organic,CA,
ORD-000408,2024-08-04,CUST-00418,cust-00418@lumenmail.com,Décor,1,12.48,0.0,Email,US,
ORD-003137,2023-10-02,CUST-00530,cust-00530@lumenmail.com,Lighting,4,108.1,0.2,Email,US,
ORD-003333,2023-11-10,CUST-00929,cust-00929@lumenmail.com,Outdoor,1,463.42,0.0,Paid Search,US,variant
ORD-000877,2023-11-14,CUST-01779,cust-01779@lumenmail.com,Lighting,-1,18.59,0.0,Paid Search,CA,variant
ORD-007469,2024-01-02,CUST-02806,cust-02806@lumenmail.com,Outdoor,2,29.35,0.0,Social,US,
ORD-004923,2023-07-20,,guest@lumenmail.com,Furniture,1,27.7,0.05,Paid Search,US,
ORD-006350,2023-10-02,CUST-00646,cust-00646@lumenmail.com,Lighting,3,6.95,0.0,Email,US,
ORD-004672,2024-04-19,CUST-02622,cust-02622@lumenmail.com,Lighting,3,22.98,0.15,Organic,US,
ORD-005111,2024-12-28,CUST-01188,cust-01188@lumenmail.com,Furniture,6,135.58,0.0,Paid Search,CA,control
ORD-004546,2023-11-07,CUST-02923,cust-02923@lumenmail.com,Décor,3,8.5,0.0,Social,AU,control
ORD-004561,03/09/2024,CUST-01879,cust-01879@lumenmail.com,Furniture,1,34.76,0.0,Email,US,variant
ORD-005703,2023-07-02,CUST-01990,cust-01990@lumenmail.com,Lighting,1,42.32,0.1,Organic,US,control
ORD-007655,2024-09-08,CUST-00363,cust-00363@lumenmail.com,Lighting,6,92.83,0.05,Email,US,variant
ORD-002263,2023-06-17,,guest@lumenmail.com,Furniture,1,55.93,0.0,Email,US,
ORD-005345,2023-06-08,CUST-00276,cust-00276@lumenmail.com,Décor,2,110.88,0.0,Email,US,
ORD-003196,2023-10-21,CUST-00500,cust-00500@lumenmail.com,Outdoor,2,531.0,0.0,Paid Search,CA,control
ORD-008874,2024-06-10,CUST-01785,cust-01785@lumenmail.com,Furniture,4,42.57,0.2,Social,US,
ORD-004458,2024-05-19,CUST-01634,cust-01634@lumenmail.com,Décor,1,25.04,0.0,Paid Search,US,variant
ORD-006386,2024-11-06,CUST-00322,cust-00322@lumenmail.com,Décor,1,84.79,0.05,Email,US,
ORD-001032,2023-06-11,CUST-01399,cust-01399@lumenmail.com,Décor,1,42.26,0.0,Email,US,
ORD-000977,2024-06-28,CUST-02798,cust-02798@lumenmail.com,Décor,3,460.06,0.0,Organic,US,variant
ORD-001910,2024-10-29,CUST-00375,cust-00375@lumenmail.com,Accessories,5,73.56,0.0,Paid Search,US,control
ORD-007183,2024-12-02,CUST-02991,cust-02991@lumenmail.com,Décor,2,533.72,0.0,Paid Search,CA,variant
ORD-002668,2024-10-11,CUST-01068,cust-01068@lumenmail.com,Décor,1,79.36,0.0,Paid Search,ZZ,
ORD-008202,2024-11-28,CUST-01249,cust-01249@lumenmail.com,Furniture,2,338.89,0.15,Social,US,
ORD-009393,2023-11-17,CUST-01778,cust-01778@lumenmail.com,Lighting,1,271.36,0.0,Organic,US,variant
ORD-000208,2024-09-26,CUST-00273,cust-00273@lumenmail.com,Furniture,1,123.31,0.0,Paid Search,US,variant
ORD-001885,2024-05-27,CUST-02702,cust-02702@lumenmail.com,Accessories,1,285.6,0.0,Social,US,control
ORD-001670,2024-09-18,,guest@lumenmail.com,Accessories,1,35.64,0.15,Organic,US,control
ORD-005770,2024-12-27,CUST-01335,cust-01335@lumenmail.com,Accessories,1,156.47,0.2,Social,US,
ORD-008527,2024-08-22,CUST-01723,cust-01723@lumenmail.com,Lighting,1,68.75,0.15,Paid Search,UK,variant
ORD-007546,2024-03-16,,guest@lumenmail.com,Lighting,1,90.06,0.0,Organic,US,
ORD-003754,2023-07-15,CUST-01991,cust-01991@lumenmail.com,Lighting,2,52.59,0.0,Paid Search,AU,
ORD-004717,2024-01-22,CUST-01341,cust-01341@lumenmail.com,Lighting,2,45.84,0.0,Email,CA,control
ORD-001422,2024-01-29,CUST-01616,cust-01616@lumenmail.com,Lighting,5,193.42,0.05,Email,US,
ORD-001282,12/12/2023,CUST-02558,cust-02558@lumenmail.com,Décor,-2,109.18,0.0,Social,US,control
ORD-006445,2023-08-15,CUST-02456,cust-02456@lumenmail.com,Outdoor,5,50.03,0.1,Organic,US,control
ORD-006963,2024-06-27,CUST-02479,cust-02479@lumenmail.com,Décor,3,40.66,0.0,Paid Search,US,
ORD-005448,15/10/2023,CUST-01031,cust-01031@lumenmail.com,Décor,1,125.98,0.0,Paid Search,US,control
ORD-007624,2024-09-27,CUST-00390,cust-00390@lumenmail.com,Décor,5,28.24,0.0,Social,US,control
ORD-004643,2024-12-01,CUST-02288,cust-02288@lumenmail.com,Outdoor,1,71.66,0.0,Paid Search,AU,variant
ORD-003409,2024-06-30,CUST-00773,cust-00773@lumenmail.com,Furniture,5,9.11,0.05,Social,CA,control
ORD-007281,2023-08-14,CUST-01263,cust-01263@lumenmail.com,Accessories,1,99.47,0.05,Paid Search,US,variant
ORD-001379,2023-07-12,CUST-01956,cust-01956@lumenmail.com,Décor,1,41.12,0.0,Social,US,
ORD-008018,2024-10-26,CUST-02815,cust-02815@lumenmail.com,Lighting,1,187.45,0.0,Email,US,control
ORD-008222,2024-03-10,,guest@lumenmail.com,Lighting,2,35.11,0.05,Social,US,variant
ORD-007277,2024-10-19,CUST-00619,cust-00619@lumenmail.com,Lighting,1,97.11,0.0,Paid Search,CA,control
ORD-000517,2024-12-19,CUST-02127,cust-02127@lumenmail.com,Outdoor,2,146.6,0.0,Organic,ZZ,variant
ORD-009081,2024-11-15,CUST-01156,cust-01156@lumenmail.com,Décor,1,17.66,0.0,Email,US,variant
ORD-002274,2024-09-07,CUST-01297,cust-01297@lumenmail.com,Furniture,2,38.8,0.0,Email,US,control
ORD-007822,26/12/2023,CUST-00682,cust-00682@lumenmail.com,Décor,2,48.18,0.0,Email,UK,variant
ORD-007238,2024-08-03,CUST-01458,cust-01458@lumenmail.com,Lighting,4,40.47,0.05,Social,US,
ORD-003117,17/10/2024,CUST-00599,cust-00599@lumenmail.com,Outdoor,2,14.27,0.0,Organic,US,control
ORD-007299,17/04/2024,CUST-02972,cust-02972@lumenmail.com,Furniture,1,88.68,0.0,Organic,CA,variant
ORD-008994,2023-12-03,CUST-01635,cust-01635@lumenmail.com,Lighting,1,27.76,0.05,Email,US,
ORD-007499,2024-07-20,CUST-02492,cust-02492@lumenmail.com,Décor,2,181.75,0.1,Paid Search,US,
ORD-007974,2024-07-26,CUST-02483,cust-02483@lumenmail.com,Décor,1,157.54,0.0,Social,AU,
ORD-007513,2024-05-05,CUST-01162,cust-01162@lumenmail.com,Lighting,1,127.84,0.0,Paid Search,UK,
ORD-007233,2024-12-25,CUST-00880,cust-00880@lumenmail.com,Décor,1,41.93,0.05,Paid Search,US,
ORD-001509,2023-06-21,CUST-02777,cust-02777@lumenmail.com,Lighting,5,22.49,0.05,Organic,UK,
ORD-000668,2024-01-28,CUST-01501,cust-01501@lumenmail.com,Furniture,2,0.0,0.0,Paid Search,US,control
ORD-005270,2024-02-02,,guest@lumenmail.com,Lighting,1,9.94,0.0,Paid Search,US,variant
ORD-005605,2024-11-24,CUST-02826,cust-02826@lumenmail.com,Lighting,1,45.02,0.0,Organic,AU,
ORD-007592,2023-06-03,CUST-00844,cust-00844@lumenmail.com,Accessories,3,189.4,0.0,Social,US,
ORD-004283,14/06/2024,CUST-01521,cust-01521@lumenmail.com,Outdoor,2,45.79,0.1,Paid Search,UK,variant
ORD-007713,2024-09-26,CUST-02985,cust-02985@lumenmail.com,Décor,2,30.6,0.0,Paid Search,US,variant
ORD-004888,2023-12-23,CUST-01591,cust-01591@lumenmail.com,Décor,2,12.8,0.05,Email,CA,
ORD-003491,2023-10-31,,guest@lumenmail.com,Lighting,1,29.67,0.05,,AU,variant
ORD-001933,2024-05-09,CUST-02535,cust-02535@lumenmail.com,Lighting,3,300.13,0.15,Paid Search,US,control
ORD-002672,2023-07-26,CUST-00328,cust-00328@lumenmail.com,Décor,1,74.76,0.15,Email,US,control
ORD-003374,17/03/2024,CUST-01447,cust-01447@lumenmail.com,Accessories,1,27.27,0.0,Paid Search,CA,
ORD-001349,25/08/2024,CUST-01457,cust-01457@lumenmail.com,Lighting,4,638.92,0.05,Social,US,control
ORD-001563,2023-12-18,CUST-01772,cust-01772@lumenmail.com,Lighting,1,85.48,0.1,Paid Search,ZZ,variant
ORD-006122,2024-09-02,CUST-00511,cust-00511@lumenmail.com,Outdoor,1,47.21,0.05,Email,UK,
ORD-009123,2023-11-27,CUST-01147,cust-01147@lumenmail.com,Décor,1,63.92,0.0,Email,US,
ORD-005892,2024-05-22,CUST-01469,cust-01469@lumenmail.com,Lighting,1,236.47,0.1,Social,US,
ORD-001022,2024-10-02,CUST-01442,cust-01442@lumenmail.com,Décor,7,79.53,0.0,Paid Search,UK,control
ORD-005294,2024-06-19,CUST-00281,cust-00281@lumenmail.com,Lighting,2,42.47,0.0,Paid Search,CA,
ORD-000024,2023-08-17,CUST-00483,cust-00483@lumenmail.com,Décor,1,763.98,0.15,Organic,AU,control
ORD-003937,2023-09-11,CUST-02027,cust-02027@lumenmail.com,Outdoor,2,50.06,0.05,Paid Search,US,variant
ORD-007625,2023-07-31,,guest@lumenmail.com,Lighting,6,103.52,0.2,Email,US,
ORD-004617,2024-10-11,CUST-02453,cust-02453@lumenmail.com,Lighting,1,137.01,0.1,Email,US,control
ORD-006632,2023-11-16,CUST-01721,cust-01721@lumenmail.com,Furniture,1,188.17,0.15,Email,US,
ORD-001449,2024-02-08,CUST-01316,cust-01316@lumenmail.com,Furniture,2,41.92,0.05,Paid Search,US,control
ORD-001191,2024-04-28,CUST-01996,cust-01996@lumenmail.com,Décor,1,58.96,0.0,Email,CA,
ORD-002955,2024-06-20,CUST-00166,cust-00166@lumenmail.com,Furniture,2,262.29,0.0,,US,control
ORD-005915,2024-05-16,CUST-01751,cust-01751@lumenmail.com,Lighting,1,26.59,0.05,Email,CA,
ORD-003371,29/07/2023,CUST-02668,cust-02668@lumenmail.com,Furniture,2,198.51,0.2,Paid Search,US,
ORD-004742,2024-06-06,CUST-00930,cust-00930@lumenmail.com,Outdoor,4,161.08,0.1,Social,CA,variant
ORD-002328,2024-11-23,CUST-02542,cust-02542@lumenmail.com,Décor,5,102.06,0.05,,US,control
ORD-008409,2024-02-14,CUST-00108,cust-00108@lumenmail.com,Lighting,1,72.93,0.05,Organic,CA,
ORD-008848,13/10/2023,CUST-02368,cust-02368@lumenmail.com,Lighting,1,31.14,0.0,Email,US,variant
ORD-009381,2024-08-18,CUST-02693,cust-02693@lumenmail.com,Lighting,4,92.36,0.0,Organic,US,
ORD-003990,2024-06-20,CUST-02936,cust-02936@lumenmail.com,Décor,1,8.58,0.05,Organic,AU,variant
ORD-008218,2023-09-09,CUST-00683,cust-00683@lumenmail.com,Furniture,2,47.3,0.0,Organic,UK,
ORD-004289,2024-03-07,CUST-01027,cust-01027@lumenmail.com,Lighting,1,10.33,0.0,Social,US,variant
ORD-000500,2024-07-02,CUST-02325,cust-02325@lumenmail.com,Accessories,1,127.79,0.0,Organic,US,
ORD-006442,2023-06-25,CUST-02398,cust-02398@lumenmail.com,Furniture,2,50.74,0.0,Email,CA,
ORD-008869,2024-12-04,CUST-01796,cust-01796@lumenmail.com,Lighting,2,71.82,0.1,Paid Search,US,control
ORD-000600,2023-11-27,CUST-01001,cust-01001@lumenmail.com,Lighting,4,152.93,0.05,Email,UK,
ORD-009346,2024-03-21,CUST-02976,cust-02976@lumenmail.com,Décor,1,66.48,0.05,Paid Search,US,
ORD-001224,2023-09-15,CUST-01406,cust-01406@lumenmail.com,Lighting,1,330.42,0.1,Email,US,
ORD-009581,2024-03-18,CUST-01853,cust-01853@lumenmail.com,Lighting,1,156.66,0.15,Social,US,variant
ORD-008403,2024-01-11,CUST-00006,cust-00006@lumenmail.com,Lighting,-2,175.17,0.0,Organic,US,
ORD-007575,04/03/2024,CUST-00303,cust-00303@lumenmail.com,Lighting,2,15.16,0.0,Paid Search,US,
ORD-004435,2023-12-31,CUST-02155,cust-02155@lumenmail.com,Décor,1,540.05,0.1,Paid Search,US,
ORD-004957,2023-10-02,CUST-02024,cust-02024@lumenmail.com,Lighting,1,18.89,0.05,Social,US,
ORD-006440,2024-11-09,CUST-00942,cust-00942@lumenmail.com,Lighting,1,331.24,0.05,Email,UK,
ORD-001689,2024-01-04,,guest@lumenmail.com,Furniture,2,115.56,0.2,Paid Search,US,variant
ORD-000587,2024-02-06,,guest@lumenmail.com,Furniture,2,58.04,0.0,Organic,US,control
ORD-003777,2024-04-13,CUST-01650,cust-01650@lumenmail.com,Furniture,1,24.33,0.0,Paid Search,US,variant
ORD-001317,2024-08-11,CUST-00834,cust-00834@lumenmail.com,Accessories,1,132.06,0.0,Paid Search,US,variant
ORD-001070,2023-10-24,CUST-02154,cust-02154@lumenmail.com,Lighting,1,53.79,0.0,Paid Search,CA,
ORD-008131,2023-08-23,,guest@lumenmail.com,Décor,4,18.27,0.15,Paid Search,US,control
ORD-003540,2024-10-15,CUST-02566,cust-02566@lumenmail.com,Lighting,2,266.47,0.0,,US,control
ORD-005669,2023-08-02,CUST-00863,cust-00863@lumenmail.com,Décor,1,379.12,0.1,Paid Search,US,
ORD-005557,2024-03-11,CUST-00815,cust-00815@lumenmail.com,Outdoor,2,24.6,0.25,Social,US,
ORD-008713,2024-01-15,CUST-01845,cust-01845@lumenmail.com,Décor,4,397.17,0.05,Organic,US,
ORD-005371,07/04/2024,CUST-02316,cust-02316@lumenmail.com,Furniture,1,147.7,0.2,Email,ZZ,control
ORD-009541,2023-11-15,CUST-00906,cust-00906@lumenmail.com,Lighting,2,31.12,0.25,Email,UK,
ORD-005498,2024-12-19,,guest@lumenmail.com,Outdoor,2,120.38,0.0,Paid Search,US,variant
ORD-003694,2024-06-03,CUST-02689,cust-02689@lumenmail.com,Décor,2,57.6,0.05,Email,CA,
ORD-002076,2024-11-04,CUST-02494,cust-02494@lumenmail.com,Décor,4,57.83,0.15,Organic,US,variant
ORD-009401,2023-07-06,CUST-01840,cust-01840@lumenmail.com,Outdoor,2,68.72,0.0,Organic,US,
ORD-001661,2023-10-05,CUST-01373,cust-01373@lumenmail.com,Lighting,2,50.5,0.0,Organic,US,
ORD-000038,2024-12-05,CUST-01201,cust-01201@lumenmail.com,Lighting,3,15.36,0.0,Paid Search,US,
ORD-008630,2024-11-04,CUST-01230,cust-01230@lumenmail.com,Lighting,2,167.65,0.1,Organic,US,
ORD-002374,2024-03-31,CUST-00540,cust-00540@lumenmail.com,Lighting,2,40.04,0.15,Email,UK,
ORD-005097,2023-12-27,CUST-01186,cust-01186@lumenmail.com,Accessories,-1,231.91,0.05,Paid Search,US,
ORD-005415,,CUST-01884,cust-01884@lumenmail.com,Furniture,-1,94.88,0.0,Email,US,
ORD-008997,2023-11-14,CUST-01607,cust-01607@lumenmail.com,Accessories,2,31.85,0.0,Paid Search,US,variant
ORD-006438,2024-02-05,CUST-02213,cust-02213@lumenmail.com,Décor,1,5.38,0.15,Organic,US,control
ORD-000586,2024-06-30,CUST-02941,cust-02941@lumenmail.com,Lighting,3,75.63,0.05,Email,US,
ORD-002467,2024-09-27,CUST-01572,cust-01572@lumenmail.com,Lighting,2,149.1,0.0,Organic,US,
ORD-000198,2024-08-12,CUST-01169,cust-01169@lumenmail.com,Lighting,1,108.67,0.25,Paid Search,US,variant
ORD-004361,2023-09-10,CUST-01276,cust-01276@lumenmail.com,Outdoor,3,78.51,0.0,,US,variant
ORD-003525,2024-08-01,CUST-00563,cust-00563@lumenmail.com,Lighting,1,130.97,0.0,Social,US,
ORD-007235,2023-10-21,CUST-00346,cust-00346@lumenmail.com,Décor,2,192.6,0.2,Organic,CA,
ORD-004470,2024-02-08,CUST-02277,cust-02277@lumenmail.com,Lighting,1,36.17,0.2,Email,US,variant
ORD-002678,2024-07-22,CUST-00356,cust-00356@lumenmail.com,Lighting,3,17.83,0.05,Paid Search,US,
ORD-008392,23/08/2023,CUST-01399,cust-01399@lumenmail.com,Lighting,1,29.91,0.0,Email,UK,
ORD-002479,2023-09-18,,guest@lumenmail.com,Furniture,4,69.13,0.0,Paid Search,US,control
ORD-005942,2023-11-09,CUST-00117,cust-00117@lumenmail.com,Lighting,1,149.76,0.0,Organic,UK,
ORD-002639,2023-11-02,CUST-00478,cust-00478@lumenmail.com,Décor,3,26.67,0.1,Organic,CA,variant
ORD-007253,2024-03-22,CUST-00198,cust-00198@lumenmail.com,Décor,1,12.59,0.15,Email,CA,control
ORD-006413,2023-12-20,CUST-02875,cust-02875@lumenmail.com,Décor,1,17.7,0.1,Organic,CA,
ORD-003262,2023-09-14,CUST-02080,cust-02080@lumenmail.com,Lighting,1,256.89,0.05,Email,US,control
ORD-001474,2024-03-03,,guest@lumenmail.com,Lighting,4,375.55,0.0,Organic,UK,variant
ORD-002961,2024-10-23,CUST-00899,cust-00899@lumenmail.com,Lighting,2,63.05,0.25,,US,control
ORD-004612,2024-09-27,CUST-00377,cust-00377@lumenmail.com,Lighting,1,71.31,0.0,Organic,CA,control
ORD-008040,2023-06-12,CUST-01646,cust-01646@lumenmail.com,Lighting,3,70.99,0.1,Email,US,
ORD-002463,2023-08-05,CUST-01062,cust-01062@lumenmail.com,Décor,1,20.04,0.0,Email,US,
ORD-006402,2023-07-19,CUST-01010,cust-01010@lumenmail.com,Lighting,1,153.89,0.2,Email,US,variant
ORD-003004,2023-10-25,CUST-01086,cust-01086@lumenmail.com,Décor,1,39.8,0.05,Email,US,
ORD-002726,2023-12-05,CUST-02985,cust-02985@lumenmail.com,Accessories,1,80.29,0.25,Email,UK,
ORD-005999,2023-06-02,CUST-00547,cust-00547@lumenmail.com,Outdoor,-2,176.02,0.0,Social,UK,
ORD-001836,2024-10-08,CUST-01584,cust-01584@lumenmail.com,Outdoor,-1,12.94,0.0,Paid Search,US,
ORD-007001,2024-04-05,,guest@lumenmail.com,Outdoor,3,125.11,0.05,Paid Search,US,
ORD-001865,2024-01-03,CUST-01579,cust-01579@lumenmail.com,Décor,1,103.3,0.0,Paid Search,US,
ORD-005242,20/12/2023,,guest@lumenmail.com,Lighting,2,192.99,0.1,Organic,US,variant
ORD-007054,2024-02-05,CUST-01807,cust-01807@lumenmail.com,Outdoor,1,280.12,0.1,Paid Search,US,
ORD-008735,2023-10-08,CUST-00282,cust-00282@lumenmail.com,Lighting,3,9.85,0.0,Paid Search,US,
ORD-001559,2024-08-03,CUST-01850,cust-01850@lumenmail.com,Décor,1,28.89,0.15,Paid Search,UK,
ORD-000103,2023-07-03,CUST-00890,cust-00890@lumenmail.com,Décor,5,86.61,0.0,Email,US,variant
ORD-006469,2024-01-02,CUST-02381,cust-02381@lumenmail.com,Décor,1,13.95,0.05,Social,US,
ORD-000130,2024-05-19,CUST-02513,cust-02513@lumenmail.com,Outdoor,1,32.05,0.15,Organic,UK,variant
ORD-009092,2023-09-22,CUST-01712,cust-01712@lumenmail.com,Lighting,2,60.84,0.05,Paid Search,ZZ,variant
ORD-004019,16/07/2023,CUST-02842,cust-02842@lumenmail.com,Outdoor,4,79.06,0.05,Organic,US,
ORD-000232,2024-04-19,CUST-01898,cust-01898@lumenmail.com,Lighting,3,80.69,0.05,,US,
ORD-006730,10/02/2024,CUST-00619,cust-00619@lumenmail.com,Décor,1,54.68,0.05,Social,UK,control
ORD-000191,2024-12-16,CUST-00283,cust-00283@lumenmail.com,Furniture,1,81.83,0.0,Email,CA,
ORD-003422,2023-11-15,CUST-00806,cust-00806@lumenmail.com,Décor,1,77.56,0.0,Paid Search,US,
ORD-007643,2024-05-14,CUST-01432,cust-01432@lumenmail.com,Furniture,2,30.39,0.0,Paid Search,US,control
ORD-007274,2024-04-08,CUST-02843,cust-02843@lumenmail.com,Décor,1,47.44,0.0,Paid Search,US,control
ORD-006656,2024-09-27,CUST-00846,cust-00846@lumenmail.com,Décor,3,196.93,0.05,Email,US,
ORD-000821,05/10/2024,CUST-01227,cust-01227@lumenmail.com,Lighting,5,39.86,0.0,Social,US,variant
ORD-000419,2023-09-14,CUST-02034,cust-02034@lumenmail.com,Outdoor,3,557.87,0.15,Organic,US,control
ORD-004656,2024-05-03,CUST-00638,cust-00638@lumenmail.com,Lighting,2,86.92,0.1,Email,US,
ORD-003896,2024-10-11,CUST-02109,cust-02109@lumenmail.com,Furniture,7,57.53,0.0,Email,US,
ORD-002219,2024-01-12,CUST-02536,cust-02536@lumenmail.com,Décor,1,27.16,0.0,Email,US,
ORD-006024,2024-10-30,CUST-00248,cust-00248@lumenmail.com,Outdoor,3,762.8,0.2,Organic,UK,variant
ORD-009543,2024-01-15,CUST-02959,cust-02959@lumenmail.com,Furniture,1,20.97,0.05,Social,US,
ORD-003160,2024-04-30,CUST-00532,cust-00532@lumenmail.com,Lighting,2,76.88,0.15,,AU,control
ORD-004292,2024-11-14,CUST-02354,cust-02354@lumenmail.com,Lighting,1,8.69,0.0,Social,US,control
ORD-007725,14/10/2023,CUST-00334,cust-00334@lumenmail.com,Lighting,2,311.51,0.0,Organic,US,control
ORD-002891,2024-06-27,CUST-02669,cust-02669@lumenmail.com,Lighting,1,48.64,0.05,Social,US,
ORD-008338,2024-10-28,CUST-00672,cust-00672@lumenmail.com,Accessories,1,178.16,0.0,Paid Search,US,variant
ORD-000110,2024-07-11,CUST-01918,cust-01918@lumenmail.com,Lighting,1,128.0,0.05,Email,UK,control
ORD-005484,2024-07-07,CUST-02730,cust-02730@lumenmail.com,Lighting,6,104.31,0.25,Paid Search,US,variant
ORD-004842,29/06/2024,CUST-02690,cust-02690@lumenmail.com,Lighting,2,444.22,0.05,Organic,UK,
ORD-005997,2023-08-12,,guest@lumenmail.com,Accessories,2,33.33,0.05,Social,US,
ORD-008939,2024-10-06,CUST-02569,cust-02569@lumenmail.com,Outdoor,1,259.33,0.0,Organic,US,control
ORD-007038,2024-09-25,CUST-00935,cust-00935@lumenmail.com,Décor,2,50.71,0.05,,US,control
ORD-004134,2024-01-06,CUST-00833,cust-00833@lumenmail.com,Décor,1,28.9,0.05,Organic,US,
ORD-009392,2023-07-06,CUST-01304,cust-01304@lumenmail.com,Décor,1,273.46,0.0,Organic,US,variant
ORD-008197,2024-04-26,CUST-00892,cust-00892@lumenmail.com,Décor,3,797.87,0.0,Social,US,variant
ORD-002822,2024-03-06,CUST-00865,cust-00865@lumenmail.com,Lighting,1,50.86,0.0,Paid Search,US,
ORD-000072,2024-01-24,CUST-00107,cust-00107@lumenmail.com,Outdoor,2,56.33,0.0,Organic,US,control
ORD-003440,2024-09-26,CUST-01443,cust-01443@lumenmail.com,Furniture,3,33.91,0.0,Paid Search,CA,variant
ORD-008444,2024-12-15,CUST-02750,cust-02750@lumenmail.com,Décor,1,337.41,0.15,Email,ZZ,variant
ORD-009406,,CUST-01772,cust-01772@lumenmail.com,Lighting,1,561.98,0.05,Organic,AU,control
ORD-007663,2024-12-12,CUST-02501,cust-02501@lumenmail.com,Accessories,3,183.39,0.05,Paid Search,US,control
ORD-005180,2024-02-03,CUST-01301,cust-01301@lumenmail.com,Décor,5,26.31,0.05,Email,US,control
ORD-005197,2024-04-12,,guest@lumenmail.com,Accessories,4,171.49,0.0,Paid Search,UK,
ORD-008419,2024-07-14,CUST-00805,cust-00805@lumenmail.com,Furniture,3,32.06,0.0,Paid Search,US,variant
ORD-003114,2023-07-22,,guest@lumenmail.com,Furniture,2,87.65,0.0,Email,US,
ORD-001835,2024-05-03,CUST-01646,cust-01646@lumenmail.com,Lighting,1,30.09,0.1,Email,US,
ORD-006115,13/12/2024,CUST-00732,cust-00732@lumenmail.com,Lighting,1,112.54,0.0,Email,US,control
ORD-007899,2023-10-01,CUST-00861,cust-00861@lumenmail.com,Lighting,1,37.64,0.0,Social,UK,
ORD-007017,2023-10-10,,guest@lumenmail.com,Lighting,4,14.11,0.15,Paid Search,CA,variant
ORD-007395,2023-11-17,CUST-02888,cust-02888@lumenmail.com,Décor,1,751.69,0.0,,ZZ,
ORD-003013,2024-11-16,CUST-01327,cust-01327@lumenmail.com,Furniture,1,127.77,0.0,Organic,US,
ORD-009509,2024-04-13,CUST-02676,cust-02676@lumenmail.com,Lighting,1,170.38,0.0,Social,US,control
ORD-000734,2024-01-15,CUST-01485,cust-01485@lumenmail.com,Furniture,1,43.84,0.15,Email,CA,variant
ORD-004293,2024-08-07,CUST-02186,cust-02186@lumenmail.com,Décor,5,31.72,0.05,,US,variant
ORD-001178,2024-03-16,CUST-00060,cust-00060@lumenmail.com,Accessories,2,278.83,0.0,Email,US,variant
ORD-007243,2023-11-13,,guest@lumenmail.com,Furniture,1,64.34,0.0,Social,US,
ORD-007976,2024-12-13,,guest@lumenmail.com,Furniture,1,412.62,0.0,,US,variant
ORD-002127,2024-08-07,CUST-02567,cust-02567@lumenmail.com,Outdoor,1,14.07,0.25,Paid Search,US,variant
ORD-007774,2024-12-27,CUST-02835,cust-02835@lumenmail.com,Lighting,2,204.98,0.15,Social,UK,control
ORD-009060,2024-12-07,CUST-01651,cust-01651@lumenmail.com,Lighting,1,43.35,0.1,Email,US,control
ORD-006158,2024-06-10,CUST-00785,cust-00785@lumenmail.com,Lighting,6,28.54,0.0,Social,US,control
ORD-001207,2024-01-27,CUST-02678,cust-02678@lumenmail.com,Outdoor,1,36.89,0.05,Email,CA,control
ORD-008756,2024-06-07,CUST-02785,cust-02785@lumenmail.com,Lighting,2,328.93,0.05,Paid Search,US,
ORD-006711,2024-12-06,CUST-00781,cust-00781@lumenmail.com,Accessories,-6,154.53,0.0,Email,US,variant
ORD-007482,2024-12-30,CUST-02740,cust-02740@lumenmail.com,Furniture,1,47.73,0.0,Email,US,variant
ORD-006896,2024-01-21,CUST-01081,cust-01081@lumenmail.com,Lighting,1,66.69,0.2,Organic,US,variant
ORD-008113,2024-02-12,CUST-01882,cust-01882@lumenmail.com,Outdoor,1,50.05,0.2,Paid Search,US,control
ORD-006955,2024-08-04,CUST-00792,cust-00792@lumenmail.com,Lighting,1,334.76,0.2,Organic,US,control
ORD-003167,2023-07-26,CUST-01391,cust-01391@lumenmail.com,Accessories,1,750.33,0.0,Organic,US,control
ORD-006194,15/11/2023,CUST-01008,cust-01008@lumenmail.com,Furniture,2,68.92,0.05,Paid Search,CA,
ORD-001064,2024-08-24,CUST-01543,cust-01543@lumenmail.com,Lighting,2,36.68,0.0,Email,US,variant
ORD-002909,2024-09-05,CUST-00279,cust-00279@lumenmail.com,Accessories,1,81.96,0.05,Organic,US,variant
ORD-000177,2023-10-30,,guest@lumenmail.com,Outdoor,1,98.55,0.05,Email,UK,control
ORD-000121,2023-12-08,CUST-01530,cust-01530@lumenmail.com,Lighting,1,151.14,0.1,Paid Search,US,variant
ORD-008797,2024-01-20,CUST-02292,cust-02292@lumenmail.com,Décor,1,97.18,0.05,Email,UK,control
ORD-005928,2023-09-05,CUST-00190,cust-00190@lumenmail.com,Lighting,1,312.28,0.2,Paid Search,US,control
ORD-004616,2024-11-28,CUST-00709,cust-00709@lumenmail.com,Lighting,2,67.65,0.0,Paid Search,US,variant
ORD-007565,2024-11-21,CUST-01978,cust-01978@lumenmail.com,Furniture,2,34.69,0.0,Social,US,
ORD-005889,2024-09-23,CUST-00889,cust-00889@lumenmail.com,Lighting,2,193.99,0.05,Social,US,variant
ORD-009350,10/10/2024,CUST-00236,cust-00236@lumenmail.com,Outdoor,1,17.82,0.0,Organic,US,variant
ORD-003650,2024-09-08,CUST-01974,cust-01974@lumenmail.com,Accessories,5,102.05,0.0,,US,control
ORD-002640,2024-12-02,CUST-01526,cust-01526@lumenmail.com,Furniture,4,52.53,0.2,Email,US,
ORD-008025,2024-07-09,CUST-00654,cust-00654@lumenmail.com,Lighting,2,727.17,0.0,Paid Search,US,
ORD-007737,2023-07-25,CUST-00643,cust-00643@lumenmail.com,Furniture,1,44.34,0.0,Email,US,control
ORD-003843,2024-08-02,,guest@lumenmail.com,Décor,1,124.25,0.0,Organic,US,variant
ORD-002821,2024-12-06,CUST-00475,cust-00475@lumenmail.com,Décor,1,89.56,0.0,,AU,variant
ORD-002808,2023-10-31,CUST-02196,cust-02196@lumenmail.com,Furniture,3,124.78,0.2,Organic,UK,
ORD-009435,2024-04-09,,guest@lumenmail.com,Lighting,1,247.92,0.2,Paid Search,UK,
ORD-008203,2024-07-26,CUST-01832,cust-01832@lumenmail.com,Lighting,2,75.71,0.0,Organic,AU,variant
ORD-009516,2024-02-10,CUST-01141,cust-01141@lumenmail.com,Outdoor,1,26.53,0.0,Organic,AU,
ORD-006090,2023-10-08,CUST-02717,cust-02717@lumenmail.com,Accessories,1,152.7,0.05,Social,US,variant
ORD-000704,2024-06-13,CUST-00465,cust-00465@lumenmail.com,Furniture,1,44.17,0.0,Organic,US,variant
ORD-003277,2023-08-08,CUST-00579,cust-00579@lumenmail.com,Lighting,4,48.62,0.0,Email,US,variant
ORD-001877,16/12/2024,CUST-01244,cust-01244@lumenmail.com,Décor,1,131.43,0.25,Organic,CA,variant
ORD-003980,2023-07-11,CUST-00231,cust-00231@lumenmail.com,Lighting,2,63.73,0.1,Paid Search,US,
ORD-006472,2024-11-28,CUST-00780,cust-00780@lumenmail.com,Lighting,2,37.32,0.0,Email,US,
ORD-001495,2023-10-25,CUST-02887,cust-02887@lumenmail.com,Accessories,3,352.63,0.1,Email,UK,
ORD-003343,24/08/2024,CUST-02764,cust-02764@lumenmail.com,Furniture,3,45.42,0.0,Social,CA,control
ORD-004501,2024-11-12,CUST-02484,cust-02484@lumenmail.com,Outdoor,4,16.55,0.0,Paid Search,US,
ORD-003428,2024-08-16,CUST-02214,cust-02214@lumenmail.com,Décor,1,28.92,0.2,Email,US,control
ORD-008699,2024-11-02,CUST-00763,cust-00763@lumenmail.com,Lighting,1,62.37,0.0,Email,CA,
ORD-001345,2024-12-21,CUST-00631,cust-00631@lumenmail.com,Décor,2,251.28,0.0,Paid Search,US,
ORD-003953,2023-12-21,CUST-00758,cust-00758@lumenmail.com,Décor,2,50.37,0.15,Email,AU,control
ORD-006416,2024-01-19,,guest@lumenmail.com,Furniture,2,14.64,0.15,Organic,US,
ORD-009348,2024-10-16,CUST-00816,cust-00816@lumenmail.com,Accessories,2,104.71,0.15,Paid Search,US,variant
ORD-002124,2023-09-03,CUST-01009,cust-01009@lumenmail.com,Décor,2,134.95,0.1,Email,US,
ORD-005531,19/10/2023,CUST-02278,cust-02278@lumenmail.com,Décor,1,44.96,0.1,Organic,US,control
ORD-004091,05/07/2023,,guest@lumenmail.com,Lighting,1,10.35,0.1,Paid Search,US,variant
ORD-008085,2024-09-01,CUST-02578,cust-02578@lumenmail.com,Décor,5,534.45,0.0,Organic,CA,control
ORD-001938,2023-06-27,CUST-02868,cust-02868@lumenmail.com,Outdoor,5,54.73,0.0,Social,US,control
ORD-006538,2024-05-16,CUST-01508,cust-01508@lumenmail.com,Furniture,1,54.39,0.0,Paid Search,ZZ,
ORD-008060,2023-09-19,CUST-02132,cust-02132@lumenmail.com,Lighting,3,138.24,0.15,Paid Search,US,control
ORD-007136,2024-02-01,CUST-02391,cust-02391@lumenmail.com,Lighting,3,41.57,0.05,Email,US,variant
ORD-006409,2023-08-19,CUST-00072,cust-00072@lumenmail.com,Décor,2,614.71,0.05,Paid Search,US,
ORD-009042,2024-07-31,CUST-00813,cust-00813@lumenmail.com,Lighting,2,16.59,0.15,Paid Search,US,
ORD-005166,2023-12-15,CUST-01893,cust-01893@lumenmail.com,Outdoor,1,197.69,0.0,Paid Search,CA,control
ORD-001387,2024-09-12,CUST-00088,cust-00088@lumenmail.com,Outdoor,1,502.63,0.15,Email,US,control
ORD-008476,2024-03-02,CUST-01429,cust-01429@lumenmail.com,Furniture,1,72.07,0.0,Email,US,
ORD-007291,2024-04-09,CUST-01665,cust-01665@lumenmail.com,Décor,3,40.25,0.15,Paid Search,AU,variant
ORD-006141,29/06/2023,CUST-02111,cust-02111@lumenmail.com,Lighting,1,37.92,0.05,Organic,US,control
ORD-001477,2024-05-01,CUST-02457,cust-02457@lumenmail.com,Décor,2,796.1,0.05,,US,control
ORD-002087,2024-09-30,CUST-02496,cust-02496@lumenmail.com,Accessories,2,225.47,0.15,Paid Search,UK,variant
ORD-003483,2024-07-06,CUST-01149,cust-01149@lumenmail.com,Décor,2,62.03,0.0,Email,CA,
ORD-007859,04/07/2023,CUST-01989,cust-01989@lumenmail.com,Lighting,1,47.67,0.0,Email,CA,variant
ORD-005652,22/06/2024,CUST-01240,cust-01240@lumenmail.com,Outdoor,1,133.19,0.05,Organic,US,control
ORD-007681,2024-07-19,CUST-00468,cust-00468@lumenmail.com,Décor,2,43.52,0.05,Email,US,
ORD-003620,2024-06-09,CUST-02074,cust-02074@lumenmail.com,Lighting,2,304.8,0.0,Organic,US,
ORD-009471,2023-10-05,CUST-02329,cust-02329@lumenmail.com,Décor,7,22.38,0.2,Organic,US,
ORD-008887,2024-04-16,CUST-01261,cust-01261@lumenmail.com,Décor,1,384.04,0.0,Paid Search,UK,
ORD-008053,2024-03-15,CUST-02531,cust-02531@lumenmail.com,Décor,1,14.08,0.1,Organic,US,
ORD-000909,2024-07-05,CUST-01815,cust-01815@lumenmail.com,Décor,2,74.41,0.0,Organic,ZZ,
ORD-004329,2023-11-25,CUST-02987,cust-02987@lumenmail.com,Décor,1,195.58,0.05,Paid Search,CA,control
ORD-007047,2023-07-22,CUST-01863,cust-01863@lumenmail.com,Outdoor,1,124.75,0.05,Organic,CA,control
ORD-007487,2024-07-02,CUST-00637,cust-00637@lumenmail.com,Décor,1,14.35,0.1,Organic,US,control
ORD-003495,23/09/2024,CUST-01359,cust-01359@lumenmail.com,Décor,1,45.92,0.1,Organic,AU,control
ORD-008740,2024-10-11,CUST-00323,cust-00323@lumenmail.com,Outdoor,2,34.57,0.0,Paid Search,US,variant
ORD-002686,2024-02-15,CUST-02934,cust-02934@lumenmail.com,Furniture,5,71.09,0.0,Organic,ZZ,control
ORD-006269,2024-11-27,CUST-00676,cust-00676@lumenmail.com,Outdoor,2,48.08,0.1,Organic,US,
ORD-005925,21/07/2024,CUST-01451,cust-01451@lumenmail.com,Furniture,2,98.89,0.0,Organic,CA,control
ORD-001605,20/04/2024,CUST-01855,cust-01855@lumenmail.com,Lighting,2,221.46,0.05,Organic,CA,variant
ORD-002634,2024-11-05,CUST-02097,cust-02097@lumenmail.com,Décor,-1,12.51,0.2,Organic,US,variant
ORD-006634,2023-07-12,CUST-00351,cust-00351@lumenmail.com,Lighting,5,91.51,0.0,Paid Search,US,control
ORD-003461,2024-01-22,,guest@lumenmail.com,Lighting,1,194.87,0.0,Organic,US,control
ORD-001146,2024-08-09,CUST-00258,cust-00258@lumenmail.com,Lighting,1,384.85,0.15,Organic,US,
ORD-003766,2024-08-30,CUST-02259,cust-02259@lumenmail.com,Furniture,3,308.42,0.15,Paid Search,US,
ORD-006650,2024-08-22,CUST-02690,cust-02690@lumenmail.com,Outdoor,1,63.39,0.2,Paid Search,US,
ORD-000359,2023-11-17,CUST-00057,cust-00057@lumenmail.com,Décor,1,164.21,0.05,Organic,US,
ORD-004884,2024-07-22,CUST-00777,cust-00777@lumenmail.com,Lighting,2,258.98,0.0,Email,US,
ORD-005155,21/10/2024,,guest@lumenmail.com,Accessories,1,607.23,0.15,Social,CA,control
ORD-006839,2023-09-04,CUST-00364,cust-00364@lumenmail.com,Furniture,4,41.42,0.15,Paid Search,US,
ORD-000674,2024-11-20,CUST-02569,cust-02569@lumenmail.com,Furniture,1,27.03,0.0,Email,ZZ,variant
ORD-000230,30/12/2023,CUST-01108,cust-01108@lumenmail.com,Lighting,4,62.11,0.15,Paid Search,US,variant
ORD-006473,2023-06-21,CUST-01791,cust-01791@lumenmail.com,Accessories,1,13.93,0.0,Social,CA,control
ORD-001395,2024-07-15,CUST-01691,cust-01691@lumenmail.com,Outdoor,1,77.06,0.2,Organic,US,
ORD-000069,2023-09-08,CUST-00858,cust-00858@lumenmail.com,Décor,2,163.19,0.05,Social,US,control
ORD-000732,2023-11-19,CUST-01953,cust-01953@lumenmail.com,Furniture,1,66.99,0.05,Paid Search,CA,control
ORD-006229,2024-06-24,CUST-00633,cust-00633@lumenmail.com,Lighting,1,208.41,0.1,Paid Search,US,
ORD-003088,2024-06-23,CUST-00225,cust-00225@lumenmail.com,Accessories,7,219.01,0.05,Organic,AU,control
ORD-005314,05/12/2024,CUST-02787,cust-02787@lumenmail.com,Furniture,4,100.4,0.0,Email,US,
ORD-004288,2024-02-05,CUST-01951,cust-01951@lumenmail.com,Furniture,3,23.05,0.1,Organic,US,
ORD-000135,2023-08-27,CUST-02057,cust-02057@lumenmail.com,Lighting,2,24.22,0.0,Organic,US,
ORD-000747,2023-07-09,CUST-02324,cust-02324@lumenmail.com,Lighting,2,80.41,0.2,Organic,AU,variant
ORD-001139,2023-08-03,CUST-00624,cust-00624@lumenmail.com,Lighting,2,30.93,0.0,Organic,AU,variant
ORD-001225,2024-04-12,CUST-00918,cust-00918@lumenmail.com,Lighting,2,86.99,0.05,Paid Search,US,control
ORD-007740,2023-06-12,CUST-01805,cust-01805@lumenmail.com,Furniture,5,164.37,0.05,Email,CA,variant
ORD-006463,07/07/2023,CUST-02373,cust-02373@lumenmail.com,Furniture,1,63.14,0.0,Social,US,variant
ORD-001771,2023-11-26,CUST-00232,cust-00232@lumenmail.com,Outdoor,4,115.31,0.05,Social,US,
ORD-000652,07/01/2024,CUST-02570,cust-02570@lumenmail.com,Décor,2,52.36,0.05,Organic,US,variant
ORD-002781,2024-02-02,CUST-00819,cust-00819@lumenmail.com,Lighting,7,86.98,0.0,Email,US,variant
ORD-005813,2024-05-12,CUST-01172,cust-01172@lumenmail.com,Décor,5,147.7,0.15,Email,AU,variant
ORD-001293,2024-04-25,CUST-02366,cust-02366@lumenmail.com,Furniture,3,16.07,0.0,Paid Search,CA,control
ORD-001541,2024-06-24,CUST-00537,cust-00537@lumenmail.com,Accessories,2,47.29,0.05,Paid Search,ZZ,variant
ORD-004805,2024-11-02,CUST-02817,cust-02817@lumenmail.com,Décor,2,6.92,0.0,Email,US,
ORD-007422,2024-01-17,CUST-01977,cust-01977@lumenmail.com,Accessories,6,29.13,0.1,Paid Search,CA,variant
ORD-009354,2023-10-23,CUST-02171,cust-02171@lumenmail.com,Décor,2,9.92,0.0,Social,US,
ORD-003131,13/08/2024,CUST-02068,cust-02068@lumenmail.com,Décor,1,583.6,0.05,Paid Search,UK,variant
ORD-002786,2024-03-09,CUST-01007,cust-01007@lumenmail.com,Décor,5,218.7,0.0,Email,US,
ORD-000780,2023-09-23,CUST-01919,cust-01919@lumenmail.com,Décor,1,142.3,0.1,,US,
ORD-000399,10/12/2024,CUST-02893,cust-02893@lumenmail.com,Décor,1,107.37,0.1,Organic,UK,variant
ORD-007723,2023-10-16,CUST-01056,cust-01056@lumenmail.com,Décor,4,148.19,0.1,Paid Search,US,control
ORD-001448,2024-01-23,CUST-02656,cust-02656@lumenmail.com,Décor,1,37.26,0.25,Organic,US,
ORD-007457,2024-08-28,CUST-02743,cust-02743@lumenmail.com,Lighting,2,432.85,0.0,Email,US,control
ORD-002151,2023-07-29,CUST-02379,cust-02379@lumenmail.com,Décor,1,79.18,0.0,Email,US,
ORD-001410,2024-02-05,CUST-01597,cust-01597@lumenmail.com,Lighting,1,13.45,0.0,Email,US,control
ORD-004529,2023-07-11,CUST-01451,cust-01451@lumenmail.com,Lighting,1,102.48,0.0,Organic,US,control
ORD-008220,2024-01-06,CUST-01814,cust-01814@lumenmail.com,Outdoor,1,477.97,0.0,Organic,CA,
ORD-007763,2024-02-29,CUST-02967,cust-02967@lumenmail.com,Décor,2,62.72,0.0,Email,US,variant
ORD-002297,2023-08-01,CUST-02280,cust-02280@lumenmail.com,Décor,1,49.32,0.05,Organic,US,
ORD-007261,2023-12-28,CUST-00044,cust-00044@lumenmail.com,Furniture,2,36.62,0.0,Email,US,
ORD-005894,2024-08-07,CUST-01627,cust-01627@lumenmail.com,Décor,7,40.97,0.05,Email,US,variant
ORD-006273,2024-12-26,CUST-01136,cust-01136@lumenmail.com,Décor,1,52.88,0.25,Social,US,
ORD-000847,2023-09-25,CUST-02945,cust-02945@lumenmail.com,Furniture,7,752.7,0.0,Email,US,
ORD-008810,2024-03-26,CUST-02978,cust-02978@lumenmail.com,Outdoor,3,89.54,0.05,Email,CA,
ORD-002315,2024-08-23,CUST-01305,cust-01305@lumenmail.com,Lighting,2,93.82,0.1,Paid Search,CA,variant
ORD-008084,11/10/2023,CUST-00815,cust-00815@lumenmail.com,Décor,1,24.53,0.05,Paid Search,US,variant
ORD-006967,2024-05-02,CUST-00318,cust-00318@lumenmail.com,Accessories,4,89.56,0.1,Organic,CA,variant
ORD-007634,2023-07-20,,guest@lumenmail.com,Lighting,4,176.03,0.15,Paid Search,US,
ORD-001846,2024-04-04,CUST-02287,cust-02287@lumenmail.com,Décor,1,54.32,0.05,Paid Search,UK,variant
ORD-000491,,CUST-01975,cust-01975@lumenmail.com,Furniture,1,278.24,0.05,Social,US,control
ORD-000979,2024-02-25,CUST-02102,cust-02102@lumenmail.com,Décor,3,44.05,0.15,Organic,US,
ORD-002749,2024-04-13,CUST-01742,cust-01742@lumenmail.com,Furniture,1,44.88,0.0,Paid Search,US,control
ORD-003911,2023-11-20,CUST-02553,cust-02553@lumenmail.com,Accessories,1,8.57,0.0,Social,CA,control
ORD-004741,2024-03-10,CUST-00246,cust-00246@lumenmail.com,Lighting,2,141.3,0.05,Paid Search,US,control
ORD-008029,2023-10-30,CUST-01073,cust-01073@lumenmail.com,Outdoor,5,31.32,0.15,Paid Search,US,
ORD-002138,2023-11-17,CUST-01091,cust-01091@lumenmail.com,Lighting,2,110.43,0.0,Social,US,
ORD-001404,2024-01-11,CUST-00641,cust-00641@lumenmail.com,Accessories,3,128.31,0.15,Social,US,
ORD-000144,2023-12-08,CUST-02249,cust-02249@lumenmail.com,Lighting,1,19.67,0.0,Organic,US,
ORD-002047,2024-05-18,CUST-02752,cust-02752@lumenmail.com,Lighting,4,15.98,0.1,Paid Search,UK,
ORD-007728,2024-10-22,CUST-01200,cust-01200@lumenmail.com,Accessories,1,261.37,0.1,Organic,ZZ,
ORD-005326,2023-10-11,CUST-01452,cust-01452@lumenmail.com,Furniture,3,24.44,0.0,Email,UK,control
ORD-002346,28/12/2024,CUST-01886,cust-01886@lumenmail.com,Décor,1,29.66,0.0,Organic,US,variant
ORD-008446,01/10/2023,CUST-02346,cust-02346@lumenmail.com,Lighting,1,5.21,0.05,Paid Search,US,control
ORD-007692,2024-02-03,CUST-02555,cust-02555@lumenmail.com,Décor,4,169.06,0.15,Paid Search,US,
ORD-005777,2024-04-24,CUST-02239,cust-02239@lumenmail.com,Furniture,1,79.64,0.05,,US,control
ORD-003648,2024-08-21,CUST-02313,cust-02313@lumenmail.com,Furniture,1,19.27,0.0,Email,UK,control
ORD-002966,2023-06-10,CUST-02256,cust-02256@lumenmail.com,Décor,1,285.55,0.0,Paid Search,CA,control
ORD-008873,2024-12-27,CUST-02482,cust-02482@lumenmail.com,Outdoor,3,7.07,0.0,Organic,AU,variant
ORD-003847,12/06/2024,CUST-01171,cust-01171@lumenmail.com,Décor,1,285.11,0.05,Social,US,
ORD-006047,19/09/2023,CUST-02903,cust-02903@lumenmail.com,Outdoor,2,64.09,0.0,Paid Search,US,variant
ORD-004969,09/07/2024,CUST-00448,cust-00448@lumenmail.com,Décor,2,85.1,0.0,Paid Search,US,variant
ORD-006310,2023-09-26,,guest@lumenmail.com,Décor,1,17.41,0.05,Organic,US,variant
ORD-004325,2024-02-22,CUST-02996,cust-02996@lumenmail.com,Décor,1,120.83,0.05,Email,US,control
ORD-002079,2024-12-22,CUST-00425,cust-00425@lumenmail.com,Outdoor,1,84.68,0.0,Paid Search,US,variant
ORD-008294,31/12/2023,CUST-01594,cust-01594@lumenmail.com,Furniture,1,35.23,0.0,Paid Search,US,
ORD-007707,28/01/2024,,guest@lumenmail.com,Lighting,2,70.49,0.0,Organic,US,
ORD-005342,2023-10-12,CUST-01735,cust-01735@lumenmail.com,Lighting,1,13.77,0.0,Social,US,variant
ORD-000982,15/03/2024,CUST-02486,cust-02486@lumenmail.com,Lighting,3,92.93,0.05,Social,US,
ORD-000854,2023-07-26,CUST-00690,cust-00690@lumenmail.com,Furniture,2,34.88,0.0,Paid Search,US,variant
ORD-003967,02/10/2024,CUST-01666,cust-01666@lumenmail.com,Lighting,1,31.07,0.0,Paid Search,US,control
ORD-002814,2024-06-19,CUST-02499,cust-02499@lumenmail.com,Outdoor,1,103.98,0.1,Social,US,variant
ORD-002155,2024-06-04,CUST-00385,cust-00385@lumenmail.com,Outdoor,3,21.51,0.0,Organic,US,variant
ORD-000706,2024-10-11,CUST-02837,cust-02837@lumenmail.com,Décor,3,272.0,0.0,Social,ZZ,variant
ORD-007360,20/07/2024,CUST-00527,cust-00527@lumenmail.com,Lighting,3,290.16,0.1,Email,US,
ORD-008609,2024-04-23,CUST-01272,cust-01272@lumenmail.com,Lighting,1,281.2,0.05,Paid Search,US,variant
ORD-007434,2024-08-14,CUST-02683,cust-02683@lumenmail.com,Lighting,2,58.8,0.05,Social,US,
ORD-001405,30/10/2023,CUST-02434,cust-02434@lumenmail.com,Outdoor,1,395.92,0.0,Social,US,variant
ORD-000528,2024-05-23,CUST-01449,cust-01449@lumenmail.com,Décor,2,134.62,0.05,Email,US,
ORD-005588,2024-08-11,CUST-00998,cust-00998@lumenmail.com,Furniture,4,52.96,0.2,Email,US,control
ORD-003221,2024-07-08,CUST-00265,cust-00265@lumenmail.com,Lighting,2,42.15,0.05,Paid Search,US,
ORD-007531,2024-09-15,CUST-00902,cust-00902@lumenmail.com,Lighting,3,257.12,0.0,Social,UK,
ORD-007245,27/02/2024,CUST-01091,cust-01091@lumenmail.com,Décor,3,48.88,0.0,Paid Search,UK,control
ORD-001054,2023-12-19,CUST-02842,cust-02842@lumenmail.com,Lighting,5,281.46,0.1,Email,US,variant
ORD-001159,2023-12-29,CUST-02377,cust-02377@lumenmail.com,Lighting,2,121.28,0.0,Email,UK,
ORD-004124,2024-10-09,CUST-01678,cust-01678@lumenmail.com,Furniture,2,25.42,0.0,Email,US,control
ORD-008206,2024-01-24,CUST-02389,cust-02389@lumenmail.com,Décor,1,357.08,0.05,Social,US,
ORD-006154,2024-11-16,CUST-02947,cust-02947@lumenmail.com,Furniture,1,22.84,0.0,Organic,US,variant
ORD-005388,2023-09-12,CUST-00189,cust-00189@lumenmail.com,Accessories,1,62.08,0.05,Paid Search,US,
ORD-007882,2023-10-21,CUST-01512,cust-01512@lumenmail.com,Lighting,1,71.33,0.25,Email,US,
ORD-001504,,CUST-00129,cust-00129@lumenmail.com,Décor,3,89.26,0.15,Organic,US,variant
ORD-001154,08/08/2024,CUST-02361,cust-02361@lumenmail.com,Décor,7,86.03,0.0,Paid Search,US,
ORD-004164,24/09/2024,CUST-01608,cust-01608@lumenmail.com,Décor,1,61.47,0.15,Paid Search,UK,control
ORD-009269,2024-03-27,CUST-02711,cust-02711@lumenmail.com,Lighting,1,24.87,0.0,Paid Search,US,
ORD-003143,07/08/2024,CUST-01852,cust-01852@lumenmail.com,Lighting,1,69.48,0.0,Paid Search,CA,
ORD-007262,2023-07-16,CUST-00898,cust-00898@lumenmail.com,Décor,3,26.94,0.0,Email,US,variant
ORD-006821,2024-10-12,CUST-00047,cust-00047@lumenmail.com,Furniture,2,5.6,0.0,Organic,US,
ORD-001246,2024-05-21,CUST-01257,cust-01257@lumenmail.com,Décor,1,82.47,0.2,Email,US,
ORD-007851,12/07/2024,CUST-01019,cust-01019@lumenmail.com,Lighting,2,46.07,0.0,Organic,US,
ORD-008642,2024-07-11,CUST-01578,cust-01578@lumenmail.com,Outdoor,1,83.79,0.05,Email,US,
ORD-005696,16/11/2024,CUST-00062,cust-00062@lumenmail.com,Lighting,4,46.13,0.15,Paid Search,US,control
ORD-003852,2024-09-28,CUST-00222,cust-00222@lumenmail.com,Décor,1,91.27,0.05,Paid Search,AU,control
ORD-006520,2024-08-17,CUST-00640,cust-00640@lumenmail.com,Lighting,1,95.07,0.0,,UK,control
ORD-005583,25/04/2024,CUST-00837,cust-00837@lumenmail.com,Furniture,1,508.51,0.1,Email,US,control
ORD-006655,2024-05-20,CUST-01259,cust-01259@lumenmail.com,Accessories,1,126.19,0.15,Organic,CA,control
ORD-001155,2024-11-04,CUST-00583,cust-00583@lumenmail.com,Décor,1,78.96,0.0,Email,CA,variant
ORD-003524,2023-12-22,CUST-02347,cust-02347@lumenmail.com,Lighting,2,75.42,0.0,Organic,US,control
ORD-002765,2024-03-27,CUST-01786,cust-01786@lumenmail.com,Outdoor,1,65.74,0.0,Organic,US,
ORD-001550,2023-08-29,,guest@lumenmail.com,Accessories,2,193.96,0.0,Social,US,variant
ORD-008587,2024-06-21,CUST-02543,cust-02543@lumenmail.com,Furniture,1,25.89,0.2,Organic,US,variant
ORD-000650,2023-07-15,CUST-01573,cust-01573@lumenmail.com,Lighting,1,43.79,0.0,Organic,ZZ,control
ORD-000217,2024-06-23,CUST-01779,cust-01779@lumenmail.com,Furniture,3,90.1,0.0,Email,UK,
ORD-007967,2024-09-22,CUST-02312,cust-02312@lumenmail.com,Décor,2,65.23,0.0,Organic,US,control
ORD-006707,2023-12-22,CUST-00794,cust-00794@lumenmail.com,Lighting,1,624.02,0.0,Email,UK,control
ORD-008322,2024-07-04,CUST-00016,cust-00016@lumenmail.com,Lighting,1,30.97,0.2,Email,CA,control
ORD-007115,2024-10-15,CUST-02802,cust-02802@lumenmail.com,Décor,1,74.97,0.0,Paid Search,US,
ORD-002447,2023-12-05,CUST-01923,cust-01923@lumenmail.com,Outdoor,2,207.26,0.1,Social,US,
ORD-007669,2024-03-09,CUST-02440,cust-02440@lumenmail.com,Lighting,2,16.29,0.0,Paid Search,US,
ORD-008745,2023-08-24,CUST-00117,cust-00117@lumenmail.com,Furniture,4,172.06,0.05,Paid Search,US,variant
ORD-006171,2024-06-21,CUST-01989,cust-01989@lumenmail.com,Décor,1,83.51,0.0,Paid Search,CA,variant
ORD-008376,2024-01-31,CUST-00675,cust-00675@lumenmail.com,Décor,1,65.09,0.0,Email,US,variant
ORD-000797,31/10/2024,CUST-00628,cust-00628@lumenmail.com,Décor,2,179.3,0.0,Email,US,control
ORD-007103,08/02/2024,CUST-01509,cust-01509@lumenmail.com,Décor,1,528.59,0.0,Paid Search,US,control
ORD-007904,20/03/2024,CUST-00668,cust-00668@lumenmail.com,Décor,2,20.49,0.05,,AU,
ORD-006028,2023-11-15,CUST-02672,cust-02672@lumenmail.com,Lighting,1,28.91,0.15,Paid Search,US,
ORD-006396,2024-05-04,CUST-01889,cust-01889@lumenmail.com,Accessories,7,277.5,0.05,Organic,US,variant
ORD-002619,2023-11-23,CUST-01489,cust-01489@lumenmail.com,Furniture,3,27.58,0.2,Email,US,control
ORD-006993,2024-08-28,CUST-02703,cust-02703@lumenmail.com,Lighting,1,30.12,0.0,Organic,US,
ORD-009548,2023-10-07,CUST-01180,cust-01180@lumenmail.com,Décor,2,7.04,0.1,Email,UK,
ORD-007458,22/06/2024,CUST-01010,cust-01010@lumenmail.com,Lighting,1,24.23,0.15,Social,AU,
ORD-003519,2024-03-15,CUST-01367,cust-01367@lumenmail.com,Lighting,2,328.61,0.0,Social,CA,
ORD-000136,29/02/2024,,guest@lumenmail.com,Lighting,1,7.53,0.15,Social,US,
ORD-002422,2024-02-16,,guest@lumenmail.com,Furniture,4,12.99,0.0,Email,US,control
ORD-002613,2023-10-29,CUST-02746,cust-02746@lumenmail.com,Lighting,2,697.01,0.05,Paid Search,UK,
ORD-000274,2023-10-16,CUST-00232,cust-00232@lumenmail.com,Lighting,1,31.24,0.05,Paid Search,CA,variant
ORD-003346,2024-10-22,CUST-02910,cust-02910@lumenmail.com,Furniture,1,70.9,0.0,Email,US,variant
ORD-007289,31/07/2024,CUST-00879,cust-00879@lumenmail.com,Décor,1,347.7,0.05,Paid Search,US,variant
ORD-001003,2024-12-03,CUST-02354,cust-02354@lumenmail.com,Décor,5,288.19,0.0,Paid Search,US,variant
ORD-009212,2023-11-17,,guest@lumenmail.com,Décor,6,30.12,0.0,Paid Search,US,variant
ORD-002362,2024-10-29,CUST-02902,cust-02902@lumenmail.com,Furniture,2,114.14,0.15,,US,
ORD-006817,2024-05-22,CUST-01814,cust-01814@lumenmail.com,Outdoor,1,135.69,0.05,Email,US,control
ORD-005989,2023-11-02,CUST-00489,cust-00489@lumenmail.com,Furniture,2,50.19,0.1,,CA,control
ORD-003961,2023-12-08,CUST-02753,cust-02753@lumenmail.com,Lighting,-4,163.11,0.0,Paid Search,CA,control
ORD-004102,2024-06-04,CUST-00764,cust-00764@lumenmail.com,Lighting,2,505.64,0.0,Paid Search,US,
ORD-000271,05/06/2024,CUST-00492,cust-00492@lumenmail.com,Lighting,2,0.0,0.0,Organic,US,
ORD-007102,19/06/2024,,guest@lumenmail.com,Furniture,2,20.13,0.05,Social,UK,variant
ORD-000970,2024-07-25,CUST-02194,cust-02194@lumenmail.com,Lighting,1,142.78,0.0,Organic,US,
ORD-002210,2024-02-17,CUST-00537,cust-00537@lumenmail.com,Accessories,1,87.73,0.15,,US,control
ORD-002258,2023-10-22,CUST-02435,cust-02435@lumenmail.com,Lighting,1,35.97,0.2,Social,UK,
ORD-007755,2024-07-01,CUST-02712,cust-02712@lumenmail.com,Lighting,7,208.24,0.05,Organic,US,control
ORD-002736,2024-03-04,CUST-01283,cust-01283@lumenmail.com,Lighting,7,117.03,0.0,Paid Search,US,control
ORD-004787,2024-02-28,CUST-01643,cust-01643@lumenmail.com,Outdoor,1,0.0,0.1,Organic,US,
ORD-001567,2023-06-30,CUST-01680,cust-01680@lumenmail.com,Furniture,2,98.57,0.0,Paid Search,CA,
ORD-001639,2023-09-22,CUST-00866,cust-00866@lumenmail.com,Accessories,1,95.78,0.1,Paid Search,US,variant
ORD-000440,2024-05-19,CUST-00073,cust-00073@lumenmail.com,Décor,1,85.47,0.0,Paid Search,US,variant
ORD-008247,2023-11-20,CUST-01922,cust-01922@lumenmail.com,Lighting,1,65.68,0.1,Email,AU,control
ORD-008008,10/06/2024,CUST-02981,cust-02981@lumenmail.com,Décor,1,362.05,0.2,Paid Search,US,variant
ORD-006555,2024-09-27,CUST-00165,cust-00165@lumenmail.com,Outdoor,1,38.42,0.15,Email,US,control
ORD-005447,2024-03-13,CUST-00314,cust-00314@lumenmail.com,Lighting,1,65.57,0.0,Organic,UK,variant
ORD-002777,2023-11-04,CUST-00086,cust-00086@lumenmail.com,Lighting,3,68.7,0.15,Paid Search,AU,
ORD-005800,2024-03-08,CUST-02295,cust-02295@lumenmail.com,Accessories,1,29.22,0.1,Social,US,
ORD-007553,2023-12-05,CUST-01956,cust-01956@lumenmail.com,Décor,2,37.28,0.0,Email,CA,control
ORD-004002,2024-12-13,CUST-01733,cust-01733@lumenmail.com,Furniture,3,176.85,0.1,Paid Search,US,variant
ORD-009442,2024-05-04,CUST-02033,cust-02033@lumenmail.com,Furniture,1,97.25,0.0,Paid Search,US,control
ORD-005805,2024-11-16,CUST-00391,cust-00391@lumenmail.com,Furniture,3,9.19,0.0,Email,AU,control
ORD-007505,2024-06-23,CUST-02431,cust-02431@lumenmail.com,Outdoor,1,23.25,0.2,Organic,CA,
ORD-002642,2024-02-15,CUST-00596,cust-00596@lumenmail.com,Outdoor,2,41.72,0.1,Email,CA,variant
ORD-001862,2024-03-17,CUST-01872,cust-01872@lumenmail.com,Furniture,1,12.17,0.15,Organic,US,
ORD-003700,2024-03-23,CUST-01024,cust-01024@lumenmail.com,Lighting,1,13.19,0.25,Paid Search,US,control
ORD-001743,2024-06-12,CUST-00843,cust-00843@lumenmail.com,Lighting,-1,8.11,0.0,Paid Search,US,
ORD-007941,2024-06-08,CUST-00016,cust-00016@lumenmail.com,Décor,1,47.44,0.1,Paid Search,CA,variant
ORD-003799,2024-04-18,CUST-02514,cust-02514@lumenmail.com,Lighting,2,30.12,0.05,Paid Search,US,control
ORD-001853,2023-10-17,CUST-00381,cust-00381@lumenmail.com,Lighting,2,86.4,0.05,Paid Search,US,control
ORD-002703,2024-06-16,CUST-02260,cust-02260@lumenmail.com,Lighting,5,36.95,0.05,Email,US,variant
ORD-007368,2024-05-27,,guest@lumenmail.com,Furniture,2,187.31,0.0,,AU,
ORD-002102,2023-11-19,CUST-00378,cust-00378@lumenmail.com,Accessories,1,87.79,0.2,Paid Search,US,
ORD-004963,2024-04-20,CUST-02300,cust-02300@lumenmail.com,Décor,2,20.97,0.1,,US,variant
ORD-001228,2024-09-25,CUST-01182,cust-01182@lumenmail.com,Outdoor,2,158.42,0.0,Email,US,control
ORD-004817,2024-10-24,CUST-02661,cust-02661@lumenmail.com,Accessories,1,24.01,0.05,Paid Search,US,
ORD-002754,2023-12-02,CUST-00461,cust-00461@lumenmail.com,Lighting,5,52.39,0.0,Organic,CA,variant
ORD-008655,2024-10-01,CUST-02207,cust-02207@lumenmail.com,Outdoor,1,170.76,0.0,Paid Search,CA,
ORD-000988,2023-09-05,CUST-00213,cust-00213@lumenmail.com,Furniture,1,342.24,0.0,Email,US,
ORD-004954,2023-10-07,CUST-00868,cust-00868@lumenmail.com,Furniture,7,602.02,0.2,Organic,US,
ORD-009385,2024-08-10,CUST-01113,cust-01113@lumenmail.com,Furniture,3,607.83,0.0,Paid Search,US,variant
ORD-006339,2024-01-29,CUST-01027,cust-01027@lumenmail.com,Lighting,1,24.12,0.0,Social,US,variant
ORD-000467,2024-04-09,CUST-00919,cust-00919@lumenmail.com,Lighting,6,9.59,0.0,Paid Search,CA,
ORD-004631,2024-07-25,CUST-01980,cust-01980@lumenmail.com,Lighting,1,113.87,0.0,Email,AU,variant
ORD-008838,02/12/2023,CUST-00563,cust-00563@lumenmail.com,Décor,4,48.44,0.15,Organic,CA,
ORD-007429,14/12/2023,CUST-02006,cust-02006@lumenmail.com,Lighting,1,44.27,0.0,Organic,US,variant
ORD-003390,09/11/2024,CUST-02426,cust-02426@lumenmail.com,Furniture,3,41.69,0.0,Paid Search,CA,
ORD-003191,12/06/2023,CUST-02687,cust-02687@lumenmail.com,Décor,1,70.37,0.1,Paid Search,US,control
ORD-002386,2024-06-27,CUST-02234,cust-02234@lumenmail.com,Décor,1,194.56,0.05,Paid Search,CA,variant
ORD-001416,06/04/2024,CUST-00015,cust-00015@lumenmail.com,Furniture,2,48.88,0.0,Email,US,
ORD-009032,2024-05-31,CUST-00683,cust-00683@lumenmail.com,Lighting,3,155.48,0.05,Organic,US,
ORD-008038,2024-01-15,CUST-00277,cust-00277@lumenmail.com,Outdoor,1,44.48,0.05,,US,
ORD-008878,2024-05-03,CUST-01092,cust-01092@lumenmail.com,Lighting,2,240.05,0.0,Organic,CA,
ORD-007438,27/05/2024,,guest@lumenmail.com,Décor,1,508.59,0.0,Social,CA,control
ORD-003326,2023-07-04,CUST-02716,cust-02716@lumenmail.com,Furniture,1,39.26,0.0,Social,US,control
ORD-006726,2024-07-04,CUST-00578,cust-00578@lumenmail.com,Lighting,3,48.16,0.05,Paid Search,CA,
ORD-004241,2024-02-04,CUST-01925,cust-01925@lumenmail.com,Furniture,2,67.37,0.0,Email,CA,control
ORD-005313,2024-10-20,CUST-00548,cust-00548@lumenmail.com,Décor,1,0.0,0.25,Paid Search,US,variant
ORD-004130,2023-09-05,CUST-01995,cust-01995@lumenmail.com,Furniture,2,29.71,0.1,Paid Search,US,
ORD-004949,2024-10-21,CUST-01583,cust-01583@lumenmail.com,Décor,1,38.09,0.0,Social,US,variant
ORD-004287,2024-04-22,CUST-01963,cust-01963@lumenmail.com,Furniture,1,758.75,0.1,,US,control
ORD-006845,2023-08-01,CUST-01767,cust-01767@lumenmail.com,Lighting,4,0.0,0.1,Paid Search,US,
ORD-001847,2023-07-11,CUST-01650,cust-01650@lumenmail.com,Outdoor,2,340.48,0.0,Organic,US,variant
ORD-007007,2024-12-11,CUST-01054,cust-01054@lumenmail.com,Décor,3,318.18,0.1,Paid Search,US,variant
ORD-004081,2023-09-18,CUST-00951,cust-00951@lumenmail.com,Décor,-1,85.31,0.0,Email,US,control
ORD-007679,11/09/2024,CUST-02782,cust-02782@lumenmail.com,Furniture,2,54.02,0.0,Email,US,variant
ORD-001196,2023-10-21,CUST-00579,cust-00579@lumenmail.com,Lighting,4,8.54,0.0,Organic,US,variant
ORD-003545,2023-11-26,CUST-02613,cust-02613@lumenmail.com,Outdoor,2,21.2,0.0,Organic,US,
ORD-006312,2024-09-22,CUST-01749,cust-01749@lumenmail.com,Lighting,1,394.55,0.0,Paid Search,US,control
ORD-003391,2023-07-15,CUST-01537,cust-01537@lumenmail.com,Lighting,1,185.2,0.05,Social,UK,variant
ORD-004692,2024-12-26,CUST-02629,cust-02629@lumenmail.com,Outdoor,2,39.98,0.0,Social,US,variant
ORD-004545,2023-10-08,CUST-02742,cust-02742@lumenmail.com,Lighting,2,67.25,0.15,Paid Search,AU,
ORD-000492,2024-05-22,CUST-00403,cust-00403@lumenmail.com,Décor,7,211.0,0.05,Paid Search,US,variant
ORD-005623,2023-10-03,CUST-01990,cust-01990@lumenmail.com,Lighting,1,42.92,0.0,Email,US,variant
ORD-006934,2024-02-24,CUST-00664,cust-00664@lumenmail.com,Accessories,7,717.94,0.15,Email,US,variant
ORD-003742,2023-07-27,CUST-01682,cust-01682@lumenmail.com,Lighting,2,82.79,0.0,Email,UK,variant
ORD-008934,2023-06-21,CUST-00550,cust-00550@lumenmail.com,Lighting,2,138.24,0.0,Email,UK,
ORD-006855,08/11/2023,,guest@lumenmail.com,Accessories,1,94.95,0.0,Email,US,control
ORD-001082,2023-07-28,CUST-00513,cust-00513@lumenmail.com,Lighting,1,30.54,0.0,Social,US,control
ORD-001994,2023-08-02,CUST-02776,cust-02776@lumenmail.com,Décor,3,0.0,0.0,Social,ZZ,control
ORD-003940,2024-06-12,CUST-00101,cust-00101@lumenmail.com,Décor,5,33.38,0.0,Paid Search,US,variant
ORD-005712,2024-01-11,CUST-02113,cust-02113@lumenmail.com,Lighting,1,44.07,0.05,Email,CA,variant
ORD-003826,2023-12-27,CUST-00856,cust-00856@lumenmail.com,Décor,1,667.1,0.1,Email,UK,
ORD-000370,2024-04-15,CUST-00972,cust-00972@lumenmail.com,Outdoor,2,377.2,0.15,Email,US,
ORD-004218,11/10/2023,CUST-02910,cust-02910@lumenmail.com,Outdoor,1,61.08,0.1,Paid Search,US,control
ORD-007011,2024-08-11,CUST-01969,cust-01969@lumenmail.com,Outdoor,1,165.61,0.0,Paid Search,US,control
ORD-006150,2024-01-11,CUST-02135,cust-02135@lumenmail.com,Outdoor,3,31.52,0.0,Social,UK,
ORD-007892,2023-12-16,CUST-01662,cust-01662@lumenmail.com,Outdoor,1,359.76,0.0,Social,UK,variant
ORD-008611,2023-10-31,,guest@lumenmail.com,Décor,1,99.65,0.25,Social,US,variant
ORD-007344,2024-01-27,CUST-02498,cust-02498@lumenmail.com,Lighting,2,10.77,0.2,Email,UK,
ORD-004360,2024-03-09,CUST-02391,cust-02391@lumenmail.com,Décor,1,27.0,0.0,Organic,US,variant
ORD-000101,2024-02-15,CUST-00884,cust-00884@lumenmail.com,Furniture,2,283.16,0.2,Paid Search,CA,
ORD-001666,2024-06-19,CUST-00024,cust-00024@lumenmail.com,Décor,1,72.37,0.1,Email,US,
ORD-008371,2023-12-13,CUST-00753,cust-00753@lumenmail.com,Lighting,1,21.73,0.0,Email,US,variant
ORD-004848,2023-11-14,CUST-00640,cust-00640@lumenmail.com,Lighting,1,10.73,0.0,Paid Search,US,
ORD-007131,08/09/2023,CUST-01453,cust-01453@lumenmail.com,Furniture,-1,29.51,0.05,Paid Search,US,
ORD-007608,2023-09-14,,guest@lumenmail.com,Furniture,1,85.9,0.0,Paid Search,US,control
ORD-004512,2023-06-28,CUST-01657,cust-01657@lumenmail.com,Décor,2,117.87,0.1,Email,CA,
ORD-008544,2024-04-10,CUST-00750,cust-00750@lumenmail.com,Décor,1,717.14,0.0,Email,US,variant
ORD-001038,2024-02-22,CUST-01018,cust-01018@lumenmail.com,Lighting,2,86.99,0.2,Paid Search,UK,control
ORD-002033,2024-12-01,CUST-01491,cust-01491@lumenmail.com,Lighting,3,105.35,0.15,,US,
ORD-005352,2024-08-08,CUST-02909,cust-02909@lumenmail.com,Accessories,1,81.7,0.05,Paid Search,US,
ORD-001794,2023-08-05,,guest@lumenmail.com,Décor,1,33.32,0.15,Paid Search,UK,
ORD-001884,10/04/2024,CUST-02566,cust-02566@lumenmail.com,Furniture,1,70.8,0.0,Organic,US,
ORD-006405,2024-04-18,CUST-02814,cust-02814@lumenmail.com,Décor,4,31.19,0.05,Organic,CA,control
ORD-003102,2024-05-02,CUST-00684,cust-00684@lumenmail.com,Accessories,1,78.57,0.15,Paid Search,US,variant
ORD-000114,2024-09-07,CUST-00302,cust-00302@lumenmail.com,Lighting,1,190.9,0.0,Organic,US,variant
ORD-002903,2024-04-22,CUST-00217,cust-00217@lumenmail.com,Outdoor,1,143.86,0.05,Email,US,
ORD-004495,2024-08-09,CUST-00863,cust-00863@lumenmail.com,Décor,2,36.44,0.0,Social,US,
ORD-004402,2024-04-30,CUST-00089,cust-00089@lumenmail.com,Décor,2,32.38,0.15,Paid Search,US,
ORD-002589,2024-11-14,CUST-00712,cust-00712@lumenmail.com,Furniture,1,25.01,0.0,Paid Search,US,variant
ORD-002654,2024-10-19,CUST-00455,cust-00455@lumenmail.com,Furniture,4,370.02,0.05,Email,AU,control
ORD-001338,06/08/2024,CUST-01724,cust-01724@lumenmail.com,Lighting,3,37.52,0.05,Social,AU,control
ORD-006630,2024-10-09,CUST-00833,cust-00833@lumenmail.com,Décor,3,75.37,0.05,Email,US,control
ORD-002054,2023-11-30,CUST-02058,cust-02058@lumenmail.com,Lighting,7,240.66,0.1,Paid Search,UK,
ORD-002172,2023-06-19,CUST-00185,cust-00185@lumenmail.com,Accessories,3,65.44,0.0,Organic,US,variant
ORD-009599,2023-12-25,CUST-01672,cust-01672@lumenmail.com,Lighting,5,268.85,0.1,Social,US,
ORD-001057,2024-10-23,,guest@lumenmail.com,Furniture,1,10.78,0.25,Email,UK,
ORD-008818,27/12/2024,CUST-01329,cust-01329@lumenmail.com,Outdoor,1,405.14,0.0,Paid Search,US,
ORD-000215,2024-10-03,CUST-00666,cust-00666@lumenmail.com,Lighting,3,44.56,0.0,Email,US,
ORD-007805,2024-05-18,CUST-01558,cust-01558@lumenmail.com,Lighting,1,47.68,0.05,Paid Search,US,variant
ORD-006398,03/04/2024,CUST-02191,cust-02191@lumenmail.com,Furniture,-3,496.3,0.0,Organic,US,variant
ORD-002081,2023-08-03,CUST-02663,cust-02663@lumenmail.com,Décor,1,95.62,0.15,Organic,US,control
ORD-007876,02/06/2024,CUST-02859,cust-02859@lumenmail.com,Outdoor,1,274.4,0.0,Organic,AU,
ORD-001459,2023-10-06,CUST-01221,cust-01221@lumenmail.com,Lighting,1,41.32,0.2,Email,CA,variant
ORD-006811,2023-09-29,CUST-01733,cust-01733@lumenmail.com,Décor,1,355.51,0.2,Email,CA,variant
ORD-003389,2024-11-09,CUST-00680,cust-00680@lumenmail.com,Outdoor,3,301.67,0.05,Organic,CA,variant
ORD-002661,2024-04-29,CUST-01040,cust-01040@lumenmail.com,Furniture,6,42.88,0.0,Paid Search,US,
ORD-000057,12/09/2024,CUST-01488,cust-01488@lumenmail.com,Lighting,4,49.05,0.0,Paid Search,US,
ORD-008183,31/07/2024,CUST-01915,cust-01915@lumenmail.com,Furniture,6,154.82,0.0,Social,CA,control
ORD-004266,2023-08-07,,guest@lumenmail.com,Lighting,1,23.49,0.0,Email,US,control
ORD-005148,17/02/2024,CUST-02418,cust-02418@lumenmail.com,Lighting,1,329.6,0.0,Email,CA,variant
ORD-001434,2024-10-16,CUST-00895,cust-00895@lumenmail.com,Outdoor,1,83.45,0.0,Paid Search,US,control
ORD-004603,2024-02-14,CUST-01757,cust-01757@lumenmail.com,Furniture,4,30.45,0.0,Email,US,
ORD-007909,2023-09-16,CUST-00367,cust-00367@lumenmail.com,Décor,2,19.33,0.0,Paid Search,US,
ORD-003358,2023-12-21,CUST-00280,cust-00280@lumenmail.com,Lighting,1,171.87,0.0,Email,US,control
ORD-008501,2024-01-17,CUST-01786,cust-01786@lumenmail.com,Outdoor,1,52.48,0.15,Email,US,control
ORD-006928,2024-04-27,CUST-02604,cust-02604@lumenmail.com,Lighting,1,96.82,0.0,Paid Search,US,control
ORD-005854,2023-07-09,CUST-02019,cust-02019@lumenmail.com,Furniture,1,144.91,0.1,Paid Search,US,
ORD-005151,2024-07-30,CUST-01116,cust-01116@lumenmail.com,Lighting,-2,61.14,0.0,Email,US,control
ORD-003421,2024-10-26,CUST-01489,cust-01489@lumenmail.com,Furniture,3,27.54,0.1,Social,US,
ORD-005044,2023-11-22,CUST-01657,cust-01657@lumenmail.com,Outdoor,2,302.72,0.1,Email,US,control
ORD-002199,11/09/2024,,guest@lumenmail.com,Lighting,1,97.88,0.0,Organic,US,control
ORD-000928,2023-08-26,CUST-02005,cust-02005@lumenmail.com,Lighting,1,34.47,0.0,Paid Search,CA,
ORD-005004,2024-04-04,CUST-00170,cust-00170@lumenmail.com,Lighting,6,23.25,0.0,Paid Search,US,control
ORD-000083,2023-08-21,CUST-01675,cust-01675@lumenmail.com,Outdoor,7,177.91,0.0,Social,US,control
ORD-002300,2024-07-24,CUST-00025,cust-00025@lumenmail.com,Outdoor,4,40.84,0.0,Social,US,control
ORD-008207,2023-09-13,,guest@lumenmail.com,Décor,5,142.87,0.0,Email,ZZ,variant
ORD-007832,2023-10-17,CUST-01427,cust-01427@lumenmail.com,Accessories,3,0.0,0.2,Paid Search,CA,
ORD-000403,2024-03-30,CUST-00735,cust-00735@lumenmail.com,Lighting,1,158.41,0.1,Email,UK,
ORD-002379,03/12/2024,CUST-02411,cust-02411@lumenmail.com,Lighting,1,740.84,0.15,,CA,variant
ORD-005948,2023-07-14,CUST-00469,cust-00469@lumenmail.com,Outdoor,2,60.07,0.05,Paid Search,UK,
ORD-005346,2023-08-22,CUST-00656,cust-00656@lumenmail.com,Lighting,2,36.48,0.1,Paid Search,CA,
ORD-008649,2023-07-02,CUST-01588,cust-01588@lumenmail.com,Furniture,-1,166.98,0.0,Paid Search,US,control
ORD-007917,2023-06-20,,guest@lumenmail.com,Outdoor,2,32.42,0.0,Paid Search,CA,
ORD-004456,04/10/2024,CUST-01601,cust-01601@lumenmail.com,Lighting,1,24.18,0.1,Email,US,control
ORD-006485,26/01/2024,,guest@lumenmail.com,Accessories,3,149.3,0.0,Organic,US,variant
ORD-008799,2024-06-29,CUST-00769,cust-00769@lumenmail.com,Décor,1,96.25,0.0,Organic,AU,
ORD-005039,2023-07-01,CUST-01600,cust-01600@lumenmail.com,Lighting,1,20.75,0.1,Organic,US,variant
ORD-008289,2024-09-02,CUST-01972,cust-01972@lumenmail.com,Décor,1,97.91,0.0,Organic,US,
ORD-006982,2024-04-07,CUST-00106,cust-00106@lumenmail.com,Lighting,1,91.81,0.1,Organic,AU,variant
ORD-008759,2024-05-27,CUST-02415,cust-02415@lumenmail.com,Outdoor,1,159.42,0.0,Social,US,variant
ORD-001335,2024-09-14,CUST-02069,cust-02069@lumenmail.com,Lighting,2,32.31,0.2,Paid Search,CA,variant
ORD-000161,2024-09-14,CUST-00565,cust-00565@lumenmail.com,Furniture,1,233.55,0.0,Paid Search,US,control
ORD-001965,2024-06-04,,guest@lumenmail.com,Lighting,3,69.2,0.0,Paid Search,US,control
ORD-007411,2024-05-20,CUST-02185,cust-02185@lumenmail.com,Décor,3,231.13,0.15,Paid Search,ZZ,control
ORD-001256,2023-10-13,CUST-01422,cust-01422@lumenmail.com,Outdoor,1,77.72,0.2,Organic,US,
ORD-003815,2024-01-26,CUST-02318,cust-02318@lumenmail.com,Furniture,2,94.7,0.05,Organic,UK,variant
ORD-003657,2024-10-18,CUST-01464,cust-01464@lumenmail.com,Furniture,1,109.0,0.0,Email,US,variant
ORD-000985,2024-04-21,CUST-00424,cust-00424@lumenmail.com,Furniture,1,77.69,0.0,Paid Search,UK,
ORD-008543,2024-05-04,CUST-02647,cust-02647@lumenmail.com,Lighting,4,95.03,0.0,Paid Search,US,control
ORD-002913,2024-10-03,CUST-02003,cust-02003@lumenmail.com,Accessories,2,174.85,0.15,Paid Search,US,
ORD-002317,2024-02-01,CUST-01905,cust-01905@lumenmail.com,Outdoor,1,84.78,0.05,Paid Search,US,control
ORD-004974,23/06/2023,CUST-02483,cust-02483@lumenmail.com,Lighting,2,81.72,0.0,Social,US,variant
ORD-006996,2023-06-12,,guest@lumenmail.com,Accessories,5,6.2,0.1,Email,US,
ORD-007497,2023-07-24,CUST-02443,cust-02443@lumenmail.com,Outdoor,1,66.99,0.0,Organic,US,control
ORD-003590,2024-02-08,CUST-01819,cust-01819@lumenmail.com,Lighting,2,121.37,0.0,,US,control
ORD-000318,2024-08-15,CUST-00259,cust-00259@lumenmail.com,Furniture,2,7.22,0.1,Email,US,control
ORD-004140,2024-06-18,CUST-02331,cust-02331@lumenmail.com,Furniture,3,48.93,0.0,Email,US,
ORD-009078,2024-09-12,CUST-02035,cust-02035@lumenmail.com,Décor,2,33.13,0.1,Organic,US,variant
ORD-003735,16/12/2024,CUST-01287,cust-01287@lumenmail.com,Décor,2,29.5,0.0,Email,CA,
ORD-007444,2023-09-02,CUST-00104,cust-00104@lumenmail.com,Furniture,1,32.27,0.0,Email,CA,control
ORD-003934,2023-07-15,CUST-00479,cust-00479@lumenmail.com,Furniture,1,27.71,0.05,Email,US,control
ORD-003340,2024-11-30,CUST-01692,cust-01692@lumenmail.com,Décor,2,165.98,0.0,Email,US,control
ORD-001896,2024-12-02,CUST-02425,cust-02425@lumenmail.com,Furniture,3,58.73,0.0,Organic,UK,variant
ORD-004109,2023-10-14,CUST-00479,cust-00479@lumenmail.com,Furniture,5,385.74,0.1,Organic,US,
ORD-000029,2023-08-08,CUST-02124,cust-02124@lumenmail.com,Décor,1,32.27,0.0,Email,US,control
ORD-001035,2023-11-09,CUST-01839,cust-01839@lumenmail.com,Outdoor,1,32.2,0.0,Paid Search,CA,
ORD-002175,2024-02-24,CUST-01178,cust-01178@lumenmail.com,Outdoor,-2,41.92,0.15,Email,US,variant
ORD-008493,2024-02-16,CUST-00831,cust-00831@lumenmail.com,Décor,4,168.25,0.0,Paid Search,CA,
ORD-003932,2024-03-21,CUST-01841,cust-01841@lumenmail.com,Lighting,1,117.11,0.05,Organic,US,
ORD-005654,2024-08-31,CUST-02268,cust-02268@lumenmail.com,Lighting,2,9.82,0.2,Paid Search,US,variant
ORD-004006,2024-10-27,CUST-02468,cust-02468@lumenmail.com,Outdoor,1,37.49,0.0,Organic,UK,variant
ORD-003027,2023-09-27,CUST-00943,cust-00943@lumenmail.com,Lighting,1,169.56,0.15,Email,CA,
ORD-004491,2024-11-20,CUST-00802,cust-00802@lumenmail.com,Lighting,1,47.35,0.0,Paid Search,ZZ,control
ORD-002242,2023-08-09,CUST-00407,cust-00407@lumenmail.com,Lighting,7,373.19,0.0,Email,CA,control
ORD-007086,13/11/2024,,guest@lumenmail.com,Lighting,2,182.52,0.0,Email,CA,control
ORD-003608,2024-12-25,CUST-02845,cust-02845@lumenmail.com,Décor,4,160.75,0.05,Email,US,variant
ORD-008253,2023-12-17,CUST-00730,cust-00730@lumenmail.com,Lighting,3,153.33,0.0,Email,US,
ORD-005028,2024-03-04,CUST-00949,cust-00949@lumenmail.com,Lighting,-2,65.22,0.25,Organic,UK,variant
ORD-006050,2024-03-23,CUST-02069,cust-02069@lumenmail.com,Outdoor,1,236.1,0.05,Email,US,
ORD-001397,2023-10-22,CUST-00527,cust-00527@lumenmail.com,Lighting,1,77.52,0.1,Social,US,
ORD-005320,,,guest@lumenmail.com,Décor,2,118.12,0.2,Social,CA,control
ORD-003202,2024-08-08,CUST-02534,cust-02534@lumenmail.com,Accessories,2,7.22,0.0,Paid Search,US,control
ORD-007918,2023-07-02,CUST-01600,cust-01600@lumenmail.com,Furniture,3,79.19,0.0,Organic,US,
ORD-005338,17/07/2024,CUST-02393,cust-02393@lumenmail.com,Lighting,1,147.29,0.05,Email,US,variant
ORD-000049,08/02/2024,CUST-01244,cust-01244@lumenmail.com,Lighting,1,97.82,0.0,Social,US,
ORD-006518,2023-11-12,CUST-01889,cust-01889@lumenmail.com,Lighting,1,43.9,0.05,Paid Search,ZZ,
ORD-005424,2024-12-15,CUST-00379,cust-00379@lumenmail.com,Décor,3,27.14,0.25,Social,US,control
ORD-003338,2024-12-17,CUST-00801,cust-00801@lumenmail.com,Décor,1,297.57,0.0,Email,US,control
ORD-006783,2024-01-26,CUST-00872,cust-00872@lumenmail.com,Lighting,1,102.48,0.0,Email,US,variant
ORD-001279,2024-02-23,CUST-00336,cust-00336@lumenmail.com,Décor,3,60.12,0.0,Social,US,control
ORD-003100,2023-10-01,CUST-02876,cust-02876@lumenmail.com,Furniture,2,8.92,0.0,Organic,AU,control
ORD-007731,05/04/2024,CUST-02755,cust-02755@lumenmail.com,Lighting,2,79.08,0.0,Paid Search,US,variant
ORD-005867,2024-05-08,CUST-01642,cust-01642@lumenmail.com,Lighting,1,56.01,0.1,Organic,UK,control
ORD-007785,2023-07-05,CUST-02563,cust-02563@lumenmail.com,Lighting,2,61.44,0.0,Email,UK,variant
ORD-000956,2024-04-29,CUST-00601,cust-00601@lumenmail.com,Accessories,3,296.9,0.0,Organic,US,control
ORD-003062,19/11/2024,CUST-00419,cust-00419@lumenmail.com,Lighting,1,186.44,0.15,Paid Search,US,
ORD-003036,2024-01-26,CUST-02763,cust-02763@lumenmail.com,Lighting,1,11.49,0.15,Paid Search,CA,variant
ORD-006716,10/06/2023,,guest@lumenmail.com,Lighting,1,304.93,0.0,Paid Search,US,control
ORD-007040,2024-10-26,CUST-01321,cust-01321@lumenmail.com,Décor,2,695.09,0.05,Organic,US,variant
ORD-007762,2023-11-04,CUST-01035,cust-01035@lumenmail.com,Décor,1,171.19,0.0,Email,US,control
ORD-006136,2023-06-05,CUST-01875,cust-01875@lumenmail.com,Lighting,1,133.31,0.0,Paid Search,US,control
ORD-003061,2024-04-19,CUST-02292,cust-02292@lumenmail.com,Accessories,1,13.88,0.0,Paid Search,US,
ORD-006777,2024-05-06,CUST-01243,cust-01243@lumenmail.com,Furniture,1,658.48,0.0,Social,US,variant
ORD-002299,13/11/2024,CUST-00439,cust-00439@lumenmail.com,Lighting,5,103.36,0.2,Email,US,control
ORD-000311,04/07/2024,CUST-00441,cust-00441@lumenmail.com,Outdoor,1,88.22,0.05,Email,US,
ORD-002551,21/06/2023,CUST-01700,cust-01700@lumenmail.com,Décor,2,91.71,0.0,Paid Search,US,variant
ORD-005603,2024-10-02,CUST-01265,cust-01265@lumenmail.com,Furniture,1,86.57,0.0,Paid Search,US,
ORD-005541,2023-11-06,CUST-02734,cust-02734@lumenmail.com,Décor,4,82.01,0.0,Email,US,
ORD-000958,29/02/2024,CUST-02916,cust-02916@lumenmail.com,Outdoor,1,93.76,0.0,Paid Search,UK,variant
ORD-002117,2024-05-22,CUST-00239,cust-00239@lumenmail.com,Décor,1,183.97,0.1,Organic,US,variant
ORD-002146,2024-08-21,CUST-01302,cust-01302@lumenmail.com,Furniture,1,43.32,0.05,Social,UK,
ORD-001851,2024-12-07,CUST-02400,cust-02400@lumenmail.com,Lighting,4,319.15,0.0,Organic,ZZ,control
ORD-001205,2024-11-09,CUST-02427,cust-02427@lumenmail.com,Décor,1,19.4,0.2,Organic,US,variant
ORD-001712,2023-08-21,CUST-01869,cust-01869@lumenmail.com,Décor,3,41.32,0.0,Organic,CA,variant
ORD-008856,2024-06-24,CUST-00316,cust-00316@lumenmail.com,Furniture,-1,130.07,0.1,Social,UK,variant
ORD-002360,14/11/2023,CUST-02636,cust-02636@lumenmail.com,Furniture,-3,39.22,0.2,Email,US,
ORD-005983,11/09/2023,CUST-00064,cust-00064@lumenmail.com,Décor,1,22.68,0.05,Social,US,control
ORD-008105,2024-02-19,CUST-02536,cust-02536@lumenmail.com,Décor,2,233.98,0.0,Organic,AU,variant
ORD-007316,2023-12-08,CUST-02025,cust-02025@lumenmail.com,Lighting,2,17.92,0.0,Organic,US,variant
ORD-006580,2024-07-29,CUST-01861,cust-01861@lumenmail.com,Décor,1,31.5,0.0,Organic,CA,
ORD-002501,2024-06-03,CUST-01685,cust-01685@lumenmail.com,Lighting,1,692.46,0.25,Paid Search,US,variant
ORD-001881,2023-08-07,CUST-02189,cust-02189@lumenmail.com,Lighting,2,86.9,0.0,Paid Search,US,control
ORD-000313,2023-10-27,CUST-01091,cust-01091@lumenmail.com,Décor,2,179.98,0.2,Organic,US,
ORD-008858,,CUST-01367,cust-01367@lumenmail.com,Lighting,1,94.01,0.05,Email,US,
ORD-005262,2023-10-03,CUST-02812,cust-02812@lumenmail.com,Décor,3,46.88,0.05,Email,US,control
ORD-001128,2023-09-12,,guest@lumenmail.com,Furniture,3,10.04,0.0,Organic,US,
ORD-001488,2024-01-20,CUST-00465,cust-00465@lumenmail.com,Accessories,1,62.19,0.25,Email,US,variant
ORD-000444,2023-09-25,CUST-00758,cust-00758@lumenmail.com,Furniture,7,18.85,0.05,Paid Search,US,variant
ORD-008012,2023-10-15,CUST-00395,cust-00395@lumenmail.com,Furniture,2,29.25,0.0,Email,AU,variant
ORD-006564,06/05/2024,CUST-01350,cust-01350@lumenmail.com,Furniture,6,170.93,0.0,Organic,US,control
ORD-002415,2024-07-13,CUST-00904,cust-00904@lumenmail.com,Décor,2,326.0,0.05,Organic,CA,control
ORD-005634,2024-10-22,CUST-01269,cust-01269@lumenmail.com,Accessories,2,70.9,0.05,,US,
ORD-001940,2023-12-05,CUST-00104,cust-00104@lumenmail.com,Décor,5,255.02,0.0,Organic,CA,control
ORD-008834,2023-06-13,CUST-02319,cust-02319@lumenmail.com,Accessories,1,84.22,0.05,Paid Search,US,
ORD-000823,2024-09-13,CUST-02045,cust-02045@lumenmail.com,Furniture,1,90.36,0.0,Paid Search,CA,
ORD-001336,2024-06-25,CUST-00057,cust-00057@lumenmail.com,Décor,7,69.21,0.0,Email,US,
ORD-008269,2024-10-11,CUST-02076,cust-02076@lumenmail.com,Outdoor,2,30.29,0.0,Paid Search,US,control
ORD-005096,20/02/2024,CUST-02872,cust-02872@lumenmail.com,Accessories,3,341.5,0.1,Paid Search,US,
ORD-006104,2024-09-16,,guest@lumenmail.com,Furniture,2,130.61,0.05,Organic,US,
ORD-006348,2023-06-24,CUST-02754,cust-02754@lumenmail.com,Furniture,2,38.72,0.2,Organic,US,control
ORD-003737,2024-02-29,CUST-01899,cust-01899@lumenmail.com,Décor,1,18.05,0.2,Email,US,control
ORD-004776,2023-06-04,CUST-01918,cust-01918@lumenmail.com,Accessories,3,325.35,0.0,Organic,UK,control
ORD-000627,2023-10-27,CUST-02929,cust-02929@lumenmail.com,Lighting,1,303.62,0.05,Paid Search,ZZ,
ORD-005083,2024-11-09,CUST-00164,cust-00164@lumenmail.com,Décor,1,27.08,0.0,Paid Search,US,
ORD-003578,10/09/2023,CUST-02670,cust-02670@lumenmail.com,Lighting,2,5.82,0.2,Email,US,
ORD-000592,2024-02-20,CUST-02187,cust-02187@lumenmail.com,Accessories,4,207.83,0.05,Email,US,variant
ORD-006297,15/09/2023,CUST-00928,cust-00928@lumenmail.com,Outdoor,3,91.23,0.0,Paid Search,US,variant
ORD-000296,29/08/2024,CUST-00602,cust-00602@lumenmail.com,Lighting,1,92.47,0.1,Paid Search,CA,variant
ORD-007278,2024-06-04,CUST-01994,cust-01994@lumenmail.com,Décor,4,10.97,0.05,Paid Search,US,control
ORD-008347,,CUST-00491,cust-00491@lumenmail.com,Outdoor,2,498.27,0.1,Paid Search,US,control
ORD-007925,2024-06-26,CUST-00424,cust-00424@lumenmail.com,Outdoor,1,311.56,0.2,Paid Search,US,control
ORD-000009,2024-09-10,CUST-00739,cust-00739@lumenmail.com,Outdoor,1,161.76,0.05,Paid Search,UK,
ORD-002600,28/07/2023,CUST-01849,cust-01849@lumenmail.com,Lighting,1,23.41,0.1,Paid Search,US,variant
ORD-008709,2023-10-02,CUST-01085,cust-01085@lumenmail.com,Lighting,1,68.21,0.0,Organic,US,control
ORD-007184,2024-09-08,CUST-02136,cust-02136@lumenmail.com,Décor,3,256.86,0.1,Paid Search,US,
ORD-007446,2024-11-19,CUST-01844,cust-01844@lumenmail.com,Outdoor,1,116.34,0.0,Social,US,variant
ORD-006812,2024-11-07,,guest@lumenmail.com,Accessories,1,124.59,0.15,Social,US,variant
ORD-007167,2023-12-15,CUST-01811,cust-01811@lumenmail.com,Lighting,2,133.08,0.0,Email,US,control
ORD-000505,2023-12-26,CUST-01809,cust-01809@lumenmail.com,Furniture,2,46.92,0.0,Paid Search,UK,control
ORD-000465,2023-11-15,CUST-00984,cust-00984@lumenmail.com,Décor,5,360.51,0.15,Email,US,
ORD-002839,2024-12-10,CUST-01502,cust-01502@lumenmail.com,Décor,2,46.45,0.1,Paid Search,CA,variant
ORD-001161,2023-10-09,CUST-00858,cust-00858@lumenmail.com,Outdoor,2,27.85,0.05,Paid Search,US,variant
ORD-006012,2023-08-23,CUST-00045,cust-00045@lumenmail.com,Décor,3,6.95,0.1,Social,US,
ORD-007836,2023-12-21,CUST-01004,cust-01004@lumenmail.com,Outdoor,1,17.44,0.15,Social,UK,
ORD-002257,04/06/2023,CUST-00210,cust-00210@lumenmail.com,Furniture,4,150.44,0.05,Email,UK,control
ORD-000413,2023-10-24,CUST-02212,cust-02212@lumenmail.com,Lighting,2,71.35,0.05,Organic,CA,control
ORD-003415,2023-08-24,,guest@lumenmail.com,Lighting,6,46.85,0.1,Email,US,
ORD-002941,2024-01-25,CUST-00928,cust-00928@lumenmail.com,Lighting,4,150.61,0.05,Paid Search,ZZ,
ORD-003538,2024-08-22,CUST-02747,cust-02747@lumenmail.com,Lighting,2,39.1,0.0,Email,CA,variant
ORD-002176,2023-09-13,CUST-02018,cust-02018@lumenmail.com,Décor,2,21.93,0.1,Paid Search,CA,
ORD-002404,21/06/2024,CUST-01528,cust-01528@lumenmail.com,Furniture,3,93.74,0.0,Organic,US,variant
ORD-009162,2024-07-25,CUST-01116,cust-01116@lumenmail.com,Décor,1,35.75,0.15,Paid Search,US,control
ORD-001132,2023-11-01,CUST-02823,cust-02823@lumenmail.com,Décor,-1,12.78,0.1,Organic,US,control
ORD-007364,2024-12-23,CUST-00337,cust-00337@lumenmail.com,Furniture,3,63.25,0.1,Paid Search,US,
ORD-002372,2024-02-02,CUST-02522,cust-02522@lumenmail.com,Décor,6,64.05,0.15,Social,ZZ,
ORD-002662,2023-07-24,CUST-02555,cust-02555@lumenmail.com,Furniture,1,13.73,0.05,,CA,
ORD-000185,2024-07-18,CUST-02753,cust-02753@lumenmail.com,Lighting,1,9.26,0.1,Organic,CA,control
ORD-007945,2023-10-13,CUST-01403,cust-01403@lumenmail.com,Lighting,1,80.95,0.05,Organic,US,
ORD-003373,2023-07-05,CUST-00345,cust-00345@lumenmail.com,Outdoor,6,43.96,0.0,Organic,US,control
ORD-005330,2023-06-04,CUST-02371,cust-02371@lumenmail.com,Accessories,1,56.71,0.05,Paid Search,ZZ,control
ORD-002167,2024-12-17,CUST-00104,cust-00104@lumenmail.com,Lighting,1,437.72,0.0,Email,ZZ,variant
ORD-004644,2024-11-28,CUST-00981,cust-00981@lumenmail.com,Lighting,1,30.25,0.0,Social,UK,variant
ORD-006418,03/11/2024,CUST-02759,cust-02759@lumenmail.com,Lighting,1,58.84,0.25,Email,US,
ORD-007077,2024-01-01,,guest@lumenmail.com,Décor,1,16.15,0.25,Organic,UK,variant
ORD-002203,27/10/2024,CUST-00671,cust-00671@lumenmail.com,Lighting,3,47.25,0.1,Paid Search,US,control
ORD-006600,08/07/2023,CUST-02858,cust-02858@lumenmail.com,Lighting,6,52.59,0.0,Organic,US,variant
ORD-008814,2023-12-31,CUST-02862,cust-02862@lumenmail.com,Outdoor,2,37.06,0.0,Paid Search,US,
ORD-002505,2023-06-26,CUST-01162,cust-01162@lumenmail.com,Furniture,1,644.11,0.0,Organic,US,
ORD-009037,03/06/2023,CUST-02609,cust-02609@lumenmail.com,Furniture,1,161.98,0.2,Email,CA,control
ORD-003622,2023-08-06,CUST-01890,cust-01890@lumenmail.com,Lighting,1,7.72,0.2,Paid Search,US,variant
ORD-003797,2023-12-20,CUST-00160,cust-00160@lumenmail.com,Accessories,3,76.18,0.15,Paid Search,US,variant
ORD-001041,2024-01-03,CUST-02557,cust-02557@lumenmail.com,Lighting,2,24.13,0.0,,AU,variant
ORD-006829,2024-06-12,CUST-02390,cust-02390@lumenmail.com,Lighting,4,6.03,0.1,Paid Search,US,
ORD-000430,2024-12-15,CUST-00921,cust-00921@lumenmail.com,Décor,3,30.13,0.0,,CA,
ORD-000610,2024-06-22,CUST-02714,cust-02714@lumenmail.com,Lighting,2,80.35,0.0,Social,US,variant
ORD-008678,2024-07-10,CUST-00042,cust-00042@lumenmail.com,Furniture,3,31.41,0.1,Paid Search,CA,variant
ORD-006316,2024-03-18,CUST-02636,cust-02636@lumenmail.com,Décor,1,15.95,0.0,Email,US,control
ORD-003741,2024-01-30,CUST-00998,cust-00998@lumenmail.com,Lighting,2,301.29,0.0,Organic,CA,variant
ORD-002744,2024-09-01,CUST-01314,cust-01314@lumenmail.com,Décor,1,58.88,0.05,,US,control
ORD-006898,2023-11-05,CUST-01780,cust-01780@lumenmail.com,Lighting,1,49.63,0.05,Email,CA,
ORD-004332,2023-11-09,CUST-00226,cust-00226@lumenmail.com,Décor,4,135.93,0.05,Email,US,
ORD-002924,2024-04-03,CUST-00776,cust-00776@lumenmail.com,Lighting,4,194.62,0.25,Organic,CA,
ORD-007180,2023-06-25,CUST-00735,cust-00735@lumenmail.com,Lighting,-1,57.19,0.0,Social,US,variant
ORD-003309,2023-06-06,CUST-01926,cust-01926@lumenmail.com,Décor,7,74.95,0.0,Email,US,
ORD-006617,2023-09-30,CUST-01831,cust-01831@lumenmail.com,Lighting,1,57.98,0.2,Paid Search,UK,control
ORD-000248,2024-10-23,CUST-02246,cust-02246@lumenmail.com,Accessories,1,79.01,0.05,Paid Search,UK,control
ORD-006429,2023-11-20,CUST-00621,cust-00621@lumenmail.com,Accessories,7,7.39,0.1,Social,UK,variant
ORD-008205,2024-06-22,CUST-02958,cust-02958@lumenmail.com,Furniture,3,63.63,0.15,Email,US,
ORD-009174,2024-11-11,CUST-00136,cust-00136@lumenmail.com,Décor,3,34.9,0.0,Email,US,control
ORD-002222,2024-03-03,CUST-01301,cust-01301@lumenmail.com,Lighting,1,30.98,0.0,Organic,AU,variant
ORD-009215,2024-10-03,CUST-01105,cust-01105@lumenmail.com,Décor,2,17.88,0.05,Email,US,
ORD-009421,18/05/2024,CUST-02396,cust-02396@lumenmail.com,Lighting,4,732.0,0.1,Email,AU,
ORD-001930,2023-09-29,CUST-00707,cust-00707@lumenmail.com,Décor,4,302.5,0.0,Social,US,variant
ORD-000183,20/10/2024,CUST-00709,cust-00709@lumenmail.com,Outdoor,2,14.41,0.0,Paid Search,US,
ORD-002943,2024-06-19,CUST-01834,cust-01834@lumenmail.com,Outdoor,4,199.99,0.0,Paid Search,UK,variant
ORD-008571,2024-02-07,,guest@lumenmail.com,Lighting,2,691.5,0.0,Social,US,
ORD-000480,2024-01-29,CUST-02642,cust-02642@lumenmail.com,Lighting,1,45.72,0.05,Email,US,
ORD-005105,22/05/2024,,guest@lumenmail.com,Furniture,3,11.53,0.1,Paid Search,US,control
ORD-007590,2023-10-03,CUST-01964,cust-01964@lumenmail.com,Décor,3,36.89,0.0,Organic,US,
ORD-004706,2023-06-05,CUST-01056,cust-01056@lumenmail.com,Lighting,3,616.5,0.0,Paid Search,US,variant
ORD-005217,2023-08-17,CUST-00150,cust-00150@lumenmail.com,Décor,1,29.28,0.05,Email,US,variant
ORD-002107,2023-07-12,CUST-02961,cust-02961@lumenmail.com,Décor,3,79.9,0.0,Paid Search,US,control
ORD-002771,2023-06-25,CUST-01511,cust-01511@lumenmail.com,Furniture,6,58.99,0.0,Email,US,variant
ORD-005265,2024-07-28,CUST-02273,cust-02273@lumenmail.com,Lighting,4,8.61,0.2,Paid Search,CA,control
ORD-009131,2024-01-29,CUST-02331,cust-02331@lumenmail.com,Lighting,2,82.93,0.05,Paid Search,US,
ORD-005943,2023-07-11,CUST-02984,cust-02984@lumenmail.com,Outdoor,2,61.74,0.0,Email,UK,
ORD-000218,2023-08-10,CUST-00450,cust-00450@lumenmail.com,Outdoor,2,81.53,0.05,Organic,US,variant
ORD-006193,2023-11-20,CUST-00906,cust-00906@lumenmail.com,Furniture,2,62.79,0.05,Paid Search,US,control
ORD-000675,2023-08-13,CUST-01672,cust-01672@lumenmail.com,Décor,1,108.22,0.0,Organic,US,control
ORD-002702,15/09/2023,CUST-01445,cust-01445@lumenmail.com,Lighting,1,42.84,0.0,Paid Search,CA,control
ORD-008324,19/06/2024,CUST-00350,cust-00350@lumenmail.com,Accessories,2,549.23,0.05,Paid Search,UK,variant
ORD-005236,2024-05-19,CUST-00975,cust-00975@lumenmail.com,Outdoor,1,122.52,0.0,Paid Search,CA,
ORD-008824,24/11/2024,CUST-00758,cust-00758@lumenmail.com,Décor,1,67.3,0.0,Paid Search,US,variant
ORD-008098,2024-10-20,CUST-01879,cust-01879@lumenmail.com,Outdoor,5,27.21,0.0,Paid Search,US,control
ORD-007700,2023-11-15,CUST-01351,cust-01351@lumenmail.com,Furniture,1,47.79,0.05,Email,US,
ORD-001478,2024-03-16,CUST-00791,cust-00791@lumenmail.com,Furniture,1,287.5,0.25,Email,UK,
ORD-005612,2023-08-21,CUST-01699,cust-01699@lumenmail.com,Outdoor,2,25.33,0.15,Paid Search,US,
ORD-003557,2024-05-27,CUST-01983,cust-01983@lumenmail.com,Outdoor,5,173.93,0.0,Paid Search,US,variant
ORD-007983,2024-01-18,CUST-02173,cust-02173@lumenmail.com,Lighting,2,32.46,0.15,Email,US,control
ORD-003830,2023-08-22,CUST-00366,cust-00366@lumenmail.com,Décor,2,16.84,0.1,Email,ZZ,variant
ORD-001375,2024-01-25,CUST-02807,cust-02807@lumenmail.com,Accessories,2,383.35,0.0,Organic,UK,
ORD-005024,12/06/2023,CUST-01318,cust-01318@lumenmail.com,Lighting,2,59.8,0.15,Email,US,
ORD-006605,2023-07-17,CUST-02601,cust-02601@lumenmail.com,Outdoor,1,96.85,0.0,Social,US,variant
ORD-009596,2024-12-19,CUST-00727,cust-00727@lumenmail.com,Lighting,2,345.18,0.0,Paid Search,US,control
ORD-002685,13/06/2024,CUST-02518,cust-02518@lumenmail.com,Lighting,1,232.58,0.1,Organic,US,control
ORD-006776,2024-11-20,CUST-02425,cust-02425@lumenmail.com,Décor,1,331.2,0.05,Email,US,variant
ORD-004044,24/06/2024,CUST-02382,cust-02382@lumenmail.com,Lighting,2,130.02,0.0,Organic,CA,variant
ORD-005120,15/08/2024,CUST-02411,cust-02411@lumenmail.com,Furniture,1,156.07,0.0,Paid Search,US,
ORD-000589,2024-06-20,CUST-00205,cust-00205@lumenmail.com,Furniture,1,314.63,0.0,Paid Search,US,
ORD-000980,2023-09-15,CUST-02872,cust-02872@lumenmail.com,Outdoor,1,130.91,0.1,Email,CA,
ORD-008598,2024-06-24,CUST-00392,cust-00392@lumenmail.com,Lighting,1,179.49,0.05,Paid Search,US,
ORD-003042,2024-05-10,CUST-00421,cust-00421@lumenmail.com,Décor,1,339.99,0.0,Paid Search,US,variant
ORD-003559,2023-11-19,CUST-02133,cust-02133@lumenmail.com,Décor,7,8.97,0.0,Email,US,
ORD-001899,19/09/2023,,guest@lumenmail.com,Outdoor,4,38.13,0.0,Email,US,variant
ORD-003951,2023-06-25,CUST-01888,cust-01888@lumenmail.com,Lighting,1,13.73,0.0,Email,UK,control
ORD-007896,2024-09-22,CUST-02989,cust-02989@lumenmail.com,Furniture,1,171.24,0.05,Paid Search,US,
ORD-009464,2024-07-08,CUST-01655,cust-01655@lumenmail.com,Accessories,1,678.83,0.1,Paid Search,US,variant
ORD-002866,2024-12-24,,guest@lumenmail.com,Décor,1,30.81,0.0,Paid Search,US,
ORD-007414,2023-10-15,CUST-02848,cust-02848@lumenmail.com,Outdoor,3,219.26,0.0,Organic,US,variant
ORD-005932,2024-11-12,CUST-00744,cust-00744@lumenmail.com,Outdoor,1,538.39,0.05,Email,US,
ORD-000775,2023-12-21,CUST-01732,cust-01732@lumenmail.com,Furniture,2,92.44,0.1,Paid Search,US,variant
ORD-006556,2023-12-04,CUST-01470,cust-01470@lumenmail.com,Furniture,3,28.9,0.05,Organic,UK,control
ORD-004510,2023-11-12,CUST-02504,cust-02504@lumenmail.com,Lighting,1,197.41,0.05,Social,US,
ORD-005947,2024-01-03,CUST-02143,cust-02143@lumenmail.com,Accessories,1,38.17,0.0,Email,UK,
ORD-001126,2024-09-19,CUST-00996,cust-00996@lumenmail.com,Lighting,4,570.4,0.0,Organic,UK,variant
ORD-005651,2023-07-08,CUST-02548,cust-02548@lumenmail.com,Lighting,2,249.5,0.0,Email,CA,variant
ORD-004665,2023-09-10,CUST-00416,cust-00416@lumenmail.com,Outdoor,2,87.56,0.05,Paid Search,CA,control
ORD-005190,2023-09-29,CUST-01720,cust-01720@lumenmail.com,Lighting,1,70.4,0.0,Organic,AU,
ORD-004321,2024-05-08,CUST-02067,cust-02067@lumenmail.com,Outdoor,2,55.0,0.0,Paid Search,US,
ORD-007039,2024-12-24,CUST-00510,cust-00510@lumenmail.com,Furniture,1,46.51,0.0,Organic,ZZ,
ORD-005088,2024-02-27,CUST-00613,cust-00613@lumenmail.com,Lighting,3,343.35,0.1,,US,variant
ORD-006501,2023-06-14,CUST-01374,cust-01374@lumenmail.com,Lighting,2,7.29,0.05,Organic,UK,control
ORD-008632,23/11/2023,CUST-02179,cust-02179@lumenmail.com,Lighting,6,179.81,0.1,Paid Search,US,
ORD-001063,2024-09-07,CUST-02020,cust-02020@lumenmail.com,Lighting,1,117.24,0.0,Paid Search,US,variant
ORD-005975,2024-08-29,CUST-02899,cust-02899@lumenmail.com,Outdoor,1,28.78,0.1,Paid Search,UK,
ORD-005390,2024-12-28,,guest@lumenmail.com,Lighting,-1,105.54,0.1,Organic,US,control
ORD-002622,2024-09-08,CUST-00266,cust-00266@lumenmail.com,Lighting,3,23.87,0.2,Organic,CA,
ORD-009207,2024-01-18,CUST-02534,cust-02534@lumenmail.com,Accessories,2,40.89,0.0,Organic,US,control
ORD-001208,2023-09-11,CUST-00082,cust-00082@lumenmail.com,Accessories,5,82.15,0.15,Paid Search,UK,variant
ORD-002809,2023-10-30,CUST-00781,cust-00781@lumenmail.com,Décor,1,16.37,0.05,Paid Search,US,variant
ORD-000216,2023-07-19,CUST-01612,cust-01612@lumenmail.com,Décor,1,295.83,0.15,Email,US,variant
ORD-008890,2023-06-30,CUST-02777,cust-02777@lumenmail.com,Lighting,1,18.82,0.0,Paid Search,US,
ORD-000828,2023-11-03,CUST-00683,cust-00683@lumenmail.com,Outdoor,1,100.66,0.05,Social,US,variant
ORD-005370,2024-03-25,CUST-01370,cust-01370@lumenmail.com,Lighting,3,10.87,0.0,Email,CA,control
ORD-005428,2024-12-15,CUST-02717,cust-02717@lumenmail.com,Décor,4,70.17,0.0,Paid Search,US,control
ORD-003721,2023-12-02,CUST-01184,cust-01184@lumenmail.com,Outdoor,3,104.1,0.25,Email,US,variant
ORD-001746,2024-07-11,CUST-00180,cust-00180@lumenmail.com,Accessories,1,23.37,0.15,Social,US,variant
ORD-006352,2024-12-01,CUST-01281,cust-01281@lumenmail.com,Décor,1,568.74,0.15,Paid Search,US,variant
ORD-006868,2024-02-11,CUST-02447,cust-02447@lumenmail.com,Décor,1,170.94,0.0,Social,US,control
ORD-003532,2023-06-27,CUST-00758,cust-00758@lumenmail.com,Outdoor,1,5.46,0.05,Email,CA,variant
ORD-000222,2023-08-28,CUST-02145,cust-02145@lumenmail.com,Furniture,1,98.16,0.0,Organic,US,
ORD-002865,2023-08-11,CUST-00343,cust-00343@lumenmail.com,Outdoor,2,103.76,0.05,Paid Search,US,
ORD-005350,2024-01-06,CUST-02342,cust-02342@lumenmail.com,Décor,2,126.05,0.05,Paid Search,US,variant
ORD-006677,2024-07-04,CUST-00850,cust-00850@lumenmail.com,Furniture,1,117.05,0.2,Email,US,variant
ORD-009590,2023-06-07,CUST-02239,cust-02239@lumenmail.com,Furniture,2,190.59,0.0,Email,US,
ORD-009546,2023-12-01,CUST-00801,cust-00801@lumenmail.com,Décor,2,48.66,0.15,Organic,AU,variant
ORD-008753,18/07/2023,CUST-02780,cust-02780@lumenmail.com,Furniture,2,190.81,0.05,,US,control
ORD-007345,2023-08-06,CUST-01348,cust-01348@lumenmail.com,Décor,1,55.91,0.0,Paid Search,US,
ORD-008730,29/08/2023,CUST-00205,cust-00205@lumenmail.com,Furniture,1,176.8,0.2,Organic,ZZ,
ORD-005916,2024-04-01,CUST-00525,cust-00525@lumenmail.com,Accessories,3,453.51,0.0,Paid Search,CA,variant
ORD-009167,2024-09-15,CUST-00728,cust-00728@lumenmail.com,Décor,1,96.29,0.2,Paid Search,US,control
ORD-004980,2024-11-18,CUST-01260,cust-01260@lumenmail.com,Lighting,1,298.88,0.05,Email,UK,
ORD-005956,2023-07-04,CUST-01509,cust-01509@lumenmail.com,Décor,3,14.23,0.0,Email,AU,
ORD-009310,2024-07-05,CUST-01016,cust-01016@lumenmail.com,Furniture,1,197.43,0.1,Email,US,
ORD-006155,2023-07-28,CUST-00264,cust-00264@lumenmail.com,Décor,2,362.48,0.15,Email,US,variant
ORD-008693,2024-03-23,CUST-01810,cust-01810@lumenmail.com,Décor,1,27.83,0.2,Paid Search,US,control
ORD-002428,11/01/2024,,guest@lumenmail.com,Lighting,1,116.69,0.0,Paid Search,UK,variant
ORD-001656,2024-11-28,CUST-01401,cust-01401@lumenmail.com,Furniture,1,74.74,0.2,Paid Search,US,
ORD-000533,2023-09-18,CUST-02313,cust-02313@lumenmail.com,Furniture,2,157.51,0.05,Social,US,variant
ORD-000939,2024-07-23,CUST-01122,cust-01122@lumenmail.com,Outdoor,1,361.4,0.0,,UK,control
ORD-003502,2024-02-17,CUST-02786,cust-02786@lumenmail.com,Outdoor,1,59.69,0.0,Email,US,control
ORD-003827,2023-12-28,CUST-00874,cust-00874@lumenmail.com,Lighting,3,54.8,0.0,Paid Search,US,control
ORD-001332,05/11/2024,CUST-01233,cust-01233@lumenmail.com,Lighting,6,180.91,0.0,Paid Search,US,
ORD-003591,2024-06-19,CUST-01067,cust-01067@lumenmail.com,Décor,1,52.64,0.05,Social,US,variant
ORD-007816,06/01/2024,CUST-00767,cust-00767@lumenmail.com,Furniture,1,49.58,0.0,Email,US,control
ORD-000410,2023-07-18,CUST-01991,cust-01991@lumenmail.com,Lighting,2,60.2,0.1,,US,control
ORD-005176,2023-10-12,CUST-00719,cust-00719@lumenmail.com,Furniture,2,63.12,0.0,Paid Search,US,
ORD-004364,2023-06-14,CUST-02180,cust-02180@lumenmail.com,Outdoor,2,241.83,0.15,Paid Search,CA,
ORD-003235,2024-11-10,CUST-01446,cust-01446@lumenmail.com,Lighting,1,51.37,0.15,Email,CA,control
ORD-003745,2024-01-07,CUST-01253,cust-01253@lumenmail.com,Lighting,4,99.98,0.05,Email,US,control
ORD-003750,26/05/2024,CUST-02136,cust-02136@lumenmail.com,Outdoor,1,6.99,0.0,Organic,CA,variant
ORD-007055,2024-03-14,CUST-00163,cust-00163@lumenmail.com,Furniture,1,582.37,0.0,Email,US,variant
ORD-002626,20/09/2024,CUST-00065,cust-00065@lumenmail.com,Outdoor,3,343.64,0.25,Organic,UK,variant
ORD-008772,2024-06-21,CUST-00966,cust-00966@lumenmail.com,Furniture,-2,85.21,0.0,Email,US,control
ORD-003480,2024-10-15,CUST-02928,cust-02928@lumenmail.com,Décor,2,7.6,0.05,Email,US,control
ORD-009467,2024-07-31,CUST-01728,cust-01728@lumenmail.com,Accessories,1,75.4,0.0,Email,US,control
ORD-003517,2023-08-10,CUST-01850,cust-01850@lumenmail.com,Furniture,3,391.39,0.0,Paid Search,US,control
ORD-007201,2024-01-31,CUST-02788,cust-02788@lumenmail.com,Lighting,1,28.75,0.0,Email,US,
ORD-003765,11/12/2023,CUST-02986,cust-02986@lumenmail.com,Lighting,1,76.56,0.0,Email,CA,variant
ORD-003153,28/08/2023,CUST-02606,cust-02606@lumenmail.com,Lighting,3,270.71,0.0,Paid Search,US,
ORD-007948,2024-01-29,CUST-00496,cust-00496@lumenmail.com,Accessories,2,38.36,0.25,Email,US,control
ORD-003736,2023-06-26,CUST-01534,cust-01534@lumenmail.com,Décor,1,41.54,0.1,,UK,variant
ORD-009416,2024-06-22,CUST-02914,cust-02914@lumenmail.com,Furniture,2,13.24,0.0,Social,CA,
ORD-005170,2024-09-16,CUST-02952,cust-02952@lumenmail.com,Lighting,1,26.76,0.05,Social,US,variant
ORD-000044,03/12/2024,CUST-02347,cust-02347@lumenmail.com,Furniture,2,167.11,0.1,Social,US,control
ORD-001427,2024-05-11,CUST-00996,cust-00996@lumenmail.com,Décor,1,773.23,0.0,Email,CA,control
ORD-009238,2024-11-01,CUST-01295,cust-01295@lumenmail.com,Décor,1,394.62,0.0,Email,UK,variant
ORD-002509,2024-10-03,CUST-02374,cust-02374@lumenmail.com,Lighting,3,66.5,0.0,Email,UK,control
ORD-008815,2024-11-16,CUST-00161,cust-00161@lumenmail.com,Lighting,5,29.98,0.0,Organic,UK,
ORD-006110,2024-09-28,CUST-01363,cust-01363@lumenmail.com,Accessories,3,13.15,0.0,Email,US,
ORD-009038,2024-09-20,CUST-00880,cust-00880@lumenmail.com,Lighting,1,169.5,0.0,,US,control
ORD-000078,2023-09-18,CUST-01657,cust-01657@lumenmail.com,Outdoor,1,33.55,0.05,Paid Search,US,control
ORD-001025,2023-07-29,CUST-00849,cust-00849@lumenmail.com,Lighting,2,347.42,0.05,Email,US,variant
ORD-003279,2024-03-28,,guest@lumenmail.com,Lighting,3,97.31,0.0,Email,US,
ORD-008956,2023-06-28,CUST-00832,cust-00832@lumenmail.com,Lighting,2,22.88,0.0,Paid Search,UK,control
ORD-000885,2024-05-08,CUST-02090,cust-02090@lumenmail.com,Furniture,1,16.12,0.2,Email,US,control
ORD-008158,2024-02-12,CUST-02067,cust-02067@lumenmail.com,Lighting,1,46.56,0.0,Email,US,
ORD-003977,2024-10-30,CUST-01738,cust-01738@lumenmail.com,Accessories,1,142.25,0.2,Email,US,control
ORD-008737,2023-11-22,CUST-01548,cust-01548@lumenmail.com,Accessories,-1,106.1,0.0,Social,US,
ORD-006080,2024-05-24,CUST-00663,cust-00663@lumenmail.com,Furniture,1,216.92,0.0,Paid Search,US,control
ORD-007722,2024-11-28,CUST-01457,cust-01457@lumenmail.com,Furniture,3,37.5,0.25,Social,UK,control
ORD-000875,2023-07-18,CUST-00406,cust-00406@lumenmail.com,Outdoor,1,32.81,0.0,Social,UK,
ORD-006337,2024-03-20,CUST-01090,cust-01090@lumenmail.com,Accessories,1,46.66,0.05,Organic,US,variant
ORD-003823,2024-06-03,CUST-02723,cust-02723@lumenmail.com,Décor,2,183.1,0.05,Organic,US,variant
ORD-003220,2023-09-23,CUST-01210,cust-01210@lumenmail.com,Décor,1,574.12,0.0,Paid Search,US,variant
ORD-005872,2024-04-28,,guest@lumenmail.com,Furniture,1,184.95,0.2,Organic,AU,
ORD-009127,2023-07-25,CUST-02706,cust-02706@lumenmail.com,Lighting,2,661.79,0.0,Paid Search,US,control
ORD-003195,09/10/2024,CUST-01625,cust-01625@lumenmail.com,Outdoor,7,26.03,0.2,Paid Search,US,variant
ORD-009179,2024-05-12,CUST-02465,cust-02465@lumenmail.com,Décor,3,38.93,0.0,Paid Search,AU,control
ORD-009289,2024-10-02,CUST-00841,cust-00841@lumenmail.com,Furniture,2,15.0,0.0,Paid Search,US,
ORD-005518,2024-07-15,CUST-00502,cust-00502@lumenmail.com,Décor,1,105.91,0.0,Organic,US,variant
ORD-000851,2024-05-13,CUST-00385,cust-00385@lumenmail.com,Accessories,6,82.56,0.05,Email,US,control
ORD-005064,2023-09-05,CUST-01896,cust-01896@lumenmail.com,Lighting,2,682.45,0.1,Social,US,
ORD-000220,25/11/2023,CUST-01703,cust-01703@lumenmail.com,Décor,2,43.66,0.0,Email,CA,variant
ORD-009025,2024-04-20,CUST-00769,cust-00769@lumenmail.com,Décor,2,42.28,0.05,Email,US,variant
ORD-007784,2024-09-03,CUST-02866,cust-02866@lumenmail.com,Outdoor,1,236.75,0.05,Email,US,control
ORD-007003,2023-10-27,CUST-02744,cust-02744@lumenmail.com,Accessories,1,83.06,0.0,Email,US,variant
ORD-001327,2023-10-31,CUST-02343,cust-02343@lumenmail.com,Furniture,1,69.95,0.0,Social,US,variant
ORD-005384,2024-08-14,CUST-02116,cust-02116@lumenmail.com,Lighting,2,244.37,0.15,Paid Search,US,
ORD-003892,2023-10-11,CUST-01693,cust-01693@lumenmail.com,Lighting,1,38.73,0.0,Email,US,variant
ORD-009070,16/08/2023,CUST-01752,cust-01752@lumenmail.com,Décor,1,7.8,0.25,Social,US,
ORD-005787,2023-11-04,CUST-01724,cust-01724@lumenmail.com,Outdoor,1,316.28,0.0,Paid Search,US,
ORD-001995,2024-07-25,CUST-00549,cust-00549@lumenmail.com,Outdoor,4,50.37,0.0,Paid Search,US,variant
ORD-005829,2024-10-08,CUST-00554,cust-00554@lumenmail.com,Accessories,2,5.07,0.05,Paid Search,AU,control
ORD-003508,2023-07-09,CUST-01465,cust-01465@lumenmail.com,Lighting,3,130.7,0.05,Paid Search,US,variant
ORD-003416,2023-10-16,,guest@lumenmail.com,Furniture,1,433.2,0.0,Paid Search,US,control
ORD-002412,2024-08-03,CUST-00017,cust-00017@lumenmail.com,Furniture,3,74.62,0.15,Organic,US,variant
ORD-003509,03/12/2023,CUST-01863,cust-01863@lumenmail.com,Décor,3,31.75,0.15,Email,US,control
ORD-008580,24/12/2024,CUST-00055,cust-00055@lumenmail.com,Furniture,2,219.88,0.15,Email,CA,
ORD-002586,2023-08-01,CUST-02296,cust-02296@lumenmail.com,Furniture,-1,30.9,0.05,Organic,CA,control
ORD-001632,2023-09-07,CUST-00483,cust-00483@lumenmail.com,Décor,-3,549.2,0.1,Paid Search,UK,
ORD-000129,2023-11-16,CUST-00072,cust-00072@lumenmail.com,Décor,2,10.81,0.05,Organic,ZZ,variant
ORD-002205,2023-08-25,CUST-01493,cust-01493@lumenmail.com,Lighting,3,59.23,0.05,Organic,US,variant
ORD-008938,2024-04-11,CUST-01982,cust-01982@lumenmail.com,Furniture,1,230.5,0.05,Email,US,variant
ORD-004226,2024-11-03,CUST-01364,cust-01364@lumenmail.com,Lighting,2,73.1,0.1,Paid Search,US,control
ORD-007392,2023-07-15,CUST-02243,cust-02243@lumenmail.com,Lighting,1,690.45,0.0,Paid Search,US,
ORD-006809,2023-07-16,CUST-02495,cust-02495@lumenmail.com,Décor,1,376.41,0.05,Paid Search,US,
ORD-005763,2023-06-23,CUST-01383,cust-01383@lumenmail.com,Lighting,1,31.14,0.1,Organic,US,control
ORD-007716,2024-10-15,CUST-00344,cust-00344@lumenmail.com,Furniture,2,39.38,0.15,Paid Search,US,variant
ORD-007749,2024-09-10,CUST-02270,cust-02270@lumenmail.com,Décor,3,738.7,0.0,Email,CA,variant
ORD-005107,2024-01-13,CUST-00805,cust-00805@lumenmail.com,Outdoor,2,60.2,0.0,Email,US,variant
ORD-007657,2024-05-28,CUST-00115,cust-00115@lumenmail.com,Décor,1,145.76,0.15,Organic,US,control
ORD-005136,2023-06-08,,guest@lumenmail.com,Lighting,1,33.29,0.2,Email,US,control
ORD-008927,2024-04-27,CUST-02108,cust-02108@lumenmail.com,Lighting,4,33.88,0.0,Paid Search,UK,
ORD-000924,2024-07-02,CUST-01467,cust-01467@lumenmail.com,Lighting,2,31.48,0.2,Paid Search,US,control
ORD-003446,2024-08-26,CUST-02359,cust-02359@lumenmail.com,Furniture,2,130.1,0.0,Organic,UK,variant
ORD-008223,2024-04-22,CUST-00487,cust-00487@lumenmail.com,Outdoor,4,184.35,0.05,Email,US,
ORD-003991,2024-12-14,CUST-02457,cust-02457@lumenmail.com,Lighting,1,28.57,0.1,Organic,US,
ORD-001601,23/08/2023,CUST-02098,cust-02098@lumenmail.com,Lighting,1,258.57,0.05,Paid Search,UK,variant
ORD-002216,2024-06-02,CUST-00602,cust-00602@lumenmail.com,Accessories,3,26.29,0.0,Paid Search,US,
ORD-008162,2023-12-27,CUST-01409,cust-01409@lumenmail.com,Décor,-2,109.07,0.15,Email,US,control
ORD-007818,2024-03-20,CUST-01623,cust-01623@lumenmail.com,Accessories,2,32.13,0.0,Email,US,control
ORD-001042,2024-11-09,CUST-00732,cust-00732@lumenmail.com,Furniture,1,388.4,0.1,,US,variant
ORD-002947,2024-01-23,CUST-00864,cust-00864@lumenmail.com,Lighting,3,13.1,0.05,Paid Search,AU,
ORD-006881,2024-07-03,CUST-01517,cust-01517@lumenmail.com,Furniture,2,413.79,0.0,Social,UK,control
ORD-006245,2023-08-09,CUST-02849,cust-02849@lumenmail.com,Furniture,2,162.22,0.25,Paid Search,US,variant
ORD-001483,2024-04-29,CUST-01043,cust-01043@lumenmail.com,Outdoor,4,36.48,0.15,Email,US,variant
ORD-008540,2024-03-22,CUST-02572,cust-02572@lumenmail.com,Furniture,2,60.6,0.15,Email,US,
ORD-002012,2023-06-02,CUST-01865,cust-01865@lumenmail.com,Lighting,2,35.32,0.0,Social,US,
ORD-008572,2023-07-26,CUST-02601,cust-02601@lumenmail.com,Lighting,1,375.53,0.05,Organic,US,
ORD-004793,24/04/2024,CUST-01947,cust-01947@lumenmail.com,Lighting,3,37.68,0.15,Paid Search,CA,variant
ORD-000047,2024-11-16,CUST-01917,cust-01917@lumenmail.com,Décor,1,33.38,0.1,Organic,US,control
ORD-008727,2024-09-05,,guest@lumenmail.com,Furniture,2,6.86,0.0,Organic,UK,control
ORD-001465,2024-04-16,CUST-00129,cust-00129@lumenmail.com,Furniture,6,278.39,0.1,Organic,ZZ,
ORD-000170,2024-04-14,CUST-00257,cust-00257@lumenmail.com,Lighting,1,15.01,0.1,Paid Search,US,control
ORD-002383,2024-07-11,CUST-01899,cust-01899@lumenmail.com,Furniture,2,22.77,0.0,Email,UK,control
ORD-003855,16/06/2023,CUST-01517,cust-01517@lumenmail.com,Outdoor,4,29.62,0.0,Email,AU,
ORD-002063,2024-10-12,CUST-01612,cust-01612@lumenmail.com,Lighting,1,10.03,0.15,Paid Search,UK,
ORD-006741,2024-10-07,CUST-02147,cust-02147@lumenmail.com,Furniture,1,185.61,0.0,Organic,UK,
ORD-004956,2024-12-15,CUST-00847,cust-00847@lumenmail.com,Accessories,-1,38.66,0.0,Email,US,
ORD-002977,2023-08-29,CUST-00752,cust-00752@lumenmail.com,Décor,2,23.78,0.1,Social,US,variant
ORD-007942,2024-11-16,CUST-01831,cust-01831@lumenmail.com,Lighting,1,96.21,0.0,Email,US,variant
ORD-000808,2024-02-15,CUST-01665,cust-01665@lumenmail.com,Furniture,4,123.06,0.1,Paid Search,US,control
ORD-009513,29/11/2023,CUST-02852,cust-02852@lumenmail.com,Furniture,1,17.9,0.15,Email,UK,variant
ORD-005398,2024-03-29,CUST-01348,cust-01348@lumenmail.com,Lighting,1,382.35,0.05,Organic,US,variant
ORD-007170,2024-11-04,CUST-01787,cust-01787@lumenmail.com,Décor,1,23.97,0.1,Email,CA,
ORD-005091,2024-09-05,CUST-01253,cust-01253@lumenmail.com,Furniture,1,436.74,0.15,Organic,CA,control
ORD-001030,2023-06-15,CUST-01706,cust-01706@lumenmail.com,Lighting,5,41.86,0.1,Social,UK,
ORD-007428,2024-10-23,CUST-01728,cust-01728@lumenmail.com,Furniture,-2,604.0,0.2,Organic,US,
ORD-000984,2023-12-09,CUST-00045,cust-00045@lumenmail.com,Outdoor,1,35.79,0.05,Paid Search,US,control
ORD-008560,21/06/2024,CUST-00918,cust-00918@lumenmail.com,Décor,3,91.04,0.1,Organic,ZZ,variant
ORD-003983,2024-08-28,CUST-01630,cust-01630@lumenmail.com,Décor,1,649.06,0.15,Social,US,variant
ORD-004634,2024-02-29,CUST-01816,cust-01816@lumenmail.com,Lighting,1,23.79,0.05,Organic,US,
ORD-005627,2024-06-17,CUST-02323,cust-02323@lumenmail.com,Décor,5,82.9,0.05,Organic,UK,variant
ORD-005644,2023-10-16,CUST-02606,cust-02606@lumenmail.com,Décor,1,281.77,0.0,Social,CA,
ORD-000642,2024-07-15,,guest@lumenmail.com,Lighting,2,251.52,0.2,Paid Search,US,control
ORD-000564,2024-07-11,CUST-01448,cust-01448@lumenmail.com,Outdoor,5,135.15,0.2,Organic,CA,variant
ORD-008146,2023-11-12,CUST-01936,cust-01936@lumenmail.com,Outdoor,1,6.59,0.15,Organic,CA,
ORD-007670,2024-01-05,CUST-01471,cust-01471@lumenmail.com,Décor,1,50.72,0.05,Organic,US,control
ORD-007695,2024-02-23,CUST-01205,cust-01205@lumenmail.com,Décor,6,529.49,0.0,Paid Search,UK,control
ORD-009455,2023-07-06,CUST-02454,cust-02454@lumenmail.com,Décor,7,64.51,0.0,Paid Search,US,variant
ORD-008808,2024-11-30,CUST-00914,cust-00914@lumenmail.com,Lighting,6,614.0,0.0,Paid Search,US,
ORD-005167,2024-12-01,CUST-01392,cust-01392@lumenmail.com,Lighting,1,421.66,0.05,Email,AU,
ORD-004737,2024-07-12,CUST-00850,cust-00850@lumenmail.com,Lighting,5,313.7,0.0,Organic,US,control
ORD-003831,2023-12-31,CUST-02780,cust-02780@lumenmail.com,Lighting,3,21.38,0.0,Social,US,
ORD-008467,2024-09-27,CUST-00745,cust-00745@lumenmail.com,Décor,2,53.72,0.0,Social,US,
ORD-002073,2023-12-25,CUST-02786,cust-02786@lumenmail.com,Accessories,1,33.6,0.1,Email,US,
ORD-001428,2024-04-11,CUST-02493,cust-02493@lumenmail.com,Décor,-2,95.86,0.05,Paid Search,US,control
ORD-008606,2024-02-09,CUST-01550,cust-01550@lumenmail.com,Décor,1,125.58,0.0,Social,AU,
ORD-001620,2024-02-25,CUST-02538,cust-02538@lumenmail.com,Décor,3,521.2,0.1,Paid Search,US,
ORD-001781,2023-07-28,CUST-01268,cust-01268@lumenmail.com,Outdoor,2,50.22,0.05,Email,US,variant
ORD-001598,2024-11-26,CUST-02826,cust-02826@lumenmail.com,Lighting,1,73.39,0.05,Social,UK,
ORD-006466,03/07/2023,CUST-00426,cust-00426@lumenmail.com,Décor,7,8.52,0.15,Email,US,control
ORD-008172,2024-03-31,CUST-01405,cust-01405@lumenmail.com,Outdoor,1,663.42,0.0,Organic,AU,
ORD-002837,2023-11-08,CUST-00845,cust-00845@lumenmail.com,Furniture,2,77.44,0.0,Paid Search,CA,control
ORD-007172,2024-02-24,CUST-00326,cust-00326@lumenmail.com,Lighting,5,330.85,0.05,Organic,US,variant
ORD-009015,23/01/2024,CUST-01146,cust-01146@lumenmail.com,Furniture,1,62.8,0.05,Email,US,control
ORD-007329,2023-06-12,CUST-00812,cust-00812@lumenmail.com,Furniture,1,161.18,0.25,Organic,US,variant
ORD-008423,2023-09-16,CUST-02149,cust-02149@lumenmail.com,Décor,1,10.27,0.15,Email,CA,
ORD-008236,2023-06-08,CUST-01405,cust-01405@lumenmail.com,Décor,1,110.32,0.15,Email,US,control
ORD-007511,09/04/2024,CUST-01217,cust-01217@lumenmail.com,Accessories,1,178.35,0.0,Organic,US,
ORD-006708,19/08/2023,CUST-02076,cust-02076@lumenmail.com,Décor,1,172.39,0.05,Email,CA,
ORD-007535,2023-11-23,CUST-02673,cust-02673@lumenmail.com,Furniture,5,394.0,0.0,Organic,US,
ORD-002094,2024-05-27,CUST-01170,cust-01170@lumenmail.com,Lighting,-2,49.92,0.1,Email,US,control
ORD-001388,2024-09-22,CUST-00925,cust-00925@lumenmail.com,Décor,1,36.67,0.15,Social,US,control
ORD-006116,2024-11-13,CUST-02899,cust-02899@lumenmail.com,Lighting,3,13.74,0.05,Email,US,variant
ORD-002636,2024-01-14,CUST-01451,cust-01451@lumenmail.com,Décor,4,50.29,0.05,Email,UK,
ORD-006676,2023-08-01,,guest@lumenmail.com,Décor,3,527.88,0.05,Email,ZZ,control
ORD-000848,2023-10-31,CUST-02325,cust-02325@lumenmail.com,Lighting,3,182.86,0.0,Organic,US,
ORD-002763,2024-06-17,CUST-01851,cust-01851@lumenmail.com,Décor,2,86.16,0.0,Paid Search,US,variant
ORD-007973,29/12/2023,CUST-00783,cust-00783@lumenmail.com,Accessories,2,132.18,0.0,Paid Search,US,control
ORD-003658,2024-07-20,CUST-01480,cust-01480@lumenmail.com,Accessories,2,356.14,0.25,Paid Search,UK,variant
ORD-009460,2024-03-02,CUST-01310,cust-01310@lumenmail.com,Lighting,2,186.86,0.0,Social,US,control
ORD-001680,2024-03-28,CUST-02939,cust-02939@lumenmail.com,Outdoor,2,41.91,0.05,Paid Search,US,variant
ORD-004676,2024-02-18,CUST-02922,cust-02922@lumenmail.com,Accessories,2,62.2,0.0,Paid Search,US,control
ORD-004982,2024-06-17,CUST-01997,cust-01997@lumenmail.com,Lighting,1,38.72,0.05,Email,US,
ORD-006945,2024-04-24,CUST-00229,cust-00229@lumenmail.com,Accessories,1,138.34,0.0,Paid Search,US,variant
ORD-005861,01/04/2024,CUST-00522,cust-00522@lumenmail.com,Décor,2,25.45,0.0,Social,US,
ORD-006157,2024-01-03,,guest@lumenmail.com,Décor,2,45.59,0.05,Paid Search,US,control
ORD-003146,2024-06-28,CUST-01035,cust-01035@lumenmail.com,Lighting,2,32.69,0.05,Paid Search,US,variant
ORD-000341,2024-02-04,CUST-02118,cust-02118@lumenmail.com,Furniture,3,104.54,0.05,Paid Search,US,control
ORD-004666,2024-08-17,CUST-00056,cust-00056@lumenmail.com,Décor,2,514.7,0.2,Organic,US,
ORD-000516,2024-03-06,CUST-00052,cust-00052@lumenmail.com,Lighting,-1,328.59,0.0,Paid Search,US,variant
ORD-008796,2024-05-08,CUST-01197,cust-01197@lumenmail.com,Lighting,1,16.86,0.15,Paid Search,US,variant
ORD-001810,2024-06-17,CUST-01549,cust-01549@lumenmail.com,Furniture,1,33.42,0.0,Email,AU,variant
ORD-005937,2024-11-13,CUST-01181,cust-01181@lumenmail.com,Décor,1,18.46,0.0,Email,US,
ORD-008520,2024-02-06,CUST-01949,cust-01949@lumenmail.com,Décor,1,62.97,0.0,Social,US,
ORD-000128,2024-05-30,CUST-00711,cust-00711@lumenmail.com,Décor,2,15.48,0.25,Paid Search,US,variant
ORD-009059,2024-05-09,CUST-01232,cust-01232@lumenmail.com,Furniture,1,36.49,0.1,Paid Search,US,control
ORD-007045,2024-08-26,CUST-01707,cust-01707@lumenmail.com,Lighting,1,10.12,0.1,Paid Search,ZZ,variant
ORD-004197,2024-04-15,,guest@lumenmail.com,Lighting,1,657.35,0.05,Organic,AU,variant
ORD-005985,11/10/2023,CUST-00979,cust-00979@lumenmail.com,Décor,-2,15.1,0.1,Organic,UK,variant
ORD-007757,16/09/2024,,guest@lumenmail.com,Accessories,1,11.56,0.0,Paid Search,CA,
ORD-002729,2024-10-06,CUST-00803,cust-00803@lumenmail.com,Outdoor,2,76.96,0.1,Paid Search,US,control
ORD-002256,2023-07-06,CUST-01719,cust-01719@lumenmail.com,Décor,6,101.83,0.0,Organic,US,
ORD-004515,2023-12-07,CUST-01955,cust-01955@lumenmail.com,Furniture,1,93.11,0.05,Paid Search,US,control
ORD-006582,2023-12-12,CUST-01765,cust-01765@lumenmail.com,Lighting,1,25.72,0.0,Organic,US,variant
ORD-007516,2023-12-21,CUST-01238,cust-01238@lumenmail.com,Lighting,3,19.31,0.0,Organic,US,
ORD-005869,10/11/2023,CUST-00697,cust-00697@lumenmail.com,Furniture,1,20.83,0.2,Email,US,variant
ORD-009526,2024-05-13,CUST-00117,cust-00117@lumenmail.com,Furniture,1,69.08,0.25,Email,US,control
ORD-000013,2023-06-20,CUST-01821,cust-01821@lumenmail.com,Décor,3,37.33,0.2,,US,
ORD-003615,2024-06-16,CUST-01452,cust-01452@lumenmail.com,Furniture,1,25.43,0.05,Social,US,
ORD-004745,2023-10-05,CUST-01428,cust-01428@lumenmail.com,Lighting,1,22.06,0.2,Paid Search,US,control
ORD-008473,2024-08-03,CUST-02225,cust-02225@lumenmail.com,Décor,1,124.92,0.15,Social,US,
ORD-005559,2023-09-29,CUST-02975,cust-02975@lumenmail.com,Lighting,3,133.45,0.2,Email,US,
ORD-001358,2023-06-12,CUST-01645,cust-01645@lumenmail.com,Décor,1,356.76,0.0,Email,UK,
ORD-004530,2024-11-27,CUST-02418,cust-02418@lumenmail.com,Décor,1,8.88,0.15,Organic,US,variant
ORD-008933,2023-11-03,CUST-00929,cust-00929@lumenmail.com,Furniture,7,64.53,0.0,Email,CA,control
ORD-002435,2024-08-08,CUST-01977,cust-01977@lumenmail.com,Furniture,1,28.77,0.05,Email,US,control
ORD-000548,2023-06-30,CUST-00906,cust-00906@lumenmail.com,Furniture,3,124.74,0.05,Paid Search,US,
ORD-007452,2024-07-11,,guest@lumenmail.com,Furniture,1,92.96,0.0,Organic,US,
ORD-005570,,CUST-00210,cust-00210@lumenmail.com,Furniture,3,253.07,0.05,Paid Search,UK,
ORD-002333,2023-09-23,CUST-00955,cust-00955@lumenmail.com,Lighting,4,168.73,0.0,Email,US,variant
ORD-007371,09/12/2023,CUST-01187,cust-01187@lumenmail.com,Accessories,4,26.51,0.0,Paid Search,US,variant
ORD-001585,2024-02-08,CUST-01824,cust-01824@lumenmail.com,Outdoor,3,48.45,0.0,Email,CA,control
ORD-003294,30/11/2023,CUST-02456,cust-02456@lumenmail.com,Décor,4,326.79,0.0,Social,US,
ORD-006008,2024-11-11,CUST-01350,cust-01350@lumenmail.com,Décor,2,90.16,0.0,Paid Search,CA,variant
ORD-002144,2023-09-11,CUST-00586,cust-00586@lumenmail.com,Accessories,1,122.88,0.15,Email,AU,
ORD-001235,2023-06-13,CUST-01278,cust-01278@lumenmail.com,Accessories,3,80.26,0.05,Paid Search,US,variant
ORD-004680,2024-11-07,CUST-00224,cust-00224@lumenmail.com,Décor,-1,29.96,0.0,,US,variant
ORD-000348,2024-01-07,CUST-02488,cust-02488@lumenmail.com,Outdoor,1,128.65,0.15,Paid Search,AU,control
ORD-006411,2023-08-28,CUST-02093,cust-02093@lumenmail.com,Lighting,2,17.92,0.05,Organic,US,variant
ORD-002409,07/04/2024,CUST-02324,cust-02324@lumenmail.com,Furniture,1,37.69,0.0,Paid Search,UK,variant
ORD-000422,2024-01-17,CUST-02339,cust-02339@lumenmail.com,Lighting,1,19.75,0.0,Paid Search,ZZ,
ORD-009145,11/11/2023,CUST-01598,cust-01598@lumenmail.com,Lighting,2,80.81,0.05,Paid Search,US,
ORD-007885,23/08/2023,CUST-02583,cust-02583@lumenmail.com,Furniture,1,270.03,0.0,Organic,UK,control
ORD-008421,2023-06-30,CUST-02222,cust-02222@lumenmail.com,Lighting,3,51.11,0.05,Social,UK,
ORD-005508,2024-10-25,CUST-02889,cust-02889@lumenmail.com,Décor,2,35.52,0.0,Organic,UK,control
ORD-001729,2023-08-29,CUST-00867,cust-00867@lumenmail.com,Lighting,1,38.52,0.0,Email,UK,variant
ORD-006186,2023-11-05,CUST-02413,cust-02413@lumenmail.com,Lighting,1,6.11,0.1,Organic,US,control
ORD-003130,2023-11-23,CUST-01106,cust-01106@lumenmail.com,Lighting,7,41.94,0.0,Email,UK,control
ORD-001525,2023-08-11,CUST-01902,cust-01902@lumenmail.com,Outdoor,1,664.65,0.05,Organic,US,variant
ORD-003775,2024-07-13,CUST-01677,cust-01677@lumenmail.com,Lighting,1,307.32,0.0,Email,US,
ORD-009425,2024-06-04,CUST-02454,cust-02454@lumenmail.com,Décor,1,69.86,0.0,Paid Search,US,variant
ORD-009148,2023-12-12,CUST-02296,cust-02296@lumenmail.com,Furniture,2,739.32,0.0,Paid Search,CA,variant
ORD-007267,2023-08-25,CUST-02598,cust-02598@lumenmail.com,Furniture,1,97.3,0.1,Organic,AU,control
ORD-006298,2024-05-25,,guest@lumenmail.com,Décor,1,60.71,0.05,,CA,
ORD-007351,06/06/2023,CUST-00001,cust-00001@lumenmail.com,Décor,5,22.04,0.15,Organic,US,control
ORD-004161,2024-08-30,CUST-01254,cust-01254@lumenmail.com,Furniture,1,5.15,0.1,Paid Search,US,
ORD-000689,2024-02-14,CUST-02698,cust-02698@lumenmail.com,Outdoor,1,7.81,0.0,Email,AU,variant
ORD-006481,2024-11-24,CUST-01701,cust-01701@lumenmail.com,Décor,2,707.42,0.1,Paid Search,US,variant
ORD-006505,2023-10-06,CUST-01518,cust-01518@lumenmail.com,Décor,2,93.8,0.15,Email,UK,
ORD-008111,2024-01-15,CUST-02060,cust-02060@lumenmail.com,Décor,1,194.75,0.05,,US,
ORD-003565,2023-12-08,CUST-01811,cust-01811@lumenmail.com,Décor,1,152.48,0.0,Email,US,variant
ORD-007963,2024-10-30,CUST-01102,cust-01102@lumenmail.com,Accessories,1,49.59,0.05,Email,US,
ORD-007081,2024-07-10,CUST-02146,cust-02146@lumenmail.com,Furniture,2,768.87,0.05,Organic,UK,
ORD-003902,2024-10-10,CUST-00420,cust-00420@lumenmail.com,Furniture,6,95.57,0.15,Organic,US,control
ORD-004011,2023-08-16,CUST-01976,cust-01976@lumenmail.com,Lighting,1,74.94,0.0,Email,US,
ORD-008428,2024-11-17,CUST-02167,cust-02167@lumenmail.com,Outdoor,1,46.88,0.1,Organic,US,variant
ORD-000448,2024-11-25,CUST-02412,cust-02412@lumenmail.com,Décor,2,40.42,0.0,Organic,US,control
ORD-001944,2023-11-20,CUST-00338,cust-00338@lumenmail.com,Accessories,3,144.79,0.1,Paid Search,US,control
ORD-003227,2024-05-15,CUST-02493,cust-02493@lumenmail.com,Lighting,2,62.34,0.0,Email,US,control
ORD-002075,2024-11-10,CUST-01498,cust-01498@lumenmail.com,Furniture,1,56.59,0.15,Email,US,
ORD-006768,2023-10-27,CUST-02219,cust-02219@lumenmail.com,Décor,3,716.64,0.0,Paid Search,US,
ORD-000407,2024-03-18,CUST-00064,cust-00064@lumenmail.com,Décor,6,48.55,0.0,Email,US,
ORD-007069,2024-04-04,CUST-01512,cust-01512@lumenmail.com,Outdoor,2,122.47,0.0,Paid Search,UK,control
ORD-004648,2024-11-13,CUST-01163,cust-01163@lumenmail.com,Outdoor,1,170.83,0.0,Paid Search,US,control
ORD-006770,10/07/2023,CUST-02676,cust-02676@lumenmail.com,Furniture,3,179.28,0.05,Paid Search,US,variant
ORD-004180,15/09/2024,CUST-00433,cust-00433@lumenmail.com,Lighting,1,42.15,0.0,Social,US,variant
ORD-008911,2023-11-26,CUST-00536,cust-00536@lumenmail.com,Lighting,3,27.12,0.15,Organic,US,variant
ORD-001044,2024-11-22,CUST-00537,cust-00537@lumenmail.com,Furniture,6,33.71,0.15,Organic,US,control
ORD-004331,2023-12-11,CUST-01456,cust-01456@lumenmail.com,Lighting,3,84.23,0.0,Paid Search,CA,
ORD-001832,2024-01-01,CUST-02313,cust-02313@lumenmail.com,Lighting,2,496.81,0.0,Organic,US,control
ORD-005767,2024-05-29,CUST-01609,cust-01609@lumenmail.com,Lighting,1,293.39,0.15,Organic,US,variant
ORD-008055,2024-05-09,CUST-00880,cust-00880@lumenmail.com,Lighting,1,264.1,0.05,Paid Search,US,control
ORD-002116,2024-10-15,CUST-00352,cust-00352@lumenmail.com,Lighting,1,161.41,0.0,Email,US,control
ORD-004678,2024-01-17,CUST-00183,cust-00183@lumenmail.com,Furniture,1,206.42,0.15,Email,CA,control
ORD-005716,2024-03-02,CUST-02954,cust-02954@lumenmail.com,Décor,1,183.2,0.0,Paid Search,CA,control
ORD-008014,2024-05-17,CUST-02563,cust-02563@lumenmail.com,Furniture,4,150.21,0.0,Email,US,
ORD-004549,2024-09-15,CUST-00913,cust-00913@lumenmail.com,Outdoor,5,69.72,0.0,,US,control
ORD-005613,2023-09-04,CUST-00590,cust-00590@lumenmail.com,Accessories,1,46.95,0.0,Organic,CA,variant
ORD-004476,29/09/2023,CUST-01586,cust-01586@lumenmail.com,Furniture,4,40.49,0.05,Social,US,control
ORD-002433,2024-05-20,CUST-00446,cust-00446@lumenmail.com,Lighting,1,52.64,0.15,Social,US,control
ORD-008235,2023-11-04,CUST-00219,cust-00219@lumenmail.com,Furniture,2,26.47,0.1,Paid Search,CA,variant
ORD-009477,2024-05-24,CUST-00225,cust-00225@lumenmail.com,Lighting,3,29.55,0.0,Social,US,control
ORD-000894,2024-06-12,CUST-02540,cust-02540@lumenmail.com,Lighting,3,483.78,0.05,Paid Search,ZZ,
ORD-005616,2024-08-23,CUST-00156,cust-00156@lumenmail.com,Décor,1,28.89,0.0,Organic,CA,control
ORD-006324,2024-10-20,CUST-01166,cust-01166@lumenmail.com,Outdoor,1,167.31,0.05,Email,US,
ORD-005405,2023-07-13,CUST-00942,cust-00942@lumenmail.com,Décor,3,14.88,0.0,Paid Search,CA,variant
ORD-000229,30/10/2024,CUST-01969,cust-01969@lumenmail.com,Lighting,1,89.23,0.1,Organic,US,
ORD-004556,2024-02-05,CUST-01685,cust-01685@lumenmail.com,Décor,1,299.4,0.1,Social,US,
ORD-005862,2023-07-03,CUST-00899,cust-00899@lumenmail.com,Lighting,3,78.91,0.0,Social,US,control
ORD-005824,2024-09-01,CUST-02828,cust-02828@lumenmail.com,Furniture,2,39.08,0.0,Email,CA,variant
ORD-009447,2023-11-16,CUST-00415,cust-00415@lumenmail.com,Décor,1,34.1,0.05,Paid Search,US,control
ORD-003378,2023-11-29,CUST-01960,cust-01960@lumenmail.com,Furniture,1,105.7,0.05,Social,ZZ,variant
ORD-008696,2023-08-08,CUST-02668,cust-02668@lumenmail.com,Lighting,1,87.86,0.1,Email,US,
ORD-004184,2023-10-27,,guest@lumenmail.com,Lighting,2,71.03,0.0,Social,US,
ORD-009557,2024-10-16,CUST-00920,cust-00920@lumenmail.com,Décor,2,26.79,0.1,Email,UK,
ORD-008341,2024-08-04,CUST-00004,cust-00004@lumenmail.com,Furniture,4,160.92,0.15,Social,US,control
ORD-004428,2024-12-01,CUST-02681,cust-02681@lumenmail.com,Lighting,1,87.38,0.0,Paid Search,US,
ORD-000003,2023-11-21,CUST-01375,cust-01375@lumenmail.com,Décor,4,37.65,0.0,Social,US,variant
ORD-004393,2023-10-16,CUST-02198,cust-02198@lumenmail.com,Lighting,7,294.05,0.0,Email,US,variant
ORD-005554,2024-05-18,CUST-02230,cust-02230@lumenmail.com,Outdoor,2,97.26,0.1,Paid Search,ZZ,variant
ORD-001300,11/11/2023,CUST-02823,cust-02823@lumenmail.com,Furniture,1,28.72,0.0,Social,US,
ORD-008546,2024-01-20,CUST-01029,cust-01029@lumenmail.com,Outdoor,5,61.01,0.1,Organic,US,control
ORD-005632,24/12/2024,CUST-02683,cust-02683@lumenmail.com,Furniture,1,460.13,0.1,Email,ZZ,
ORD-002350,2024-08-17,CUST-01753,cust-01753@lumenmail.com,Accessories,2,367.6,0.0,Email,CA,control
ORD-001111,2024-07-05,CUST-00036,cust-00036@lumenmail.com,Lighting,3,447.97,0.15,Paid Search,US,
ORD-007759,2023-09-17,CUST-00376,cust-00376@lumenmail.com,Accessories,1,45.74,0.1,Paid Search,CA,
ORD-004992,2024-08-17,CUST-00362,cust-00362@lumenmail.com,Furniture,1,18.32,0.2,Paid Search,UK,variant
ORD-006581,2024-07-04,CUST-00207,cust-00207@lumenmail.com,Lighting,4,16.86,0.0,Email,US,variant
ORD-005250,03/12/2023,CUST-00564,cust-00564@lumenmail.com,Décor,7,24.92,0.1,Paid Search,US,control
ORD-006796,2023-09-28,CUST-00392,cust-00392@lumenmail.com,Lighting,6,26.93,0.0,Email,US,control
ORD-001167,2024-04-06,CUST-01857,cust-01857@lumenmail.com,Lighting,3,437.58,0.0,Email,US,
ORD-008121,2024-07-19,CUST-02588,cust-02588@lumenmail.com,Furniture,5,65.47,0.1,Email,US,variant
ORD-008470,31/12/2023,CUST-00263,cust-00263@lumenmail.com,Lighting,1,83.83,0.2,Social,ZZ,variant
ORD-002973,,CUST-01428,cust-01428@lumenmail.com,Furniture,1,55.63,0.0,Organic,AU,variant
ORD-001834,2023-11-20,CUST-01732,cust-01732@lumenmail.com,Accessories,1,42.15,0.0,Paid Search,US,control
ORD-001232,02/06/2023,CUST-00549,cust-00549@lumenmail.com,Décor,1,27.57,0.15,Organic,US,
ORD-000685,2023-06-14,CUST-01395,cust-01395@lumenmail.com,Lighting,2,180.72,0.05,Organic,US,variant
ORD-006124,2024-03-31,CUST-02800,cust-02800@lumenmail.com,Décor,1,73.53,0.05,Paid Search,UK,
ORD-009515,2023-12-25,CUST-00747,cust-00747@lumenmail.com,Lighting,1,42.45,0.0,Organic,US,variant
ORD-006082,2023-11-30,CUST-01058,cust-01058@lumenmail.com,Furniture,1,61.75,0.0,Organic,ZZ,control
ORD-003134,2023-07-31,CUST-00268,cust-00268@lumenmail.com,Furniture,1,80.74,0.05,Organic,US,control
ORD-001619,01/10/2023,CUST-01769,cust-01769@lumenmail.com,Furniture,3,182.52,0.05,Social,CA,variant
ORD-006151,09/01/2024,CUST-02521,cust-02521@lumenmail.com,Lighting,3,136.48,0.0,Paid Search,US,
ORD-003291,04/02/2024,,guest@lumenmail.com,Lighting,1,47.96,0.1,Email,US,variant
ORD-002584,06/08/2023,,guest@lumenmail.com,Furniture,1,652.39,0.0,Social,AU,
ORD-006293,2024-06-28,CUST-02502,cust-02502@lumenmail.com,Lighting,1,73.83,0.1,Paid Search,CA,
ORD-001594,20/07/2023,CUST-02367,cust-02367@lumenmail.com,Décor,7,436.39,0.15,Paid Search,US,
ORD-002796,2024-10-19,CUST-00707,cust-00707@lumenmail.com,Furniture,5,11.61,0.0,Social,US,variant
ORD-004799,16/12/2023,CUST-02145,cust-02145@lumenmail.com,Lighting,4,43.41,0.0,Email,US,
ORD-000782,2024-03-08,CUST-02802,cust-02802@lumenmail.com,Lighting,2,174.4,0.15,Email,US,control
ORD-004136,2024-08-19,CUST-00743,cust-00743@lumenmail.com,Accessories,1,648.02,0.0,Paid Search,CA,
ORD-005102,09/10/2024,CUST-01528,cust-01528@lumenmail.com,Lighting,3,199.22,0.1,,UK,control
ORD-008387,2023-07-01,CUST-00731,cust-00731@lumenmail.com,Lighting,2,24.66,0.0,Email,AU,
ORD-000086,2023-10-21,CUST-01333,cust-01333@lumenmail.com,Lighting,2,103.07,0.0,Email,US,
ORD-002922,2023-06-08,CUST-00941,cust-00941@lumenmail.com,Lighting,1,33.83,0.05,Email,US,variant
ORD-005721,2024-05-09,CUST-02616,cust-02616@lumenmail.com,Outdoor,3,9.16,0.0,Email,US,
ORD-000134,2024-09-11,CUST-00535,cust-00535@lumenmail.com,Lighting,1,28.67,0.0,Paid Search,US,control
ORD-000293,2024-09-04,CUST-00419,cust-00419@lumenmail.com,Outdoor,1,134.76,0.1,Paid Search,US,
ORD-007109,,CUST-01415,cust-01415@lumenmail.com,Accessories,3,6.19,0.05,Organic,US,
ORD-008870,2024-08-13,CUST-00729,cust-00729@lumenmail.com,Décor,1,176.66,0.0,Email,US,control
ORD-005002,2024-12-26,CUST-00821,cust-00821@lumenmail.com,Lighting,6,31.91,0.0,Organic,US,control
ORD-001726,2023-07-23,CUST-01074,cust-01074@lumenmail.com,Outdoor,1,174.62,0.1,Paid Search,US,
ORD-008293,2024-11-03,CUST-01797,cust-01797@lumenmail.com,Lighting,1,6.55,0.2,Paid Search,AU,
ORD-008465,2024-08-20,CUST-01547,cust-01547@lumenmail.com,Furniture,2,22.67,0.1,Email,US,variant
ORD-008663,2024-05-25,CUST-02712,cust-02712@lumenmail.com,Décor,3,26.18,0.0,Organic,US,control
ORD-001778,02/06/2023,CUST-00821,cust-00821@lumenmail.com,Outdoor,1,48.24,0.15,Organic,US,variant
ORD-007323,2023-07-12,CUST-00517,cust-00517@lumenmail.com,Décor,4,137.24,0.0,Paid Search,US,variant
ORD-003874,30/07/2024,CUST-00580,cust-00580@lumenmail.com,Furniture,1,234.05,0.15,Paid Search,US,
ORD-002597,2023-08-01,CUST-01393,cust-01393@lumenmail.com,Outdoor,2,77.58,0.1,Organic,US,
ORD-003673,2023-09-17,CUST-00388,cust-00388@lumenmail.com,Décor,2,306.35,0.25,Email,US,control
ORD-007921,2024-10-04,,guest@lumenmail.com,Décor,2,24.45,0.15,Organic,US,control
ORD-002481,2024-11-30,CUST-00334,cust-00334@lumenmail.com,Lighting,4,15.22,0.0,,ZZ,
ORD-001193,2023-08-07,CUST-02577,cust-02577@lumenmail.com,Accessories,2,20.2,0.05,Email,CA,
ORD-004498,2024-03-10,CUST-02014,cust-02014@lumenmail.com,Lighting,1,151.86,0.05,Email,ZZ,
ORD-002870,12/02/2024,CUST-02365,cust-02365@lumenmail.com,Accessories,2,43.33,0.0,Paid Search,US,control
ORD-003021,08/11/2024,CUST-01552,cust-01552@lumenmail.com,Lighting,4,267.91,0.05,Email,US,control
ORD-002994,2024-08-04,CUST-01662,cust-01662@lumenmail.com,Décor,3,46.69,0.0,,CA,
ORD-004582,2024-03-11,CUST-00445,cust-00445@lumenmail.com,Décor,2,241.88,0.1,Email,CA,
ORD-005485,2024-05-11,CUST-02015,cust-02015@lumenmail.com,Lighting,2,76.7,0.0,Organic,UK,
ORD-009031,27/11/2024,CUST-00396,cust-00396@lumenmail.com,Décor,2,497.57,0.05,Paid Search,US,variant
ORD-003135,03/01/2024,CUST-02054,cust-02054@lumenmail.com,Lighting,3,623.8,0.0,Paid Search,US,
ORD-005799,2024-04-27,CUST-01287,cust-01287@lumenmail.com,Outdoor,1,42.22,0.0,Paid Search,US,control
ORD-000327,2024-01-07,CUST-00182,cust-00182@lumenmail.com,Accessories,1,18.61,0.05,Organic,US,
ORD-003216,2024-06-27,CUST-00189,cust-00189@lumenmail.com,Furniture,-2,18.45,0.1,Paid Search,US,
ORD-006550,2024-05-12,CUST-01656,cust-01656@lumenmail.com,Lighting,1,55.38,0.1,Organic,CA,
ORD-000339,2023-08-24,CUST-00175,cust-00175@lumenmail.com,Accessories,1,628.76,0.05,Organic,US,
ORD-002026,2024-04-08,CUST-00543,cust-00543@lumenmail.com,Décor,1,212.46,0.05,Organic,US,control
ORD-002559,2023-06-30,CUST-02768,cust-02768@lumenmail.com,Accessories,1,88.72,0.0,Email,UK,variant
ORD-005611,2024-03-20,CUST-01145,cust-01145@lumenmail.com,Décor,2,213.49,0.0,Paid Search,US,variant
ORD-007192,2024-01-17,CUST-00358,cust-00358@lumenmail.com,Lighting,2,25.07,0.1,Social,US,
ORD-009371,2024-11-15,CUST-02472,cust-02472@lumenmail.com,Lighting,1,785.98,0.05,Paid Search,US,variant
ORD-006798,2023-11-08,CUST-00799,cust-00799@lumenmail.com,Furniture,6,28.03,0.05,Paid Search,US,
ORD-003746,2024-11-03,CUST-02237,cust-02237@lumenmail.com,Outdoor,5,49.61,0.1,Paid Search,US,control
ORD-003468,09/11/2023,CUST-01583,cust-01583@lumenmail.com,Accessories,1,80.45,0.0,Email,UK,
ORD-003790,2024-11-14,CUST-00559,cust-00559@lumenmail.com,Outdoor,1,30.82,0.1,Paid Search,US,variant
ORD-002637,2024-10-16,CUST-00282,cust-00282@lumenmail.com,Lighting,2,52.18,0.1,Email,CA,
ORD-000630,2023-09-17,CUST-01684,cust-01684@lumenmail.com,Furniture,3,125.42,0.15,Paid Search,UK,control
ORD-008626,2024-10-25,CUST-00261,cust-00261@lumenmail.com,Décor,2,92.82,0.0,Organic,US,control
ORD-005546,08/12/2024,CUST-01016,cust-01016@lumenmail.com,Lighting,1,54.44,0.0,Paid Search,CA,control
ORD-004486,2024-09-22,CUST-00110,cust-00110@lumenmail.com,Lighting,2,236.28,0.2,Social,US,
ORD-008896,2024-07-14,CUST-00427,cust-00427@lumenmail.com,Lighting,2,719.11,0.05,Paid Search,US,control
ORD-001079,2024-05-18,CUST-01908,cust-01908@lumenmail.com,Furniture,2,39.01,0.15,Paid Search,US,variant
ORD-006176,2023-12-26,CUST-02809,cust-02809@lumenmail.com,Accessories,6,19.14,0.05,Organic,UK,control
ORD-000273,2024-04-22,CUST-01166,cust-01166@lumenmail.com,Lighting,1,9.38,0.0,Organic,US,variant
ORD-009359,2024-05-07,CUST-02391,cust-02391@lumenmail.com,Accessories,2,127.18,0.15,Email,CA,control
ORD-009549,2024-03-03,CUST-02478,cust-02478@lumenmail.com,Outdoor,1,163.58,0.1,Paid Search,US,variant
ORD-002583,21/10/2023,CUST-02497,cust-02497@lumenmail.com,Lighting,1,61.78,0.05,Organic,ZZ,
ORD-007936,2024-08-28,CUST-02348,cust-02348@lumenmail.com,Accessories,5,236.9,0.0,Organic,US,control
ORD-002596,2023-08-22,CUST-01972,cust-01972@lumenmail.com,Décor,6,32.87,0.0,Email,CA,variant
ORD-004830,2024-06-26,CUST-01673,cust-01673@lumenmail.com,Accessories,3,60.05,0.0,Paid Search,US,variant
ORD-009347,2023-11-02,CUST-00822,cust-00822@lumenmail.com,Lighting,1,167.24,0.0,Social,UK,control
ORD-003354,27/12/2023,CUST-00009,cust-00009@lumenmail.com,Furniture,4,8.22,0.0,Paid Search,US,
ORD-002758,2024-04-21,CUST-02801,cust-02801@lumenmail.com,Décor,-3,199.25,0.2,Paid Search,US,control
ORD-005412,2023-07-20,CUST-01522,cust-01522@lumenmail.com,Lighting,1,435.45,0.15,Paid Search,US,control
ORD-008901,2023-09-16,CUST-00062,cust-00062@lumenmail.com,Outdoor,1,188.07,0.05,Organic,US,
ORD-004061,16/01/2024,CUST-02781,cust-02781@lumenmail.com,Outdoor,1,59.33,0.1,Paid Search,AU,variant
ORD-008623,2024-06-13,CUST-00851,cust-00851@lumenmail.com,Décor,2,0.0,0.1,Paid Search,US,variant
ORD-005469,2023-06-15,CUST-01833,cust-01833@lumenmail.com,Décor,1,52.45,0.05,Email,US,
ORD-008275,2023-10-27,CUST-00170,cust-00170@lumenmail.com,Décor,1,80.22,0.05,Organic,US,
ORD-001494,2023-12-04,CUST-01905,cust-01905@lumenmail.com,Lighting,1,176.23,0.05,Paid Search,US,
ORD-004931,2024-12-09,CUST-00185,cust-00185@lumenmail.com,Décor,1,673.14,0.05,Email,US,control
ORD-008494,2024-06-28,CUST-02332,cust-02332@lumenmail.com,Lighting,1,108.63,0.0,Email,US,
ORD-002352,2024-10-23,CUST-01134,cust-01134@lumenmail.com,Lighting,2,68.33,0.0,Paid Search,US,
ORD-009344,2024-01-20,CUST-01742,cust-01742@lumenmail.com,Lighting,1,34.32,0.15,,UK,control
ORD-005631,2024-02-19,CUST-01554,cust-01554@lumenmail.com,Décor,3,29.8,0.05,Paid Search,US,control
ORD-006242,2024-09-30,CUST-00781,cust-00781@lumenmail.com,Furniture,1,27.97,0.15,Organic,CA,variant
ORD-005364,2023-08-23,CUST-01325,cust-01325@lumenmail.com,Outdoor,2,30.32,0.05,Organic,AU,control
ORD-000733,2024-08-14,CUST-00963,cust-00963@lumenmail.com,Furniture,1,10.17,0.05,Email,US,variant
ORD-006858,2024-04-24,CUST-01837,cust-01837@lumenmail.com,Accessories,1,20.29,0.1,Email,US,variant
ORD-006360,2024-09-10,CUST-02297,cust-02297@lumenmail.com,Outdoor,5,46.98,0.0,Email,US,control
ORD-009066,2024-12-10,,guest@lumenmail.com,Furniture,1,196.68,0.0,Organic,UK,
ORD-000470,2024-06-22,CUST-00283,cust-00283@lumenmail.com,Lighting,1,168.74,0.05,Paid Search,US,variant
ORD-004334,2024-03-22,CUST-02569,cust-02569@lumenmail.com,Décor,1,309.22,0.0,Social,AU,control
ORD-005211,25/11/2024,CUST-01447,cust-01447@lumenmail.com,Outdoor,7,74.88,0.05,Email,CA,control
ORD-002833,2023-07-30,CUST-02881,cust-02881@lumenmail.com,Lighting,3,247.6,0.15,Paid Search,AU,variant
ORD-009029,2024-08-24,CUST-01174,cust-01174@lumenmail.com,Lighting,2,35.7,0.2,Paid Search,US,
ORD-000896,2023-09-11,CUST-01678,cust-01678@lumenmail.com,Décor,1,46.97,0.0,Email,US,control
ORD-001787,09/10/2024,CUST-02291,cust-02291@lumenmail.com,Furniture,-1,44.55,0.0,Paid Search,US,variant
ORD-004576,2024-07-26,CUST-02378,cust-02378@lumenmail.com,Décor,1,67.49,0.05,Paid Search,US,
ORD-004798,2024-11-03,CUST-02785,cust-02785@lumenmail.com,Décor,1,99.03,0.1,Email,US,variant
ORD-000240,2023-06-12,,guest@lumenmail.com,Décor,-2,73.26,0.1,Email,US,control
ORD-000952,2024-05-23,CUST-00134,cust-00134@lumenmail.com,Lighting,1,61.23,0.15,Paid Search,US,
ORD-006204,2024-03-06,CUST-00851,cust-00851@lumenmail.com,Outdoor,2,122.18,0.1,Organic,US,control
ORD-000822,2024-02-01,CUST-01490,cust-01490@lumenmail.com,Décor,1,370.82,0.0,Email,US,
ORD-002990,2024-05-16,CUST-00322,cust-00322@lumenmail.com,Décor,-3,112.07,0.05,Paid Search,US,
ORD-001963,2024-09-01,CUST-02890,cust-02890@lumenmail.com,Accessories,7,33.76,0.0,Email,US,variant
ORD-002885,2023-12-20,CUST-02808,cust-02808@lumenmail.com,Lighting,2,95.58,0.1,Email,US,
ORD-008558,2024-01-11,,guest@lumenmail.com,Lighting,3,72.42,0.15,Paid Search,US,variant
ORD-008097,2024-08-15,CUST-00519,cust-00519@lumenmail.com,Lighting,1,288.51,0.05,Organic,US,
ORD-009200,2024-03-31,CUST-01582,cust-01582@lumenmail.com,Furniture,2,7.99,0.05,Organic,US,
ORD-006379,2024-01-15,CUST-01098,cust-01098@lumenmail.com,Outdoor,1,780.44,0.05,Social,CA,control
ORD-001403,14/09/2024,CUST-02586,cust-02586@lumenmail.com,Furniture,3,155.52,0.15,Organic,CA,variant
ORD-002697,2024-11-11,CUST-02179,cust-02179@lumenmail.com,Décor,3,134.05,0.0,Paid Search,US,variant
ORD-003722,2024-01-23,CUST-02290,cust-02290@lumenmail.com,Lighting,2,9.14,0.05,Organic,US,
ORD-004755,07/08/2024,CUST-01562,cust-01562@lumenmail.com,Furniture,2,180.23,0.15,Paid Search,US,
ORD-001055,2024-10-08,CUST-00970,cust-00970@lumenmail.com,Outdoor,1,159.19,0.2,Email,US,variant
ORD-009285,12/12/2024,CUST-02400,cust-02400@lumenmail.com,Décor,2,26.0,0.05,Paid Search,US,variant
ORD-005225,25/07/2023,CUST-00241,cust-00241@lumenmail.com,Lighting,2,51.97,0.0,Organic,US,control
ORD-002308,2024-01-05,CUST-00909,cust-00909@lumenmail.com,Lighting,1,347.38,0.15,Email,US,
ORD-008335,29/10/2023,CUST-02863,cust-02863@lumenmail.com,Lighting,1,62.47,0.0,Social,US,
ORD-004747,2023-06-14,CUST-02328,cust-02328@lumenmail.com,Lighting,4,22.68,0.1,Email,US,
ORD-005066,2024-06-17,CUST-00762,cust-00762@lumenmail.com,Décor,5,363.89,0.05,Paid Search,US,
ORD-003577,2023-12-27,CUST-00463,cust-00463@lumenmail.com,Décor,1,721.47,0.0,Paid Search,US,control
ORD-007521,2023-12-30,CUST-01717,cust-01717@lumenmail.com,Lighting,-2,105.35,0.0,Organic,US,
ORD-007864,2024-05-05,CUST-01973,cust-01973@lumenmail.com,Décor,2,85.26,0.1,Paid Search,US,variant
ORD-009017,2024-12-22,CUST-01164,cust-01164@lumenmail.com,Accessories,4,14.23,0.0,Social,US,
ORD-007406,29/08/2024,CUST-01913,cust-01913@lumenmail.com,Décor,4,70.64,0.2,Email,CA,control
ORD-002337,05/12/2023,CUST-01423,cust-01423@lumenmail.com,Furniture,2,198.34,0.05,Paid Search,US,control
ORD-001790,09/11/2023,CUST-00209,cust-00209@lumenmail.com,Lighting,2,84.03,0.0,Paid Search,US,control
ORD-006364,2024-04-04,CUST-01946,cust-01946@lumenmail.com,Lighting,-1,50.55,0.0,,US,control
ORD-003300,14/04/2024,CUST-01326,cust-01326@lumenmail.com,Lighting,1,197.99,0.2,Paid Search,US,control
ORD-008577,2024-11-28,CUST-01633,cust-01633@lumenmail.com,Furniture,1,14.11,0.15,Paid Search,US,
ORD-007333,15/08/2024,CUST-00577,cust-00577@lumenmail.com,Lighting,1,94.1,0.0,Paid Search,US,variant
ORD-000460,2024-11-22,CUST-01327,cust-01327@lumenmail.com,Accessories,1,38.47,0.1,Email,AU,
ORD-005380,2024-12-21,CUST-01400,cust-01400@lumenmail.com,Décor,1,72.79,0.0,Organic,US,
ORD-005195,2023-09-25,CUST-02725,cust-02725@lumenmail.com,Outdoor,2,42.73,0.0,Email,US,
ORD-002663,2023-07-19,CUST-02889,cust-02889@lumenmail.com,Lighting,1,49.41,0.1,Social,US,
ORD-005839,2023-12-21,CUST-02381,cust-02381@lumenmail.com,Furniture,1,92.72,0.2,Social,AU,variant
ORD-002118,2023-07-15,CUST-01461,cust-01461@lumenmail.com,Décor,1,180.19,0.0,Paid Search,CA,
ORD-009436,19/05/2024,CUST-00070,cust-00070@lumenmail.com,Décor,4,21.07,0.2,Organic,CA,control
ORD-008960,2024-03-26,CUST-02577,cust-02577@lumenmail.com,Lighting,4,47.67,0.2,Social,US,
ORD-004917,2024-02-02,CUST-02227,cust-02227@lumenmail.com,Furniture,1,511.18,0.05,Organic,US,
ORD-001407,2024-02-13,CUST-01932,cust-01932@lumenmail.com,Accessories,1,21.46,0.1,Social,US,control
ORD-008152,2024-12-15,CUST-01111,cust-01111@lumenmail.com,Furniture,2,97.47,0.05,Paid Search,US,variant
ORD-006827,27/10/2024,CUST-00005,cust-00005@lumenmail.com,Décor,2,111.25,0.1,Paid Search,US,
ORD-005164,2023-06-10,CUST-00955,cust-00955@lumenmail.com,Furniture,2,15.87,0.0,Email,CA,variant
ORD-009521,2024-08-07,CUST-01304,cust-01304@lumenmail.com,Accessories,1,170.82,0.0,Email,CA,variant
ORD-008142,2023-09-12,CUST-01271,cust-01271@lumenmail.com,Décor,1,21.61,0.15,Email,US,
ORD-000150,2024-03-18,CUST-01377,cust-01377@lumenmail.com,Lighting,4,17.95,0.0,Email,US,control
ORD-009240,2023-10-31,CUST-01345,cust-01345@lumenmail.com,Décor,2,0.0,0.15,Email,US,variant
ORD-004735,2024-11-10,CUST-00102,cust-00102@lumenmail.com,Lighting,5,116.33,0.0,Organic,US,control
ORD-005542,2023-12-10,CUST-01772,cust-01772@lumenmail.com,Furniture,1,526.31,0.0,Paid Search,AU,
ORD-009466,2024-04-21,,guest@lumenmail.com,Accessories,5,83.91,0.05,Email,US,variant
ORD-003685,2024-03-20,CUST-02009,cust-02009@lumenmail.com,Furniture,1,84.82,0.05,Organic,US,variant
ORD-007950,2024-05-15,CUST-00268,cust-00268@lumenmail.com,Décor,3,8.8,0.05,Organic,US,variant
ORD-006256,2023-10-11,CUST-01085,cust-01085@lumenmail.com,Lighting,2,101.81,0.1,Email,US,
ORD-007424,2024-06-07,CUST-00823,cust-00823@lumenmail.com,Lighting,3,78.22,0.1,Paid Search,US,
ORD-009198,2024-02-19,CUST-00883,cust-00883@lumenmail.com,Outdoor,2,85.42,0.0,Paid Search,US,
ORD-000583,2023-09-23,CUST-02496,cust-02496@lumenmail.com,Lighting,1,5.63,0.0,Organic,US,control
ORD-008880,2024-05-02,CUST-02171,cust-02171@lumenmail.com,Lighting,3,140.69,0.0,Email,US,variant
ORD-003375,2023-12-04,CUST-02708,cust-02708@lumenmail.com,Furniture,6,39.75,0.0,Organic,AU,
ORD-004201,2024-10-11,CUST-02485,cust-02485@lumenmail.com,Outdoor,2,32.66,0.05,Email,US,variant
ORD-004388,2024-09-30,CUST-02436,cust-02436@lumenmail.com,Accessories,2,48.45,0.0,Email,UK,control
ORD-007052,2024-07-31,CUST-00480,cust-00480@lumenmail.com,Décor,1,60.23,0.15,Social,UK,
ORD-002458,2024-01-25,CUST-02293,cust-02293@lumenmail.com,Décor,1,42.95,0.0,Organic,ZZ,control
ORD-007572,2023-12-01,CUST-00423,cust-00423@lumenmail.com,Furniture,1,59.73,0.15,Organic,UK,variant
ORD-004921,2024-06-03,CUST-00109,cust-00109@lumenmail.com,Décor,3,126.22,0.25,Email,US,variant
ORD-005730,2024-04-16,CUST-01600,cust-01600@lumenmail.com,Furniture,2,178.11,0.0,Organic,US,variant
ORD-000213,18/05/2024,CUST-00736,cust-00736@lumenmail.com,Lighting,1,270.58,0.05,Paid Search,US,control
ORD-004270,2023-10-26,CUST-00352,cust-00352@lumenmail.com,Furniture,2,214.46,0.1,Social,US,variant
ORD-001674,2024-11-10,CUST-02058,cust-02058@lumenmail.com,Lighting,2,37.25,0.15,Paid Search,US,control
ORD-001445,2024-08-10,CUST-00516,cust-00516@lumenmail.com,Lighting,5,38.49,0.15,Social,US,control
ORD-003617,12/09/2023,CUST-02206,cust-02206@lumenmail.com,Furniture,1,24.77,0.1,Email,US,
ORD-001285,2024-03-11,CUST-02483,cust-02483@lumenmail.com,Lighting,1,257.16,0.0,Organic,US,
ORD-005213,07/08/2023,CUST-00094,cust-00094@lumenmail.com,Décor,6,28.2,0.0,Paid Search,US,
ORD-006236,2023-08-30,CUST-02941,cust-02941@lumenmail.com,Lighting,2,109.9,0.25,Paid Search,ZZ,variant
ORD-007479,08/06/2023,CUST-01833,cust-01833@lumenmail.com,Décor,3,66.42,0.2,Paid Search,US,control
ORD-007149,2024-09-24,CUST-00229,cust-00229@lumenmail.com,Décor,1,44.63,0.0,Organic,UK,variant
ORD-006806,19/12/2024,CUST-01267,cust-01267@lumenmail.com,Décor,3,352.65,0.0,Social,US,
ORD-002722,2024-07-08,,guest@lumenmail.com,Lighting,3,95.05,0.2,Organic,US,
ORD-006492,2024-06-21,CUST-01772,cust-01772@lumenmail.com,Furniture,1,460.24,0.0,Organic,US,
ORD-006280,2024-10-29,CUST-01935,cust-01935@lumenmail.com,Décor,1,111.64,0.1,Paid Search,US,
ORD-008219,2024-11-22,CUST-00684,cust-00684@lumenmail.com,Décor,1,311.04,0.05,Paid Search,US,variant
ORD-008165,2023-07-01,CUST-00813,cust-00813@lumenmail.com,Décor,1,14.08,0.0,Organic,US,
ORD-007311,2023-10-13,CUST-01434,cust-01434@lumenmail.com,Furniture,1,127.29,0.05,Social,AU,control
ORD-007191,2024-10-05,CUST-02095,cust-02095@lumenmail.com,Lighting,2,56.32,0.1,Organic,UK,
ORD-003655,2024-04-06,CUST-01804,cust-01804@lumenmail.com,Lighting,2,61.64,0.15,Email,US,variant
ORD-003203,2024-04-25,CUST-00216,cust-00216@lumenmail.com,Lighting,2,178.09,0.2,Paid Search,ZZ,variant
ORD-004489,2024-01-14,CUST-00098,cust-00098@lumenmail.com,Accessories,1,24.56,0.25,Social,US,variant
ORD-008127,2023-07-13,CUST-00956,cust-00956@lumenmail.com,Furniture,-2,321.98,0.0,Organic,CA,control
ORD-002036,2023-07-06,CUST-02919,cust-02919@lumenmail.com,Lighting,3,37.08,0.05,Email,US,
ORD-002015,2023-06-21,CUST-02829,cust-02829@lumenmail.com,Lighting,1,432.79,0.0,Organic,CA,variant
ORD-003213,2023-12-16,CUST-02943,cust-02943@lumenmail.com,Lighting,3,8.1,0.1,Paid Search,US,
ORD-004007,2024-09-29,CUST-01755,cust-01755@lumenmail.com,Furniture,2,63.0,0.25,Email,US,control
ORD-002928,2024-06-01,CUST-00152,cust-00152@lumenmail.com,Lighting,2,28.68,0.05,Organic,CA,
ORD-009013,2023-11-01,CUST-02574,cust-02574@lumenmail.com,Lighting,1,86.75,0.0,Social,US,variant
ORD-004172,2023-07-21,CUST-02274,cust-02274@lumenmail.com,Décor,1,517.02,0.05,Paid Search,US,control
ORD-000261,2023-12-17,CUST-01790,cust-01790@lumenmail.com,Lighting,1,92.44,0.1,Email,US,variant
ORD-008959,2024-01-05,CUST-02142,cust-02142@lumenmail.com,Lighting,1,35.64,0.15,Email,US,
ORD-006925,2024-07-19,CUST-00436,cust-00436@lumenmail.com,Décor,2,126.72,0.0,Email,UK,control
ORD-002067,11/08/2023,,guest@lumenmail.com,Furniture,1,72.36,0.05,Organic,CA,variant
ORD-004453,2024-10-09,CUST-02448,cust-02448@lumenmail.com,Furniture,1,32.5,0.1,Organic,US,
ORD-001535,2024-01-13,CUST-00766,cust-00766@lumenmail.com,Décor,2,30.28,0.05,Organic,CA,control
ORD-007391,14/05/2024,CUST-02199,cust-02199@lumenmail.com,Lighting,5,136.53,0.05,Organic,US,control
ORD-004924,2023-12-31,CUST-00506,cust-00506@lumenmail.com,Outdoor,2,128.11,0.0,Email,US,
ORD-007758,2024-08-03,CUST-02416,cust-02416@lumenmail.com,Lighting,3,122.7,0.0,Paid Search,CA,variant
ORD-004009,2024-06-30,CUST-02322,cust-02322@lumenmail.com,Accessories,1,251.6,0.05,Paid Search,US,
ORD-004559,2023-12-24,CUST-00179,cust-00179@lumenmail.com,Lighting,5,178.27,0.2,Paid Search,US,
ORD-001287,2023-12-13,CUST-01838,cust-01838@lumenmail.com,Lighting,2,172.26,0.1,Organic,US,
ORD-006599,2024-08-06,CUST-01250,cust-01250@lumenmail.com,Outdoor,3,77.81,0.0,Paid Search,US,control
ORD-005876,01/10/2024,CUST-01512,cust-01512@lumenmail.com,Lighting,1,50.7,0.1,Email,US,
ORD-001480,2024-03-22,CUST-02327,cust-02327@lumenmail.com,Accessories,-6,6.38,0.0,Email,US,
ORD-002272,,CUST-00291,cust-00291@lumenmail.com,Accessories,2,182.17,0.1,Organic,US,
ORD-000765,2024-10-01,CUST-02272,cust-02272@lumenmail.com,Lighting,1,47.86,0.0,Organic,CA,control
ORD-007579,2024-01-29,,guest@lumenmail.com,Décor,2,37.32,0.15,Paid Search,US,control
ORD-005084,2024-03-21,CUST-02565,cust-02565@lumenmail.com,Lighting,1,42.43,0.15,Paid Search,US,
ORD-000206,2023-10-28,CUST-01452,cust-01452@lumenmail.com,Lighting,2,373.44,0.1,Email,US,variant
ORD-006477,11/09/2023,CUST-00917,cust-00917@lumenmail.com,Décor,1,47.76,0.05,Email,US,
ORD-006576,31/12/2023,CUST-02369,cust-02369@lumenmail.com,Lighting,6,115.18,0.05,Organic,US,variant
ORD-000031,26/09/2023,CUST-01766,cust-01766@lumenmail.com,Lighting,2,347.87,0.0,Email,UK,control
ORD-003263,2023-09-11,CUST-01985,cust-01985@lumenmail.com,Furniture,3,14.64,0.1,Paid Search,US,
ORD-006139,19/10/2024,CUST-02301,cust-02301@lumenmail.com,Décor,1,761.42,0.0,Email,US,
ORD-005979,2024-05-16,CUST-00480,cust-00480@lumenmail.com,Lighting,1,50.16,0.0,Paid Search,CA,control
ORD-008616,2024-03-10,CUST-02169,cust-02169@lumenmail.com,Décor,1,25.34,0.0,Organic,US,variant
ORD-008246,2024-12-29,CUST-02676,cust-02676@lumenmail.com,Accessories,2,90.64,0.15,Organic,US,
ORD-008723,2024-01-22,CUST-02676,cust-02676@lumenmail.com,Accessories,1,515.52,0.05,Email,US,
ORD-003028,05/07/2023,CUST-01903,cust-01903@lumenmail.com,Décor,3,69.87,0.0,,US,variant
ORD-008480,28/04/2024,CUST-00998,cust-00998@lumenmail.com,Lighting,2,63.72,0.15,Organic,US,control
ORD-005466,2024-06-22,CUST-02623,cust-02623@lumenmail.com,Lighting,2,64.0,0.05,Organic,US,control
ORD-003473,13/06/2024,,guest@lumenmail.com,Furniture,2,5.12,0.0,Social,US,control
ORD-000429,2024-08-27,CUST-01862,cust-01862@lumenmail.com,Furniture,2,39.28,0.0,Paid Search,US,control
ORD-009405,2024-03-30,CUST-00383,cust-00383@lumenmail.com,Furniture,-2,632.07,0.1,Organic,US,control
ORD-008167,2024-04-07,CUST-02618,cust-02618@lumenmail.com,Lighting,1,201.12,0.0,Paid Search,US,control
ORD-007168,04/01/2024,CUST-02059,cust-02059@lumenmail.com,Accessories,2,24.84,0.0,Social,CA,
ORD-009054,2024-09-01,CUST-01925,cust-01925@lumenmail.com,Lighting,2,73.13,0.0,Paid Search,US,control
ORD-006059,2024-12-27,CUST-00525,cust-00525@lumenmail.com,Accessories,2,536.54,0.05,Organic,US,variant
ORD-005334,2023-09-02,CUST-01685,cust-01685@lumenmail.com,Outdoor,7,66.02,0.05,Organic,CA,
ORD-008600,2024-03-13,CUST-01284,cust-01284@lumenmail.com,Décor,2,46.28,0.0,Email,CA,variant
ORD-004769,2023-11-16,CUST-01114,cust-01114@lumenmail.com,Décor,1,85.28,0.1,Organic,US,control
ORD-003033,2024-10-30,CUST-00835,cust-00835@lumenmail.com,Furniture,2,334.97,0.2,Social,CA,control
ORD-007893,2024-04-28,CUST-01029,cust-01029@lumenmail.com,Accessories,1,159.92,0.0,Organic,UK,
ORD-008227,2024-06-23,CUST-02716,cust-02716@lumenmail.com,Outdoor,1,188.98,0.0,Paid Search,US,
ORD-001629,2024-02-28,CUST-02407,cust-02407@lumenmail.com,Accessories,1,143.04,0.05,Organic,US,control
ORD-004305,2023-09-08,CUST-01877,cust-01877@lumenmail.com,Lighting,7,44.26,0.0,Email,US,control
ORD-007659,2024-12-03,CUST-00371,cust-00371@lumenmail.com,Accessories,1,435.13,0.05,Paid Search,ZZ,control
ORD-004275,2024-06-17,CUST-00778,cust-00778@lumenmail.com,Outdoor,2,63.75,0.0,Organic,US,
ORD-001804,2023-08-13,,guest@lumenmail.com,Décor,1,376.16,0.15,Organic,US,control
ORD-007687,2024-09-29,CUST-02056,cust-02056@lumenmail.com,Lighting,3,149.82,0.2,Paid Search,UK,variant
ORD-005526,2024-11-07,CUST-01444,cust-01444@lumenmail.com,Décor,1,37.54,0.2,Paid Search,US,
ORD-005033,2023-09-28,CUST-02852,cust-02852@lumenmail.com,Décor,2,49.22,0.0,Social,US,control
ORD-001514,2024-04-29,CUST-02110,cust-02110@lumenmail.com,Outdoor,3,78.68,0.0,Email,ZZ,control
ORD-001298,2024-05-20,CUST-02189,cust-02189@lumenmail.com,Accessories,1,61.56,0.0,Paid Search,US,variant
ORD-008979,2024-01-02,CUST-01643,cust-01643@lumenmail.com,Furniture,2,63.87,0.0,Paid Search,US,variant
ORD-008599,2024-06-27,CUST-01270,cust-01270@lumenmail.com,Lighting,3,58.66,0.0,Organic,ZZ,variant
ORD-008603,2023-10-12,CUST-00270,cust-00270@lumenmail.com,Lighting,3,48.79,0.0,Email,US,control
ORD-005348,2024-07-28,CUST-00508,cust-00508@lumenmail.com,Furniture,2,180.39,0.0,Email,US,
ORD-000300,2024-03-28,CUST-01759,cust-01759@lumenmail.com,Décor,2,90.81,0.05,Email,US,control
ORD-005600,2023-11-18,CUST-01937,cust-01937@lumenmail.com,Décor,1,359.76,0.15,Paid Search,US,
ORD-003897,2024-07-08,CUST-01300,cust-01300@lumenmail.com,Furniture,1,11.06,0.05,Organic,US,control
ORD-006586,2024-07-14,,guest@lumenmail.com,Lighting,3,216.01,0.0,Email,US,variant
ORD-000025,08/08/2024,CUST-02804,cust-02804@lumenmail.com,Lighting,4,41.07,0.1,Email,CA,
ORD-007375,2024-04-14,,guest@lumenmail.com,Furniture,1,46.44,0.0,Paid Search,UK,
ORD-006784,2023-08-31,CUST-00250,cust-00250@lumenmail.com,Outdoor,1,77.64,0.0,Email,CA,
ORD-003807,2024-11-20,CUST-01172,cust-01172@lumenmail.com,Furniture,1,223.49,0.2,Paid Search,US,variant
ORD-004290,2024-07-20,CUST-00511,cust-00511@lumenmail.com,Décor,4,99.16,0.2,Social,US,control
ORD-008816,2024-02-16,CUST-02287,cust-02287@lumenmail.com,Accessories,2,12.25,0.15,Paid Search,US,variant
ORD-000659,2023-12-09,CUST-00625,cust-00625@lumenmail.com,Lighting,2,178.79,0.15,Organic,US,
ORD-007361,2024-01-13,CUST-01679,cust-01679@lumenmail.com,Accessories,2,82.39,0.0,Paid Search,CA,variant
ORD-008586,2024-02-18,CUST-01693,cust-01693@lumenmail.com,Décor,1,365.65,0.0,Organic,CA,control
ORD-005092,2024-02-28,CUST-01905,cust-01905@lumenmail.com,Décor,1,177.39,0.05,Organic,US,
ORD-002437,04/10/2024,CUST-02620,cust-02620@lumenmail.com,Accessories,2,42.57,0.1,Email,UK,
ORD-000315,2023-06-22,CUST-02551,cust-02551@lumenmail.com,Furniture,7,338.63,0.0,Email,US,
ORD-009118,2024-09-29,CUST-02142,cust-02142@lumenmail.com,Lighting,1,58.78,0.0,Organic,US,control
ORD-007085,09/10/2023,CUST-02115,cust-02115@lumenmail.com,Furniture,4,439.12,0.0,Paid Search,US,
ORD-008233,14/06/2023,CUST-02019,cust-02019@lumenmail.com,Décor,1,163.69,0.15,Email,CA,control
ORD-008515,2024-06-29,CUST-01358,cust-01358@lumenmail.com,Décor,4,284.51,0.1,Email,CA,variant
ORD-003905,2023-08-02,CUST-02966,cust-02966@lumenmail.com,Décor,1,31.7,0.0,Organic,US,variant
ORD-005291,2023-10-25,CUST-01843,cust-01843@lumenmail.com,Accessories,2,71.65,0.1,Email,US,control
ORD-007791,2024-06-08,CUST-00959,cust-00959@lumenmail.com,Décor,3,88.33,0.2,Organic,UK,
ORD-008079,2023-09-22,CUST-02932,cust-02932@lumenmail.com,Furniture,1,62.26,0.0,Paid Search,US,variant
ORD-000304,2023-08-14,CUST-02673,cust-02673@lumenmail.com,Lighting,1,57.38,0.0,Email,CA,control
ORD-002676,2023-06-26,CUST-00546,cust-00546@lumenmail.com,Accessories,1,30.66,0.0,,US,
ORD-004423,2023-10-25,CUST-02986,cust-02986@lumenmail.com,Lighting,2,22.1,0.0,Email,CA,
ORD-003760,2024-04-02,CUST-00307,cust-00307@lumenmail.com,Furniture,1,251.52,0.0,Paid Search,US,control
ORD-002344,15/03/2024,CUST-02432,cust-02432@lumenmail.com,Accessories,2,117.39,0.0,Paid Search,UK,control
ORD-007199,2024-09-20,CUST-01799,cust-01799@lumenmail.com,Lighting,4,29.67,0.05,Paid Search,US,variant
ORD-005648,22/10/2023,CUST-02048,cust-02048@lumenmail.com,Lighting,1,11.05,0.15,Paid Search,CA,
ORD-001852,2024-05-10,CUST-01512,cust-01512@lumenmail.com,Furniture,3,39.79,0.0,,US,control
ORD-004915,29/12/2023,CUST-00890,cust-00890@lumenmail.com,Lighting,1,83.13,0.05,Email,US,variant
ORD-005543,2024-11-16,CUST-01442,cust-01442@lumenmail.com,Lighting,3,82.61,0.15,Email,US,control
ORD-005941,2024-12-15,CUST-01270,cust-01270@lumenmail.com,Lighting,5,50.25,0.0,Paid Search,US,control
ORD-002438,30/05/2024,CUST-00935,cust-00935@lumenmail.com,Outdoor,1,700.69,0.05,Paid Search,UK,
ORD-006978,2024-07-17,CUST-00934,cust-00934@lumenmail.com,Lighting,-3,15.39,0.1,Paid Search,US,variant
ORD-008768,2023-09-16,CUST-02921,cust-02921@lumenmail.com,Outdoor,1,16.66,0.0,Paid Search,UK,
ORD-005450,2024-04-26,CUST-02269,cust-02269@lumenmail.com,Décor,2,39.23,0.1,Email,US,
ORD-000267,2024-02-10,CUST-01513,cust-01513@lumenmail.com,Furniture,3,0.0,0.0,Paid Search,UK,
ORD-006278,17/03/2024,CUST-02502,cust-02502@lumenmail.com,Lighting,2,58.27,0.0,Organic,AU,control
ORD-001653,2023-10-21,CUST-02423,cust-02423@lumenmail.com,Lighting,2,580.23,0.05,Email,US,variant
ORD-002976,2024-10-11,CUST-00170,cust-00170@lumenmail.com,Accessories,2,146.43,0.1,Organic,US,
ORD-002394,2023-07-11,CUST-00972,cust-00972@lumenmail.com,Accessories,1,175.18,0.0,Social,US,
ORD-006404,2024-09-15,CUST-00719,cust-00719@lumenmail.com,Lighting,2,99.68,0.0,Organic,US,control
ORD-003293,2024-07-02,CUST-01244,cust-01244@lumenmail.com,Décor,1,93.7,0.0,Paid Search,US,control
ORD-005481,2024-03-22,CUST-01039,cust-01039@lumenmail.com,Lighting,1,118.44,0.05,Paid Search,US,
ORD-001330,16/12/2024,,guest@lumenmail.com,Lighting,1,57.11,0.15,Social,US,
ORD-007320,2023-09-17,CUST-02137,cust-02137@lumenmail.com,Accessories,3,191.04,0.0,Social,US,
ORD-002888,2024-10-08,CUST-02060,cust-02060@lumenmail.com,Lighting,2,48.64,0.0,Social,US,
ORD-008877,2023-08-10,CUST-01910,cust-01910@lumenmail.com,Lighting,1,79.29,0.15,Paid Search,CA,control
ORD-004079,2024-09-25,,guest@lumenmail.com,Lighting,1,54.87,0.0,Paid Search,US,
ORD-009197,2023-10-08,CUST-02628,cust-02628@lumenmail.com,Décor,2,198.07,0.0,Organic,US,variant
ORD-003695,2024-06-24,CUST-01493,cust-01493@lumenmail.com,Outdoor,2,365.16,0.05,Paid Search,UK,
ORD-000906,2024-08-16,CUST-02858,cust-02858@lumenmail.com,Lighting,1,593.31,0.0,Paid Search,US,
ORD-004779,2023-06-17,,guest@lumenmail.com,Outdoor,2,175.44,0.05,Paid Search,AU,variant
ORD-004341,2023-08-24,CUST-00011,cust-00011@lumenmail.com,Lighting,1,0.0,0.1,Social,AU,control
ORD-005074,06/10/2024,CUST-01232,cust-01232@lumenmail.com,Lighting,2,32.3,0.2,Paid Search,US,
ORD-007231,2024-08-29,CUST-00565,cust-00565@lumenmail.com,Lighting,1,43.79,0.1,Email,UK,variant
ORD-007506,2024-09-14,CUST-00026,cust-00026@lumenmail.com,Lighting,1,166.03,0.05,Email,CA,control
ORD-001299,2024-04-20,CUST-00584,cust-00584@lumenmail.com,Furniture,1,44.54,0.1,Social,US,
ORD-006699,2023-06-29,CUST-00581,cust-00581@lumenmail.com,Lighting,1,37.6,0.2,Social,US,control
ORD-005692,2024-05-04,CUST-00401,cust-00401@lumenmail.com,Décor,1,326.95,0.05,Organic,US,variant
ORD-003002,30/08/2024,CUST-00889,cust-00889@lumenmail.com,Furniture,5,444.95,0.0,Organic,US,
ORD-005949,2024-10-15,CUST-02394,cust-02394@lumenmail.com,Lighting,1,43.61,0.05,Email,US,
ORD-000340,2024-04-10,CUST-01128,cust-01128@lumenmail.com,Décor,2,17.79,0.1,Paid Search,US,
ORD-000890,2023-06-21,CUST-00176,cust-00176@lumenmail.com,Outdoor,1,185.7,0.2,Paid Search,US,
ORD-003705,2024-10-12,CUST-02789,cust-02789@lumenmail.com,Décor,2,356.03,0.0,Paid Search,US,control
ORD-004797,2024-10-12,CUST-00996,cust-00996@lumenmail.com,Décor,1,119.92,0.15,Paid Search,US,variant
ORD-000447,30/09/2024,CUST-02922,cust-02922@lumenmail.com,Furniture,5,14.87,0.1,,US,control
ORD-006857,2023-06-17,CUST-01213,cust-01213@lumenmail.com,Lighting,-3,132.05,0.0,Paid Search,US,variant
ORD-003059,2023-09-26,CUST-00242,cust-00242@lumenmail.com,Accessories,2,10.29,0.0,Paid Search,CA,variant
ORD-001012,2023-11-17,CUST-02915,cust-02915@lumenmail.com,Décor,2,22.41,0.0,,US,
ORD-009592,09/10/2024,CUST-02066,cust-02066@lumenmail.com,Décor,2,104.31,0.0,,US,variant
ORD-008785,2024-12-07,CUST-00300,cust-00300@lumenmail.com,Décor,1,54.41,0.0,Email,US,
ORD-002071,2023-11-09,CUST-00091,cust-00091@lumenmail.com,Outdoor,4,54.17,0.2,Email,US,control
ORD-000133,2024-06-07,CUST-02871,cust-02871@lumenmail.com,Décor,2,127.64,0.0,Email,CA,control
ORD-001887,2023-10-20,CUST-00029,cust-00029@lumenmail.com,Outdoor,2,45.78,0.1,Email,ZZ,variant
ORD-008090,2024-09-25,CUST-02692,cust-02692@lumenmail.com,Furniture,2,113.65,0.05,Email,US,variant
ORD-009292,19/01/2024,CUST-01462,cust-01462@lumenmail.com,Décor,2,128.93,0.0,Social,US,variant
ORD-004419,2024-06-09,CUST-02024,cust-02024@lumenmail.com,Lighting,2,208.15,0.05,Email,US,variant
ORD-008537,2023-10-07,CUST-02085,cust-02085@lumenmail.com,Outdoor,4,99.71,0.1,Organic,US,
ORD-000929,2024-02-29,CUST-01298,cust-01298@lumenmail.com,Furniture,1,737.26,0.0,Email,US,
ORD-008670,2024-01-08,CUST-00133,cust-00133@lumenmail.com,Décor,3,192.86,0.0,Paid Search,US,control
ORD-005784,2024-02-14,CUST-00829,cust-00829@lumenmail.com,Lighting,2,6.0,0.0,Email,US,control
ORD-006642,2024-09-02,CUST-02101,cust-02101@lumenmail.com,Outdoor,2,32.74,0.15,Social,UK,variant
ORD-007223,2024-07-07,,guest@lumenmail.com,Décor,2,120.18,0.1,Social,US,control
ORD-000155,2024-04-07,CUST-01827,cust-01827@lumenmail.com,Outdoor,2,24.42,0.0,Paid Search,US,control
ORD-002667,2024-06-12,CUST-01406,cust-01406@lumenmail.com,Furniture,5,37.72,0.0,Organic,US,
ORD-005555,01/01/2024,CUST-00962,cust-00962@lumenmail.com,Décor,2,56.46,0.0,Organic,CA,
ORD-008637,2024-08-04,,guest@lumenmail.com,Lighting,1,29.58,0.05,Email,US,
ORD-005940,2023-07-24,CUST-00652,cust-00652@lumenmail.com,Outdoor,2,329.03,0.05,Paid Search,UK,
ORD-006009,2024-02-27,CUST-00510,cust-00510@lumenmail.com,Furniture,1,295.03,0.15,Organic,US,variant
ORD-005934,2024-04-05,CUST-01791,cust-01791@lumenmail.com,Décor,1,26.58,0.0,Social,US,
ORD-007890,2024-03-01,CUST-01678,cust-01678@lumenmail.com,Lighting,1,386.23,0.1,Paid Search,UK,
ORD-000655,2024-05-06,CUST-00904,cust-00904@lumenmail.com,Lighting,1,261.42,0.0,Paid Search,ZZ,control
ORD-005809,2024-06-08,CUST-01521,cust-01521@lumenmail.com,Lighting,1,199.23,0.0,Organic,US,
ORD-002086,2023-07-24,CUST-02998,cust-02998@lumenmail.com,Lighting,2,43.96,0.0,Email,US,control
ORD-004192,06/08/2024,,guest@lumenmail.com,Outdoor,1,76.7,0.05,Paid Search,US,control
ORD-007573,2024-09-02,CUST-01322,cust-01322@lumenmail.com,Outdoor,2,0.0,0.0,Organic,CA,
ORD-007492,2023-07-09,CUST-00180,cust-00180@lumenmail.com,Décor,3,696.64,0.05,Paid Search,US,control
ORD-005189,2023-07-27,CUST-01194,cust-01194@lumenmail.com,Lighting,-1,213.42,0.1,Paid Search,US,variant
ORD-006648,2024-08-05,CUST-00708,cust-00708@lumenmail.com,Lighting,1,23.28,0.0,Organic,US,
ORD-004912,2023-10-25,CUST-00159,cust-00159@lumenmail.com,Accessories,1,74.36,0.1,Organic,US,control
ORD-004874,2024-04-15,CUST-00886,cust-00886@lumenmail.com,Lighting,2,744.04,0.0,Paid Search,US,variant
ORD-007097,2024-06-04,CUST-00811,cust-00811@lumenmail.com,Lighting,2,34.39,0.05,Paid Search,US,variant
ORD-003588,2024-05-25,CUST-01632,cust-01632@lumenmail.com,Lighting,1,297.88,0.15,Email,US,
ORD-002670,2024-07-01,CUST-00209,cust-00209@lumenmail.com,Décor,1,374.47,0.0,Social,UK,control
ORD-000507,2023-06-18,CUST-01660,cust-01660@lumenmail.com,Lighting,1,192.77,0.0,Paid Search,UK,variant
ORD-006794,2024-12-15,CUST-02317,cust-02317@lumenmail.com,Lighting,-2,204.7,0.0,Email,UK,control
ORD-006930,2024-10-08,,guest@lumenmail.com,Décor,1,672.5,0.05,Email,US,control
ORD-001281,2024-10-27,CUST-01078,cust-01078@lumenmail.com,Furniture,6,108.12,0.0,Email,US,
ORD-006489,,CUST-02555,cust-02555@lumenmail.com,Décor,1,72.58,0.2,Paid Search,US,variant
ORD-003667,2023-11-28,CUST-01617,cust-01617@lumenmail.com,Accessories,1,141.23,0.0,Organic,US,variant
ORD-003488,2023-10-26,CUST-01412,cust-01412@lumenmail.com,Décor,3,279.15,0.0,Email,CA,variant
ORD-002055,19/07/2023,CUST-01548,cust-01548@lumenmail.com,Décor,2,63.74,0.0,Social,US,
ORD-004483,2024-03-24,CUST-02407,cust-02407@lumenmail.com,Lighting,1,348.78,0.1,Paid Search,CA,
ORD-000623,24/11/2024,CUST-02187,cust-02187@lumenmail.com,Décor,1,29.31,0.0,Organic,US,
ORD-003460,2023-10-08,CUST-02132,cust-02132@lumenmail.com,Outdoor,1,24.06,0.2,Email,US,variant
ORD-006739,2024-05-03,CUST-01738,cust-01738@lumenmail.com,Lighting,2,61.61,0.0,Paid Search,US,
ORD-001414,2024-06-10,CUST-00976,cust-00976@lumenmail.com,Décor,1,43.17,0.0,Email,US,control
ORD-002298,2024-10-08,CUST-00221,cust-00221@lumenmail.com,Furniture,1,24.35,0.0,Organic,US,
ORD-006055,2024-03-25,CUST-02067,cust-02067@lumenmail.com,Décor,2,61.85,0.05,Paid Search,US,
ORD-001183,2023-08-08,CUST-02590,cust-02590@lumenmail.com,Accessories,1,81.86,0.05,Paid Search,UK,variant
ORD-003744,2024-05-20,CUST-01769,cust-01769@lumenmail.com,Lighting,4,132.93,0.15,Paid Search,UK,control
ORD-009045,06/04/2024,CUST-01219,cust-01219@lumenmail.com,Furniture,2,33.69,0.1,Organic,US,
ORD-003185,2023-12-28,CUST-00270,cust-00270@lumenmail.com,Lighting,6,72.24,0.1,Organic,US,
ORD-005691,2024-06-15,CUST-00386,cust-00386@lumenmail.com,Décor,2,138.09,0.1,Social,US,
ORD-004988,2023-12-16,CUST-01014,cust-01014@lumenmail.com,Lighting,1,86.2,0.0,Email,UK,variant
ORD-006057,20/11/2024,CUST-01870,cust-01870@lumenmail.com,Outdoor,2,29.43,0.0,Email,US,
ORD-009487,2024-05-04,,guest@lumenmail.com,Furniture,2,727.39,0.0,Social,US,
ORD-001889,2024-07-10,CUST-02059,cust-02059@lumenmail.com,Outdoor,1,34.57,0.0,Organic,US,control
ORD-005733,2023-11-21,CUST-01862,cust-01862@lumenmail.com,Lighting,1,226.93,0.0,Email,US,control
ORD-005356,2023-09-29,CUST-02455,cust-02455@lumenmail.com,Furniture,1,91.24,0.0,Email,US,
ORD-000351,2024-04-05,CUST-00424,cust-00424@lumenmail.com,Lighting,3,32.2,0.0,Email,CA,variant
ORD-007053,2024-12-25,CUST-00164,cust-00164@lumenmail.com,Décor,1,148.39,0.1,Email,US,control
ORD-001164,2024-11-23,CUST-01045,cust-01045@lumenmail.com,Décor,1,550.23,0.05,Paid Search,US,
ORD-006712,2023-11-27,CUST-02672,cust-02672@lumenmail.com,Furniture,3,48.59,0.2,Email,ZZ,control
ORD-001156,2024-08-23,CUST-00063,cust-00063@lumenmail.com,Décor,-1,30.47,0.0,Organic,US,
ORD-003008,2023-06-29,CUST-00986,cust-00986@lumenmail.com,Décor,2,146.97,0.0,Organic,US,control
ORD-007467,2024-11-11,,guest@lumenmail.com,Décor,6,30.08,0.1,Organic,UK,
ORD-007491,2023-06-03,,guest@lumenmail.com,Outdoor,1,37.33,0.0,Email,US,
ORD-005299,2024-08-24,CUST-01640,cust-01640@lumenmail.com,Outdoor,1,96.48,0.05,Paid Search,US,
ORD-007528,2024-08-30,CUST-02109,cust-02109@lumenmail.com,Lighting,-2,63.94,0.05,Paid Search,CA,
ORD-005903,2024-10-25,,guest@lumenmail.com,Accessories,1,24.52,0.05,Paid Search,US,variant
ORD-007126,2024-02-13,CUST-02920,cust-02920@lumenmail.com,Accessories,2,33.77,0.15,Organic,US,variant
ORD-007064,2023-11-10,CUST-02947,cust-02947@lumenmail.com,Décor,3,46.89,0.0,Paid Search,US,
ORD-000369,2024-10-03,CUST-01311,cust-01311@lumenmail.com,Décor,1,266.33,0.05,Organic,US,
ORD-004533,2024-09-25,CUST-02928,cust-02928@lumenmail.com,Lighting,1,89.57,0.0,Organic,CA,
ORD-007025,2024-02-11,CUST-01057,cust-01057@lumenmail.com,Décor,1,195.42,0.0,Organic,CA,variant
ORD-003690,2024-11-19,CUST-02728,cust-02728@lumenmail.com,Furniture,2,426.97,0.0,Paid Search,AU,control
ORD-006514,2023-07-01,CUST-02917,cust-02917@lumenmail.com,Accessories,3,9.89,0.2,Paid Search,US,
ORD-006274,2024-10-24,CUST-01605,cust-01605@lumenmail.com,Décor,2,137.97,0.0,Social,US,
ORD-009079,2023-12-13,CUST-01965,cust-01965@lumenmail.com,Lighting,2,33.59,0.1,Paid Search,US,variant
ORD-004719,07/12/2023,CUST-00061,cust-00061@lumenmail.com,Furniture,1,41.44,0.0,Organic,UK,control
ORD-003276,2024-03-15,CUST-02283,cust-02283@lumenmail.com,Outdoor,5,114.02,0.2,Paid Search,US,control
ORD-007631,2024-06-02,CUST-02896,cust-02896@lumenmail.com,Décor,4,28.81,0.2,Email,US,
ORD-004723,2024-05-01,CUST-00430,cust-00430@lumenmail.com,Lighting,1,190.47,0.15,Organic,US,control
ORD-004274,2024-06-12,CUST-01710,cust-01710@lumenmail.com,Lighting,6,780.79,0.0,Email,US,
ORD-001026,2024-01-23,CUST-01622,cust-01622@lumenmail.com,Lighting,1,160.57,0.1,Organic,US,variant
ORD-002682,2023-10-25,CUST-00215,cust-00215@lumenmail.com,Outdoor,1,157.08,0.0,Organic,UK,control
ORD-004748,2024-04-24,CUST-00962,cust-00962@lumenmail.com,Furniture,1,99.87,0.1,Paid Search,ZZ,variant
ORD-009095,2023-08-01,CUST-02840,cust-02840@lumenmail.com,Furniture,1,102.7,0.2,Social,US,variant
ORD-002234,2024-07-08,CUST-02900,cust-02900@lumenmail.com,Décor,1,491.76,0.1,Email,US,control
ORD-002522,2024-10-04,,guest@lumenmail.com,Décor,3,19.8,0.15,Email,US,control
ORD-004765,2024-02-06,CUST-02757,cust-02757@lumenmail.com,Furniture,4,699.8,0.15,Email,US,control
ORD-000334,2024-01-31,,guest@lumenmail.com,Outdoor,1,32.78,0.0,Email,US,
ORD-006178,13/06/2023,CUST-02506,cust-02506@lumenmail.com,Décor,7,140.99,0.25,Paid Search,US,variant
ORD-005858,27/10/2023,CUST-02258,cust-02258@lumenmail.com,Accessories,3,24.27,0.0,Email,US,
ORD-009227,2024-10-14,CUST-01409,cust-01409@lumenmail.com,Lighting,3,122.85,0.0,Paid Search,CA,variant
ORD-005165,2024-07-04,CUST-01245,cust-01245@lumenmail.com,Accessories,2,39.98,0.1,Organic,US,control
ORD-004467,2024-02-06,CUST-00187,cust-00187@lumenmail.com,Décor,1,33.08,0.0,Email,US,control
ORD-000937,2024-06-15,CUST-01597,cust-01597@lumenmail.com,Décor,2,526.34,0.05,Email,US,
ORD-008264,2023-07-27,CUST-00556,cust-00556@lumenmail.com,Lighting,2,222.19,0.0,Organic,UK,control
ORD-007062,15/06/2023,,guest@lumenmail.com,Lighting,5,129.69,0.0,Email,US,
ORD-007724,2024-03-30,CUST-02936,cust-02936@lumenmail.com,Accessories,1,53.57,0.05,Paid Search,US,variant
ORD-001439,2024-07-10,CUST-00925,cust-00925@lumenmail.com,Lighting,1,15.88,0.15,Email,US,
ORD-006679,2024-10-26,CUST-00238,cust-00238@lumenmail.com,Lighting,2,7.09,0.1,Email,US,variant
ORD-000550,2024-03-24,CUST-02356,cust-02356@lumenmail.com,Furniture,1,57.75,0.1,Email,US,variant
ORD-004267,29/11/2023,CUST-00195,cust-00195@lumenmail.com,Outdoor,1,591.37,0.1,,CA,control
ORD-002834,2024-05-25,CUST-02903,cust-02903@lumenmail.com,Furniture,2,175.39,0.0,Paid Search,AU,variant
ORD-003201,25/09/2024,CUST-01759,cust-01759@lumenmail.com,Décor,1,44.77,0.0,Email,ZZ,
ORD-009068,2024-05-26,CUST-01229,cust-01229@lumenmail.com,Furniture,1,191.71,0.1,Email,US,
ORD-007325,2023-06-02,CUST-01440,cust-01440@lumenmail.com,Furniture,3,205.03,0.0,Organic,US,control
ORD-007583,2024-10-17,CUST-01419,cust-01419@lumenmail.com,Lighting,5,285.33,0.15,Organic,US,variant
ORD-002579,2024-09-21,,guest@lumenmail.com,Décor,2,72.2,0.1,Email,US,variant
ORD-000473,2024-02-08,CUST-00557,cust-00557@lumenmail.com,Outdoor,4,249.28,0.2,Social,US,variant
ORD-006851,2024-09-13,CUST-02464,cust-02464@lumenmail.com,Décor,2,103.39,0.05,Email,US,
ORD-009345,2024-07-22,CUST-01025,cust-01025@lumenmail.com,Lighting,1,20.84,0.15,Email,US,
ORD-006425,2023-08-19,CUST-02760,cust-02760@lumenmail.com,Lighting,2,150.73,0.2,Social,US,
ORD-009322,2024-08-14,CUST-00051,cust-00051@lumenmail.com,Décor,3,186.64,0.0,Paid Search,CA,variant
ORD-008229,2024-09-30,CUST-01524,cust-01524@lumenmail.com,Lighting,1,317.93,0.0,Email,US,control
ORD-007793,2023-07-11,CUST-01465,cust-01465@lumenmail.com,Outdoor,5,18.26,0.05,Email,US,
ORD-008216,2023-10-04,CUST-00311,cust-00311@lumenmail.com,Décor,5,71.85,0.0,Paid Search,UK,
ORD-001821,2023-08-31,CUST-00280,cust-00280@lumenmail.com,Décor,4,28.27,0.0,Paid Search,CA,
ORD-000289,2024-03-23,,guest@lumenmail.com,Lighting,1,38.04,0.1,,US,control
ORD-003498,2024-04-18,,guest@lumenmail.com,Décor,3,160.71,0.1,Email,US,
ORD-000060,2023-10-31,CUST-02166,cust-02166@lumenmail.com,Furniture,2,269.99,0.1,Organic,US,
ORD-002930,2023-12-16,,guest@lumenmail.com,Outdoor,4,399.21,0.05,Email,US,
ORD-005489,2024-06-18,CUST-02049,cust-02049@lumenmail.com,Accessories,4,359.96,0.0,,US,control
ORD-006259,21/07/2023,CUST-01513,cust-01513@lumenmail.com,Lighting,1,331.93,0.0,Paid Search,UK,variant
ORD-001328,2024-11-29,,guest@lumenmail.com,Lighting,4,72.67,0.0,Email,UK,variant
ORD-008296,24/03/2024,CUST-01318,cust-01318@lumenmail.com,Lighting,1,60.82,0.05,Paid Search,US,variant
ORD-007865,31/07/2024,CUST-00069,cust-00069@lumenmail.com,Décor,2,11.95,0.1,Organic,US,
ORD-002540,2024-03-09,CUST-02109,cust-02109@lumenmail.com,Décor,1,636.69,0.0,Organic,US,
ORD-009274,2024-10-29,CUST-00394,cust-00394@lumenmail.com,Décor,-1,40.3,0.15,Paid Search,US,variant
ORD-003020,2024-12-24,CUST-00595,cust-00595@lumenmail.com,Lighting,1,36.43,0.0,Paid Search,UK,control
ORD-003929,2024-11-14,CUST-00285,cust-00285@lumenmail.com,Accessories,2,111.18,0.2,Organic,US,
ORD-005202,2024-08-11,CUST-00268,cust-00268@lumenmail.com,Outdoor,6,202.21,0.1,Social,UK,variant
ORD-002742,2024-07-24,CUST-00618,cust-00618@lumenmail.com,Accessories,3,34.79,0.0,Paid Search,US,
ORD-005875,2024-10-01,CUST-01586,cust-01586@lumenmail.com,Furniture,3,92.6,0.05,Social,US,control
ORD-001220,2024-02-21,CUST-02417,cust-02417@lumenmail.com,Décor,3,243.16,0.0,Paid Search,US,variant
ORD-001763,2023-12-05,CUST-02600,cust-02600@lumenmail.com,Décor,2,434.97,0.05,Social,US,
ORD-005827,2024-08-27,CUST-02059,cust-02059@lumenmail.com,Lighting,5,14.25,0.0,Organic,US,
ORD-006428,2023-07-24,CUST-00237,cust-00237@lumenmail.com,Lighting,2,153.37,0.05,Paid Search,CA,
ORD-003064,08/11/2023,CUST-00961,cust-00961@lumenmail.com,Lighting,3,34.74,0.2,Social,CA,variant
ORD-007810,2023-10-30,CUST-01923,cust-01923@lumenmail.com,Décor,1,189.19,0.0,Email,AU,variant
ORD-001492,2024-01-18,CUST-01842,cust-01842@lumenmail.com,Lighting,3,244.11,0.0,,US,
ORD-004697,2024-08-28,CUST-00076,cust-00076@lumenmail.com,Furniture,2,19.97,0.15,Paid Search,US,
ORD-002133,2024-10-05,CUST-00049,cust-00049@lumenmail.com,Lighting,1,97.56,0.05,Paid Search,US,control
ORD-002253,03/12/2023,CUST-01262,cust-01262@lumenmail.com,Lighting,4,66.37,0.1,Email,US,control
ORD-008974,2024-01-29,CUST-00056,cust-00056@lumenmail.com,Lighting,1,40.73,0.05,Organic,US,variant
ORD-001048,2024-08-19,CUST-00780,cust-00780@lumenmail.com,Outdoor,1,53.51,0.0,Paid Search,UK,variant
ORD-008000,2023-11-30,CUST-01541,cust-01541@lumenmail.com,Furniture,1,5.32,0.15,Email,UK,variant
ORD-007944,24/07/2023,CUST-00082,cust-00082@lumenmail.com,Accessories,1,119.99,0.0,Organic,CA,
ORD-005868,2023-12-05,CUST-02003,cust-02003@lumenmail.com,Lighting,2,84.68,0.0,Paid Search,ZZ,
ORD-006588,2024-01-03,CUST-02656,cust-02656@lumenmail.com,Furniture,1,28.08,0.05,Paid Search,US,
ORD-001475,2024-05-24,CUST-02721,cust-02721@lumenmail.com,Lighting,1,32.46,0.0,Paid Search,CA,variant
ORD-003731,2023-08-01,CUST-02709,cust-02709@lumenmail.com,Furniture,3,715.68,0.0,Paid Search,US,variant
ORD-006834,18/07/2023,CUST-01474,cust-01474@lumenmail.com,Furniture,2,316.0,0.1,Email,US,
ORD-006392,2023-10-25,CUST-00120,cust-00120@lumenmail.com,Furniture,3,24.76,0.05,Email,AU,control
ORD-000184,2024-09-09,CUST-01506,cust-01506@lumenmail.com,Décor,3,355.36,0.0,Paid Search,CA,control
ORD-005638,2024-02-19,CUST-00356,cust-00356@lumenmail.com,Décor,3,79.94,0.15,Paid Search,AU,variant
ORD-008486,2024-11-24,CUST-02119,cust-02119@lumenmail.com,Outdoor,1,144.31,0.1,Paid Search,UK,control
ORD-002010,2023-11-25,CUST-01889,cust-01889@lumenmail.com,Furniture,1,41.95,0.0,Paid Search,US,control
ORD-006267,03/06/2023,CUST-02785,cust-02785@lumenmail.com,Lighting,2,28.29,0.0,Organic,UK,
ORD-001902,2024-06-28,CUST-01591,cust-01591@lumenmail.com,Furniture,-1,100.62,0.25,Organic,US,
ORD-008860,2023-12-07,CUST-01399,cust-01399@lumenmail.com,Lighting,2,170.33,0.05,Social,US,
ORD-005558,2024-11-28,CUST-01345,cust-01345@lumenmail.com,Furniture,2,6.46,0.0,Email,US,
ORD-008270,25/06/2023,CUST-01661,cust-01661@lumenmail.com,Lighting,1,128.58,0.05,Organic,US,variant
ORD-003364,2024-03-31,,guest@lumenmail.com,Outdoor,2,31.35,0.0,Email,US,variant
ORD-000804,2024-06-27,CUST-01145,cust-01145@lumenmail.com,Lighting,-1,753.95,0.15,Social,US,
ORD-008731,2024-04-23,CUST-00406,cust-00406@lumenmail.com,Furniture,5,388.38,0.15,Email,US,
ORD-006032,,CUST-00211,cust-00211@lumenmail.com,Lighting,2,60.98,0.05,Organic,US,control
ORD-000526,2023-09-20,CUST-01071,cust-01071@lumenmail.com,Outdoor,1,40.26,0.0,Organic,US,
ORD-006905,2023-06-23,CUST-01582,cust-01582@lumenmail.com,Furniture,1,93.96,0.05,Paid Search,CA,
ORD-003581,2024-02-20,CUST-00756,cust-00756@lumenmail.com,Lighting,3,22.95,0.15,Paid Search,US,control
ORD-004627,21/04/2024,CUST-01103,cust-01103@lumenmail.com,Décor,1,506.74,0.15,Organic,US,
ORD-007926,2024-09-15,CUST-01460,cust-01460@lumenmail.com,Accessories,1,33.36,0.0,Paid Search,US,
ORD-005945,29/12/2024,CUST-00591,cust-00591@lumenmail.com,Furniture,4,36.55,0.15,Organic,CA,
ORD-002919,2023-11-18,CUST-02422,cust-02422@lumenmail.com,Décor,2,141.25,0.0,Social,US,control
ORD-001121,2024-06-04,CUST-00369,cust-00369@lumenmail.com,Décor,2,129.66,0.05,Paid Search,CA,variant
ORD-008103,12/11/2024,CUST-01307,cust-01307@lumenmail.com,Furniture,1,38.4,0.0,Email,CA,
ORD-001711,2024-11-20,CUST-01050,cust-01050@lumenmail.com,Accessories,1,232.73,0.0,Paid Search,US,
ORD-009071,09/10/2024,CUST-02546,cust-02546@lumenmail.com,Décor,2,19.89,0.05,,US,variant
ORD-001234,2024-09-30,CUST-02420,cust-02420@lumenmail.com,Lighting,1,69.51,0.0,Paid Search,US,control
ORD-009253,2023-08-18,CUST-02325,cust-02325@lumenmail.com,Accessories,2,77.58,0.15,Paid Search,CA,variant
ORD-006527,2024-02-02,CUST-02494,cust-02494@lumenmail.com,Accessories,2,78.51,0.0,Paid Search,US,control
ORD-006093,2023-09-13,CUST-01889,cust-01889@lumenmail.com,Outdoor,1,32.22,0.25,Paid Search,US,variant
ORD-008892,2024-02-26,CUST-02015,cust-02015@lumenmail.com,Lighting,2,42.4,0.05,Organic,US,
ORD-002013,22/03/2024,CUST-02260,cust-02260@lumenmail.com,Outdoor,6,77.47,0.0,Paid Search,AU,
ORD-005780,2024-02-08,CUST-01684,cust-01684@lumenmail.com,Lighting,1,75.42,0.05,Email,AU,control
ORD-000758,2024-11-21,CUST-02945,cust-02945@lumenmail.com,Lighting,1,13.53,0.0,Email,AU,control
ORD-006973,2024-01-11,CUST-00352,cust-00352@lumenmail.com,Décor,2,296.76,0.25,Email,US,control
ORD-000463,2024-03-12,CUST-01005,cust-01005@lumenmail.com,Furniture,1,179.96,0.0,Organic,US,control
ORD-008132,2024-02-18,CUST-00758,cust-00758@lumenmail.com,Lighting,1,35.23,0.15,Paid Search,US,
ORD-004225,2023-08-02,CUST-01471,cust-01471@lumenmail.com,Accessories,1,18.15,0.1,Email,UK,variant
ORD-008355,2024-01-27,CUST-01211,cust-01211@lumenmail.com,Lighting,1,41.27,0.0,Social,US,variant
ORD-005599,2024-01-18,CUST-01909,cust-01909@lumenmail.com,Décor,2,18.68,0.2,Paid Search,US,
ORD-005535,2024-03-03,CUST-00831,cust-00831@lumenmail.com,Lighting,1,271.94,0.0,Organic,US,control
ORD-005694,2023-06-24,CUST-01849,cust-01849@lumenmail.com,Furniture,1,25.02,0.0,Paid Search,ZZ,control
ORD-009585,2024-11-05,CUST-01965,cust-01965@lumenmail.com,Lighting,1,779.79,0.0,Organic,US,
ORD-001727,2024-04-07,CUST-02709,cust-02709@lumenmail.com,Furniture,4,33.74,0.0,Email,US,control
ORD-003808,2024-11-24,,guest@lumenmail.com,Lighting,1,59.68,0.0,Social,US,
ORD-008897,2024-02-29,CUST-01167,cust-01167@lumenmail.com,Furniture,1,88.13,0.1,Email,US,
ORD-000752,2023-07-07,CUST-02879,cust-02879@lumenmail.com,Furniture,2,8.48,0.05,Organic,AU,variant
ORD-001966,2024-09-14,CUST-00650,cust-00650@lumenmail.com,Lighting,1,185.39,0.0,Social,CA,
ORD-005505,2024-10-25,CUST-02589,cust-02589@lumenmail.com,Lighting,2,26.59,0.15,Social,US,variant
ORD-004350,2024-11-24,CUST-02787,cust-02787@lumenmail.com,Décor,1,116.46,0.0,Paid Search,AU,
ORD-005161,2023-11-26,CUST-01089,cust-01089@lumenmail.com,Furniture,1,19.06,0.05,Paid Search,US,control
ORD-003887,02/09/2024,CUST-02458,cust-02458@lumenmail.com,Décor,2,57.28,0.0,Email,CA,
ORD-006225,2023-07-21,CUST-02052,cust-02052@lumenmail.com,Lighting,1,46.48,0.0,Email,ZZ,
ORD-005360,2024-02-16,CUST-02888,cust-02888@lumenmail.com,Décor,5,156.85,0.2,Paid Search,ZZ,
ORD-008312,2023-08-09,CUST-01025,cust-01025@lumenmail.com,Furniture,2,89.5,0.1,Organic,US,control
ORD-003680,2023-10-28,CUST-01864,cust-01864@lumenmail.com,Furniture,2,39.64,0.0,Organic,UK,
ORD-004318,2023-09-28,CUST-02668,cust-02668@lumenmail.com,Furniture,1,65.38,0.0,Email,US,variant
ORD-008426,2024-05-19,CUST-00571,cust-00571@lumenmail.com,Lighting,1,49.56,0.05,Paid Search,CA,control
ORD-008900,2024-06-13,CUST-01576,cust-01576@lumenmail.com,Décor,4,129.65,0.1,Social,CA,
ORD-003026,2024-11-14,CUST-00641,cust-00641@lumenmail.com,Décor,2,755.05,0.05,Organic,AU,
ORD-006381,2024-05-25,CUST-00687,cust-00687@lumenmail.com,Lighting,1,711.07,0.25,Paid Search,US,control
ORD-001607,2023-11-18,CUST-01494,cust-01494@lumenmail.com,Outdoor,1,39.21,0.05,Organic,US,variant
ORD-004272,,CUST-00960,cust-00960@lumenmail.com,Lighting,1,396.53,0.05,Paid Search,US,variant
ORD-001165,2023-07-04,,guest@lumenmail.com,Lighting,2,266.8,0.1,Organic,CA,variant
ORD-007807,2023-11-17,CUST-00422,cust-00422@lumenmail.com,Outdoor,2,206.54,0.0,Organic,US,control
ORD-003681,2023-07-30,CUST-00152,cust-00152@lumenmail.com,Lighting,4,73.43,0.15,Organic,US,
ORD-008635,2024-01-29,CUST-00669,cust-00669@lumenmail.com,Furniture,2,26.79,0.0,Email,US,control
ORD-003163,2024-07-08,CUST-02356,cust-02356@lumenmail.com,Outdoor,5,269.6,0.05,Social,CA,
ORD-003380,2024-08-05,CUST-00166,cust-00166@lumenmail.com,Décor,1,87.21,0.05,Organic,CA,control
ORD-006652,2023-12-04,CUST-02673,cust-02673@lumenmail.com,Décor,2,20.74,0.0,Email,UK,
ORD-007310,18/10/2024,CUST-01515,cust-01515@lumenmail.com,Décor,2,77.19,0.05,Email,AU,control
ORD-007753,15/02/2024,CUST-01086,cust-01086@lumenmail.com,Décor,5,60.5,0.15,Paid Search,US,variant
ORD-002989,29/12/2023,CUST-00809,cust-00809@lumenmail.com,Décor,1,25.28,0.05,Email,US,
ORD-005619,2024-07-24,CUST-00534,cust-00534@lumenmail.com,Décor,1,271.4,0.1,Paid Search,AU,
ORD-009120,2024-08-24,CUST-02626,cust-02626@lumenmail.com,Outdoor,-1,108.56,0.0,Paid Search,CA,
ORD-004657,2024-06-28,CUST-02158,cust-02158@lumenmail.com,Furniture,1,251.41,0.1,Social,US,variant
ORD-009491,2024-07-02,CUST-02167,cust-02167@lumenmail.com,Lighting,1,7.06,0.0,Email,CA,control
ORD-008351,17/06/2023,CUST-00236,cust-00236@lumenmail.com,Lighting,1,317.73,0.05,Paid Search,US,control
ORD-002296,2023-08-10,CUST-01465,cust-01465@lumenmail.com,Outdoor,5,31.88,0.05,Paid Search,US,variant
ORD-000203,2023-12-21,CUST-00752,cust-00752@lumenmail.com,Lighting,2,66.28,0.1,Email,US,
ORD-000814,2024-08-03,CUST-01963,cust-01963@lumenmail.com,Décor,5,388.27,0.15,Organic,US,control
ORD-004411,2024-11-01,CUST-01204,cust-01204@lumenmail.com,Lighting,1,13.68,0.05,Paid Search,UK,
ORD-008250,2024-12-01,CUST-00884,cust-00884@lumenmail.com,Furniture,4,32.81,0.2,,US,
ORD-001019,2023-06-10,CUST-02251,cust-02251@lumenmail.com,Outdoor,2,177.72,0.0,Social,US,control
ORD-004859,2023-07-06,CUST-00870,cust-00870@lumenmail.com,Lighting,1,21.8,0.0,Email,US,
ORD-007266,2023-09-09,CUST-01218,cust-01218@lumenmail.com,Furniture,1,366.46,0.2,Social,US,variant
ORD-008553,2024-11-20,CUST-01178,cust-01178@lumenmail.com,Accessories,2,34.24,0.0,Social,US,
ORD-007644,24/10/2023,CUST-00691,cust-00691@lumenmail.com,Décor,1,259.48,0.15,Organic,US,control
ORD-006027,2023-09-26,CUST-01898,cust-01898@lumenmail.com,Lighting,3,28.94,0.0,Email,US,variant
ORD-002011,2024-04-18,CUST-01152,cust-01152@lumenmail.com,Outdoor,1,46.09,0.0,Email,US,
ORD-009021,2024-08-08,CUST-02697,cust-02697@lumenmail.com,Lighting,1,19.71,0.05,,US,control
ORD-004574,2024-11-21,CUST-02212,cust-02212@lumenmail.com,Décor,1,25.36,0.25,Organic,CA,
ORD-002284,2024-06-28,CUST-00148,cust-00148@lumenmail.com,Furniture,2,84.15,0.2,Paid Search,US,control
ORD-009219,2024-09-09,CUST-00171,cust-00171@lumenmail.com,Lighting,1,67.51,0.0,Social,UK,variant
ORD-003485,2024-09-09,CUST-01347,cust-01347@lumenmail.com,Décor,4,92.66,0.1,Organic,UK,variant
ORD-005926,20/12/2024,CUST-01165,cust-01165@lumenmail.com,Décor,1,43.24,0.0,Paid Search,US,
ORD-006323,2024-02-09,,guest@lumenmail.com,Lighting,5,47.69,0.0,Email,AU,control
ORD-009143,2024-07-23,CUST-00018,cust-00018@lumenmail.com,Furniture,4,85.3,0.1,Paid Search,US,
ORD-005870,2024-12-30,CUST-00299,cust-00299@lumenmail.com,Lighting,1,28.14,0.0,Paid Search,CA,control
ORD-009184,2024-10-24,CUST-01313,cust-01313@lumenmail.com,Décor,2,301.91,0.15,Email,US,variant
ORD-006222,,CUST-00190,cust-00190@lumenmail.com,Outdoor,5,46.88,0.25,Paid Search,US,
ORD-005946,30/08/2023,CUST-00758,cust-00758@lumenmail.com,Outdoor,1,470.03,0.0,Email,US,
ORD-002778,15/11/2024,CUST-02505,cust-02505@lumenmail.com,Lighting,1,328.66,0.15,Email,CA,variant
ORD-008945,2024-12-21,CUST-02443,cust-02443@lumenmail.com,Outdoor,2,144.03,0.2,Email,CA,control
ORD-002136,2024-09-11,CUST-01638,cust-01638@lumenmail.com,Outdoor,1,7.77,0.05,Email,US,control
ORD-003968,2024-01-17,CUST-02034,cust-02034@lumenmail.com,Outdoor,1,50.29,0.0,Social,CA,
ORD-007300,2024-07-08,CUST-00920,cust-00920@lumenmail.com,Outdoor,3,76.65,0.0,Paid Search,CA,control
ORD-006818,2023-10-11,CUST-00825,cust-00825@lumenmail.com,Décor,5,88.99,0.0,Organic,US,variant
ORD-006867,2024-02-05,CUST-00938,cust-00938@lumenmail.com,Outdoor,5,34.82,0.0,Paid Search,US,
ORD-004106,2024-12-02,CUST-02453,cust-02453@lumenmail.com,Outdoor,1,74.35,0.0,Email,ZZ,control
ORD-007916,2023-11-28,CUST-01821,cust-01821@lumenmail.com,Outdoor,1,55.88,0.05,Paid Search,UK,
ORD-009128,2024-04-19,CUST-02532,cust-02532@lumenmail.com,Lighting,1,38.51,0.0,Paid Search,US,control
ORD-001357,2023-12-12,CUST-02308,cust-02308@lumenmail.com,Décor,1,81.96,0.0,Organic,US,variant
ORD-005980,2023-10-13,CUST-02995,cust-02995@lumenmail.com,Lighting,2,194.81,0.1,Organic,US,control
ORD-002593,2024-02-27,CUST-00887,cust-00887@lumenmail.com,Accessories,1,119.19,0.0,Social,US,control
ORD-004469,2024-05-01,CUST-01081,cust-01081@lumenmail.com,Furniture,1,55.28,0.0,Paid Search,US,
ORD-009096,2024-03-04,,guest@lumenmail.com,Lighting,2,326.31,0.0,Paid Search,US,control
ORD-007232,2024-09-27,CUST-00797,cust-00797@lumenmail.com,Outdoor,5,0.0,0.15,Social,US,control
ORD-001538,2023-08-28,CUST-01081,cust-01081@lumenmail.com,Lighting,1,74.14,0.0,Paid Search,US,variant
ORD-009428,09/08/2023,CUST-01739,cust-01739@lumenmail.com,Furniture,1,186.93,0.0,Paid Search,US,control
ORD-001849,29/09/2023,CUST-01489,cust-01489@lumenmail.com,Outdoor,4,19.28,0.0,Social,US,variant
ORD-004487,2024-07-23,CUST-02486,cust-02486@lumenmail.com,Décor,2,29.13,0.2,Email,UK,control
ORD-003173,10/10/2024,CUST-00933,cust-00933@lumenmail.com,Accessories,1,87.3,0.05,Email,US,
ORD-007537,2024-12-01,CUST-02014,cust-02014@lumenmail.com,Furniture,1,11.74,0.0,Email,US,
ORD-009010,2024-09-02,CUST-02384,cust-02384@lumenmail.com,Furniture,4,39.27,0.0,Paid Search,CA,variant
ORD-003668,2023-07-23,CUST-02033,cust-02033@lumenmail.com,Furniture,4,729.41,0.05,,US,variant
ORD-002196,2023-07-21,CUST-02382,cust-02382@lumenmail.com,Lighting,6,190.99,0.15,Organic,AU,variant
ORD-005259,2024-12-05,CUST-02273,cust-02273@lumenmail.com,Furniture,1,46.44,0.05,Organic,US,
ORD-003469,25/07/2024,CUST-02929,cust-02929@lumenmail.com,Lighting,3,27.24,0.2,Paid Search,UK,variant
ORD-006025,2023-12-13,CUST-01623,cust-01623@lumenmail.com,Décor,3,74.65,0.0,Email,US,control
ORD-001515,2024-03-13,CUST-02116,cust-02116@lumenmail.com,Décor,2,128.61,0.0,,UK,variant
ORD-006403,17/06/2023,,guest@lumenmail.com,Lighting,3,207.28,0.0,Social,US,variant
ORD-008852,2024-01-28,CUST-00511,cust-00511@lumenmail.com,Furniture,1,39.03,0.1,Email,US,variant
ORD-002598,2023-08-01,CUST-00728,cust-00728@lumenmail.com,Furniture,7,128.42,0.15,Paid Search,US,
ORD-000397,2024-05-06,CUST-00782,cust-00782@lumenmail.com,Lighting,3,175.94,0.05,Email,US,variant
ORD-003506,2023-10-17,CUST-01099,cust-01099@lumenmail.com,Outdoor,5,84.99,0.1,Social,US,variant
ORD-007538,2024-04-26,CUST-02864,cust-02864@lumenmail.com,Décor,1,37.75,0.2,Email,US,
ORD-004675,2023-08-06,CUST-00714,cust-00714@lumenmail.com,Décor,1,53.58,0.0,Email,UK,control
ORD-009058,2024-12-28,,guest@lumenmail.com,Accessories,1,34.69,0.1,Organic,US,control
ORD-007006,2024-02-21,CUST-00187,cust-00187@lumenmail.com,Lighting,1,31.49,0.15,Organic,US,
ORD-001426,2024-08-19,CUST-01283,cust-01283@lumenmail.com,Outdoor,1,357.37,0.0,Paid Search,CA,
ORD-003098,2024-02-21,CUST-00756,cust-00756@lumenmail.com,Furniture,1,34.11,0.05,Paid Search,US,
ORD-003403,2024-05-31,CUST-01937,cust-01937@lumenmail.com,Outdoor,1,37.7,0.0,Paid Search,CA,
ORD-008135,2023-10-09,CUST-00193,cust-00193@lumenmail.com,Outdoor,1,42.62,0.0,Paid Search,US,control
ORD-008075,2024-10-25,CUST-00044,cust-00044@lumenmail.com,Lighting,-1,13.01,0.1,Email,US,control
ORD-000257,2024-01-01,CUST-00807,cust-00807@lumenmail.com,Outdoor,1,51.97,0.0,Paid Search,US,variant
ORD-001498,2023-06-09,CUST-00604,cust-00604@lumenmail.com,Lighting,3,18.63,0.15,Email,US,control
ORD-009437,2023-07-21,CUST-02744,cust-02744@lumenmail.com,Décor,2,378.53,0.0,Email,CA,variant
ORD-002007,2024-12-21,CUST-00602,cust-00602@lumenmail.com,Lighting,1,70.39,0.0,Email,US,control
ORD-005992,2024-10-26,CUST-02135,cust-02135@lumenmail.com,Lighting,1,11.15,0.15,Email,US,
ORD-002529,2023-09-10,CUST-00763,cust-00763@lumenmail.com,Lighting,4,71.9,0.0,Email,US,variant
ORD-007996,02/10/2024,CUST-00832,cust-00832@lumenmail.com,Furniture,3,615.05,0.0,Email,CA,
ORD-000193,2024-08-26,CUST-02387,cust-02387@lumenmail.com,Décor,2,96.49,0.0,,US,variant
ORD-001195,2024-08-07,CUST-00027,cust-00027@lumenmail.com,Lighting,1,68.28,0.15,Social,US,control
ORD-004749,2024-06-01,CUST-00381,cust-00381@lumenmail.com,Outdoor,3,231.24,0.0,Organic,CA,control
ORD-008585,2024-05-13,CUST-01916,cust-01916@lumenmail.com,Décor,2,208.05,0.0,Email,UK,
ORD-008425,2024-11-18,CUST-00083,cust-00083@lumenmail.com,Furniture,4,213.2,0.05,Social,US,
ORD-002153,2024-01-17,CUST-01389,cust-01389@lumenmail.com,Furniture,2,20.0,0.0,Paid Search,US,
ORD-006185,23/08/2024,CUST-00639,cust-00639@lumenmail.com,Décor,1,91.26,0.0,Paid Search,US,variant
ORD-001923,2024-07-21,CUST-02702,cust-02702@lumenmail.com,Furniture,6,9.41,0.0,Social,US,control
ORD-001622,2024-05-08,CUST-00142,cust-00142@lumenmail.com,Décor,1,19.06,0.0,Paid Search,CA,variant
ORD-002995,2023-09-27,CUST-00062,cust-00062@lumenmail.com,Furniture,2,122.57,0.25,Paid Search,US,variant
ORD-007150,2024-04-09,CUST-02400,cust-02400@lumenmail.com,Décor,1,157.79,0.1,Organic,US,control
ORD-000576,25/04/2024,CUST-00470,cust-00470@lumenmail.com,Lighting,1,0.0,0.0,Paid Search,AU,control
ORD-008620,2024-11-20,CUST-01819,cust-01819@lumenmail.com,Furniture,7,510.21,0.0,Email,US,control
ORD-002965,2024-03-06,CUST-00035,cust-00035@lumenmail.com,Décor,2,9.37,0.0,Email,CA,
ORD-002473,2024-03-30,CUST-00325,cust-00325@lumenmail.com,Lighting,1,40.11,0.15,Organic,US,control
ORD-004889,2023-12-03,CUST-01673,cust-01673@lumenmail.com,Décor,4,71.16,0.0,Paid Search,US,
ORD-005578,2024-11-22,CUST-01482,cust-01482@lumenmail.com,Lighting,1,62.85,0.0,Paid Search,US,control
ORD-003716,2024-12-10,CUST-02327,cust-02327@lumenmail.com,Décor,1,619.19,0.2,Paid Search,UK,control
ORD-000547,2024-04-05,CUST-01464,cust-01464@lumenmail.com,Lighting,4,144.26,0.0,Social,CA,variant
ORD-002967,10/02/2024,CUST-01616,cust-01616@lumenmail.com,Outdoor,1,93.37,0.0,Paid Search,US,
ORD-007811,2024-12-03,CUST-01476,cust-01476@lumenmail.com,Décor,4,22.46,0.15,Paid Search,US,variant
ORD-000751,2024-07-22,CUST-01948,cust-01948@lumenmail.com,Furniture,1,356.63,0.0,Paid Search,US,variant
ORD-001999,14/09/2023,CUST-01491,cust-01491@lumenmail.com,Furniture,1,79.13,0.15,Organic,CA,variant
ORD-007399,2024-12-20,CUST-02790,cust-02790@lumenmail.com,Outdoor,1,99.61,0.1,Paid Search,US,
ORD-006510,2024-02-13,CUST-00445,cust-00445@lumenmail.com,Décor,1,35.77,0.2,Organic,US,control
ORD-005323,2023-06-05,CUST-00219,cust-00219@lumenmail.com,Lighting,1,6.45,0.1,Paid Search,US,
ORD-009532,2023-06-03,CUST-01320,cust-01320@lumenmail.com,Outdoor,4,80.78,0.0,Email,UK,variant
ORD-004137,2024-03-10,CUST-01524,cust-01524@lumenmail.com,Accessories,3,89.96,0.0,Paid Search,CA,control
ORD-007032,09/10/2023,CUST-00209,cust-00209@lumenmail.com,Accessories,1,136.86,0.05,Email,US,
ORD-002526,2024-03-20,CUST-02198,cust-02198@lumenmail.com,Accessories,1,178.3,0.15,Email,US,variant
ORD-005537,2024-07-04,CUST-01951,cust-01951@lumenmail.com,Lighting,2,41.96,0.0,Email,US,
ORD-008904,2024-02-01,CUST-02357,cust-02357@lumenmail.com,Accessories,1,248.28,0.05,Social,US,control
ORD-005512,2024-11-09,CUST-00365,cust-00365@lumenmail.com,Décor,1,83.2,0.0,Paid Search,US,
ORD-008916,2024-07-07,CUST-01580,cust-01580@lumenmail.com,Lighting,1,179.78,0.0,Email,CA,
ORD-001346,2024-06-07,CUST-01056,cust-01056@lumenmail.com,Lighting,2,119.89,0.0,Organic,AU,control
ORD-000120,2024-09-05,CUST-01723,cust-01723@lumenmail.com,Décor,4,90.3,0.05,Email,US,variant
ORD-003561,2023-08-06,CUST-02251,cust-02251@lumenmail.com,Lighting,1,89.48,0.0,Paid Search,US,variant
ORD-006200,08/12/2023,CUST-01565,cust-01565@lumenmail.com,Lighting,1,126.75,0.15,Email,US,
ORD-006686,2024-12-07,CUST-01829,cust-01829@lumenmail.com,Décor,1,51.75,0.1,Paid Search,US,variant
ORD-006340,2023-07-14,CUST-00553,cust-00553@lumenmail.com,Lighting,2,123.98,0.0,Paid Search,US,control
ORD-003171,2024-07-13,CUST-00661,cust-00661@lumenmail.com,Lighting,3,31.1,0.05,Social,US,
ORD-003637,,CUST-01027,cust-01027@lumenmail.com,Outdoor,1,20.18,0.05,Paid Search,CA,
ORD-009005,2023-12-28,CUST-02099,cust-02099@lumenmail.com,Outdoor,1,99.15,0.0,Email,US,control
ORD-007416,2023-08-13,CUST-00912,cust-00912@lumenmail.com,Décor,2,33.82,0.05,Organic,US,
ORD-002498,,CUST-00927,cust-00927@lumenmail.com,Décor,6,172.64,0.05,Email,ZZ,
ORD-001733,2023-06-18,CUST-01631,cust-01631@lumenmail.com,Lighting,2,131.16,0.05,Email,US,variant
ORD-006972,2024-10-17,CUST-02627,cust-02627@lumenmail.com,Lighting,3,28.35,0.1,,US,control
ORD-000178,2024-06-03,,guest@lumenmail.com,Accessories,3,46.56,0.05,Organic,US,control
ORD-005810,2024-06-06,CUST-01278,cust-01278@lumenmail.com,Lighting,3,393.94,0.15,Email,US,variant
ORD-008399,10/08/2024,CUST-01485,cust-01485@lumenmail.com,Lighting,1,267.39,0.05,Email,US,
ORD-003304,2024-01-07,CUST-01978,cust-01978@lumenmail.com,Décor,3,72.22,0.0,Paid Search,US,
ORD-002691,2023-08-06,CUST-00875,cust-00875@lumenmail.com,Décor,5,57.78,0.15,Paid Search,CA,variant
ORD-005231,2024-10-26,CUST-00453,cust-00453@lumenmail.com,Furniture,4,68.94,0.0,Organic,CA,control
ORD-003097,2024-04-11,CUST-01705,cust-01705@lumenmail.com,Furniture,2,29.63,0.0,Paid Search,US,
ORD-004907,2023-10-13,CUST-00848,cust-00848@lumenmail.com,Décor,7,522.05,0.2,Organic,US,
ORD-009230,2024-02-22,CUST-01700,cust-01700@lumenmail.com,Lighting,2,314.11,0.0,Email,US,variant
ORD-002704,29/02/2024,CUST-02925,cust-02925@lumenmail.com,Décor,3,77.98,0.1,Email,US,variant
ORD-004147,17/06/2024,CUST-01618,cust-01618@lumenmail.com,Lighting,1,154.01,0.0,Social,US,variant
ORD-007964,10/12/2024,CUST-02466,cust-02466@lumenmail.com,Lighting,2,92.92,0.1,Social,CA,
ORD-001319,13/02/2024,CUST-02289,cust-02289@lumenmail.com,Furniture,1,35.39,0.15,,US,variant
ORD-008243,12/12/2024,CUST-01762,cust-01762@lumenmail.com,Furniture,4,61.73,0.0,Organic,US,
ORD-003849,12/10/2023,,guest@lumenmail.com,Lighting,3,37.24,0.0,Paid Search,CA,variant
ORD-000766,2024-04-21,CUST-01027,cust-01027@lumenmail.com,Furniture,2,27.18,0.25,Paid Search,CA,control
ORD-006102,23/07/2023,CUST-02158,cust-02158@lumenmail.com,Lighting,5,116.41,0.1,Organic,US,
ORD-003630,2024-04-06,CUST-02551,cust-02551@lumenmail.com,Décor,4,104.87,0.0,Email,UK,
ORD-002074,2024-11-04,CUST-02205,cust-02205@lumenmail.com,Lighting,2,96.65,0.05,Paid Search,US,control
ORD-004624,2024-07-05,CUST-00211,cust-00211@lumenmail.com,Furniture,2,0.0,0.0,Paid Search,US,
ORD-006487,31/03/2024,CUST-00516,cust-00516@lumenmail.com,Décor,6,82.27,0.0,Paid Search,CA,variant
ORD-000034,2024-01-21,CUST-01498,cust-01498@lumenmail.com,Lighting,1,798.04,0.0,Organic,US,control
ORD-007903,09/08/2024,CUST-02247,cust-02247@lumenmail.com,Décor,2,64.02,0.0,Email,US,
ORD-001753,2024-04-28,CUST-01467,cust-01467@lumenmail.com,Accessories,2,24.34,0.0,Organic,CA,variant
ORD-000761,2024-03-16,CUST-00163,cust-00163@lumenmail.com,Décor,1,47.18,0.15,Paid Search,CA,
ORD-005094,2023-06-18,CUST-00408,cust-00408@lumenmail.com,Décor,2,44.27,0.0,Paid Search,ZZ,
ORD-003404,2024-03-20,CUST-02922,cust-02922@lumenmail.com,Outdoor,2,45.61,0.1,Organic,UK,
ORD-002914,2023-07-07,CUST-02396,cust-02396@lumenmail.com,Outdoor,1,106.96,0.1,Email,US,control
ORD-003199,02/07/2024,CUST-01846,cust-01846@lumenmail.com,Outdoor,1,34.53,0.2,,US,variant
ORD-005899,2024-08-22,CUST-02416,cust-02416@lumenmail.com,Furniture,2,569.28,0.0,Paid Search,US,control
ORD-007544,2023-10-01,CUST-00851,cust-00851@lumenmail.com,Lighting,1,94.2,0.1,Organic,US,control
ORD-002132,2023-10-15,CUST-02872,cust-02872@lumenmail.com,Outdoor,1,51.57,0.15,Organic,US,
ORD-001331,2023-10-02,CUST-02091,cust-02091@lumenmail.com,Lighting,1,64.69,0.0,Paid Search,CA,
ORD-007593,2024-12-30,CUST-02102,cust-02102@lumenmail.com,Accessories,3,19.86,0.1,,CA,control
ORD-006021,2024-02-26,CUST-00854,cust-00854@lumenmail.com,Furniture,4,127.76,0.2,Paid Search,US,control
ORD-001284,04/02/2024,,guest@lumenmail.com,Lighting,1,328.18,0.05,Paid Search,CA,
ORD-006281,2023-08-28,CUST-00568,cust-00568@lumenmail.com,Furniture,4,32.13,0.0,Paid Search,US,variant
ORD-006865,2023-10-08,CUST-00423,cust-00423@lumenmail.com,Lighting,1,138.58,0.0,Email,CA,control
ORD-003398,23/06/2024,CUST-02184,cust-02184@lumenmail.com,Outdoor,4,40.94,0.0,Email,US,variant
ORD-000529,2023-12-13,CUST-01467,cust-01467@lumenmail.com,Lighting,1,578.63,0.2,Paid Search,US,
ORD-000719,31/10/2024,CUST-00567,cust-00567@lumenmail.com,Outdoor,2,41.14,0.05,Paid Search,US,variant
ORD-001341,2024-07-24,CUST-01566,cust-01566@lumenmail.com,Accessories,3,23.49,0.15,Paid Search,US,control
ORD-005739,2024-03-07,CUST-00954,cust-00954@lumenmail.com,Lighting,3,215.25,0.05,Social,US,control
ORD-008062,2024-02-19,CUST-02902,cust-02902@lumenmail.com,Furniture,1,60.9,0.0,Organic,US,control
ORD-000812,2024-04-30,,guest@lumenmail.com,Lighting,2,237.71,0.15,Organic,US,
ORD-002911,2024-02-08,CUST-02431,cust-02431@lumenmail.com,Outdoor,1,179.58,0.1,,US,control
ORD-006086,2024-02-10,CUST-02427,cust-02427@lumenmail.com,Décor,3,21.03,0.0,Paid Search,AU,
ORD-001140,2024-10-30,CUST-01983,cust-01983@lumenmail.com,Furniture,7,391.61,0.0,Email,US,control
ORD-002262,2024-01-17,CUST-00116,cust-00116@lumenmail.com,Lighting,2,98.05,0.0,Email,UK,variant
ORD-009112,2024-09-15,CUST-00654,cust-00654@lumenmail.com,Décor,3,325.62,0.0,Paid Search,US,control
ORD-002810,2024-08-16,CUST-00426,cust-00426@lumenmail.com,Décor,7,183.82,0.0,Paid Search,US,variant
ORD-006875,2024-01-01,CUST-00670,cust-00670@lumenmail.com,Furniture,2,73.15,0.05,Paid Search,US,
ORD-005842,18/07/2024,CUST-02009,cust-02009@lumenmail.com,Lighting,2,86.88,0.0,Paid Search,UK,control
ORD-006977,2023-08-05,CUST-02686,cust-02686@lumenmail.com,Lighting,7,230.07,0.0,Organic,US,variant
ORD-001932,20/11/2023,CUST-02202,cust-02202@lumenmail.com,Furniture,4,80.62,0.0,Social,US,control
ORD-009057,11/10/2024,,guest@lumenmail.com,Accessories,1,81.56,0.15,,US,variant
ORD-006706,2024-11-02,CUST-01146,cust-01146@lumenmail.com,Lighting,3,123.63,0.0,Organic,US,variant
ORD-000783,2023-10-09,CUST-02102,cust-02102@lumenmail.com,Lighting,1,238.51,0.15,Paid Search,UK,control
ORD-009506,03/09/2023,CUST-02778,cust-02778@lumenmail.com,Décor,1,45.27,0.05,Organic,UK,control
ORD-008120,2023-12-07,CUST-02680,cust-02680@lumenmail.com,Lighting,2,92.86,0.0,Email,US,
ORD-005457,2023-12-02,CUST-01131,cust-01131@lumenmail.com,Outdoor,-1,43.21,0.05,Email,US,control
ORD-003975,2024-11-15,CUST-02217,cust-02217@lumenmail.com,Outdoor,1,356.06,0.0,Paid Search,US,
ORD-001470,2024-11-07,CUST-01440,cust-01440@lumenmail.com,Furniture,1,275.82,0.1,Organic,US,
ORD-003720,2024-08-05,CUST-01764,cust-01764@lumenmail.com,Décor,1,6.8,0.05,Social,CA,
ORD-009202,2024-11-01,CUST-00749,cust-00749@lumenmail.com,Lighting,1,57.55,0.0,Paid Search,US,variant
ORD-000682,2024-07-14,CUST-01246,cust-01246@lumenmail.com,Lighting,2,532.7,0.2,Organic,US,variant
ORD-002602,2023-11-19,CUST-02139,cust-02139@lumenmail.com,Furniture,1,28.49,0.2,Email,US,variant
ORD-007559,2023-11-14,CUST-01921,cust-01921@lumenmail.com,Lighting,3,21.2,0.15,Email,CA,control
ORD-008769,2024-08-07,CUST-01131,cust-01131@lumenmail.com,Outdoor,4,369.66,0.1,Paid Search,US,
ORD-003470,02/04/2024,CUST-00252,cust-00252@lumenmail.com,Décor,1,41.02,0.1,Email,CA,
ORD-000073,2024-09-22,CUST-00430,cust-00430@lumenmail.com,Lighting,1,48.04,0.05,Email,UK,
ORD-006453,2023-09-12,CUST-02906,cust-02906@lumenmail.com,Décor,4,51.02,0.1,Paid Search,US,variant
ORD-008274,28/08/2023,,guest@lumenmail.com,Décor,-5,31.72,0.25,Email,US,
ORD-001948,2024-03-06,CUST-00783,cust-00783@lumenmail.com,Outdoor,3,376.29,0.05,Paid Search,US,
ORD-004193,2023-12-03,CUST-00197,cust-00197@lumenmail.com,Furniture,2,182.58,0.05,Email,UK,control
ORD-006622,2024-07-30,CUST-01547,cust-01547@lumenmail.com,Décor,2,398.03,0.0,Email,US,variant
ORD-002728,2024-09-02,CUST-02483,cust-02483@lumenmail.com,Furniture,1,87.59,0.05,Paid Search,UK,
ORD-008806,2023-10-26,CUST-02442,cust-02442@lumenmail.com,Lighting,3,120.5,0.0,Paid Search,US,
ORD-008827,2024-10-16,CUST-02189,cust-02189@lumenmail.com,Furniture,3,382.43,0.15,Social,ZZ,
ORD-004832,21/11/2023,CUST-01757,cust-01757@lumenmail.com,Lighting,2,44.66,0.15,Paid Search,US,variant
ORD-001894,2023-10-23,CUST-01229,cust-01229@lumenmail.com,Lighting,1,262.28,0.15,Organic,UK,
ORD-004150,30/06/2023,CUST-01764,cust-01764@lumenmail.com,Outdoor,1,748.67,0.0,Email,US,
ORD-003906,2024-04-06,CUST-01905,cust-01905@lumenmail.com,Lighting,1,132.9,0.0,Paid Search,UK,variant
ORD-000997,2024-04-09,CUST-00901,cust-00901@lumenmail.com,Décor,1,67.95,0.05,Email,US,variant
ORD-006991,2024-05-12,CUST-01958,cust-01958@lumenmail.com,Lighting,5,65.83,0.1,Email,US,variant
ORD-009137,2023-09-13,CUST-02521,cust-02521@lumenmail.com,Décor,4,584.35,0.15,Email,US,
ORD-000800,07/12/2024,CUST-00501,cust-00501@lumenmail.com,Décor,2,58.55,0.05,Paid Search,AU,variant
ORD-006511,2023-12-23,CUST-02248,cust-02248@lumenmail.com,Furniture,5,60.73,0.15,Email,AU,
ORD-005440,2024-07-25,CUST-02711,cust-02711@lumenmail.com,Décor,1,92.25,0.0,Organic,CA,control
ORD-002050,2024-02-10,CUST-00553,cust-00553@lumenmail.com,Lighting,1,586.18,0.0,Paid Search,US,variant
ORD-008506,2024-12-14,CUST-01961,cust-01961@lumenmail.com,Furniture,1,24.38,0.0,Email,CA,variant
ORD-008357,2023-12-08,CUST-01511,cust-01511@lumenmail.com,Lighting,6,80.2,0.0,Email,US,variant
ORD-001127,2024-07-11,CUST-01211,cust-01211@lumenmail.com,Furniture,1,627.86,0.1,Email,US,
ORD-002183,2023-10-03,CUST-01769,cust-01769@lumenmail.com,Décor,1,27.47,0.25,Paid Search,US,control
ORD-008248,2024-05-13,CUST-00394,cust-00394@lumenmail.com,Lighting,2,47.21,0.0,Organic,ZZ,control
ORD-004681,2024-06-12,CUST-01719,cust-01719@lumenmail.com,Lighting,7,275.35,0.15,Paid Search,US,control
ORD-005104,2024-08-28,CUST-02200,cust-02200@lumenmail.com,Accessories,1,531.55,0.0,Paid Search,US,control
ORD-005287,09/07/2023,CUST-01338,cust-01338@lumenmail.com,Lighting,5,48.76,0.1,Paid Search,ZZ,control
ORD-009243,2024-07-15,CUST-02276,cust-02276@lumenmail.com,Furniture,1,186.15,0.0,Social,US,variant
ORD-001303,2023-12-12,CUST-01145,cust-01145@lumenmail.com,Lighting,2,89.46,0.15,Email,US,variant
ORD-004307,2024-12-13,CUST-00851,cust-00851@lumenmail.com,Lighting,1,119.4,0.05,Social,UK,
ORD-002534,16/11/2023,CUST-02061,cust-02061@lumenmail.com,Lighting,2,28.66,0.0,Organic,US,control
ORD-009309,2023-10-05,CUST-00754,cust-00754@lumenmail.com,Lighting,3,84.52,0.05,Paid Search,UK,
ORD-000182,2023-06-18,CUST-01294,cust-01294@lumenmail.com,Décor,2,16.84,0.15,Organic,AU,variant
ORD-008232,10/11/2023,,guest@lumenmail.com,Outdoor,4,51.03,0.0,Organic,US,control
ORD-003022,03/09/2023,,guest@lumenmail.com,Lighting,1,8.29,0.05,Email,US,control
ORD-008568,2023-12-01,CUST-01891,cust-01891@lumenmail.com,Décor,1,96.38,0.1,Social,CA,
ORD-008290,2024-12-17,CUST-02610,cust-02610@lumenmail.com,Accessories,1,68.53,0.1,Organic,US,
ORD-000064,2023-10-27,CUST-00363,cust-00363@lumenmail.com,Outdoor,2,21.63,0.05,Organic,US,control
ORD-007286,2024-08-28,CUST-00959,cust-00959@lumenmail.com,Furniture,1,210.17,0.1,Email,US,variant
ORD-000595,2023-12-27,CUST-02250,cust-02250@lumenmail.com,Lighting,2,623.19,0.0,Social,US,variant
ORD-007362,2023-08-19,CUST-01526,cust-01526@lumenmail.com,Décor,2,159.28,0.1,Paid Search,US,
ORD-007704,2024-12-30,CUST-00223,cust-00223@lumenmail.com,Lighting,3,47.17,0.15,Organic,US,
ORD-008497,2023-11-20,CUST-02608,cust-02608@lumenmail.com,Furniture,2,190.4,0.15,Paid Search,CA,variant
ORD-004173,2023-10-13,CUST-02127,cust-02127@lumenmail.com,Accessories,2,156.46,0.0,Organic,US,
ORD-004431,2024-08-04,CUST-02605,cust-02605@lumenmail.com,Outdoor,2,122.53,0.2,Email,US,control
ORD-000971,2023-06-22,CUST-02135,cust-02135@lumenmail.com,Furniture,2,88.82,0.05,Email,US,
ORD-005786,2024-06-22,,guest@lumenmail.com,Lighting,1,71.8,0.0,Paid Search,CA,
ORD-004298,24/11/2023,CUST-01303,cust-01303@lumenmail.com,Décor,1,53.24,0.0,Organic,US,control
ORD-005702,2024-03-30,CUST-01060,cust-01060@lumenmail.com,Furniture,3,35.55,0.0,Organic,US,control
ORD-007437,2024-09-05,CUST-00123,cust-00123@lumenmail.com,Outdoor,3,60.2,0.1,Email,US,variant
ORD-003157,2024-04-14,CUST-02974,cust-02974@lumenmail.com,Outdoor,1,120.96,0.05,Paid Search,US,
ORD-003302,2024-09-17,CUST-00226,cust-00226@lumenmail.com,Lighting,3,9.48,0.0,Paid Search,UK,control
ORD-002512,2024-11-19,CUST-00727,cust-00727@lumenmail.com,Lighting,5,696.37,0.1,Email,US,variant
ORD-008608,2023-08-01,CUST-01253,cust-01253@lumenmail.com,Décor,3,35.42,0.0,Social,US,variant
ORD-005152,20/10/2023,CUST-01200,cust-01200@lumenmail.com,Lighting,1,31.26,0.0,Email,US,
ORD-002879,25/02/2024,,guest@lumenmail.com,Lighting,2,69.18,0.0,,UK,variant
ORD-005746,2024-10-04,,guest@lumenmail.com,Accessories,2,25.65,0.1,Email,CA,
ORD-003055,2023-09-06,CUST-00028,cust-00028@lumenmail.com,Lighting,1,80.04,0.05,Paid Search,US,
ORD-008508,2024-09-09,CUST-00550,cust-00550@lumenmail.com,Décor,1,396.85,0.15,Email,AU,control
ORD-004376,2023-06-25,CUST-00986,cust-00986@lumenmail.com,Outdoor,1,101.26,0.1,Email,US,control
ORD-002545,2024-11-15,CUST-02023,cust-02023@lumenmail.com,Furniture,1,89.84,0.1,Organic,US,
ORD-004371,2023-12-18,CUST-02132,cust-02132@lumenmail.com,Furniture,1,187.48,0.0,Paid Search,US,
ORD-001188,2024-06-25,CUST-02384,cust-02384@lumenmail.com,Décor,1,147.78,0.2,Email,AU,control
ORD-004234,2024-03-26,CUST-01985,cust-01985@lumenmail.com,Décor,1,34.83,0.0,Paid Search,US,
ORD-002425,2024-01-31,CUST-00542,cust-00542@lumenmail.com,Outdoor,3,53.48,0.0,Paid Search,US,control
ORD-005310,2024-01-01,CUST-02989,cust-02989@lumenmail.com,Lighting,1,372.01,0.0,Paid Search,UK,
ORD-000740,2024-02-09,CUST-02295,cust-02295@lumenmail.com,Accessories,4,168.82,0.1,Email,AU,
ORD-002089,,CUST-01339,cust-01339@lumenmail.com,Décor,1,24.07,0.0,Organic,ZZ,
ORD-005149,2024-05-06,CUST-02355,cust-02355@lumenmail.com,Décor,1,31.59,0.1,,AU,variant
ORD-003494,2024-04-20,,guest@lumenmail.com,Furniture,2,372.46,0.2,Paid Search,US,variant
ORD-006288,2024-07-31,CUST-00037,cust-00037@lumenmail.com,Décor,-5,11.8,0.0,Organic,CA,variant
ORD-001318,2024-03-13,CUST-02435,cust-02435@lumenmail.com,Lighting,1,37.06,0.1,Paid Search,US,variant
ORD-007420,26/07/2024,CUST-01211,cust-01211@lumenmail.com,Décor,2,303.69,0.2,Organic,US,control
ORD-005421,2024-03-10,CUST-01464,cust-01464@lumenmail.com,Lighting,5,242.61,0.0,Organic,US,
ORD-008992,11/12/2023,CUST-01328,cust-01328@lumenmail.com,Décor,3,46.9,0.0,Paid Search,UK,
ORD-008619,2024-10-02,CUST-01254,cust-01254@lumenmail.com,Décor,3,69.1,0.0,,CA,
ORD-009228,2023-08-02,CUST-00480,cust-00480@lumenmail.com,Lighting,2,43.58,0.0,Email,US,
ORD-008686,2023-06-25,CUST-01258,cust-01258@lumenmail.com,Accessories,1,5.22,0.05,Paid Search,AU,
ORD-005179,2024-07-05,CUST-00924,cust-00924@lumenmail.com,Outdoor,2,11.28,0.05,Social,US,control
ORD-002524,25/09/2024,CUST-01249,cust-01249@lumenmail.com,Lighting,3,77.78,0.0,Email,CA,control
ORD-000611,2023-06-19,CUST-00883,cust-00883@lumenmail.com,Décor,1,85.16,0.05,Paid Search,US,
ORD-001342,2024-05-05,CUST-01060,cust-01060@lumenmail.com,Lighting,1,17.77,0.05,Email,CA,variant
ORD-008548,2023-11-16,CUST-01200,cust-01200@lumenmail.com,Accessories,4,54.83,0.0,Email,US,
ORD-000046,09/11/2023,CUST-02997,cust-02997@lumenmail.com,Lighting,1,33.34,0.1,Organic,US,control
ORD-000981,19/09/2024,CUST-02108,cust-02108@lumenmail.com,Décor,2,415.47,0.0,Paid Search,US,
ORD-007790,2024-06-06,CUST-01134,cust-01134@lumenmail.com,Furniture,5,83.25,0.05,Email,US,
ORD-008528,28/12/2024,CUST-02076,cust-02076@lumenmail.com,Accessories,1,8.1,0.1,Email,US,control
ORD-000011,2024-08-15,,guest@lumenmail.com,Accessories,2,27.15,0.1,Paid Search,UK,control
ORD-002592,2024-06-21,CUST-01863,cust-01863@lumenmail.com,Lighting,3,66.18,0.0,Paid Search,ZZ,control
ORD-005254,2024-07-19,,guest@lumenmail.com,Outdoor,1,36.82,0.0,Organic,US,control
ORD-006745,2023-11-04,CUST-02176,cust-02176@lumenmail.com,Furniture,3,138.91,0.15,Email,US,
ORD-005795,2024-08-27,CUST-02673,cust-02673@lumenmail.com,Décor,2,33.8,0.1,Organic,CA,variant
ORD-005539,2023-07-13,CUST-01231,cust-01231@lumenmail.com,Lighting,1,174.81,0.0,Organic,US,control
ORD-001574,2024-11-28,CUST-00411,cust-00411@lumenmail.com,Lighting,1,101.36,0.15,Email,US,
ORD-001982,2023-11-16,CUST-00214,cust-00214@lumenmail.com,Décor,2,177.4,0.05,Organic,US,variant
ORD-004494,2023-10-17,CUST-02394,cust-02394@lumenmail.com,Outdoor,1,7.73,0.05,Social,CA,
ORD-009056,2023-09-19,CUST-00465,cust-00465@lumenmail.com,Lighting,3,178.67,0.25,Paid Search,US,variant
ORD-009260,2023-09-02,CUST-01367,cust-01367@lumenmail.com,Lighting,6,21.67,0.0,Organic,CA,control
ORD-001302,2024-03-14,CUST-02434,cust-02434@lumenmail.com,Lighting,1,21.38,0.0,Organic,CA,variant
ORD-002521,2024-12-23,CUST-02586,cust-02586@lumenmail.com,Décor,2,196.41,0.0,Organic,CA,control
ORD-006558,2024-11-25,CUST-02031,cust-02031@lumenmail.com,Décor,2,40.87,0.05,Paid Search,US,control
ORD-008460,11/11/2023,CUST-00557,cust-00557@lumenmail.com,Décor,1,23.56,0.0,,US,control
ORD-008638,2024-12-03,CUST-02660,cust-02660@lumenmail.com,Furniture,2,289.1,0.1,Email,UK,
ORD-001570,2024-11-10,CUST-01534,cust-01534@lumenmail.com,Lighting,2,14.13,0.0,Email,UK,variant
ORD-004565,2024-07-03,CUST-00008,cust-00008@lumenmail.com,Décor,4,191.86,0.1,Organic,UK,variant
ORD-006749,2024-10-11,,guest@lumenmail.com,Lighting,1,78.23,0.0,Paid Search,US,
