order_id,order_date,customer_id,customer_email,product_category,quantity,unit_price,discount_pct,channel,country,experiment_group
ORD-006272,19/03/2024,,guest@lumenmail.com,Furniture,3,21.32,0.15,Email,US,
ORD-004918,2024-01-28,,guest@lumenmail.com,Accessories,2,34.64,0.05,Paid Search,UK,variant
ORD-005922,2023-11-24,CUST-00296,cust-00296@lumenmail.com,Furniture,2,86.38,0.05,Social,US,
ORD-005452,2023-06-17,CUST-01643,cust-01643@lumenmail.com,Outdoor,3,66.13,0.1,Organic,US,variant
ORD-009439,10/12/2023,CUST-02102,cust-02102@lumenmail.com,Lighting,1,54.32,0.0,Paid Search,US,variant
ORD-000408,2024-02-23,CUST-01387,cust-01387@lumenmail.com,Lighting,3,23.82,0.0,Paid Search,US,control
ORD-000609,2024-12-04,CUST-02291,cust-02291@lumenmail.com,Furniture,1,538.57,0.2,Email,US,control
ORD-005891,08/12/2024,CUST-00167,cust-00167@lumenmail.com,Furniture,1,77.26,0.0,Organic,US,variant
ORD-001623,2024-04-26,CUST-02684,cust-02684@lumenmail.com,Furniture,2,267.59,0.15,Organic,US,
ORD-008209,2023-10-12,CUST-02573,cust-02573@lumenmail.com,Furniture,1,706.15,5.0,Email,US,control
ORD-002512,14/10/2023,CUST-01167,cust-01167@lumenmail.com,Lighting,1,48.3,0.05,Organic,CA,variant
ORD-006734,2023-06-23,CUST-02853,cust-02853@lumenmail.com,Furniture,1,79.19,25.0,Paid Search,CA,variant
ORD-005734,2024-11-01,CUST-00068,cust-00068@lumenmail.com,Accessories,4,77.96,0.0,Paid Search,US,
ORD-005688,2023-10-26,CUST-02178,cust-02178@lumenmail.com,Outdoor,3,7.84,0.05,Email,US,
ORD-006061,2023-09-04,CUST-00014,cust-00014@lumenmail.com,Décor,2,26.35,0.0,Email,US,variant
ORD-005166,2024-02-27,CUST-01738,cust-01738@lumenmail.com,Accessories,2,70.92,5.0,Organic,US,variant
ORD-001179,2023-06-17,CUST-01510,cust-01510@lumenmail.com,Outdoor,1,49.67,0.0,,US,control
ORD-001219,2023-09-25,CUST-00179,cust-00179@lumenmail.com,Lighting,1,55.22,0.2,Email,US,variant
ORD-002834,2024-09-19,CUST-00526,cust-00526@lumenmail.com,Furniture,4,40.9,0.0,,UK,
ORD-006167,2023-09-09,CUST-02569,cust-02569@lumenmail.com,Furniture,1,15.99,0.05,Organic,UK,variant
ORD-006155,2024-10-30,CUST-02246,cust-02246@lumenmail.com,Lighting,1,49.66,0.05,Email,AU,variant
ORD-001855,,CUST-01992,cust-01992@lumenmail.com,Furniture,5,27.94,0.0,Organic,US,
ORD-002056,10/03/2024,CUST-00428,cust-00428@lumenmail.com,Décor,2,131.37,10.0,Organic,CA,variant
ORD-001592,2023-06-06,CUST-00392,cust-00392@lumenmail.com,Outdoor,2,127.56,0.0,Social,AU,variant
ORD-004905,23/09/2023,CUST-00121,cust-00121@lumenmail.com,Lighting,4,0.0,0.1,Organic,ZZ,
ORD-007913,2024-03-07,CUST-02983,cust-02983@lumenmail.com,Lighting,1,24.7,0.0,Paid Search,AU,control
ORD-002948,2024-06-29,CUST-01270,cust-01270@lumenmail.com,Lighting,2,20.41,0.15,Organic,US,
ORD-000934,2024-06-09,CUST-02903,cust-02903@lumenmail.com,Décor,-3,46.96,0.05,Social,US,
ORD-004316,2024-11-19,CUST-01654,cust-01654@lumenmail.com,Accessories,2,50.47,0.05,Paid Search,US,
ORD-006404,2023-07-07,CUST-00017,cust-00017@lumenmail.com,Furniture,6,156.69,0.0,Email,US,variant
ORD-008524,2024-09-29,CUST-00511,cust-00511@lumenmail.com,Lighting,1,197.88,0.05,Paid Search,US,variant
ORD-005176,2023-11-26,CUST-02485,cust-02485@lumenmail.com,Furniture,3,76.07,0.05,Email,ZZ,variant
ORD-008173,15/11/2024,CUST-02991,cust-02991@lumenmail.com,Décor,3,78.93,0.05,Organic,US,control
ORD-002533,2024-03-06,,guest@lumenmail.com,Lighting,3,45.76,0.05,Email,US,variant
ORD-001204,26/05/2024,CUST-00206,cust-00206@lumenmail.com,Furniture,2,401.03,10.0,Organic,US,control
ORD-006431,04/04/2024,CUST-01243,cust-01243@lumenmail.com,Lighting,1,103.05,10.0,Organic,US,variant
ORD-000442,2024-04-02,CUST-01927,cust-01927@lumenmail.com,Lighting,2,67.67,0.15,Paid Search,US,
ORD-005056,2023-07-12,CUST-02297,cust-02297@lumenmail.com,Décor,3,433.02,0.05,Organic,AU,variant
ORD-002644,2023-06-10,CUST-00972,cust-00972@lumenmail.com,Accessories,4,44.08,0.0,Organic,ZZ,
ORD-000206,2024-12-25,CUST-01220,cust-01220@lumenmail.com,Lighting,1,324.89,0.05,Organic,UK,
ORD-002157,06/09/2024,CUST-01556,cust-01556@lumenmail.com,Décor,3,472.88,0.0,Email,US,
ORD-002309,2023-08-24,CUST-01637,cust-01637@lumenmail.com,Lighting,2,47.84,0.05,Organic,US,
ORD-007235,2024-06-11,,guest@lumenmail.com,lighting,1,5.32,0.2,Paid Search,CA,
ORD-005761,2023-12-18,CUST-02421,cust-02421@lumenmail.com,Lighting,2,29.45,5.0,Social,AU,control
ORD-009071,2024-05-04,CUST-00795,cust-00795@lumenmail.com,Décor,5,361.37,0.2,Email,US,
ORD-009361,2023-08-28,CUST-02689,cust-02689@lumenmail.com,Lighting,1,42.41,0.1,Organic,US,
ORD-005958,2023-11-17,CUST-00323,cust-00323@lumenmail.com,Accessories,1,125.35,0.0,Paid Search,US,control
ORD-005936,2023-07-23,CUST-02988,cust-02988@lumenmail.com,Outdoor,1,5.64,0.1,Paid Search,ZZ,
ORD-001743,2023-10-30,CUST-01490,cust-01490@lumenmail.com,Outdoor,2,45.3,0.1,Paid Search,US,variant
ORD-000530,2023-12-08,CUST-01967,cust-01967@lumenmail.com,Décor,3,5.03,0.05,Social,UK,control
ORD-000506,2024-11-29,CUST-02657,cust-02657@lumenmail.com,Décor,1,20.39,0.15,Organic,US,variant
ORD-004971,2023-08-17,CUST-02093,cust-02093@lumenmail.com,lighting,1,0.0,0.0,Paid Search,US,
ORD-005059,2023-11-28,CUST-02606,cust-02606@lumenmail.com,Furniture,1,180.71,0.0,Organic,CA,variant
ORD-006190,2024-03-05,CUST-00246,cust-00246@lumenmail.com,Accessories,1,192.37,0.2,Email,US,variant
ORD-005655,2024-04-24,,guest@lumenmail.com,Furniture,3,235.43,0.0,Organic,AU,variant
ORD-002477,2024-03-21,CUST-02917,cust-02917@lumenmail.com,Furniture,1,94.77,0.1,Organic,US,
ORD-004508,2023-06-11,CUST-00273,cust-00273@lumenmail.com,Outdoor,7,68.16,0.1,Email,US,variant
ORD-004783,2023-08-05,CUST-02909,cust-02909@lumenmail.com,Furniture,1,621.44,0.05,Email,UK,variant
ORD-007989,2024-02-19,CUST-00674,cust-00674@lumenmail.com,Décor,1,108.54,0.1,Email,US,control
ORD-009484,27/04/2024,,guest@lumenmail.com,Décor,-7,23.61,0.05,Social,US,control
ORD-002711,03/05/2024,CUST-01379,cust-01379@lumenmail.com,Furniture,2,78.68,0.05,Email,US,
ORD-001731,2024-05-04,CUST-00484,cust-00484@lumenmail.com,Lighting,1,247.21,0.2,Email,US,
ORD-004370,2023-11-29,CUST-01100,cust-01100@lumenmail.com,Furniture,4,8.8,0.0,Organic,US,variant
ORD-001336,2023-08-24,CUST-00227,cust-00227@lumenmail.com,Accessories,1,126.59,15.0,Paid Search,US,control
ORD-005667,2023-09-12,CUST-01539,cust-01539@lumenmail.com,Furniture,7,386.98,5.0,Paid Search,CA,control
ORD-000953,2023-11-27,CUST-02208,cust-02208@lumenmail.com,Lighting,2,236.53,0.0,Organic,UK,
ORD-007871,2023-07-10,CUST-01547,cust-01547@lumenmail.com,Décor,2,744.75,0.0,Paid Search,US,
ORD-008771,28/08/2023,,guest@lumenmail.com,Furniture,1,112.34,0.0,Paid Search,US,
ORD-008629,2024-03-06,CUST-01086,cust-01086@lumenmail.com,Accessories,1,223.98,0.2,Email,US,
ORD-006800,,CUST-01586,cust-01586@lumenmail.com,Furniture,6,74.45,0.05,Email,US,variant
ORD-001215,2024-04-11,CUST-02441,cust-02441@lumenmail.com,Lighting,1,60.45,0.0,Email,US,variant
ORD-004056,2023-08-14,CUST-00022,cust-00022@lumenmail.com,Lighting,1,488.11,0.05,Email,UK,
ORD-004615,2024-12-10,CUST-02512,cust-02512@lumenmail.com,Furniture,1,5.53,0.0,Email,CA,control
ORD-000854,2023-06-02,CUST-02189,cust-02189@lumenmail.com,Accessories,1,700.39,0.05,,US,variant
ORD-000463,2023-08-31,CUST-00410,cust-00410@lumenmail.com,Décor,5,168.12,0.0,Social,US,control
ORD-002717,2023-09-16,CUST-00781,cust-00781@lumenmail.com,Outdoor,1,22.83,0.2,Email,CA,
ORD-001932,2024-03-09,CUST-01883,cust-01883@lumenmail.com,Lighting,3,426.55,0.0,Organic,US,
ORD-006199,2023-12-16,CUST-01363,cust-01363@lumenmail.com,Furniture,5,25.09,0.05,Email,US,
ORD-006812,2023-09-17,CUST-02705,cust-02705@lumenmail.com,Décor,2,366.77,0.0,Organic,US,
ORD-002558,2024-01-10,CUST-02335,cust-02335@lumenmail.com,Décor,2,117.93,0.05,,US,
ORD-005405,2023-08-22,CUST-02788,cust-02788@lumenmail.com,Décor,4,86.24,0.2,Email,US,variant
ORD-001480,2024-05-20,,guest@lumenmail.com,Furniture,6,706.17,0.0,Email,US,
ORD-000942,2024-11-26,CUST-02944,cust-02944@lumenmail.com,Lighting,1,90.79,0.0,Paid Search,US,control
ORD-003768,2024-07-13,CUST-02867,cust-02867@lumenmail.com,Décor,6,356.27,0.0,Organic,AU,variant
ORD-009482,2023-09-16,CUST-01610,cust-01610@lumenmail.com,Furniture,5,30.31,0.0,Email,US,
ORD-007423,2024-05-23,CUST-00946,cust-00946@lumenmail.com,Décor,1,21.88,0.0,Email,US,variant
ORD-001520,30/05/2024,CUST-01308,cust-01308@lumenmail.com,Furniture,2,63.6,0.15,Email,US,control
ORD-007349,2023-08-14,CUST-02504,cust-02504@lumenmail.com,Lighting,3,171.51,0.05,Paid Search,US,control
ORD-003176,2024-12-08,CUST-01015,cust-01015@lumenmail.com,Furniture,1,64.1,15.0,Paid Search,ZZ,
ORD-004865,26/10/2024,CUST-01022,cust-01022@lumenmail.com,Furniture,1,28.1,0.05,Paid Search,US,
ORD-000630,2024-04-03,CUST-00627,cust-00627@lumenmail.com,Lighting,1,42.82,0.2,Organic,UK,
ORD-003847,2024-06-15,CUST-02695,cust-02695@lumenmail.com,Décor,4,25.74,0.0,Email,US,
ORD-004781,2024-06-22,CUST-02916,cust-02916@lumenmail.com,Furniture,1,14.38,0.1,Organic,US,
ORD-006880,2024-07-09,CUST-01854,cust-01854@lumenmail.com,lighting,2,42.3,0.0,Paid Search,CA,
ORD-001302,2023-07-13,CUST-02970,cust-02970@lumenmail.com,Lighting,1,152.82,0.05,Paid Search,AU,
ORD-008642,03/02/2024,CUST-01806,cust-01806@lumenmail.com,Furniture,-4,6.98,0.15,Paid Search,CA,
ORD-009472,2024-12-29,CUST-00195,cust-00195@lumenmail.com,Outdoor,3,112.02,0.2,,US,
ORD-002882,2023-09-14,CUST-02896,cust-02896@lumenmail.com,Lighting,3,88.62,0.1,Email,US,control
ORD-004731,2024-11-02,CUST-02958,cust-02958@lumenmail.com,Furniture,3,55.32,0.0,Email,US,control
ORD-003359,18/08/2024,CUST-01181,cust-01181@lumenmail.com,Furniture,1,447.27,0.1,Email,UK,variant
ORD-007854,2024-02-23,,guest@lumenmail.com,Lighting,3,131.84,0.05,Email,UK,
ORD-004846,2023-09-26,CUST-00521,cust-00521@lumenmail.com,Lighting,4,181.84,0.0,Email,US,
ORD-002954,2024-04-27,CUST-00275,cust-00275@lumenmail.com,Lighting,1,62.17,0.0,,US,
ORD-006714,2024-04-24,CUST-01492,cust-01492@lumenmail.com,Lighting,5,153.39,0.1,,US,
ORD-009562,2024-01-06,CUST-02633,cust-02633@lumenmail.com,Furniture,7,568.9,0.05,,US,
ORD-001935,2024-01-28,CUST-01063,cust-01063@lumenmail.com,Furniture,2,235.06,0.0,Organic,US,control
ORD-000762,2024-08-22,CUST-00998,cust-00998@lumenmail.com,Accessories,1,93.5,0.1,Paid Search,US,variant
ORD-008791,2024-11-18,CUST-01711,cust-01711@lumenmail.com,Décor,1,167.99,0.1,Email,ZZ,
ORD-001610,2023-12-18,CUST-01473,cust-01473@lumenmail.com,Outdoor,1,17.62,0.2,Organic,UK,variant
ORD-003233,2024-07-08,CUST-00355,cust-00355@lumenmail.com,Lighting,2,25.84,0.0,Email,US,control
ORD-003999,2024-06-07,CUST-02210,cust-02210@lumenmail.com,Outdoor,1,44.23,0.0,Paid Search,US,control
ORD-007650,2024-09-11,CUST-01186,cust-01186@lumenmail.com,Décor,1,735.8,0.1,Social,US,variant
ORD-001076,,CUST-01977,cust-01977@lumenmail.com,Lighting,1,74.05,0.0,Paid Search,US,variant
ORD-006055,2024-03-10,,guest@lumenmail.com,Outdoor,3,584.73,5.0,Social,US,variant
ORD-001581,2024-09-06,CUST-02948,cust-02948@lumenmail.com,Outdoor,3,49.99,0.0,,US,
ORD-005008,07/08/2023,CUST-01097,cust-01097@lumenmail.com,Lighting,1,395.28,0.25,Organic,US,control
ORD-002995,2024-08-07,CUST-00308,cust-00308@lumenmail.com,Furniture,3,53.49,0.05,Paid Search,UK,
ORD-005957,2024-12-10,CUST-01267,cust-01267@lumenmail.com,Lighting,2,319.61,0.05,Social,US,
ORD-009074,2024-09-05,CUST-01447,cust-01447@lumenmail.com,Décor,1,47.55,0.05,Paid Search,US,control
ORD-000159,2024-05-10,CUST-00595,cust-00595@lumenmail.com,Décor,1,8.69,0.05,Organic,UK,control
ORD-000846,2024-10-30,CUST-02984,cust-02984@lumenmail.com,Décor,2,39.86,0.0,Paid Search,ZZ,control
ORD-000858,2024-12-08,CUST-00269,cust-00269@lumenmail.com,Accessories,3,61.8,0.0,Paid Search,AU,
ORD-007896,2023-06-24,CUST-02695,cust-02695@lumenmail.com,Décor,3,9.85,0.15,Paid Search,AU,control
ORD-001078,08/09/2023,CUST-00011,cust-00011@lumenmail.com,Furniture,3,43.59,0.15,Organic,CA,
ORD-006995,,CUST-01533,cust-01533@lumenmail.com,Décor,4,386.99,0.0,Email,US,variant
ORD-009043,2024-11-28,CUST-00692,cust-00692@lumenmail.com,Outdoor,2,46.31,10.0,Email,US,control
ORD-002114,2024-05-28,CUST-02385,cust-02385@lumenmail.com,Lighting,2,16.04,0.0,Paid Search,UK,control
ORD-002873,2024-11-06,CUST-02223,cust-02223@lumenmail.com,Outdoor,4,108.07,0.05,Email,US,control
ORD-003733,2024-05-23,CUST-02268,cust-02268@lumenmail.com,Lighting,2,49.97,0.0,Paid Search,CA,
ORD-000336,2024-05-27,CUST-01513,cust-01513@lumenmail.com,Décor,3,127.69,0.05,Paid Search,US,
ORD-000026,2023-06-25,,guest@lumenmail.com,Décor,3,447.78,0.0,Paid Search,US,
ORD-004351,31/08/2023,,guest@lumenmail.com,Décor,1,93.67,0.1,Email,US,variant
ORD-004727,2024-10-18,CUST-02582,cust-02582@lumenmail.com,Accessories,2,336.82,0.0,Paid Search,US,
ORD-007997,2024-08-29,CUST-01977,cust-01977@lumenmail.com,Décor,4,11.77,0.25,Organic,AU,variant
ORD-009206,2023-06-16,CUST-01408,cust-01408@lumenmail.com,Lighting,2,95.91,0.05,Organic,CA,variant
ORD-003746,2024-11-14,CUST-02070,cust-02070@lumenmail.com,Lighting,1,10.55,0.05,Paid Search,US,control
ORD-003614,07/07/2023,CUST-02193,cust-02193@lumenmail.com,Furniture,1,46.51,0.05,Organic,US,control
ORD-002492,2023-11-09,CUST-00365,cust-00365@lumenmail.com,Accessories,1,129.96,0.0,,US,
ORD-001348,2023-10-09,CUST-02286,cust-02286@lumenmail.com,Furniture,1,334.35,0.0,,US,
ORD-007313,2023-09-28,CUST-01707,cust-01707@lumenmail.com,Lighting,1,93.3,10.0,Email,US,
ORD-001633,2024-06-12,CUST-00586,cust-00586@lumenmail.com,Lighting,6,71.22,0.0,Organic,CA,variant
ORD-001987,2023-06-29,,guest@lumenmail.com,Lighting,1,222.52,10.0,Email,UK,variant
ORD-002669,2024-02-05,CUST-02214,cust-02214@lumenmail.com,Lighting,2,6.06,0.05,Email,CA,
ORD-002366,2023-06-30,CUST-00007,cust-00007@lumenmail.com,lighting,4,63.18,0.0,Email,US,
ORD-004538,2024-06-27,CUST-00293,cust-00293@lumenmail.com,Décor,1,44.51,0.15,Social,US,
ORD-001928,2024-03-20,CUST-00904,cust-00904@lumenmail.com,Furniture,-1,46.12,0.1,Social,US,
ORD-004806,2024-08-05,CUST-01104,cust-01104@lumenmail.com,Outdoor,2,197.45,0.2,Paid Search,US,
ORD-008245,2024-08-27,CUST-00119,cust-00119@lumenmail.com,Lighting,5,383.01,0.15,,UK,control
ORD-004974,2024-04-11,CUST-02516,cust-02516@lumenmail.com,Furniture,2,36.09,0.15,Paid Search,UK,control
ORD-005611,2024-01-31,,guest@lumenmail.com,Furniture,1,62.14,0.0,Social,US,control
ORD-001523,2023-10-29,CUST-00124,cust-00124@lumenmail.com,Furniture,2,176.74,0.2,Email,US,
ORD-007236,2024-05-30,CUST-00147,cust-00147@lumenmail.com,Outdoor,-1,79.64,0.2,Social,ZZ,
ORD-009142,2024-11-07,CUST-00522,cust-00522@lumenmail.com,Lighting,2,226.85,0.2,Organic,US,control
ORD-001136,2024-08-04,CUST-01465,cust-01465@lumenmail.com,Décor,5,74.29,0.1,Paid Search,CA,variant
ORD-004517,13/01/2024,CUST-00865,cust-00865@lumenmail.com,Furniture,1,736.47,0.2,Social,US,
ORD-002698,08/03/2024,CUST-02091,cust-02091@lumenmail.com,Lighting,4,47.65,0.0,Paid Search,US,control
ORD-005617,2023-10-03,CUST-02823,cust-02823@lumenmail.com,Accessories,1,15.11,0.0,Social,US,
ORD-000685,2023-08-06,CUST-02842,cust-02842@lumenmail.com,Outdoor,2,157.3,0.25,Email,CA,control
ORD-000201,2024-08-06,CUST-02575,cust-02575@lumenmail.com,Décor,3,125.76,20.0,Paid Search,US,
ORD-006228,2024-04-15,CUST-00115,cust-00115@lumenmail.com,Lighting,1,58.53,0.05,Email,US,variant
ORD-000939,2023-06-13,CUST-02251,cust-02251@lumenmail.com,Lighting,5,322.46,0.0,Paid Search,US,variant
ORD-004003,2023-07-19,,guest@lumenmail.com,Outdoor,1,648.46,0.0,Organic,US,
ORD-000495,2023-09-16,CUST-00591,cust-00591@lumenmail.com,Accessories,3,52.29,0.0,Social,US,
ORD-006078,2023-09-25,CUST-01845,cust-01845@lumenmail.com,Lighting,1,255.65,0.15,Email,US,control
ORD-007188,2023-08-14,CUST-02236,cust-02236@lumenmail.com,Outdoor,7,13.44,0.15,Organic,US,
ORD-000604,2024-01-16,CUST-01293,cust-01293@lumenmail.com,Lighting,1,99.73,0.0,Social,UK,control
ORD-000018,2024-04-21,CUST-00984,cust-00984@lumenmail.com,Décor,1,24.91,0.1,Paid Search,UK,variant
ORD-006403,2024-02-18,CUST-01982,cust-01982@lumenmail.com,Décor,1,195.44,0.0,Email,US,control
ORD-008796,2024-11-10,CUST-02260,cust-02260@lumenmail.com,Décor,1,305.62,0.0,,US,control
ORD-001849,2024-03-15,CUST-01860,cust-01860@lumenmail.com,Lighting,3,85.1,0.1,Email,US,
ORD-009299,2023-11-08,CUST-00365,cust-00365@lumenmail.com,Décor,1,28.07,0.0,Organic,US,control
ORD-005851,12/04/2024,CUST-02854,cust-02854@lumenmail.com,Lighting,1,175.79,0.05,Organic,US,variant
ORD-000701,2024-05-27,CUST-00680,cust-00680@lumenmail.com,Accessories,1,439.61,0.0,Organic,US,control
ORD-000257,2024-01-27,CUST-02124,cust-02124@lumenmail.com,Décor,1,79.16,0.0,Email,US,control
ORD-008924,2023-09-12,CUST-00978,cust-00978@lumenmail.com,Lighting,1,49.64,0.0,Paid Search,US,
ORD-003855,2024-09-01,CUST-00750,cust-00750@lumenmail.com,Outdoor,1,62.44,0.15,Organic,UK,
ORD-001749,2023-11-23,CUST-02624,cust-02624@lumenmail.com,Outdoor,1,66.14,0.15,Email,US,
ORD-000755,2024-11-23,CUST-01648,cust-01648@lumenmail.com,Lighting,1,49.15,0.0,Paid Search,UK,variant
ORD-000881,2023-10-08,CUST-02829,cust-02829@lumenmail.com,Furniture,4,288.5,0.0,Social,CA,
ORD-002680,2023-10-16,CUST-00217,cust-00217@lumenmail.com,Furniture,2,256.54,0.2,Email,US,control
ORD-005391,2023-11-02,CUST-00902,cust-00902@lumenmail.com,Furniture,2,49.43,0.05,Email,US,variant
ORD-000516,2024-09-03,CUST-01179,cust-01179@lumenmail.com,Décor,2,343.34,0.2,Social,CA,variant
ORD-003772,14/10/2023,CUST-01832,cust-01832@lumenmail.com,Lighting,2,307.35,0.0,Social,US,variant
ORD-006992,2023-12-15,CUST-02921,cust-02921@lumenmail.com,Décor,1,24.26,0.15,Organic,US,control
ORD-006694,2024-06-08,CUST-02150,cust-02150@lumenmail.com,Lighting,1,389.33,0.0,Email,US,variant
ORD-001655,2024-06-17,,guest@lumenmail.com,Décor,2,12.24,0.0,Paid Search,CA,variant
ORD-002438,2023-09-03,CUST-02678,cust-02678@lumenmail.com,Furniture,1,363.8,10.0,Organic,UK,
ORD-005653,2023-08-05,CUST-00266,cust-00266@lumenmail.com,Furniture,2,20.54,0.1,Social,US,control
ORD-003394,12/08/2023,CUST-00086,cust-00086@lumenmail.com,Outdoor,1,152.18,0.0,Email,US,
ORD-008028,27/11/2024,CUST-01854,cust-01854@lumenmail.com,Décor,1,54.77,5.0,Paid Search,CA,
ORD-006163,2023-11-21,CUST-00163,cust-00163@lumenmail.com,Décor,3,126.62,0.0,Organic,US,
ORD-006875,2024-02-03,CUST-02936,cust-02936@lumenmail.com,Furniture,2,281.35,0.0,Organic,CA,variant
ORD-000054,2024-10-17,CUST-02057,cust-02057@lumenmail.com,Furniture,1,94.79,0.0,Social,UK,variant
ORD-002186,2024-06-21,CUST-02632,cust-02632@lumenmail.com,Furniture,5,162.08,0.2,,US,
ORD-003565,2023-12-26,CUST-01963,cust-01963@lumenmail.com,Furniture,4,68.81,0.1,Paid Search,US,
ORD-001875,2023-12-04,CUST-02652,cust-02652@lumenmail.com,Lighting,4,86.38,0.15,,US,variant
ORD-004446,2023-06-20,CUST-00868,cust-00868@lumenmail.com,Lighting,1,202.57,0.0,Paid Search,US,control
ORD-006577,2024-07-02,,guest@lumenmail.com,Furniture,1,83.53,0.1,Social,US,
ORD-003334,09/09/2023,CUST-00890,cust-00890@lumenmail.com,Lighting,5,38.89,0.0,Email,UK,
ORD-005570,2024-11-19,CUST-01638,cust-01638@lumenmail.com,Lighting,-6,0.0,5.0,Organic,US,control
ORD-007963,27/01/2024,CUST-02698,cust-02698@lumenmail.com,Outdoor,2,52.68,0.0,Organic,US,variant
ORD-002237,10/07/2024,CUST-02139,cust-02139@lumenmail.com,Furniture,2,36.18,0.0,Organic,UK,
ORD-008059,2023-07-22,CUST-00457,cust-00457@lumenmail.com,Lighting,-1,35.92,0.1,Organic,US,
ORD-003764,04/11/2024,CUST-01273,cust-01273@lumenmail.com,Outdoor,4,109.52,0.0,Social,US,variant
ORD-007588,2024-06-30,CUST-01514,cust-01514@lumenmail.com,Lighting,2,48.06,0.0,Email,CA,control
ORD-005803,2024-06-03,CUST-02280,cust-02280@lumenmail.com,Lighting,1,255.55,0.0,Paid Search,UK,
ORD-000632,2024-06-25,CUST-02608,cust-02608@lumenmail.com,Furniture,2,24.34,0.0,Social,US,control
ORD-000080,2024-02-15,CUST-00560,cust-00560@lumenmail.com,Accessories,3,378.87,0.15,Paid Search,US,variant
ORD-001746,2023-08-03,CUST-00504,cust-00504@lumenmail.com,Décor,-4,555.55,0.0,Paid Search,CA,control
ORD-006840,2024-11-01,CUST-01983,cust-01983@lumenmail.com,Lighting,1,142.48,0.0,Paid Search,US,variant
ORD-005390,2023-07-21,CUST-02359,cust-02359@lumenmail.com,Lighting,2,26.33,0.0,Paid Search,UK,
ORD-006223,2024-11-10,,guest@lumenmail.com,Furniture,1,43.93,0.05,Email,US,variant
ORD-006382,2023-06-21,CUST-02448,cust-02448@lumenmail.com,Furniture,5,588.66,0.0,Email,CA,variant
ORD-000722,2024-09-19,,guest@lumenmail.com,Outdoor,3,379.98,0.0,Paid Search,US,variant
ORD-001914,23/12/2023,CUST-01214,cust-01214@lumenmail.com,Lighting,7,77.79,0.0,Organic,US,variant
ORD-008267,2024-11-16,CUST-02650,cust-02650@lumenmail.com,Accessories,-2,67.63,0.05,Email,US,variant
ORD-008623,2024-05-29,CUST-00728,cust-00728@lumenmail.com,Lighting,-2,30.61,0.1,Paid Search,US,variant
ORD-000402,2024-01-27,CUST-00760,cust-00760@lumenmail.com,Décor,2,66.16,0.2,Email,AU,
ORD-001664,14/09/2024,CUST-01282,cust-01282@lumenmail.com,Lighting,1,323.51,0.0,Paid Search,UK,
ORD-006308,2023-09-19,CUST-02217,cust-02217@lumenmail.com,Lighting,2,22.19,0.15,Email,US,
ORD-000816,02/12/2024,CUST-00096,cust-00096@lumenmail.com,Décor,1,38.37,0.1,,CA,control
ORD-009587,2024-04-04,CUST-02555,cust-02555@lumenmail.com,Lighting,2,26.71,0.0,Paid Search,UK,variant
ORD-002126,2024-02-24,CUST-01562,cust-01562@lumenmail.com,Furniture,2,69.43,0.0,Email,US,variant
ORD-000491,2024-02-29,CUST-01184,cust-01184@lumenmail.com,Décor,1,25.37,0.2,Organic,US,variant
ORD-007744,12/08/2023,,guest@lumenmail.com,Furniture,4,49.38,0.0,Organic,AU,
ORD-006772,2024-03-30,CUST-00314,cust-00314@lumenmail.com,Accessories,1,28.46,0.0,Social,US,
ORD-009059,24/03/2024,CUST-00010,cust-00010@lumenmail.com,Accessories,1,12.48,0.05,Social,AU,control
ORD-001324,2024-11-28,CUST-00383,cust-00383@lumenmail.com,Furniture,3,222.74,0.1,Paid Search,US,control
ORD-002816,2024-12-28,CUST-02844,cust-02844@lumenmail.com,Décor,-4,114.71,20.0,Organic,CA,
ORD-007248,2024-08-01,CUST-01878,cust-01878@lumenmail.com,Accessories,1,24.22,0.0,Email,US,
ORD-008892,2024-05-09,CUST-01882,cust-01882@lumenmail.com,Décor,-2,31.93,0.0,Paid Search,AU,variant
ORD-002262,2024-12-04,CUST-00744,cust-00744@lumenmail.com,Lighting,1,48.64,0.0,Social,UK,variant
ORD-007107,2024-02-27,CUST-01965,cust-01965@lumenmail.com,Furniture,1,104.67,0.0,Email,US,control
ORD-008608,2024-03-26,CUST-01837,cust-01837@lumenmail.com,Accessories,2,220.61,0.0,Social,CA,
ORD-008140,05/01/2024,CUST-02075,cust-02075@lumenmail.com,Outdoor,1,73.34,5.0,Email,US,control
ORD-005024,2024-08-05,CUST-01816,cust-01816@lumenmail.com,Furniture,1,152.88,0.0,Email,US,
ORD-002663,2024-09-07,CUST-00902,cust-00902@lumenmail.com,Furniture,1,63.37,0.1,Paid Search,US,variant
ORD-000625,2023-07-27,CUST-00313,cust-00313@lumenmail.com,Furniture,3,50.84,0.05,Email,CA,variant
ORD-003651,25/07/2024,CUST-02714,cust-02714@lumenmail.com,Décor,1,160.92,0.15,Organic,ZZ,
ORD-006322,2024-12-09,CUST-02315,cust-02315@lumenmail.com,Outdoor,3,241.9,0.25,Social,US,
ORD-005998,2024-12-28,CUST-02231,cust-02231@lumenmail.com,Lighting,1,54.88,0.0,Paid Search,US,control
ORD-004498,03/07/2023,CUST-01097,cust-01097@lumenmail.com,Furniture,1,46.89,0.25,Email,US,
ORD-000637,2024-06-26,,guest@lumenmail.com,Furniture,1,595.28,0.0,Social,US,control
ORD-008886,21/12/2023,CUST-02647,cust-02647@lumenmail.com,Outdoor,1,399.72,0.0,,US,
ORD-003532,2024-02-24,CUST-01577,cust-01577@lumenmail.com,Lighting,1,8.47,0.0,Paid Search,US,control
ORD-001049,2024-07-17,CUST-01388,cust-01388@lumenmail.com,Décor,1,366.12,0.1,Email,US,variant
ORD-000947,2023-12-28,CUST-02140,cust-02140@lumenmail.com,Décor,2,165.71,0.05,Paid Search,AU,
ORD-009600,2024-07-12,CUST-01850,cust-01850@lumenmail.com,Accessories,1,129.7,0.05,Social,AU,variant
ORD-003443,2024-11-19,CUST-02143,cust-02143@lumenmail.com,Décor,1,60.23,0.0,Organic,US,
ORD-001407,2024-03-10,CUST-02008,cust-02008@lumenmail.com,Accessories,3,193.57,0.0,Paid Search,UK,variant
ORD-002890,2024-12-07,,guest@lumenmail.com,Décor,1,25.23,0.15,Social,AU,
ORD-009151,2023-11-19,CUST-00952,cust-00952@lumenmail.com,Furniture,1,86.84,0.15,Social,AU,
ORD-002115,2024-02-22,CUST-02170,cust-02170@lumenmail.com,Lightng,2,31.4,15.0,Email,UK,
ORD-004959,2024-01-22,CUST-01112,cust-01112@lumenmail.com,Décor,3,32.86,0.05,Organic,US,
ORD-003373,2024-12-21,CUST-02062,cust-02062@lumenmail.com,Accessories,2,141.47,0.05,Email,US,
ORD-000653,04/01/2024,,guest@lumenmail.com,Accessories,3,46.16,0.0,Email,US,variant
ORD-000784,2024-03-23,CUST-00549,cust-00549@lumenmail.com,Décor,2,125.0,0.15,Paid Search,US,
ORD-003288,2023-11-20,CUST-01887,cust-01887@lumenmail.com,Outdoor,2,186.33,0.0,Paid Search,CA,control
ORD-004131,02/08/2024,CUST-01952,cust-01952@lumenmail.com,Lighting,1,7.12,0.05,Paid Search,US,control
ORD-004540,2024-06-20,CUST-02081,cust-02081@lumenmail.com,Lighting,1,673.58,0.0,Social,US,variant
ORD-000679,2023-09-21,CUST-01047,cust-01047@lumenmail.com,Lighting,2,299.61,10.0,,CA,
ORD-004934,2024-07-26,CUST-01907,cust-01907@lumenmail.com,Décor,4,103.28,0.05,Organic,US,
ORD-002881,27/10/2024,CUST-02428,cust-02428@lumenmail.com,Lighting,6,29.66,0.0,Email,US,
ORD-008821,03/07/2024,,guest@lumenmail.com,Lighting,1,24.87,0.05,Email,US,control
ORD-002983,2024-10-23,CUST-00485,cust-00485@lumenmail.com,Outdoor,2,677.17,0.1,Organic,US,variant
ORD-004456,2024-07-01,CUST-02575,cust-02575@lumenmail.com,Lighting,2,75.19,0.0,Paid Search,US,
ORD-003379,2024-08-24,CUST-00935,cust-00935@lumenmail.com,Furniture,2,120.12,0.2,Email,US,variant
ORD-003190,2023-10-31,,guest@lumenmail.com,Lighting,-3,466.51,0.1,Organic,CA,control
ORD-000304,2024-06-22,CUST-00167,cust-00167@lumenmail.com,Décor,2,121.57,0.05,Organic,US,
ORD-000656,2024-09-03,CUST-00432,cust-00432@lumenmail.com,Outdoor,3,77.31,0.0,Organic,US,
ORD-004674,2023-08-14,CUST-00198,cust-00198@lumenmail.com,Furniture,1,157.4,0.15,Paid Search,UK,control
ORD-002766,2024-03-30,CUST-00303,cust-00303@lumenmail.com,Lighting,2,27.07,0.1,Organic,US,variant
ORD-006145,2024-06-10,CUST-00419,cust-00419@lumenmail.com,Lighting,3,34.0,0.05,Paid Search,US,control
ORD-003887,2024-01-16,CUST-01062,cust-01062@lumenmail.com,Décor,1,49.43,0.05,Email,UK,variant
ORD-007742,2024-02-29,CUST-02693,cust-02693@lumenmail.com,Outdoor,6,94.01,0.0,Paid Search,US,
ORD-002093,24/10/2023,,guest@lumenmail.com,Lighting,2,83.08,0.05,Email,CA,
ORD-004809,2023-09-10,CUST-02327,cust-02327@lumenmail.com,Outdoor,4,59.92,0.2,Social,US,variant
ORD-004521,31/08/2024,CUST-02020,cust-02020@lumenmail.com,Décor,1,179.82,0.05,Organic,US,control
ORD-003464,2024-12-06,CUST-02224,cust-02224@lumenmail.com,Furniture,2,50.87,0.2,Paid Search,UK,control
ORD-005545,08/09/2023,CUST-00173,cust-00173@lumenmail.com,Lighting,1,277.64,0.0,Email,US,variant
ORD-009057,2024-01-04,CUST-00033,cust-00033@lumenmail.com,Lighting,1,71.51,5.0,Social,US,
ORD-005744,2023-12-09,CUST-00414,cust-00414@lumenmail.com,Lighting,1,110.28,0.0,Social,ZZ,
ORD-000749,2024-04-24,CUST-02707,cust-02707@lumenmail.com,Décor,1,117.7,0.0,Email,US,
ORD-008318,2023-10-02,,guest@lumenmail.com,Furniture,1,157.7,0.2,Email,CA,
ORD-006188,2024-12-09,CUST-00599,cust-00599@lumenmail.com,Lighting,2,310.86,0.15,Social,CA,control
ORD-000422,2023-07-19,,guest@lumenmail.com,Furniture,4,22.68,0.05,Email,US,control
ORD-008348,2024-01-26,CUST-02406,cust-02406@lumenmail.com,Lighting,1,173.9,0.05,Paid Search,US,
ORD-001865,2024-07-31,CUST-02646,cust-02646@lumenmail.com,Outdoor,3,85.09,0.0,Organic,US,variant
ORD-007310,2024-11-01,,guest@lumenmail.com,Furniture,1,356.55,0.0,Paid Search,CA,control
ORD-004531,2023-08-16,CUST-01021,cust-01021@lumenmail.com,Décor,1,14.35,0.2,Email,US,control
ORD-006531,2024-10-19,CUST-01178,cust-01178@lumenmail.com,Décor,1,148.34,0.15,Organic,US,
ORD-009049,2023-10-13,,guest@lumenmail.com,Lighting,1,62.69,0.2,Social,CA,control
ORD-001530,2023-11-30,CUST-00517,cust-00517@lumenmail.com,Outdoor,6,56.75,0.0,Organic,ZZ,
ORD-008233,2024-04-23,CUST-02429,cust-02429@lumenmail.com,Décor,2,30.2,0.05,Email,US,variant
ORD-000212,2023-09-26,CUST-00905,cust-00905@lumenmail.com,Décor,1,22.32,0.0,Paid Search,US,variant
ORD-005579,2023-11-30,CUST-00616,cust-00616@lumenmail.com,Lighting,2,275.57,0.0,Social,CA,control
ORD-004137,2024-12-10,CUST-02955,cust-02955@lumenmail.com,Furniture,3,28.02,0.05,Organic,US,variant
ORD-007447,2024-11-27,CUST-02930,cust-02930@lumenmail.com,Furniture,2,51.29,0.0,Email,US,variant
ORD-005864,2024-08-08,,guest@lumenmail.com,Décor,2,178.13,0.1,Paid Search,US,variant
ORD-005726,2024-08-01,CUST-02223,cust-02223@lumenmail.com,Outdoor,1,23.02,0.0,Paid Search,UK,
ORD-000880,2023-11-01,CUST-01328,cust-01328@lumenmail.com,Lighting,2,154.74,0.0,Social,US,variant
ORD-008079,2023-10-12,CUST-00989,cust-00989@lumenmail.com,Lighting,2,82.37,0.0,Social,US,control
ORD-006788,2023-10-17,CUST-02488,cust-02488@lumenmail.com,Furniture,4,47.77,0.0,Paid Search,ZZ,variant
ORD-003560,2023-11-18,CUST-01401,cust-01401@lumenmail.com,Lighting,4,578.84,0.15,Organic,US,
ORD-005419,21/11/2023,CUST-00854,cust-00854@lumenmail.com,Décor,1,241.71,0.0,Paid Search,AU,variant
ORD-008852,2023-06-05,CUST-00257,cust-00257@lumenmail.com,Lighting,3,96.22,0.0,Social,CA,
ORD-005430,2024-08-18,CUST-02516,cust-02516@lumenmail.com,Lighting,4,94.07,0.1,Paid Search,US,variant
ORD-001492,2023-11-18,CUST-01460,cust-01460@lumenmail.com,lighting,3,484.46,0.05,Paid Search,US,variant
ORD-007459,2024-01-01,CUST-00323,cust-00323@lumenmail.com,Décor,3,60.12,0.25,Paid Search,UK,variant
ORD-004078,13/07/2023,CUST-01892,cust-01892@lumenmail.com,Outdoor,1,286.31,0.0,Organic,US,control
ORD-004798,2024-05-31,,guest@lumenmail.com,Lighting,2,379.11,0.0,Email,CA,control
ORD-007966,07/04/2024,CUST-00178,cust-00178@lumenmail.com,Décor,2,14.37,0.05,Paid Search,CA,
ORD-005925,2024-10-06,CUST-02985,cust-02985@lumenmail.com,Accessories,2,48.51,0.15,Paid Search,US,control
ORD-006121,12/01/2024,CUST-01961,cust-01961@lumenmail.com,Décor,3,89.33,0.0,Paid Search,US,
ORD-008822,2024-08-18,CUST-01331,cust-01331@lumenmail.com,Furniture,1,339.42,0.0,Organic,US,variant
ORD-000585,2024-03-14,CUST-00594,cust-00594@lumenmail.com,Outdoor,1,14.91,0.0,Paid Search,US,control
ORD-001770,2024-08-19,CUST-02042,cust-02042@lumenmail.com,Outdoor,3,5.66,0.2,Organic,US,variant
ORD-000342,2024-03-20,CUST-02074,cust-02074@lumenmail.com,Décor,2,41.27,0.2,Paid Search,CA,variant
ORD-001217,2023-07-03,CUST-02087,cust-02087@lumenmail.com,Furniture,2,0.0,0.0,Paid Search,US,variant
ORD-004278,2024-01-25,CUST-01530,cust-01530@lumenmail.com,Décor,1,370.33,0.1,Paid Search,US,variant
ORD-004335,21/05/2024,CUST-00274,cust-00274@lumenmail.com,Décor,4,93.01,0.05,Social,US,
ORD-000523,2024-03-18,CUST-01534,cust-01534@lumenmail.com,Lighting,1,566.32,0.05,Social,US,variant
ORD-003583,23/11/2024,,guest@lumenmail.com,Lighting,2,14.86,0.0,Social,UK,variant
ORD-007168,2023-06-10,CUST-00868,cust-00868@lumenmail.com,Décor,2,799.4,0.05,Social,AU,variant
ORD-000732,30/01/2024,,guest@lumenmail.com,Lighting,1,72.51,0.1,Social,US,
ORD-009375,2023-10-17,CUST-02670,cust-02670@lumenmail.com,Lighting,1,23.35,0.2,Paid Search,US,variant
ORD-002013,2024-03-16,,guest@lumenmail.com,Lighting,2,199.91,0.0,Email,CA,variant
ORD-003771,,CUST-00210,cust-00210@lumenmail.com,Décor,2,245.28,0.0,Email,US,
ORD-005179,2024-04-26,CUST-02654,cust-02654@lumenmail.com,Lighting,1,140.66,0.0,Organic,US,
ORD-006091,2023-09-03,CUST-01194,cust-01194@lumenmail.com,Furniture,1,7.89,0.0,Social,US,
ORD-001035,2023-09-08,CUST-01608,cust-01608@lumenmail.com,Accessories,1,150.24,0.1,Social,CA,control
ORD-005729,29/12/2023,CUST-02495,cust-02495@lumenmail.com,Lighting,2,40.44,0.05,Paid Search,US,control
ORD-002552,02/07/2024,CUST-00098,cust-00098@lumenmail.com,Décor,1,0.0,0.0,Organic,US,control
ORD-004758,04/10/2024,CUST-02367,cust-02367@lumenmail.com,Accessories,-1,250.32,5.0,Paid Search,US,
ORD-008334,2024-05-18,CUST-01471,cust-01471@lumenmail.com,Accessories,3,99.95,0.0,Social,US,
ORD-005674,2023-12-14,CUST-00161,cust-00161@lumenmail.com,Furniture,1,0.0,0.05,Organic,US,control
ORD-006570,2024-09-29,CUST-02030,cust-02030@lumenmail.com,Décor,5,51.01,0.0,Organic,US,variant
ORD-006868,2023-10-06,CUST-02518,cust-02518@lumenmail.com,Décor,1,12.64,0.0,Paid Search,UK,variant
ORD-005622,2024-05-24,CUST-00141,cust-00141@lumenmail.com,Lighting,1,56.16,0.05,Email,UK,variant
ORD-008130,01/09/2023,CUST-02557,cust-02557@lumenmail.com,Outdoor,1,121.22,0.0,Paid Search,US,
ORD-004569,02/07/2023,CUST-02252,cust-02252@lumenmail.com,Furniture,5,73.95,0.05,Paid Search,US,variant
ORD-008069,2023-07-03,CUST-02078,cust-02078@lumenmail.com,Lighting,1,103.81,0.1,Organic,US,
ORD-005156,2024-11-19,CUST-01880,cust-01880@lumenmail.com,Lighting,1,36.64,0.05,Paid Search,CA,control
ORD-000338,2024-04-03,CUST-00189,cust-00189@lumenmail.com,Outdoor,4,55.63,0.1,Organic,US,control
ORD-000165,2024-05-01,CUST-01406,cust-01406@lumenmail.com,Furniture,1,569.35,0.05,Organic,US,
ORD-005222,2024-06-09,CUST-01993,cust-01993@lumenmail.com,Outdoor,1,143.58,0.1,Paid Search,UK,control
ORD-006098,2023-08-20,CUST-01500,cust-01500@lumenmail.com,Lighting,4,32.52,0.0,Organic,US,
ORD-005656,2024-12-04,CUST-01608,cust-01608@lumenmail.com,Décor,2,9.85,20.0,Email,US,
ORD-007621,2024-09-22,CUST-00704,cust-00704@lumenmail.com,Décor,2,5.38,0.1,Email,US,variant
ORD-004619,2023-06-13,CUST-00386,cust-00386@lumenmail.com,Accessories,1,299.53,0.0,Social,US,variant
ORD-008053,2024-12-09,CUST-01423,cust-01423@lumenmail.com,Lighting,1,107.03,0.0,Email,UK,variant
ORD-007227,2024-10-07,CUST-00136,cust-00136@lumenmail.com,Décor,1,88.06,0.0,Paid Search,CA,control
ORD-001094,2024-12-13,CUST-02456,cust-02456@lumenmail.com,Lighting,2,140.36,0.0,Paid Search,AU,control
ORD-008000,19/01/2024,CUST-02339,cust-02339@lumenmail.com,Furniture,3,73.36,0.0,Paid Search,US,control
ORD-007472,2023-07-27,CUST-02024,cust-02024@lumenmail.com,Furniture,2,656.93,0.0,Email,US,variant
ORD-000753,2024-08-30,CUST-01412,cust-01412@lumenmail.com,Outdoor,2,228.78,0.0,Organic,US,variant
ORD-008358,2023-06-21,CUST-00073,cust-00073@lumenmail.com,Décor,2,116.15,0.05,Paid Search,AU,control
ORD-002727,2024-03-01,CUST-02710,cust-02710@lumenmail.com,Lighting,2,334.37,0.0,Paid Search,CA,
ORD-004801,2024-11-18,CUST-00175,cust-00175@lumenmail.com,Lightng,4,102.14,0.05,Email,ZZ,
ORD-006553,02/11/2024,CUST-01060,cust-01060@lumenmail.com,Lighting,2,38.46,0.1,Organic,US,variant
ORD-001998,2024-12-28,CUST-01762,cust-01762@lumenmail.com,Décor,1,229.78,0.0,Organic,US,
ORD-008940,2024-09-13,CUST-00185,cust-00185@lumenmail.com,Outdoor,1,46.02,0.1,Email,US,variant
ORD-001065,2024-12-18,CUST-01798,cust-01798@lumenmail.com,Lighting,2,242.54,0.1,Organic,US,control
ORD-007149,2024-01-25,CUST-00361,cust-00361@lumenmail.com,Lighting,1,90.81,5.0,Paid Search,US,
ORD-000525,15/01/2024,CUST-02157,cust-02157@lumenmail.com,Lighting,1,399.12,0.0,Paid Search,US,control
ORD-005281,2023-07-21,CUST-02633,cust-02633@lumenmail.com,Furniture,2,81.95,0.05,Email,US,
ORD-002565,2024-08-12,CUST-01373,cust-01373@lumenmail.com,Lighting,3,85.71,0.0,Email,US,control
ORD-008025,2023-10-17,CUST-00207,cust-00207@lumenmail.com,Lighting,1,0.0,0.2,Organic,US,variant
ORD-008572,2024-04-06,CUST-02009,cust-02009@lumenmail.com,Outdoor,1,155.44,0.15,Email,US,
ORD-005311,2024-02-26,CUST-01541,cust-01541@lumenmail.com,Accessories,5,42.68,0.0,Organic,US,control
ORD-009237,2024-05-05,CUST-02046,cust-02046@lumenmail.com,Décor,2,443.45,0.1,Social,US,variant
ORD-002281,2024-01-15,CUST-02947,cust-02947@lumenmail.com,Lighting,1,29.8,0.0,Organic,US,
ORD-001101,2024-07-11,,guest@lumenmail.com,Lighting,1,18.0,0.05,Email,US,control
ORD-009384,2024-01-06,,guest@lumenmail.com,Lighting,2,12.18,0.0,Paid Search,US,
ORD-008170,2024-08-30,CUST-01240,cust-01240@lumenmail.com,Furniture,4,30.15,0.05,Organic,US,control
ORD-006247,2024-12-24,CUST-00315,cust-00315@lumenmail.com,Lighting,1,6.27,0.0,Paid Search,US,
ORD-007263,2023-09-28,CUST-02703,cust-02703@lumenmail.com,Lighting,3,765.56,0.0,Email,US,variant
ORD-009543,2024-01-25,CUST-02274,cust-02274@lumenmail.com,Outdoor,7,67.14,0.0,Email,AU,variant
ORD-005563,2024-10-30,CUST-02530,cust-02530@lumenmail.com,lighting,2,14.27,0.05,Email,AU,control
ORD-000817,2024-03-21,CUST-00981,cust-00981@lumenmail.com,Décor,2,91.52,0.0,,US,control
ORD-007525,2024-06-08,CUST-01616,cust-01616@lumenmail.com,Décor,1,299.34,0.0,Email,US,
ORD-005345,2023-06-16,CUST-01474,cust-01474@lumenmail.com,Lighting,1,56.5,0.0,Paid Search,US,control
ORD-002113,2023-10-29,CUST-02276,cust-02276@lumenmail.com,Lighting,3,21.21,0.0,Social,US,control
ORD-007356,2024-04-08,CUST-01560,cust-01560@lumenmail.com,Furniture,3,143.91,0.0,Email,US,variant
ORD-003158,2024-07-12,CUST-00210,cust-00210@lumenmail.com,Outdoor,1,93.8,20.0,Organic,AU,variant
ORD-009300,2023-10-26,CUST-02988,cust-02988@lumenmail.com,Lighting,3,90.94,10.0,Paid Search,US,
ORD-005749,2023-11-22,CUST-00916,cust-00916@lumenmail.com,Outdoor,1,91.9,0.15,Email,US,
ORD-003688,2023-08-02,CUST-01205,cust-01205@lumenmail.com,Outdoor,1,59.26,0.0,Organic,US,
ORD-006574,2023-06-04,CUST-02549,cust-02549@lumenmail.com,Accessories,2,94.17,0.0,Paid Search,CA,variant
ORD-006785,2024-05-31,CUST-00134,cust-00134@lumenmail.com,Décor,2,22.28,0.0,Social,US,
ORD-007456,2024-12-16,CUST-00161,cust-00161@lumenmail.com,Décor,2,161.03,0.0,Email,US,control
ORD-004669,2023-12-17,CUST-02838,cust-02838@lumenmail.com,Furniture,1,546.1,0.15,,CA,
ORD-005812,2024-11-06,CUST-00039,cust-00039@lumenmail.com,Décor,1,34.27,0.0,,US,control
ORD-005792,2023-06-07,CUST-00374,cust-00374@lumenmail.com,Furniture,1,16.03,0.1,Social,US,control
ORD-001430,2024-08-28,CUST-00032,cust-00032@lumenmail.com,Décor,1,31.8,20.0,Paid Search,US,variant
ORD-003923,2024-03-07,CUST-02102,cust-02102@lumenmail.com,Accessories,1,60.64,0.0,Paid Search,UK,
ORD-006537,2024-09-05,CUST-01157,cust-01157@lumenmail.com,Furniture,2,66.25,0.05,Paid Search,US,variant
ORD-000838,2023-10-18,CUST-02256,cust-02256@lumenmail.com,Lighting,7,17.36,0.1,Organic,US,variant
ORD-001443,2024-03-26,CUST-02871,cust-02871@lumenmail.com,Outdoor,2,41.68,0.15,Email,US,
ORD-001074,2024-09-17,CUST-00293,cust-00293@lumenmail.com,Décor,2,351.06,0.2,Paid Search,UK,control
ORD-002311,2023-06-19,CUST-02788,cust-02788@lumenmail.com,Outdoor,2,45.72,0.05,Email,UK,
ORD-009201,2023-10-19,,guest@lumenmail.com,Décor,1,78.01,0.15,Paid Search,CA,
ORD-002563,2024-07-25,CUST-02745,cust-02745@lumenmail.com,Furniture,1,10.55,0.05,Social,US,control
ORD-007171,2023-10-26,CUST-02200,cust-02200@lumenmail.com,Furniture,-2,92.58,0.2,Paid Search,US,control
ORD-005455,2024-08-28,CUST-01360,cust-01360@lumenmail.com,Décor,2,176.69,0.0,Email,US,variant
ORD-004603,2024-11-12,CUST-02322,cust-02322@lumenmail.com,Outdoor,2,28.21,0.2,Email,US,variant
ORD-008258,2024-02-29,CUST-00899,cust-00899@lumenmail.com,Décor,2,38.17,0.05,Paid Search,CA,variant
ORD-004896,2024-09-07,CUST-01792,cust-01792@lumenmail.com,Furniture,2,146.64,0.0,Paid Search,US,
ORD-001375,2023-08-22,CUST-00743,cust-00743@lumenmail.com,Lighting,1,12.69,0.0,Paid Search,US,control
ORD-008089,2024-11-05,CUST-01985,cust-01985@lumenmail.com,Lighting,1,117.07,0.15,Paid Search,AU,control
ORD-005447,2023-06-16,,guest@lumenmail.com,Furniture,1,72.37,0.05,Paid Search,US,variant
ORD-006264,12/09/2023,CUST-01149,cust-01149@lumenmail.com,Décor,1,630.48,0.2,Email,AU,variant
ORD-006950,2024-09-27,CUST-00911,cust-00911@lumenmail.com,Décor,2,31.93,0.1,Paid Search,AU,variant
ORD-001376,2023-10-06,CUST-02862,cust-02862@lumenmail.com,Outdoor,1,149.94,5.0,Email,UK,
ORD-005523,23/03/2024,CUST-00123,cust-00123@lumenmail.com,Outdoor,3,21.21,0.0,,CA,
ORD-005989,12/12/2023,CUST-01734,cust-01734@lumenmail.com,Décor,1,93.91,0.1,Organic,AU,variant
ORD-008493,2024-07-14,,guest@lumenmail.com,Furniture,1,357.72,0.05,Organic,AU,
ORD-004919,27/11/2024,CUST-02374,cust-02374@lumenmail.com,Décor,2,42.88,0.0,Social,US,
ORD-007835,2024-05-25,CUST-02076,cust-02076@lumenmail.com,Lighting,1,152.77,0.15,Paid Search,US,
ORD-008818,2024-05-06,CUST-02372,cust-02372@lumenmail.com,lighting,3,17.2,0.2,Organic,US,control
ORD-001878,2023-12-25,CUST-00842,cust-00842@lumenmail.com,Décor,-2,34.55,0.1,Email,UK,
ORD-000517,2024-11-27,CUST-00531,cust-00531@lumenmail.com,Décor,1,59.34,0.0,Paid Search,CA,variant
ORD-007156,2023-12-11,,guest@lumenmail.com,Furniture,2,190.79,0.2,,US,
ORD-007644,2024-05-24,CUST-00754,cust-00754@lumenmail.com,Lighting,2,43.31,0.15,Organic,UK,
ORD-007697,2023-12-28,CUST-01307,cust-01307@lumenmail.com,Lighting,1,187.84,0.05,Email,UK,control
ORD-005852,2024-09-10,CUST-00383,cust-00383@lumenmail.com,Accessories,2,147.62,0.0,Social,US,
ORD-006207,2023-06-28,CUST-02393,cust-02393@lumenmail.com,Lighting,1,83.88,0.1,Email,US,
ORD-001297,2024-04-03,CUST-00552,cust-00552@lumenmail.com,Décor,4,85.6,0.1,Social,US,control
ORD-000691,2024-10-06,CUST-00879,cust-00879@lumenmail.com,Lighting,5,34.64,0.1,Organic,US,
ORD-006667,2023-06-15,CUST-02827,cust-02827@lumenmail.com,Furniture,3,8.77,0.0,Social,US,variant
ORD-004014,2024-10-08,CUST-00282,cust-00282@lumenmail.com,Décor,-1,603.41,0.15,Social,CA,variant
ORD-007686,2023-07-16,CUST-00234,cust-00234@lumenmail.com,Lighting,5,41.95,0.0,Organic,US,control
ORD-003528,14/11/2024,CUST-02606,cust-02606@lumenmail.com,Lighting,3,6.62,0.1,Organic,US,
ORD-002412,2024-09-29,CUST-01805,cust-01805@lumenmail.com,Décor,2,83.27,0.0,Paid Search,AU,variant
ORD-004812,2024-04-25,CUST-00590,cust-00590@lumenmail.com,Décor,1,171.12,0.0,Email,US,
ORD-001084,03/03/2024,CUST-01848,cust-01848@lumenmail.com,Furniture,1,94.62,0.0,Social,CA,variant
ORD-007859,2023-12-27,CUST-01221,cust-01221@lumenmail.com,Furniture,1,314.78,0.05,Organic,US,control
ORD-000238,2023-08-22,CUST-00793,cust-00793@lumenmail.com,Lighting,5,382.94,0.0,Email,CA,variant
ORD-001781,2023-08-22,CUST-01716,cust-01716@lumenmail.com,Accessories,1,88.13,10.0,Social,AU,control
ORD-002199,2023-08-26,CUST-00370,cust-00370@lumenmail.com,Lighting,1,132.97,15.0,Organic,US,control
ORD-003441,2023-06-21,CUST-01534,cust-01534@lumenmail.com,Lighting,1,171.53,0.05,Paid Search,CA,
ORD-004935,2024-07-20,CUST-02938,cust-02938@lumenmail.com,Lightng,1,43.58,0.0,Paid Search,US,
ORD-009202,2024-02-25,CUST-02702,cust-02702@lumenmail.com,Décor,2,41.31,0.05,Paid Search,AU,variant
ORD-000331,2024-12-29,CUST-00140,cust-00140@lumenmail.com,Outdoor,1,61.79,0.0,Email,CA,
ORD-003031,03/02/2024,CUST-02700,cust-02700@lumenmail.com,Lighting,1,70.37,0.0,Paid Search,US,
ORD-002269,2024-11-19,CUST-00889,cust-00889@lumenmail.com,Lighting,1,200.62,0.25,Organic,US,control
ORD-007814,2024-05-05,CUST-01436,cust-01436@lumenmail.com,Outdoor,1,7.64,0.1,Email,AU,control
ORD-001093,2024-02-14,,guest@lumenmail.com,Lighting,6,80.49,0.0,,CA,variant
ORD-003392,2023-07-17,CUST-02348,cust-02348@lumenmail.com,Lighting,1,13.08,0.1,Paid Search,US,
ORD-008632,2023-11-24,CUST-02756,cust-02756@lumenmail.com,Outdoor,1,75.09,0.1,Paid Search,US,variant
ORD-004720,2024-11-19,CUST-00167,cust-00167@lumenmail.com,Outdoor,1,25.58,0.0,Social,US,
ORD-003644,2024-12-24,CUST-00743,cust-00743@lumenmail.com,Décor,1,258.29,0.1,Paid Search,UK,control
ORD-003931,29/04/2024,CUST-02427,cust-02427@lumenmail.com,Furniture,3,29.53,0.05,Paid Search,US,variant
ORD-004583,2024-10-07,CUST-00937,cust-00937@lumenmail.com,Lighting,1,74.97,0.0,Social,CA,control
ORD-001634,2024-02-02,CUST-01632,cust-01632@lumenmail.com,Furniture,2,322.34,0.15,Paid Search,US,
ORD-005872,2024-10-05,CUST-01633,cust-01633@lumenmail.com,Lighting,1,47.95,0.25,Paid Search,US,
ORD-007297,2024-11-30,CUST-02551,cust-02551@lumenmail.com,Lighting,4,53.43,0.0,Email,US,control
ORD-004060,2024-05-10,CUST-01949,cust-01949@lumenmail.com,Lighting,2,22.8,0.0,Email,US,
ORD-009595,2024-04-11,CUST-02659,cust-02659@lumenmail.com,Furniture,2,80.98,0.0,Paid Search,UK,control
ORD-007369,01/02/2024,CUST-00375,cust-00375@lumenmail.com,Décor,3,80.02,0.0,Organic,US,
ORD-004899,2024-10-17,CUST-01609,cust-01609@lumenmail.com,Accessories,2,72.85,0.1,Paid Search,AU,
ORD-002529,02/04/2024,CUST-01632,cust-01632@lumenmail.com,Furniture,1,77.13,0.05,Social,US,
ORD-005215,2024-08-24,CUST-00834,cust-00834@lumenmail.com,Lightng,3,187.31,0.1,Email,US,
ORD-001328,2024-02-27,CUST-00515,cust-00515@lumenmail.com,Décor,1,31.33,0.1,,UK,
ORD-001647,16/02/2024,CUST-02506,cust-02506@lumenmail.com,Lighting,1,7.36,0.15,Email,US,
ORD-002705,2024-08-15,CUST-00641,cust-00641@lumenmail.com,Décor,4,367.92,0.0,Organic,AU,variant
ORD-007888,2024-10-22,CUST-00865,cust-00865@lumenmail.com,Décor,1,97.42,0.05,Paid Search,US,variant
ORD-009189,2023-10-14,CUST-00420,cust-00420@lumenmail.com,Lighting,2,22.45,0.0,Paid Search,US,
ORD-008908,2023-07-24,CUST-02353,cust-02353@lumenmail.com,Décor,6,212.67,0.0,Email,US,
ORD-008843,04/08/2023,CUST-01807,cust-01807@lumenmail.com,Lighting,6,31.22,0.1,Email,CA,
ORD-002953,2023-12-27,CUST-02504,cust-02504@lumenmail.com,Lighting,1,101.18,0.0,Paid Search,US,variant
ORD-005939,2023-08-18,CUST-00928,cust-00928@lumenmail.com,Outdoor,2,45.24,0.15,Paid Search,US,
ORD-000483,2023-08-02,,guest@lumenmail.com,Accessories,1,33.62,0.15,Paid Search,US,variant
ORD-008367,2023-11-05,CUST-00492,cust-00492@lumenmail.com,Lighting,5,40.31,0.0,Paid Search,AU,
ORD-005912,03/12/2023,CUST-02955,cust-02955@lumenmail.com,Lighting,2,48.11,0.0,Email,CA,variant
ORD-000465,2024-05-19,CUST-01125,cust-01125@lumenmail.com,Décor,2,564.01,0.05,Organic,US,
ORD-000046,2024-12-17,CUST-01536,cust-01536@lumenmail.com,Furniture,2,18.99,0.0,Organic,AU,control
ORD-004618,2024-02-01,CUST-02957,cust-02957@lumenmail.com,Furniture,1,72.26,0.1,Organic,US,
ORD-005079,2023-06-06,CUST-02977,cust-02977@lumenmail.com,Lighting,1,298.76,0.15,Organic,US,
ORD-008448,2024-03-13,CUST-01933,cust-01933@lumenmail.com,Outdoor,2,66.46,0.15,Paid Search,UK,
ORD-003997,2023-10-25,CUST-02045,cust-02045@lumenmail.com,Lighting,3,8.8,0.1,Paid Search,US,variant
ORD-005867,2024-06-08,CUST-01618,cust-01618@lumenmail.com,Lighting,1,49.44,0.0,Organic,US,variant
ORD-001250,2023-09-27,CUST-01942,cust-01942@lumenmail.com,Lighting,4,45.28,0.15,Paid Search,US,
ORD-007531,2024-07-08,CUST-01429,cust-01429@lumenmail.com,Furniture,1,167.14,0.0,Email,UK,variant
ORD-003965,2024-04-18,CUST-02764,cust-02764@lumenmail.com,Outdoor,1,27.71,0.05,Email,US,control
ORD-004969,2024-06-20,CUST-02295,cust-02295@lumenmail.com,Décor,1,24.1,0.0,Organic,US,
ORD-004767,2023-09-08,CUST-00297,cust-00297@lumenmail.com,Accessories,1,81.4,10.0,,US,variant
ORD-005477,2024-11-26,CUST-01557,cust-01557@lumenmail.com,Outdoor,1,58.69,0.0,Email,CA,control
ORD-002649,2024-10-13,CUST-02832,cust-02832@lumenmail.com,Décor,2,398.34,0.1,Paid Search,UK,variant
ORD-008721,2024-10-04,,guest@lumenmail.com,Lighting,3,219.15,0.0,Email,UK,
ORD-009280,2024-06-20,CUST-01146,cust-01146@lumenmail.com,lighting,1,14.42,0.0,Paid Search,US,control
ORD-002371,06/11/2024,CUST-02467,cust-02467@lumenmail.com,Décor,2,273.99,0.0,Organic,US,variant
ORD-002720,19/06/2024,CUST-01083,cust-01083@lumenmail.com,Outdoor,2,83.9,0.0,Paid Search,CA,
ORD-005713,2023-12-06,CUST-00063,cust-00063@lumenmail.com,Lighting,7,24.31,0.1,Paid Search,US,control
ORD-001245,2024-12-16,CUST-01376,cust-01376@lumenmail.com,Furniture,1,206.3,0.0,Social,US,
ORD-004557,2024-07-13,CUST-01169,cust-01169@lumenmail.com,Outdoor,1,129.29,0.0,Email,CA,
ORD-003006,2023-10-12,CUST-02755,cust-02755@lumenmail.com,Furniture,2,71.46,0.0,Paid Search,US,variant
ORD-009432,2024-08-26,CUST-02593,cust-02593@lumenmail.com,Accessories,2,71.87,0.15,Social,US,
ORD-007245,2023-11-03,CUST-00202,cust-00202@lumenmail.com,Lighting,1,45.23,0.05,Paid Search,US,variant
ORD-007129,2024-10-23,CUST-02988,cust-02988@lumenmail.com,Lighting,1,15.74,0.05,Organic,US,variant
ORD-008451,2023-06-07,CUST-01014,cust-01014@lumenmail.com,Furniture,2,25.73,0.1,Email,US,control
ORD-000586,2024-08-02,CUST-00771,cust-00771@lumenmail.com,Outdoor,1,42.26,0.0,Email,US,
ORD-002060,2023-09-15,CUST-00277,cust-00277@lumenmail.com,Décor,1,121.6,0.1,Email,US,variant
ORD-008175,2024-03-22,CUST-01781,cust-01781@lumenmail.com,Outdoor,2,39.6,0.1,Email,CA,variant
ORD-008920,2024-10-01,,guest@lumenmail.com,Outdoor,1,197.3,0.1,Organic,ZZ,variant
ORD-001918,30/07/2023,CUST-02948,cust-02948@lumenmail.com,Accessories,3,353.53,0.0,Organic,US,
ORD-007338,2024-11-06,CUST-01992,cust-01992@lumenmail.com,Lighting,1,87.26,0.0,Paid Search,US,
ORD-008815,2024-05-05,CUST-02609,cust-02609@lumenmail.com,Furniture,1,49.14,0.15,Email,US,variant
ORD-008480,2023-12-28,CUST-00941,cust-00941@lumenmail.com,Accessories,1,43.97,0.0,Paid Search,US,
ORD-000952,25/06/2024,CUST-00891,cust-00891@lumenmail.com,Lighting,1,45.19,0.0,Email,US,
ORD-005221,2024-05-05,CUST-00043,cust-00043@lumenmail.com,Décor,1,93.05,0.0,Organic,US,
ORD-004045,2023-10-30,CUST-02557,cust-02557@lumenmail.com,Lighting,1,7.68,0.05,Organic,ZZ,variant
ORD-007137,2024-02-27,CUST-01201,cust-01201@lumenmail.com,Lighting,1,98.64,0.05,Paid Search,AU,control
ORD-001868,2023-11-13,CUST-02734,cust-02734@lumenmail.com,Furniture,1,73.96,0.0,Organic,US,control
ORD-005258,18/09/2023,CUST-01518,cust-01518@lumenmail.com,Accessories,1,41.51,10.0,Organic,US,control
ORD-007312,08/08/2023,CUST-00715,cust-00715@lumenmail.com,lighting,6,25.15,0.0,Organic,ZZ,
ORD-007793,2024-11-23,CUST-00585,cust-00585@lumenmail.com,Furniture,1,100.16,0.0,Organic,CA,control
ORD-008082,2023-11-18,CUST-00083,cust-00083@lumenmail.com,Décor,1,28.8,0.05,Paid Search,US,control
ORD-008354,2024-06-09,CUST-02956,cust-02956@lumenmail.com,Furniture,2,153.48,0.1,Organic,UK,
ORD-008217,2024-11-24,CUST-02528,cust-02528@lumenmail.com,Décor,1,87.53,0.05,Email,US,control
ORD-002979,02/05/2024,CUST-00736,cust-00736@lumenmail.com,Décor,1,79.61,0.0,Email,CA,
ORD-002923,2024-09-30,CUST-02596,cust-02596@lumenmail.com,lighting,2,313.22,0.05,Organic,US,
ORD-002683,2024-11-07,,guest@lumenmail.com,Lighting,2,155.99,0.0,Email,US,control
ORD-008316,2024-01-13,CUST-02182,cust-02182@lumenmail.com,Accessories,1,100.88,0.0,Paid Search,UK,control
ORD-005270,2023-11-10,CUST-02768,cust-02768@lumenmail.com,Lighting,1,318.33,0.2,Paid Search,US,variant
ORD-008539,07/08/2024,,guest@lumenmail.com,Décor,4,128.65,0.0,Organic,US,
ORD-005850,2023-09-10,CUST-01679,cust-01679@lumenmail.com,Lighting,1,792.0,0.1,Organic,US,
ORD-008048,2024-01-13,CUST-01877,cust-01877@lumenmail.com,Lighting,2,363.0,0.0,Email,US,variant
ORD-008181,2023-12-02,CUST-02987,cust-02987@lumenmail.com,Furniture,2,19.27,0.1,Paid Search,UK,variant
ORD-006195,2023-06-01,CUST-02527,cust-02527@lumenmail.com,Décor,3,88.67,0.25,Organic,US,control
ORD-008276,2023-06-30,CUST-02020,cust-02020@lumenmail.com,Décor,1,181.0,0.0,Email,AU,control
ORD-005871,2024-04-21,CUST-02421,cust-02421@lumenmail.com,Furniture,1,95.4,0.25,Social,UK,control
ORD-009166,2024-01-20,CUST-01169,cust-01169@lumenmail.com,Furniture,2,88.39,0.2,Paid Search,US,variant
ORD-001244,15/07/2023,,guest@lumenmail.com,Décor,2,44.37,0.2,Paid Search,US,
ORD-008936,2023-09-03,CUST-00796,cust-00796@lumenmail.com,Lighting,1,14.48,0.05,Paid Search,CA,
ORD-009575,2024-06-23,CUST-02627,cust-02627@lumenmail.com,Décor,7,0.0,0.0,Email,US,
ORD-003777,2024-04-21,CUST-02696,cust-02696@lumenmail.com,Accessories,2,28.21,0.0,Organic,US,variant
ORD-002443,2024-11-08,CUST-00529,cust-00529@lumenmail.com,Décor,3,20.83,0.0,Organic,UK,control
ORD-003062,2023-11-26,CUST-00443,cust-00443@lumenmail.com,Furniture,2,13.23,0.0,Paid Search,UK,
ORD-009249,25/09/2023,CUST-00970,cust-00970@lumenmail.com,Furniture,1,14.84,0.05,Paid Search,US,control
ORD-002031,2024-09-19,CUST-00386,cust-00386@lumenmail.com,Décor,1,31.15,0.15,Organic,US,variant
ORD-007974,2024-03-21,CUST-02731,cust-02731@lumenmail.com,Décor,2,281.29,0.0,,UK,control
ORD-001400,2024-12-14,CUST-02586,cust-02586@lumenmail.com,Décor,2,32.59,0.0,Social,US,control
ORD-006430,2024-07-23,CUST-02148,cust-02148@lumenmail.com,Outdoor,4,75.12,0.0,Paid Search,US,
ORD-002935,2024-05-27,CUST-00389,cust-00389@lumenmail.com,Furniture,1,49.17,0.05,Organic,US,control
ORD-000904,23/09/2024,CUST-02055,cust-02055@lumenmail.com,Outdoor,2,183.6,0.15,Email,US,
ORD-009013,2024-11-09,CUST-02093,cust-02093@lumenmail.com,Décor,1,149.93,0.0,Paid Search,CA,
ORD-004340,2024-10-02,,guest@lumenmail.com,Décor,1,49.72,0.0,Email,ZZ,control
ORD-004785,2023-07-22,CUST-00494,cust-00494@lumenmail.com,Lighting,1,156.49,0.2,Social,UK,
ORD-003597,2024-06-21,,guest@lumenmail.com,Décor,2,19.48,0.05,Paid Search,UK,
ORD-008615,2024-06-06,CUST-01561,cust-01561@lumenmail.com,Furniture,1,562.53,0.0,Email,US,
ORD-007582,20/07/2024,CUST-00260,cust-00260@lumenmail.com,Lighting,1,41.4,15.0,Email,US,control
ORD-004986,2024-02-20,CUST-01089,cust-01089@lumenmail.com,Accessories,2,110.23,0.0,Paid Search,US,control
ORD-008051,2024-04-10,CUST-01526,cust-01526@lumenmail.com,Décor,1,18.04,5.0,Paid Search,US,
ORD-000850,2023-06-04,CUST-00112,cust-00112@lumenmail.com,Lighting,1,304.21,0.0,Organic,CA,
ORD-005827,2024-09-06,CUST-00058,cust-00058@lumenmail.com,Lighting,1,34.79,10.0,Paid Search,US,control
ORD-005369,2024-02-04,,guest@lumenmail.com,Lighting,-2,91.22,0.05,,US,
ORD-000155,2024-05-10,CUST-00990,cust-00990@lumenmail.com,Outdoor,1,26.46,0.05,Email,US,
ORD-005062,2023-07-28,CUST-00279,cust-00279@lumenmail.com,Furniture,5,18.43,0.15,Social,CA,control
ORD-007282,2024-12-22,CUST-00231,cust-00231@lumenmail.com,Décor,5,62.12,0.0,Email,AU,control
ORD-005550,2023-12-02,CUST-00704,cust-00704@lumenmail.com,Lighting,2,156.7,0.1,Organic,US,variant
ORD-009417,2024-04-25,CUST-01319,cust-01319@lumenmail.com,Lighting,4,386.72,0.25,Paid Search,US,
ORD-000006,2023-11-07,CUST-00986,cust-00986@lumenmail.com,Accessories,3,197.9,0.05,Organic,US,variant
ORD-000595,2024-04-19,CUST-02701,cust-02701@lumenmail.com,Accessories,1,43.06,20.0,Paid Search,CA,
ORD-007160,01/12/2023,CUST-00733,cust-00733@lumenmail.com,Lighting,1,69.87,0.0,Email,US,control
ORD-003786,2023-11-27,CUST-02743,cust-02743@lumenmail.com,Lighting,4,76.23,0.2,Paid Search,CA,variant
ORD-008835,16/11/2023,CUST-00466,cust-00466@lumenmail.com,Furniture,2,51.74,0.15,Paid Search,US,
ORD-007839,2024-04-28,CUST-02756,cust-02756@lumenmail.com,Furniture,1,27.49,0.2,Organic,US,
ORD-008685,04/06/2023,CUST-01833,cust-01833@lumenmail.com,Décor,3,20.54,0.25,Paid Search,US,control
ORD-003041,2024-02-18,CUST-01829,cust-01829@lumenmail.com,Furniture,2,382.99,0.15,Email,US,
ORD-008512,2023-10-10,CUST-01934,cust-01934@lumenmail.com,Lighting,1,79.25,0.0,Email,US,variant
ORD-009308,2024-01-09,CUST-02071,cust-02071@lumenmail.com,Outdoor,3,35.49,0.0,Email,US,control
ORD-002118,2024-12-22,CUST-00349,cust-00349@lumenmail.com,Lighting,6,194.04,0.15,Organic,UK,variant
ORD-006666,2023-11-14,CUST-01664,cust-01664@lumenmail.com,Décor,3,428.04,0.05,Email,UK,
ORD-007778,20/10/2023,,guest@lumenmail.com,Lighting,3,129.69,0.1,Paid Search,CA,control
ORD-008137,2023-11-24,CUST-00773,cust-00773@lumenmail.com,Furniture,1,269.81,0.05,Paid Search,UK,control
ORD-008313,29/05/2024,CUST-00921,cust-00921@lumenmail.com,Furniture,7,638.1,0.0,Email,US,variant
ORD-005347,19/11/2024,,guest@lumenmail.com,Décor,2,29.87,0.0,Social,US,control
ORD-003693,2024-09-16,CUST-00056,cust-00056@lumenmail.com,Lighting,3,757.17,0.05,Email,UK,control
ORD-005590,2024-03-12,CUST-02551,cust-02551@lumenmail.com,Lighting,1,25.82,0.05,Paid Search,UK,
ORD-002012,2023-07-03,CUST-02427,cust-02427@lumenmail.com,Outdoor,3,115.53,0.2,Email,UK,control
ORD-006339,2024-10-26,CUST-00821,cust-00821@lumenmail.com,Décor,7,37.98,0.0,,US,control
ORD-000210,2024-01-31,CUST-00899,cust-00899@lumenmail.com,Lighting,3,123.71,0.05,Paid Search,US,
ORD-001568,2024-03-24,CUST-02392,cust-02392@lumenmail.com,Lighting,3,92.36,0.05,Email,US,variant
ORD-006816,10/03/2024,CUST-01394,cust-01394@lumenmail.com,Outdoor,1,19.82,0.0,Email,US,control
ORD-002197,2023-11-14,,guest@lumenmail.com,Décor,1,141.29,10.0,Organic,US,variant
ORD-007864,2024-11-28,CUST-01953,cust-01953@lumenmail.com,Accessoires,1,55.83,0.05,Organic,US,variant
ORD-008470,2023-11-28,CUST-01917,cust-01917@lumenmail.com,Lighting,2,184.85,0.05,Email,US,
ORD-001402,2024-01-20,CUST-02301,cust-02301@lumenmail.com,lighting,1,58.55,0.0,Organic,US,control
ORD-009410,2023-08-14,CUST-02078,cust-02078@lumenmail.com,Furniture,2,175.48,0.05,Social,CA,control
ORD-004977,2024-05-22,CUST-02475,cust-02475@lumenmail.com,Lighting,2,274.05,0.2,Organic,US,control
ORD-002887,2023-11-05,CUST-01332,cust-01332@lumenmail.com,Outdoor,1,84.77,0.0,Paid Search,CA,control
ORD-007960,2024-10-04,CUST-02671,cust-02671@lumenmail.com,Lighting,1,457.01,0.2,Organic,US,
ORD-006670,2024-03-10,CUST-00275,cust-00275@lumenmail.com,Outdoor,1,743.16,0.15,Social,US,variant
ORD-003831,2023-09-15,CUST-00973,cust-00973@lumenmail.com,Outdoor,1,98.03,0.05,Paid Search,UK,variant
ORD-002132,,CUST-02428,cust-02428@lumenmail.com,Lighting,2,388.41,0.15,Organic,CA,
ORD-006105,2024-07-10,CUST-01173,cust-01173@lumenmail.com,Lighting,1,333.14,0.2,Social,CA,variant
ORD-006471,2024-07-20,CUST-02330,cust-02330@lumenmail.com,Lighting,7,137.3,0.0,Organic,US,
ORD-008045,16/09/2023,CUST-00867,cust-00867@lumenmail.com,Lighting,1,41.03,0.05,Organic,US,control
ORD-007075,2024-02-25,CUST-02189,cust-02189@lumenmail.com,Outdoor,1,64.49,0.0,Organic,US,variant
ORD-008147,2023-12-17,CUST-00624,cust-00624@lumenmail.com,Lighting,-1,81.56,5.0,Email,AU,control
ORD-001833,2024-05-11,CUST-00711,cust-00711@lumenmail.com,Outdoor,3,68.42,0.0,Paid Search,US,
ORD-005102,2024-12-08,CUST-02232,cust-02232@lumenmail.com,Décor,2,32.28,0.25,Paid Search,ZZ,control
ORD-008132,2024-10-12,CUST-01205,cust-01205@lumenmail.com,Lighting,2,26.83,0.0,Email,US,control
ORD-001911,2023-08-07,CUST-01236,cust-01236@lumenmail.com,Lighting,1,172.62,0.05,Paid Search,US,
ORD-001145,2024-05-22,CUST-02449,cust-02449@lumenmail.com,Décor,1,174.24,0.0,Paid Search,UK,
ORD-000268,2024-02-27,,guest@lumenmail.com,Lighting,1,8.36,0.05,Social,CA,control
ORD-006248,2023-07-09,CUST-02605,cust-02605@lumenmail.com,Accessories,2,54.16,0.25,Paid Search,US,
ORD-006631,2023-06-22,CUST-02823,cust-02823@lumenmail.com,Lighting,2,88.2,0.0,Social,US,variant
ORD-009574,22/04/2024,CUST-01755,cust-01755@lumenmail.com,Accessories,1,55.44,0.0,Organic,US,control
ORD-000430,2024-12-17,CUST-00338,cust-00338@lumenmail.com,Lighting,2,632.69,0.0,Social,US,
ORD-001603,28/10/2023,CUST-01319,cust-01319@lumenmail.com,Outdoor,1,76.82,0.05,Email,US,
ORD-008006,2024-10-25,CUST-01481,cust-01481@lumenmail.com,Lighting,2,28.75,0.05,Organic,US,variant
ORD-009193,2023-09-15,CUST-00796,cust-00796@lumenmail.com,Lighting,4,751.6,0.15,Email,US,variant
ORD-007618,2024-06-02,CUST-01048,cust-01048@lumenmail.com,Décor,1,233.12,0.0,Paid Search,CA,
ORD-002377,2024-09-20,CUST-02841,cust-02841@lumenmail.com,Outdoor,4,326.7,0.0,Social,US,variant
ORD-007357,2024-08-30,CUST-02528,cust-02528@lumenmail.com,Furniture,1,18.05,0.0,Social,US,
ORD-000686,21/12/2023,CUST-01439,cust-01439@lumenmail.com,Furniture,1,147.72,0.15,Paid Search,UK,control
ORD-007798,2024-12-17,CUST-00989,cust-00989@lumenmail.com,lighting,4,87.15,0.0,Social,AU,variant
ORD-001612,2024-04-19,CUST-01375,cust-01375@lumenmail.com,Lighting,1,69.25,15.0,Paid Search,US,
ORD-001424,2023-11-14,CUST-01760,cust-01760@lumenmail.com,Décor,4,24.95,0.1,Organic,AU,
ORD-002223,2023-06-30,CUST-02273,cust-02273@lumenmail.com,Lighting,1,175.11,0.0,Social,US,variant
ORD-006172,2023-08-23,CUST-02779,cust-02779@lumenmail.com,Décor,1,340.41,0.0,Email,US,variant
ORD-007061,29/11/2023,CUST-01891,cust-01891@lumenmail.com,Lighting,2,262.86,0.0,Paid Search,US,control
ORD-001485,2023-07-11,CUST-01814,cust-01814@lumenmail.com,Lighting,1,22.69,0.05,Organic,UK,
ORD-006137,10/10/2023,CUST-00961,cust-00961@lumenmail.com,Furniture,2,32.64,0.15,Social,US,
ORD-007045,2023-10-22,CUST-00743,cust-00743@lumenmail.com,Décor,2,224.65,0.1,Paid Search,US,variant
ORD-002654,2023-12-15,CUST-01979,cust-01979@lumenmail.com,Lighting,3,43.89,0.05,Organic,US,
ORD-004228,2024-03-14,,guest@lumenmail.com,Décor,2,42.97,0.0,Email,UK,control
ORD-004997,2024-12-17,CUST-01590,cust-01590@lumenmail.com,Outdoor,3,25.25,0.0,Email,US,control
ORD-006610,2023-09-14,CUST-01243,cust-01243@lumenmail.com,Lighting,3,22.33,0.0,Paid Search,CA,control
ORD-003598,17/06/2024,CUST-01473,cust-01473@lumenmail.com,Furniture,-7,373.45,0.0,Paid Search,US,variant
ORD-004505,2024-08-21,CUST-01289,cust-01289@lumenmail.com,Décor,2,44.49,0.0,Organic,US,control
ORD-008694,2024-03-27,CUST-02225,cust-02225@lumenmail.com,Lighting,1,165.45,0.0,Email,US,control
ORD-008007,2024-10-28,CUST-00460,cust-00460@lumenmail.com,Furniture,2,166.49,0.0,Organic,CA,
ORD-001252,11/08/2023,CUST-00855,cust-00855@lumenmail.com,Furniture,5,55.42,0.0,Organic,US,control
ORD-007810,14/07/2024,,guest@lumenmail.com,Décor,1,26.79,15.0,Paid Search,CA,control
ORD-000101,2023-12-14,CUST-01553,cust-01553@lumenmail.com,Lighting,3,120.45,0.25,Social,CA,
ORD-009553,20/11/2024,CUST-01756,cust-01756@lumenmail.com,Décor,4,373.88,0.05,Social,CA,control
ORD-000868,2023-07-02,CUST-01451,cust-01451@lumenmail.com,Décor,2,87.84,0.0,Email,CA,
ORD-006344,07/08/2024,CUST-00676,cust-00676@lumenmail.com,Furniture,5,42.92,0.0,Email,CA,variant
ORD-007167,2024-07-22,CUST-02143,cust-02143@lumenmail.com,Furniture,4,30.64,0.0,Social,UK,variant
ORD-008610,26/08/2023,CUST-00708,cust-00708@lumenmail.com,Décor,2,23.06,0.0,,US,variant
ORD-004850,2024-08-26,CUST-02840,cust-02840@lumenmail.com,Accessoires,2,40.02,0.0,Email,US,control
ORD-007782,2023-06-18,CUST-00537,cust-00537@lumenmail.com,Décor,3,8.81,0.15,Paid Search,US,
ORD-007211,2024-08-10,CUST-00040,cust-00040@lumenmail.com,Outdoor,4,528.24,0.05,Organic,US,variant
ORD-001144,2024-11-08,CUST-00896,cust-00896@lumenmail.com,Furniture,1,93.84,0.05,Paid Search,US,variant
ORD-005765,2024-04-24,CUST-01369,cust-01369@lumenmail.com,Furniture,2,31.47,0.0,Organic,CA,
ORD-000362,2024-03-19,CUST-01657,cust-01657@lumenmail.com,Décor,3,303.8,0.15,Social,US,
ORD-000059,2023-11-15,CUST-02348,cust-02348@lumenmail.com,Décor,1,790.38,0.0,Email,US,
ORD-004672,2024-03-27,CUST-02166,cust-02166@lumenmail.com,Furniture,1,44.67,0.05,Organic,US,control
ORD-002345,2024-08-22,CUST-02531,cust-02531@lumenmail.com,Accessories,2,58.79,5.0,Organic,CA,
ORD-003920,2024-11-30,CUST-00294,cust-00294@lumenmail.com,Accessories,2,27.64,0.0,Paid Search,US,
ORD-008110,05/04/2024,CUST-02181,cust-02181@lumenmail.com,Lighting,2,50.41,0.05,Social,US,variant
ORD-006017,2024-11-24,CUST-02643,cust-02643@lumenmail.com,Furniture,3,5.4,15.0,Social,US,
ORD-001213,2023-11-22,CUST-00101,cust-00101@lumenmail.com,Furniture,1,152.58,0.0,Email,US,variant
ORD-008858,2023-09-20,CUST-01124,cust-01124@lumenmail.com,Lighting,-2,119.87,0.0,Paid Search,ZZ,
ORD-002471,2024-03-05,,guest@lumenmail.com,Furniture,2,96.09,0.2,Email,CA,variant
ORD-001913,2024-07-19,CUST-00880,cust-00880@lumenmail.com,Lighting,2,13.94,0.0,Paid Search,US,
ORD-005349,2024-12-13,CUST-01739,cust-01739@lumenmail.com,Outdoor,1,30.0,0.0,Paid Search,UK,control
ORD-008491,2023-11-01,CUST-02927,cust-02927@lumenmail.com,Lighting,4,35.72,0.15,Email,CA,
ORD-002347,2024-04-13,CUST-02221,cust-02221@lumenmail.com,Outdoor,2,57.97,0.0,Email,US,
ORD-002732,2024-12-03,CUST-00790,cust-00790@lumenmail.com,Lighting,1,50.39,0.2,Social,US,control
ORD-000198,2024-04-23,CUST-01845,cust-01845@lumenmail.com,Lighting,2,119.03,0.25,Organic,US,
ORD-006568,26/05/2024,CUST-00975,cust-00975@lumenmail.com,Outdoor,2,68.49,0.1,Paid Search,US,
ORD-001073,2024-12-23,CUST-01833,cust-01833@lumenmail.com,Furniture,1,22.88,0.0,Organic,CA,
ORD-007911,2023-06-06,CUST-02261,cust-02261@lumenmail.com,Décor,4,28.82,0.1,Paid Search,US,variant
ORD-001981,2024-06-23,CUST-01581,cust-01581@lumenmail.com,Décor,5,42.17,20.0,Email,US,
ORD-004512,2024-11-06,CUST-02383,cust-02383@lumenmail.com,Décor,1,190.61,0.05,Social,UK,variant
ORD-006384,2024-08-23,CUST-00837,cust-00837@lumenmail.com,Lighting,6,514.35,0.1,Social,US,control
ORD-005935,2024-06-18,CUST-00364,cust-00364@lumenmail.com,Décor,1,20.1,0.05,Organic,US,control
ORD-004377,2023-09-08,CUST-02777,cust-02777@lumenmail.com,Décor,1,9.43,0.0,Email,CA,
ORD-004096,2024-08-06,CUST-02304,cust-02304@lumenmail.com,Décor,1,207.4,0.0,Organic,US,variant
ORD-009219,2024-01-26,CUST-00720,cust-00720@lumenmail.com,Furniture,2,743.66,0.05,Email,ZZ,
ORD-008613,01/03/2024,CUST-00137,cust-00137@lumenmail.com,Lighting,2,58.29,0.0,Email,US,
ORD-006413,2023-11-28,CUST-02572,cust-02572@lumenmail.com,Outdoor,1,195.69,0.0,Email,US,variant
ORD-009283,2024-03-15,CUST-02342,cust-02342@lumenmail.com,Lighting,1,198.02,0.0,Paid Search,US,variant
ORD-002645,2024-08-17,CUST-01325,cust-01325@lumenmail.com,Furniture,6,53.24,0.0,Organic,AU,control
ORD-000830,2023-09-24,,guest@lumenmail.com,Furniture,1,96.55,0.0,Email,US,
ORD-000143,02/06/2024,CUST-01412,cust-01412@lumenmail.com,Furniture,7,98.66,0.0,Organic,US,
ORD-000564,2024-02-16,CUST-00930,cust-00930@lumenmail.com,Décor,1,72.24,0.15,Paid Search,UK,
ORD-007571,2024-12-22,CUST-00060,cust-00060@lumenmail.com,Outdoor,5,85.5,0.0,Email,US,control
ORD-005109,03/07/2024,CUST-01699,cust-01699@lumenmail.com,Furniture,4,71.39,0.25,Organic,US,
ORD-005307,2023-09-30,CUST-01518,cust-01518@lumenmail.com,Lighting,1,25.39,0.05,Paid Search,CA,
ORD-000580,22/06/2024,CUST-02584,cust-02584@lumenmail.com,Lighting,2,155.61,0.05,Organic,CA,
ORD-008317,2024-04-25,CUST-00209,cust-00209@lumenmail.com,Lighting,2,31.03,15.0,Paid Search,US,control
ORD-004537,2024-08-12,CUST-00029,cust-00029@lumenmail.com,Outdoor,2,374.1,0.0,Email,UK,variant
ORD-007294,05/10/2023,CUST-01770,cust-01770@lumenmail.com,Outdoor,1,57.43,0.15,Paid Search,UK,
ORD-005978,2023-06-22,CUST-02570,cust-02570@lumenmail.com,Accessories,1,31.87,0.0,Paid Search,AU,control
ORD-000951,2024-06-04,CUST-01566,cust-01566@lumenmail.com,Décor,3,365.22,0.2,Social,AU,
ORD-007984,2023-11-30,CUST-01414,cust-01414@lumenmail.com,Décor,2,78.68,0.0,Paid Search,UK,variant
ORD-006526,2023-10-30,CUST-00513,cust-00513@lumenmail.com,Accessories,1,81.71,0.0,Email,US,variant
ORD-008746,2024-12-01,,guest@lumenmail.com,lighting,1,609.59,0.0,Organic,UK,
ORD-006838,2024-12-14,CUST-00544,cust-00544@lumenmail.com,Furniture,1,9.31,0.0,Email,US,
ORD-002650,2023-06-10,CUST-01458,cust-01458@lumenmail.com,Lighting,3,150.34,0.1,Email,US,
ORD-000594,2024-05-24,,guest@lumenmail.com,Outdoor,3,13.75,0.05,Email,US,
ORD-001790,2024-10-27,CUST-01324,cust-01324@lumenmail.com,Outdoor,1,22.82,0.1,Paid Search,US,control
ORD-007474,27/06/2024,CUST-02700,cust-02700@lumenmail.com,Accessories,1,60.27,0.0,Organic,US,
ORD-000468,2024-05-26,CUST-00345,cust-00345@lumenmail.com,Accessories,1,182.3,0.0,Social,UK,variant
ORD-003258,2023-10-02,CUST-02882,cust-02882@lumenmail.com,Furniture,5,170.45,0.0,Email,CA,
ORD-005946,2023-06-02,,guest@lumenmail.com,Décor,3,69.11,0.0,Organic,US,variant
ORD-008284,2023-08-03,CUST-02775,cust-02775@lumenmail.com,Lighting,1,75.57,0.0,Organic,ZZ,
ORD-006851,2023-07-07,CUST-02038,cust-02038@lumenmail.com,Lighting,1,52.46,0.1,Email,UK,variant
ORD-007557,2024-08-17,CUST-01103,cust-01103@lumenmail.com,Lighting,1,74.18,0.0,Organic,US,variant
ORD-008868,2024-02-09,CUST-02817,cust-02817@lumenmail.com,Lighting,1,48.63,0.05,Email,US,variant
ORD-008379,2024-08-31,CUST-01525,cust-01525@lumenmail.com,Furniture,2,94.33,0.0,Email,CA,control
ORD-008911,2024-07-16,CUST-00974,cust-00974@lumenmail.com,Lighting,1,149.86,0.0,Paid Search,US,control
ORD-004021,2024-08-15,CUST-01880,cust-01880@lumenmail.com,Furniture,2,26.11,0.05,Paid Search,US,control
ORD-001426,2023-06-23,CUST-02514,cust-02514@lumenmail.com,Outdoor,3,145.4,0.0,Paid Search,US,variant
ORD-008457,2024-02-21,CUST-02074,cust-02074@lumenmail.com,Furniture,3,191.34,0.2,Organic,US,
ORD-003870,2023-08-04,CUST-00434,cust-00434@lumenmail.com,Lighting,1,41.02,0.0,Email,AU,variant
ORD-002826,2023-11-20,CUST-00760,cust-00760@lumenmail.com,Décor,2,6.0,0.0,Social,CA,control
ORD-000863,2024-12-03,CUST-02512,cust-02512@lumenmail.com,Furniture,1,49.19,0.0,Email,US,control
ORD-002500,2023-07-16,CUST-02874,cust-02874@lumenmail.com,Lighting,3,41.26,0.2,Paid Search,US,variant
ORD-000993,2024-01-01,,guest@lumenmail.com,Lighting,3,290.56,5.0,Organic,UK,
ORD-001686,2023-10-28,CUST-02272,cust-02272@lumenmail.com,Décor,2,5.52,0.0,Paid Search,US,variant
ORD-003534,2024-07-18,CUST-01590,cust-01590@lumenmail.com,Lighting,2,140.48,0.0,Email,US,control
ORD-009376,05/05/2024,CUST-01447,cust-01447@lumenmail.com,Outdoor,1,176.6,0.1,Email,US,variant
ORD-009037,01/11/2024,,guest@lumenmail.com,Décor,2,58.05,5.0,Email,US,control
ORD-001356,2024-06-10,,guest@lumenmail.com,Furniture,1,158.87,0.05,Social,UK,variant
ORD-000051,2024-10-04,CUST-01486,cust-01486@lumenmail.com,Accessories,1,59.45,0.1,Email,US,control
ORD-000386,2024-03-15,CUST-02324,cust-02324@lumenmail.com,Décor,3,187.54,0.1,Email,US,
ORD-000542,2023-10-26,CUST-01177,cust-01177@lumenmail.com,Décor,-1,70.83,0.25,Organic,AU,control
ORD-003203,17/04/2024,CUST-00826,cust-00826@lumenmail.com,Furniture,1,53.89,0.2,Email,US,control
ORD-009192,2024-12-05,CUST-02017,cust-02017@lumenmail.com,Lighting,5,65.2,0.0,Social,US,control
ORD-008527,2024-02-16,CUST-00679,cust-00679@lumenmail.com,Lighting,1,326.63,0.0,Paid Search,CA,variant
ORD-001198,2024-01-03,CUST-02697,cust-02697@lumenmail.com,Décor,5,124.05,0.05,Paid Search,UK,
ORD-003935,2024-11-17,CUST-02295,cust-02295@lumenmail.com,Décor,1,81.22,0.0,Organic,US,variant
ORD-009469,2024-09-26,,guest@lumenmail.com,Furniture,3,311.52,0.1,Paid Search,US,control
ORD-006543,2024-01-19,CUST-01849,cust-01849@lumenmail.com,Accessories,5,117.66,0.0,Email,US,variant
ORD-000841,2024-06-27,CUST-00572,cust-00572@lumenmail.com,Décor,3,395.12,0.1,Paid Search,US,variant
ORD-004324,04/05/2024,CUST-02920,cust-02920@lumenmail.com,Furniture,1,60.29,0.15,Paid Search,US,variant
ORD-004634,2024-07-05,CUST-02411,cust-02411@lumenmail.com,Furniture,2,92.72,0.0,Social,AU,control
ORD-001256,2023-06-20,CUST-01425,cust-01425@lumenmail.com,Outdoor,1,28.6,0.0,Email,US,control
ORD-001053,2024-08-12,CUST-01376,cust-01376@lumenmail.com,Lighting,2,33.34,0.05,Paid Search,US,control
ORD-001891,2023-08-14,CUST-02934,cust-02934@lumenmail.com,Décor,2,265.79,0.0,Organic,US,
ORD-007589,2024-05-04,CUST-01619,cust-01619@lumenmail.com,Décor,1,59.68,0.0,Paid Search,ZZ,control
ORD-009056,2024-08-14,CUST-02815,cust-02815@lumenmail.com,Décor,1,18.67,0.05,Email,CA,variant
ORD-006389,2024-07-07,CUST-02597,cust-02597@lumenmail.com,Outdoor,2,43.76,0.05,Social,US,variant
ORD-000703,2024-11-17,CUST-01675,cust-01675@lumenmail.com,Lighting,1,71.32,0.25,Paid Search,US,control
ORD-008808,2024-12-25,,guest@lumenmail.com,Décor,2,35.76,0.0,Email,US,
ORD-004089,29/02/2024,CUST-01169,cust-01169@lumenmail.com,Décor,3,26.63,0.15,Organic,ZZ,control
ORD-008176,2024-12-22,CUST-00128,cust-00128@lumenmail.com,Furniture,1,6.4,0.0,Email,CA,control
ORD-006476,22/10/2024,CUST-01506,cust-01506@lumenmail.com,Accessories,1,33.16,0.0,Organic,AU,control
ORD-001857,2024-03-31,CUST-02835,cust-02835@lumenmail.com,Outdoor,3,148.16,0.05,Organic,US,control
ORD-006085,14/10/2024,CUST-00378,cust-00378@lumenmail.com,Lighting,1,631.46,0.0,Organic,US,control
ORD-007826,2023-09-12,,guest@lumenmail.com,Décor,2,494.59,0.0,Organic,ZZ,
ORD-003548,10/08/2023,CUST-00780,cust-00780@lumenmail.com,Furniture,3,16.21,0.05,Social,US,control
ORD-002081,13/01/2024,,guest@lumenmail.com,Lighting,1,90.84,0.05,Email,US,
ORD-006115,2024-09-16,CUST-01445,cust-01445@lumenmail.com,Lighting,2,664.66,0.15,Organic,US,
ORD-003529,2024-12-16,CUST-00727,cust-00727@lumenmail.com,Lighting,5,34.14,0.2,Organic,US,
ORD-007055,2024-06-11,CUST-01275,cust-01275@lumenmail.com,Furniture,4,186.73,0.0,Paid Search,US,variant
ORD-008097,22/06/2024,CUST-02746,cust-02746@lumenmail.com,Furniture,4,191.12,0.0,Organic,US,variant
ORD-008665,2024-08-07,CUST-00150,cust-00150@lumenmail.com,Décor,1,62.94,0.0,Organic,US,variant
ORD-004764,2024-09-13,CUST-02918,cust-02918@lumenmail.com,Lighting,1,29.38,0.15,Social,US,
ORD-009160,2024-07-11,CUST-00544,cust-00544@lumenmail.com,Décor,1,17.01,0.1,Paid Search,US,
ORD-007247,2023-08-12,CUST-02545,cust-02545@lumenmail.com,Décor,3,109.84,0.15,Organic,ZZ,control
ORD-002545,2024-10-26,CUST-00126,cust-00126@lumenmail.com,Décor,5,48.46,0.15,Social,CA,variant
ORD-002233,2024-07-05,CUST-01367,cust-01367@lumenmail.com,Lighting,1,65.13,0.15,Paid Search,UK,
ORD-005095,2024-12-28,CUST-01440,cust-01440@lumenmail.com,Lighting,3,52.41,0.0,Email,US,control
ORD-007821,2024-01-26,CUST-02853,cust-02853@lumenmail.com,Outdoor,2,257.56,0.05,Organic,US,
ORD-005818,13/08/2024,CUST-02675,cust-02675@lumenmail.com,Décor,2,122.63,0.1,Paid Search,ZZ,
ORD-000240,2023-12-18,CUST-01045,cust-01045@lumenmail.com,Lighting,1,138.85,0.15,Organic,UK,
ORD-002523,06/02/2024,CUST-02433,cust-02433@lumenmail.com,Décor,1,11.03,5.0,Paid Search,US,control
ORD-005312,2023-07-17,CUST-00170,cust-00170@lumenmail.com,Lighting,2,38.81,0.2,Paid Search,UK,control
ORD-007258,2023-08-16,CUST-00298,cust-00298@lumenmail.com,Lighting,1,196.27,0.0,Organic,US,
ORD-008546,2023-10-18,CUST-02788,cust-02788@lumenmail.com,Lighting,1,5.22,0.0,Organic,US,control
ORD-003724,2024-06-03,CUST-01072,cust-01072@lumenmail.com,Décor,1,126.98,0.0,Email,US,
ORD-001228,2024-02-23,CUST-02887,cust-02887@lumenmail.com,Outdoor,5,63.46,0.0,Social,US,
ORD-004683,2024-12-19,CUST-00065,cust-00065@lumenmail.com,Accessories,4,39.08,0.0,Social,US,variant
ORD-009404,2024-06-08,CUST-00416,cust-00416@lumenmail.com,lighting,5,141.67,0.1,Email,US,
ORD-006727,2023-06-13,CUST-00530,cust-00530@lumenmail.com,Décor,1,231.87,0.0,,US,
ORD-005377,02/12/2024,CUST-00309,cust-00309@lumenmail.com,Lighting,1,109.09,0.05,Email,US,
ORD-000259,2024-08-25,CUST-00945,cust-00945@lumenmail.com,Décor,1,5.34,0.05,Paid Search,US,
ORD-003662,2023-10-29,CUST-02555,cust-02555@lumenmail.com,Furniture,3,43.34,0.05,Email,US,
ORD-007721,2023-06-30,CUST-01248,cust-01248@lumenmail.com,Furniture,4,317.25,0.0,Organic,US,
ORD-006239,2023-11-18,CUST-02291,cust-02291@lumenmail.com,Furniture,1,22.67,0.05,Social,US,
ORD-004863,2024-09-18,CUST-01756,cust-01756@lumenmail.com,Décor,2,58.89,0.0,Email,US,
ORD-003912,2023-06-09,CUST-01751,cust-01751@lumenmail.com,Accessories,5,107.08,0.1,Paid Search,CA,
ORD-000263,2024-12-04,CUST-00659,cust-00659@lumenmail.com,Outdoor,-1,15.78,0.05,Organic,US,
ORD-002335,2024-07-28,CUST-00469,cust-00469@lumenmail.com,Furniture,3,76.62,0.0,Email,US,variant
ORD-007179,,CUST-00118,cust-00118@lumenmail.com,Furniture,1,50.8,0.1,Paid Search,UK,
ORD-004676,2024-03-30,CUST-02701,cust-02701@lumenmail.com,Décor,1,91.65,0.0,Email,US,variant
ORD-002399,2023-09-02,CUST-02050,cust-02050@lumenmail.com,Décor,5,32.37,0.2,Paid Search,US,
ORD-008587,2023-07-13,CUST-00242,cust-00242@lumenmail.com,Lighting,2,61.7,0.0,Paid Search,AU,
ORD-001415,2024-06-01,CUST-00115,cust-00115@lumenmail.com,Outdoor,1,330.66,0.0,Social,UK,variant
ORD-006255,2023-09-29,CUST-02225,cust-02225@lumenmail.com,Décor,1,6.13,0.05,Social,CA,variant
ORD-002185,2024-01-21,CUST-01342,cust-01342@lumenmail.com,Furniture,1,99.96,0.0,Social,US,
ORD-002955,26/02/2024,CUST-01652,cust-01652@lumenmail.com,Lighting,6,25.17,15.0,Paid Search,UK,
ORD-003970,2024-08-11,CUST-02829,cust-02829@lumenmail.com,Furniture,1,282.83,0.0,,US,
ORD-006412,2024-05-19,CUST-02492,cust-02492@lumenmail.com,Décor,2,15.51,10.0,Paid Search,US,
ORD-006970,2024-04-06,CUST-00907,cust-00907@lumenmail.com,Lighting,1,44.36,0.25,Social,UK,variant
ORD-008094,2024-09-08,CUST-00704,cust-00704@lumenmail.com,Lighting,4,191.23,0.0,Organic,US,
ORD-003108,2024-11-18,CUST-01829,cust-01829@lumenmail.com,Furniture,2,26.27,0.0,Paid Search,UK,
ORD-000642,2023-11-16,CUST-01115,cust-01115@lumenmail.com,Furniture,3,78.51,5.0,Organic,CA,control
ORD-007776,2024-12-29,CUST-01292,cust-01292@lumenmail.com,Outdoor,1,151.34,0.1,Paid Search,US,variant
ORD-002080,2024-03-25,CUST-02763,cust-02763@lumenmail.com,Outdoor,3,393.16,0.0,,US,
ORD-002147,21/09/2023,,guest@lumenmail.com,Furniture,1,10.99,0.0,Paid Search,UK,
ORD-008259,2024-08-07,CUST-00284,cust-00284@lumenmail.com,Furniture,3,29.8,0.0,Organic,US,variant
ORD-006380,2023-12-19,,guest@lumenmail.com,Lighting,2,55.62,0.0,Email,US,
ORD-006873,2024-08-23,,guest@lumenmail.com,Décor,2,30.23,0.0,Organic,US,control
ORD-000244,2023-12-05,CUST-00899,cust-00899@lumenmail.com,Furniture,2,31.55,0.15,Paid Search,CA,variant
ORD-003325,26/06/2023,CUST-01205,cust-01205@lumenmail.com,Furniture,2,584.26,0.05,Paid Search,UK,variant
ORD-001002,19/06/2024,CUST-01131,cust-01131@lumenmail.com,Décor,3,22.01,0.15,Paid Search,US,control
ORD-009566,2024-03-28,CUST-01048,cust-01048@lumenmail.com,Lighting,2,38.5,0.1,Email,US,variant
ORD-005223,2023-12-28,,guest@lumenmail.com,Furniture,2,177.68,0.0,Social,UK,control
ORD-006503,2024-12-09,CUST-01370,cust-01370@lumenmail.com,Décor,1,69.15,0.05,Paid Search,CA,control
ORD-000513,2023-08-12,,guest@lumenmail.com,Outdoor,2,134.14,0.1,Organic,UK,variant
ORD-002179,2024-12-10,,guest@lumenmail.com,Accessories,2,180.37,0.0,Paid Search,UK,control
ORD-009145,2023-11-22,CUST-01434,cust-01434@lumenmail.com,Décor,1,60.82,0.2,Paid Search,US,control
ORD-004518,2024-06-05,CUST-01427,cust-01427@lumenmail.com,Furniture,2,108.5,0.05,,US,
ORD-009254,2023-08-28,CUST-02499,cust-02499@lumenmail.com,Lighting,1,318.99,5.0,Organic,UK,variant
ORD-002112,2024-08-29,CUST-02291,cust-02291@lumenmail.com,Décor,3,0.0,25.0,Email,UK,control
ORD-006338,2024-02-13,CUST-02649,cust-02649@lumenmail.com,Décor,5,541.73,0.1,Email,US,control
ORD-001111,2024-07-16,CUST-02842,cust-02842@lumenmail.com,Lighting,2,10.09,0.05,Paid Search,US,
ORD-005368,2024-06-17,CUST-01896,cust-01896@lumenmail.com,Lighting,3,22.9,0.0,Organic,US,
ORD-002403,2024-12-10,CUST-01508,cust-01508@lumenmail.com,Accessories,1,190.73,0.0,Paid Search,UK,
ORD-003615,05/02/2024,CUST-01310,cust-01310@lumenmail.com,Furniture,7,98.07,0.05,Email,US,
ORD-008090,2024-05-18,CUST-02439,cust-02439@lumenmail.com,Lighting,3,93.85,0.0,Social,UK,variant
ORD-000893,2024-12-20,CUST-01380,cust-01380@lumenmail.com,Décor,1,7.95,0.15,Social,CA,
ORD-004706,2023-08-13,CUST-00271,cust-00271@lumenmail.com,Lighting,3,152.13,0.0,Paid Search,US,
ORD-000379,2024-11-08,CUST-01262,cust-01262@lumenmail.com,Décor,1,23.55,0.1,Paid Search,UK,variant
ORD-006001,2023-08-26,CUST-02835,cust-02835@lumenmail.com,Décor,3,84.84,0.2,Paid Search,UK,
ORD-001984,2024-02-28,CUST-00248,cust-00248@lumenmail.com,Furniture,2,19.74,0.05,Email,US,variant
ORD-004182,2024-08-12,CUST-00180,cust-00180@lumenmail.com,Furniture,2,15.42,0.0,Email,US,variant
ORD-001199,2023-11-27,CUST-01127,cust-01127@lumenmail.com,Outdoor,2,106.49,0.0,Email,US,variant
ORD-004269,2024-09-22,CUST-00449,cust-00449@lumenmail.com,Décor,5,39.68,0.0,Social,US,variant
ORD-006748,2023-10-07,CUST-02857,cust-02857@lumenmail.com,Décor,1,11.92,0.0,Email,US,
ORD-009199,2024-03-11,CUST-01126,cust-01126@lumenmail.com,Furniture,1,70.88,0.1,,US,control
ORD-000764,2024-01-20,CUST-00752,cust-00752@lumenmail.com,Lighting,2,123.63,0.0,Social,US,
ORD-005439,09/08/2024,CUST-00421,cust-00421@lumenmail.com,Décor,1,202.35,0.05,Paid Search,US,control
ORD-009174,2023-11-15,CUST-00854,cust-00854@lumenmail.com,Accessories,2,129.46,0.1,Organic,CA,variant
ORD-005712,2024-03-05,CUST-00944,cust-00944@lumenmail.com,Décor,7,241.44,0.2,Organic,US,control
ORD-008756,2024-05-05,CUST-02643,cust-02643@lumenmail.com,Décor,4,37.12,0.0,Email,CA,
ORD-002898,2024-05-09,CUST-00373,cust-00373@lumenmail.com,Décor,2,59.83,0.0,Organic,US,
ORD-002025,27/04/2024,CUST-01318,cust-01318@lumenmail.com,Décor,1,104.91,0.0,Organic,US,variant
ORD-003302,2024-02-11,CUST-01043,cust-01043@lumenmail.com,Outdoor,3,15.32,0.0,Paid Search,US,variant
ORD-001564,2023-10-29,CUST-01914,cust-01914@lumenmail.com,Décor,2,5.74,0.1,Email,US,control
ORD-002675,2024-01-31,CUST-02861,cust-02861@lumenmail.com,Outdoor,4,44.34,0.1,Paid Search,US,variant
ORD-007562,2023-07-02,CUST-01696,cust-01696@lumenmail.com,Décor,4,65.49,0.0,Social,US,
ORD-004077,2023-10-23,CUST-01315,cust-01315@lumenmail.com,Lighting,1,70.67,0.0,Organic,CA,variant
ORD-000785,2023-10-18,CUST-02659,cust-02659@lumenmail.com,Outdoor,2,75.81,0.0,Email,AU,control
ORD-002319,2023-10-02,CUST-01232,cust-01232@lumenmail.com,Accessories,1,24.38,0.0,Email,US,
ORD-003322,2023-08-21,CUST-00771,cust-00771@lumenmail.com,Décor,-1,270.93,0.1,Paid Search,US,
ORD-000913,2024-06-11,CUST-01205,cust-01205@lumenmail.com,Furniture,1,27.4,0.05,,US,variant
ORD-004962,2024-05-06,CUST-01689,cust-01689@lumenmail.com,Lighting,1,20.74,0.0,Email,AU,
ORD-008706,2023-08-07,CUST-01217,cust-01217@lumenmail.com,Lighting,3,303.48,0.15,,US,variant
ORD-008764,2023-11-02,CUST-01598,cust-01598@lumenmail.com,lighting,1,121.69,0.15,,US,
ORD-008529,2024-07-02,CUST-00634,cust-00634@lumenmail.com,Furniture,5,161.43,0.0,Paid Search,US,variant
ORD-009251,2023-10-02,CUST-02391,cust-02391@lumenmail.com,Lighting,2,91.13,0.0,Paid Search,US,variant
ORD-008505,2023-10-16,CUST-02172,cust-02172@lumenmail.com,Décor,3,277.98,0.05,Paid Search,US,
ORD-008513,2023-10-14,CUST-00571,cust-00571@lumenmail.com,Furniture,2,57.61,0.0,Paid Search,UK,variant
ORD-005140,2024-05-30,CUST-01217,cust-01217@lumenmail.com,Lighting,3,18.46,0.05,Paid Search,US,
ORD-007351,2024-04-13,CUST-01607,cust-01607@lumenmail.com,Lighting,1,62.93,0.0,Email,US,control
ORD-006979,11/07/2024,CUST-00796,cust-00796@lumenmail.com,Décor,3,229.52,5.0,Organic,US,
ORD-008735,2024-08-08,CUST-01104,cust-01104@lumenmail.com,Décor,2,48.67,0.0,Email,US,control
ORD-000389,2023-08-13,CUST-01643,cust-01643@lumenmail.com,Outdoor,1,362.24,0.0,Paid Search,US,variant
ORD-001933,07/12/2023,CUST-01567,cust-01567@lumenmail.com,Lighting,1,399.52,0.05,Organic,US,
ORD-000563,2023-06-06,CUST-02621,cust-02621@lumenmail.com,Accessories,2,63.12,0.05,Email,US,variant
ORD-003571,12/10/2024,,guest@lumenmail.com,Décor,1,74.06,0.0,Organic,CA,
ORD-002065,2024-10-23,CUST-00402,cust-00402@lumenmail.com,Lighting,1,160.58,0.1,Organic,ZZ,variant
ORD-002163,2023-06-03,,guest@lumenmail.com,Décor,1,84.96,0.1,Organic,UK,
ORD-008781,2023-11-21,CUST-00192,cust-00192@lumenmail.com,Lighting,5,33.33,0.2,Paid Search,US,
ORD-000228,2024-02-26,CUST-00583,cust-00583@lumenmail.com,Lightng,1,369.38,0.0,Paid Search,US,
ORD-006231,2023-07-29,CUST-02220,cust-02220@lumenmail.com,Lighting,1,190.95,0.0,Email,US,control
ORD-005609,2024-12-15,,guest@lumenmail.com,Lighting,1,469.64,0.05,Paid Search,US,control
ORD-009512,2024-11-24,CUST-00266,cust-00266@lumenmail.com,Lighting,3,326.83,0.1,Email,CA,
ORD-004601,2024-01-20,CUST-01064,cust-01064@lumenmail.com,Décor,2,51.25,0.05,Social,US,variant
ORD-004970,2024-05-01,CUST-00740,cust-00740@lumenmail.com,Lighting,1,381.26,10.0,Paid Search,US,control
ORD-005892,2024-11-22,CUST-02923,cust-02923@lumenmail.com,Lighting,2,48.87,0.05,Paid Search,US,variant
ORD-007872,08/12/2023,CUST-02166,cust-02166@lumenmail.com,Accessories,5,38.48,0.0,Social,US,control
ORD-001290,2024-10-20,CUST-01355,cust-01355@lumenmail.com,Furniture,1,25.96,0.0,Email,US,control
ORD-006044,14/12/2023,CUST-00361,cust-00361@lumenmail.com,Accessories,1,102.19,0.05,Social,US,control
ORD-008198,2024-06-09,CUST-01058,cust-01058@lumenmail.com,Lighting,2,21.55,0.0,Paid Search,US,variant
ORD-003617,2024-03-21,CUST-02636,cust-02636@lumenmail.com,Lighting,2,304.19,0.05,Organic,US,control
ORD-002317,2023-06-09,CUST-00100,cust-00100@lumenmail.com,Outdoor,2,43.29,0.2,Paid Search,ZZ,
ORD-002926,2024-06-26,CUST-01272,cust-01272@lumenmail.com,Décor,2,169.8,0.05,Email,US,
ORD-003858,2023-09-12,CUST-00267,cust-00267@lumenmail.com,Lighting,1,180.27,0.0,Social,AU,control
ORD-002388,2024-04-16,CUST-01955,cust-01955@lumenmail.com,Décor,1,162.51,5.0,Email,UK,variant
ORD-008408,2024-11-25,CUST-01968,cust-01968@lumenmail.com,Décor,2,45.69,0.0,Email,CA,control
ORD-001723,2024-05-07,CUST-00118,cust-00118@lumenmail.com,Décor,1,310.76,0.0,Social,US,control
ORD-007845,2023-10-25,CUST-01234,cust-01234@lumenmail.com,Outdoor,1,241.21,0.15,Social,US,variant
ORD-003489,2023-07-25,CUST-02637,cust-02637@lumenmail.com,Lighting,1,40.46,0.0,Email,AU,control
ORD-005333,2023-11-15,CUST-02761,cust-02761@lumenmail.com,Outdoor,1,316.62,0.1,Social,UK,
ORD-007860,2024-04-15,CUST-02792,cust-02792@lumenmail.com,Furniture,4,112.9,0.1,Email,US,variant
ORD-003850,2024-09-24,CUST-00362,cust-00362@lumenmail.com,Outdoor,4,36.38,0.15,Paid Search,CA,variant
ORD-004106,2023-07-24,CUST-02277,cust-02277@lumenmail.com,Lighting,2,40.27,0.15,Paid Search,US,
ORD-002304,2024-07-12,CUST-01456,cust-01456@lumenmail.com,Accessories,3,417.9,0.05,Paid Search,US,
ORD-002374,2024-01-30,CUST-00126,cust-00126@lumenmail.com,Lighting,1,241.88,0.1,Organic,CA,variant
ORD-000160,2024-11-30,CUST-00916,cust-00916@lumenmail.com,Lighting,1,99.28,0.15,Paid Search,US,control
ORD-007219,2023-12-19,CUST-00460,cust-00460@lumenmail.com,Furniture,1,17.35,0.0,Email,US,variant
ORD-002967,2024-02-17,,guest@lumenmail.com,Furniture,4,9.98,0.0,,AU,variant
ORD-006886,2023-08-23,CUST-00724,cust-00724@lumenmail.com,Furniture,5,393.77,0.0,Paid Search,US,control
ORD-007676,18/10/2024,CUST-00024,cust-00024@lumenmail.com,Outdoor,1,123.14,0.1,Organic,CA,variant
ORD-007366,04/09/2024,CUST-02121,cust-02121@lumenmail.com,Décor,1,90.4,0.1,Paid Search,US,variant
ORD-003167,2023-09-09,CUST-02550,cust-02550@lumenmail.com,Décor,2,37.89,5.0,Paid Search,US,
ORD-003666,2024-01-21,CUST-01765,cust-01765@lumenmail.com,Outdoor,2,182.34,0.05,Paid Search,US,variant
ORD-005352,2024-12-19,CUST-01933,cust-01933@lumenmail.com,Furniture,5,99.06,0.0,Email,US,
ORD-007105,04/12/2024,CUST-01452,cust-01452@lumenmail.com,Lighting,-4,293.61,0.0,Organic,US,
ORD-008286,2023-11-12,CUST-02438,cust-02438@lumenmail.com,Lighting,1,131.41,0.05,Organic,US,
ORD-008778,21/06/2024,CUST-00499,cust-00499@lumenmail.com,Furniture,-6,9.7,0.05,Organic,UK,control
ORD-007152,2023-06-18,CUST-00602,cust-00602@lumenmail.com,Furniture,2,632.52,0.05,Organic,US,
ORD-002068,2024-11-26,CUST-02821,cust-02821@lumenmail.com,Accessories,-2,84.55,0.0,Paid Search,CA,control
ORD-003091,2023-09-02,CUST-00322,cust-00322@lumenmail.com,Lighting,4,44.55,0.25,Email,US,variant
ORD-000622,2023-11-03,CUST-01230,cust-01230@lumenmail.com,Décor,2,214.82,0.1,Email,US,control
ORD-005294,2024-05-08,CUST-01924,cust-01924@lumenmail.com,Accessories,2,86.87,0.1,Paid Search,US,variant
ORD-000087,2024-08-25,CUST-01412,cust-01412@lumenmail.com,Accessories,2,12.18,0.0,Paid Search,US,
ORD-007465,2024-12-12,CUST-02118,cust-02118@lumenmail.com,Décor,1,178.37,0.1,Email,US,variant
ORD-009343,2024-09-01,CUST-00577,cust-00577@lumenmail.com,Outdoor,1,91.17,0.05,Organic,ZZ,control
ORD-004453,09/04/2024,CUST-00755,cust-00755@lumenmail.com,Décor,7,55.03,0.0,Organic,CA,variant
ORD-002726,2023-11-04,CUST-01880,cust-01880@lumenmail.com,Furniture,4,89.1,0.2,Social,ZZ,variant
ORD-004002,2024-01-09,CUST-01010,cust-01010@lumenmail.com,Lightng,1,463.62,0.0,Paid Search,UK,control
ORD-008112,2024-10-06,CUST-02456,cust-02456@lumenmail.com,Décor,1,142.82,5.0,Social,ZZ,control
ORD-002124,2024-04-01,CUST-01491,cust-01491@lumenmail.com,Outdoor,1,324.86,0.0,Email,US,control
ORD-003479,17/09/2024,CUST-00820,cust-00820@lumenmail.com,Lighting,1,349.27,0.1,Social,US,variant
ORD-006224,09/01/2024,CUST-00669,cust-00669@lumenmail.com,Décor,1,165.41,0.0,Email,US,
ORD-004019,2024-05-26,CUST-00341,cust-00341@lumenmail.com,Furniture,1,26.52,0.0,Organic,US,variant
ORD-001618,2024-09-02,CUST-00737,cust-00737@lumenmail.com,Décor,3,14.33,0.05,Organic,CA,
ORD-005821,2024-10-14,CUST-00604,cust-00604@lumenmail.com,Lighting,5,71.31,0.05,Paid Search,US,
ORD-009507,16/06/2024,,guest@lumenmail.com,Lighting,2,201.96,0.1,Social,US,
ORD-003848,2024-01-09,CUST-02129,cust-02129@lumenmail.com,Outdoor,1,118.21,0.0,Organic,US,
ORD-007084,2024-10-01,CUST-00683,cust-00683@lumenmail.com,Décor,4,116.71,15.0,Email,CA,variant
ORD-003625,2024-01-25,CUST-01504,cust-01504@lumenmail.com,Lighting,1,312.77,0.2,Paid Search,US,control
ORD-001408,2024-09-01,CUST-01648,cust-01648@lumenmail.com,Lighting,3,60.68,0.1,Paid Search,CA,variant
ORD-001997,2024-11-12,,guest@lumenmail.com,Accessories,5,53.56,0.0,Organic,AU,variant
ORD-004861,2024-11-24,CUST-01640,cust-01640@lumenmail.com,Décor,2,52.43,0.0,Email,US,control
ORD-009247,2023-10-19,CUST-01201,cust-01201@lumenmail.com,Décor,3,64.95,0.0,Social,US,
ORD-005919,2023-11-01,CUST-02111,cust-02111@lumenmail.com,Lighting,1,69.94,0.0,Email,US,control
ORD-006305,2024-01-26,CUST-02941,cust-02941@lumenmail.com,Lighting,1,44.86,0.0,Social,US,variant
ORD-005728,2024-01-26,CUST-00455,cust-00455@lumenmail.com,Lighting,1,53.72,5.0,,US,
ORD-007091,01/09/2024,CUST-02650,cust-02650@lumenmail.com,Furniture,3,18.11,0.25,Social,US,
ORD-003844,2024-05-26,CUST-02536,cust-02536@lumenmail.com,Outdoor,1,210.29,0.05,Paid Search,US,variant
ORD-004973,2023-06-03,CUST-01900,cust-01900@lumenmail.com,Lighting,1,115.44,0.15,Social,UK,control
ORD-009210,2024-08-28,CUST-00018,cust-00018@lumenmail.com,Décor,3,45.01,0.0,Email,US,variant
ORD-004115,2024-07-12,CUST-01147,cust-01147@lumenmail.com,Décor,3,56.6,0.0,Email,US,control
ORD-000063,2024-01-17,CUST-02762,cust-02762@lumenmail.com,Décor,2,19.65,0.0,Email,US,
ORD-003150,09/12/2024,CUST-00869,cust-00869@lumenmail.com,Lighting,1,13.81,0.0,Paid Search,UK,control
ORD-002974,15/12/2024,CUST-02963,cust-02963@lumenmail.com,Furniture,2,35.72,0.05,Email,US,variant
ORD-007514,2023-07-14,CUST-01142,cust-01142@lumenmail.com,Décor,2,132.96,0.0,Email,US,
ORD-007567,2024-01-04,CUST-01978,cust-01978@lumenmail.com,Lighting,3,114.61,0.05,Paid Search,UK,
ORD-004393,2023-09-10,CUST-01102,cust-01102@lumenmail.com,Lightng,1,57.02,0.0,Paid Search,US,variant
ORD-004916,2024-07-04,CUST-01714,cust-01714@lumenmail.com,Décor,3,86.02,0.0,Organic,US,
ORD-002324,2023-12-07,,guest@lumenmail.com,Furniture,3,565.65,0.2,Email,AU,
ORD-009025,19/04/2024,CUST-01795,cust-01795@lumenmail.com,Lighting,2,577.57,0.0,Email,US,variant
ORD-003208,2024-08-26,CUST-02888,cust-02888@lumenmail.com,Furniture,4,53.54,0.05,Organic,US,control
ORD-008024,2024-08-09,CUST-02352,cust-02352@lumenmail.com,Décor,4,59.97,0.1,Social,UK,variant
ORD-005358,2023-09-25,CUST-02376,cust-02376@lumenmail.com,Furniture,4,33.59,0.05,Social,UK,
ORD-007675,2024-10-03,CUST-02448,cust-02448@lumenmail.com,Lighting,1,187.92,0.05,Paid Search,US,
ORD-007251,2024-12-14,CUST-01553,cust-01553@lumenmail.com,Accessories,2,144.67,0.0,Email,CA,control
ORD-006309,19/05/2024,CUST-02731,cust-02731@lumenmail.com,Furniture,1,83.03,0.05,Email,CA,control
ORD-005558,2024-02-15,CUST-02239,cust-02239@lumenmail.com,Décor,7,250.14,0.0,Paid Search,US,
ORD-002618,2023-08-11,CUST-00045,cust-00045@lumenmail.com,Furniture,2,401.93,0.05,Social,ZZ,variant
ORD-006626,2024-05-07,CUST-00086,cust-00086@lumenmail.com,Furniture,1,203.89,0.0,Paid Search,CA,variant
ORD-004094,2024-10-06,CUST-00751,cust-00751@lumenmail.com,Lighting,1,190.87,0.0,Paid Search,CA,
ORD-004769,2023-11-11,CUST-02236,cust-02236@lumenmail.com,Lighting,7,25.71,0.0,Social,US,
ORD-007260,2024-12-26,CUST-00672,cust-00672@lumenmail.com,Furniture,2,152.88,0.05,Organic,CA,variant
ORD-005466,2024-11-28,CUST-01913,cust-01913@lumenmail.com,Furniture,2,382.2,0.0,Email,US,variant
ORD-004057,2024-07-04,CUST-01898,cust-01898@lumenmail.com,Lighting,2,27.42,0.15,Paid Search,US,
ORD-008228,2024-03-28,CUST-00577,cust-00577@lumenmail.com,Outdoor,1,28.88,5.0,Paid Search,US,control
ORD-002084,01/10/2023,CUST-00994,cust-00994@lumenmail.com,Lighting,2,43.92,0.05,Email,US,variant
ORD-002915,2024-08-09,CUST-02221,cust-02221@lumenmail.com,Décor,2,171.84,0.0,Email,US,control
ORD-006259,19/09/2024,CUST-01191,cust-01191@lumenmail.com,Lighting,1,60.06,0.0,Paid Search,CA,control
ORD-008382,2023-11-28,CUST-02004,cust-02004@lumenmail.com,Outdoor,6,44.67,0.0,Paid Search,US,variant
ORD-008050,2024-06-21,CUST-01164,cust-01164@lumenmail.com,Décor,2,24.64,0.0,Email,US,variant
ORD-002610,2024-12-05,CUST-00145,cust-00145@lumenmail.com,Furniture,3,47.8,0.2,Social,US,
ORD-009122,2024-03-31,CUST-01872,cust-01872@lumenmail.com,Furniture,1,12.07,0.1,Paid Search,CA,control
ORD-004945,01/03/2024,CUST-01087,cust-01087@lumenmail.com,Décor,2,186.44,0.2,Social,US,control
ORD-008727,17/06/2023,CUST-00124,cust-00124@lumenmail.com,Lighting,1,34.0,0.05,Paid Search,US,
ORD-001387,2023-09-26,CUST-02633,cust-02633@lumenmail.com,Lighting,2,33.3,0.25,Organic,US,
ORD-006683,2024-12-05,CUST-02738,cust-02738@lumenmail.com,Lighting,4,158.36,0.0,Organic,US,control
ORD-003991,13/09/2023,CUST-01660,cust-01660@lumenmail.com,Lighting,1,34.86,0.0,Organic,US,
ORD-002666,2023-06-09,CUST-01190,cust-01190@lumenmail.com,Lighting,2,89.22,0.15,Paid Search,AU,
ORD-008407,2023-07-30,CUST-00699,cust-00699@lumenmail.com,Lighting,3,319.76,0.05,Paid Search,UK,
ORD-005883,2023-10-24,CUST-01706,cust-01706@lumenmail.com,Accessories,1,119.93,0.05,Organic,US,
ORD-007407,2024-12-05,CUST-02975,cust-02975@lumenmail.com,Accessories,2,170.93,0.2,Organic,CA,
ORD-009240,2023-10-17,CUST-00821,cust-00821@lumenmail.com,Lighting,4,72.52,0.2,Email,US,
ORD-003033,2024-03-11,CUST-00608,cust-00608@lumenmail.com,Outdoor,1,7.88,0.0,Email,US,variant
ORD-004220,2024-07-25,CUST-00952,cust-00952@lumenmail.com,Lighting,1,23.4,0.1,Paid Search,CA,control
ORD-004040,2024-06-02,CUST-02694,cust-02694@lumenmail.com,Décor,2,54.55,0.0,Paid Search,US,control
ORD-002029,2023-06-26,CUST-02577,cust-02577@lumenmail.com,Accessories,1,41.86,0.0,Paid Search,CA,
ORD-000178,2024-10-25,CUST-01761,cust-01761@lumenmail.com,Décor,1,146.42,0.0,Social,US,control
ORD-002564,2024-09-16,CUST-01242,cust-01242@lumenmail.com,Furniture,1,15.66,0.0,Social,US,control
ORD-003572,2023-10-03,CUST-00362,cust-00362@lumenmail.com,Furniture,2,8.22,0.0,Email,UK,control
ORD-004473,2023-08-08,CUST-01562,cust-01562@lumenmail.com,Lighting,6,84.93,0.0,Paid Search,US,variant
ORD-001311,2024-09-02,CUST-00121,cust-00121@lumenmail.com,Décor,1,38.37,0.05,Email,US,control
ORD-009019,2023-11-27,CUST-00797,cust-00797@lumenmail.com,Furniture,1,36.0,0.05,Paid Search,US,variant
ORD-001962,2024-10-01,CUST-02778,cust-02778@lumenmail.com,Décor,1,272.11,0.0,Organic,US,
ORD-006116,2023-06-30,CUST-00398,cust-00398@lumenmail.com,Furniture,2,89.88,0.0,Organic,US,control
ORD-005204,2024-03-13,CUST-02578,cust-02578@lumenmail.com,Lighting,3,161.93,0.0,Email,US,variant
ORD-003022,2023-09-14,CUST-02566,cust-02566@lumenmail.com,Décor,1,77.0,0.0,Email,CA,variant
ORD-000643,2024-07-12,CUST-00495,cust-00495@lumenmail.com,Décor,3,197.51,0.0,Paid Search,US,variant
ORD-003435,2024-11-26,CUST-00252,cust-00252@lumenmail.com,Lighting,2,82.94,5.0,Email,CA,control
ORD-000771,2024-12-15,CUST-01520,cust-01520@lumenmail.com,Furniture,3,5.43,0.1,Organic,CA,control
ORD-005057,25/06/2023,CUST-01366,cust-01366@lumenmail.com,Décor,3,100.23,0.05,Email,US,
ORD-006315,2024-12-02,CUST-01894,cust-01894@lumenmail.com,Décor,2,12.79,0.2,Organic,US,control
ORD-004144,2023-07-19,CUST-00042,cust-00042@lumenmail.com,Outdoor,2,69.7,0.15,Paid Search,UK,
ORD-003172,2024-04-03,CUST-02152,cust-02152@lumenmail.com,Décor,1,121.41,0.0,Paid Search,US,
ORD-003791,01/09/2023,,guest@lumenmail.com,Décor,1,46.16,0.0,Social,US,control
ORD-006294,2023-12-23,CUST-00299,cust-00299@lumenmail.com,Lighting,3,8.3,20.0,Email,US,
ORD-004763,2024-07-31,CUST-00570,cust-00570@lumenmail.com,Furniture,1,41.4,0.0,Paid Search,US,variant
ORD-006007,24/03/2024,CUST-01304,cust-01304@lumenmail.com,Lighting,1,267.38,0.0,Organic,US,control
ORD-009365,28/11/2023,,guest@lumenmail.com,Furniture,-2,99.62,5.0,Paid Search,US,variant
ORD-009278,17/03/2024,CUST-00554,cust-00554@lumenmail.com,Décor,2,46.66,0.0,Paid Search,CA,control
ORD-008214,2023-09-08,CUST-02119,cust-02119@lumenmail.com,Lighting,4,652.89,5.0,Social,US,
ORD-003355,13/10/2024,CUST-00110,cust-00110@lumenmail.com,Lighting,1,318.96,0.2,Paid Search,US,
ORD-001263,2024-10-25,CUST-00887,cust-00887@lumenmail.com,Lighting,4,60.44,0.0,Social,UK,
ORD-009327,06/11/2023,CUST-01342,cust-01342@lumenmail.com,Lighting,2,46.73,0.0,Organic,US,variant
ORD-003237,2024-12-12,CUST-02783,cust-02783@lumenmail.com,Lighting,1,582.36,0.2,Email,US,variant
ORD-001666,06/10/2023,CUST-02485,cust-02485@lumenmail.com,Furniture,4,49.38,0.0,Social,UK,
ORD-002817,2023-09-30,CUST-01809,cust-01809@lumenmail.com,Lighting,2,381.45,0.15,Email,US,
ORD-004087,2024-05-31,CUST-02065,cust-02065@lumenmail.com,Outdoor,2,505.44,0.0,Paid Search,US,variant
ORD-003274,,CUST-00147,cust-00147@lumenmail.com,Décor,1,750.55,0.1,Social,US,
ORD-002092,2023-07-05,CUST-02384,cust-02384@lumenmail.com,Lighting,1,62.26,20.0,Email,US,control
ORD-006018,2024-08-09,CUST-02367,cust-02367@lumenmail.com,Décor,2,44.95,5.0,Paid Search,CA,
ORD-002889,2024-02-22,CUST-00235,cust-00235@lumenmail.com,Outdoor,3,177.63,0.2,Email,US,
ORD-009207,2024-03-15,CUST-01569,cust-01569@lumenmail.com,Outdoor,3,21.44,0.2,Email,CA,variant
ORD-005764,2024-06-04,CUST-02338,cust-02338@lumenmail.com,Accessories,2,24.31,10.0,Paid Search,US,
ORD-000180,2024-07-19,CUST-02923,cust-02923@lumenmail.com,Lighting,2,41.38,0.0,Organic,US,variant
ORD-003623,17/07/2024,CUST-00873,cust-00873@lumenmail.com,Furniture,1,131.89,0.05,Email,CA,
ORD-002981,2024-04-02,CUST-00465,cust-00465@lumenmail.com,Lighting,2,188.73,0.05,Social,US,variant
ORD-001099,2024-06-27,CUST-02581,cust-02581@lumenmail.com,Outdoor,4,133.16,0.05,Paid Search,US,control
ORD-009309,2024-07-12,CUST-02484,cust-02484@lumenmail.com,Lighting,1,26.86,10.0,Organic,ZZ,
ORD-008098,2023-06-09,,guest@lumenmail.com,Décor,1,27.67,0.05,Email,US,control
ORD-003339,2023-10-18,CUST-00370,cust-00370@lumenmail.com,Lighting,1,8.95,0.0,Organic,CA,control
ORD-007842,2023-12-25,CUST-00887,cust-00887@lumenmail.com,Furniture,1,161.46,0.0,Email,US,
ORD-003253,2024-03-04,CUST-00043,cust-00043@lumenmail.com,Furniture,-2,116.12,0.0,Social,AU,
ORD-004810,2024-11-14,CUST-01521,cust-01521@lumenmail.com,Lighting,2,6.07,0.0,Email,US,
ORD-005186,2023-10-20,CUST-01104,cust-01104@lumenmail.com,Lighting,2,305.99,0.0,Email,AU,variant
ORD-009224,2023-10-22,,guest@lumenmail.com,Lighting,4,10.54,0.1,Paid Search,CA,variant
ORD-001066,2024-07-04,CUST-00612,cust-00612@lumenmail.com,Lighting,3,66.46,0.0,Paid Search,CA,control
ORD-006533,2024-05-19,CUST-00258,cust-00258@lumenmail.com,Décor,2,95.74,0.15,Organic,US,
ORD-004710,2024-04-16,CUST-00515,cust-00515@lumenmail.com,Furniture,2,36.89,0.2,Email,US,
ORD-007701,2024-05-17,CUST-02994,cust-02994@lumenmail.com,Lighting,1,90.7,0.15,Paid Search,US,variant
ORD-003808,2023-06-18,CUST-00237,cust-00237@lumenmail.com,Furniture,1,93.51,0.05,Email,US,control
ORD-001072,2024-04-24,CUST-02785,cust-02785@lumenmail.com,Lighting,1,11.34,0.0,Paid Search,US,control
ORD-001836,2024-04-13,CUST-02737,cust-02737@lumenmail.com,Décor,1,22.58,20.0,Email,UK,variant
ORD-004564,2024-12-21,CUST-00928,cust-00928@lumenmail.com,Lighting,1,61.99,0.05,Email,CA,
ORD-002189,2023-09-26,CUST-00241,cust-00241@lumenmail.com,Décor,-4,163.19,0.0,Organic,US,
ORD-000023,25/08/2023,CUST-02603,cust-02603@lumenmail.com,Lighting,3,395.74,0.1,Paid Search,US,variant
ORD-001815,30/08/2023,,guest@lumenmail.com,Décor,3,48.96,0.1,Paid Search,US,
ORD-000015,2023-08-09,CUST-00123,cust-00123@lumenmail.com,Lighting,3,18.93,0.0,Paid Search,US,
ORD-007532,2023-08-02,CUST-02866,cust-02866@lumenmail.com,Décor,1,61.16,0.05,Organic,UK,
ORD-001283,2024-06-01,CUST-01620,cust-01620@lumenmail.com,Lighting,1,592.42,0.0,Paid Search,US,variant
ORD-009443,2024-07-16,CUST-02665,cust-02665@lumenmail.com,Décor,1,53.95,0.0,Paid Search,US,variant
ORD-003193,2024-11-27,CUST-00048,cust-00048@lumenmail.com,Lighting,2,12.32,0.0,Email,US,control
ORD-000975,13/08/2023,CUST-02521,cust-02521@lumenmail.com,Décor,2,72.8,0.15,Paid Search,US,variant
ORD-004829,2024-11-24,CUST-02422,cust-02422@lumenmail.com,Furniture,1,169.77,0.05,Email,US,
ORD-000891,2023-10-13,CUST-00391,cust-00391@lumenmail.com,Lighting,2,380.81,0.0,Organic,US,
ORD-000450,2024-07-29,CUST-02324,cust-02324@lumenmail.com,Décor,1,158.22,0.1,Paid Search,CA,
ORD-002040,2024-06-23,CUST-01899,cust-01899@lumenmail.com,Furniture,4,514.01,0.05,Paid Search,CA,
ORD-002729,01/01/2024,CUST-01648,cust-01648@lumenmail.com,Décor,2,94.54,15.0,Email,US,variant
ORD-003232,2024-10-08,CUST-01757,cust-01757@lumenmail.com,lighting,1,60.94,0.1,Email,AU,
ORD-006478,05/09/2023,CUST-01615,cust-01615@lumenmail.com,Décor,1,183.51,0.05,Paid Search,US,control
ORD-009319,19/08/2023,CUST-00376,cust-00376@lumenmail.com,lighting,7,87.82,0.05,Organic,US,
ORD-004488,2024-10-25,CUST-02512,cust-02512@lumenmail.com,Outdoor,-5,183.09,0.05,Email,US,variant
ORD-005022,2023-06-29,CUST-00297,cust-00297@lumenmail.com,Furniture,1,15.5,5.0,,US,variant
ORD-003504,2023-06-13,CUST-01744,cust-01744@lumenmail.com,Décor,6,37.85,0.1,Organic,US,control
ORD-004194,2023-08-21,CUST-00025,cust-00025@lumenmail.com,Outdoor,4,35.44,0.05,Organic,US,control
ORD-001979,2023-08-25,CUST-01326,cust-01326@lumenmail.com,Lighting,1,240.96,0.0,Email,US,
ORD-002688,2024-08-12,CUST-01464,cust-01464@lumenmail.com,Lighting,4,36.87,0.0,Organic,US,control
ORD-003049,2023-09-13,CUST-00043,cust-00043@lumenmail.com,Accessories,1,296.36,0.0,Paid Search,US,control
ORD-004233,2024-03-28,CUST-01381,cust-01381@lumenmail.com,Décor,1,467.28,0.0,Paid Search,CA,
ORD-007959,2024-08-12,,guest@lumenmail.com,Lighting,3,25.94,0.0,Paid Search,US,variant
ORD-000042,2023-09-24,CUST-01500,cust-01500@lumenmail.com,Décor,1,27.85,0.05,Organic,UK,control
ORD-002803,2024-04-03,CUST-02849,cust-02849@lumenmail.com,Accessories,1,114.05,0.15,Paid Search,US,variant
ORD-002489,2024-11-04,CUST-02418,cust-02418@lumenmail.com,Décor,1,738.08,0.2,Email,US,
ORD-005507,09/06/2023,CUST-00362,cust-00362@lumenmail.com,Lightng,4,17.73,0.0,Paid Search,US,control
ORD-003416,2023-10-15,CUST-00213,cust-00213@lumenmail.com,Lighting,2,283.86,0.05,Paid Search,US,control
ORD-009346,2023-08-28,CUST-01089,cust-01089@lumenmail.com,Lighting,1,659.29,0.05,Email,CA,control
ORD-007043,2024-03-09,CUST-01623,cust-01623@lumenmail.com,Furniture,5,44.33,0.05,Paid Search,US,
ORD-000995,2023-10-24,CUST-02379,cust-02379@lumenmail.com,Décor,2,198.53,0.05,Email,CA,
ORD-003025,2024-11-28,CUST-02595,cust-02595@lumenmail.com,Lighting,1,53.95,0.0,Organic,ZZ,control
ORD-008035,21/03/2024,CUST-00051,cust-00051@lumenmail.com,Furniture,1,23.04,0.1,Social,CA,variant
ORD-001143,23/12/2024,CUST-02680,cust-02680@lumenmail.com,Décor,1,254.53,0.0,Organic,ZZ,
ORD-000251,2024-12-17,CUST-01002,cust-01002@lumenmail.com,Lighting,3,99.24,0.05,Social,US,control
ORD-002546,2024-11-01,CUST-01698,cust-01698@lumenmail.com,Lighting,5,64.66,0.0,Paid Search,US,variant
ORD-005141,2023-07-05,CUST-00854,cust-00854@lumenmail.com,Lighting,1,797.28,0.05,Email,US,variant
ORD-003872,2024-07-10,CUST-02173,cust-02173@lumenmail.com,Lighting,1,58.68,0.05,Email,US,variant
ORD-002098,2023-06-12,CUST-01184,cust-01184@lumenmail.com,Lighting,2,23.68,0.1,Email,US,variant
ORD-006530,04/12/2024,CUST-02354,cust-02354@lumenmail.com,Outdoor,1,159.99,0.25,Organic,AU,control
ORD-003699,2024-05-31,CUST-00225,cust-00225@lumenmail.com,Lighting,1,212.07,0.0,Organic,US,
ORD-008054,2024-02-04,CUST-00047,cust-00047@lumenmail.com,Décor,1,25.0,0.0,Email,US,control
ORD-002378,2023-06-01,CUST-02260,cust-02260@lumenmail.com,Furniture,2,28.29,0.0,Paid Search,US,control
ORD-003234,23/02/2024,CUST-01652,cust-01652@lumenmail.com,Furniture,2,17.73,0.0,Paid Search,AU,variant
ORD-006129,,CUST-01442,cust-01442@lumenmail.com,Furniture,1,23.07,0.2,Paid Search,US,variant
ORD-004667,,CUST-00318,cust-00318@lumenmail.com,lighting,1,84.01,0.0,,US,
ORD-003102,2023-12-11,CUST-00952,cust-00952@lumenmail.com,Décor,1,282.16,0.0,Email,UK,variant
ORD-006191,2024-08-17,CUST-02603,cust-02603@lumenmail.com,Décor,2,8.62,0.0,Organic,US,control
ORD-007246,2023-10-27,CUST-02006,cust-02006@lumenmail.com,Décor,5,181.25,0.0,Email,CA,
ORD-006340,2023-10-18,CUST-02576,cust-02576@lumenmail.com,Furniture,1,0.0,0.0,Paid Search,UK,variant
ORD-007153,2023-11-06,CUST-01247,cust-01247@lumenmail.com,Décor,1,125.22,0.0,Email,US,
ORD-008268,2023-07-15,CUST-01090,cust-01090@lumenmail.com,Décor,2,24.69,0.1,Paid Search,US,
ORD-001353,2024-01-19,CUST-02882,cust-02882@lumenmail.com,Lighting,1,43.78,0.0,Paid Search,UK,control
ORD-003417,02/03/2024,CUST-02732,cust-02732@lumenmail.com,Décor,3,10.84,0.0,Social,US,variant
ORD-005893,2024-09-22,CUST-00783,cust-00783@lumenmail.com,lighting,1,9.87,0.1,Social,UK,
ORD-006320,2024-07-25,CUST-00708,cust-00708@lumenmail.com,Décor,1,299.67,0.0,Paid Search,CA,
ORD-000371,2024-07-18,CUST-02996,cust-02996@lumenmail.com,Lighting,1,92.15,0.05,Email,UK,variant
ORD-001339,16/10/2023,CUST-02706,cust-02706@lumenmail.com,Décor,1,162.75,15.0,Organic,US,
ORD-005317,2024-07-26,CUST-01883,cust-01883@lumenmail.com,Lighting,1,144.85,0.1,Organic,US,
ORD-005606,2024-08-25,CUST-01119,cust-01119@lumenmail.com,Furniture,2,12.32,0.0,Social,CA,variant
ORD-002429,2024-06-06,CUST-02230,cust-02230@lumenmail.com,Lighting,2,25.01,0.05,Paid Search,CA,variant
ORD-001216,2024-11-15,CUST-02946,cust-02946@lumenmail.com,Furniture,4,156.33,0.05,Paid Search,US,control
ORD-001638,2024-06-03,CUST-01480,cust-01480@lumenmail.com,Décor,1,47.78,0.05,Paid Search,UK,variant
ORD-007542,2023-10-04,CUST-00975,cust-00975@lumenmail.com,Lighting,2,62.75,0.1,Email,US,control
ORD-006928,2024-06-17,CUST-02304,cust-02304@lumenmail.com,Outdoor,1,62.46,0.05,Social,US,control
ORD-005108,2024-10-03,CUST-00472,cust-00472@lumenmail.com,Décor,2,142.35,0.05,Social,US,control
ORD-006131,2024-12-16,CUST-02231,cust-02231@lumenmail.com,Décor,1,738.96,0.25,Organic,US,variant
ORD-006806,24/03/2024,CUST-00263,cust-00263@lumenmail.com,Outdoor,2,14.94,0.05,Email,CA,control
ORD-005290,05/07/2023,CUST-02082,cust-02082@lumenmail.com,Décor,4,270.49,0.05,Organic,US,
ORD-003336,2024-02-21,CUST-00016,cust-00016@lumenmail.com,Décor,1,62.32,0.0,Email,US,control
ORD-002048,2024-06-12,CUST-03000,cust-03000@lumenmail.com,Outdoor,1,35.51,0.0,Organic,CA,variant
ORD-008049,2024-08-06,CUST-01287,cust-01287@lumenmail.com,Furniture,3,32.78,0.0,Organic,US,control
ORD-004748,26/11/2024,CUST-02313,cust-02313@lumenmail.com,Lighting,5,96.81,0.15,Email,US,control
ORD-006517,2024-05-08,,guest@lumenmail.com,Décor,3,134.77,0.0,Email,US,variant
ORD-000073,2023-08-25,CUST-01803,cust-01803@lumenmail.com,Accessories,3,71.15,0.0,Paid Search,US,variant
ORD-002445,2023-12-31,CUST-02681,cust-02681@lumenmail.com,Furniture,2,171.38,0.0,Organic,CA,
ORD-004898,2024-12-30,CUST-02138,cust-02138@lumenmail.com,Outdoor,2,136.0,0.05,Paid Search,US,
ORD-000847,17/11/2024,CUST-00555,cust-00555@lumenmail.com,Décor,2,10.69,0.25,Paid Search,US,variant
ORD-001503,2023-06-24,CUST-01256,cust-01256@lumenmail.com,Accessories,1,30.76,0.05,Paid Search,US,control
ORD-004166,2024-07-07,CUST-02094,cust-02094@lumenmail.com,Décor,1,158.91,0.1,Email,US,
ORD-002148,24/03/2024,CUST-01539,cust-01539@lumenmail.com,Décor,1,36.34,0.0,Email,US,
ORD-006499,04/12/2023,CUST-01704,cust-01704@lumenmail.com,Décor,2,35.09,0.0,Organic,US,
ORD-001022,2024-06-21,CUST-01429,cust-01429@lumenmail.com,Furniture,1,55.34,0.05,Email,CA,variant
ORD-001887,2023-08-28,CUST-02416,cust-02416@lumenmail.com,Lighting,1,256.3,0.0,Paid Search,US,
ORD-000455,2024-11-25,CUST-01430,cust-01430@lumenmail.com,Décor,2,31.81,0.1,,CA,variant
ORD-005254,2023-11-17,CUST-01405,cust-01405@lumenmail.com,Lighting,1,366.76,15.0,Organic,US,
ORD-004015,2024-04-07,CUST-02896,cust-02896@lumenmail.com,Lighting,2,96.41,0.1,Organic,US,
ORD-003292,25/06/2024,CUST-01814,cust-01814@lumenmail.com,Furniture,1,69.25,0.1,Paid Search,US,
ORD-005279,2023-07-07,CUST-00905,cust-00905@lumenmail.com,Lighting,1,15.69,0.0,Organic,US,
ORD-000035,02/04/2024,CUST-00721,cust-00721@lumenmail.com,Lighting,1,52.25,0.2,Paid Search,CA,control
ORD-008586,2024-05-09,CUST-02048,cust-02048@lumenmail.com,Furniture,1,86.57,0.0,Email,US,control
ORD-004903,2024-06-23,CUST-01329,cust-01329@lumenmail.com,Décor,1,15.87,0.05,Paid Search,US,variant
ORD-000544,2023-12-21,CUST-00022,cust-00022@lumenmail.com,Lightng,2,55.14,10.0,Paid Search,US,variant
ORD-007451,2023-11-04,CUST-01291,cust-01291@lumenmail.com,Furniture,2,222.98,0.0,Paid Search,US,control
ORD-001604,2024-09-13,,guest@lumenmail.com,Outdoor,1,7.29,0.15,Email,US,variant
ORD-003655,2024-10-26,CUST-02229,cust-02229@lumenmail.com,Décor,1,75.01,0.15,Paid Search,US,
ORD-001432,13/10/2024,,guest@lumenmail.com,Accessories,2,21.82,0.1,Social,US,variant
ORD-007186,2023-08-23,CUST-00401,cust-00401@lumenmail.com,Décor,1,418.94,0.0,,US,control
ORD-005053,2024-04-21,CUST-00732,cust-00732@lumenmail.com,Lighting,1,578.58,0.0,Email,AU,control
ORD-009287,2023-09-02,CUST-02120,cust-02120@lumenmail.com,Outdoor,1,77.98,0.0,Social,US,
ORD-000301,2023-11-10,CUST-02154,cust-02154@lumenmail.com,Lighting,1,305.49,0.0,Email,US,control
ORD-009318,2023-10-09,CUST-01835,cust-01835@lumenmail.com,Outdoor,-2,25.09,0.0,Email,UK,
ORD-003678,2024-11-09,,guest@lumenmail.com,Accessories,4,30.03,5.0,Email,ZZ,variant
ORD-008381,2023-09-14,CUST-01254,cust-01254@lumenmail.com,Lighting,2,13.17,0.0,Social,US,
ORD-004852,2024-02-23,CUST-01092,cust-01092@lumenmail.com,Décor,1,107.06,0.15,Paid Search,CA,
ORD-003559,2024-10-26,CUST-01897,cust-01897@lumenmail.com,Lighting,1,47.78,0.2,Paid Search,ZZ,variant
ORD-008322,2023-11-29,CUST-00181,cust-00181@lumenmail.com,Lighting,2,174.95,0.0,Email,US,control
ORD-005515,2023-06-18,CUST-02430,cust-02430@lumenmail.com,Lighting,1,43.49,0.0,Email,US,variant
ORD-003259,12/11/2024,CUST-02012,cust-02012@lumenmail.com,Décor,1,7.92,0.2,Email,US,
ORD-008395,2024-06-05,CUST-02481,cust-02481@lumenmail.com,Lighting,1,33.24,0.0,Email,US,variant
ORD-008368,2024-12-14,CUST-00295,cust-00295@lumenmail.com,Lighting,3,51.51,0.0,Email,US,variant
ORD-003695,2024-02-11,CUST-00877,cust-00877@lumenmail.com,Accessories,1,403.09,0.0,Paid Search,US,variant
ORD-000825,13/02/2024,CUST-00939,cust-00939@lumenmail.com,Décor,3,30.59,0.0,,US,
ORD-001611,2024-06-20,CUST-00043,cust-00043@lumenmail.com,Furniture,1,263.75,0.1,Paid Search,US,variant
ORD-004533,2023-12-26,,guest@lumenmail.com,Lighting,1,7.45,0.05,Paid Search,US,variant
ORD-003370,2024-05-26,CUST-02284,cust-02284@lumenmail.com,Outdoor,4,157.68,0.0,,CA,control
ORD-001901,2024-04-24,,guest@lumenmail.com,Décor,2,155.27,0.0,,US,variant
ORD-008561,2024-01-10,CUST-01586,cust-01586@lumenmail.com,Furniture,2,42.81,0.0,Email,US,
ORD-003246,2024-09-01,CUST-02172,cust-02172@lumenmail.com,Décor,2,10.56,0.1,Email,CA,
ORD-007383,2024-11-14,CUST-02451,cust-02451@lumenmail.com,Lighting,2,184.55,0.0,Email,US,variant
ORD-009066,2023-09-29,CUST-01438,cust-01438@lumenmail.com,Lighting,1,67.22,0.1,Paid Search,US,
ORD-009409,2024-03-18,CUST-01169,cust-01169@lumenmail.com,Outdoor,2,275.03,15.0,Email,US,
ORD-007609,23/02/2024,CUST-01690,cust-01690@lumenmail.com,Lighting,2,33.35,0.25,Organic,US,
ORD-006692,03/10/2024,CUST-02709,cust-02709@lumenmail.com,Lighting,1,87.47,0.05,Email,US,control
ORD-008397,2023-10-08,CUST-02350,cust-02350@lumenmail.com,Lighting,1,42.51,0.0,Paid Search,AU,
ORD-006769,2024-10-01,CUST-00633,cust-00633@lumenmail.com,Lighting,2,12.0,0.1,Social,US,variant
ORD-001732,2024-03-02,CUST-00441,cust-00441@lumenmail.com,Outdoor,1,85.8,0.1,Paid Search,US,
ORD-009293,2023-10-05,CUST-00974,cust-00974@lumenmail.com,Lighting,1,23.27,0.1,Organic,US,variant
ORD-003060,25/07/2023,CUST-02982,cust-02982@lumenmail.com,Lighting,3,86.83,0.0,Email,US,
ORD-007613,2024-09-03,,guest@lumenmail.com,Accessories,3,190.69,0.1,Email,US,control
ORD-007060,2023-06-03,CUST-00725,cust-00725@lumenmail.com,Furniture,3,32.56,0.15,Email,US,variant
ORD-007002,2024-06-05,CUST-00279,cust-00279@lumenmail.com,Furniture,1,168.63,0.2,Organic,UK,variant
ORD-009533,,CUST-00498,cust-00498@lumenmail.com,Décor,5,65.19,5.0,Social,US,
ORD-000071,2024-09-27,CUST-00647,cust-00647@lumenmail.com,Furniture,1,0.0,20.0,Organic,US,
ORD-007269,2023-06-28,CUST-01104,cust-01104@lumenmail.com,Lighting,2,45.1,0.1,Paid Search,US,
ORD-001255,2023-10-15,CUST-01210,cust-01210@lumenmail.com,Lighting,3,300.96,0.0,,US,control
ORD-006292,2023-07-29,CUST-02423,cust-02423@lumenmail.com,Lighting,2,72.53,0.0,Paid Search,US,variant
ORD-000477,2024-05-11,CUST-02011,cust-02011@lumenmail.com,Lighting,1,18.44,0.15,Email,US,variant
ORD-006866,02/08/2023,,guest@lumenmail.com,Lighting,2,169.19,0.0,Email,US,control
ORD-006073,2023-12-03,CUST-00752,cust-00752@lumenmail.com,Décor,1,85.42,0.0,Email,US,variant
ORD-008468,2024-03-11,CUST-02313,cust-02313@lumenmail.com,Décor,2,16.85,0.15,Paid Search,ZZ,control
ORD-005473,2024-05-22,CUST-00729,cust-00729@lumenmail.com,Outdoor,-1,282.8,0.0,Social,CA,control
ORD-004189,2024-04-20,CUST-01769,cust-01769@lumenmail.com,Décor,7,38.66,0.0,Email,US,variant
ORD-006293,2024-03-08,CUST-01549,cust-01549@lumenmail.com,Lightng,2,13.14,0.0,Social,UK,
ORD-002172,30/11/2023,CUST-00032,cust-00032@lumenmail.com,Lighting,7,87.82,0.05,Social,US,
ORD-006659,2024-07-03,CUST-00206,cust-00206@lumenmail.com,Lighting,1,53.99,0.05,Email,US,variant
ORD-002591,2024-03-21,CUST-01045,cust-01045@lumenmail.com,Décor,5,9.73,0.05,Email,UK,variant
ORD-001274,2024-02-19,CUST-01237,cust-01237@lumenmail.com,Lighting,1,93.82,0.05,Paid Search,UK,control
ORD-001014,2023-11-13,CUST-02747,cust-02747@lumenmail.com,Furniture,1,87.19,15.0,Paid Search,UK,variant
ORD-003879,2024-05-03,CUST-01734,cust-01734@lumenmail.com,Décor,1,193.13,10.0,Paid Search,US,
ORD-009549,2024-07-23,CUST-02721,cust-02721@lumenmail.com,Décor,1,32.25,0.0,Email,ZZ,
ORD-008712,2024-10-13,CUST-01136,cust-01136@lumenmail.com,Lighting,1,42.89,0.0,Email,CA,variant
ORD-002582,2024-07-29,CUST-01381,cust-01381@lumenmail.com,Accessories,1,167.37,0.0,Paid Search,US,
ORD-003904,2023-09-22,CUST-02440,cust-02440@lumenmail.com,Furniture,5,74.5,0.0,Email,US,control
ORD-002090,2024-06-04,CUST-01273,cust-01273@lumenmail.com,Furniture,1,35.45,0.05,Organic,AU,variant
ORD-006674,,CUST-02912,cust-02912@lumenmail.com,Lighting,1,254.08,0.1,Organic,US,control
ORD-001541,12/06/2023,,guest@lumenmail.com,Décor,5,334.66,0.0,Paid Search,US,
ORD-001170,2024-06-14,,guest@lumenmail.com,Furniture,3,223.98,0.0,Paid Search,US,
ORD-006864,2023-12-06,CUST-02334,cust-02334@lumenmail.com,Lighting,6,51.07,0.15,Social,US,
ORD-001516,2024-08-26,CUST-01221,cust-01221@lumenmail.com,Furniture,1,40.72,0.0,Organic,UK,control
ORD-009447,05/10/2023,CUST-00210,cust-00210@lumenmail.com,Décor,2,68.67,0.25,Email,US,
ORD-007905,2023-06-15,CUST-02299,cust-02299@lumenmail.com,Accessories,1,39.36,0.0,Social,UK,variant
ORD-009367,17/08/2023,CUST-00542,cust-00542@lumenmail.com,Lighting,2,48.51,0.05,Paid Search,US,variant
ORD-002857,2024-10-01,CUST-00381,cust-00381@lumenmail.com,Décor,2,62.83,0.1,Email,UK,variant
ORD-000672,2024-09-30,CUST-01979,cust-01979@lumenmail.com,Décor,-3,8.0,0.0,Social,US,control
ORD-004468,2023-06-13,CUST-02332,cust-02332@lumenmail.com,Furniture,1,43.59,0.0,Paid Search,US,variant
ORD-009266,2023-11-11,CUST-02235,cust-02235@lumenmail.com,Outdoor,1,52.43,0.0,Organic,CA,control
ORD-002416,2023-10-12,CUST-01448,cust-01448@lumenmail.com,Furniture,-1,18.11,5.0,Paid Search,US,variant
ORD-006922,2024-07-24,CUST-02287,cust-02287@lumenmail.com,Décor,5,44.26,0.0,Paid Search,US,variant
ORD-002592,21/06/2023,,guest@lumenmail.com,Accessories,1,388.89,0.15,Paid Search,ZZ,
ORD-004737,2024-01-05,CUST-01795,cust-01795@lumenmail.com,Lighting,4,38.79,0.1,Organic,AU,variant
ORD-009547,2024-05-21,CUST-01445,cust-01445@lumenmail.com,Outdoor,3,99.32,0.15,Email,US,
ORD-009279,12/06/2023,CUST-00073,cust-00073@lumenmail.com,Furniture,2,30.21,0.0,Organic,US,variant
ORD-007204,2024-04-09,CUST-00303,cust-00303@lumenmail.com,Lighting,1,103.75,5.0,Organic,AU,
ORD-004746,2023-07-23,CUST-00186,cust-00186@lumenmail.com,Décor,1,231.07,0.05,Organic,US,
ORD-006238,2023-07-11,CUST-02745,cust-02745@lumenmail.com,Décor,1,75.28,0.05,Organic,US,
ORD-005110,2024-04-21,CUST-00330,cust-00330@lumenmail.com,Accessories,4,73.39,0.2,Organic,CA,variant
ORD-003523,2024-01-21,CUST-02638,cust-02638@lumenmail.com,Outdoor,1,190.14,0.05,Organic,US,
ORD-000894,17/06/2024,CUST-02943,cust-02943@lumenmail.com,Furniture,2,99999.0,0.0,Paid Search,CA,
ORD-000855,2024-10-21,CUST-02466,cust-02466@lumenmail.com,Lighting,-3,11.36,10.0,Social,US,variant
ORD-001694,21/12/2023,CUST-00667,cust-00667@lumenmail.com,Décor,1,47.74,0.0,Organic,US,
ORD-004525,2024-06-13,CUST-00004,cust-00004@lumenmail.com,Furniture,2,148.76,0.15,Paid Search,US,variant
ORD-005500,2023-10-30,CUST-01341,cust-01341@lumenmail.com,Lighting,3,31.29,0.2,Email,US,
ORD-009539,2023-11-18,CUST-02049,cust-02049@lumenmail.com,Décor,1,668.61,0.0,Social,US,
ORD-005155,2023-07-15,CUST-02535,cust-02535@lumenmail.com,Lighting,1,83.33,0.1,Organic,US,
ORD-004813,09/12/2023,CUST-01049,cust-01049@lumenmail.com,Décor,3,494.4,0.05,Email,US,
ORD-001260,21/02/2024,CUST-02685,cust-02685@lumenmail.com,Décor,2,555.14,0.05,Email,UK,
ORD-002088,2023-07-27,CUST-01698,cust-01698@lumenmail.com,Décor,1,199.42,0.05,Paid Search,US,control
ORD-008329,27/07/2023,CUST-01076,cust-01076@lumenmail.com,Outdoor,5,28.14,0.0,Social,US,control
ORD-004022,2024-03-17,CUST-01204,cust-01204@lumenmail.com,Accessories,4,52.85,0.0,Email,US,control
ORD-009159,26/09/2024,CUST-02175,cust-02175@lumenmail.com,Furniture,1,170.39,0.2,Email,US,
ORD-007898,2023-07-05,CUST-02475,cust-02475@lumenmail.com,Furniture,6,86.37,0.0,Paid Search,US,control
ORD-006929,2024-11-01,CUST-00293,cust-00293@lumenmail.com,Décor,2,19.31,0.1,Email,US,
ORD-009194,2023-06-07,CUST-00874,cust-00874@lumenmail.com,Lighting,1,125.69,0.05,Paid Search,US,control
ORD-002096,2024-11-24,CUST-00297,cust-00297@lumenmail.com,Furniture,3,255.72,0.05,,ZZ,
ORD-001289,2024-01-08,CUST-01704,cust-01704@lumenmail.com,Lighting,4,13.36,0.0,Email,CA,control
ORD-008991,2023-06-10,CUST-02731,cust-02731@lumenmail.com,Décor,2,156.12,0.2,Paid Search,US,control
ORD-007306,2024-10-07,CUST-01690,cust-01690@lumenmail.com,Lighting,4,54.18,0.1,Paid Search,US,control
ORD-006365,2024-10-12,CUST-00406,cust-00406@lumenmail.com,Décor,2,67.71,0.05,Email,US,
ORD-001182,2023-12-09,CUST-00164,cust-00164@lumenmail.com,Lighting,1,275.97,0.05,Paid Search,US,
ORD-006844,2023-12-13,CUST-01349,cust-01349@lumenmail.com,Furniture,1,50.8,0.05,Organic,CA,
ORD-008109,2024-11-07,CUST-02599,cust-02599@lumenmail.com,Décor,1,24.53,0.1,Organic,US,
ORD-006735,2023-08-16,CUST-01004,cust-01004@lumenmail.com,Outdoor,7,96.64,0.2,Organic,US,control
ORD-005926,2024-05-31,CUST-00849,cust-00849@lumenmail.com,Lighting,2,235.32,0.1,,AU,
ORD-002916,14/11/2024,CUST-01586,cust-01586@lumenmail.com,Lighting,1,92.08,0.0,Organic,US,
ORD-003136,2024-12-28,CUST-00214,cust-00214@lumenmail.com,Lighting,1,76.69,10.0,Paid Search,UK,control
ORD-008261,2023-12-04,CUST-01034,cust-01034@lumenmail.com,Furniture,-2,172.49,0.15,Paid Search,US,
ORD-005686,2024-03-26,CUST-02939,cust-02939@lumenmail.com,Accessories,2,365.83,0.0,Email,UK,
ORD-004530,2024-08-12,,guest@lumenmail.com,Accessories,1,35.53,0.1,Email,US,variant
ORD-003166,2024-10-15,CUST-01808,cust-01808@lumenmail.com,Furniture,2,79.34,0.0,Organic,US,variant
ORD-002815,2024-12-24,CUST-00302,cust-00302@lumenmail.com,Décor,2,589.59,0.0,Organic,US,
ORD-003736,2024-10-09,CUST-02045,cust-02045@lumenmail.com,Lighting,1,157.27,0.05,Organic,US,
ORD-007343,2023-12-08,CUST-02217,cust-02217@lumenmail.com,Outdoor,5,6.54,20.0,Paid Search,US,control
ORD-000933,2023-09-09,CUST-00141,cust-00141@lumenmail.com,Lighting,6,137.63,0.0,Email,UK,variant
ORD-006112,2024-06-02,CUST-01073,cust-01073@lumenmail.com,Décor,2,5.91,0.2,Email,US,control
ORD-005675,,CUST-02821,cust-02821@lumenmail.com,Lighting,1,224.99,0.0,Paid Search,US,control
ORD-006271,2024-05-15,CUST-01467,cust-01467@lumenmail.com,Lighting,2,15.14,0.2,Paid Search,UK,control
ORD-000394,2023-10-27,CUST-01593,cust-01593@lumenmail.com,Lighting,2,74.24,0.0,Email,US,
ORD-000007,2024-01-04,,guest@lumenmail.com,Décor,1,76.98,10.0,Organic,US,control
ORD-008417,2023-09-18,CUST-02039,cust-02039@lumenmail.com,Décor,2,131.25,0.1,Organic,US,
ORD-000134,2024-09-07,CUST-00553,cust-00553@lumenmail.com,Lighting,1,103.52,0.2,Email,CA,
ORD-008371,2024-09-02,CUST-00134,cust-00134@lumenmail.com,Accessories,1,435.72,0.05,Paid Search,US,control
ORD-002456,13/01/2024,CUST-01836,cust-01836@lumenmail.com,Décor,3,61.4,0.05,Paid Search,US,variant
ORD-000423,2024-07-07,CUST-00542,cust-00542@lumenmail.com,Furniture,3,30.07,0.0,Organic,US,control
ORD-005525,2024-01-22,CUST-02684,cust-02684@lumenmail.com,Outdoor,5,73.77,0.0,Email,CA,
ORD-009314,2024-11-07,CUST-02482,cust-02482@lumenmail.com,Décor,1,372.68,0.1,Email,US,variant
ORD-002893,24/08/2024,CUST-01467,cust-01467@lumenmail.com,Lighting,4,23.3,0.0,Social,UK,
ORD-007458,2023-07-29,CUST-02957,cust-02957@lumenmail.com,Lighting,3,95.3,0.0,,US,variant
ORD-008708,2024-06-03,CUST-02411,cust-02411@lumenmail.com,Lighting,2,486.82,0.1,Organic,US,
ORD-005819,2023-11-10,CUST-01535,cust-01535@lumenmail.com,Lightng,2,99.14,0.05,Paid Search,CA,
ORD-002896,25/09/2023,CUST-02175,cust-02175@lumenmail.com,Lighting,-3,86.24,0.1,Paid Search,US,control
ORD-004528,2024-09-02,CUST-02868,cust-02868@lumenmail.com,Lighting,7,47.76,0.0,Paid Search,US,
ORD-004575,2024-08-08,CUST-02132,cust-02132@lumenmail.com,Décor,1,369.59,0.1,,CA,control
ORD-003715,2024-03-13,CUST-00239,cust-00239@lumenmail.com,Furniture,1,21.25,0.05,Social,US,variant
ORD-005330,2023-10-23,CUST-00013,cust-00013@lumenmail.com,Furniture,2,94.2,0.0,Email,UK,control
ORD-000153,19/01/2024,CUST-02334,cust-02334@lumenmail.com,Outdoor,2,72.11,0.0,Email,US,
ORD-004847,2023-09-25,CUST-02346,cust-02346@lumenmail.com,Décor,1,117.55,0.05,Email,CA,variant
ORD-002678,2024-01-24,CUST-01764,cust-01764@lumenmail.com,Accessories,1,87.89,0.0,Email,ZZ,control
ORD-005894,26/09/2023,CUST-00427,cust-00427@lumenmail.com,Outdoor,1,274.61,0.1,,US,
ORD-006836,2024-03-29,CUST-01867,cust-01867@lumenmail.com,Furniture,3,11.07,0.05,Email,CA,variant
ORD-005966,2024-02-08,CUST-00762,cust-00762@lumenmail.com,Furniture,1,99.15,0.25,Email,US,variant
ORD-006450,2024-07-03,CUST-01355,cust-01355@lumenmail.com,Lighting,1,85.42,0.1,Paid Search,CA,
ORD-005476,24/10/2023,CUST-02137,cust-02137@lumenmail.com,Décor,1,271.64,0.0,Social,UK,
ORD-001205,2024-01-23,,guest@lumenmail.com,Décor,1,36.91,0.0,Email,US,
ORD-006999,2024-06-03,CUST-01768,cust-01768@lumenmail.com,Décor,1,135.66,0.1,Email,US,
ORD-009580,2024-01-23,CUST-01252,cust-01252@lumenmail.com,Décor,4,25.36,0.0,Paid Search,UK,control
ORD-006675,2024-06-04,CUST-00967,cust-00967@lumenmail.com,Outdoor,3,23.38,0.1,Social,US,
ORD-004239,2023-12-18,CUST-01614,cust-01614@lumenmail.com,Lighting,1,72.38,0.05,Paid Search,US,control
ORD-006937,2024-09-09,CUST-00190,cust-00190@lumenmail.com,Lighting,2,797.55,0.0,Social,UK,
ORD-009101,2024-11-22,CUST-01244,cust-01244@lumenmail.com,Lighting,2,378.55,0.15,Organic,CA,control
ORD-002859,2024-11-24,CUST-01153,cust-01153@lumenmail.com,Lighting,1,21.37,0.0,Email,US,variant
ORD-008571,23/06/2023,CUST-02299,cust-02299@lumenmail.com,Décor,2,130.92,0.0,Paid Search,US,control
ORD-000339,2024-12-04,CUST-01431,cust-01431@lumenmail.com,Lighting,6,48.74,0.05,Paid Search,US,variant
ORD-004437,2023-11-26,CUST-01722,cust-01722@lumenmail.com,Furniture,2,27.77,0.2,Organic,US,variant
ORD-000135,2023-08-16,CUST-00766,cust-00766@lumenmail.com,Lighting,1,146.27,0.05,Email,US,
ORD-006042,2023-10-20,CUST-00651,cust-00651@lumenmail.com,Lighting,1,158.53,15.0,Email,US,variant
ORD-009087,2024-03-08,CUST-02776,cust-02776@lumenmail.com,Décor,3,93.79,0.0,Organic,US,control
ORD-001131,2024-09-12,CUST-01631,cust-01631@lumenmail.com,Décor,2,94.83,0.0,Organic,AU,control
ORD-000146,2024-03-30,CUST-00688,cust-00688@lumenmail.com,Furniture,5,36.36,0.05,Social,CA,variant
ORD-002171,12/12/2023,CUST-01850,cust-01850@lumenmail.com,Lighting,4,54.3,0.1,Email,US,variant
ORD-006132,2023-11-14,CUST-02745,cust-02745@lumenmail.com,Lighting,1,151.29,0.0,Paid Search,US,
ORD-008769,2023-07-19,CUST-01602,cust-01602@lumenmail.com,Lighting,1,28.56,0.0,Email,CA,variant
ORD-006519,2024-10-27,CUST-02586,cust-02586@lumenmail.com,Furniture,1,365.52,0.2,Paid Search,US,variant
ORD-003198,2024-08-27,CUST-01893,cust-01893@lumenmail.com,Lighting,2,156.77,0.05,Email,US,variant
ORD-001332,2024-09-14,CUST-01042,cust-01042@lumenmail.com,Lighting,1,435.74,0.1,Email,ZZ,
ORD-002814,2023-06-10,CUST-01868,cust-01868@lumenmail.com,Décor,1,45.7,0.05,Email,US,control
ORD-000414,2023-07-29,CUST-01848,cust-01848@lumenmail.com,Lighting,3,70.65,0.0,Paid Search,US,variant
ORD-003160,2024-10-21,CUST-02434,cust-02434@lumenmail.com,Décor,3,39.01,0.0,Email,US,
ORD-002116,2024-07-13,,guest@lumenmail.com,Décor,5,91.4,0.05,Email,US,control
ORD-006409,2024-12-21,CUST-01562,cust-01562@lumenmail.com,Décor,2,112.38,0.1,Paid Search,UK,control
ORD-001948,2024-03-04,CUST-00517,cust-00517@lumenmail.com,Lighting,2,190.52,0.1,Social,US,variant
ORD-001225,19/07/2024,CUST-00650,cust-00650@lumenmail.com,Outdoor,2,74.93,0.15,Paid Search,US,control
ORD-001137,2023-06-15,CUST-00715,cust-00715@lumenmail.com,Décor,1,195.47,5.0,Email,US,variant
ORD-007327,2024-10-11,CUST-00941,cust-00941@lumenmail.com,Lighting,1,400.41,0.0,Organic,US,variant
ORD-008873,30/07/2024,CUST-02557,cust-02557@lumenmail.com,Décor,1,170.48,0.0,Paid Search,US,control
ORD-001155,2023-06-20,CUST-02342,cust-02342@lumenmail.com,Accessories,1,161.87,0.05,Email,CA,variant
ORD-008896,2024-12-09,CUST-01238,cust-01238@lumenmail.com,Décor,1,40.04,0.0,Email,CA,
ORD-007033,2024-08-08,CUST-02345,cust-02345@lumenmail.com,Décor,1,287.98,0.0,Organic,UK,variant
ORD-001983,2023-09-25,CUST-02843,cust-02843@lumenmail.com,Lighting,2,392.72,0.15,Social,US,variant
ORD-007738,2023-11-02,CUST-00599,cust-00599@lumenmail.com,Lighting,3,158.88,0.2,Email,ZZ,control
ORD-004244,2024-09-21,CUST-02252,cust-02252@lumenmail.com,Outdoor,2,85.19,0.15,Paid Search,CA,
ORD-008350,2023-08-13,CUST-01976,cust-01976@lumenmail.com,Décor,1,15.27,0.05,Email,US,variant
ORD-003864,13/06/2023,CUST-02810,cust-02810@lumenmail.com,Lighting,-1,314.59,0.0,Organic,US,
ORD-000169,2024-08-18,CUST-00264,cust-00264@lumenmail.com,Furniture,1,26.21,0.05,Paid Search,ZZ,control
ORD-006658,2024-09-09,CUST-02858,cust-02858@lumenmail.com,Décor,1,29.97,0.05,Social,AU,variant
ORD-002402,2023-07-21,CUST-00933,cust-00933@lumenmail.com,Accessories,1,103.59,0.05,Organic,US,
ORD-003929,2024-08-05,CUST-02972,cust-02972@lumenmail.com,Décor,2,19.16,0.05,Organic,ZZ,variant
ORD-000996,2024-06-03,,guest@lumenmail.com,Lighting,1,63.43,0.05,Paid Search,US,control
ORD-001306,2024-01-02,,guest@lumenmail.com,Lighting,1,171.9,0.05,Paid Search,CA,
ORD-000988,2023-07-31,,guest@lumenmail.com,Accessories,1,121.77,0.0,Paid Search,US,variant
ORD-004633,2024-11-06,CUST-01958,cust-01958@lumenmail.com,Lighting,2,35.39,0.0,Paid Search,US,control
ORD-003027,2023-08-17,CUST-00632,cust-00632@lumenmail.com,Lightng,4,138.4,0.1,Organic,US,
ORD-003106,2023-07-17,CUST-01968,cust-01968@lumenmail.com,Furniture,3,62.7,0.0,Organic,US,control
ORD-002813,2023-06-12,CUST-00714,cust-00714@lumenmail.com,Furniture,-1,190.5,0.05,Email,US,variant
ORD-009030,2024-04-19,CUST-02398,cust-02398@lumenmail.com,Décor,3,43.88,0.0,Paid Search,UK,
ORD-004344,2024-03-26,CUST-01418,cust-01418@lumenmail.com,Lighting,3,37.29,0.1,Paid Search,CA,
ORD-005209,2024-05-24,CUST-02817,cust-02817@lumenmail.com,Lighting,4,36.24,0.25,Paid Search,US,
ORD-003794,2023-12-15,CUST-01709,cust-01709@lumenmail.com,Décor,1,26.06,0.0,Organic,US,control
ORD-003220,2024-11-15,CUST-01491,cust-01491@lumenmail.com,Lighting,1,152.65,0.1,Social,US,
ORD-006624,01/12/2024,CUST-02419,cust-02419@lumenmail.com,Décor,1,32.23,0.0,Paid Search,US,control
ORD-005564,2023-12-28,CUST-02953,cust-02953@lumenmail.com,Lighting,2,543.47,10.0,Email,US,control
ORD-004262,2024-01-28,CUST-01049,cust-01049@lumenmail.com,Furniture,2,34.55,0.0,,US,variant
ORD-003635,2024-09-04,CUST-00078,cust-00078@lumenmail.com,Furniture,3,172.51,0.05,Paid Search,US,variant
ORD-002690,2024-11-08,CUST-01947,cust-01947@lumenmail.com,Décor,2,103.41,0.0,Email,US,
ORD-008655,29/06/2024,CUST-02297,cust-02297@lumenmail.com,Décor,2,65.01,0.0,Organic,UK,control
ORD-007732,2024-11-12,CUST-01834,cust-01834@lumenmail.com,Furniture,4,345.58,0.0,Paid Search,US,variant
ORD-001154,2024-03-13,CUST-01329,cust-01329@lumenmail.com,Accessories,1,94.46,0.05,Paid Search,UK,
ORD-008974,2024-01-03,CUST-01041,cust-01041@lumenmail.com,Lighting,1,11.5,0.0,Organic,CA,control
ORD-005613,2024-07-28,CUST-00019,cust-00019@lumenmail.com,Furniture,2,43.12,0.25,Paid Search,US,variant
ORD-003187,2024-01-01,CUST-00707,cust-00707@lumenmail.com,Furniture,3,620.81,0.1,Paid Search,US,
ORD-002509,2023-08-16,CUST-02675,cust-02675@lumenmail.com,Lighting,-1,52.03,0.1,Organic,US,variant
ORD-000577,2024-04-11,CUST-02570,cust-02570@lumenmail.com,Furniture,2,541.01,0.1,,CA,control
ORD-007452,11/12/2024,CUST-00161,cust-00161@lumenmail.com,Furniture,1,219.13,0.05,Email,ZZ,control
ORD-002145,2024-06-23,CUST-00367,cust-00367@lumenmail.com,Furniture,1,113.76,0.05,Social,US,
ORD-007955,2024-08-09,CUST-00125,cust-00125@lumenmail.com,Lighting,1,146.0,0.05,Paid Search,US,variant
ORD-001944,2023-06-21,CUST-00333,cust-00333@lumenmail.com,Décor,1,673.32,0.05,Social,UK,
ORD-007497,23/12/2023,CUST-01374,cust-01374@lumenmail.com,Décor,1,29.13,0.15,Organic,US,variant
ORD-008009,2024-11-22,,guest@lumenmail.com,Outdoor,1,148.6,0.0,Email,CA,variant
ORD-004654,10/01/2024,CUST-02064,cust-02064@lumenmail.com,Furniture,3,213.44,0.05,Social,US,control
ORD-000715,2024-02-12,CUST-01745,cust-01745@lumenmail.com,Furniture,4,139.8,0.05,Social,US,
ORD-003069,2024-07-23,CUST-00615,cust-00615@lumenmail.com,Lighting,-1,11.09,0.0,Paid Search,US,variant
ORD-000699,2023-09-27,CUST-01373,cust-01373@lumenmail.com,Décor,2,38.41,0.05,Organic,UK,
ORD-005434,31/08/2024,CUST-01114,cust-01114@lumenmail.com,Décor,1,92.41,0.05,Paid Search,US,
ORD-003164,2024-08-16,CUST-01953,cust-01953@lumenmail.com,Lighting,2,33.18,0.1,Paid Search,UK,variant
ORD-003112,2024-08-27,CUST-01211,cust-01211@lumenmail.com,Outdoor,3,210.69,25.0,Paid Search,US,variant
ORD-005149,2024-08-05,CUST-02421,cust-02421@lumenmail.com,Outdoor,3,53.64,5.0,Email,CA,variant
ORD-008695,2023-07-10,CUST-01370,cust-01370@lumenmail.com,Furniture,1,146.91,0.15,Paid Search,UK,control
ORD-006555,06/07/2023,CUST-00416,cust-00416@lumenmail.com,Lighting,2,77.4,0.2,Organic,CA,
ORD-004753,2024-12-28,CUST-01214,cust-01214@lumenmail.com,Lighting,2,10.08,0.0,Email,US,control
ORD-003460,2024-06-22,CUST-01419,cust-01419@lumenmail.com,Décor,1,142.03,0.1,Paid Search,CA,
ORD-001713,2024-01-30,CUST-00316,cust-00316@lumenmail.com,Furniture,1,30.69,0.15,Paid Search,CA,
ORD-007124,2024-03-24,CUST-02593,cust-02593@lumenmail.com,Lighting,6,79.53,0.1,Email,US,variant
ORD-004279,2023-08-06,CUST-02309,cust-02309@lumenmail.com,Accessories,4,155.61,0.1,Social,US,variant
ORD-000256,2023-11-27,CUST-01172,cust-01172@lumenmail.com,Décor,3,35.58,5.0,Email,US,
ORD-005607,27/11/2024,CUST-00201,cust-00201@lumenmail.com,Furniture,6,44.13,0.1,Organic,US,
ORD-004275,2023-06-01,CUST-00389,cust-00389@lumenmail.com,Décor,3,209.83,0.05,Email,CA,control
ORD-008104,2024-02-06,CUST-02909,cust-02909@lumenmail.com,Décor,3,45.0,0.1,Email,CA,variant
ORD-000045,2023-07-01,CUST-01111,cust-01111@lumenmail.com,Décor,1,65.03,0.0,Paid Search,ZZ,
ORD-009356,2024-10-31,CUST-01846,cust-01846@lumenmail.com,Outdoor,2,85.55,0.0,Paid Search,ZZ,control
ORD-007885,2023-09-02,,guest@lumenmail.com,Lighting,3,307.76,0.05,Email,US,control
ORD-000090,2024-04-16,CUST-01932,cust-01932@lumenmail.com,Lighting,3,482.88,0.0,Social,US,
ORD-003080,2024-11-24,CUST-00970,cust-00970@lumenmail.com,Lighting,1,12.8,0.05,Paid Search,US,control
ORD-007100,2023-12-31,CUST-00400,cust-00400@lumenmail.com,Furniture,1,119.75,0.0,Social,CA,control
ORD-002796,2023-11-22,CUST-01128,cust-01128@lumenmail.com,Outdoor,1,49.86,0.05,Paid Search,US,variant
ORD-000119,19/12/2024,CUST-02035,cust-02035@lumenmail.com,Décor,3,268.82,0.0,Email,US,
ORD-007817,2024-10-21,,guest@lumenmail.com,Outdoor,3,90.1,0.05,Social,US,variant
ORD-000920,2024-02-25,,guest@lumenmail.com,Décor,3,35.64,5.0,Email,US,
ORD-000029,2023-10-03,CUST-00842,cust-00842@lumenmail.com,Furniture,2,22.7,0.05,,US,
ORD-004050,2024-10-06,CUST-00986,cust-00986@lumenmail.com,Lighting,2,179.54,0.1,Paid Search,US,control
ORD-008446,18/12/2024,CUST-02164,cust-02164@lumenmail.com,Outdoor,2,57.52,0.0,Email,US,variant
ORD-005752,2024-06-28,CUST-01318,cust-01318@lumenmail.com,Outdoor,2,54.5,0.0,Social,US,control
ORD-007305,2024-07-04,CUST-00935,cust-00935@lumenmail.com,Accessories,2,10.19,0.0,Email,CA,control
ORD-001239,2024-10-15,CUST-00844,cust-00844@lumenmail.com,Lighting,1,106.47,0.1,Paid Search,CA,
ORD-006662,2024-01-21,CUST-02316,cust-02316@lumenmail.com,Décor,2,265.43,0.1,Social,US,variant
ORD-000273,30/12/2023,CUST-01447,cust-01447@lumenmail.com,Accessories,3,117.44,0.0,Paid Search,US,control
ORD-005364,2023-12-12,CUST-02972,cust-02972@lumenmail.com,Décor,2,155.1,0.05,Paid Search,US,
ORD-007013,2024-11-14,CUST-01319,cust-01319@lumenmail.com,Lighting,1,33.47,0.05,Email,US,variant
ORD-003739,13/07/2024,CUST-01817,cust-01817@lumenmail.com,Lighting,1,83.34,0.0,Organic,US,control
ORD-005908,2024-03-10,CUST-01764,cust-01764@lumenmail.com,Outdoor,2,689.44,0.0,Social,CA,variant
ORD-007657,2024-04-15,CUST-01991,cust-01991@lumenmail.com,Décor,3,216.18,0.0,Paid Search,US,
ORD-005094,2024-08-04,CUST-01048,cust-01048@lumenmail.com,Accessories,2,188.79,0.1,Email,CA,control
ORD-005746,2024-02-14,CUST-02392,cust-02392@lumenmail.com,Furniture,4,94.46,0.15,Paid Search,UK,
ORD-004845,2024-06-24,CUST-02410,cust-02410@lumenmail.com,Furniture,1,185.08,0.1,Social,US,
ORD-009498,2023-07-22,CUST-02714,cust-02714@lumenmail.com,Décor,1,19.38,0.0,Social,US,
ORD-005256,2024-11-13,CUST-02447,cust-02447@lumenmail.com,Outdoor,-1,39.48,0.25,Email,US,variant
ORD-000353,04/03/2024,CUST-01803,cust-01803@lumenmail.com,Furniture,1,56.16,0.0,Organic,US,
ORD-000377,10/12/2024,CUST-00605,cust-00605@lumenmail.com,Furniture,2,182.89,0.05,Paid Search,UK,control
ORD-005720,11/06/2023,CUST-00645,cust-00645@lumenmail.com,Décor,2,108.65,0.05,Paid Search,AU,variant
ORD-000819,2024-10-05,CUST-00595,cust-00595@lumenmail.com,Décor,2,40.0,0.2,Email,AU,
ORD-001008,2023-10-05,CUST-00428,cust-00428@lumenmail.com,Décor,3,174.04,0.05,Organic,US,variant
ORD-009213,2023-06-10,CUST-00463,cust-00463@lumenmail.com,Lighting,2,45.22,0.1,Paid Search,US,variant
ORD-008185,2024-09-16,CUST-02848,cust-02848@lumenmail.com,Décor,5,14.09,0.0,Email,CA,control
ORD-007652,2023-12-11,CUST-02202,cust-02202@lumenmail.com,Furniture,3,739.89,0.0,Paid Search,US,variant
ORD-006909,2023-08-11,CUST-02735,cust-02735@lumenmail.com,Lighting,3,41.09,0.0,Social,CA,variant
ORD-005073,02/11/2023,CUST-00936,cust-00936@lumenmail.com,Lighting,4,174.15,0.25,Email,CA,control
ORD-005493,,CUST-00248,cust-00248@lumenmail.com,Décor,2,262.47,0.05,Paid Search,AU,
ORD-006411,2024-10-03,CUST-02589,cust-02589@lumenmail.com,Furniture,1,133.12,0.0,Email,UK,control
ORD-005797,2024-02-28,CUST-00468,cust-00468@lumenmail.com,Lighting,1,42.29,0.2,Email,US,control
ORD-003856,2023-09-11,,guest@lumenmail.com,Lighting,3,37.01,0.05,Organic,ZZ,
ORD-003054,2024-04-06,CUST-01518,cust-01518@lumenmail.com,Outdoor,2,760.99,0.0,Paid Search,UK,variant
ORD-008117,2023-12-10,CUST-02968,cust-02968@lumenmail.com,lighting,3,384.21,0.25,Email,US,variant
ORD-006107,28/09/2023,CUST-02708,cust-02708@lumenmail.com,Furniture,3,8.19,0.0,Email,CA,
ORD-007752,2024-08-11,CUST-02537,cust-02537@lumenmail.com,lighting,1,9.76,0.15,,US,
ORD-001497,2023-08-19,CUST-00831,cust-00831@lumenmail.com,Lighting,2,35.13,0.15,Organic,US,variant
ORD-004072,2023-06-24,CUST-01882,cust-01882@lumenmail.com,Outdoor,1,388.22,0.05,Paid Search,UK,variant
ORD-006504,2024-12-11,CUST-00160,cust-00160@lumenmail.com,Lighting,2,138.45,0.05,,UK,control
ORD-007093,2023-09-15,CUST-02877,cust-02877@lumenmail.com,Lighting,1,233.39,0.15,Paid Search,US,
ORD-007635,2024-02-14,CUST-01175,cust-01175@lumenmail.com,Outdoor,2,172.1,0.0,Paid Search,US,control
ORD-001030,2024-12-25,CUST-02692,cust-02692@lumenmail.com,Outdoor,4,68.23,0.2,Email,CA,variant
ORD-002990,26/02/2024,CUST-02168,cust-02168@lumenmail.com,Furniture,1,704.28,0.15,Organic,US,control
ORD-003495,2024-06-08,CUST-00010,cust-00010@lumenmail.com,Décor,1,260.38,0.0,Organic,US,variant
ORD-005303,2023-06-30,CUST-00106,cust-00106@lumenmail.com,Furniture,2,63.86,0.15,Organic,US,variant
ORD-001005,2024-12-19,CUST-02943,cust-02943@lumenmail.com,Outdoor,2,144.96,15.0,Email,CA,control
ORD-000049,2023-06-14,CUST-02891,cust-02891@lumenmail.com,Décor,1,33.39,0.0,Paid Search,CA,
ORD-003085,2023-12-17,CUST-01908,cust-01908@lumenmail.com,Décor,2,260.26,0.0,Paid Search,US,variant
ORD-006607,2023-10-10,CUST-00973,cust-00973@lumenmail.com,Décor,3,31.03,0.0,Email,AU,control
ORD-006737,2023-06-13,CUST-02813,cust-02813@lumenmail.com,Accessories,1,144.21,0.05,,US,control
ORD-004025,2023-08-03,CUST-02453,cust-02453@lumenmail.com,Furniture,1,99.88,0.0,Organic,CA,control
ORD-004687,2024-06-18,CUST-01795,cust-01795@lumenmail.com,Furniture,1,39.66,0.0,Organic,US,control
ORD-007688,16/02/2024,CUST-00350,cust-00350@lumenmail.com,Décor,2,40.34,0.15,Social,US,
ORD-001075,23/06/2023,CUST-00984,cust-00984@lumenmail.com,Lighting,2,28.47,0.2,Email,US,
ORD-008978,2024-09-26,CUST-00570,cust-00570@lumenmail.com,Lighting,1,197.65,0.0,Organic,US,control
ORD-006090,2023-06-23,CUST-02533,cust-02533@lumenmail.com,Décor,2,125.53,0.0,Paid Search,US,variant
ORD-003313,2024-02-22,CUST-00882,cust-00882@lumenmail.com,Lightng,6,83.48,0.2,Email,UK,
ORD-000497,2024-08-24,CUST-01416,cust-01416@lumenmail.com,Lighting,2,83.93,0.05,Organic,US,
ORD-006354,2024-05-08,CUST-01851,cust-01851@lumenmail.com,Décor,3,48.85,0.1,Organic,CA,control
ORD-002180,2024-08-13,CUST-01630,cust-01630@lumenmail.com,lighting,1,186.74,0.05,Email,ZZ,
ORD-009508,2024-01-02,CUST-01362,cust-01362@lumenmail.com,Décor,1,61.17,0.0,Email,US,variant
ORD-005475,2023-09-22,CUST-02468,cust-02468@lumenmail.com,Outdoor,2,26.31,0.1,Email,US,
ORD-001439,2023-06-30,CUST-00700,cust-00700@lumenmail.com,Lighting,6,13.9,0.0,Email,CA,
ORD-002455,2024-07-07,CUST-01325,cust-01325@lumenmail.com,Lightng,4,115.84,0.05,Paid Search,US,variant
ORD-006070,2024-03-15,CUST-01084,cust-01084@lumenmail.com,Décor,4,163.38,0.2,Paid Search,UK,control
ORD-002549,2024-07-21,CUST-01789,cust-01789@lumenmail.com,Décor,3,146.42,0.0,Paid Search,US,variant
ORD-008910,2023-11-21,CUST-02566,cust-02566@lumenmail.com,Furniture,1,58.7,0.1,Social,US,control
ORD-006945,2024-06-09,CUST-00327,cust-00327@lumenmail.com,Décor,1,60.11,0.0,Paid Search,ZZ,variant
ORD-008525,2023-08-01,CUST-01167,cust-01167@lumenmail.com,Furniture,2,167.14,0.25,Email,CA,variant
ORD-003539,19/12/2023,,guest@lumenmail.com,Décor,1,765.47,0.0,Paid Search,US,variant
ORD-001372,2023-09-16,CUST-02949,cust-02949@lumenmail.com,Décor,7,77.76,0.0,Email,US,control
ORD-009395,2024-08-04,CUST-00182,cust-00182@lumenmail.com,Furniture,1,321.72,0.0,,UK,variant
ORD-001963,2023-12-18,CUST-01041,cust-01041@lumenmail.com,Outdoor,7,50.65,0.0,Organic,CA,
ORD-004773,2024-05-24,CUST-01618,cust-01618@lumenmail.com,Outdoor,1,52.23,0.15,Social,UK,control
ORD-005263,2024-12-10,CUST-01549,cust-01549@lumenmail.com,Furniture,2,40.73,0.0,Organic,US,control
ORD-002361,2023-12-08,CUST-01534,cust-01534@lumenmail.com,Décor,2,34.79,0.0,Social,US,
ORD-007056,2024-09-24,CUST-02911,cust-02911@lumenmail.com,Décor,2,156.76,0.05,Paid Search,US,
ORD-005309,2023-10-01,CUST-00035,cust-00035@lumenmail.com,Furniture,5,54.32,0.1,Organic,US,control
ORD-007272,2023-06-08,CUST-02940,cust-02940@lumenmail.com,Lighting,3,109.22,10.0,Social,US,
ORD-007863,2024-09-14,CUST-01041,cust-01041@lumenmail.com,Lightng,3,54.43,0.05,Paid Search,US,
ORD-001018,2024-12-15,CUST-01286,cust-01286@lumenmail.com,Lighting,2,98.3,0.25,Organic,CA,
ORD-006892,2024-12-21,CUST-00777,cust-00777@lumenmail.com,Lighting,1,132.14,0.0,Email,US,variant
ORD-007141,2024-12-08,CUST-01424,cust-01424@lumenmail.com,Furniture,3,43.03,5.0,Organic,US,control
ORD-000154,2024-11-30,CUST-02283,cust-02283@lumenmail.com,Accessories,1,55.66,0.0,Organic,US,
ORD-002854,2024-07-22,CUST-01454,cust-01454@lumenmail.com,Décor,1,13.06,15.0,Organic,US,control
ORD-000264,2024-07-04,CUST-02323,cust-02323@lumenmail.com,Furniture,1,63.84,0.0,Organic,US,
ORD-008249,2024-10-09,CUST-00781,cust-00781@lumenmail.com,Furniture,1,44.81,0.25,Email,CA,variant
ORD-002346,2023-06-23,CUST-00937,cust-00937@lumenmail.com,Décor,1,562.29,0.0,Paid Search,AU,control
ORD-009184,2023-06-27,CUST-00227,cust-00227@lumenmail.com,Décor,1,179.45,0.0,Email,US,control
ORD-006410,2024-11-10,CUST-00520,cust-00520@lumenmail.com,Outdoor,-1,49.64,0.0,Email,US,
ORD-007191,2024-04-01,CUST-02360,cust-02360@lumenmail.com,Décor,1,285.88,0.0,Paid Search,UK,control
ORD-007074,2024-08-09,CUST-01106,cust-01106@lumenmail.com,Décor,1,39.92,0.1,Social,US,
ORD-001893,2023-11-09,CUST-02290,cust-02290@lumenmail.com,Lighting,2,181.97,0.05,Paid Search,US,control
ORD-003215,2023-06-03,CUST-02752,cust-02752@lumenmail.com,Outdoor,1,46.92,0.0,Email,CA,control
ORD-000236,,CUST-02480,cust-02480@lumenmail.com,Furniture,2,107.15,0.1,Social,CA,variant
ORD-008607,2023-10-22,CUST-02312,cust-02312@lumenmail.com,Furniture,1,62.62,20.0,Paid Search,US,variant
ORD-000186,2024-11-13,CUST-01052,cust-01052@lumenmail.com,Décor,1,122.54,0.15,Organic,US,variant
ORD-000437,2023-09-06,CUST-02201,cust-02201@lumenmail.com,Lighting,1,207.66,5.0,Organic,CA,control
ORD-005323,26/07/2023,CUST-02114,cust-02114@lumenmail.com,Outdoor,5,83.0,0.1,Organic,US,variant
ORD-001951,2023-07-10,CUST-00170,cust-00170@lumenmail.com,Accessories,4,83.14,0.0,Email,US,control
ORD-000010,2024-02-02,CUST-00990,cust-00990@lumenmail.com,Lighting,4,141.18,0.0,Email,CA,control
ORD-000086,2023-12-09,CUST-01348,cust-01348@lumenmail.com,Décor,1,98.04,0.0,Social,US,
ORD-006288,2024-12-29,CUST-02791,cust-02791@lumenmail.com,Lighting,2,13.6,20.0,Paid Search,US,
ORD-000286,2023-06-12,CUST-02995,cust-02995@lumenmail.com,Décor,1,33.95,10.0,Social,US,
ORD-007197,2024-11-02,CUST-01539,cust-01539@lumenmail.com,Lighting,1,26.89,0.0,Organic,US,
ORD-002589,2023-07-13,CUST-02185,cust-02185@lumenmail.com,Lighting,1,64.65,0.05,Email,US,variant
ORD-000194,2023-10-27,CUST-02786,cust-02786@lumenmail.com,Décor,1,12.33,0.0,Organic,CA,control
ORD-008617,2023-11-20,CUST-00477,cust-00477@lumenmail.com,Lighting,2,48.97,0.05,Email,US,
ORD-001191,2023-07-17,,guest@lumenmail.com,Lighting,1,37.93,0.25,Paid Search,US,variant
ORD-000081,2024-04-22,CUST-01881,cust-01881@lumenmail.com,Lighting,1,41.57,0.05,Social,UK,
ORD-005776,2024-10-17,CUST-01408,cust-01408@lumenmail.com,Décor,2,87.5,0.0,Paid Search,AU,control
ORD-007891,2023-12-29,CUST-01986,cust-01986@lumenmail.com,Furniture,1,91.97,0.0,Organic,AU,control
ORD-007487,2023-11-22,CUST-02041,cust-02041@lumenmail.com,Décor,3,290.56,0.0,Email,US,
ORD-005117,2023-11-14,CUST-00686,cust-00686@lumenmail.com,Lighting,1,64.68,0.0,Paid Search,CA,control
ORD-006075,2024-04-30,CUST-01945,cust-01945@lumenmail.com,Lighting,6,88.74,0.25,,UK,variant
ORD-006310,2024-08-08,CUST-01317,cust-01317@lumenmail.com,Décor,4,22.45,0.15,Email,US,variant
ORD-005830,04/06/2024,,guest@lumenmail.com,Furniture,3,381.29,0.05,,ZZ,control
ORD-004966,2024-07-27,CUST-01185,cust-01185@lumenmail.com,Outdoor,1,6.6,0.2,Paid Search,US,variant
ORD-005128,2024-05-10,CUST-02932,cust-02932@lumenmail.com,Lighting,1,330.46,0.0,Paid Search,US,
ORD-008186,2024-06-15,CUST-00208,cust-00208@lumenmail.com,Accessories,2,83.23,25.0,Organic,US,control
ORD-007330,2024-12-06,CUST-00921,cust-00921@lumenmail.com,Lighting,1,784.53,0.0,,US,control
ORD-009262,2024-01-30,CUST-02633,cust-02633@lumenmail.com,Accessories,1,53.92,0.1,Email,UK,control
ORD-009455,2023-12-13,CUST-01549,cust-01549@lumenmail.com,Lighting,2,124.32,0.0,Organic,US,variant
ORD-004548,2024-01-04,CUST-02851,cust-02851@lumenmail.com,Accessories,1,30.55,0.1,Paid Search,US,control
ORD-005213,2024-06-04,CUST-00283,cust-00283@lumenmail.com,Accessories,1,92.4,15.0,Social,UK,variant
ORD-001788,2024-10-10,CUST-00259,cust-00259@lumenmail.com,Furniture,3,31.23,0.1,Email,US,control
ORD-009137,19/05/2024,CUST-02437,cust-02437@lumenmail.com,Lighting,2,19.18,0.2,Organic,US,variant
ORD-001996,2024-10-23,CUST-01901,cust-01901@lumenmail.com,Lighting,1,181.34,0.05,Paid Search,US,control
ORD-007395,2024-02-18,CUST-02613,cust-02613@lumenmail.com,Décor,3,162.54,0.05,Social,US,
ORD-009347,02/10/2024,CUST-01235,cust-01235@lumenmail.com,Décor,1,349.38,0.2,Paid Search,AU,control
ORD-002951,2024-01-14,,guest@lumenmail.com,Lighting,2,28.1,0.1,Social,US,variant
ORD-005454,2024-09-05,CUST-00206,cust-00206@lumenmail.com,Lighting,4,92.72,10.0,Paid Search,US,control
ORD-003747,2023-06-25,,guest@lumenmail.com,Outdoor,2,413.16,0.1,Social,US,variant
ORD-001061,16/10/2024,CUST-02455,cust-02455@lumenmail.com,Décor,1,49.42,0.1,Social,AU,
ORD-001444,2024-08-04,CUST-01579,cust-01579@lumenmail.com,Furniture,1,112.06,0.0,Email,US,variant
ORD-005329,2024-08-16,CUST-01867,cust-01867@lumenmail.com,Lighting,1,64.29,0.2,Email,US,
ORD-007111,2023-08-12,CUST-00197,cust-00197@lumenmail.com,Furniture,3,89.34,15.0,Organic,ZZ,variant
ORD-002003,2024-01-29,CUST-02767,cust-02767@lumenmail.com,Furniture,1,21.09,0.05,Organic,US,control
ORD-000121,2024-10-30,CUST-00079,cust-00079@lumenmail.com,Lighting,1,102.54,0.0,,US,
ORD-000695,2024-07-15,CUST-00361,cust-00361@lumenmail.com,Décor,3,167.24,0.0,Organic,US,variant
ORD-005540,2024-09-11,CUST-01783,cust-01783@lumenmail.com,Accessories,1,319.55,0.05,Paid Search,US,
ORD-003756,2024-09-09,CUST-02372,cust-02372@lumenmail.com,Lighting,1,58.72,0.0,Paid Search,US,variant
ORD-004821,2024-04-28,CUST-00983,cust-00983@lumenmail.com,Lightng,1,158.83,0.0,Paid Search,US,variant
ORD-005823,2024-07-22,CUST-00512,cust-00512@lumenmail.com,Lighting,1,77.05,0.1,Paid Search,UK,control
ORD-006474,2023-08-22,CUST-00794,cust-00794@lumenmail.com,Lighting,2,99.75,0.0,Email,US,
ORD-002308,02/01/2024,CUST-01531,cust-01531@lumenmail.com,Furniture,2,221.41,0.1,Paid Search,US,variant
ORD-009035,2024-10-03,CUST-02660,cust-02660@lumenmail.com,Furniture,3,19.96,0.0,,US,variant
ORD-008548,2023-10-05,CUST-02830,cust-02830@lumenmail.com,Lighting,6,222.6,0.2,Paid Search,UK,
ORD-004509,05/09/2024,CUST-01117,cust-01117@lumenmail.com,Furniture,5,14.21,0.05,Email,US,control
ORD-006669,23/12/2024,CUST-01175,cust-01175@lumenmail.com,Accessories,1,109.72,0.0,Email,CA,variant
ORD-004210,2023-10-06,CUST-02890,cust-02890@lumenmail.com,Décor,3,13.53,0.05,Paid Search,US,
ORD-002987,07/08/2023,CUST-01581,cust-01581@lumenmail.com,Furniture,1,31.42,0.0,Paid Search,US,variant
ORD-001549,2024-09-13,CUST-00985,cust-00985@lumenmail.com,Accessories,2,112.24,0.0,Social,US,control
ORD-007166,22/08/2024,CUST-02970,cust-02970@lumenmail.com,Furniture,1,10.59,0.2,Paid Search,UK,control
ORD-003351,2024-10-06,CUST-00128,cust-00128@lumenmail.com,Furniture,1,18.01,5.0,,UK,control
ORD-005854,2024-10-13,CUST-01129,cust-01129@lumenmail.com,Décor,1,97.59,0.0,Paid Search,US,variant
ORD-003806,2024-01-19,CUST-00834,cust-00834@lumenmail.com,Lighting,2,141.08,15.0,Paid Search,US,control
ORD-005920,2023-07-01,CUST-00554,cust-00554@lumenmail.com,Furniture,6,177.16,0.0,Social,US,control
ORD-002369,19/09/2023,CUST-02981,cust-02981@lumenmail.com,Furniture,1,30.13,0.15,Social,US,control
ORD-001859,2023-09-09,CUST-00367,cust-00367@lumenmail.com,Lighting,2,356.56,0.0,Email,US,
ORD-002616,21/08/2024,CUST-01876,cust-01876@lumenmail.com,Décor,1,46.64,0.0,Organic,US,
ORD-003676,2023-07-25,CUST-01940,cust-01940@lumenmail.com,Furniture,2,448.43,0.0,Organic,US,control
ORD-001020,2023-08-21,CUST-02506,cust-02506@lumenmail.com,Lighting,2,39.04,0.0,Social,US,
ORD-006257,2023-09-03,CUST-00265,cust-00265@lumenmail.com,Lighting,2,48.37,0.2,Paid Search,US,variant
ORD-002759,04/12/2024,CUST-00543,cust-00543@lumenmail.com,Lighting,4,192.45,0.0,Organic,US,control
ORD-003277,2024-05-29,CUST-01278,cust-01278@lumenmail.com,Lighting,1,39.68,0.05,Paid Search,US,variant
ORD-005132,2023-12-13,CUST-01083,cust-01083@lumenmail.com,Accessories,1,154.69,0.0,Organic,US,variant
ORD-004385,04/10/2024,,guest@lumenmail.com,Lighting,3,249.77,0.0,Organic,US,variant
ORD-008521,2024-12-04,CUST-00264,cust-00264@lumenmail.com,Lighting,1,176.39,0.05,Organic,UK,
ORD-008066,2023-06-10,CUST-00663,cust-00663@lumenmail.com,Lighting,2,94.54,0.0,Social,US,variant
ORD-006756,2024-02-07,CUST-01393,cust-01393@lumenmail.com,Lightng,2,58.0,0.0,Email,US,
ORD-009128,2023-06-30,CUST-02610,cust-02610@lumenmail.com,Furniture,2,78.03,0.0,Email,US,
ORD-001576,2024-03-23,CUST-00881,cust-00881@lumenmail.com,Outdoor,4,130.64,0.0,Paid Search,CA,
ORD-004715,2024-03-20,CUST-01980,cust-01980@lumenmail.com,Lighting,1,36.31,0.15,Email,US,variant
ORD-000020,2024-11-25,CUST-02869,cust-02869@lumenmail.com,Furniture,3,174.0,0.2,Paid Search,CA,
ORD-007296,,,guest@lumenmail.com,Lighting,3,483.24,0.0,Email,UK,
ORD-003037,2023-08-31,CUST-00747,cust-00747@lumenmail.com,Décor,1,189.06,0.05,Organic,US,
ORD-003428,2023-07-08,CUST-02413,cust-02413@lumenmail.com,Furniture,1,521.5,0.0,Paid Search,US,control
ORD-000216,2023-07-06,CUST-02618,cust-02618@lumenmail.com,Lighting,3,101.98,0.15,Organic,US,
ORD-004636,2023-12-07,CUST-01719,cust-01719@lumenmail.com,Furniture,1,181.35,0.0,Social,US,variant
ORD-001261,2023-12-14,CUST-01863,cust-01863@lumenmail.com,Furniture,1,26.89,0.0,Email,CA,
ORD-005677,24/02/2024,CUST-00261,cust-00261@lumenmail.com,Accessories,3,11.69,0.05,Paid Search,AU,control
ORD-003420,2023-11-03,CUST-00343,cust-00343@lumenmail.com,Outdoor,1,156.6,0.2,Paid Search,US,control
ORD-008761,2023-10-11,CUST-00080,cust-00080@lumenmail.com,Lighting,2,146.29,0.0,Organic,US,control
ORD-000117,2023-08-08,CUST-01316,cust-01316@lumenmail.com,Décor,3,47.17,0.0,,US,variant
ORD-006997,2024-10-09,CUST-00074,cust-00074@lumenmail.com,Décor,1,0.0,0.0,Email,CA,control
ORD-000282,2024-09-09,CUST-02930,cust-02930@lumenmail.com,Furniture,1,14.76,0.0,Organic,US,
ORD-004479,2023-08-16,CUST-01149,cust-01149@lumenmail.com,Lighting,2,59.02,0.05,Organic,US,
ORD-009531,2023-07-17,CUST-01317,cust-01317@lumenmail.com,Décor,1,36.73,0.15,Paid Search,US,variant
ORD-006211,2023-07-07,CUST-02823,cust-02823@lumenmail.com,Accessories,1,39.6,0.0,Paid Search,US,
ORD-003442,2024-05-15,CUST-02632,cust-02632@lumenmail.com,Lighting,3,23.14,0.0,Organic,US,variant
ORD-004214,2024-07-03,CUST-02807,cust-02807@lumenmail.com,Lighting,1,267.39,0.0,Organic,US,
ORD-007425,2024-09-21,CUST-02831,cust-02831@lumenmail.com,Lighting,1,43.31,10.0,Email,CA,variant
ORD-005780,2024-09-21,CUST-02507,cust-02507@lumenmail.com,Décor,1,98.21,0.15,Organic,US,variant
ORD-009085,2024-05-05,CUST-01590,cust-01590@lumenmail.com,Furniture,1,97.72,0.0,Paid Search,UK,variant
ORD-001900,2023-10-08,CUST-02714,cust-02714@lumenmail.com,Décor,2,64.65,0.0,Paid Search,US,
ORD-002621,2024-12-11,CUST-02713,cust-02713@lumenmail.com,Lighting,-1,145.91,0.15,Social,US,
ORD-000958,2023-06-06,CUST-01423,cust-01423@lumenmail.com,Furniture,4,24.34,20.0,Social,UK,control
ORD-002302,2024-02-10,CUST-02813,cust-02813@lumenmail.com,Outdoor,1,45.32,0.05,Paid Search,CA,control
ORD-001756,,CUST-02316,cust-02316@lumenmail.com,Lighting,-2,643.81,0.25,Organic,US,
ORD-004222,2023-07-07,CUST-00774,cust-00774@lumenmail.com,Décor,2,56.91,0.0,Paid Search,US,
ORD-005889,2023-08-16,CUST-00117,cust-00117@lumenmail.com,Accessories,2,37.49,0.25,Paid Search,UK,control
ORD-008725,23/08/2024,CUST-01721,cust-01721@lumenmail.com,Lighting,6,649.97,0.0,Email,US,
ORD-006571,2023-06-26,CUST-02880,cust-02880@lumenmail.com,Lighting,2,48.07,0.1,Paid Search,US,control
ORD-000579,2024-10-24,,guest@lumenmail.com,Décor,7,70.71,0.0,,AU,control
ORD-008555,2024-11-12,,guest@lumenmail.com,Accessoires,1,238.05,0.1,Email,US,
ORD-004426,26/03/2024,CUST-01485,cust-01485@lumenmail.com,Furniture,1,274.7,0.05,Email,US,variant
ORD-000627,2024-05-14,CUST-02256,cust-02256@lumenmail.com,Lighting,1,59.66,0.0,Organic,US,
ORD-000223,2023-09-21,,guest@lumenmail.com,Furniture,1,341.53,0.0,,US,variant
ORD-000457,2023-11-12,CUST-02286,cust-02286@lumenmail.com,Accessories,-3,94.15,5.0,Organic,US,control
ORD-003664,2023-12-28,CUST-00948,cust-00948@lumenmail.com,Lighting,5,62.63,0.0,Email,US,control
ORD-004876,30/01/2024,CUST-00309,cust-00309@lumenmail.com,Furniture,2,37.26,0.2,Paid Search,UK,
ORD-000541,2024-09-09,CUST-02654,cust-02654@lumenmail.com,Lighting,2,54.97,0.0,Email,US,
ORD-000454,2024-07-24,CUST-01789,cust-01789@lumenmail.com,Lighting,6,246.28,0.05,Organic,AU,
ORD-008323,2024-09-08,,guest@lumenmail.com,Décor,3,184.8,0.0,Email,US,
ORD-006582,2024-01-01,CUST-01999,cust-01999@lumenmail.com,Décor,2,6.67,0.0,Email,US,
ORD-004492,2024-12-11,CUST-00240,cust-00240@lumenmail.com,Décor,1,8.46,0.05,,US,variant
ORD-008535,2024-03-09,CUST-00736,cust-00736@lumenmail.com,Décor,1,282.29,0.0,Organic,US,control
ORD-003849,2024-04-30,CUST-01521,cust-01521@lumenmail.com,Furniture,2,68.13,0.05,Paid Search,US,control
ORD-003483,2023-06-22,CUST-02012,cust-02012@lumenmail.com,Décor,2,7.44,0.05,Paid Search,US,variant
ORD-001109,2024-04-09,,guest@lumenmail.com,Furniture,1,243.62,0.0,Email,CA,control
ORD-003087,2023-07-08,CUST-01680,cust-01680@lumenmail.com,Décor,1,12.55,0.0,Paid Search,US,
ORD-004454,08/07/2023,CUST-02821,cust-02821@lumenmail.com,Décor,2,285.57,0.0,Social,US,control
ORD-008677,2023-12-31,CUST-02696,cust-02696@lumenmail.com,Lighting,-1,23.65,0.1,Social,US,
ORD-003194,2023-11-30,CUST-02802,cust-02802@lumenmail.com,Décor,1,22.9,0.15,Email,US,
ORD-003657,2024-11-20,CUST-00981,cust-00981@lumenmail.com,Décor,3,11.75,0.0,,UK,control
ORD-009305,2024-08-11,CUST-00770,cust-00770@lumenmail.com,Furniture,4,9.89,0.0,Paid Search,UK,control
ORD-000895,2024-09-15,CUST-01018,cust-01018@lumenmail.com,Furniture,2,590.06,5.0,Email,US,control
ORD-001594,2024-05-06,CUST-00808,cust-00808@lumenmail.com,Furniture,1,32.02,0.0,Social,US,variant
ORD-004418,2024-12-14,CUST-02648,cust-02648@lumenmail.com,Outdoor,2,305.49,0.0,Social,US,
ORD-003748,2023-08-21,CUST-00631,cust-00631@lumenmail.com,Furniture,2,28.6,0.15,Email,US,
ORD-006972,2024-11-20,CUST-02504,cust-02504@lumenmail.com,Furniture,2,95.52,0.0,,US,control
ORD-003119,14/07/2023,CUST-01246,cust-01246@lumenmail.com,Furniture,-3,130.22,0.15,Email,US,control
ORD-003505,2024-12-26,CUST-01328,cust-01328@lumenmail.com,Décor,3,61.13,5.0,Email,US,
ORD-006003,2024-08-22,CUST-02744,cust-02744@lumenmail.com,Décor,3,40.26,0.0,Organic,CA,
ORD-000327,2024-01-31,CUST-02356,cust-02356@lumenmail.com,Lighting,1,18.92,0.05,Email,UK,
ORD-001031,2024-05-16,CUST-02138,cust-02138@lumenmail.com,Furniture,4,106.08,0.1,Organic,US,variant
ORD-008915,26/07/2023,CUST-00515,cust-00515@lumenmail.com,Décor,1,34.98,0.0,Paid Search,US,
ORD-002240,2024-03-13,CUST-00101,cust-00101@lumenmail.com,Lighting,5,0.0,0.0,Social,US,control
ORD-007720,2024-02-19,CUST-00640,cust-00640@lumenmail.com,Lighting,1,91.35,0.0,Paid Search,US,control
ORD-001823,2023-08-28,CUST-01837,cust-01837@lumenmail.com,Lighting,3,69.31,0.25,Paid Search,US,variant
ORD-004751,2024-07-13,CUST-01457,cust-01457@lumenmail.com,Lighting,1,97.19,0.0,Organic,US,control
ORD-002435,2023-10-27,CUST-01225,cust-01225@lumenmail.com,Lighting,1,59.63,0.2,Paid Search,US,variant
ORD-006848,04/11/2023,CUST-02469,cust-02469@lumenmail.com,Lighting,1,68.29,0.25,Organic,US,
ORD-002777,2024-11-08,CUST-00497,cust-00497@lumenmail.com,Outdoor,1,45.67,0.15,Email,US,control
ORD-000906,2023-12-29,CUST-00094,cust-00094@lumenmail.com,Outdoor,1,177.56,0.0,Paid Search,US,control
ORD-006176,2024-04-11,CUST-01344,cust-01344@lumenmail.com,Décor,3,23.31,0.0,Paid Search,CA,control
ORD-006759,2024-10-15,CUST-00103,cust-00103@lumenmail.com,Furniture,-2,372.59,0.05,Organic,CA,variant
ORD-004730,2023-08-20,CUST-01154,cust-01154@lumenmail.com,Lighting,3,247.99,0.2,Social,US,
ORD-007118,2024-11-23,,guest@lumenmail.com,Décor,1,199.07,0.1,Organic,UK,variant
ORD-004666,2023-08-19,CUST-01571,cust-01571@lumenmail.com,Furniture,2,32.32,5.0,Paid Search,CA,control
ORD-000475,2023-10-23,CUST-00222,cust-00222@lumenmail.com,Lighting,1,96.11,0.0,Paid Search,US,
ORD-005687,2023-10-30,CUST-00957,cust-00957@lumenmail.com,Lighting,1,130.88,0.0,Email,AU,variant
ORD-003458,2024-09-10,CUST-01065,cust-01065@lumenmail.com,Furniture,1,503.96,0.2,Email,US,
ORD-002170,2023-09-02,CUST-01447,cust-01447@lumenmail.com,Décor,7,54.38,0.0,Paid Search,UK,control
ORD-002844,2023-09-09,CUST-01557,cust-01557@lumenmail.com,Furniture,2,51.72,0.05,Email,US,
ORD-007486,2024-09-19,CUST-00226,cust-00226@lumenmail.com,Décor,1,15.34,0.0,Social,US,
ORD-006269,2023-07-08,CUST-01668,cust-01668@lumenmail.com,Décor,2,421.62,0.15,Organic,US,control
ORD-005519,2024-01-23,CUST-01773,cust-01773@lumenmail.com,Furniture,1,28.24,0.15,Organic,US,
ORD-002586,2024-01-22,,guest@lumenmail.com,Lighting,4,43.37,0.0,Email,US,
ORD-003205,2023-08-21,CUST-02491,cust-02491@lumenmail.com,Lighting,2,187.36,0.05,Paid Search,US,
ORD-006771,2024-12-05,CUST-00622,cust-00622@lumenmail.com,Décor,3,29.94,0.0,Paid Search,US,variant
ORD-004838,2023-11-23,CUST-00102,cust-00102@lumenmail.com,Décor,1,50.38,0.0,Paid Search,US,
ORD-003042,2023-11-19,CUST-00146,cust-00146@lumenmail.com,Accessories,4,53.47,0.25,Organic,US,variant
ORD-006781,2024-06-01,CUST-01537,cust-01537@lumenmail.com,Outdoor,1,44.34,0.0,Email,UK,control
ORD-008894,2024-09-24,,guest@lumenmail.com,Furniture,1,22.23,0.0,Paid Search,US,control
ORD-008597,2024-05-16,CUST-00357,cust-00357@lumenmail.com,Décor,3,6.55,0.15,Paid Search,CA,control
ORD-000191,15/05/2024,,guest@lumenmail.com,Lightng,3,82.14,0.05,Organic,US,control
ORD-001792,2024-07-26,CUST-00265,cust-00265@lumenmail.com,Furniture,1,166.4,0.0,Email,US,control
ORD-007008,2024-10-09,CUST-01967,cust-01967@lumenmail.com,Décor,3,398.09,0.0,Paid Search,UK,variant
ORD-001123,2024-10-26,CUST-01142,cust-01142@lumenmail.com,Décor,1,254.95,0.0,Paid Search,CA,control
ORD-006328,03/04/2024,CUST-00614,cust-00614@lumenmail.com,Furniture,2,51.88,0.0,Organic,US,variant
ORD-009083,08/08/2023,CUST-02175,cust-02175@lumenmail.com,Lighting,2,236.57,0.0,Paid Search,US,control
ORD-007158,2023-10-02,CUST-00070,cust-00070@lumenmail.com,Décor,5,98.48,0.0,Paid Search,US,
ORD-000921,2024-12-02,CUST-00736,cust-00736@lumenmail.com,Accessories,2,80.27,0.0,Email,US,variant
ORD-005816,27/05/2024,CUST-01842,cust-01842@lumenmail.com,Décor,1,34.53,0.05,Organic,US,variant
ORD-003821,2024-06-12,CUST-01733,cust-01733@lumenmail.com,Furniture,6,441.75,0.0,Organic,US,
ORD-001824,2024-01-11,CUST-00511,cust-00511@lumenmail.com,Décor,1,40.68,20.0,Organic,AU,variant
ORD-007508,2024-09-29,CUST-01988,cust-01988@lumenmail.com,Décor,2,39.95,0.15,Paid Search,US,
ORD-002861,2024-06-11,CUST-00553,cust-00553@lumenmail.com,Furniture,3,74.57,0.05,Paid Search,US,variant
ORD-004199,2023-11-14,CUST-02424,cust-02424@lumenmail.com,Furniture,4,217.09,0.2,Paid Search,US,control
ORD-001883,2024-08-06,CUST-00337,cust-00337@lumenmail.com,Furniture,1,74.66,0.05,Paid Search,US,
ORD-007764,19/07/2023,CUST-01590,cust-01590@lumenmail.com,Lighting,2,40.37,0.0,Social,US,
ORD-004149,2023-12-12,CUST-00614,cust-00614@lumenmail.com,Furniture,2,28.78,0.0,Paid Search,US,control
ORD-001527,2024-08-29,CUST-02714,cust-02714@lumenmail.com,Furniture,5,26.88,0.0,Organic,CA,control
ORD-007792,2024-08-06,CUST-00315,cust-00315@lumenmail.com,Outdoor,2,78.83,0.0,Paid Search,US,
ORD-001106,2024-10-22,CUST-02765,cust-02765@lumenmail.com,Outdoor,3,291.32,0.0,Email,US,variant
ORD-003079,2023-12-16,CUST-01935,cust-01935@lumenmail.com,Lighting,2,5.79,0.0,Organic,US,control
ORD-007855,10/09/2023,CUST-00147,cust-00147@lumenmail.com,Lighting,2,98.31,0.0,Paid Search,CA,
ORD-006872,2024-07-25,CUST-02830,cust-02830@lumenmail.com,Décor,1,44.64,5.0,Social,US,
ORD-002659,2024-05-16,CUST-02677,cust-02677@lumenmail.com,Lighting,1,84.16,0.25,Organic,CA,
ORD-002264,20/02/2024,,guest@lumenmail.com,Lighting,1,402.94,0.1,Organic,US,variant
ORD-003536,2024-01-10,CUST-00455,cust-00455@lumenmail.com,Accessories,-1,76.38,0.05,Email,UK,
ORD-002603,2024-01-10,CUST-01525,cust-01525@lumenmail.com,Décor,1,756.24,0.0,Email,AU,control
ORD-006122,27/12/2024,CUST-01302,cust-01302@lumenmail.com,Furniture,7,86.92,0.0,Email,US,variant
ORD-007389,2023-10-14,CUST-00105,cust-00105@lumenmail.com,Décor,1,565.37,0.1,Email,US,control
ORD-008269,16/12/2023,CUST-00685,cust-00685@lumenmail.com,Outdoor,2,23.89,0.05,Email,CA,variant
ORD-006548,2024-02-12,CUST-00006,cust-00006@lumenmail.com,Lighting,7,155.46,0.05,Organic,CA,
ORD-003592,2023-10-13,CUST-02252,cust-02252@lumenmail.com,Lighting,1,105.0,0.05,Organic,UK,control
ORD-008715,2024-01-31,CUST-02296,cust-02296@lumenmail.com,Outdoor,1,214.53,0.0,Email,CA,control
ORD-005539,2023-11-28,CUST-02746,cust-02746@lumenmail.com,Outdoor,1,67.9,0.1,Organic,US,
ORD-002276,2023-10-29,CUST-02928,cust-02928@lumenmail.com,Lighting,2,95.22,0.05,Email,US,variant
ORD-009317,2023-09-15,,guest@lumenmail.com,Lighting,2,224.56,15.0,Paid Search,CA,
ORD-003626,2024-05-14,CUST-01319,cust-01319@lumenmail.com,Décor,2,34.18,0.0,Social,US,
ORD-009214,2024-12-26,CUST-01465,cust-01465@lumenmail.com,Furniture,1,209.01,0.05,Paid Search,CA,
ORD-000534,2023-12-07,CUST-02024,cust-02024@lumenmail.com,Lighting,2,310.86,0.05,Email,UK,
ORD-002057,2024-05-15,CUST-00386,cust-00386@lumenmail.com,Décor,1,80.52,0.2,Paid Search,US,variant
ORD-009065,2024-01-23,,guest@lumenmail.com,Accessories,1,36.02,0.1,Paid Search,US,control
ORD-001254,2024-06-06,CUST-00393,cust-00393@lumenmail.com,Furniture,1,48.86,0.05,Paid Search,US,variant
ORD-004765,2023-07-25,CUST-02562,cust-02562@lumenmail.com,Lighting,1,85.23,0.2,Social,US,control
ORD-008703,2024-04-28,CUST-01167,cust-01167@lumenmail.com,Lighting,2,46.54,0.0,Email,US,
ORD-001778,2024-07-18,CUST-00908,cust-00908@lumenmail.com,Lighting,6,12.47,0.0,Organic,US,control
ORD-009079,2023-07-09,CUST-02214,cust-02214@lumenmail.com,Accessories,2,48.54,0.0,Paid Search,US,
ORD-004587,2023-12-07,CUST-00354,cust-00354@lumenmail.com,Lighting,1,103.31,0.0,Organic,US,control
ORD-006170,2024-09-07,CUST-00735,cust-00735@lumenmail.com,Furniture,4,61.81,0.0,Paid Search,US,
ORD-008864,2024-09-25,CUST-00409,cust-00409@lumenmail.com,Outdoor,2,277.41,0.0,Organic,US,
ORD-005245,2023-08-10,CUST-01940,cust-01940@lumenmail.com,Outdoor,6,18.35,0.0,Paid Search,US,variant
ORD-009106,2024-12-21,CUST-00970,cust-00970@lumenmail.com,Lighting,7,33.23,0.0,Paid Search,AU,
ORD-001345,2023-10-04,CUST-00141,cust-00141@lumenmail.com,Décor,1,333.46,0.0,Email,US,variant
ORD-004390,2023-10-11,CUST-00306,cust-00306@lumenmail.com,Accessories,2,375.64,0.0,Email,US,
ORD-005401,27/04/2024,CUST-01500,cust-01500@lumenmail.com,Décor,1,27.51,0.0,Paid Search,UK,control
ORD-007363,2024-04-10,CUST-02790,cust-02790@lumenmail.com,Décor,2,346.77,0.0,Paid Search,US,control
ORD-008409,2024-12-13,CUST-01096,cust-01096@lumenmail.com,Lighting,1,80.91,0.0,Email,US,control
ORD-007601,2024-02-21,CUST-02135,cust-02135@lumenmail.com,Furniture,2,15.79,0.05,Organic,CA,control
ORD-008279,2023-10-14,CUST-02186,cust-02186@lumenmail.com,Accessories,1,66.33,0.1,Organic,UK,
ORD-006943,30/11/2023,CUST-02594,cust-02594@lumenmail.com,Lighting,1,78.08,0.1,Organic,US,control
ORD-003286,2024-12-01,CUST-00974,cust-00974@lumenmail.com,Furniture,1,544.56,0.05,Paid Search,US,control
ORD-002297,2024-07-20,CUST-00996,cust-00996@lumenmail.com,Lighting,1,144.91,0.15,Organic,UK,control
ORD-009176,2023-08-21,CUST-02736,cust-02736@lumenmail.com,Furniture,2,156.59,0.0,Paid Search,US,control
ORD-006429,2024-02-11,CUST-00314,cust-00314@lumenmail.com,Décor,3,307.14,0.0,Paid Search,US,control
ORD-008773,2024-06-21,CUST-02789,cust-02789@lumenmail.com,Lighting,1,212.06,0.0,Organic,AU,control
ORD-002551,2024-07-30,CUST-01105,cust-01105@lumenmail.com,Décor,1,63.17,0.0,Organic,US,control
ORD-004650,2024-01-31,CUST-01768,cust-01768@lumenmail.com,Furniture,1,7.35,0.0,Organic,CA,variant
ORD-007987,2024-03-12,CUST-00604,cust-00604@lumenmail.com,Furniture,1,7.68,0.0,Organic,US,
ORD-007772,2023-08-02,CUST-02256,cust-02256@lumenmail.com,Lighting,-1,42.89,0.0,Paid Search,CA,control
ORD-007795,2023-06-10,CUST-01877,cust-01877@lumenmail.com,Furniture,1,80.95,0.05,Paid Search,US,
ORD-005037,2023-10-31,,guest@lumenmail.com,Outdoor,-2,57.34,0.05,Social,CA,control
ORD-000163,18/10/2024,CUST-02646,cust-02646@lumenmail.com,Lighting,1,753.95,0.1,Social,AU,control
ORD-002900,2023-10-10,CUST-00540,cust-00540@lumenmail.com,Décor,1,9.56,0.05,Paid Search,ZZ,variant
ORD-001174,01/11/2023,,guest@lumenmail.com,Outdoor,3,79.58,0.0,Paid Search,US,control
ORD-004417,2023-08-10,CUST-01912,cust-01912@lumenmail.com,Furniture,2,41.06,0.25,Social,US,variant
ORD-004431,2024-08-27,CUST-02194,cust-02194@lumenmail.com,Accessories,1,23.21,0.0,Paid Search,US,
ORD-006275,2023-07-06,CUST-02574,cust-02574@lumenmail.com,Outdoor,2,9.12,25.0,Email,US,variant
ORD-007314,27/11/2023,CUST-01328,cust-01328@lumenmail.com,Outdoor,1,10.72,0.1,Organic,CA,control
ORD-000765,2024-02-04,CUST-02453,cust-02453@lumenmail.com,Furniture,1,431.01,0.0,Email,CA,control
ORD-006422,2023-06-12,CUST-00071,cust-00071@lumenmail.com,Décor,1,56.27,0.15,Social,US,
ORD-007520,2024-08-30,CUST-01955,cust-01955@lumenmail.com,Lighting,3,113.89,0.0,Email,AU,variant
ORD-008972,07/04/2024,CUST-01192,cust-01192@lumenmail.com,Décor,1,734.65,0.0,Email,UK,
ORD-005385,2024-01-12,CUST-00668,cust-00668@lumenmail.com,Furniture,1,0.0,0.0,Social,AU,
ORD-004287,2024-11-23,CUST-01780,cust-01780@lumenmail.com,Lighting,2,44.19,0.05,Email,UK,
ORD-008681,2024-03-13,CUST-01676,cust-01676@lumenmail.com,Outdoor,1,146.69,0.0,Paid Search,US,
ORD-004308,09/02/2024,CUST-02201,cust-02201@lumenmail.com,Lighting,1,62.07,0.0,Organic,ZZ,
ORD-008332,2024-04-10,CUST-02244,cust-02244@lumenmail.com,Lighting,5,52.99,0.0,Paid Search,UK,
ORD-007220,2024-01-15,CUST-02354,cust-02354@lumenmail.com,Lighting,2,120.71,0.1,Organic,UK,
ORD-003346,2023-12-01,CUST-00740,cust-00740@lumenmail.com,Furniture,1,16.0,0.05,Social,US,
ORD-006974,2024-03-08,CUST-01496,cust-01496@lumenmail.com,Lighting,2,155.55,0.0,Paid Search,US,
ORD-009490,2023-08-01,,guest@lumenmail.com,Furniture,2,29.95,0.05,Paid Search,US,control
ORD-004114,2024-11-24,CUST-00298,cust-00298@lumenmail.com,Lighting,2,16.58,0.0,Organic,CA,
ORD-003478,2024-09-23,CUST-01243,cust-01243@lumenmail.com,Décor,1,37.92,0.05,Organic,US,
ORD-007203,2023-09-17,CUST-01179,cust-01179@lumenmail.com,Lighting,-4,163.72,0.15,Email,UK,variant
ORD-009304,2024-05-26,CUST-01991,cust-01991@lumenmail.com,Lighting,1,55.96,0.0,Organic,ZZ,control
ORD-006808,19/07/2024,CUST-00376,cust-00376@lumenmail.com,Décor,2,70.22,0.1,Social,US,variant
ORD-004444,2024-11-14,,guest@lumenmail.com,Furniture,1,117.01,0.0,Organic,US,
ORD-004160,2023-12-19,CUST-02332,cust-02332@lumenmail.com,Lighting,-1,44.84,0.05,Organic,US,control
ORD-004915,2023-12-06,CUST-02170,cust-02170@lumenmail.com,Furniture,1,326.62,0.1,Paid Search,US,variant
ORD-008602,2023-08-30,CUST-01033,cust-01033@lumenmail.com,Lighting,5,85.41,0.15,Social,US,variant
ORD-000870,2023-11-28,CUST-01027,cust-01027@lumenmail.com,Outdoor,2,110.03,0.0,Organic,US,control
ORD-007123,2024-03-14,CUST-02486,cust-02486@lumenmail.com,Furniture,3,174.59,0.15,Paid Search,US,variant
ORD-006501,2024-03-25,CUST-01419,cust-01419@lumenmail.com,Décor,1,17.57,0.05,Paid Search,US,variant
ORD-004342,2024-12-16,CUST-01580,cust-01580@lumenmail.com,Lighting,2,104.8,0.0,Email,US,
ORD-003798,2024-01-06,CUST-00211,cust-00211@lumenmail.com,Furniture,2,99.86,10.0,Paid Search,ZZ,variant
ORD-007740,22/12/2024,CUST-00527,cust-00527@lumenmail.com,Décor,2,28.05,0.0,Paid Search,US,control
ORD-000144,2024-10-28,CUST-00208,cust-00208@lumenmail.com,Accessories,1,0.0,10.0,Email,US,
ORD-002411,2024-06-01,CUST-01562,cust-01562@lumenmail.com,Décor,3,88.32,0.0,Paid Search,UK,control
ORD-003170,2024-09-05,,guest@lumenmail.com,Lighting,2,193.34,5.0,Social,US,
ORD-000673,02/07/2024,CUST-01763,cust-01763@lumenmail.com,Accessories,1,43.05,0.0,Email,US,
ORD-000177,2024-06-04,CUST-00588,cust-00588@lumenmail.com,Furniture,1,34.83,0.0,Paid Search,AU,
ORD-004116,,CUST-01072,cust-01072@lumenmail.com,Lighting,4,26.08,0.15,Paid Search,US,
ORD-006855,2023-09-28,CUST-00413,cust-00413@lumenmail.com,Outdoor,2,25.62,0.05,Organic,US,control
ORD-003557,2024-08-20,CUST-00997,cust-00997@lumenmail.com,Furniture,1,218.97,0.05,Email,US,
ORD-001086,06/11/2023,CUST-00105,cust-00105@lumenmail.com,Outdoor,1,43.25,0.0,,US,
ORD-005071,2023-12-14,CUST-01249,cust-01249@lumenmail.com,Lighting,3,85.98,20.0,Organic,CA,
ORD-001931,,CUST-01257,cust-01257@lumenmail.com,Décor,1,197.38,0.0,Paid Search,US,
ORD-001659,2024-07-30,CUST-02841,cust-02841@lumenmail.com,Décor,2,143.77,0.2,Email,UK,control
ORD-006947,2024-07-12,CUST-02291,cust-02291@lumenmail.com,Furniture,1,320.13,0.1,Organic,US,
ORD-000300,2024-01-21,CUST-00147,cust-00147@lumenmail.com,Furniture,1,791.29,0.0,Organic,US,
ORD-000239,2023-10-19,CUST-01329,cust-01329@lumenmail.com,Décor,3,567.0,0.0,Social,US,variant
ORD-001557,2024-12-21,CUST-02325,cust-02325@lumenmail.com,Décor,2,40.34,5.0,Paid Search,UK,
ORD-008456,24/10/2024,CUST-01576,cust-01576@lumenmail.com,Lighting,5,179.7,0.0,Organic,US,variant
ORD-000235,2023-10-26,CUST-02287,cust-02287@lumenmail.com,Outdoor,2,29.2,0.1,Organic,US,variant
ORD-001866,2024-04-28,CUST-00601,cust-00601@lumenmail.com,Furniture,1,235.47,0.15,Paid Search,US,control
ORD-006263,2023-10-11,CUST-01771,cust-01771@lumenmail.com,Lighting,3,71.66,15.0,Paid Search,US,
ORD-006283,09/01/2024,CUST-00018,cust-00018@lumenmail.com,Lightng,2,33.43,0.1,Paid Search,US,variant
ORD-009006,2024-08-19,CUST-01741,cust-01741@lumenmail.com,Décor,3,55.39,0.0,Organic,US,
ORD-000361,2024-09-21,CUST-00267,cust-00267@lumenmail.com,Décor,1,63.2,10.0,Email,US,variant
ORD-002220,2024-05-09,CUST-00285,cust-00285@lumenmail.com,Outdoor,2,45.92,0.25,Social,US,control
ORD-006427,2024-06-26,CUST-00831,cust-00831@lumenmail.com,Furniture,1,48.22,0.0,Organic,US,variant
ORD-001231,2024-01-08,CUST-01919,cust-01919@lumenmail.com,Lighting,1,94.07,0.0,Paid Search,US,control
ORD-004366,2024-08-19,CUST-00829,cust-00829@lumenmail.com,Lighting,1,129.78,0.0,Email,US,variant
ORD-002367,2024-09-03,CUST-01767,cust-01767@lumenmail.com,Furniture,5,39.55,0.0,Organic,UK,variant
ORD-000647,2024-12-15,CUST-00995,cust-00995@lumenmail.com,Lighting,1,295.74,0.0,Email,CA,
ORD-003537,2024-10-27,CUST-00359,cust-00359@lumenmail.com,Lighting,1,32.58,0.15,Email,US,
ORD-000508,2023-12-23,CUST-00989,cust-00989@lumenmail.com,Décor,1,157.78,25.0,Organic,US,
ORD-000681,2024-06-21,CUST-01322,cust-01322@lumenmail.com,Lighting,2,66.57,0.1,,US,control
ORD-004796,05/06/2023,CUST-02395,cust-02395@lumenmail.com,Furniture,1,32.42,0.1,Paid Search,CA,variant
ORD-008854,17/12/2023,CUST-00666,cust-00666@lumenmail.com,Outdoor,1,69.34,0.1,Social,US,control
ORD-000276,2024-10-29,CUST-00287,cust-00287@lumenmail.com,Décor,-1,9.08,0.0,Email,US,control
ORD-005441,2024-04-17,CUST-01203,cust-01203@lumenmail.com,Lighting,1,663.87,0.15,Paid Search,US,control
ORD-006896,02/05/2024,CUST-01371,cust-01371@lumenmail.com,Lighting,2,73.69,0.05,Paid Search,US,
ORD-005353,2023-08-14,CUST-01992,cust-01992@lumenmail.com,Décor,2,22.2,0.0,Paid Search,US,
ORD-006330,2024-06-08,CUST-02740,cust-02740@lumenmail.com,Lighting,3,93.06,0.0,Paid Search,ZZ,control
ORD-008762,2024-11-02,CUST-01979,cust-01979@lumenmail.com,Décor,4,23.37,0.1,Social,UK,
ORD-008479,2024-10-03,CUST-02429,cust-02429@lumenmail.com,Furniture,3,21.48,0.05,Paid Search,CA,variant
ORD-001526,2024-09-12,CUST-02821,cust-02821@lumenmail.com,Outdoor,1,41.35,0.0,Paid Search,US,
ORD-007506,2024-01-11,CUST-02126,cust-02126@lumenmail.com,Décor,-4,229.6,0.0,Organic,US,
ORD-003621,2023-07-30,CUST-02337,cust-02337@lumenmail.com,Décor,1,193.08,0.1,Email,UK,control
ORD-001693,22/04/2024,CUST-02139,cust-02139@lumenmail.com,Lighting,1,170.35,0.1,,US,
ORD-006266,2024-11-08,CUST-01800,cust-01800@lumenmail.com,Décor,1,215.33,0.0,Email,US,
ORD-001796,2023-12-10,CUST-01926,cust-01926@lumenmail.com,Furniture,4,97.53,0.1,Email,US,variant
ORD-009581,2024-12-09,CUST-00967,cust-00967@lumenmail.com,Lighting,2,177.95,0.0,Email,US,control
ORD-008829,2024-07-10,CUST-02568,cust-02568@lumenmail.com,Lighting,2,43.74,0.0,Email,AU,
ORD-008770,14/08/2023,CUST-00922,cust-00922@lumenmail.com,Lighting,1,308.44,0.0,Paid Search,US,
ORD-006457,2024-01-13,CUST-01417,cust-01417@lumenmail.com,Lighting,1,68.24,0.1,Email,US,variant
ORD-001166,2024-01-19,CUST-00657,cust-00657@lumenmail.com,Lighting,2,588.8,0.0,Paid Search,US,control
ORD-009568,2024-07-19,CUST-00268,cust-00268@lumenmail.com,Décor,3,165.75,0.05,Email,CA,control
ORD-006406,2023-06-15,CUST-00503,cust-00503@lumenmail.com,Outdoor,2,50.48,0.0,Email,UK,control
ORD-007148,,CUST-00382,cust-00382@lumenmail.com,Outdoor,1,177.68,0.0,Email,US,variant
ORD-006350,2024-11-05,CUST-01662,cust-01662@lumenmail.com,Accessories,4,56.99,0.25,Email,CA,
ORD-004822,,CUST-00651,cust-00651@lumenmail.com,Furniture,1,0.0,0.25,Organic,UK,
ORD-002177,2024-12-28,CUST-01344,cust-01344@lumenmail.com,Furniture,1,267.67,0.0,Organic,US,control
ORD-006022,2023-10-20,CUST-02438,cust-02438@lumenmail.com,Lighting,2,352.99,20.0,Email,US,variant
ORD-009001,31/10/2024,CUST-00949,cust-00949@lumenmail.com,Furniture,1,332.96,0.15,Organic,US,control
ORD-005910,2023-09-03,CUST-02762,cust-02762@lumenmail.com,Décor,4,28.26,0.1,Paid Search,US,variant
ORD-001626,,CUST-01082,cust-01082@lumenmail.com,Décor,1,71.84,0.0,Social,AU,control
ORD-003109,2023-11-27,CUST-02271,cust-02271@lumenmail.com,Lighting,-1,345.49,0.0,Paid Search,US,
ORD-003236,2023-07-21,CUST-02967,cust-02967@lumenmail.com,Lighting,1,137.77,0.0,Email,US,
ORD-003710,2024-11-24,CUST-02153,cust-02153@lumenmail.com,Décor,2,589.26,0.05,Social,UK,
ORD-005975,2023-09-23,CUST-02308,cust-02308@lumenmail.com,Décor,4,88.61,0.0,Organic,US,control
ORD-009259,2023-08-30,CUST-02936,cust-02936@lumenmail.com,Lighting,5,16.5,0.0,Email,US,control
ORD-005658,2023-06-05,CUST-02768,cust-02768@lumenmail.com,Lighting,2,86.54,0.0,Social,UK,variant
ORD-007403,20/08/2023,CUST-01129,cust-01129@lumenmail.com,Furniture,1,83.49,10.0,Email,US,
ORD-008239,2024-01-24,CUST-00084,cust-00084@lumenmail.com,Furniture,2,154.84,0.0,Organic,US,variant
ORD-001719,2024-11-27,CUST-02976,cust-02976@lumenmail.com,Lighting,2,109.52,0.2,Paid Search,CA,
ORD-002314,2023-12-14,CUST-00412,cust-00412@lumenmail.com,Accessories,4,576.74,0.1,Email,US,
ORD-003450,15/07/2024,CUST-02315,cust-02315@lumenmail.com,Décor,6,76.81,0.0,Organic,CA,
ORD-008799,2024-03-29,CUST-02758,cust-02758@lumenmail.com,Furniture,2,80.11,0.0,Paid Search,US,
ORD-001869,2024-06-14,CUST-00523,cust-00523@lumenmail.com,Furniture,-2,48.98,0.05,Paid Search,US,control
ORD-001608,2024-12-30,CUST-00560,cust-00560@lumenmail.com,Furniture,3,494.95,0.2,Email,US,control
ORD-004494,2024-07-06,CUST-00538,cust-00538@lumenmail.com,Outdoor,4,283.82,0.05,Email,UK,control
ORD-004872,2023-08-16,CUST-01691,cust-01691@lumenmail.com,Lighting,1,63.45,0.15,Paid Search,UK,variant
ORD-001203,2024-09-12,CUST-01787,cust-01787@lumenmail.com,Décor,1,36.34,0.05,Organic,US,
ORD-003692,2024-03-18,,guest@lumenmail.com,lighting,3,97.44,5.0,Email,US,
ORD-000714,2024-10-31,CUST-02096,cust-02096@lumenmail.com,Outdoor,4,49.43,0.15,Email,US,variant
ORD-001151,14/07/2023,CUST-02265,cust-02265@lumenmail.com,Lighting,2,728.7,0.1,Paid Search,UK,control
ORD-001595,2024-04-17,CUST-01221,cust-01221@lumenmail.com,Furniture,-7,64.47,0.1,Organic,ZZ,variant
ORD-008997,2023-10-21,CUST-00953,cust-00953@lumenmail.com,Accessories,3,95.97,0.0,Paid Search,US,control
ORD-008900,2023-10-29,CUST-00720,cust-00720@lumenmail.com,Furniture,3,145.36,0.2,Paid Search,US,variant
ORD-006097,06/01/2024,CUST-00338,cust-00338@lumenmail.com,Outdoor,1,142.33,0.0,Organic,CA,control
ORD-004477,17/06/2023,CUST-02172,cust-02172@lumenmail.com,Furniture,3,81.33,20.0,Paid Search,US,control
ORD-005023,20/06/2023,,guest@lumenmail.com,Lighting,2,202.76,0.05,,US,
ORD-005244,2023-06-30,CUST-00952,cust-00952@lumenmail.com,Lighting,1,15.41,0.15,Paid Search,CA,variant
ORD-000559,2023-11-25,CUST-02664,cust-02664@lumenmail.com,Lighting,2,49.91,0.0,Organic,CA,control
ORD-004099,2024-10-14,,guest@lumenmail.com,Décor,1,143.63,0.0,Paid Search,US,
ORD-004307,2024-08-12,CUST-02473,cust-02473@lumenmail.com,Décor,2,43.18,0.2,Social,US,
ORD-009571,2024-03-27,CUST-02215,cust-02215@lumenmail.com,Lighting,1,113.13,0.2,Paid Search,US,variant
ORD-005344,2024-11-21,CUST-02638,cust-02638@lumenmail.com,Lighting,4,132.35,0.0,Email,US,
ORD-002255,2023-10-30,CUST-01985,cust-01985@lumenmail.com,Accessories,1,40.02,0.05,Social,US,
ORD-009150,2024-06-18,CUST-02786,cust-02786@lumenmail.com,Lighting,-1,150.47,0.05,Paid Search,UK,control
ORD-006898,2024-06-16,CUST-00765,cust-00765@lumenmail.com,Décor,6,376.76,0.05,Organic,US,variant
ORD-004011,2024-08-08,CUST-01195,cust-01195@lumenmail.com,Furniture,1,96.84,0.15,Paid Search,US,control
ORD-001248,2024-09-22,CUST-01822,cust-01822@lumenmail.com,Furniture,2,8.89,0.0,Organic,UK,variant
ORD-004519,2024-03-25,CUST-02949,cust-02949@lumenmail.com,Lighting,1,86.55,0.05,Paid Search,UK,
ORD-002753,2024-02-22,CUST-01640,cust-01640@lumenmail.com,Décor,1,28.09,0.1,Social,AU,
ORD-000295,2024-01-26,CUST-00538,cust-00538@lumenmail.com,Décor,1,153.87,0.05,Social,US,
ORD-005362,2023-10-19,CUST-02365,cust-02365@lumenmail.com,Furniture,3,74.07,0.05,Organic,US,variant
ORD-008534,2023-08-07,CUST-02088,cust-02088@lumenmail.com,Décor,1,156.04,0.1,Email,US,variant
ORD-000182,2024-08-20,,guest@lumenmail.com,Décor,-2,229.5,0.05,Organic,US,
ORD-004146,2024-02-16,CUST-00746,cust-00746@lumenmail.com,Furniture,1,93.13,0.0,Email,UK,control
ORD-007216,29/03/2024,CUST-01201,cust-01201@lumenmail.com,Accessories,2,465.21,0.0,Paid Search,ZZ,control
ORD-005123,2024-10-20,CUST-01026,cust-01026@lumenmail.com,Accessories,4,11.89,0.0,Paid Search,US,variant
ORD-009061,2024-10-01,CUST-00150,cust-00150@lumenmail.com,Décor,1,58.45,0.05,Paid Search,CA,
ORD-006729,2024-11-21,CUST-00599,cust-00599@lumenmail.com,Furniture,3,434.89,0.1,Paid Search,US,
ORD-003058,2023-06-15,CUST-01761,cust-01761@lumenmail.com,Décor,1,603.75,0.1,,US,variant
ORD-000777,2023-06-02,,guest@lumenmail.com,Décor,1,51.31,0.15,Paid Search,US,control
ORD-003910,2024-11-23,CUST-01898,cust-01898@lumenmail.com,Lighting,2,192.64,0.05,Email,US,
ORD-009390,2023-11-13,,guest@lumenmail.com,Décor,1,37.37,0.0,Paid Search,US,control
ORD-009330,,CUST-02171,cust-02171@lumenmail.com,Lighting,1,85.34,0.0,Organic,US,variant
ORD-001467,16/09/2024,CUST-00472,cust-00472@lumenmail.com,Décor,1,46.6,0.0,Email,AU,
ORD-002526,2024-09-26,CUST-01366,cust-01366@lumenmail.com,Accessories,4,255.77,0.05,Organic,CA,variant
ORD-006079,2023-12-15,CUST-00146,cust-00146@lumenmail.com,Lighting,1,47.73,0.05,Paid Search,US,
ORD-001233,30/08/2023,CUST-02073,cust-02073@lumenmail.com,Lighting,1,66.36,10.0,Social,US,variant
ORD-007780,2024-10-23,CUST-02215,cust-02215@lumenmail.com,Décor,4,345.85,0.0,Paid Search,US,
ORD-001797,2024-11-01,CUST-01435,cust-01435@lumenmail.com,Lighting,1,91.72,0.0,Paid Search,US,variant
ORD-003264,2024-06-14,CUST-01812,cust-01812@lumenmail.com,Accessories,1,260.11,0.0,Paid Search,US,
ORD-004273,2023-10-19,CUST-00579,cust-00579@lumenmail.com,Furniture,1,14.65,0.05,Organic,US,control
ORD-007448,27/06/2024,CUST-00228,cust-00228@lumenmail.com,Lightng,1,15.19,0.0,,US,variant
ORD-003352,2024-02-27,CUST-02569,cust-02569@lumenmail.com,Lightng,2,151.31,0.0,Organic,UK,
ORD-006049,2024-06-16,,guest@lumenmail.com,Lighting,1,37.37,0.0,Organic,US,
ORD-007025,2023-06-06,CUST-00352,cust-00352@lumenmail.com,Lighting,1,10.86,0.15,Social,US,
ORD-003156,2023-08-31,CUST-01715,cust-01715@lumenmail.com,Accessories,1,107.23,0.0,Social,US,control
ORD-007512,2024-01-19,CUST-00940,cust-00940@lumenmail.com,Lighting,3,65.06,5.0,Paid Search,US,control
ORD-002823,2023-10-31,CUST-02118,cust-02118@lumenmail.com,Lighting,1,231.03,0.05,Email,US,control
ORD-001691,29/07/2024,CUST-02687,cust-02687@lumenmail.com,Accessories,2,12.74,0.2,Email,US,control
ORD-007266,2024-11-10,CUST-01938,cust-01938@lumenmail.com,Lighting,3,88.86,0.0,Email,ZZ,
ORD-005139,2024-10-18,CUST-01973,cust-01973@lumenmail.com,Furniture,1,304.63,0.15,Email,US,variant
ORD-007804,2024-08-13,CUST-00094,cust-00094@lumenmail.com,Outdoor,1,113.5,0.15,Email,US,control
ORD-002202,2024-06-14,CUST-02343,cust-02343@lumenmail.com,Furniture,4,43.24,0.05,Email,US,
ORD-002750,2024-03-08,CUST-00044,cust-00044@lumenmail.com,Décor,2,299.53,0.0,Email,ZZ,variant
ORD-002931,2024-11-18,CUST-01278,cust-01278@lumenmail.com,Décor,2,29.16,0.0,Paid Search,US,variant
ORD-009246,2024-09-30,CUST-01858,cust-01858@lumenmail.com,Lighting,2,23.64,0.0,Paid Search,US,variant
ORD-000031,,CUST-01877,cust-01877@lumenmail.com,Accessories,1,49.71,0.0,Email,US,control
ORD-001670,2023-10-16,CUST-00619,cust-00619@lumenmail.com,Décor,3,132.44,0.05,Organic,CA,variant
ORD-004150,2023-06-21,CUST-00769,cust-00769@lumenmail.com,Décor,2,639.8,5.0,Social,US,variant
ORD-005610,2024-04-25,CUST-01301,cust-01301@lumenmail.com,Accessories,1,115.94,0.0,Paid Search,US,control
ORD-003465,2024-12-08,CUST-01673,cust-01673@lumenmail.com,Furniture,2,99.59,0.05,Paid Search,US,
ORD-002193,2024-02-17,CUST-00001,cust-00001@lumenmail.com,Furniture,1,481.92,0.2,Social,US,variant
ORD-000831,2024-07-28,,guest@lumenmail.com,Lighting,-1,112.67,0.1,Email,UK,variant
ORD-006712,25/06/2023,CUST-02772,cust-02772@lumenmail.com,Décor,2,65.7,0.0,Organic,US,control
ORD-006567,06/01/2024,CUST-02017,cust-02017@lumenmail.com,Furniture,1,85.1,0.2,Paid Search,US,
ORD-009170,14/09/2023,CUST-00601,cust-00601@lumenmail.com,Outdoor,1,561.67,0.05,Email,CA,control
ORD-002303,2024-12-03,CUST-00870,cust-00870@lumenmail.com,Décor,2,88.39,0.25,Email,CA,
ORD-001181,2023-12-07,CUST-00373,cust-00373@lumenmail.com,Furniture,1,144.05,0.05,Paid Search,US,variant
ORD-007059,2024-05-11,CUST-02623,cust-02623@lumenmail.com,Outdoor,2,46.66,0.0,Email,US,
ORD-002850,2024-03-19,CUST-00425,cust-00425@lumenmail.com,Décor,1,98.52,0.2,Email,AU,variant
ORD-002153,18/11/2023,CUST-01977,cust-01977@lumenmail.com,Décor,1,302.67,0.05,Social,US,variant
ORD-008881,2024-03-15,CUST-01316,cust-01316@lumenmail.com,Lighting,1,10.97,0.0,Social,UK,variant
ORD-008085,2024-12-04,CUST-00401,cust-00401@lumenmail.com,Accessories,1,186.85,0.05,Social,US,control
ORD-003273,2024-10-09,CUST-01757,cust-01757@lumenmail.com,Furniture,2,27.45,25.0,Organic,CA,control
ORD-002537,2024-09-01,CUST-00826,cust-00826@lumenmail.com,Furniture,2,247.75,0.15,Email,US,
ORD-000192,2023-08-27,CUST-02786,cust-02786@lumenmail.com,Lighting,2,67.8,0.0,Email,UK,
ORD-001596,2024-06-14,CUST-01460,cust-01460@lumenmail.com,Furniture,4,26.14,0.05,Email,US,variant
ORD-006465,2023-10-07,CUST-00857,cust-00857@lumenmail.com,Furniture,1,379.34,0.15,Organic,US,control
ORD-004641,2024-01-22,CUST-00436,cust-00436@lumenmail.com,Outdoor,1,81.95,0.05,Email,UK,control
ORD-002384,2023-12-09,CUST-00399,cust-00399@lumenmail.com,Outdoor,1,118.68,0.0,Email,ZZ,
ORD-006481,2023-09-13,CUST-00798,cust-00798@lumenmail.com,Décor,6,116.73,0.0,Social,US,
ORD-001056,2024-11-13,CUST-01712,cust-01712@lumenmail.com,Lighting,2,92.11,0.0,Organic,US,
ORD-002226,2024-02-03,,guest@lumenmail.com,Décor,2,125.67,0.1,Email,US,variant
ORD-008121,2024-09-25,CUST-01040,cust-01040@lumenmail.com,Lighting,2,35.76,0.0,Organic,UK,variant
ORD-002214,2023-07-05,CUST-02965,cust-02965@lumenmail.com,Lighting,1,20.44,0.05,Social,US,variant
ORD-006435,2024-05-11,CUST-00968,cust-00968@lumenmail.com,Lighting,2,85.52,0.1,Social,UK,
ORD-004586,2024-07-07,,guest@lumenmail.com,Décor,5,160.28,0.2,Email,US,variant
ORD-007277,2024-12-13,CUST-00526,cust-00526@lumenmail.com,Lighting,5,77.03,0.1,Organic,UK,
ORD-002334,2024-12-09,CUST-02877,cust-02877@lumenmail.com,Lighting,5,44.46,0.05,Organic,US,variant
ORD-002619,2023-12-22,CUST-01755,cust-01755@lumenmail.com,Accessories,2,52.12,0.0,Email,US,
ORD-005058,26/05/2024,CUST-01190,cust-01190@lumenmail.com,Lighting,7,41.97,0.0,Paid Search,US,control
ORD-004174,2024-08-07,CUST-02506,cust-02506@lumenmail.com,Outdoor,-1,331.74,0.1,Paid Search,US,
ORD-003145,2024-08-29,CUST-02094,cust-02094@lumenmail.com,Lighting,6,57.15,0.0,Organic,CA,control
ORD-000566,2024-09-09,CUST-00595,cust-00595@lumenmail.com,Furniture,2,54.88,0.2,Paid Search,CA,
ORD-002474,12/06/2023,CUST-01586,cust-01586@lumenmail.com,Décor,3,10.76,0.1,Email,US,
ORD-001641,2023-12-19,CUST-01058,cust-01058@lumenmail.com,Décor,5,165.61,0.25,Email,CA,
ORD-004404,27/01/2024,CUST-01321,cust-01321@lumenmail.com,Furniture,1,31.66,0.2,Paid Search,UK,control
ORD-007920,2024-04-07,CUST-02518,cust-02518@lumenmail.com,Décor,4,64.45,0.0,Paid Search,US,variant
ORD-009352,2023-07-18,CUST-01936,cust-01936@lumenmail.com,Lighting,6,48.59,0.1,Paid Search,US,control
ORD-006736,2023-07-11,CUST-02535,cust-02535@lumenmail.com,Lighting,1,87.75,0.05,Paid Search,US,
ORD-001350,2024-04-15,,guest@lumenmail.com,Furniture,2,65.9,25.0,Email,CA,variant
ORD-008992,2023-06-05,CUST-01094,cust-01094@lumenmail.com,Lighting,1,20.96,0.1,Organic,CA,
ORD-008789,2024-10-09,,guest@lumenmail.com,Lighting,3,156.4,0.0,Email,UK,
ORD-001720,2023-08-26,CUST-01004,cust-01004@lumenmail.com,Accessoires,1,91.35,0.05,Email,US,
ORD-005888,,CUST-02913,cust-02913@lumenmail.com,Décor,1,75.76,0.0,Organic,US,
ORD-004942,2024-12-24,CUST-00042,cust-00042@lumenmail.com,Furniture,3,67.8,0.0,Email,CA,
ORD-005996,,CUST-01633,cust-01633@lumenmail.com,Lighting,1,106.34,0.0,Organic,UK,
ORD-007471,2023-08-05,CUST-02532,cust-02532@lumenmail.com,Décor,2,142.2,0.05,Paid Search,US,
ORD-007463,2023-11-17,CUST-02234,cust-02234@lumenmail.com,Décor,3,283.04,0.2,Paid Search,US,variant
ORD-001927,2023-06-13,,guest@lumenmail.com,Furniture,4,111.28,0.2,Paid Search,US,
ORD-008970,14/12/2023,,guest@lumenmail.com,Accessories,3,111.63,0.0,Email,US,control
ORD-003876,2024-06-12,CUST-00924,cust-00924@lumenmail.com,Outdoor,3,522.53,0.1,Paid Search,UK,
ORD-009050,2024-03-25,CUST-01804,cust-01804@lumenmail.com,Furniture,1,199.16,0.1,Email,US,control
ORD-008205,2023-06-28,CUST-00407,cust-00407@lumenmail.com,Lighting,3,197.85,0.0,Organic,US,
ORD-009493,13/06/2023,CUST-01472,cust-01472@lumenmail.com,Outdoor,2,81.09,0.05,Email,US,variant
ORD-008989,2024-04-30,CUST-01379,cust-01379@lumenmail.com,Décor,7,51.45,0.0,Paid Search,US,
ORD-000479,07/07/2023,CUST-01902,cust-01902@lumenmail.com,Décor,2,155.06,0.0,Social,ZZ,control
ORD-003197,2023-11-11,CUST-02110,cust-02110@lumenmail.com,Lighting,-1,338.87,0.0,Paid Search,CA,variant
ORD-008178,2024-05-03,CUST-00457,cust-00457@lumenmail.com,Lighting,1,20.53,0.0,Email,US,variant
ORD-007673,2023-06-13,CUST-02994,cust-02994@lumenmail.com,Outdoor,2,39.64,0.0,Organic,US,variant
ORD-004635,2024-01-20,CUST-00660,cust-00660@lumenmail.com,Lightng,4,240.92,0.15,Email,US,variant
ORD-004917,2024-09-24,CUST-00501,cust-00501@lumenmail.com,Lighting,1,356.04,0.0,Paid Search,US,variant
ORD-004134,2023-10-31,CUST-01094,cust-01094@lumenmail.com,Lighting,2,23.91,0.05,Organic,UK,
ORD-005224,2024-09-19,CUST-02742,cust-02742@lumenmail.com,Décor,1,166.19,0.05,Email,US,
ORD-002158,2024-01-11,CUST-01656,cust-01656@lumenmail.com,Lighting,4,674.87,0.0,Paid Search,US,control
ORD-001960,17/08/2023,CUST-01661,cust-01661@lumenmail.com,Furniture,2,6.23,0.0,Organic,US,variant
ORD-008570,2024-05-10,CUST-01516,cust-01516@lumenmail.com,Outdoor,2,99.95,0.2,Email,UK,control
ORD-002039,2024-06-06,CUST-01750,cust-01750@lumenmail.com,Furniture,3,156.9,0.1,Paid Search,US,control
ORD-003868,2023-08-16,CUST-00400,cust-00400@lumenmail.com,Furniture,1,114.47,0.2,Organic,US,variant
ORD-004265,2023-12-09,CUST-00792,cust-00792@lumenmail.com,Furniture,1,74.1,0.1,Paid Search,US,variant
ORD-009551,,CUST-00443,cust-00443@lumenmail.com,Lighting,2,66.09,0.15,Paid Search,ZZ,
ORD-006664,2024-05-27,CUST-02934,cust-02934@lumenmail.com,Accessories,1,110.83,0.0,Social,AU,
ORD-003118,2024-08-17,CUST-00521,cust-00521@lumenmail.com,Furniture,1,39.54,0.1,Organic,US,control
ORD-009273,2024-08-30,CUST-00898,cust-00898@lumenmail.com,Décor,2,146.37,0.0,Paid Search,UK,
ORD-006335,2024-03-07,CUST-00093,cust-00093@lumenmail.com,Outdoor,2,153.69,0.05,Email,US,
ORD-000387,2024-05-22,,guest@lumenmail.com,Lightng,1,155.68,0.0,Organic,US,
ORD-000419,2024-12-24,CUST-02519,cust-02519@lumenmail.com,Outdoor,1,12.45,0.0,,US,
ORD-004968,2023-10-02,CUST-01622,cust-01622@lumenmail.com,Lighting,1,68.86,0.05,Paid Search,ZZ,control
ORD-007753,2023-08-14,CUST-00963,cust-00963@lumenmail.com,lighting,2,25.69,15.0,Paid Search,US,
ORD-007900,2024-05-09,CUST-00059,cust-00059@lumenmail.com,Furniture,1,371.92,0.0,Social,CA,
ORD-007991,2023-11-15,CUST-00050,cust-00050@lumenmail.com,Lighting,5,33.35,0.0,Paid Search,US,variant
ORD-009120,2024-05-23,CUST-01170,cust-01170@lumenmail.com,Furniture,6,76.68,0.0,Email,CA,control
ORD-007929,2024-05-17,CUST-00757,cust-00757@lumenmail.com,lighting,4,24.17,0.0,Email,US,variant
ORD-005807,2023-12-02,CUST-02224,cust-02224@lumenmail.com,Lighting,2,90.73,0.05,Organic,CA,
ORD-003278,2024-06-22,CUST-00062,cust-00062@lumenmail.com,Lighting,2,151.4,0.0,Paid Search,US,control
ORD-005532,2023-12-25,CUST-00683,cust-00683@lumenmail.com,Lighting,1,161.89,0.1,Organic,US,
ORD-004668,2024-03-02,CUST-02289,cust-02289@lumenmail.com,Décor,1,99.76,0.0,Paid Search,US,
ORD-006760,2024-04-29,,guest@lumenmail.com,Décor,2,54.39,0.15,Paid Search,US,
ORD-007870,2024-10-19,CUST-00129,cust-00129@lumenmail.com,Lightng,1,156.16,0.0,Email,CA,
ORD-006645,2024-05-23,CUST-02914,cust-02914@lumenmail.com,Outdoor,5,83.39,0.1,Email,US,variant
ORD-006298,2023-11-30,CUST-02063,cust-02063@lumenmail.com,Furniture,1,37.38,0.05,Social,US,control
ORD-007104,2024-05-26,,guest@lumenmail.com,Furniture,1,28.36,0.0,Email,US,control
ORD-008753,2023-07-03,CUST-00139,cust-00139@lumenmail.com,Lighting,1,114.35,0.0,Paid Search,US,variant
ORD-004161,24/12/2024,CUST-01161,cust-01161@lumenmail.com,Lighting,4,171.41,15.0,Paid Search,US,control
ORD-004620,2024-02-06,CUST-01737,cust-01737@lumenmail.com,Outdoor,1,117.57,0.1,Social,US,
ORD-007549,11/09/2023,CUST-02289,cust-02289@lumenmail.com,Accessories,1,53.41,0.05,Organic,AU,variant
ORD-008954,2024-05-16,CUST-00813,cust-00813@lumenmail.com,Décor,3,128.75,0.0,Social,CA,
ORD-008711,2024-07-07,CUST-01880,cust-01880@lumenmail.com,Décor,-1,75.14,0.15,Paid Search,UK,
ORD-002566,2023-07-15,CUST-02953,cust-02953@lumenmail.com,lighting,2,155.26,0.05,Paid Search,US,control
ORD-001562,2023-09-22,CUST-01726,cust-01726@lumenmail.com,Lighting,2,93.34,0.0,Email,US,variant
ORD-006169,2024-11-10,CUST-02914,cust-02914@lumenmail.com,Outdoor,3,672.5,0.0,Paid Search,US,variant
ORD-007637,23/12/2023,CUST-02584,cust-02584@lumenmail.com,Furniture,4,97.19,0.2,Paid Search,US,
ORD-009468,2024-03-08,CUST-02039,cust-02039@lumenmail.com,Furniture,-1,262.42,0.0,Social,UK,
ORD-005801,2024-03-04,CUST-00084,cust-00084@lumenmail.com,Lighting,7,235.89,0.2,Paid Search,UK,control
ORD-000546,26/04/2024,CUST-00945,cust-00945@lumenmail.com,Décor,1,116.05,0.0,Paid Search,US,control
ORD-005844,2024-06-10,CUST-00867,cust-00867@lumenmail.com,Lighting,1,12.57,0.0,Email,US,control
ORD-002905,2024-10-16,CUST-00127,cust-00127@lumenmail.com,Lighting,2,8.13,0.0,Email,US,variant
ORD-006721,02/09/2024,CUST-02530,cust-02530@lumenmail.com,Décor,1,34.67,10.0,,US,variant
ORD-001309,2023-12-14,CUST-01102,cust-01102@lumenmail.com,Décor,4,83.49,10.0,Email,AU,
ORD-002064,2024-04-07,CUST-01572,cust-01572@lumenmail.com,Furniture,1,164.36,0.05,Email,ZZ,variant
ORD-002561,2024-11-10,CUST-01400,cust-01400@lumenmail.com,Lighting,1,131.64,0.0,,CA,control
ORD-005723,2024-02-15,CUST-02901,cust-02901@lumenmail.com,Accessories,1,95.55,0.0,Email,US,control
ORD-007877,2023-08-18,CUST-02856,cust-02856@lumenmail.com,Accessories,2,186.11,0.0,Organic,US,variant
ORD-008120,2024-01-07,CUST-00318,cust-00318@lumenmail.com,Lighting,2,420.23,0.15,Email,UK,variant
ORD-001624,2024-08-26,CUST-00976,cust-00976@lumenmail.com,Outdoor,4,85.02,0.2,Paid Search,CA,
ORD-001371,2024-01-23,CUST-01700,cust-01700@lumenmail.com,Lighting,1,68.73,0.0,Email,US,control
ORD-005028,2024-06-23,CUST-01046,cust-01046@lumenmail.com,Décor,3,320.11,0.1,,US,control
ORD-006585,2024-12-15,CUST-02008,cust-02008@lumenmail.com,Lighting,4,191.88,0.0,Email,US,
ORD-008357,2023-09-11,CUST-00354,cust-00354@lumenmail.com,Furniture,-2,26.21,0.15,Paid Search,UK,
ORD-004412,2024-11-20,CUST-01097,cust-01097@lumenmail.com,Lighting,3,12.91,0.0,Email,UK,variant
ORD-005945,2024-12-01,CUST-01997,cust-01997@lumenmail.com,Furniture,2,42.7,0.05,Email,UK,
ORD-008345,2024-08-26,CUST-01872,cust-01872@lumenmail.com,Furniture,1,177.54,0.15,Social,US,variant
ORD-004722,2023-12-04,CUST-00676,cust-00676@lumenmail.com,Décor,2,265.87,0.0,Email,US,control
ORD-000675,2024-05-24,,guest@lumenmail.com,Lighting,4,37.72,0.15,Email,ZZ,
ORD-002544,23/10/2024,CUST-01194,cust-01194@lumenmail.com,Décor,6,48.24,0.0,Social,US,control
ORD-009406,2023-11-06,CUST-02888,cust-02888@lumenmail.com,Furniture,3,89.46,0.0,Paid Search,US,control
ORD-001067,2024-10-03,CUST-01793,cust-01793@lumenmail.com,Furniture,3,188.04,0.1,Email,US,variant
ORD-003775,2024-06-05,CUST-02001,cust-02001@lumenmail.com,Outdoor,1,718.08,0.05,Email,CA,variant
ORD-002017,2023-07-16,CUST-01825,cust-01825@lumenmail.com,Décor,3,69.46,0.0,Paid Search,CA,control
ORD-000896,2024-04-29,CUST-02606,cust-02606@lumenmail.com,Lighting,1,40.8,0.1,Email,US,variant
ORD-002339,2024-04-12,CUST-01187,cust-01187@lumenmail.com,Outdoor,2,69.61,0.0,Email,US,control
ORD-000809,2023-09-04,CUST-01233,cust-01233@lumenmail.com,Lighting,1,456.92,5.0,Paid Search,US,control
ORD-007144,2023-08-08,CUST-02846,cust-02846@lumenmail.com,Outdoor,1,333.63,0.0,Email,ZZ,
ORD-003734,13/10/2024,CUST-02289,cust-02289@lumenmail.com,Accessories,4,74.67,0.2,Paid Search,US,
ORD-001785,2024-05-22,CUST-00857,cust-00857@lumenmail.com,Lighting,2,101.94,0.0,Email,US,control
ORD-004320,2024-05-01,CUST-01924,cust-01924@lumenmail.com,Furniture,3,126.23,0.0,Paid Search,US,control
ORD-001777,2024-10-15,CUST-00679,cust-00679@lumenmail.com,Lighting,1,74.2,0.1,Organic,CA,
ORD-008184,2024-03-14,CUST-01955,cust-01955@lumenmail.com,Furniture,1,17.06,0.05,Email,US,
ORD-006888,2023-12-11,CUST-00885,cust-00885@lumenmail.com,Lighting,1,86.67,0.1,Paid Search,US,control
ORD-005483,2024-07-08,CUST-02245,cust-02245@lumenmail.com,Furniture,1,57.4,0.05,Paid Search,AU,control
ORD-000747,2023-06-21,CUST-02218,cust-02218@lumenmail.com,Lighting,1,38.13,0.0,Paid Search,US,
ORD-005365,2023-09-04,CUST-02520,cust-02520@lumenmail.com,Décor,3,166.63,0.0,Social,US,variant
ORD-005855,2024-08-18,,guest@lumenmail.com,Lighting,1,57.37,0.1,Social,US,variant
ORD-006853,2024-05-18,CUST-01898,cust-01898@lumenmail.com,Outdoor,2,183.23,0.0,Email,US,
ORD-001366,2024-10-02,CUST-01998,cust-01998@lumenmail.com,Décor,1,103.61,0.15,Email,US,variant
ORD-002252,01/08/2023,CUST-02976,cust-02976@lumenmail.com,Furniture,1,322.9,0.1,Paid Search,US,
ORD-008639,2024-07-22,CUST-01217,cust-01217@lumenmail.com,Lighting,1,91.54,15.0,Organic,US,
ORD-006434,26/02/2024,CUST-02429,cust-02429@lumenmail.com,Outdoor,1,140.86,0.05,Email,UK,control
ORD-004374,28/12/2023,CUST-01069,cust-01069@lumenmail.com,lighting,2,109.17,0.05,Paid Search,US,control
ORD-006837,2024-08-18,CUST-00791,cust-00791@lumenmail.com,Décor,4,81.26,0.0,Paid Search,US,variant
ORD-000888,2023-10-02,CUST-02507,cust-02507@lumenmail.com,Décor,1,627.2,0.05,Organic,US,variant
ORD-004939,2023-10-09,CUST-00899,cust-00899@lumenmail.com,Décor,5,29.18,0.05,Organic,CA,control
ORD-009578,2023-08-15,CUST-02309,cust-02309@lumenmail.com,Lighting,2,39.63,0.05,Social,US,variant
ORD-005520,2023-10-02,CUST-00798,cust-00798@lumenmail.com,Décor,1,66.85,0.0,Paid Search,UK,control
ORD-004396,2024-03-17,CUST-02328,cust-02328@lumenmail.com,Lighting,1,34.29,0.15,Paid Search,CA,
ORD-005010,2024-01-18,CUST-00075,cust-00075@lumenmail.com,Lighting,6,14.68,0.15,Paid Search,US,
ORD-001645,2024-02-22,CUST-02391,cust-02391@lumenmail.com,Outdoor,2,231.79,0.2,Paid Search,ZZ,
ORD-008575,2024-09-18,CUST-00205,cust-00205@lumenmail.com,Outdoor,2,271.61,0.05,Organic,US,variant
ORD-001349,2024-11-29,CUST-01781,cust-01781@lumenmail.com,Lighting,2,25.51,0.05,Email,US,control
ORD-005597,2023-12-30,,guest@lumenmail.com,Lighting,2,175.29,0.15,Email,UK,
ORD-008559,2023-12-23,CUST-00751,cust-00751@lumenmail.com,Lighting,1,71.78,0.1,Paid Search,US,control
ORD-006672,2024-01-31,CUST-02482,cust-02482@lumenmail.com,Décor,1,161.13,0.25,Paid Search,AU,
ORD-000078,2023-12-23,CUST-01175,cust-01175@lumenmail.com,Décor,1,77.16,0.1,Paid Search,US,
ORD-002418,08/11/2023,CUST-02338,cust-02338@lumenmail.com,Décor,3,22.43,0.1,Email,CA,variant
ORD-007180,2024-03-15,CUST-02096,cust-02096@lumenmail.com,Furniture,3,0.0,0.2,Organic,US,control
ORD-008709,2024-01-17,CUST-02776,cust-02776@lumenmail.com,Lighting,2,16.1,0.0,Social,UK,control
ORD-000581,2023-09-06,CUST-02418,cust-02418@lumenmail.com,Décor,1,161.22,0.05,Organic,US,
ORD-006599,2024-05-26,CUST-01950,cust-01950@lumenmail.com,Furniture,2,297.53,0.05,Email,US,variant
ORD-003131,2024-11-13,CUST-00080,cust-00080@lumenmail.com,Décor,1,0.0,0.2,Social,US,control
ORD-008199,17/07/2023,CUST-00433,cust-00433@lumenmail.com,Décor,1,386.34,0.0,Paid Search,US,variant
ORD-005306,2024-04-03,CUST-02203,cust-02203@lumenmail.com,Lighting,2,108.5,0.05,Paid Search,US,variant
ORD-008129,2023-11-09,CUST-02368,cust-02368@lumenmail.com,Lighting,2,713.84,0.0,Email,CA,
ORD-001134,2023-08-27,CUST-00235,cust-00235@lumenmail.com,Décor,1,148.14,0.2,Email,UK,variant
ORD-001386,2023-07-04,CUST-01595,cust-01595@lumenmail.com,Outdoor,1,163.26,0.05,Organic,US,control
ORD-002410,2024-02-15,,guest@lumenmail.com,Décor,6,186.88,0.05,Organic,US,
ORD-001910,28/08/2024,CUST-00340,cust-00340@lumenmail.com,Décor,1,6.27,0.0,Email,US,variant
ORD-005750,2023-12-22,CUST-00021,cust-00021@lumenmail.com,Lighting,2,200.29,0.05,Email,AU,
ORD-005814,2024-04-22,CUST-02700,cust-02700@lumenmail.com,Accessories,1,80.47,0.05,Social,US,
ORD-008733,2024-09-12,CUST-01814,cust-01814@lumenmail.com,Lighting,1,194.74,0.15,Email,UK,
ORD-007797,2023-06-04,CUST-02910,cust-02910@lumenmail.com,Furniture,4,12.87,0.0,Paid Search,UK,
ORD-007941,2024-02-09,CUST-01244,cust-01244@lumenmail.com,Lighting,1,51.03,0.0,Email,AU,
ORD-000971,24/10/2024,CUST-02660,cust-02660@lumenmail.com,Lighting,5,23.4,0.0,Email,US,
ORD-007082,29/08/2023,CUST-00444,cust-00444@lumenmail.com,Lighting,1,37.82,0.0,Organic,US,control
ORD-000082,2024-04-16,CUST-01653,cust-01653@lumenmail.com,Lighting,1,168.71,0.1,Email,US,variant
ORD-003793,2024-11-20,CUST-02241,cust-02241@lumenmail.com,Lighting,6,46.1,0.15,Social,UK,control
ORD-007730,2024-07-11,,guest@lumenmail.com,Furniture,1,39.18,0.0,Paid Search,CA,
ORD-007634,2023-12-05,CUST-01369,cust-01369@lumenmail.com,Décor,1,173.72,0.05,,ZZ,
ORD-003996,2024-07-09,CUST-00775,cust-00775@lumenmail.com,Lighting,3,17.07,0.0,Paid Search,US,control
ORD-006589,2024-11-13,CUST-00731,cust-00731@lumenmail.com,Décor,2,20.46,0.25,Email,UK,variant
ORD-001224,2024-08-09,CUST-00173,cust-00173@lumenmail.com,Décor,2,41.33,0.1,Paid Search,ZZ,
ORD-007925,2023-12-01,,guest@lumenmail.com,Décor,-2,44.71,0.15,Paid Search,CA,variant
ORD-006343,2023-10-15,CUST-01038,cust-01038@lumenmail.com,Décor,3,40.38,0.05,Email,UK,control
ORD-008100,2024-05-03,,guest@lumenmail.com,lighting,1,27.93,15.0,,CA,variant
ORD-002037,2024-08-19,CUST-02009,cust-02009@lumenmail.com,Lighting,2,160.96,0.0,Social,CA,variant
ORD-002670,2024-11-06,CUST-00729,cust-00729@lumenmail.com,Lighting,2,36.58,0.0,Organic,US,variant
ORD-000147,2024-04-04,CUST-01404,cust-01404@lumenmail.com,Outdoor,1,20.02,0.1,Email,US,control
ORD-007597,2024-07-29,CUST-01427,cust-01427@lumenmail.com,Accessories,5,390.9,0.0,Paid Search,US,
ORD-000094,2023-08-26,,guest@lumenmail.com,Décor,1,33.48,0.0,Paid Search,US,
ORD-008841,2024-02-16,CUST-01967,cust-01967@lumenmail.com,Décor,2,384.82,0.25,Paid Search,UK,control
ORD-006206,2023-07-26,CUST-01034,cust-01034@lumenmail.com,Furniture,3,40.22,0.1,Social,UK,variant
ORD-004723,2024-09-12,CUST-02450,cust-02450@lumenmail.com,Lighting,4,175.25,5.0,Paid Search,US,variant
ORD-003480,2024-08-05,CUST-02952,cust-02952@lumenmail.com,Lighting,-1,95.1,0.0,Organic,US,control
ORD-007606,2024-12-04,,guest@lumenmail.com,Décor,1,40.24,0.0,Paid Search,CA,
ORD-005039,2023-12-18,CUST-01768,cust-01768@lumenmail.com,Lighting,2,47.85,0.0,Paid Search,UK,
ORD-005067,2023-12-11,CUST-02059,cust-02059@lumenmail.com,Furniture,6,41.93,0.05,Paid Search,US,
ORD-002635,2024-12-05,CUST-01441,cust-01441@lumenmail.com,Lighting,2,329.43,0.0,Paid Search,US,control
ORD-005876,2023-07-11,CUST-01479,cust-01479@lumenmail.com,Furniture,1,435.19,0.0,Paid Search,US,
ORD-003231,2024-01-12,,guest@lumenmail.com,Lighting,3,77.79,0.05,Organic,US,
ORD-003032,15/08/2024,CUST-01376,cust-01376@lumenmail.com,Outdoor,2,41.23,0.05,Email,US,control
ORD-004589,01/08/2024,CUST-01587,cust-01587@lumenmail.com,Décor,2,48.71,15.0,Email,ZZ,variant
ORD-003654,2024-02-07,CUST-01448,cust-01448@lumenmail.com,lighting,4,169.47,0.1,Email,US,variant
ORD-007784,08/06/2024,CUST-00579,cust-00579@lumenmail.com,Décor,1,122.91,0.15,Social,CA,control
ORD-002470,2024-07-31,CUST-00587,cust-00587@lumenmail.com,Furniture,4,82.11,0.0,Paid Search,US,control
ORD-002184,2023-10-06,,guest@lumenmail.com,Lighting,1,82.21,0.05,Email,US,control
ORD-004460,2023-08-17,CUST-01988,cust-01988@lumenmail.com,Lighting,1,85.24,0.05,Email,US,control
ORD-005357,2023-12-03,CUST-01228,cust-01228@lumenmail.com,Lighting,1,38.95,0.0,Paid Search,AU,
ORD-002059,2023-06-21,CUST-01119,cust-01119@lumenmail.com,Lighting,1,773.09,0.15,Social,US,
ORD-003423,21/09/2024,CUST-02473,cust-02473@lumenmail.com,Décor,1,247.21,0.15,Organic,US,variant
ORD-002973,03/04/2024,CUST-00326,cust-00326@lumenmail.com,Outdoor,1,290.88,0.05,Paid Search,US,
ORD-003039,2023-07-24,CUST-02110,cust-02110@lumenmail.com,Furniture,2,71.95,0.05,Paid Search,US,control
ORD-001153,2024-06-13,CUST-01952,cust-01952@lumenmail.com,Accessories,3,36.83,10.0,Paid Search,US,variant
ORD-006273,2023-11-21,CUST-01408,cust-01408@lumenmail.com,Accessories,1,78.07,0.0,Email,US,variant
ORD-008600,2024-04-04,CUST-01972,cust-01972@lumenmail.com,Lighting,2,502.03,10.0,Email,US,variant
ORD-004656,2023-10-31,CUST-02245,cust-02245@lumenmail.com,Furniture,4,44.27,0.25,Paid Search,CA,
ORD-000515,28/03/2024,CUST-02650,cust-02650@lumenmail.com,Lighting,1,482.05,0.05,Paid Search,CA,
ORD-008776,2023-10-25,,guest@lumenmail.com,Outdoor,1,201.9,0.05,Organic,CA,
ORD-007037,01/08/2023,,guest@lumenmail.com,Lighting,1,137.82,0.05,,US,
ORD-003882,2023-08-09,CUST-01354,cust-01354@lumenmail.com,Décor,2,177.41,0.1,Email,US,control
ORD-000991,2023-06-12,CUST-02240,cust-02240@lumenmail.com,Décor,2,37.21,0.25,Social,US,
ORD-008060,2023-07-09,,guest@lumenmail.com,Accessories,7,170.82,0.2,Paid Search,AU,variant
ORD-006673,2024-04-14,CUST-00729,cust-00729@lumenmail.com,Furniture,3,27.54,0.15,Email,US,variant
ORD-003471,2024-09-23,CUST-01360,cust-01360@lumenmail.com,Accessories,1,84.32,0.0,Email,US,control
ORD-006323,2023-06-23,CUST-01360,cust-01360@lumenmail.com,Lighting,-1,24.9,0.0,Email,CA,
ORD-008227,2023-11-21,CUST-01486,cust-01486@lumenmail.com,Lighting,3,372.01,0.0,Paid Search,AU,
ORD-002341,2024-03-07,CUST-02830,cust-02830@lumenmail.com,Furniture,6,183.76,0.0,Paid Search,US,
ORD-002970,2023-06-21,CUST-02206,cust-02206@lumenmail.com,Lighting,1,59.5,0.0,Paid Search,US,
ORD-009277,2024-04-15,CUST-01346,cust-01346@lumenmail.com,Furniture,5,35.83,0.1,Paid Search,US,
ORD-006301,2023-12-15,CUST-01994,cust-01994@lumenmail.com,Lighting,1,48.97,0.05,Paid Search,US,control
ORD-005637,2024-09-20,CUST-00253,cust-00253@lumenmail.com,Accessories,-2,40.65,0.0,Paid Search,ZZ,variant
ORD-002109,2023-08-16,CUST-00116,cust-00116@lumenmail.com,Outdoor,1,253.8,0.1,,CA,variant
ORD-003402,2023-10-05,CUST-02159,cust-02159@lumenmail.com,Lighting,4,58.44,0.15,Organic,US,
ORD-009039,2023-12-22,CUST-02373,cust-02373@lumenmail.com,Furniture,3,93.02,0.0,Social,CA,control
ORD-000963,2023-09-20,CUST-01441,cust-01441@lumenmail.com,Lighting,1,92.7,0.0,Email,CA,
ORD-009216,2024-01-28,CUST-00063,cust-00063@lumenmail.com,lighting,2,593.09,0.0,Paid Search,CA,
ORD-006201,2024-12-20,CUST-01728,cust-01728@lumenmail.com,Décor,1,249.61,0.0,Organic,US,
ORD-001117,2024-03-20,CUST-01845,cust-01845@lumenmail.com,Décor,2,325.36,0.05,Organic,ZZ,control
ORD-003677,2024-12-12,CUST-00277,cust-00277@lumenmail.com,Décor,2,31.7,5.0,Social,US,control
ORD-002625,2023-09-06,CUST-01873,cust-01873@lumenmail.com,Décor,1,25.38,0.0,Social,ZZ,
ORD-000869,2024-06-20,CUST-00720,cust-00720@lumenmail.com,Décor,4,212.5,0.0,Paid Search,US,variant
ORD-005002,2024-06-08,CUST-00508,cust-00508@lumenmail.com,Outdoor,1,639.03,0.2,Paid Search,US,
ORD-000667,29/01/2024,CUST-00494,cust-00494@lumenmail.com,Lighting,1,220.18,0.1,Paid Search,CA,control
ORD-008678,2024-02-12,CUST-00344,cust-00344@lumenmail.com,Lighting,1,74.63,0.1,,CA,
ORD-003826,2023-06-25,CUST-00088,cust-00088@lumenmail.com,Outdoor,2,352.29,0.05,Email,US,variant
ORD-008875,2023-07-07,,guest@lumenmail.com,Furniture,7,54.68,0.05,Paid Search,US,variant
ORD-009062,2024-04-06,CUST-01503,cust-01503@lumenmail.com,Décor,5,42.21,0.0,Organic,US,variant
ORD-007747,2024-12-07,CUST-00978,cust-00978@lumenmail.com,Décor,2,575.41,0.05,Paid Search,US,control
ORD-000294,2024-04-10,CUST-00551,cust-00551@lumenmail.com,Décor,4,26.12,0.0,Organic,CA,variant
ORD-005403,2024-06-19,CUST-00740,cust-00740@lumenmail.com,Accessories,5,164.88,0.2,Email,US,control
ORD-005042,2023-09-22,CUST-02010,cust-02010@lumenmail.com,Lighting,3,167.78,0.0,,US,variant
ORD-004874,20/07/2024,CUST-00335,cust-00335@lumenmail.com,Accessories,1,144.04,0.0,Email,US,variant
ORD-009275,2024-11-22,CUST-01313,cust-01313@lumenmail.com,Outdoor,2,46.95,0.1,Paid Search,US,
ORD-002927,09/06/2024,CUST-01431,cust-01431@lumenmail.com,Lighting,4,310.87,0.05,Organic,US,
ORD-005587,2024-07-16,CUST-00922,cust-00922@lumenmail.com,Furniture,1,50.36,0.1,Email,US,
ORD-008486,2024-05-28,,guest@lumenmail.com,Lighting,1,34.76,0.0,Paid Search,US,
ORD-005575,2023-07-16,CUST-02185,cust-02185@lumenmail.com,Accessories,1,183.84,0.0,Email,CA,control
ORD-008196,2023-10-28,CUST-01166,cust-01166@lumenmail.com,Lighting,1,41.7,0.0,Paid Search,UK,control
ORD-001556,2024-05-02,CUST-02831,cust-02831@lumenmail.com,Outdoor,3,344.32,0.2,Email,US,
ORD-000930,2024-09-08,CUST-01073,cust-01073@lumenmail.com,Lighting,1,110.91,0.0,Organic,ZZ,control
ORD-004300,2023-07-06,CUST-02706,cust-02706@lumenmail.com,Lighting,1,43.14,0.05,Email,US,control
ORD-004081,2023-10-15,CUST-00429,cust-00429@lumenmail.com,Décor,1,82.82,0.0,Email,US,
ORD-000245,2024-05-28,CUST-02063,cust-02063@lumenmail.com,Décor,2,28.52,0.0,Organic,UK,control
ORD-005216,2024-06-21,CUST-00178,cust-00178@lumenmail.com,Lighting,2,113.79,0.05,Paid Search,US,
ORD-001361,2023-08-16,CUST-01782,cust-01782@lumenmail.com,Furniture,5,7.19,0.0,Paid Search,AU,variant
ORD-005152,16/10/2023,CUST-01994,cust-01994@lumenmail.com,Décor,1,7.28,0.2,Organic,US,control
ORD-002436,2024-06-18,CUST-00893,cust-00893@lumenmail.com,Furniture,2,208.02,0.0,Organic,UK,variant
ORD-009108,30/07/2023,CUST-00708,cust-00708@lumenmail.com,Lighting,1,77.39,0.05,Organic,US,variant
ORD-008932,2024-05-02,CUST-02470,cust-02470@lumenmail.com,Furniture,2,47.71,0.0,Paid Search,CA,variant
ORD-002870,2024-06-19,CUST-01781,cust-01781@lumenmail.com,Décor,1,43.81,0.05,Email,US,variant
ORD-009505,2023-08-21,,guest@lumenmail.com,Furniture,7,79.32,0.05,Email,AU,
ORD-004698,2024-01-20,,guest@lumenmail.com,Lighting,2,126.1,0.1,Paid Search,AU,control
ORD-008442,2023-11-02,CUST-00314,cust-00314@lumenmail.com,Décor,1,103.48,0.05,Social,US,control
ORD-007681,04/04/2024,CUST-02593,cust-02593@lumenmail.com,Furniture,1,35.42,0.05,Paid Search,UK,control
ORD-002920,14/08/2024,CUST-02334,cust-02334@lumenmail.com,Lighting,2,53.18,0.15,Email,US,variant
ORD-006915,2024-12-08,CUST-02060,cust-02060@lumenmail.com,Décor,1,124.17,0.05,Social,CA,control
ORD-005083,2023-06-17,CUST-02016,cust-02016@lumenmail.com,Décor,4,97.01,0.15,Social,US,
ORD-002450,2024-10-25,CUST-02042,cust-02042@lumenmail.com,Lighting,4,184.43,0.0,Paid Search,UK,variant
ORD-003034,2024-10-23,CUST-01490,cust-01490@lumenmail.com,Lighting,1,28.43,0.1,Email,CA,control
ORD-000171,2023-07-05,CUST-02198,cust-02198@lumenmail.com,Décor,4,372.69,0.05,Organic,US,
ORD-005951,13/06/2023,CUST-02894,cust-02894@lumenmail.com,Outdoor,2,6.39,0.1,Social,US,
ORD-007414,2024-05-21,CUST-00088,cust-00088@lumenmail.com,Lighting,1,584.43,0.2,Email,CA,control
ORD-000341,2024-10-25,CUST-02042,cust-02042@lumenmail.com,Lighting,5,35.85,0.05,Organic,US,variant
ORD-001994,2023-08-31,CUST-00122,cust-00122@lumenmail.com,Lighting,2,41.26,0.0,Email,UK,control
ORD-003530,2024-02-12,CUST-02438,cust-02438@lumenmail.com,Décor,4,67.09,0.1,Email,US,
ORD-007513,2024-09-02,CUST-01397,cust-01397@lumenmail.com,Furniture,-1,61.98,0.05,Email,US,
ORD-000227,2023-07-24,CUST-02812,cust-02812@lumenmail.com,Lighting,1,749.93,0.05,Organic,US,
ORD-001440,2024-04-08,CUST-01978,cust-01978@lumenmail.com,Décor,3,45.92,0.0,Paid Search,AU,control
ORD-003977,2024-05-31,CUST-00646,cust-00646@lumenmail.com,Décor,2,27.17,0.15,Organic,US,
ORD-002792,2024-02-18,CUST-00161,cust-00161@lumenmail.com,Lighting,4,714.27,0.15,Social,US,control
ORD-008722,2023-12-01,CUST-01383,cust-01383@lumenmail.com,Accessories,2,79.17,0.25,Email,US,control
ORD-003790,2023-07-23,CUST-02980,cust-02980@lumenmail.com,Décor,1,144.3,0.0,Paid Search,US,
ORD-006306,24/07/2024,CUST-02240,cust-02240@lumenmail.com,Accessories,1,130.5,0.05,Email,US,variant
ORD-001388,2024-01-12,CUST-00298,cust-00298@lumenmail.com,Lighting,1,732.9,0.1,Email,US,variant
ORD-006827,02/11/2024,CUST-02066,cust-02066@lumenmail.com,Lighting,2,755.45,0.0,Social,ZZ,variant
ORD-005038,2023-11-14,,guest@lumenmail.com,Lighting,2,94.05,0.0,Paid Search,CA,variant
ORD-008247,2023-11-11,,guest@lumenmail.com,Lighting,1,17.78,0.0,Social,UK,control
ORD-004545,2024-07-12,CUST-01777,cust-01777@lumenmail.com,Lighting,6,79.55,5.0,Email,US,
ORD-003704,05/01/2024,CUST-01971,cust-01971@lumenmail.com,Lighting,1,360.84,0.2,Paid Search,CA,control
ORD-007316,2023-06-12,CUST-00736,cust-00736@lumenmail.com,Outdoor,6,126.53,0.0,Organic,CA,
ORD-007979,2024-02-29,CUST-00244,cust-00244@lumenmail.com,Décor,4,92.07,0.0,Email,UK,
ORD-001924,29/10/2023,CUST-01752,cust-01752@lumenmail.com,Furniture,2,136.96,0.2,Email,US,variant
ORD-004632,05/09/2023,CUST-02634,cust-02634@lumenmail.com,Lighting,2,353.15,0.0,Email,US,
ORD-003328,2024-05-13,CUST-00259,cust-00259@lumenmail.com,Furniture,3,363.79,0.0,Email,CA,variant
ORD-008598,2023-09-06,CUST-01757,cust-01757@lumenmail.com,Lighting,2,9.94,0.0,Social,US,
ORD-006569,2023-06-27,CUST-02151,cust-02151@lumenmail.com,Lighting,1,31.19,0.0,Organic,US,control
ORD-001575,2024-08-18,CUST-01605,cust-01605@lumenmail.com,Décor,1,14.79,0.15,Email,CA,
ORD-006194,2023-08-18,CUST-01181,cust-01181@lumenmail.com,Furniture,2,22.19,0.2,Paid Search,US,
ORD-004263,2024-06-21,CUST-00826,cust-00826@lumenmail.com,Décor,3,31.65,0.0,Social,US,variant
ORD-001258,11/12/2024,CUST-00355,cust-00355@lumenmail.com,Outdoor,1,200.14,0.0,Organic,CA,
ORD-006148,2023-11-21,CUST-01752,cust-01752@lumenmail.com,Décor,3,134.65,0.0,Email,US,variant
ORD-002234,02/03/2024,CUST-00840,cust-00840@lumenmail.com,Décor,2,89.15,0.05,Email,AU,control
ORD-004401,2023-11-15,CUST-00169,cust-00169@lumenmail.com,Accessories,4,158.7,0.1,Paid Search,US,
ORD-003497,03/11/2023,CUST-02777,cust-02777@lumenmail.com,Décor,1,57.9,0.0,,US,
ORD-006620,2024-07-26,CUST-00553,cust-00553@lumenmail.com,Furniture,1,49.48,0.0,Organic,US,variant
ORD-008980,2024-01-31,CUST-00447,cust-00447@lumenmail.com,Décor,1,129.12,0.0,Paid Search,US,
ORD-000312,2024-12-11,CUST-01218,cust-01218@lumenmail.com,Furniture,7,89.95,0.0,Social,US,control
ORD-003316,04/12/2023,CUST-00133,cust-00133@lumenmail.com,Lighting,2,64.82,0.0,Email,US,variant
ORD-003640,2023-09-25,CUST-00924,cust-00924@lumenmail.com,Accessories,1,560.36,0.2,Organic,US,
ORD-004593,2024-08-02,CUST-02170,cust-02170@lumenmail.com,lighting,1,325.63,0.05,Paid Search,US,control
ORD-004486,2024-06-29,CUST-01725,cust-01725@lumenmail.com,Furniture,4,27.93,0.05,Paid Search,US,variant
ORD-005341,2024-03-12,CUST-02994,cust-02994@lumenmail.com,Lighting,1,167.0,0.0,Paid Search,US,
ORD-009436,09/12/2024,CUST-01411,cust-01411@lumenmail.com,Lighting,1,70.73,0.2,Paid Search,UK,control
ORD-006882,2024-06-24,CUST-01192,cust-01192@lumenmail.com,Décor,1,131.94,0.1,Organic,US,variant
ORD-004319,2023-11-29,CUST-01768,cust-01768@lumenmail.com,Lighting,2,68.73,0.05,Organic,ZZ,variant
ORD-007710,2024-09-07,CUST-00337,cust-00337@lumenmail.com,Décor,2,77.38,0.2,Email,US,control
ORD-008128,15/06/2024,CUST-02213,cust-02213@lumenmail.com,Furniture,1,146.52,0.05,Paid Search,US,control
ORD-008225,2024-06-23,CUST-01595,cust-01595@lumenmail.com,Décor,1,163.37,0.0,Email,US,
ORD-001147,2024-10-07,,guest@lumenmail.com,Lighting,1,40.27,0.0,Social,CA,variant
ORD-005524,2024-12-10,CUST-01294,cust-01294@lumenmail.com,Accessories,2,45.26,0.15,Email,US,variant
ORD-008557,24/11/2024,CUST-01561,cust-01561@lumenmail.com,Furniture,-2,18.6,0.0,Organic,US,
ORD-007580,2024-11-22,CUST-01539,cust-01539@lumenmail.com,Décor,5,160.6,0.2,Social,US,
ORD-008125,2024-12-13,CUST-00729,cust-00729@lumenmail.com,Outdoor,2,20.76,10.0,Email,US,
ORD-001125,2023-11-05,CUST-00429,cust-00429@lumenmail.com,Décor,2,20.29,0.0,Email,UK,variant
ORD-006362,2024-11-13,CUST-00132,cust-00132@lumenmail.com,Lighting,1,99.45,0.0,Email,UK,
ORD-005338,2024-03-30,,guest@lumenmail.com,Lighting,2,35.49,0.0,Email,US,
ORD-004696,2024-10-26,CUST-01111,cust-01111@lumenmail.com,Furniture,2,29.43,15.0,Paid Search,UK,variant
ORD-005154,2023-12-31,CUST-00820,cust-00820@lumenmail.com,Furniture,4,256.32,0.05,Social,US,
ORD-006990,27/02/2024,CUST-00250,cust-00250@lumenmail.com,Lighting,1,166.76,0.1,Paid Search,CA,variant
ORD-005710,21/11/2024,CUST-01287,cust-01287@lumenmail.com,Décor,1,84.21,0.05,Social,US,
ORD-002722,2024-04-05,CUST-00075,cust-00075@lumenmail.com,lighting,2,40.15,0.0,Organic,US,variant
ORD-004893,2024-11-22,CUST-00393,cust-00393@lumenmail.com,Furniture,1,326.45,0.15,Paid Search,US,variant
ORD-009141,04/12/2024,CUST-01837,cust-01837@lumenmail.com,Lighting,2,9.26,0.0,Paid Search,UK,control
ORD-009008,2023-09-08,CUST-01958,cust-01958@lumenmail.com,Accessories,2,24.72,0.05,Paid Search,US,variant
ORD-006314,2023-12-04,CUST-02115,cust-02115@lumenmail.com,Outdoor,2,80.91,0.05,Email,CA,control
ORD-005121,2023-11-22,CUST-00655,cust-00655@lumenmail.com,Décor,1,87.24,0.0,Social,UK,
ORD-009541,2023-08-19,CUST-00049,cust-00049@lumenmail.com,Décor,1,65.46,0.05,Organic,US,
ORD-005435,2023-07-01,CUST-00137,cust-00137@lumenmail.com,Lighting,1,359.71,0.05,Social,CA,
ORD-009449,16/09/2024,CUST-00448,cust-00448@lumenmail.com,Lighting,1,8.86,0.05,Paid Search,US,
ORD-001367,2023-12-27,CUST-02704,cust-02704@lumenmail.com,Outdoor,3,33.07,0.15,Email,US,control
ORD-005080,29/04/2024,CUST-00064,cust-00064@lumenmail.com,Décor,2,265.68,0.0,Email,US,
ORD-008002,2024-06-04,CUST-01921,cust-01921@lumenmail.com,Décor,2,30.16,0.0,Email,US,variant
ORD-003055,2023-10-10,CUST-02589,cust-02589@lumenmail.com,Lighting,3,43.85,0.0,Paid Search,US,
ORD-000873,2024-04-10,CUST-02771,cust-02771@lumenmail.com,Furniture,1,69.82,0.05,Organic,UK,
ORD-008489,2024-11-27,CUST-00777,cust-00777@lumenmail.com,Accessories,2,550.05,0.0,Social,UK,
ORD-000293,,CUST-00389,cust-00389@lumenmail.com,Lighting,2,309.36,0.15,Email,US,
ORD-009372,2024-10-21,CUST-01781,cust-01781@lumenmail.com,Lighting,2,16.72,0.1,Email,UK,control
ORD-004355,2023-10-07,CUST-00668,cust-00668@lumenmail.com,lighting,1,79.46,0.05,Email,US,variant
ORD-008312,2024-06-11,CUST-00212,cust-00212@lumenmail.com,Furniture,3,32.11,0.05,Organic,US,control
ORD-001559,10/08/2024,,guest@lumenmail.com,Furniture,1,55.22,0.1,,US,
ORD-006796,2024-01-09,CUST-01194,cust-01194@lumenmail.com,Accessories,2,102.3,0.1,Organic,US,
ORD-005969,2023-10-02,CUST-01740,cust-01740@lumenmail.com,Lighting,2,63.51,10.0,Organic,CA,variant
ORD-002971,2024-05-15,CUST-01423,cust-01423@lumenmail.com,Furniture,3,24.03,0.0,Email,CA,
ORD-000360,20/09/2023,CUST-01925,cust-01925@lumenmail.com,Lightng,2,146.48,0.0,Email,US,control
ORD-005448,2023-09-03,CUST-01924,cust-01924@lumenmail.com,Outdoor,5,78.57,0.05,Paid Search,US,
ORD-001787,2024-01-31,CUST-01596,cust-01596@lumenmail.com,Outdoor,4,116.85,0.1,Email,US,variant
ORD-006787,2024-12-10,CUST-01354,cust-01354@lumenmail.com,Décor,2,736.17,0.0,Email,US,control
ORD-009434,2023-10-10,CUST-01822,cust-01822@lumenmail.com,Outdoor,3,28.86,0.0,Paid Search,US,
ORD-008372,2023-12-01,CUST-00895,cust-00895@lumenmail.com,Lighting,2,38.35,0.0,Email,UK,variant
ORD-005217,2024-09-29,CUST-00821,cust-00821@lumenmail.com,Furniture,2,98.81,0.0,Paid Search,US,variant
ORD-009599,2024-12-20,CUST-02669,cust-02669@lumenmail.com,Outdoor,1,199.04,0.1,Social,CA,variant
ORD-000960,2024-06-19,CUST-00397,cust-00397@lumenmail.com,Lighting,-3,238.18,0.0,Email,CA,
ORD-005424,2024-07-06,CUST-00406,cust-00406@lumenmail.com,Lighting,1,253.15,0.05,Social,UK,
ORD-006913,2024-08-20,CUST-00356,cust-00356@lumenmail.com,Furniture,2,21.65,0.15,Organic,US,variant
ORD-005415,28/08/2023,CUST-01700,cust-01700@lumenmail.com,Furniture,1,67.04,0.1,Paid Search,US,
ORD-007069,22/08/2024,CUST-00032,cust-00032@lumenmail.com,Décor,2,91.92,0.0,Paid Search,US,variant
ORD-006316,21/09/2023,CUST-01055,cust-01055@lumenmail.com,Outdoor,1,81.45,0.0,Email,US,
ORD-000886,28/11/2023,,guest@lumenmail.com,Décor,1,690.29,0.0,Organic,US,
ORD-008015,2024-10-11,CUST-02737,cust-02737@lumenmail.com,Décor,4,138.93,0.0,Email,US,variant
ORD-000156,2023-12-04,CUST-00353,cust-00353@lumenmail.com,Lighting,1,557.47,0.05,Organic,US,
ORD-000980,,CUST-02010,cust-02010@lumenmail.com,Outdoor,2,87.14,0.0,Email,US,variant
ORD-001122,2023-12-06,CUST-00976,cust-00976@lumenmail.com,Furniture,1,56.14,0.0,Organic,US,
ORD-004655,2024-08-19,CUST-02417,cust-02417@lumenmail.com,Décor,5,82.67,0.15,Organic,US,control
ORD-000359,2023-06-20,CUST-00585,cust-00585@lumenmail.com,Outdoor,1,11.28,0.0,Email,US,control
ORD-007781,2023-07-15,,guest@lumenmail.com,Furniture,5,98.44,0.15,Paid Search,US,variant
ORD-000052,2024-02-01,CUST-00810,cust-00810@lumenmail.com,Furniture,1,24.51,0.0,Paid Search,US,control
ORD-008370,2023-07-09,CUST-01943,cust-01943@lumenmail.com,Outdoor,3,351.47,0.15,Email,US,
ORD-001593,2023-08-07,CUST-02922,cust-02922@lumenmail.com,Lighting,2,6.05,0.1,Paid Search,UK,variant
ORD-004794,22/12/2023,CUST-02413,cust-02413@lumenmail.com,Furniture,5,293.8,0.0,Email,CA,
ORD-008748,2024-07-09,CUST-02033,cust-02033@lumenmail.com,Outdoor,1,71.48,0.2,Paid Search,US,control
ORD-002246,2024-11-22,CUST-00013,cust-00013@lumenmail.com,Lighting,1,51.14,0.05,Organic,US,
ORD-005743,18/05/2024,CUST-02141,cust-02141@lumenmail.com,Décor,1,74.57,0.0,Organic,ZZ,control
ORD-006733,2024-05-06,CUST-02819,cust-02819@lumenmail.com,Lighting,2,45.89,0.0,Paid Search,US,
ORD-006304,2024-05-07,,guest@lumenmail.com,Accessories,1,37.03,0.0,Organic,US,variant
ORD-004293,2023-09-22,CUST-02290,cust-02290@lumenmail.com,Outdoor,3,159.78,0.0,Email,CA,control
ORD-006443,03/05/2024,,guest@lumenmail.com,Lighting,1,404.01,0.2,Paid Search,US,control
ORD-008724,21/11/2023,CUST-00884,cust-00884@lumenmail.com,Décor,2,199.56,0.05,Organic,AU,variant
ORD-005491,2023-09-25,CUST-02951,cust-02951@lumenmail.com,Décor,2,97.92,0.05,Email,UK,
ORD-001338,2024-03-12,CUST-00540,cust-00540@lumenmail.com,Lighting,2,32.2,0.05,Paid Search,US,
ORD-004581,2024-11-18,CUST-00583,cust-00583@lumenmail.com,Furniture,1,6.07,0.0,Organic,US,control
ORD-008528,2024-04-13,CUST-02942,cust-02942@lumenmail.com,Outdoor,-2,75.86,0.0,Social,CA,variant
ORD-005938,2024-03-13,CUST-01973,cust-01973@lumenmail.com,Décor,1,135.18,0.1,Paid Search,US,variant
ORD-001369,2024-11-25,CUST-02688,cust-02688@lumenmail.com,Accessories,3,128.73,0.05,Email,CA,variant
ORD-005253,02/06/2023,,guest@lumenmail.com,Accessories,1,47.06,0.05,Organic,US,
ORD-002853,2023-06-06,CUST-02904,cust-02904@lumenmail.com,Décor,2,20.28,0.1,Email,ZZ,variant
ORD-005183,2024-02-24,CUST-01917,cust-01917@lumenmail.com,Lighting,4,183.86,0.0,Paid Search,US,
ORD-007725,2023-07-29,CUST-02896,cust-02896@lumenmail.com,Furniture,2,49.69,0.0,Paid Search,US,
ORD-000788,2024-06-03,CUST-00540,cust-00540@lumenmail.com,Décor,1,311.11,0.05,Social,US,variant
ORD-008823,15/07/2023,CUST-02641,cust-02641@lumenmail.com,Furniture,2,28.19,0.1,Email,US,
ORD-005321,2024-05-07,CUST-01331,cust-01331@lumenmail.com,Décor,1,275.44,0.15,Email,US,
ORD-001235,2024-12-29,CUST-02067,cust-02067@lumenmail.com,Lighting,2,37.25,0.2,Email,US,
ORD-003649,2023-09-19,CUST-01392,cust-01392@lumenmail.com,Décor,1,91.02,15.0,Paid Search,US,control
ORD-008887,2024-07-02,CUST-01582,cust-01582@lumenmail.com,Lighting,1,41.16,0.2,Organic,CA,
ORD-005336,2024-09-07,CUST-00207,cust-00207@lumenmail.com,Furniture,1,42.1,0.15,Paid Search,US,
ORD-002646,2023-08-09,,guest@lumenmail.com,Furniture,2,199.9,0.0,Paid Search,UK,
ORD-008577,2023-06-28,CUST-00009,cust-00009@lumenmail.com,Lighting,2,28.41,0.05,Social,US,variant
ORD-007611,2023-06-15,CUST-00646,cust-00646@lumenmail.com,Furniture,1,746.89,0.15,Paid Search,US,
ORD-006988,2024-07-29,,guest@lumenmail.com,Furniture,2,145.92,0.1,Organic,US,
ORD-004563,2024-03-14,CUST-02393,cust-02393@lumenmail.com,Lighting,3,85.67,0.0,Email,US,
ORD-008648,2023-07-19,CUST-02402,cust-02402@lumenmail.com,Furniture,1,13.44,0.0,Paid Search,US,variant
ORD-001047,13/07/2023,CUST-00818,cust-00818@lumenmail.com,Outdoor,2,329.34,0.0,Organic,US,
ORD-008737,2024-02-09,CUST-00563,cust-00563@lumenmail.com,Lighting,4,21.75,0.0,Organic,CA,control
ORD-000649,2024-01-17,CUST-02240,cust-02240@lumenmail.com,Furniture,1,139.71,0.1,,CA,control
ORD-004504,2023-07-07,CUST-00743,cust-00743@lumenmail.com,Outdoor,1,322.67,0.15,,CA,variant
ORD-005485,03/07/2023,CUST-00493,cust-00493@lumenmail.com,Décor,2,47.06,0.05,Organic,US,
ORD-006942,2023-09-22,CUST-02720,cust-02720@lumenmail.com,Lightng,1,118.82,0.0,Email,US,
ORD-006768,2024-11-08,,guest@lumenmail.com,Décor,7,511.41,0.0,Paid Search,US,control
ORD-008906,2024-02-14,,guest@lumenmail.com,Furniture,2,189.53,0.05,Social,US,variant
ORD-009552,11/03/2024,CUST-02184,cust-02184@lumenmail.com,Furniture,3,165.24,0.2,Paid Search,US,
ORD-000931,2023-10-08,CUST-02443,cust-02443@lumenmail.com,Outdoor,3,295.39,0.1,Paid Search,US,control
ORD-001728,2024-02-09,CUST-01950,cust-01950@lumenmail.com,Furniture,1,109.7,0.0,Email,US,
ORD-004000,2024-07-09,CUST-02120,cust-02120@lumenmail.com,Lighting,-2,97.33,0.0,,UK,
ORD-006993,2024-07-22,CUST-00163,cust-00163@lumenmail.com,Décor,1,31.22,0.0,Email,UK,variant
ORD-001392,12/06/2024,,guest@lumenmail.com,Décor,5,26.24,0.05,Social,AU,
ORD-003268,2024-10-02,CUST-02476,cust-02476@lumenmail.com,Furniture,3,286.04,0.15,Organic,US,
ORD-008444,2023-12-21,CUST-00847,cust-00847@lumenmail.com,Outdoor,1,80.24,0.1,Paid Search,UK,control
ORD-006396,2024-09-16,CUST-01750,cust-01750@lumenmail.com,Décor,1,56.92,0.0,Paid Search,US,
ORD-007133,2023-08-19,CUST-01053,cust-01053@lumenmail.com,Furniture,6,566.5,0.15,Paid Search,US,variant
ORD-000545,03/06/2023,CUST-01400,cust-01400@lumenmail.com,Lighting,2,7.58,0.05,Paid Search,US,control
ORD-003337,2024-05-18,CUST-00975,cust-00975@lumenmail.com,Outdoor,-2,25.02,0.15,Organic,UK,control
ORD-009461,2023-11-27,CUST-02700,cust-02700@lumenmail.com,Décor,1,71.33,0.1,Email,AU,
ORD-003281,2023-08-24,CUST-01455,cust-01455@lumenmail.com,Outdoor,1,32.66,0.0,Social,CA,control
ORD-006523,2023-07-06,CUST-00644,cust-00644@lumenmail.com,Décor,1,62.8,0.0,Organic,US,control
ORD-001088,2023-10-17,,guest@lumenmail.com,Décor,1,71.43,0.0,Email,US,control
ORD-002200,01/10/2023,CUST-02404,cust-02404@lumenmail.com,Lighting,1,37.93,0.0,Email,CA,variant
ORD-004196,07/04/2024,CUST-02671,cust-02671@lumenmail.com,Lighting,3,112.15,0.0,Paid Search,CA,
ORD-000350,2024-07-31,CUST-02309,cust-02309@lumenmail.com,Lighting,2,233.53,0.05,Paid Search,CA,control
ORD-007464,2023-08-26,CUST-01860,cust-01860@lumenmail.com,Lighting,1,25.93,0.0,Email,AU,variant
ORD-005960,2024-07-26,CUST-00152,cust-00152@lumenmail.com,Lighting,1,47.89,0.05,Paid Search,US,variant
ORD-001619,2024-01-26,CUST-02039,cust-02039@lumenmail.com,Furniture,1,47.01,0.15,Paid Search,US,variant
ORD-009223,2024-07-23,CUST-00812,cust-00812@lumenmail.com,Lighting,4,42.59,0.05,Organic,US,variant
ORD-005104,2023-10-26,CUST-01707,cust-01707@lumenmail.com,Lighting,2,66.11,0.15,Organic,US,variant
ORD-007469,13/09/2024,CUST-02929,cust-02929@lumenmail.com,Décor,3,373.54,0.0,,US,variant
ORD-003045,02/07/2023,CUST-01204,cust-01204@lumenmail.com,Lighting,2,141.57,0.0,Social,US,variant
ORD-001401,01/09/2023,CUST-01776,cust-01776@lumenmail.com,Accessories,2,29.48,0.05,Paid Search,US,
ORD-001880,2024-05-15,CUST-01529,cust-01529@lumenmail.com,Lighting,2,158.11,0.15,Paid Search,US,
ORD-001165,2024-10-05,CUST-01962,cust-01962@lumenmail.com,Lightng,1,50.43,0.05,Email,US,
ORD-000962,2024-06-10,CUST-02342,cust-02342@lumenmail.com,Décor,1,568.07,0.1,Social,US,variant
ORD-003279,2023-10-31,CUST-00849,cust-00849@lumenmail.com,Décor,2,295.84,0.0,Social,UK,
ORD-006473,2024-03-04,CUST-01488,cust-01488@lumenmail.com,Décor,1,83.62,5.0,Organic,US,control
ORD-000373,2024-09-07,CUST-00901,cust-00901@lumenmail.com,Lighting,2,384.04,0.15,Paid Search,CA,
ORD-005882,2024-05-02,CUST-01238,cust-01238@lumenmail.com,Outdoor,1,62.81,0.0,Email,CA,control
ORD-008878,2024-08-01,CUST-00742,cust-00742@lumenmail.com,Lighting,1,47.27,0.0,Email,US,control
ORD-008161,2023-11-26,CUST-00639,cust-00639@lumenmail.com,Lighting,2,122.14,0.0,Organic,UK,control
ORD-000757,2023-12-13,CUST-02034,cust-02034@lumenmail.com,Décor,1,317.68,0.1,Email,CA,control
ORD-004226,2024-03-28,,guest@lumenmail.com,Lighting,3,98.76,0.0,Paid Search,US,
ORD-007565,2024-02-21,CUST-00680,cust-00680@lumenmail.com,Décor,2,16.73,0.05,Paid Search,US,variant
ORD-000919,2024-06-09,CUST-00529,cust-00529@lumenmail.com,Lighting,2,0.0,0.0,Email,CA,
ORD-009185,27/12/2023,,guest@lumenmail.com,Décor,1,303.75,0.05,,AU,
ORD-009130,2023-11-19,CUST-01306,cust-01306@lumenmail.com,Outdoor,2,79.74,0.05,Social,UK,control
ORD-008502,2023-06-14,CUST-00257,cust-00257@lumenmail.com,Lighting,1,211.09,0.0,Email,CA,
ORD-007745,2023-07-25,CUST-01006,cust-01006@lumenmail.com,Lighting,2,32.17,0.0,Paid Search,UK,
ORD-001861,2024-08-22,CUST-02890,cust-02890@lumenmail.com,Décor,2,196.09,0.1,Paid Search,AU,variant
ORD-005337,2024-08-06,CUST-02992,cust-02992@lumenmail.com,Lighting,6,111.79,0.05,Paid Search,US,control
ORD-008943,05/03/2024,CUST-00954,cust-00954@lumenmail.com,Lighting,2,46.09,0.1,Paid Search,UK,
ORD-007176,2024-06-05,CUST-02356,cust-02356@lumenmail.com,Lighting,5,82.24,0.1,Social,US,variant
ORD-007709,2024-06-10,,guest@lumenmail.com,Accessories,7,130.99,0.0,Paid Search,CA,
ORD-001041,2024-11-15,CUST-02373,cust-02373@lumenmail.com,Lighting,7,221.19,0.0,Social,US,variant
ORD-005794,2024-03-27,,guest@lumenmail.com,Lighting,3,117.8,10.0,Paid Search,US,
ORD-000123,2024-04-06,CUST-00501,cust-00501@lumenmail.com,Décor,1,797.77,0.0,Email,UK,
ORD-005107,2024-09-10,,guest@lumenmail.com,Lighting,1,341.57,0.0,Organic,CA,control
ORD-000969,2024-06-25,CUST-02219,cust-02219@lumenmail.com,Décor,3,98.27,0.0,Email,US,
ORD-006973,07/11/2024,CUST-02581,cust-02581@lumenmail.com,Accessories,1,149.64,0.05,Email,US,control
ORD-000001,25/06/2024,CUST-02706,cust-02706@lumenmail.com,Outdoor,3,47.63,0.15,Email,US,variant
ORD-008882,2024-12-12,CUST-00507,cust-00507@lumenmail.com,Lighting,2,50.17,0.0,Paid Search,US,variant
ORD-009368,2024-11-27,,guest@lumenmail.com,Furniture,3,26.49,0.05,Social,UK,
ORD-003602,01/10/2023,CUST-00852,cust-00852@lumenmail.com,Lighting,2,12.16,0.05,Organic,UK,control
ORD-001938,2024-04-25,CUST-01257,cust-01257@lumenmail.com,Furniture,2,37.97,0.0,Social,US,control
ORD-003429,2023-12-03,CUST-02067,cust-02067@lumenmail.com,Accessories,1,296.06,0.0,Paid Search,CA,
ORD-007924,2024-09-17,CUST-00181,cust-00181@lumenmail.com,Accessories,2,83.65,0.0,Paid Search,US,
ORD-007956,21/06/2024,CUST-00681,cust-00681@lumenmail.com,Décor,1,45.61,0.05,Organic,AU,
ORD-009265,2024-05-26,CUST-02036,cust-02036@lumenmail.com,Furniture,2,321.37,0.1,Email,US,control
ORD-002821,2024-10-22,CUST-02138,cust-02138@lumenmail.com,Décor,2,55.8,0.0,Paid Search,ZZ,
ORD-002538,16/08/2023,CUST-02683,cust-02683@lumenmail.com,Accessories,1,26.64,0.25,Email,UK,
ORD-003919,2024-01-19,CUST-02835,cust-02835@lumenmail.com,Décor,1,103.33,0.05,Paid Search,UK,variant
ORD-001846,2023-10-13,CUST-01580,cust-01580@lumenmail.com,Lighting,7,24.91,0.0,Paid Search,US,variant
ORD-001782,2024-12-10,CUST-00459,cust-00459@lumenmail.com,Lighting,3,6.82,10.0,Organic,CA,control
ORD-005433,2023-08-15,,guest@lumenmail.com,Décor,1,17.85,0.05,Paid Search,CA,control
ORD-003608,2023-12-20,CUST-02228,cust-02228@lumenmail.com,Décor,4,194.71,25.0,Email,US,
ORD-004299,2023-08-27,CUST-02306,cust-02306@lumenmail.com,Furniture,1,80.92,0.05,Paid Search,US,
ORD-004679,04/11/2023,CUST-00400,cust-00400@lumenmail.com,Décor,3,759.22,0.0,Social,CA,control
ORD-006433,2024-09-14,CUST-00322,cust-00322@lumenmail.com,Décor,1,35.79,0.2,Social,CA,control
ORD-002134,17/11/2023,CUST-01976,cust-01976@lumenmail.com,Outdoor,1,356.8,0.0,Organic,US,control
ORD-000560,2024-03-29,CUST-01115,cust-01115@lumenmail.com,Accessories,2,144.7,0.0,Paid Search,US,control
ORD-008194,02/10/2024,CUST-01937,cust-01937@lumenmail.com,Lighting,2,85.64,0.1,Paid Search,US,variant
ORD-001175,2024-09-12,CUST-01721,cust-01721@lumenmail.com,Décor,4,167.38,0.1,Social,US,
ORD-001017,2023-12-27,CUST-01254,cust-01254@lumenmail.com,Lighting,1,8.31,0.0,Paid Search,US,
ORD-006911,2024-09-14,CUST-00996,cust-00996@lumenmail.com,Accessories,5,72.03,0.1,Email,US,
ORD-009281,23/05/2024,CUST-00114,cust-00114@lumenmail.com,Lighting,1,13.55,0.2,Paid Search,US,variant
ORD-009328,03/09/2024,CUST-02367,cust-02367@lumenmail.com,Lightng,1,169.0,0.05,Paid Search,US,
ORD-000288,2023-08-26,CUST-01873,cust-01873@lumenmail.com,Outdoor,1,117.47,0.0,Email,US,variant
ORD-006296,2023-07-07,CUST-00039,cust-00039@lumenmail.com,Décor,7,44.81,0.0,Social,AU,
ORD-001173,2024-06-04,CUST-02002,cust-02002@lumenmail.com,Outdoor,1,59.47,5.0,Organic,US,
ORD-001149,2024-09-06,CUST-00067,cust-00067@lumenmail.com,Lighting,5,117.51,0.0,Social,UK,variant
ORD-002718,2024-10-10,,guest@lumenmail.com,Lighting,3,22.19,0.0,Organic,CA,control
ORD-000553,2024-09-19,CUST-01567,cust-01567@lumenmail.com,Décor,1,85.05,0.05,Email,US,variant
ORD-000533,2024-06-15,CUST-00199,cust-00199@lumenmail.com,Lighting,1,169.53,0.15,Organic,US,
ORD-007927,30/05/2024,CUST-02887,cust-02887@lumenmail.com,Furniture,1,40.58,0.0,Social,CA,control
ORD-003547,2024-06-15,CUST-00671,cust-00671@lumenmail.com,Lighting,4,11.04,0.25,,CA,variant
ORD-002942,13/02/2024,CUST-01843,cust-01843@lumenmail.com,Lighting,3,161.92,0.05,,US,control
ORD-005444,2024-03-14,CUST-00973,cust-00973@lumenmail.com,Décor,1,51.88,0.0,Social,US,variant
ORD-000587,2024-12-10,CUST-02243,cust-02243@lumenmail.com,Furniture,7,92.44,0.1,Paid Search,US,
ORD-006205,2024-07-31,CUST-01616,cust-01616@lumenmail.com,Outdoor,2,35.87,0.1,Email,CA,
ORD-002664,2024-02-15,,guest@lumenmail.com,Furniture,1,71.88,0.0,Email,US,
ORD-007572,2024-08-26,CUST-00405,cust-00405@lumenmail.com,Furniture,1,313.08,10.0,Paid Search,US,control
ORD-004416,2024-12-09,CUST-00838,cust-00838@lumenmail.com,Accessories,2,350.07,0.0,Paid Search,US,variant
ORD-007526,2024-11-15,CUST-00145,cust-00145@lumenmail.com,Décor,1,87.78,0.0,Paid Search,US,control
ORD-008255,2024-01-01,,guest@lumenmail.com,Décor,2,15.4,0.0,Email,US,control
ORD-000605,2024-03-02,CUST-01093,cust-01093@lumenmail.com,Décor,2,154.48,0.0,Social,CA,
ORD-006477,2024-07-18,CUST-02492,cust-02492@lumenmail.com,Furniture,1,321.19,0.0,Email,AU,control
ORD-005906,2023-11-15,CUST-00449,cust-00449@lumenmail.com,Lighting,4,90.15,0.05,Email,US,variant
ORD-000471,2024-02-15,CUST-00531,cust-00531@lumenmail.com,Furniture,1,49.3,0.1,Paid Search,AU,
ORD-008809,2024-01-20,CUST-01389,cust-01389@lumenmail.com,Décor,-1,15.23,20.0,Email,US,
ORD-009250,,CUST-01423,cust-01423@lumenmail.com,Furniture,4,94.19,0.2,Email,UK,control
ORD-003871,2023-09-29,CUST-02071,cust-02071@lumenmail.com,Furniture,2,101.59,0.1,Organic,US,
ORD-006871,2024-01-19,CUST-01500,cust-01500@lumenmail.com,Furniture,6,14.01,0.1,Email,US,control
ORD-002617,2024-05-23,CUST-01277,cust-01277@lumenmail.com,Décor,1,380.69,0.25,Email,US,control
ORD-003315,2023-09-05,CUST-02801,cust-02801@lumenmail.com,Outdoor,2,95.04,0.25,Paid Search,CA,
ORD-009229,2024-03-02,CUST-01512,cust-01512@lumenmail.com,Décor,2,151.23,0.0,Email,AU,
ORD-006226,2023-12-30,CUST-02808,cust-02808@lumenmail.com,Décor,5,38.54,0.1,Social,CA,variant
ORD-003341,2023-12-03,CUST-02163,cust-02163@lumenmail.com,Lighting,4,55.11,0.1,Email,US,variant
ORD-008754,2024-08-18,CUST-02375,cust-02375@lumenmail.com,Accessories,1,73.99,0.05,Email,US,variant
ORD-005469,2024-09-20,CUST-01118,cust-01118@lumenmail.com,Décor,3,139.59,0.05,Paid Search,US,
ORD-001718,2024-11-01,CUST-02178,cust-02178@lumenmail.com,Lighting,3,73.13,0.15,Paid Search,US,
ORD-009495,2024-10-24,CUST-00294,cust-00294@lumenmail.com,Lighting,1,41.55,0.1,Social,ZZ,control
ORD-008918,2024-02-23,CUST-00273,cust-00273@lumenmail.com,Lighting,7,399.73,0.2,,US,control
ORD-000303,2023-12-14,CUST-02570,cust-02570@lumenmail.com,Lighting,2,365.02,0.1,Organic,CA,
ORD-003708,2024-08-21,CUST-00941,cust-00941@lumenmail.com,Accessories,1,119.7,0.0,Email,UK,
ORD-003228,2023-11-03,CUST-02827,cust-02827@lumenmail.com,Outdoor,1,99.81,0.0,Paid Search,UK,
ORD-002194,2024-12-08,CUST-02850,cust-02850@lumenmail.com,Lighting,1,54.55,0.0,Paid Search,US,variant
ORD-003101,2023-07-11,CUST-00336,cust-00336@lumenmail.com,Lighting,2,636.06,0.05,Paid Search,US,control
ORD-007207,2023-07-21,CUST-02226,cust-02226@lumenmail.com,Décor,1,38.15,0.2,Organic,US,variant
ORD-009419,2023-11-18,CUST-02780,cust-02780@lumenmail.com,Décor,2,16.96,0.25,Email,UK,control
ORD-004885,2024-01-12,CUST-00651,cust-00651@lumenmail.com,Lighting,1,92.38,0.0,,CA,variant
ORD-009161,2023-12-10,CUST-01242,cust-01242@lumenmail.com,Lighting,1,21.09,0.1,Organic,US,variant
ORD-008962,2024-12-23,CUST-00310,cust-00310@lumenmail.com,Furniture,1,10.0,10.0,Organic,UK,variant
ORD-002387,22/08/2024,CUST-01089,cust-01089@lumenmail.com,Outdoor,1,146.17,0.1,Paid Search,US,
ORD-005508,2024-08-25,CUST-01061,cust-01061@lumenmail.com,Lighting,2,668.2,0.1,,AU,variant
ORD-008405,06/06/2023,CUST-02014,cust-02014@lumenmail.com,Lighting,1,335.15,0.0,Paid Search,US,
ORD-008930,2024-12-03,CUST-00022,cust-00022@lumenmail.com,Décor,1,77.88,0.05,Social,US,
ORD-002950,2023-10-29,CUST-01818,cust-01818@lumenmail.com,Outdoor,2,194.43,0.0,Organic,AU,variant
ORD-001508,2024-06-24,CUST-00081,cust-00081@lumenmail.com,Lighting,1,82.31,0.05,Paid Search,CA,variant
ORD-009403,19/12/2023,CUST-00094,cust-00094@lumenmail.com,Furniture,1,89.54,0.1,Organic,US,variant
ORD-008392,2023-09-11,,guest@lumenmail.com,Furniture,7,35.22,0.15,Organic,US,control
ORD-003243,2024-12-07,CUST-01642,cust-01642@lumenmail.com,Lighting,2,38.69,10.0,Organic,US,variant
ORD-009041,2024-01-03,CUST-02319,cust-02319@lumenmail.com,Lighting,3,35.82,0.05,Email,US,
ORD-006177,2024-02-28,CUST-01611,cust-01611@lumenmail.com,Lighting,1,27.64,0.0,Paid Search,US,
ORD-002074,2024-12-24,CUST-02960,cust-02960@lumenmail.com,Furniture,3,83.31,0.0,Paid Search,CA,
ORD-002173,2023-06-03,,guest@lumenmail.com,Outdoor,1,39.76,0.15,Organic,CA,control
ORD-003900,2024-05-07,CUST-00279,cust-00279@lumenmail.com,Lighting,1,231.62,0.0,Organic,US,variant
ORD-004449,2024-12-03,CUST-02239,cust-02239@lumenmail.com,Furniture,4,139.33,0.0,Email,ZZ,variant
ORD-007482,2024-12-20,CUST-00062,cust-00062@lumenmail.com,Décor,2,40.64,0.0,Social,US,
ORD-003028,2024-11-06,CUST-01029,cust-01029@lumenmail.com,Lighting,3,0.0,0.1,Paid Search,CA,
ORD-000901,19/06/2023,CUST-00337,cust-00337@lumenmail.com,Lighting,1,469.66,0.0,Paid Search,US,variant
ORD-002841,2024-11-29,CUST-00896,cust-00896@lumenmail.com,Lighting,2,43.43,0.0,Email,US,variant
ORD-001100,2023-11-02,CUST-02635,cust-02635@lumenmail.com,Décor,1,84.27,0.0,Email,US,
ORD-009520,2024-05-22,CUST-02816,cust-02816@lumenmail.com,Furniture,1,82.94,0.0,Organic,US,control
ORD-003482,2024-11-11,CUST-00342,cust-00342@lumenmail.com,Lighting,5,180.48,0.05,Organic,UK,
ORD-009109,2023-09-27,CUST-02493,cust-02493@lumenmail.com,Furniture,1,128.57,0.05,Organic,US,variant
ORD-004172,2023-11-24,CUST-00060,cust-00060@lumenmail.com,Furniture,3,181.0,0.1,Email,AU,control
ORD-003366,2024-10-01,CUST-00081,cust-00081@lumenmail.com,Décor,1,128.55,0.0,Organic,US,variant
ORD-002235,26/09/2023,CUST-01888,cust-01888@lumenmail.com,Décor,2,55.72,0.0,Organic,UK,control
ORD-001208,2023-08-22,CUST-01746,cust-01746@lumenmail.com,Furniture,7,10.64,0.1,Organic,US,control
ORD-006616,2023-09-10,CUST-00518,cust-00518@lumenmail.com,Lighting,1,191.62,0.15,Social,US,control
ORD-009394,2024-10-11,CUST-00596,cust-00596@lumenmail.com,Outdoor,5,224.89,0.2,Social,UK,variant
ORD-003425,2023-11-18,CUST-00018,cust-00018@lumenmail.com,Lighting,1,120.79,20.0,Organic,US,variant
ORD-007078,2023-10-05,CUST-01663,cust-01663@lumenmail.com,Décor,4,24.49,0.25,Organic,CA,variant
ORD-002811,2024-09-12,CUST-02513,cust-02513@lumenmail.com,Outdoor,1,41.2,0.0,Paid Search,UK,variant
ORD-003114,07/06/2023,CUST-02028,cust-02028@lumenmail.com,Outdoor,2,36.66,0.05,Email,ZZ,
ORD-000706,2023-09-02,CUST-01690,cust-01690@lumenmail.com,Lighting,1,7.59,0.0,Email,US,
ORD-001730,2023-11-07,CUST-00575,cust-00575@lumenmail.com,Lighting,4,69.95,0.05,Email,US,
ORD-006212,2024-09-09,CUST-02439,cust-02439@lumenmail.com,lighting,1,131.64,0.05,Social,US,
ORD-008800,2023-08-09,CUST-02318,cust-02318@lumenmail.com,Accessories,1,114.24,0.0,Social,US,variant
ORD-006744,2024-12-10,CUST-02361,cust-02361@lumenmail.com,Accessories,1,17.71,0.0,Organic,US,
ORD-005673,2023-12-19,CUST-00758,cust-00758@lumenmail.com,Furniture,2,167.67,0.0,Paid Search,UK,
ORD-008624,2023-11-14,CUST-00170,cust-00170@lumenmail.com,Décor,1,92.77,0.15,Paid Search,US,
ORD-009292,2024-11-22,,guest@lumenmail.com,Lighting,-3,26.12,0.0,,ZZ,variant
ORD-008490,23/07/2023,CUST-00652,cust-00652@lumenmail.com,Lighting,3,39.97,0.15,Paid Search,US,variant
ORD-008326,2023-10-22,CUST-00539,cust-00539@lumenmail.com,Décor,2,39.95,0.0,,UK,control
ORD-004889,2024-03-31,CUST-02140,cust-02140@lumenmail.com,Lighting,-1,49.12,5.0,Paid Search,US,
ORD-000409,14/11/2024,CUST-02151,cust-02151@lumenmail.com,Lighting,4,41.54,0.0,,US,
ORD-007466,2024-05-31,CUST-00901,cust-00901@lumenmail.com,Lighting,1,148.32,0.05,Paid Search,US,variant
ORD-008497,2023-11-28,CUST-00814,cust-00814@lumenmail.com,Outdoor,1,486.55,0.1,Social,US,
ORD-004276,2024-04-29,CUST-00584,cust-00584@lumenmail.com,Lighting,2,382.12,0.2,Paid Search,US,variant
ORD-005153,2024-06-14,CUST-01170,cust-01170@lumenmail.com,Décor,1,155.24,0.0,Email,US,
ORD-000758,2024-06-20,,guest@lumenmail.com,Lighting,1,67.83,5.0,Paid Search,US,
ORD-000137,16/11/2024,CUST-00966,cust-00966@lumenmail.com,Lighting,1,20.04,10.0,Email,US,control
ORD-008032,2024-05-14,CUST-02208,cust-02208@lumenmail.com,Décor,2,129.93,15.0,Organic,US,control
ORD-002912,25/09/2023,CUST-01325,cust-01325@lumenmail.com,Décor,3,24.09,0.0,Paid Search,CA,
ORD-001725,2024-10-18,CUST-01050,cust-01050@lumenmail.com,Lighting,1,10.03,0.1,Paid Search,US,
ORD-005171,2024-02-17,CUST-00781,cust-00781@lumenmail.com,Accessories,3,36.39,0.0,Email,UK,variant
ORD-006819,2023-09-12,CUST-01164,cust-01164@lumenmail.com,Lighting,1,21.98,0.05,Social,US,
ORD-001810,2024-01-02,CUST-02612,cust-02612@lumenmail.com,Décor,1,23.46,0.0,Social,US,
ORD-005553,2024-05-11,CUST-00773,cust-00773@lumenmail.com,Décor,3,23.66,0.0,Paid Search,US,control
ORD-003816,15/12/2024,CUST-02515,cust-02515@lumenmail.com,Lighting,2,73.66,0.0,Paid Search,US,
ORD-001850,2023-07-25,,guest@lumenmail.com,Lighting,1,468.82,0.1,Organic,AU,variant
ORD-001867,08/11/2024,CUST-02586,cust-02586@lumenmail.com,Outdoor,2,17.43,0.0,Organic,ZZ,control
ORD-005375,2024-08-13,CUST-02620,cust-02620@lumenmail.com,Furniture,1,261.01,0.0,Social,US,variant
ORD-001251,2023-09-14,CUST-01996,cust-01996@lumenmail.com,Furniture,2,379.55,0.05,Paid Search,AU,control
ORD-006111,2024-05-23,CUST-02074,cust-02074@lumenmail.com,Furniture,2,42.66,0.1,Organic,US,control
ORD-000378,12/08/2023,CUST-00412,cust-00412@lumenmail.com,Décor,2,52.03,0.0,Paid Search,US,variant
ORD-003646,2024-01-06,CUST-01254,cust-01254@lumenmail.com,Décor,2,77.04,0.2,Email,US,variant
ORD-006813,2023-07-29,CUST-01457,cust-01457@lumenmail.com,Décor,2,47.79,0.0,Paid Search,UK,
ORD-002609,2023-12-06,CUST-01811,cust-01811@lumenmail.com,Furniture,5,198.25,0.0,Social,US,variant
ORD-005234,2023-07-29,CUST-01875,cust-01875@lumenmail.com,Lighting,1,7.43,0.0,Social,US,
ORD-004992,18/07/2023,CUST-01843,cust-01843@lumenmail.com,Furniture,4,245.75,15.0,Organic,ZZ,control
ORD-003633,2023-08-01,CUST-01548,cust-01548@lumenmail.com,Accessories,2,76.95,0.0,Paid Search,US,
ORD-007079,2024-10-19,,guest@lumenmail.com,Décor,1,144.32,0.0,Paid Search,US,
ORD-006834,2024-08-16,CUST-00390,cust-00390@lumenmail.com,Furniture,1,613.93,0.15,Paid Search,CA,variant
ORD-006740,18/09/2024,CUST-00461,cust-00461@lumenmail.com,Décor,1,157.2,0.0,Email,US,variant
ORD-000316,2023-07-28,CUST-00137,cust-00137@lumenmail.com,Furniture,1,15.92,0.05,Paid Search,US,variant
ORD-005464,2023-07-04,CUST-01065,cust-01065@lumenmail.com,Lighting,1,316.2,0.2,Email,US,control
ORD-006636,2023-09-15,CUST-01910,cust-01910@lumenmail.com,Furniture,1,37.12,20.0,Paid Search,US,control
ORD-002946,2024-01-29,CUST-01986,cust-01986@lumenmail.com,Lighting,3,499.8,0.15,Organic,UK,control
ORD-000326,2024-10-23,CUST-00260,cust-00260@lumenmail.com,Lighting,1,149.3,0.0,Paid Search,US,control
ORD-001848,2024-04-07,,guest@lumenmail.com,Lighting,3,63.61,0.05,Organic,CA,
ORD-009386,23/12/2024,CUST-00481,cust-00481@lumenmail.com,Outdoor,6,81.75,0.0,Email,US,control
ORD-004688,17/06/2023,CUST-00490,cust-00490@lumenmail.com,Lighting,4,58.34,0.05,Social,US,control
ORD-005031,2024-01-06,CUST-02252,cust-02252@lumenmail.com,Lighting,4,19.56,0.0,Organic,US,variant
ORD-008038,2024-02-07,CUST-02055,cust-02055@lumenmail.com,Furniture,2,76.44,0.0,Paid Search,US,
ORD-002187,2024-02-04,CUST-02253,cust-02253@lumenmail.com,Décor,1,60.72,0.05,Email,US,
ORD-004105,2024-03-20,CUST-02947,cust-02947@lumenmail.com,Lighting,-1,45.22,0.1,Email,UK,variant
ORD-005318,2023-12-29,CUST-00692,cust-00692@lumenmail.com,Lighting,2,13.25,0.0,Social,US,control
ORD-000139,2024-05-23,CUST-01339,cust-01339@lumenmail.com,Furniture,1,656.64,0.0,Organic,US,variant
ORD-006773,2024-02-01,CUST-00503,cust-00503@lumenmail.com,Furniture,1,27.85,0.0,Social,US,variant
ORD-003100,2024-08-12,CUST-00243,cust-00243@lumenmail.com,Accessories,1,40.07,0.1,Social,CA,
ORD-002839,16/11/2023,CUST-00211,cust-00211@lumenmail.com,Furniture,1,50.84,0.15,Email,CA,variant
ORD-005790,2023-07-20,CUST-01336,cust-01336@lumenmail.com,Lightng,1,328.58,0.0,Organic,US,control
ORD-009530,2024-11-23,CUST-00730,cust-00730@lumenmail.com,Décor,3,170.68,0.2,Paid Search,US,
ORD-000621,2023-06-19,CUST-00290,cust-00290@lumenmail.com,Furniture,1,31.52,0.05,Email,UK,
ORD-005504,2023-08-14,CUST-01261,cust-01261@lumenmail.com,Décor,5,154.95,5.0,Organic,US,
ORD-004291,2024-10-06,CUST-01900,cust-01900@lumenmail.com,Lightng,4,297.81,0.0,Organic,US,variant
ORD-008804,28/08/2023,CUST-02282,cust-02282@lumenmail.com,Outdoor,1,331.76,0.0,Organic,US,
ORD-007430,2024-07-30,CUST-00995,cust-00995@lumenmail.com,Lighting,4,72.51,0.0,Email,US,control
ORD-009175,2024-03-06,CUST-01728,cust-01728@lumenmail.com,Outdoor,1,27.49,0.05,,US,control
ORD-004333,2024-04-25,CUST-02434,cust-02434@lumenmail.com,Lighting,1,37.53,0.05,Paid Search,ZZ,
ORD-004234,2024-08-19,CUST-02731,cust-02731@lumenmail.com,Accessories,1,63.54,0.25,Organic,US,control
ORD-000981,2023-11-12,CUST-00776,cust-00776@lumenmail.com,Décor,4,0.0,0.15,Email,US,control
ORD-000551,2023-07-17,CUST-02926,cust-02926@lumenmail.com,Décor,1,80.26,0.0,Social,US,control
ORD-007291,2024-04-01,,guest@lumenmail.com,Furniture,1,91.86,0.0,Organic,US,variant
ORD-006445,2024-09-27,CUST-00896,cust-00896@lumenmail.com,Lighting,1,26.56,0.0,Paid Search,US,control
ORD-008671,2024-11-17,,guest@lumenmail.com,Lighting,2,84.94,0.05,Organic,US,variant
ORD-009134,06/05/2024,CUST-01588,cust-01588@lumenmail.com,Décor,-3,74.9,0.0,Paid Search,US,
ORD-008193,2024-12-28,CUST-02354,cust-02354@lumenmail.com,Furniture,1,188.9,0.0,Paid Search,US,variant
ORD-000741,2024-06-26,CUST-02131,cust-02131@lumenmail.com,Lighting,3,194.82,0.25,Email,US,
ORD-005231,2023-10-15,CUST-00812,cust-00812@lumenmail.com,Décor,1,157.88,0.0,Paid Search,US,control
ORD-001393,23/12/2023,CUST-02170,cust-02170@lumenmail.com,Accessories,7,41.09,0.0,Email,UK,variant
ORD-007559,2024-06-11,CUST-02103,cust-02103@lumenmail.com,Accessories,2,140.82,0.2,Paid Search,US,variant
ORD-001553,02/11/2024,CUST-02648,cust-02648@lumenmail.com,Lighting,1,186.52,0.15,Paid Search,AU,
ORD-002447,2024-03-20,CUST-01018,cust-01018@lumenmail.com,Outdoor,1,41.1,5.0,Paid Search,US,control
ORD-001232,2023-11-10,CUST-00838,cust-00838@lumenmail.com,Accessories,1,12.55,0.0,Paid Search,US,control
ORD-005087,2024-02-17,CUST-01233,cust-01233@lumenmail.com,Lighting,4,97.68,0.15,Organic,US,control
ORD-006534,2023-08-24,CUST-02263,cust-02263@lumenmail.com,Accessories,3,25.05,10.0,Email,US,variant
ORD-005689,2024-05-20,CUST-01372,cust-01372@lumenmail.com,Lighting,3,683.7,0.0,Paid Search,US,variant
ORD-006415,2023-08-14,CUST-01619,cust-01619@lumenmail.com,Lighting,4,525.73,0.05,Organic,CA,variant
ORD-008700,2024-08-30,CUST-00115,cust-00115@lumenmail.com,Furniture,4,7.14,0.05,Organic,UK,variant
ORD-008042,2023-12-18,CUST-00944,cust-00944@lumenmail.com,Lighting,4,91.43,0.1,Email,US,control
ORD-008661,2024-03-08,CUST-02067,cust-02067@lumenmail.com,Lighting,2,28.83,0.0,Paid Search,US,
ORD-004793,2023-08-16,CUST-00760,cust-00760@lumenmail.com,Lighting,4,77.5,0.05,Email,US,
ORD-004729,2023-12-26,CUST-02568,cust-02568@lumenmail.com,Lighting,1,189.75,0.2,Organic,UK,variant
ORD-000091,2024-02-21,CUST-01605,cust-01605@lumenmail.com,Décor,-2,718.94,0.05,Paid Search,US,
ORD-000283,2024-08-20,CUST-00011,cust-00011@lumenmail.com,Lighting,1,43.91,5.0,,CA,control
ORD-006870,2023-09-11,CUST-02473,cust-02473@lumenmail.com,Lighting,1,445.04,0.0,Organic,US,control
ORD-002383,2024-01-28,CUST-00395,cust-00395@lumenmail.com,Furniture,3,10.79,0.15,Organic,UK,control
ORD-001915,,CUST-02784,cust-02784@lumenmail.com,Furniture,5,30.22,0.15,Organic,US,
ORD-003637,2024-03-24,CUST-00045,cust-00045@lumenmail.com,Outdoor,2,114.87,0.0,Organic,US,
ORD-004652,29/09/2024,CUST-01452,cust-01452@lumenmail.com,Décor,7,155.26,0.15,Paid Search,US,
ORD-001463,2024-05-28,CUST-00553,cust-00553@lumenmail.com,Lighting,5,271.22,0.1,Organic,US,variant
ORD-006829,2023-10-01,CUST-00872,cust-00872@lumenmail.com,Furniture,3,35.46,0.15,Organic,US,
ORD-005100,2024-02-25,CUST-02004,cust-02004@lumenmail.com,Lighting,1,261.58,0.0,Email,CA,
ORD-006619,2023-09-23,CUST-01648,cust-01648@lumenmail.com,Décor,2,7.42,0.0,,UK,variant
ORD-006532,2024-10-17,CUST-02733,cust-02733@lumenmail.com,Furniture,2,382.88,0.1,Paid Search,US,variant
ORD-007492,2023-09-01,CUST-00526,cust-00526@lumenmail.com,Décor,1,34.59,0.0,Organic,US,variant
ORD-005406,2024-04-04,CUST-00627,cust-00627@lumenmail.com,Lighting,3,51.97,0.05,Email,UK,variant
ORD-004042,2024-12-27,CUST-00307,cust-00307@lumenmail.com,Lighting,3,12.68,0.0,Organic,UK,variant
ORD-008250,11/10/2023,CUST-01300,cust-01300@lumenmail.com,Décor,1,125.12,0.0,Organic,AU,control
ORD-005979,2024-05-01,CUST-02756,cust-02756@lumenmail.com,Lighting,2,90.23,0.15,Email,US,
ORD-000688,2024-06-13,CUST-00575,cust-00575@lumenmail.com,Furniture,3,328.65,0.0,Organic,UK,
ORD-001873,2024-03-27,CUST-02612,cust-02612@lumenmail.com,Outdoor,2,338.03,15.0,Email,US,variant
ORD-003556,2024-04-17,,guest@lumenmail.com,Furniture,1,742.66,0.0,Paid Search,US,
ORD-008477,26/06/2023,CUST-00065,cust-00065@lumenmail.com,Outdoor,5,37.11,0.0,Social,AU,
ORD-004580,,CUST-01833,cust-01833@lumenmail.com,Furniture,2,37.48,0.0,Paid Search,UK,control
ORD-005557,13/10/2023,,guest@lumenmail.com,Lighting,1,71.09,0.15,Social,US,control
ORD-009522,2024-08-10,CUST-02849,cust-02849@lumenmail.com,Furniture,3,432.09,0.05,Paid Search,US,
ORD-007990,2023-12-31,CUST-02950,cust-02950@lumenmail.com,Furniture,1,21.09,0.1,Email,US,variant
ORD-007769,2024-08-01,CUST-01645,cust-01645@lumenmail.com,Lighting,2,34.38,0.0,Paid Search,UK,
ORD-000527,2023-06-03,CUST-00276,cust-00276@lumenmail.com,Décor,1,127.77,5.0,Paid Search,US,
ORD-001844,2023-10-13,CUST-01451,cust-01451@lumenmail.com,Lighting,1,97.25,0.1,Organic,UK,variant
ORD-003809,2023-06-04,CUST-02443,cust-02443@lumenmail.com,Décor,2,74.94,15.0,Email,US,variant
ORD-005060,2024-11-19,,guest@lumenmail.com,Lighting,3,258.79,0.05,Social,US,variant
ORD-002028,2023-11-07,CUST-01766,cust-01766@lumenmail.com,Furniture,1,5.41,0.05,Paid Search,UK,
ORD-007926,12/07/2023,CUST-00692,cust-00692@lumenmail.com,Lighting,1,82.1,0.0,Paid Search,US,
ORD-000126,2024-05-06,CUST-01171,cust-01171@lumenmail.com,Décor,3,182.42,0.05,Social,US,variant
ORD-000617,2024-07-01,CUST-00704,cust-00704@lumenmail.com,Furniture,2,71.62,0.0,Email,US,
ORD-001587,2023-12-30,CUST-01018,cust-01018@lumenmail.com,Outdoor,1,93.33,0.15,Email,US,control
ORD-005741,2024-04-18,CUST-02334,cust-02334@lumenmail.com,Furniture,3,190.91,0.25,Organic,US,control
ORD-000317,2024-09-21,CUST-02527,cust-02527@lumenmail.com,Furniture,5,121.31,0.0,Paid Search,US,control
ORD-008452,2023-07-06,CUST-01365,cust-01365@lumenmail.com,Lighting,3,169.22,0.1,Organic,US,variant
ORD-001922,2024-11-06,,guest@lumenmail.com,Décor,6,92.06,0.1,Paid Search,US,variant
ORD-005800,2023-10-22,CUST-01160,cust-01160@lumenmail.com,Décor,1,10.85,0.0,Email,US,
ORD-003169,2023-12-03,CUST-01628,cust-01628@lumenmail.com,Accessories,5,33.49,0.0,Social,UK,control
ORD-006246,2024-01-28,CUST-01213,cust-01213@lumenmail.com,Lighting,1,663.71,0.0,Email,US,variant
ORD-001738,2023-09-28,CUST-02295,cust-02295@lumenmail.com,Décor,1,82.48,0.1,Paid Search,UK,variant
ORD-005863,2024-03-26,CUST-01650,cust-01650@lumenmail.com,Décor,1,312.04,0.05,Email,US,control
ORD-003585,2023-09-06,CUST-01651,cust-01651@lumenmail.com,Décor,2,75.87,0.2,Paid Search,US,variant
ORD-004386,2023-10-18,CUST-02486,cust-02486@lumenmail.com,Lighting,5,67.98,0.1,Email,US,
ORD-004254,2023-07-09,CUST-00087,cust-00087@lumenmail.com,Lighting,-3,15.61,0.0,Paid Search,US,
ORD-003501,2024-03-10,CUST-02825,cust-02825@lumenmail.com,Accessories,2,146.47,0.05,Email,US,
ORD-004805,2023-10-15,CUST-00178,cust-00178@lumenmail.com,Lighting,1,96.2,0.05,Paid Search,CA,
ORD-002386,2024-05-11,CUST-02916,cust-02916@lumenmail.com,Furniture,4,52.1,0.0,Email,US,
ORD-003263,2024-03-31,CUST-00276,cust-00276@lumenmail.com,Outdoor,2,189.79,0.2,Email,US,
ORD-003065,13/07/2023,CUST-00282,cust-00282@lumenmail.com,Lighting,1,37.21,0.0,Organic,US,variant
ORD-000650,14/12/2023,CUST-01734,cust-01734@lumenmail.com,Lighting,1,84.2,0.0,Email,US,
ORD-002183,2023-12-05,CUST-02104,cust-02104@lumenmail.com,Lighting,5,133.19,0.0,Paid Search,US,control
ORD-008899,2024-04-15,CUST-02618,cust-02618@lumenmail.com,Lighting,1,625.54,0.0,Organic,US,
ORD-001077,2023-12-03,CUST-01001,cust-01001@lumenmail.com,Lighting,1,45.61,0.05,Paid Search,US,
ORD-007912,21/09/2023,CUST-02986,cust-02986@lumenmail.com,Décor,2,18.03,0.0,Organic,US,
ORD-006277,2024-05-23,CUST-02284,cust-02284@lumenmail.com,Furniture,3,698.14,0.0,Paid Search,UK,variant
ORD-002952,2024-10-06,CUST-02690,cust-02690@lumenmail.com,Lighting,5,46.83,0.0,Email,US,variant
ORD-004703,2024-02-24,CUST-02147,cust-02147@lumenmail.com,Furniture,2,13.56,0.0,Email,ZZ,variant
ORD-007119,2024-09-30,CUST-02035,cust-02035@lumenmail.com,Lighting,5,33.34,0.0,Paid Search,US,control
ORD-004607,2024-03-16,CUST-01932,cust-01932@lumenmail.com,Furniture,1,26.71,0.0,Social,US,
ORD-001554,2023-12-24,CUST-00160,cust-00160@lumenmail.com,Lightng,1,96.92,0.0,Email,US,
ORD-003287,2024-07-22,CUST-00456,cust-00456@lumenmail.com,Lighting,1,73.55,0.0,Social,US,variant
ORD-005512,2024-11-26,CUST-02563,cust-02563@lumenmail.com,lighting,2,543.32,0.2,Paid Search,US,variant
ORD-001121,2024-01-23,CUST-02966,cust-02966@lumenmail.com,Accessories,1,11.17,0.05,Organic,US,variant
ORD-004684,2024-10-03,CUST-00139,cust-00139@lumenmail.com,Furniture,1,17.69,0.0,,CA,control
ORD-003047,2023-10-10,CUST-02291,cust-02291@lumenmail.com,Décor,2,44.89,0.1,Email,US,control
ORD-003147,2023-06-16,CUST-01719,cust-01719@lumenmail.com,Accessories,2,312.03,0.0,,US,control
ORD-003937,2024-02-12,CUST-01009,cust-01009@lumenmail.com,Lighting,1,19.43,0.0,Paid Search,US,
ORD-007163,2024-08-15,CUST-01526,cust-01526@lumenmail.com,Lighting,1,40.57,10.0,Paid Search,US,control
ORD-004560,2023-12-26,CUST-01634,cust-01634@lumenmail.com,Décor,1,176.06,0.15,Email,CA,
ORD-000106,2024-09-07,CUST-00944,cust-00944@lumenmail.com,Lighting,6,347.62,0.25,Social,US,variant
ORD-007643,2024-12-07,,guest@lumenmail.com,Décor,3,86.17,0.0,Organic,US,control
ORD-006089,2024-08-05,CUST-00401,cust-00401@lumenmail.com,Lighting,5,347.2,0.0,Organic,US,control
ORD-009448,2023-10-16,CUST-00559,cust-00559@lumenmail.com,Décor,1,119.49,0.0,,US,
ORD-003434,2024-06-24,CUST-01062,cust-01062@lumenmail.com,Furniture,2,98.83,0.05,Email,US,
ORD-007880,2024-04-25,CUST-01916,cust-01916@lumenmail.com,Lighting,2,49.17,0.15,Paid Search,UK,control
ORD-000791,2024-12-02,CUST-01259,cust-01259@lumenmail.com,Lighting,2,317.81,0.0,Social,CA,
ORD-006688,2023-06-05,CUST-01807,cust-01807@lumenmail.com,Furniture,1,183.02,0.0,Organic,US,
ORD-002355,,CUST-00141,cust-00141@lumenmail.com,Outdoor,1,47.97,0.1,Paid Search,ZZ,variant
ORD-000573,2024-05-06,CUST-00296,cust-00296@lumenmail.com,Décor,2,267.92,0.15,Organic,US,control
ORD-003903,2024-12-24,CUST-00129,cust-00129@lumenmail.com,Lighting,1,180.23,0.1,Email,ZZ,
ORD-003395,2024-06-08,CUST-01292,cust-01292@lumenmail.com,lighting,1,40.01,0.15,Organic,CA,control
ORD-004046,2023-10-31,CUST-00411,cust-00411@lumenmail.com,Accessories,2,32.5,0.0,Paid Search,CA,
ORD-007758,2024-04-16,CUST-02916,cust-02916@lumenmail.com,Lighting,2,38.55,0.0,Email,US,control
ORD-004107,2023-09-07,CUST-02608,cust-02608@lumenmail.com,Outdoor,4,8.96,0.05,Paid Search,US,variant
ORD-002847,2024-10-18,CUST-02186,cust-02186@lumenmail.com,Décor,2,14.04,0.0,Email,US,variant
ORD-009117,2024-01-15,CUST-00779,cust-00779@lumenmail.com,Décor,1,10.31,0.15,Email,US,
ORD-004584,2024-01-15,CUST-00757,cust-00757@lumenmail.com,Outdoor,4,46.92,0.15,Paid Search,CA,variant
ORD-006376,14/11/2023,CUST-02588,cust-02588@lumenmail.com,Accessoires,1,224.71,0.2,Email,ZZ,variant
ORD-007881,2024-10-13,CUST-00635,cust-00635@lumenmail.com,Décor,1,143.28,0.0,Paid Search,US,
ORD-002008,2023-07-09,CUST-00198,cust-00198@lumenmail.com,Accessories,3,49.05,0.0,Email,US,
ORD-003980,2024-06-09,CUST-02791,cust-02791@lumenmail.com,Décor,5,119.97,0.1,Paid Search,US,variant
ORD-000709,2024-01-29,CUST-00177,cust-00177@lumenmail.com,Outdoor,4,80.26,0.15,Organic,AU,
ORD-007530,2023-08-03,CUST-01481,cust-01481@lumenmail.com,Outdoor,3,31.57,0.0,Email,AU,variant
ORD-002373,14/06/2023,,guest@lumenmail.com,Lighting,1,41.31,0.0,Organic,US,
ORD-002991,2023-07-26,CUST-00537,cust-00537@lumenmail.com,Lighting,3,50.89,0.15,Email,US,
ORD-002215,2024-04-02,CUST-02056,cust-02056@lumenmail.com,Accessories,2,47.98,0.05,Organic,US,control
ORD-000280,2023-11-10,CUST-01437,cust-01437@lumenmail.com,Décor,4,176.97,0.0,Social,US,control
ORD-001483,2023-08-12,CUST-02211,cust-02211@lumenmail.com,Lighting,1,82.48,0.0,Organic,US,control
ORD-003628,2024-05-02,CUST-01882,cust-01882@lumenmail.com,Furniture,2,68.68,0.0,Paid Search,US,
ORD-001904,11/11/2024,CUST-00141,cust-00141@lumenmail.com,Outdoor,5,20.67,0.2,Email,US,control
ORD-000291,2023-06-15,CUST-01287,cust-01287@lumenmail.com,lighting,1,19.21,0.0,Organic,US,control
ORD-004445,2024-09-08,CUST-01519,cust-01519@lumenmail.com,Furniture,1,31.58,0.05,Paid Search,CA,
ORD-007467,2023-11-10,CUST-01375,cust-01375@lumenmail.com,Furniture,4,128.13,0.05,Email,CA,
ORD-005399,2024-07-09,CUST-00951,cust-00951@lumenmail.com,Outdoor,1,30.55,0.1,,US,control
ORD-006440,2024-05-06,CUST-00409,cust-00409@lumenmail.com,Furniture,1,209.24,0.0,Paid Search,US,
ORD-006764,2024-05-25,CUST-01582,cust-01582@lumenmail.com,Décor,7,39.51,0.05,Email,UK,variant
ORD-009135,2024-06-13,CUST-00582,cust-00582@lumenmail.com,Lighting,3,360.21,0.0,Paid Search,UK,variant
ORD-008740,2023-12-04,CUST-02153,cust-02153@lumenmail.com,Décor,2,156.5,0.1,Paid Search,CA,variant
ORD-003961,29/01/2024,CUST-02025,cust-02025@lumenmail.com,Lighting,4,72.96,0.05,Paid Search,AU,
ORD-009559,2024-01-11,CUST-02920,cust-02920@lumenmail.com,Décor,-1,85.64,0.2,Paid Search,US,variant
ORD-006779,2024-06-28,CUST-00210,cust-00210@lumenmail.com,Lighting,3,53.28,0.0,Email,US,
ORD-004588,2023-12-17,CUST-01105,cust-01105@lumenmail.com,Accessories,1,22.46,0.0,Organic,US,
ORD-003540,2023-08-20,CUST-00112,cust-00112@lumenmail.com,Outdoor,1,379.85,0.0,Email,US,variant
ORD-008596,2024-04-16,CUST-01925,cust-01925@lumenmail.com,Furniture,5,155.44,0.15,Email,AU,
ORD-000075,2024-12-22,CUST-01711,cust-01711@lumenmail.com,Lighting,1,23.65,0.1,Email,ZZ,control
ORD-009152,2024-09-14,CUST-02724,cust-02724@lumenmail.com,Lighting,1,14.14,0.1,Email,US,variant
ORD-009204,2023-08-13,CUST-01476,cust-01476@lumenmail.com,Furniture,1,16.23,0.0,Email,US,control
ORD-002327,2024-06-27,CUST-02650,cust-02650@lumenmail.com,Lighting,1,74.62,0.1,Email,US,control
ORD-002689,2024-05-21,CUST-00163,cust-00163@lumenmail.com,Lighting,1,40.06,0.15,Paid Search,US,variant
ORD-006407,2023-06-29,CUST-00612,cust-00612@lumenmail.com,Décor,2,42.29,0.2,Organic,US,
ORD-007326,2023-07-26,,guest@lumenmail.com,Décor,5,47.66,0.0,Paid Search,US,
ORD-003440,30/11/2024,CUST-00115,cust-00115@lumenmail.com,Décor,1,46.92,0.0,Organic,US,variant
ORD-006397,2024-03-25,CUST-01504,cust-01504@lumenmail.com,Furniture,1,18.44,0.0,Paid Search,CA,
ORD-006811,2023-08-24,CUST-02263,cust-02263@lumenmail.com,Lighting,7,28.88,0.1,Paid Search,US,variant
ORD-001829,2024-09-25,,guest@lumenmail.com,Décor,4,56.66,0.0,Paid Search,US,
ORD-003430,2023-07-06,CUST-02350,cust-02350@lumenmail.com,Lighting,2,342.68,0.05,Organic,US,variant
ORD-005328,2024-03-12,CUST-00295,cust-00295@lumenmail.com,Lighting,2,284.0,20.0,Email,UK,control
ORD-002182,2023-08-08,CUST-01136,cust-01136@lumenmail.com,Accessories,1,5.17,0.05,Paid Search,CA,control
ORD-003555,2023-08-15,CUST-02615,cust-02615@lumenmail.com,Décor,3,789.89,0.0,Email,US,
ORD-008693,2024-06-24,,guest@lumenmail.com,Accessories,5,5.08,0.0,Email,UK,
ORD-006561,2023-06-16,CUST-00979,cust-00979@lumenmail.com,Furniture,1,121.53,0.0,Organic,AU,variant
ORD-001764,17/09/2024,CUST-02674,cust-02674@lumenmail.com,Décor,3,493.06,0.15,Email,US,control
ORD-003405,2024-04-26,CUST-02585,cust-02585@lumenmail.com,Lighting,4,254.58,0.1,Email,US,
ORD-006925,2024-07-02,CUST-00792,cust-00792@lumenmail.com,Lighting,2,38.72,0.15,Email,CA,control
ORD-003207,2023-06-16,CUST-02885,cust-02885@lumenmail.com,Décor,2,105.52,0.05,Paid Search,UK,control
ORD-003075,2023-11-27,CUST-02543,cust-02543@lumenmail.com,Décor,2,190.24,0.1,Email,UK,control
ORD-003029,2024-12-30,CUST-02988,cust-02988@lumenmail.com,Furniture,1,278.54,0.05,Social,US,
ORD-007435,2024-12-23,CUST-01633,cust-01633@lumenmail.com,Décor,5,75.09,0.2,Email,UK,
ORD-003971,2024-04-01,CUST-01504,cust-01504@lumenmail.com,Lighting,2,258.86,0.15,Social,CA,variant
ORD-008336,29/11/2024,CUST-00084,cust-00084@lumenmail.com,Furniture,1,15.82,0.0,Paid Search,UK,
ORD-004954,2023-06-22,CUST-01750,cust-01750@lumenmail.com,Outdoor,2,150.13,0.0,Email,US,control
ORD-002562,2023-08-04,CUST-02248,cust-02248@lumenmail.com,Décor,4,399.21,0.0,Paid Search,US,control
ORD-001081,2024-04-07,CUST-00159,cust-00159@lumenmail.com,Furniture,1,43.55,0.05,Email,US,
ORD-000260,2024-10-03,CUST-00945,cust-00945@lumenmail.com,Décor,1,19.2,0.0,Organic,US,control
ORD-001863,2024-12-16,CUST-01877,cust-01877@lumenmail.com,Décor,2,207.98,0.0,Email,US,variant
ORD-004695,2024-08-25,CUST-01147,cust-01147@lumenmail.com,Décor,7,132.59,0.0,Email,US,
ORD-009256,03/08/2023,CUST-01799,cust-01799@lumenmail.com,Décor,1,79.2,0.05,Social,UK,
ORD-002957,2023-07-29,CUST-00432,cust-00432@lumenmail.com,Lighting,3,38.63,0.25,Paid Search,US,variant
ORD-005465,2023-11-06,,guest@lumenmail.com,Lighting,1,40.51,0.0,Email,US,control
ORD-005580,2024-09-04,CUST-01439,cust-01439@lumenmail.com,Furniture,1,44.35,0.05,Paid Search,US,control
ORD-008361,2024-11-04,CUST-02856,cust-02856@lumenmail.com,Furniture,2,150.48,0.0,Organic,CA,
ORD-009023,2024-04-01,CUST-02428,cust-02428@lumenmail.com,Lighting,5,282.94,0.15,Email,UK,
ORD-008455,2024-06-04,CUST-01859,cust-01859@lumenmail.com,Furniture,3,164.04,0.0,Email,CA,variant
ORD-009442,2024-04-23,CUST-01941,cust-01941@lumenmail.com,Furniture,3,389.09,0.1,Organic,UK,variant
ORD-004660,2024-11-04,CUST-00864,cust-00864@lumenmail.com,Lighting,4,527.23,0.05,Paid Search,US,control
ORD-003284,2023-12-21,CUST-02819,cust-02819@lumenmail.com,Décor,5,142.17,0.25,Social,US,variant
ORD-005660,2024-06-13,CUST-00224,cust-00224@lumenmail.com,Outdoor,4,122.7,0.1,,UK,
ORD-001379,24/06/2023,CUST-00269,cust-00269@lumenmail.com,Furniture,1,54.46,0.0,Social,US,variant
ORD-005089,2024-02-09,CUST-01188,cust-01188@lumenmail.com,Décor,1,20.49,0.15,,US,
ORD-008229,2024-04-26,CUST-02139,cust-02139@lumenmail.com,Furniture,3,138.28,0.05,Email,US,control
ORD-005177,2024-03-22,CUST-01514,cust-01514@lumenmail.com,Furniture,7,409.12,0.2,Paid Search,US,control
ORD-003005,2023-12-18,,guest@lumenmail.com,Furniture,1,15.82,0.15,Email,US,
ORD-004033,2023-06-28,CUST-00578,cust-00578@lumenmail.com,Outdoor,4,402.56,0.0,Paid Search,US,
ORD-004981,2024-11-14,CUST-02963,cust-02963@lumenmail.com,Décor,4,7.01,0.2,Email,US,control
ORD-001771,2023-06-20,CUST-02690,cust-02690@lumenmail.com,Outdoor,1,119.27,0.05,Organic,US,variant
ORD-002348,2024-06-12,CUST-00181,cust-00181@lumenmail.com,Outdoor,-1,129.73,0.05,Email,US,control
ORD-009534,04/10/2023,CUST-00371,cust-00371@lumenmail.com,Décor,3,195.55,20.0,,US,variant
ORD-009383,2023-08-23,,guest@lumenmail.com,Décor,4,168.39,0.0,Paid Search,UK,variant
ORD-002980,2024-04-04,CUST-00036,cust-00036@lumenmail.com,Lighting,2,173.97,0.2,Email,US,
ORD-007765,2023-12-16,CUST-02021,cust-02021@lumenmail.com,Furniture,2,16.59,0.15,Social,ZZ,control
ORD-001167,2023-09-17,CUST-01444,cust-01444@lumenmail.com,Lighting,1,73.44,0.0,Organic,US,control
ORD-001092,2023-12-12,CUST-00813,cust-00813@lumenmail.com,Accessories,2,17.14,0.0,Paid Search,US,variant
ORD-006586,07/09/2023,CUST-02175,cust-02175@lumenmail.com,Décor,1,183.34,0.15,Paid Search,US,variant
ORD-002239,2024-03-18,CUST-00487,cust-00487@lumenmail.com,Outdoor,1,19.3,0.0,Email,CA,control
ORD-008273,2024-11-12,CUST-02478,cust-02478@lumenmail.com,Furniture,1,48.81,0.0,Paid Search,US,variant
ORD-004122,2024-02-10,CUST-00895,cust-00895@lumenmail.com,Décor,1,18.95,0.0,Email,CA,
ORD-008454,2024-09-30,CUST-00213,cust-00213@lumenmail.com,Lighting,1,12.55,0.05,,US,
ORD-004933,2023-07-31,CUST-02824,cust-02824@lumenmail.com,Outdoor,3,10.17,0.05,Social,CA,control
ORD-006793,20/03/2024,CUST-01186,cust-01186@lumenmail.com,Lighting,1,105.67,0.1,Social,US,control
ORD-008177,2024-09-14,CUST-01237,cust-01237@lumenmail.com,Décor,1,39.18,0.0,,AU,
ORD-002701,2023-08-30,CUST-01576,cust-01576@lumenmail.com,Lighting,-1,118.44,0.1,Paid Search,US,control
ORD-009125,2024-08-05,CUST-00495,cust-00495@lumenmail.com,Décor,2,7.18,0.0,Email,US,
ORD-004298,2023-08-22,CUST-00477,cust-00477@lumenmail.com,Outdoor,2,481.93,0.1,Paid Search,US,
ORD-000030,2023-07-01,CUST-00709,cust-00709@lumenmail.com,Lighting,1,84.74,0.0,,US,
ORD-001412,2024-03-28,CUST-01985,cust-01985@lumenmail.com,Décor,2,124.83,0.2,Paid Search,US,variant
ORD-001740,2023-12-08,CUST-01087,cust-01087@lumenmail.com,Furniture,1,188.33,0.15,Organic,ZZ,control
ORD-003811,2024-05-31,,guest@lumenmail.com,Décor,1,580.23,20.0,Email,CA,variant
ORD-008627,2024-04-23,CUST-00444,cust-00444@lumenmail.com,Lighting,1,576.7,0.05,Social,CA,variant
ORD-003513,2023-07-18,CUST-01849,cust-01849@lumenmail.com,Décor,1,57.49,0.0,Paid Search,AU,
ORD-008241,2024-06-06,CUST-02248,cust-02248@lumenmail.com,Lighting,2,138.5,0.2,Paid Search,US,variant
ORD-007192,2023-06-06,CUST-00776,cust-00776@lumenmail.com,Furniture,2,125.26,15.0,Email,US,
ORD-009154,2024-05-09,CUST-00561,cust-00561@lumenmail.com,Décor,1,75.39,0.1,Paid Search,US,control
ORD-001478,2024-01-07,CUST-00438,cust-00438@lumenmail.com,Lighting,4,80.21,0.1,Paid Search,US,
ORD-007122,28/07/2023,CUST-02161,cust-02161@lumenmail.com,Lighting,1,60.99,5.0,Organic,US,
ORD-001665,20/06/2024,CUST-00359,cust-00359@lumenmail.com,Décor,1,270.8,0.0,Organic,US,control
ORD-001652,2024-07-27,CUST-02150,cust-02150@lumenmail.com,Lighting,3,5.79,10.0,Email,US,
ORD-007117,2024-01-06,CUST-02638,cust-02638@lumenmail.com,Décor,4,528.95,0.2,Email,US,control
ORD-009322,2023-06-24,CUST-01562,cust-01562@lumenmail.com,Décor,1,16.86,0.05,Email,US,
ORD-007317,2024-01-28,CUST-02156,cust-02156@lumenmail.com,Furniture,2,180.4,0.0,Organic,US,control
ORD-003461,25/04/2024,CUST-00016,cust-00016@lumenmail.com,Lighting,2,292.14,0.0,Paid Search,US,
ORD-007639,2023-12-24,CUST-02982,cust-02982@lumenmail.com,Lighting,1,14.45,0.05,Organic,US,control
ORD-003468,2024-08-10,CUST-00920,cust-00920@lumenmail.com,Outdoor,1,45.81,0.0,Email,US,
ORD-003823,2024-03-14,CUST-00393,cust-00393@lumenmail.com,Décor,4,41.95,0.0,Organic,UK,variant
ORD-000069,2024-08-10,CUST-00260,cust-00260@lumenmail.com,Lighting,1,55.65,0.0,Paid Search,CA,control
ORD-003722,2024-11-03,CUST-00099,cust-00099@lumenmail.com,Furniture,2,35.11,0.1,Paid Search,CA,
ORD-000016,2024-06-15,CUST-01863,cust-01863@lumenmail.com,Outdoor,2,332.81,0.15,Organic,US,
ORD-008453,2023-07-26,CUST-00778,cust-00778@lumenmail.com,Lightng,1,29.92,0.15,Organic,US,
ORD-004384,14/05/2024,CUST-00115,cust-00115@lumenmail.com,Décor,1,796.47,0.15,Social,AU,
ORD-000767,2024-01-08,CUST-02750,cust-02750@lumenmail.com,Furniture,3,124.09,0.0,Email,US,
ORD-006171,2023-09-13,CUST-02644,cust-02644@lumenmail.com,Lighting,2,733.42,0.05,Organic,UK,
ORD-004725,2024-07-27,CUST-02228,cust-02228@lumenmail.com,Lighting,1,26.31,0.0,Organic,US,control
ORD-006782,2023-09-05,CUST-00012,cust-00012@lumenmail.com,Outdoor,5,20.48,0.1,Organic,CA,
ORD-001114,2023-08-29,CUST-01491,cust-01491@lumenmail.com,Outdoor,3,38.24,0.2,,US,variant
ORD-004487,2023-07-24,,guest@lumenmail.com,Furniture,2,8.72,0.0,Paid Search,UK,
ORD-003305,2024-12-03,CUST-01574,cust-01574@lumenmail.com,Lighting,1,96.26,0.0,Paid Search,US,variant
ORD-006038,2023-09-01,CUST-00877,cust-00877@lumenmail.com,Décor,1,15.09,0.1,Organic,UK,
ORD-001120,2024-02-09,CUST-00987,cust-00987@lumenmail.com,Lighting,2,47.85,0.1,Email,AU,
ORD-000364,2024-08-10,CUST-02812,cust-02812@lumenmail.com,Décor,2,134.8,0.0,Paid Search,UK,variant
ORD-000357,03/09/2024,CUST-01415,cust-01415@lumenmail.com,Outdoor,1,92.32,0.15,Email,US,control
ORD-000406,04/06/2023,CUST-00460,cust-00460@lumenmail.com,Lighting,1,151.9,0.05,Organic,CA,
ORD-002631,2024-01-10,CUST-01261,cust-01261@lumenmail.com,Lighting,1,632.72,0.15,Paid Search,US,
ORD-008638,2023-10-08,CUST-02352,cust-02352@lumenmail.com,Furniture,2,38.14,0.0,Paid Search,US,variant
ORD-006071,2024-12-03,CUST-01287,cust-01287@lumenmail.com,Lighting,1,28.85,0.25,Paid Search,CA,
ORD-006693,2024-08-06,CUST-02144,cust-02144@lumenmail.com,Furniture,2,35.17,0.15,Organic,US,variant
ORD-004920,2024-10-09,CUST-01641,cust-01641@lumenmail.com,lighting,1,98.36,0.05,Email,UK,variant
ORD-004467,2024-03-11,CUST-00762,cust-00762@lumenmail.com,Décor,2,432.48,0.05,Email,US,variant
ORD-007928,2023-10-20,CUST-02446,cust-02446@lumenmail.com,Outdoor,2,37.83,0.05,Email,US,variant
ORD-005425,2024-06-20,CUST-02214,cust-02214@lumenmail.com,Furniture,2,84.34,0.15,Paid Search,AU,variant
ORD-002407,2024-02-29,CUST-01272,cust-01272@lumenmail.com,Lighting,2,14.84,0.0,Paid Search,US,control
ORD-000557,07/08/2023,CUST-01864,cust-01864@lumenmail.com,Lighting,1,790.71,0.0,Paid Search,UK,variant
ORD-009110,2023-10-28,CUST-02196,cust-02196@lumenmail.com,Furniture,3,43.76,0.05,Paid Search,US,control
ORD-003078,2024-03-16,CUST-02262,cust-02262@lumenmail.com,Décor,1,360.89,0.0,Social,US,variant
ORD-009274,2024-10-13,CUST-00477,cust-00477@lumenmail.com,Furniture,2,36.69,0.15,Paid Search,US,variant
ORD-006180,2023-07-21,CUST-02790,cust-02790@lumenmail.com,Décor,1,294.46,0.0,,ZZ,variant
ORD-004608,2023-07-03,CUST-02552,cust-02552@lumenmail.com,Outdoor,2,481.01,0.15,Paid Search,US,variant
ORD-006809,2024-01-18,CUST-01546,cust-01546@lumenmail.com,Outdoor,2,32.6,0.0,,US,variant
ORD-006982,2023-11-17,CUST-00476,cust-00476@lumenmail.com,Lighting,2,172.65,0.0,Email,UK,
ORD-009446,2023-08-28,CUST-00118,cust-00118@lumenmail.com,Lighting,1,107.62,0.0,Paid Search,AU,control
ORD-005697,27/07/2024,CUST-02438,cust-02438@lumenmail.com,Lighting,1,50.84,0.05,Paid Search,UK,
ORD-000782,2023-09-11,CUST-02490,cust-02490@lumenmail.com,Outdoor,1,23.95,0.05,Paid Search,AU,
ORD-004565,2023-12-03,CUST-02508,cust-02508@lumenmail.com,Outdoor,1,70.33,0.0,Paid Search,US,
ORD-004462,2024-09-02,CUST-02894,cust-02894@lumenmail.com,Accessories,1,291.59,0.0,Social,CA,variant
ORD-005678,2024-03-13,CUST-00821,cust-00821@lumenmail.com,Décor,1,36.08,0.0,Email,US,
ORD-004775,2023-12-21,CUST-00580,cust-00580@lumenmail.com,Décor,2,75.81,0.0,Social,US,variant
ORD-000151,2023-10-29,CUST-02451,cust-02451@lumenmail.com,Lighting,2,29.59,0.0,Paid Search,UK,
ORD-000250,2024-04-17,CUST-01486,cust-01486@lumenmail.com,Décor,1,20.95,0.0,Paid Search,CA,
ORD-000665,2023-10-29,CUST-01770,cust-01770@lumenmail.com,Lighting,4,156.1,0.05,Paid Search,CA,
ORD-007018,2024-07-31,CUST-01615,cust-01615@lumenmail.com,Furniture,1,735.99,0.0,Paid Search,AU,
ORD-008839,,,guest@lumenmail.com,Outdoor,5,138.85,0.1,Email,US,
ORD-004819,2024-11-24,CUST-02248,cust-02248@lumenmail.com,Lighting,1,323.65,0.05,Social,US,variant
ORD-003799,2024-03-22,CUST-01612,cust-01612@lumenmail.com,Lighting,1,230.07,0.15,Paid Search,CA,variant
ORD-004795,2023-12-16,CUST-00863,cust-00863@lumenmail.com,Lighting,2,30.74,0.0,Paid Search,US,
ORD-005638,2023-11-09,CUST-02491,cust-02491@lumenmail.com,Lighting,1,46.3,0.0,Paid Search,US,
ORD-000823,2023-11-18,CUST-01239,cust-01239@lumenmail.com,Décor,1,627.01,0.25,Paid Search,US,control
ORD-008993,2024-01-10,CUST-02288,cust-02288@lumenmail.com,Lighting,4,32.71,0.15,Organic,US,control
ORD-006261,2023-12-09,CUST-00189,cust-00189@lumenmail.com,Lighting,2,325.79,0.0,Paid Search,US,variant
ORD-002462,2024-07-03,CUST-02151,cust-02151@lumenmail.com,Lighting,1,65.86,0.15,Paid Search,US,variant
ORD-000489,2024-04-03,CUST-00860,cust-00860@lumenmail.com,Lighting,1,23.67,0.1,Paid Search,US,
ORD-007387,2024-12-23,CUST-02969,cust-02969@lumenmail.com,Furniture,2,172.5,0.0,,US,variant
ORD-003874,2023-12-15,CUST-01724,cust-01724@lumenmail.com,Lighting,1,9.85,0.0,Organic,UK,control
ORD-008643,2023-08-07,CUST-01620,cust-01620@lumenmail.com,Lighting,2,107.79,0.0,Paid Search,CA,variant
ORD-002733,2024-08-30,,guest@lumenmail.com,Décor,1,607.64,0.1,Paid Search,US,
ORD-003725,2024-10-08,CUST-01571,cust-01571@lumenmail.com,Outdoor,1,6.39,0.2,Email,US,control
ORD-004331,2024-05-07,CUST-01796,cust-01796@lumenmail.com,Furniture,3,333.11,0.0,,AU,control
ORD-009212,2023-08-26,,guest@lumenmail.com,Lighting,5,24.05,0.1,Organic,US,variant
ORD-005041,2023-10-19,CUST-01050,cust-01050@lumenmail.com,Accessories,1,74.67,20.0,Paid Search,US,variant
ORD-004261,2023-08-10,CUST-00047,cust-00047@lumenmail.com,Lighting,3,27.47,0.1,Organic,US,
ORD-008552,2024-02-01,CUST-02992,cust-02992@lumenmail.com,Outdoor,3,116.59,0.0,Paid Search,US,variant
ORD-003938,2024-02-26,CUST-00278,cust-00278@lumenmail.com,Lighting,1,27.59,0.0,Email,UK,variant
ORD-004452,2024-09-22,CUST-01129,cust-01129@lumenmail.com,Décor,4,20.43,0.1,Organic,CA,
ORD-002605,02/11/2024,CUST-00448,cust-00448@lumenmail.com,Décor,1,327.14,0.0,Organic,CA,
ORD-003250,2024-10-10,CUST-02570,cust-02570@lumenmail.com,Outdoor,2,71.84,0.1,Paid Search,US,variant
ORD-001661,2024-03-05,CUST-00198,cust-00198@lumenmail.com,Outdoor,1,21.49,0.1,Paid Search,US,control
ORD-002499,2024-11-03,CUST-00325,cust-00325@lumenmail.com,Furniture,3,11.29,0.15,Social,US,control
ORD-005977,09/10/2023,CUST-01289,cust-01289@lumenmail.com,Lighting,1,43.26,0.0,Paid Search,US,
ORD-007337,11/01/2024,CUST-00391,cust-00391@lumenmail.com,Décor,1,372.19,20.0,Organic,US,
ORD-005988,2024-05-26,CUST-01398,cust-01398@lumenmail.com,Lighting,5,42.74,0.0,Email,CA,control
ORD-006456,2024-09-18,CUST-01780,cust-01780@lumenmail.com,Lighting,2,52.08,0.0,Paid Search,UK,variant
ORD-003690,2023-10-22,CUST-02222,cust-02222@lumenmail.com,Furniture,1,129.79,0.05,Email,UK,control
ORD-002333,2024-04-02,CUST-00120,cust-00120@lumenmail.com,Outdoor,2,31.3,0.2,Email,US,variant
ORD-007578,2024-02-13,CUST-02142,cust-02142@lumenmail.com,Lighting,3,43.57,0.0,Paid Search,US,control
ORD-004465,2023-08-02,CUST-01339,cust-01339@lumenmail.com,Outdoor,1,70.68,0.15,Paid Search,US,
ORD-007576,2024-06-19,CUST-00569,cust-00569@lumenmail.com,Furniture,2,275.97,10.0,Email,CA,
ORD-001993,2024-02-11,CUST-00381,cust-00381@lumenmail.com,lighting,-1,45.13,0.0,Paid Search,CA,
ORD-000346,2024-03-04,CUST-01278,cust-01278@lumenmail.com,Décor,2,45.77,0.0,Paid Search,US,control
ORD-001653,02/10/2024,CUST-00619,cust-00619@lumenmail.com,Outdoor,1,117.58,0.15,,US,variant
ORD-003185,30/04/2024,CUST-01316,cust-01316@lumenmail.com,Furniture,1,197.08,0.05,Social,US,
ORD-005130,2024-03-07,CUST-01643,cust-01643@lumenmail.com,Furniture,1,54.7,0.0,Paid Search,US,
ORD-004558,30/09/2024,CUST-01361,cust-01361@lumenmail.com,Accessories,2,11.59,0.05,Email,US,
ORD-006156,2023-08-21,CUST-02201,cust-02201@lumenmail.com,Décor,1,41.6,0.0,Paid Search,US,control
ORD-001896,2024-10-01,CUST-00051,cust-00051@lumenmail.com,Furniture,2,5.79,0.25,Paid Search,US,
ORD-009282,2024-06-04,CUST-01187,cust-01187@lumenmail.com,Décor,2,24.52,0.0,Social,US,control
ORD-000213,2024-07-23,CUST-01029,cust-01029@lumenmail.com,Furniture,3,90.73,0.25,Organic,CA,control
ORD-000114,2023-12-26,CUST-01107,cust-01107@lumenmail.com,Décor,4,61.88,0.0,Email,US,variant
ORD-003098,2024-07-14,CUST-00787,cust-00787@lumenmail.com,Outdoor,3,138.73,0.2,Social,UK,
ORD-002875,2023-07-14,CUST-02628,cust-02628@lumenmail.com,Accessories,1,71.21,0.0,Email,CA,control
ORD-003298,2023-06-21,CUST-02198,cust-02198@lumenmail.com,Lighting,1,83.26,0.0,Paid Search,US,control
ORD-005122,2024-12-11,CUST-01253,cust-01253@lumenmail.com,Furniture,1,110.77,0.0,Paid Search,US,
ORD-000811,2024-06-09,CUST-02997,cust-02997@lumenmail.com,Furniture,3,187.4,0.0,Paid Search,US,control
ORD-007856,24/08/2023,CUST-00964,cust-00964@lumenmail.com,Furniture,2,91.03,0.05,Paid Search,AU,
ORD-006466,2024-11-11,CUST-01505,cust-01505@lumenmail.com,Outdoor,1,145.25,0.0,Organic,US,control
ORD-003658,17/06/2024,CUST-02776,cust-02776@lumenmail.com,Outdoor,2,51.71,0.1,,US,control
ORD-006801,2024-05-17,CUST-00192,cust-00192@lumenmail.com,Outdoor,1,36.21,0.1,Paid Search,US,
ORD-004984,2023-06-14,CUST-02524,cust-02524@lumenmail.com,Lighting,1,76.69,25.0,Email,US,control
ORD-004141,03/11/2024,CUST-00056,cust-00056@lumenmail.com,Furniture,1,524.08,5.0,Organic,US,
ORD-003541,2024-08-03,CUST-02946,cust-02946@lumenmail.com,Outdoor,2,116.35,0.0,,US,
ORD-008938,06/08/2024,CUST-00408,cust-00408@lumenmail.com,Furniture,3,704.4,0.0,Paid Search,US,control
ORD-007361,08/12/2023,CUST-01545,cust-01545@lumenmail.com,Décor,1,19.8,0.05,Organic,CA,
ORD-001529,2024-07-10,CUST-00056,cust-00056@lumenmail.com,Décor,2,39.39,0.15,Organic,US,variant
ORD-006841,2023-08-27,CUST-00816,cust-00816@lumenmail.com,Lighting,1,78.3,0.0,Organic,US,
ORD-001856,24/06/2024,CUST-01161,cust-01161@lumenmail.com,Décor,1,10.13,0.05,Organic,US,variant
ORD-002577,2023-07-18,CUST-01019,cust-01019@lumenmail.com,Décor,1,18.7,0.2,,US,variant
ORD-001617,2023-11-22,,guest@lumenmail.com,Décor,5,55.22,0.0,,US,
ORD-005114,2023-12-27,CUST-00838,cust-00838@lumenmail.com,Lighting,-6,62.73,0.0,Email,US,variant
ORD-006083,05/09/2023,CUST-02941,cust-02941@lumenmail.com,Lighting,1,358.96,5.0,Paid Search,US,variant
ORD-006592,2024-03-26,CUST-02520,cust-02520@lumenmail.com,Lighting,2,719.36,0.2,Email,US,control
ORD-005572,2023-10-19,CUST-01869,cust-01869@lumenmail.com,Lighting,1,10.66,0.05,Social,CA,
ORD-003488,2024-06-15,CUST-01889,cust-01889@lumenmail.com,Lighting,3,55.69,0.1,Email,US,
ORD-001346,28/07/2024,CUST-02764,cust-02764@lumenmail.com,Outdoor,2,64.17,0.0,Paid Search,US,variant
ORD-007410,2024-08-18,CUST-02653,cust-02653@lumenmail.com,Décor,2,87.88,0.0,Paid Search,US,variant
ORD-001183,2024-07-27,CUST-00947,cust-00947@lumenmail.com,Lighting,1,30.83,0.0,Email,CA,variant
ORD-004186,2024-01-09,CUST-01102,cust-01102@lumenmail.com,Furniture,-1,460.27,0.05,,US,
ORD-002934,2023-12-24,CUST-00305,cust-00305@lumenmail.com,Lighting,2,118.51,25.0,Organic,US,
ORD-007973,2024-04-15,CUST-02329,cust-02329@lumenmail.com,Lighting,-1,127.21,0.0,Email,US,
ORD-003245,2024-04-02,CUST-01243,cust-01243@lumenmail.com,Lighting,3,94.98,0.0,Organic,US,control
ORD-009582,2024-03-18,CUST-01468,cust-01468@lumenmail.com,Outdoor,-1,271.8,0.05,Email,US,control
ORD-008588,2024-02-18,CUST-02337,cust-02337@lumenmail.com,Lighting,7,435.57,0.2,Social,US,variant
ORD-003301,27/07/2023,CUST-00886,cust-00886@lumenmail.com,Décor,1,9.41,0.15,Organic,CA,variant
ORD-006528,2023-06-24,CUST-02055,cust-02055@lumenmail.com,Lightng,2,292.93,0.05,Paid Search,US,variant
ORD-008346,07/07/2024,CUST-02516,cust-02516@lumenmail.com,Outdoor,1,48.72,0.2,Paid Search,US,
ORD-004708,2024-06-17,CUST-00019,cust-00019@lumenmail.com,Furniture,5,507.87,0.0,Email,US,control
ORD-002862,2024-11-22,CUST-02961,cust-02961@lumenmail.com,Décor,1,158.39,0.0,Email,CA,
ORD-007170,2023-09-20,CUST-00605,cust-00605@lumenmail.com,Lighting,1,183.77,0.0,Email,UK,variant
ORD-003684,2024-04-04,CUST-01587,cust-01587@lumenmail.com,Lighting,2,45.69,0.2,,US,control
ORD-000226,2024-10-11,CUST-01865,cust-01865@lumenmail.com,Accessories,1,32.37,0.05,,US,control
ORD-004902,2024-05-08,CUST-02521,cust-02521@lumenmail.com,Décor,3,149.39,10.0,Email,US,
ORD-000217,2024-03-15,CUST-01473,cust-01473@lumenmail.com,Outdoor,3,21.67,0.0,Paid Search,US,
ORD-009162,2024-10-22,,guest@lumenmail.com,Lighting,2,400.02,0.1,Email,US,
ORD-007594,2024-06-03,CUST-02820,cust-02820@lumenmail.com,Décor,1,16.78,0.05,Organic,AU,control
ORD-004274,2024-05-12,CUST-01809,cust-01809@lumenmail.com,Décor,1,48.81,0.0,Email,US,control
ORD-001333,21/04/2024,CUST-02522,cust-02522@lumenmail.com,Lighting,6,82.48,0.0,Email,US,
ORD-006332,2023-09-15,CUST-01505,cust-01505@lumenmail.com,Décor,1,288.65,0.1,Social,US,
ORD-005869,2024-11-01,CUST-01478,cust-01478@lumenmail.com,Outdoor,7,30.17,0.0,Social,CA,control
ORD-001679,2023-07-31,CUST-02820,cust-02820@lumenmail.com,Décor,2,68.32,0.1,Paid Search,US,
ORD-003545,05/03/2024,CUST-01615,cust-01615@lumenmail.com,Lighting,3,45.54,0.0,Paid Search,AU,
ORD-007711,2024-09-25,CUST-02011,cust-02011@lumenmail.com,Lighting,2,26.84,0.0,Social,AU,control
ORD-008830,2023-07-16,CUST-02026,cust-02026@lumenmail.com,Décor,1,58.95,0.0,Organic,CA,control
ORD-003802,2023-11-28,CUST-00818,cust-00818@lumenmail.com,Décor,5,22.04,0.05,Paid Search,CA,control
ORD-002639,2023-12-22,CUST-01855,cust-01855@lumenmail.com,Décor,2,37.55,0.0,,UK,
ORD-000540,2024-04-07,CUST-02919,cust-02919@lumenmail.com,Décor,2,47.5,0.1,Paid Search,CA,variant
ORD-005220,27/05/2024,CUST-00628,cust-00628@lumenmail.com,Décor,1,68.8,0.2,Paid Search,US,
ORD-002181,2024-06-27,CUST-01524,cust-01524@lumenmail.com,Furniture,2,40.56,0.15,Email,CA,
ORD-000314,2024-08-09,CUST-00078,cust-00078@lumenmail.com,Décor,2,56.1,0.05,Social,US,variant
ORD-004026,2024-04-26,CUST-01113,cust-01113@lumenmail.com,Lighting,3,46.61,0.05,Social,US,control
ORD-008212,2023-06-18,CUST-00948,cust-00948@lumenmail.com,Lighting,4,122.8,0.1,Paid Search,US,variant
ORD-004281,2024-09-17,CUST-01401,cust-01401@lumenmail.com,Furniture,2,154.08,10.0,Organic,US,variant
ORD-001370,2023-09-03,CUST-00411,cust-00411@lumenmail.com,Furniture,2,740.08,0.0,Paid Search,US,variant
ORD-003702,2024-11-17,CUST-02210,cust-02210@lumenmail.com,Lighting,2,40.54,0.0,,US,
ORD-004082,2024-07-05,CUST-01994,cust-01994@lumenmail.com,Lighting,5,18.65,0.15,Organic,US,variant
ORD-007914,2023-07-06,CUST-02236,cust-02236@lumenmail.com,Lighting,2,48.72,0.0,Organic,US,control
ORD-002956,2024-10-27,CUST-02815,cust-02815@lumenmail.com,Lighting,-1,59.45,0.1,,UK,
ORD-007556,2023-08-08,CUST-01211,cust-01211@lumenmail.com,Furniture,1,46.59,0.0,Social,US,
ORD-008862,2024-06-27,CUST-01125,cust-01125@lumenmail.com,lighting,1,87.63,0.0,Organic,US,
ORD-002464,2024-08-28,CUST-00633,cust-00633@lumenmail.com,Accessoires,7,165.96,0.0,Paid Search,CA,variant
ORD-003884,25/09/2023,CUST-00733,cust-00733@lumenmail.com,Outdoor,4,269.68,0.0,Email,CA,
ORD-000660,,CUST-02342,cust-02342@lumenmail.com,Outdoor,3,373.28,0.15,Email,US,control
ORD-007663,2024-03-04,CUST-02399,cust-02399@lumenmail.com,Lighting,2,86.03,10.0,Paid Search,ZZ,
ORD-002353,2023-08-19,CUST-02670,cust-02670@lumenmail.com,Décor,1,85.99,0.05,Social,CA,variant
ORD-008411,2023-11-09,CUST-02641,cust-02641@lumenmail.com,Lighting,3,343.78,0.2,Email,US,variant
ORD-001272,2023-07-29,CUST-00950,cust-00950@lumenmail.com,Lighting,2,49.82,0.0,Email,AU,control
ORD-007852,2023-12-02,CUST-01490,cust-01490@lumenmail.com,Lighting,3,630.97,10.0,Paid Search,CA,
ORD-002539,2023-10-05,,guest@lumenmail.com,Lighting,2,661.24,0.0,Paid Search,CA,
ORD-005762,2024-05-31,CUST-02768,cust-02768@lumenmail.com,Lighting,1,122.98,0.0,Social,US,control
ORD-000435,2023-10-01,CUST-02916,cust-02916@lumenmail.com,Furniture,2,61.12,0.0,Paid Search,US,variant
ORD-000624,2023-07-06,CUST-01765,cust-01765@lumenmail.com,Furniture,4,318.96,15.0,Paid Search,US,control
ORD-008805,2024-08-31,CUST-00638,cust-00638@lumenmail.com,Furniture,1,296.82,5.0,Paid Search,CA,control
ORD-000889,2024-05-12,,guest@lumenmail.com,Lighting,1,62.65,0.0,Email,CA,variant
ORD-000376,2024-05-06,CUST-01614,cust-01614@lumenmail.com,Furniture,1,513.08,0.05,Organic,CA,
ORD-004321,2024-10-10,,guest@lumenmail.com,Décor,4,92.04,0.0,Organic,AU,control
ORD-009348,23/08/2024,CUST-01872,cust-01872@lumenmail.com,Accessories,7,117.27,0.05,Email,AU,control
ORD-009334,30/06/2024,,guest@lumenmail.com,Outdoor,3,49.77,0.2,Email,US,variant
ORD-007379,2024-11-19,CUST-02642,cust-02642@lumenmail.com,Outdoor,2,50.58,0.15,Paid Search,AU,
ORD-005164,2023-08-01,CUST-00529,cust-00529@lumenmail.com,Décor,1,373.45,0.0,Paid Search,CA,control
ORD-002652,2024-08-15,CUST-02270,cust-02270@lumenmail.com,Lighting,2,109.22,0.0,Email,UK,variant
ORD-002245,2024-04-02,CUST-01834,cust-01834@lumenmail.com,Décor,1,95.06,0.0,Email,US,
ORD-001687,2024-03-30,CUST-02819,cust-02819@lumenmail.com,Outdoor,2,90.49,0.0,Email,CA,control
ORD-002886,2023-08-06,CUST-00552,cust-00552@lumenmail.com,Décor,1,35.95,0.15,Organic,CA,
ORD-005722,2023-12-07,CUST-01673,cust-01673@lumenmail.com,Furniture,1,81.85,0.0,,UK,control
ORD-005136,2023-11-13,,guest@lumenmail.com,Outdoor,1,404.09,0.05,Paid Search,AU,variant
ORD-000671,2024-01-14,CUST-00160,cust-00160@lumenmail.com,Furniture,1,15.35,0.0,Email,US,variant
ORD-006835,2024-02-16,CUST-02255,cust-02255@lumenmail.com,Décor,1,146.18,5.0,,CA,variant
ORD-007568,2024-06-27,CUST-00016,cust-00016@lumenmail.com,Décor,1,106.94,0.0,Email,US,
ORD-001930,2024-01-11,CUST-01297,cust-01297@lumenmail.com,Furniture,1,368.99,0.05,Organic,US,control
ORD-005202,31/08/2023,CUST-02822,cust-02822@lumenmail.com,Lightng,1,83.17,0.0,Organic,AU,
ORD-002944,2024-06-19,CUST-00656,cust-00656@lumenmail.com,Décor,4,30.36,0.15,Social,AU,variant
ORD-001795,2023-12-01,CUST-00179,cust-00179@lumenmail.com,Lighting,1,27.23,0.0,Email,US,variant
ORD-004827,2024-08-19,CUST-01883,cust-01883@lumenmail.com,Décor,5,120.63,0.0,Social,US,variant
ORD-003357,2024-12-05,CUST-00931,cust-00931@lumenmail.com,Lighting,1,159.96,0.25,Paid Search,US,variant
ORD-000302,2024-07-01,CUST-01644,cust-01644@lumenmail.com,Décor,3,80.22,0.0,,US,
ORD-001560,2024-09-17,CUST-02630,cust-02630@lumenmail.com,Lighting,2,6.95,0.05,Paid Search,US,
ORD-005326,29/10/2023,CUST-02300,cust-02300@lumenmail.com,Lighting,5,534.18,0.0,Organic,CA,control
ORD-004894,2024-10-06,,guest@lumenmail.com,Furniture,1,105.84,0.1,Email,US,control
ORD-000202,25/11/2024,CUST-02272,cust-02272@lumenmail.com,Lighting,-1,195.2,0.1,Social,US,
ORD-001036,2023-10-06,,guest@lumenmail.com,Lighting,2,85.61,0.0,Organic,CA,control
ORD-001487,2024-10-20,CUST-00971,cust-00971@lumenmail.com,Lighting,1,33.91,0.0,Organic,US,
ORD-000323,2023-10-17,CUST-01132,cust-01132@lumenmail.com,Décor,2,20.96,0.0,Organic,US,variant
ORD-007067,2023-09-15,CUST-00992,cust-00992@lumenmail.com,Outdoor,2,719.37,0.1,Paid Search,CA,variant
ORD-008795,2023-12-07,CUST-01786,cust-01786@lumenmail.com,Lighting,1,148.01,0.2,Organic,US,variant
ORD-003115,06/01/2024,,guest@lumenmail.com,Lighting,6,7.79,0.0,Organic,US,
ORD-000750,2024-04-03,CUST-02922,cust-02922@lumenmail.com,Furniture,2,18.01,0.15,Paid Search,CA,variant
ORD-002036,13/12/2024,CUST-00757,cust-00757@lumenmail.com,Furniture,2,73.74,0.05,Email,US,
ORD-001973,2024-10-18,,guest@lumenmail.com,Décor,2,43.01,0.0,,US,variant
ORD-008320,2024-03-01,CUST-01050,cust-01050@lumenmail.com,Outdoor,2,94.34,0.25,Organic,CA,
ORD-007996,2024-10-21,CUST-01561,cust-01561@lumenmail.com,Décor,1,80.62,0.0,Organic,US,
ORD-002986,2023-09-03,CUST-01527,cust-01527@lumenmail.com,Lighting,3,21.71,0.0,Paid Search,US,
ORD-008849,2024-06-27,CUST-00195,cust-00195@lumenmail.com,Lighting,1,390.81,0.1,Organic,US,
ORD-006464,2023-12-24,CUST-00662,cust-00662@lumenmail.com,Lighting,-1,6.17,0.2,Paid Search,US,
ORD-008831,13/03/2024,CUST-01713,cust-01713@lumenmail.com,Lighting,1,301.26,0.0,Social,US,
ORD-001727,2024-11-09,CUST-00939,cust-00939@lumenmail.com,Décor,1,56.53,5.0,Paid Search,US,
ORD-005691,2023-07-23,CUST-02617,cust-02617@lumenmail.com,Décor,1,13.79,0.05,Organic,US,
ORD-000871,07/04/2024,CUST-02974,cust-02974@lumenmail.com,Lighting,1,201.64,0.05,,US,variant
ORD-008952,14/12/2023,CUST-01972,cust-01972@lumenmail.com,Furniture,3,134.31,0.05,Email,ZZ,control
ORD-003788,2024-10-23,CUST-01916,cust-01916@lumenmail.com,Lighting,2,47.79,0.05,Social,US,
ORD-006728,2024-12-23,CUST-02516,cust-02516@lumenmail.com,Lighting,1,47.45,0.05,Email,US,control
ORD-002865,2024-12-17,CUST-02266,cust-02266@lumenmail.com,Furniture,1,135.05,0.15,Organic,US,
ORD-001222,2024-10-26,CUST-00534,cust-00534@lumenmail.com,Lighting,1,85.02,0.0,Paid Search,US,variant
ORD-007546,2024-04-26,CUST-01020,cust-01020@lumenmail.com,Décor,3,17.6,0.05,Paid Search,US,
ORD-000417,2024-05-22,CUST-01895,cust-01895@lumenmail.com,Outdoor,2,395.11,0.15,Paid Search,US,
ORD-008029,2024-11-15,CUST-00374,cust-00374@lumenmail.com,Furniture,1,20.13,0.15,Paid Search,US,control
ORD-008016,2023-08-04,CUST-00394,cust-00394@lumenmail.com,Outdoor,-1,31.95,0.05,Social,CA,variant
ORD-008772,2024-08-03,CUST-02394,cust-02394@lumenmail.com,Lighting,1,72.52,0.0,Email,US,variant
ORD-003104,2024-06-20,CUST-00886,cust-00886@lumenmail.com,Lighting,1,41.54,0.0,Email,US,control
ORD-008891,2023-10-01,CUST-00987,cust-00987@lumenmail.com,Outdoor,2,30.55,0.0,Email,US,
ORD-007371,2024-10-07,CUST-02314,cust-02314@lumenmail.com,Lighting,1,161.53,0.0,Paid Search,US,variant
ORD-005238,06/08/2024,CUST-02152,cust-02152@lumenmail.com,Lighting,2,20.8,0.0,Paid Search,US,control
ORD-008917,2023-07-01,CUST-00432,cust-00432@lumenmail.com,Furniture,2,28.43,0.0,Paid Search,UK,variant
ORD-000909,2024-07-16,CUST-00659,cust-00659@lumenmail.com,Décor,2,145.96,15.0,Email,US,variant
ORD-005172,21/12/2023,CUST-00209,cust-00209@lumenmail.com,Lighting,2,95.53,0.15,Social,CA,
ORD-005840,2024-08-08,CUST-01265,cust-01265@lumenmail.com,Accessories,1,370.64,0.2,Paid Search,US,variant
ORD-002709,2023-09-27,CUST-01948,cust-01948@lumenmail.com,Furniture,1,61.5,0.15,Paid Search,US,control
ORD-005959,2024-06-02,CUST-02995,cust-02995@lumenmail.com,Furniture,1,139.94,0.0,Paid Search,US,
ORD-001579,05/12/2024,CUST-00142,cust-00142@lumenmail.com,Outdoor,1,430.12,0.0,Paid Search,CA,control
ORD-003360,2024-09-20,CUST-00837,cust-00837@lumenmail.com,Lighting,4,33.57,0.05,Email,US,variant
ORD-002033,2023-09-13,CUST-02880,cust-02880@lumenmail.com,Lighting,5,62.62,0.0,Organic,UK,variant
ORD-003257,2024-10-21,CUST-00940,cust-00940@lumenmail.com,Décor,1,21.49,0.05,Email,US,control
ORD-005227,2023-12-15,CUST-02825,cust-02825@lumenmail.com,Décor,2,130.14,0.15,Email,CA,control
ORD-007667,2024-09-22,CUST-00465,cust-00465@lumenmail.com,Outdoor,1,597.86,0.0,Email,ZZ,
ORD-000635,2024-12-21,CUST-01619,cust-01619@lumenmail.com,Furniture,1,203.13,0.0,Social,US,
ORD-004346,2024-04-25,CUST-01014,cust-01014@lumenmail.com,Furniture,3,192.55,20.0,Organic,US,
ORD-002161,2023-07-14,CUST-01159,cust-01159@lumenmail.com,Furniture,2,308.5,0.05,Social,US,
ORD-003542,2024-07-12,CUST-01984,cust-01984@lumenmail.com,Décor,3,7.78,0.0,Paid Search,US,
ORD-003403,08/10/2023,CUST-00512,cust-00512@lumenmail.com,Accessories,3,131.75,0.0,Email,US,control
ORD-008062,19/04/2024,,guest@lumenmail.com,Furniture,1,8.67,0.25,,US,
ORD-004515,2024-06-04,CUST-01751,cust-01751@lumenmail.com,Lighting,1,44.06,0.0,Organic,US,control
ORD-000003,01/07/2024,CUST-01542,cust-01542@lumenmail.com,Lighting,-2,183.74,0.0,Email,US,control
ORD-004336,2024-03-16,CUST-00259,cust-00259@lumenmail.com,Lighting,2,84.66,0.05,Paid Search,CA,
ORD-003948,2024-08-30,CUST-01998,cust-01998@lumenmail.com,Décor,1,11.5,0.2,Social,US,
ORD-007829,08/08/2023,CUST-00294,cust-00294@lumenmail.com,Lighting,1,32.69,15.0,Organic,US,
ORD-007255,2024-11-09,CUST-00963,cust-00963@lumenmail.com,Décor,2,64.26,0.0,Email,ZZ,control
ORD-002764,2024-03-02,CUST-00536,cust-00536@lumenmail.com,Accessories,1,41.11,0.0,Paid Search,US,
ORD-004596,2024-07-22,,guest@lumenmail.com,Lighting,-2,111.6,0.0,Organic,US,
ORD-005101,2024-08-26,CUST-00223,cust-00223@lumenmail.com,Lighting,6,179.28,0.0,Email,US,variant
ORD-002992,2023-08-18,CUST-02865,cust-02865@lumenmail.com,Accessories,7,310.0,0.05,Paid Search,US,variant
ORD-001043,20/09/2023,,guest@lumenmail.com,Lighting,1,261.39,0.2,Email,US,variant
ORD-002894,2024-05-26,CUST-00748,cust-00748@lumenmail.com,Furniture,3,350.45,0.0,Email,UK,
ORD-005866,2024-07-21,CUST-01412,cust-01412@lumenmail.com,Lighting,1,219.81,0.25,Paid Search,US,
ORD-003076,2024-03-31,,guest@lumenmail.com,Accessories,3,27.78,0.15,Paid Search,US,
ORD-004325,2023-10-23,CUST-01334,cust-01334@lumenmail.com,Outdoor,1,92.39,0.05,Paid Search,CA,
ORD-009454,2023-07-08,CUST-00386,cust-00386@lumenmail.com,Outdoor,1,30.59,10.0,Paid Search,US,
ORD-002590,26/07/2024,CUST-00612,cust-00612@lumenmail.com,Décor,3,114.0,0.0,Email,US,
ORD-007969,2023-12-02,,guest@lumenmail.com,Lighting,1,75.07,0.25,Paid Search,US,
ORD-006014,2024-02-27,CUST-00601,cust-00601@lumenmail.com,Décor,2,17.06,0.1,Email,US,
ORD-004998,2024-07-12,CUST-02076,cust-02076@lumenmail.com,Lighting,1,26.55,0.0,Paid Search,US,
ORD-000522,2024-07-27,CUST-00441,cust-00441@lumenmail.com,Décor,3,84.53,0.05,Organic,CA,control
ORD-001107,2024-04-22,CUST-02695,cust-02695@lumenmail.com,Lightng,-2,11.35,0.0,Email,CA,variant
ORD-004163,2024-11-19,CUST-02701,cust-02701@lumenmail.com,Furniture,3,376.59,0.0,Email,US,
ORD-002051,13/10/2024,CUST-01537,cust-01537@lumenmail.com,Lighting,1,340.06,0.1,Social,UK,variant
ORD-003795,2024-09-01,CUST-00780,cust-00780@lumenmail.com,Accessories,1,0.0,10.0,Paid Search,CA,control
ORD-005683,2023-08-03,CUST-00733,cust-00733@lumenmail.com,Décor,1,81.47,0.0,,US,variant
ORD-002788,2023-10-01,CUST-02621,cust-02621@lumenmail.com,Décor,2,23.4,0.1,Organic,UK,
ORD-003893,20/08/2023,CUST-02464,cust-02464@lumenmail.com,Furniture,2,325.87,0.1,Paid Search,US,
ORD-000352,2024-12-01,CUST-00889,cust-00889@lumenmail.com,Lighting,1,10.05,0.0,Organic,US,control
ORD-005853,2024-07-08,CUST-02701,cust-02701@lumenmail.com,Outdoor,6,41.79,0.1,Email,AU,
ORD-003524,2024-03-02,CUST-02839,cust-02839@lumenmail.com,Décor,1,109.83,0.2,Organic,US,variant
ORD-000584,2023-09-21,CUST-01736,cust-01736@lumenmail.com,Décor,2,30.89,0.0,Email,US,variant
ORD-001209,2024-07-06,CUST-00639,cust-00639@lumenmail.com,Lighting,1,173.52,0.1,Paid Search,US,
ORD-009592,2024-03-15,CUST-01312,cust-01312@lumenmail.com,Décor,1,159.8,0.0,Paid Search,US,
ORD-004469,2023-06-05,CUST-00661,cust-00661@lumenmail.com,Lighting,4,125.6,0.05,Paid Search,US,
ORD-000911,2024-06-18,CUST-00303,cust-00303@lumenmail.com,Lighting,1,29.05,0.15,Organic,US,variant
ORD-003701,2024-11-30,CUST-02901,cust-02901@lumenmail.com,Accessories,5,36.4,0.0,Paid Search,CA,variant
ORD-004693,2023-07-19,CUST-02184,cust-02184@lumenmail.com,Décor,2,244.73,0.05,Paid Search,AU,control
ORD-008436,26/12/2024,CUST-02873,cust-02873@lumenmail.com,Accessories,6,190.08,0.1,Email,US,control
ORD-003267,2023-10-08,,guest@lumenmail.com,Outdoor,1,173.56,10.0,Email,CA,
ORD-006034,2024-04-30,CUST-00064,cust-00064@lumenmail.com,Accessories,2,25.13,0.0,Social,US,variant
ORD-009004,2024-06-30,CUST-02285,cust-02285@lumenmail.com,Décor,4,15.37,0.0,Email,US,control
ORD-005379,2024-05-08,CUST-02538,cust-02538@lumenmail.com,Décor,2,181.52,0.0,Organic,CA,control
ORD-005236,2023-11-17,CUST-00403,cust-00403@lumenmail.com,Lighting,1,37.32,0.0,Organic,CA,control
ORD-000509,2024-09-09,CUST-02204,cust-02204@lumenmail.com,Décor,1,366.69,0.15,Paid Search,ZZ,
ORD-004951,2024-06-20,CUST-00631,cust-00631@lumenmail.com,Lightng,2,102.86,0.0,Email,US,variant
ORD-002102,2023-06-10,CUST-01660,cust-01660@lumenmail.com,Lighting,1,43.88,0.1,Organic,UK,variant
ORD-001042,2024-02-06,CUST-02471,cust-02471@lumenmail.com,Furniture,1,47.55,0.05,Organic,US,
ORD-008582,2024-01-07,,guest@lumenmail.com,Furniture,2,76.98,0.0,Social,US,
ORD-009411,2024-03-03,CUST-02737,cust-02737@lumenmail.com,Outdoor,1,758.47,0.0,Organic,UK,control
ORD-001374,2023-09-29,CUST-01639,cust-01639@lumenmail.com,Lighting,1,33.67,0.25,Email,AU,control
ORD-003358,2024-07-10,CUST-02374,cust-02374@lumenmail.com,Lighting,3,611.56,0.0,Organic,US,variant
ORD-000464,18/08/2024,CUST-02314,cust-02314@lumenmail.com,Outdoor,2,55.03,0.25,Paid Search,US,variant
ORD-008971,2023-10-10,CUST-00516,cust-00516@lumenmail.com,Décor,2,39.0,0.05,Paid Search,US,control
ORD-006860,2023-12-18,,guest@lumenmail.com,Lighting,5,535.95,0.0,Organic,CA,
ORD-003954,2023-11-04,CUST-00862,cust-00862@lumenmail.com,Furniture,2,89.97,0.0,Social,US,variant
ORD-004782,13/11/2024,CUST-01315,cust-01315@lumenmail.com,Décor,2,14.09,0.25,Organic,US,control
ORD-009396,13/10/2024,CUST-01093,cust-01093@lumenmail.com,Furniture,3,52.64,0.0,Email,US,control
ORD-002809,2024-01-08,CUST-00724,cust-00724@lumenmail.com,Accessories,1,15.32,0.15,Paid Search,UK,control
ORD-006617,,CUST-00638,cust-00638@lumenmail.com,Furniture,3,88.04,0.2,Paid Search,US,control
ORD-003645,2024-01-09,CUST-02993,cust-02993@lumenmail.com,Outdoor,2,163.46,0.1,Email,US,
ORD-000793,2024-06-15,CUST-00196,cust-00196@lumenmail.com,Lighting,1,191.67,0.05,Social,CA,control
ORD-005841,2024-11-30,CUST-02594,cust-02594@lumenmail.com,Lightng,3,48.24,0.25,Email,US,
ORD-006725,2023-09-22,,guest@lumenmail.com,Lighting,2,119.41,0.1,Paid Search,US,
ORD-000501,2024-01-24,CUST-02105,cust-02105@lumenmail.com,Lighting,1,10.28,0.0,Email,AU,control
ORD-002623,20/07/2023,CUST-00475,cust-00475@lumenmail.com,Accessories,1,15.41,0.05,Email,US,control
ORD-008498,11/11/2024,CUST-00531,cust-00531@lumenmail.com,Lighting,-3,96.97,0.0,Email,UK,variant
ORD-008187,2024-09-21,CUST-01368,cust-01368@lumenmail.com,Décor,1,38.77,0.15,Paid Search,US,
ORD-000690,2023-11-26,CUST-02997,cust-02997@lumenmail.com,Outdoor,-4,5.63,0.0,Paid Search,US,
ORD-006647,16/06/2023,CUST-00827,cust-00827@lumenmail.com,Accessories,3,136.78,0.0,Paid Search,US,control
ORD-002032,2024-04-10,CUST-00913,cust-00913@lumenmail.com,Lighting,2,25.04,0.0,Social,US,
ORD-003162,08/10/2024,CUST-01751,cust-01751@lumenmail.com,Furniture,2,285.83,0.0,Organic,US,control
ORD-006557,2024-12-18,CUST-02070,cust-02070@lumenmail.com,Lighting,1,381.77,0.1,Email,CA,variant
ORD-004408,09/12/2023,CUST-00262,cust-00262@lumenmail.com,Furniture,7,89.59,0.0,Organic,CA,
ORD-006426,2023-07-16,CUST-02816,cust-02816@lumenmail.com,Décor,3,9.98,0.0,Email,CA,control
ORD-001678,2024-01-18,CUST-01881,cust-01881@lumenmail.com,Accessoires,1,81.63,0.0,Social,CA,
ORD-002321,2024-10-03,CUST-01941,cust-01941@lumenmail.com,Furniture,1,53.07,0.0,,US,control
ORD-008192,2023-08-10,CUST-02399,cust-02399@lumenmail.com,Lighting,2,39.91,0.05,Email,US,
ORD-008680,2024-01-24,CUST-00336,cust-00336@lumenmail.com,Décor,1,77.91,15.0,Organic,US,variant
ORD-001747,2024-08-01,CUST-02166,cust-02166@lumenmail.com,Outdoor,2,37.06,0.0,Paid Search,CA,control
ORD-000692,30/07/2023,,guest@lumenmail.com,Décor,1,183.98,0.0,Email,US,
ORD-007770,2024-03-30,CUST-00838,cust-00838@lumenmail.com,Furniture,1,289.37,0.1,Social,UK,variant
ORD-008994,22/08/2024,CUST-00704,cust-00704@lumenmail.com,Lighting,1,25.0,0.0,Paid Search,US,control
ORD-009527,2024-12-12,CUST-00843,cust-00843@lumenmail.com,Lighting,1,81.12,0.0,Paid Search,CA,variant
ORD-002465,2024-12-11,CUST-02783,cust-02783@lumenmail.com,Décor,5,42.84,0.1,Email,US,control
ORD-004770,2023-11-13,CUST-02301,cust-02301@lumenmail.com,Lighting,1,23.83,0.1,Email,US,
ORD-000344,2023-11-24,CUST-01024,cust-01024@lumenmail.com,Outdoor,2,52.9,0.0,Paid Search,CA,variant
ORD-004375,2024-12-13,CUST-02873,cust-02873@lumenmail.com,Décor,6,46.64,0.0,Social,US,
ORD-004419,07/12/2023,CUST-02620,cust-02620@lumenmail.com,Furniture,3,7.78,0.25,Email,CA,
ORD-006910,2024-01-13,CUST-01026,cust-01026@lumenmail.com,Décor,1,63.33,0.05,Email,CA,
ORD-002919,2024-08-24,CUST-01424,cust-01424@lumenmail.com,Outdoor,5,186.97,0.0,Email,US,variant
ORD-008067,2024-03-25,CUST-02184,cust-02184@lumenmail.com,Décor,1,38.29,10.0,Email,ZZ,variant
ORD-003907,2024-11-23,CUST-02726,cust-02726@lumenmail.com,Furniture,2,16.67,0.1,Social,CA,
ORD-004886,2023-08-31,CUST-02501,cust-02501@lumenmail.com,Lighting,4,43.15,0.05,,UK,variant
ORD-004824,2024-04-19,CUST-01195,cust-01195@lumenmail.com,Lighting,6,616.45,0.0,,UK,control
ORD-000265,2023-07-16,CUST-02486,cust-02486@lumenmail.com,Décor,1,35.26,0.15,Email,US,
ORD-004555,2024-05-02,CUST-00822,cust-00822@lumenmail.com,lighting,4,49.28,0.0,Email,US,
ORD-002372,2023-06-11,CUST-01609,cust-01609@lumenmail.com,Décor,5,184.14,0.0,Social,US,
ORD-002047,2024-03-14,CUST-00499,cust-00499@lumenmail.com,Décor,1,20.84,0.0,,US,control
ORD-003371,2024-04-26,CUST-00832,cust-00832@lumenmail.com,Décor,2,43.95,0.0,Paid Search,US,
ORD-008985,2023-12-04,CUST-00848,cust-00848@lumenmail.com,Furniture,3,15.3,0.0,Organic,US,
ORD-007628,2024-05-26,CUST-00684,cust-00684@lumenmail.com,Furniture,1,111.68,0.15,Organic,US,
ORD-006638,2023-06-17,CUST-01594,cust-01594@lumenmail.com,Décor,1,32.42,0.2,Email,CA,variant
ORD-005931,2024-01-11,CUST-00604,cust-00604@lumenmail.com,Décor,6,133.36,0.0,Paid Search,UK,
ORD-001598,2024-07-31,CUST-02390,cust-02390@lumenmail.com,Lighting,1,180.97,0.0,Email,US,control
ORD-002833,2024-08-27,CUST-00008,cust-00008@lumenmail.com,Décor,1,28.96,0.05,Email,US,control
ORD-000908,2024-08-01,CUST-01303,cust-01303@lumenmail.com,Décor,1,708.73,0.05,Email,CA,control
ORD-008310,2024-08-19,CUST-01383,cust-01383@lumenmail.com,Accessories,1,43.2,0.15,,US,variant
ORD-007023,2024-07-10,CUST-00833,cust-00833@lumenmail.com,Lighting,4,25.96,0.05,Email,UK,variant
ORD-004373,18/12/2023,CUST-02407,cust-02407@lumenmail.com,Lighting,1,184.13,5.0,Paid Search,CA,
ORD-002293,18/05/2024,CUST-01892,cust-01892@lumenmail.com,Accessories,2,101.16,10.0,Organic,US,control
ORD-005429,2024-09-25,CUST-02437,cust-02437@lumenmail.com,Lighting,3,544.74,0.0,Email,US,
ORD-008593,2024-03-17,,guest@lumenmail.com,Lighting,1,57.6,0.05,Paid Search,UK,
ORD-004085,2024-09-28,CUST-01896,cust-01896@lumenmail.com,Furniture,2,36.28,0.0,Email,US,
ORD-006334,2024-12-14,CUST-02666,cust-02666@lumenmail.com,Lighting,6,115.74,0.1,Email,CA,variant
ORD-001280,2024-02-19,,guest@lumenmail.com,Décor,-3,108.24,0.0,Organic,US,
ORD-003410,2024-04-15,CUST-01533,cust-01533@lumenmail.com,Décor,3,83.3,25.0,Paid Search,CA,variant
ORD-006749,2024-05-16,CUST-02662,cust-02662@lumenmail.com,Lighting,2,59.79,0.0,Paid Search,US,variant
ORD-008441,2023-06-18,CUST-02415,cust-02415@lumenmail.com,Lighting,2,82.65,0.0,Paid Search,UK,control
ORD-007273,2024-12-29,CUST-02477,cust-02477@lumenmail.com,Furniture,1,166.62,0.0,Social,US,variant
ORD-006442,2024-04-18,,guest@lumenmail.com,Décor,2,327.23,0.0,Email,CA,
ORD-004379,2024-03-07,CUST-00852,cust-00852@lumenmail.com,Outdoor,4,385.14,0.05,Paid Search,US,
ORD-005194,2024-03-29,CUST-02814,cust-02814@lumenmail.com,Lighting,2,353.58,0.2,Paid Search,CA,variant
ORD-004407,03/12/2024,CUST-02431,cust-02431@lumenmail.com,Décor,4,546.04,0.05,Email,US,
ORD-005721,2023-11-29,CUST-01169,cust-01169@lumenmail.com,Décor,1,667.32,0.0,Organic,UK,control
ORD-008450,2023-07-22,CUST-02604,cust-02604@lumenmail.com,Furniture,5,241.4,0.0,Paid Search,CA,variant
ORD-008961,2024-12-24,CUST-00247,cust-00247@lumenmail.com,Lighting,1,198.71,0.2,Organic,CA,control
ORD-002030,2024-12-28,CUST-00440,cust-00440@lumenmail.com,Furniture,3,13.14,0.05,Paid Search,CA,
ORD-009051,2024-09-16,CUST-01407,cust-01407@lumenmail.com,Outdoor,1,73.31,0.1,Paid Search,US,variant
ORD-008947,2024-10-03,CUST-00862,cust-00862@lumenmail.com,Décor,7,106.61,0.05,Paid Search,US,control
ORD-009324,2024-11-14,CUST-02101,cust-02101@lumenmail.com,Accessories,1,16.6,0.05,Paid Search,CA,variant
ORD-005626,2024-02-10,CUST-00306,cust-00306@lumenmail.com,Outdoor,1,41.18,0.1,Paid Search,US,control
ORD-008366,2023-07-27,CUST-00167,cust-00167@lumenmail.com,Décor,4,53.49,0.0,Paid Search,US,
ORD-008592,2024-09-27,CUST-00180,cust-00180@lumenmail.com,Lightng,1,67.41,0.05,Paid Search,US,control
ORD-002594,2024-05-06,CUST-02204,cust-02204@lumenmail.com,Lighting,2,39.14,0.0,Organic,CA,variant
ORD-008925,22/06/2023,CUST-01493,cust-01493@lumenmail.com,Décor,2,75.46,0.0,Paid Search,US,control
ORD-001827,2023-09-28,CUST-00909,cust-00909@lumenmail.com,Furniture,1,174.99,0.05,Email,US,variant
ORD-005692,2023-08-10,CUST-01470,cust-01470@lumenmail.com,Décor,1,788.31,15.0,Social,CA,control
ORD-006109,2024-08-29,CUST-01891,cust-01891@lumenmail.com,Furniture,1,700.72,0.0,Email,US,variant
ORD-006707,2024-06-06,CUST-00474,cust-00474@lumenmail.com,Lighting,1,78.08,0.0,Organic,CA,variant
ORD-004526,2023-11-03,CUST-01440,cust-01440@lumenmail.com,Lighting,2,40.74,0.0,Organic,US,
ORD-002848,2023-12-18,CUST-01117,cust-01117@lumenmail.com,Furniture,1,64.69,0.0,Paid Search,US,variant
ORD-004502,2023-11-27,CUST-00274,cust-00274@lumenmail.com,Lighting,2,126.8,0.0,Paid Search,US,control
ORD-003936,2024-10-20,CUST-02689,cust-02689@lumenmail.com,Lighting,2,682.03,10.0,Paid Search,UK,variant
ORD-001864,2024-11-17,,guest@lumenmail.com,Lighting,1,335.61,0.25,Paid Search,UK,control
ORD-007321,2023-06-08,CUST-02442,cust-02442@lumenmail.com,Décor,1,85.54,0.0,Paid Search,US,
ORD-005612,2024-04-02,CUST-01730,cust-01730@lumenmail.com,Lighting,1,80.09,20.0,Email,CA,variant
ORD-003059,2024-09-07,CUST-00434,cust-00434@lumenmail.com,Décor,3,135.32,0.05,Paid Search,CA,
ORD-003293,2023-06-12,CUST-01663,cust-01663@lumenmail.com,Furniture,1,236.75,0.0,Organic,US,
ORD-004193,2024-08-11,CUST-02654,cust-02654@lumenmail.com,Furniture,4,41.36,0.0,Social,CA,control
ORD-003881,2023-07-09,,guest@lumenmail.com,Lighting,2,373.99,0.0,Email,US,control
ORD-007286,2024-06-25,CUST-02763,cust-02763@lumenmail.com,Lighting,1,48.91,0.0,Email,UK,control
ORD-007499,2023-07-04,CUST-01448,cust-01448@lumenmail.com,Lightng,1,97.47,0.05,Organic,US,control
ORD-008172,2024-06-25,CUST-02537,cust-02537@lumenmail.com,Lighting,2,87.64,0.0,,US,control
ORD-002498,2023-08-23,CUST-01742,cust-01742@lumenmail.com,Furniture,3,146.73,0.0,Email,US,control
ORD-005573,2023-06-30,CUST-00244,cust-00244@lumenmail.com,Accessories,2,99.68,0.05,Email,US,
ORD-006711,2024-07-17,CUST-01957,cust-01957@lumenmail.com,Furniture,1,59.21,0.0,Email,UK,control
ORD-001070,2024-02-27,CUST-02162,cust-02162@lumenmail.com,Accessories,3,580.75,0.0,Organic,US,variant
ORD-002530,2024-11-17,CUST-00554,cust-00554@lumenmail.com,Décor,1,344.1,0.0,Paid Search,AU,
ORD-003732,2024-11-01,CUST-01450,cust-01450@lumenmail.com,Lighting,1,160.91,0.0,Paid Search,US,
ORD-005443,19/08/2024,CUST-00807,cust-00807@lumenmail.com,Lighting,2,49.7,0.0,Email,CA,
ORD-000698,26/05/2024,CUST-00793,cust-00793@lumenmail.com,Décor,3,43.93,0.05,Social,US,control
ORD-007931,04/04/2024,CUST-00998,cust-00998@lumenmail.com,Furniture,3,42.08,0.0,Organic,US,
ORD-007231,2023-08-12,CUST-01241,cust-01241@lumenmail.com,Lighting,2,352.62,0.0,Paid Search,US,control
ORD-006938,26/02/2024,CUST-01133,cust-01133@lumenmail.com,Furniture,1,354.11,0.05,Paid Search,US,variant
ORD-005050,2024-10-05,CUST-02876,cust-02876@lumenmail.com,Lighting,3,126.95,0.1,Paid Search,CA,
ORD-005782,2024-07-13,CUST-02337,cust-02337@lumenmail.com,Décor,4,109.14,0.0,Email,US,
ORD-009270,16/11/2024,CUST-01176,cust-01176@lumenmail.com,Lighting,1,619.88,0.0,Social,UK,
ORD-008459,2023-06-07,CUST-02577,cust-02577@lumenmail.com,Décor,1,25.22,25.0,Paid Search,UK,
ORD-000413,2024-04-30,CUST-01652,cust-01652@lumenmail.com,Décor,1,114.1,0.0,Email,US,
ORD-000718,05/07/2023,CUST-00235,cust-00235@lumenmail.com,Lighting,1,107.42,0.0,Paid Search,US,control
ORD-001069,30/05/2024,CUST-01417,cust-01417@lumenmail.com,Furniture,2,306.32,0.0,Organic,US,
ORD-001037,2024-10-21,CUST-00749,cust-00749@lumenmail.com,Décor,1,11.01,5.0,Organic,CA,
ORD-000152,2023-10-22,CUST-01029,cust-01029@lumenmail.com,Accessories,1,22.55,0.0,Email,CA,control
ORD-009091,12/09/2024,CUST-01095,cust-01095@lumenmail.com,Décor,2,15.9,0.15,Email,ZZ,variant
ORD-008820,2023-09-07,CUST-02787,cust-02787@lumenmail.com,Lighting,1,708.82,0.05,Organic,AU,control
ORD-000502,2024-11-04,CUST-00040,cust-00040@lumenmail.com,Lighting,2,194.77,0.05,Organic,US,variant
ORD-003955,2023-12-07,CUST-02401,cust-02401@lumenmail.com,Décor,2,511.81,0.0,Organic,US,control
ORD-000098,2023-11-18,CUST-02157,cust-02157@lumenmail.com,Lighting,1,213.61,0.0,Organic,UK,variant
ORD-004030,26/12/2023,CUST-01594,cust-01594@lumenmail.com,Furniture,3,173.23,0.05,Paid Search,UK,control
ORD-009218,2024-07-23,CUST-01222,cust-01222@lumenmail.com,Décor,1,18.85,0.0,Email,UK,variant
ORD-000504,2023-08-23,CUST-02401,cust-02401@lumenmail.com,Décor,1,11.35,0.1,Email,UK,
ORD-002601,2024-02-11,CUST-01657,cust-01657@lumenmail.com,Accessories,3,11.61,0.0,Paid Search,US,control
ORD-007529,08/09/2024,CUST-02633,cust-02633@lumenmail.com,Accessories,1,43.95,0.05,Email,US,variant
ORD-005671,2023-12-12,CUST-00173,cust-00173@lumenmail.com,Lighting,1,241.36,0.05,Email,ZZ,control
ORD-003494,2023-12-06,CUST-00196,cust-00196@lumenmail.com,Accessories,2,34.47,0.0,Email,US,control
ORD-004552,2024-05-19,CUST-02553,cust-02553@lumenmail.com,Lighting,2,156.24,0.0,Social,CA,control
ORD-006722,2024-10-14,CUST-01208,cust-01208@lumenmail.com,Lighting,1,91.42,0.0,Social,US,control
ORD-002434,2023-07-02,CUST-00745,cust-00745@lumenmail.com,Lighting,2,16.66,0.0,Email,US,control
ORD-004347,08/10/2024,CUST-01203,cust-01203@lumenmail.com,Furniture,7,30.84,0.0,Paid Search,US,control
ORD-001555,2024-03-07,CUST-01236,cust-01236@lumenmail.com,lighting,3,290.44,0.0,Paid Search,ZZ,
ORD-005246,14/12/2023,CUST-02433,cust-02433@lumenmail.com,Furniture,2,60.84,0.1,Paid Search,CA,variant
ORD-002897,2024-02-11,CUST-02258,cust-02258@lumenmail.com,Décor,2,93.47,0.0,Paid Search,AU,
ORD-006221,2023-12-13,CUST-02663,cust-02663@lumenmail.com,Lighting,1,28.15,0.15,Paid Search,UK,control
ORD-006541,,CUST-00741,cust-00741@lumenmail.com,Furniture,2,718.81,0.0,Organic,US,control
ORD-001567,2024-06-28,,guest@lumenmail.com,Furniture,1,92.95,0.05,Paid Search,UK,control
ORD-005585,2024-04-11,CUST-00894,cust-00894@lumenmail.com,Lighting,2,98.19,0.0,Organic,US,
ORD-000822,2023-08-24,CUST-02653,cust-02653@lumenmail.com,Lighting,1,255.42,0.0,,US,control
ORD-008730,2024-04-22,,guest@lumenmail.com,Lighting,1,63.01,0.0,Organic,UK,control
ORD-005811,2024-03-02,CUST-02477,cust-02477@lumenmail.com,Accessories,1,70.65,0.0,Organic,US,
ORD-003580,2023-08-01,CUST-02577,cust-02577@lumenmail.com,Lighting,1,55.63,0.0,Social,CA,
ORD-007837,2023-08-03,CUST-01515,cust-01515@lumenmail.com,Lighting,1,56.85,0.0,Email,UK,
ORD-001715,2023-12-04,CUST-00178,cust-00178@lumenmail.com,Accessories,2,529.06,0.05,Social,US,control
ORD-006483,2024-07-12,CUST-01749,cust-01749@lumenmail.com,Accessories,2,137.27,0.0,Paid Search,US,control
ORD-003581,24/08/2023,CUST-00805,cust-00805@lumenmail.com,Furniture,1,113.0,0.05,Paid Search,AU,
ORD-000583,2024-03-21,CUST-01148,cust-01148@lumenmail.com,Lighting,5,44.49,5.0,Paid Search,US,variant
ORD-001051,2023-06-21,CUST-01026,cust-01026@lumenmail.com,Décor,3,108.48,0.0,Email,CA,variant
ORD-000945,30/07/2024,CUST-01800,cust-01800@lumenmail.com,Décor,5,174.95,0.0,Organic,CA,control
ORD-001192,2024-10-28,CUST-01287,cust-01287@lumenmail.com,Lighting,2,31.79,0.1,Social,US,variant
ORD-007142,2024-10-04,CUST-00732,cust-00732@lumenmail.com,Lighting,1,31.15,10.0,Paid Search,UK,variant
ORD-000994,2023-07-31,CUST-01950,cust-01950@lumenmail.com,Lighting,2,91.63,0.1,Email,UK,control
ORD-007544,15/12/2023,CUST-01826,cust-01826@lumenmail.com,Décor,2,225.57,0.05,Social,US,variant
ORD-003898,12/08/2023,CUST-01577,cust-01577@lumenmail.com,Furniture,3,76.74,0.1,Paid Search,US,variant
ORD-001737,2024-12-25,CUST-01446,cust-01446@lumenmail.com,Décor,2,92.35,0.05,Paid Search,US,control
ORD-001112,2023-06-18,CUST-01626,cust-01626@lumenmail.com,Décor,1,8.03,0.0,Paid Search,US,
ORD-004534,26/01/2024,,guest@lumenmail.com,Lighting,1,0.0,15.0,Email,AU,
ORD-006820,2024-01-29,CUST-00975,cust-00975@lumenmail.com,Furniture,2,60.13,0.1,Paid Search,US,control
ORD-008389,2024-07-31,CUST-01379,cust-01379@lumenmail.com,Furniture,1,35.25,0.0,Paid Search,CA,control
ORD-003735,2024-06-25,CUST-02288,cust-02288@lumenmail.com,Furniture,2,304.14,0.0,Paid Search,US,
ORD-001724,2023-09-29,CUST-01295,cust-01295@lumenmail.com,Outdoor,2,197.43,0.0,Organic,UK,control
ORD-008135,2024-09-02,CUST-01614,cust-01614@lumenmail.com,Lighting,1,46.45,0.05,Organic,UK,control
ORD-007364,2023-12-25,CUST-00410,cust-00410@lumenmail.com,Décor,1,53.33,0.0,Email,UK,
ORD-001433,2024-09-28,CUST-00652,cust-00652@lumenmail.com,Furniture,1,16.71,0.1,Paid Search,US,control
ORD-008347,2023-12-26,CUST-00628,cust-00628@lumenmail.com,Furniture,3,77.98,0.05,Paid Search,UK,
ORD-006366,2024-10-07,CUST-01265,cust-01265@lumenmail.com,Lighting,2,189.73,0.05,Email,ZZ,
ORD-000467,2024-03-05,CUST-01373,cust-01373@lumenmail.com,Furniture,5,71.35,0.05,Paid Search,US,variant
ORD-008064,2023-11-11,CUST-01629,cust-01629@lumenmail.com,Décor,1,89.58,0.05,Organic,US,
ORD-005535,2023-12-07,CUST-00970,cust-00970@lumenmail.com,Furniture,4,7.0,0.0,Social,US,
ORD-001305,2024-02-23,CUST-02048,cust-02048@lumenmail.com,Lighting,2,53.49,0.0,Paid Search,CA,
ORD-007494,2023-09-20,CUST-01746,cust-01746@lumenmail.com,Décor,2,64.07,0.05,Email,US,variant
ORD-006724,2023-12-27,CUST-02595,cust-02595@lumenmail.com,Furniture,1,182.74,10.0,Organic,UK,
ORD-002129,2024-11-14,CUST-02142,cust-02142@lumenmail.com,Décor,3,500.41,0.0,Paid Search,US,
ORD-006635,2024-03-12,CUST-02064,cust-02064@lumenmail.com,Outdoor,2,17.21,0.0,Organic,US,
ORD-007933,2024-10-05,CUST-00605,cust-00605@lumenmail.com,Décor,2,262.76,0.2,Paid Search,UK,
ORD-000510,2023-12-16,CUST-00958,cust-00958@lumenmail.com,Lighting,3,21.58,0.15,Organic,CA,control
ORD-007444,2023-12-13,CUST-00854,cust-00854@lumenmail.com,Outdoor,3,28.11,0.1,Email,US,
ORD-005112,2023-08-30,CUST-01471,cust-01471@lumenmail.com,Lighting,4,24.6,0.25,Paid Search,US,control
ORD-004926,2023-12-10,CUST-02449,cust-02449@lumenmail.com,Furniture,1,25.73,0.0,Email,US,
ORD-005664,2023-08-01,CUST-01527,cust-01527@lumenmail.com,Décor,-1,38.96,0.25,Email,UK,control
ORD-000596,2024-01-14,CUST-00531,cust-00531@lumenmail.com,Lighting,2,79.14,0.0,Email,US,variant
ORD-002714,20/03/2024,CUST-00848,cust-00848@lumenmail.com,Décor,4,14.21,0.1,,US,variant
ORD-007295,2024-06-19,CUST-00193,cust-00193@lumenmail.com,Décor,1,32.36,0.0,Organic,US,control
ORD-001068,29/08/2023,CUST-01037,cust-01037@lumenmail.com,Lighting,2,7.47,0.0,Organic,CA,
ORD-006229,2024-10-01,CUST-00129,cust-00129@lumenmail.com,Lighting,-1,20.01,0.15,,UK,
ORD-001229,2024-04-26,CUST-01677,cust-01677@lumenmail.com,Lighting,-1,717.37,0.05,Email,CA,
ORD-005605,2024-06-29,CUST-00109,cust-00109@lumenmail.com,Lighting,1,67.05,0.15,Social,US,control
ORD-009075,2024-09-12,CUST-02967,cust-02967@lumenmail.com,Lighting,1,736.45,5.0,Organic,US,control
ORD-006575,27/11/2024,CUST-02715,cust-02715@lumenmail.com,Lighting,1,9.91,0.0,Paid Search,CA,
ORD-000877,26/03/2024,CUST-00189,cust-00189@lumenmail.com,Lighting,1,18.04,0.0,Organic,US,
ORD-008080,2023-07-17,CUST-02447,cust-02447@lumenmail.com,Lighting,1,23.79,0.0,Organic,US,
ORD-007517,2023-12-31,CUST-01671,cust-01671@lumenmail.com,Lighting,3,34.02,0.0,Social,US,control
ORD-006786,15/12/2023,CUST-00899,cust-00899@lumenmail.com,Furniture,3,22.2,0.05,Organic,US,variant
ORD-001390,08/09/2023,CUST-01981,cust-01981@lumenmail.com,Outdoor,1,41.19,0.2,Paid Search,US,
ORD-008333,2023-08-03,CUST-02784,cust-02784@lumenmail.com,lighting,4,7.46,0.0,Organic,CA,variant
ORD-003493,2023-07-31,CUST-02656,cust-02656@lumenmail.com,Outdoor,4,302.18,0.1,Email,ZZ,
ORD-008282,2023-10-29,CUST-02142,cust-02142@lumenmail.com,Lighting,2,332.03,0.1,Email,US,control
ORD-003349,2024-02-13,CUST-02140,cust-02140@lumenmail.com,Furniture,3,170.84,0.2,,UK,
ORD-003052,2023-12-26,CUST-00960,cust-00960@lumenmail.com,lighting,1,20.13,0.1,Paid Search,US,variant
ORD-004181,22/02/2024,CUST-01945,cust-01945@lumenmail.com,Accessories,3,14.43,0.0,Email,UK,control
ORD-008780,19/06/2024,CUST-00211,cust-00211@lumenmail.com,Accessories,1,311.25,0.15,Paid Search,US,
ORD-007046,2023-12-25,CUST-00249,cust-00249@lumenmail.com,Lighting,3,122.83,0.0,Paid Search,US,control
ORD-004164,2024-10-14,CUST-02783,cust-02783@lumenmail.com,Lighting,1,14.02,5.0,Email,US,variant
ORD-001484,2024-12-22,CUST-01411,cust-01411@lumenmail.com,Lighting,2,185.19,0.0,Organic,CA,control
ORD-001939,2024-12-01,CUST-00949,cust-00949@lumenmail.com,Lighting,1,58.35,0.05,Social,CA,
ORD-002329,2024-01-13,CUST-00728,cust-00728@lumenmail.com,Outdoor,4,132.42,0.0,Paid Search,UK,
ORD-003251,03/08/2023,CUST-01203,cust-01203@lumenmail.com,Lighting,-6,36.3,0.2,Organic,US,control
ORD-006217,2024-01-01,CUST-00024,cust-00024@lumenmail.com,Lighting,3,241.64,0.1,Email,US,
ORD-001744,2023-07-03,CUST-01787,cust-01787@lumenmail.com,Furniture,-1,145.75,0.05,Paid Search,US,variant
ORD-007581,2024-04-03,,guest@lumenmail.com,Lighting,1,46.12,0.1,Organic,US,
ORD-000744,2024-08-01,CUST-00884,cust-00884@lumenmail.com,Outdoor,1,61.69,0.0,Paid Search,US,control
ORD-000420,2023-11-23,CUST-01936,cust-01936@lumenmail.com,Outdoor,2,17.83,0.05,Paid Search,AU,variant
ORD-005363,2024-09-23,CUST-00073,cust-00073@lumenmail.com,Lighting,1,28.43,0.2,Paid Search,US,control
ORD-007135,2023-06-27,CUST-02875,cust-02875@lumenmail.com,Outdoor,1,9.73,0.0,Email,US,control
ORD-006461,2024-11-22,CUST-02453,cust-02453@lumenmail.com,Lighting,2,76.86,0.0,Social,US,variant
ORD-003252,2023-10-19,CUST-01092,cust-01092@lumenmail.com,Lighting,1,29.9,0.1,,US,variant
ORD-001773,2023-10-15,CUST-02712,cust-02712@lumenmail.com,Décor,5,10.36,0.2,Paid Search,US,control
ORD-000597,2024-12-20,CUST-02143,cust-02143@lumenmail.com,Lighting,2,68.7,0.05,Paid Search,US,
ORD-002330,16/12/2024,CUST-01183,cust-01183@lumenmail.com,Furniture,2,24.75,0.0,Organic,AU,
ORD-007006,2023-08-03,CUST-02005,cust-02005@lumenmail.com,Lighting,4,39.54,0.05,Paid Search,CA,control
ORD-000582,2024-06-26,CUST-01344,cust-01344@lumenmail.com,Lighting,1,170.68,0.0,Paid Search,CA,
ORD-001583,2023-06-23,CUST-01817,cust-01817@lumenmail.com,Furniture,1,37.25,0.0,Email,US,control
ORD-009182,2024-04-21,CUST-00666,cust-00666@lumenmail.com,Décor,1,37.04,0.0,Paid Search,CA,variant
ORD-002510,2024-02-15,CUST-00880,cust-00880@lumenmail.com,Lighting,2,11.9,0.05,Social,US,
ORD-006876,2024-11-22,CUST-00198,cust-00198@lumenmail.com,Outdoor,2,55.55,0.0,Email,US,
ORD-008999,12/07/2024,CUST-02614,cust-02614@lumenmail.com,Outdoor,4,91.14,0.05,Email,UK,control
ORD-006761,2023-08-19,CUST-00431,cust-00431@lumenmail.com,lighting,1,21.61,0.0,Paid Search,US,
ORD-006632,2024-07-07,,guest@lumenmail.com,Furniture,2,775.14,0.0,Organic,US,variant
ORD-005460,2024-04-12,CUST-01659,cust-01659@lumenmail.com,Lighting,1,14.99,0.0,Email,CA,variant
ORD-008904,2023-08-24,CUST-00454,cust-00454@lumenmail.com,Décor,-1,342.33,0.05,Organic,CA,variant
ORD-006746,01/11/2023,CUST-02146,cust-02146@lumenmail.com,Décor,5,391.1,0.0,Email,US,control
ORD-004761,2024-08-30,CUST-02311,cust-02311@lumenmail.com,Décor,7,9.82,0.0,Paid Search,CA,variant
ORD-000984,2024-05-24,CUST-02535,cust-02535@lumenmail.com,Accessoires,1,143.95,0.25,Organic,US,variant
ORD-005064,2024-01-30,CUST-00696,cust-00696@lumenmail.com,Accessories,1,20.9,0.2,Organic,US,control
ORD-005423,2024-12-15,CUST-00314,cust-00314@lumenmail.com,Lighting,1,262.13,0.1,Paid Search,US,variant
ORD-001644,2024-04-18,CUST-00860,cust-00860@lumenmail.com,Outdoor,1,168.5,0.15,Organic,US,
ORD-006144,2023-08-27,CUST-01350,cust-01350@lumenmail.com,Lighting,2,136.63,10.0,Organic,US,control
ORD-008851,2023-11-28,CUST-01320,cust-01320@lumenmail.com,Lighting,2,8.96,10.0,Organic,ZZ,control
ORD-008297,2024-06-28,,guest@lumenmail.com,Outdoor,2,55.36,0.0,Paid Search,US,
ORD-008362,2023-12-18,CUST-02217,cust-02217@lumenmail.com,Lighting,1,29.45,0.2,Email,US,control
ORD-001852,2023-06-22,CUST-01970,cust-01970@lumenmail.com,Lighting,5,104.63,0.0,Paid Search,US,
ORD-001133,2024-11-22,CUST-01347,cust-01347@lumenmail.com,Furniture,1,173.05,0.05,Email,CA,variant
ORD-003673,2023-12-16,CUST-02706,cust-02706@lumenmail.com,Lighting,1,46.81,0.1,Social,CA,control
ORD-009196,2024-08-30,CUST-02210,cust-02210@lumenmail.com,Lighting,1,107.23,0.0,Paid Search,CA,
ORD-007392,2024-06-29,CUST-01069,cust-01069@lumenmail.com,Furniture,2,29.19,0.0,,ZZ,control
ORD-000607,2023-11-08,,guest@lumenmail.com,Outdoor,6,160.92,20.0,,US,
ORD-002936,2023-08-08,CUST-01571,cust-01571@lumenmail.com,Furniture,2,64.3,0.0,Organic,AU,control
ORD-001089,2023-08-12,CUST-01470,cust-01470@lumenmail.com,Lighting,3,123.63,0.0,Email,US,
ORD-004685,2024-07-19,CUST-02988,cust-02988@lumenmail.com,Outdoor,1,86.72,0.05,Paid Search,CA,control
ORD-001380,2023-07-26,CUST-02557,cust-02557@lumenmail.com,Lighting,2,112.53,0.0,Paid Search,CA,variant
ORD-007243,05/03/2024,CUST-01034,cust-01034@lumenmail.com,Décor,2,165.29,0.1,Social,CA,control
ORD-002569,2024-10-18,CUST-02646,cust-02646@lumenmail.com,Décor,2,164.49,0.25,Social,US,control
ORD-004216,2024-08-21,CUST-01017,cust-01017@lumenmail.com,Furniture,1,0.0,0.2,Email,CA,control
ORD-001007,2023-09-10,CUST-00391,cust-00391@lumenmail.com,Accessories,1,54.63,0.15,Social,US,
ORD-008151,2023-07-31,CUST-02093,cust-02093@lumenmail.com,Furniture,1,229.95,0.1,Organic,US,control
ORD-009345,2024-08-18,CUST-02153,cust-02153@lumenmail.com,Lighting,6,100.12,0.15,Organic,US,variant
ORD-002570,07/10/2023,CUST-02042,cust-02042@lumenmail.com,Lighting,5,27.06,0.1,Paid Search,CA,variant
ORD-005843,2024-10-21,CUST-02782,cust-02782@lumenmail.com,Accessories,3,41.12,0.25,Email,US,control
ORD-009146,2023-09-27,CUST-01431,cust-01431@lumenmail.com,Décor,-1,26.82,0.05,Organic,US,
ORD-004368,2023-07-10,CUST-01759,cust-01759@lumenmail.com,Outdoor,1,78.68,0.0,Organic,US,
ORD-003862,2023-11-11,CUST-01322,cust-01322@lumenmail.com,Accessories,2,78.91,0.15,Paid Search,US,variant
ORD-005301,2023-09-12,CUST-02802,cust-02802@lumenmail.com,Furniture,2,38.27,0.15,Social,US,
ORD-007615,2023-06-06,,guest@lumenmail.com,Furniture,1,567.87,0.0,Email,US,control
ORD-008243,2023-12-10,CUST-00547,cust-00547@lumenmail.com,Décor,1,7.91,0.0,Paid Search,CA,variant
ORD-003573,2024-02-28,CUST-01530,cust-01530@lumenmail.com,Lighting,2,11.96,0.1,Social,CA,
ORD-001518,2024-05-27,CUST-02469,cust-02469@lumenmail.com,Outdoor,2,136.81,0.1,Paid Search,US,control
ORD-002744,2024-08-01,CUST-01636,cust-01636@lumenmail.com,Furniture,1,29.45,0.2,Email,US,control
ORD-006628,2023-06-25,CUST-01350,cust-01350@lumenmail.com,Accessories,3,63.66,0.0,Paid Search,US,
ORD-005779,2023-12-13,CUST-00187,cust-00187@lumenmail.com,Lighting,2,121.94,0.0,Organic,CA,
ORD-000306,2023-06-14,CUST-01836,cust-01836@lumenmail.com,Lighting,2,14.41,0.15,Organic,US,
ORD-003514,2024-05-14,CUST-02253,cust-02253@lumenmail.com,Décor,1,787.17,0.25,Email,US,variant
ORD-005608,2024-07-25,CUST-00774,cust-00774@lumenmail.com,Outdoor,3,37.29,0.0,Organic,US,
ORD-001937,2024-06-02,CUST-00859,cust-00859@lumenmail.com,Lighting,2,57.71,0.05,Paid Search,US,
ORD-002075,2024-05-11,CUST-02570,cust-02570@lumenmail.com,Lighting,2,33.14,0.0,Paid Search,US,variant
ORD-005641,2024-01-01,CUST-02763,cust-02763@lumenmail.com,Outdoor,4,95.12,0.1,Organic,AU,variant
ORD-008650,2024-09-29,CUST-00115,cust-00115@lumenmail.com,Accessories,2,97.53,0.0,Paid Search,UK,control
ORD-005322,2023-07-20,CUST-00079,cust-00079@lumenmail.com,Décor,1,35.57,0.0,Paid Search,CA,control
ORD-006699,2024-07-04,CUST-01738,cust-01738@lumenmail.com,Lighting,1,7.4,0.05,Social,US,
ORD-005680,2024-07-12,CUST-00068,cust-00068@lumenmail.com,Furniture,3,172.88,0.0,Social,CA,variant
ORD-009238,2023-10-15,CUST-02599,cust-02599@lumenmail.com,Lighting,1,763.14,0.1,Organic,US,control
ORD-003095,2024-07-04,CUST-02291,cust-02291@lumenmail.com,Outdoor,4,21.04,0.0,Paid Search,US,variant
ORD-004627,07/12/2024,CUST-02181,cust-02181@lumenmail.com,Outdoor,1,68.89,0.05,Paid Search,CA,
ORD-008719,2024-09-01,CUST-00824,cust-00824@lumenmail.com,Lighting,-1,150.4,0.2,Social,US,variant
ORD-003149,2024-12-18,CUST-02288,cust-02288@lumenmail.com,Outdoor,1,14.51,0.1,Email,US,variant
ORD-006374,2024-08-15,CUST-02005,cust-02005@lumenmail.com,Lighting,1,75.71,0.0,Paid Search,CA,
ORD-000905,2024-11-28,CUST-02277,cust-02277@lumenmail.com,Furniture,1,178.13,0.15,Organic,US,control
ORD-001168,2023-06-28,CUST-00132,cust-00132@lumenmail.com,Lighting,2,21.36,0.0,Paid Search,US,
ORD-004520,2024-10-17,CUST-01728,cust-01728@lumenmail.com,Décor,3,146.95,0.0,Paid Search,US,variant
ORD-004183,2024-11-22,CUST-00372,cust-00372@lumenmail.com,Furniture,1,125.94,0.25,Organic,US,
ORD-008696,2024-06-02,CUST-00740,cust-00740@lumenmail.com,Décor,2,129.59,0.05,Paid Search,ZZ,control
ORD-005383,2024-03-16,,guest@lumenmail.com,Accessories,3,25.72,0.0,Paid Search,US,variant
ORD-001351,2024-11-01,CUST-01819,cust-01819@lumenmail.com,Décor,1,38.01,5.0,Paid Search,US,control
ORD-009515,,CUST-01218,cust-01218@lumenmail.com,Furniture,1,50.54,0.1,Organic,US,control
ORD-005983,2023-12-26,CUST-01646,cust-01646@lumenmail.com,Furniture,1,718.59,0.0,Social,UK,variant
ORD-003962,2023-08-28,CUST-01819,cust-01819@lumenmail.com,Lighting,1,12.17,0.0,Email,US,variant
ORD-008500,29/10/2024,CUST-01011,cust-01011@lumenmail.com,Lighting,1,25.66,0.0,Social,US,control
ORD-003817,2023-12-19,CUST-01223,cust-01223@lumenmail.com,Lighting,1,126.51,0.25,Organic,CA,
ORD-007346,2024-05-03,CUST-00451,cust-00451@lumenmail.com,Furniture,4,82.17,0.0,Social,US,control
ORD-005993,2024-10-28,CUST-00528,cust-00528@lumenmail.com,Outdoor,1,15.55,0.0,Paid Search,US,control
ORD-004258,2024-06-24,CUST-00816,cust-00816@lumenmail.com,Furniture,1,27.3,15.0,Social,UK,
ORD-008860,16/10/2023,CUST-02360,cust-02360@lumenmail.com,Accessories,2,78.58,5.0,Email,UK,
ORD-003283,2023-09-27,,guest@lumenmail.com,Lighting,1,99.42,0.0,Paid Search,US,control
ORD-004955,2024-02-01,CUST-01853,cust-01853@lumenmail.com,Lighting,1,8.58,0.0,Email,UK,variant
ORD-000946,2024-11-06,CUST-00654,cust-00654@lumenmail.com,Lighting,2,19.94,0.05,Paid Search,AU,
ORD-007262,2024-12-03,CUST-02074,cust-02074@lumenmail.com,Outdoor,4,65.49,0.0,,US,control
ORD-003942,06/08/2023,CUST-02921,cust-02921@lumenmail.com,Accessories,-2,18.1,0.15,Email,US,control
ORD-004549,2024-03-09,CUST-01713,cust-01713@lumenmail.com,Furniture,1,65.41,0.0,,US,control
ORD-006602,2024-08-29,CUST-00937,cust-00937@lumenmail.com,Accessories,1,216.9,0.25,Paid Search,UK,control
ORD-000938,2023-12-26,CUST-00443,cust-00443@lumenmail.com,Lighting,1,394.36,0.05,Email,US,
ORD-002131,2024-04-09,CUST-00429,cust-00429@lumenmail.com,Lighting,1,90.4,0.0,Organic,US,
ORD-004018,07/09/2024,CUST-01076,cust-01076@lumenmail.com,Lighting,2,150.88,0.0,Organic,US,
ORD-006454,2023-11-23,CUST-00679,cust-00679@lumenmail.com,Outdoor,1,74.59,0.0,Paid Search,AU,variant
ORD-006319,2024-04-22,CUST-01516,cust-01516@lumenmail.com,Lighting,5,219.08,0.0,Email,US,
ORD-008603,2024-03-23,CUST-00299,cust-00299@lumenmail.com,Furniture,1,60.3,5.0,Organic,US,control
ORD-000978,22/11/2023,CUST-00866,cust-00866@lumenmail.com,Décor,1,49.16,0.1,,CA,control
ORD-009188,2023-08-14,CUST-02471,cust-02471@lumenmail.com,Accessories,1,106.49,0.0,Social,CA,variant
ORD-001344,2024-03-17,CUST-00745,cust-00745@lumenmail.com,Lighting,-1,167.87,0.2,Paid Search,CA,
ORD-007762,2024-09-01,CUST-02118,cust-02118@lumenmail.com,Lighting,2,84.32,0.1,Organic,US,control
ORD-000375,2023-09-23,CUST-00325,cust-00325@lumenmail.com,Lighting,2,138.26,0.25,Paid Search,CA,
ORD-006578,2023-12-31,CUST-02826,cust-02826@lumenmail.com,Accessories,2,335.85,0.05,Paid Search,US,variant
ORD-002994,2023-12-19,CUST-01347,cust-01347@lumenmail.com,Décor,3,261.72,0.1,Email,US,control
ORD-003380,2023-11-30,CUST-02284,cust-02284@lumenmail.com,Lighting,2,136.09,0.0,Paid Search,US,
ORD-009116,2024-08-24,CUST-00703,cust-00703@lumenmail.com,Accessories,7,365.59,0.05,Paid Search,US,variant
ORD-004282,26/09/2024,CUST-01799,cust-01799@lumenmail.com,Furniture,1,126.98,0.0,,UK,variant
ORD-001411,25/08/2023,CUST-01071,cust-01071@lumenmail.com,Lighting,7,24.75,0.05,Paid Search,US,
ORD-007424,2023-11-28,CUST-00390,cust-00390@lumenmail.com,Furniture,2,117.85,0.0,Social,UK,control
ORD-003549,2024-12-19,CUST-00397,cust-00397@lumenmail.com,Accessories,4,92.24,10.0,Paid Search,US,
ORD-000836,2024-12-08,CUST-00409,cust-00409@lumenmail.com,Lightng,2,338.59,0.2,Paid Search,US,
ORD-003745,2024-05-17,CUST-02602,cust-02602@lumenmail.com,Lighting,2,212.43,0.0,Organic,US,
ORD-001253,2024-02-16,CUST-00111,cust-00111@lumenmail.com,Décor,4,81.25,0.0,Organic,US,
ORD-000496,2024-11-25,CUST-02680,cust-02680@lumenmail.com,Accessories,2,161.39,0.25,Organic,UK,
ORD-008698,2024-12-30,CUST-01625,cust-01625@lumenmail.com,Lighting,1,78.59,0.05,Email,US,
ORD-007051,2024-05-31,CUST-01297,cust-01297@lumenmail.com,Décor,1,172.63,0.0,,UK,
ORD-004202,12/06/2023,CUST-01431,cust-01431@lumenmail.com,Outdoor,-1,20.0,0.0,Organic,US,
ORD-007951,2023-06-13,CUST-02032,cust-02032@lumenmail.com,Décor,3,166.85,0.0,Social,US,variant
ORD-001438,2024-11-05,CUST-00646,cust-00646@lumenmail.com,Lighting,2,54.35,0.15,Paid Search,CA,variant
ORD-008307,21/02/2024,,guest@lumenmail.com,Outdoor,1,25.56,0.0,Organic,US,
ORD-001359,2024-08-16,CUST-00652,cust-00652@lumenmail.com,lighting,1,125.37,0.1,Paid Search,US,
ORD-003728,2024-03-02,CUST-01795,cust-01795@lumenmail.com,Furniture,2,130.64,0.0,Organic,US,control
ORD-004778,2024-09-17,CUST-00743,cust-00743@lumenmail.com,Furniture,2,91.11,0.0,Paid Search,US,
ORD-001799,2023-10-19,CUST-00086,cust-00086@lumenmail.com,Lighting,2,46.68,0.0,Email,US,control
ORD-006540,18/08/2024,CUST-02988,cust-02988@lumenmail.com,Décor,1,91.43,0.0,Social,UK,
ORD-008263,2024-12-10,CUST-00104,cust-00104@lumenmail.com,Lighting,3,33.68,0.05,Paid Search,CA,control
ORD-008257,2023-12-25,CUST-01415,cust-01415@lumenmail.com,Décor,4,53.93,0.1,Paid Search,US,
ORD-007446,2023-09-03,CUST-02985,cust-02985@lumenmail.com,Décor,1,351.32,0.1,Paid Search,US,control
ORD-004535,23/07/2023,CUST-00561,cust-00561@lumenmail.com,Lighting,1,40.74,0.0,Paid Search,CA,control
ORD-009291,2023-12-09,CUST-02661,cust-02661@lumenmail.com,Lighting,4,35.29,0.1,Organic,US,control
ORD-006887,2024-12-12,CUST-02061,cust-02061@lumenmail.com,Outdoor,1,205.68,0.0,Social,US,control
ORD-005120,2023-09-11,CUST-00794,cust-00794@lumenmail.com,Décor,2,392.82,0.25,Paid Search,US,
ORD-008558,2024-04-23,CUST-02852,cust-02852@lumenmail.com,Furniture,2,10.31,0.0,Email,UK,control
ORD-004745,2024-03-02,CUST-02366,cust-02366@lumenmail.com,Lighting,2,35.23,0.15,Email,US,
ORD-003201,2024-03-12,CUST-01549,cust-01549@lumenmail.com,Décor,3,88.81,0.1,Paid Search,CA,control
ORD-008034,2023-08-29,CUST-02523,cust-02523@lumenmail.com,Décor,1,80.59,0.0,Paid Search,UK,control
ORD-003883,2024-09-15,CUST-02965,cust-02965@lumenmail.com,Lighting,3,31.68,0.0,Paid Search,UK,
ORD-009211,2024-03-19,CUST-00082,cust-00082@lumenmail.com,Outdoor,-4,25.23,0.1,Email,CA,
ORD-003133,01/09/2024,CUST-01519,cust-01519@lumenmail.com,Lighting,1,220.55,0.05,Organic,US,
ORD-006357,2024-11-17,CUST-02966,cust-02966@lumenmail.com,Lighting,3,78.34,0.1,Paid Search,CA,variant
ORD-002315,14/09/2023,CUST-01983,cust-01983@lumenmail.com,Lighting,3,0.0,10.0,Paid Search,US,
ORD-008231,2024-05-22,CUST-01191,cust-01191@lumenmail.com,Lighting,1,8.91,0.0,Paid Search,AU,control
ORD-008278,2024-08-23,CUST-01391,cust-01391@lumenmail.com,Décor,1,625.12,0.0,Paid Search,US,control
ORD-002398,20/12/2024,CUST-00166,cust-00166@lumenmail.com,Décor,7,164.42,0.0,Email,US,
ORD-006514,2024-02-22,CUST-00850,cust-00850@lumenmail.com,Décor,2,218.37,0.15,Organic,US,control
ORD-003686,2023-09-27,CUST-01226,cust-01226@lumenmail.com,Accessories,1,197.86,0.0,Paid Search,US,variant
ORD-003720,2024-03-10,CUST-02702,cust-02702@lumenmail.com,Décor,2,5.26,0.0,Organic,US,
ORD-000056,2023-07-25,CUST-02671,cust-02671@lumenmail.com,Décor,3,113.15,0.0,Paid Search,ZZ,control
ORD-002985,2023-10-27,CUST-01064,cust-01064@lumenmail.com,Lighting,2,6.85,0.05,Organic,ZZ,variant
ORD-007261,2024-07-05,,guest@lumenmail.com,Décor,2,309.99,0.0,Organic,US,control
ORD-005956,2023-12-14,CUST-00220,cust-00220@lumenmail.com,Décor,1,50.16,0.0,Paid Search,US,
ORD-003009,2023-12-28,CUST-00166,cust-00166@lumenmail.com,Décor,4,129.86,0.1,,UK,control
ORD-002266,2024-01-14,CUST-00779,cust-00779@lumenmail.com,Décor,-1,532.54,5.0,Paid Search,US,
ORD-009369,2024-11-19,CUST-00580,cust-00580@lumenmail.com,Furniture,1,705.72,0.0,Social,US,control
ORD-008201,2024-12-22,CUST-01479,cust-01479@lumenmail.com,Furniture,2,25.57,0.0,Paid Search,UK,
ORD-004910,14/04/2024,CUST-02269,cust-02269@lumenmail.com,Lighting,1,202.35,0.2,Paid Search,US,variant
ORD-002227,2024-11-07,CUST-01769,cust-01769@lumenmail.com,Décor,5,110.61,0.0,Email,US,control
ORD-006005,2024-07-01,CUST-00068,cust-00068@lumenmail.com,Décor,4,481.47,0.1,Email,US,
ORD-003982,2024-02-20,CUST-02229,cust-02229@lumenmail.com,Décor,1,32.83,0.05,Paid Search,AU,variant
ORD-000157,2023-10-09,CUST-01246,cust-01246@lumenmail.com,Furniture,2,116.63,0.05,Paid Search,US,variant
ORD-005417,2023-09-11,CUST-01527,cust-01527@lumenmail.com,Lighting,1,9.3,0.0,Organic,UK,
ORD-002835,2023-09-11,CUST-01759,cust-01759@lumenmail.com,Furniture,1,355.81,0.0,Email,US,
ORD-006209,2024-04-29,CUST-00782,cust-00782@lumenmail.com,Accessories,1,40.78,0.05,Paid Search,US,control
ORD-000077,2024-05-22,CUST-00969,cust-00969@lumenmail.com,Outdoor,1,7.55,0.2,Organic,US,variant
ORD-008583,08/12/2023,CUST-00658,cust-00658@lumenmail.com,Furniture,6,52.36,0.0,Paid Search,US,control
ORD-005838,24/05/2024,CUST-01462,cust-01462@lumenmail.com,Furniture,2,24.39,0.0,Paid Search,CA,variant
ORD-002641,2024-05-28,CUST-00719,cust-00719@lumenmail.com,Lightng,5,394.85,0.25,Paid Search,US,control
ORD-000615,2024-11-19,CUST-01392,cust-01392@lumenmail.com,Lighting,1,77.44,0.0,Organic,CA,
ORD-007944,2024-12-06,CUST-01534,cust-01534@lumenmail.com,Décor,2,29.89,0.05,Organic,US,
ORD-003506,2024-07-23,CUST-02784,cust-02784@lumenmail.com,Lighting,1,371.71,0.05,Email,US,control
ORD-007250,2024-11-04,CUST-01494,cust-01494@lumenmail.com,Lighting,1,71.2,20.0,Social,CA,
ORD-001942,2024-03-21,CUST-02176,cust-02176@lumenmail.com,Lightng,1,112.51,0.0,Paid Search,US,control
ORD-002880,2024-02-24,,guest@lumenmail.com,Décor,2,115.69,0.05,Paid Search,US,variant
ORD-002575,2024-07-05,CUST-01769,cust-01769@lumenmail.com,Furniture,1,181.35,0.0,Email,AU,control
ORD-000521,18/06/2023,,guest@lumenmail.com,Furniture,1,11.58,0.0,Email,US,
ORD-007318,2024-08-24,CUST-02432,cust-02432@lumenmail.com,Outdoor,1,78.62,0.0,Paid Search,AU,control
ORD-003125,2024-04-21,CUST-01590,cust-01590@lumenmail.com,Lighting,7,0.0,0.15,Organic,CA,
ORD-001929,2024-06-27,CUST-01985,cust-01985@lumenmail.com,Outdoor,2,161.49,0.05,Organic,CA,
ORD-007916,01/11/2024,CUST-02588,cust-02588@lumenmail.com,Décor,1,40.99,0.1,Email,US,
ORD-005414,2023-07-30,CUST-00562,cust-00562@lumenmail.com,Lighting,1,70.18,0.0,Email,CA,control
ORD-007113,2024-12-01,CUST-02530,cust-02530@lumenmail.com,Décor,1,42.41,0.05,Email,CA,
ORD-003013,2024-12-28,CUST-00443,cust-00443@lumenmail.com,Lightng,3,120.19,0.2,Paid Search,CA,
ORD-004844,2023-11-10,CUST-01796,cust-01796@lumenmail.com,Outdoor,1,49.93,0.0,Social,US,
ORD-008616,2023-11-02,CUST-01989,cust-01989@lumenmail.com,Furniture,4,50.14,5.0,Organic,US,control
ORD-005848,2023-08-12,CUST-01038,cust-01038@lumenmail.com,Furniture,5,147.68,0.0,Email,UK,
ORD-000309,2023-10-25,,guest@lumenmail.com,Lighting,1,494.77,0.15,Paid Search,UK,control
ORD-003967,2024-04-18,CUST-02040,cust-02040@lumenmail.com,Lighting,5,8.0,0.1,Social,US,
ORD-006399,2023-12-30,CUST-01092,cust-01092@lumenmail.com,Outdoor,3,662.14,0.0,Email,US,
ORD-008865,2023-08-31,,guest@lumenmail.com,Décor,1,18.16,0.0,Social,US,variant
ORD-006047,2023-06-12,CUST-01688,cust-01688@lumenmail.com,Furniture,1,199.55,5.0,Organic,US,control
ORD-005280,2024-12-05,CUST-01112,cust-01112@lumenmail.com,Décor,3,13.7,0.0,Email,CA,variant
ORD-007196,2024-05-24,CUST-00204,cust-00204@lumenmail.com,Furniture,2,74.02,10.0,Paid Search,US,control
ORD-004682,2024-05-22,CUST-01758,cust-01758@lumenmail.com,Furniture,4,88.47,0.0,Paid Search,UK,
ORD-005143,24/06/2024,CUST-00618,cust-00618@lumenmail.com,Lighting,1,100.46,0.0,Email,US,control
ORD-008857,2024-05-08,CUST-01201,cust-01201@lumenmail.com,Lighting,2,120.71,0.05,Paid Search,UK,control
ORD-000528,2024-10-14,CUST-00059,cust-00059@lumenmail.com,Lighting,1,14.73,0.05,Organic,UK,variant
ORD-002449,21/10/2024,,guest@lumenmail.com,Lighting,2,48.05,0.05,Email,US,
ORD-004595,2023-10-13,CUST-01753,cust-01753@lumenmail.com,Accessories,1,123.51,0.2,Paid Search,US,control
ORD-002525,2024-07-14,CUST-01001,cust-01001@lumenmail.com,Décor,3,177.46,0.0,Paid Search,UK,variant
ORD-001454,2024-11-11,CUST-02249,cust-02249@lumenmail.com,Furniture,2,37.46,0.05,Paid Search,US,
ORD-001943,2024-06-18,CUST-01407,cust-01407@lumenmail.com,Lighting,1,19.37,0.0,Email,US,
ORD-006702,2024-01-23,CUST-00210,cust-00210@lumenmail.com,Furniture,3,66.23,0.0,Email,US,control
ORD-003672,2024-10-22,,guest@lumenmail.com,Outdoor,4,26.36,0.0,Paid Search,US,
ORD-000639,2024-04-30,CUST-01293,cust-01293@lumenmail.com,Furniture,1,78.66,0.0,Social,AU,variant
ORD-001364,2024-08-27,CUST-00636,cust-00636@lumenmail.com,Outdoor,3,137.25,0.0,Organic,US,control
ORD-005148,04/11/2023,CUST-02545,cust-02545@lumenmail.com,Lighting,5,56.19,0.0,Paid Search,CA,variant
ORD-008293,2023-11-02,CUST-00041,cust-00041@lumenmail.com,Outdoor,3,96.7,0.0,Paid Search,CA,control
ORD-006286,08/07/2024,CUST-01293,cust-01293@lumenmail.com,Lighting,4,42.96,0.0,Social,US,
ORD-006251,2023-09-15,CUST-01995,cust-01995@lumenmail.com,Furniture,4,392.96,0.0,Email,US,variant
ORD-005295,2024-04-05,CUST-00699,cust-00699@lumenmail.com,Lighting,2,284.55,0.1,Organic,CA,
ORD-000448,21/08/2023,CUST-00461,cust-00461@lumenmail.com,Lighting,3,121.36,0.2,Organic,UK,variant
ORD-004924,2024-10-10,,guest@lumenmail.com,Décor,2,24.72,0.0,Email,UK,
ORD-002484,2024-06-06,CUST-01331,cust-01331@lumenmail.com,Outdoor,2,374.49,0.1,Paid Search,CA,control
ORD-001477,2023-09-01,CUST-02264,cust-02264@lumenmail.com,Furniture,7,770.53,0.15,Organic,US,control
ORD-007515,21/09/2023,CUST-02655,cust-02655@lumenmail.com,Outdoor,4,111.19,0.0,Social,US,control
ORD-000576,2024-10-01,CUST-02295,cust-02295@lumenmail.com,Outdoor,7,84.08,0.15,Paid Search,AU,
ORD-000514,23/06/2024,CUST-01822,cust-01822@lumenmail.com,Lighting,1,32.17,0.05,Email,US,
ORD-006684,2024-04-09,CUST-02403,cust-02403@lumenmail.com,Lighting,2,29.44,0.0,Paid Search,CA,
ORD-009523,2024-07-27,CUST-01198,cust-01198@lumenmail.com,Furniture,1,17.62,0.0,Paid Search,CA,variant
ORD-005599,2023-07-19,,guest@lumenmail.com,Lighting,3,188.69,0.0,Email,US,control
ORD-001802,2024-08-03,CUST-01999,cust-01999@lumenmail.com,Furniture,1,86.72,0.1,Paid Search,US,control
ORD-008568,2023-09-02,CUST-02311,cust-02311@lumenmail.com,Lighting,1,277.43,0.05,Email,ZZ,variant
ORD-002782,2024-11-08,CUST-01014,cust-01014@lumenmail.com,Décor,3,391.04,0.05,Social,CA,control
ORD-002023,2024-05-19,CUST-02019,cust-02019@lumenmail.com,Accessories,3,13.13,0.0,Paid Search,ZZ,
ORD-000037,01/08/2023,CUST-02194,cust-02194@lumenmail.com,Lighting,1,197.82,0.1,Organic,US,variant
ORD-004205,2024-02-12,CUST-01158,cust-01158@lumenmail.com,lighting,2,161.27,0.0,Email,US,control
ORD-002062,2024-02-03,CUST-02880,cust-02880@lumenmail.com,Décor,1,10.01,0.0,Organic,US,control
ORD-004109,2024-08-17,CUST-02123,cust-02123@lumenmail.com,Décor,2,34.99,0.0,Paid Search,CA,control
ORD-003830,2023-07-25,CUST-00863,cust-00863@lumenmail.com,Furniture,2,44.52,0.0,Organic,US,variant
ORD-005235,2024-09-29,CUST-00677,cust-00677@lumenmail.com,Accessories,2,14.43,0.05,Paid Search,US,variant
ORD-009180,2023-08-19,CUST-00444,cust-00444@lumenmail.com,Furniture,1,330.03,0.0,Organic,CA,control
ORD-007072,21/09/2023,CUST-02470,cust-02470@lumenmail.com,Accessories,3,232.45,0.2,Organic,US,variant
ORD-004192,2023-06-23,CUST-01332,cust-01332@lumenmail.com,Accessories,2,113.28,0.15,Social,US,
ORD-003976,30/12/2024,CUST-01143,cust-01143@lumenmail.com,Lighting,-1,47.27,0.0,Email,ZZ,variant
ORD-004932,2023-12-16,CUST-00354,cust-00354@lumenmail.com,Lighting,1,9.66,0.0,Paid Search,US,variant
ORD-008299,2023-08-05,CUST-02748,cust-02748@lumenmail.com,Furniture,2,92.22,0.05,Paid Search,US,control
ORD-008977,2024-03-12,CUST-02064,cust-02064@lumenmail.com,Outdoor,3,47.89,0.0,Email,US,
ORD-006104,2024-09-18,CUST-01761,cust-01761@lumenmail.com,Outdoor,3,85.66,0.15,Paid Search,UK,control
ORD-003036,2024-08-28,CUST-00160,cust-00160@lumenmail.com,Lighting,1,38.74,0.0,Organic,AU,variant
ORD-002087,2024-05-17,CUST-01653,cust-01653@lumenmail.com,Lighting,1,373.08,0.0,Paid Search,ZZ,control
ORD-008702,2024-04-09,CUST-02220,cust-02220@lumenmail.com,Décor,1,15.91,0.05,Paid Search,CA,
ORD-003671,2024-10-31,CUST-01974,cust-01974@lumenmail.com,Lighting,2,56.41,0.15,Organic,UK,control
ORD-007610,2023-10-24,CUST-01319,cust-01319@lumenmail.com,Furniture,2,55.0,0.05,Paid Search,US,
ORD-004103,2024-06-09,CUST-00927,cust-00927@lumenmail.com,Outdoor,1,61.17,0.15,Organic,US,control
ORD-004054,2024-12-01,CUST-00190,cust-00190@lumenmail.com,Décor,1,36.37,0.0,Organic,US,variant
ORD-006717,2024-10-09,CUST-01284,cust-01284@lumenmail.com,Décor,6,376.25,0.0,Paid Search,UK,control
ORD-001533,2024-04-29,CUST-02236,cust-02236@lumenmail.com,Accessories,3,384.05,0.0,Email,US,variant
ORD-000044,2023-07-13,CUST-01340,cust-01340@lumenmail.com,Décor,2,80.8,10.0,Organic,UK,variant
ORD-008101,02/05/2024,CUST-01494,cust-01494@lumenmail.com,Accessories,1,40.45,0.1,,US,variant
ORD-007483,2024-06-29,CUST-02675,cust-02675@lumenmail.com,Furniture,1,359.14,0.0,Email,UK,
ORD-005047,2024-09-03,CUST-00235,cust-00235@lumenmail.com,Décor,3,42.63,0.1,Email,US,control
ORD-007341,26/11/2024,CUST-00439,cust-00439@lumenmail.com,Furniture,1,283.53,0.0,Organic,US,control
ORD-006686,2024-06-10,CUST-02439,cust-02439@lumenmail.com,Décor,2,24.05,0.2,Paid Search,US,variant
ORD-005518,2024-11-29,CUST-00965,cust-00965@lumenmail.com,Accessories,2,77.94,0.0,Organic,US,variant
ORD-009080,2023-08-23,CUST-01251,cust-01251@lumenmail.com,Décor,3,22.37,0.15,Email,US,control
ORD-000852,2024-12-28,CUST-00647,cust-00647@lumenmail.com,Furniture,3,40.09,0.0,Paid Search,US,
ORD-003391,2023-06-12,CUST-01965,cust-01965@lumenmail.com,Décor,5,153.36,0.1,Paid Search,US,
ORD-005709,2023-07-18,CUST-02857,cust-02857@lumenmail.com,Outdoor,1,19.53,0.0,,US,
ORD-007193,2024-11-27,CUST-02295,cust-02295@lumenmail.com,Décor,1,237.81,0.15,Email,US,
ORD-007412,2023-12-29,CUST-00871,cust-00871@lumenmail.com,lighting,1,26.98,0.2,Organic,UK,variant
ORD-006665,2024-01-31,CUST-02302,cust-02302@lumenmail.com,Furniture,1,544.19,20.0,Email,US,variant
ORD-006774,2024-05-04,CUST-00796,cust-00796@lumenmail.com,Décor,1,737.37,0.05,Paid Search,US,control
ORD-000770,2023-09-09,CUST-00450,cust-00450@lumenmail.com,Furniture,2,29.8,0.0,Email,CA,variant
ORD-007293,2024-02-19,CUST-02043,cust-02043@lumenmail.com,Lighting,3,39.47,0.0,Organic,AU,variant
ORD-006146,2024-11-10,CUST-01079,cust-01079@lumenmail.com,Lighting,1,85.45,0.0,Email,US,control
ORD-003173,2023-10-24,CUST-02490,cust-02490@lumenmail.com,Furniture,1,19.29,0.0,Paid Search,US,variant
ORD-003327,2024-07-11,CUST-02800,cust-02800@lumenmail.com,Lighting,3,340.59,0.1,,UK,control
ORD-007491,18/12/2023,CUST-01645,cust-01645@lumenmail.com,Lighting,2,123.73,0.0,Paid Search,US,variant
ORD-002195,2024-01-12,CUST-01664,cust-01664@lumenmail.com,Lighting,1,95.92,10.0,Social,US,control
ORD-009496,2024-11-19,CUST-01161,cust-01161@lumenmail.com,Décor,2,61.72,0.15,Paid Search,US,
ORD-003103,2024-08-04,CUST-00536,cust-00536@lumenmail.com,Furniture,2,148.99,5.0,Paid Search,US,
ORD-006151,2024-09-29,CUST-02483,cust-02483@lumenmail.com,Lighting,1,523.72,5.0,Social,UK,variant
ORD-007904,2024-12-29,CUST-02726,cust-02726@lumenmail.com,Accessories,3,531.16,0.1,Email,US,control
ORD-003090,2024-11-06,CUST-01933,cust-01933@lumenmail.com,Outdoor,4,177.68,0.0,Paid Search,AU,control
ORD-007541,2023-09-17,CUST-00377,cust-00377@lumenmail.com,Lighting,1,190.5,0.0,Email,CA,variant
ORD-005860,2024-07-18,CUST-00681,cust-00681@lumenmail.com,Lighting,2,127.58,0.05,Social,AU,
ORD-007694,2024-07-21,CUST-01897,cust-01897@lumenmail.com,Lighting,3,31.84,0.15,Social,US,variant
ORD-005033,14/07/2023,CUST-00401,cust-00401@lumenmail.com,Décor,1,533.45,0.0,Paid Search,US,
ORD-000948,19/07/2023,CUST-00279,cust-00279@lumenmail.com,Accessories,1,6.83,0.2,Organic,US,variant
ORD-000518,18/08/2023,CUST-00578,cust-00578@lumenmail.com,Furniture,1,128.77,0.0,Email,US,control
ORD-005174,2024-02-14,,guest@lumenmail.com,Lighting,2,37.67,0.25,Social,UK,
ORD-007636,2024-07-29,CUST-01101,cust-01101@lumenmail.com,Outdoor,2,131.24,0.0,,US,
ORD-004642,2024-10-12,CUST-02117,cust-02117@lumenmail.com,Outdoor,1,108.29,0.0,Organic,US,
ORD-003531,2024-10-17,CUST-02688,cust-02688@lumenmail.com,Lighting,1,128.72,0.0,Email,US,
ORD-000443,2023-12-14,CUST-00920,cust-00920@lumenmail.com,Accessories,1,606.65,0.05,Email,US,variant
ORD-003680,2024-07-15,CUST-02037,cust-02037@lumenmail.com,Accessories,3,57.32,0.15,Paid Search,US,control
ORD-002104,2024-07-05,CUST-00087,cust-00087@lumenmail.com,Furniture,1,696.12,0.05,Email,US,
ORD-005432,2023-12-21,CUST-00906,cust-00906@lumenmail.com,Décor,5,30.41,0.2,Email,US,control
ORD-009258,2023-11-27,CUST-00950,cust-00950@lumenmail.com,Décor,1,362.66,0.0,Email,CA,control
ORD-004911,2023-09-01,CUST-01402,cust-01402@lumenmail.com,Lighting,2,26.83,0.1,Paid Search,US,variant
ORD-002325,2024-11-06,CUST-02031,cust-02031@lumenmail.com,Lighting,1,434.73,0.1,Social,AU,control
ORD-008380,2023-07-01,CUST-00209,cust-00209@lumenmail.com,Furniture,1,155.61,0.15,Paid Search,UK,control
ORD-002318,2024-11-19,CUST-02931,cust-02931@lumenmail.com,Lighting,1,89.44,0.15,Social,CA,
ORD-000710,2023-06-02,CUST-02706,cust-02706@lumenmail.com,Décor,1,65.81,0.25,Social,US,
ORD-001696,14/06/2024,CUST-02452,cust-02452@lumenmail.com,Lighting,1,300.85,5.0,Paid Search,US,control
ORD-001486,2023-06-24,CUST-00557,cust-00557@lumenmail.com,Décor,1,381.6,0.0,Email,CA,
ORD-005497,2024-06-29,CUST-00725,cust-00725@lumenmail.com,Décor,3,92.1,0.2,Organic,US,variant
ORD-000529,2024-10-24,CUST-00477,cust-00477@lumenmail.com,Outdoor,1,71.41,0.1,Paid Search,UK,control
ORD-000167,2023-10-25,CUST-02783,cust-02783@lumenmail.com,Accessories,2,266.05,0.0,Organic,CA,
ORD-001493,2024-04-08,CUST-01267,cust-01267@lumenmail.com,Outdoor,1,121.47,0.0,,US,variant
ORD-007923,02/08/2024,CUST-01188,cust-01188@lumenmail.com,Furniture,2,15.38,0.0,Email,US,variant
ORD-001479,19/07/2024,CUST-02806,cust-02806@lumenmail.com,Décor,1,199.36,0.0,Paid Search,US,variant
ORD-005034,2024-10-03,CUST-02545,cust-02545@lumenmail.com,Lighting,3,31.05,0.0,Paid Search,US,
ORD-000944,2024-08-24,,guest@lumenmail.com,Lighting,7,9.79,0.0,,US,control
ORD-005006,10/06/2024,CUST-00488,cust-00488@lumenmail.com,Lighting,2,123.81,0.0,Organic,UK,
ORD-003211,2023-06-25,CUST-02116,cust-02116@lumenmail.com,Lighting,1,18.49,0.0,Paid Search,US,control
ORD-000225,2024-04-04,CUST-01980,cust-01980@lumenmail.com,Outdoor,5,118.02,0.15,Organic,UK,variant
ORD-009303,2024-11-14,,guest@lumenmail.com,Décor,2,583.68,0.0,Organic,CA,variant
ORD-001532,2024-10-05,CUST-01783,cust-01783@lumenmail.com,Décor,2,36.93,0.1,Organic,CA,variant
ORD-002394,2024-07-05,CUST-02521,cust-02521@lumenmail.com,Lighting,1,28.47,0.15,Email,US,variant
ORD-004808,2024-01-30,CUST-00272,cust-00272@lumenmail.com,Accessories,1,62.91,0.1,Email,US,variant
ORD-001677,29/09/2024,CUST-01420,cust-01420@lumenmail.com,Outdoor,1,140.4,0.0,Organic,AU,
ORD-002286,06/12/2023,CUST-00901,cust-00901@lumenmail.com,Décor,1,231.07,0.1,,US,
ORD-000179,2023-07-16,CUST-02538,cust-02538@lumenmail.com,Furniture,1,209.34,0.0,Paid Search,UK,
ORD-002110,06/10/2023,CUST-01720,cust-01720@lumenmail.com,Lighting,1,43.09,0.2,Paid Search,US,
ORD-003008,2024-12-28,CUST-00629,cust-00629@lumenmail.com,Lighting,4,318.59,0.0,Social,UK,
ORD-006998,2023-08-09,CUST-01637,cust-01637@lumenmail.com,Décor,5,57.35,0.0,Email,US,
ORD-008767,2023-10-27,CUST-01440,cust-01440@lumenmail.com,Lighting,1,14.85,0.0,Paid Search,CA,variant
ORD-005228,2024-04-05,CUST-02329,cust-02329@lumenmail.com,Furniture,1,357.06,0.0,,US,
ORD-003068,2024-01-16,CUST-00178,cust-00178@lumenmail.com,Décor,1,44.61,0.2,Social,US,
ORD-004856,2023-10-22,CUST-02810,cust-02810@lumenmail.com,Lighting,1,62.11,0.05,Organic,CA,control
ORD-003272,16/01/2024,CUST-02801,cust-02801@lumenmail.com,lighting,6,261.18,0.0,,US,control
ORD-003740,2024-03-14,CUST-01155,cust-01155@lumenmail.com,Lighting,2,78.7,0.05,Paid Search,CA,variant
ORD-001268,2024-11-19,,guest@lumenmail.com,Décor,2,25.99,0.0,Social,US,control
ORD-009113,2023-08-23,CUST-02105,cust-02105@lumenmail.com,Décor,1,26.92,0.0,Paid Search,US,variant
ORD-000731,2024-08-02,CUST-02086,cust-02086@lumenmail.com,Outdoor,1,25.51,0.0,Social,US,variant
ORD-001748,2024-04-03,,guest@lumenmail.com,Furniture,1,532.41,0.2,,ZZ,control
ORD-004438,2023-07-30,CUST-00883,cust-00883@lumenmail.com,Lightng,4,267.83,0.1,Organic,CA,control
ORD-009596,2024-11-17,CUST-01573,cust-01573@lumenmail.com,Accessories,1,186.12,0.05,Paid Search,US,
ORD-001466,2024-01-22,CUST-01120,cust-01120@lumenmail.com,Lighting,1,26.36,0.1,Organic,US,
ORD-007454,2023-08-16,CUST-01533,cust-01533@lumenmail.com,Outdoor,2,13.67,0.05,Paid Search,CA,
ORD-005373,2023-06-29,CUST-00835,cust-00835@lumenmail.com,Furniture,1,41.54,0.05,Paid Search,US,variant
ORD-007890,2024-12-03,CUST-00797,cust-00797@lumenmail.com,Lighting,3,250.41,0.0,Email,US,control
ORD-004232,2024-06-21,CUST-01200,cust-01200@lumenmail.com,Lighting,2,109.86,0.05,Paid Search,CA,control
ORD-006367,2024-09-23,CUST-01696,cust-01696@lumenmail.com,Lighting,1,87.92,0.1,Paid Search,US,
ORD-001442,2024-02-26,CUST-00409,cust-00409@lumenmail.com,Lighting,1,91.23,0.05,Email,US,
ORD-005842,2024-08-07,CUST-00543,cust-00543@lumenmail.com,Furniture,2,591.51,0.0,Paid Search,CA,
ORD-002913,2023-08-01,CUST-02496,cust-02496@lumenmail.com,Lightng,2,17.2,0.15,Organic,US,
ORD-008674,2023-10-09,,guest@lumenmail.com,Accessories,-2,336.61,0.2,Email,AU,
ORD-000883,2024-09-22,CUST-02097,cust-02097@lumenmail.com,Furniture,4,350.93,0.0,Social,UK,control
ORD-008415,2024-05-09,CUST-02251,cust-02251@lumenmail.com,Lighting,1,64.1,0.0,Organic,US,
ORD-008871,2023-08-05,CUST-00435,cust-00435@lumenmail.com,Lighting,1,206.39,0.0,Paid Search,UK,control
ORD-002490,2023-10-26,CUST-02072,cust-02072@lumenmail.com,Outdoor,7,84.47,0.15,Organic,US,control
ORD-001511,2023-11-09,CUST-02704,cust-02704@lumenmail.com,Décor,2,7.51,0.1,Organic,CA,
ORD-001643,2023-07-22,CUST-02429,cust-02429@lumenmail.com,Décor,1,127.84,0.05,Organic,US,
ORD-009487,2024-11-27,CUST-02087,cust-02087@lumenmail.com,Furniture,1,98.34,0.0,Organic,US,control
ORD-007847,2023-09-11,CUST-02326,cust-02326@lumenmail.com,Lighting,1,150.94,0.1,Paid Search,CA,
ORD-009405,27/06/2023,CUST-01157,cust-01157@lumenmail.com,Outdoor,1,134.12,0.0,Paid Search,UK,control
ORD-000343,2023-07-07,CUST-00419,cust-00419@lumenmail.com,Lighting,2,0.0,0.05,Email,US,
ORD-007132,2024-02-20,CUST-02878,cust-02878@lumenmail.com,Lighting,3,142.51,0.0,Social,AU,variant
ORD-008861,2023-09-29,CUST-00552,cust-00552@lumenmail.com,Furniture,2,667.23,0.05,Email,US,
ORD-003296,2024-07-28,CUST-00182,cust-00182@lumenmail.com,Accessories,7,303.46,0.0,Paid Search,UK,
ORD-003161,27/06/2024,CUST-00279,cust-00279@lumenmail.com,Lighting,1,89.07,0.1,Organic,US,control
ORD-003449,2024-07-09,CUST-00528,cust-00528@lumenmail.com,Lighting,1,18.91,0.1,Paid Search,US,control
ORD-007625,2023-09-05,CUST-01239,cust-01239@lumenmail.com,Lighting,2,81.45,0.0,Paid Search,US,variant
ORD-001959,2024-09-29,CUST-01109,cust-01109@lumenmail.com,Lighting,1,29.81,0.0,Social,US,control
ORD-001649,18/06/2023,CUST-02686,cust-02686@lumenmail.com,Lighting,2,48.68,0.1,Email,US,
ORD-003470,29/12/2023,CUST-01396,cust-01396@lumenmail.com,Décor,2,634.85,0.0,Organic,UK,control
ORD-005195,2023-08-08,CUST-00331,cust-00331@lumenmail.com,Outdoor,3,12.43,0.0,Email,US,
ORD-000644,2024-05-21,CUST-01779,cust-01779@lumenmail.com,Outdoor,2,530.0,0.0,Organic,US,
ORD-007500,2024-08-09,CUST-02794,cust-02794@lumenmail.com,Décor,2,82.34,0.1,Paid Search,US,variant
ORD-007536,2024-03-26,CUST-01938,cust-01938@lumenmail.com,Décor,1,23.23,0.1,Email,US,
ORD-004523,2024-03-06,CUST-00106,cust-00106@lumenmail.com,Outdoor,-4,38.43,0.05,Social,US,variant
ORD-001967,26/01/2024,CUST-02600,cust-02600@lumenmail.com,Lighting,2,14.22,0.1,Email,US,variant
ORD-004631,2024-02-16,CUST-02995,cust-02995@lumenmail.com,Outdoor,2,37.21,0.1,Organic,UK,variant
ORD-001156,09/11/2024,CUST-01715,cust-01715@lumenmail.com,Décor,2,94.03,0.0,Social,US,variant
ORD-006446,2024-07-08,CUST-01228,cust-01228@lumenmail.com,Lighting,2,95.51,0.0,Organic,US,control
ORD-002840,2024-09-29,CUST-02909,cust-02909@lumenmail.com,Décor,4,100.73,0.0,Organic,AU,control
ORD-002494,2023-12-18,CUST-00205,cust-00205@lumenmail.com,Lighting,1,11.09,0.05,Paid Search,US,control
ORD-006361,2024-03-04,,guest@lumenmail.com,Décor,3,165.52,0.0,Email,ZZ,control
ORD-001605,2024-12-02,CUST-01277,cust-01277@lumenmail.com,Outdoor,1,51.09,0.15,Email,CA,
ORD-002975,2024-09-24,CUST-02204,cust-02204@lumenmail.com,Outdoor,2,73.04,0.05,Paid Search,US,control
ORD-003163,2024-02-12,CUST-01302,cust-01302@lumenmail.com,Décor,7,24.09,0.0,Paid Search,US,variant
ORD-005791,2023-06-03,CUST-00849,cust-00849@lumenmail.com,Furniture,1,342.85,0.2,Organic,US,variant
ORD-007089,2023-12-09,CUST-00639,cust-00639@lumenmail.com,Furniture,1,39.22,0.0,Social,CA,
ORD-004960,2023-08-18,CUST-02497,cust-02497@lumenmail.com,Décor,1,262.46,0.05,,UK,
ORD-005828,2024-04-10,CUST-01368,cust-01368@lumenmail.com,Outdoor,2,15.14,0.1,Paid Search,US,control
ORD-003731,2023-09-06,CUST-02190,cust-02190@lumenmail.com,Lighting,1,95.38,0.15,Paid Search,US,control
ORD-004425,2024-01-04,CUST-02779,cust-02779@lumenmail.com,Lighting,2,344.39,0.0,Paid Search,US,
ORD-006815,2023-08-20,CUST-02389,cust-02389@lumenmail.com,Furniture,6,21.75,0.1,Paid Search,CA,control
ORD-007886,2024-08-06,CUST-02113,cust-02113@lumenmail.com,Décor,1,164.54,0.25,Organic,CA,
ORD-007631,2024-11-26,CUST-02473,cust-02473@lumenmail.com,Lighting,2,653.06,0.0,Paid Search,US,
ORD-005354,2024-01-06,CUST-00306,cust-00306@lumenmail.com,Outdoor,3,41.35,0.05,Email,UK,
ORD-009389,2024-03-26,CUST-01379,cust-01379@lumenmail.com,Lighting,1,184.49,0.0,Paid Search,US,variant
ORD-004738,2024-11-09,CUST-01858,cust-01858@lumenmail.com,Furniture,1,56.62,0.1,Organic,US,variant
ORD-002554,2023-12-05,CUST-00941,cust-00941@lumenmail.com,Furniture,1,153.88,0.1,Organic,US,
ORD-001947,16/11/2024,CUST-02055,cust-02055@lumenmail.com,Décor,2,135.57,0.1,Organic,CA,
ORD-006082,2024-11-26,CUST-00783,cust-00783@lumenmail.com,Furniture,2,193.77,5.0,Paid Search,CA,
ORD-000606,2024-11-14,CUST-01520,cust-01520@lumenmail.com,Outdoor,1,35.73,0.1,Email,AU,
ORD-006388,2023-07-28,CUST-00897,cust-00897@lumenmail.com,Lighting,2,56.62,0.1,Paid Search,US,
ORD-009457,2024-08-12,CUST-01280,cust-01280@lumenmail.com,Furniture,3,30.41,0.15,Email,US,
ORD-001862,2023-08-01,CUST-00796,cust-00796@lumenmail.com,Lightng,3,132.29,0.05,Social,US,control
ORD-000601,2024-01-26,CUST-02212,cust-02212@lumenmail.com,Outdoor,1,137.0,0.15,Email,US,
ORD-002697,2024-09-01,CUST-01518,cust-01518@lumenmail.com,Furniture,2,85.69,0.1,Email,UK,control
ORD-003398,2024-07-17,CUST-01544,cust-01544@lumenmail.com,Accessories,3,19.25,0.2,Paid Search,US,variant
ORD-005480,2024-11-14,,guest@lumenmail.com,Furniture,2,93.36,0.1,Social,US,
ORD-003639,2024-06-23,CUST-02496,cust-02496@lumenmail.com,Décor,1,111.02,0.1,Paid Search,US,
ORD-006936,2024-04-15,CUST-00193,cust-00193@lumenmail.com,Lighting,4,35.03,0.0,Email,US,control
ORD-005361,2024-10-10,CUST-01232,cust-01232@lumenmail.com,Lighting,2,68.26,0.2,Email,US,
ORD-006677,2023-09-10,CUST-00046,cust-00046@lumenmail.com,Lighting,1,71.91,0.2,Paid Search,CA,control
ORD-007518,2024-01-15,CUST-01352,cust-01352@lumenmail.com,Décor,1,211.11,0.0,Organic,CA,
ORD-003897,2024-02-01,CUST-00843,cust-00843@lumenmail.com,Lighting,6,97.18,0.15,Social,US,
ORD-006139,2023-06-28,,guest@lumenmail.com,Décor,3,81.29,0.15,Email,US,
ORD-005232,2024-02-11,,guest@lumenmail.com,Accessories,3,111.62,0.0,Email,US,variant
ORD-005902,2024-12-18,CUST-02903,cust-02903@lumenmail.com,Furniture,1,61.21,0.05,Email,US,control
ORD-001425,2023-11-27,CUST-02864,cust-02864@lumenmail.com,Outdoor,1,12.42,0.0,Social,US,
ORD-005248,2024-10-27,CUST-01161,cust-01161@lumenmail.com,Décor,3,65.25,0.0,,AU,
ORD-004895,2024-03-12,CUST-02103,cust-02103@lumenmail.com,Outdoor,4,216.81,0.2,Organic,US,
ORD-000776,2024-09-01,CUST-00802,cust-00802@lumenmail.com,Accessories,1,405.42,0.1,Paid Search,US,
ORD-005967,2023-08-25,CUST-00505,cust-00505@lumenmail.com,Accessories,1,198.19,0.0,Organic,US,variant
ORD-009412,2024-10-05,CUST-02265,cust-02265@lumenmail.com,Accessories,1,71.02,0.0,Social,US,variant
ORD-002940,07/10/2024,CUST-00530,cust-00530@lumenmail.com,Accessories,-1,100.56,0.1,Email,US,
ORD-002977,22/10/2024,CUST-01519,cust-01519@lumenmail.com,Lighting,3,145.83,0.1,Paid Search,CA,
ORD-001271,28/12/2023,CUST-02021,cust-02021@lumenmail.com,Décor,1,50.18,0.1,Paid Search,US,control
ORD-003209,2023-06-05,CUST-02451,cust-02451@lumenmail.com,Outdoor,1,113.14,0.0,Paid Search,US,variant
ORD-004028,2023-11-08,CUST-02884,cust-02884@lumenmail.com,Lightng,1,77.42,0.0,,UK,control
ORD-004420,2024-01-09,CUST-00104,cust-00104@lumenmail.com,Lighting,7,90.18,0.0,Paid Search,US,variant
ORD-007319,2023-11-30,,guest@lumenmail.com,Lighting,2,23.41,0.05,Organic,US,control
ORD-007332,2023-06-29,CUST-01136,cust-01136@lumenmail.com,Décor,1,58.67,0.0,Email,CA,
ORD-008036,2024-09-29,CUST-02682,cust-02682@lumenmail.com,Décor,2,430.68,0.1,Paid Search,US,
ORD-002431,01/06/2023,CUST-00357,cust-00357@lumenmail.com,Décor,2,16.63,0.0,Organic,AU,variant
ORD-009302,11/07/2023,CUST-01407,cust-01407@lumenmail.com,Lighting,2,0.0,0.1,Social,AU,variant
ORD-007566,29/09/2023,CUST-01579,cust-01579@lumenmail.com,Outdoor,1,42.25,0.05,Social,US,
ORD-003681,2023-06-26,CUST-02343,cust-02343@lumenmail.com,Furniture,2,16.09,0.15,Organic,US,
ORD-003780,21/02/2024,CUST-00315,cust-00315@lumenmail.com,Lighting,1,112.85,0.0,Organic,US,
ORD-003522,2024-04-24,CUST-01083,cust-01083@lumenmail.com,Accessories,1,75.69,0.0,Organic,US,
ORD-006924,2024-04-16,CUST-00859,cust-00859@lumenmail.com,Accessories,1,88.78,0.15,Social,US,variant
ORD-008946,2024-08-08,CUST-02974,cust-02974@lumenmail.com,Accessories,4,350.74,0.0,Email,US,variant
ORD-004245,2024-05-09,CUST-01352,cust-01352@lumenmail.com,Accessories,1,329.46,0.2,Social,UK,
ORD-001985,2024-01-26,CUST-02113,cust-02113@lumenmail.com,Décor,5,5.62,0.05,Email,US,variant
ORD-008003,2024-08-02,CUST-01933,cust-01933@lumenmail.com,Outdoor,2,179.54,0.0,Organic,CA,
ORD-007967,12/05/2024,CUST-00288,cust-00288@lumenmail.com,Décor,3,95.48,5.0,Paid Search,CA,
ORD-007595,24/10/2023,CUST-02413,cust-02413@lumenmail.com,Furniture,1,93.94,20.0,Organic,US,control
ORD-008302,2024-02-16,CUST-02055,cust-02055@lumenmail.com,Accessories,1,626.09,0.25,Paid Search,UK,variant
ORD-008923,2024-10-25,CUST-00603,cust-00603@lumenmail.com,Furniture,2,127.56,0.0,Paid Search,CA,control
ORD-008160,2023-06-06,CUST-01494,cust-01494@lumenmail.com,Lighting,2,190.0,0.1,Email,US,control
ORD-003383,2024-08-27,CUST-00222,cust-00222@lumenmail.com,Décor,5,27.27,0.0,,US,
ORD-001238,25/05/2024,,guest@lumenmail.com,Lighting,1,19.81,0.25,Paid Search,US,variant
ORD-002070,2024-11-02,CUST-00498,cust-00498@lumenmail.com,Décor,1,6.05,0.0,Email,US,
ORD-002127,2024-01-24,CUST-02122,cust-02122@lumenmail.com,Outdoor,3,41.56,0.0,Email,US,control
ORD-005982,2023-11-13,CUST-00787,cust-00787@lumenmail.com,Accessories,1,29.14,0.05,Email,US,variant
ORD-009474,20/08/2024,CUST-00157,cust-00157@lumenmail.com,Furniture,1,30.14,0.1,Paid Search,US,
ORD-006766,2023-08-19,CUST-02861,cust-02861@lumenmail.com,Outdoor,2,88.54,0.1,Email,US,control
ORD-001871,2024-06-01,CUST-02214,cust-02214@lumenmail.com,Décor,5,11.1,0.1,Organic,CA,
ORD-000853,2024-08-28,CUST-00067,cust-00067@lumenmail.com,Accessories,1,146.85,0.05,Organic,US,control
ORD-005552,06/10/2023,CUST-01447,cust-01447@lumenmail.com,Accessories,1,20.96,0.15,Paid Search,UK,
ORD-009054,2024-04-02,CUST-02219,cust-02219@lumenmail.com,Outdoor,1,95.98,0.2,Paid Search,US,control
ORD-006114,2023-08-03,CUST-02042,cust-02042@lumenmail.com,Accessories,1,87.23,0.15,Organic,CA,
ORD-003153,2024-08-25,CUST-01126,cust-01126@lumenmail.com,Furniture,1,181.72,0.0,Paid Search,US,control
ORD-005897,2023-09-10,CUST-01599,cust-01599@lumenmail.com,Lightng,1,69.43,0.0,Social,CA,control
ORD-005051,03/08/2024,CUST-00226,cust-00226@lumenmail.com,Lighting,1,183.56,0.0,Email,CA,control
ORD-003074,2024-08-06,CUST-02502,cust-02502@lumenmail.com,Lighting,6,42.29,0.0,Paid Search,UK,variant
ORD-003569,2024-12-21,CUST-00939,cust-00939@lumenmail.com,Outdoor,1,46.34,0.1,Organic,UK,control
ORD-003975,2023-06-08,CUST-02011,cust-02011@lumenmail.com,Lighting,1,162.17,0.1,Paid Search,US,variant
ORD-003431,2024-11-16,CUST-02831,cust-02831@lumenmail.com,Décor,4,48.31,0.2,Organic,US,variant
ORD-006741,2024-09-26,CUST-01658,cust-01658@lumenmail.com,Décor,1,0.0,0.1,Paid Search,US,
ORD-003309,2024-10-01,CUST-01943,cust-01943@lumenmail.com,Lighting,7,81.89,0.1,Email,UK,
ORD-008429,2024-05-19,CUST-00491,cust-00491@lumenmail.com,Lighting,2,29.03,0.0,Paid Search,CA,
ORD-007683,2024-10-01,CUST-00195,cust-00195@lumenmail.com,Outdoor,1,29.83,0.0,Paid Search,US,variant
ORD-009102,2024-04-16,CUST-01736,cust-01736@lumenmail.com,Décor,2,38.13,0.0,Email,CA,variant
ORD-003361,2024-03-21,CUST-01058,cust-01058@lumenmail.com,Accessories,4,8.66,0.05,Paid Search,US,control
ORD-007066,2024-06-06,CUST-01250,cust-01250@lumenmail.com,Décor,2,393.56,0.15,,US,variant
ORD-009440,2023-07-05,CUST-00382,cust-00382@lumenmail.com,Décor,1,82.13,0.05,Organic,UK,
ORD-006488,2024-03-19,CUST-00937,cust-00937@lumenmail.com,Accessories,1,48.83,0.15,Email,AU,control
ORD-008668,2024-07-27,CUST-02497,cust-02497@lumenmail.com,Furniture,1,16.83,0.0,Paid Search,US,
ORD-001515,2024-06-18,CUST-01206,cust-01206@lumenmail.com,Décor,2,214.03,0.0,Paid Search,UK,
ORD-006755,07/09/2024,CUST-02452,cust-02452@lumenmail.com,Lighting,1,114.63,0.0,Email,UK,control
ORD-001513,2024-08-17,CUST-00563,cust-00563@lumenmail.com,Lighting,1,61.84,0.0,Social,US,variant
ORD-007127,16/01/2024,CUST-01299,cust-01299@lumenmail.com,Lighting,1,188.51,0.15,Social,US,control
ORD-007146,2024-03-15,CUST-02353,cust-02353@lumenmail.com,Outdoor,1,46.75,0.0,Organic,AU,control
ORD-000539,2023-10-07,,guest@lumenmail.com,Décor,5,31.24,0.0,Paid Search,UK,variant
ORD-000262,2024-06-27,CUST-02357,cust-02357@lumenmail.com,Lighting,1,298.58,0.0,Paid Search,ZZ,control
ORD-005616,2023-08-10,CUST-00654,cust-00654@lumenmail.com,Furniture,3,19.25,0.0,Email,AU,
ORD-002242,2023-11-14,CUST-01703,cust-01703@lumenmail.com,Décor,1,87.51,0.15,Paid Search,US,control
ORD-007564,2023-08-20,CUST-01431,cust-01431@lumenmail.com,Furniture,1,83.69,0.2,Paid Search,US,
ORD-008813,03/07/2024,CUST-00497,cust-00497@lumenmail.com,Lighting,1,137.86,0.1,Paid Search,US,variant
ORD-004921,2024-02-29,CUST-01118,cust-01118@lumenmail.com,Furniture,2,22.56,10.0,Paid Search,US,control
ORD-004639,2023-10-17,CUST-02292,cust-02292@lumenmail.com,Lighting,2,343.25,0.05,Social,UK,control
ORD-005442,2024-09-30,CUST-01811,cust-01811@lumenmail.com,Accessories,4,55.35,0.0,Paid Search,CA,control
ORD-006546,2024-06-17,CUST-02409,cust-02409@lumenmail.com,Accessories,1,123.07,0.1,Email,US,control
ORD-000973,2024-09-04,CUST-00710,cust-00710@lumenmail.com,Lighting,1,104.4,0.0,,US,control
ORD-002730,2023-09-09,CUST-01498,cust-01498@lumenmail.com,Lighting,1,301.87,0.0,Social,US,variant
ORD-007087,2024-03-09,CUST-01286,cust-01286@lumenmail.com,Lighting,1,97.79,0.0,Paid Search,US,variant
ORD-005494,2024-12-05,CUST-01262,cust-01262@lumenmail.com,Décor,1,100.23,0.0,Paid Search,AU,variant
ORD-000674,2023-09-03,CUST-00895,cust-00895@lumenmail.com,Lighting,5,44.93,0.0,Organic,US,control
ORD-000356,10/10/2024,CUST-00566,cust-00566@lumenmail.com,Outdoor,1,31.08,0.05,Organic,UK,variant
ORD-006493,13/05/2024,CUST-02860,cust-02860@lumenmail.com,Lighting,1,200.36,0.0,Email,CA,variant
ORD-006923,2024-09-28,CUST-00974,cust-00974@lumenmail.com,Décor,1,83.02,0.25,Email,US,control
ORD-004864,2023-09-08,CUST-02589,cust-02589@lumenmail.com,Lighting,3,157.31,0.05,Email,UK,
ORD-006572,2024-01-24,CUST-02138,cust-02138@lumenmail.com,Furniture,1,29.91,0.0,Paid Search,US,
ORD-002150,2024-07-09,CUST-00742,cust-00742@lumenmail.com,Furniture,1,39.1,0.0,,AU,variant
ORD-006161,2023-06-12,CUST-01765,cust-01765@lumenmail.com,Décor,1,350.89,0.05,Paid Search,US,
ORD-002391,2023-10-04,CUST-01538,cust-01538@lumenmail.com,Furniture,1,95.44,0.05,Paid Search,US,control
ORD-006879,2023-12-16,CUST-00222,cust-00222@lumenmail.com,Outdoor,2,51.11,0.15,Organic,UK,control
ORD-009045,2024-12-22,CUST-02778,cust-02778@lumenmail.com,Furniture,2,37.6,0.0,Paid Search,US,variant
ORD-009421,2023-08-28,CUST-02571,cust-02571@lumenmail.com,Lighting,6,118.47,0.1,Email,US,variant
ORD-002585,2024-10-16,CUST-02590,cust-02590@lumenmail.com,Décor,1,21.8,0.05,Paid Search,CA,control
ORD-005627,2023-08-01,CUST-03000,cust-03000@lumenmail.com,Lighting,1,189.75,0.1,Paid Search,US,control
ORD-007706,2023-11-03,CUST-01073,cust-01073@lumenmail.com,Lighting,3,16.78,0.0,Paid Search,US,control
ORD-008788,2023-12-08,CUST-01532,cust-01532@lumenmail.com,Furniture,3,5.97,0.05,Email,CA,control
ORD-001026,2024-06-13,CUST-02102,cust-02102@lumenmail.com,Lighting,1,358.01,0.1,Paid Search,US,control
ORD-008669,2023-10-12,CUST-00498,cust-00498@lumenmail.com,Lighting,1,336.27,0.0,Paid Search,US,
ORD-002904,2024-10-30,CUST-01765,cust-01765@lumenmail.com,Furniture,2,48.31,0.1,Email,CA,variant
ORD-005147,12/09/2024,CUST-02109,cust-02109@lumenmail.com,Accessoires,1,123.63,0.15,Paid Search,US,variant
ORD-008797,2023-10-25,CUST-00088,cust-00088@lumenmail.com,Décor,1,69.87,0.0,Email,US,control
ORD-002684,2024-03-16,CUST-00730,cust-00730@lumenmail.com,Outdoor,1,130.32,0.0,Paid Search,US,
ORD-003455,2024-06-11,CUST-02824,cust-02824@lumenmail.com,Furniture,1,178.63,0.2,Email,UK,variant
ORD-007833,2024-04-03,CUST-00916,cust-00916@lumenmail.com,Furniture,1,28.72,15.0,Email,US,control
ORD-004647,2023-07-15,CUST-00886,cust-00886@lumenmail.com,Accessories,3,46.67,0.1,Organic,US,
ORD-009392,2023-12-01,CUST-01604,cust-01604@lumenmail.com,Outdoor,7,304.5,0.0,Email,UK,
ORD-009197,2024-04-11,CUST-01345,cust-01345@lumenmail.com,Lighting,1,46.65,10.0,Email,US,variant
ORD-004055,2024-02-14,CUST-02010,cust-02010@lumenmail.com,Décor,1,35.66,20.0,Organic,US,
ORD-009133,2024-11-24,CUST-00583,cust-00583@lumenmail.com,Furniture,5,38.73,0.1,Email,CA,variant
ORD-002822,30/06/2023,CUST-01644,cust-01644@lumenmail.com,Lighting,1,87.89,0.0,Email,US,
ORD-006495,2024-01-20,CUST-02639,cust-02639@lumenmail.com,Furniture,3,63.44,0.0,Email,US,variant
ORD-001201,2023-12-25,CUST-00055,cust-00055@lumenmail.com,Furniture,1,196.27,0.05,Organic,US,
ORD-001625,2024-01-27,,guest@lumenmail.com,Décor,4,36.11,0.2,Organic,AU,control
ORD-000520,2023-07-04,CUST-02418,cust-02418@lumenmail.com,Furniture,3,52.95,0.15,Social,US,variant
ORD-001317,07/01/2024,CUST-00552,cust-00552@lumenmail.com,Décor,1,82.92,0.0,Email,US,control
ORD-004353,2024-09-02,CUST-01692,cust-01692@lumenmail.com,Lighting,3,68.78,5.0,Paid Search,CA,variant
ORD-003374,20/01/2024,CUST-02130,cust-02130@lumenmail.com,lighting,1,32.86,0.0,Email,AU,control
ORD-005315,2024-12-15,CUST-00740,cust-00740@lumenmail.com,Outdoor,1,19.97,0.0,Email,UK,
ORD-005804,2024-11-14,CUST-02857,cust-02857@lumenmail.com,Décor,1,102.81,0.0,Email,CA,
ORD-007128,2024-07-15,CUST-00840,cust-00840@lumenmail.com,Lighting,2,206.7,0.05,Organic,US,control
ORD-000311,2024-06-23,CUST-00794,cust-00794@lumenmail.com,Furniture,1,32.59,5.0,Organic,US,
ORD-001354,2023-09-06,CUST-02338,cust-02338@lumenmail.com,Furniture,3,278.05,0.0,Organic,US,control
ORD-006706,2024-06-22,CUST-01378,cust-01378@lumenmail.com,Décor,5,428.64,0.2,Paid Search,UK,variant
ORD-006573,2024-12-07,CUST-01504,cust-01504@lumenmail.com,Lighting,1,274.95,0.15,Organic,CA,variant
ORD-002978,2024-12-15,CUST-02376,cust-02376@lumenmail.com,Lighting,1,87.16,0.0,Email,CA,control
ORD-005973,2024-10-14,CUST-02209,cust-02209@lumenmail.com,Furniture,2,341.64,0.15,Social,CA,variant
ORD-005261,2024-01-03,CUST-00863,cust-00863@lumenmail.com,Lighting,1,74.17,0.15,Social,CA,variant
ORD-003300,2024-11-06,CUST-01120,cust-01120@lumenmail.com,Furniture,2,218.88,0.0,Organic,US,control
ORD-003018,2024-02-24,CUST-00547,cust-00547@lumenmail.com,Furniture,4,176.52,0.25,Paid Search,CA,variant
ORD-007062,2023-11-30,CUST-01835,cust-01835@lumenmail.com,Furniture,3,184.39,0.0,Paid Search,US,variant
ORD-004356,2024-02-29,CUST-00764,cust-00764@lumenmail.com,Décor,2,198.27,0.0,Email,US,control
ORD-006803,2023-09-29,CUST-02369,cust-02369@lumenmail.com,Décor,-3,51.61,0.05,Social,AU,
ORD-006794,2023-08-14,CUST-01206,cust-01206@lumenmail.com,Lighting,2,46.63,0.1,Paid Search,US,variant
ORD-005296,2023-10-20,CUST-01953,cust-01953@lumenmail.com,Lighting,1,139.15,0.0,Paid Search,US,variant
ORD-001127,24/10/2023,CUST-00172,cust-00172@lumenmail.com,Lighting,1,259.39,15.0,Organic,US,
ORD-004259,2024-03-26,CUST-01897,cust-01897@lumenmail.com,Lighting,3,13.61,0.0,Email,US,
ORD-000803,2024-08-31,CUST-02073,cust-02073@lumenmail.com,Décor,1,69.99,0.0,Email,ZZ,control
ORD-002597,2023-10-23,CUST-00955,cust-00955@lumenmail.com,Décor,1,325.56,0.0,Email,ZZ,variant
ORD-006341,2024-11-07,CUST-00505,cust-00505@lumenmail.com,Lighting,1,326.82,0.15,Social,US,
ORD-003244,2024-12-23,CUST-00977,cust-00977@lumenmail.com,Outdoor,3,34.38,0.0,Paid Search,AU,variant
ORD-003779,2024-07-08,,guest@lumenmail.com,Lighting,3,50.63,0.05,Paid Search,US,
ORD-007869,2024-07-26,CUST-01415,cust-01415@lumenmail.com,Lighting,1,22.7,0.0,Social,US,
ORD-006383,2023-10-18,CUST-01505,cust-01505@lumenmail.com,Lighting,4,208.91,0.1,Paid Search,AU,
ORD-005015,2024-08-23,CUST-02863,cust-02863@lumenmail.com,Furniture,2,797.61,0.0,Email,US,
ORD-007368,2023-12-26,CUST-02008,cust-02008@lumenmail.com,Décor,1,15.75,0.2,Organic,US,
ORD-005808,2023-11-13,CUST-01893,cust-01893@lumenmail.com,Décor,1,115.23,0.0,Paid Search,UK,variant
ORD-005105,26/11/2024,CUST-02509,cust-02509@lumenmail.com,Décor,2,98.51,5.0,Paid Search,US,
ORD-006472,2024-12-08,CUST-01973,cust-01973@lumenmail.com,Lightng,-1,0.0,0.0,Social,UK,
ORD-004947,2023-10-14,CUST-01144,cust-01144@lumenmail.com,Lighting,1,6.7,0.0,Social,US,
ORD-001851,2023-06-28,CUST-02904,cust-02904@lumenmail.com,Lighting,2,109.36,0.0,Email,US,
ORD-006143,2023-08-25,CUST-02914,cust-02914@lumenmail.com,Décor,3,23.34,0.0,Paid Search,US,variant
ORD-001654,2024-03-01,CUST-01403,cust-01403@lumenmail.com,Lighting,5,29.15,0.2,Paid Search,US,control
ORD-000977,2024-04-03,CUST-00054,cust-00054@lumenmail.com,Lighting,2,90.33,0.05,Social,US,control
ORD-003810,2024-08-08,CUST-00386,cust-00386@lumenmail.com,Lighting,1,200.91,0.0,Social,CA,variant
ORD-007714,17/07/2023,CUST-01474,cust-01474@lumenmail.com,Accessories,1,84.3,0.1,Paid Search,US,variant
ORD-007816,2024-05-03,CUST-01002,cust-01002@lumenmail.com,Lighting,3,95.25,0.0,Organic,CA,control
ORD-006691,25/10/2024,CUST-00107,cust-00107@lumenmail.com,Décor,1,21.58,5.0,Organic,ZZ,
ORD-002501,2024-04-09,CUST-00523,cust-00523@lumenmail.com,Décor,1,358.66,0.0,Email,US,variant
ORD-009364,2023-10-10,CUST-01180,cust-01180@lumenmail.com,Décor,2,122.68,0.1,Paid Search,AU,control
ORD-004556,14/11/2024,CUST-00176,cust-00176@lumenmail.com,Décor,4,83.71,0.0,,CA,variant
ORD-006680,2023-08-13,CUST-02485,cust-02485@lumenmail.com,Furniture,2,106.68,0.05,Email,UK,variant
ORD-005911,2024-01-21,CUST-01157,cust-01157@lumenmail.com,Lighting,2,122.27,0.0,Social,US,variant
ORD-003484,2024-06-19,CUST-01719,cust-01719@lumenmail.com,Furniture,1,54.3,0.0,Paid Search,US,variant
ORD-006379,2023-06-14,CUST-02626,cust-02626@lumenmail.com,Décor,2,146.11,10.0,Paid Search,US,control
ORD-003865,2023-07-18,CUST-00974,cust-00974@lumenmail.com,Furniture,1,148.0,0.0,Email,CA,control
ORD-008585,2024-08-11,CUST-02031,cust-02031@lumenmail.com,lighting,3,17.1,10.0,Organic,US,
ORD-007213,2023-09-03,CUST-00781,cust-00781@lumenmail.com,Lighting,4,49.44,0.0,Paid Search,UK,variant
ORD-006563,2023-10-27,CUST-01608,cust-01608@lumenmail.com,Décor,1,43.88,0.0,Paid Search,CA,
ORD-001957,2023-12-05,CUST-00043,cust-00043@lumenmail.com,Furniture,3,266.37,0.0,Social,CA,variant
ORD-001146,2024-07-22,CUST-02343,cust-02343@lumenmail.com,Lighting,1,123.72,0.05,Organic,US,control
ORD-004225,12/11/2023,CUST-02901,cust-02901@lumenmail.com,Lighting,2,160.07,0.0,Paid Search,US,
ORD-003202,15/11/2024,,guest@lumenmail.com,Lighting,2,149.67,0.15,Email,UK,
ORD-004550,2024-07-25,CUST-00048,cust-00048@lumenmail.com,Furniture,4,52.72,0.15,Organic,US,control
ORD-007828,2024-12-21,CUST-00571,cust-00571@lumenmail.com,Lighting,1,56.8,0.0,Paid Search,CA,
ORD-007822,2024-05-22,CUST-02928,cust-02928@lumenmail.com,Lighting,2,41.87,0.0,Organic,CA,variant
ORD-001995,11/08/2024,CUST-02366,cust-02366@lumenmail.com,Lighting,2,62.56,0.2,Organic,US,variant
ORD-006516,2024-02-28,CUST-02370,cust-02370@lumenmail.com,Lighting,1,238.71,0.0,Organic,US,
ORD-004609,2023-10-06,CUST-02479,cust-02479@lumenmail.com,Furniture,2,90.64,0.25,Paid Search,US,
ORD-007208,2024-11-09,CUST-02857,cust-02857@lumenmail.com,Lighting,2,117.14,0.0,Organic,US,variant
ORD-003916,2024-10-14,,guest@lumenmail.com,Lighting,1,27.49,0.05,Organic,CA,control
ORD-007674,2024-12-14,CUST-01070,cust-01070@lumenmail.com,Lighting,3,35.76,0.2,Email,US,control
ORD-003230,2023-06-14,,guest@lumenmail.com,Décor,1,340.47,0.2,Social,US,variant
ORD-001129,21/04/2024,CUST-00278,cust-00278@lumenmail.com,Furniture,5,30.45,0.0,Paid Search,US,
ORD-002055,2024-09-05,CUST-00898,cust-00898@lumenmail.com,Furniture,1,30.71,0.0,Organic,US,control
ORD-003473,02/09/2024,CUST-00204,cust-00204@lumenmail.com,Furniture,1,92.68,0.05,Email,US,control
ORD-007101,2023-12-05,CUST-01188,cust-01188@lumenmail.com,Outdoor,5,37.01,0.0,Paid Search,US,variant
ORD-001807,04/11/2023,CUST-00160,cust-00160@lumenmail.com,Furniture,2,135.71,0.0,Paid Search,CA,control
ORD-008157,2023-07-22,CUST-01845,cust-01845@lumenmail.com,Lighting,2,387.95,0.15,,US,control
ORD-005124,29/12/2023,CUST-00260,cust-00260@lumenmail.com,Décor,1,258.97,0.15,Organic,UK,control
ORD-008984,2023-09-09,CUST-01902,cust-01902@lumenmail.com,Furniture,5,21.29,0.15,Paid Search,US,control
ORD-008158,2024-04-24,CUST-00913,cust-00913@lumenmail.com,Lighting,1,614.31,0.0,Paid Search,US,variant
ORD-007432,2024-10-19,CUST-01391,cust-01391@lumenmail.com,Furniture,5,795.31,0.0,Paid Search,US,
ORD-001177,2024-09-09,CUST-00640,cust-00640@lumenmail.com,Furniture,2,33.24,0.0,Paid Search,US,control
ORD-008907,2024-10-15,CUST-01579,cust-01579@lumenmail.com,Décor,1,11.68,0.0,Paid Search,CA,control
ORD-009234,01/11/2023,,guest@lumenmail.com,Décor,-5,6.8,0.05,Email,AU,
ORD-001803,2023-12-23,CUST-02781,cust-02781@lumenmail.com,Décor,1,195.77,0.1,Organic,US,
ORD-000328,2023-08-01,CUST-02150,cust-02150@lumenmail.com,Lighting,2,148.62,15.0,Organic,US,variant
ORD-008921,2023-11-22,CUST-00806,cust-00806@lumenmail.com,Furniture,3,44.33,0.0,Paid Search,US,
ORD-002478,2024-02-07,CUST-00977,cust-00977@lumenmail.com,Lighting,2,48.12,0.0,Email,CA,control
ORD-005145,02/08/2024,CUST-01203,cust-01203@lumenmail.com,Outdoor,1,158.18,0.0,Organic,AU,control
ORD-000383,2024-01-04,,guest@lumenmail.com,Furniture,3,99.55,0.25,Social,US,
ORD-002600,01/09/2023,CUST-00313,cust-00313@lumenmail.com,Lightng,1,22.15,0.15,Social,UK,control
ORD-007076,2024-07-20,CUST-02271,cust-02271@lumenmail.com,Furniture,2,37.83,0.0,Social,US,variant
ORD-006859,24/12/2024,CUST-00495,cust-00495@lumenmail.com,Décor,4,306.51,0.0,Paid Search,US,variant
ORD-007287,2023-06-28,,guest@lumenmail.com,Furniture,3,161.18,0.15,Email,CA,control
ORD-003723,2023-12-09,,guest@lumenmail.com,Furniture,-1,10.91,0.0,Email,CA,variant
ORD-006418,2024-04-23,CUST-01196,cust-01196@lumenmail.com,Lighting,1,82.81,0.0,Paid Search,US,
ORD-001358,2023-07-07,,guest@lumenmail.com,Lighting,2,687.29,0.0,Email,CA,
ORD-007131,2024-10-31,CUST-00068,cust-00068@lumenmail.com,Décor,2,25.2,0.0,Paid Search,US,
ORD-007790,2024-07-01,CUST-00131,cust-00131@lumenmail.com,Furniture,1,546.96,0.1,Organic,US,
ORD-009332,2024-05-19,CUST-01511,cust-01511@lumenmail.com,Décor,5,69.65,0.15,Email,CA,
ORD-009486,2024-05-10,CUST-01551,cust-01551@lumenmail.com,Outdoor,1,181.17,0.0,Email,CA,variant
ORD-003721,,CUST-01781,cust-01781@lumenmail.com,Accessories,1,100.06,0.0,Paid Search,US,variant
ORD-008351,2023-07-24,CUST-00257,cust-00257@lumenmail.com,Décor,2,101.92,0.2,Organic,US,control
ORD-005567,2023-08-29,CUST-02009,cust-02009@lumenmail.com,Décor,1,75.18,0.0,Email,CA,
ORD-000654,14/07/2024,CUST-00823,cust-00823@lumenmail.com,Outdoor,1,86.4,0.0,Email,UK,variant
ORD-006867,2023-06-14,CUST-02442,cust-02442@lumenmail.com,Décor,1,66.84,0.0,Paid Search,US,variant
ORD-005748,2023-11-22,CUST-01902,cust-01902@lumenmail.com,Outdoor,2,32.14,0.2,Social,AU,variant
ORD-002390,2024-05-24,CUST-02424,cust-02424@lumenmail.com,Accessories,5,28.26,0.05,Paid Search,US,control
ORD-003575,2024-10-04,CUST-01481,cust-01481@lumenmail.com,Furniture,2,690.05,0.15,Paid Search,CA,variant
ORD-008388,2024-01-06,,guest@lumenmail.com,Décor,6,19.38,0.25,,US,control
ORD-008716,02/02/2024,CUST-02410,cust-02410@lumenmail.com,Décor,2,28.76,0.05,Paid Search,US,
ORD-005178,10/11/2024,CUST-02691,cust-02691@lumenmail.com,Lighting,2,199.27,0.0,Organic,US,control
ORD-005718,2024-09-11,CUST-00170,cust-00170@lumenmail.com,Accessories,3,280.9,0.05,Organic,US,
ORD-003902,2023-10-21,CUST-02633,cust-02633@lumenmail.com,Furniture,3,11.68,0.0,Email,US,
ORD-002250,2024-03-29,CUST-02595,cust-02595@lumenmail.com,Lighting,4,17.12,0.0,Social,UK,variant
ORD-001435,2024-10-21,CUST-02411,cust-02411@lumenmail.com,Lighting,6,81.95,0.05,Paid Search,US,
ORD-004088,2023-07-06,CUST-00018,cust-00018@lumenmail.com,Décor,2,78.52,0.15,Email,US,variant
ORD-009179,2023-11-09,CUST-01674,cust-01674@lumenmail.com,Décor,2,19.51,0.0,Organic,US,
ORD-000926,2024-06-12,CUST-02234,cust-02234@lumenmail.com,Décor,1,236.46,0.05,Paid Search,UK,variant
ORD-008091,2024-10-22,CUST-02669,cust-02669@lumenmail.com,Outdoor,1,419.06,0.0,Paid Search,US,
ORD-007995,2023-09-16,CUST-02254,cust-02254@lumenmail.com,Furniture,1,76.98,0.2,Organic,CA,
ORD-002211,,CUST-01066,cust-01066@lumenmail.com,Décor,2,310.35,0.25,Email,AU,
ORD-007943,08/11/2023,CUST-02012,cust-02012@lumenmail.com,Lighting,2,262.89,0.25,Social,US,variant
ORD-004610,2024-09-14,CUST-00811,cust-00811@lumenmail.com,Décor,-1,408.86,0.05,Paid Search,CA,control
ORD-007516,2023-11-15,CUST-02913,cust-02913@lumenmail.com,Furniture,2,197.34,0.2,Social,US,variant
ORD-003261,2023-10-14,,guest@lumenmail.com,Outdoor,2,234.35,0.0,Paid Search,UK,
ORD-005879,29/07/2023,CUST-01466,cust-01466@lumenmail.com,Lighting,1,720.48,0.0,Email,CA,
ORD-000266,2023-08-23,CUST-02159,cust-02159@lumenmail.com,Décor,2,326.37,0.05,,US,control
ORD-005795,2023-11-07,CUST-00564,cust-00564@lumenmail.com,Lighting,3,39.73,0.05,Paid Search,US,
ORD-009081,2024-07-08,CUST-02733,cust-02733@lumenmail.com,Décor,1,233.98,0.15,Email,CA,
ORD-007957,2024-12-20,CUST-02170,cust-02170@lumenmail.com,Lighting,4,619.52,0.05,Email,CA,
ORD-001722,2024-03-12,CUST-01344,cust-01344@lumenmail.com,Lighting,1,84.18,0.05,Email,UK,variant
ORD-001761,22/11/2023,CUST-00765,cust-00765@lumenmail.com,Outdoor,1,47.51,0.1,Organic,UK,variant
ORD-005461,25/08/2023,CUST-00870,cust-00870@lumenmail.com,Lighting,1,194.49,0.0,Paid Search,US,variant
ORD-007404,28/06/2024,CUST-00137,cust-00137@lumenmail.com,Lighting,1,275.72,0.0,,US,control
ORD-007012,2024-10-23,CUST-00355,cust-00355@lumenmail.com,Lighting,2,23.06,0.0,Paid Search,CA,control
ORD-003419,2024-02-04,CUST-02022,cust-02022@lumenmail.com,Outdoor,7,229.62,0.0,,US,
ORD-004387,2024-01-30,CUST-02727,cust-02727@lumenmail.com,lighting,1,432.66,0.1,Email,US,variant
ORD-007507,2023-12-26,CUST-01132,cust-01132@lumenmail.com,Lighting,1,395.87,0.0,Email,US,control
ORD-008056,08/11/2024,CUST-02556,cust-02556@lumenmail.com,Décor,4,268.0,0.05,Organic,US,control
ORD-001223,2024-01-10,CUST-01831,cust-01831@lumenmail.com,Accessories,1,335.31,0.2,Paid Search,US,variant
ORD-003960,2024-06-24,CUST-02558,cust-02558@lumenmail.com,Accessories,7,94.99,0.1,Paid Search,UK,control
ORD-002843,2024-08-27,CUST-01524,cust-01524@lumenmail.com,Furniture,6,41.97,0.0,Organic,US,
ORD-005719,2024-01-22,,guest@lumenmail.com,Décor,1,92.39,0.0,Email,CA,variant
ORD-001630,2024-09-03,CUST-01670,cust-01670@lumenmail.com,Lighting,4,14.21,0.0,Paid Search,US,variant
ORD-005115,2023-09-12,CUST-02394,cust-02394@lumenmail.com,Lighting,1,110.57,0.0,Organic,CA,control
ORD-008145,2024-07-21,,guest@lumenmail.com,Décor,1,8.44,0.1,,US,variant
ORD-006377,2024-09-15,CUST-00843,cust-00843@lumenmail.com,Furniture,3,57.23,0.05,Organic,ZZ,variant
ORD-001446,2023-11-19,CUST-01701,cust-01701@lumenmail.com,Furniture,1,140.49,0.05,Paid Search,UK,
ORD-007786,2023-11-17,CUST-01900,cust-01900@lumenmail.com,Lighting,6,44.81,0.05,Organic,US,
ORD-006182,2023-08-12,CUST-02206,cust-02206@lumenmail.com,Décor,4,72.64,0.1,Email,US,variant
ORD-006580,2024-08-16,CUST-02916,cust-02916@lumenmail.com,Lighting,1,20.8,0.0,Organic,ZZ,control
ORD-009452,2023-08-29,CUST-02805,cust-02805@lumenmail.com,Accessories,3,108.33,0.05,Paid Search,CA,variant
ORD-009126,2024-09-06,CUST-01187,cust-01187@lumenmail.com,Décor,2,121.72,0.15,Social,UK,
ORD-006368,,,guest@lumenmail.com,Lighting,3,56.63,0.25,Email,US,variant
ORD-006268,2023-12-01,CUST-02150,cust-02150@lumenmail.com,Lighting,4,43.15,0.0,Social,ZZ,
ORD-000193,2024-07-19,CUST-01947,cust-01947@lumenmail.com,Décor,1,21.77,0.15,Email,US,
ORD-005146,2024-09-24,CUST-00631,cust-00631@lumenmail.com,Outdoor,1,81.85,15.0,Paid Search,US,variant
ORD-008428,24/11/2023,CUST-00655,cust-00655@lumenmail.com,Décor,-3,64.79,0.1,Email,US,variant
ORD-001455,2023-11-29,,guest@lumenmail.com,Furniture,3,240.35,0.0,Paid Search,US,
ORD-005045,2024-03-30,CUST-02451,cust-02451@lumenmail.com,Outdoor,2,176.56,0.0,Email,CA,
ORD-006948,2024-10-28,CUST-00889,cust-00889@lumenmail.com,Lighting,6,92.29,0.0,Organic,US,variant
ORD-004253,2024-05-10,CUST-02030,cust-02030@lumenmail.com,Furniture,2,68.31,0.0,Social,US,variant
ORD-003577,2024-10-22,CUST-00451,cust-00451@lumenmail.com,Outdoor,6,12.79,0.05,Paid Search,UK,variant
ORD-009002,2023-08-07,CUST-02429,cust-02429@lumenmail.com,Furniture,4,28.19,0.15,Paid Search,US,control
ORD-002799,2023-10-23,CUST-00878,cust-00878@lumenmail.com,Furniture,1,7.91,0.1,Organic,AU,
ORD-007555,2024-07-26,CUST-01164,cust-01164@lumenmail.com,Décor,1,165.8,0.15,Email,US,
ORD-009257,22/12/2024,CUST-02424,cust-02424@lumenmail.com,Lighting,4,72.08,0.0,Email,US,control
ORD-006927,,CUST-00386,cust-00386@lumenmail.com,Furniture,-2,270.25,0.2,Organic,UK,
ORD-003987,2024-11-16,CUST-00299,cust-00299@lumenmail.com,Furniture,2,7.43,0.2,Organic,US,control
ORD-006776,21/01/2024,CUST-02349,cust-02349@lumenmail.com,Lighting,2,146.46,0.25,Email,US,variant
ORD-001876,2023-10-12,CUST-00543,cust-00543@lumenmail.com,Lighting,2,16.01,0.05,Paid Search,US,
ORD-002719,2024-10-05,CUST-02094,cust-02094@lumenmail.com,Outdoor,2,45.59,0.05,Email,UK,variant
ORD-004369,2023-08-26,CUST-02259,cust-02259@lumenmail.com,Décor,1,251.62,0.0,Paid Search,US,variant
ORD-006348,2024-01-23,CUST-00122,cust-00122@lumenmail.com,Lighting,2,114.65,0.2,Organic,ZZ,variant
ORD-008142,19/06/2024,CUST-00610,cust-00610@lumenmail.com,Furniture,1,8.75,0.0,Organic,CA,variant
ORD-003951,2024-08-22,CUST-01833,cust-01833@lumenmail.com,Outdoor,-2,452.1,0.0,Organic,US,control
ORD-000511,2024-03-12,CUST-01428,cust-01428@lumenmail.com,Lighting,2,38.95,0.05,Email,US,control
ORD-007375,2024-01-13,CUST-00826,cust-00826@lumenmail.com,Lighting,1,59.24,0.0,Email,US,
ORD-007736,2023-06-18,CUST-01910,cust-01910@lumenmail.com,Furniture,1,150.9,0.1,Paid Search,US,
ORD-001210,2023-10-24,CUST-02981,cust-02981@lumenmail.com,Outdoor,2,51.44,0.0,Paid Search,US,
ORD-007157,2023-09-30,CUST-01384,cust-01384@lumenmail.com,Furniture,1,178.33,0.0,Email,US,
ORD-009435,2023-07-26,CUST-00900,cust-00900@lumenmail.com,Furniture,-1,29.66,0.0,Email,UK,
ORD-006656,2024-03-28,CUST-01821,cust-01821@lumenmail.com,Furniture,2,94.8,0.0,Paid Search,US,variant
ORD-003729,2024-02-24,CUST-02605,cust-02605@lumenmail.com,Décor,1,106.25,0.05,Paid Search,US,variant
ORD-002628,2024-05-06,CUST-02029,cust-02029@lumenmail.com,Lightng,3,370.08,0.05,Email,UK,
ORD-007352,2023-12-09,CUST-00240,cust-00240@lumenmail.com,Lighting,1,45.87,0.05,Email,US,
ORD-009118,2024-09-11,CUST-00873,cust-00873@lumenmail.com,Furniture,6,90.09,0.05,Email,AU,control
ORD-000789,2024-03-23,CUST-00795,cust-00795@lumenmail.com,Furniture,2,67.55,0.0,Paid Search,UK,control
ORD-009463,22/10/2023,CUST-00958,cust-00958@lumenmail.com,Décor,1,177.29,0.05,Email,US,variant
ORD-003382,2024-08-04,CUST-00859,cust-00859@lumenmail.com,Décor,1,37.63,0.0,Organic,CA,control
ORD-004326,2023-08-20,CUST-01390,cust-01390@lumenmail.com,lighting,1,123.18,0.15,Social,US,
ORD-003365,2024-01-04,CUST-02630,cust-02630@lumenmail.com,Décor,3,243.68,0.0,Organic,US,
ORD-004012,2023-10-31,CUST-01516,cust-01516@lumenmail.com,Décor,2,114.03,0.0,Paid Search,US,
ORD-007624,2024-08-22,CUST-00433,cust-00433@lumenmail.com,Lighting,2,242.35,0.0,Email,US,variant
ORD-008019,2023-06-12,CUST-00638,cust-00638@lumenmail.com,lighting,1,107.99,0.1,Social,US,variant
ORD-000879,2024-09-14,CUST-02358,cust-02358@lumenmail.com,Outdoor,5,89.91,0.1,Organic,US,variant
ORD-007806,2023-06-18,CUST-00284,cust-00284@lumenmail.com,Décor,2,640.96,0.2,Organic,US,
ORD-009044,2023-09-20,CUST-00814,cust-00814@lumenmail.com,Décor,1,101.51,0.05,Paid Search,US,
ORD-008022,2023-06-07,CUST-02960,cust-02960@lumenmail.com,Lighting,5,751.11,0.0,Organic,UK,variant
ORD-004815,2024-07-13,,guest@lumenmail.com,Furniture,1,99.84,0.0,Organic,US,
ORD-000261,2023-10-14,CUST-01170,cust-01170@lumenmail.com,Furniture,1,11.28,0.0,Paid Search,US,variant
ORD-007035,2024-08-02,CUST-00467,cust-00467@lumenmail.com,Furniture,2,67.58,0.2,Paid Search,US,
ORD-007488,2023-07-05,CUST-02136,cust-02136@lumenmail.com,Outdoor,1,548.07,0.2,Email,US,
ORD-002338,2023-09-11,CUST-02250,cust-02250@lumenmail.com,Lighting,-6,6.8,0.1,Paid Search,US,control
ORD-007640,24/02/2024,CUST-00021,cust-00021@lumenmail.com,Outdoor,6,182.83,0.15,Social,UK,control
ORD-007399,2024-11-13,CUST-00903,cust-00903@lumenmail.com,Décor,3,46.12,0.05,Email,CA,control
ORD-008751,2024-11-11,CUST-01378,cust-01378@lumenmail.com,Lightng,1,97.87,0.0,Paid Search,US,control
ORD-003544,2024-04-02,CUST-00599,cust-00599@lumenmail.com,Lighting,1,68.46,0.25,Organic,US,variant
ORD-004361,15/12/2024,CUST-01479,cust-01479@lumenmail.com,Lighting,2,440.78,0.0,Organic,US,
ORD-003139,2023-10-29,CUST-02531,cust-02531@lumenmail.com,Furniture,1,51.08,0.0,,US,control
ORD-006681,2023-12-11,CUST-01150,cust-01150@lumenmail.com,Décor,1,77.51,0.0,Organic,US,
ORD-007140,27/05/2024,CUST-01500,cust-01500@lumenmail.com,Lighting,2,120.52,0.15,Social,US,
ORD-008420,2024-05-11,CUST-02876,cust-02876@lumenmail.com,Outdoor,1,560.46,0.2,Paid Search,UK,control
ORD-002535,27/06/2024,CUST-01309,cust-01309@lumenmail.com,Accessories,3,58.6,0.0,Email,US,variant
ORD-000972,08/07/2024,CUST-01346,cust-01346@lumenmail.com,Lighting,1,259.2,0.05,Paid Search,US,
ORD-007633,2023-12-21,CUST-02310,cust-02310@lumenmail.com,Furniture,2,52.69,0.0,Organic,CA,control
ORD-004017,02/12/2023,CUST-00638,cust-00638@lumenmail.com,Décor,3,51.18,0.0,Paid Search,CA,control
ORD-008232,2023-08-26,CUST-02963,cust-02963@lumenmail.com,Décor,3,67.54,0.1,Email,US,
ORD-003643,28/07/2023,CUST-01753,cust-01753@lumenmail.com,Accessories,2,18.26,0.15,Paid Search,US,variant
ORD-000721,2024-04-27,CUST-02144,cust-02144@lumenmail.com,Lighting,2,329.55,0.0,Organic,US,
ORD-004428,2023-12-30,CUST-02520,cust-02520@lumenmail.com,Furniture,3,178.65,0.05,Organic,CA,control
ORD-000246,17/11/2024,CUST-00600,cust-00600@lumenmail.com,Lighting,2,6.06,0.0,Paid Search,UK,control
ORD-005247,2024-02-17,CUST-02058,cust-02058@lumenmail.com,Décor,2,30.27,0.0,Email,US,
ORD-004268,2023-11-11,CUST-00641,cust-00641@lumenmail.com,Lighting,2,187.85,0.0,Paid Search,CA,
ORD-007009,2024-05-15,CUST-00944,cust-00944@lumenmail.com,Décor,1,30.34,0.1,Paid Search,CA,control
ORD-006705,2024-07-19,CUST-00717,cust-00717@lumenmail.com,Décor,-1,509.09,0.0,Organic,UK,variant
ORD-004982,2024-11-08,CUST-00468,cust-00468@lumenmail.com,Furniture,1,72.53,0.1,,CA,control
ORD-007329,2024-11-23,CUST-02113,cust-02113@lumenmail.com,Outdoor,1,157.91,0.0,Paid Search,US,
ORD-007210,19/06/2024,CUST-01274,cust-01274@lumenmail.com,Lighting,1,287.37,0.0,Paid Search,US,variant
ORD-005061,2024-03-05,CUST-02340,cust-02340@lumenmail.com,Accessories,2,41.24,0.1,Paid Search,US,control
ORD-004991,15/06/2023,CUST-00617,cust-00617@lumenmail.com,Accessories,1,70.59,0.05,Social,AU,variant
ORD-001775,07/06/2023,CUST-03000,cust-03000@lumenmail.com,Lighting,4,41.2,0.1,Organic,US,
ORD-004309,2023-11-26,CUST-01775,cust-01775@lumenmail.com,Décor,2,18.67,0.0,Social,CA,variant
ORD-001363,2023-11-24,CUST-01081,cust-01081@lumenmail.com,Décor,1,217.99,0.0,Organic,UK,control
ORD-004859,2024-01-18,CUST-01788,cust-01788@lumenmail.com,Lighting,4,93.15,0.2,Organic,US,
ORD-005777,2023-09-28,CUST-01943,cust-01943@lumenmail.com,lighting,1,498.85,0.1,Paid Search,AU,
ORD-002137,2023-12-16,CUST-01467,cust-01467@lumenmail.com,Outdoor,1,55.74,5.0,Email,UK,control
ORD-001196,2023-09-07,,guest@lumenmail.com,Décor,6,44.71,0.0,Paid Search,US,variant
ORD-002762,2024-01-21,CUST-02586,cust-02586@lumenmail.com,Furniture,2,379.66,0.05,Paid Search,US,
ORD-002574,2024-04-03,CUST-01885,cust-01885@lumenmail.com,Décor,4,186.28,0.0,Paid Search,US,
ORD-002320,2023-08-15,CUST-01050,cust-01050@lumenmail.com,Lighting,1,479.98,0.05,Email,CA,control
ORD-000532,01/08/2023,CUST-02600,cust-02600@lumenmail.com,Outdoor,3,547.87,0.05,Email,CA,
ORD-009585,2024-10-13,CUST-01534,cust-01534@lumenmail.com,Accessories,1,199.23,0.0,Email,CA,control
ORD-002548,2024-02-14,CUST-01995,cust-01995@lumenmail.com,Décor,1,469.8,0.05,Social,US,
ORD-000633,2023-09-22,CUST-01487,cust-01487@lumenmail.com,Accessories,2,294.07,0.0,Organic,ZZ,control
ORD-005007,2024-07-09,CUST-00980,cust-00980@lumenmail.com,Furniture,2,87.3,0.0,Organic,US,
ORD-003981,2024-02-11,CUST-01280,cust-01280@lumenmail.com,Décor,1,165.11,0.0,Social,US,variant
ORD-003024,2024-02-17,CUST-01754,cust-01754@lumenmail.com,lighting,1,21.49,0.0,Social,UK,variant
ORD-005484,2024-11-10,CUST-02942,cust-02942@lumenmail.com,Outdoor,5,326.11,0.0,Email,UK,
ORD-008335,2024-08-05,CUST-00111,cust-00111@lumenmail.com,Outdoor,1,59.9,0.0,Social,US,control
ORD-003469,2023-12-12,CUST-00021,cust-00021@lumenmail.com,Décor,1,22.37,0.05,Paid Search,CA,
ORD-007548,2023-09-23,CUST-01033,cust-01033@lumenmail.com,Accessories,1,134.85,0.1,Email,CA,
ORD-006135,2024-09-09,CUST-01820,cust-01820@lumenmail.com,Décor,1,34.26,0.05,Paid Search,US,
ORD-001519,2023-06-10,CUST-00420,cust-00420@lumenmail.com,Décor,1,170.68,20.0,Paid Search,US,control
ORD-003911,30/11/2023,CUST-00369,cust-00369@lumenmail.com,Décor,1,13.09,0.1,Paid Search,US,variant
ORD-000140,2024-12-17,CUST-02960,cust-02960@lumenmail.com,Lighting,2,30.66,0.0,Paid Search,US,variant
ORD-008296,2024-02-06,CUST-02367,cust-02367@lumenmail.com,Furniture,3,34.79,0.15,Email,UK,
ORD-001118,2023-09-28,CUST-01488,cust-01488@lumenmail.com,Lighting,2,79.16,0.0,Social,CA,variant
ORD-009362,2024-03-14,,guest@lumenmail.com,Furniture,2,12.68,0.0,Email,CA,
ORD-005339,2024-08-18,CUST-02556,cust-02556@lumenmail.com,Lighting,3,26.77,0.0,Email,CA,control
ORD-006969,2024-04-14,CUST-02550,cust-02550@lumenmail.com,Furniture,3,18.92,0.0,Email,US,control
ORD-007340,2023-07-22,CUST-01007,cust-01007@lumenmail.com,Furniture,1,55.74,0.0,Paid Search,US,variant
ORD-001602,2023-11-07,CUST-01063,cust-01063@lumenmail.com,Lighting,3,50.53,0.1,Paid Search,US,
ORD-004242,2023-12-17,CUST-00188,cust-00188@lumenmail.com,Furniture,2,98.09,0.0,Paid Search,US,control
ORD-008224,2024-03-17,CUST-01648,cust-01648@lumenmail.com,Décor,1,42.51,0.0,Email,US,
ORD-003767,11/04/2024,,guest@lumenmail.com,Lighting,3,75.18,0.2,Organic,CA,variant
ORD-000885,2023-09-11,CUST-00730,cust-00730@lumenmail.com,Furniture,-1,12.84,0.0,Organic,US,
ORD-001445,2024-12-22,CUST-02141,cust-02141@lumenmail.com,Décor,3,134.62,0.15,Email,US,
ORD-002741,14/08/2023,CUST-01873,cust-01873@lumenmail.com,Furniture,2,646.09,0.15,Paid Search,US,variant
ORD-003934,2023-08-27,CUST-02081,cust-02081@lumenmail.com,Lighting,5,13.4,0.0,Organic,US,control
ORD-002767,2024-10-10,CUST-00052,cust-00052@lumenmail.com,Accessories,2,27.45,0.0,Organic,ZZ,
ORD-007334,2024-04-30,CUST-00504,cust-00504@lumenmail.com,Furniture,3,44.09,10.0,Email,US,
ORD-003682,22/09/2023,CUST-02412,cust-02412@lumenmail.com,Lighting,2,66.57,0.05,Email,US,
ORD-006894,2024-10-08,CUST-02250,cust-02250@lumenmail.com,Furniture,4,628.29,0.2,Email,US,variant
ORD-006955,25/09/2023,CUST-02142,cust-02142@lumenmail.com,Furniture,2,187.55,0.15,Organic,US,variant
ORD-002364,2023-12-10,CUST-01220,cust-01220@lumenmail.com,lighting,3,68.73,0.05,Email,US,variant
ORD-002596,2023-07-03,CUST-02602,cust-02602@lumenmail.com,Décor,1,171.28,0.05,Paid Search,US,
ORD-007599,17/05/2024,CUST-02916,cust-02916@lumenmail.com,Lightng,1,336.89,0.1,Paid Search,CA,
ORD-001710,2024-03-17,CUST-02445,cust-02445@lumenmail.com,Lighting,3,38.46,0.0,Paid Search,US,control
ORD-002485,2024-04-30,CUST-02803,cust-02803@lumenmail.com,Outdoor,2,79.99,0.05,,CA,variant
ORD-002742,2024-08-27,CUST-01973,cust-01973@lumenmail.com,Décor,1,40.17,0.0,Social,US,variant
ORD-001916,2024-05-08,CUST-00690,cust-00690@lumenmail.com,lighting,1,111.68,0.1,Email,CA,variant
ORD-000034,19/07/2023,CUST-01978,cust-01978@lumenmail.com,Lighting,4,97.26,0.0,Email,US,variant
ORD-008824,2024-08-22,CUST-02240,cust-02240@lumenmail.com,Furniture,2,98.36,0.0,Email,US,control
ORD-003535,2023-12-07,CUST-01603,cust-01603@lumenmail.com,Lighting,2,480.68,0.0,Social,US,variant
ORD-009215,2024-04-13,CUST-01684,cust-01684@lumenmail.com,Furniture,1,5.15,0.0,Organic,US,
ORD-001039,05/09/2024,CUST-01880,cust-01880@lumenmail.com,Outdoor,1,375.26,0.0,Paid Search,AU,control
ORD-006817,2024-11-18,CUST-01601,cust-01601@lumenmail.com,Lighting,1,185.77,0.1,Email,US,
ORD-006976,2023-12-02,CUST-02213,cust-02213@lumenmail.com,Décor,2,72.7,0.1,Email,US,
ORD-005714,2023-07-11,CUST-00657,cust-00657@lumenmail.com,Lighting,2,181.98,0.0,Email,CA,
ORD-009167,2024-09-11,CUST-01336,cust-01336@lumenmail.com,Accessories,1,36.23,0.0,Email,UK,control
ORD-004689,2024-07-05,CUST-01899,cust-01899@lumenmail.com,Décor,3,331.29,0.0,Social,US,control
ORD-007766,2023-09-04,CUST-02989,cust-02989@lumenmail.com,Lighting,2,34.12,0.1,Paid Search,US,
ORD-000009,2023-09-13,CUST-01725,cust-01725@lumenmail.com,Décor,2,38.06,0.05,Email,UK,control
ORD-005035,2024-06-14,CUST-01275,cust-01275@lumenmail.com,Décor,1,0.0,0.0,,US,control
ORD-000096,2024-07-09,CUST-02339,cust-02339@lumenmail.com,Lighting,3,89.66,0.2,Paid Search,US,
ORD-005668,2024-09-09,CUST-02037,cust-02037@lumenmail.com,Furniture,4,147.16,0.0,Organic,AU,
ORD-002420,2024-10-28,CUST-01268,cust-01268@lumenmail.com,Furniture,3,715.26,0.0,Paid Search,US,
ORD-000332,2024-09-02,CUST-01122,cust-01122@lumenmail.com,Accessories,2,41.74,0.0,Email,UK,
ORD-006302,2023-12-02,CUST-01120,cust-01120@lumenmail.com,Outdoor,3,56.02,5.0,Paid Search,UK,
ORD-006508,2024-09-18,CUST-00317,cust-00317@lumenmail.com,Furniture,1,93.34,5.0,Paid Search,US,control
ORD-009416,06/05/2024,CUST-00204,cust-00204@lumenmail.com,Accessories,3,172.51,0.05,Paid Search,UK,
ORD-008508,2024-01-01,CUST-02572,cust-02572@lumenmail.com,Décor,2,300.67,0.0,Paid Search,US,
ORD-001898,2023-12-28,CUST-01610,cust-01610@lumenmail.com,Furniture,2,62.03,0.0,Paid Search,US,variant
ORD-000460,2024-08-26,CUST-02974,cust-02974@lumenmail.com,Accessories,2,75.6,0.1,Paid Search,US,
ORD-002508,2024-05-28,CUST-02027,cust-02027@lumenmail.com,Furniture,7,77.47,0.1,Organic,US,
ORD-006164,2024-03-19,CUST-00377,cust-00377@lumenmail.com,Lighting,3,192.51,0.05,Social,US,control
ORD-005331,2024-08-19,CUST-02679,cust-02679@lumenmail.com,Furniture,5,102.88,0.1,Organic,US,control
ORD-009123,2024-01-02,CUST-00997,cust-00997@lumenmail.com,Décor,1,27.23,15.0,Paid Search,AU,
ORD-005275,2024-01-18,CUST-02284,cust-02284@lumenmail.com,lighting,1,97.25,0.0,Organic,CA,variant
ORD-000446,2023-12-15,CUST-01423,cust-01423@lumenmail.com,Furniture,1,34.71,0.0,,CA,
ORD-008306,2024-01-16,CUST-01457,cust-01457@lumenmail.com,Décor,1,134.9,0.2,,US,
ORD-006967,2024-05-04,CUST-01270,cust-01270@lumenmail.com,Furniture,5,44.84,0.0,Paid Search,CA,control
ORD-007523,2023-12-13,CUST-00675,cust-00675@lumenmail.com,Lightng,-2,78.18,0.1,Paid Search,AU,control
ORD-009502,2024-04-06,,guest@lumenmail.com,Lighting,3,250.87,0.05,Social,CA,control
ORD-006242,2023-09-04,CUST-01895,cust-01895@lumenmail.com,Lighting,3,241.2,0.1,Paid Search,AU,control
ORD-002656,2024-12-08,CUST-01455,cust-01455@lumenmail.com,Outdoor,3,301.95,0.2,Social,US,control
ORD-004143,2024-09-30,,guest@lumenmail.com,Lighting,1,76.74,0.2,Organic,UK,
ORD-004985,2024-12-21,CUST-00232,cust-00232@lumenmail.com,Furniture,1,11.96,0.05,Social,US,variant
ORD-000907,2023-11-28,CUST-02961,cust-02961@lumenmail.com,Outdoor,1,32.33,25.0,Paid Search,US,control
ORD-008237,18/08/2024,CUST-01745,cust-01745@lumenmail.com,Outdoor,2,50.17,0.05,Paid Search,US,variant
ORD-005397,2023-11-02,CUST-00447,cust-00447@lumenmail.com,Furniture,1,71.26,0.0,Organic,US,
ORD-003001,2024-10-04,CUST-02828,cust-02828@lumenmail.com,Décor,1,568.32,0.2,Paid Search,UK,
ORD-000612,2024-11-29,CUST-01618,cust-01618@lumenmail.com,Lighting,2,15.22,20.0,Email,US,
ORD-007884,2024-10-10,CUST-01197,cust-01197@lumenmail.com,Furniture,5,340.03,0.0,Email,US,control
ORD-002043,2024-10-24,CUST-02565,cust-02565@lumenmail.com,Outdoor,3,41.29,0.0,Email,CA,variant
ORD-003186,2024-02-25,CUST-02520,cust-02520@lumenmail.com,Furniture,1,80.05,0.15,Paid Search,US,control
ORD-004248,2024-01-01,CUST-01720,cust-01720@lumenmail.com,Outdoor,3,17.05,0.05,Organic,UK,control
ORD-009276,14/07/2023,CUST-02020,cust-02020@lumenmail.com,Accessories,6,73.01,10.0,Organic,CA,control
ORD-002275,2024-06-02,CUST-01565,cust-01565@lumenmail.com,Furniture,1,23.46,20.0,Paid Search,UK,variant
ORD-002426,2023-11-21,CUST-01864,cust-01864@lumenmail.com,Outdoor,2,7.15,0.1,Organic,US,control
ORD-002006,2024-07-20,CUST-01320,cust-01320@lumenmail.com,Lighting,2,114.35,0.15,Paid Search,US,variant
ORD-003003,2023-06-04,CUST-01807,cust-01807@lumenmail.com,Lighting,2,38.36,0.2,Email,US,
ORD-007411,20/08/2024,CUST-01729,cust-01729@lumenmail.com,Furniture,1,55.66,0.05,Organic,US,
ORD-003082,2023-12-05,CUST-01399,cust-01399@lumenmail.com,Outdoor,5,240.26,0.05,Organic,US,
ORD-002648,2023-11-18,CUST-00312,cust-00312@lumenmail.com,Accessories,1,8.91,0.1,Email,US,control
ORD-009388,2024-02-19,CUST-01797,cust-01797@lumenmail.com,Accessories,3,50.93,0.0,Paid Search,US,control
ORD-005097,2023-12-06,CUST-00831,cust-00831@lumenmail.com,Lighting,2,597.03,0.1,Paid Search,US,control
ORD-009430,2023-08-23,CUST-02653,cust-02653@lumenmail.com,Décor,1,97.4,0.05,Email,US,control
ORD-002661,2024-02-20,CUST-01470,cust-01470@lumenmail.com,Décor,2,47.75,0.05,Paid Search,US,
ORD-008877,2024-07-23,CUST-01778,cust-01778@lumenmail.com,Décor,3,213.48,0.1,Social,AU,control
ORD-009339,01/12/2024,CUST-00088,cust-00088@lumenmail.com,Furniture,3,47.32,0.05,Organic,US,variant
ORD-004034,2023-10-27,CUST-00834,cust-00834@lumenmail.com,Décor,2,45.89,0.05,Paid Search,US,
ORD-006127,2024-02-11,CUST-00449,cust-00449@lumenmail.com,Lighting,3,83.65,0.05,Social,US,variant
ORD-008020,2024-06-06,CUST-02279,cust-02279@lumenmail.com,Outdoor,4,19.02,5.0,Paid Search,US,variant
ORD-002483,2023-10-09,CUST-01597,cust-01597@lumenmail.com,Furniture,-1,23.12,0.0,Organic,CA,variant
ORD-002607,21/09/2023,CUST-01064,cust-01064@lumenmail.com,Lighting,3,701.77,0.1,Social,US,control
ORD-001709,05/10/2024,CUST-02431,cust-02431@lumenmail.com,Outdoor,7,37.44,0.1,Paid Search,US,variant
ORD-003285,30/05/2024,CUST-01303,cust-01303@lumenmail.com,Décor,1,116.84,0.05,Organic,ZZ,
ORD-001656,2023-10-10,,guest@lumenmail.com,Outdoor,6,29.72,0.05,Email,US,variant
ORD-006175,2024-01-23,CUST-01651,cust-01651@lumenmail.com,Décor,3,299.43,0.0,Email,US,
ORD-005191,2023-12-13,CUST-02794,cust-02794@lumenmail.com,Furniture,4,417.1,0.1,Paid Search,CA,
ORD-002877,2024-01-07,CUST-00217,cust-00217@lumenmail.com,Furniture,2,320.57,0.05,Email,US,
ORD-002133,2023-10-21,CUST-02845,cust-02845@lumenmail.com,Accessories,1,43.23,0.0,Paid Search,US,control
ORD-007036,2023-09-12,CUST-02612,cust-02612@lumenmail.com,Outdoor,2,72.63,0.1,Organic,US,control
ORD-003741,2023-09-13,CUST-01166,cust-01166@lumenmail.com,Furniture,2,194.31,0.05,,US,control
ORD-004712,02/04/2024,CUST-00420,cust-00420@lumenmail.com,Lighting,1,52.34,0.05,Organic,US,control
ORD-006661,2024-12-02,CUST-02417,cust-02417@lumenmail.com,Lighting,1,62.4,0.0,Organic,US,
ORD-003466,2024-04-09,CUST-01819,cust-01819@lumenmail.com,Furniture,6,102.52,0.1,Organic,UK,
ORD-006996,2024-06-12,CUST-02345,cust-02345@lumenmail.com,Décor,1,177.48,0.2,Email,US,variant
ORD-004434,2024-10-09,CUST-01213,cust-01213@lumenmail.com,Décor,7,196.44,0.0,Organic,CA,control
ORD-001428,2023-11-25,CUST-00344,cust-00344@lumenmail.com,Furniture,1,37.82,0.05,Organic,CA,variant
ORD-002261,21/09/2023,,guest@lumenmail.com,Furniture,1,32.34,0.1,Social,US,control
ORD-006965,20/11/2023,CUST-02204,cust-02204@lumenmail.com,Lighting,2,18.25,0.0,Email,ZZ,variant
ORD-004191,2023-07-23,,guest@lumenmail.com,Furniture,1,84.45,0.1,Email,US,variant
ORD-002370,2023-06-10,CUST-00186,cust-00186@lumenmail.com,Accessories,1,188.69,0.05,Organic,US,
ORD-008248,2024-06-08,CUST-00614,cust-00614@lumenmail.com,Lighting,2,254.31,0.15,,US,variant
ORD-009471,2024-12-16,CUST-00599,cust-00599@lumenmail.com,Lighting,2,65.18,0.0,Email,AU,variant
ORD-007434,2023-09-25,CUST-01062,cust-01062@lumenmail.com,Lighting,1,9.84,0.15,Email,US,
ORD-003593,2024-04-16,CUST-01735,cust-01735@lumenmail.com,Lighting,3,9.2,0.15,Organic,US,control
ORD-002253,2024-04-18,CUST-02062,cust-02062@lumenmail.com,Accessories,2,93.73,0.0,Social,US,
ORD-005409,2024-02-28,CUST-01886,cust-01886@lumenmail.com,Lighting,1,32.68,0.05,Email,UK,
ORD-004285,2024-09-21,CUST-00736,cust-00736@lumenmail.com,Outdoor,2,19.11,5.0,,US,
ORD-007654,2024-05-09,CUST-01856,cust-01856@lumenmail.com,Furniture,3,111.4,0.0,Organic,US,variant
ORD-007992,2024-01-27,CUST-00623,cust-00623@lumenmail.com,Outdoor,1,84.18,0.1,Organic,AU,
ORD-001828,2023-11-22,CUST-00862,cust-00862@lumenmail.com,Lightng,2,28.43,0.0,,US,variant
ORD-002999,05/10/2023,CUST-02824,cust-02824@lumenmail.com,Décor,4,33.5,0.1,Social,US,variant
ORD-008929,17/08/2023,CUST-02159,cust-02159@lumenmail.com,Furniture,1,57.56,0.05,Paid Search,CA,control
ORD-009545,2024-04-05,CUST-02766,cust-02766@lumenmail.com,Lighting,3,98.07,0.15,Social,US,
ORD-007617,2024-11-07,CUST-00558,cust-00558@lumenmail.com,Lighting,3,83.66,0.05,,US,variant
ORD-003343,27/07/2024,CUST-00382,cust-00382@lumenmail.com,Lighting,5,192.38,0.0,Social,AU,variant
ORD-005271,2024-01-30,CUST-00396,cust-00396@lumenmail.com,Outdoor,2,114.93,0.0,Organic,US,variant
ORD-005588,2024-08-17,CUST-02289,cust-02289@lumenmail.com,Furniture,1,50.15,0.15,Email,US,
ORD-004957,2024-01-30,CUST-00982,cust-00982@lumenmail.com,Décor,1,225.9,0.05,Social,CA,control
ORD-006549,2024-08-24,CUST-00411,cust-00411@lumenmail.com,Décor,2,29.5,0.0,Organic,US,variant
ORD-002828,2024-10-14,CUST-02007,cust-02007@lumenmail.com,Outdoor,2,74.91,0.05,Social,US,control
ORD-006899,2023-09-15,,guest@lumenmail.com,Lighting,1,273.19,0.0,Paid Search,US,
ORD-000277,14/07/2023,CUST-00522,cust-00522@lumenmail.com,Furniture,1,277.27,0.05,Email,US,
ORD-000093,2023-07-26,CUST-02613,cust-02613@lumenmail.com,Décor,1,67.47,0.0,Email,CA,control
ORD-005036,2023-11-27,CUST-02493,cust-02493@lumenmail.com,Lighting,3,16.18,0.0,Paid Search,US,variant
ORD-001368,2024-06-05,,guest@lumenmail.com,Décor,-1,242.24,0.2,Paid Search,US,
ORD-001566,2023-09-27,CUST-01178,cust-01178@lumenmail.com,Lighting,1,73.23,0.0,Organic,ZZ,control
ORD-008688,2023-07-29,CUST-01978,cust-01978@lumenmail.com,Lighting,1,46.27,0.0,Social,CA,
ORD-003229,2024-01-04,CUST-02406,cust-02406@lumenmail.com,Décor,3,96.5,5.0,Email,UK,control
ORD-004086,2024-05-03,CUST-00460,cust-00460@lumenmail.com,Lighting,5,22.31,0.0,Organic,US,control
ORD-004975,,CUST-00489,cust-00489@lumenmail.com,Lighting,1,20.91,0.1,Organic,US,
ORD-005255,2023-06-14,CUST-02435,cust-02435@lumenmail.com,Furniture,-4,111.4,0.0,Organic,AU,control
ORD-001265,2024-10-03,CUST-01827,cust-01827@lumenmail.com,Furniture,-1,19.79,0.1,Social,AU,control
ORD-009034,2024-03-03,CUST-00173,cust-00173@lumenmail.com,Lightng,2,332.43,0.0,Paid Search,AU,
ORD-004007,01/10/2024,CUST-01513,cust-01513@lumenmail.com,Furniture,2,53.07,0.0,Organic,US,variant
ORD-008203,08/04/2024,CUST-01400,cust-01400@lumenmail.com,Lighting,1,718.88,0.1,Email,US,variant
ORD-002700,12/09/2023,CUST-02102,cust-02102@lumenmail.com,Furniture,1,65.31,0.0,,UK,
ORD-007785,2024-09-04,CUST-02695,cust-02695@lumenmail.com,Lighting,6,25.8,0.05,Organic,CA,control
ORD-006046,2023-07-19,CUST-00213,cust-00213@lumenmail.com,Lighting,2,213.64,0.0,Email,US,
ORD-002201,2024-05-24,CUST-00969,cust-00969@lumenmail.com,Furniture,3,72.41,0.05,Paid Search,UK,variant
ORD-003043,2023-07-31,CUST-00172,cust-00172@lumenmail.com,Lighting,1,92.35,0.0,Organic,US,
ORD-009053,24/11/2023,CUST-00514,cust-00514@lumenmail.com,Décor,2,113.19,0.05,Email,US,variant
ORD-005733,2024-05-13,CUST-02364,cust-02364@lumenmail.com,Furniture,2,233.3,0.05,Email,US,variant
ORD-009168,2024-08-16,CUST-00736,cust-00736@lumenmail.com,Décor,1,175.43,0.0,Organic,CA,
ORD-003606,2024-06-27,CUST-01718,cust-01718@lumenmail.com,Furniture,1,20.53,0.15,Paid Search,US,
ORD-004640,2024-05-20,CUST-00192,cust-00192@lumenmail.com,Lighting,1,92.73,0.0,Organic,US,variant
ORD-005400,2023-07-02,CUST-00786,cust-00786@lumenmail.com,Décor,5,497.52,0.0,Email,US,
ORD-007728,2024-12-23,CUST-02887,cust-02887@lumenmail.com,Lighting,1,57.99,0.0,Email,US,control
ORD-007110,2024-09-01,CUST-00091,cust-00091@lumenmail.com,Décor,2,22.84,0.15,Paid Search,UK,variant
ORD-002107,2024-05-14,CUST-01320,cust-01320@lumenmail.com,Lighting,3,40.99,0.0,Social,US,control
ORD-001955,2023-12-29,CUST-01549,cust-01549@lumenmail.com,Lighting,2,38.82,0.0,Paid Search,US,variant
ORD-004944,2024-12-18,CUST-02548,cust-02548@lumenmail.com,Accessories,5,63.58,0.0,Paid Search,US,
ORD-005773,2024-09-08,CUST-02450,cust-02450@lumenmail.com,Décor,2,38.22,0.0,Paid Search,US,variant
ORD-001319,2024-03-27,CUST-02416,cust-02416@lumenmail.com,Outdoor,1,137.08,0.0,Paid Search,US,variant
ORD-004756,05/07/2023,CUST-01746,cust-01746@lumenmail.com,Outdoor,1,343.44,0.15,Social,US,
ORD-003375,2023-10-06,CUST-01179,cust-01179@lumenmail.com,Lighting,1,417.05,5.0,Paid Search,US,control
ORD-003010,2023-08-27,CUST-00394,cust-00394@lumenmail.com,Lighting,1,113.2,0.05,Social,US,variant
ORD-006029,2023-06-06,CUST-01400,cust-01400@lumenmail.com,Lighting,2,49.04,0.05,Email,US,
ORD-007771,2024-07-30,CUST-02505,cust-02505@lumenmail.com,Furniture,1,94.3,0.15,Paid Search,CA,
ORD-000696,2024-08-02,CUST-01524,cust-01524@lumenmail.com,Décor,2,38.57,0.05,Organic,US,variant
ORD-000065,2024-05-22,CUST-00741,cust-00741@lumenmail.com,Lighting,1,81.59,0.15,Paid Search,ZZ,control
ORD-004120,2023-09-06,CUST-02349,cust-02349@lumenmail.com,Lighting,1,345.87,0.0,Organic,US,control
ORD-003289,2024-10-17,CUST-00182,cust-00182@lumenmail.com,Lighting,1,792.89,0.0,Email,US,control
ORD-000064,2024-05-11,CUST-01583,cust-01583@lumenmail.com,Décor,1,538.54,0.05,Social,US,
ORD-001826,2024-06-02,CUST-02026,cust-02026@lumenmail.com,Furniture,1,18.32,0.05,Paid Search,US,control
ORD-000395,2024-02-15,,guest@lumenmail.com,Lighting,1,48.93,0.0,Email,UK,
ORD-003311,2024-07-19,CUST-02552,cust-02552@lumenmail.com,Accessories,3,247.98,0.1,Paid Search,US,variant
ORD-009140,2023-08-09,CUST-00021,cust-00021@lumenmail.com,Lighting,1,328.37,0.05,Email,CA,
ORD-005468,2024-02-03,CUST-00009,cust-00009@lumenmail.com,Décor,-1,20.44,0.0,Email,US,
ORD-008027,2023-07-15,CUST-01961,cust-01961@lumenmail.com,Furniture,1,57.86,0.0,Email,CA,
ORD-006605,2024-03-18,CUST-00598,cust-00598@lumenmail.com,Lighting,5,127.13,0.1,,US,variant
ORD-004371,2023-11-06,CUST-00626,cust-00626@lumenmail.com,Furniture,5,363.55,0.05,Paid Search,US,control
ORD-007661,2024-04-15,,guest@lumenmail.com,Décor,1,30.79,0.0,Paid Search,US,control
ORD-004493,2024-03-03,CUST-01926,cust-01926@lumenmail.com,Lighting,2,328.67,0.0,Paid Search,US,control
ORD-006861,,CUST-00855,cust-00855@lumenmail.com,Lighting,1,118.49,0.05,Email,UK,variant
ORD-006252,10/06/2023,CUST-01534,cust-01534@lumenmail.com,Lighting,2,34.68,0.05,Email,US,variant
ORD-009536,2024-08-15,CUST-00536,cust-00536@lumenmail.com,Lighting,3,40.34,0.0,Email,US,
ORD-005618,26/11/2024,CUST-00171,cust-00171@lumenmail.com,Décor,1,95.67,0.2,Email,US,
ORD-001501,20/03/2024,CUST-00118,cust-00118@lumenmail.com,Lighting,2,294.89,0.0,Paid Search,CA,control
ORD-006651,25/07/2024,CUST-02467,cust-02467@lumenmail.com,Lighting,1,23.2,0.0,,UK,
ORD-008995,2023-12-05,CUST-01955,cust-01955@lumenmail.com,Accessoires,2,250.34,0.15,Paid Search,US,variant
ORD-005873,2024-06-17,CUST-01446,cust-01446@lumenmail.com,Furniture,1,14.14,0.0,Email,CA,
ORD-000099,2023-11-28,CUST-01841,cust-01841@lumenmail.com,Décor,1,110.65,0.0,Organic,US,
ORD-000565,2024-10-19,CUST-02334,cust-02334@lumenmail.com,Décor,5,130.43,0.0,Email,UK,control
ORD-006500,2023-09-17,CUST-02415,cust-02415@lumenmail.com,Décor,1,15.24,0.0,Social,US,
ORD-000786,2024-01-03,CUST-00907,cust-00907@lumenmail.com,Décor,3,81.19,0.0,Email,US,
ORD-007825,2023-06-16,CUST-02667,cust-02667@lumenmail.com,Outdoor,2,19.3,15.0,Paid Search,UK,variant
ORD-004570,2023-12-21,CUST-00074,cust-00074@lumenmail.com,Lighting,1,85.01,0.0,Email,UK,
ORD-008726,15/11/2023,CUST-02314,cust-02314@lumenmail.com,Décor,1,133.44,0.05,Social,AU,control
ORD-001954,2024-04-19,CUST-01994,cust-01994@lumenmail.com,Lighting,2,228.14,0.05,Social,CA,variant
ORD-006142,2023-11-25,CUST-01918,cust-01918@lumenmail.com,Accessories,1,134.67,0.05,Email,UK,
ORD-007585,2024-05-07,CUST-01345,cust-01345@lumenmail.com,Lighting,2,67.29,0.05,Email,US,variant
ORD-005356,07/07/2024,CUST-02875,cust-02875@lumenmail.com,Décor,2,66.73,0.1,Social,US,control
ORD-003694,2023-07-17,CUST-00703,cust-00703@lumenmail.com,Lighting,1,26.97,0.0,Organic,US,
ORD-008058,18/08/2023,CUST-02948,cust-02948@lumenmail.com,Lighting,1,104.64,15.0,Email,UK,control
ORD-008116,2023-09-19,CUST-02533,cust-02533@lumenmail.com,Lighting,2,95.3,0.1,Paid Search,CA,
ORD-006355,2024-03-14,CUST-02839,cust-02839@lumenmail.com,Furniture,2,19.29,0.0,Email,US,
ORD-009048,2024-03-08,CUST-00787,cust-00787@lumenmail.com,Décor,1,48.36,0.15,Email,US,
ORD-001360,2023-10-21,CUST-00445,cust-00445@lumenmail.com,Décor,4,9.48,0.0,Social,US,variant
ORD-002000,2024-11-10,CUST-01594,cust-01594@lumenmail.com,Lighting,4,294.66,0.0,Email,ZZ,variant
ORD-007229,2024-03-29,CUST-02675,cust-02675@lumenmail.com,Lighting,2,52.46,0.0,Social,US,
ORD-001729,2024-02-29,,guest@lumenmail.com,Décor,1,710.93,0.05,Email,US,variant
ORD-004516,2024-06-26,,guest@lumenmail.com,Lighting,1,22.91,0.0,Paid Search,US,variant
ORD-002860,2024-06-13,CUST-00197,cust-00197@lumenmail.com,Furniture,2,46.1,0.05,Social,US,
ORD-009381,2024-02-10,CUST-00449,cust-00449@lumenmail.com,Lighting,2,566.26,0.0,Social,US,
ORD-004646,2024-09-12,CUST-01328,cust-01328@lumenmail.com,Outdoor,2,349.31,0.0,Email,CA,
ORD-007212,2023-08-19,CUST-01698,cust-01698@lumenmail.com,Lighting,1,640.1,0.05,Paid Search,US,control
ORD-005740,02/01/2024,CUST-00034,cust-00034@lumenmail.com,Lightng,1,99.21,0.05,Email,US,
ORD-009489,2024-10-31,CUST-01131,cust-01131@lumenmail.com,Lighting,1,17.57,0.0,Organic,US,control
ORD-005192,18/06/2024,CUST-00750,cust-00750@lumenmail.com,Accessories,4,234.38,0.0,,US,
ORD-000999,11/11/2024,CUST-00245,cust-00245@lumenmail.com,Décor,2,375.21,0.0,Email,US,control
ORD-003763,09/03/2024,CUST-02595,cust-02595@lumenmail.com,Lighting,2,579.65,0.0,Paid Search,US,
ORD-004835,16/08/2024,,guest@lumenmail.com,Lighting,3,21.93,5.0,Social,CA,control
ORD-001757,2023-10-21,CUST-02558,cust-02558@lumenmail.com,Outdoor,2,244.0,0.1,Social,CA,
ORD-009099,2024-02-17,CUST-00553,cust-00553@lumenmail.com,Lighting,7,15.09,0.15,Organic,US,variant
ORD-007476,2024-02-26,CUST-00241,cust-00241@lumenmail.com,Décor,3,76.17,0.15,Organic,US,variant
ORD-001140,2024-04-06,CUST-01133,cust-01133@lumenmail.com,Outdoor,1,173.34,15.0,Paid Search,US,variant
ORD-000826,2024-05-30,CUST-02777,cust-02777@lumenmail.com,Furniture,2,22.68,0.05,Email,US,variant
ORD-004711,2024-09-04,CUST-02860,cust-02860@lumenmail.com,Décor,2,335.98,0.0,Paid Search,US,
ORD-005138,2024-04-24,,guest@lumenmail.com,Décor,1,378.48,0.0,Organic,AU,
ORD-007016,2023-09-09,CUST-00453,cust-00453@lumenmail.com,Lighting,1,558.6,0.0,Organic,UK,
ORD-004223,2023-06-19,,guest@lumenmail.com,Furniture,1,33.9,0.1,Email,CA,
ORD-006975,2024-12-29,CUST-00961,cust-00961@lumenmail.com,Outdoor,2,82.39,0.1,,CA,control
ORD-007185,2024-11-13,CUST-00367,cust-00367@lumenmail.com,Lighting,1,97.04,0.15,Paid Search,US,control
ORD-004264,2024-01-21,CUST-01737,cust-01737@lumenmail.com,Furniture,1,16.39,0.0,Organic,CA,
ORD-008757,2023-08-12,CUST-00460,cust-00460@lumenmail.com,Lighting,2,34.89,0.0,Organic,UK,
ORD-008465,2024-01-27,CUST-01443,cust-01443@lumenmail.com,Accessories,1,712.02,0.0,Organic,ZZ,control
ORD-005788,2024-09-09,CUST-00519,cust-00519@lumenmail.com,Lighting,1,29.65,0.0,Organic,US,
ORD-003845,18/12/2023,CUST-01576,cust-01576@lumenmail.com,Outdoor,7,33.28,0.05,Paid Search,US,variant
ORD-002713,2024-01-22,CUST-00195,cust-00195@lumenmail.com,Furniture,2,44.96,0.2,Social,ZZ,variant
ORD-005833,2024-10-18,CUST-01053,cust-01053@lumenmail.com,Décor,2,47.78,0.0,Email,AU,
ORD-006220,2024-08-15,CUST-00152,cust-00152@lumenmail.com,Décor,3,78.52,0.15,Paid Search,US,
ORD-001025,18/08/2024,CUST-00317,cust-00317@lumenmail.com,Lighting,4,6.76,0.0,Email,US,variant
ORD-000428,2024-09-16,CUST-01503,cust-01503@lumenmail.com,Lighting,1,5.78,0.0,Email,CA,variant
ORD-006987,2024-08-13,CUST-02578,cust-02578@lumenmail.com,Lighting,3,120.71,0.0,Paid Search,US,
ORD-004178,26/06/2024,CUST-01129,cust-01129@lumenmail.com,Lighting,1,603.49,0.0,Email,UK,variant
ORD-009338,2024-05-22,CUST-02181,cust-02181@lumenmail.com,Décor,2,162.79,0.2,Social,US,variant
ORD-003588,2024-12-08,CUST-01902,cust-01902@lumenmail.com,Outdoor,3,68.71,0.0,,AU,control
ORD-004358,2024-10-09,CUST-01289,cust-01289@lumenmail.com,Outdoor,1,125.86,0.1,Email,ZZ,variant
ORD-004414,2024-10-21,CUST-00051,cust-00051@lumenmail.com,Accessories,1,23.71,0.0,Email,US,control
ORD-007151,2024-08-19,CUST-01039,cust-01039@lumenmail.com,Lighting,2,362.54,0.2,Email,CA,
ORD-004906,2023-11-26,,guest@lumenmail.com,Lighting,1,114.77,0.0,Paid Search,US,
ORD-001104,2023-10-17,CUST-01184,cust-01184@lumenmail.com,lighting,1,145.65,20.0,Email,AU,
ORD-007284,2024-02-12,,guest@lumenmail.com,Furniture,2,81.32,0.15,Social,UK,variant
ORD-002775,2023-08-08,CUST-02897,cust-02897@lumenmail.com,Furniture,4,35.72,0.2,Organic,UK,variant
ORD-004102,2024-01-23,CUST-00313,cust-00313@lumenmail.com,Lighting,1,199.81,0.1,Paid Search,US,variant
ORD-001206,01/06/2024,CUST-02451,cust-02451@lumenmail.com,Décor,2,42.92,0.0,Organic,US,control
ORD-004349,2024-11-09,CUST-02671,cust-02671@lumenmail.com,Décor,1,7.56,20.0,Organic,US,
ORD-000111,2024-04-03,CUST-01928,cust-01928@lumenmail.com,Décor,4,43.54,15.0,Organic,CA,
ORD-009371,2023-07-19,CUST-01979,cust-01979@lumenmail.com,lighting,2,280.45,0.0,Paid Search,CA,
ORD-007126,2024-01-13,CUST-02051,cust-02051@lumenmail.com,Furniture,5,0.0,0.0,Paid Search,US,
ORD-008226,12/09/2023,CUST-00292,cust-00292@lumenmail.com,Décor,1,45.62,0.05,Paid Search,US,
ORD-003021,2023-06-01,CUST-02934,cust-02934@lumenmail.com,Lighting,5,97.99,0.0,Email,US,control
ORD-009377,2024-03-06,CUST-00861,cust-00861@lumenmail.com,Lighting,1,25.34,10.0,Organic,UK,variant
ORD-007751,2023-07-11,CUST-01043,cust-01043@lumenmail.com,Lighting,3,49.95,0.0,Paid Search,US,control
ORD-004130,2023-12-18,CUST-01772,cust-01772@lumenmail.com,Lighting,2,40.93,0.15,Email,US,variant
ORD-003813,2023-09-18,CUST-00426,cust-00426@lumenmail.com,Outdoor,2,9.66,0.05,Email,AU,control
ORD-000084,2024-12-29,CUST-02581,cust-02581@lumenmail.com,Décor,1,187.49,0.25,Organic,ZZ,control
ORD-002406,2024-07-23,CUST-02634,cust-02634@lumenmail.com,Furniture,1,159.34,0.0,Paid Search,UK,variant
ORD-006907,2024-02-03,CUST-01584,cust-01584@lumenmail.com,Lighting,4,197.33,0.0,Email,CA,
ORD-006060,2024-05-28,CUST-00003,cust-00003@lumenmail.com,Outdoor,2,25.27,0.0,Email,US,
ORD-007052,2024-06-25,CUST-02968,cust-02968@lumenmail.com,Furniture,1,60.23,0.05,Organic,AU,control
ORD-008819,2023-10-14,CUST-00103,cust-00103@lumenmail.com,Décor,1,80.57,0.1,Social,US,variant
ORD-003390,2023-12-14,CUST-01936,cust-01936@lumenmail.com,Décor,2,28.05,0.15,Paid Search,US,control
ORD-006011,18/09/2023,CUST-02400,cust-02400@lumenmail.com,Furniture,1,108.23,0.0,Organic,US,control
ORD-002760,2024-01-12,CUST-00019,cust-00019@lumenmail.com,Lighting,1,108.64,25.0,Organic,CA,variant
ORD-001499,2024-05-01,CUST-01337,cust-01337@lumenmail.com,Décor,6,377.69,0.0,Paid Search,US,control
ORD-002288,2024-11-27,CUST-01846,cust-01846@lumenmail.com,Accessories,3,116.71,0.05,Email,UK,control
ORD-008425,2024-11-17,CUST-00427,cust-00427@lumenmail.com,Décor,3,100.78,0.05,Paid Search,CA,
ORD-005160,2024-02-27,CUST-02471,cust-02471@lumenmail.com,Décor,1,68.76,0.0,Organic,UK,
ORD-001975,2023-08-12,CUST-00888,cust-00888@lumenmail.com,Outdoor,1,134.87,0.0,Email,US,control
ORD-000097,2024-08-14,CUST-00054,cust-00054@lumenmail.com,Accessories,2,81.87,0.05,Organic,US,variant
ORD-009577,2024-12-24,CUST-01896,cust-01896@lumenmail.com,Lighting,4,224.67,0.15,Organic,US,variant
ORD-005410,2023-12-21,CUST-02567,cust-02567@lumenmail.com,Décor,1,167.26,0.05,Paid Search,US,
ORD-001707,2024-01-16,,guest@lumenmail.com,Décor,1,178.49,0.1,Paid Search,US,control
ORD-009420,2023-12-19,CUST-02740,cust-02740@lumenmail.com,Outdoor,2,23.3,0.0,Social,US,variant
ORD-008564,2024-01-25,CUST-02991,cust-02991@lumenmail.com,Outdoor,1,47.86,0.0,Paid Search,US,variant
ORD-003212,04/11/2024,CUST-01707,cust-01707@lumenmail.com,Accessories,1,175.47,0.0,Email,US,variant
ORD-000922,2024-10-07,,guest@lumenmail.com,Furniture,1,47.33,0.05,Organic,CA,variant
ORD-003726,2024-10-12,CUST-00550,cust-00550@lumenmail.com,Furniture,2,149.98,0.1,Organic,US,variant
ORD-002658,2024-01-16,CUST-02090,cust-02090@lumenmail.com,Décor,3,302.53,0.0,Organic,UK,control
ORD-005817,2024-08-06,CUST-01486,cust-01486@lumenmail.com,Décor,3,161.34,0.0,Social,US,
ORD-007962,2023-11-30,CUST-01867,cust-01867@lumenmail.com,Décor,4,8.74,0.05,Paid Search,US,control
ORD-001805,2024-05-15,,guest@lumenmail.com,Outdoor,-2,43.58,0.15,Organic,UK,
ORD-002176,2024-12-15,,guest@lumenmail.com,Décor,2,150.39,0.0,Paid Search,AU,
ORD-008242,2024-07-12,CUST-02062,cust-02062@lumenmail.com,Lighting,2,72.77,0.0,,UK,variant
ORD-008202,2024-07-27,CUST-02219,cust-02219@lumenmail.com,Outdoor,1,20.15,0.05,Paid Search,US,variant
ORD-008806,2024-02-11,CUST-02980,cust-02980@lumenmail.com,Décor,2,27.53,0.05,Email,US,variant
ORD-008289,2024-06-21,CUST-00422,cust-00422@lumenmail.com,Lighting,2,343.69,0.0,Paid Search,US,variant
ORD-005783,2023-07-14,CUST-01223,cust-01223@lumenmail.com,Furniture,1,177.14,0.2,Social,US,variant
ORD-007699,2024-11-16,CUST-00415,cust-00415@lumenmail.com,Outdoor,2,75.12,0.0,Organic,US,control
ORD-008166,04/11/2023,CUST-02668,cust-02668@lumenmail.com,Furniture,3,27.54,0.0,Email,UK,control
ORD-008968,2024-02-23,CUST-02123,cust-02123@lumenmail.com,Décor,3,430.01,0.1,Organic,UK,
ORD-006780,2023-06-14,CUST-01419,cust-01419@lumenmail.com,Décor,3,23.02,0.0,Organic,CA,
ORD-005503,2024-08-14,,guest@lumenmail.com,Lighting,3,558.82,0.0,Paid Search,UK,
ORD-005182,2024-03-04,CUST-02628,cust-02628@lumenmail.com,Décor,2,600.49,0.05,Email,US,control
ORD-006102,2024-03-31,,guest@lumenmail.com,Furniture,1,382.59,0.1,Organic,US,
ORD-006920,01/10/2023,CUST-01751,cust-01751@lumenmail.com,Furniture,3,101.84,0.0,Social,US,
ORD-007083,2023-07-06,CUST-01119,cust-01119@lumenmail.com,Décor,3,665.39,0.2,Organic,UK,control
ORD-007662,22/12/2024,,guest@lumenmail.com,Lighting,2,37.85,0.1,,CA,
ORD-001292,2024-04-27,CUST-02050,cust-02050@lumenmail.com,Décor,2,124.79,0.0,Paid Search,US,variant
ORD-005413,2024-04-30,CUST-00097,cust-00097@lumenmail.com,Décor,1,66.68,0.0,Paid Search,ZZ,control
ORD-003584,2024-09-16,CUST-01203,cust-01203@lumenmail.com,Furniture,1,377.33,0.2,Paid Search,AU,variant
ORD-006372,02/01/2024,CUST-02560,cust-02560@lumenmail.com,Décor,1,21.37,0.0,Organic,UK,
ORD-001113,2024-03-09,CUST-01126,cust-01126@lumenmail.com,Furniture,1,219.41,0.0,Paid Search,US,
ORD-006162,2023-09-08,CUST-01567,cust-01567@lumenmail.com,Lighting,2,91.16,0.0,Paid Search,UK,control
ORD-009598,,CUST-00899,cust-00899@lumenmail.com,Furniture,1,84.21,0.05,Organic,US,variant
ORD-003061,2024-11-22,CUST-02637,cust-02637@lumenmail.com,Accessories,1,577.63,0.1,Paid Search,US,control
ORD-002716,2024-01-07,CUST-00326,cust-00326@lumenmail.com,Décor,4,122.18,0.0,Paid Search,US,
ORD-001458,2024-06-11,CUST-01626,cust-01626@lumenmail.com,Furniture,2,16.79,0.0,Paid Search,US,
ORD-003189,2023-12-19,CUST-00855,cust-00855@lumenmail.com,Lighting,2,34.07,0.25,Paid Search,US,
ORD-001398,2024-08-08,CUST-01930,cust-01930@lumenmail.com,Outdoor,1,60.68,0.15,Organic,US,variant
ORD-008107,2024-06-19,CUST-01632,cust-01632@lumenmail.com,Décor,2,329.98,0.05,Organic,US,control
ORD-008119,2024-01-25,CUST-01024,cust-01024@lumenmail.com,Lighting,1,69.09,0.0,Email,US,variant
ORD-001569,2024-07-07,CUST-01526,cust-01526@lumenmail.com,Outdoor,3,734.9,0.0,Paid Search,UK,
ORD-008426,2023-10-25,CUST-00128,cust-00128@lumenmail.com,Lighting,2,45.73,0.2,Paid Search,UK,
ORD-008837,12/04/2024,CUST-00341,cust-00341@lumenmail.com,Furniture,4,18.23,0.1,Paid Search,CA,control
ORD-008676,18/01/2024,CUST-01425,cust-01425@lumenmail.com,Décor,1,47.24,0.1,Paid Search,US,control
ORD-000116,2024-01-08,CUST-00678,cust-00678@lumenmail.com,Décor,1,120.39,0.1,Paid Search,ZZ,variant
ORD-006538,2024-03-13,CUST-01959,cust-01959@lumenmail.com,Décor,3,719.64,0.0,Paid Search,US,control
ORD-003154,2023-11-04,CUST-02250,cust-02250@lumenmail.com,Lighting,1,67.39,0.05,Email,CA,variant
ORD-001300,2023-09-29,CUST-02078,cust-02078@lumenmail.com,Lighting,2,195.81,0.2,Paid Search,US,control
ORD-001470,2024-03-12,CUST-01772,cust-01772@lumenmail.com,Décor,1,48.07,0.0,Paid Search,US,
ORD-000405,2023-12-11,CUST-01222,cust-01222@lumenmail.com,Outdoor,1,203.77,0.15,Organic,UK,control
ORD-004313,2023-06-12,CUST-00491,cust-00491@lumenmail.com,Furniture,1,103.04,0.05,Organic,US,variant
ORD-006398,2023-07-01,CUST-00103,cust-00103@lumenmail.com,Décor,1,81.09,0.0,Paid Search,US,variant
ORD-000444,10/03/2024,CUST-01324,cust-01324@lumenmail.com,Accessories,2,135.61,0.0,Organic,US,variant
ORD-002772,2024-03-24,CUST-00042,cust-00042@lumenmail.com,Furniture,1,107.72,0.1,Paid Search,US,variant
ORD-009380,2023-06-16,CUST-00645,cust-00645@lumenmail.com,Décor,7,11.17,0.15,Organic,US,control
ORD-005048,2024-07-15,CUST-01708,cust-01708@lumenmail.com,Accessories,2,333.89,0.2,Paid Search,ZZ,
ORD-006775,2024-01-07,CUST-02207,cust-02207@lumenmail.com,Lighting,2,40.92,20.0,Email,UK,control
ORD-005206,2023-08-20,CUST-01540,cust-01540@lumenmail.com,Décor,2,140.43,20.0,,US,
ORD-001291,2024-08-08,CUST-02931,cust-02931@lumenmail.com,Outdoor,2,120.6,0.15,Paid Search,ZZ,
ORD-002045,26/08/2023,CUST-02889,cust-02889@lumenmail.com,Furniture,1,23.37,0.0,Email,CA,variant
ORD-004559,2023-06-20,CUST-00036,cust-00036@lumenmail.com,Accessories,-4,32.42,0.1,,US,
ORD-001811,2023-11-09,CUST-02874,cust-02874@lumenmail.com,Décor,-2,97.4,0.15,Paid Search,US,
ORD-000057,2024-05-01,CUST-02915,cust-02915@lumenmail.com,Décor,1,152.58,10.0,Email,UK,variant
ORD-008509,2023-09-27,CUST-02272,cust-02272@lumenmail.com,Décor,6,14.64,0.05,Email,US,
ORD-001902,2024-09-14,CUST-02599,cust-02599@lumenmail.com,Furniture,-2,108.93,0.0,Email,CA,variant
ORD-004820,21/05/2024,CUST-01576,cust-01576@lumenmail.com,Furniture,2,92.59,0.0,Email,US,control
ORD-001403,2024-01-09,CUST-01179,cust-01179@lumenmail.com,Décor,1,21.1,0.1,Email,US,control
ORD-004963,14/03/2024,CUST-00050,cust-00050@lumenmail.com,Furniture,5,29.59,0.0,Social,AU,variant
ORD-008146,2023-09-28,CUST-00532,cust-00532@lumenmail.com,Furniture,2,32.12,0.2,Email,US,control
ORD-007498,2024-06-10,CUST-02092,cust-02092@lumenmail.com,Lighting,1,185.91,0.25,Organic,CA,variant
ORD-009561,02/06/2023,CUST-00224,cust-00224@lumenmail.com,Furniture,-2,51.06,0.05,Email,CA,control
ORD-003846,2023-07-24,CUST-02011,cust-02011@lumenmail.com,lighting,6,126.24,0.0,Email,US,variant
ORD-008114,11/10/2024,CUST-01289,cust-01289@lumenmail.com,Décor,4,32.7,0.0,,US,variant
ORD-001102,2024-03-09,CUST-00161,cust-00161@lumenmail.com,Accessoires,1,653.55,0.1,Email,US,variant
ORD-005963,2024-09-02,CUST-02066,cust-02066@lumenmail.com,Décor,2,19.8,0.0,Email,US,
ORD-005370,2023-07-16,CUST-02692,cust-02692@lumenmail.com,Furniture,1,54.97,0.0,Organic,US,variant
ORD-007134,2024-11-22,CUST-01756,cust-01756@lumenmail.com,Lighting,3,23.51,0.0,Paid Search,CA,
ORD-002866,2024-10-10,CUST-02755,cust-02755@lumenmail.com,Accessories,1,81.76,0.1,Paid Search,US,variant
ORD-006695,07/01/2024,CUST-01281,cust-01281@lumenmail.com,Accessories,1,42.74,0.0,Paid Search,US,control
ORD-002257,2024-07-14,CUST-02603,cust-02603@lumenmail.com,Lighting,-3,13.09,0.0,Email,US,
ORD-000676,10/08/2024,CUST-00479,cust-00479@lumenmail.com,Outdoor,2,50.67,0.1,Email,US,
ORD-006850,2023-08-26,CUST-00513,cust-00513@lumenmail.com,Lighting,2,198.15,0.0,Paid Search,US,
ORD-006054,2023-11-07,CUST-02970,cust-02970@lumenmail.com,Furniture,4,210.58,0.25,Paid Search,ZZ,control
ORD-001545,17/07/2024,CUST-00443,cust-00443@lumenmail.com,Lighting,1,271.52,0.25,Paid Search,US,
ORD-005516,23/01/2024,CUST-01268,cust-01268@lumenmail.com,Furniture,2,40.51,10.0,Paid Search,US,variant
ORD-006031,2024-10-11,CUST-02710,cust-02710@lumenmail.com,Furniture,1,47.03,0.1,Paid Search,CA,
ORD-001230,2024-02-16,CUST-01778,cust-01778@lumenmail.com,Lighting,1,189.86,0.0,Email,US,control
ORD-003730,06/01/2024,CUST-01856,cust-01856@lumenmail.com,Lighting,2,319.21,0.0,Email,US,control
ORD-006731,2024-04-05,CUST-01817,cust-01817@lumenmail.com,Décor,1,72.42,0.0,Paid Search,US,
ORD-006881,2024-10-07,CUST-00582,cust-00582@lumenmail.com,Décor,1,84.97,5.0,Email,US,variant
ORD-008775,28/10/2023,CUST-02908,cust-02908@lumenmail.com,Décor,2,9.79,0.05,Email,US,
ORD-001421,2023-11-04,CUST-02662,cust-02662@lumenmail.com,Lighting,2,103.08,5.0,Paid Search,US,variant
ORD-005555,2024-01-09,CUST-02376,cust-02376@lumenmail.com,Décor,3,77.57,0.0,Paid Search,CA,control
ORD-005239,2023-10-05,CUST-02387,cust-02387@lumenmail.com,Lighting,2,398.74,0.0,Email,UK,variant
ORD-007501,26/06/2024,CUST-02161,cust-02161@lumenmail.com,Lighting,1,64.75,0.2,Social,CA,variant
ORD-001416,18/10/2023,CUST-00475,cust-00475@lumenmail.com,Lighting,3,26.99,0.05,,CA,
ORD-006566,2023-11-24,CUST-00682,cust-00682@lumenmail.com,Furniture,2,33.96,0.05,Paid Search,US,control
ORD-003828,2023-06-11,CUST-02038,cust-02038@lumenmail.com,Lighting,1,20.56,0.0,Email,UK,
ORD-003424,2023-06-30,CUST-00802,cust-00802@lumenmail.com,Décor,1,165.51,0.0,Paid Search,CA,control
ORD-005078,2024-05-15,CUST-00434,cust-00434@lumenmail.com,Lighting,3,156.05,0.1,Organic,US,
ORD-000805,2024-05-07,CUST-02432,cust-02432@lumenmail.com,Accessories,2,88.13,0.0,Social,US,control
ORD-002481,2024-06-15,CUST-01061,cust-01061@lumenmail.com,lighting,5,14.65,0.0,Organic,CA,
ORD-007249,2023-06-27,CUST-00074,cust-00074@lumenmail.com,Lighting,1,70.54,0.05,Paid Search,US,
ORD-007470,2024-06-30,CUST-00139,cust-00139@lumenmail.com,Décor,2,76.0,0.05,Organic,US,variant
ORD-009360,2024-09-08,CUST-02078,cust-02078@lumenmail.com,Décor,5,11.68,5.0,Organic,ZZ,
ORD-005690,2024-08-18,CUST-00501,cust-00501@lumenmail.com,Outdoor,1,86.62,0.05,Paid Search,US,
ORD-003319,2024-10-01,CUST-02824,cust-02824@lumenmail.com,Lighting,2,8.27,0.05,Email,CA,variant
ORD-005736,2023-10-28,CUST-02480,cust-02480@lumenmail.com,Décor,4,111.57,0.0,Organic,US,
ORD-001971,2023-09-15,CUST-02172,cust-02172@lumenmail.com,Lighting,7,88.87,0.0,Paid Search,US,
ORD-004119,2023-08-27,CUST-01349,cust-01349@lumenmail.com,Furniture,1,28.79,0.0,Paid Search,US,control
ORD-003333,2024-03-11,CUST-02734,cust-02734@lumenmail.com,Décor,4,455.95,0.0,Social,US,
ORD-000834,2024-02-06,CUST-01354,cust-01354@lumenmail.com,Furniture,2,75.07,0.0,Paid Search,CA,
ORD-003836,2024-10-18,CUST-02386,cust-02386@lumenmail.com,Décor,-1,16.56,0.15,Email,UK,control
ORD-004068,16/11/2024,CUST-02289,cust-02289@lumenmail.com,Outdoor,1,62.14,0.0,Social,US,
ORD-001972,2024-11-11,CUST-02400,cust-02400@lumenmail.com,Furniture,1,88.59,0.0,Social,US,
ORD-005699,31/12/2023,CUST-00100,cust-00100@lumenmail.com,Accessories,5,14.54,20.0,Email,UK,
ORD-004625,2024-10-27,CUST-01502,cust-01502@lumenmail.com,Décor,2,58.8,0.0,Paid Search,US,
ORD-005272,2023-11-18,CUST-01473,cust-01473@lumenmail.com,Décor,2,104.72,0.05,Organic,US,variant
ORD-007200,2024-02-06,CUST-00726,cust-00726@lumenmail.com,Décor,1,196.34,0.1,Paid Search,US,variant
ORD-004059,2023-12-12,CUST-00636,cust-00636@lumenmail.com,lighting,5,45.08,0.0,Organic,US,variant
ORD-004173,2024-12-05,CUST-01135,cust-01135@lumenmail.com,Décor,1,16.33,0.1,Email,US,variant
ORD-008609,2024-08-26,CUST-01151,cust-01151@lumenmail.com,Furniture,2,109.31,0.0,Email,US,control
ORD-005268,2024-01-01,CUST-01568,cust-01568@lumenmail.com,Furniture,1,185.22,0.05,Paid Search,AU,control
ORD-004395,2024-08-05,CUST-00449,cust-00449@lumenmail.com,Furniture,4,122.71,0.25,Email,UK,control
ORD-005274,2024-02-14,CUST-02520,cust-02520@lumenmail.com,Décor,2,109.27,0.0,Paid Search,UK,
ORD-000170,2024-03-23,CUST-01711,cust-01711@lumenmail.com,Lighting,1,627.96,0.0,Organic,US,
ORD-003457,2024-09-11,CUST-00535,cust-00535@lumenmail.com,Accessories,1,46.26,0.15,Email,AU,
ORD-004170,2024-11-10,CUST-01621,cust-01621@lumenmail.com,Décor,1,15.49,0.15,Paid Search,UK,
ORD-005193,17/09/2023,CUST-00190,cust-00190@lumenmail.com,Décor,-5,82.92,0.1,Paid Search,US,control
ORD-005343,2023-06-07,CUST-02578,cust-02578@lumenmail.com,Outdoor,2,76.04,0.1,Paid Search,US,variant
ORD-006489,2024-02-11,CUST-02932,cust-02932@lumenmail.com,Lighting,5,48.76,0.05,Organic,US,
ORD-006750,2023-12-14,,guest@lumenmail.com,Accessories,3,37.85,0.1,Organic,US,variant
ORD-000285,2023-06-14,CUST-02461,cust-02461@lumenmail.com,Décor,2,30.4,0.0,Email,US,
ORD-006754,2024-10-12,CUST-01208,cust-01208@lumenmail.com,Furniture,2,33.66,0.15,Social,UK,
ORD-005899,18/07/2023,CUST-01572,cust-01572@lumenmail.com,Furniture,-3,188.57,0.0,Organic,US,variant
ORD-008595,2023-07-21,CUST-00159,cust-00159@lumenmail.com,Furniture,5,80.41,0.05,Paid Search,AU,
ORD-005200,2023-08-14,CUST-00839,cust-00839@lumenmail.com,Furniture,1,561.12,0.2,Organic,US,
ORD-007453,2023-10-06,CUST-00879,cust-00879@lumenmail.com,Lighting,1,73.27,0.0,Social,US,variant
ORD-008574,2024-07-01,CUST-00278,cust-00278@lumenmail.com,Furniture,1,30.29,0.0,Paid Search,US,control
ORD-007812,2024-09-13,CUST-01741,cust-01741@lumenmail.com,Accessories,4,25.1,0.0,Email,CA,
ORD-004490,2024-08-06,CUST-00643,cust-00643@lumenmail.com,Décor,2,45.63,0.1,Paid Search,US,variant
ORD-005551,14/03/2024,CUST-00029,cust-00029@lumenmail.com,Accessories,4,56.21,0.1,Email,US,variant
ORD-004878,2024-11-29,CUST-00699,cust-00699@lumenmail.com,Furniture,2,508.42,0.1,,US,variant
ORD-003890,2024-06-14,CUST-01528,cust-01528@lumenmail.com,Lighting,3,21.44,0.1,Organic,US,control
ORD-001399,2024-03-02,CUST-01934,cust-01934@lumenmail.com,Outdoor,1,83.11,0.0,Email,US,control
ORD-004464,2024-08-01,CUST-00917,cust-00917@lumenmail.com,Lighting,-2,49.9,0.0,Paid Search,US,variant
ORD-001365,2024-07-26,CUST-01917,cust-01917@lumenmail.com,Lighting,5,62.73,0.1,Paid Search,CA,variant
ORD-003915,2023-07-31,CUST-01728,cust-01728@lumenmail.com,Lighting,2,51.19,10.0,Organic,US,
ORD-001227,2024-06-26,CUST-02923,cust-02923@lumenmail.com,Lighting,6,95.41,0.0,Organic,US,
ORD-001308,2024-05-16,CUST-02665,cust-02665@lumenmail.com,Décor,3,5.76,0.0,,CA,
ORD-005952,2024-10-07,CUST-02112,cust-02112@lumenmail.com,Furniture,2,20.57,0.05,Email,AU,
ORD-003007,2023-06-07,CUST-01997,cust-01997@lumenmail.com,Décor,1,67.28,0.1,Social,CA,
ORD-007071,2023-11-20,CUST-00978,cust-00978@lumenmail.com,Outdoor,1,9.49,0.0,Organic,US,
ORD-005917,2024-12-07,CUST-01675,cust-01675@lumenmail.com,Furniture,1,67.73,0.0,Email,CA,control
ORD-004566,13/03/2024,CUST-02794,cust-02794@lumenmail.com,Furniture,2,643.51,0.0,Paid Search,US,variant
ORD-009494,2024-03-11,CUST-01896,cust-01896@lumenmail.com,Furniture,3,95.86,0.0,Email,US,control
ORD-004329,2024-07-26,CUST-01313,cust-01313@lumenmail.com,lighting,3,26.23,0.0,Paid Search,US,variant
ORD-002819,2024-02-22,CUST-01543,cust-01543@lumenmail.com,Accessories,1,41.75,0.05,Paid Search,US,variant
ORD-000478,2024-10-24,CUST-02337,cust-02337@lumenmail.com,Lighting,3,724.11,0.2,,US,
ORD-002082,22/03/2024,CUST-00463,cust-00463@lumenmail.com,Furniture,-2,333.38,0.15,Social,CA,
ORD-006200,2023-09-21,,guest@lumenmail.com,Furniture,1,173.83,0.1,Email,UK,variant
ORD-002740,25/02/2024,CUST-01428,cust-01428@lumenmail.com,Lighting,1,53.62,0.0,Social,CA,control
ORD-008976,2024-02-28,CUST-01646,cust-01646@lumenmail.com,Outdoor,4,25.28,0.0,Paid Search,US,
ORD-002221,2023-07-30,CUST-02110,cust-02110@lumenmail.com,Outdoor,1,36.2,0.0,Email,US,control
ORD-008314,2023-12-02,CUST-02233,cust-02233@lumenmail.com,Lighting,5,52.14,0.0,,US,
ORD-007225,2024-12-28,CUST-02806,cust-02806@lumenmail.com,Accessories,2,21.36,0.0,Email,US,control
ORD-006213,2024-06-13,CUST-01088,cust-01088@lumenmail.com,Lighting,1,33.05,0.0,Email,US,control
ORD-007902,2023-10-03,,guest@lumenmail.com,Lighting,2,272.42,0.0,Organic,CA,
ORD-001986,2023-11-24,CUST-01757,cust-01757@lumenmail.com,Accessories,7,29.1,20.0,Paid Search,US,
ORD-003241,01/12/2023,CUST-01276,cust-01276@lumenmail.com,Lighting,5,5.91,0.15,Email,CA,
ORD-006391,2024-10-22,CUST-01602,cust-01602@lumenmail.com,Décor,1,48.92,0.1,Paid Search,CA,control
ORD-004424,2023-06-14,CUST-00053,cust-00053@lumenmail.com,Décor,3,786.64,0.0,Organic,CA,variant
ORD-000756,02/09/2024,CUST-00134,cust-00134@lumenmail.com,Furniture,1,16.31,0.2,Organic,US,control
ORD-003206,2023-08-06,CUST-02651,cust-02651@lumenmail.com,Lighting,2,39.88,0.05,Email,CA,
ORD-000021,2023-12-04,CUST-00828,cust-00828@lumenmail.com,Furniture,3,32.07,0.15,Email,US,
ORD-001793,13/07/2024,CUST-02116,cust-02116@lumenmail.com,Lighting,2,32.66,0.0,Email,US,
ORD-007918,2024-10-16,CUST-01322,cust-01322@lumenmail.com,Lighting,1,429.51,0.1,Organic,US,
ORD-005870,2024-09-29,CUST-01862,cust-01862@lumenmail.com,Outdoor,1,717.43,0.0,Organic,US,control
ORD-004136,2023-12-13,CUST-01382,cust-01382@lumenmail.com,Accessories,2,83.91,25.0,Organic,US,control
ORD-006289,2024-01-25,CUST-00739,cust-00739@lumenmail.com,Furniture,3,55.61,0.0,,CA,control
ORD-006639,2024-10-11,CUST-02143,cust-02143@lumenmail.com,Lighting,2,10.98,0.1,Social,US,
ORD-006291,2024-12-30,,guest@lumenmail.com,Lighting,2,6.77,0.0,Email,US,control
ORD-003832,2024-08-15,CUST-02905,cust-02905@lumenmail.com,Outdoor,2,779.65,0.0,Paid Search,US,
ORD-003778,2023-07-26,CUST-01796,cust-01796@lumenmail.com,Lighting,1,12.07,0.05,Organic,CA,control
ORD-007205,2023-10-05,CUST-00967,cust-00967@lumenmail.com,Furniture,1,321.7,0.0,Email,US,control
ORD-000241,2024-05-04,CUST-02909,cust-02909@lumenmail.com,Lighting,3,188.1,0.0,Email,CA,
ORD-004363,2024-05-05,CUST-01984,cust-01984@lumenmail.com,Accessories,5,29.69,0.0,Organic,US,
ORD-002527,2024-05-07,,guest@lumenmail.com,Décor,3,661.03,0.0,Social,CA,
ORD-007737,2023-08-31,CUST-01505,cust-01505@lumenmail.com,Furniture,2,30.85,0.05,Email,AU,variant
ORD-002867,24/10/2024,CUST-01579,cust-01579@lumenmail.com,Décor,1,98.47,0.0,,US,control
ORD-002593,2024-10-17,,guest@lumenmail.com,Décor,1,142.27,0.05,Organic,US,
ORD-001548,2024-03-22,CUST-02223,cust-02223@lumenmail.com,Accessories,5,586.68,0.05,,CA,
ORD-004979,16/09/2024,CUST-00464,cust-00464@lumenmail.com,Accessories,7,7.17,0.1,Social,US,variant
ORD-000019,2023-12-11,CUST-00806,cust-00806@lumenmail.com,Furniture,7,7.49,0.05,Email,CA,control
ORD-006393,19/02/2024,CUST-01056,cust-01056@lumenmail.com,Lighting,1,167.44,0.0,Paid Search,US,
ORD-008047,2024-10-14,CUST-01013,cust-01013@lumenmail.com,Accessories,1,94.14,0.05,Paid Search,US,control
ORD-003527,2023-12-04,CUST-00234,cust-00234@lumenmail.com,Lighting,2,7.43,0.05,Email,CA,control
ORD-000727,2024-05-13,CUST-02677,cust-02677@lumenmail.com,Décor,1,35.58,0.1,Organic,CA,
ORD-004500,18/02/2024,CUST-01963,cust-01963@lumenmail.com,Outdoor,4,121.59,0.0,Email,CA,
ORD-005624,2024-09-05,CUST-00915,cust-00915@lumenmail.com,Lighting,4,7.82,0.0,Paid Search,US,variant
ORD-005593,2023-08-20,CUST-00895,cust-00895@lumenmail.com,Outdoor,2,351.61,0.0,Organic,US,control
ORD-000222,2023-11-15,CUST-00135,cust-00135@lumenmail.com,Lighting,2,436.18,0.0,Organic,US,control
ORD-003367,26/11/2024,CUST-00402,cust-00402@lumenmail.com,Lighting,2,127.12,20.0,Email,UK,
ORD-008218,2024-06-02,CUST-00780,cust-00780@lumenmail.com,Décor,3,140.58,0.05,Organic,US,
ORD-002785,2024-04-28,CUST-00444,cust-00444@lumenmail.com,Lighting,1,119.78,0.15,Email,CA,
ORD-002892,2024-09-09,CUST-01165,cust-01165@lumenmail.com,Outdoor,1,45.24,0.15,Social,US,variant
ORD-005632,20/12/2024,CUST-02338,cust-02338@lumenmail.com,Furniture,1,24.94,0.1,Email,US,variant
ORD-005837,2023-06-02,CUST-01051,cust-01051@lumenmail.com,Furniture,3,23.31,0.0,Email,US,variant
ORD-008958,2024-02-04,CUST-01794,cust-01794@lumenmail.com,Lightng,3,37.59,0.1,Email,UK,variant
ORD-006318,2023-10-30,CUST-01852,cust-01852@lumenmail.com,Lighting,1,70.39,0.05,Social,US,
ORD-007807,2024-07-14,CUST-01672,cust-01672@lumenmail.com,Furniture,1,0.0,0.0,Email,US,variant
ORD-006128,08/11/2023,CUST-00791,cust-00791@lumenmail.com,Décor,1,23.29,0.0,Organic,US,variant
ORD-004400,2023-07-07,CUST-00085,cust-00085@lumenmail.com,Décor,2,22.44,0.15,Social,CA,
ORD-009335,2024-08-01,CUST-01476,cust-01476@lumenmail.com,Lighting,1,165.24,0.05,Paid Search,US,control
ORD-001083,2024-11-26,CUST-01198,cust-01198@lumenmail.com,Lighting,5,96.54,0.2,Organic,UK,variant
ORD-001052,2024-05-16,CUST-01964,cust-01964@lumenmail.com,Décor,-1,147.91,0.05,Paid Search,US,
ORD-001404,2024-01-31,,guest@lumenmail.com,Lighting,1,67.65,0.0,Email,US,control
ORD-007743,2024-01-08,CUST-00449,cust-00449@lumenmail.com,Furniture,2,47.12,0.0,Email,US,
ORD-002528,2023-12-04,CUST-00091,cust-00091@lumenmail.com,Lighting,4,372.32,0.1,Email,CA,variant
ORD-002613,29/04/2024,CUST-02442,cust-02442@lumenmail.com,Outdoor,1,62.6,0.05,Email,US,variant
ORD-001242,2023-12-01,CUST-00260,cust-00260@lumenmail.com,Furniture,5,48.38,0.25,Social,US,control
ORD-004929,12/02/2024,CUST-02274,cust-02274@lumenmail.com,Décor,6,92.69,0.0,Paid Search,CA,
ORD-000956,13/09/2023,CUST-01357,cust-01357@lumenmail.com,Lighting,5,404.58,0.0,Paid Search,ZZ,variant
ORD-005025,06/07/2023,CUST-02916,cust-02916@lumenmail.com,Décor,1,255.65,10.0,Email,CA,
ORD-008355,2024-02-22,CUST-01301,cust-01301@lumenmail.com,Lighting,-1,204.64,0.15,Paid Search,US,
ORD-004817,2024-10-24,CUST-00926,cust-00926@lumenmail.com,Décor,1,130.77,0.15,Email,US,
ORD-003781,2023-12-30,CUST-02803,cust-02803@lumenmail.com,Décor,4,15.3,0.15,Organic,CA,variant
ORD-004797,2024-02-09,CUST-01122,cust-01122@lumenmail.com,Lighting,1,54.12,0.0,Paid Search,US,
ORD-009147,2024-09-28,CUST-01637,cust-01637@lumenmail.com,Décor,-2,143.38,0.25,Organic,US,control
ORD-005388,2023-08-24,CUST-01930,cust-01930@lumenmail.com,Accessories,1,247.29,0.1,Paid Search,US,
ORD-008656,2023-09-23,CUST-01994,cust-01994@lumenmail.com,Furniture,1,34.29,0.25,Email,US,variant
ORD-006518,2023-07-22,CUST-01330,cust-01330@lumenmail.com,Décor,1,33.44,0.2,Email,US,
ORD-000041,05/07/2024,CUST-01077,cust-01077@lumenmail.com,Lighting,1,53.02,15.0,Social,US,control
ORD-006026,2024-02-03,CUST-02677,cust-02677@lumenmail.com,Outdoor,2,130.28,0.0,Organic,US,
ORD-004733,2024-10-01,CUST-02197,cust-02197@lumenmail.com,Outdoor,2,8.62,0.0,Email,US,variant
ORD-007879,2024-01-19,CUST-01541,cust-01541@lumenmail.com,Lighting,3,44.77,0.05,Social,CA,control
ORD-003270,2024-06-06,CUST-02755,cust-02755@lumenmail.com,Outdoor,1,169.53,0.0,Paid Search,US,variant
ORD-008520,2024-11-15,CUST-00697,cust-00697@lumenmail.com,Décor,5,89.49,0.0,Organic,US,variant
ORD-001172,2024-11-14,CUST-02059,cust-02059@lumenmail.com,Furniture,2,82.98,0.0,Paid Search,UK,
ORD-003613,2024-09-20,CUST-01906,cust-01906@lumenmail.com,Lighting,1,9.37,0.15,Email,US,control
ORD-000415,2024-05-15,CUST-02977,cust-02977@lumenmail.com,Lighting,-1,300.69,0.0,Organic,CA,control
ORD-004990,2023-12-13,CUST-00994,cust-00994@lumenmail.com,Lighting,3,532.41,0.0,Social,US,variant
ORD-005880,2024-06-13,CUST-02297,cust-02297@lumenmail.com,Décor,1,31.64,0.0,Email,US,
ORD-007976,2023-06-26,CUST-00142,cust-00142@lumenmail.com,Lighting,2,71.89,0.0,Organic,US,variant
ORD-007420,2024-02-15,,guest@lumenmail.com,Outdoor,6,216.12,0.15,Email,UK,variant
ORD-007574,,CUST-01426,cust-01426@lumenmail.com,Décor,3,385.53,0.0,Email,US,
ORD-007264,2023-06-01,CUST-02769,cust-02769@lumenmail.com,Accessories,4,99.63,0.0,Email,US,variant
ORD-004544,2024-04-29,,guest@lumenmail.com,Décor,1,173.27,0.0,Email,US,
ORD-000393,2023-06-12,CUST-00819,cust-00819@lumenmail.com,Outdoor,1,15.85,0.15,Paid Search,CA,variant
ORD-001278,2024-10-06,CUST-00570,cust-00570@lumenmail.com,Furniture,2,126.09,0.15,Social,AU,control
ORD-001450,17/07/2023,CUST-00677,cust-00677@lumenmail.com,Outdoor,1,124.2,0.1,Paid Search,US,variant
ORD-008511,2024-05-04,CUST-02214,cust-02214@lumenmail.com,Lighting,1,504.45,0.0,Email,ZZ,control
ORD-006436,2024-02-04,CUST-01803,cust-01803@lumenmail.com,Lighting,4,558.18,0.15,Email,CA,
ORD-007756,2024-09-05,CUST-00617,cust-00617@lumenmail.com,Décor,4,49.45,0.0,Paid Search,US,
ORD-009042,2023-11-04,CUST-02673,cust-02673@lumenmail.com,Lighting,2,119.13,0.1,Email,CA,variant
ORD-004238,2024-11-15,CUST-01045,cust-01045@lumenmail.com,Furniture,3,31.25,0.05,Paid Search,US,control
ORD-000470,2023-06-19,CUST-02126,cust-02126@lumenmail.com,Furniture,4,88.36,0.05,Paid Search,US,
ORD-005472,2024-12-29,CUST-02797,cust-02797@lumenmail.com,Furniture,2,170.19,0.0,Email,US,control
ORD-008562,2023-11-23,CUST-02373,cust-02373@lumenmail.com,Lighting,2,79.0,0.0,Social,US,control
ORD-002405,2024-11-11,CUST-02161,cust-02161@lumenmail.com,Furniture,6,45.58,0.25,Email,AU,variant
ORD-008867,2024-05-20,CUST-01577,cust-01577@lumenmail.com,Lighting,1,356.98,0.05,Email,US,
ORD-004145,2023-07-07,CUST-02824,cust-02824@lumenmail.com,Lighting,1,31.71,5.0,Social,US,
ORD-000113,2023-10-17,CUST-01342,cust-01342@lumenmail.com,Décor,1,195.88,0.05,Paid Search,US,control
ORD-006505,2024-05-30,CUST-02989,cust-02989@lumenmail.com,Lighting,1,51.65,0.0,Email,US,variant
ORD-005342,2023-06-03,CUST-00492,cust-00492@lumenmail.com,Lighting,5,13.02,0.0,Social,CA,variant
ORD-006671,2024-09-14,CUST-00953,cust-00953@lumenmail.com,Lighting,4,13.52,0.0,Email,UK,variant
ORD-001441,2024-06-08,CUST-01397,cust-01397@lumenmail.com,Décor,3,164.38,10.0,Social,AU,
ORD-006832,2023-06-28,CUST-02894,cust-02894@lumenmail.com,Furniture,1,82.79,0.15,Email,US,control
ORD-001695,2023-06-03,CUST-01467,cust-01467@lumenmail.com,Lighting,1,10.21,20.0,Social,CA,
ORD-004958,2023-11-17,CUST-01124,cust-01124@lumenmail.com,Lightng,1,38.49,0.05,Email,US,variant
ORD-005082,2023-10-17,CUST-00339,cust-00339@lumenmail.com,Accessories,2,43.09,0.0,Paid Search,UK,control
ORD-003968,2023-10-23,CUST-02858,cust-02858@lumenmail.com,Furniture,-2,234.25,0.05,Paid Search,US,variant
ORD-001162,2023-12-29,CUST-00928,cust-00928@lumenmail.com,Lighting,1,87.41,0.2,Email,US,variant
ORD-003784,2024-09-11,,guest@lumenmail.com,lighting,1,92.43,0.0,Social,AU,
ORD-007961,2023-09-08,CUST-00810,cust-00810@lumenmail.com,Lighting,2,198.42,0.05,Organic,AU,control
ORD-005810,07/01/2024,CUST-02837,cust-02837@lumenmail.com,Lighting,-2,114.46,0.25,Organic,US,
ORD-000724,2023-09-15,CUST-00788,cust-00788@lumenmail.com,Lighting,1,99.41,0.1,Organic,CA,control
ORD-006208,2024-11-11,CUST-02402,cust-02402@lumenmail.com,Lighting,1,25.2,0.0,Email,US,variant
ORD-002038,28/03/2024,CUST-02842,cust-02842@lumenmail.com,Furniture,1,94.13,0.0,Paid Search,CA,variant
ORD-007190,2023-10-17,CUST-00974,cust-00974@lumenmail.com,lighting,1,26.19,0.15,,UK,
ORD-008941,24/08/2024,CUST-00372,cust-00372@lumenmail.com,Accessories,6,89.68,0.0,Social,US,control
ORD-004762,2024-05-30,CUST-02976,cust-02976@lumenmail.com,Accessories,1,22.46,0.05,Email,US,control
ORD-008832,2024-04-06,CUST-01384,cust-01384@lumenmail.com,Furniture,6,87.14,0.0,Email,US,variant
ORD-007053,2024-08-11,CUST-00631,cust-00631@lumenmail.com,Décor,1,28.89,0.0,Email,UK,
ORD-005382,2024-01-07,CUST-01791,cust-01791@lumenmail.com,Furniture,1,47.22,0.2,Email,US,
ORD-006347,2024-07-24,CUST-01291,cust-01291@lumenmail.com,Lighting,4,83.29,0.0,Social,US,control
ORD-005868,2024-08-05,CUST-01401,cust-01401@lumenmail.com,Décor,1,729.09,0.05,Social,US,
ORD-003889,30/07/2023,CUST-02871,cust-02871@lumenmail.com,Lighting,1,186.62,5.0,Organic,US,variant
ORD-002298,04/04/2024,CUST-02745,cust-02745@lumenmail.com,Lighting,1,42.06,0.15,Social,US,
ORD-002496,2024-06-19,CUST-02691,cust-02691@lumenmail.com,Lighting,1,44.14,0.1,Organic,US,
ORD-002125,2024-09-04,CUST-01953,cust-01953@lumenmail.com,Lighting,1,196.21,0.0,Paid Search,UK,control
ORD-009540,2023-06-29,CUST-02271,cust-02271@lumenmail.com,Accessories,1,30.16,0.15,Organic,CA,
ORD-001813,2023-11-24,CUST-02319,cust-02319@lumenmail.com,Lighting,1,73.44,0.05,Email,UK,variant
ORD-005237,2024-05-08,CUST-02649,cust-02649@lumenmail.com,Décor,1,68.84,0.05,Social,US,
ORD-000618,2024-08-22,CUST-02040,cust-02040@lumenmail.com,Lighting,1,9.48,0.2,Paid Search,US,control
ORD-003134,2024-02-12,CUST-02145,cust-02145@lumenmail.com,Furniture,4,197.53,5.0,Email,UK,variant
ORD-005075,2024-03-06,CUST-00423,cust-00423@lumenmail.com,Décor,1,744.14,0.0,Paid Search,US,
ORD-008292,16/06/2024,CUST-00327,cust-00327@lumenmail.com,Furniture,5,122.88,0.0,Social,CA,
ORD-009476,2023-07-03,CUST-00814,cust-00814@lumenmail.com,Décor,2,48.42,0.05,Email,US,
ORD-006202,2024-02-24,CUST-02902,cust-02902@lumenmail.com,Outdoor,2,185.59,0.0,Email,CA,variant
ORD-008264,2024-04-14,,guest@lumenmail.com,Furniture,2,60.22,0.0,Organic,CA,control
ORD-005824,14/07/2023,CUST-00477,cust-00477@lumenmail.com,Lighting,2,78.16,0.0,Email,UK,
ORD-009321,2024-08-13,CUST-00611,cust-00611@lumenmail.com,Décor,1,49.33,20.0,Social,US,variant
ORD-007592,2024-01-15,CUST-00825,cust-00825@lumenmail.com,Lighting,1,39.4,0.0,Social,US,variant
ORD-007380,2024-12-05,CUST-02538,cust-02538@lumenmail.com,Lighting,3,258.47,0.0,Social,UK,variant
ORD-002674,20/10/2023,CUST-02004,cust-02004@lumenmail.com,Lighting,6,167.15,0.0,Email,UK,variant
ORD-005190,2024-04-26,CUST-02856,cust-02856@lumenmail.com,Accessories,1,456.09,0.0,Email,US,control
ORD-006551,07/02/2024,CUST-00096,cust-00096@lumenmail.com,Lighting,1,305.37,0.0,Organic,CA,
ORD-008945,27/05/2024,CUST-01279,cust-01279@lumenmail.com,Décor,3,78.84,0.0,Email,US,control
ORD-001055,27/06/2024,CUST-00522,cust-00522@lumenmail.com,Décor,1,179.93,0.05,Organic,US,control
ORD-004553,2024-06-09,CUST-00424,cust-00424@lumenmail.com,Furniture,1,87.68,0.0,Social,US,variant
ORD-000887,12/07/2023,CUST-02713,cust-02713@lumenmail.com,Lighting,4,20.55,0.0,Paid Search,US,variant
ORD-000666,2024-02-27,CUST-01430,cust-01430@lumenmail.com,Lighting,1,15.53,0.0,Organic,US,control
ORD-004787,2023-07-09,CUST-00248,cust-00248@lumenmail.com,Outdoor,1,184.43,0.0,Organic,US,
ORD-005426,2024-01-18,CUST-02264,cust-02264@lumenmail.com,Furniture,1,72.24,0.0,Email,US,
ORD-002883,2024-06-20,CUST-01533,cust-01533@lumenmail.com,Furniture,1,79.16,0.0,Email,US,variant
ORD-007602,2024-01-20,CUST-00626,cust-00626@lumenmail.com,Furniture,4,6.12,0.0,Paid Search,AU,variant
ORD-009111,2024-11-04,CUST-01051,cust-01051@lumenmail.com,Accessories,1,166.44,0.15,Organic,UK,control
ORD-000636,2024-10-20,CUST-02419,cust-02419@lumenmail.com,Lighting,1,626.72,0.05,Paid Search,US,
ORD-005907,18/08/2024,CUST-00035,cust-00035@lumenmail.com,Furniture,2,190.44,0.15,Email,US,
ORD-003411,2024-05-20,CUST-02411,cust-02411@lumenmail.com,Décor,1,31.69,0.05,Paid Search,US,control
ORD-005116,2024-06-30,CUST-02502,cust-02502@lumenmail.com,Décor,2,265.72,0.05,Paid Search,US,control
ORD-008522,2024-12-18,,guest@lumenmail.com,Décor,1,13.07,0.1,Organic,US,control
ORD-007537,2024-06-06,CUST-00010,cust-00010@lumenmail.com,Lighting,1,30.39,0.0,Email,US,control
ORD-003742,2023-11-05,CUST-02619,cust-02619@lumenmail.com,Accessories,4,227.04,0.0,Organic,US,variant
ORD-006198,2023-12-21,CUST-02041,cust-02041@lumenmail.com,Outdoor,1,34.98,0.0,Social,US,
ORD-002902,2024-08-08,CUST-00966,cust-00966@lumenmail.com,Furniture,1,46.89,0.0,Organic,CA,control
ORD-002856,2024-06-29,CUST-00199,cust-00199@lumenmail.com,Décor,5,149.06,0.05,Email,US,control
ORD-006312,2023-10-14,CUST-01532,cust-01532@lumenmail.com,Lighting,1,32.68,0.05,Social,US,control
ORD-000142,2023-10-25,CUST-02634,cust-02634@lumenmail.com,Décor,-3,38.65,0.0,,US,
ORD-007757,2024-08-18,CUST-01364,cust-01364@lumenmail.com,Furniture,1,12.2,0.05,Email,US,variant
ORD-007940,2024-04-24,CUST-01314,cust-01314@lumenmail.com,Furniture,1,16.73,0.1,Organic,US,control
ORD-004807,2024-02-25,CUST-00284,cust-00284@lumenmail.com,Furniture,2,35.93,0.0,Organic,ZZ,
ORD-002807,2023-10-30,CUST-01901,cust-01901@lumenmail.com,Furniture,4,73.11,0.05,Paid Search,AU,variant
ORD-000648,2024-12-12,CUST-02938,cust-02938@lumenmail.com,Lighting,4,58.06,0.0,Paid Search,US,control
ORD-003063,03/12/2023,,guest@lumenmail.com,Furniture,1,68.68,0.0,Paid Search,CA,
ORD-002588,2023-10-06,CUST-00243,cust-00243@lumenmail.com,Outdoor,2,73.25,0.0,Paid Search,US,control
ORD-002205,2023-09-10,CUST-01332,cust-01332@lumenmail.com,Lighting,3,21.67,0.25,Social,CA,control
ORD-008283,08/09/2024,CUST-00955,cust-00955@lumenmail.com,Furniture,4,65.85,10.0,Organic,US,variant
ORD-001299,2024-05-01,CUST-02893,cust-02893@lumenmail.com,Lighting,2,31.67,0.0,Email,US,variant
ORD-002404,2024-08-11,CUST-01708,cust-01708@lumenmail.com,Décor,1,112.85,0.2,Email,US,variant
ORD-005913,2024-09-24,CUST-02904,cust-02904@lumenmail.com,Lighting,2,146.29,0.0,Email,UK,
ORD-001287,2024-09-17,CUST-01428,cust-01428@lumenmail.com,Furniture,1,99.65,0.15,Social,US,
ORD-005942,2024-01-09,CUST-02985,cust-02985@lumenmail.com,Décor,3,15.25,0.0,Email,US,
ORD-001044,2024-10-17,CUST-00719,cust-00719@lumenmail.com,Furniture,1,20.72,0.0,Paid Search,US,
ORD-004283,2023-12-01,CUST-00361,cust-00361@lumenmail.com,Lighting,3,76.61,0.1,Email,UK,
ORD-005832,2024-02-27,CUST-00977,cust-00977@lumenmail.com,Outdoor,3,30.65,0.05,Email,UK,variant
ORD-002468,2023-06-22,CUST-01768,cust-01768@lumenmail.com,Furniture,1,168.52,0.0,Social,US,variant
ORD-006421,01/01/2024,CUST-01259,cust-01259@lumenmail.com,Furniture,3,693.81,0.15,Paid Search,CA,variant
ORD-008005,2024-07-02,CUST-01746,cust-01746@lumenmail.com,Lighting,2,130.3,0.1,Email,CA,control
ORD-000487,2024-08-20,CUST-02087,cust-02087@lumenmail.com,Décor,1,180.28,0.0,Email,US,variant
ORD-003995,2024-01-26,CUST-02486,cust-02486@lumenmail.com,Décor,-1,71.23,0.1,Organic,US,variant
ORD-001423,,CUST-01689,cust-01689@lumenmail.com,Outdoor,1,475.5,0.0,Paid Search,CA,variant
ORD-003432,2024-07-05,,guest@lumenmail.com,Lightng,2,82.09,0.0,Email,US,control
ORD-007437,2024-12-14,CUST-01648,cust-01648@lumenmail.com,Décor,2,177.48,0.05,Organic,US,control
ORD-000224,2024-06-24,CUST-02954,cust-02954@lumenmail.com,Lighting,3,295.97,0.0,Paid Search,AU,control
ORD-001436,2024-06-12,CUST-00864,cust-00864@lumenmail.com,Lightng,1,55.09,0.15,Paid Search,US,
ORD-004717,2024-01-28,CUST-02368,cust-02368@lumenmail.com,Décor,1,8.69,0.15,Paid Search,US,control
ORD-008744,2023-09-12,CUST-02225,cust-02225@lumenmail.com,Lighting,-3,41.59,0.0,Social,CA,
ORD-004024,2023-12-13,CUST-00780,cust-00780@lumenmail.com,Lighting,2,65.48,0.2,Email,US,control
ORD-005805,2024-05-16,CUST-00317,cust-00317@lumenmail.com,Lighting,1,60.59,0.05,Organic,US,control
ORD-003317,12/07/2023,CUST-02183,cust-02183@lumenmail.com,Décor,2,83.14,0.0,Email,US,
ORD-004897,10/03/2024,CUST-00886,cust-00886@lumenmail.com,Décor,2,187.1,0.0,Organic,US,variant
ORD-000857,2024-06-25,CUST-00187,cust-00187@lumenmail.com,Décor,1,18.19,0.05,Organic,UK,control
ORD-006847,2023-12-30,CUST-01846,cust-01846@lumenmail.com,Outdoor,1,61.76,0.1,Organic,US,
ORD-006260,2024-05-25,CUST-01476,cust-01476@lumenmail.com,Furniture,2,642.87,0.0,Paid Search,US,control
ORD-007696,2024-09-25,CUST-00077,cust-00077@lumenmail.com,Outdoor,1,32.81,0.15,Email,US,
ORD-000322,2024-08-11,CUST-02647,cust-02647@lumenmail.com,Décor,1,149.8,0.1,Email,US,
ORD-005972,2023-07-31,CUST-01169,cust-01169@lumenmail.com,Lighting,3,38.65,0.1,Paid Search,AU,control
ORD-007850,2023-10-22,CUST-00499,cust-00499@lumenmail.com,Décor,2,38.01,0.0,Organic,US,
ORD-009183,2023-07-02,CUST-00191,cust-00191@lumenmail.com,Lighting,-1,222.85,0.0,Paid Search,US,control
ORD-002312,2023-12-08,,guest@lumenmail.com,Outdoor,1,13.75,0.0,Email,US,control
ORD-002225,2023-10-20,CUST-00935,cust-00935@lumenmail.com,Accessories,2,46.65,0.2,Paid Search,AU,variant
ORD-000683,2024-07-22,CUST-01584,cust-01584@lumenmail.com,Lighting,2,84.59,20.0,Paid Search,US,variant
ORD-007938,2024-03-11,CUST-02395,cust-02395@lumenmail.com,Décor,2,63.45,0.0,Social,AU,variant
ORD-001000,26/07/2023,CUST-02320,cust-02320@lumenmail.com,Outdoor,2,166.52,0.0,Email,UK,
ORD-001502,2024-05-12,,guest@lumenmail.com,Décor,4,46.73,0.0,Social,US,
ORD-006282,2024-09-17,CUST-02298,cust-02298@lumenmail.com,Lighting,2,111.04,0.0,Paid Search,US,variant
ORD-001697,2023-11-19,CUST-01469,cust-01469@lumenmail.com,Décor,4,25.88,0.15,Organic,AU,variant
ORD-002735,2024-03-02,CUST-01804,cust-01804@lumenmail.com,Lighting,2,245.59,0.15,Organic,US,
ORD-002119,2023-09-21,CUST-01928,cust-01928@lumenmail.com,Décor,3,82.86,0.1,Email,US,variant
ORD-009323,2023-07-03,CUST-02148,cust-02148@lumenmail.com,Décor,1,167.93,10.0,Organic,UK,control
ORD-004572,2023-08-16,,guest@lumenmail.com,Lighting,2,289.22,0.2,Paid Search,US,
ORD-009513,2024-08-28,CUST-00900,cust-00900@lumenmail.com,Furniture,1,0.0,0.1,Organic,UK,variant
ORD-006529,2024-03-11,CUST-00864,cust-00864@lumenmail.com,Furniture,1,53.77,0.1,Social,US,
ORD-002939,2023-10-11,CUST-02658,cust-02658@lumenmail.com,Furniture,2,204.46,0.0,Paid Search,CA,
ORD-000208,2023-08-19,CUST-01153,cust-01153@lumenmail.com,Lighting,1,45.18,0.05,Email,US,
ORD-004780,2023-09-15,CUST-00781,cust-00781@lumenmail.com,Lighting,7,17.79,0.05,Paid Search,US,variant
ORD-004206,2024-04-21,CUST-00762,cust-00762@lumenmail.com,Décor,1,0.0,0.1,Paid Search,US,variant
ORD-006642,2023-12-08,CUST-00133,cust-00133@lumenmail.com,Lighting,3,8.75,0.1,Paid Search,ZZ,control
ORD-003238,2024-08-10,CUST-01072,cust-01072@lumenmail.com,Décor,2,90.62,0.1,Social,UK,control
ORD-006287,28/07/2023,,guest@lumenmail.com,Furniture,3,304.75,0.05,Email,UK,variant
ORD-003396,2023-08-15,CUST-02695,cust-02695@lumenmail.com,Décor,1,320.7,0.05,Paid Search,UK,
ORD-001753,2023-12-16,CUST-01507,cust-01507@lumenmail.com,Décor,1,379.94,0.05,Organic,UK,variant
ORD-008404,16/07/2024,,guest@lumenmail.com,Lighting,4,16.8,0.0,Organic,US,
ORD-006196,2024-09-13,CUST-02282,cust-02282@lumenmail.com,Décor,-1,17.04,0.0,Paid Search,CA,control
ORD-002473,2024-08-28,CUST-01382,cust-01382@lumenmail.com,Lighting,2,757.9,0.0,Organic,CA,control
ORD-005407,01/05/2024,CUST-02380,cust-02380@lumenmail.com,Décor,4,60.02,20.0,Organic,US,variant
ORD-002270,2023-07-07,CUST-02661,cust-02661@lumenmail.com,Lightng,5,228.01,0.0,Organic,CA,control
ORD-005151,2024-06-18,CUST-01136,cust-01136@lumenmail.com,Lightng,4,34.78,0.05,Social,US,
ORD-007021,2024-06-18,CUST-02267,cust-02267@lumenmail.com,Lighting,1,145.84,0.2,Organic,US,control
ORD-006065,08/12/2023,CUST-00729,cust-00729@lumenmail.com,Furniture,4,76.01,0.0,Email,UK,control
ORD-005704,2023-12-04,CUST-02525,cust-02525@lumenmail.com,Accessories,2,47.52,0.0,Paid Search,US,variant
ORD-004976,2024-06-17,CUST-01299,cust-01299@lumenmail.com,Décor,3,7.42,0.0,Social,US,
ORD-007831,2024-07-11,CUST-02402,cust-02402@lumenmail.com,Décor,2,142.83,0.0,Email,CA,
ORD-009313,2024-03-26,CUST-01605,cust-01605@lumenmail.com,Décor,1,490.72,0.05,Email,US,
ORD-007761,2023-07-28,CUST-00905,cust-00905@lumenmail.com,Décor,1,381.65,0.05,Paid Search,US,
ORD-004221,2023-10-05,CUST-01856,cust-01856@lumenmail.com,Accessories,4,495.43,0.1,Email,UK,
ORD-000569,2024-11-28,CUST-01423,cust-01423@lumenmail.com,Lighting,4,82.06,0.0,Email,CA,
ORD-008141,2024-10-02,CUST-02978,cust-02978@lumenmail.com,Furniture,1,27.23,0.0,Email,US,variant
ORD-002810,07/05/2024,CUST-00832,cust-00832@lumenmail.com,Décor,2,670.05,0.05,Organic,US,
ORD-009546,2023-12-23,CUST-02631,cust-02631@lumenmail.com,Outdoor,-7,246.91,0.05,Organic,US,
ORD-001342,15/10/2023,CUST-01852,cust-01852@lumenmail.com,Furniture,2,77.27,0.05,Organic,US,
ORD-009244,21/01/2024,CUST-02270,cust-02270@lumenmail.com,Décor,5,72.93,0.0,Social,US,
ORD-003214,2024-07-05,CUST-00902,cust-00902@lumenmail.com,Accessories,3,20.84,0.0,Email,CA,control
ORD-006565,2024-11-07,CUST-00040,cust-00040@lumenmail.com,Furniture,1,54.06,0.05,Email,US,variant
ORD-005219,2023-07-13,CUST-00343,cust-00343@lumenmail.com,Lighting,3,18.3,0.0,Paid Search,CA,variant
ORD-001791,2024-02-26,,guest@lumenmail.com,Lighting,3,159.53,0.1,Organic,CA,control
ORD-004112,2024-08-08,CUST-01718,cust-01718@lumenmail.com,Lighting,3,144.53,0.0,Email,US,variant
ORD-007712,15/11/2024,CUST-02688,cust-02688@lumenmail.com,Lighting,1,315.5,0.1,Paid Search,US,
ORD-002534,2023-06-11,CUST-02643,cust-02643@lumenmail.com,Outdoor,1,29.98,0.1,Email,CA,
ORD-004870,2023-07-26,CUST-00600,cust-00600@lumenmail.com,Lighting,2,45.93,0.25,Organic,ZZ,
ORD-001949,2024-01-19,CUST-01787,cust-01787@lumenmail.com,Lighting,2,77.66,0.0,Paid Search,US,
ORD-006824,2024-09-23,CUST-01615,cust-01615@lumenmail.com,Décor,1,61.07,0.0,Organic,US,
ORD-004913,10/09/2024,CUST-00186,cust-00186@lumenmail.com,Décor,7,117.13,0.05,Social,US,
ORD-004719,03/09/2023,CUST-00140,cust-00140@lumenmail.com,Furniture,1,36.74,0.0,Organic,US,control
ORD-001607,2024-03-11,,guest@lumenmail.com,Outdoor,5,103.75,0.0,Social,UK,control
ORD-007490,2023-07-14,CUST-02309,cust-02309@lumenmail.com,Lighting,2,10.64,0.05,Paid Search,CA,
ORD-006428,20/06/2023,CUST-02408,cust-02408@lumenmail.com,Décor,3,170.54,15.0,Organic,ZZ,variant
ORD-002513,31/10/2024,CUST-00248,cust-00248@lumenmail.com,Décor,2,45.77,0.0,Paid Search,US,
ORD-005412,11/04/2024,CUST-00972,cust-00972@lumenmail.com,Lighting,3,27.09,0.05,Email,UK,control
ORD-008482,2023-07-29,CUST-01851,cust-01851@lumenmail.com,Lighting,1,66.57,0.0,Organic,UK,
ORD-000728,30/08/2023,CUST-00781,cust-00781@lumenmail.com,Outdoor,6,140.85,0.2,Paid Search,US,
ORD-008418,02/09/2023,CUST-01931,cust-01931@lumenmail.com,Outdoor,3,180.99,0.15,Email,CA,variant
ORD-001001,2024-01-16,CUST-00719,cust-00719@lumenmail.com,Décor,3,82.87,0.0,Email,US,
ORD-000593,2024-03-10,CUST-02533,cust-02533@lumenmail.com,Lighting,2,166.0,0.1,Email,US,control
ORD-002231,2023-07-25,CUST-00900,cust-00900@lumenmail.com,Lighting,2,780.22,0.0,Paid Search,US,
ORD-003769,2024-02-07,CUST-02334,cust-02334@lumenmail.com,Accessories,1,46.7,0.0,Organic,CA,
ORD-006214,2024-01-29,CUST-00670,cust-00670@lumenmail.com,Outdoor,1,699.11,0.25,Paid Search,AU,control
ORD-006962,15/11/2023,CUST-02801,cust-02801@lumenmail.com,Décor,-2,11.01,0.1,Paid Search,CA,
ORD-002651,2023-07-15,CUST-00144,cust-00144@lumenmail.com,Outdoor,2,29.32,0.25,Paid Search,US,
ORD-000418,2024-08-24,CUST-02643,cust-02643@lumenmail.com,Décor,2,33.89,0.0,Paid Search,US,
ORD-003353,2023-06-20,CUST-02632,cust-02632@lumenmail.com,Accessories,1,294.22,0.0,Paid Search,US,control
ORD-004350,2024-10-28,CUST-00029,cust-00029@lumenmail.com,Furniture,5,33.97,0.0,Email,US,
ORD-008275,2024-11-04,CUST-00344,cust-00344@lumenmail.com,Furniture,2,96.7,0.05,Email,US,
ORD-009340,11/05/2024,CUST-02944,cust-02944@lumenmail.com,Lighting,1,91.39,0.1,Social,US,variant
ORD-002938,2024-09-19,CUST-02597,cust-02597@lumenmail.com,Lighting,2,10.89,0.2,Paid Search,UK,
ORD-001772,2024-09-10,CUST-02782,cust-02782@lumenmail.com,Accessories,1,18.86,0.0,Organic,US,control
ORD-007214,2023-07-26,CUST-02763,cust-02763@lumenmail.com,Outdoor,2,89.23,0.1,Paid Search,US,control
ORD-003517,2023-09-26,,guest@lumenmail.com,Accessories,1,22.7,5.0,Paid Search,US,control
ORD-004443,2023-08-11,,guest@lumenmail.com,Lighting,1,155.87,0.0,Paid Search,UK,control
ORD-002206,2023-08-23,CUST-02072,cust-02072@lumenmail.com,Furniture,1,25.58,0.0,Organic,US,control
ORD-001159,2024-07-03,CUST-00242,cust-00242@lumenmail.com,Lighting,2,139.14,0.0,Paid Search,US,variant
ORD-000742,14/07/2024,CUST-00084,cust-00084@lumenmail.com,Décor,2,243.45,0.0,Paid Search,US,
ORD-005943,2023-09-21,CUST-00527,cust-00527@lumenmail.com,Lighting,2,11.08,0.0,Organic,US,variant
ORD-007739,2023-08-27,CUST-00165,cust-00165@lumenmail.com,Furniture,2,393.39,0.0,Paid Search,US,
ORD-004699,2023-08-10,CUST-00669,cust-00669@lumenmail.com,Décor,2,26.62,0.0,Social,CA,control
ORD-003014,2024-02-07,CUST-00791,cust-00791@lumenmail.com,Accessories,2,12.41,0.1,Email,US,variant
ORD-006704,2024-03-09,CUST-00631,cust-00631@lumenmail.com,Lighting,3,165.13,0.0,Paid Search,UK,variant
ORD-000740,2023-08-24,CUST-00137,cust-00137@lumenmail.com,Lighting,1,95.44,0.0,Email,US,variant
ORD-003906,2024-06-23,CUST-02395,cust-02395@lumenmail.com,Furniture,3,95.76,0.2,Paid Search,US,
ORD-002797,2024-11-21,CUST-02109,cust-02109@lumenmail.com,Outdoor,1,55.36,0.0,Email,CA,control
ORD-002647,2024-09-07,CUST-01358,cust-01358@lumenmail.com,Accessoires,3,14.83,0.1,Paid Search,US,control
ORD-007393,2024-07-11,CUST-00360,cust-00360@lumenmail.com,Furniture,2,28.88,0.1,,US,control
ORD-000125,2023-08-02,CUST-00284,cust-00284@lumenmail.com,Furniture,2,71.06,0.0,Paid Search,US,
ORD-004142,2023-09-12,CUST-02502,cust-02502@lumenmail.com,Lighting,2,15.9,0.0,Email,US,
ORD-000804,2024-03-09,,guest@lumenmail.com,Décor,1,87.82,0.05,Email,CA,
ORD-003180,2023-08-09,CUST-02563,cust-02563@lumenmail.com,Furniture,1,37.43,0.0,Social,AU,
ORD-007299,2023-09-11,,guest@lumenmail.com,Furniture,1,411.44,0.0,Email,CA,control
ORD-008439,2023-12-17,CUST-02550,cust-02550@lumenmail.com,Décor,1,159.91,0.0,Paid Search,US,
ORD-000033,2023-11-09,CUST-00693,cust-00693@lumenmail.com,Décor,1,62.01,0.25,Paid Search,US,
ORD-003648,2024-11-08,CUST-01996,cust-01996@lumenmail.com,Accessories,1,176.21,0.05,Paid Search,US,control
ORD-001886,2024-02-04,CUST-02135,cust-02135@lumenmail.com,Lighting,2,48.46,0.0,Email,CA,control
ORD-004362,2024-12-30,,guest@lumenmail.com,Décor,2,24.82,0.0,Email,US,control
ORD-001974,2023-10-12,CUST-02290,cust-02290@lumenmail.com,Accessories,4,20.16,0.1,Paid Search,ZZ,variant
ORD-000039,2023-08-31,CUST-02586,cust-02586@lumenmail.com,Furniture,2,59.47,0.0,Paid Search,US,variant
ORD-006739,2024-10-02,CUST-00994,cust-00994@lumenmail.com,Décor,1,328.21,0.0,Paid Search,AU,control
ORD-001249,29/04/2024,CUST-00948,cust-00948@lumenmail.com,Décor,1,67.33,0.0,Organic,US,control
ORD-008872,2024-03-05,CUST-02285,cust-02285@lumenmail.com,Outdoor,2,17.14,0.0,Email,US,control
ORD-004665,2023-06-24,CUST-00280,cust-00280@lumenmail.com,Accessories,1,55.3,0.0,Organic,CA,
ORD-006765,2024-10-07,CUST-02674,cust-02674@lumenmail.com,Décor,5,46.27,0.0,Paid Search,US,control
ORD-007917,2024-09-11,CUST-01310,cust-01310@lumenmail.com,Outdoor,3,78.19,0.0,Paid Search,UK,
ORD-002249,2023-09-02,CUST-02711,cust-02711@lumenmail.com,Lighting,6,41.78,0.1,Paid Search,US,
ORD-008798,2023-06-16,CUST-00133,cust-00133@lumenmail.com,Lighting,2,84.39,0.0,Paid Search,US,control
ORD-005987,2024-11-26,CUST-02303,cust-02303@lumenmail.com,Outdoor,1,268.33,0.15,Organic,US,
ORD-008295,,CUST-00785,cust-00785@lumenmail.com,Furniture,2,8.11,0.0,Paid Search,US,variant
ORD-005858,2024-06-23,CUST-02614,cust-02614@lumenmail.com,Lighting,6,28.44,0.05,Paid Search,US,variant
ORD-001561,18/12/2023,CUST-00127,cust-00127@lumenmail.com,Furniture,1,45.41,0.1,Email,US,variant
ORD-005544,2024-06-08,CUST-01802,cust-01802@lumenmail.com,lighting,1,382.75,0.0,Organic,US,
ORD-006653,2023-10-23,CUST-01154,cust-01154@lumenmail.com,Furniture,4,346.59,0.0,Organic,US,control
ORD-005941,2024-03-06,CUST-00408,cust-00408@lumenmail.com,Accessories,1,191.42,0.05,Paid Search,US,variant
ORD-007760,30/05/2024,CUST-01663,cust-01663@lumenmail.com,Décor,1,676.2,0.05,Paid Search,UK,
ORD-004506,2024-10-31,CUST-01276,cust-01276@lumenmail.com,Outdoor,2,39.68,0.0,Paid Search,US,
ORD-008934,11/11/2023,CUST-01051,cust-01051@lumenmail.com,Lighting,5,56.0,0.0,,CA,variant
ORD-001894,2023-10-07,CUST-00552,cust-00552@lumenmail.com,Lighting,-1,165.37,0.0,Organic,US,
ORD-002050,17/12/2024,CUST-01118,cust-01118@lumenmail.com,Décor,2,223.4,0.2,Paid Search,US,control
ORD-008017,2024-08-29,CUST-02616,cust-02616@lumenmail.com,Accessories,1,77.57,0.1,Organic,US,variant
ORD-002928,2023-07-03,CUST-01046,cust-01046@lumenmail.com,Décor,2,55.12,0.0,Organic,US,control
ORD-004322,2024-08-23,CUST-00896,cust-00896@lumenmail.com,Décor,1,358.93,0.0,Organic,AU,control
ORD-005440,2024-09-09,CUST-01957,cust-01957@lumenmail.com,Furniture,7,280.13,0.2,Paid Search,US,variant
ORD-000651,2024-05-19,CUST-00805,cust-00805@lumenmail.com,Outdoor,2,23.31,0.1,Social,US,variant
ORD-001040,2024-03-02,CUST-01027,cust-01027@lumenmail.com,Lighting,1,187.35,0.0,Paid Search,US,variant
ORD-008863,2023-12-06,CUST-01213,cust-01213@lumenmail.com,Lighting,2,60.57,0.0,Email,UK,
ORD-005530,2024-04-25,CUST-00304,cust-00304@lumenmail.com,Outdoor,1,75.01,0.0,Paid Search,US,control
ORD-002794,2023-10-12,CUST-00084,cust-00084@lumenmail.com,Outdoor,6,61.04,0.0,,US,control
ORD-005825,2023-07-22,CUST-01795,cust-01795@lumenmail.com,Lighting,1,141.54,0.0,Social,US,
ORD-009497,2024-06-25,CUST-02217,cust-02217@lumenmail.com,Lighting,3,11.1,0.0,Social,UK,control
ORD-005631,28/08/2024,CUST-01943,cust-01943@lumenmail.com,Décor,2,177.22,0.1,Paid Search,US,control
ORD-006603,2024-11-29,CUST-02246,cust-02246@lumenmail.com,Furniture,1,92.12,0.0,,AU,
ORD-005730,2023-07-23,CUST-02569,cust-02569@lumenmail.com,Lighting,1,73.34,0.0,Organic,US,control
ORD-007355,2023-09-11,CUST-02329,cust-02329@lumenmail.com,Décor,5,311.29,0.1,Paid Search,US,variant
ORD-000490,2023-08-02,CUST-00068,cust-00068@lumenmail.com,Outdoor,2,185.16,0.15,Paid Search,US,
ORD-001298,2023-07-29,CUST-02598,cust-02598@lumenmail.com,Lighting,2,17.07,0.0,Email,US,control
ORD-004529,2023-06-09,CUST-01853,cust-01853@lumenmail.com,Furniture,1,49.36,0.15,Social,CA,
ORD-006646,2024-05-26,CUST-00857,cust-00857@lumenmail.com,Accessoires,1,81.07,0.1,Social,UK,
ORD-008710,2023-09-03,CUST-01506,cust-01506@lumenmail.com,Lighting,3,208.6,0.2,Email,US,variant
ORD-001899,2024-08-22,CUST-02859,cust-02859@lumenmail.com,Furniture,4,172.79,0.15,,UK,
ORD-008914,2023-08-03,CUST-01824,cust-01824@lumenmail.com,Décor,2,454.57,15.0,Organic,US,variant
ORD-003310,2024-12-22,CUST-00867,cust-00867@lumenmail.com,Lighting,1,97.58,0.0,Email,CA,variant
ORD-006448,2024-07-12,CUST-01602,cust-01602@lumenmail.com,Lighting,1,98.48,0.1,Paid Search,AU,variant
ORD-001570,2024-03-17,CUST-01165,cust-01165@lumenmail.com,Outdoor,1,6.34,0.05,Paid Search,US,control
ORD-006157,2024-06-25,CUST-01833,cust-01833@lumenmail.com,Furniture,1,91.23,0.0,Paid Search,US,variant
ORD-009227,2024-03-02,CUST-02350,cust-02350@lumenmail.com,Décor,7,22.36,0.0,Organic,US,variant
ORD-006825,19/10/2023,CUST-02369,cust-02369@lumenmail.com,Lighting,3,352.34,0.05,Social,US,control
ORD-000820,2024-11-22,CUST-00936,cust-00936@lumenmail.com,Lighting,7,142.78,0.05,Social,US,control
ORD-005289,2024-06-22,CUST-00338,cust-00338@lumenmail.com,Lighting,2,585.64,0.15,Email,US,variant
ORD-008931,2024-11-16,CUST-01001,cust-01001@lumenmail.com,Lighting,1,0.0,0.0,Organic,US,variant
ORD-007700,06/02/2024,CUST-01926,cust-01926@lumenmail.com,Lighting,4,54.32,0.0,Organic,US,
ORD-007600,2023-07-22,CUST-01362,cust-01362@lumenmail.com,Décor,1,145.86,0.0,Paid Search,US,variant
ORD-004442,2024-10-21,,guest@lumenmail.com,lighting,2,141.94,0.0,Social,CA,control
ORD-008765,04/03/2024,CUST-00911,cust-00911@lumenmail.com,Lighting,2,270.79,0.0,Social,ZZ,
ORD-006510,2023-09-15,CUST-01054,cust-01054@lumenmail.com,Décor,1,440.22,0.0,Organic,US,
ORD-007899,2024-08-19,CUST-02095,cust-02095@lumenmail.com,Lighting,3,557.22,0.25,,CA,variant
ORD-007077,2023-07-09,CUST-01401,cust-01401@lumenmail.com,Lighting,-1,87.28,0.0,Paid Search,UK,
ORD-009460,28/10/2023,CUST-02790,cust-02790@lumenmail.com,Lighting,1,252.47,0.0,Email,US,control
ORD-001391,16/06/2024,CUST-02911,cust-02911@lumenmail.com,Lighting,6,30.16,0.05,Social,AU,control
ORD-007887,2023-06-03,CUST-02672,cust-02672@lumenmail.com,Furniture,3,73.59,0.0,Email,US,
ORD-003476,2024-01-01,CUST-02144,cust-02144@lumenmail.com,Lighting,7,84.43,0.15,Organic,US,variant
ORD-007722,11/06/2024,CUST-01530,cust-01530@lumenmail.com,Furniture,2,16.02,0.15,Email,CA,
ORD-005250,2023-07-06,CUST-00965,cust-00965@lumenmail.com,Décor,2,163.21,0.2,Paid Search,AU,
ORD-006276,2024-11-01,CUST-01128,cust-01128@lumenmail.com,Outdoor,2,16.07,0.0,Paid Search,US,control
ORD-004621,2024-12-13,CUST-02801,cust-02801@lumenmail.com,Décor,2,80.97,0.0,Email,US,
ORD-009138,2024-06-17,CUST-01075,cust-01075@lumenmail.com,Outdoor,2,124.85,0.0,Paid Search,US,control
ORD-006395,21/01/2024,CUST-00139,cust-00139@lumenmail.com,Furniture,4,107.98,15.0,Paid Search,US,variant
ORD-002020,2024-03-10,CUST-02788,cust-02788@lumenmail.com,Furniture,1,391.28,0.05,Paid Search,US,variant
ORD-006233,2024-07-25,CUST-01238,cust-01238@lumenmail.com,Outdoor,7,170.17,0.2,,AU,
ORD-008846,2024-02-22,CUST-00502,cust-00502@lumenmail.com,Lighting,2,69.68,0.0,Social,US,control
ORD-003751,2024-12-11,CUST-01480,cust-01480@lumenmail.com,Furniture,1,132.01,0.1,Email,AU,
ORD-003590,11/06/2023,CUST-02402,cust-02402@lumenmail.com,Furniture,4,61.65,0.05,Email,AU,control
ORD-006088,2024-04-14,CUST-00195,cust-00195@lumenmail.com,Décor,2,79.86,0.0,Social,US,control
ORD-008383,2024-03-12,CUST-02058,cust-02058@lumenmail.com,Furniture,1,93.86,0.0,Organic,US,
ORD-008870,2024-11-28,CUST-01599,cust-01599@lumenmail.com,Lighting,1,17.48,0.1,Paid Search,US,control
ORD-004256,2024-10-04,,guest@lumenmail.com,Lighting,1,443.79,5.0,Organic,US,variant
ORD-000486,2023-11-25,CUST-00694,cust-00694@lumenmail.com,Lighting,2,91.86,0.0,Organic,US,control
ORD-004732,2024-01-01,CUST-02824,cust-02824@lumenmail.com,Décor,2,140.97,0.1,Social,US,variant
ORD-000043,2024-09-20,CUST-02598,cust-02598@lumenmail.com,Accessories,1,363.07,0.15,Organic,US,control
ORD-002784,2023-09-17,CUST-00832,cust-00832@lumenmail.com,Lighting,2,199.78,0.05,,US,control
ORD-006076,2023-06-02,CUST-01478,cust-01478@lumenmail.com,Lighting,2,43.46,0.0,Email,US,control
ORD-001577,2024-07-07,CUST-00103,cust-00103@lumenmail.com,Décor,1,95.7,0.15,Organic,US,
ORD-000027,2023-12-07,CUST-01633,cust-01633@lumenmail.com,Lighting,3,214.21,0.15,Email,US,variant
ORD-005014,2024-04-01,,guest@lumenmail.com,Décor,1,12.77,0.0,Paid Search,US,variant
ORD-004649,2024-08-30,CUST-01062,cust-01062@lumenmail.com,Lighting,1,94.73,0.0,Email,US,
ORD-002988,2024-12-04,CUST-02602,cust-02602@lumenmail.com,Décor,1,107.75,0.1,,US,control
ORD-001637,2023-12-01,CUST-02155,cust-02155@lumenmail.com,Outdoor,1,21.27,0.1,Organic,US,
ORD-001150,30/09/2023,CUST-00490,cust-00490@lumenmail.com,Outdoor,1,23.21,0.05,Paid Search,US,
ORD-006791,2023-12-02,CUST-00926,cust-00926@lumenmail.com,Furniture,1,369.68,0.0,Organic,US,
ORD-002715,2023-09-20,,guest@lumenmail.com,Furniture,4,180.41,0.0,Email,CA,control
ORD-002555,12/04/2024,CUST-00133,cust-00133@lumenmail.com,Furniture,1,271.2,0.2,Organic,CA,control
ORD-008447,2023-12-11,,guest@lumenmail.com,Lighting,1,749.41,0.25,Email,US,control
ORD-003888,2024-11-12,CUST-02839,cust-02839@lumenmail.com,Lighting,1,184.68,0.05,Organic,UK,variant
ORD-006657,2023-06-05,CUST-02692,cust-02692@lumenmail.com,Décor,1,33.83,0.0,Email,US,
ORD-003587,2024-12-27,CUST-02695,cust-02695@lumenmail.com,Accessories,1,13.66,0.0,Paid Search,US,
ORD-004093,2023-09-17,CUST-00952,cust-00952@lumenmail.com,Accessories,1,139.53,0.05,Paid Search,CA,control
ORD-002738,15/02/2024,CUST-01143,cust-01143@lumenmail.com,Décor,1,7.24,0.0,Paid Search,US,control
ORD-008965,2024-08-15,CUST-00340,cust-00340@lumenmail.com,Lighting,1,34.19,0.2,Email,US,variant
ORD-006536,2024-05-16,CUST-00509,cust-00509@lumenmail.com,Accessories,1,99.61,0.0,Social,CA,control
ORD-006933,2024-03-14,CUST-00129,cust-00129@lumenmail.com,Lighting,1,427.23,0.0,Paid Search,US,control
ORD-009492,2024-03-27,CUST-00166,cust-00166@lumenmail.com,Accessories,2,660.43,0.15,Email,US,
ORD-006506,2023-11-13,CUST-02643,cust-02643@lumenmail.com,Lighting,1,229.12,0.05,Paid Search,US,control
ORD-000095,2024-07-18,CUST-00140,cust-00140@lumenmail.com,Décor,2,101.74,0.05,Email,US,
ORD-003650,2024-11-08,CUST-02683,cust-02683@lumenmail.com,Furniture,2,97.8,0.0,Paid Search,US,control
ORD-000124,2023-06-12,CUST-02093,cust-02093@lumenmail.com,Lighting,3,54.1,10.0,Email,US,control
ORD-001622,2024-03-03,CUST-02215,cust-02215@lumenmail.com,Accessories,3,35.24,0.1,Social,US,control
ORD-006311,2024-02-14,CUST-00364,cust-00364@lumenmail.com,Décor,1,199.21,0.05,Paid Search,US,control
ORD-004392,2023-10-02,CUST-02332,cust-02332@lumenmail.com,Décor,1,69.35,0.1,Organic,US,variant
ORD-000752,2023-06-16,CUST-02627,cust-02627@lumenmail.com,Lighting,1,124.17,0.0,Organic,CA,
ORD-003792,2023-12-30,CUST-00413,cust-00413@lumenmail.com,Furniture,3,35.13,0.0,Paid Search,US,variant
ORD-004249,2024-11-04,CUST-01958,cust-01958@lumenmail.com,Décor,1,27.13,0.2,Organic,US,
ORD-005437,2024-07-07,CUST-00179,cust-00179@lumenmail.com,Outdoor,1,311.44,0.0,Email,CA,
ORD-006307,2023-10-05,CUST-02434,cust-02434@lumenmail.com,Accessories,1,164.59,0.15,Organic,US,control
ORD-008501,2024-07-25,CUST-01919,cust-01919@lumenmail.com,Lighting,1,152.43,0.05,Email,AU,variant
ORD-007570,2023-06-17,,guest@lumenmail.com,Furniture,1,13.01,0.0,Paid Search,US,
ORD-003562,2024-03-20,CUST-01804,cust-01804@lumenmail.com,Furniture,2,230.4,0.0,,US,control
ORD-008139,2023-08-23,CUST-00463,cust-00463@lumenmail.com,Lighting,2,24.28,0.0,Email,UK,control
ORD-003388,2023-06-26,CUST-01481,cust-01481@lumenmail.com,Lighting,1,0.0,0.05,Organic,ZZ,
ORD-006640,2023-06-29,,guest@lumenmail.com,Décor,1,66.22,0.05,Social,UK,control
ORD-000434,2024-10-03,CUST-01410,cust-01410@lumenmail.com,Lighting,1,14.15,0.15,Organic,US,control
ORD-008591,2024-12-05,CUST-01523,cust-01523@lumenmail.com,Lighting,5,271.24,0.0,Organic,AU,variant
ORD-000578,2024-09-09,CUST-02497,cust-02497@lumenmail.com,Lighting,2,179.83,0.0,Email,US,
ORD-003447,2023-08-10,CUST-02719,cust-02719@lumenmail.com,Décor,4,32.87,0.1,Email,US,control
ORD-006890,2024-06-18,CUST-00664,cust-00664@lumenmail.com,Lighting,1,23.77,0.0,Paid Search,US,control
ORD-008431,2024-10-21,CUST-00800,cust-00800@lumenmail.com,Furniture,3,98.69,0.0,Email,US,variant
ORD-008092,2024-05-17,CUST-01387,cust-01387@lumenmail.com,Outdoor,1,142.01,0.1,Organic,US,
ORD-007755,2023-06-24,CUST-01944,cust-01944@lumenmail.com,Furniture,1,86.63,10.0,Social,US,
ORD-002911,15/08/2024,CUST-01947,cust-01947@lumenmail.com,Furniture,2,292.69,0.05,Email,CA,control
ORD-003077,2024-02-04,,guest@lumenmail.com,Outdoor,3,30.88,0.0,Organic,US,variant
ORD-002874,2023-10-11,CUST-01283,cust-01283@lumenmail.com,Lighting,2,91.65,0.0,Email,UK,variant
ORD-007579,16/08/2024,CUST-00296,cust-00296@lumenmail.com,Furniture,1,137.79,0.0,Paid Search,US,
ORD-002961,2024-04-20,,guest@lumenmail.com,Lighting,2,6.64,0.0,Paid Search,AU,control
ORD-004330,2024-05-20,CUST-01329,cust-01329@lumenmail.com,Furniture,1,70.34,0.0,Paid Search,AU,variant
ORD-006043,2024-11-04,CUST-00289,cust-00289@lumenmail.com,Lighting,1,406.34,0.0,Paid Search,US,variant
ORD-002655,13/11/2023,,guest@lumenmail.com,Décor,1,613.32,0.15,Email,ZZ,
ORD-006215,2024-03-05,,guest@lumenmail.com,lighting,1,96.09,0.1,Organic,US,variant
ORD-002806,2023-12-27,CUST-01568,cust-01568@lumenmail.com,Furniture,4,14.58,0.1,Organic,US,
ORD-009098,29/02/2024,CUST-02192,cust-02192@lumenmail.com,Furniture,1,40.96,0.0,Email,US,
ORD-007577,2024-04-24,,guest@lumenmail.com,Décor,3,68.01,0.05,Email,US,
ORD-008474,2023-10-13,CUST-01101,cust-01101@lumenmail.com,Accessories,3,41.59,0.2,Email,US,
ORD-009119,04/03/2024,CUST-02622,cust-02622@lumenmail.com,Accessories,3,14.85,0.05,Organic,CA,variant
ORD-004524,2024-12-07,CUST-00460,cust-00460@lumenmail.com,Furniture,2,94.27,0.0,Email,US,control
ORD-003378,2024-08-11,CUST-00937,cust-00937@lumenmail.com,Furniture,5,72.94,0.1,Email,US,variant
ORD-005431,2023-08-13,CUST-00182,cust-00182@lumenmail.com,Lighting,1,139.38,0.05,Paid Search,US,control
ORD-006874,2024-09-10,CUST-00131,cust-00131@lumenmail.com,Lighting,2,58.52,10.0,Social,CA,
ORD-008937,2024-06-21,CUST-00797,cust-00797@lumenmail.com,Lighting,2,155.8,0.25,Organic,CA,variant
ORD-008922,2024-03-02,,guest@lumenmail.com,Furniture,1,121.66,0.1,Paid Search,UK,
ORD-002693,31/07/2024,CUST-02458,cust-02458@lumenmail.com,Lighting,2,15.92,0.05,Paid Search,US,control
ORD-003952,2024-09-12,CUST-02443,cust-02443@lumenmail.com,Décor,2,205.95,0.0,Organic,US,control
ORD-005509,2024-03-23,CUST-01445,cust-01445@lumenmail.com,Lighting,1,185.13,0.05,Email,US,
ORD-006611,14/11/2024,CUST-02945,cust-02945@lumenmail.com,Furniture,1,285.83,0.0,Email,US,
ORD-004338,01/01/2024,CUST-01315,cust-01315@lumenmail.com,Décor,1,30.32,0.0,Email,US,variant
ORD-006682,2024-03-31,CUST-00790,cust-00790@lumenmail.com,Furniture,3,41.52,0.25,Social,CA,variant
ORD-002213,2023-10-25,CUST-01885,cust-01885@lumenmail.com,Lighting,1,128.2,0.1,Paid Search,US,control
ORD-007705,2023-12-19,CUST-00788,cust-00788@lumenmail.com,Décor,5,65.22,0.05,,UK,
ORD-000641,2023-11-29,CUST-01332,cust-01332@lumenmail.com,Lighting,2,679.96,0.0,Social,US,variant
ORD-002196,2024-06-09,CUST-01444,cust-01444@lumenmail.com,Lighting,1,187.97,5.0,Social,ZZ,control
ORD-005422,2024-07-25,CUST-01646,cust-01646@lumenmail.com,Furniture,2,25.74,0.0,Paid Search,US,control
ORD-002283,01/04/2024,CUST-01134,cust-01134@lumenmail.com,Lighting,2,70.31,0.0,Email,CA,
ORD-008044,2024-05-24,CUST-02404,cust-02404@lumenmail.com,Décor,2,403.13,0.0,Email,ZZ,control
ORD-003924,2024-11-17,CUST-01173,cust-01173@lumenmail.com,Outdoor,1,177.46,0.05,Email,US,
ORD-005813,2023-09-26,CUST-02933,cust-02933@lumenmail.com,Lighting,2,255.44,0.0,Organic,US,
ORD-004681,05/11/2024,CUST-00548,cust-00548@lumenmail.com,Lighting,1,99.91,0.0,Paid Search,US,control
ORD-007791,2024-04-14,,guest@lumenmail.com,Décor,5,22.9,0.0,Email,US,control
ORD-004881,05/12/2024,CUST-01266,cust-01266@lumenmail.com,Décor,1,34.27,0.2,Social,US,variant
ORD-005603,2024-10-23,CUST-01403,cust-01403@lumenmail.com,Lighting,1,89.17,0.05,Organic,US,control
ORD-009453,2024-10-18,CUST-02591,cust-02591@lumenmail.com,Furniture,1,22.27,0.0,Paid Search,US,variant
ORD-005974,2024-03-20,CUST-00032,cust-00032@lumenmail.com,Décor,7,8.57,0.0,Paid Search,US,
ORD-003946,2023-10-09,CUST-02757,cust-02757@lumenmail.com,Furniture,2,98.18,0.1,Organic,US,
ORD-008506,2023-12-21,CUST-02538,cust-02538@lumenmail.com,Lighting,3,105.22,0.0,Email,ZZ,control
ORD-006908,2024-11-15,CUST-00521,cust-00521@lumenmail.com,Décor,1,42.76,20.0,Email,ZZ,control
ORD-005556,2024-06-23,CUST-00124,cust-00124@lumenmail.com,Outdoor,1,217.43,0.0,Email,US,
ORD-008779,2024-05-14,CUST-01212,cust-01212@lumenmail.com,Accessories,3,76.95,0.0,Social,US,control
ORD-008960,2023-12-24,CUST-00231,cust-00231@lumenmail.com,Furniture,2,94.2,0.1,Paid Search,US,variant
ORD-009315,2023-08-21,CUST-01883,cust-01883@lumenmail.com,Lighting,1,270.0,0.1,Paid Search,US,variant
ORD-007670,2023-10-22,CUST-01466,cust-01466@lumenmail.com,Lighting,2,99.3,0.0,Email,US,variant
ORD-007028,2024-02-04,CUST-02953,cust-02953@lumenmail.com,Lighting,1,26.53,0.25,Organic,CA,
ORD-006166,2023-07-09,CUST-00199,cust-00199@lumenmail.com,Outdoor,1,184.97,0.0,Paid Search,US,
ORD-006953,14/10/2024,CUST-01696,cust-01696@lumenmail.com,Furniture,1,9.03,0.05,Organic,US,control
ORD-003824,18/11/2024,CUST-00755,cust-00755@lumenmail.com,Lighting,6,148.99,0.1,Organic,US,control
ORD-000271,2023-10-10,CUST-00122,cust-00122@lumenmail.com,Accessoires,1,409.23,0.0,Paid Search,AU,variant
ORD-007415,2024-04-17,CUST-00433,cust-00433@lumenmail.com,lighting,1,163.14,0.0,Paid Search,UK,variant
ORD-007607,2023-08-16,CUST-01647,cust-01647@lumenmail.com,Lighting,1,21.48,0.0,Email,AU,
ORD-003053,2024-01-30,CUST-02218,cust-02218@lumenmail.com,Furniture,1,110.64,0.0,Paid Search,UK,variant
ORD-000149,2024-06-02,CUST-02708,cust-02708@lumenmail.com,Décor,1,136.12,0.05,Paid Search,UK,variant
ORD-006225,2023-09-19,CUST-01967,cust-01967@lumenmail.com,Décor,1,184.86,0.0,Paid Search,AU,control
ORD-003854,2024-05-05,CUST-02149,cust-02149@lumenmail.com,Furniture,1,42.38,0.0,Social,UK,control
ORD-006986,2024-11-05,CUST-02229,cust-02229@lumenmail.com,Lighting,1,730.03,0.05,Organic,US,control
ORD-004095,2023-10-23,CUST-02177,cust-02177@lumenmail.com,Lighting,2,0.0,0.05,Email,US,
ORD-000955,2023-09-30,CUST-01688,cust-01688@lumenmail.com,Lighting,1,0.0,0.05,Paid Search,US,control
ORD-006885,2023-08-20,CUST-01127,cust-01127@lumenmail.com,Outdoor,1,132.7,0.05,Email,US,control
ORD-001662,2023-09-05,,guest@lumenmail.com,Furniture,2,333.06,0.1,Email,US,
ORD-004435,2024-10-12,CUST-01308,cust-01308@lumenmail.com,Décor,5,81.16,0.0,,US,
ORD-003444,2024-10-16,CUST-01350,cust-01350@lumenmail.com,Furniture,1,76.21,0.0,Organic,CA,variant
ORD-002140,2024-02-20,,guest@lumenmail.com,Outdoor,1,772.62,0.0,Paid Search,AU,variant
ORD-008518,04/04/2024,CUST-00966,cust-00966@lumenmail.com,Décor,1,153.73,20.0,Paid Search,US,control
ORD-004151,2023-08-21,CUST-02436,cust-02436@lumenmail.com,Outdoor,3,95.37,0.15,Paid Search,AU,control
ORD-008396,2024-07-17,CUST-01090,cust-01090@lumenmail.com,Lighting,1,99.8,0.1,Organic,US,control
ORD-001427,2023-06-13,CUST-02090,cust-02090@lumenmail.com,Outdoor,2,94.19,0.0,Paid Search,US,
ORD-009103,16/10/2023,,guest@lumenmail.com,Décor,5,6.79,0.05,Email,US,control
ORD-001460,2023-11-09,CUST-00905,cust-00905@lumenmail.com,Furniture,1,508.67,0.05,,AU,control
ORD-006280,2023-12-22,CUST-01027,cust-01027@lumenmail.com,Lighting,7,160.11,0.0,Social,US,variant
ORD-002721,2024-05-01,CUST-02846,cust-02846@lumenmail.com,Lighting,2,7.52,0.0,Email,US,
ORD-003591,2024-04-22,CUST-01808,cust-01808@lumenmail.com,Lighting,2,47.58,0.0,Organic,US,variant
ORD-004880,2024-05-27,CUST-02657,cust-02657@lumenmail.com,Furniture,1,139.0,10.0,Paid Search,UK,
ORD-008956,2024-08-03,CUST-02297,cust-02297@lumenmail.com,Furniture,4,98.88,0.05,Email,US,control
ORD-000102,29/11/2024,CUST-00963,cust-00963@lumenmail.com,Lighting,1,140.6,0.0,Email,US,variant
ORD-004671,2024-08-18,CUST-00322,cust-00322@lumenmail.com,Furniture,-1,35.87,0.05,Organic,US,control
ORD-002228,2024-11-06,CUST-02351,cust-02351@lumenmail.com,Décor,1,575.5,0.25,Email,CA,control
ORD-000739,2023-10-21,CUST-01908,cust-01908@lumenmail.com,Décor,1,175.25,0.0,Organic,UK,variant
ORD-008325,2024-07-22,CUST-00532,cust-00532@lumenmail.com,Décor,2,664.88,0.25,Email,UK,
ORD-006117,2024-02-03,,guest@lumenmail.com,Décor,3,201.33,0.05,Paid Search,CA,
ORD-007659,2024-01-11,CUST-02147,cust-02147@lumenmail.com,Décor,2,27.76,0.1,Email,US,control
ORD-002743,2024-10-17,CUST-02321,cust-02321@lumenmail.com,Furniture,1,78.78,0.0,Organic,CA,variant
ORD-008305,07/01/2024,CUST-00640,cust-00640@lumenmail.com,Furniture,1,443.95,0.0,Paid Search,US,
ORD-001879,2024-07-17,CUST-01236,cust-01236@lumenmail.com,Lighting,1,177.7,0.05,Social,US,variant
ORD-004742,2024-05-21,CUST-00423,cust-00423@lumenmail.com,Outdoor,2,153.0,0.1,Email,US,control
ORD-002507,26/11/2024,CUST-02202,cust-02202@lumenmail.com,Furniture,1,410.94,0.0,Email,CA,variant
ORD-005767,2023-10-14,CUST-01555,cust-01555@lumenmail.com,Décor,1,208.13,0.05,Organic,UK,control
ORD-002164,2024-01-26,CUST-00711,cust-00711@lumenmail.com,Lighting,1,40.4,0.15,Email,US,
ORD-004079,2023-09-16,CUST-00081,cust-00081@lumenmail.com,Outdoor,6,64.69,0.0,Email,CA,control
ORD-004994,15/06/2024,CUST-02892,cust-02892@lumenmail.com,Accessories,1,72.9,0.15,Email,US,
ORD-003773,2023-12-05,CUST-00774,cust-00774@lumenmail.com,Outdoor,1,43.44,0.0,Email,US,
ORD-000524,2024-11-02,CUST-02899,cust-02899@lumenmail.com,Lighting,4,18.3,0.0,Email,CA,variant
ORD-002019,2024-09-09,CUST-00049,cust-00049@lumenmail.com,Lighting,1,688.46,0.0,,US,
ORD-005090,2024-05-27,CUST-00810,cust-00810@lumenmail.com,Lighting,1,28.67,0.0,Social,US,variant
ORD-005784,2023-09-04,CUST-02747,cust-02747@lumenmail.com,Furniture,1,140.35,0.05,Organic,UK,
ORD-007228,2024-02-23,CUST-00763,cust-00763@lumenmail.com,Furniture,3,85.4,0.15,Email,US,control
ORD-009538,2023-08-05,CUST-00142,cust-00142@lumenmail.com,Furniture,2,24.31,0.05,Email,US,variant
ORD-001327,2024-05-04,CUST-00664,cust-00664@lumenmail.com,Furniture,1,38.38,0.15,Email,ZZ,
ORD-005499,2024-01-20,CUST-00873,cust-00873@lumenmail.com,Lighting,2,14.29,0.0,Paid Search,UK,variant
ORD-001494,2023-09-09,CUST-01290,cust-01290@lumenmail.com,Lighting,3,78.89,0.1,Social,US,variant
ORD-005654,11/11/2024,CUST-02620,cust-02620@lumenmail.com,Décor,7,69.21,0.1,Email,US,control
ORD-009597,2023-10-30,CUST-01906,cust-01906@lumenmail.com,Décor,-2,269.55,0.0,Organic,US,variant
ORD-002026,2024-11-19,CUST-00024,cust-00024@lumenmail.com,Lighting,4,36.29,0.05,Paid Search,US,variant
ORD-008136,2023-11-08,,guest@lumenmail.com,Décor,1,183.3,5.0,Organic,UK,control
ORD-008636,2024-04-10,CUST-00573,cust-00573@lumenmail.com,Lighting,1,36.68,0.25,Email,CA,control
ORD-003023,2023-06-29,,guest@lumenmail.com,Lighting,2,37.64,0.0,Paid Search,US,
ORD-000943,2023-06-03,CUST-01770,cust-01770@lumenmail.com,Outdoor,1,95.67,20.0,Email,US,variant
ORD-007495,2024-04-23,CUST-02874,cust-02874@lumenmail.com,Furniture,1,89.57,0.1,Email,AU,
ORD-001536,26/08/2023,,guest@lumenmail.com,Décor,1,36.81,0.0,Organic,CA,variant
ORD-006256,2023-09-22,CUST-00629,cust-00629@lumenmail.com,Furniture,1,6.35,0.15,Email,US,
ORD-001613,2023-10-20,CUST-02948,cust-02948@lumenmail.com,Accessoires,2,110.21,0.05,Email,US,
ORD-004153,2023-12-20,CUST-02912,cust-02912@lumenmail.com,lighting,1,5.91,0.05,Organic,US,control
ORD-003837,2023-09-29,,guest@lumenmail.com,Outdoor,4,350.85,0.15,Email,US,variant
ORD-002624,2024-12-02,CUST-02139,cust-02139@lumenmail.com,Outdoor,-1,41.24,0.15,Paid Search,UK,
ORD-007646,2023-07-01,CUST-02643,cust-02643@lumenmail.com,Décor,-3,7.28,0.05,Social,US,
ORD-006627,2024-01-28,CUST-01423,cust-01423@lumenmail.com,Lighting,2,183.45,0.05,Email,CA,control
ORD-008903,2024-08-18,CUST-02432,cust-02432@lumenmail.com,Furniture,1,20.45,0.25,Organic,US,
ORD-000787,2023-08-13,CUST-01427,cust-01427@lumenmail.com,Accessories,1,28.56,0.0,Organic,US,control
ORD-004578,04/09/2024,CUST-00317,cust-00317@lumenmail.com,Décor,1,47.03,0.0,Email,US,
ORD-004037,2024-06-14,CUST-02490,cust-02490@lumenmail.com,Lighting,3,323.07,0.0,Paid Search,US,
ORD-004029,2024-11-25,CUST-02887,cust-02887@lumenmail.com,Lighting,4,594.68,0.0,Organic,CA,control
ORD-004084,2024-09-28,CUST-02124,cust-02124@lumenmail.com,Lighting,4,86.01,0.0,Paid Search,UK,variant
ORD-004180,2023-07-17,CUST-02624,cust-02624@lumenmail.com,Lighting,2,20.83,0.05,Organic,US,
ORD-004305,2024-01-25,CUST-02871,cust-02871@lumenmail.com,Décor,2,42.54,0.0,Social,US,variant
ORD-005264,2023-07-11,CUST-01167,cust-01167@lumenmail.com,Lighting,1,342.21,0.0,Email,UK,
ORD-003718,2023-07-02,CUST-02283,cust-02283@lumenmail.com,Lighting,2,337.74,0.2,Paid Search,US,control
ORD-007612,2024-11-12,,guest@lumenmail.com,Lighting,3,55.46,0.0,Paid Search,US,control
ORD-004080,2023-09-27,CUST-02814,cust-02814@lumenmail.com,Lighting,1,74.16,0.15,Email,US,
ORD-004118,2023-12-31,CUST-02696,cust-02696@lumenmail.com,Outdoor,1,379.98,0.0,Paid Search,US,
ORD-002437,12/01/2024,CUST-02885,cust-02885@lumenmail.com,Lighting,1,57.7,0.0,Email,US,
ORD-003605,2024-07-16,CUST-01593,cust-01593@lumenmail.com,Furniture,1,38.7,0.0,Organic,US,
ORD-005991,14/06/2024,CUST-00009,cust-00009@lumenmail.com,Lighting,2,65.54,0.2,Paid Search,US,control
ORD-002891,2023-07-24,CUST-02408,cust-02408@lumenmail.com,Furniture,1,40.56,0.0,Email,US,
ORD-003456,2023-11-04,CUST-00321,cust-00321@lumenmail.com,Accessories,1,151.45,0.15,Organic,US,
ORD-008081,2024-09-03,CUST-01659,cust-01659@lumenmail.com,Lighting,1,10.13,0.0,Organic,US,control
ORD-005131,2024-10-25,CUST-00623,cust-00623@lumenmail.com,Accessories,2,75.89,5.0,Email,US,
ORD-001221,2024-12-21,CUST-03000,cust-03000@lumenmail.com,Lighting,2,51.0,0.0,Paid Search,US,variant
ORD-003674,2024-05-24,CUST-01302,cust-01302@lumenmail.com,Décor,1,134.28,0.25,Paid Search,US,
ORD-001098,2024-04-05,CUST-01784,cust-01784@lumenmail.com,Furniture,2,32.32,0.25,Social,CA,control
ORD-009242,2024-12-02,CUST-01801,cust-01801@lumenmail.com,Furniture,2,76.52,0.0,Email,US,control
ORD-001903,2023-11-26,CUST-00551,cust-00551@lumenmail.com,Furniture,1,354.72,0.1,Paid Search,US,variant
ORD-003515,2023-11-17,CUST-02181,cust-02181@lumenmail.com,Décor,1,187.5,0.0,Email,US,control
ORD-005546,2024-03-29,CUST-02225,cust-02225@lumenmail.com,Accessories,4,255.4,0.0,Social,AU,
ORD-000941,2024-01-19,CUST-00317,cust-00317@lumenmail.com,Lighting,1,24.61,0.0,Email,US,variant
ORD-009407,2023-08-16,CUST-00269,cust-00269@lumenmail.com,Décor,4,34.06,0.0,Paid Search,CA,
ORD-004546,2024-02-21,CUST-02908,cust-02908@lumenmail.com,Lightng,2,283.72,0.05,Paid Search,CA,control
ORD-004041,2023-12-07,CUST-02289,cust-02289@lumenmail.com,Décor,1,64.12,0.0,Social,US,control
ORD-006249,08/11/2024,CUST-02292,cust-02292@lumenmail.com,Décor,1,76.83,0.1,Organic,US,
ORD-003707,2024-08-24,CUST-00164,cust-00164@lumenmail.com,Lighting,1,176.87,0.1,,US,
ORD-004027,2023-06-19,CUST-00183,cust-00183@lumenmail.com,Lighting,5,44.5,0.2,Email,US,control
ORD-000340,2023-08-25,CUST-01541,cust-01541@lumenmail.com,Décor,1,236.32,0.1,Email,US,
ORD-008030,2023-09-18,CUST-02515,cust-02515@lumenmail.com,Outdoor,1,16.65,0.05,Social,US,
ORD-004023,2024-03-26,CUST-01763,cust-01763@lumenmail.com,Lighting,1,24.94,0.05,Paid Search,US,variant
ORD-005847,2024-01-01,CUST-00832,cust-00832@lumenmail.com,Décor,3,51.92,0.05,Email,UK,
ORD-003774,15/03/2024,,guest@lumenmail.com,Lighting,1,86.55,0.15,Paid Search,UK,variant
ORD-008731,2024-11-19,CUST-02620,cust-02620@lumenmail.com,Furniture,1,177.73,0.0,Social,US,
ORD-003064,2024-08-30,CUST-01154,cust-01154@lumenmail.com,Outdoor,4,85.52,0.05,Paid Search,ZZ,variant
ORD-008890,,CUST-01914,cust-01914@lumenmail.com,Outdoor,1,139.98,0.0,Paid Search,CA,control
ORD-003709,24/04/2024,CUST-00161,cust-00161@lumenmail.com,Lighting,5,338.84,0.15,Social,US,variant
ORD-003789,2024-02-27,CUST-02878,cust-02878@lumenmail.com,Décor,1,171.75,0.0,Email,US,
ORD-003604,2024-01-04,CUST-01301,cust-01301@lumenmail.com,Lighting,-1,26.11,0.1,Email,US,control
ORD-005896,2023-11-22,CUST-02531,cust-02531@lumenmail.com,Lighting,3,7.12,0.0,Paid Search,US,variant
ORD-007172,2024-08-23,CUST-00546,cust-00546@lumenmail.com,Lighting,2,42.21,0.0,Organic,US,variant
ORD-002707,2023-12-31,CUST-02416,cust-02416@lumenmail.com,Furniture,4,15.82,0.25,Paid Search,UK,variant
ORD-001794,2023-06-15,CUST-02765,cust-02765@lumenmail.com,Décor,2,526.89,0.0,Paid Search,US,variant
ORD-008256,2023-12-19,CUST-02772,cust-02772@lumenmail.com,Accessories,3,114.45,0.0,Paid Search,US,
ORD-008485,2023-07-07,CUST-02155,cust-02155@lumenmail.com,Furniture,1,126.15,0.0,Paid Search,US,control
ORD-001139,2024-03-02,CUST-02958,cust-02958@lumenmail.com,Outdoor,1,176.17,0.0,Organic,US,
ORD-003451,2024-06-18,CUST-00803,cust-00803@lumenmail.com,Furniture,2,348.63,0.0,Organic,UK,variant
ORD-001786,2024-05-07,CUST-02533,cust-02533@lumenmail.com,Décor,1,424.49,0.0,Organic,UK,control
ORD-005929,2024-10-31,,guest@lumenmail.com,Décor,1,196.2,0.1,Organic,US,
ORD-005320,2024-08-15,CUST-00535,cust-00535@lumenmail.com,Outdoor,1,489.97,0.0,Paid Search,US,
ORD-009271,2023-10-23,CUST-02415,cust-02415@lumenmail.com,Lighting,1,39.47,0.05,,US,control
ORD-006496,2023-08-15,CUST-02800,cust-02800@lumenmail.com,Lighting,3,85.35,0.0,Email,US,control
ORD-004314,2023-06-11,CUST-01411,cust-01411@lumenmail.com,Décor,1,424.13,0.05,Paid Search,US,
ORD-008377,25/08/2023,CUST-00905,cust-00905@lumenmail.com,Lighting,3,730.74,0.1,Organic,US,variant
ORD-005501,25/11/2023,CUST-01271,cust-01271@lumenmail.com,Décor,2,5.4,0.0,Paid Search,US,control
ORD-007892,2023-07-12,CUST-00347,cust-00347@lumenmail.com,Furniture,1,285.09,0.0,Paid Search,ZZ,
ORD-000028,2024-02-20,CUST-01987,cust-01987@lumenmail.com,Furniture,1,91.0,0.0,Email,UK,
ORD-008510,2024-06-05,CUST-02577,cust-02577@lumenmail.com,Lighting,2,177.75,0.0,Paid Search,CA,variant
ORD-007893,2023-12-22,CUST-01359,cust-01359@lumenmail.com,Décor,3,65.61,0.25,Social,US,
ORD-008679,2023-09-07,CUST-02453,cust-02453@lumenmail.com,Outdoor,5,20.86,0.0,Email,US,variant
ORD-003546,2024-03-06,,guest@lumenmail.com,Décor,2,40.64,0.0,Paid Search,US,control
ORD-007206,2024-02-29,CUST-02644,cust-02644@lumenmail.com,Lightng,2,40.59,0.0,Organic,CA,control
ORD-001448,2023-12-18,CUST-00984,cust-00984@lumenmail.com,Décor,2,152.71,0.0,,CA,
ORD-001546,2024-02-29,CUST-00491,cust-00491@lumenmail.com,Lighting,1,49.48,0.0,Email,US,variant
ORD-009385,02/06/2024,CUST-00875,cust-00875@lumenmail.com,Accessories,2,33.98,0.0,Organic,US,variant
ORD-000345,2024-07-28,CUST-00309,cust-00309@lumenmail.com,Lighting,1,36.37,0.1,Social,US,
ORD-004090,2023-07-21,CUST-00187,cust-00187@lumenmail.com,Décor,2,63.63,0.05,Social,UK,
ORD-002634,2023-08-09,CUST-02490,cust-02490@lumenmail.com,Outdoor,1,99.18,0.05,Organic,US,variant
ORD-004908,,,guest@lumenmail.com,Lighting,5,156.46,0.0,Email,US,
ORD-008215,2024-01-11,CUST-02046,cust-02046@lumenmail.com,Lighting,1,15.83,0.15,Paid Search,US,
ORD-006187,2023-12-09,CUST-02787,cust-02787@lumenmail.com,Outdoor,1,64.45,0.0,Email,UK,
ORD-004629,2024-12-04,CUST-02847,cust-02847@lumenmail.com,Outdoor,3,194.57,0.1,Paid Search,US,
ORD-000366,2023-10-16,CUST-01120,cust-01120@lumenmail.com,Décor,2,20.23,0.0,Paid Search,CA,variant
ORD-002846,2024-08-16,CUST-01265,cust-01265@lumenmail.com,Furniture,1,29.21,0.0,Email,UK,control
ORD-004231,2024-08-09,CUST-02172,cust-02172@lumenmail.com,Furniture,3,55.69,0.05,Paid Search,US,variant
ORD-004637,2024-06-05,CUST-02140,cust-02140@lumenmail.com,Décor,1,263.34,0.0,Paid Search,US,control
ORD-009092,2024-11-07,CUST-00097,cust-00097@lumenmail.com,Décor,5,340.91,0.0,Paid Search,US,variant
ORD-001024,2024-06-17,CUST-00258,cust-00258@lumenmail.com,Lighting,2,379.33,0.05,Email,US,
ORD-005380,2023-10-22,CUST-00883,cust-00883@lumenmail.com,Furniture,1,14.63,0.0,Paid Search,CA,control
ORD-002679,2024-02-01,CUST-01972,cust-01972@lumenmail.com,Décor,2,127.36,20.0,Social,US,control
ORD-006994,2024-05-05,CUST-00370,cust-00370@lumenmail.com,Décor,2,11.32,0.05,Email,CA,
ORD-007445,2024-07-15,CUST-02436,cust-02436@lumenmail.com,Outdoor,5,44.72,0.15,Paid Search,US,variant
ORD-001735,2024-02-06,CUST-01484,cust-01484@lumenmail.com,Furniture,1,22.23,0.05,Email,US,control
ORD-000404,2024-10-03,CUST-01911,cust-01911@lumenmail.com,Lighting,5,77.92,0.15,Organic,US,
ORD-003636,2024-12-21,CUST-00124,cust-00124@lumenmail.com,Lighting,4,108.42,0.0,Email,US,control
ORD-002653,2023-11-11,CUST-01968,cust-01968@lumenmail.com,Décor,1,45.18,15.0,Organic,US,control
ORD-009022,2024-11-09,CUST-00277,cust-00277@lumenmail.com,Décor,1,18.64,10.0,Paid Search,AU,
ORD-001780,2024-10-25,CUST-01466,cust-01466@lumenmail.com,Furniture,6,41.72,0.0,Paid Search,US,control
ORD-000743,2024-07-23,CUST-00195,cust-00195@lumenmail.com,Lighting,2,280.12,0.1,Organic,US,control
ORD-005044,2024-05-21,CUST-01233,cust-01233@lumenmail.com,Furniture,3,26.05,0.15,Email,CA,variant
ORD-006373,2024-01-23,CUST-02100,cust-02100@lumenmail.com,Outdoor,1,98.5,0.0,Paid Search,US,variant
ORD-008651,13/08/2023,CUST-00149,cust-00149@lumenmail.com,Lighting,2,390.82,0.05,Paid Search,US,
ORD-007030,19/05/2024,CUST-02404,cust-02404@lumenmail.com,Décor,1,103.21,0.15,Paid Search,CA,control
ORD-007039,2024-07-19,CUST-01766,cust-01766@lumenmail.com,Furniture,2,83.12,0.1,Social,US,control
ORD-008387,11/05/2024,CUST-01258,cust-01258@lumenmail.com,Furniture,-4,43.21,0.0,Paid Search,US,variant
ORD-007503,2024-06-07,CUST-00715,cust-00715@lumenmail.com,Lighting,2,56.43,0.05,Email,UK,
ORD-006521,2024-06-07,CUST-02278,cust-02278@lumenmail.com,Furniture,1,82.92,0.05,Paid Search,US,control
ORD-004140,2024-02-08,,guest@lumenmail.com,Outdoor,3,58.58,0.1,Paid Search,US,control
ORD-002469,2023-08-05,CUST-00225,cust-00225@lumenmail.com,Accessories,-2,257.53,0.0,Social,ZZ,
ORD-009198,25/11/2023,CUST-02978,cust-02978@lumenmail.com,Lighting,1,23.18,0.05,Organic,US,control
ORD-004612,2024-10-23,CUST-01327,cust-01327@lumenmail.com,Décor,1,139.32,0.0,Organic,US,variant
ORD-006527,2023-08-14,CUST-00777,cust-00777@lumenmail.com,Accessories,2,21.34,0.0,Organic,US,variant
ORD-006324,2023-10-01,CUST-00680,cust-00680@lumenmail.com,Décor,1,66.18,0.0,,US,control
ORD-008174,31/01/2024,CUST-00693,cust-00693@lumenmail.com,Outdoor,3,80.7,0.05,Organic,US,
ORD-000215,2024-08-15,CUST-01245,cust-01245@lumenmail.com,Lighting,-4,35.98,0.15,,US,
ORD-005886,2023-09-23,,guest@lumenmail.com,Décor,1,46.49,0.0,Paid Search,US,variant
ORD-001312,,CUST-00433,cust-00433@lumenmail.com,Furniture,5,50.91,0.05,Email,AU,variant
ORD-000669,2024-04-25,CUST-02859,cust-02859@lumenmail.com,Furniture,2,102.4,0.0,Social,ZZ,control
ORD-006405,2024-11-07,CUST-02601,cust-02601@lumenmail.com,Furniture,2,91.64,0.15,Paid Search,US,variant
ORD-002820,2024-07-28,CUST-01125,cust-01125@lumenmail.com,Lighting,2,80.0,0.0,Paid Search,US,variant
ORD-005026,2024-09-23,CUST-01724,cust-01724@lumenmail.com,Lighting,1,20.37,0.1,Social,US,
ORD-009104,2024-10-05,CUST-01551,cust-01551@lumenmail.com,Furniture,1,32.87,0.15,Email,CA,variant
ORD-004031,29/09/2023,CUST-00839,cust-00839@lumenmail.com,Furniture,1,42.01,0.0,Organic,UK,
ORD-006917,2024-09-05,CUST-02547,cust-02547@lumenmail.com,lighting,1,611.35,0.0,Email,US,control
ORD-000983,2023-10-19,CUST-01382,cust-01382@lumenmail.com,Décor,1,286.11,0.2,Email,CA,control
ORD-005511,2023-08-22,CUST-00128,cust-00128@lumenmail.com,Lighting,3,133.73,0.05,Social,UK,control
ORD-004724,09/06/2024,CUST-02388,cust-02388@lumenmail.com,Décor,4,279.85,0.0,Paid Search,US,variant
ORD-001103,2024-03-26,CUST-00252,cust-00252@lumenmail.com,Lighting,1,94.37,0.05,Email,US,variant
ORD-002248,2024-11-11,CUST-02100,cust-02100@lumenmail.com,Lighting,3,398.04,0.0,Social,ZZ,control
ORD-003998,2024-10-20,CUST-00687,cust-00687@lumenmail.com,Lighting,-4,220.48,0.05,,US,variant
ORD-007629,2024-02-11,CUST-01845,cust-01845@lumenmail.com,Outdoor,1,184.29,0.0,Social,US,control
ORD-006604,2023-07-11,CUST-02474,cust-02474@lumenmail.com,Décor,1,62.09,0.0,Email,US,variant
ORD-008951,2023-12-29,CUST-02513,cust-02513@lumenmail.com,Furniture,5,76.42,0.15,Paid Search,US,
ORD-006778,2024-10-27,CUST-01248,cust-01248@lumenmail.com,Furniture,1,168.08,0.1,Paid Search,UK,
ORD-001027,2024-02-02,CUST-02526,cust-02526@lumenmail.com,Furniture,2,82.07,0.05,Paid Search,AU,variant
ORD-006030,2023-08-16,CUST-00170,cust-00170@lumenmail.com,Furniture,1,119.96,0.0,Paid Search,US,
ORD-004367,2023-08-31,CUST-01595,cust-01595@lumenmail.com,Lighting,1,44.07,0.1,Paid Search,US,variant
ORD-006136,2023-11-16,CUST-00998,cust-00998@lumenmail.com,Furniture,1,14.9,0.0,Social,UK,
ORD-008266,2024-02-26,CUST-00490,cust-00490@lumenmail.com,Lighting,2,27.32,0.0,Paid Search,US,variant
ORD-008416,2024-12-09,CUST-02853,cust-02853@lumenmail.com,Lighting,3,619.55,0.0,Email,US,control
ORD-005063,2024-06-09,CUST-01545,cust-01545@lumenmail.com,Décor,2,624.54,0.0,Organic,ZZ,control
ORD-008179,2023-08-29,,guest@lumenmail.com,Accessories,1,57.02,0.0,Paid Search,US,
ORD-007223,2023-09-16,CUST-00143,cust-00143@lumenmail.com,Outdoor,2,6.33,0.0,Organic,US,
ORD-006742,2023-07-15,CUST-02770,cust-02770@lumenmail.com,Furniture,2,256.2,0.1,Email,US,
ORD-004744,27/05/2024,CUST-00489,cust-00489@lumenmail.com,Lighting,3,700.3,0.0,Organic,UK,control
ORD-001321,2024-04-05,CUST-01005,cust-01005@lumenmail.com,Furniture,1,72.15,0.0,Email,US,control
ORD-001236,27/10/2024,CUST-01227,cust-01227@lumenmail.com,Décor,1,333.31,0.05,Email,US,
ORD-009058,2024-03-06,CUST-01022,cust-01022@lumenmail.com,Décor,2,47.95,0.0,Email,US,variant
ORD-008723,18/12/2023,CUST-01868,cust-01868@lumenmail.com,Furniture,4,54.96,0.0,Paid Search,US,
ORD-004736,2024-08-02,CUST-02410,cust-02410@lumenmail.com,Lighting,2,140.16,0.25,Social,US,control
ORD-008626,2024-01-22,CUST-02237,cust-02237@lumenmail.com,Décor,1,81.72,0.1,Paid Search,US,
ORD-007510,2024-02-09,CUST-02080,cust-02080@lumenmail.com,Furniture,2,113.18,0.0,Organic,CA,variant
ORD-005404,2024-10-22,CUST-00048,cust-00048@lumenmail.com,Décor,7,41.77,0.05,Email,CA,
ORD-006345,2024-02-20,CUST-01703,cust-01703@lumenmail.com,Lightng,1,77.5,0.0,Social,US,
ORD-006891,,CUST-02528,cust-02528@lumenmail.com,Décor,4,22.11,0.2,Organic,US,variant
ORD-003509,21/09/2023,CUST-00372,cust-00372@lumenmail.com,Outdoor,2,45.92,0.0,Organic,US,
ORD-000600,2024-10-01,CUST-01484,cust-01484@lumenmail.com,Furniture,2,124.85,0.15,Social,US,
ORD-008874,2024-07-15,CUST-02757,cust-02757@lumenmail.com,Lighting,1,762.81,0.2,,US,variant
ORD-004092,2023-12-09,CUST-01685,cust-01685@lumenmail.com,Accessories,1,74.5,0.1,Paid Search,US,variant
ORD-004427,2024-12-03,CUST-01299,cust-01299@lumenmail.com,Décor,1,28.24,0.0,Email,US,control
ORD-004399,2024-07-16,CUST-02714,cust-02714@lumenmail.com,Décor,7,141.42,0.0,Social,US,control
ORD-002458,2024-09-05,CUST-02542,cust-02542@lumenmail.com,Accessories,1,69.61,0.2,Email,US,
ORD-008847,2023-06-14,,guest@lumenmail.com,Décor,3,38.29,0.0,Organic,US,
ORD-002236,2024-05-01,CUST-01130,cust-01130@lumenmail.com,Décor,1,89.7,0.15,Paid Search,CA,variant
ORD-009350,15/12/2023,CUST-02377,cust-02377@lumenmail.com,Décor,1,14.08,0.05,Organic,CA,
ORD-002393,04/09/2023,CUST-00326,cust-00326@lumenmail.com,Lighting,1,58.5,0.0,Paid Search,CA,
ORD-005069,2024-11-10,CUST-01123,cust-01123@lumenmail.com,Furniture,1,153.27,0.25,Email,CA,control
ORD-001825,2024-07-27,CUST-01165,cust-01165@lumenmail.com,Lighting,1,29.2,10.0,Social,US,variant
ORD-001006,2024-10-08,CUST-00907,cust-00907@lumenmail.com,Furniture,5,60.58,0.0,Email,CA,variant
ORD-002725,2023-06-28,CUST-02774,cust-02774@lumenmail.com,Outdoor,2,205.0,0.0,Paid Search,US,control
ORD-005642,2024-05-08,CUST-01628,cust-01628@lumenmail.com,Furniture,1,14.4,0.0,Organic,CA,
ORD-005470,2023-10-16,CUST-02745,cust-02745@lumenmail.com,Outdoor,3,89.43,0.0,Paid Search,AU,
ORD-007373,2024-12-12,CUST-00061,cust-00061@lumenmail.com,Lighting,2,88.47,0.05,Email,CA,control
ORD-001452,2024-09-25,CUST-01378,cust-01378@lumenmail.com,Lighting,1,47.41,0.05,Paid Search,US,control
ORD-004628,2023-08-08,CUST-00731,cust-00731@lumenmail.com,Accessories,2,123.27,0.1,Social,CA,
ORD-003096,2023-11-02,CUST-02457,cust-02457@lumenmail.com,Lighting,1,23.21,0.0,Social,CA,control
ORD-000183,10/12/2024,CUST-00446,cust-00446@lumenmail.com,Outdoor,1,196.25,0.25,Organic,CA,variant
ORD-003157,2024-03-03,CUST-01105,cust-01105@lumenmail.com,Décor,5,14.72,0.15,Paid Search,US,
ORD-001789,2024-03-28,CUST-02255,cust-02255@lumenmail.com,Furniture,2,121.66,0.2,Paid Search,US,
ORD-000305,2024-01-11,CUST-02380,cust-02380@lumenmail.com,Décor,2,67.33,0.1,Organic,ZZ,variant
ORD-001514,2024-04-28,CUST-00211,cust-00211@lumenmail.com,Furniture,1,53.9,0.0,Email,US,control
ORD-001046,2024-03-05,CUST-01432,cust-01432@lumenmail.com,Furniture,2,80.15,0.1,Paid Search,US,control
ORD-008083,27/06/2023,CUST-02088,cust-02088@lumenmail.com,Décor,1,159.45,0.05,Paid Search,US,
ORD-003860,2024-12-05,CUST-01280,cust-01280@lumenmail.com,Décor,1,332.44,0.0,Social,UK,
ORD-006877,28/12/2024,CUST-01013,cust-01013@lumenmail.com,Décor,2,148.05,0.0,Email,US,
ORD-003776,2023-08-03,,guest@lumenmail.com,Lighting,4,127.89,0.0,Social,US,
ORD-005724,2023-11-01,CUST-01078,cust-01078@lumenmail.com,Accessories,1,158.76,0.0,Email,US,
ORD-004622,2024-12-11,,guest@lumenmail.com,Lighting,3,63.55,0.0,Email,US,variant
ORD-002294,2024-08-24,CUST-02993,cust-02993@lumenmail.com,Lighting,2,226.68,0.2,Social,US,variant
ORD-007729,2024-04-27,CUST-01123,cust-01123@lumenmail.com,Furniture,3,87.62,0.0,Paid Search,US,control
ORD-002691,2024-05-24,CUST-00397,cust-00397@lumenmail.com,Lighting,1,77.88,0.15,Paid Search,US,variant
ORD-008277,2023-06-24,CUST-02412,cust-02412@lumenmail.com,Outdoor,1,46.2,0.0,Email,US,variant
ORD-000008,2024-01-07,CUST-00326,cust-00326@lumenmail.com,Lighting,1,192.88,0.15,Email,US,
ORD-008400,2023-08-23,CUST-00011,cust-00011@lumenmail.com,Furniture,2,480.85,0.05,Email,AU,variant
ORD-004230,2024-06-25,CUST-01926,cust-01926@lumenmail.com,Furniture,5,39.72,0.0,Paid Search,US,control
ORD-008463,2024-01-05,CUST-01115,cust-01115@lumenmail.com,Lightng,1,40.78,0.25,Paid Search,US,control
ORD-004600,2023-11-26,CUST-02052,cust-02052@lumenmail.com,Furniture,5,61.71,0.05,Organic,UK,variant
ORD-001908,,,guest@lumenmail.com,Lighting,2,494.52,0.1,Email,US,variant
ORD-002536,2024-12-13,CUST-00125,cust-00125@lumenmail.com,Furniture,4,0.0,0.1,Organic,UK,
ORD-009594,2023-11-14,CUST-00321,cust-00321@lumenmail.com,Accessories,3,90.12,0.2,Paid Search,ZZ,control
ORD-001565,2023-09-14,CUST-02864,cust-02864@lumenmail.com,Lighting,1,90.21,0.15,Paid Search,US,
ORD-005666,2024-03-29,CUST-01853,cust-01853@lumenmail.com,Lighting,3,27.09,5.0,Social,US,variant
ORD-000100,2024-01-21,CUST-01293,cust-01293@lumenmail.com,Décor,2,60.0,0.0,Social,US,
ORD-002263,2023-09-04,CUST-01216,cust-01216@lumenmail.com,Outdoor,1,353.21,0.0,Organic,US,
ORD-001551,2024-03-19,CUST-02002,cust-02002@lumenmail.com,lighting,4,31.34,0.0,Paid Search,US,
ORD-007861,2024-11-09,CUST-00286,cust-00286@lumenmail.com,Furniture,1,80.55,0.1,Paid Search,US,
ORD-007024,2024-11-22,,guest@lumenmail.com,Furniture,1,98.02,0.05,Organic,US,
ORD-000726,2023-08-18,CUST-01700,cust-01700@lumenmail.com,lighting,2,163.5,0.05,Email,US,control
ORD-000211,2023-08-12,CUST-00488,cust-00488@lumenmail.com,Lighting,1,425.42,0.0,,UK,
ORD-008115,2023-10-01,CUST-01687,cust-01687@lumenmail.com,Lighting,1,32.29,0.2,Email,ZZ,variant
ORD-006095,2024-04-22,CUST-00548,cust-00548@lumenmail.com,Furniture,5,57.08,0.0,Social,CA,
ORD-001188,2024-06-10,CUST-02587,cust-02587@lumenmail.com,Lighting,3,164.86,0.0,Organic,US,
ORD-000876,08/05/2024,CUST-01339,cust-01339@lumenmail.com,Lighting,1,107.19,0.2,Email,US,variant
ORD-001721,2024-02-03,CUST-02774,cust-02774@lumenmail.com,Lighting,2,20.19,0.0,Social,US,
ORD-007789,2024-03-02,CUST-00759,cust-00759@lumenmail.com,Décor,2,93.75,0.0,Organic,CA,
ORD-002260,2024-02-27,CUST-01297,cust-01297@lumenmail.com,Accessories,2,13.66,0.0,Paid Search,US,
ORD-002295,2024-11-08,CUST-00134,cust-00134@lumenmail.com,Décor,1,27.91,0.15,Paid Search,UK,variant
ORD-008434,2024-09-10,CUST-02754,cust-02754@lumenmail.com,Lighting,7,35.7,0.0,Paid Search,AU,control
ORD-002685,2024-12-14,,guest@lumenmail.com,Outdoor,2,100.0,0.15,Social,CA,
ORD-003843,20/06/2023,CUST-02958,cust-02958@lumenmail.com,Décor,2,165.04,0.05,Email,US,control
ORD-003400,07/09/2023,CUST-00089,cust-00089@lumenmail.com,Lighting,2,138.64,0.15,Paid Search,ZZ,
ORD-000678,2024-06-28,CUST-02887,cust-02887@lumenmail.com,Décor,2,69.93,0.2,Social,US,variant
ORD-000330,2023-09-20,CUST-01134,cust-01134@lumenmail.com,Furniture,3,42.72,0.25,Organic,CA,variant
ORD-005980,18/10/2024,CUST-02852,cust-02852@lumenmail.com,Décor,2,139.86,0.2,Social,US,
ORD-008127,2023-07-01,CUST-00422,cust-00422@lumenmail.com,Lighting,1,160.97,0.05,Social,CA,variant
ORD-005288,2023-11-12,CUST-02412,cust-02412@lumenmail.com,Furniture,2,188.98,0.0,Social,US,control
ORD-003877,2024-06-10,CUST-00308,cust-00308@lumenmail.com,Outdoor,1,125.19,0.1,Social,CA,
ORD-007953,2024-06-24,CUST-02607,cust-02607@lumenmail.com,Décor,3,103.12,0.0,Paid Search,US,variant
ORD-005650,2023-09-03,,guest@lumenmail.com,Décor,5,149.64,0.0,Social,US,
ORD-004989,2024-12-27,CUST-02532,cust-02532@lumenmail.com,Lighting,2,27.02,0.0,Paid Search,US,variant
ORD-005696,2024-03-06,CUST-00047,cust-00047@lumenmail.com,Lighting,2,24.62,0.25,Social,ZZ,
ORD-001648,2024-06-13,CUST-02097,cust-02097@lumenmail.com,Décor,2,40.68,0.25,Paid Search,CA,control
ORD-001798,2023-07-17,CUST-00543,cust-00543@lumenmail.com,Lighting,1,75.65,0.0,Email,US,
ORD-002491,2023-09-15,CUST-02622,cust-02622@lumenmail.com,Lighting,1,97.77,0.0,Social,US,control
ORD-005127,2023-10-05,CUST-00485,cust-00485@lumenmail.com,Décor,1,5.6,0.0,Paid Search,UK,control
ORD-003986,2024-01-26,CUST-02797,cust-02797@lumenmail.com,Lighting,2,57.6,0.0,Paid Search,US,
ORD-004547,2023-06-02,CUST-00039,cust-00039@lumenmail.com,Lighting,1,156.65,0.05,Email,US,variant
ORD-005265,2024-09-22,CUST-02471,cust-02471@lumenmail.com,Outdoor,1,56.02,0.0,Social,US,
ORD-003761,2024-06-03,CUST-00804,cust-00804@lumenmail.com,Décor,3,263.74,0.05,Paid Search,US,variant
ORD-006193,06/07/2024,CUST-02198,cust-02198@lumenmail.com,Lighting,2,182.44,0.0,Organic,US,
ORD-001674,2024-06-12,CUST-01426,cust-01426@lumenmail.com,Furniture,1,27.06,5.0,Email,US,
ORD-000795,2023-12-28,CUST-01486,cust-01486@lumenmail.com,Accessories,4,38.77,0.0,Organic,US,control
ORD-000492,2024-02-16,CUST-00308,cust-00308@lumenmail.com,Lighting,1,189.96,0.05,Paid Search,UK,
ORD-007099,2023-12-05,CUST-01973,cust-01973@lumenmail.com,Décor,2,18.27,0.05,Paid Search,US,
ORD-005458,2024-08-12,CUST-00070,cust-00070@lumenmail.com,Furniture,1,0.0,0.05,Paid Search,US,
ORD-006063,2024-07-22,CUST-02586,cust-02586@lumenmail.com,Furniture,2,48.32,0.05,Paid Search,US,variant
ORD-002422,2024-04-11,CUST-00156,cust-00156@lumenmail.com,Furniture,1,67.33,0.0,Social,US,control
ORD-009169,2023-11-28,CUST-02072,cust-02072@lumenmail.com,Furniture,1,594.42,5.0,Organic,CA,control
ORD-001241,2024-11-07,CUST-00958,cust-00958@lumenmail.com,Décor,1,50.49,5.0,Social,US,variant
ORD-000821,2024-11-29,CUST-00049,cust-00049@lumenmail.com,Décor,6,92.43,0.0,Email,UK,
ORD-002160,2024-03-30,CUST-02120,cust-02120@lumenmail.com,Décor,1,291.16,0.05,Paid Search,AU,
ORD-005293,2023-06-08,CUST-02674,cust-02674@lumenmail.com,Lighting,3,25.51,0.1,Social,US,
ORD-004422,,CUST-01992,cust-01992@lumenmail.com,Lighting,3,16.58,0.0,Email,UK,control
ORD-000296,2023-08-20,CUST-01803,cust-01803@lumenmail.com,Outdoor,1,58.02,0.2,Email,ZZ,variant
ORD-001585,2023-11-04,CUST-00630,cust-00630@lumenmail.com,Furniture,1,35.87,15.0,Email,AU,control
ORD-006234,2024-09-24,CUST-01150,cust-01150@lumenmail.com,Décor,7,112.73,0.0,Social,US,control
ORD-007838,2023-08-06,CUST-02846,cust-02846@lumenmail.com,Furniture,1,22.43,0.0,Paid Search,US,variant
ORD-008584,2024-10-06,CUST-02162,cust-02162@lumenmail.com,Lightng,1,12.81,10.0,Paid Search,US,
ORD-008308,03/12/2023,CUST-02326,cust-02326@lumenmail.com,Décor,3,130.73,0.1,Paid Search,AU,variant
ORD-003886,31/01/2024,CUST-02319,cust-02319@lumenmail.com,Décor,1,39.15,0.0,Email,US,variant
ORD-005402,2024-02-01,CUST-02424,cust-02424@lumenmail.com,Furniture,2,359.02,0.0,Organic,US,
ORD-007058,2024-02-10,CUST-00651,cust-00651@lumenmail.com,Furniture,7,96.24,0.0,Organic,CA,
ORD-008438,2024-01-16,CUST-00291,cust-00291@lumenmail.com,Lighting,4,17.91,0.25,Paid Search,US,
ORD-005106,2024-08-10,CUST-02153,cust-02153@lumenmail.com,Outdoor,4,65.38,0.0,Paid Search,AU,
ORD-006037,2023-08-19,CUST-01908,cust-01908@lumenmail.com,Lighting,2,390.2,5.0,Paid Search,US,variant
ORD-002238,2024-02-09,CUST-01527,cust-01527@lumenmail.com,Accessories,4,47.02,0.0,Paid Search,AU,control
ORD-005366,2023-12-21,CUST-02608,cust-02608@lumenmail.com,Outdoor,4,97.33,0.05,Paid Search,CA,
ORD-006346,2023-09-30,CUST-01089,cust-01089@lumenmail.com,Furniture,1,54.13,0.0,,US,variant
ORD-009177,19/12/2023,CUST-02170,cust-02170@lumenmail.com,Lighting,1,32.95,0.2,Email,US,variant
ORD-002933,2023-07-13,,guest@lumenmail.com,Décor,2,20.13,0.05,Email,CA,control
ORD-005554,2024-12-13,CUST-02439,cust-02439@lumenmail.com,Décor,1,197.22,0.05,Email,CA,
ORD-008542,2023-06-18,CUST-01650,cust-01650@lumenmail.com,Décor,1,177.31,0.0,Social,CA,
ORD-009143,2024-11-24,CUST-02579,cust-02579@lumenmail.com,Accessories,2,261.18,0.2,Email,US,
ORD-009235,18/07/2024,,guest@lumenmail.com,Lighting,1,21.03,0.0,Paid Search,CA,
ORD-007590,2023-06-27,CUST-02331,cust-02331@lumenmail.com,Accessories,1,65.59,0.0,Paid Search,UK,variant
ORD-008182,2024-10-09,CUST-02317,cust-02317@lumenmail.com,Furniture,1,20.3,0.0,Paid Search,US,
ORD-006719,2023-11-19,CUST-01025,cust-01025@lumenmail.com,Lighting,1,42.28,0.05,Paid Search,US,control
ORD-003354,30/10/2024,CUST-02753,cust-02753@lumenmail.com,Lighting,1,29.05,0.0,Social,CA,control
ORD-006525,07/03/2024,CUST-00174,cust-00174@lumenmail.com,Décor,1,758.23,0.05,Email,US,
ORD-003338,2023-07-10,CUST-01684,cust-01684@lumenmail.com,Outdoor,2,25.6,0.15,Paid Search,US,
ORD-001544,2023-06-20,,guest@lumenmail.com,Lighting,2,38.31,0.2,Organic,US,control
ORD-005225,2024-05-26,CUST-02940,cust-02940@lumenmail.com,Décor,4,21.5,0.05,Organic,US,control
ORD-007244,2023-11-18,CUST-02031,cust-02031@lumenmail.com,Lighting,2,25.83,10.0,Email,US,
ORD-005981,01/10/2023,CUST-00364,cust-00364@lumenmail.com,Lighting,2,693.47,0.0,Social,US,
ORD-007300,20/10/2023,CUST-00761,cust-00761@lumenmail.com,Décor,5,48.09,0.1,Paid Search,US,variant
ORD-001095,2024-12-05,CUST-02102,cust-02102@lumenmail.com,Accessories,6,42.72,0.05,Email,US,
ORD-001801,2023-08-17,CUST-02690,cust-02690@lumenmail.com,Accessories,1,38.4,20.0,Email,UK,
ORD-009067,2024-06-12,CUST-02400,cust-02400@lumenmail.com,Décor,4,76.98,0.2,Social,US,variant
ORD-001847,2024-06-25,CUST-00062,cust-00062@lumenmail.com,Lighting,5,284.7,0.0,Organic,US,
ORD-002419,2024-03-11,,guest@lumenmail.com,Décor,2,496.48,0.1,Email,CA,control
ORD-006535,2024-07-02,CUST-01299,cust-01299@lumenmail.com,Outdoor,4,193.18,0.0,Email,US,variant
ORD-001373,2024-04-18,CUST-02448,cust-02448@lumenmail.com,Décor,2,446.25,0.1,Social,US,
ORD-000279,25/09/2023,CUST-00368,cust-00368@lumenmail.com,Furniture,3,148.21,0.25,Email,US,
ORD-007988,2024-03-02,CUST-00032,cust-00032@lumenmail.com,Accessories,2,55.04,0.0,Paid Search,US,variant
ORD-006321,2024-04-04,CUST-01729,cust-01729@lumenmail.com,Furniture,1,40.05,0.1,Email,US,variant
ORD-009450,2023-12-12,CUST-02400,cust-02400@lumenmail.com,Décor,2,256.29,0.0,Email,CA,control
ORD-007438,2024-05-04,CUST-00577,cust-00577@lumenmail.com,Outdoor,1,198.87,0.15,Email,AU,variant
ORD-002174,2024-07-31,CUST-00981,cust-00981@lumenmail.com,Décor,1,66.7,0.0,Email,US,variant
ORD-006232,2024-01-24,CUST-00900,cust-00900@lumenmail.com,Décor,2,607.29,0.1,Organic,US,
ORD-008687,2024-07-23,CUST-02309,cust-02309@lumenmail.com,Lighting,1,9.81,0.15,Social,US,control
ORD-008126,2024-08-28,CUST-00348,cust-00348@lumenmail.com,Lighting,2,89.33,0.1,Paid Search,US,
ORD-003407,2024-09-24,CUST-00702,cust-00702@lumenmail.com,Décor,1,52.99,0.1,Organic,US,variant
ORD-007038,2023-12-16,CUST-02216,cust-02216@lumenmail.com,Furniture,2,73.11,0.0,,US,control
ORD-003290,17/09/2023,CUST-01488,cust-01488@lumenmail.com,Outdoor,1,78.02,0.0,Organic,CA,
ORD-006009,13/01/2024,CUST-00541,cust-00541@lumenmail.com,Lighting,3,68.95,0.25,Organic,AU,
ORD-007155,2024-01-11,CUST-01371,cust-01371@lumenmail.com,Décor,3,290.0,0.0,Email,US,control
ORD-000844,2024-07-05,CUST-02700,cust-02700@lumenmail.com,Lighting,1,80.5,0.0,Organic,US,variant
ORD-005018,2024-12-18,CUST-00940,cust-00940@lumenmail.com,Lighting,1,23.23,0.1,Email,US,
ORD-008412,2024-04-19,CUST-01896,cust-01896@lumenmail.com,Lighting,1,188.21,0.0,Paid Search,UK,
ORD-000109,2024-08-01,CUST-01065,cust-01065@lumenmail.com,Lighting,6,177.99,0.0,Paid Search,US,control
ORD-004948,2024-02-09,CUST-01513,cust-01513@lumenmail.com,Accessories,2,86.7,0.25,Organic,US,control
ORD-002280,2023-11-16,CUST-00717,cust-00717@lumenmail.com,Décor,1,102.76,0.1,Paid Search,US,variant
ORD-004135,2023-08-09,CUST-02627,cust-02627@lumenmail.com,Lighting,3,9.78,20.0,Email,US,
ORD-004038,2023-09-02,CUST-02521,cust-02521@lumenmail.com,Lighting,2,98.74,10.0,Social,AU,
ORD-001355,2023-07-30,CUST-01550,cust-01550@lumenmail.com,Furniture,2,225.04,0.1,Organic,US,
ORD-008601,2024-07-09,CUST-00842,cust-00842@lumenmail.com,Décor,2,276.57,0.05,Paid Search,US,variant
ORD-000439,2024-07-04,,guest@lumenmail.com,Lighting,4,5.23,0.15,Email,UK,
ORD-007763,26/09/2023,CUST-01483,cust-01483@lumenmail.com,Outdoor,1,31.48,0.0,Social,US,variant
ORD-005150,22/07/2024,CUST-02733,cust-02733@lumenmail.com,Décor,1,321.52,0.0,Paid Search,US,variant
ORD-008998,2024-08-11,CUST-00299,cust-00299@lumenmail.com,Accessories,2,69.83,0.0,Email,US,
ORD-002203,2023-10-02,CUST-00275,cust-00275@lumenmail.com,Décor,2,40.54,0.1,Email,US,
ORD-006863,21/06/2024,CUST-02953,cust-02953@lumenmail.com,Lighting,2,45.91,0.05,Paid Search,CA,
ORD-004190,2023-11-13,CUST-02458,cust-02458@lumenmail.com,Lighting,3,61.01,0.1,Paid Search,US,
ORD-008475,2024-05-13,CUST-02378,cust-02378@lumenmail.com,Lighting,3,334.06,0.0,Paid Search,US,
ORD-001335,2024-01-03,CUST-01884,cust-01884@lumenmail.com,Lighting,1,30.03,0.1,Organic,US,control
ORD-000076,26/08/2024,CUST-00348,cust-00348@lumenmail.com,Lighting,1,61.64,0.05,Social,US,variant
ORD-001180,2023-10-06,CUST-00958,cust-00958@lumenmail.com,Lighting,3,110.0,0.15,Social,US,
ORD-002872,2023-09-28,CUST-01006,cust-01006@lumenmail.com,Décor,3,53.45,0.0,Organic,US,control
ORD-003600,2023-07-23,CUST-00779,cust-00779@lumenmail.com,Furniture,5,49.54,0.0,Email,US,control
ORD-007596,19/09/2024,CUST-00033,cust-00033@lumenmail.com,Furniture,5,45.49,0.0,Paid Search,CA,control
ORD-004185,2024-05-08,,guest@lumenmail.com,Lighting,1,74.38,0.0,Email,US,control
ORD-000792,13/07/2024,CUST-00115,cust-00115@lumenmail.com,Outdoor,1,152.38,0.0,Paid Search,US,variant
ORD-004475,2023-08-17,CUST-01024,cust-01024@lumenmail.com,Lighting,1,44.21,0.0,Social,US,variant
ORD-004996,2023-11-02,,guest@lumenmail.com,Accessories,2,73.9,0.0,Email,US,control
ORD-006081,2024-01-29,CUST-00177,cust-00177@lumenmail.com,Décor,3,432.02,0.15,Paid Search,US,control
ORD-004768,2023-10-13,CUST-01775,cust-01775@lumenmail.com,Décor,2,600.74,0.0,Social,US,variant
ORD-003222,2024-12-15,CUST-02885,cust-02885@lumenmail.com,Lighting,1,133.01,0.05,Social,CA,variant
ORD-005526,2023-12-08,CUST-00401,cust-00401@lumenmail.com,Accessories,1,179.96,0.15,Social,US,
ORD-007986,07/08/2024,CUST-01083,cust-01083@lumenmail.com,Lighting,1,82.9,0.0,Organic,US,
ORD-007279,27/04/2024,CUST-02207,cust-02207@lumenmail.com,Furniture,2,61.05,0.2,Organic,US,
ORD-004887,2023-06-05,CUST-02566,cust-02566@lumenmail.com,Lighting,4,36.02,0.05,Email,US,
ORD-002487,2024-10-01,CUST-00067,cust-00067@lumenmail.com,Lightng,1,51.89,0.05,Email,UK,control
ORD-002908,2023-07-01,CUST-00826,cust-00826@lumenmail.com,Décor,1,62.88,0.0,Paid Search,UK,variant
ORD-005538,2024-10-16,CUST-01085,cust-01085@lumenmail.com,Outdoor,2,342.67,0.05,Paid Search,CA,
ORD-000298,2023-06-10,,guest@lumenmail.com,Décor,5,343.77,0.0,Social,US,variant
ORD-003026,2024-12-08,,guest@lumenmail.com,Décor,1,59.0,0.0,Email,US,
ORD-001945,19/01/2024,CUST-01190,cust-01190@lumenmail.com,Lighting,2,370.3,0.25,Email,UK,variant
ORD-001821,2024-07-04,CUST-01501,cust-01501@lumenmail.com,Lighting,2,32.45,0.05,Email,US,control
ORD-003703,2023-09-09,CUST-02113,cust-02113@lumenmail.com,lighting,-1,29.08,0.1,Paid Search,CA,
ORD-002053,2023-06-29,CUST-00810,cust-00810@lumenmail.com,Lighting,5,137.34,0.05,Paid Search,ZZ,
ORD-009310,2023-06-16,,guest@lumenmail.com,Lighting,1,9.73,0.2,Organic,ZZ,variant
ORD-003116,2024-08-06,CUST-00110,cust-00110@lumenmail.com,Lighting,2,36.78,0.0,Email,CA,control
ORD-009363,2023-11-03,CUST-02273,cust-02273@lumenmail.com,Lighting,1,253.07,0.0,Email,UK,
ORD-002611,10/12/2023,CUST-02547,cust-02547@lumenmail.com,Décor,1,0.0,0.0,Organic,US,control
ORD-004016,22/04/2024,CUST-01121,cust-01121@lumenmail.com,Lighting,1,37.56,0.15,Paid Search,AU,
ORD-002667,28/11/2024,,guest@lumenmail.com,Décor,3,154.01,0.15,Paid Search,US,variant
ORD-008270,2024-08-24,CUST-01756,cust-01756@lumenmail.com,Lighting,2,163.94,0.0,Email,US,variant
ORD-005737,15/12/2023,CUST-02363,cust-02363@lumenmail.com,Lighting,2,399.76,0.0,Social,US,variant
ORD-005000,2023-09-25,CUST-00026,cust-00026@lumenmail.com,Lighting,1,26.4,0.0,,US,variant
ORD-005226,10/06/2024,CUST-02809,cust-02809@lumenmail.com,Outdoor,1,98.97,0.05,Organic,UK,
ORD-000466,2023-06-16,CUST-01211,cust-01211@lumenmail.com,Outdoor,1,44.68,0.2,Organic,US,variant
ORD-006237,2023-07-22,CUST-02424,cust-02424@lumenmail.com,Décor,2,33.76,0.0,Email,US,variant
ORD-001599,2024-02-13,CUST-01295,cust-01295@lumenmail.com,Outdoor,5,18.55,0.15,Email,US,control
ORD-008105,2024-02-20,CUST-00338,cust-00338@lumenmail.com,Lighting,5,267.33,0.2,Paid Search,CA,variant
ORD-005284,2024-09-19,CUST-02976,cust-02976@lumenmail.com,Furniture,1,192.12,0.0,Organic,US,control
ORD-003670,2024-09-04,CUST-01986,cust-01986@lumenmail.com,Furniture,2,46.49,0.1,Social,US,
ORD-005098,2023-10-15,CUST-00653,cust-00653@lumenmail.com,Décor,3,8.83,0.05,Email,US,
ORD-004869,2024-07-24,CUST-01094,cust-01094@lumenmail.com,Décor,7,237.8,0.0,Social,US,
ORD-001917,2023-07-17,CUST-00309,cust-00309@lumenmail.com,Furniture,3,55.92,0.0,Organic,US,control
ORD-005457,31/03/2024,,guest@lumenmail.com,Furniture,1,571.72,0.0,Paid Search,US,
ORD-004613,01/05/2024,CUST-00340,cust-00340@lumenmail.com,Furniture,3,72.82,0.05,Email,AU,variant
ORD-000707,2024-05-18,CUST-00925,cust-00925@lumenmail.com,Lighting,2,49.66,0.1,Social,US,variant
ORD-006150,2023-11-16,,guest@lumenmail.com,Furniture,2,20.54,25.0,Email,CA,control
ORD-004543,2024-07-03,CUST-01953,cust-01953@lumenmail.com,Accessories,1,38.51,25.0,Email,UK,
ORD-004701,2024-03-03,CUST-00282,cust-00282@lumenmail.com,Lighting,7,12.6,0.2,Paid Search,UK,control
ORD-002265,2024-11-12,CUST-00409,cust-00409@lumenmail.com,Furniture,2,95.7,0.15,Organic,US,
ORD-004073,2024-12-28,CUST-01810,cust-01810@lumenmail.com,Décor,4,86.35,0.0,Paid Search,US,control
ORD-005157,2024-09-28,CUST-02175,cust-02175@lumenmail.com,Lighting,2,197.67,0.05,Paid Search,UK,variant
ORD-006100,02/12/2024,CUST-00937,cust-00937@lumenmail.com,Furniture,3,58.82,5.0,Organic,CA,
ORD-005685,2024-12-01,CUST-00989,cust-00989@lumenmail.com,Lighting,2,400.76,0.1,Social,UK,control
ORD-008533,2024-11-08,CUST-02964,cust-02964@lumenmail.com,Lighting,1,29.35,15.0,Organic,UK,
ORD-003035,2024-10-06,CUST-02535,cust-02535@lumenmail.com,Décor,2,74.26,0.05,Email,US,
ORD-000561,2023-12-07,CUST-00562,cust-00562@lumenmail.com,Furniture,2,91.4,10.0,Paid Search,US,variant
ORD-002034,2024-01-19,CUST-02991,cust-02991@lumenmail.com,Lighting,1,168.6,0.0,Paid Search,US,control
ORD-007665,2023-11-15,CUST-02165,cust-02165@lumenmail.com,Furniture,2,77.1,0.2,Email,US,
ORD-007626,2024-04-28,CUST-01104,cust-01104@lumenmail.com,Décor,1,120.72,0.15,Paid Search,US,control
ORD-002925,2023-10-30,CUST-02567,cust-02567@lumenmail.com,Lighting,3,57.98,0.0,Email,UK,variant
ORD-009028,2023-08-17,CUST-00236,cust-00236@lumenmail.com,Lighting,2,41.62,0.1,Paid Search,US,variant
ORD-003086,22/11/2024,,guest@lumenmail.com,Outdoor,2,53.31,0.0,Organic,US,variant
ORD-004083,,CUST-01972,cust-01972@lumenmail.com,Lighting,1,15.29,5.0,Email,US,
ORD-003427,2023-08-02,CUST-01202,cust-01202@lumenmail.com,Lighting,1,87.04,0.2,Paid Search,US,control
ORD-004800,2023-11-20,CUST-02116,cust-02116@lumenmail.com,Lighting,2,257.27,0.05,Organic,US,control
ORD-005252,2024-07-13,CUST-00044,cust-00044@lumenmail.com,Lighting,3,69.78,0.05,Email,US,variant
ORD-004946,2023-06-21,CUST-00487,cust-00487@lumenmail.com,Lightng,1,281.34,0.1,Paid Search,US,control
ORD-007970,2023-12-08,CUST-00875,cust-00875@lumenmail.com,Furniture,7,11.63,10.0,Email,CA,variant
ORD-007919,2023-07-14,CUST-00369,cust-00369@lumenmail.com,Lighting,1,20.09,0.05,Email,US,
ORD-008692,2023-07-24,CUST-01276,cust-01276@lumenmail.com,Outdoor,1,92.36,0.0,Organic,US,control
ORD-000308,2024-10-09,CUST-00404,cust-00404@lumenmail.com,Accessories,1,53.77,0.0,Email,US,
ORD-003051,2024-06-03,,guest@lumenmail.com,Décor,-1,288.7,0.2,,US,
ORD-001141,2024-03-01,CUST-02812,cust-02812@lumenmail.com,Décor,7,5.99,0.0,Organic,AU,control
ORD-002439,2023-06-24,CUST-01703,cust-01703@lumenmail.com,Furniture,3,95.08,0.05,Email,US,
ORD-006957,2024-08-12,CUST-02234,cust-02234@lumenmail.com,Accessories,2,391.34,0.05,Organic,US,variant
ORD-004694,2023-09-05,CUST-01266,cust-01266@lumenmail.com,Décor,3,369.99,0.0,Paid Search,US,control
ORD-009544,2023-11-29,CUST-02962,cust-02962@lumenmail.com,Lighting,4,12.87,0.0,Email,CA,
ORD-006008,2023-11-15,CUST-02568,cust-02568@lumenmail.com,Accessories,1,43.11,0.1,Organic,US,
ORD-005629,2024-03-16,CUST-02727,cust-02727@lumenmail.com,Lighting,1,396.84,0.15,Paid Search,CA,variant
ORD-001961,2023-10-01,CUST-01981,cust-01981@lumenmail.com,Furniture,2,130.36,0.0,Paid Search,US,variant
ORD-007573,2023-07-01,CUST-02271,cust-02271@lumenmail.com,Furniture,1,273.24,0.05,Social,US,control
ORD-000979,2024-11-12,CUST-00297,cust-00297@lumenmail.com,Décor,1,38.5,0.0,Paid Search,CA,
ORD-008628,2024-10-29,CUST-00103,cust-00103@lumenmail.com,Décor,1,49.62,0.2,Paid Search,US,variant
ORD-009220,2024-08-04,CUST-00737,cust-00737@lumenmail.com,Accessories,1,46.48,0.0,Email,US,variant
ORD-005915,2024-03-28,CUST-03000,cust-03000@lumenmail.com,Décor,2,171.84,0.0,Organic,US,control
ORD-003294,2023-11-22,CUST-00876,cust-00876@lumenmail.com,Accessories,2,31.69,0.0,Social,US,variant
ORD-003192,2024-02-02,CUST-02081,cust-02081@lumenmail.com,Accessories,2,113.22,0.1,Paid Search,US,
ORD-004904,2023-09-03,CUST-00115,cust-00115@lumenmail.com,Décor,1,68.61,0.15,Paid Search,US,control
ORD-007878,19/05/2024,CUST-02660,cust-02660@lumenmail.com,Décor,1,748.88,0.05,Social,AU,control
ORD-006423,2023-10-09,CUST-01677,cust-01677@lumenmail.com,Lighting,3,179.71,0.0,Paid Search,UK,control
ORD-002061,2024-06-12,CUST-00679,cust-00679@lumenmail.com,Furniture,1,186.53,0.0,Paid Search,US,control
ORD-002984,2023-07-11,CUST-01792,cust-01792@lumenmail.com,Furniture,2,192.44,0.1,Email,US,variant
ORD-004101,2023-07-19,,guest@lumenmail.com,Outdoor,1,95.06,5.0,Email,UK,control
ORD-006197,18/10/2023,CUST-01489,cust-01489@lumenmail.com,Décor,1,36.22,0.0,Paid Search,US,
ORD-001273,2023-09-10,CUST-01881,cust-01881@lumenmail.com,Furniture,4,61.62,0.0,Paid Search,CA,variant
ORD-001673,2024-01-13,CUST-00865,cust-00865@lumenmail.com,Lighting,1,54.02,0.2,Organic,CA,
ORD-006550,2023-09-23,CUST-02122,cust-02122@lumenmail.com,Lighting,1,59.49,0.0,Email,UK,control
ORD-003875,2024-07-22,CUST-01897,cust-01897@lumenmail.com,Décor,1,164.53,0.15,Organic,US,control
ORD-007367,2024-03-19,CUST-02081,cust-02081@lumenmail.com,Lighting,6,17.55,0.1,Organic,US,
ORD-005986,2024-11-23,CUST-01707,cust-01707@lumenmail.com,Décor,1,48.09,0.0,Email,US,variant
ORD-002078,2024-05-15,CUST-02947,cust-02947@lumenmail.com,Outdoor,1,296.7,0.25,Email,US,
ORD-007638,2024-09-01,CUST-01898,cust-01898@lumenmail.com,Décor,2,95.55,0.05,Email,US,
ORD-006804,2024-08-08,CUST-02717,cust-02717@lumenmail.com,Lighting,4,98.04,0.0,Paid Search,US,
ORD-001397,17/01/2024,CUST-01217,cust-01217@lumenmail.com,Décor,2,152.81,0.0,Email,US,
ORD-003249,2024-07-02,,guest@lumenmail.com,Décor,-2,52.83,0.0,Paid Search,US,control
ORD-004474,06/07/2023,CUST-01353,cust-01353@lumenmail.com,Accessories,3,205.92,0.25,,US,
ORD-006420,2024-01-30,CUST-01356,cust-01356@lumenmail.com,Outdoor,2,47.78,0.0,Paid Search,US,variant
ORD-001264,2024-05-24,CUST-02632,cust-02632@lumenmail.com,Lighting,1,197.9,0.0,Email,US,control
ORD-007283,2023-07-01,CUST-01084,cust-01084@lumenmail.com,Furniture,1,255.06,0.0,Organic,UK,control
ORD-004700,2023-09-25,CUST-01124,cust-01124@lumenmail.com,Lighting,1,6.05,0.0,Organic,US,
ORD-000874,2024-11-30,CUST-00358,cust-00358@lumenmail.com,Furniture,1,31.68,0.15,Paid Search,US,
ORD-008675,2024-09-09,CUST-02705,cust-02705@lumenmail.com,Furniture,2,325.9,0.1,Organic,US,control
ORD-005187,2023-09-21,CUST-00522,cust-00522@lumenmail.com,Accessories,2,58.53,0.0,Paid Search,US,control
ORD-005004,2024-07-16,,guest@lumenmail.com,Lighting,2,90.77,0.15,Social,US,
ORD-008774,2023-08-22,CUST-01596,cust-01596@lumenmail.com,Outdoor,5,41.56,0.0,Paid Search,US,variant
ORD-005099,2024-08-14,CUST-01645,cust-01645@lumenmail.com,Décor,1,91.82,0.05,Email,US,
ORD-003638,2024-03-26,CUST-02199,cust-02199@lumenmail.com,Décor,2,34.9,0.15,Social,US,control
ORD-002557,2024-01-24,CUST-02243,cust-02243@lumenmail.com,Outdoor,1,521.62,0.1,Email,US,variant
ORD-008376,2024-01-02,CUST-00867,cust-00867@lumenmail.com,Décor,1,131.16,0.2,Paid Search,CA,variant
ORD-001048,2024-04-20,CUST-00502,cust-00502@lumenmail.com,Lighting,4,49.15,0.1,Paid Search,US,variant
ORD-000554,2024-03-18,CUST-01977,cust-01977@lumenmail.com,Furniture,2,10.31,0.0,Email,US,control
ORD-000118,2024-09-02,CUST-00017,cust-00017@lumenmail.com,Accessories,4,68.64,0.05,Paid Search,CA,
ORD-004611,2023-07-27,CUST-02641,cust-02641@lumenmail.com,Furniture,4,94.22,0.1,,UK,variant
ORD-005266,2024-11-16,CUST-02794,cust-02794@lumenmail.com,Accessories,3,792.45,0.0,Organic,US,variant
ORD-009203,2024-04-15,CUST-01525,cust-01525@lumenmail.com,Décor,1,48.84,0.0,Email,UK,
ORD-005211,2024-09-06,CUST-00491,cust-00491@lumenmail.com,Lighting,1,197.7,0.0,Email,US,variant
ORD-004004,04/11/2023,CUST-00752,cust-00752@lumenmail.com,Lighting,2,39.98,15.0,Paid Search,US,control
ORD-009178,2024-10-28,CUST-02578,cust-02578@lumenmail.com,Outdoor,1,167.73,0.2,Paid Search,US,
ORD-003978,2023-09-28,CUST-01639,cust-01639@lumenmail.com,Lighting,2,43.85,0.0,Organic,CA,
ORD-001831,2024-04-04,CUST-00052,cust-00052@lumenmail.com,Lighting,1,22.77,5.0,Paid Search,US,control
ORD-008430,2024-08-02,CUST-00794,cust-00794@lumenmail.com,Furniture,1,223.77,0.0,Paid Search,US,
ORD-008792,2024-06-18,CUST-00349,cust-00349@lumenmail.com,Lighting,1,18.34,0.0,Paid Search,US,variant
ORD-005565,2024-09-19,CUST-02970,cust-02970@lumenmail.com,Décor,1,165.45,0.0,Organic,US,control
ORD-004491,2023-11-12,CUST-02507,cust-02507@lumenmail.com,Décor,5,186.76,0.05,Paid Search,UK,
ORD-008330,2024-07-07,CUST-01228,cust-01228@lumenmail.com,Décor,2,89.6,0.05,Social,US,control
ORD-008554,2024-04-28,CUST-01649,cust-01649@lumenmail.com,Furniture,1,179.68,0.05,Email,US,
ORD-006254,2023-12-17,CUST-02844,cust-02844@lumenmail.com,Décor,3,32.17,0.0,Organic,US,variant
ORD-007112,2023-09-16,CUST-02798,cust-02798@lumenmail.com,Outdoor,3,43.7,0.05,Organic,ZZ,
ORD-006539,2024-11-29,CUST-00374,cust-00374@lumenmail.com,Lighting,1,29.01,5.0,Email,CA,
ORD-004854,21/10/2023,CUST-02345,cust-02345@lumenmail.com,Lighting,1,124.52,0.1,Paid Search,US,
ORD-002299,2023-11-05,CUST-00137,cust-00137@lumenmail.com,Décor,1,14.59,0.0,Organic,US,variant
ORD-006932,2023-11-20,CUST-02258,cust-02258@lumenmail.com,Lighting,2,33.06,0.15,Email,US,variant
ORD-007820,2023-11-10,CUST-02450,cust-02450@lumenmail.com,Furniture,2,64.71,0.1,Email,US,variant
ORD-006356,22/04/2024,CUST-02908,cust-02908@lumenmail.com,Lighting,2,11.48,0.0,Paid Search,US,variant
ORD-007647,2024-12-02,CUST-02101,cust-02101@lumenmail.com,Lighting,1,108.05,0.0,Paid Search,US,variant
ORD-007552,2024-05-02,CUST-02550,cust-02550@lumenmail.com,Outdoor,3,177.89,0.05,Paid Search,US,control
ORD-005262,2024-05-23,CUST-01636,cust-01636@lumenmail.com,Lighting,1,65.86,0.05,Paid Search,CA,variant
ORD-004339,2023-11-17,CUST-00183,cust-00183@lumenmail.com,Décor,1,191.91,0.0,Organic,CA,variant
ORD-000810,2024-04-29,CUST-01734,cust-01734@lumenmail.com,Lighting,7,17.32,0.0,Paid Search,US,variant
ORD-003642,2023-10-02,CUST-01724,cust-01724@lumenmail.com,Furniture,1,86.27,0.05,Email,US,
ORD-009466,2024-10-05,CUST-00709,cust-00709@lumenmail.com,Lighting,1,46.0,0.0,Paid Search,CA,control
ORD-007809,2023-07-21,CUST-00345,cust-00345@lumenmail.com,Furniture,-2,30.22,0.0,Paid Search,US,control
ORD-004044,2023-12-17,CUST-01933,cust-01933@lumenmail.com,Décor,4,121.84,0.05,Organic,US,variant
ORD-005332,2024-11-15,CUST-01460,cust-01460@lumenmail.com,Furniture,1,244.87,0.0,Email,US,variant
ORD-000488,2023-11-04,CUST-00722,cust-00722@lumenmail.com,Lighting,1,41.31,0.0,Email,US,
ORD-004247,2024-09-05,CUST-02166,cust-02166@lumenmail.com,Outdoor,1,49.69,0.05,Social,CA,variant
ORD-002166,2023-08-01,CUST-01584,cust-01584@lumenmail.com,Furniture,-3,80.62,0.0,Paid Search,US,control
ORD-008472,2024-06-18,CUST-02359,cust-02359@lumenmail.com,Lighting,4,75.75,0.05,Email,US,
ORD-009316,2023-10-05,CUST-02638,cust-02638@lumenmail.com,Lighting,2,173.91,0.0,Email,US,
ORD-000760,2024-07-17,CUST-01740,cust-01740@lumenmail.com,Lighting,1,148.47,0.15,Paid Search,US,
ORD-000369,2024-10-17,CUST-02577,cust-02577@lumenmail.com,Furniture,1,119.68,0.1,Paid Search,CA,
ORD-004108,2024-06-30,CUST-00164,cust-00164@lumenmail.com,Lighting,7,81.58,0.05,Paid Search,UK,
ORD-007687,2023-12-11,,guest@lumenmail.com,Décor,1,57.53,0.0,Paid Search,US,control
ORD-004478,2024-01-20,CUST-00066,cust-00066@lumenmail.com,Décor,2,84.87,0.1,Paid Search,US,
ORD-006649,2024-04-11,CUST-01128,cust-01128@lumenmail.com,Lighting,3,533.22,0.0,Social,CA,
ORD-004175,2024-03-16,CUST-01464,cust-01464@lumenmail.com,Décor,7,603.52,0.1,Email,US,
ORD-006944,2024-12-05,CUST-02911,cust-02911@lumenmail.com,Décor,1,118.83,0.1,Social,US,
ORD-003439,2023-10-21,CUST-02701,cust-02701@lumenmail.com,Outdoor,1,92.53,0.0,Email,CA,variant
ORD-005928,08/04/2024,CUST-02720,cust-02720@lumenmail.com,Décor,2,35.16,0.1,Paid Search,US,variant
ORD-005001,2024-08-15,CUST-01068,cust-01068@lumenmail.com,Lighting,2,116.02,0.1,Paid Search,CA,
ORD-004207,2024-01-23,CUST-00962,cust-00962@lumenmail.com,Accessories,1,80.23,0.0,Paid Search,US,variant
ORD-003226,2024-11-23,CUST-01830,cust-01830@lumenmail.com,Décor,1,133.59,0.0,Social,US,
ORD-006012,2024-12-26,CUST-02199,cust-02199@lumenmail.com,Lighting,1,211.05,0.0,Organic,US,variant
ORD-006637,2024-11-30,CUST-01385,cust-01385@lumenmail.com,Décor,1,26.77,0.0,Email,CA,
ORD-002424,2024-06-25,CUST-01527,cust-01527@lumenmail.com,Lighting,1,75.87,0.15,Paid Search,US,
ORD-001190,2024-06-30,CUST-00122,cust-00122@lumenmail.com,Lighting,2,41.46,0.0,Email,ZZ,
ORD-005716,2023-06-15,CUST-02289,cust-02289@lumenmail.com,Décor,4,716.24,0.0,Email,US,
ORD-002761,2024-12-29,CUST-01751,cust-01751@lumenmail.com,lighting,3,10.91,0.1,Email,AU,variant
ORD-004840,2024-11-30,CUST-01043,cust-01043@lumenmail.com,Furniture,5,168.48,0.15,Email,US,
ORD-005350,06/11/2024,CUST-02100,cust-02100@lumenmail.com,Lighting,4,69.25,0.05,Email,US,variant
ORD-004429,2023-07-30,CUST-00549,cust-00549@lumenmail.com,Décor,2,364.51,0.1,Organic,AU,variant
ORD-005635,2023-10-28,CUST-01060,cust-01060@lumenmail.com,Décor,1,92.59,0.0,Organic,US,
ORD-002604,2024-10-06,CUST-02489,cust-02489@lumenmail.com,Accessories,1,128.14,0.1,Paid Search,UK,variant
ORD-003901,2023-09-11,CUST-01438,cust-01438@lumenmail.com,Furniture,2,25.72,0.05,Paid Search,US,control
ORD-002696,2024-04-02,CUST-02161,cust-02161@lumenmail.com,Décor,2,48.57,0.1,Organic,CA,
ORD-009379,2024-01-05,CUST-02005,cust-02005@lumenmail.com,Lighting,2,35.72,10.0,Paid Search,US,control
ORD-003863,2024-08-21,,guest@lumenmail.com,Décor,1,64.81,0.05,Email,CA,control
ORD-000775,2023-11-19,CUST-02480,cust-02480@lumenmail.com,Furniture,2,164.29,0.0,Paid Search,US,variant
ORD-007741,2024-11-07,CUST-02574,cust-02574@lumenmail.com,Furniture,1,250.46,0.05,Organic,CA,variant
ORD-002747,2024-08-08,CUST-00882,cust-00882@lumenmail.com,Décor,1,92.39,0.05,Paid Search,US,
ORD-006352,03/05/2024,CUST-01317,cust-01317@lumenmail.com,Outdoor,1,26.36,0.2,Paid Search,US,control
ORD-003329,02/08/2023,CUST-02650,cust-02650@lumenmail.com,Lighting,1,62.64,5.0,Email,US,
ORD-001295,2024-12-24,CUST-00360,cust-00360@lumenmail.com,Accessoires,1,54.41,0.05,Email,CA,variant
ORD-003543,2024-04-13,CUST-01241,cust-01241@lumenmail.com,Furniture,1,62.73,0.05,Organic,UK,
ORD-008364,2024-11-14,CUST-00247,cust-00247@lumenmail.com,lighting,1,105.26,0.0,Email,CA,variant
ORD-000839,2024-03-09,,guest@lumenmail.com,Furniture,3,288.32,0.2,Paid Search,US,variant
ORD-002004,2024-03-03,CUST-02069,cust-02069@lumenmail.com,Lighting,2,133.58,0.2,Email,US,
ORD-003917,2024-01-18,,guest@lumenmail.com,Accessories,2,395.54,0.0,Paid Search,US,control
ORD-002502,2023-06-14,CUST-00698,cust-00698@lumenmail.com,Décor,6,36.95,0.1,Email,US,control
ORD-000410,2024-05-17,CUST-02910,cust-02910@lumenmail.com,Furniture,2,86.16,0.0,Paid Search,US,
ORD-007159,2023-07-21,CUST-01383,cust-01383@lumenmail.com,Furniture,2,97.76,10.0,Email,US,
ORD-007462,2023-08-01,CUST-02774,cust-02774@lumenmail.com,Lighting,1,355.29,0.1,Paid Search,UK,control
ORD-007509,2024-08-08,CUST-01303,cust-01303@lumenmail.com,Outdoor,2,277.0,0.0,Paid Search,US,variant
ORD-003568,10/03/2024,,guest@lumenmail.com,Furniture,1,41.48,0.0,Organic,US,control
ORD-007584,2023-09-11,CUST-00271,cust-00271@lumenmail.com,Outdoor,2,72.63,0.0,Email,US,control
ORD-000818,2024-05-28,CUST-00668,cust-00668@lumenmail.com,Lightng,1,0.0,0.0,Email,US,
ORD-003713,2024-03-13,CUST-01625,cust-01625@lumenmail.com,Outdoor,2,349.37,10.0,Email,US,
ORD-009483,2024-08-27,CUST-00124,cust-00124@lumenmail.com,Outdoor,2,23.09,0.1,Organic,US,
ORD-009295,2024-05-08,CUST-00661,cust-00661@lumenmail.com,Furniture,1,16.24,0.25,Social,US,control
ORD-005594,2024-03-17,CUST-02462,cust-02462@lumenmail.com,Décor,2,26.16,0.0,Paid Search,US,variant
ORD-007335,2024-04-27,CUST-00528,cust-00528@lumenmail.com,Furniture,1,67.1,0.15,Paid Search,US,control
ORD-006140,2024-07-18,CUST-02199,cust-02199@lumenmail.com,Décor,1,76.84,0.2,Email,US,control
ORD-004459,16/07/2024,CUST-00217,cust-00217@lumenmail.com,Décor,6,58.03,0.05,Paid Search,US,variant
ORD-002518,2023-09-25,CUST-00787,cust-00787@lumenmail.com,Décor,1,635.26,0.05,Organic,US,
ORD-002376,2024-05-25,CUST-02103,cust-02103@lumenmail.com,Lighting,1,31.34,20.0,Paid Search,US,
ORD-001819,2023-10-31,,guest@lumenmail.com,Lighting,2,31.22,0.2,Paid Search,US,
ORD-007095,2024-11-25,CUST-01410,cust-01410@lumenmail.com,Décor,2,292.61,0.0,Paid Search,US,variant
ORD-007199,2024-05-31,CUST-00748,cust-00748@lumenmail.com,Furniture,2,76.22,0.2,Paid Search,US,variant
ORD-008741,2024-06-10,CUST-00742,cust-00742@lumenmail.com,Décor,1,131.35,0.05,Paid Search,AU,
ORD-006823,2023-07-08,CUST-01429,cust-01429@lumenmail.com,Décor,1,33.86,0.05,Organic,CA,variant
ORD-000856,2023-09-01,CUST-02526,cust-02526@lumenmail.com,Furniture,1,92.03,0.05,Organic,US,control
ORD-001563,2023-06-29,CUST-01279,cust-01279@lumenmail.com,Furniture,1,38.47,0.0,Email,CA,
ORD-008590,13/06/2023,CUST-02310,cust-02310@lumenmail.com,Lightng,1,188.65,0.1,Email,US,
ORD-004229,2023-11-12,,guest@lumenmail.com,Furniture,1,33.94,0.05,Paid Search,US,control
ORD-002945,13/06/2024,CUST-00682,cust-00682@lumenmail.com,Accessories,4,14.31,0.1,Paid Search,US,variant
ORD-002457,06/11/2023,CUST-00613,cust-00613@lumenmail.com,Accessories,1,11.18,0.05,Email,US,control
ORD-002326,2023-11-06,CUST-02847,cust-02847@lumenmail.com,Lighting,1,51.81,0.05,Email,UK,
ORD-006462,2023-11-21,CUST-00189,cust-00189@lumenmail.com,Furniture,2,63.59,0.1,Social,CA,
ORD-004818,2024-07-29,CUST-00654,cust-00654@lumenmail.com,Décor,2,576.69,0.15,Email,US,
ORD-003553,2023-11-05,CUST-01700,cust-01700@lumenmail.com,Lighting,5,91.52,0.0,Email,US,
ORD-008449,2024-12-29,,guest@lumenmail.com,Accessories,2,194.78,0.0,Organic,US,control
ORD-003579,2023-07-14,CUST-01625,cust-01625@lumenmail.com,Furniture,1,88.65,0.1,Paid Search,US,variant
ORD-001506,2024-01-05,CUST-02541,cust-02541@lumenmail.com,Furniture,7,148.2,20.0,Organic,US,variant
ORD-003240,13/03/2024,CUST-01725,cust-01725@lumenmail.com,Lighting,2,23.58,0.0,Email,US,control
ORD-008848,2024-03-19,CUST-00954,cust-00954@lumenmail.com,Furniture,1,506.13,0.05,Organic,US,variant
ORD-003944,2023-10-12,CUST-01114,cust-01114@lumenmail.com,Lighting,1,86.15,0.0,Organic,CA,
ORD-006893,2023-09-04,CUST-01563,cust-01563@lumenmail.com,Lighting,-2,12.77,15.0,Paid Search,US,control
ORD-005619,2024-07-30,CUST-01672,cust-01672@lumenmail.com,Outdoor,1,47.72,5.0,Social,US,
ORD-007029,2024-09-24,CUST-01887,cust-01887@lumenmail.com,Outdoor,2,7.7,0.0,Social,UK,variant
ORD-006857,2024-03-27,CUST-02122,cust-02122@lumenmail.com,Lighting,2,332.89,0.1,Organic,AU,control
ORD-007713,2023-10-24,CUST-00922,cust-00922@lumenmail.com,Furniture,4,294.98,0.05,Organic,US,
ORD-007527,06/12/2024,CUST-02647,cust-02647@lumenmail.com,Furniture,1,6.43,0.0,Email,US,variant
ORD-001498,2023-06-06,CUST-00549,cust-00549@lumenmail.com,Lighting,1,660.81,0.0,Organic,US,variant
ORD-005003,2023-12-16,CUST-00280,cust-00280@lumenmail.com,Lighting,1,141.25,0.05,Social,US,control
ORD-000461,2023-08-03,CUST-01048,cust-01048@lumenmail.com,Lighting,2,116.14,0.0,Email,US,control
ORD-005168,2023-07-25,CUST-00533,cust-00533@lumenmail.com,Décor,-5,170.16,0.05,Email,US,
ORD-007994,2024-01-18,CUST-00628,cust-00628@lumenmail.com,Furniture,7,207.01,0.0,Paid Search,US,variant
ORD-002267,2024-01-25,CUST-00918,cust-00918@lumenmail.com,Furniture,1,139.25,0.0,Email,AU,
ORD-005759,14/11/2024,CUST-02563,cust-02563@lumenmail.com,Lighting,3,544.38,0.05,Email,US,variant
ORD-002397,2024-05-11,CUST-02044,cust-02044@lumenmail.com,Lighting,1,48.1,0.1,Paid Search,CA,
ORD-008378,2024-07-13,CUST-01564,cust-01564@lumenmail.com,Décor,2,15.57,0.0,Social,US,control
ORD-006153,2023-07-05,CUST-00381,cust-00381@lumenmail.com,Lighting,2,58.84,0.2,Email,US,
ORD-002154,2024-07-19,CUST-01258,cust-01258@lumenmail.com,Lighting,2,123.88,0.1,Organic,UK,control
ORD-004318,2024-08-04,CUST-00813,cust-00813@lumenmail.com,Décor,5,162.48,0.0,Paid Search,US,variant
ORD-002052,2024-10-14,CUST-02636,cust-02636@lumenmail.com,Décor,2,30.29,0.0,,CA,
ORD-000014,28/07/2024,CUST-01895,cust-01895@lumenmail.com,Décor,1,65.24,0.2,Email,UK,
ORD-003576,19/09/2023,CUST-01289,cust-01289@lumenmail.com,Furniture,4,33.35,0.0,Email,UK,variant
ORD-004311,2024-02-20,CUST-00733,cust-00733@lumenmail.com,Décor,2,44.29,0.0,Paid Search,CA,variant
ORD-004354,2024-11-16,CUST-02492,cust-02492@lumenmail.com,Furniture,3,72.0,0.0,Email,US,
ORD-003127,2024-02-27,CUST-01441,cust-01441@lumenmail.com,Furniture,3,43.97,0.0,Email,US,
ORD-008514,17/05/2024,CUST-02015,cust-02015@lumenmail.com,Furniture,1,270.06,0.05,Social,US,variant
ORD-006676,2023-09-28,CUST-00951,cust-00951@lumenmail.com,Lighting,6,33.68,0.0,Organic,CA,control
ORD-004606,2024-01-22,CUST-01343,cust-01343@lumenmail.com,Décor,1,61.39,0.0,Paid Search,US,variant
ORD-001668,2024-09-30,,guest@lumenmail.com,Lighting,2,151.21,0.0,Paid Search,US,control
ORD-003755,2024-09-16,CUST-00979,cust-00979@lumenmail.com,Furniture,1,33.24,0.05,Social,US,
ORD-006064,2024-01-07,,guest@lumenmail.com,Accessories,4,113.06,0.0,Paid Search,US,control
ORD-001491,2024-09-12,CUST-02258,cust-02258@lumenmail.com,Décor,4,681.14,0.0,Paid Search,US,
ORD-002998,06/01/2024,CUST-00685,cust-00685@lumenmail.com,lighting,4,181.08,0.1,Paid Search,US,control
ORD-005661,,,guest@lumenmail.com,Outdoor,4,312.0,0.05,Organic,UK,variant
ORD-006934,2024-10-04,CUST-02025,cust-02025@lumenmail.com,Décor,1,46.58,0.0,Email,UK,variant
ORD-006149,10/04/2024,CUST-01948,cust-01948@lumenmail.com,Décor,2,38.43,0.0,Paid Search,US,variant
ORD-002089,2024-03-26,,guest@lumenmail.com,Furniture,2,98.5,0.0,Organic,US,control
ORD-009477,2023-10-06,CUST-00460,cust-00460@lumenmail.com,Lighting,1,82.92,0.1,Paid Search,UK,control
ORD-005327,2024-11-22,CUST-00496,cust-00496@lumenmail.com,Outdoor,2,681.47,0.0,Organic,CA,variant
ORD-006690,2023-12-30,CUST-00836,cust-00836@lumenmail.com,Décor,4,12.34,0.05,,US,variant
ORD-005201,2024-10-20,CUST-02773,cust-02773@lumenmail.com,Décor,2,8.49,0.25,Email,US,
ORD-003177,2024-06-19,CUST-01367,cust-01367@lumenmail.com,Furniture,5,171.37,0.0,Organic,UK,control
ORD-007598,2024-01-18,CUST-00538,cust-00538@lumenmail.com,Outdoor,1,35.11,0.1,Email,US,
ORD-002083,2024-03-19,,guest@lumenmail.com,Lighting,1,216.3,0.05,Organic,US,control
ORD-005481,2024-02-04,CUST-00361,cust-00361@lumenmail.com,Décor,1,91.22,0.2,Paid Search,US,variant
ORD-004415,2024-11-24,CUST-01967,cust-01967@lumenmail.com,Décor,3,154.23,0.1,Organic,UK,
ORD-004900,2024-09-10,CUST-01119,cust-01119@lumenmail.com,Outdoor,2,22.2,0.25,Social,US,
ORD-004310,2023-12-26,CUST-00613,cust-00613@lumenmail.com,Lighting,1,76.64,0.0,Social,US,control
ORD-001091,28/11/2024,CUST-00932,cust-00932@lumenmail.com,Outdoor,2,87.79,10.0,Organic,US,
ORD-001699,24/12/2023,CUST-02551,cust-02551@lumenmail.com,Outdoor,5,97.31,0.0,Email,US,control
ORD-005901,2023-08-09,CUST-00792,cust-00792@lumenmail.com,Lighting,3,75.69,0.0,Paid Search,US,
ORD-008437,16/08/2024,CUST-00096,cust-00096@lumenmail.com,Décor,1,325.98,0.1,Paid Search,UK,variant
ORD-002746,2024-02-12,CUST-01661,cust-01661@lumenmail.com,Décor,2,69.91,0.15,Organic,US,
ORD-000914,2023-07-24,CUST-01637,cust-01637@lumenmail.com,Lighting,2,153.04,0.0,,AU,control
ORD-003002,2023-08-17,CUST-01507,cust-01507@lumenmail.com,Furniture,2,5.34,0.1,Organic,US,control
ORD-004376,2024-04-21,CUST-01829,cust-01829@lumenmail.com,Lighting,2,517.16,0.05,Social,US,
ORD-004892,2023-10-13,CUST-01212,cust-01212@lumenmail.com,Accessories,1,295.47,5.0,Organic,UK,control
ORD-003204,2024-12-24,CUST-00090,cust-00090@lumenmail.com,Décor,4,310.53,0.0,Email,AU,variant
ORD-002774,2024-08-30,CUST-00483,cust-00483@lumenmail.com,Décor,6,46.21,0.0,Social,CA,variant
ORD-005700,2024-03-03,CUST-00148,cust-00148@lumenmail.com,Furniture,3,22.12,0.15,,US,variant
ORD-002423,2023-07-14,CUST-00267,cust-00267@lumenmail.com,Décor,4,31.86,0.1,Paid Search,US,variant
ORD-004901,2023-10-21,CUST-00673,cust-00673@lumenmail.com,Accessories,3,9.71,0.0,Organic,ZZ,variant
ORD-003414,2023-09-09,CUST-02765,cust-02765@lumenmail.com,Lighting,1,16.22,0.05,Paid Search,US,
ORD-003122,2024-02-28,CUST-02805,cust-02805@lumenmail.com,Outdoor,2,22.62,0.0,Organic,CA,
ORD-007096,2024-09-16,CUST-01818,cust-01818@lumenmail.com,Furniture,1,340.19,0.0,Paid Search,UK,control
ORD-008838,2023-11-21,CUST-00184,cust-00184@lumenmail.com,Furniture,1,140.7,0.05,,CA,control
ORD-002044,2024-08-07,CUST-02450,cust-02450@lumenmail.com,Furniture,1,672.22,0.1,Paid Search,US,variant
ORD-009052,27/08/2024,CUST-01835,cust-01835@lumenmail.com,Décor,2,41.7,0.0,Email,US,
ORD-002818,2023-11-10,CUST-01804,cust-01804@lumenmail.com,Décor,1,194.06,0.0,Organic,UK,
ORD-005648,,CUST-02232,cust-02232@lumenmail.com,Décor,2,93.13,0.25,Social,UK,variant
ORD-001808,2024-01-18,CUST-01376,cust-01376@lumenmail.com,Furniture,2,51.77,0.15,Organic,US,variant
ORD-001537,2023-12-24,,guest@lumenmail.com,Furniture,1,496.47,0.1,Organic,CA,
ORD-008538,2023-11-04,CUST-01851,cust-01851@lumenmail.com,Accessories,5,20.0,0.0,Social,US,variant
ORD-005849,2024-06-21,CUST-00664,cust-00664@lumenmail.com,Décor,2,293.63,0.0,Paid Search,US,
ORD-005874,2023-10-03,,guest@lumenmail.com,Décor,1,30.42,0.0,Paid Search,UK,variant
ORD-003459,2023-11-24,CUST-02556,cust-02556@lumenmail.com,Accessories,1,179.83,0.2,Paid Search,US,
ORD-000815,2023-06-18,CUST-01867,cust-01867@lumenmail.com,Outdoor,1,459.36,0.0,Organic,CA,control
ORD-007359,2024-08-12,CUST-01199,cust-01199@lumenmail.com,Décor,2,131.51,0.2,Email,UK,control
ORD-001941,2024-08-08,CUST-00183,cust-00183@lumenmail.com,Lighting,1,162.89,0.05,Paid Search,US,control
ORD-002271,2023-11-22,CUST-02119,cust-02119@lumenmail.com,Lighting,1,151.36,0.2,Paid Search,US,control
ORD-003500,2023-10-28,CUST-02553,cust-02553@lumenmail.com,Furniture,4,50.23,0.1,Email,UK,
ORD-004110,10/09/2024,CUST-00641,cust-00641@lumenmail.com,Outdoor,3,156.87,0.0,Paid Search,US,variant
ORD-007376,2024-05-22,CUST-02623,cust-02623@lumenmail.com,Furniture,2,86.12,0.0,Email,UK,
ORD-001578,2024-06-30,CUST-02339,cust-02339@lumenmail.com,Furniture,1,160.84,0.05,Organic,US,variant
ORD-003496,2024-08-07,CUST-00342,cust-00342@lumenmail.com,Décor,2,29.6,0.0,Email,US,
ORD-005647,2024-05-31,CUST-00354,cust-00354@lumenmail.com,Lighting,1,70.44,0.0,Organic,US,control
ORD-006648,2023-12-11,CUST-02339,cust-02339@lumenmail.com,Furniture,1,248.61,0.1,Paid Search,US,variant
ORD-000107,2023-09-14,CUST-01125,cust-01125@lumenmail.com,Lightng,1,184.82,0.05,Social,US,
ORD-005652,2024-03-14,CUST-01670,cust-01670@lumenmail.com,Accessories,1,43.22,0.0,Social,US,control
ORD-007165,2024-12-24,CUST-01017,cust-01017@lumenmail.com,Furniture,2,12.74,10.0,Email,US,
ORD-000693,2023-11-19,CUST-01918,cust-01918@lumenmail.com,Lighting,1,37.05,0.1,Social,US,
ORD-000713,2024-05-26,CUST-02221,cust-02221@lumenmail.com,Décor,2,142.17,0.05,Social,US,variant
ORD-005845,28/07/2024,CUST-00462,cust-00462@lumenmail.com,Furniture,1,7.37,0.1,Organic,UK,variant
ORD-009191,2024-03-08,CUST-01381,cust-01381@lumenmail.com,Décor,4,60.14,0.05,Email,US,variant
ORD-005210,2024-01-09,,guest@lumenmail.com,Accessories,2,28.44,0.0,Paid Search,CA,
ORD-006689,2023-08-03,CUST-02398,cust-02398@lumenmail.com,Accessories,1,176.13,0.0,Paid Search,US,control
ORD-005584,2024-01-09,CUST-00680,cust-00680@lumenmail.com,Lighting,1,44.25,0.0,Social,US,
ORD-009100,2024-02-13,CUST-02458,cust-02458@lumenmail.com,Décor,1,198.92,0.05,Organic,US,control
ORD-004662,13/01/2024,CUST-02560,cust-02560@lumenmail.com,lighting,2,345.7,0.15,Paid Search,US,
ORD-006424,2024-11-21,CUST-00965,cust-00965@lumenmail.com,Décor,1,192.61,0.05,Paid Search,US,
ORD-003743,22/11/2024,CUST-00864,cust-00864@lumenmail.com,Décor,2,32.48,0.05,Email,CA,
ORD-004993,2024-11-27,CUST-00767,cust-00767@lumenmail.com,Décor,1,8.69,0.05,Social,UK,variant
ORD-003629,2023-06-10,CUST-01383,cust-01383@lumenmail.com,Décor,1,49.68,0.1,Organic,US,control
ORD-007022,2024-06-21,CUST-00058,cust-00058@lumenmail.com,Accessories,2,137.36,0.05,Email,US,variant
ORD-006295,2023-08-13,CUST-01663,cust-01663@lumenmail.com,lighting,2,41.79,0.0,Paid Search,US,
ORD-003930,2023-08-07,CUST-00008,cust-00008@lumenmail.com,Décor,1,166.99,0.0,Email,US,
ORD-008567,2023-09-22,CUST-02577,cust-02577@lumenmail.com,Décor,1,131.97,0.15,Organic,US,
ORD-006419,2024-01-20,CUST-02202,cust-02202@lumenmail.com,Décor,1,157.32,0.0,Email,CA,variant
ORD-003610,10/09/2024,CUST-02231,cust-02231@lumenmail.com,Furniture,3,325.16,0.2,Organic,AU,variant
ORD-003129,2024-08-17,CUST-01414,cust-01414@lumenmail.com,Décor,7,225.95,0.1,Email,US,
ORD-004978,2024-11-07,CUST-00616,cust-00616@lumenmail.com,Lighting,1,41.93,0.0,Paid Search,US,variant
ORD-005576,2024-06-06,CUST-01658,cust-01658@lumenmail.com,Lighting,2,364.67,0.05,Paid Search,US,
ORD-001897,2023-07-23,CUST-00854,cust-00854@lumenmail.com,Furniture,2,64.12,0.0,Organic,US,
ORD-008341,2024-02-24,CUST-01358,cust-01358@lumenmail.com,Furniture,1,12.83,0.0,Organic,US,control
ORD-005598,2024-03-20,CUST-01400,cust-01400@lumenmail.com,Furniture,1,548.6,0.0,Paid Search,UK,variant
ORD-002430,2024-09-04,CUST-02461,cust-02461@lumenmail.com,Furniture,1,745.75,0.05,Organic,US,
ORD-004365,2023-06-08,CUST-01824,cust-01824@lumenmail.com,Décor,1,305.99,0.05,Paid Search,US,
ORD-002632,2023-06-24,CUST-01510,cust-01510@lumenmail.com,Décor,1,145.1,0.0,Paid Search,AU,variant
ORD-000110,2024-05-29,CUST-01123,cust-01123@lumenmail.com,Lighting,1,459.55,0.1,Paid Search,US,variant
ORD-000047,2024-09-07,CUST-01297,cust-01297@lumenmail.com,Décor,1,172.54,0.1,Paid Search,US,control
ORD-002073,2023-08-21,CUST-02170,cust-02170@lumenmail.com,Lighting,1,46.5,0.0,Email,US,
ORD-008803,2024-01-02,CUST-00769,cust-00769@lumenmail.com,Furniture,1,151.58,10.0,Organic,CA,control
ORD-000842,2023-12-15,CUST-02606,cust-02606@lumenmail.com,Lighting,1,58.89,0.1,Paid Search,US,control
ORD-001814,2024-01-08,CUST-02165,cust-02165@lumenmail.com,Lighting,1,335.4,0.1,Paid Search,US,
ORD-004952,2023-08-14,CUST-00519,cust-00519@lumenmail.com,Accessories,4,160.61,0.0,Paid Search,AU,variant
ORD-007254,2023-06-21,CUST-01233,cust-01233@lumenmail.com,Lighting,1,55.25,0.0,Organic,UK,control
ORD-009415,2024-11-24,CUST-01113,cust-01113@lumenmail.com,Furniture,1,298.82,0.05,Social,US,variant
ORD-004510,2024-02-12,CUST-00055,cust-00055@lumenmail.com,Lighting,1,164.86,0.2,Email,US,control
ORD-000185,2024-04-19,CUST-01191,cust-01191@lumenmail.com,Outdoor,4,97.37,0.05,Email,CA,
ORD-003979,2024-07-20,CUST-00554,cust-00554@lumenmail.com,Furniture,1,153.89,0.0,Email,US,control
ORD-003143,09/07/2024,CUST-02409,cust-02409@lumenmail.com,Décor,2,5.91,0.0,Paid Search,US,
ORD-005633,2024-04-12,CUST-01231,cust-01231@lumenmail.com,Accessories,1,115.69,0.0,Email,US,variant
ORD-003969,2024-07-27,CUST-00696,cust-00696@lumenmail.com,Outdoor,2,60.63,15.0,Email,CA,
ORD-003667,2024-04-14,CUST-02746,cust-02746@lumenmail.com,Décor,1,39.95,0.0,Email,US,variant
ORD-004877,2024-10-03,CUST-02299,cust-02299@lumenmail.com,Furniture,1,324.29,0.05,Paid Search,UK,control
ORD-007325,2024-04-11,CUST-01008,cust-01008@lumenmail.com,Accessories,2,73.45,0.0,Email,UK,variant
ORD-000535,2024-02-08,CUST-01677,cust-01677@lumenmail.com,Accessories,2,57.07,20.0,Email,US,
ORD-009378,18/02/2024,CUST-00333,cust-00333@lumenmail.com,Décor,3,65.35,0.0,Social,CA,control
ORD-006036,2024-03-19,CUST-00571,cust-00571@lumenmail.com,Lighting,7,98.04,0.25,Social,UK,variant
ORD-002924,2024-05-01,,guest@lumenmail.com,Lighting,1,16.43,0.0,Social,US,control
ORD-001286,2024-04-06,CUST-01335,cust-01335@lumenmail.com,Furniture,1,59.52,0.15,Paid Search,US,
ORD-001270,2024-02-11,CUST-02527,cust-02527@lumenmail.com,Lighting,1,63.21,0.0,Organic,US,control
ORD-009588,2024-04-29,CUST-01379,cust-01379@lumenmail.com,Lighting,1,333.86,0.05,Email,US,control
ORD-006862,2024-10-08,CUST-00831,cust-00831@lumenmail.com,Furniture,1,146.25,0.1,Email,AU,control
ORD-006560,2024-03-05,CUST-01171,cust-01171@lumenmail.com,Outdoor,4,73.56,0.25,Paid Search,CA,control
ORD-002381,2023-07-02,CUST-01724,cust-01724@lumenmail.com,Furniture,1,133.12,0.25,Paid Search,US,
ORD-007540,2024-01-28,CUST-00047,cust-00047@lumenmail.com,Outdoor,2,121.72,10.0,Social,UK,variant
ORD-002144,2024-12-07,CUST-00201,cust-00201@lumenmail.com,Outdoor,5,24.66,0.1,Email,CA,variant
ORD-004211,2024-04-09,CUST-01611,cust-01611@lumenmail.com,Outdoor,2,48.74,0.0,Paid Search,CA,variant
ORD-007521,2023-09-17,CUST-02958,cust-02958@lumenmail.com,Décor,5,47.49,0.0,Paid Search,US,
ORD-007189,2023-08-21,CUST-01010,cust-01010@lumenmail.com,Furniture,1,99.37,0.1,Social,CA,
ORD-006591,2024-01-23,CUST-01088,cust-01088@lumenmail.com,Furniture,2,41.45,0.2,Email,US,variant
ORD-007145,2023-12-30,CUST-02837,cust-02837@lumenmail.com,Décor,2,159.88,0.0,Email,US,control
ORD-004714,2024-03-09,CUST-02042,cust-02042@lumenmail.com,Lighting,2,385.91,0.05,Organic,US,control
ORD-006799,2023-09-11,CUST-02443,cust-02443@lumenmail.com,Lighting,1,113.95,0.0,Paid Search,US,control
ORD-004799,2024-02-28,CUST-02811,cust-02811@lumenmail.com,Accessories,2,136.97,0.0,Email,US,
ORD-006020,2023-10-14,CUST-02005,cust-02005@lumenmail.com,Lighting,2,396.36,0.05,Email,US,
ORD-009131,2023-09-24,CUST-02467,cust-02467@lumenmail.com,Lighting,2,8.93,0.0,Paid Search,US,control
ORD-008944,2023-06-09,CUST-01152,cust-01152@lumenmail.com,Furniture,1,15.74,0.0,Paid Search,AU,variant
ORD-002676,2024-10-13,CUST-00963,cust-00963@lumenmail.com,Lighting,7,87.97,0.0,,ZZ,control
ORD-003113,2024-04-25,CUST-01972,cust-01972@lumenmail.com,Furniture,2,25.11,0.0,Social,US,variant
ORD-003016,2024-04-30,CUST-01731,cust-01731@lumenmail.com,Décor,3,11.58,10.0,Email,US,
ORD-006074,13/10/2023,CUST-02529,cust-02529@lumenmail.com,Accessories,1,77.42,0.0,Paid Search,ZZ,variant
ORD-002704,08/09/2024,,guest@lumenmail.com,Lighting,3,123.01,0.1,Email,CA,control
ORD-006325,,CUST-01787,cust-01787@lumenmail.com,Accessories,5,180.66,0.05,Paid Search,CA,control
ORD-000987,2023-12-05,CUST-01321,cust-01321@lumenmail.com,Lighting,2,65.39,0.25,Organic,CA,control
ORD-006087,2023-12-23,CUST-01397,cust-01397@lumenmail.com,Furniture,1,12.8,0.0,Organic,US,variant
ORD-009230,2024-07-08,CUST-02046,cust-02046@lumenmail.com,Décor,1,52.52,0.0,Email,US,control
ORD-000425,2024-12-19,CUST-01887,cust-01887@lumenmail.com,Outdoor,1,40.37,0.0,Paid Search,US,control
ORD-006594,2024-03-21,CUST-01910,cust-01910@lumenmail.com,Accessories,3,88.03,0.2,Organic,US,variant
ORD-008374,2024-11-01,CUST-01283,cust-01283@lumenmail.com,Lighting,3,25.04,0.0,Social,ZZ,variant
ORD-003191,2024-11-13,,guest@lumenmail.com,Lighting,1,84.41,0.2,Organic,US,variant
ORD-003124,2024-08-10,CUST-01535,cust-01535@lumenmail.com,Accessories,2,35.28,0.2,Paid Search,CA,control
ORD-003612,2024-12-11,CUST-01198,cust-01198@lumenmail.com,Décor,1,43.29,0.2,Email,CA,
ORD-001277,2023-12-09,CUST-02331,cust-02331@lumenmail.com,Lighting,1,8.43,0.0,Paid Search,US,
ORD-003168,2024-09-25,CUST-02203,cust-02203@lumenmail.com,Outdoor,1,42.04,0.0,Email,US,
ORD-001464,07/06/2024,CUST-01534,cust-01534@lumenmail.com,Lighting,1,62.51,0.1,Social,CA,variant
ORD-007690,2024-01-02,CUST-02235,cust-02235@lumenmail.com,Lightng,2,30.37,0.15,Social,US,
ORD-008484,08/03/2024,CUST-02372,cust-02372@lumenmail.com,Décor,1,90.32,0.15,Organic,US,variant
ORD-004630,12/06/2023,CUST-01597,cust-01597@lumenmail.com,Furniture,2,31.74,0.1,Paid Search,AU,control
ORD-000133,2023-09-24,CUST-00472,cust-00472@lumenmail.com,Lighting,3,148.53,0.05,Social,US,control
ORD-003820,2024-11-19,CUST-00051,cust-00051@lumenmail.com,Lighting,2,37.06,0.0,Paid Search,US,
ORD-001509,2023-09-13,CUST-00171,cust-00171@lumenmail.com,Lighting,1,10.25,0.0,Email,US,control
ORD-006370,2024-09-07,CUST-00234,cust-00234@lumenmail.com,Décor,2,15.83,0.05,Paid Search,CA,
ORD-001969,2024-08-01,CUST-02608,cust-02608@lumenmail.com,Accessories,3,69.02,0.15,Organic,US,variant
ORD-001414,2024-07-20,CUST-01613,cust-01613@lumenmail.com,Outdoor,1,208.81,0.0,,US,
ORD-006470,2024-12-15,CUST-00484,cust-00484@lumenmail.com,Lighting,3,52.8,0.0,Paid Search,US,control
ORD-002151,2024-03-01,CUST-01314,cust-01314@lumenmail.com,Outdoor,1,72.29,0.0,Organic,CA,
ORD-002677,30/07/2024,,guest@lumenmail.com,Lighting,1,47.07,20.0,Paid Search,US,control
ORD-000485,2023-12-26,CUST-02482,cust-02482@lumenmail.com,Lighting,2,158.7,0.15,Organic,CA,control
ORD-003895,2024-06-03,,guest@lumenmail.com,Décor,1,151.24,0.2,Email,AU,control
ORD-001739,2024-03-16,,guest@lumenmail.com,Décor,2,8.99,0.25,Paid Search,UK,variant
ORD-005672,2023-12-19,CUST-00447,cust-00447@lumenmail.com,Outdoor,2,79.57,0.05,Paid Search,US,
ORD-007215,12/04/2024,CUST-00565,cust-00565@lumenmail.com,Accessories,3,62.46,0.15,Email,ZZ,control
ORD-003852,17/12/2023,CUST-00062,cust-00062@lumenmail.com,Lighting,1,186.66,0.0,Email,CA,
ORD-001281,2023-08-18,CUST-02282,cust-02282@lumenmail.com,Lighting,3,13.76,0.05,Organic,US,
ORD-006130,2023-09-12,CUST-00827,cust-00827@lumenmail.com,Lighting,1,60.33,10.0,Email,US,control
ORD-008471,2024-02-13,CUST-01579,cust-01579@lumenmail.com,Lighting,3,65.42,0.1,Organic,US,control
ORD-005074,2024-07-10,,guest@lumenmail.com,Décor,2,54.1,0.2,Paid Search,US,
ORD-000337,2023-07-25,CUST-02510,cust-02510@lumenmail.com,Lightng,2,54.56,0.0,Paid Search,US,control
ORD-002204,2023-07-16,CUST-00348,cust-00348@lumenmail.com,Décor,1,179.98,0.0,Email,US,variant
ORD-009438,2024-02-22,CUST-01991,cust-01991@lumenmail.com,Furniture,5,92.11,0.2,Email,US,variant
ORD-002765,2024-10-12,CUST-02292,cust-02292@lumenmail.com,Lighting,1,152.66,0.2,Email,US,variant
ORD-004836,2023-06-29,CUST-01329,cust-01329@lumenmail.com,Décor,2,591.68,0.0,Paid Search,US,variant
ORD-005243,2024-10-11,CUST-00633,cust-00633@lumenmail.com,Furniture,2,169.09,0.05,Social,US,
ORD-005474,18/08/2024,CUST-00227,cust-00227@lumenmail.com,Lighting,2,98.1,0.2,Paid Search,US,variant
ORD-003057,17/08/2024,CUST-00051,cust-00051@lumenmail.com,Décor,1,11.74,0.15,Paid Search,US,variant
ORD-008240,02/07/2024,CUST-00310,cust-00310@lumenmail.com,Furniture,1,76.25,0.0,Paid Search,US,variant
ORD-000812,2024-10-22,CUST-01374,cust-01374@lumenmail.com,Lighting,1,228.33,0.0,Email,UK,
ORD-004965,2024-01-23,CUST-00205,cust-00205@lumenmail.com,Lighting,1,112.25,10.0,Email,US,control
ORD-003332,2024-09-02,CUST-01233,cust-01233@lumenmail.com,Furniture,2,86.74,0.0,Organic,AU,
ORD-003227,2023-11-14,CUST-01452,cust-01452@lumenmail.com,Accessories,2,28.97,0.05,Paid Search,CA,
ORD-004925,2023-11-09,CUST-00221,cust-00221@lumenmail.com,Furniture,2,376.61,0.05,Social,CA,control
ORD-008401,,CUST-00207,cust-00207@lumenmail.com,Lighting,1,58.03,0.1,,US,
ORD-001736,26/12/2023,CUST-02240,cust-02240@lumenmail.com,Décor,4,373.6,0.1,Organic,UK,variant
ORD-004074,2023-12-13,CUST-02211,cust-02211@lumenmail.com,Furniture,5,208.84,0.0,Social,US,
ORD-004499,2023-09-16,CUST-02809,cust-02809@lumenmail.com,Outdoor,1,49.9,0.0,Social,US,control
ORD-007428,2023-11-29,CUST-01824,cust-01824@lumenmail.com,Lighting,2,112.87,0.05,Paid Search,US,variant
ORD-000129,2024-01-19,CUST-00047,cust-00047@lumenmail.com,Furniture,1,21.75,0.1,Paid Search,US,control
ORD-004728,10/11/2023,CUST-01312,cust-01312@lumenmail.com,Décor,1,216.6,0.05,Paid Search,US,
ORD-007750,2024-02-13,CUST-01499,cust-01499@lumenmail.com,Outdoor,1,37.15,5.0,Email,US,
ORD-000645,2024-09-26,CUST-01025,cust-01025@lumenmail.com,Lighting,2,95.52,10.0,Paid Search,UK,control
ORD-007181,07/04/2024,CUST-00315,cust-00315@lumenmail.com,Lighting,2,53.8,0.15,Email,UK,
ORD-002243,2023-12-16,CUST-02065,cust-02065@lumenmail.com,Décor,4,167.89,0.05,Social,US,
ORD-007800,2024-03-16,CUST-00945,cust-00945@lumenmail.com,Décor,2,88.4,0.0,Paid Search,US,control
ORD-001186,2024-09-06,CUST-00913,cust-00913@lumenmail.com,Décor,2,262.24,0.1,Social,US,control
ORD-000619,2023-12-01,,guest@lumenmail.com,Décor,1,324.76,0.0,Email,CA,control
ORD-001284,2024-09-11,,guest@lumenmail.com,Furniture,2,89.12,0.05,Organic,US,
ORD-007682,2024-07-02,CUST-02690,cust-02690@lumenmail.com,Furniture,1,12.53,0.0,Paid Search,US,control
ORD-007664,2023-08-13,CUST-02436,cust-02436@lumenmail.com,Décor,5,24.62,0.0,Paid Search,US,variant
ORD-002066,2023-10-10,CUST-02204,cust-02204@lumenmail.com,Lighting,4,55.65,0.0,Social,UK,
ORD-003308,2023-10-29,CUST-01849,cust-01849@lumenmail.com,Furniture,1,27.35,0.15,Email,US,
ORD-002279,2024-07-31,CUST-01836,cust-01836@lumenmail.com,Décor,-2,314.55,0.0,Organic,CA,
ORD-001906,2023-08-18,CUST-02563,cust-02563@lumenmail.com,Lighting,2,48.45,0.05,Organic,US,
ORD-006317,16/02/2024,CUST-00509,cust-00509@lumenmail.com,Furniture,1,39.22,0.1,Paid Search,US,variant
ORD-007832,2024-04-11,,guest@lumenmail.com,Outdoor,1,150.88,0.0,Organic,CA,variant
ORD-005541,2024-01-22,CUST-02286,cust-02286@lumenmail.com,Outdoor,2,51.92,0.0,Email,US,variant
ORD-004839,2024-06-14,CUST-02418,cust-02418@lumenmail.com,Lighting,4,53.6,0.05,Email,US,
ORD-001909,2024-07-01,CUST-01287,cust-01287@lumenmail.com,Outdoor,2,44.22,10.0,Organic,UK,
ORD-006453,08/07/2024,CUST-00751,cust-00751@lumenmail.com,Accessories,4,164.53,0.0,Paid Search,UK,variant
ORD-000798,13/07/2023,CUST-01575,cust-01575@lumenmail.com,Décor,2,27.19,5.0,Paid Search,CA,control
ORD-005240,2024-07-03,CUST-02306,cust-02306@lumenmail.com,Lighting,2,8.6,0.0,Organic,US,variant
ORD-009525,2024-01-18,CUST-00254,cust-00254@lumenmail.com,Outdoor,1,108.68,0.05,Paid Search,US,variant
ORD-005175,2023-06-12,CUST-00286,cust-00286@lumenmail.com,Décor,1,65.24,0.0,Paid Search,US,
ORD-007774,05/06/2024,CUST-02777,cust-02777@lumenmail.com,Lightng,2,14.72,0.0,Social,US,
ORD-008883,2024-10-04,CUST-01418,cust-01418@lumenmail.com,Accessories,1,77.73,0.1,Paid Search,CA,variant
ORD-004690,2024-03-03,CUST-01194,cust-01194@lumenmail.com,Outdoor,1,590.62,0.1,,US,variant
ORD-007909,2023-12-07,CUST-00741,cust-00741@lumenmail.com,Décor,3,119.35,0.0,Paid Search,US,variant
ORD-007587,2024-10-20,CUST-01767,cust-01767@lumenmail.com,Furniture,1,25.84,0.0,Email,US,variant
ORD-007981,2024-09-13,,guest@lumenmail.com,Accessories,2,196.64,0.0,Paid Search,US,control
ORD-000865,2024-12-22,CUST-02820,cust-02820@lumenmail.com,Outdoor,-1,91.74,0.2,Social,US,
ORD-009542,2024-06-24,CUST-00910,cust-00910@lumenmail.com,Décor,2,93.75,0.0,Organic,US,variant
ORD-007224,2024-06-12,CUST-00520,cust-00520@lumenmail.com,Accessories,1,674.92,0.0,Email,CA,variant
ORD-006222,2023-08-18,CUST-01043,cust-01043@lumenmail.com,Outdoor,2,359.14,0.15,Social,US,control
ORD-008576,19/09/2023,CUST-02209,cust-02209@lumenmail.com,Décor,3,143.81,0.15,Social,US,control
ORD-004091,2023-12-27,CUST-02303,cust-02303@lumenmail.com,Accessories,3,34.07,0.0,Email,CA,control
ORD-007182,27/07/2023,CUST-01014,cust-01014@lumenmail.com,Outdoor,1,96.36,0.15,Paid Search,UK,variant
ORD-003040,2023-07-25,CUST-01591,cust-01591@lumenmail.com,Décor,1,186.08,0.0,Email,US,control
ORD-003869,2024-06-29,CUST-01602,cust-01602@lumenmail.com,Outdoor,1,380.39,0.15,Organic,US,variant
ORD-008223,2023-08-08,CUST-01416,cust-01416@lumenmail.com,Lighting,3,11.06,0.1,Social,US,control
ORD-009576,2023-06-15,CUST-01081,cust-01081@lumenmail.com,Accessories,1,54.05,0.0,Email,AU,control
ORD-008033,2023-07-14,CUST-01213,cust-01213@lumenmail.com,Outdoor,1,296.63,0.0,Email,US,variant
ORD-000358,2024-03-11,CUST-01100,cust-01100@lumenmail.com,Décor,4,134.35,0.2,Social,US,
ORD-006120,2024-09-29,CUST-01556,cust-01556@lumenmail.com,Furniture,1,64.92,0.1,Email,US,variant
ORD-005781,2023-06-12,CUST-02369,cust-02369@lumenmail.com,Lighting,1,95.67,0.05,Organic,US,variant
ORD-005188,2023-12-09,CUST-00077,cust-00077@lumenmail.com,Décor,5,509.58,0.0,Social,US,control
ORD-008833,2024-12-28,,guest@lumenmail.com,Lighting,2,15.53,0.05,Paid Search,CA,variant
ORD-007004,2024-01-19,CUST-01102,cust-01102@lumenmail.com,Décor,4,7.06,0.05,Email,US,variant
ORD-000801,2024-10-20,CUST-01503,cust-01503@lumenmail.com,Outdoor,1,78.84,0.05,Email,CA,
ORD-003963,2024-02-27,CUST-02803,cust-02803@lumenmail.com,Accessories,1,16.7,0.0,Paid Search,US,control
ORD-000445,2023-12-07,CUST-02228,cust-02228@lumenmail.com,Furniture,2,132.29,0.15,Paid Search,CA,variant
ORD-008752,2024-07-12,CUST-01881,cust-01881@lumenmail.com,Lighting,1,43.13,0.05,Organic,US,
ORD-000175,2023-06-13,CUST-00924,cust-00924@lumenmail.com,Lighting,1,69.81,10.0,Paid Search,ZZ,
ORD-006983,2023-11-01,CUST-00603,cust-00603@lumenmail.com,Lighting,1,120.6,0.0,Email,US,variant
ORD-008440,2023-09-18,CUST-00881,cust-00881@lumenmail.com,Accessories,2,129.48,0.0,Social,ZZ,
ORD-008057,01/03/2024,CUST-00644,cust-00644@lumenmail.com,Décor,1,33.16,0.0,Email,US,
ORD-008478,2024-11-12,CUST-00246,cust-00246@lumenmail.com,Lighting,1,124.03,0.1,Paid Search,US,
ORD-000964,2023-12-26,CUST-00887,cust-00887@lumenmail.com,Décor,2,185.79,0.0,Email,US,
ORD-008301,2023-08-26,CUST-01942,cust-01942@lumenmail.com,Lightng,2,286.1,0.15,Paid Search,US,variant
ORD-009519,2024-08-17,CUST-00208,cust-00208@lumenmail.com,Décor,3,43.67,0.05,Organic,US,
ORD-000174,2024-03-09,CUST-00554,cust-00554@lumenmail.com,Décor,1,107.79,25.0,Email,UK,variant
ORD-004828,2024-05-23,CUST-00617,cust-00617@lumenmail.com,Furniture,2,89.74,0.0,Paid Search,US,variant
ORD-000899,2023-11-30,CUST-01014,cust-01014@lumenmail.com,Lighting,2,97.61,0.0,Social,US,variant
ORD-005070,2023-12-15,CUST-02267,cust-02267@lumenmail.com,Décor,2,74.37,0.05,Organic,UK,control
ORD-008686,2024-02-06,CUST-00531,cust-00531@lumenmail.com,Furniture,1,64.07,0.0,Social,US,
ORD-004334,2024-12-09,CUST-01518,cust-01518@lumenmail.com,Furniture,3,7.82,0.0,Paid Search,AU,control
ORD-008208,27/07/2023,CUST-00840,cust-00840@lumenmail.com,lighting,1,38.1,0.15,Paid Search,US,
ORD-004542,2024-02-23,CUST-01011,cust-01011@lumenmail.com,Outdoor,1,245.27,0.05,Paid Search,US,control
ORD-009402,2023-11-26,CUST-01212,cust-01212@lumenmail.com,Accessories,1,66.64,0.0,Paid Search,US,variant
ORD-004483,2024-03-04,CUST-01488,cust-01488@lumenmail.com,Décor,7,779.76,0.0,,CA,
ORD-007964,2023-10-04,CUST-01271,cust-01271@lumenmail.com,Accessories,5,380.22,0.1,,AU,
ORD-000237,2024-05-23,CUST-01844,cust-01844@lumenmail.com,Furniture,2,90.83,0.05,Paid Search,US,
ORD-005300,25/09/2024,CUST-02741,cust-02741@lumenmail.com,Lighting,3,108.75,0.0,Organic,US,
ORD-002757,2023-12-26,CUST-02640,cust-02640@lumenmail.com,Lighting,1,159.53,0.0,Email,US,control
ORD-002466,2024-07-24,CUST-01648,cust-01648@lumenmail.com,Lighting,1,21.53,0.15,Email,US,variant
ORD-008782,2024-04-22,CUST-02115,cust-02115@lumenmail.com,Lighting,5,19.9,0.0,Organic,UK,control
ORD-006203,2023-06-16,,guest@lumenmail.com,Furniture,1,517.6,0.05,Email,US,
ORD-006588,09/04/2024,CUST-02582,cust-02582@lumenmail.com,Lighting,1,686.43,0.0,Email,CA,control
ORD-002748,2024-09-17,CUST-01884,cust-01884@lumenmail.com,Furniture,7,50.42,0.15,Email,UK,control
ORD-004930,29/02/2024,CUST-01226,cust-01226@lumenmail.com,Outdoor,1,181.36,0.15,Organic,US,control
ORD-001822,2023-08-23,CUST-01857,cust-01857@lumenmail.com,Décor,1,274.46,0.0,Paid Search,US,
ORD-002532,2023-10-04,CUST-00634,cust-00634@lumenmail.com,Outdoor,1,374.22,0.1,Email,US,control
ORD-007946,2024-12-26,CUST-02644,cust-02644@lumenmail.com,Accessories,6,56.74,5.0,Email,US,
ORD-006660,11/08/2023,,guest@lumenmail.com,Accessories,2,187.68,0.0,Organic,US,
ORD-009036,2024-03-02,CUST-01332,cust-01332@lumenmail.com,Outdoor,2,30.61,0.1,Paid Search,UK,control
ORD-005707,2024-11-28,CUST-02994,cust-02994@lumenmail.com,Lighting,2,6.25,0.0,Paid Search,ZZ,
ORD-000310,2024-06-21,CUST-00163,cust-00163@lumenmail.com,Furniture,1,95.34,0.05,Email,US,variant
ORD-005482,2024-04-17,CUST-01392,cust-01392@lumenmail.com,Lighting,1,29.83,0.0,Social,US,
ORD-008093,2024-09-29,CUST-00653,cust-00653@lumenmail.com,Lighting,1,57.97,0.15,Email,UK,
ORD-004252,2024-09-28,CUST-00345,cust-00345@lumenmail.com,Furniture,1,255.9,0.0,Paid Search,US,variant
ORD-008285,2023-09-14,CUST-01760,cust-01760@lumenmail.com,Lighting,1,182.3,10.0,Email,AU,variant
ORD-005753,2024-07-05,CUST-02962,cust-02962@lumenmail.com,Lighting,1,76.13,0.0,Email,ZZ,variant
ORD-001702,2023-10-05,CUST-02695,cust-02695@lumenmail.com,Décor,4,47.62,0.0,Organic,US,
ORD-002217,2024-01-08,CUST-02097,cust-02097@lumenmail.com,Lighting,1,46.25,0.1,Paid Search,US,
ORD-003622,2023-07-30,CUST-02857,cust-02857@lumenmail.com,Lighting,2,82.48,0.0,Paid Search,US,control
ORD-008853,2024-01-12,CUST-01368,cust-01368@lumenmail.com,Décor,6,169.76,0.05,Paid Search,US,variant
ORD-007868,2024-05-16,CUST-00994,cust-00994@lumenmail.com,Furniture,1,95.49,0.0,Paid Search,US,control
ORD-000284,03/06/2023,CUST-02249,cust-02249@lumenmail.com,Accessories,1,56.81,0.0,Organic,US,control
ORD-004215,2024-02-26,CUST-01081,cust-01081@lumenmail.com,Outdoor,1,31.88,0.1,Paid Search,US,control
ORD-004043,2024-07-02,,guest@lumenmail.com,Décor,1,171.47,0.2,Email,UK,variant
ORD-006092,2024-07-06,CUST-02438,cust-02438@lumenmail.com,Furniture,3,82.16,0.15,,US,variant
ORD-005273,2024-12-11,CUST-02927,cust-02927@lumenmail.com,Décor,1,81.4,0.25,Paid Search,US,
ORD-003921,2023-09-07,CUST-02937,cust-02937@lumenmail.com,Furniture,5,550.02,0.1,Organic,US,control
ORD-008983,2024-12-14,CUST-01620,cust-01620@lumenmail.com,Accessories,1,33.04,0.0,Organic,US,
ORD-000867,2024-11-26,CUST-02073,cust-02073@lumenmail.com,Décor,-3,22.73,0.0,Paid Search,CA,
ORD-009290,2024-10-22,CUST-00628,cust-00628@lumenmail.com,Lighting,3,677.25,0.1,Email,AU,
ORD-008644,02/11/2023,CUST-01751,cust-01751@lumenmail.com,Lighting,3,215.1,0.05,Organic,US,variant
ORD-007278,03/08/2024,,guest@lumenmail.com,Accessories,1,609.92,0.05,Organic,US,variant
ORD-004691,2024-12-18,CUST-01139,cust-01139@lumenmail.com,Furniture,1,22.98,0.05,Paid Search,CA,control
ORD-005822,2024-09-19,CUST-00580,cust-00580@lumenmail.com,Furniture,1,33.85,0.05,Organic,UK,
ORD-005489,2024-02-09,CUST-01567,cust-01567@lumenmail.com,Accessories,5,20.8,0.0,Organic,US,control
ORD-004858,2024-04-30,CUST-01263,cust-01263@lumenmail.com,Décor,1,193.65,0.0,Organic,US,
ORD-008423,2023-09-09,CUST-01980,cust-01980@lumenmail.com,Lighting,1,131.76,0.1,Social,UK,control
ORD-000432,2024-09-13,CUST-01907,cust-01907@lumenmail.com,Outdoor,1,45.95,0.0,,US,
ORD-001842,2024-12-02,CUST-00775,cust-00775@lumenmail.com,Furniture,1,338.28,0.15,Email,US,variant
ORD-003984,15/09/2023,CUST-00582,cust-00582@lumenmail.com,Outdoor,1,162.87,0.25,Paid Search,UK,
ORD-007324,18/11/2024,CUST-02893,cust-02893@lumenmail.com,Décor,3,59.07,0.0,Social,US,variant
ORD-008926,2023-06-08,CUST-00453,cust-00453@lumenmail.com,Lighting,3,198.91,0.1,Social,US,variant
ORD-006502,2024-01-23,CUST-01148,cust-01148@lumenmail.com,Furniture,1,43.49,0.15,Paid Search,US,variant
ORD-001689,2023-06-21,CUST-00962,cust-00962@lumenmail.com,Outdoor,1,66.7,0.0,Organic,US,variant
ORD-000368,2023-09-06,CUST-01890,cust-01890@lumenmail.com,Décor,1,23.48,10.0,Social,US,variant
ORD-006757,2024-06-30,CUST-01395,cust-01395@lumenmail.com,Lighting,1,134.87,0.0,Social,US,variant
ORD-008828,2024-07-05,CUST-01019,cust-01019@lumenmail.com,Furniture,7,215.4,0.1,Social,US,variant
ORD-005282,2023-07-06,CUST-01415,cust-01415@lumenmail.com,Outdoor,5,75.87,0.0,Social,CA,control
ORD-000355,06/09/2023,CUST-01509,cust-01509@lumenmail.com,Lighting,1,361.36,0.0,Email,CA,
ORD-009232,2023-07-16,CUST-02134,cust-02134@lumenmail.com,Furniture,1,91.79,0.0,,AU,variant
ORD-005992,2024-06-25,CUST-02573,cust-02573@lumenmail.com,Furniture,3,27.47,0.0,Email,AU,control
ORD-006614,2024-04-18,CUST-01940,cust-01940@lumenmail.com,Décor,5,58.74,0.0,Paid Search,US,
ORD-002672,05/06/2024,CUST-01206,cust-01206@lumenmail.com,Lighting,3,78.05,0.1,Email,UK,control
ORD-006425,2024-11-11,CUST-01182,cust-01182@lumenmail.com,Furniture,1,120.88,0.2,Paid Search,US,control
ORD-004909,2023-09-30,CUST-00823,cust-00823@lumenmail.com,Furniture,1,37.95,0.1,Email,UK,variant
ORD-004048,2024-03-17,CUST-01382,cust-01382@lumenmail.com,Furniture,1,78.78,0.15,Paid Search,US,control
ORD-000684,08/08/2023,CUST-01777,cust-01777@lumenmail.com,Outdoor,-1,42.46,0.1,Organic,UK,variant
ORD-001528,2024-03-03,CUST-02730,cust-02730@lumenmail.com,Lighting,3,125.24,0.05,Organic,US,variant
ORD-001768,2023-09-16,CUST-00343,cust-00343@lumenmail.com,Lighting,1,314.09,10.0,Email,US,variant
ORD-009550,2023-08-07,CUST-00425,cust-00425@lumenmail.com,Lighting,4,773.97,0.15,Email,CA,control
ORD-005479,2024-10-21,,guest@lumenmail.com,Outdoor,2,0.0,0.0,Organic,US,variant
ORD-004008,2023-12-02,CUST-01768,cust-01768@lumenmail.com,Outdoor,2,70.96,5.0,Paid Search,UK,
ORD-008718,2023-10-03,CUST-02412,cust-02412@lumenmail.com,Furniture,1,462.28,0.0,Social,US,
ORD-002259,2024-06-04,CUST-01030,cust-01030@lumenmail.com,Lighting,1,185.62,0.0,Paid Search,US,variant
ORD-001512,2024-07-05,CUST-00447,cust-00447@lumenmail.com,Furniture,1,52.55,0.1,Email,CA,
ORD-004940,2023-08-21,CUST-01886,cust-01886@lumenmail.com,Décor,2,21.48,0.1,Organic,US,
ORD-004501,19/10/2023,CUST-02288,cust-02288@lumenmail.com,Lighting,1,132.62,0.0,,UK,variant
ORD-004204,2024-12-24,CUST-01333,cust-01333@lumenmail.com,Outdoor,3,131.3,0.05,Email,CA,control
ORD-008031,18/04/2024,CUST-00302,cust-00302@lumenmail.com,Outdoor,2,14.91,25.0,Organic,US,
ORD-001038,2024-10-21,CUST-00541,cust-00541@lumenmail.com,Décor,4,185.69,0.2,Paid Search,US,control
ORD-008390,2024-06-12,CUST-02450,cust-02450@lumenmail.com,Outdoor,3,167.87,0.05,Paid Search,US,control
ORD-003011,2023-09-21,CUST-01624,cust-01624@lumenmail.com,Lighting,1,62.66,0.0,Paid Search,US,
ORD-009077,2024-08-05,CUST-01497,cust-01497@lumenmail.com,Décor,5,281.75,0.0,Email,US,control
ORD-003803,2024-10-12,CUST-00348,cust-00348@lumenmail.com,Décor,2,59.69,0.0,Paid Search,US,variant
ORD-001489,2023-06-11,CUST-02710,cust-02710@lumenmail.com,Lighting,1,41.78,0.0,Paid Search,UK,control
ORD-001341,2023-09-23,CUST-00397,cust-00397@lumenmail.com,Outdoor,1,181.01,0.0,Paid Search,UK,
ORD-004171,2024-05-30,CUST-00644,cust-00644@lumenmail.com,Furniture,2,8.67,0.05,Email,US,control
ORD-002793,09/11/2024,CUST-01681,cust-01681@lumenmail.com,Lighting,1,316.94,5.0,Social,US,variant
ORD-005372,2024-04-01,CUST-02361,cust-02361@lumenmail.com,Furniture,7,279.86,0.1,Email,UK,variant
ORD-002531,15/07/2024,CUST-00921,cust-00921@lumenmail.com,Lighting,1,62.22,0.05,Paid Search,US,
ORD-006685,2023-12-23,,guest@lumenmail.com,Lighting,1,394.89,0.05,Paid Search,US,
ORD-008200,2023-09-26,,guest@lumenmail.com,Décor,1,7.27,0.0,Social,US,
ORD-009425,,CUST-02720,cust-02720@lumenmail.com,Lighting,1,155.08,20.0,Email,US,variant
ORD-007027,20/12/2024,CUST-00698,cust-00698@lumenmail.com,Décor,5,99.89,0.15,Organic,CA,variant
ORD-006654,2024-06-21,,guest@lumenmail.com,Lighting,3,194.98,0.0,Email,US,control
ORD-003705,2023-09-04,CUST-02035,cust-02035@lumenmail.com,Outdoor,1,147.25,0.1,Paid Search,US,control
ORD-002452,2024-05-12,CUST-01117,cust-01117@lumenmail.com,Outdoor,1,36.3,0.0,Email,US,
ORD-003318,2024-08-10,CUST-00883,cust-00883@lumenmail.com,Lighting,7,117.31,0.15,Organic,US,control
ORD-000652,2024-10-11,CUST-02600,cust-02600@lumenmail.com,Lighting,1,293.53,0.15,Paid Search,UK,
ORD-002723,2024-07-22,,guest@lumenmail.com,Lighting,1,132.12,0.25,Organic,US,
ORD-006119,2023-12-31,CUST-00225,cust-00225@lumenmail.com,Lighting,1,366.48,0.05,Paid Search,UK,control
ORD-007130,2023-12-16,CUST-02986,cust-02986@lumenmail.com,Lighting,1,369.43,0.0,Organic,US,variant
ORD-003691,2024-01-18,CUST-00885,cust-00885@lumenmail.com,Lighting,7,63.33,0.1,Social,US,
ORD-006032,2024-03-06,CUST-02165,cust-02165@lumenmail.com,Accessories,4,26.58,0.0,Social,AU,variant
ORD-001178,2023-06-12,CUST-01465,cust-01465@lumenmail.com,Furniture,-3,93.35,0.1,Paid Search,CA,control
ORD-002504,2024-04-12,CUST-01491,cust-01491@lumenmail.com,Lighting,1,77.77,0.05,Paid Search,US,
ORD-007801,2024-01-18,CUST-01145,cust-01145@lumenmail.com,Lighting,1,121.87,0.0,Paid Search,US,variant
ORD-008373,2024-02-05,CUST-01143,cust-01143@lumenmail.com,Accessories,3,40.9,0.05,,AU,
ORD-005199,08/03/2024,CUST-00121,cust-00121@lumenmail.com,Lighting,1,26.94,0.1,Organic,US,
ORD-002770,2024-03-07,CUST-01720,cust-01720@lumenmail.com,Décor,1,33.0,0.05,Paid Search,US,
ORD-005384,2024-06-15,CUST-00171,cust-00171@lumenmail.com,Décor,1,86.25,0.05,Social,US,
ORD-000433,2024-12-13,CUST-00751,cust-00751@lumenmail.com,Lighting,3,147.79,0.05,Organic,US,control
ORD-005214,2024-05-23,,guest@lumenmail.com,Accessories,1,758.18,0.2,Organic,US,variant
ORD-000131,30/07/2023,CUST-00851,cust-00851@lumenmail.com,Lighting,4,5.84,10.0,,UK,
ORD-003481,2024-03-13,CUST-01349,cust-01349@lumenmail.com,Furniture,1,697.12,0.0,Social,US,
ORD-004713,2023-07-20,CUST-02014,cust-02014@lumenmail.com,Outdoor,1,260.6,0.0,Organic,US,
ORD-005019,2024-01-20,CUST-00961,cust-00961@lumenmail.com,Accessories,6,36.21,0.0,Email,US,
ORD-000161,,CUST-02164,cust-02164@lumenmail.com,Décor,1,233.36,0.0,Paid Search,US,control
ORD-003932,2023-10-17,CUST-00534,cust-00534@lumenmail.com,Furniture,3,627.59,25.0,Email,US,
ORD-005371,16/09/2023,CUST-02559,cust-02559@lumenmail.com,Lighting,4,178.52,0.1,Email,US,control
ORD-002906,2024-07-10,CUST-00454,cust-00454@lumenmail.com,Décor,2,30.73,0.15,Organic,US,control
ORD-009294,26/06/2024,CUST-02455,cust-02455@lumenmail.com,Lighting,3,199.97,0.05,Email,US,control
ORD-007116,2024-07-17,CUST-01394,cust-01394@lumenmail.com,Lighting,2,43.96,0.0,Email,US,
ORD-009029,2024-01-30,CUST-00029,cust-00029@lumenmail.com,Furniture,1,23.13,0.0,Social,CA,variant
ORD-005269,2024-10-22,CUST-02539,cust-02539@lumenmail.com,Furniture,1,8.83,0.0,Organic,US,variant
ORD-004127,29/06/2024,CUST-01757,cust-01757@lumenmail.com,Lighting,1,114.09,15.0,Paid Search,US,control
ORD-002122,2024-10-21,CUST-02789,cust-02789@lumenmail.com,Lighting,4,47.9,15.0,Social,US,
ORD-007350,2024-01-04,CUST-02794,cust-02794@lumenmail.com,Lighting,2,49.26,0.0,Email,AU,variant
ORD-005542,2024-06-23,CUST-01697,cust-01697@lumenmail.com,Outdoor,2,79.75,0.05,Email,US,control
ORD-001482,2023-12-07,CUST-01500,cust-01500@lumenmail.com,Décor,1,44.53,0.1,Email,US,control
ORD-001681,06/06/2023,CUST-01871,cust-01871@lumenmail.com,Lighting,3,132.51,10.0,Email,US,control
ORD-001207,2024-12-17,CUST-01441,cust-01441@lumenmail.com,Lighting,3,107.06,0.25,Email,AU,variant
ORD-006905,2024-03-06,CUST-00575,cust-00575@lumenmail.com,Lighting,6,95.53,0.0,Social,US,
ORD-000141,2023-07-24,CUST-02220,cust-02220@lumenmail.com,Décor,1,44.8,0.15,Organic,US,variant
ORD-001362,21/09/2024,CUST-02696,cust-02696@lumenmail.com,Lighting,1,24.75,0.25,Email,US,
ORD-009556,2023-10-06,CUST-02067,cust-02067@lumenmail.com,Décor,1,142.68,5.0,Email,US,variant
ORD-007787,2024-11-12,CUST-00165,cust-00165@lumenmail.com,Furniture,1,317.34,0.1,Social,UK,
ORD-004397,2024-12-05,CUST-01018,cust-01018@lumenmail.com,Furniture,2,59.66,5.0,Organic,US,control
ORD-006243,2024-12-22,CUST-00056,cust-00056@lumenmail.com,Décor,2,80.82,0.0,Email,US,variant
ORD-002795,2024-06-28,CUST-02466,cust-02466@lumenmail.com,Outdoor,2,123.15,0.1,Social,US,variant
ORD-007232,2024-09-02,CUST-01278,cust-01278@lumenmail.com,Décor,1,145.95,0.05,Paid Search,CA,control
ORD-007586,2023-06-21,,guest@lumenmail.com,Lightng,1,62.9,0.25,Paid Search,US,control
ORD-002323,2024-10-13,CUST-02185,cust-02185@lumenmail.com,Lighting,2,99.88,0.15,Email,UK,variant
ORD-002581,2023-08-21,CUST-00478,cust-00478@lumenmail.com,Lighting,2,77.23,0.0,Email,US,variant
ORD-007554,2023-06-02,CUST-01711,cust-01711@lumenmail.com,Lighting,3,134.9,0.05,Organic,US,control
ORD-008153,08/12/2023,CUST-01928,cust-01928@lumenmail.com,Furniture,4,217.92,0.0,Email,UK,
ORD-003627,2024-07-07,CUST-01789,cust-01789@lumenmail.com,Lighting,2,183.26,0.25,Paid Search,US,variant
ORD-006400,2024-04-03,CUST-00603,cust-00603@lumenmail.com,Décor,2,47.38,5.0,Email,US,
ORD-000769,2024-01-31,CUST-00212,cust-00212@lumenmail.com,Accessories,1,59.43,0.0,Email,US,
ORD-001021,2024-01-03,CUST-00070,cust-00070@lumenmail.com,Décor,3,99.32,0.0,,US,control
ORD-004246,2023-09-28,CUST-00173,cust-00173@lumenmail.com,Furniture,1,83.94,0.15,Organic,UK,control
ORD-000187,2024-10-14,CUST-01192,cust-01192@lumenmail.com,Décor,1,15.24,0.0,Email,US,control
ORD-003814,01/12/2024,CUST-01430,cust-01430@lumenmail.com,Lighting,2,546.2,0.0,Organic,US,
ORD-006408,2024-03-31,,guest@lumenmail.com,Lighting,6,13.41,0.05,Email,US,
ORD-008827,2023-10-13,CUST-00718,cust-00718@lumenmail.com,Outdoor,5,98.89,0.0,Social,US,control
ORD-008063,18/04/2024,CUST-01998,cust-01998@lumenmail.com,Lighting,1,609.4,0.0,Paid Search,US,
ORD-003909,2024-03-13,CUST-02617,cust-02617@lumenmail.com,Outdoor,2,40.98,0.1,Email,US,variant
ORD-005592,20/03/2024,CUST-00815,cust-00815@lumenmail.com,Outdoor,1,16.8,0.15,Organic,US,variant
ORD-006961,2024-10-13,CUST-01722,cust-01722@lumenmail.com,Décor,1,0.0,0.05,Paid Search,CA,variant
ORD-002559,13/10/2023,CUST-01383,cust-01383@lumenmail.com,Accessories,2,70.24,0.1,Social,US,variant
ORD-005829,2024-06-26,CUST-02452,cust-02452@lumenmail.com,Lighting,2,50.5,0.15,Social,US,control
ORD-007480,2024-01-01,CUST-02046,cust-02046@lumenmail.com,Furniture,-1,453.02,0.05,Organic,US,control
ORD-009586,2024-05-21,,guest@lumenmail.com,Décor,3,19.4,0.0,Paid Search,AU,variant
ORD-001266,2023-08-24,CUST-01603,cust-01603@lumenmail.com,Outdoor,2,11.99,0.1,Email,UK,control
ORD-003184,2024-11-25,CUST-00466,cust-00466@lumenmail.com,Lighting,1,26.19,0.05,Paid Search,US,variant
ORD-004891,2024-12-03,CUST-00695,cust-00695@lumenmail.com,Outdoor,1,102.38,0.2,Email,US,control
ORD-007901,2023-10-09,CUST-01372,cust-01372@lumenmail.com,Lighting,4,172.56,0.0,Email,UK,variant
ORD-008927,2023-09-06,CUST-00639,cust-00639@lumenmail.com,Lighting,4,54.96,0.0,Organic,US,
ORD-002657,2024-10-13,CUST-01995,cust-01995@lumenmail.com,Décor,4,521.93,0.05,Organic,UK,control
ORD-002497,2024-12-20,CUST-00703,cust-00703@lumenmail.com,lighting,1,123.48,0.25,Email,US,control
ORD-007583,09/03/2024,CUST-01722,cust-01722@lumenmail.com,Outdoor,1,219.29,0.0,Organic,US,
ORD-006906,2024-05-30,CUST-00262,cust-00262@lumenmail.com,Lighting,1,32.44,0.0,Paid Search,US,
ORD-001330,2023-12-07,CUST-00311,cust-00311@lumenmail.com,Décor,2,114.52,0.15,Organic,CA,
ORD-000476,2023-08-17,CUST-01884,cust-01884@lumenmail.com,Décor,6,95.08,10.0,,AU,control
ORD-008398,2024-03-23,CUST-01214,cust-01214@lumenmail.com,Décor,1,65.78,0.15,Social,US,control
ORD-009444,2024-02-02,,guest@lumenmail.com,Outdoor,1,195.91,0.0,Email,US,control
ORD-004585,2023-07-01,CUST-01164,cust-01164@lumenmail.com,Lighting,1,300.0,0.0,Organic,UK,
ORD-001964,2024-01-02,CUST-02770,cust-02770@lumenmail.com,Outdoor,7,75.22,0.05,Organic,US,
ORD-009090,2023-12-01,CUST-00388,cust-00388@lumenmail.com,Lighting,4,19.73,0.0,Organic,US,
ORD-003335,2023-11-21,CUST-01957,cust-01957@lumenmail.com,Lighting,1,99.52,0.1,Social,CA,
ORD-003925,2023-11-30,CUST-01061,cust-01061@lumenmail.com,Décor,1,322.23,0.2,Paid Search,US,
ORD-002254,2023-12-22,CUST-02539,cust-02539@lumenmail.com,Lightng,1,39.63,0.1,Organic,CA,variant
ORD-000218,20/05/2024,CUST-02359,cust-02359@lumenmail.com,Lighting,2,447.89,0.25,Social,US,
ORD-002583,2024-07-18,CUST-02396,cust-02396@lumenmail.com,Accessories,4,186.53,0.0,Paid Search,US,variant
ORD-005735,2024-02-28,CUST-00430,cust-00430@lumenmail.com,lighting,4,86.19,5.0,Email,US,variant
ORD-001171,2024-11-01,CUST-02245,cust-02245@lumenmail.com,Accessories,2,267.86,0.2,Paid Search,US,variant
ORD-006279,2023-10-27,CUST-01260,cust-01260@lumenmail.com,Décor,1,134.44,0.0,Organic,US,control
ORD-000592,2023-06-27,,guest@lumenmail.com,Furniture,1,377.26,0.05,Email,US,
ORD-002739,2023-10-01,CUST-02027,cust-02027@lumenmail.com,Lighting,1,53.42,0.05,Organic,US,variant
ORD-000631,2024-02-22,CUST-02084,cust-02084@lumenmail.com,Accessories,1,96.97,0.1,Organic,CA,
ORD-005932,2024-04-08,CUST-02627,cust-02627@lumenmail.com,Lighting,1,344.19,0.05,Paid Search,CA,variant
ORD-002503,2024-05-21,CUST-00505,cust-00505@lumenmail.com,Furniture,2,326.8,0.05,Email,US,control
ORD-001050,2024-02-27,CUST-02260,cust-02260@lumenmail.com,Outdoor,2,192.16,0.0,Email,US,variant
ORD-006216,2024-03-31,CUST-02036,cust-02036@lumenmail.com,Décor,1,55.29,0.0,Paid Search,CA,variant
ORD-009499,2023-08-14,CUST-01530,cust-01530@lumenmail.com,Lighting,1,38.72,0.0,Paid Search,US,
ORD-000833,2024-10-13,CUST-02630,cust-02630@lumenmail.com,Lighting,1,121.2,0.05,Organic,CA,
ORD-002614,2024-05-23,CUST-01693,cust-01693@lumenmail.com,Décor,1,511.99,0.05,Paid Search,US,variant
ORD-005640,2024-09-19,CUST-00765,cust-00765@lumenmail.com,Accessories,1,70.72,0.0,Paid Search,CA,control
ORD-001495,2024-09-20,CUST-01641,cust-01641@lumenmail.com,Furniture,2,31.76,0.05,Social,US,variant
ORD-000759,2023-11-17,CUST-00014,cust-00014@lumenmail.com,Furniture,2,717.13,0.0,Email,US,variant
ORD-003829,2023-10-21,CUST-01870,cust-01870@lumenmail.com,Lighting,1,9.9,0.05,Email,CA,
ORD-005086,2023-06-15,CUST-01761,cust-01761@lumenmail.com,Furniture,1,399.49,0.1,Email,UK,control
ORD-006274,2024-07-12,CUST-01318,cust-01318@lumenmail.com,Outdoor,5,139.21,0.0,Paid Search,US,
ORD-006858,2024-08-27,CUST-01722,cust-01722@lumenmail.com,Lighting,2,33.16,10.0,Organic,US,variant
ORD-006178,2024-12-22,CUST-01382,cust-01382@lumenmail.com,Décor,1,90.63,0.05,Social,US,control
ORD-002368,26/06/2023,CUST-00775,cust-00775@lumenmail.com,Furniture,2,15.47,0.0,Email,US,
ORD-001352,03/11/2024,CUST-01243,cust-01243@lumenmail.com,Outdoor,2,59.69,0.0,Email,US,variant
ORD-002755,2024-05-21,CUST-02875,cust-02875@lumenmail.com,Lighting,3,39.79,0.25,Social,US,
ORD-006045,2023-07-18,CUST-02421,cust-02421@lumenmail.com,Lighting,1,27.21,0.0,Email,CA,variant
ORD-007409,2024-08-17,CUST-00067,cust-00067@lumenmail.com,Lighting,2,21.97,0.05,Paid Search,US,
ORD-008327,2023-09-03,CUST-00250,cust-00250@lumenmail.com,Lighting,2,43.2,0.0,Organic,US,control
ORD-005257,2024-07-23,CUST-01329,cust-01329@lumenmail.com,Furniture,1,355.44,0.0,Email,US,
ORD-008919,21/03/2024,CUST-02237,cust-02237@lumenmail.com,Furniture,2,107.28,0.15,Paid Search,UK,variant
ORD-005027,2024-10-13,CUST-02637,cust-02637@lumenmail.com,Lighting,6,475.99,0.05,Organic,US,control
ORD-003983,2024-08-15,CUST-01708,cust-01708@lumenmail.com,Lighting,1,36.56,0.0,Paid Search,US,control
ORD-002482,09/07/2023,,guest@lumenmail.com,Outdoor,2,0.0,0.05,Organic,US,variant
ORD-004009,2024-04-16,CUST-01976,cust-01976@lumenmail.com,Décor,3,45.49,0.0,Social,US,
ORD-003196,2024-10-01,CUST-02913,cust-02913@lumenmail.com,Lighting,2,51.78,0.0,Paid Search,CA,variant
ORD-005165,2024-03-01,CUST-00741,cust-00741@lumenmail.com,Lighting,2,48.31,0.0,Paid Search,UK,control
ORD-004382,2024-04-05,CUST-00186,cust-00186@lumenmail.com,Décor,1,87.94,0.0,Organic,US,control
ORD-008254,2024-11-16,CUST-02788,cust-02788@lumenmail.com,Furniture,1,77.62,0.1,Organic,UK,variant
ORD-008579,2024-09-12,CUST-02075,cust-02075@lumenmail.com,Lighting,6,203.69,0.0,Email,US,control
ORD-002804,2024-10-02,CUST-00548,cust-00548@lumenmail.com,Outdoor,7,60.92,0.1,Organic,CA,control
ORD-008095,2024-03-06,CUST-00619,cust-00619@lumenmail.com,Outdoor,1,33.33,0.0,Social,US,
ORD-003958,14/09/2024,CUST-00362,cust-00362@lumenmail.com,Lighting,2,111.57,0.05,Paid Search,US,control
ORD-000427,26/06/2024,CUST-01428,cust-01428@lumenmail.com,Furniture,-2,263.11,0.0,Email,US,variant
ORD-001115,2024-06-07,CUST-02896,cust-02896@lumenmail.com,Accessories,4,383.58,0.15,Organic,US,
ORD-001405,2024-06-09,CUST-01094,cust-01094@lumenmail.com,Lighting,1,90.72,0.0,Email,US,control
ORD-007937,2023-08-26,CUST-00484,cust-00484@lumenmail.com,lighting,2,30.31,0.15,Email,CA,control
ORD-003842,2024-05-31,CUST-01423,cust-01423@lumenmail.com,Outdoor,4,181.41,0.2,Email,US,
ORD-005628,2024-04-07,CUST-00480,cust-00480@lumenmail.com,Furniture,3,42.88,0.25,Paid Search,CA,variant
ORD-000591,2024-07-18,CUST-01373,cust-01373@lumenmail.com,Furniture,2,77.72,0.0,Email,US,variant
ORD-000982,2023-10-29,CUST-00882,cust-00882@lumenmail.com,Furniture,3,429.5,0.0,Email,US,
ORD-001128,2024-09-12,,guest@lumenmail.com,Accessories,4,89.9,0.0,Paid Search,US,variant
ORD-000221,2024-07-19,CUST-00867,cust-00867@lumenmail.com,lighting,1,219.71,0.0,Email,UK,variant
ORD-003000,2024-06-22,,guest@lumenmail.com,Lighting,2,70.09,10.0,Email,UK,
ORD-006482,2023-10-07,CUST-00172,cust-00172@lumenmail.com,Furniture,1,53.63,0.15,Paid Search,US,control
ORD-007805,05/10/2023,CUST-00302,cust-00302@lumenmail.com,Lighting,3,22.25,0.0,Paid Search,UK,control
ORD-003503,2023-09-11,CUST-02289,cust-02289@lumenmail.com,Lighting,3,394.55,0.0,Paid Search,US,variant
ORD-000802,2024-04-29,,guest@lumenmail.com,Furniture,1,348.49,0.15,Email,US,
ORD-000214,2023-07-08,CUST-00445,cust-00445@lumenmail.com,Lighting,1,94.06,0.0,Email,US,variant
ORD-009063,2024-04-25,CUST-01085,cust-01085@lumenmail.com,Lighting,1,640.22,0.0,Email,UK,control
ORD-005602,2024-07-23,CUST-00073,cust-00073@lumenmail.com,Furniture,5,361.94,0.0,Email,US,
ORD-006245,2023-09-23,CUST-01609,cust-01609@lumenmail.com,Accessories,1,131.64,0.25,Paid Search,AU,variant
ORD-006559,2024-09-15,CUST-00244,cust-00244@lumenmail.com,Accessoires,6,30.44,0.0,Paid Search,UK,control
ORD-000128,2024-11-07,CUST-01697,cust-01697@lumenmail.com,Lighting,1,121.2,0.0,Social,US,
ORD-005708,2023-10-22,CUST-01505,cust-01505@lumenmail.com,Furniture,3,319.53,0.2,Email,UK,
ORD-002695,2023-12-24,,guest@lumenmail.com,Furniture,5,33.49,0.05,Social,US,
ORD-004972,2024-07-26,CUST-02806,cust-02806@lumenmail.com,Outdoor,2,99.03,0.05,Organic,CA,
ORD-000828,2024-05-02,CUST-02634,cust-02634@lumenmail.com,Lighting,1,277.22,0.0,Email,ZZ,
ORD-000132,2023-07-20,CUST-01733,cust-01733@lumenmail.com,Furniture,1,39.92,0.0,Email,US,variant
ORD-001716,2024-09-15,CUST-00466,cust-00466@lumenmail.com,Décor,7,7.02,0.0,Organic,US,variant
ORD-005212,2024-04-23,CUST-01196,cust-01196@lumenmail.com,Lighting,1,65.48,0.0,Email,CA,variant
ORD-007723,2024-08-25,CUST-02426,cust-02426@lumenmail.com,Lighting,7,47.26,0.05,Paid Search,US,
ORD-004879,18/06/2023,CUST-01242,cust-01242@lumenmail.com,Outdoor,4,47.13,0.15,Paid Search,US,variant
ORD-009590,2024-07-29,CUST-01450,cust-01450@lumenmail.com,Outdoor,2,24.48,10.0,Social,US,variant
ORD-000924,2024-09-21,CUST-01102,cust-01102@lumenmail.com,Lightng,1,33.14,0.05,Paid Search,US,variant
ORD-006520,2024-11-29,CUST-00768,cust-00768@lumenmail.com,Lighting,2,77.08,0.15,Paid Search,UK,control
ORD-002871,2023-08-04,CUST-01841,cust-01841@lumenmail.com,Furniture,3,89.46,0.0,Organic,UK,
ORD-009038,2024-02-19,CUST-01310,cust-01310@lumenmail.com,Accessories,1,23.4,0.0,Organic,US,control
ORD-008573,2024-02-14,CUST-01358,cust-01358@lumenmail.com,Lighting,-5,7.5,0.25,Social,US,
ORD-001009,2024-08-02,,guest@lumenmail.com,Furniture,2,215.5,0.15,Paid Search,AU,
ORD-004070,2024-05-14,CUST-00355,cust-00355@lumenmail.com,Lighting,1,684.09,0.05,Paid Search,US,variant
ORD-003409,29/02/2024,CUST-00327,cust-00327@lumenmail.com,lighting,1,77.8,0.0,Paid Search,US,control
ORD-000036,19/11/2023,CUST-01016,cust-01016@lumenmail.com,Lighting,1,98.85,0.0,Paid Search,US,
ORD-000780,2024-03-02,CUST-00510,cust-00510@lumenmail.com,Décor,7,334.65,0.0,Social,CA,
ORD-000723,2023-09-20,CUST-02378,cust-02378@lumenmail.com,Accessoires,2,8.13,0.05,Social,UK,variant
ORD-006219,2023-11-25,CUST-00252,cust-00252@lumenmail.com,Furniture,2,26.78,0.0,Email,US,control
ORD-005355,2024-08-22,CUST-01276,cust-01276@lumenmail.com,lighting,2,75.57,0.0,Organic,US,control
ORD-008901,2023-11-30,CUST-00739,cust-00739@lumenmail.com,Furniture,2,655.13,0.05,Paid Search,US,control
ORD-009564,2023-09-07,CUST-02454,cust-02454@lumenmail.com,Outdoor,1,16.8,0.1,Paid Search,US,control
ORD-008369,25/07/2023,CUST-02230,cust-02230@lumenmail.com,Lightng,1,34.55,10.0,Email,AU,control
ORD-008040,26/05/2024,CUST-02205,cust-02205@lumenmail.com,Outdoor,1,30.32,0.25,Email,US,
ORD-002778,14/10/2024,CUST-02148,cust-02148@lumenmail.com,Décor,1,41.1,0.0,Organic,US,variant
ORD-005895,2024-09-17,CUST-01414,cust-01414@lumenmail.com,Lightng,3,175.43,0.0,Social,US,variant
ORD-000860,2023-09-27,,guest@lumenmail.com,Outdoor,1,368.81,0.05,Social,US,
ORD-001481,2024-06-23,CUST-01042,cust-01042@lumenmail.com,Lighting,1,84.99,0.1,Organic,US,control
ORD-007370,2023-12-04,CUST-00878,cust-00878@lumenmail.com,Décor,2,105.64,0.15,Organic,US,variant
ORD-007418,2024-04-30,,guest@lumenmail.com,Lighting,1,19.98,0.0,Email,CA,
ORD-007627,2023-08-03,CUST-01346,cust-01346@lumenmail.com,Lighting,2,44.59,0.0,Social,US,
ORD-005030,2023-07-01,CUST-00607,cust-00607@lumenmail.com,Décor,1,143.52,0.05,Email,US,control
ORD-005755,2023-10-03,CUST-02796,cust-02796@lumenmail.com,Furniture,4,55.15,0.0,Email,US,variant
ORD-008973,2023-12-10,CUST-00767,cust-00767@lumenmail.com,Décor,3,44.93,0.0,Paid Search,US,
ORD-003393,2024-04-25,CUST-01847,cust-01847@lumenmail.com,Furniture,3,7.65,0.05,Paid Search,US,variant
ORD-002401,2023-10-08,CUST-01937,cust-01937@lumenmail.com,Furniture,2,72.67,0.1,Email,UK,variant
ORD-000199,2024-08-06,CUST-02468,cust-02468@lumenmail.com,Décor,1,11.29,0.1,Paid Search,AU,variant
ORD-007481,2024-03-27,CUST-02395,cust-02395@lumenmail.com,Furniture,2,150.21,0.0,Social,US,control
ORD-006326,2024-11-14,CUST-02057,cust-02057@lumenmail.com,Furniture,4,69.2,0.1,Social,AU,
ORD-007620,26/07/2024,CUST-02954,cust-02954@lumenmail.com,Lighting,5,8.3,15.0,Social,UK,variant
ORD-007365,2023-12-15,CUST-02895,cust-02895@lumenmail.com,Furniture,1,737.5,0.0,Paid Search,US,control
ORD-002256,2023-07-25,CUST-01940,cust-01940@lumenmail.com,Furniture,1,781.9,0.2,Organic,AU,variant
ORD-002385,2023-08-12,CUST-02097,cust-02097@lumenmail.com,Lighting,1,55.2,0.1,Paid Search,US,
ORD-006371,2024-04-23,CUST-02034,cust-02034@lumenmail.com,Lighting,1,108.67,0.0,Organic,UK,
ORD-009569,2024-05-13,CUST-02261,cust-02261@lumenmail.com,Décor,1,33.54,0.0,Paid Search,CA,variant
ORD-005137,2024-08-14,CUST-02487,cust-02487@lumenmail.com,Furniture,1,47.75,0.05,Paid Search,CA,
ORD-004953,2024-10-02,CUST-00368,cust-00368@lumenmail.com,Outdoor,1,294.98,0.0,Email,US,control
ORD-005787,2024-01-19,CUST-01091,cust-01091@lumenmail.com,Outdoor,2,512.39,0.25,Paid Search,US,
ORD-008768,29/07/2024,CUST-00412,cust-00412@lumenmail.com,Furniture,4,67.81,0.0,Paid Search,US,
ORD-001059,2023-10-09,CUST-02143,cust-02143@lumenmail.com,Furniture,3,93.64,0.2,Social,CA,control
ORD-009114,2024-09-21,CUST-01097,cust-01097@lumenmail.com,Furniture,1,79.33,0.0,Social,AU,variant
ORD-001465,2023-07-01,CUST-01083,cust-01083@lumenmail.com,Lighting,1,95.6,0.0,Organic,US,
ORD-000396,2024-03-10,,guest@lumenmail.com,Furniture,2,39.41,0.0,Organic,US,variant
ORD-008620,23/06/2024,CUST-02310,cust-02310@lumenmail.com,Décor,1,22.87,0.0,Paid Search,US,control
ORD-004237,2024-08-18,CUST-01812,cust-01812@lumenmail.com,Furniture,1,587.26,0.0,Paid Search,CA,variant
ORD-008653,2024-01-30,CUST-00559,cust-00559@lumenmail.com,Outdoor,1,132.81,10.0,Organic,US,control
ORD-008816,2024-09-23,CUST-00301,cust-00301@lumenmail.com,Outdoor,1,5.36,0.0,Organic,US,
ORD-000558,2023-06-15,CUST-02575,cust-02575@lumenmail.com,Décor,2,7.99,0.0,Social,US,
ORD-008084,2023-12-12,CUST-00310,cust-00310@lumenmail.com,Furniture,3,62.64,0.2,Paid Search,US,
ORD-001189,2024-11-29,,guest@lumenmail.com,Décor,5,190.08,0.05,Social,US,control
ORD-009186,2023-08-12,,guest@lumenmail.com,Décor,2,16.41,0.0,Paid Search,US,control
ORD-001712,13/08/2023,CUST-00197,cust-00197@lumenmail.com,Lighting,4,77.12,0.0,Paid Search,US,variant
ORD-009226,2023-11-10,CUST-01931,cust-01931@lumenmail.com,Lighting,2,109.96,0.1,Organic,US,
ORD-001237,11/12/2024,CUST-02070,cust-02070@lumenmail.com,Lighting,1,39.13,0.2,Paid Search,US,variant
ORD-001675,2023-12-06,CUST-01748,cust-01748@lumenmail.com,Lighting,1,92.89,0.05,Email,ZZ,
ORD-002097,2024-09-18,CUST-02876,cust-02876@lumenmail.com,Furniture,1,46.86,0.05,Paid Search,US,variant
ORD-000774,2024-02-13,CUST-02039,cust-02039@lumenmail.com,Décor,1,33.92,0.0,Email,US,
ORD-001071,2024-04-10,CUST-02941,cust-02941@lumenmail.com,Outdoor,4,160.98,0.25,Paid Search,UK,control
ORD-007015,2024-11-27,CUST-00343,cust-00343@lumenmail.com,Lighting,1,34.68,0.0,Email,US,variant
ORD-005259,2024-05-20,CUST-01378,cust-01378@lumenmail.com,Lighting,1,88.95,0.15,Email,UK,control
ORD-005077,2023-06-12,CUST-02688,cust-02688@lumenmail.com,Lighting,1,265.26,0.25,Email,ZZ,variant
ORD-006040,2023-08-13,CUST-01398,cust-01398@lumenmail.com,Furniture,1,49.01,0.2,Organic,US,variant
ORD-006110,2024-11-14,,guest@lumenmail.com,Décor,5,43.36,0.0,Paid Search,ZZ,variant
ORD-007815,2024-03-14,,guest@lumenmail.com,Lighting,1,201.32,0.05,Paid Search,ZZ,
ORD-002392,2024-02-16,CUST-01944,cust-01944@lumenmail.com,Décor,1,99.03,0.0,Email,US,control
ORD-003990,2024-03-21,CUST-00784,cust-00784@lumenmail.com,Outdoor,1,354.29,0.0,Email,US,control
ORD-008844,2024-04-01,CUST-02816,cust-02816@lumenmail.com,Outdoor,1,270.43,0.05,Organic,US,
ORD-007307,2023-11-29,CUST-00864,cust-00864@lumenmail.com,Lighting,2,149.16,0.05,Email,US,
ORD-004463,2024-11-08,CUST-02620,cust-02620@lumenmail.com,Outdoor,5,170.8,0.05,Social,US,variant
ORD-003719,2023-10-03,CUST-02320,cust-02320@lumenmail.com,Décor,1,59.98,0.0,Social,AU,variant
ORD-004576,2024-05-11,CUST-01176,cust-01176@lumenmail.com,Outdoor,5,290.54,0.0,Paid Search,US,
ORD-006544,2024-06-05,,guest@lumenmail.com,Furniture,1,93.97,0.0,Paid Search,UK,variant
ORD-000484,11/07/2024,CUST-02312,cust-02312@lumenmail.com,Furniture,1,74.96,0.0,Organic,US,control
ORD-007948,2024-01-26,CUST-01474,cust-01474@lumenmail.com,Décor,1,39.04,0.0,Paid Search,ZZ,
ORD-000814,2024-01-03,CUST-02351,cust-02351@lumenmail.com,Lighting,2,80.84,0.05,Paid Search,US,
ORD-005170,2024-07-06,CUST-01178,cust-01178@lumenmail.com,Outdoor,2,106.04,0.0,Paid Search,US,variant
ORD-009414,2024-11-23,CUST-01990,cust-01990@lumenmail.com,Furniture,2,42.76,5.0,Email,US,
ORD-003262,2023-09-14,,guest@lumenmail.com,lighting,1,7.95,0.05,Social,US,
ORD-001881,2023-11-06,CUST-01487,cust-01487@lumenmail.com,Furniture,1,74.86,0.0,Email,US,variant
ORD-009479,2024-06-12,CUST-00152,cust-00152@lumenmail.com,Lighting,3,36.58,0.0,Paid Search,US,
ORD-008987,2024-02-01,CUST-01950,cust-01950@lumenmail.com,Décor,2,363.81,0.15,Paid Search,US,
ORD-005940,2024-02-24,CUST-00897,cust-00897@lumenmail.com,Furniture,1,88.39,0.0,Paid Search,UK,
ORD-008720,05/06/2024,CUST-01615,cust-01615@lumenmail.com,Lighting,2,246.84,0.0,Email,US,control
ORD-006630,2024-01-31,CUST-02216,cust-02216@lumenmail.com,Outdoor,1,77.82,0.05,Organic,US,variant
ORD-007775,2024-05-19,CUST-01875,cust-01875@lumenmail.com,Lighting,5,213.29,0.0,Organic,US,control
ORD-008975,2024-08-20,CUST-02517,cust-02517@lumenmail.com,Décor,7,5.61,0.0,Paid Search,US,variant
ORD-002511,2024-06-12,CUST-01601,cust-01601@lumenmail.com,Décor,1,75.33,0.0,Organic,UK,variant
ORD-004075,2024-07-11,CUST-01187,cust-01187@lumenmail.com,Lightng,2,93.66,0.15,Social,US,control
ORD-008766,2023-09-13,CUST-02827,cust-02827@lumenmail.com,Décor,2,305.7,0.1,Email,UK,control
ORD-005547,27/12/2023,CUST-00466,cust-00466@lumenmail.com,Furniture,1,91.17,0.0,Email,US,
ORD-002440,2024-07-11,CUST-01130,cust-01130@lumenmail.com,Outdoor,3,73.07,0.0,Social,US,variant
ORD-002230,2024-02-24,CUST-00587,cust-00587@lumenmail.com,Lighting,2,69.26,0.05,Email,US,variant
ORD-003760,2023-09-18,CUST-01396,cust-01396@lumenmail.com,Lighting,1,66.58,0.0,Social,US,control
ORD-002801,2023-11-29,CUST-00093,cust-00093@lumenmail.com,Outdoor,1,167.87,0.2,Organic,UK,control
ORD-005701,2024-03-06,CUST-01849,cust-01849@lumenmail.com,Furniture,4,49.57,0.0,Paid Search,US,variant
ORD-008148,2024-12-10,CUST-02543,cust-02543@lumenmail.com,Décor,1,172.1,0.0,Paid Search,US,
ORD-001108,2024-09-19,CUST-00547,cust-00547@lumenmail.com,Décor,7,20.54,0.05,,US,variant
ORD-007109,2024-11-20,CUST-02216,cust-02216@lumenmail.com,Accessories,3,69.49,0.0,Organic,US,
ORD-002910,09/10/2024,CUST-00039,cust-00039@lumenmail.com,Furniture,2,127.3,0.0,Email,CA,
ORD-003563,2024-06-05,CUST-01956,cust-01956@lumenmail.com,Furniture,1,33.63,0.1,Social,US,control
ORD-003418,2024-06-19,CUST-00785,cust-00785@lumenmail.com,Décor,3,37.62,0.2,Organic,US,
ORD-003566,2024-11-30,CUST-02800,cust-02800@lumenmail.com,Lighting,1,10.13,0.0,Paid Search,CA,
ORD-004777,2024-08-21,CUST-01150,cust-01150@lumenmail.com,Décor,4,64.93,0.05,Email,US,
ORD-002763,2024-07-03,CUST-00042,cust-00042@lumenmail.com,Décor,4,47.05,0.0,Social,US,
ORD-003105,2024-10-14,CUST-00413,cust-00413@lumenmail.com,Furniture,2,97.59,0.0,Paid Search,US,
ORD-001323,2024-03-20,CUST-00926,cust-00926@lumenmail.com,Furniture,5,41.83,0.0,Social,US,variant
ORD-009003,2024-12-01,CUST-01702,cust-01702@lumenmail.com,Lighting,2,381.47,0.0,Organic,US,
ORD-005865,2023-11-11,,guest@lumenmail.com,Décor,3,42.91,0.0,Paid Search,ZZ,variant
ORD-003344,2024-11-26,CUST-00025,cust-00025@lumenmail.com,Lightng,6,66.23,5.0,Email,CA,
ORD-005796,29/10/2023,CUST-00201,cust-00201@lumenmail.com,Lighting,1,25.17,0.0,Paid Search,US,
ORD-001671,2024-10-01,CUST-02619,cust-02619@lumenmail.com,Outdoor,1,50.77,0.05,Paid Search,CA,
ORD-006854,2024-01-02,CUST-02196,cust-02196@lumenmail.com,Outdoor,4,65.66,0.0,Paid Search,US,variant
ORD-006336,28/09/2023,CUST-02548,cust-02548@lumenmail.com,Décor,3,9.83,0.05,Organic,US,variant
ORD-008103,14/04/2024,CUST-00040,cust-00040@lumenmail.com,Lighting,3,31.62,0.05,Email,UK,
ORD-005604,2024-02-12,CUST-00921,cust-00921@lumenmail.com,Accessoires,1,26.99,0.0,Paid Search,US,control
ORD-004704,2023-09-02,CUST-01904,cust-01904@lumenmail.com,Outdoor,1,300.9,0.05,Email,CA,variant
ORD-005158,2024-03-16,CUST-01727,cust-01727@lumenmail.com,Furniture,2,472.28,5.0,Paid Search,US,control
ORD-002016,2024-05-28,CUST-00452,cust-00452@lumenmail.com,Outdoor,1,102.54,0.1,Paid Search,US,
ORD-007274,2023-08-18,,guest@lumenmail.com,Furniture,2,173.16,0.0,Paid Search,UK,control
ORD-009570,2024-11-21,CUST-01669,cust-01669@lumenmail.com,Lighting,2,70.45,0.0,Email,UK,
ORD-004522,2024-05-02,CUST-02861,cust-02861@lumenmail.com,Lighting,-2,26.83,0.05,Paid Search,US,
ORD-001837,2024-08-05,CUST-00070,cust-00070@lumenmail.com,Accessories,2,26.16,0.0,Paid Search,US,variant
ORD-000730,2024-07-05,,guest@lumenmail.com,Lighting,1,124.05,0.05,Paid Search,US,variant
ORD-007718,2024-05-09,,guest@lumenmail.com,Décor,3,293.42,0.25,Email,US,variant
ORD-001991,2024-08-09,CUST-01531,cust-01531@lumenmail.com,Décor,5,43.72,0.0,,AU,control
ORD-003046,2024-11-20,CUST-00976,cust-00976@lumenmail.com,Furniture,3,351.83,0.0,Email,US,control
ORD-009506,2024-07-09,CUST-02319,cust-02319@lumenmail.com,Lighting,3,163.07,0.1,Paid Search,US,control
ORD-001636,2023-08-27,CUST-01720,cust-01720@lumenmail.com,Lighting,2,188.32,0.0,,US,variant
ORD-008625,2023-09-11,CUST-01908,cust-01908@lumenmail.com,Décor,1,552.96,0.0,Organic,US,control
ORD-004213,2024-01-07,CUST-00898,cust-00898@lumenmail.com,Décor,4,292.06,0.2,Organic,US,variant
ORD-003498,2024-02-06,CUST-01302,cust-01302@lumenmail.com,Furniture,1,15.88,0.05,Social,US,variant
ORD-002467,14/07/2023,CUST-00849,cust-00849@lumenmail.com,Décor,2,47.22,0.0,Paid Search,US,variant
ORD-008004,2023-09-24,CUST-02284,cust-02284@lumenmail.com,Furniture,1,335.73,0.05,Social,US,variant
ORD-005396,2023-06-24,CUST-00461,cust-00461@lumenmail.com,Lighting,1,30.38,0.0,,UK,control
ORD-004241,2024-04-25,CUST-01733,cust-01733@lumenmail.com,Lightng,3,24.79,0.2,Social,US,
ORD-004069,17/11/2024,CUST-02156,cust-02156@lumenmail.com,Décor,1,368.82,0.0,Email,US,control
ORD-006416,2023-06-21,CUST-01030,cust-01030@lumenmail.com,Accessories,2,190.67,0.0,Paid Search,UK,
ORD-004673,2023-09-05,CUST-00980,cust-00980@lumenmail.com,Accessories,2,72.42,0.2,Paid Search,US,variant
ORD-002598,2024-04-17,CUST-02887,cust-02887@lumenmail.com,Furniture,1,82.86,0.2,Organic,AU,
ORD-001990,2024-12-29,CUST-01411,cust-01411@lumenmail.com,Outdoor,1,16.68,0.0,Paid Search,UK,
ORD-004677,2023-06-28,CUST-01140,cust-01140@lumenmail.com,Lighting,1,114.76,0.0,Email,CA,control
ORD-009548,2024-11-30,CUST-01833,cust-01833@lumenmail.com,Lighting,6,84.21,0.0,Email,CA,control
ORD-001812,2023-08-23,CUST-01067,cust-01067@lumenmail.com,Furniture,4,152.45,0.2,Email,ZZ,
ORD-007439,2023-11-22,CUST-01333,cust-01333@lumenmail.com,Accessories,1,68.1,0.0,Organic,UK,
ORD-007252,2024-08-06,CUST-01662,cust-01662@lumenmail.com,Furniture,1,233.66,0.25,Organic,US,
ORD-005739,2024-05-03,CUST-02032,cust-02032@lumenmail.com,Furniture,1,85.29,0.1,Email,CA,variant
ORD-000936,2024-10-13,CUST-02938,cust-02938@lumenmail.com,Décor,7,726.69,0.15,Email,US,
ORD-004927,23/07/2024,CUST-01822,cust-01822@lumenmail.com,Lighting,2,59.38,0.0,Paid Search,UK,variant
ORD-002768,2024-04-20,CUST-02876,cust-02876@lumenmail.com,Décor,1,320.43,0.1,Social,UK,control
ORD-000781,2024-06-12,CUST-00547,cust-00547@lumenmail.com,Lighting,1,113.22,5.0,Paid Search,US,variant
ORD-007689,07/09/2024,CUST-00156,cust-00156@lumenmail.com,Lighting,1,190.73,0.0,Social,US,control
ORD-004176,03/06/2024,CUST-02362,cust-02362@lumenmail.com,Lighting,2,45.29,10.0,Organic,US,variant
ORD-002637,2023-10-01,CUST-00800,cust-00800@lumenmail.com,Lighting,4,67.21,0.05,Paid Search,US,variant
ORD-007734,2023-09-14,CUST-00447,cust-00447@lumenmail.com,Outdoor,4,39.86,0.0,Organic,US,control
ORD-008697,2024-05-05,CUST-02486,cust-02486@lumenmail.com,Lighting,1,244.02,0.05,Email,US,
ORD-003132,2024-12-29,CUST-00897,cust-00897@lumenmail.com,Lighting,3,101.8,0.0,,US,
ORD-003019,2024-08-26,CUST-02784,cust-02784@lumenmail.com,Décor,1,160.03,0.25,Email,CA,control
ORD-009503,2024-01-03,CUST-00471,cust-00471@lumenmail.com,Décor,1,127.27,0.0,Paid Search,US,variant
ORD-000796,24/07/2024,CUST-02512,cust-02512@lumenmail.com,Décor,3,169.06,0.15,Email,US,
ORD-007874,2024-04-20,CUST-02700,cust-02700@lumenmail.com,Furniture,4,44.38,0.05,Paid Search,US,variant
ORD-000168,2024-02-23,CUST-02225,cust-02225@lumenmail.com,Accessories,1,399.52,0.1,Email,US,variant
ORD-003362,07/08/2024,CUST-00101,cust-00101@lumenmail.com,Furniture,1,22.79,10.0,Organic,US,control
ORD-005663,2023-08-11,CUST-01555,cust-01555@lumenmail.com,Décor,2,270.46,0.0,Paid Search,US,
ORD-007604,2024-06-02,CUST-02723,cust-02723@lumenmail.com,Furniture,1,65.76,15.0,Organic,US,
ORD-005695,2023-12-26,CUST-00599,cust-00599@lumenmail.com,Décor,3,94.34,0.15,Organic,CA,
ORD-005111,2023-08-17,CUST-00180,cust-00180@lumenmail.com,Outdoor,2,54.98,0.0,Organic,ZZ,control
ORD-008912,2024-03-08,CUST-02567,cust-02567@lumenmail.com,Décor,1,7.9,0.1,Email,US,control
ORD-001912,2024-02-22,,guest@lumenmail.com,Lighting,1,118.36,0.2,Email,CA,
ORD-006485,2024-02-23,CUST-02085,cust-02085@lumenmail.com,Accessories,1,95.84,0.0,Paid Search,US,
ORD-004760,06/02/2024,,guest@lumenmail.com,Outdoor,5,91.68,0.05,Paid Search,CA,
ORD-003445,23/11/2023,CUST-01836,cust-01836@lumenmail.com,Lighting,1,34.67,0.05,Email,US,control
ORD-009144,16/08/2024,CUST-00398,cust-00398@lumenmail.com,Lighting,1,223.87,0.15,Social,ZZ,variant
ORD-009431,09/12/2024,CUST-02457,cust-02457@lumenmail.com,Furniture,3,109.3,0.0,Social,AU,
ORD-004884,2024-05-31,CUST-01014,cust-01014@lumenmail.com,Furniture,2,304.61,0.05,Email,US,
ORD-005072,11/04/2024,CUST-00750,cust-00750@lumenmail.com,Furniture,1,20.47,5.0,Email,US,
ORD-009195,2024-07-07,CUST-00303,cust-00303@lumenmail.com,Outdoor,1,7.39,10.0,Paid Search,CA,
ORD-004271,2024-05-03,CUST-01659,cust-01659@lumenmail.com,Décor,1,194.59,0.0,Paid Search,US,
ORD-005162,2023-07-22,CUST-00398,cust-00398@lumenmail.com,Furniture,1,236.97,0.0,Email,US,control
ORD-009069,17/10/2023,CUST-02888,cust-02888@lumenmail.com,Lighting,1,30.07,0.1,Paid Search,US,variant
ORD-002009,,CUST-01776,cust-01776@lumenmail.com,Décor,1,92.73,0.0,Paid Search,US,
ORD-001907,2024-05-08,CUST-00262,cust-00262@lumenmail.com,Lighting,3,103.51,0.0,Social,US,
ORD-001601,2023-12-08,CUST-00738,cust-00738@lumenmail.com,Accessories,2,321.07,0.1,Social,US,control
ORD-004987,2024-02-25,CUST-01957,cust-01957@lumenmail.com,Lighting,2,140.18,0.0,Paid Search,CA,
ORD-007081,11/07/2023,CUST-00331,cust-00331@lumenmail.com,Lighting,1,74.25,0.05,Social,UK,
ORD-006386,04/06/2024,CUST-02639,cust-02639@lumenmail.com,Furniture,2,72.53,0.05,Paid Search,US,
ORD-006554,2023-12-30,CUST-00420,cust-00420@lumenmail.com,Décor,1,92.72,10.0,Paid Search,US,control
ORD-002643,2023-10-23,CUST-02132,cust-02132@lumenmail.com,Lighting,1,191.86,0.25,Paid Search,US,control
ORD-006753,31/08/2023,,guest@lumenmail.com,Lighting,3,24.23,0.2,Email,UK,control
ORD-003239,,CUST-00511,cust-00511@lumenmail.com,Lighting,1,65.8,0.05,Paid Search,CA,
ORD-005394,2024-06-23,CUST-01843,cust-01843@lumenmail.com,Furniture,2,102.53,0.1,Email,US,control
ORD-008384,2023-08-21,CUST-00221,cust-00221@lumenmail.com,Accessories,-2,171.93,0.05,Social,US,variant
ORD-004912,2023-08-30,CUST-02383,cust-02383@lumenmail.com,Furniture,1,6.23,0.1,Paid Search,UK,control
ORD-004035,2023-09-04,CUST-01138,cust-01138@lumenmail.com,Outdoor,3,117.59,0.1,Paid Search,CA,control
ORD-007882,2023-06-18,,guest@lumenmail.com,Furniture,1,32.3,0.0,Email,CA,
ORD-007921,2023-09-01,CUST-00646,cust-00646@lumenmail.com,Décor,1,256.83,0.0,Paid Search,US,variant
ORD-004503,2024-08-15,CUST-02827,cust-02827@lumenmail.com,Furniture,1,101.57,0.05,Email,US,
ORD-001639,2024-05-18,CUST-01652,cust-01652@lumenmail.com,Lighting,2,143.78,15.0,Social,CA,control
ORD-007522,2024-06-05,CUST-01796,cust-01796@lumenmail.com,Décor,1,21.61,0.2,Paid Search,AU,variant
ORD-006609,2024-12-08,CUST-02545,cust-02545@lumenmail.com,Lighting,1,37.89,0.1,Email,ZZ,variant
ORD-003165,2024-03-01,CUST-00203,cust-00203@lumenmail.com,Lighting,1,80.49,0.05,Organic,US,
ORD-005918,2023-08-15,CUST-00632,cust-00632@lumenmail.com,Décor,1,175.46,0.0,Email,CA,control
ORD-002901,2023-10-12,CUST-00772,cust-00772@lumenmail.com,Accessories,2,199.79,0.0,Paid Search,UK,
ORD-000503,17/09/2023,CUST-01622,cust-01622@lumenmail.com,Outdoor,1,35.11,0.0,Email,UK,
ORD-006390,2023-08-01,CUST-01171,cust-01171@lumenmail.com,Outdoor,5,157.96,0.0,Paid Search,US,control
ORD-008599,2024-02-07,CUST-01322,cust-01322@lumenmail.com,Lighting,3,47.59,0.0,Paid Search,UK,
ORD-009306,2024-05-06,CUST-02433,cust-02433@lumenmail.com,Décor,1,64.04,0.0,Email,UK,
ORD-001288,26/09/2023,CUST-01126,cust-01126@lumenmail.com,Accessories,2,28.44,0.0,Email,US,control
ORD-006094,2024-07-13,CUST-01546,cust-01546@lumenmail.com,Lightng,2,82.99,0.0,Email,CA,
ORD-000694,2023-09-03,CUST-02125,cust-02125@lumenmail.com,Outdoor,3,210.27,0.05,Email,US,control
ORD-007331,2023-06-28,CUST-02256,cust-02256@lumenmail.com,Décor,1,33.86,0.05,Organic,CA,variant
ORD-001505,2023-10-28,CUST-02036,cust-02036@lumenmail.com,Lighting,1,714.4,0.0,Paid Search,US,variant
ORD-003148,2023-11-26,CUST-01090,cust-01090@lumenmail.com,Décor,1,33.61,0.0,Social,CA,
ORD-007935,2023-12-21,CUST-02602,cust-02602@lumenmail.com,Furniture,4,76.61,25.0,Email,US,
ORD-006050,2024-11-18,CUST-02829,cust-02829@lumenmail.com,Lightng,1,45.01,0.1,Email,US,variant
ORD-009560,2024-03-13,CUST-02219,cust-02219@lumenmail.com,Accessories,5,537.07,0.2,Social,US,control
ORD-003926,2023-09-21,,guest@lumenmail.com,Lighting,2,64.91,5.0,Organic,US,control
ORD-006968,2023-09-19,CUST-02612,cust-02612@lumenmail.com,Décor,1,24.32,0.0,,US,
ORD-006313,2023-10-07,CUST-01973,cust-01973@lumenmail.com,Lighting,1,24.59,0.05,Email,US,
ORD-004663,2024-08-11,CUST-02216,cust-02216@lumenmail.com,Furniture,1,80.72,0.1,Paid Search,US,
ORD-002389,2024-07-10,CUST-02680,cust-02680@lumenmail.com,Décor,-1,155.11,0.05,Paid Search,US,
ORD-003525,2024-10-14,CUST-02343,cust-02343@lumenmail.com,Lighting,2,26.74,0.0,Email,US,control
ORD-005636,2024-09-16,CUST-00312,cust-00312@lumenmail.com,Décor,2,155.82,0.0,Paid Search,US,variant
ORD-004227,2023-12-23,CUST-01970,cust-01970@lumenmail.com,Furniture,4,73.47,0.05,Paid Search,UK,
ORD-001629,09/09/2024,CUST-00677,cust-00677@lumenmail.com,Furniture,3,343.26,0.05,Organic,US,
ORD-008658,2024-11-08,CUST-02719,cust-02719@lumenmail.com,Décor,1,30.61,0.0,Paid Search,US,control
ORD-002011,2023-06-16,,guest@lumenmail.com,Furniture,3,34.01,0.0,Paid Search,US,
ORD-004380,2024-03-08,CUST-00696,cust-00696@lumenmail.com,Outdoor,1,230.24,0.0,Paid Search,CA,variant
ORD-009399,2023-07-16,CUST-00097,cust-00097@lumenmail.com,Lighting,1,22.72,0.15,Organic,US,control
ORD-003861,2024-02-11,CUST-01590,cust-01590@lumenmail.com,Accessories,1,26.34,0.1,Email,US,variant
ORD-001774,2024-03-18,CUST-01435,cust-01435@lumenmail.com,Décor,3,288.59,0.1,Email,US,
ORD-001698,2024-05-28,CUST-02084,cust-02084@lumenmail.com,Décor,1,47.55,0.1,Email,US,
ORD-002103,2024-04-09,CUST-01944,cust-01944@lumenmail.com,Décor,1,570.6,0.05,Paid Search,CA,variant
ORD-001510,2024-05-12,CUST-01714,cust-01714@lumenmail.com,Lighting,1,166.15,0.05,Email,US,variant
ORD-006679,2024-02-08,CUST-02380,cust-02380@lumenmail.com,Furniture,2,174.49,0.05,Social,US,variant
ORD-003140,2024-08-12,CUST-01455,cust-01455@lumenmail.com,Accessories,2,130.07,0.0,Paid Search,UK,variant
ORD-008195,2024-09-09,CUST-00778,cust-00778@lumenmail.com,Lighting,1,164.82,0.25,Paid Search,UK,variant
ORD-008641,2024-07-29,CUST-01148,cust-01148@lumenmail.com,Outdoor,2,63.78,0.15,Paid Search,US,
ORD-005319,2023-12-23,CUST-02512,cust-02512@lumenmail.com,Lighting,1,338.39,0.25,Paid Search,US,control
ORD-004883,2023-12-06,,guest@lumenmail.com,Décor,1,115.99,0.0,Organic,CA,
ORD-004184,07/09/2023,CUST-02190,cust-02190@lumenmail.com,Lighting,2,330.83,5.0,Email,US,
ORD-005549,2024-06-18,CUST-01841,cust-01841@lumenmail.com,Décor,3,33.52,0.0,Paid Search,CA,variant
ORD-006814,23/08/2024,CUST-02785,cust-02785@lumenmail.com,Lighting,4,187.16,0.2,Email,UK,control
ORD-001820,2024-11-07,CUST-01506,cust-01506@lumenmail.com,Lighting,1,72.19,0.0,Social,CA,variant
ORD-000997,2024-05-23,CUST-02278,cust-02278@lumenmail.com,Lighting,3,159.78,0.0,Paid Search,US,
ORD-009082,2023-10-28,CUST-02203,cust-02203@lumenmail.com,Décor,5,366.4,0.15,Paid Search,US,control
ORD-000207,2023-11-04,CUST-01864,cust-01864@lumenmail.com,Lighting,1,29.31,0.0,Email,US,control
ORD-002284,2024-02-06,CUST-00351,cust-00351@lumenmail.com,Lighting,2,18.19,0.0,Organic,US,variant
ORD-005118,30/07/2023,CUST-00943,cust-00943@lumenmail.com,Décor,4,49.07,0.1,Email,US,control
ORD-007777,2024-09-28,CUST-01449,cust-01449@lumenmail.com,Accessories,1,94.31,0.0,Email,US,
ORD-003943,2024-09-01,CUST-01613,cust-01613@lumenmail.com,Décor,3,167.07,0.05,Paid Search,UK,control
ORD-009221,03/01/2024,CUST-01381,cust-01381@lumenmail.com,Lighting,1,347.73,0.0,Email,AU,
ORD-001621,2024-10-15,CUST-02828,cust-02828@lumenmail.com,Furniture,4,64.67,0.05,Email,US,variant
ORD-002198,2023-10-29,CUST-00846,cust-00846@lumenmail.com,Furniture,3,55.96,0.25,Email,US,
ORD-003487,18/01/2024,,guest@lumenmail.com,Lighting,4,139.63,0.0,Email,US,variant
ORD-006964,,CUST-01181,cust-01181@lumenmail.com,Furniture,1,43.56,0.0,Email,US,variant
ORD-003985,2024-04-04,CUST-02393,cust-02393@lumenmail.com,Lighting,2,158.28,0.25,Organic,US,
ORD-008294,2023-09-20,CUST-01606,cust-01606@lumenmail.com,Accessories,1,162.38,0.0,Paid Search,US,
ORD-007460,2024-11-17,CUST-01449,cust-01449@lumenmail.com,Lightng,1,181.25,0.0,Social,AU,control
ORD-003235,2024-06-03,CUST-02553,cust-02553@lumenmail.com,Lighting,2,108.84,0.0,Organic,UK,variant
ORD-005684,2023-10-23,CUST-00872,cust-00872@lumenmail.com,Décor,2,295.83,0.0,Paid Search,US,
ORD-005581,05/01/2024,CUST-02457,cust-02457@lumenmail.com,Lighting,1,65.36,0.0,Social,US,variant
ORD-002517,03/09/2024,,guest@lumenmail.com,Décor,7,79.08,0.05,Social,US,
ORD-005418,2024-06-10,CUST-00984,cust-00984@lumenmail.com,Accessories,2,35.5,0.05,Organic,CA,
ORD-006618,10/04/2024,CUST-02068,cust-02068@lumenmail.com,Lighting,-1,137.37,0.15,Email,US,
ORD-005386,2024-11-29,CUST-01562,cust-01562@lumenmail.com,Lighting,2,779.43,0.25,Email,US,variant
ORD-007194,2024-01-30,CUST-02482,cust-02482@lumenmail.com,Outdoor,2,13.59,0.0,Social,CA,control
ORD-006790,2024-07-26,CUST-00782,cust-00782@lumenmail.com,Furniture,2,47.2,0.05,Email,US,variant
ORD-004471,2024-03-08,CUST-02542,cust-02542@lumenmail.com,Outdoor,7,38.18,0.0,Paid Search,US,
ORD-006484,2024-04-04,CUST-02729,cust-02729@lumenmail.com,Lighting,1,677.48,0.0,Organic,US,
ORD-002414,2024-06-27,CUST-01746,cust-01746@lumenmail.com,Furniture,1,49.77,0.05,Organic,US,
ORD-002943,2023-07-21,CUST-02832,cust-02832@lumenmail.com,Lighting,1,0.0,0.0,Paid Search,US,
ORD-003221,2023-07-15,CUST-01402,cust-01402@lumenmail.com,Furniture,1,42.03,0.05,Paid Search,US,variant
ORD-008018,06/06/2023,CUST-01131,cust-01131@lumenmail.com,Outdoor,1,55.29,15.0,Paid Search,AU,
ORD-009510,2024-04-27,CUST-00117,cust-00117@lumenmail.com,Lighting,1,314.33,0.0,Social,US,control
ORD-004741,2024-11-15,,guest@lumenmail.com,Outdoor,2,94.66,0.0,Paid Search,US,control
ORD-003242,2024-02-21,CUST-01244,cust-01244@lumenmail.com,Lighting,2,44.1,0.0,Email,CA,control
ORD-001033,2023-11-05,CUST-01777,cust-01777@lumenmail.com,Furniture,2,50.55,0.25,Paid Search,UK,control
ORD-007704,2023-08-14,CUST-01241,cust-01241@lumenmail.com,Lighting,3,209.76,0.0,Paid Search,UK,
ORD-007794,26/05/2024,CUST-00868,cust-00868@lumenmail.com,Lighting,-1,28.58,0.0,Email,US,
ORD-004049,02/01/2024,CUST-02913,cust-02913@lumenmail.com,Lighting,2,156.96,0.05,Email,US,
ORD-007348,2023-06-30,CUST-02066,cust-02066@lumenmail.com,Lighting,2,51.31,0.0,Organic,US,control
ORD-002351,2024-07-14,CUST-00519,cust-00519@lumenmail.com,Lighting,4,26.1,0.0,Email,US,variant
ORD-006991,2024-06-17,CUST-02174,cust-02174@lumenmail.com,Lighting,2,5.65,0.2,Email,US,
ORD-000835,2023-06-22,CUST-01433,cust-01433@lumenmail.com,Lighting,3,6.85,0.25,Organic,AU,control
ORD-005292,2024-09-25,CUST-02853,cust-02853@lumenmail.com,Décor,1,45.25,0.0,Email,US,variant
ORD-004831,2024-08-25,CUST-02474,cust-02474@lumenmail.com,Lightng,4,110.71,0.15,Organic,US,
ORD-007011,2023-06-06,CUST-02459,cust-02459@lumenmail.com,Accessories,2,45.93,0.0,Organic,US,variant
ORD-001853,2024-02-29,CUST-02953,cust-02953@lumenmail.com,Décor,-2,161.51,0.0,Social,AU,
ORD-006337,2024-05-11,CUST-01525,cust-01525@lumenmail.com,Furniture,3,134.35,0.0,Email,US,
ORD-005129,2024-04-05,,guest@lumenmail.com,Outdoor,6,9.53,0.0,Organic,US,variant
ORD-008070,2024-06-07,CUST-02038,cust-02038@lumenmail.com,Accessories,1,154.82,5.0,Email,US,control
ORD-007980,2024-03-28,CUST-00659,cust-00659@lumenmail.com,Furniture,-2,38.85,0.2,Paid Search,AU,variant
ORD-003953,2024-10-29,CUST-01407,cust-01407@lumenmail.com,Lighting,2,237.56,0.1,Paid Search,ZZ,
ORD-008556,2024-10-04,CUST-00958,cust-00958@lumenmail.com,Lighting,2,105.9,0.05,Social,CA,control
ORD-006919,2024-01-24,CUST-00020,cust-00020@lumenmail.com,Accessories,3,38.36,0.1,Paid Search,US,control
ORD-007849,2024-07-15,CUST-00831,cust-00831@lumenmail.com,Furniture,2,44.42,0.0,Paid Search,US,variant
ORD-005498,25/06/2023,CUST-01543,cust-01543@lumenmail.com,Accessories,1,91.22,0.0,Email,UK,variant
ORD-008690,17/10/2023,CUST-02271,cust-02271@lumenmail.com,Furniture,-1,67.03,0.0,Paid Search,UK,control
ORD-006138,2024-05-29,CUST-00254,cust-00254@lumenmail.com,Décor,1,114.23,0.0,Social,ZZ,variant
ORD-008494,2023-10-08,CUST-02960,cust-02960@lumenmail.com,Furniture,1,343.35,0.0,Paid Search,US,
ORD-004411,2024-06-06,CUST-02029,cust-02029@lumenmail.com,Outdoor,3,158.21,0.05,Organic,US,
ORD-005260,2024-12-14,CUST-02490,cust-02490@lumenmail.com,Furniture,1,186.97,0.1,Organic,CA,
ORD-003511,28/07/2024,CUST-00314,cust-00314@lumenmail.com,Accessories,1,64.89,0.1,Organic,CA,control
ORD-001936,2024-07-06,CUST-01725,cust-01725@lumenmail.com,Furniture,1,49.38,0.05,Email,US,
ORD-008191,2024-08-30,CUST-01010,cust-01010@lumenmail.com,Outdoor,3,17.57,0.0,Email,US,
ORD-003507,2024-07-30,CUST-02553,cust-02553@lumenmail.com,Lighting,1,78.95,0.05,Paid Search,US,
ORD-002337,2024-04-21,CUST-00819,cust-00819@lumenmail.com,Décor,1,86.48,20.0,Paid Search,CA,variant
ORD-000898,2023-12-05,CUST-01758,cust-01758@lumenmail.com,Outdoor,2,57.97,0.0,Email,US,
ORD-001550,27/12/2023,CUST-01136,cust-01136@lumenmail.com,Furniture,1,307.22,0.0,Email,US,
ORD-002989,2024-04-22,CUST-02047,cust-02047@lumenmail.com,Furniture,-7,210.87,0.0,Organic,US,
ORD-000247,2024-07-01,CUST-01504,cust-01504@lumenmail.com,Décor,2,51.15,0.0,Organic,US,
ORD-008037,2024-06-03,CUST-02627,cust-02627@lumenmail.com,Décor,3,80.08,0.0,Paid Search,US,control
ORD-002453,2023-07-22,CUST-00768,cust-00768@lumenmail.com,Lighting,1,173.48,0.1,Social,AU,
ORD-003818,16/10/2023,CUST-02371,cust-02371@lumenmail.com,Décor,5,76.66,0.0,Organic,US,variant
ORD-000067,2024-04-03,CUST-01263,cust-01263@lumenmail.com,Outdoor,1,720.88,0.15,Paid Search,UK,
ORD-007275,2023-12-05,CUST-02516,cust-02516@lumenmail.com,Décor,3,9.26,0.0,,US,control
ORD-004466,2024-03-06,CUST-02386,cust-02386@lumenmail.com,Furniture,2,39.5,0.05,Organic,US,
ORD-005522,2023-08-30,CUST-01878,cust-01878@lumenmail.com,Accessories,1,358.06,0.1,Email,US,
ORD-003679,2023-11-10,CUST-00174,cust-00174@lumenmail.com,Furniture,1,75.73,0.15,Social,US,control
ORD-004866,2024-07-08,CUST-00179,cust-00179@lumenmail.com,Furniture,1,337.94,10.0,Paid Search,US,control
ORD-001060,2023-12-17,CUST-00565,cust-00565@lumenmail.com,Lighting,3,35.24,0.0,Paid Search,AU,control
ORD-007524,2023-12-04,CUST-01731,cust-01731@lumenmail.com,Furniture,1,94.85,0.1,Email,US,variant
ORD-006593,2024-03-14,CUST-01543,cust-01543@lumenmail.com,Décor,-1,11.12,0.0,Organic,CA,control
ORD-009158,2023-11-26,CUST-01702,cust-01702@lumenmail.com,Outdoor,1,780.56,0.15,Email,US,variant
ORD-007708,2024-04-27,CUST-02048,cust-02048@lumenmail.com,Furniture,2,120.54,0.0,Email,US,
ORD-003653,2024-06-15,CUST-02188,cust-02188@lumenmail.com,Accessories,2,21.57,0.15,Organic,US,
ORD-003438,2023-10-10,CUST-01534,cust-01534@lumenmail.com,Lighting,1,20.45,0.0,Email,US,
ORD-002868,2024-07-19,CUST-00173,cust-00173@lumenmail.com,Outdoor,2,233.35,0.0,Social,US,variant
ORD-001632,2023-10-10,CUST-02448,cust-02448@lumenmail.com,Lighting,2,168.47,0.1,,US,
ORD-004571,2023-12-04,CUST-00782,cust-00782@lumenmail.com,Accessories,1,88.8,0.0,Email,US,
ORD-005878,2024-10-02,CUST-01086,cust-01086@lumenmail.com,Furniture,1,99.6,0.0,Paid Search,CA,control
ORD-004472,2023-11-05,CUST-01159,cust-01159@lumenmail.com,Lightng,1,83.39,0.0,Email,AU,variant
ORD-003752,2023-10-14,CUST-00925,cust-00925@lumenmail.com,Lighting,1,113.28,0.0,Paid Search,US,variant
ORD-003957,2024-06-05,CUST-00683,cust-00683@lumenmail.com,Lighting,4,40.73,5.0,,US,control
ORD-000234,11/01/2024,CUST-01941,cust-01941@lumenmail.com,Lighting,3,64.9,0.0,Paid Search,US,
ORD-009311,2024-06-05,CUST-02875,cust-02875@lumenmail.com,Accessories,6,70.45,0.05,Email,US,control
ORD-006459,2023-06-23,CUST-02032,cust-02032@lumenmail.com,Outdoor,1,15.25,0.0,Paid Search,US,control
ORD-002560,2023-10-24,CUST-01840,cust-01840@lumenmail.com,Lighting,7,13.27,0.0,Email,US,
ORD-006300,2023-11-06,CUST-00885,cust-00885@lumenmail.com,Outdoor,5,21.15,0.25,Paid Search,US,control
ORD-004138,16/06/2024,,guest@lumenmail.com,Furniture,2,30.41,0.15,Paid Search,US,control
ORD-000937,2023-10-02,CUST-01211,cust-01211@lumenmail.com,Furniture,1,93.45,0.05,Paid Search,US,
ORD-006977,2024-10-21,CUST-00978,cust-00978@lumenmail.com,Accessories,3,316.47,0.0,Social,US,
ORD-001651,2024-06-30,CUST-00528,cust-00528@lumenmail.com,Décor,1,90.02,0.0,Organic,ZZ,
ORD-002849,29/09/2023,CUST-01278,cust-01278@lumenmail.com,Furniture,1,74.55,0.0,Email,US,variant
ORD-008075,2023-11-02,CUST-00938,cust-00938@lumenmail.com,Lighting,1,96.72,5.0,Paid Search,US,control
ORD-008304,2023-12-07,CUST-01335,cust-01335@lumenmail.com,Furniture,2,95.77,0.0,Paid Search,US,
ORD-006971,12/06/2024,CUST-02616,cust-02616@lumenmail.com,Décor,1,26.09,0.0,Social,US,variant
ORD-006802,2024-01-28,CUST-02457,cust-02457@lumenmail.com,Lighting,2,298.53,0.0,Email,CA,control
ORD-000507,2024-04-02,CUST-01823,cust-01823@lumenmail.com,Lighting,1,260.0,0.05,Email,US,control
ORD-007748,2024-03-09,CUST-01522,cust-01522@lumenmail.com,Lighting,5,187.09,0.1,Organic,AU,variant
ORD-008897,2024-12-20,CUST-01082,cust-01082@lumenmail.com,Décor,6,128.66,0.0,Email,US,variant
ORD-006708,26/01/2024,CUST-01860,cust-01860@lumenmail.com,Décor,2,147.01,0.0,Email,US,variant
ORD-008966,2024-04-29,CUST-02390,cust-02390@lumenmail.com,Décor,3,77.62,0.15,Paid Search,US,
ORD-002965,2023-12-01,CUST-01537,cust-01537@lumenmail.com,Décor,2,65.18,0.05,Email,US,
ORD-006385,2024-09-04,CUST-02149,cust-02149@lumenmail.com,Lighting,4,168.57,0.0,Email,US,
ORD-000738,2023-06-16,,guest@lumenmail.com,Décor,3,101.11,0.0,Organic,CA,
ORD-002143,2023-07-04,CUST-01376,cust-01376@lumenmail.com,Lighting,2,45.73,0.0,Organic,US,
ORD-000138,2024-08-09,CUST-02156,cust-02156@lumenmail.com,Lighting,1,61.53,0.05,Email,CA,variant
ORD-007226,2023-06-09,CUST-01933,cust-01933@lumenmail.com,Accessories,1,356.61,0.1,Email,US,
ORD-000610,2024-10-09,CUST-01740,cust-01740@lumenmail.com,Lighting,7,222.19,0.1,Email,US,control
ORD-006241,2024-03-26,CUST-01876,cust-01876@lumenmail.com,Décor,2,285.25,0.0,Paid Search,US,control
ORD-008544,2024-11-27,CUST-01063,cust-01063@lumenmail.com,Furniture,1,18.98,0.0,Paid Search,UK,control
ORD-005965,2023-09-20,,guest@lumenmail.com,Décor,2,161.27,0.0,Paid Search,US,variant
ORD-000837,20/09/2024,CUST-00959,cust-00959@lumenmail.com,Lightng,-1,8.8,0.0,Email,US,control
ORD-002520,2023-11-20,CUST-01037,cust-01037@lumenmail.com,Furniture,3,34.28,0.05,,US,variant
ORD-003081,20/03/2024,,guest@lumenmail.com,Furniture,3,61.4,0.1,Organic,UK,
ORD-007147,2024-11-01,CUST-02993,cust-02993@lumenmail.com,Furniture,4,456.06,0.0,Organic,US,variant
ORD-002907,2024-01-08,CUST-02600,cust-02600@lumenmail.com,Décor,5,71.79,20.0,Social,CA,variant
ORD-002005,2024-11-22,CUST-00931,cust-00931@lumenmail.com,Lighting,1,48.06,0.0,Email,US,
ORD-003717,2024-02-24,CUST-02652,cust-02652@lumenmail.com,Lighting,1,122.1,0.05,,US,control
ORD-004980,28/02/2024,CUST-01893,cust-01893@lumenmail.com,Lighting,1,20.76,0.2,Email,AU,
ORD-008790,2024-07-13,CUST-02506,cust-02506@lumenmail.com,Furniture,1,84.84,5.0,Social,US,
ORD-007788,2023-11-29,CUST-02847,cust-02847@lumenmail.com,Furniture,1,23.51,0.05,Social,CA,
ORD-005802,2023-08-07,CUST-02690,cust-02690@lumenmail.com,Outdoor,1,92.37,0.0,Email,US,variant
ORD-008734,2024-10-11,CUST-02591,cust-02591@lumenmail.com,Lighting,6,28.53,25.0,Organic,US,control
ORD-007875,11/10/2023,CUST-02544,cust-02544@lumenmail.com,Décor,2,21.99,0.0,Email,US,control
ORD-006494,24/08/2024,CUST-01168,cust-01168@lumenmail.com,Accessories,1,374.75,0.15,Organic,US,
ORD-000351,2023-08-23,CUST-00913,cust-00913@lumenmail.com,lighting,3,31.3,0.1,Email,US,control
ORD-001953,2023-10-28,CUST-01269,cust-01269@lumenmail.com,Lighting,1,152.52,0.0,Social,US,variant
ORD-007932,2024-02-19,CUST-02460,cust-02460@lumenmail.com,Outdoor,2,33.51,0.0,Paid Search,US,
ORD-004931,2023-11-19,CUST-01297,cust-01297@lumenmail.com,Lighting,1,70.74,0.2,Paid Search,CA,variant
ORD-008902,2023-08-17,CUST-01939,cust-01939@lumenmail.com,Décor,1,8.89,0.05,,US,variant
ORD-007268,2024-10-16,CUST-02295,cust-02295@lumenmail.com,Décor,1,24.7,0.0,Organic,UK,
ORD-008714,2024-03-20,CUST-00547,cust-00547@lumenmail.com,Furniture,1,35.42,0.05,Social,US,variant
ORD-003089,2024-03-13,CUST-01056,cust-01056@lumenmail.com,Lighting,3,98.72,0.0,Organic,US,
ORD-000848,2024-11-13,CUST-01236,cust-01236@lumenmail.com,Furniture,1,121.95,0.15,Email,US,variant
ORD-003661,2023-08-04,CUST-00610,cust-00610@lumenmail.com,Furniture,6,61.29,0.05,Email,US,
ORD-001870,2024-12-02,CUST-00806,cust-00806@lumenmail.com,Lighting,2,40.52,0.15,Paid Search,US,variant
ORD-002191,2023-08-16,CUST-01858,cust-01858@lumenmail.com,Lighting,1,96.17,0.2,,US,
ORD-004532,2024-03-18,CUST-01501,cust-01501@lumenmail.com,Outdoor,1,358.95,0.05,Email,US,control
ORD-002035,2023-10-09,CUST-02653,cust-02653@lumenmail.com,Décor,1,313.27,0.0,Paid Search,CA,control
ORD-002380,2024-12-10,CUST-02964,cust-02964@lumenmail.com,Lighting,4,22.13,0.0,Paid Search,ZZ,control
ORD-004052,2023-12-28,CUST-02170,cust-02170@lumenmail.com,Accessories,1,96.12,0.05,Organic,UK,
ORD-001684,2023-06-24,CUST-01283,cust-01283@lumenmail.com,Furniture,1,32.15,0.1,Email,US,control
ORD-003589,18/12/2024,CUST-02668,cust-02668@lumenmail.com,Furniture,1,283.07,0.0,Email,US,
ORD-004394,2024-09-29,CUST-00160,cust-00160@lumenmail.com,Furniture,1,69.56,0.2,Paid Search,AU,variant
ORD-008794,18/09/2023,CUST-02950,cust-02950@lumenmail.com,Furniture,5,61.37,0.1,Paid Search,US,control
ORD-006952,2024-06-04,CUST-02215,cust-02215@lumenmail.com,Furniture,1,774.71,0.05,Organic,CA,variant
ORD-005586,2024-02-01,CUST-00453,cust-00453@lumenmail.com,Outdoor,1,790.53,0.1,Paid Search,UK,control
ORD-009286,2023-08-11,CUST-00945,cust-00945@lumenmail.com,Outdoor,1,49.91,0.1,Paid Search,UK,control
ORD-009000,2023-10-06,CUST-00574,cust-00574@lumenmail.com,Lighting,3,0.0,0.05,,US,variant
ORD-003155,2023-12-08,,guest@lumenmail.com,Lighting,2,62.13,0.0,Social,US,
ORD-005644,2023-08-30,CUST-01537,cust-01537@lumenmail.com,Accessories,3,36.78,0.1,Paid Search,US,
ORD-004323,2023-08-17,CUST-00253,cust-00253@lumenmail.com,Furniture,4,191.96,0.1,Paid Search,US,variant
ORD-001293,2023-08-06,,guest@lumenmail.com,Outdoor,2,21.22,0.0,Email,US,control
ORD-007945,23/12/2023,CUST-02055,cust-02055@lumenmail.com,Furniture,2,199.33,0.0,Paid Search,US,variant
ORD-008667,2024-12-07,CUST-01438,cust-01438@lumenmail.com,Lighting,2,20.93,0.15,Organic,UK,variant
ORD-005021,2024-01-07,CUST-01609,cust-01609@lumenmail.com,Décor,1,30.82,0.0,Paid Search,US,variant
ORD-008230,2023-11-10,CUST-02688,cust-02688@lumenmail.com,Accessories,1,304.42,0.05,,US,
ORD-009252,2024-12-06,CUST-00329,cust-00329@lumenmail.com,Outdoor,2,39.91,0.0,,CA,variant
ORD-001763,2023-06-16,CUST-02108,cust-02108@lumenmail.com,Accessories,1,624.52,0.0,Organic,AU,
ORD-007883,2024-11-21,CUST-01183,cust-01183@lumenmail.com,Accessories,1,36.29,0.0,Organic,US,control
ORD-003121,2023-06-19,CUST-01823,cust-01823@lumenmail.com,Lighting,1,70.44,0.1,Paid Search,US,
ORD-006002,2024-09-20,CUST-00882,cust-00882@lumenmail.com,Furniture,3,58.5,0.0,Paid Search,US,
ORD-002731,2023-12-26,CUST-00034,cust-00034@lumenmail.com,Décor,1,129.09,0.05,Paid Search,UK,control
ORD-004803,2024-12-04,CUST-01845,cust-01845@lumenmail.com,Décor,3,72.86,0.0,Email,US,
ORD-000381,2023-07-21,CUST-01032,cust-01032@lumenmail.com,Furniture,2,82.44,0.1,Organic,CA,variant
ORD-009329,2023-09-22,CUST-01304,cust-01304@lumenmail.com,Lighting,-1,13.31,0.0,Email,US,variant
ORD-000232,2024-06-11,CUST-02667,cust-02667@lumenmail.com,Décor,3,22.86,0.0,Social,CA,
ORD-007942,2024-03-07,CUST-02960,cust-02960@lumenmail.com,Décor,2,103.63,5.0,Paid Search,US,variant
ORD-006723,2024-01-26,CUST-02096,cust-02096@lumenmail.com,Lighting,3,5.8,0.1,Email,CA,control
ORD-002417,2024-04-25,,guest@lumenmail.com,Furniture,3,72.42,0.0,Email,ZZ,control
ORD-003453,2024-05-19,CUST-02606,cust-02606@lumenmail.com,Furniture,1,26.23,0.15,Social,CA,
ORD-007519,2023-10-05,,guest@lumenmail.com,Accessories,2,31.61,0.0,Organic,US,control
ORD-001701,2023-11-10,CUST-00587,cust-00587@lumenmail.com,Lighting,1,40.3,0.05,Paid Search,US,
ORD-005527,2023-08-25,CUST-00805,cust-00805@lumenmail.com,Décor,1,77.55,0.0,Organic,US,control
ORD-001672,2023-09-08,CUST-01409,cust-01409@lumenmail.com,Lighting,1,12.19,0.0,Email,UK,variant
ORD-003526,2024-06-05,CUST-01926,cust-01926@lumenmail.com,Lighting,4,164.16,0.05,Paid Search,US,control
ORD-001965,2024-08-16,CUST-00751,cust-00751@lumenmail.com,Outdoor,2,101.93,0.2,Email,US,
ORD-008982,2024-09-26,CUST-02822,cust-02822@lumenmail.com,Accessories,7,35.3,0.05,Email,ZZ,control
ORD-009068,2023-09-21,CUST-00872,cust-00872@lumenmail.com,Lighting,2,91.26,0.05,Email,US,
ORD-004217,2023-12-28,,guest@lumenmail.com,Accessories,2,85.67,25.0,Email,ZZ,variant
ORD-004786,15/08/2023,CUST-02991,cust-02991@lumenmail.com,Lighting,3,672.45,0.0,Email,US,control
ORD-004139,2024-06-01,CUST-02643,cust-02643@lumenmail.com,Décor,3,61.08,0.1,Organic,US,variant
ORD-000482,2024-05-14,CUST-01030,cust-01030@lumenmail.com,Lighting,2,341.98,0.05,Paid Search,US,variant
ORD-004457,2024-05-19,CUST-00689,cust-00689@lumenmail.com,Lighting,3,45.78,0.0,Paid Search,CA,variant
ORD-000910,19/02/2024,CUST-00460,cust-00460@lumenmail.com,Lighting,4,42.68,0.0,Paid Search,US,variant
ORD-006027,2023-08-29,CUST-01117,cust-01117@lumenmail.com,Accessories,-1,26.2,0.15,Paid Search,UK,
ORD-004790,2024-10-05,CUST-01192,cust-01192@lumenmail.com,Furniture,1,79.98,0.15,Email,CA,control
ORD-007253,2024-10-02,CUST-00994,cust-00994@lumenmail.com,Décor,1,193.53,0.2,Organic,AU,variant
ORD-005930,2023-11-29,CUST-00807,cust-00807@lumenmail.com,Accessories,3,56.21,0.0,Paid Search,US,control
ORD-001682,2024-06-27,CUST-02196,cust-02196@lumenmail.com,Décor,2,64.67,0.0,Email,US,
ORD-002749,2024-02-07,CUST-01119,cust-01119@lumenmail.com,Accessories,3,5.82,0.1,Email,US,variant
ORD-006490,2024-08-07,CUST-00650,cust-00650@lumenmail.com,Accessories,3,79.57,15.0,Organic,AU,variant
ORD-002756,19/04/2024,CUST-00297,cust-00297@lumenmail.com,Décor,3,22.26,0.0,,US,
ORD-008102,2023-11-23,CUST-00363,cust-00363@lumenmail.com,Furniture,1,34.97,0.1,Social,ZZ,
ORD-006901,2024-10-27,CUST-01770,cust-01770@lumenmail.com,Décor,1,130.0,0.05,Email,AU,control
ORD-003616,06/06/2023,CUST-02954,cust-02954@lumenmail.com,Décor,1,41.8,0.0,Paid Search,US,
ORD-000258,2023-08-22,CUST-02410,cust-02410@lumenmail.com,Décor,4,23.02,0.05,Organic,UK,variant
ORD-008979,2023-12-06,CUST-00441,cust-00441@lumenmail.com,Furniture,1,145.83,0.1,Social,US,control
ORD-002606,2023-09-02,CUST-00562,cust-00562@lumenmail.com,Furniture,2,52.57,0.2,Social,US,variant
ORD-001588,2024-06-27,,guest@lumenmail.com,Accessories,1,206.18,5.0,Organic,US,
ORD-008052,2024-11-22,CUST-01567,cust-01567@lumenmail.com,Furniture,1,76.13,0.0,Organic,US,control
ORD-006013,08/03/2024,CUST-02841,cust-02841@lumenmail.com,Lighting,4,22.97,0.2,Paid Search,US,control
ORD-008845,2024-10-25,CUST-03000,cust-03000@lumenmail.com,Lighting,1,152.1,0.1,Email,UK,variant
ORD-008041,2023-12-06,CUST-00676,cust-00676@lumenmail.com,Lighting,1,134.33,0.0,Paid Search,US,
ORD-003867,2023-06-29,,guest@lumenmail.com,Furniture,1,90.99,0.05,Paid Search,UK,control
ORD-001754,2024-04-23,CUST-02094,cust-02094@lumenmail.com,Décor,3,14.98,0.0,Paid Search,CA,variant
ORD-000670,2024-11-01,CUST-02986,cust-02986@lumenmail.com,Furniture,1,11.45,0.15,Paid Search,UK,
ORD-007391,2024-01-20,CUST-01708,cust-01708@lumenmail.com,Furniture,1,15.3,0.15,Organic,US,control
ORD-004257,2023-08-04,CUST-00685,cust-00685@lumenmail.com,Accessories,5,6.56,0.0,Paid Search,US,variant
ORD-007309,06/10/2024,CUST-00902,cust-00902@lumenmail.com,Outdoor,1,32.72,0.15,Email,US,variant
ORD-009072,2024-05-22,,guest@lumenmail.com,Furniture,1,82.02,0.25,Organic,UK,
ORD-009491,2024-11-16,CUST-01271,cust-01271@lumenmail.com,Lighting,2,61.47,0.1,Organic,US,control
ORD-006258,2023-07-21,CUST-00540,cust-00540@lumenmail.com,Décor,1,111.1,0.05,Paid Search,US,control
ORD-002395,08/08/2024,CUST-00124,cust-00124@lumenmail.com,Lighting,2,323.88,0.1,Social,US,
ORD-003805,2024-10-30,CUST-00510,cust-00510@lumenmail.com,Accessories,1,150.11,0.0,Organic,US,control
ORD-003716,2024-07-15,CUST-02822,cust-02822@lumenmail.com,Accessories,1,398.01,0.15,Email,US,variant
ORD-000659,2023-09-08,CUST-00250,cust-00250@lumenmail.com,Décor,1,86.38,0.05,Organic,US,
ORD-004757,2024-07-14,CUST-00550,cust-00550@lumenmail.com,Furniture,1,365.42,0.0,Paid Search,CA,
ORD-002212,2023-11-19,CUST-02101,cust-02101@lumenmail.com,Lighting,3,37.76,0.0,Organic,US,variant
ORD-009121,2024-02-02,,guest@lumenmail.com,Décor,2,48.82,0.1,Paid Search,US,variant
ORD-001660,16/07/2023,CUST-01592,cust-01592@lumenmail.com,Décor,1,93.73,0.15,Email,US,variant
ORD-004197,2024-01-11,CUST-00574,cust-00574@lumenmail.com,Lighting,1,123.11,0.2,Paid Search,ZZ,control
ORD-001572,2024-03-31,CUST-01188,cust-01188@lumenmail.com,Furniture,2,84.88,5.0,Paid Search,CA,variant
ORD-004843,2023-11-22,CUST-00053,cust-00053@lumenmail.com,Décor,1,87.37,0.05,Email,UK,variant
ORD-004678,12/08/2024,CUST-01436,cust-01436@lumenmail.com,Décor,5,88.25,0.0,Paid Search,US,variant
ORD-002929,2024-02-22,CUST-02748,cust-02748@lumenmail.com,Décor,2,374.13,0.1,Social,US,variant
ORD-004065,09/08/2023,CUST-01903,cust-01903@lumenmail.com,Décor,-1,32.47,0.0,Paid Search,CA,
ORD-009070,03/03/2024,CUST-02306,cust-02306@lumenmail.com,Furniture,1,20.45,0.0,,CA,control
ORD-000751,2023-10-22,CUST-00222,cust-00222@lumenmail.com,Accessories,1,231.73,0.0,Paid Search,US,variant
ORD-000682,2023-10-22,CUST-01520,cust-01520@lumenmail.com,Lighting,1,499.1,0.0,,US,control
ORD-006935,2024-07-19,CUST-01953,cust-01953@lumenmail.com,Furniture,1,248.3,0.2,Paid Search,US,
ORD-006601,2023-08-04,CUST-02853,cust-02853@lumenmail.com,Outdoor,1,88.06,0.0,Organic,CA,variant
ORD-006414,2023-12-30,,guest@lumenmail.com,Outdoor,2,167.08,0.05,Email,US,
ORD-006113,2023-06-06,CUST-01961,cust-01961@lumenmail.com,Lighting,2,30.82,0.0,Email,US,variant
ORD-001934,2023-08-03,CUST-00921,cust-00921@lumenmail.com,Furniture,2,56.09,0.0,Paid Search,US,
ORD-001097,2024-01-31,CUST-00268,cust-00268@lumenmail.com,Lighting,5,97.55,0.05,Organic,UK,variant
ORD-005623,2024-10-29,CUST-02770,cust-02770@lumenmail.com,Décor,2,190.51,0.05,Organic,US,control
ORD-001708,2024-12-18,CUST-02314,cust-02314@lumenmail.com,Lighting,2,318.93,0.0,Organic,US,
ORD-006576,2023-10-22,CUST-01388,cust-01388@lumenmail.com,Lighting,2,26.06,0.0,Social,US,control
ORD-001406,13/11/2024,CUST-00705,cust-00705@lumenmail.com,Décor,1,274.43,0.2,Email,AU,
ORD-000840,2024-04-22,,guest@lumenmail.com,Furniture,4,80.93,0.0,Paid Search,UK,variant
ORD-005968,03/02/2024,CUST-02784,cust-02784@lumenmail.com,Lighting,2,92.34,0.0,Paid Search,CA,control
ORD-000249,2024-08-26,CUST-01158,cust-01158@lumenmail.com,Furniture,1,49.89,0.0,Paid Search,UK,control
ORD-007538,2023-06-04,CUST-00660,cust-00660@lumenmail.com,Lighting,3,6.89,0.1,Organic,UK,control
ORD-002917,2023-06-05,CUST-00992,cust-00992@lumenmail.com,Décor,1,58.68,0.0,Paid Search,US,variant
ORD-008691,13/07/2023,CUST-01309,cust-01309@lumenmail.com,Furniture,4,6.15,0.15,Organic,US,variant
ORD-006327,2023-10-09,CUST-00497,cust-00497@lumenmail.com,Lighting,3,685.31,0.05,Organic,CA,control
ORD-006072,2024-09-06,CUST-00217,cust-00217@lumenmail.com,Lighting,3,361.16,25.0,Email,US,control
ORD-000399,2024-01-18,CUST-01311,cust-01311@lumenmail.com,Furniture,1,169.15,0.0,Paid Search,ZZ,variant
ORD-008023,13/07/2023,CUST-00695,cust-00695@lumenmail.com,Furniture,1,85.3,0.0,Organic,US,control
ORD-003307,2023-12-30,,guest@lumenmail.com,Lighting,-1,51.34,0.1,Email,US,variant
ORD-003825,12/12/2024,CUST-00274,cust-00274@lumenmail.com,Outdoor,3,212.61,0.1,Organic,UK,control
ORD-007811,2024-09-26,CUST-01508,cust-01508@lumenmail.com,Lighting,1,115.34,0.1,Paid Search,US,variant
ORD-004441,2024-12-14,CUST-00200,cust-00200@lumenmail.com,Furniture,1,487.54,0.0,Paid Search,CA,
ORD-009400,2023-11-21,CUST-01294,cust-01294@lumenmail.com,Lighting,2,257.55,0.05,Paid Search,US,
ORD-007049,2024-05-12,CUST-00271,cust-00271@lumenmail.com,Lighting,4,150.85,0.2,Social,UK,control
ORD-003706,2024-04-09,CUST-00890,cust-00890@lumenmail.com,Lighting,3,35.99,0.0,Email,US,
ORD-005374,2024-01-01,CUST-00979,cust-00979@lumenmail.com,Lighting,2,22.63,0.25,Organic,CA,control
ORD-008499,2024-03-02,CUST-00896,cust-00896@lumenmail.com,Décor,7,69.68,0.1,Organic,US,control
ORD-007019,2023-09-29,CUST-01708,cust-01708@lumenmail.com,Lighting,2,31.4,0.0,Paid Search,US,control
ORD-000929,2024-04-21,CUST-00049,cust-00049@lumenmail.com,Décor,1,530.32,0.0,Paid Search,US,control
ORD-004260,2024-05-29,CUST-02675,cust-02675@lumenmail.com,Furniture,2,84.58,0.0,Paid Search,CA,
ORD-005029,2024-07-07,CUST-00823,cust-00823@lumenmail.com,Décor,2,11.73,0.05,,CA,variant
ORD-001685,2024-07-15,CUST-02805,cust-02805@lumenmail.com,Lighting,4,25.67,0.2,Social,US,variant
ORD-004871,2023-08-20,CUST-00837,cust-00837@lumenmail.com,Lighting,1,171.12,0.0,Paid Search,US,control
ORD-007238,2023-08-25,CUST-02951,cust-02951@lumenmail.com,Décor,1,377.23,0.0,Paid Search,US,variant
ORD-004718,2024-07-06,CUST-02859,cust-02859@lumenmail.com,Lighting,1,356.52,0.0,Paid Search,AU,
ORD-008118,2024-03-11,CUST-02260,cust-02260@lumenmail.com,Lighting,1,370.1,0.2,Paid Search,CA,variant
ORD-006522,2024-03-02,CUST-02107,cust-02107@lumenmail.com,Furniture,-1,136.79,0.2,Organic,US,
ORD-005568,2023-11-21,CUST-01009,cust-01009@lumenmail.com,Décor,2,62.58,0.0,Paid Search,US,
ORD-007550,2024-04-18,CUST-02942,cust-02942@lumenmail.com,Lighting,1,86.5,0.0,Email,US,control
ORD-001449,2024-10-02,CUST-00170,cust-00170@lumenmail.com,Outdoor,2,75.77,0.05,Email,US,control
ORD-008168,2024-07-21,CUST-01374,cust-01374@lumenmail.com,Outdoor,1,88.77,0.15,Paid Search,ZZ,variant
ORD-000526,2024-01-07,CUST-02521,cust-02521@lumenmail.com,Lighting,3,18.27,0.05,Paid Search,ZZ,variant
ORD-007560,2024-06-16,CUST-00164,cust-00164@lumenmail.com,Furniture,1,726.17,0.0,,UK,variant
ORD-003819,2024-06-26,CUST-00082,cust-00082@lumenmail.com,Lighting,2,29.28,0.0,Email,UK,variant
ORD-005229,2024-10-17,CUST-00833,cust-00833@lumenmail.com,Accessories,2,392.11,0.0,Paid Search,US,variant
ORD-004967,28/12/2024,CUST-01394,cust-01394@lumenmail.com,Lighting,1,10.26,0.1,Social,CA,control
ORD-003107,2024-07-05,CUST-00865,cust-00865@lumenmail.com,Furniture,2,187.33,0.15,Social,UK,control
ORD-005408,2024-07-26,CUST-01444,cust-01444@lumenmail.com,Lighting,3,45.29,0.2,Organic,CA,control
ORD-002789,2024-01-29,CUST-02970,cust-02970@lumenmail.com,lighting,1,119.09,10.0,Paid Search,ZZ,control
ORD-005459,2024-05-31,CUST-01091,cust-01091@lumenmail.com,Furniture,-2,310.37,0.1,Paid Search,CA,control
ORD-002665,2024-10-12,CUST-02296,cust-02296@lumenmail.com,Furniture,1,788.36,0.1,Paid Search,CA,
ORD-007320,2024-05-06,CUST-00216,cust-00216@lumenmail.com,Décor,1,93.72,0.0,Social,US,variant
ORD-008021,2024-10-10,CUST-02169,cust-02169@lumenmail.com,Lighting,2,66.51,0.25,Email,US,variant
ORD-006184,2024-01-02,CUST-02638,cust-02638@lumenmail.com,Lighting,1,25.55,0.05,Email,US,
ORD-000196,05/02/2024,CUST-00205,cust-00205@lumenmail.com,Décor,1,94.39,0.15,Organic,US,variant
ORD-000112,2024-08-20,CUST-00876,cust-00876@lumenmail.com,Lighting,2,136.98,0.0,Paid Search,US,
ORD-002475,2024-07-03,CUST-01778,cust-01778@lumenmail.com,Décor,-3,44.67,0.0,Social,US,control
ORD-008670,2024-03-07,CUST-01105,cust-01105@lumenmail.com,Décor,5,15.85,0.15,Organic,US,control
ORD-005757,2024-01-13,CUST-01363,cust-01363@lumenmail.com,Lighting,1,106.01,0.0,Email,CA,control
ORD-007276,2024-02-07,CUST-00202,cust-00202@lumenmail.com,Lighting,1,13.36,0.05,Paid Search,CA,control
ORD-005903,2024-12-14,CUST-02700,cust-02700@lumenmail.com,Décor,1,152.98,0.0,Email,ZZ,
ORD-004816,2023-07-12,CUST-00458,cust-00458@lumenmail.com,Lighting,1,98.11,0.0,Organic,CA,
ORD-005569,2024-04-09,CUST-00464,cust-00464@lumenmail.com,Lighting,2,194.59,0.1,Email,US,control
ORD-006818,2023-12-14,,guest@lumenmail.com,Lighting,1,385.67,0.1,Organic,US,variant
ORD-003265,2024-06-28,CUST-01879,cust-01879@lumenmail.com,Lighting,4,316.61,0.05,Organic,US,variant
ORD-003199,26/07/2024,,guest@lumenmail.com,Furniture,4,115.73,0.0,Paid Search,US,
ORD-003787,2023-11-06,CUST-00232,cust-00232@lumenmail.com,Lighting,-1,160.09,0.15,Paid Search,US,control
ORD-000912,2024-04-04,CUST-02110,cust-02110@lumenmail.com,Décor,3,79.31,0.05,Organic,ZZ,variant
ORD-004484,2024-07-06,CUST-00326,cust-00326@lumenmail.com,Furniture,1,9.99,0.0,Paid Search,US,
ORD-006458,2024-04-27,CUST-00555,cust-00555@lumenmail.com,Lighting,1,42.71,0.25,Paid Search,UK,control
ORD-007289,2024-10-22,,guest@lumenmail.com,Décor,1,63.56,0.0,Email,AU,control
ORD-004759,2023-09-09,,guest@lumenmail.com,Décor,2,25.41,0.0,Organic,US,control
ORD-000705,2023-10-19,CUST-00586,cust-00586@lumenmail.com,Lighting,1,175.68,0.0,Paid Search,UK,variant
ORD-002779,2024-04-10,CUST-00653,cust-00653@lumenmail.com,Décor,1,89.0,0.0,Organic,CA,variant
ORD-005543,2023-12-17,CUST-02994,cust-02994@lumenmail.com,Lighting,3,24.41,0.0,Email,CA,variant
ORD-005185,2024-08-06,CUST-01953,cust-01953@lumenmail.com,Outdoor,2,300.44,0.0,Email,US,control
ORD-007608,2024-10-19,CUST-01980,cust-01980@lumenmail.com,Furniture,-2,8.31,15.0,Paid Search,US,
ORD-000519,2024-07-03,CUST-00230,cust-00230@lumenmail.com,Furniture,-1,64.97,0.05,Email,US,
ORD-004147,2023-10-29,,guest@lumenmail.com,Lighting,1,0.0,0.0,Paid Search,CA,
ORD-002568,2024-01-01,CUST-00127,cust-00127@lumenmail.com,Furniture,1,62.73,0.0,Organic,AU,
ORD-008787,2023-06-15,,guest@lumenmail.com,Décor,1,19.39,0.2,Email,CA,variant
ORD-007539,2024-04-11,CUST-01190,cust-01190@lumenmail.com,Décor,2,47.25,0.25,Paid Search,CA,
ORD-003433,2024-02-13,CUST-00632,cust-00632@lumenmail.com,Décor,7,46.93,0.0,Paid Search,US,control
ORD-003446,2024-02-09,CUST-01926,cust-01926@lumenmail.com,Furniture,2,31.2,0.0,Organic,US,control
ORD-002273,2024-04-06,CUST-01176,cust-01176@lumenmail.com,Furniture,2,128.53,0.2,Email,US,
ORD-005334,2024-08-08,CUST-01700,cust-01700@lumenmail.com,Furniture,3,568.23,15.0,Email,US,control
ORD-008532,2024-12-06,CUST-01673,cust-01673@lumenmail.com,Furniture,2,154.33,0.0,Organic,US,
ORD-007184,2024-07-19,CUST-01856,cust-01856@lumenmail.com,Lighting,6,40.46,0.0,Organic,US,
ORD-001683,2024-06-19,CUST-00762,cust-00762@lumenmail.com,Décor,2,295.68,0.0,Paid Search,UK,control
ORD-007285,2024-09-20,CUST-00778,cust-00778@lumenmail.com,Accessories,2,225.59,0.0,Paid Search,US,
ORD-009429,2023-07-24,,guest@lumenmail.com,Lighting,4,36.4,0.0,Email,UK,
ORD-004514,2024-03-16,CUST-01953,cust-01953@lumenmail.com,Décor,1,185.55,0.0,Paid Search,US,
ORD-000849,2024-02-06,CUST-00864,cust-00864@lumenmail.com,Lighting,3,13.75,0.0,Organic,US,variant
ORD-008750,2024-06-27,CUST-01330,cust-01330@lumenmail.com,Accessories,1,108.28,0.05,Organic,US,
ORD-004697,2024-08-24,CUST-00253,cust-00253@lumenmail.com,Outdoor,2,586.69,0.0,Social,US,variant
ORD-008942,2024-04-25,,guest@lumenmail.com,Décor,2,137.04,0.05,Organic,US,variant
ORD-000329,2024-05-30,CUST-01222,cust-01222@lumenmail.com,Lighting,1,94.2,0.0,Paid Search,UK,
ORD-007660,2024-03-31,CUST-00606,cust-00606@lumenmail.com,Outdoor,2,32.05,0.0,Social,US,control
ORD-007695,2023-10-15,CUST-01229,cust-01229@lumenmail.com,Accessories,1,116.9,0.2,,US,variant
ORD-009021,2024-02-13,CUST-02273,cust-02273@lumenmail.com,Lighting,1,17.79,0.1,Social,CA,control
ORD-004235,2023-08-19,CUST-00834,cust-00834@lumenmail.com,Furniture,2,62.65,0.05,Paid Search,CA,
ORD-004315,2023-08-27,CUST-01477,cust-01477@lumenmail.com,Outdoor,1,26.96,0.05,Paid Search,US,
ORD-004076,2024-04-27,CUST-02039,cust-02039@lumenmail.com,Décor,2,357.05,0.25,Social,US,
ORD-007827,2024-09-30,CUST-00421,cust-00421@lumenmail.com,Décor,3,45.07,0.1,Social,UK,variant
ORD-006394,2024-04-14,CUST-01913,cust-01913@lumenmail.com,Lighting,-1,770.62,0.1,Social,UK,control
ORD-004280,2024-02-28,CUST-00536,cust-00536@lumenmail.com,Furniture,1,28.62,0.0,Social,CA,control
ORD-007965,2023-10-23,CUST-01353,cust-01353@lumenmail.com,Outdoor,1,95.69,0.15,Paid Search,US,
ORD-008197,2024-07-31,CUST-00183,cust-00183@lumenmail.com,Décor,-1,17.71,0.0,Organic,UK,
ORD-003213,2024-05-09,CUST-02276,cust-02276@lumenmail.com,Furniture,1,264.49,0.0,Paid Search,US,variant
ORD-009445,2023-08-15,CUST-01004,cust-01004@lumenmail.com,Furniture,4,317.36,0.0,Paid Search,US,variant
ORD-000452,2024-04-24,CUST-02122,cust-02122@lumenmail.com,Décor,6,145.15,0.05,Social,US,
ORD-009554,2024-01-26,CUST-02688,cust-02688@lumenmail.com,Outdoor,5,203.0,0.0,Email,US,
ORD-005427,2024-06-10,CUST-01053,cust-01053@lumenmail.com,Accessories,1,432.09,0.1,Email,US,variant
ORD-002791,2024-06-16,CUST-01952,cust-01952@lumenmail.com,Lightng,1,23.25,0.15,Paid Search,US,
ORD-003696,21/10/2024,CUST-01182,cust-01182@lumenmail.com,Lighting,1,10.03,0.0,Paid Search,US,
ORD-005763,2023-07-24,CUST-00005,cust-00005@lumenmail.com,Lighting,3,61.02,0.15,Organic,UK,control
ORD-003372,2024-09-02,,guest@lumenmail.com,Décor,4,196.17,25.0,Email,US,variant
ORD-008432,2023-11-24,CUST-00373,cust-00373@lumenmail.com,Outdoor,2,109.67,0.0,Paid Search,US,control
ORD-006507,2024-05-08,,guest@lumenmail.com,Lighting,1,47.25,0.15,Paid Search,US,control
ORD-003994,2023-06-26,CUST-00631,cust-00631@lumenmail.com,Furniture,1,31.66,0.0,Paid Search,CA,
ORD-007065,2023-09-14,CUST-02125,cust-02125@lumenmail.com,Accessories,1,193.53,0.1,Organic,US,
ORD-009424,2024-03-26,CUST-01798,cust-01798@lumenmail.com,Lighting,5,187.46,0.0,Paid Search,US,
ORD-007003,2024-08-14,CUST-02203,cust-02203@lumenmail.com,Outdoor,1,210.8,0.05,Social,US,variant
ORD-003945,2024-06-16,CUST-02469,cust-02469@lumenmail.com,Décor,1,311.67,0.0,Paid Search,CA,
ORD-006930,29/10/2024,CUST-00110,cust-00110@lumenmail.com,Décor,1,224.82,0.1,Email,CA,control
ORD-000426,2024-11-22,CUST-00653,cust-00653@lumenmail.com,Lighting,-1,83.02,0.05,Organic,US,
ORD-003320,2023-11-15,CUST-01047,cust-01047@lumenmail.com,Décor,2,18.13,0.05,Paid Search,UK,variant
ORD-009164,2024-03-06,,guest@lumenmail.com,Furniture,1,18.11,0.15,Email,US,variant
ORD-006080,2024-06-01,CUST-01570,cust-01570@lumenmail.com,Décor,1,84.15,0.25,Paid Search,CA,
ORD-000438,24/07/2024,CUST-01347,cust-01347@lumenmail.com,Lighting,1,113.81,0.05,Paid Search,CA,
ORD-003297,2023-07-23,CUST-01824,cust-01824@lumenmail.com,Lighting,1,349.54,0.1,Organic,CA,variant
ORD-005510,2024-08-27,CUST-01880,cust-01880@lumenmail.com,Décor,2,69.45,0.1,Organic,CA,variant
ORD-008885,2024-04-24,CUST-02503,cust-02503@lumenmail.com,Furniture,2,11.6,0.0,Paid Search,US,control
ORD-000363,2024-06-14,CUST-02872,cust-02872@lumenmail.com,Lighting,3,91.33,0.05,Paid Search,CA,variant
ORD-009078,2023-11-15,,guest@lumenmail.com,Lighting,3,55.25,0.1,Social,US,variant
ORD-008133,2024-10-14,CUST-02217,cust-02217@lumenmail.com,Décor,2,23.12,0.0,Organic,CA,control
ORD-004047,2023-12-15,CUST-00927,cust-00927@lumenmail.com,Furniture,2,66.03,0.0,Email,ZZ,variant
ORD-001890,2024-06-26,CUST-01597,cust-01597@lumenmail.com,Décor,2,297.18,0.05,Email,CA,
ORD-003630,2023-10-31,CUST-02504,cust-02504@lumenmail.com,Furniture,1,0.0,0.15,Paid Search,US,variant
ORD-008123,2023-12-27,CUST-01843,cust-01843@lumenmail.com,Décor,5,32.2,0.2,Email,US,variant
ORD-009157,2023-12-03,CUST-02715,cust-02715@lumenmail.com,Lighting,2,45.35,0.0,Paid Search,US,variant
ORD-005738,2023-08-19,CUST-00539,cust-00539@lumenmail.com,Outdoor,3,0.0,0.1,,CA,variant
ORD-004949,2024-03-11,CUST-01023,cust-01023@lumenmail.com,Décor,2,102.06,0.05,Paid Search,US,control
ORD-008856,2024-05-24,CUST-00824,cust-00824@lumenmail.com,Décor,3,29.52,0.1,Organic,US,variant
ORD-008957,2023-12-21,CUST-02482,cust-02482@lumenmail.com,Lighting,1,33.34,0.1,,US,control
ORD-007724,2024-12-17,CUST-01905,cust-01905@lumenmail.com,Furniture,3,60.66,0.1,Paid Search,AU,variant
ORD-000859,13/09/2023,CUST-02150,cust-02150@lumenmail.com,Décor,2,129.43,10.0,Organic,US,variant
ORD-001318,2023-07-30,CUST-00377,cust-00377@lumenmail.com,Furniture,1,48.48,0.0,Paid Search,CA,
ORD-002829,2023-08-18,CUST-01908,cust-01908@lumenmail.com,Outdoor,1,63.2,0.05,Organic,US,
ORD-004826,2023-08-14,CUST-02787,cust-02787@lumenmail.com,Décor,1,375.47,0.0,Organic,US,variant
ORD-001142,2023-07-03,CUST-02245,cust-02245@lumenmail.com,Lighting,4,30.75,0.05,Organic,US,
ORD-009260,2023-10-23,CUST-02998,cust-02998@lumenmail.com,Décor,2,102.21,0.0,,US,
ORD-000716,2024-11-05,CUST-01632,cust-01632@lumenmail.com,Furniture,1,40.05,0.0,Organic,US,
ORD-002708,2023-11-24,CUST-01206,cust-01206@lumenmail.com,Lighting,1,88.55,0.1,Paid Search,US,variant
ORD-007475,2023-08-29,CUST-02661,cust-02661@lumenmail.com,Lighting,-1,64.35,0.05,Organic,US,
ORD-004594,2023-10-14,CUST-02927,cust-02927@lumenmail.com,Accessories,5,82.31,0.0,Organic,US,
ORD-003631,2024-07-07,CUST-01083,cust-01083@lumenmail.com,Décor,2,30.36,0.05,Paid Search,CA,control
ORD-005492,2023-10-24,CUST-02140,cust-02140@lumenmail.com,Lighting,3,69.17,0.0,Paid Search,US,variant
ORD-002805,2023-11-04,CUST-00872,cust-00872@lumenmail.com,Décor,2,17.8,0.05,Paid Search,CA,
ORD-002576,2023-07-25,CUST-01574,cust-01574@lumenmail.com,Furniture,1,353.39,0.15,Email,US,control
ORD-007998,2023-11-06,CUST-02217,cust-02217@lumenmail.com,Décor,2,13.53,0.05,Email,AU,control
ORD-009015,2023-11-08,CUST-02772,cust-02772@lumenmail.com,Lighting,1,348.5,0.0,Email,US,
ORD-000469,2024-08-20,CUST-01791,cust-01791@lumenmail.com,Décor,-1,108.36,0.1,Organic,US,variant
ORD-004296,2023-09-15,CUST-02339,cust-02339@lumenmail.com,Décor,5,36.23,0.1,Email,US,
ORD-001119,2024-04-19,CUST-01192,cust-01192@lumenmail.com,Furniture,5,76.33,0.2,Email,UK,variant
ORD-001164,2024-09-04,CUST-00686,cust-00686@lumenmail.com,Décor,2,51.29,0.0,,AU,control
ORD-004605,2024-02-02,CUST-00044,cust-00044@lumenmail.com,lighting,4,133.83,0.0,Email,US,variant
ORD-000499,2024-08-09,CUST-01009,cust-01009@lumenmail.com,Décor,2,247.46,0.2,Organic,US,control
ORD-002282,2024-04-18,CUST-01305,cust-01305@lumenmail.com,Furniture,2,32.05,0.0,Paid Search,UK,control
ORD-001429,29/12/2024,CUST-01266,cust-01266@lumenmail.com,Lighting,1,211.36,0.0,Organic,US,variant
ORD-007641,2024-08-19,CUST-02253,cust-02253@lumenmail.com,Lighting,3,38.94,0.25,Email,AU,control
ORD-007702,2024-06-11,CUST-02286,cust-02286@lumenmail.com,Furniture,2,57.19,0.1,Paid Search,US,variant
ORD-000872,29/02/2024,CUST-00387,cust-00387@lumenmail.com,Furniture,3,257.15,0.0,Social,US,variant
ORD-001860,2024-07-19,CUST-01348,cust-01348@lumenmail.com,Décor,2,40.03,0.0,Paid Search,US,variant
ORD-005189,2023-06-05,CUST-00447,cust-00447@lumenmail.com,Décor,2,286.91,0.2,Organic,US,
ORD-006701,2024-03-14,CUST-01067,cust-01067@lumenmail.com,Outdoor,2,478.78,0.1,Email,US,
ORD-008481,2024-01-26,CUST-00691,cust-00691@lumenmail.com,Lighting,1,387.96,0.05,Paid Search,UK,
ORD-006897,2024-04-29,CUST-02318,cust-02318@lumenmail.com,Lighting,3,22.04,0.0,,UK,control
ORD-005742,06/01/2024,CUST-01249,cust-01249@lumenmail.com,Outdoor,3,47.11,20.0,Social,CA,
ORD-008630,2024-08-28,CUST-00777,cust-00777@lumenmail.com,Lighting,1,45.2,0.2,Email,US,control
ORD-006067,2023-10-23,CUST-02285,cust-02285@lumenmail.com,Accessories,1,48.61,0.15,Email,CA,variant
ORD-004341,2024-02-25,CUST-00918,cust-00918@lumenmail.com,Outdoor,1,25.16,0.1,Email,US,control
ORD-006762,2024-07-01,CUST-00737,cust-00737@lumenmail.com,Outdoor,2,52.66,0.0,Organic,US,variant
ORD-006250,30/03/2024,CUST-00875,cust-00875@lumenmail.com,Furniture,1,373.22,0.0,Paid Search,US,
ORD-004747,2023-09-07,CUST-00264,cust-00264@lumenmail.com,Décor,1,468.21,0.0,Email,US,variant
ORD-001130,2023-10-06,CUST-02845,cust-02845@lumenmail.com,Décor,2,24.79,0.05,Email,US,
ORD-008337,2023-08-10,CUST-02225,cust-02225@lumenmail.com,Furniture,1,298.88,0.0,Social,US,
ORD-003620,2024-12-10,CUST-01894,cust-01894@lumenmail.com,Accessories,1,37.12,0.0,Organic,US,control
ORD-004372,2024-06-17,CUST-02853,cust-02853@lumenmail.com,Lighting,3,290.15,0.0,Social,CA,variant
ORD-002595,2023-10-09,CUST-02132,cust-02132@lumenmail.com,Furniture,1,14.99,0.0,Email,CA,variant
ORD-008272,2024-07-23,CUST-00689,cust-00689@lumenmail.com,Furniture,1,318.82,0.0,Paid Search,US,control
ORD-008353,2024-06-10,CUST-01467,cust-01467@lumenmail.com,Furniture,3,98.49,0.1,Paid Search,CA,control
ORD-006444,2024-11-05,CUST-00241,cust-00241@lumenmail.com,Furniture,1,83.38,0.0,Email,US,
ORD-006455,2024-07-23,CUST-01260,cust-01260@lumenmail.com,Décor,4,559.48,15.0,Email,US,
ORD-003966,2023-07-09,CUST-00443,cust-00443@lumenmail.com,Décor,1,53.42,0.1,Email,US,control
ORD-004123,06/08/2024,CUST-00002,cust-00002@lumenmail.com,Outdoor,1,36.7,0.0,,CA,variant
ORD-005909,2023-11-24,CUST-02402,cust-02402@lumenmail.com,Outdoor,2,58.02,0.0,Paid Search,UK,control
ORD-005760,2023-10-27,CUST-01431,cust-01431@lumenmail.com,Lightng,2,38.4,0.0,,US,
ORD-009017,2024-02-11,CUST-02802,cust-02802@lumenmail.com,Furniture,1,176.75,0.15,Paid Search,CA,
ORD-004937,2024-10-27,CUST-02644,cust-02644@lumenmail.com,Décor,4,22.44,0.2,Organic,US,
ORD-007174,21/01/2024,CUST-00272,cust-00272@lumenmail.com,Outdoor,2,0.0,0.0,Paid Search,US,variant
ORD-008948,2024-02-04,CUST-02117,cust-02117@lumenmail.com,Décor,1,96.43,0.05,Organic,US,
ORD-003490,2024-07-22,CUST-00217,cust-00217@lumenmail.com,Furniture,1,15.26,0.0,Organic,US,
ORD-009020,2023-07-19,CUST-00634,cust-00634@lumenmail.com,lighting,2,76.58,0.2,Email,CA,
ORD-008421,2024-06-26,CUST-02122,cust-02122@lumenmail.com,Décor,1,326.14,5.0,Social,CA,
ORD-006364,2023-07-16,,guest@lumenmail.com,Lighting,1,11.66,0.1,Organic,US,control
ORD-008967,2024-02-28,CUST-01892,cust-01892@lumenmail.com,Accessories,1,53.96,0.05,Organic,US,
ORD-000864,2024-10-20,CUST-02898,cust-02898@lumenmail.com,Accessories,1,80.15,0.0,,CA,variant
ORD-005013,13/02/2024,CUST-01699,cust-01699@lumenmail.com,Lighting,1,19.88,0.0,,UK,control
ORD-001597,2023-07-24,CUST-02072,cust-02072@lumenmail.com,Lighting,1,6.55,0.05,Social,US,control
ORD-001135,2024-12-20,CUST-00095,cust-00095@lumenmail.com,Lighting,3,34.03,0.0,Email,US,
ORD-005133,2024-01-03,CUST-00154,cust-00154@lumenmail.com,Outdoor,1,387.22,0.1,Paid Search,US,
ORD-000734,2024-12-25,CUST-00559,cust-00559@lumenmail.com,Décor,2,14.43,0.2,Organic,US,control
ORD-007427,12/09/2023,CUST-01281,cust-01281@lumenmail.com,Accessories,2,34.97,0.0,Paid Search,US,control
ORD-006141,2024-12-04,CUST-01781,cust-01781@lumenmail.com,Outdoor,1,60.9,0.0,Email,ZZ,
ORD-007398,28/02/2024,,guest@lumenmail.com,Outdoor,2,42.88,0.1,Email,ZZ,variant
ORD-002460,2024-10-24,CUST-02696,cust-02696@lumenmail.com,Décor,1,43.71,0.0,Organic,CA,
ORD-003905,2024-02-26,CUST-00950,cust-00950@lumenmail.com,Lighting,1,17.01,0.0,Paid Search,US,variant
ORD-002776,2024-03-04,CUST-01314,cust-01314@lumenmail.com,Lighting,1,361.84,0.0,Paid Search,US,
ORD-001461,19/11/2023,CUST-01077,cust-01077@lumenmail.com,Décor,2,56.76,0.1,Paid Search,US,variant
ORD-003554,2023-10-23,CUST-02068,cust-02068@lumenmail.com,Décor,3,73.83,0.0,Paid Search,US,variant
ORD-005595,2023-08-04,CUST-01630,cust-01630@lumenmail.com,Lighting,1,85.53,0.0,Organic,US,
ORD-005756,2023-10-08,CUST-00302,cust-00302@lumenmail.com,Décor,1,83.78,5.0,Email,ZZ,control
ORD-003800,2024-02-06,CUST-02362,cust-02362@lumenmail.com,Décor,3,96.41,0.1,Organic,UK,control
ORD-005950,2024-06-03,CUST-02252,cust-02252@lumenmail.com,Lighting,1,84.0,0.2,Paid Search,CA,
ORD-003437,2023-12-05,CUST-00631,cust-00631@lumenmail.com,Lighting,7,12.7,0.2,Email,UK,control
ORD-006236,2024-10-05,CUST-02277,cust-02277@lumenmail.com,Décor,2,177.92,0.0,Organic,US,
ORD-007591,2023-06-14,,guest@lumenmail.com,Furniture,1,56.52,0.0,Email,CA,
ORD-001703,29/03/2024,,guest@lumenmail.com,Décor,2,78.05,0.1,Social,US,
ORD-004218,2024-12-07,,guest@lumenmail.com,Furniture,1,93.28,0.2,Paid Search,US,
ORD-000384,23/02/2024,CUST-00618,cust-00618@lumenmail.com,Lighting,1,0.0,0.1,Paid Search,US,
ORD-005916,30/06/2023,CUST-01925,cust-01925@lumenmail.com,Décor,1,342.69,0.0,Email,AU,
ORD-005340,,CUST-02597,cust-02597@lumenmail.com,Lighting,1,72.08,0.0,Social,UK,variant
ORD-006826,2024-04-27,,guest@lumenmail.com,Outdoor,1,11.05,0.0,Paid Search,UK,variant
ORD-000900,2023-06-13,CUST-01375,cust-01375@lumenmail.com,Lighting,4,137.23,0.05,Social,CA,
ORD-006057,2024-10-06,CUST-01608,cust-01608@lumenmail.com,Lighting,1,31.86,0.05,Paid Search,ZZ,control
ORD-006583,2023-12-10,CUST-01750,cust-01750@lumenmail.com,Lighting,2,70.78,0.0,Email,US,
ORD-008826,2023-09-28,CUST-02957,cust-02957@lumenmail.com,Décor,2,0.0,0.0,Email,US,control
ORD-009422,2024-04-19,CUST-02237,cust-02237@lumenmail.com,Lighting,3,621.57,0.0,Paid Search,US,control
ORD-004398,2024-06-22,CUST-02513,cust-02513@lumenmail.com,Lighting,5,43.88,0.1,,US,control
ORD-001240,2024-09-28,CUST-02693,cust-02693@lumenmail.com,Furniture,2,73.96,0.0,Email,US,
ORD-009537,16/09/2023,CUST-01978,cust-01978@lumenmail.com,Furniture,2,0.0,0.05,Paid Search,UK,variant
ORD-000334,11/07/2023,CUST-02164,cust-02164@lumenmail.com,Furniture,1,43.51,0.0,Organic,US,control
ORD-004582,23/09/2023,CUST-02636,cust-02636@lumenmail.com,Décor,1,48.29,0.15,Organic,US,control
ORD-002135,2024-06-30,CUST-00695,cust-00695@lumenmail.com,Furniture,1,96.74,0.2,Social,US,control
ORD-000089,2024-03-31,CUST-01166,cust-01166@lumenmail.com,Lighting,1,41.46,0.0,Social,US,
ORD-004480,2024-02-07,CUST-00103,cust-00103@lumenmail.com,Furniture,1,262.65,0.05,Email,US,
ORD-009428,2023-10-25,,guest@lumenmail.com,Lighting,2,146.99,0.1,Organic,US,control
ORD-002409,2024-12-30,CUST-02248,cust-02248@lumenmail.com,Lighting,2,187.81,0.05,Email,AU,control
ORD-003700,2023-12-26,CUST-01670,cust-01670@lumenmail.com,lighting,1,8.54,0.2,Email,UK,
ORD-008634,2024-01-01,CUST-00453,cust-00453@lumenmail.com,Furniture,1,186.97,0.05,Social,CA,variant
ORD-006134,2024-04-12,CUST-00773,cust-00773@lumenmail.com,Lighting,1,68.98,0.0,Organic,ZZ,variant
ORD-003687,2024-06-21,CUST-00867,cust-00867@lumenmail.com,Outdoor,2,7.08,0.15,Organic,US,control
ORD-000058,2023-11-13,CUST-02067,cust-02067@lumenmail.com,Furniture,1,62.01,0.0,Social,CA,variant
ORD-003908,2024-07-21,CUST-00161,cust-00161@lumenmail.com,Furniture,3,76.96,0.0,Email,CA,control
ORD-006147,,CUST-02697,cust-02697@lumenmail.com,Outdoor,1,190.62,0.0,Paid Search,US,variant
ORD-006822,2024-02-04,CUST-01321,cust-01321@lumenmail.com,Lighting,2,448.26,0.0,Paid Search,US,variant
ORD-008660,2024-01-04,CUST-00262,cust-00262@lumenmail.com,Furniture,1,636.14,0.05,,CA,control
ORD-004702,2024-04-30,CUST-02289,cust-02289@lumenmail.com,Furniture,1,21.26,0.05,Organic,UK,variant
ORD-001422,2024-04-24,CUST-01136,cust-01136@lumenmail.com,Lighting,2,47.97,0.0,Email,US,control
ORD-001586,2024-07-20,CUST-01972,cust-01972@lumenmail.com,Furniture,3,799.55,0.2,Organic,CA,
ORD-000083,2024-05-10,CUST-00173,cust-00173@lumenmail.com,Lighting,1,13.99,0.0,Email,US,control
ORD-003595,27/12/2023,CUST-02733,cust-02733@lumenmail.com,Décor,1,24.86,0.15,Social,CA,control
ORD-005167,16/10/2024,CUST-01093,cust-01093@lumenmail.com,Décor,1,32.17,0.0,Email,AU,
ORD-001169,2023-11-28,CUST-00659,cust-00659@lumenmail.com,Outdoor,2,112.54,0.0,Paid Search,UK,variant
ORD-003940,2024-02-21,CUST-02301,cust-02301@lumenmail.com,Outdoor,1,52.65,0.0,Paid Search,US,control
ORD-002442,2023-12-05,CUST-01949,cust-01949@lumenmail.com,Outdoor,4,109.97,0.0,Organic,UK,
ORD-002100,2024-07-23,CUST-00689,cust-00689@lumenmail.com,Décor,1,185.58,0.05,Social,US,
ORD-000719,27/08/2024,CUST-01418,cust-01418@lumenmail.com,Accessories,1,46.59,0.15,Email,US,
ORD-002069,2024-08-19,CUST-01569,cust-01569@lumenmail.com,Outdoor,3,50.97,0.2,Social,US,control
ORD-007413,2024-08-27,CUST-02241,cust-02241@lumenmail.com,Lighting,1,89.87,0.25,Organic,US,variant
ORD-003510,2023-07-10,,guest@lumenmail.com,Décor,5,38.68,0.1,Organic,US,
ORD-004327,2023-10-26,,guest@lumenmail.com,Furniture,3,12.6,0.25,Email,US,
ORD-001845,2023-10-20,CUST-01821,cust-01821@lumenmail.com,Furniture,4,531.35,0.05,Email,CA,
ORD-007808,17/07/2024,CUST-00456,cust-00456@lumenmail.com,Furniture,3,242.53,0.0,Paid Search,UK,
ORD-001194,2024-07-18,CUST-02415,cust-02415@lumenmail.com,Lighting,1,171.51,0.15,Email,CA,control
ORD-001285,2024-09-12,CUST-02518,cust-02518@lumenmail.com,Accessories,1,57.0,0.0,Organic,US,
ORD-002077,2024-11-17,CUST-01438,cust-01438@lumenmail.com,Accessories,2,707.12,0.0,Social,US,variant
ORD-003685,01/07/2023,CUST-01638,cust-01638@lumenmail.com,Accessories,1,46.3,0.0,Email,US,variant
ORD-008427,24/09/2023,CUST-02928,cust-02928@lumenmail.com,Décor,7,180.93,0.05,Paid Search,US,
ORD-008526,2024-12-08,CUST-02815,cust-02815@lumenmail.com,Lighting,1,26.11,0.0,Paid Search,US,
ORD-003947,2024-06-13,CUST-00624,cust-00624@lumenmail.com,Accessories,1,144.26,0.0,Paid Search,CA,variant
ORD-003415,2023-09-20,CUST-01318,cust-01318@lumenmail.com,Furniture,1,289.92,0.1,Organic,US,
ORD-003275,09/09/2024,CUST-02818,cust-02818@lumenmail.com,Furniture,1,121.32,0.05,Email,US,
ORD-002382,2024-02-08,CUST-01006,cust-01006@lumenmail.com,Furniture,2,73.49,0.0,Email,US,
ORD-006643,2023-06-17,CUST-02407,cust-02407@lumenmail.com,Lighting,1,40.51,0.0,Paid Search,US,control
ORD-003269,2024-07-15,CUST-02442,cust-02442@lumenmail.com,Décor,2,7.88,0.05,Paid Search,CA,variant
ORD-005488,2024-05-12,CUST-02502,cust-02502@lumenmail.com,Furniture,2,38.1,0.1,Social,US,
ORD-003291,2024-12-07,CUST-01227,cust-01227@lumenmail.com,Décor,2,34.67,0.0,Social,US,
ORD-005084,2024-02-26,CUST-01128,cust-01128@lumenmail.com,Furniture,6,177.29,0.1,Organic,US,control
ORD-009208,2024-12-04,CUST-01360,cust-01360@lumenmail.com,Outdoor,2,365.69,0.0,Email,AU,
ORD-004568,2024-03-29,CUST-01244,cust-01244@lumenmail.com,Outdoor,3,235.7,0.05,Paid Search,US,variant
ORD-003020,04/12/2023,CUST-02725,cust-02725@lumenmail.com,Lighting,1,67.81,0.0,Organic,US,
ORD-007234,2024-04-04,CUST-01075,cust-01075@lumenmail.com,Lighting,3,187.77,0.0,Paid Search,AU,
ORD-001646,2023-11-18,CUST-02505,cust-02505@lumenmail.com,Lighting,1,18.91,0.05,Email,US,control
ORD-002876,2024-12-26,CUST-02332,cust-02332@lumenmail.com,Accessories,2,25.16,0.15,Email,UK,
ORD-002662,2023-10-20,CUST-00187,cust-00187@lumenmail.com,Décor,1,15.49,0.2,Organic,US,variant
ORD-007177,2024-09-30,CUST-02078,cust-02078@lumenmail.com,Lighting,1,38.75,0.0,Paid Search,US,variant
ORD-005861,2024-08-30,CUST-00354,cust-00354@lumenmail.com,Accessories,4,61.74,0.2,Paid Search,US,variant
ORD-004440,2024-12-25,CUST-00675,cust-00675@lumenmail.com,Furniture,1,27.51,0.15,Email,US,
ORD-009464,2023-07-12,CUST-01236,cust-01236@lumenmail.com,Décor,1,152.03,0.05,Social,ZZ,variant
ORD-001968,2023-09-13,CUST-00626,cust-00626@lumenmail.com,Lighting,1,60.5,0.15,Paid Search,US,
ORD-004201,2024-03-01,,guest@lumenmail.com,Lighting,1,13.38,5.0,Email,US,variant
ORD-001717,2023-07-28,CUST-01327,cust-01327@lumenmail.com,Décor,3,136.69,0.0,Paid Search,CA,
ORD-002340,2024-03-08,CUST-02654,cust-02654@lumenmail.com,Outdoor,1,52.96,0.05,Paid Search,US,variant
ORD-001905,2024-08-03,CUST-00603,cust-00603@lumenmail.com,Lighting,1,28.38,5.0,Email,US,
ORD-007632,18/11/2024,CUST-01642,cust-01642@lumenmail.com,Furniture,2,19.98,0.0,Email,CA,control
ORD-008519,2024-10-07,CUST-02572,cust-02572@lumenmail.com,Décor,2,39.87,0.0,Paid Search,CA,variant
ORD-007485,22/04/2024,CUST-02816,cust-02816@lumenmail.com,Outdoor,1,343.3,0.05,Email,CA,
ORD-002636,2024-11-10,CUST-02104,cust-02104@lumenmail.com,Furniture,2,11.37,0.05,Organic,US,control
ORD-002567,2024-07-13,CUST-00444,cust-00444@lumenmail.com,Accessories,3,360.74,0.1,Social,US,control
ORD-005298,23/08/2024,CUST-00314,cust-00314@lumenmail.com,Furniture,2,157.58,0.05,Email,US,
ORD-008221,06/10/2024,CUST-02031,cust-02031@lumenmail.com,Furniture,1,676.88,0.0,Paid Search,US,
ORD-005706,2023-09-25,CUST-00673,cust-00673@lumenmail.com,Outdoor,3,93.93,0.0,Email,US,control
ORD-001456,2024-03-15,CUST-00708,cust-00708@lumenmail.com,Lighting,1,116.75,0.0,Email,AU,variant
ORD-007857,2023-06-06,CUST-02790,cust-02790@lumenmail.com,Décor,5,362.02,0.0,,US,variant
ORD-007651,2023-11-03,CUST-02035,cust-02035@lumenmail.com,Furniture,1,529.46,10.0,Organic,US,control
ORD-001200,2024-01-08,CUST-02419,cust-02419@lumenmail.com,Lighting,1,72.02,0.05,Email,US,control
ORD-009398,2024-02-17,CUST-02586,cust-02586@lumenmail.com,Furniture,1,12.77,0.15,Paid Search,UK,
ORD-007680,2024-02-24,CUST-01395,cust-01395@lumenmail.com,Lighting,1,24.7,0.0,Social,UK,control
ORD-000661,2024-12-15,CUST-00800,cust-00800@lumenmail.com,Furniture,4,340.52,0.0,Email,UK,variant
ORD-000197,2024-08-04,CUST-00118,cust-00118@lumenmail.com,Lighting,2,40.12,0.05,Social,US,variant
ORD-000205,2024-08-31,CUST-00113,cust-00113@lumenmail.com,Furniture,3,149.29,0.1,Paid Search,US,
ORD-006745,2024-06-11,CUST-02182,cust-02182@lumenmail.com,Lighting,1,129.59,0.1,Paid Search,UK,control
ORD-008394,2023-09-18,CUST-00013,cust-00013@lumenmail.com,Décor,4,225.65,0.15,Email,US,
ORD-008156,2024-10-28,CUST-02704,cust-02704@lumenmail.com,Furniture,1,418.84,0.0,Email,AU,
ORD-008604,2023-11-09,CUST-00225,cust-00225@lumenmail.com,Accessories,1,353.03,0.0,Email,US,control
ORD-006941,2024-11-27,CUST-01274,cust-01274@lumenmail.com,Furniture,6,30.02,0.15,Organic,US,control
ORD-005360,2024-12-02,CUST-01744,cust-01744@lumenmail.com,Furniture,-1,98.23,0.15,,UK,control
ORD-000070,2024-05-04,CUST-02803,cust-02803@lumenmail.com,Furniture,3,124.75,0.0,Paid Search,CA,variant
ORD-006133,2024-11-23,,guest@lumenmail.com,Outdoor,1,39.67,0.2,Paid Search,CA,
ORD-007040,2024-12-20,CUST-02438,cust-02438@lumenmail.com,Lighting,2,64.55,0.0,Social,US,variant
ORD-009373,2023-11-02,CUST-01834,cust-01834@lumenmail.com,Décor,4,55.0,0.0,Email,US,control
ORD-003988,2024-07-21,CUST-00486,cust-00486@lumenmail.com,Lighting,1,574.89,5.0,Paid Search,US,
ORD-006497,2024-03-14,CUST-01849,cust-01849@lumenmail.com,Furniture,3,48.7,0.0,Paid Search,US,
ORD-007575,2024-07-22,CUST-01798,cust-01798@lumenmail.com,Décor,4,28.13,0.0,Paid Search,US,control
ORD-004158,2024-02-10,CUST-00573,cust-00573@lumenmail.com,Furniture,1,44.31,5.0,Paid Search,US,
ORD-006784,2024-12-06,CUST-02339,cust-02339@lumenmail.com,Furniture,3,127.9,0.0,Organic,US,variant
ORD-002076,2024-05-20,CUST-02153,cust-02153@lumenmail.com,Furniture,2,96.21,0.0,Organic,US,
ORD-001976,2024-07-26,CUST-02882,cust-02882@lumenmail.com,Lighting,3,89.25,0.05,,US,
ORD-009518,2024-12-03,CUST-00146,cust-00146@lumenmail.com,Lighting,1,99.63,0.0,Paid Search,US,variant
ORD-000598,2024-03-03,CUST-02662,cust-02662@lumenmail.com,Furniture,2,45.81,0.05,Paid Search,UK,
ORD-002138,27/12/2024,CUST-02284,cust-02284@lumenmail.com,Outdoor,2,54.53,0.05,Paid Search,UK,variant
ORD-003210,2023-06-28,CUST-02325,cust-02325@lumenmail.com,Lighting,-3,89.76,0.0,Paid Search,US,
ORD-001895,2024-03-11,CUST-02324,cust-02324@lumenmail.com,Furniture,2,196.38,0.0,Social,US,control
ORD-004644,2023-12-29,,guest@lumenmail.com,Lighting,2,95.99,0.0,Paid Search,US,
ORD-001116,2024-12-28,CUST-01586,cust-01586@lumenmail.com,Lighting,1,362.73,0.05,Social,UK,
ORD-001197,2024-10-26,CUST-02830,cust-02830@lumenmail.com,Furniture,2,71.22,0.1,Email,US,
ORD-008026,2024-10-18,,guest@lumenmail.com,Décor,1,37.65,0.0,Paid Search,CA,
ORD-008216,2023-11-20,CUST-00781,cust-00781@lumenmail.com,Décor,2,71.97,0.05,Organic,UK,
ORD-006056,2023-10-24,CUST-00396,cust-00396@lumenmail.com,Furniture,1,118.86,0.0,Organic,US,variant
ORD-004873,2023-09-15,CUST-02558,cust-02558@lumenmail.com,Outdoor,2,19.16,0.2,Email,CA,variant
ORD-000748,2024-10-09,CUST-01085,cust-01085@lumenmail.com,Furniture,3,147.76,15.0,Paid Search,US,
ORD-004343,2024-04-19,CUST-01704,cust-01704@lumenmail.com,Décor,1,286.33,0.05,Email,UK,variant
ORD-006297,2024-04-22,CUST-01387,cust-01387@lumenmail.com,Furniture,3,90.42,0.15,Organic,US,
ORD-006480,14/11/2024,CUST-00012,cust-00012@lumenmail.com,Lighting,3,158.21,0.0,Email,UK,variant
ORD-004692,2024-04-26,CUST-01646,cust-01646@lumenmail.com,Furniture,2,8.6,0.0,Paid Search,UK,variant
ORD-007057,2024-08-27,CUST-01564,cust-01564@lumenmail.com,Décor,2,77.22,0.0,Paid Search,UK,control
ORD-006181,2024-06-12,CUST-00374,cust-00374@lumenmail.com,Lighting,7,73.53,0.05,,US,variant
ORD-006006,2023-10-22,CUST-01528,cust-01528@lumenmail.com,Furniture,3,21.47,0.0,Paid Search,UK,
ORD-008113,21/12/2023,CUST-02617,cust-02617@lumenmail.com,Décor,1,33.83,0.0,Email,ZZ,control
ORD-002660,2024-01-23,,guest@lumenmail.com,Furniture,3,14.08,0.0,Email,US,
ORD-002287,2024-08-16,CUST-00257,cust-00257@lumenmail.com,Décor,1,55.94,0.0,Email,CA,control
ORD-007344,2024-09-21,CUST-02338,cust-02338@lumenmail.com,lighting,3,5.14,5.0,Email,US,variant
ORD-001304,2023-08-26,CUST-00313,cust-00313@lumenmail.com,Lighting,2,45.85,0.1,Paid Search,CA,variant
ORD-005392,2024-05-02,CUST-00461,cust-00461@lumenmail.com,Décor,1,94.1,0.1,Social,UK,
ORD-003689,2023-06-07,CUST-00290,cust-00290@lumenmail.com,Lighting,4,80.73,0.15,Email,US,control
ORD-002141,2023-11-26,CUST-01969,cust-01969@lumenmail.com,Lighting,4,64.6,0.05,Social,UK,
ORD-008950,2023-10-22,CUST-00964,cust-00964@lumenmail.com,Lighting,3,15.7,0.05,Paid Search,US,variant
ORD-004286,2023-06-30,CUST-00709,cust-00709@lumenmail.com,Outdoor,4,5.4,0.2,Paid Search,CA,control
ORD-005751,2024-02-22,CUST-01498,cust-01498@lumenmail.com,Accessories,7,71.04,10.0,Organic,US,
ORD-003017,2024-04-16,CUST-01972,cust-01972@lumenmail.com,Décor,2,270.17,0.0,Organic,CA,
ORD-001543,2023-08-23,CUST-00747,cust-00747@lumenmail.com,Outdoor,1,155.24,10.0,Email,UK,
ORD-001211,2024-02-23,CUST-01902,cust-01902@lumenmail.com,Lighting,1,33.57,0.0,Organic,US,
ORD-001158,2023-11-09,CUST-00622,cust-00622@lumenmail.com,Lighting,6,62.68,0.05,Paid Search,UK,control
ORD-001331,2023-08-09,CUST-00672,cust-00672@lumenmail.com,Furniture,3,40.84,0.15,Email,CA,control
ORD-004995,2023-10-18,CUST-00305,cust-00305@lumenmail.com,Décor,1,82.65,0.0,Paid Search,US,
ORD-000766,2023-06-30,CUST-01102,cust-01102@lumenmail.com,Furniture,1,172.92,0.0,Paid Search,CA,variant
ORD-000923,2023-06-24,CUST-01920,cust-01920@lumenmail.com,Accessories,4,12.67,0.15,Email,ZZ,control
ORD-002042,2024-02-29,CUST-00335,cust-00335@lumenmail.com,Décor,2,28.37,0.0,Social,US,variant
ORD-005218,2024-06-04,CUST-02718,cust-02718@lumenmail.com,Lighting,1,176.09,0.0,Email,UK,
ORD-005297,2023-06-13,CUST-00531,cust-00531@lumenmail.com,Furniture,1,46.83,0.1,Organic,CA,control
ORD-003044,2023-10-26,CUST-01313,cust-01313@lumenmail.com,Lighting,3,263.67,0.05,Email,AU,
ORD-008298,2024-04-12,CUST-00880,cust-00880@lumenmail.com,Lighting,1,164.51,0.2,Email,US,variant
ORD-008704,31/01/2024,CUST-01530,cust-01530@lumenmail.com,Lighting,3,85.55,0.0,Email,CA,control
ORD-000392,2024-03-27,CUST-01448,cust-01448@lumenmail.com,Lighting,4,199.73,0.05,Paid Search,CA,control
ORD-002268,2023-11-26,CUST-02778,cust-02778@lumenmail.com,Lighting,1,102.88,0.0,Email,US,control
ORD-004359,15/12/2024,CUST-01147,cust-01147@lumenmail.com,Furniture,2,83.59,0.0,Social,CA,variant
ORD-002316,2023-08-25,CUST-01291,cust-01291@lumenmail.com,Décor,-1,36.58,0.0,Paid Search,AU,variant
ORD-002357,2023-11-27,CUST-00556,cust-00556@lumenmail.com,Lighting,5,0.0,0.1,Paid Search,AU,control
ORD-009529,2024-03-15,CUST-00364,cust-00364@lumenmail.com,Décor,1,130.56,0.1,Paid Search,AU,control
ORD-005436,04/12/2023,CUST-00534,cust-00534@lumenmail.com,Outdoor,2,199.53,0.1,Email,US,
ORD-002516,2024-09-11,CUST-00259,cust-00259@lumenmail.com,Furniture,1,331.99,0.0,Paid Search,US,variant
ORD-003255,2024-02-11,,guest@lumenmail.com,Lighting,1,0.0,0.05,Social,US,
ORD-003412,2024-11-23,CUST-02267,cust-02267@lumenmail.com,Lighting,2,49.07,0.0,Email,US,variant
ORD-005277,2024-07-31,CUST-02427,cust-02427@lumenmail.com,Lighting,3,356.56,0.1,Paid Search,CA,control
ORD-008246,2024-11-26,CUST-01179,cust-01179@lumenmail.com,Lighting,1,63.98,0.0,Paid Search,US,control
ORD-003256,28/11/2024,,guest@lumenmail.com,Furniture,1,37.93,0.0,Organic,CA,variant
ORD-005682,14/11/2023,CUST-01286,cust-01286@lumenmail.com,Lighting,2,70.82,0.1,Email,US,variant
ORD-005389,2024-08-10,CUST-02691,cust-02691@lumenmail.com,Décor,1,200.46,0.0,Email,CA,control
ORD-004754,2024-10-17,CUST-01645,cust-01645@lumenmail.com,Décor,2,7.79,0.05,Email,UK,variant
ORD-005351,2023-08-04,CUST-02820,cust-02820@lumenmail.com,Furniture,5,16.01,0.0,Email,US,
ORD-001301,2023-06-09,CUST-01560,cust-01560@lumenmail.com,Décor,2,36.21,0.0,Email,US,
ORD-009190,23/12/2024,CUST-00914,cust-00914@lumenmail.com,Outdoor,2,33.16,0.0,Email,CA,variant
ORD-003738,2023-09-23,CUST-00075,cust-00075@lumenmail.com,Lighting,2,613.34,0.0,Social,US,
ORD-004448,2023-08-20,CUST-02982,cust-02982@lumenmail.com,Lighting,3,78.45,0.2,Social,CA,
ORD-004177,2024-02-02,CUST-01451,cust-01451@lumenmail.com,Décor,2,16.89,0.0,Paid Search,UK,control
ORD-001187,2024-07-01,CUST-02525,cust-02525@lumenmail.com,lighting,2,26.93,0.0,Organic,CA,control
ORD-001475,2023-10-11,CUST-00124,cust-00124@lumenmail.com,Furniture,2,619.83,0.1,Social,US,variant
ORD-001322,2024-08-16,CUST-01322,cust-01322@lumenmail.com,Lighting,2,306.99,0.0,Paid Search,AU,
ORD-006716,2024-09-25,CUST-00292,cust-00292@lumenmail.com,Lighting,2,19.6,0.1,Organic,US,
ORD-006262,2024-05-09,CUST-02721,cust-02721@lumenmail.com,Furniture,1,85.29,0.0,Social,CA,
ORD-008614,2024-05-16,,guest@lumenmail.com,Outdoor,1,47.0,0.1,Email,US,variant
ORD-002425,2024-05-01,CUST-02433,cust-02433@lumenmail.com,Lighting,3,24.64,0.0,Organic,CA,variant
ORD-007982,2023-07-31,CUST-02993,cust-02993@lumenmail.com,Lighting,2,56.33,0.0,Social,US,
ORD-006086,2023-11-11,CUST-00197,cust-00197@lumenmail.com,Furniture,-5,89.78,0.15,Organic,US,
ORD-002997,06/06/2024,CUST-00841,cust-00841@lumenmail.com,Furniture,1,35.02,0.0,Email,US,control
ORD-001096,08/07/2024,CUST-02735,cust-02735@lumenmail.com,Lightng,1,312.58,0.05,Email,US,
ORD-003550,2024-07-29,CUST-01907,cust-01907@lumenmail.com,Décor,1,28.26,0.05,Paid Search,US,variant
ORD-001019,18/06/2023,CUST-01688,cust-01688@lumenmail.com,Décor,3,511.74,0.0,Social,US,variant
ORD-008461,2023-06-22,CUST-02842,cust-02842@lumenmail.com,Lighting,1,130.27,0.05,Paid Search,US,control
ORD-008981,03/09/2024,CUST-02845,cust-02845@lumenmail.com,Furniture,1,256.94,0.05,Email,US,variant
ORD-002612,2024-11-02,,guest@lumenmail.com,Outdoor,2,286.9,0.0,Paid Search,CA,
ORD-007396,2024-12-05,CUST-00811,cust-00811@lumenmail.com,Furniture,7,61.24,0.0,Paid Search,ZZ,variant
ORD-008689,2023-10-17,CUST-00084,cust-00084@lumenmail.com,Accessories,2,28.31,0.0,Email,US,control
ORD-005134,2024-04-28,CUST-01814,cust-01814@lumenmail.com,Décor,2,17.89,0.0,Paid Search,US,
ORD-000103,05/01/2024,CUST-00501,cust-00501@lumenmail.com,Lighting,4,82.45,0.05,Paid Search,US,control
ORD-009589,02/03/2024,CUST-00613,cust-00613@lumenmail.com,Lighting,2,88.73,0.0,Paid Search,US,control
ORD-002993,2024-06-21,CUST-01338,cust-01338@lumenmail.com,Furniture,6,71.43,0.0,Paid Search,US,
ORD-005046,18/11/2023,CUST-01242,cust-01242@lumenmail.com,Lighting,2,133.29,0.0,Email,US,variant
ORD-008393,08/06/2023,CUST-00302,cust-00302@lumenmail.com,Furniture,3,14.85,0.2,Paid Search,US,
ORD-008560,2024-01-06,CUST-01681,cust-01681@lumenmail.com,Accessories,2,488.33,0.0,Social,US,control
ORD-002687,2024-06-23,CUST-02965,cust-02965@lumenmail.com,Furniture,1,123.36,0.05,Email,US,variant
ORD-007836,2024-09-22,CUST-02798,cust-02798@lumenmail.com,Lighting,3,30.19,0.1,Email,CA,
ORD-000989,2024-04-17,CUST-02910,cust-02910@lumenmail.com,lighting,2,39.48,0.25,Paid Search,US,variant
ORD-009565,2023-10-24,CUST-00256,cust-00256@lumenmail.com,Accessories,1,88.5,0.0,Paid Search,US,control
ORD-008801,2024-01-04,CUST-00454,cust-00454@lumenmail.com,Lighting,3,657.24,0.05,Email,CA,
ORD-005378,06/07/2024,CUST-02145,cust-02145@lumenmail.com,Lighting,6,192.37,0.0,Email,US,variant
ORD-001471,2024-02-05,CUST-02593,cust-02593@lumenmail.com,Furniture,1,59.89,0.05,Paid Search,US,
ORD-002786,2024-09-22,,guest@lumenmail.com,Outdoor,1,0.0,0.15,,US,variant
ORD-004867,2023-12-30,CUST-01659,cust-01659@lumenmail.com,Décor,2,376.15,0.2,Paid Search,US,
ORD-004842,2024-05-16,CUST-01650,cust-01650@lumenmail.com,Outdoor,1,31.61,5.0,Email,US,
ORD-000120,2024-10-13,CUST-00170,cust-00170@lumenmail.com,Décor,1,160.87,0.0,Paid Search,US,variant
ORD-009228,2023-11-27,CUST-02678,cust-02678@lumenmail.com,lighting,4,304.67,0.15,Paid Search,US,variant
ORD-009209,2024-09-13,CUST-01778,cust-01778@lumenmail.com,Furniture,4,39.15,0.0,Organic,US,control
ORD-000808,2024-06-22,CUST-02252,cust-02252@lumenmail.com,Lighting,1,354.96,0.0,Paid Search,US,control
ORD-007866,2023-07-08,CUST-00114,cust-00114@lumenmail.com,Lighting,6,91.77,0.0,Email,AU,variant
ORD-005438,2024-05-04,CUST-00470,cust-00470@lumenmail.com,Furniture,2,75.35,0.15,Social,US,
ORD-003807,,CUST-00765,cust-00765@lumenmail.com,Lighting,7,48.69,15.0,Social,CA,variant
ORD-009153,2023-10-23,CUST-00651,cust-00651@lumenmail.com,Décor,2,33.86,0.05,Paid Search,US,
ORD-000843,2024-02-06,CUST-02086,cust-02086@lumenmail.com,Décor,1,157.91,0.25,Paid Search,US,control
ORD-000493,2024-04-02,CUST-02416,cust-02416@lumenmail.com,Outdoor,1,587.06,0.05,,CA,control
ORD-006210,2023-10-16,CUST-02810,cust-02810@lumenmail.com,Accessories,2,9.53,0.25,Paid Search,US,control
ORD-003088,2024-12-10,CUST-02999,cust-02999@lumenmail.com,Décor,2,87.01,0.05,Organic,US,control
ORD-005032,2023-11-17,CUST-01051,cust-01051@lumenmail.com,lighting,7,9.49,0.0,Organic,US,control
ORD-003607,20/11/2024,CUST-01199,cust-01199@lumenmail.com,Décor,-2,192.76,0.2,Email,US,variant
ORD-003521,2024-01-04,CUST-00772,cust-00772@lumenmail.com,Décor,1,391.64,5.0,Email,UK,control
ORD-000990,2024-01-01,CUST-01554,cust-01554@lumenmail.com,Outdoor,1,53.36,0.0,Organic,US,control
ORD-008547,,CUST-02457,cust-02457@lumenmail.com,Lighting,1,437.82,0.1,Paid Search,US,variant
ORD-007085,2023-09-27,CUST-02771,cust-02771@lumenmail.com,Lighting,7,320.07,0.1,Paid Search,US,control
ORD-009557,2024-02-16,CUST-00604,cust-00604@lumenmail.com,Lighting,2,23.24,0.1,Paid Search,US,control
ORD-007848,2023-10-15,CUST-01064,cust-01064@lumenmail.com,Outdoor,1,72.52,0.05,Paid Search,US,
ORD-008331,2024-04-30,CUST-02286,cust-02286@lumenmail.com,Lighting,3,177.25,0.0,Email,CA,control
ORD-001329,2023-06-02,CUST-00728,cust-00728@lumenmail.com,Décor,5,545.7,0.0,Email,ZZ,
ORD-008645,2024-11-24,CUST-00565,cust-00565@lumenmail.com,Décor,1,31.71,0.05,Social,CA,variant
ORD-007292,2024-12-12,,guest@lumenmail.com,Outdoor,6,510.08,0.2,Organic,US,variant
ORD-003601,2023-06-27,CUST-02552,cust-02552@lumenmail.com,Lighting,2,48.42,0.0,Organic,CA,control
ORD-005836,2024-03-11,CUST-02631,cust-02631@lumenmail.com,Décor,5,174.19,0.15,Paid Search,US,
ORD-007818,2024-07-09,CUST-02226,cust-02226@lumenmail.com,Décor,2,183.49,0.0,Paid Search,US,variant
ORD-004721,2024-01-25,CUST-01928,cust-01928@lumenmail.com,Lighting,1,174.65,0.0,Email,CA,variant
ORD-002553,2024-12-01,,guest@lumenmail.com,Décor,1,155.53,0.0,Paid Search,AU,control
ORD-007198,2024-09-12,CUST-01098,cust-01098@lumenmail.com,Lighting,2,26.93,0.1,Organic,US,
ORD-006709,2024-06-07,CUST-01624,cust-01624@lumenmail.com,Décor,4,59.27,0.05,Paid Search,US,control
ORD-007489,2024-07-25,CUST-00875,cust-00875@lumenmail.com,Furniture,1,183.22,0.05,Email,US,variant
ORD-005857,,CUST-00867,cust-00867@lumenmail.com,Accessories,3,105.17,0.2,Email,CA,
ORD-008707,2023-12-22,,guest@lumenmail.com,Décor,1,235.13,0.2,Paid Search,CA,control
ORD-004941,2024-11-01,CUST-00468,cust-00468@lumenmail.com,Outdoor,3,52.03,0.05,Paid Search,US,
ORD-003928,2024-05-30,CUST-02071,cust-02071@lumenmail.com,Lighting,4,58.14,0.2,Paid Search,US,
ORD-001925,2023-09-09,CUST-02129,cust-02129@lumenmail.com,Accessories,1,97.11,0.05,,CA,
ORD-004841,2023-07-27,CUST-02526,cust-02526@lumenmail.com,Décor,1,80.61,0.0,,UK,variant
ORD-000184,2024-02-01,CUST-00149,cust-00149@lumenmail.com,Lighting,2,167.57,0.05,Email,AU,
ORD-002241,2024-04-26,CUST-02034,cust-02034@lumenmail.com,Outdoor,2,8.72,0.0,Email,AU,control
ORD-004664,2023-07-23,CUST-02160,cust-02160@lumenmail.com,Décor,5,17.46,0.0,Organic,US,control
ORD-007553,2023-07-18,CUST-00388,cust-00388@lumenmail.com,Furniture,3,28.73,0.0,,US,
ORD-006084,18/10/2023,CUST-00046,cust-00046@lumenmail.com,Lighting,2,82.4,0.0,Paid Search,ZZ,variant
ORD-005681,2024-11-17,CUST-01041,cust-01041@lumenmail.com,Décor,1,83.64,0.0,Organic,AU,
ORD-008155,2023-06-22,CUST-00865,cust-00865@lumenmail.com,Décor,2,34.3,0.15,Email,US,control
ORD-006192,2023-12-22,CUST-00980,cust-00980@lumenmail.com,Furniture,5,111.22,0.05,Paid Search,US,
ORD-000335,2024-08-29,CUST-00287,cust-00287@lumenmail.com,Accessories,7,20.31,0.0,Paid Search,US,
ORD-002914,2023-11-06,CUST-01925,cust-01925@lumenmail.com,Décor,-6,41.43,0.0,Email,CA,control
ORD-007547,2023-09-07,,guest@lumenmail.com,Lighting,2,93.65,0.15,Paid Search,UK,
ORD-003152,2024-07-10,CUST-00815,cust-00815@lumenmail.com,Lighting,1,35.65,0.0,Paid Search,US,variant
ORD-008476,2024-08-11,CUST-02062,cust-02062@lumenmail.com,Lighting,1,305.36,0.0,Paid Search,US,
ORD-003377,2024-06-16,CUST-00415,cust-00415@lumenmail.com,Décor,1,24.24,0.1,,CA,
ORD-007958,15/04/2024,CUST-02388,cust-02388@lumenmail.com,Décor,2,51.04,0.25,Paid Search,US,control
ORD-002136,2024-08-03,CUST-02956,cust-02956@lumenmail.com,Décor,1,53.01,0.05,Organic,UK,
ORD-004066,2024-03-22,CUST-00698,cust-00698@lumenmail.com,lighting,1,32.81,0.2,Email,UK,
ORD-008578,2023-08-26,CUST-00834,cust-00834@lumenmail.com,Lighting,1,728.45,15.0,Paid Search,US,variant
ORD-005055,2024-01-11,CUST-00808,cust-00808@lumenmail.com,Décor,4,61.56,0.0,Email,US,control
ORD-003475,2024-01-19,CUST-00636,cust-00636@lumenmail.com,Outdoor,1,97.82,0.15,Social,AU,control
ORD-004405,07/08/2024,CUST-01633,cust-01633@lumenmail.com,Lighting,2,118.69,0.2,Paid Search,CA,control
ORD-000634,2024-07-14,CUST-02970,cust-02970@lumenmail.com,Décor,2,77.15,0.0,,AU,variant
ORD-007267,2024-11-26,CUST-01031,cust-01031@lumenmail.com,Décor,3,80.29,0.0,Paid Search,US,variant
ORD-000589,2023-11-06,CUST-02984,cust-02984@lumenmail.com,Lighting,1,15.61,0.1,Organic,CA,control
ORD-002310,2024-02-25,CUST-00051,cust-00051@lumenmail.com,Décor,1,22.52,0.15,Paid Search,CA,
ORD-004409,2024-04-05,CUST-01591,cust-01591@lumenmail.com,Lighting,3,463.79,0.1,Organic,US,variant
ORD-003463,2023-11-30,CUST-01395,cust-01395@lumenmail.com,Lighting,4,215.02,0.05,Social,CA,
ORD-000189,2024-12-15,CUST-00839,cust-00839@lumenmail.com,Décor,2,90.17,0.0,Paid Search,US,control
ORD-008435,11/07/2023,CUST-02830,cust-02830@lumenmail.com,Outdoor,2,178.98,0.15,Paid Search,US,
ORD-000388,2024-06-13,CUST-02064,cust-02064@lumenmail.com,Lighting,1,85.88,0.25,Organic,US,control
ORD-000797,2024-08-31,CUST-02843,cust-02843@lumenmail.com,Décor,2,165.23,0.1,Social,US,
ORD-007005,06/11/2024,CUST-00999,cust-00999@lumenmail.com,Accessories,2,50.74,0.0,Organic,US,
ORD-003406,2024-03-27,CUST-02948,cust-02948@lumenmail.com,Lighting,2,18.02,0.05,,UK,control
ORD-002274,2023-12-30,CUST-01213,cust-01213@lumenmail.com,Décor,2,781.41,0.0,Email,US,control
ORD-008236,01/09/2023,CUST-00672,cust-00672@lumenmail.com,Outdoor,1,29.39,0.0,Paid Search,ZZ,
ORD-003603,2024-05-26,CUST-02152,cust-02152@lumenmail.com,Furniture,4,269.3,0.0,Paid Search,CA,
ORD-003342,2024-05-06,CUST-01775,cust-01775@lumenmail.com,Lighting,3,29.93,0.0,Email,US,
ORD-005119,2023-11-18,CUST-00448,cust-00448@lumenmail.com,Décor,1,278.88,0.05,Organic,UK,control
ORD-000267,2023-11-02,CUST-01880,cust-01880@lumenmail.com,Décor,2,23.4,0.0,Email,US,variant
ORD-005582,21/02/2024,CUST-02012,cust-02012@lumenmail.com,Lighting,1,137.76,0.05,Email,CA,variant
ORD-001063,2024-07-09,,guest@lumenmail.com,Lighting,2,727.03,0.05,Email,US,control
ORD-002638,2023-11-09,CUST-01047,cust-01047@lumenmail.com,Décor,1,123.15,0.15,Organic,US,variant
ORD-007301,2024-04-23,CUST-01403,cust-01403@lumenmail.com,Lighting,1,31.33,0.05,Email,US,variant
ORD-005316,2024-06-21,CUST-01571,cust-01571@lumenmail.com,Lighting,1,133.03,0.0,Social,US,
ORD-005775,2024-03-08,CUST-01451,cust-01451@lumenmail.com,Lighting,3,764.53,0.05,Organic,US,variant
ORD-001640,2023-06-30,CUST-02571,cust-02571@lumenmail.com,Décor,1,97.52,0.05,Organic,CA,control
ORD-006235,2024-05-12,CUST-00289,cust-00289@lumenmail.com,Accessories,3,401.19,0.0,Email,US,
ORD-005096,2024-07-17,CUST-01493,cust-01493@lumenmail.com,Accessories,2,350.68,0.25,Organic,US,variant
ORD-003369,2024-08-29,CUST-01761,cust-01761@lumenmail.com,Décor,3,43.84,0.05,Email,US,control
ORD-000957,2024-10-14,CUST-00999,cust-00999@lumenmail.com,Furniture,1,350.77,0.0,Organic,US,
ORD-008549,2024-02-03,CUST-02119,cust-02119@lumenmail.com,Furniture,1,77.51,0.2,Paid Search,US,
ORD-006515,2024-05-24,CUST-00181,cust-00181@lumenmail.com,Outdoor,1,21.46,0.05,Paid Search,UK,control
ORD-002165,2023-08-10,CUST-02167,cust-02167@lumenmail.com,Furniture,6,5.41,0.1,Social,US,variant
ORD-001275,2024-07-16,CUST-01742,cust-01742@lumenmail.com,Furniture,5,13.64,0.05,Paid Search,US,
ORD-000391,2023-09-06,CUST-00392,cust-00392@lumenmail.com,Décor,1,126.37,0.2,Paid Search,US,variant
ORD-000608,2024-01-19,CUST-00470,cust-00470@lumenmail.com,Décor,2,21.06,0.1,Email,US,variant
ORD-001926,20/08/2023,CUST-01575,cust-01575@lumenmail.com,Décor,3,97.38,0.0,Email,UK,
ORD-007605,2023-08-12,CUST-02465,cust-02465@lumenmail.com,Furniture,2,7.45,0.0,Email,US,variant
ORD-004421,2024-10-27,CUST-02052,cust-02052@lumenmail.com,Furniture,1,113.29,0.0,Email,US,
ORD-001609,2023-12-24,CUST-01576,cust-01576@lumenmail.com,Décor,3,22.53,0.05,,UK,control
ORD-001193,04/09/2024,CUST-00371,cust-00371@lumenmail.com,Décor,2,54.58,0.15,Email,CA,variant
ORD-006547,2023-12-28,CUST-00723,cust-00723@lumenmail.com,Décor,5,30.66,0.1,Paid Search,US,variant
ORD-004837,2024-05-14,CUST-00568,cust-00568@lumenmail.com,Accessories,2,596.39,0.0,Social,UK,control
ORD-002640,2024-02-12,CUST-00202,cust-00202@lumenmail.com,Furniture,1,24.37,0.0,Social,US,control
ORD-005398,2023-07-22,CUST-01202,cust-01202@lumenmail.com,Furniture,2,32.63,0.0,Paid Search,AU,control
ORD-008898,2024-04-08,CUST-01980,cust-01980@lumenmail.com,Furniture,2,94.72,0.1,Paid Search,AU,
ORD-002858,2023-10-21,CUST-01393,cust-01393@lumenmail.com,Décor,3,60.83,0.0,Paid Search,US,control
ORD-008078,2024-03-01,CUST-02148,cust-02148@lumenmail.com,Lighting,2,198.54,0.2,Organic,US,control
ORD-003141,2024-04-28,CUST-00649,cust-00649@lumenmail.com,Furniture,6,91.77,0.0,Organic,US,
ORD-003472,2024-11-10,CUST-00505,cust-00505@lumenmail.com,Décor,1,50.88,0.0,Organic,US,
ORD-003518,18/06/2024,CUST-01590,cust-01590@lumenmail.com,Furniture,1,14.9,0.0,Organic,US,variant
ORD-008144,2023-06-22,CUST-02385,cust-02385@lumenmail.com,Furniture,7,16.17,0.0,Social,US,control
ORD-002476,2024-11-12,CUST-01434,cust-01434@lumenmail.com,Accessories,3,216.89,0.0,Paid Search,US,variant
ORD-005954,2024-09-03,CUST-02403,cust-02403@lumenmail.com,Outdoor,1,0.0,0.0,Organic,US,
ORD-001389,2023-12-28,CUST-00423,cust-00423@lumenmail.com,Décor,2,26.81,0.2,Email,UK,variant
ORD-000274,2024-12-05,CUST-02395,cust-02395@lumenmail.com,Décor,6,28.28,0.0,Organic,US,
ORD-008580,2024-07-16,CUST-01073,cust-01073@lumenmail.com,Furniture,4,127.66,0.15,Organic,US,variant
ORD-002232,08/10/2024,CUST-02844,cust-02844@lumenmail.com,lighting,5,384.71,0.2,Paid Search,UK,control
ORD-006821,2024-09-25,CUST-01314,cust-01314@lumenmail.com,Décor,-2,59.42,0.1,Organic,US,
ORD-001337,22/10/2024,CUST-02284,cust-02284@lumenmail.com,Furniture,1,27.18,0.2,Email,UK,
ORD-004433,2024-07-21,CUST-01513,cust-01513@lumenmail.com,Lighting,4,44.11,0.0,Organic,UK,variant
ORD-005591,2023-07-17,CUST-00460,cust-00460@lumenmail.com,Accessories,7,76.29,0.0,Email,US,
ORD-002787,2023-12-11,CUST-01561,cust-01561@lumenmail.com,Outdoor,7,41.73,0.15,Organic,US,control
ORD-008802,14/10/2024,CUST-02922,cust-02922@lumenmail.com,Furniture,1,34.74,0.25,Email,US,control
ORD-008340,2024-04-09,CUST-02814,cust-02814@lumenmail.com,Lighting,2,190.57,5.0,Paid Search,CA,variant
ORD-000190,2024-05-11,CUST-00600,cust-00600@lumenmail.com,Décor,2,12.06,0.0,Organic,US,variant
ORD-000548,2024-04-18,CUST-02986,cust-02986@lumenmail.com,Furniture,3,30.87,0.05,Social,US,control
ORD-000349,2024-10-05,CUST-00084,cust-00084@lumenmail.com,Furniture,1,72.06,0.0,Paid Search,CA,
ORD-007658,2024-03-30,CUST-01149,cust-01149@lumenmail.com,Décor,2,64.87,0.1,Paid Search,US,control
ORD-000407,2023-12-30,,guest@lumenmail.com,Décor,2,183.83,0.0,Email,US,
ORD-003216,2024-11-13,,guest@lumenmail.com,Furniture,2,83.74,0.0,Paid Search,US,
ORD-006024,2024-08-23,CUST-00753,cust-00753@lumenmail.com,Décor,3,237.8,0.0,Organic,US,variant
ORD-003727,2024-02-03,CUST-02949,cust-02949@lumenmail.com,Accessories,1,23.51,0.0,Organic,CA,
ORD-004964,2024-12-16,CUST-01512,cust-01512@lumenmail.com,Lighting,2,83.29,5.0,Paid Search,CA,control
ORD-001620,2023-12-12,CUST-00128,cust-00128@lumenmail.com,Furniture,1,17.02,0.0,Paid Search,AU,variant
ORD-005934,2024-01-23,CUST-00306,cust-00306@lumenmail.com,Décor,5,17.41,0.0,Paid Search,US,variant
ORD-004792,09/06/2024,CUST-01895,cust-01895@lumenmail.com,Décor,2,62.52,0.0,,US,
ORD-002812,2023-07-07,CUST-00766,cust-00766@lumenmail.com,Outdoor,2,79.21,0.0,Social,US,
ORD-008531,2023-09-23,CUST-02438,cust-02438@lumenmail.com,Furniture,3,44.91,0.0,Email,CA,
ORD-001999,2024-08-12,CUST-01546,cust-01546@lumenmail.com,Lighting,1,51.81,0.1,Organic,AU,
ORD-003276,2023-10-24,CUST-01588,cust-01588@lumenmail.com,Furniture,3,15.49,5.0,Email,UK,control
ORD-006558,2024-09-11,CUST-02726,cust-02726@lumenmail.com,Lighting,2,14.89,0.1,Paid Search,ZZ,variant
ORD-009127,24/12/2023,CUST-00678,cust-00678@lumenmail.com,Accessories,2,608.55,0.05,Email,CA,variant
ORD-009423,31/08/2024,CUST-00161,cust-00161@lumenmail.com,Décor,1,79.45,0.1,Email,US,variant
ORD-008495,27/09/2023,CUST-00887,cust-00887@lumenmail.com,Lighting,4,61.92,0.0,Email,AU,
ORD-007173,2023-08-03,CUST-00847,cust-00847@lumenmail.com,Lightng,2,105.55,0.0,Email,CA,variant
ORD-008343,2023-12-30,,guest@lumenmail.com,Outdoor,3,28.32,0.15,Email,AU,control
ORD-004195,2023-07-09,CUST-01566,cust-01566@lumenmail.com,Décor,2,21.35,0.0,Organic,AU,control
ORD-001642,2023-09-18,CUST-01559,cust-01559@lumenmail.com,Lighting,1,549.72,0.05,Organic,US,variant
ORD-001606,2024-08-27,CUST-01646,cust-01646@lumenmail.com,Furniture,1,20.34,0.05,Email,US,variant
ORD-002620,2024-08-05,,guest@lumenmail.com,Lighting,3,24.52,0.1,Organic,US,control
ORD-006103,2023-07-15,CUST-01549,cust-01549@lumenmail.com,Décor,1,48.85,0.15,Paid Search,UK,variant
ORD-006051,2024-10-10,,guest@lumenmail.com,Lighting,1,113.16,0.0,Email,US,
ORD-008356,2024-12-02,CUST-01700,cust-01700@lumenmail.com,Outdoor,2,482.19,0.0,Paid Search,AU,variant
ORD-006479,2024-04-09,CUST-02550,cust-02550@lumenmail.com,Accessories,5,47.53,0.15,Organic,US,
ORD-007496,11/09/2023,CUST-00249,cust-00249@lumenmail.com,Lighting,1,0.0,0.0,Paid Search,US,
ORD-003183,2024-08-14,CUST-01476,cust-01476@lumenmail.com,Décor,6,283.78,0.2,Paid Search,US,variant
ORD-001590,2024-04-07,CUST-02884,cust-02884@lumenmail.com,Lighting,5,299.28,0.1,Social,CA,control
ORD-009272,2023-06-19,CUST-01579,cust-01579@lumenmail.com,Furniture,2,98.56,0.0,Social,CA,variant
ORD-001988,2023-09-29,CUST-01573,cust-01573@lumenmail.com,Décor,2,129.04,0.0,Organic,US,variant
ORD-003363,2023-08-15,CUST-01186,cust-01186@lumenmail.com,Lighting,4,71.06,0.0,Paid Search,US,
ORD-007097,2023-09-29,CUST-02519,cust-02519@lumenmail.com,Furniture,5,171.62,0.0,Email,US,
ORD-007164,2023-11-18,CUST-02985,cust-02985@lumenmail.com,Outdoor,1,227.82,0.0,Email,CA,control
ORD-009451,2023-12-26,CUST-00122,cust-00122@lumenmail.com,Lighting,2,49.11,0.0,Paid Search,US,control
ORD-000060,2024-12-23,CUST-01777,cust-01777@lumenmail.com,Furniture,3,92.53,0.2,Organic,US,
ORD-006351,2023-09-26,CUST-02202,cust-02202@lumenmail.com,Furniture,2,47.21,0.0,Email,US,
ORD-003477,2023-09-04,CUST-02283,cust-02283@lumenmail.com,Décor,2,135.41,0.0,Email,UK,
ORD-004539,2023-06-13,CUST-00621,cust-00621@lumenmail.com,Lightng,2,74.55,0.0,Organic,CA,control
ORD-005933,2024-08-16,CUST-01604,cust-01604@lumenmail.com,Furniture,2,88.72,0.0,Organic,US,control
ORD-007440,2024-09-05,CUST-01760,cust-01760@lumenmail.com,Décor,2,46.35,0.2,Email,AU,variant
ORD-008699,2023-12-06,CUST-01611,cust-01611@lumenmail.com,Outdoor,1,71.04,0.0,Paid Search,US,
ORD-008939,2023-06-10,CUST-00960,cust-00960@lumenmail.com,Accessories,3,582.22,0.0,Social,US,variant
ORD-009200,2024-03-02,CUST-02715,cust-02715@lumenmail.com,Décor,3,33.2,0.0,Organic,US,variant
ORD-004766,2024-09-03,,guest@lumenmail.com,Décor,-3,38.36,0.2,Email,AU,control
ORD-008594,2024-10-18,,guest@lumenmail.com,Lighting,1,43.19,0.1,Email,ZZ,
ORD-003714,2024-08-23,CUST-01460,cust-01460@lumenmail.com,Lighting,2,6.12,0.2,Paid Search,US,variant
ORD-001522,2024-05-13,CUST-00647,cust-00647@lumenmail.com,Accessories,2,42.93,0.05,Email,UK,variant
ORD-001783,2024-10-17,CUST-01071,cust-01071@lumenmail.com,Accessories,1,389.87,0.1,Social,US,control
ORD-001090,2023-12-16,CUST-00983,cust-00983@lumenmail.com,Lighting,2,199.68,0.0,Paid Search,CA,
ORD-006052,2024-05-29,CUST-00178,cust-00178@lumenmail.com,Accessories,1,181.47,0.15,Paid Search,UK,variant
ORD-004670,2023-12-04,CUST-00274,cust-00274@lumenmail.com,Lighting,1,15.0,0.0,Paid Search,US,control
ORD-009089,2024-07-06,CUST-00141,cust-00141@lumenmail.com,Décor,2,138.21,0.0,,CA,variant
ORD-005962,2023-08-06,CUST-01732,cust-01732@lumenmail.com,Décor,2,85.29,0.15,Paid Search,CA,control
ORD-004100,2024-04-03,,guest@lumenmail.com,Lighting,1,21.93,0.05,Paid Search,AU,variant
ORD-009064,2024-09-18,CUST-00888,cust-00888@lumenmail.com,Lighting,3,105.05,0.0,Email,US,
ORD-006895,2023-07-21,CUST-02722,cust-02722@lumenmail.com,Décor,4,21.79,0.1,Organic,US,control
ORD-007841,2024-03-06,CUST-00114,cust-00114@lumenmail.com,Lighting,1,348.7,5.0,Paid Search,US,control
ORD-006369,2024-03-08,CUST-02784,cust-02784@lumenmail.com,Furniture,1,88.63,0.1,Paid Search,US,control
ORD-008631,2024-09-04,CUST-01707,cust-01707@lumenmail.com,Lighting,4,165.41,0.15,Paid Search,AU,
ORD-004113,2023-09-07,CUST-00338,cust-00338@lumenmail.com,Outdoor,4,24.58,0.2,Email,AU,
ORD-007000,2023-12-06,CUST-01423,cust-01423@lumenmail.com,Lighting,1,9.77,0.0,Paid Search,US,control
ORD-004430,2024-11-14,CUST-01504,cust-01504@lumenmail.com,Lighting,3,11.62,0.15,Email,US,
ORD-009387,2024-01-04,,guest@lumenmail.com,Décor,1,39.39,0.05,,UK,variant
ORD-004936,2023-07-18,CUST-01150,cust-01150@lumenmail.com,Outdoor,-1,421.12,0.05,Organic,US,control
ORD-005393,2023-09-19,CUST-00954,cust-00954@lumenmail.com,Lightng,1,92.39,0.0,Social,UK,control
ORD-002547,2024-06-28,,guest@lumenmail.com,Lighting,1,314.23,0.0,Email,US,
ORD-001834,2024-07-19,CUST-02914,cust-02914@lumenmail.com,Lighting,1,180.83,0.0,Organic,UK,variant
ORD-003770,2023-07-26,CUST-01070,cust-01070@lumenmail.com,Lighting,2,87.17,0.0,Paid Search,US,
ORD-001161,2024-03-16,CUST-01597,cust-01597@lumenmail.com,Furniture,1,195.64,0.05,Email,US,control
ORD-003299,23/11/2024,,guest@lumenmail.com,Furniture,5,99.8,0.0,Paid Search,US,
ORD-009341,27/05/2024,CUST-01131,cust-01131@lumenmail.com,Lighting,2,760.58,0.0,Email,US,variant
ORD-005953,2023-07-19,,guest@lumenmail.com,Lighting,4,190.39,0.1,Paid Search,US,control
ORD-003551,2023-11-09,CUST-01257,cust-01257@lumenmail.com,Décor,3,215.87,0.05,Paid Search,CA,control
ORD-008537,2024-09-14,CUST-00727,cust-00727@lumenmail.com,Lighting,1,36.9,0.1,Organic,CA,
ORD-004117,2024-10-23,CUST-02932,cust-02932@lumenmail.com,Furniture,2,10.84,0.05,Paid Search,US,variant
ORD-007088,04/02/2024,,guest@lumenmail.com,Accessories,2,651.66,0.0,Social,US,
ORD-007242,2023-06-08,CUST-02707,cust-02707@lumenmail.com,Lighting,1,99.0,0.0,Paid Search,UK,control
ORD-005299,2024-08-23,CUST-02629,cust-02629@lumenmail.com,Furniture,1,59.63,0.0,Organic,US,variant
ORD-004203,2024-11-11,CUST-00150,cust-00150@lumenmail.com,Lighting,1,34.16,0.0,Organic,US,variant
ORD-005639,2023-09-20,CUST-00216,cust-00216@lumenmail.com,Furniture,1,10.01,0.05,Email,US,
ORD-007108,2023-09-29,CUST-00272,cust-00272@lumenmail.com,Furniture,1,518.3,0.0,Social,US,variant
ORD-005011,2024-09-05,CUST-01495,cust-01495@lumenmail.com,Décor,2,74.62,0.0,Organic,US,
ORD-005786,2024-06-07,,guest@lumenmail.com,Furniture,2,156.26,0.2,Social,US,variant
ORD-005846,05/12/2024,CUST-02075,cust-02075@lumenmail.com,Lighting,2,71.83,0.15,Email,US,variant
ORD-006159,2024-07-24,CUST-00734,cust-00734@lumenmail.com,Lighting,2,36.73,0.05,Organic,CA,
ORD-007068,2023-08-09,CUST-02302,cust-02302@lumenmail.com,Lighting,1,53.71,0.0,Social,UK,control
ORD-008235,2024-06-03,CUST-00051,cust-00051@lumenmail.com,Furniture,1,232.44,0.0,Organic,US,
ORD-003668,2024-05-21,CUST-01016,cust-01016@lumenmail.com,Décor,1,397.11,0.15,Social,US,control
ORD-004389,10/07/2023,CUST-00033,cust-00033@lumenmail.com,Lighting,1,157.61,0.0,Email,US,
ORD-008014,26/09/2024,,guest@lumenmail.com,Accessories,1,154.42,0.05,Social,US,
ORD-008086,03/10/2023,CUST-00334,cust-00334@lumenmail.com,Lighting,2,76.61,0.1,Paid Search,CA,
ORD-004623,19/06/2023,CUST-01643,cust-01643@lumenmail.com,Furniture,1,63.33,0.05,Email,CA,
ORD-003217,13/10/2024,CUST-01669,cust-01669@lumenmail.com,Accessories,1,139.12,0.0,Social,CA,control
ORD-002379,2023-09-08,CUST-00984,cust-00984@lumenmail.com,Décor,1,74.98,0.1,Social,CA,control
ORD-001185,2024-01-26,CUST-01805,cust-01805@lumenmail.com,Décor,1,41.27,0.05,Organic,UK,
ORD-000220,2024-01-03,CUST-01012,cust-01012@lumenmail.com,Lighting,1,50.3,0.05,Organic,CA,
ORD-008633,2023-11-19,CUST-01141,cust-01141@lumenmail.com,Furniture,1,305.82,0.1,Paid Search,US,variant
ORD-008046,2023-12-14,CUST-00498,cust-00498@lumenmail.com,Décor,4,17.72,0.0,Paid Search,CA,variant
ORD-003964,2023-08-26,,guest@lumenmail.com,Décor,4,438.54,0.1,Paid Search,UK,variant
ORD-006852,2024-12-14,CUST-02061,cust-02061@lumenmail.com,Furniture,1,351.37,0.05,Paid Search,AU,control
ORD-008913,2024-07-18,CUST-02114,cust-02114@lumenmail.com,Accessories,1,13.01,0.0,Email,US,
ORD-009524,2023-07-13,CUST-02154,cust-02154@lumenmail.com,Lighting,-1,234.17,0.0,Paid Search,US,control
ORD-000253,2023-11-02,CUST-01846,cust-01846@lumenmail.com,Accessories,1,384.87,0.0,Paid Search,US,
ORD-002190,2024-06-13,CUST-00828,cust-00828@lumenmail.com,Furniture,4,42.9,0.1,Social,UK,control
ORD-003564,2023-09-06,CUST-00223,cust-00223@lumenmail.com,Décor,1,75.03,0.1,Organic,UK,control
ORD-003376,2024-03-04,CUST-02732,cust-02732@lumenmail.com,Décor,1,29.76,0.0,Organic,US,control
ORD-003050,2023-07-02,CUST-02842,cust-02842@lumenmail.com,Lighting,1,39.04,5.0,Email,US,variant
ORD-000176,,CUST-02395,cust-02395@lumenmail.com,Furniture,1,172.11,0.05,Organic,US,
ORD-002375,2023-11-13,CUST-01476,cust-01476@lumenmail.com,Lighting,1,80.13,0.0,Paid Search,US,
ORD-002832,2024-08-19,CUST-02352,cust-02352@lumenmail.com,Outdoor,1,7.73,0.05,Paid Search,US,control
ORD-007759,2024-06-28,CUST-00082,cust-00082@lumenmail.com,Lighting,2,185.59,0.1,Organic,US,
ORD-000800,2024-05-27,CUST-00767,cust-00767@lumenmail.com,Furniture,1,23.42,0.25,Organic,US,control
ORD-003175,2023-09-15,CUST-02690,cust-02690@lumenmail.com,Lighting,2,223.38,0.05,Organic,CA,variant
ORD-009312,12/01/2024,CUST-01280,cust-01280@lumenmail.com,Décor,1,75.71,0.0,Email,US,variant
ORD-001451,2023-11-28,CUST-00419,cust-00419@lumenmail.com,Furniture,2,277.95,0.0,Paid Search,US,
ORD-005181,2024-11-10,CUST-00995,cust-00995@lumenmail.com,Lighting,1,122.43,0.0,Paid Search,US,
ORD-008880,2024-07-09,,guest@lumenmail.com,Décor,2,28.63,0.0,Paid Search,US,variant
ORD-008959,2024-09-03,CUST-00361,cust-00361@lumenmail.com,Accessories,1,139.23,0.05,Social,US,variant
ORD-007858,2024-08-09,CUST-01819,cust-01819@lumenmail.com,Lighting,2,82.73,0.15,Paid Search,US,
ORD-002930,2024-11-29,CUST-02541,cust-02541@lumenmail.com,Décor,2,12.72,0.0,Social,CA,variant
ORD-003502,2023-08-27,,guest@lumenmail.com,Furniture,2,61.48,0.15,Email,US,
ORD-000400,2024-03-13,CUST-01368,cust-01368@lumenmail.com,Lightng,3,112.37,0.1,Email,UK,control
ORD-009342,2023-06-17,CUST-01315,cust-01315@lumenmail.com,Lighting,1,126.57,0.1,Social,US,
ORD-009261,30/12/2024,CUST-01572,cust-01572@lumenmail.com,Accessories,2,614.6,0.15,,US,
ORD-006023,2024-07-05,CUST-00134,cust-00134@lumenmail.com,Lighting,4,18.44,0.0,,CA,control
ORD-006655,15/08/2023,CUST-02997,cust-02997@lumenmail.com,Furniture,1,120.48,0.1,Social,AU,variant
ORD-004507,2023-07-03,CUST-02550,cust-02550@lumenmail.com,Décor,1,74.64,0.15,Social,US,variant
ORD-009018,2024-12-30,CUST-01256,cust-01256@lumenmail.com,Furniture,1,169.15,0.0,,CA,control
ORD-007922,2023-07-15,,guest@lumenmail.com,Décor,1,640.95,0.05,Email,UK,
ORD-005529,2024-09-30,,guest@lumenmail.com,Lighting,1,118.21,0.05,Paid Search,US,
ORD-008010,2023-12-16,CUST-02847,cust-02847@lumenmail.com,Outdoor,1,216.7,0.05,Paid Search,US,variant
ORD-007692,2023-10-24,CUST-02236,cust-02236@lumenmail.com,Outdoor,3,94.02,0.0,Email,CA,control
ORD-006077,17/06/2023,CUST-00649,cust-00649@lumenmail.com,Décor,3,451.76,0.1,Paid Search,US,
ORD-004789,2024-10-24,,guest@lumenmail.com,Lighting,-7,512.88,0.2,Organic,AU,
ORD-004006,2023-11-10,CUST-02445,cust-02445@lumenmail.com,Décor,1,159.4,0.0,Paid Search,AU,
ORD-000902,2023-11-15,CUST-00019,cust-00019@lumenmail.com,Accessories,7,77.65,0.1,Paid Search,US,
ORD-004388,21/01/2024,CUST-02948,cust-02948@lumenmail.com,Outdoor,3,261.0,0.0,Social,US,
ORD-004928,2024-12-17,CUST-01470,cust-01470@lumenmail.com,Furniture,1,83.31,0.05,Email,US,variant
ORD-007719,2023-11-25,CUST-00895,cust-00895@lumenmail.com,Outdoor,5,6.12,0.0,Organic,US,
ORD-003066,2024-11-06,CUST-01867,cust-01867@lumenmail.com,Accessories,1,78.27,0.0,Email,AU,variant
ORD-003048,2023-12-10,CUST-00922,cust-00922@lumenmail.com,Furniture,3,97.82,0.0,Email,US,control
ORD-006668,2024-11-06,CUST-02700,cust-02700@lumenmail.com,Décor,3,19.69,0.0,Email,CA,control
ORD-007431,2024-06-23,,guest@lumenmail.com,Lighting,3,27.36,0.1,,UK,
ORD-005285,2024-11-07,CUST-02071,cust-02071@lumenmail.com,Lighting,-1,688.39,0.0,Organic,US,
ORD-003766,2023-07-14,CUST-02197,cust-02197@lumenmail.com,Décor,4,45.83,0.05,Paid Search,US,control
ORD-005490,2024-12-05,CUST-02181,cust-02181@lumenmail.com,Lighting,5,257.91,0.0,Email,US,variant
ORD-000903,2023-12-30,CUST-00846,cust-00846@lumenmail.com,Lighting,3,49.26,0.2,Email,CA,
ORD-001584,2024-01-14,CUST-01937,cust-01937@lumenmail.com,Lighting,3,45.08,0.0,Paid Search,US,control
ORD-002015,2024-01-13,CUST-00672,cust-00672@lumenmail.com,lighting,1,25.23,0.15,Paid Search,CA,
ORD-001877,2023-06-21,CUST-01795,cust-01795@lumenmail.com,Décor,4,197.44,0.0,Paid Search,US,
ORD-003188,2023-08-21,CUST-02511,cust-02511@lumenmail.com,Lighting,5,133.51,15.0,Paid Search,US,variant
ORD-005395,08/06/2023,,guest@lumenmail.com,Lighting,3,0.0,0.2,Social,AU,
ORD-005924,2024-03-21,CUST-02031,cust-02031@lumenmail.com,Outdoor,2,15.25,0.0,Paid Search,CA,
ORD-001806,17/08/2024,,guest@lumenmail.com,Accessories,1,78.77,0.0,Paid Search,CA,
ORD-008517,2024-12-23,CUST-00826,cust-00826@lumenmail.com,Furniture,1,107.57,0.0,Email,US,variant
ORD-006805,2024-06-11,CUST-02964,cust-02964@lumenmail.com,Décor,2,28.47,0.1,Paid Search,US,variant
ORD-006487,2023-06-21,CUST-01846,cust-01846@lumenmail.com,Décor,3,36.5,0.25,Organic,CA,variant
ORD-006696,2023-09-15,CUST-00369,cust-00369@lumenmail.com,Lighting,1,22.89,0.0,Organic,US,variant
ORD-001378,2024-12-22,,guest@lumenmail.com,Décor,1,70.81,0.1,Organic,US,
ORD-008969,2023-10-16,CUST-01806,cust-01806@lumenmail.com,Lighting,4,464.24,0.15,Organic,US,
ORD-003138,2024-01-14,,guest@lumenmail.com,Décor,1,62.36,0.1,Social,US,variant
ORD-003117,2023-08-03,CUST-01413,cust-01413@lumenmail.com,Lighting,5,194.78,0.0,Paid Search,US,
ORD-006652,2023-08-20,CUST-01635,cust-01635@lumenmail.com,Décor,3,723.11,0.0,Organic,CA,
ORD-007094,25/03/2024,CUST-02704,cust-02704@lumenmail.com,Furniture,1,194.95,0.0,Organic,US,
ORD-000961,2024-12-23,CUST-02265,cust-02265@lumenmail.com,Décor,2,32.69,0.15,Organic,US,control
ORD-007477,2024-10-27,CUST-00957,cust-00957@lumenmail.com,Outdoor,4,36.15,0.0,Paid Search,UK,
ORD-003038,03/10/2024,CUST-01660,cust-01660@lumenmail.com,Furniture,1,124.54,0.05,Organic,UK,variant
ORD-003873,2023-09-18,CUST-00443,cust-00443@lumenmail.com,Lighting,1,117.51,0.0,Email,US,
ORD-009296,2024-02-01,CUST-02497,cust-02497@lumenmail.com,Décor,6,171.06,0.15,Organic,US,variant
ORD-004317,2023-08-06,CUST-02126,cust-02126@lumenmail.com,Lighting,4,18.77,0.05,Organic,US,variant
ORD-001574,2024-11-18,CUST-02583,cust-02583@lumenmail.com,Furniture,1,0.0,5.0,Paid Search,US,
ORD-006743,2024-10-31,CUST-00553,cust-00553@lumenmail.com,Furniture,3,53.71,0.0,Paid Search,AU,control
ORD-001517,2023-10-18,CUST-01779,cust-01779@lumenmail.com,Outdoor,6,113.84,0.0,Email,US,variant
ORD-007903,04/03/2024,CUST-01638,cust-01638@lumenmail.com,Décor,1,264.99,15.0,Paid Search,US,variant
ORD-000746,2024-03-09,CUST-02880,cust-02880@lumenmail.com,Furniture,1,16.9,0.05,Organic,UK,variant
ORD-000680,2023-07-05,CUST-00467,cust-00467@lumenmail.com,Furniture,1,274.72,0.15,Organic,US,control
ORD-009517,2024-11-06,CUST-02503,cust-02503@lumenmail.com,Décor,5,35.49,0.0,Social,US,variant
ORD-005308,03/01/2024,CUST-00084,cust-00084@lumenmail.com,Accessories,3,39.42,0.0,Organic,US,
ORD-001247,2024-04-28,CUST-02674,cust-02674@lumenmail.com,Outdoor,5,17.4,0.0,Paid Search,US,
ORD-008414,2024-11-26,CUST-02943,cust-02943@lumenmail.com,Décor,2,31.26,0.2,Email,US,control
ORD-008076,2023-07-26,CUST-02835,cust-02835@lumenmail.com,Lighting,2,94.82,0.0,Email,CA,control
ORD-001531,2023-06-09,CUST-00183,cust-00183@lumenmail.com,Furniture,2,201.29,0.0,Paid Search,CA,variant
ORD-007419,04/10/2024,CUST-02245,cust-02245@lumenmail.com,lighting,1,13.67,0.0,,CA,
ORD-000011,2023-07-31,CUST-01209,cust-01209@lumenmail.com,Lighting,-1,72.31,0.15,Organic,US,variant
ORD-000640,2023-09-06,CUST-01493,cust-01493@lumenmail.com,Accessories,2,366.66,0.15,Paid Search,US,variant
ORD-007767,2024-06-06,CUST-00564,cust-00564@lumenmail.com,Décor,2,5.44,15.0,Social,US,
ORD-001431,2024-05-27,CUST-02267,cust-02267@lumenmail.com,Décor,2,346.38,0.25,Paid Search,US,control
ORD-006966,2024-11-13,CUST-00826,cust-00826@lumenmail.com,Furniture,2,72.71,0.2,Email,US,control
ORD-009267,2024-06-11,CUST-01056,cust-01056@lumenmail.com,Lighting,7,669.44,0.0,Social,US,
ORD-007044,02/01/2024,CUST-00665,cust-00665@lumenmail.com,Lighting,2,92.48,0.15,Paid Search,AU,
ORD-006989,2024-12-16,CUST-01923,cust-01923@lumenmail.com,Décor,1,53.78,0.05,Organic,US,control
ORD-003485,2023-11-26,CUST-02563,cust-02563@lumenmail.com,Lighting,2,411.12,0.0,Paid Search,US,
ORD-001700,13/06/2023,CUST-00512,cust-00512@lumenmail.com,Décor,5,160.07,0.0,Paid Search,US,
ORD-002046,2023-10-08,,guest@lumenmail.com,Accessories,3,96.38,0.1,Social,CA,
ORD-000122,2024-07-14,CUST-02222,cust-02222@lumenmail.com,Décor,1,356.86,0.15,Email,US,control
ORD-008190,2024-07-03,CUST-02808,cust-02808@lumenmail.com,Furniture,3,75.74,5.0,,US,variant
ORD-009149,29/11/2023,CUST-02363,cust-02363@lumenmail.com,Décor,1,29.58,0.05,Organic,US,control
ORD-000243,2024-06-06,CUST-02652,cust-02652@lumenmail.com,Lighting,1,5.42,0.15,Email,UK,control
ORD-008402,2024-02-02,CUST-02233,cust-02233@lumenmail.com,Décor,1,77.61,0.0,Email,US,
ORD-005914,2024-07-10,CUST-02259,cust-02259@lumenmail.com,Décor,2,22.8,0.25,Email,US,
ORD-007345,2024-06-22,CUST-00455,cust-00455@lumenmail.com,Décor,1,35.99,0.1,Paid Search,CA,variant
ORD-003266,13/06/2024,CUST-01989,cust-01989@lumenmail.com,Décor,1,89.03,0.0,Social,UK,control
ORD-000354,2024-12-23,,guest@lumenmail.com,Accessories,2,88.6,0.0,Organic,AU,variant
ORD-008039,2024-01-16,CUST-02675,cust-02675@lumenmail.com,Outdoor,2,82.41,0.0,Organic,US,control
ORD-008159,2024-02-16,CUST-02857,cust-02857@lumenmail.com,Lighting,2,19.67,0.05,Email,AU,
ORD-007796,2024-06-30,CUST-01664,cust-01664@lumenmail.com,Lighting,1,26.54,0.1,Organic,CA,
ORD-002359,2023-06-23,CUST-00747,cust-00747@lumenmail.com,Furniture,1,12.72,0.15,Paid Search,US,
ORD-002146,2024-03-26,CUST-01801,cust-01801@lumenmail.com,Lighting,3,65.55,0.05,Paid Search,CA,control
ORD-003834,2024-12-04,CUST-01345,cust-01345@lumenmail.com,Lighting,1,91.43,0.0,,US,
ORD-008111,2023-09-25,CUST-02530,cust-02530@lumenmail.com,Accessories,1,43.02,0.05,Email,US,control
ORD-005548,2023-11-17,CUST-02191,cust-02191@lumenmail.com,Décor,7,6.91,0.05,Paid Search,US,control
ORD-003558,2024-10-19,CUST-02209,cust-02209@lumenmail.com,Lighting,2,13.63,0.05,Paid Search,US,
ORD-002855,2024-01-12,CUST-00999,cust-00999@lumenmail.com,Décor,6,26.64,0.0,Paid Search,ZZ,variant
ORD-005144,01/09/2023,CUST-00617,cust-00617@lumenmail.com,Accessories,1,130.62,0.15,Organic,UK,
ORD-002292,2024-09-03,CUST-01569,cust-01569@lumenmail.com,Furniture,2,105.52,0.25,Paid Search,US,
ORD-004495,2024-01-04,CUST-00778,cust-00778@lumenmail.com,Furniture,2,314.33,0.0,Organic,US,variant
ORD-008462,2023-09-04,CUST-01587,cust-01587@lumenmail.com,Lighting,4,43.06,0.05,Paid Search,AU,
ORD-009408,2023-11-05,,guest@lumenmail.com,Furniture,1,183.41,0.0,Email,US,variant
ORD-007054,2024-08-08,CUST-02298,cust-02298@lumenmail.com,Furniture,1,84.43,0.05,Email,CA,
ORD-002836,2023-12-16,CUST-00570,cust-00570@lumenmail.com,Lighting,2,14.8,10.0,Email,US,
ORD-004294,2024-06-14,,guest@lumenmail.com,Décor,1,37.43,0.05,Paid Search,US,control
ORD-005381,2024-04-06,CUST-00720,cust-00720@lumenmail.com,Décor,1,12.48,0.15,Paid Search,US,variant
ORD-001540,2024-10-04,CUST-02467,cust-02467@lumenmail.com,Outdoor,1,29.87,0.0,Paid Search,US,control
ORD-006718,2024-05-20,CUST-00683,cust-00683@lumenmail.com,Lighting,1,22.92,0.0,Email,US,control
ORD-004577,2024-04-16,CUST-02879,cust-02879@lumenmail.com,Furniture,2,38.59,0.1,Paid Search,UK,variant
ORD-009325,2023-11-23,CUST-01585,cust-01585@lumenmail.com,Furniture,1,29.46,0.1,Paid Search,US,control
ORD-006738,2023-06-17,CUST-02556,cust-02556@lumenmail.com,Lighting,2,104.34,0.0,Paid Search,US,
ORD-003397,02/06/2023,CUST-02568,cust-02568@lumenmail.com,Décor,1,383.62,0.15,Email,US,
ORD-006463,2023-12-07,CUST-02098,cust-02098@lumenmail.com,Furniture,1,28.48,0.05,Paid Search,US,control
ORD-007281,24/02/2024,CUST-00560,cust-00560@lumenmail.com,Accessories,2,191.25,0.0,Paid Search,CA,control
ORD-005669,2024-03-04,CUST-02868,cust-02868@lumenmail.com,Décor,1,71.52,0.15,Social,US,
ORD-008290,2024-10-01,CUST-01488,cust-01488@lumenmail.com,Décor,1,385.47,0.0,Email,AU,
ORD-002734,2024-12-18,CUST-00357,cust-00357@lumenmail.com,Décor,7,109.81,0.0,Email,US,variant
ORD-003195,2024-11-23,CUST-01583,cust-01583@lumenmail.com,Outdoor,3,227.41,0.0,,US,
ORD-001469,09/08/2024,CUST-01871,cust-01871@lumenmail.com,Accessories,1,46.62,0.05,Email,US,control
ORD-006865,2024-07-23,CUST-01897,cust-01897@lumenmail.com,Lighting,1,82.07,0.2,Paid Search,UK,
ORD-009031,2024-01-13,CUST-00636,cust-00636@lumenmail.com,Outdoor,2,67.35,0.0,Organic,CA,control
ORD-005898,2024-07-02,CUST-01023,cust-01023@lumenmail.com,Lighting,1,308.96,0.0,Email,US,
ORD-006041,2023-12-27,CUST-02353,cust-02353@lumenmail.com,Décor,5,193.97,0.05,Email,UK,
ORD-001418,2024-12-10,CUST-02902,cust-02902@lumenmail.com,Furniture,1,19.45,0.0,Paid Search,US,
ORD-007873,2023-12-23,,guest@lumenmail.com,Outdoor,1,96.02,0.0,Organic,US,control
ORD-007397,2023-10-20,CUST-02808,cust-02808@lumenmail.com,Furniture,2,54.02,5.0,Email,US,variant
ORD-007669,2024-03-09,CUST-00453,cust-00453@lumenmail.com,Lighting,5,199.76,0.1,Email,US,
ORD-001282,2023-10-13,CUST-02552,cust-02552@lumenmail.com,Furniture,2,17.06,0.25,Paid Search,US,
ORD-002007,2023-07-03,CUST-00069,cust-00069@lumenmail.com,Décor,1,8.67,0.15,Paid Search,US,variant
ORD-009355,2023-12-01,CUST-02859,cust-02859@lumenmail.com,Furniture,3,346.27,0.1,Paid Search,US,variant
ORD-007834,2024-02-04,CUST-02578,cust-02578@lumenmail.com,Décor,2,50.46,15.0,Organic,CA,
ORD-000992,2024-07-05,CUST-02507,cust-02507@lumenmail.com,Décor,2,377.48,0.05,Paid Search,US,
ORD-004290,2024-11-10,CUST-02847,cust-02847@lumenmail.com,Outdoor,6,184.78,0.0,Email,AU,
ORD-006900,2023-11-25,CUST-01441,cust-01441@lumenmail.com,Lighting,1,43.68,0.05,Social,US,
ORD-008496,2024-12-04,CUST-01707,cust-01707@lumenmail.com,Furniture,1,281.46,0.0,Paid Search,CA,control
ORD-001830,,CUST-00046,cust-00046@lumenmail.com,Décor,2,473.9,0.0,Paid Search,AU,
ORD-002579,2024-09-02,CUST-00341,cust-00341@lumenmail.com,Décor,2,57.19,0.0,Organic,US,control
ORD-000061,2023-08-15,,guest@lumenmail.com,Furniture,-1,166.26,0.0,Email,US,
ORD-000729,2023-07-18,CUST-01609,cust-01609@lumenmail.com,Décor,1,91.82,0.15,Paid Search,US,
ORD-002580,2024-02-10,,guest@lumenmail.com,Furniture,2,177.87,0.1,Organic,US,
ORD-007545,2024-02-25,CUST-00306,cust-00306@lumenmail.com,Lighting,1,19.7,0.0,Email,US,
ORD-006342,2023-12-30,CUST-02373,cust-02373@lumenmail.com,Décor,2,414.98,0.0,,US,control
ORD-003757,2024-04-22,CUST-02202,cust-02202@lumenmail.com,Lighting,3,311.81,0.1,Paid Search,US,variant
ORD-008905,2023-09-25,CUST-02583,cust-02583@lumenmail.com,Lighting,3,255.51,0.0,Paid Search,US,
ORD-005948,2023-11-09,CUST-00896,cust-00896@lumenmail.com,Décor,2,208.11,0.1,Email,US,control
ORD-003347,2024-12-06,CUST-02105,cust-02105@lumenmail.com,Décor,2,320.48,0.15,Organic,CA,
ORD-001663,2024-11-07,CUST-01603,cust-01603@lumenmail.com,Décor,2,182.34,0.0,Email,UK,
ORD-002976,2023-08-04,CUST-02307,cust-02307@lumenmail.com,Décor,2,152.12,0.15,Paid Search,US,
ORD-009459,2023-11-17,CUST-00365,cust-00365@lumenmail.com,Outdoor,3,478.5,0.0,Email,UK,control
ORD-002105,2024-01-27,CUST-02509,cust-02509@lumenmail.com,Outdoor,1,41.09,0.0,,US,variant
ORD-007645,11/11/2024,CUST-01680,cust-01680@lumenmail.com,Lighting,1,28.17,15.0,Paid Search,US,variant
ORD-007773,2024-05-02,CUST-02186,cust-02186@lumenmail.com,Lighting,2,23.99,0.0,Paid Search,UK,variant
ORD-005976,2024-08-27,CUST-02684,cust-02684@lumenmail.com,Décor,-2,200.26,0.0,Social,US,control
ORD-007563,2023-08-30,CUST-00896,cust-00896@lumenmail.com,Outdoor,2,166.19,0.2,Email,CA,
ORD-005768,2023-10-02,CUST-01877,cust-01877@lumenmail.com,Lighting,2,28.44,0.05,Organic,CA,
ORD-003368,2024-01-02,CUST-01133,cust-01133@lumenmail.com,Accessories,1,88.98,0.0,Paid Search,US,variant
ORD-006912,2024-05-11,CUST-02556,cust-02556@lumenmail.com,Lighting,1,109.55,0.0,Social,US,
ORD-009112,16/12/2024,CUST-01986,cust-01986@lumenmail.com,Lighting,2,60.49,5.0,Social,US,
ORD-005016,2024-12-16,CUST-00324,cust-00324@lumenmail.com,Lighting,4,43.34,0.05,Email,US,control
ORD-000272,2024-06-09,CUST-00992,cust-00992@lumenmail.com,Accessories,5,75.61,0.0,Organic,US,control
ORD-002300,2024-08-19,CUST-00343,cust-00343@lumenmail.com,Décor,2,99.97,0.1,Email,UK,variant
ORD-002486,2024-10-05,CUST-00538,cust-00538@lumenmail.com,Accessories,1,229.66,0.15,Social,US,
ORD-008986,2024-09-16,,guest@lumenmail.com,Décor,3,138.46,0.0,Organic,US,variant
ORD-007457,2024-01-07,CUST-01412,cust-01412@lumenmail.com,Outdoor,3,43.13,0.0,Email,US,variant
ORD-009426,18/11/2024,CUST-00257,cust-00257@lumenmail.com,Lighting,1,84.04,0.0,Email,US,
ORD-002949,2024-03-19,CUST-02428,cust-02428@lumenmail.com,Furniture,3,134.19,0.0,Paid Search,US,
ORD-000570,2023-12-30,CUST-01934,cust-01934@lumenmail.com,Lighting,1,88.44,0.1,Email,CA,variant
ORD-007768,2024-08-12,CUST-02594,cust-02594@lumenmail.com,Lighting,5,39.15,0.0,Email,US,
ORD-000790,2023-09-28,CUST-02308,cust-02308@lumenmail.com,Décor,2,767.81,0.0,Email,US,
ORD-009462,2024-07-25,CUST-01432,cust-01432@lumenmail.com,Accessories,1,72.67,0.0,Email,US,variant
ORD-000768,2024-08-04,CUST-00139,cust-00139@lumenmail.com,Décor,1,90.14,0.1,Email,US,
ORD-005335,2023-09-08,CUST-00730,cust-00730@lumenmail.com,Lighting,2,12.53,0.0,Paid Search,US,control
ORD-003712,2023-10-21,,guest@lumenmail.com,Accessories,5,112.88,0.05,Social,US,
ORD-003711,2024-05-17,CUST-02601,cust-02601@lumenmail.com,Lighting,1,270.48,0.05,Organic,US,control
ORD-000807,2024-05-15,,guest@lumenmail.com,Furniture,5,35.99,0.15,Paid Search,US,variant
ORD-003641,2023-10-02,CUST-00152,cust-00152@lumenmail.com,Lighting,1,37.35,5.0,Paid Search,US,control
ORD-005659,,CUST-00005,cust-00005@lumenmail.com,Décor,2,47.12,0.0,Paid Search,US,
ORD-007614,2024-12-27,CUST-02140,cust-02140@lumenmail.com,Décor,1,704.52,0.1,Organic,US,
ORD-002258,2024-04-27,CUST-01383,cust-01383@lumenmail.com,Accessories,1,81.3,0.0,Email,US,control
ORD-007783,2024-03-24,CUST-01099,cust-01099@lumenmail.com,Lighting,4,38.59,0.25,Email,US,control
ORD-003841,,,guest@lumenmail.com,Outdoor,4,174.25,0.05,Paid Search,US,control
ORD-003851,03/04/2024,CUST-01404,cust-01404@lumenmail.com,Décor,2,28.11,0.0,Organic,US,
ORD-001064,20/06/2023,CUST-00997,cust-00997@lumenmail.com,Accessories,2,68.06,0.0,Email,US,control
ORD-004802,2024-10-09,CUST-02646,cust-02646@lumenmail.com,Accessories,1,614.07,0.1,,US,control
ORD-006019,2024-03-05,CUST-00461,cust-00461@lumenmail.com,Accessories,1,39.22,0.0,Email,UK,control
ORD-007735,2023-11-28,CUST-00183,cust-00183@lumenmail.com,Décor,2,35.64,0.05,Paid Search,UK,variant
ORD-005990,2023-12-09,CUST-01346,cust-01346@lumenmail.com,Furniture,2,78.19,0.0,Email,US,variant
ORD-001279,10/10/2024,CUST-02283,cust-02283@lumenmail.com,Furniture,1,198.02,0.2,Paid Search,US,
ORD-002524,2024-04-20,CUST-00276,cust-00276@lumenmail.com,Lighting,2,19.25,0.0,Email,CA,control
ORD-008738,20/07/2024,CUST-00524,cust-00524@lumenmail.com,Lighting,1,209.45,0.15,Email,US,
ORD-006168,2024-03-18,CUST-00549,cust-00549@lumenmail.com,Lighting,2,218.17,0.1,Organic,UK,
ORD-009465,2024-07-25,CUST-00849,cust-00849@lumenmail.com,Décor,1,108.66,0.0,Email,US,
ORD-005927,02/06/2024,CUST-00754,cust-00754@lumenmail.com,Outdoor,2,397.31,0.05,Paid Search,US,variant
ORD-003178,26/09/2024,CUST-01598,cust-01598@lumenmail.com,lighting,1,273.93,0.0,Social,CA,
ORD-004497,2024-12-25,CUST-01750,cust-01750@lumenmail.com,Décor,2,40.4,0.0,Email,AU,
ORD-007993,2023-09-15,CUST-00564,cust-00564@lumenmail.com,Lighting,4,27.2,0.0,Organic,CA,control
ORD-008163,2023-08-22,CUST-02967,cust-02967@lumenmail.com,Décor,2,84.32,0.15,Social,US,
ORD-005478,2023-06-30,CUST-00549,cust-00549@lumenmail.com,Furniture,1,28.73,0.0,Email,US,control
ORD-005994,2024-04-11,CUST-00086,cust-00086@lumenmail.com,Lighting,5,197.87,0.1,Paid Search,AU,
ORD-003073,13/01/2024,CUST-02013,cust-02013@lumenmail.com,Lighting,2,24.16,0.2,Email,US,control
ORD-009011,2024-12-16,CUST-00205,cust-00205@lumenmail.com,Lighting,2,278.71,0.05,Paid Search,UK,variant
ORD-007408,20/12/2024,CUST-01482,cust-01482@lumenmail.com,Lighting,1,245.1,0.05,Social,CA,variant
ORD-003665,2024-02-10,CUST-00176,cust-00176@lumenmail.com,Décor,2,53.26,0.2,Organic,US,variant
ORD-004332,2023-11-07,CUST-00025,cust-00025@lumenmail.com,Lighting,1,288.71,0.15,Organic,UK,
ORD-004005,2023-07-16,CUST-01184,cust-01184@lumenmail.com,lighting,1,37.9,0.0,Email,US,variant
ORD-007103,2024-10-03,CUST-01162,cust-01162@lumenmail.com,Lighting,1,733.48,0.0,Paid Search,US,
ORD-000927,2024-09-14,CUST-02686,cust-02686@lumenmail.com,Décor,2,68.97,0.0,Organic,AU,variant
ORD-009129,2023-06-20,CUST-00976,cust-00976@lumenmail.com,Décor,1,793.75,0.0,Paid Search,UK,variant
ORD-004855,2024-06-20,CUST-02262,cust-02262@lumenmail.com,Lighting,1,11.27,0.05,Paid Search,US,
ORD-009301,2024-03-19,CUST-00309,cust-00309@lumenmail.com,Outdoor,2,7.47,0.0,Email,US,variant
ORD-003364,2024-05-13,CUST-00438,cust-00438@lumenmail.com,Décor,4,46.57,0.2,Social,US,
ORD-008360,2024-10-28,CUST-02776,cust-02776@lumenmail.com,Furniture,2,96.59,0.0,Organic,US,
ORD-005017,2024-08-14,CUST-01534,cust-01534@lumenmail.com,Outdoor,2,243.08,15.0,Organic,US,variant
ORD-000136,2024-02-23,CUST-00882,cust-00882@lumenmail.com,lighting,1,118.72,0.0,Organic,US,
ORD-000248,2024-09-06,CUST-02611,cust-02611@lumenmail.com,Outdoor,3,17.69,10.0,Paid Search,US,
ORD-008739,2023-08-22,CUST-02124,cust-02124@lumenmail.com,Décor,1,127.0,0.0,Paid Search,US,
ORD-004267,2023-08-20,CUST-01114,cust-01114@lumenmail.com,Lighting,2,93.62,0.1,Email,US,variant
ORD-002218,2023-08-24,CUST-00022,cust-00022@lumenmail.com,Décor,2,65.33,0.1,Email,CA,control
ORD-000451,2023-06-26,CUST-00609,cust-00609@lumenmail.com,Outdoor,4,327.13,5.0,Organic,US,variant
ORD-009532,2024-03-14,CUST-02756,cust-02756@lumenmail.com,Furniture,2,277.5,0.2,Social,US,
ORD-001294,2024-10-30,CUST-02613,cust-02613@lumenmail.com,Furniture,1,34.73,0.0,Social,US,variant
ORD-002827,2024-04-16,CUST-02977,cust-02977@lumenmail.com,Furniture,1,40.24,0.15,Social,US,control
ORD-009027,2024-03-13,CUST-01725,cust-01725@lumenmail.com,Accessories,7,596.08,0.0,Email,CA,variant
ORD-003492,2023-12-20,CUST-02973,cust-02973@lumenmail.com,Décor,6,25.06,0.0,Paid Search,US,variant
ORD-008309,2024-06-27,CUST-01397,cust-01397@lumenmail.com,Lighting,1,10.76,0.0,Paid Search,US,
ORD-004709,2024-07-03,CUST-01921,cust-01921@lumenmail.com,Décor,1,289.82,0.2,Email,US,
ORD-008589,10/08/2024,CUST-02363,cust-02363@lumenmail.com,Décor,3,26.19,0.0,Email,US,
ORD-001124,2024-09-03,CUST-02595,cust-02595@lumenmail.com,Lighting,1,31.93,0.1,Organic,US,control
ORD-007455,2023-06-02,CUST-02198,cust-02198@lumenmail.com,Accessories,1,44.11,0.15,Social,US,variant
ORD-001138,2024-10-02,CUST-00609,cust-00609@lumenmail.com,Décor,2,105.3,0.0,Organic,US,
ORD-008189,05/06/2023,CUST-02210,cust-02210@lumenmail.com,Outdoor,7,51.98,0.05,Email,CA,variant
ORD-002451,2024-10-02,CUST-01545,cust-01545@lumenmail.com,Décor,1,150.66,0.15,Social,US,variant
ORD-003520,2024-10-11,,guest@lumenmail.com,Décor,6,82.83,0.0,Paid Search,UK,control
ORD-000658,2023-12-05,CUST-01175,cust-01175@lumenmail.com,Furniture,2,357.5,0.15,Paid Search,UK,control
ORD-008167,2023-10-09,CUST-01551,cust-01551@lumenmail.com,Décor,1,392.12,5.0,Paid Search,CA,control
ORD-002079,2024-09-04,CUST-02719,cust-02719@lumenmail.com,Décor,2,61.68,0.0,Email,US,variant
ORD-008503,2023-08-30,CUST-00955,cust-00955@lumenmail.com,Décor,1,375.42,0.15,Organic,US,
ORD-002128,2024-06-08,,guest@lumenmail.com,Furniture,2,37.76,5.0,Organic,CA,variant
ORD-002863,15/11/2024,CUST-02516,cust-02516@lumenmail.com,Décor,1,57.79,0.15,Social,US,
ORD-008365,2023-07-07,CUST-02277,cust-02277@lumenmail.com,Accessories,1,86.04,0.2,Paid Search,US,control
ORD-004862,2023-11-22,CUST-02446,cust-02446@lumenmail.com,Décor,1,199.97,0.0,Email,CA,control
ORD-000697,2024-02-04,CUST-00141,cust-00141@lumenmail.com,Lighting,3,57.37,0.1,Email,US,control
ORD-007347,14/12/2024,CUST-02828,cust-02828@lumenmail.com,Lighting,3,99.46,0.0,Social,US,variant
ORD-008152,2023-07-31,CUST-01154,cust-01154@lumenmail.com,Outdoor,1,166.11,0.1,Email,US,
ORD-006284,2023-10-27,CUST-02281,cust-02281@lumenmail.com,Décor,2,49.1,0.0,Organic,US,
ORD-007551,2024-05-13,CUST-00737,cust-00737@lumenmail.com,Lighting,2,25.2,0.0,Email,US,control
ORD-008888,2024-07-09,CUST-00852,cust-00852@lumenmail.com,Furniture,1,595.21,0.2,Organic,US,variant
ORD-003939,11/09/2023,CUST-01564,cust-01564@lumenmail.com,Outdoor,1,63.42,0.1,Paid Search,AU,
ORD-008458,2024-06-28,CUST-01721,cust-01721@lumenmail.com,Lighting,1,29.16,0.15,Organic,UK,
ORD-005533,2024-01-07,CUST-02674,cust-02674@lumenmail.com,Furniture,6,155.59,0.1,Organic,US,variant
ORD-003512,2023-09-01,CUST-02870,cust-02870@lumenmail.com,Accessories,4,8.34,0.2,Paid Search,UK,control
ORD-007865,2023-06-01,CUST-02543,cust-02543@lumenmail.com,Outdoor,2,51.56,0.05,,US,variant
ORD-009009,2024-02-23,CUST-00097,cust-00097@lumenmail.com,Furniture,3,112.07,0.0,Email,US,
ORD-005103,2024-01-28,CUST-01516,cust-01516@lumenmail.com,Accessories,2,52.71,0.0,Email,US,variant
ORD-001488,2024-05-26,CUST-01469,cust-01469@lumenmail.com,Décor,-1,34.65,0.0,Paid Search,CA,
ORD-001571,2024-07-30,CUST-02637,cust-02637@lumenmail.com,Lighting,3,166.29,0.0,Email,US,variant
ORD-005826,2024-03-31,CUST-02708,cust-02708@lumenmail.com,Lighting,2,419.34,0.2,Social,UK,control
ORD-006598,2024-11-12,CUST-02945,cust-02945@lumenmail.com,Décor,1,80.72,0.0,Email,US,control
ORD-004208,2023-10-09,CUST-01621,cust-01621@lumenmail.com,Outdoor,1,763.12,0.1,Organic,US,variant
ORD-001631,2023-07-09,CUST-00545,cust-00545@lumenmail.com,Furniture,1,5.45,0.05,Email,US,
ORD-001779,2024-07-24,CUST-00105,cust-00105@lumenmail.com,Lighting,1,57.95,0.15,Organic,US,variant
ORD-002251,27/09/2023,,guest@lumenmail.com,Furniture,2,14.69,0.0,Social,US,
ORD-005462,2023-10-11,,guest@lumenmail.com,Décor,1,27.56,0.05,Paid Search,US,variant
ORD-002493,30/11/2024,CUST-01955,cust-01955@lumenmail.com,Lighting,3,45.79,0.0,Organic,US,control
ORD-002301,2024-07-26,CUST-00475,cust-00475@lumenmail.com,Lighting,1,184.23,0.0,Email,US,variant
ORD-001589,2024-08-09,CUST-00257,cust-00257@lumenmail.com,Décor,2,33.2,0.0,Organic,US,variant
ORD-009253,2023-09-16,CUST-00284,cust-00284@lumenmail.com,Décor,2,34.09,0.1,Social,US,variant
ORD-000287,2024-08-04,CUST-00721,cust-00721@lumenmail.com,Furniture,1,36.24,0.05,Organic,US,
ORD-008300,2024-09-05,CUST-02127,cust-02127@lumenmail.com,Lighting,1,111.05,0.1,Email,US,variant
ORD-008096,2024-03-09,CUST-00247,cust-00247@lumenmail.com,Lighting,4,29.92,0.0,Email,US,
ORD-008321,03/12/2023,CUST-02799,cust-02799@lumenmail.com,Furniture,1,329.62,0.05,Paid Search,US,variant
ORD-007381,2024-09-22,CUST-01676,cust-01676@lumenmail.com,Décor,1,25.98,0.0,Email,CA,control
ORD-004574,2023-10-02,,guest@lumenmail.com,Outdoor,1,396.65,0.05,Organic,US,variant
ORD-004823,2023-10-13,CUST-00144,cust-00144@lumenmail.com,lighting,1,93.37,0.0,Paid Search,UK,
ORD-003467,2023-09-06,CUST-02430,cust-02430@lumenmail.com,Outdoor,1,371.64,0.0,Paid Search,CA,
ORD-004266,2023-06-06,CUST-01896,cust-01896@lumenmail.com,Furniture,2,173.01,0.15,Organic,AU,
ORD-006789,2024-05-02,CUST-00054,cust-00054@lumenmail.com,Lighting,2,44.68,0.0,Organic,US,variant
ORD-005065,,CUST-02285,cust-02285@lumenmail.com,Lighting,1,132.84,0.05,Paid Search,US,
ORD-006579,2024-01-26,CUST-02356,cust-02356@lumenmail.com,Décor,1,57.32,0.05,,US,control
ORD-007288,2024-12-13,CUST-00829,cust-00829@lumenmail.com,Furniture,3,28.03,0.0,Paid Search,US,variant
ORD-007230,18/08/2024,CUST-00361,cust-00361@lumenmail.com,Décor,2,186.72,0.15,Paid Search,US,control
ORD-002111,2024-02-03,,guest@lumenmail.com,Lighting,1,362.6,0.0,Paid Search,CA,control
ORD-004726,2024-05-01,CUST-00778,cust-00778@lumenmail.com,Lighting,1,0.0,0.05,Email,US,
ORD-001504,2024-07-01,CUST-01372,cust-01372@lumenmail.com,Lighting,1,5.12,0.05,Organic,US,variant
ORD-000319,2024-04-04,CUST-00994,cust-00994@lumenmail.com,Furniture,3,34.38,0.2,Paid Search,US,
ORD-009171,2023-08-29,CUST-00969,cust-00969@lumenmail.com,Lighting,1,332.79,0.0,Paid Search,CA,control
ORD-009132,2024-11-19,,guest@lumenmail.com,Furniture,5,64.36,0.0,Email,US,variant
ORD-000055,2024-12-29,CUST-02768,cust-02768@lumenmail.com,Outdoor,-4,99.47,0.2,Organic,UK,
ORD-007823,2023-11-23,CUST-02363,cust-02363@lumenmail.com,Accessories,1,32.71,0.25,Email,UK,control
ORD-005456,2023-10-20,CUST-01880,cust-01880@lumenmail.com,Lighting,2,79.32,0.0,Email,ZZ,variant
ORD-003632,,CUST-00123,cust-00123@lumenmail.com,Outdoor,2,51.51,0.0,Paid Search,US,control
ORD-000829,20/01/2024,CUST-01511,cust-01511@lumenmail.com,Décor,5,12.22,0.05,Social,US,control
ORD-004680,2024-02-29,CUST-02099,cust-02099@lumenmail.com,Décor,2,17.88,0.05,Paid Search,US,control
ORD-007354,2023-11-07,,guest@lumenmail.com,Décor,2,25.55,0.2,Social,US,control
ORD-000403,2024-12-17,CUST-00210,cust-00210@lumenmail.com,Furniture,2,20.41,0.05,Paid Search,ZZ,
ORD-008893,2023-11-09,CUST-01285,cust-01285@lumenmail.com,Lighting,1,35.39,0.15,Organic,CA,
ORD-007342,2023-10-08,CUST-00194,cust-00194@lumenmail.com,Outdoor,2,10.76,0.25,Email,US,variant
ORD-006460,2024-07-21,CUST-01602,cust-01602@lumenmail.com,Furniture,1,779.79,0.2,Email,US,control
ORD-002106,2024-04-08,CUST-01755,cust-01755@lumenmail.com,Lighting,1,58.79,0.1,Email,US,variant
ORD-002441,2023-09-17,,guest@lumenmail.com,Lighting,3,45.83,0.05,Social,US,
ORD-004554,2023-09-15,CUST-02819,cust-02819@lumenmail.com,Accessories,-1,176.77,0.05,Email,AU,
ORD-006700,29/08/2023,CUST-02467,cust-02467@lumenmail.com,Accessories,1,68.53,0.0,Organic,CA,control
ORD-001809,09/06/2024,CUST-01854,cust-01854@lumenmail.com,Furniture,4,93.99,0.05,Email,US,control
ORD-005921,2023-10-21,CUST-02212,cust-02212@lumenmail.com,Accessories,4,194.3,0.0,Paid Search,US,control
ORD-004860,2024-03-24,CUST-00900,cust-00900@lumenmail.com,Lighting,2,51.15,10.0,Paid Search,AU,
ORD-004592,2024-04-29,,guest@lumenmail.com,Lighting,6,201.4,0.1,Paid Search,CA,variant
ORD-000966,2024-04-17,CUST-01667,cust-01667@lumenmail.com,Lighting,1,397.82,0.05,Email,UK,control
ORD-006154,2023-07-24,CUST-01560,cust-01560@lumenmail.com,Décor,2,6.62,0.0,Social,CA,variant
ORD-007010,2023-08-09,CUST-01602,cust-01602@lumenmail.com,Décor,2,616.48,15.0,Organic,US,variant
ORD-008621,2023-07-08,CUST-01165,cust-01165@lumenmail.com,Lighting,3,139.84,0.0,Paid Search,US,variant
ORD-004716,,CUST-01683,cust-01683@lumenmail.com,Outdoor,2,181.43,0.25,Email,US,control
ORD-003941,2024-02-04,CUST-02874,cust-02874@lumenmail.com,Décor,2,396.04,0.25,Social,US,control
ORD-003538,2023-10-16,CUST-00691,cust-00691@lumenmail.com,Outdoor,1,72.51,0.15,Paid Search,US,
ORD-002296,2024-05-09,CUST-01066,cust-01066@lumenmail.com,Décor,-5,66.73,0.05,Organic,UK,
ORD-003224,2023-07-31,CUST-00041,cust-00041@lumenmail.com,Furniture,1,5.96,0.15,Email,US,
ORD-006108,2023-06-02,CUST-01577,cust-01577@lumenmail.com,Lighting,2,80.4,0.05,Paid Search,CA,variant
ORD-004743,2023-10-19,CUST-01437,cust-01437@lumenmail.com,Lighting,2,38.67,0.15,Social,US,control
ORD-001080,2023-09-24,CUST-02728,cust-02728@lumenmail.com,lighting,1,267.42,0.25,Paid Search,UK,control
ORD-003331,2023-10-09,CUST-01980,cust-01980@lumenmail.com,Décor,-3,42.57,0.0,Organic,US,control
ORD-001889,2023-11-11,CUST-02867,cust-02867@lumenmail.com,Accessories,1,152.54,0.05,Organic,US,control
ORD-003656,2024-05-25,,guest@lumenmail.com,Furniture,2,44.93,0.0,Paid Search,US,control
ORD-009509,2023-10-16,CUST-01904,cust-01904@lumenmail.com,Lighting,-2,139.06,25.0,Email,US,variant
ORD-003838,2024-05-05,CUST-01604,cust-01604@lumenmail.com,Lighting,2,205.68,0.05,Organic,UK,control
ORD-009370,2024-04-15,CUST-00811,cust-00811@lumenmail.com,Lighting,1,779.42,0.0,Email,US,control
ORD-005778,2023-11-09,CUST-00249,cust-00249@lumenmail.com,Furniture,4,64.51,0.0,Organic,US,variant
ORD-009225,2024-09-29,CUST-01048,cust-01048@lumenmail.com,Outdoor,1,24.45,0.0,Email,US,control
ORD-002356,2024-07-19,CUST-00133,cust-00133@lumenmail.com,Furniture,3,160.08,0.15,,CA,control
ORD-007161,2024-08-20,CUST-00433,cust-00433@lumenmail.com,Lighting,5,181.5,0.0,Paid Search,US,variant
ORD-007090,2024-02-05,CUST-00186,cust-00186@lumenmail.com,Décor,2,233.84,0.0,Social,US,control
ORD-003785,2023-12-11,,guest@lumenmail.com,Décor,-1,136.87,0.1,Social,US,control
ORD-004659,2024-11-10,CUST-00222,cust-00222@lumenmail.com,Furniture,2,35.66,0.1,Paid Search,US,variant
ORD-008150,2024-01-03,CUST-01965,cust-01965@lumenmail.com,Décor,1,85.29,0.15,Email,US,variant
ORD-003030,2024-01-27,CUST-01486,cust-01486@lumenmail.com,Outdoor,2,84.32,0.05,Email,US,
ORD-009032,2024-12-20,CUST-00848,cust-00848@lumenmail.com,Lighting,1,56.38,0.2,Email,CA,variant
ORD-005566,2024-06-04,CUST-02404,cust-02404@lumenmail.com,Lighting,5,128.28,0.0,Paid Search,US,control
ORD-002550,2023-07-03,CUST-02905,cust-02905@lumenmail.com,Lighting,1,113.1,0.0,Email,US,variant
ORD-002094,2024-03-05,CUST-01911,cust-01911@lumenmail.com,Furniture,2,12.2,0.0,Email,UK,
ORD-002837,2023-07-11,CUST-01395,cust-01395@lumenmail.com,Lighting,1,69.27,0.0,Email,US,control
ORD-004749,2023-10-21,CUST-00023,cust-00023@lumenmail.com,Lighting,3,72.06,0.0,Paid Search,UK,control
ORD-005643,2023-07-08,CUST-02440,cust-02440@lumenmail.com,Décor,2,0.0,0.0,Paid Search,AU,
ORD-008271,2023-06-30,CUST-01590,cust-01590@lumenmail.com,Furniture,2,251.49,0.0,Paid Search,US,variant
ORD-004750,2023-06-04,CUST-00867,cust-00867@lumenmail.com,Décor,2,124.55,0.2,Social,US,variant
ORD-001818,2024-01-18,CUST-01791,cust-01791@lumenmail.com,Décor,4,32.73,0.0,Email,US,
ORD-007405,2024-09-01,CUST-01936,cust-01936@lumenmail.com,Outdoor,5,61.76,0.1,Paid Search,US,
ORD-009222,26/10/2024,CUST-02380,cust-02380@lumenmail.com,Lighting,2,55.43,0.05,Paid Search,US,
ORD-003384,2024-08-11,CUST-01513,cust-01513@lumenmail.com,Décor,1,48.95,0.1,Social,CA,variant
ORD-007493,2023-08-15,CUST-00831,cust-00831@lumenmail.com,Lighting,1,46.11,5.0,Social,US,variant
ORD-006763,2024-09-03,CUST-02973,cust-02973@lumenmail.com,Décor,1,144.35,0.1,Organic,US,
ORD-007936,2024-01-14,CUST-02300,cust-02300@lumenmail.com,Décor,1,36.69,0.0,Paid Search,US,control
ORD-001296,2024-07-25,CUST-00871,cust-00871@lumenmail.com,Lighting,1,14.69,0.0,Email,US,
ORD-004735,30/07/2024,CUST-02509,cust-02509@lumenmail.com,Lighting,2,41.38,0.0,Paid Search,US,control
ORD-004653,05/06/2024,CUST-01252,cust-01252@lumenmail.com,Lighting,2,116.43,0.0,,US,control
ORD-004167,12/07/2024,CUST-01691,cust-01691@lumenmail.com,Lighting,2,377.51,0.0,Paid Search,US,variant
ORD-004020,13/11/2023,CUST-00807,cust-00807@lumenmail.com,Outdoor,2,186.77,0.05,Paid Search,US,control
ORD-004983,2023-08-26,CUST-01414,cust-01414@lumenmail.com,Lightng,1,377.03,0.0,Paid Search,CA,variant
ORD-005286,2023-08-09,CUST-01874,cust-01874@lumenmail.com,Outdoor,1,76.51,0.0,Paid Search,AU,
ORD-002541,01/12/2024,CUST-02363,cust-02363@lumenmail.com,Lighting,1,35.38,0.15,Paid Search,UK,variant
ORD-008324,2024-12-29,CUST-01604,cust-01604@lumenmail.com,lighting,1,7.91,0.05,Paid Search,US,
ORD-002336,2024-07-13,CUST-01611,cust-01611@lumenmail.com,Furniture,1,66.36,0.0,Email,US,variant
ORD-003647,2024-10-19,CUST-01250,cust-01250@lumenmail.com,Décor,-2,41.92,0.15,Paid Search,ZZ,
ORD-000398,2024-07-15,CUST-01928,cust-01928@lumenmail.com,Lighting,2,79.86,0.0,Organic,US,
ORD-007400,2023-12-24,CUST-00482,cust-00482@lumenmail.com,Décor,2,547.82,0.1,Paid Search,UK,
ORD-002824,2024-12-07,CUST-01111,cust-01111@lumenmail.com,Furniture,1,14.1,0.1,Email,AU,control
ORD-005180,2023-06-18,,guest@lumenmail.com,Furniture,3,12.12,0.25,Paid Search,US,control
ORD-008550,2023-10-24,CUST-00148,cust-00148@lumenmail.com,Outdoor,2,587.18,0.05,Organic,AU,control
ORD-009285,2024-12-07,CUST-00634,cust-00634@lumenmail.com,Accessories,-2,79.38,0.0,Paid Search,AU,
ORD-006629,2024-10-16,CUST-00337,cust-00337@lumenmail.com,Accessories,-1,65.56,10.0,Social,US,
ORD-001357,19/08/2023,,guest@lumenmail.com,Lighting,2,764.29,0.0,Organic,UK,
ORD-008563,2023-11-27,CUST-02636,cust-02636@lumenmail.com,Lighting,7,76.05,0.15,Paid Search,US,
ORD-000965,2023-12-24,CUST-01519,cust-01519@lumenmail.com,Accessories,5,35.83,0.0,Email,US,
ORD-000382,2023-10-15,CUST-00760,cust-00760@lumenmail.com,Décor,2,297.82,0.05,Organic,US,control
ORD-000711,2024-12-01,CUST-00384,cust-00384@lumenmail.com,Décor,1,32.86,0.05,Organic,US,control
ORD-001841,2024-12-30,,guest@lumenmail.com,Furniture,3,151.84,0.0,,CA,control
ORD-002305,2024-10-27,CUST-01422,cust-01422@lumenmail.com,Furniture,2,263.79,0.0,Paid Search,ZZ,variant
ORD-001742,2024-06-30,CUST-01490,cust-01490@lumenmail.com,Décor,2,304.78,0.1,Organic,US,
ORD-007333,2023-11-12,CUST-01203,cust-01203@lumenmail.com,Lighting,2,108.68,0.0,Social,US,control
ORD-006349,2024-08-03,CUST-00799,cust-00799@lumenmail.com,Furniture,2,87.98,0.05,Social,US,control
ORD-002903,2024-11-09,CUST-01140,cust-01140@lumenmail.com,Lighting,3,16.78,0.0,Email,CA,variant
ORD-003387,2023-09-22,,guest@lumenmail.com,Lighting,1,76.34,0.0,Social,CA,
ORD-004562,2024-03-19,CUST-00990,cust-00990@lumenmail.com,Outdoor,3,90.75,0.0,Email,US,variant
ORD-006124,2024-10-20,CUST-00397,cust-00397@lumenmail.com,Décor,2,361.7,15.0,Organic,US,control
ORD-000538,23/12/2023,CUST-01583,cust-01583@lumenmail.com,Outdoor,2,6.68,0.05,Social,US,
ORD-000229,2024-07-11,CUST-00863,cust-00863@lumenmail.com,Décor,3,336.83,0.0,Paid Search,US,variant
ORD-003408,2024-04-16,CUST-00623,cust-00623@lumenmail.com,Outdoor,6,447.91,15.0,Social,US,variant
ORD-002710,2023-10-04,CUST-02418,cust-02418@lumenmail.com,Furniture,4,370.14,0.2,Organic,US,
ORD-000763,2024-01-14,CUST-02581,cust-02581@lumenmail.com,Décor,4,28.88,0.15,Paid Search,US,control
ORD-002421,2023-09-15,CUST-01754,cust-01754@lumenmail.com,Accessories,1,43.18,0.0,Social,US,
ORD-001434,2024-10-05,CUST-02651,cust-02651@lumenmail.com,Décor,-1,28.36,0.0,Paid Search,UK,
ORD-002358,2023-11-29,CUST-02421,cust-02421@lumenmail.com,Furniture,7,439.75,0.15,Email,US,control
ORD-007240,2023-11-28,CUST-01253,cust-01253@lumenmail.com,Décor,3,189.61,0.05,Email,US,control
ORD-008543,2024-02-13,CUST-00007,cust-00007@lumenmail.com,Lighting,1,79.08,0.2,Organic,CA,control
ORD-006016,2024-10-14,CUST-00309,cust-00309@lumenmail.com,Lighting,1,63.83,0.0,Paid Search,US,control
ORD-001313,2023-11-01,CUST-00003,cust-00003@lumenmail.com,Décor,2,390.15,0.15,Email,US,control
ORD-004352,2024-07-31,CUST-00752,cust-00752@lumenmail.com,Lighting,3,616.47,15.0,Email,CA,control
ORD-002921,2024-07-15,CUST-01307,cust-01307@lumenmail.com,Outdoor,2,508.92,0.0,Social,US,variant
ORD-003618,2024-07-13,CUST-02116,cust-02116@lumenmail.com,Lighting,1,288.8,0.1,Email,ZZ,
ORD-000173,20/11/2023,CUST-01477,cust-01477@lumenmail.com,Lighting,2,162.9,0.05,Paid Search,US,
ORD-009268,07/01/2024,CUST-00025,cust-00025@lumenmail.com,Furniture,1,713.27,0.0,Email,US,control
ORD-001884,2023-07-08,CUST-02028,cust-02028@lumenmail.com,Lighting,2,197.33,0.0,Email,US,control
ORD-005049,2024-11-03,CUST-01642,cust-01642@lumenmail.com,Décor,1,98.5,0.0,Email,US,
ORD-005820,16/12/2023,CUST-00381,cust-00381@lumenmail.com,Furniture,1,8.6,0.0,Organic,US,control
ORD-009033,2023-10-20,CUST-02998,cust-02998@lumenmail.com,Furniture,1,180.42,0.25,Social,US,
ORD-005088,25/02/2024,CUST-00307,cust-00307@lumenmail.com,Furniture,5,44.75,0.0,Email,US,variant
ORD-007653,2024-07-13,CUST-01714,cust-01714@lumenmail.com,Décor,2,6.95,0.0,Organic,US,
ORD-002168,2023-10-08,CUST-01130,cust-01130@lumenmail.com,Lighting,2,0.0,0.0,Email,US,
ORD-006183,2024-05-28,CUST-02413,cust-02413@lumenmail.com,Outdoor,1,650.25,0.0,Email,US,control
ORD-007106,2024-10-25,CUST-00084,cust-00084@lumenmail.com,Décor,1,99.0,0.05,Paid Search,UK,
ORD-005596,2024-03-02,CUST-02580,cust-02580@lumenmail.com,Lighting,3,24.89,0.0,Paid Search,US,variant
ORD-002495,2024-09-29,CUST-00008,cust-00008@lumenmail.com,Furniture,1,324.02,0.0,Email,US,variant
ORD-000348,2023-10-17,CUST-00662,cust-00662@lumenmail.com,Lighting,2,37.87,0.05,Paid Search,US,
ORD-001762,2023-12-03,CUST-02077,cust-02077@lumenmail.com,Accessories,4,160.51,0.2,Social,US,variant
ORD-002169,2023-09-23,,guest@lumenmail.com,Décor,1,58.11,0.05,Email,UK,variant
ORD-002573,2024-07-31,CUST-00746,cust-00746@lumenmail.com,Furniture,1,37.96,0.0,Social,US,control
ORD-007666,2024-04-21,CUST-02207,cust-02207@lumenmail.com,Outdoor,2,178.18,0.0,Paid Search,US,
ORD-007619,2024-06-30,CUST-02819,cust-02819@lumenmail.com,Décor,3,185.08,10.0,Organic,US,
ORD-001765,2024-10-10,CUST-00621,cust-00621@lumenmail.com,Furniture,1,35.43,0.0,Organic,US,variant
ORD-001013,2023-06-17,CUST-02799,cust-02799@lumenmail.com,Lighting,1,69.1,0.1,Paid Search,UK,
ORD-006331,2023-10-20,CUST-00228,cust-00228@lumenmail.com,Lighting,-1,191.59,0.05,Paid Search,US,variant
ORD-009526,2023-10-27,CUST-02750,cust-02750@lumenmail.com,Lighting,3,95.21,0.0,Organic,US,
ORD-009320,2023-07-22,CUST-00247,cust-00247@lumenmail.com,Lighting,1,52.91,0.1,Paid Search,CA,
ORD-004961,2024-06-09,CUST-01124,cust-01124@lumenmail.com,Furniture,1,82.25,0.0,Organic,CA,variant
ORD-001692,28/08/2023,CUST-02532,cust-02532@lumenmail.com,Lighting,1,43.31,0.0,Organic,US,control
ORD-006767,2024-02-21,CUST-00005,cust-00005@lumenmail.com,Furniture,2,377.87,0.25,Paid Search,AU,variant
ORD-008138,2024-12-06,CUST-02101,cust-02101@lumenmail.com,Outdoor,2,57.35,0.0,Paid Search,US,
ORD-002289,2024-04-19,CUST-02082,cust-02082@lumenmail.com,Furniture,1,86.31,0.2,Paid Search,US,
ORD-002962,2024-12-21,CUST-01237,cust-01237@lumenmail.com,Outdoor,6,28.47,0.05,Social,US,
ORD-007468,2024-06-11,CUST-01317,cust-01317@lumenmail.com,Décor,3,56.58,0.05,Paid Search,US,variant
ORD-000884,2024-11-05,CUST-01657,cust-01657@lumenmail.com,Outdoor,2,62.77,0.25,Paid Search,US,
ORD-003574,2024-05-28,CUST-01458,cust-01458@lumenmail.com,Lighting,1,744.15,0.15,Paid Search,US,control
ORD-008786,2023-10-25,CUST-02754,cust-02754@lumenmail.com,Décor,5,92.3,0.1,Social,UK,
ORD-000203,2024-07-26,CUST-02159,cust-02159@lumenmail.com,Décor,3,110.51,0.2,Social,US,
ORD-005314,27/11/2023,CUST-01778,cust-01778@lumenmail.com,Furniture,3,10.47,0.0,Organic,US,control
ORD-001989,2023-12-31,CUST-01865,cust-01865@lumenmail.com,Lightng,1,64.16,0.2,Social,US,variant
ORD-005005,2023-12-23,CUST-00979,cust-00979@lumenmail.com,Furniture,-3,340.64,0.05,Email,ZZ,control
ORD-002342,06/11/2024,CUST-01339,cust-01339@lumenmail.com,Accessories,-1,40.11,0.05,Paid Search,US,variant
ORD-005445,2023-08-03,CUST-00219,cust-00219@lumenmail.com,Décor,3,399.03,0.15,Paid Search,US,
ORD-005463,2023-09-16,CUST-01052,cust-01052@lumenmail.com,Lighting,2,41.0,0.0,Paid Search,UK,
ORD-006004,2023-11-05,CUST-00070,cust-00070@lumenmail.com,Lighting,7,18.14,0.15,Email,US,variant
ORD-006524,2024-07-18,CUST-02639,cust-02639@lumenmail.com,Furniture,2,86.27,0.0,Paid Search,US,control
ORD-000845,2024-07-17,CUST-02476,cust-02476@lumenmail.com,Furniture,1,141.72,0.05,Organic,CA,
ORD-009016,2024-12-04,CUST-02633,cust-02633@lumenmail.com,Accessories,2,74.13,0.1,Organic,US,
ORD-004240,2024-08-24,CUST-02344,cust-02344@lumenmail.com,Furniture,4,149.26,10.0,Email,US,control
ORD-006978,2024-02-17,CUST-01594,cust-01594@lumenmail.com,Outdoor,3,27.38,0.0,Email,ZZ,
ORD-007026,2024-09-01,CUST-00680,cust-00680@lumenmail.com,Furniture,2,431.62,10.0,Social,CA,
ORD-007535,2023-12-15,CUST-02878,cust-02878@lumenmail.com,Outdoor,3,36.99,0.0,Organic,CA,variant
ORD-001437,2023-12-02,CUST-02243,cust-02243@lumenmail.com,Lighting,5,408.83,0.2,Organic,US,
ORD-008682,2024-06-16,CUST-01426,cust-01426@lumenmail.com,Lighting,2,123.83,0.0,Email,US,
ORD-004133,2023-11-07,CUST-01143,cust-01143@lumenmail.com,Décor,1,38.48,0.2,Paid Search,US,
ORD-000145,25/09/2024,CUST-00119,cust-00119@lumenmail.com,Outdoor,3,18.02,5.0,Organic,AU,variant
ORD-008649,2023-07-23,CUST-00473,cust-00473@lumenmail.com,Furniture,2,11.19,0.25,Social,US,variant
ORD-005770,27/07/2023,CUST-02677,cust-02677@lumenmail.com,Furniture,1,14.59,0.0,Email,US,
ORD-006795,2024-12-24,CUST-00978,cust-00978@lumenmail.com,Furniture,1,40.89,0.2,Paid Search,US,
ORD-003833,2023-07-15,CUST-01701,cust-01701@lumenmail.com,Accessories,2,144.49,0.0,Email,CA,control
ORD-004598,,,guest@lumenmail.com,Lighting,3,5.25,0.0,Email,UK,variant
ORD-003866,2024-02-06,CUST-00678,cust-00678@lumenmail.com,lighting,2,62.15,0.0,Paid Search,ZZ,variant
ORD-003097,2023-06-23,CUST-01829,cust-01829@lumenmail.com,Furniture,1,30.51,0.1,Social,US,
ORD-004111,2024-06-10,CUST-01152,cust-01152@lumenmail.com,Lighting,1,78.81,0.0,Email,US,variant
ORD-008183,2023-08-03,CUST-01573,cust-01573@lumenmail.com,Furniture,3,49.63,0.0,Email,US,
ORD-006770,2024-09-11,CUST-01246,cust-01246@lumenmail.com,Furniture,5,45.49,0.0,Paid Search,US,
ORD-007977,2023-07-01,,guest@lumenmail.com,Décor,1,392.52,0.25,Organic,US,variant
ORD-005304,2023-11-26,CUST-00955,cust-00955@lumenmail.com,Furniture,1,187.55,0.0,Organic,UK,
ORD-005731,2023-08-23,CUST-02056,cust-02056@lumenmail.com,Furniture,2,82.65,0.15,Organic,UK,control
ORD-004447,2024-06-30,CUST-02598,cust-02598@lumenmail.com,lighting,2,255.5,0.2,Organic,US,variant
ORD-006634,2023-11-05,CUST-02081,cust-02081@lumenmail.com,Décor,1,552.22,0.15,Organic,US,variant
ORD-000370,2024-09-04,CUST-02955,cust-02955@lumenmail.com,Furniture,2,25.63,0.0,Organic,UK,
ORD-007114,2023-10-04,CUST-02921,cust-02921@lumenmail.com,Furniture,2,47.3,0.0,,US,
ORD-008811,2024-09-28,CUST-01985,cust-01985@lumenmail.com,Lighting,4,15.18,0.05,Email,US,variant
ORD-001882,2024-06-18,CUST-00568,cust-00568@lumenmail.com,Furniture,2,676.51,20.0,Organic,US,control
ORD-006358,03/12/2024,CUST-02714,cust-02714@lumenmail.com,Décor,2,243.35,0.1,Organic,US,control
ORD-002210,2024-11-25,CUST-01990,cust-01990@lumenmail.com,Lighting,1,91.67,0.25,Email,US,control
ORD-001817,2024-11-12,CUST-01923,cust-01923@lumenmail.com,Décor,2,34.98,0.05,Email,US,
ORD-004755,2024-01-30,CUST-00665,cust-00665@lumenmail.com,Lighting,1,88.78,0.0,Organic,CA,variant
ORD-006033,2024-08-12,CUST-01216,cust-01216@lumenmail.com,Décor,3,251.4,0.25,Social,US,control
ORD-007233,2024-12-17,CUST-00458,cust-00458@lumenmail.com,Décor,2,230.66,0.0,Organic,UK,control
ORD-004830,21/09/2024,,guest@lumenmail.com,Décor,2,96.79,0.0,Email,UK,
ORD-001157,2024-01-11,CUST-01199,cust-01199@lumenmail.com,Décor,5,34.42,5.0,,US,
ORD-006449,2023-08-10,CUST-00266,cust-00266@lumenmail.com,Décor,3,96.82,0.05,,US,
ORD-002681,2023-08-30,CUST-02568,cust-02568@lumenmail.com,Lighting,1,13.33,0.1,Paid Search,UK,
ORD-001202,2024-10-04,CUST-00027,cust-00027@lumenmail.com,Lighting,3,27.39,0.0,,US,variant
ORD-001615,04/02/2024,CUST-00656,cust-00656@lumenmail.com,Lighting,1,36.5,0.05,Email,CA,control
ORD-006069,13/05/2024,CUST-01625,cust-01625@lumenmail.com,Lighting,1,17.73,0.0,Paid Search,CA,variant
ORD-009326,2023-09-23,CUST-02276,cust-02276@lumenmail.com,Lighting,1,645.87,0.0,Organic,US,
ORD-008464,2023-06-14,CUST-00736,cust-00736@lumenmail.com,Décor,3,131.19,0.0,,US,
ORD-008825,2023-07-11,CUST-00033,cust-00033@lumenmail.com,Outdoor,2,173.04,0.05,Paid Search,US,control
ORD-005208,23/12/2024,CUST-01041,cust-01041@lumenmail.com,Lighting,1,36.06,0.1,Paid Search,UK,control
ORD-001259,2023-07-01,CUST-02200,cust-02200@lumenmail.com,Décor,1,302.99,0.1,Organic,US,variant
ORD-005496,2024-07-05,CUST-01434,cust-01434@lumenmail.com,Furniture,2,27.85,0.0,Social,CA,control
ORD-006713,2024-03-24,CUST-01498,cust-01498@lumenmail.com,Décor,1,41.03,0.05,Email,CA,control
ORD-004328,2024-12-24,CUST-00600,cust-00600@lumenmail.com,Lighting,1,340.83,0.15,Email,US,control
ORD-007561,2024-04-20,CUST-02964,cust-02964@lumenmail.com,Décor,3,16.96,0.15,Paid Search,US,
ORD-002745,2024-02-18,CUST-02626,cust-02626@lumenmail.com,Furniture,1,45.33,0.05,Email,US,variant
ORD-001473,2023-09-22,CUST-01458,cust-01458@lumenmail.com,Furniture,-2,256.33,0.05,Organic,UK,variant
ORD-005502,2024-02-19,CUST-02249,cust-02249@lumenmail.com,Furniture,1,11.66,0.0,Email,CA,control
ORD-008622,2024-03-16,CUST-02157,cust-02157@lumenmail.com,Lighting,5,31.38,0.05,Organic,US,
ORD-002350,2023-07-12,CUST-00469,cust-00469@lumenmail.com,Furniture,3,136.86,0.2,Email,UK,
ORD-008291,26/12/2024,CUST-01645,cust-01645@lumenmail.com,Décor,2,85.05,0.0,Email,AU,
ORD-006606,26/08/2023,CUST-02448,cust-02448@lumenmail.com,Lighting,2,22.01,0.1,,US,variant
ORD-007259,2024-02-04,CUST-01405,cust-01405@lumenmail.com,Furniture,1,48.98,0.0,Email,US,variant
ORD-005159,2024-02-21,CUST-02081,cust-02081@lumenmail.com,Furniture,1,135.21,0.1,Organic,CA,
ORD-008777,2023-11-24,CUST-01333,cust-01333@lumenmail.com,Furniture,3,12.55,0.0,Organic,CA,control
ORD-006185,13/08/2023,CUST-02904,cust-02904@lumenmail.com,Décor,4,39.94,0.0,Paid Search,US,variant
ORD-001769,2023-09-29,CUST-01057,cust-01057@lumenmail.com,Lighting,5,33.49,0.1,Social,US,
ORD-000013,2024-01-12,CUST-00515,cust-00515@lumenmail.com,Lighting,1,355.13,0.05,Email,US,control
ORD-007241,,CUST-02834,cust-02834@lumenmail.com,Furniture,1,234.37,0.0,Social,US,variant
ORD-001257,2024-12-21,CUST-00751,cust-00751@lumenmail.com,Accessories,5,329.93,0.0,Email,US,variant
ORD-004297,21/04/2024,CUST-00581,cust-00581@lumenmail.com,Furniture,4,39.03,0.1,Social,US,variant
ORD-002002,2023-12-16,CUST-02859,cust-02859@lumenmail.com,Lighting,5,17.85,0.0,Social,US,
ORD-003959,2024-11-10,CUST-01156,cust-01156@lumenmail.com,Décor,1,0.0,0.0,Paid Search,CA,
ORD-000954,01/02/2024,CUST-00334,cust-00334@lumenmail.com,Lighting,2,20.7,0.0,Social,US,control
ORD-007648,2023-12-03,CUST-00260,cust-00260@lumenmail.com,Accessories,1,43.53,0.05,Paid Search,US,
ORD-008180,2024-03-26,CUST-01846,cust-01846@lumenmail.com,Décor,1,128.31,0.0,Paid Search,US,
ORD-008492,2023-10-17,CUST-01921,cust-01921@lumenmail.com,Lighting,3,33.67,0.0,Email,UK,variant
ORD-007386,2024-11-18,CUST-02399,cust-02399@lumenmail.com,Furniture,2,51.83,0.2,Email,US,control
ORD-004067,20/12/2023,CUST-01690,cust-01690@lumenmail.com,Furniture,1,45.45,0.1,Organic,AU,control
ORD-005949,04/02/2024,CUST-01176,cust-01176@lumenmail.com,Lighting,3,44.93,0.15,Paid Search,CA,
ORD-000968,2024-11-16,CUST-02418,cust-02418@lumenmail.com,Lighting,5,29.29,0.1,Email,US,control
ORD-006253,2024-11-07,CUST-01039,cust-01039@lumenmail.com,Furniture,2,81.33,0.0,,US,
ORD-007830,2024-09-14,CUST-02466,cust-02466@lumenmail.com,Furniture,2,12.79,0.0,Social,US,control
ORD-005113,03/07/2024,CUST-01562,cust-01562@lumenmail.com,Lighting,1,186.18,0.0,Email,ZZ,variant
ORD-003949,2024-07-06,,guest@lumenmail.com,Lighting,2,29.41,0.15,Email,AU,variant
ORD-004458,2023-10-05,CUST-01192,cust-01192@lumenmail.com,Lighting,2,14.91,0.0,Paid Search,CA,control
ORD-006375,2024-06-29,CUST-02667,cust-02667@lumenmail.com,Outdoor,6,39.05,0.1,Paid Search,US,variant
ORD-009382,2024-03-31,CUST-00161,cust-00161@lumenmail.com,Outdoor,4,25.39,0.2,Social,CA,control
ORD-009094,06/08/2024,CUST-01318,cust-01318@lumenmail.com,Furniture,3,58.97,0.05,Paid Search,US,
ORD-007655,2023-07-25,CUST-02101,cust-02101@lumenmail.com,Outdoor,2,186.86,0.0,Email,CA,control
ORD-001382,2024-10-06,CUST-00832,cust-00832@lumenmail.com,Décor,2,24.22,0.0,Paid Search,CA,control
ORD-003092,2024-11-12,CUST-00117,cust-00117@lumenmail.com,Lighting,1,99.28,0.0,Email,US,variant
ORD-003754,2024-11-17,CUST-01034,cust-01034@lumenmail.com,Décor,4,33.58,0.2,,US,
ORD-006062,2024-04-28,CUST-00174,cust-00174@lumenmail.com,Furniture,1,559.25,0.05,Organic,US,control
ORD-000252,2024-04-09,CUST-01589,cust-01589@lumenmail.com,lighting,1,15.49,0.0,Email,US,variant
ORD-001741,2024-01-18,,guest@lumenmail.com,Furniture,1,23.34,0.05,Email,US,
ORD-000088,2024-06-18,CUST-01072,cust-01072@lumenmail.com,Outdoor,2,185.68,0.0,Organic,US,variant
ORD-005766,2024-10-06,CUST-00581,cust-00581@lumenmail.com,Furniture,1,593.89,0.1,Organic,UK,
ORD-003663,2024-12-21,CUST-00272,cust-00272@lumenmail.com,Outdoor,4,154.61,0.2,Email,CA,variant
ORD-002130,2023-07-02,CUST-00611,cust-00611@lumenmail.com,Décor,2,30.88,15.0,Paid Search,US,
ORD-007939,2024-05-12,,guest@lumenmail.com,Lighting,1,81.26,0.25,Email,US,variant
ORD-005487,2023-12-17,CUST-00994,cust-00994@lumenmail.com,Décor,7,184.95,0.0,Organic,US,control
ORD-000449,2024-04-21,CUST-00382,cust-00382@lumenmail.com,Furniture,1,6.16,0.2,Email,US,control
ORD-007715,2023-08-16,CUST-01926,cust-01926@lumenmail.com,Furniture,3,96.63,0.0,Organic,CA,
ORD-006447,2023-10-10,CUST-02280,cust-02280@lumenmail.com,Lighting,1,142.74,0.05,Paid Search,CA,control
ORD-004165,12/06/2024,,guest@lumenmail.com,Lightng,1,72.22,0.15,Paid Search,US,control
ORD-007630,2024-04-10,CUST-01602,cust-01602@lumenmail.com,Furniture,3,110.04,0.05,Social,US,control
ORD-004626,2024-11-24,CUST-01397,cust-01397@lumenmail.com,Décor,2,124.18,0.05,Email,US,variant
ORD-007063,2023-10-06,CUST-01800,cust-01800@lumenmail.com,Lighting,1,81.7,0.25,Organic,US,
ORD-001755,2024-09-12,,guest@lumenmail.com,Lighting,1,50.57,0.1,Email,US,
ORD-003111,2024-02-13,CUST-01888,cust-01888@lumenmail.com,Lighting,1,84.23,0.1,,UK,variant
ORD-006329,04/02/2024,CUST-01492,cust-01492@lumenmail.com,Outdoor,2,30.03,0.0,Social,CA,control
ORD-006747,2024-09-14,CUST-01852,cust-01852@lumenmail.com,Accessories,1,35.1,0.0,Organic,CA,variant
ORD-005859,2024-09-19,CUST-01241,cust-01241@lumenmail.com,Décor,2,34.2,0.0,Organic,US,control
ORD-002673,2023-06-04,CUST-00123,cust-00123@lumenmail.com,Lighting,2,300.47,0.1,Email,US,
ORD-006622,23/11/2024,CUST-02642,cust-02642@lumenmail.com,Furniture,1,23.54,0.0,Email,US,control
ORD-001547,2024-02-13,CUST-01053,cust-01053@lumenmail.com,Accessories,1,19.07,10.0,Paid Search,CA,variant
ORD-002736,2024-09-23,CUST-00656,cust-00656@lumenmail.com,Outdoor,1,122.7,0.0,Email,US,
ORD-005630,2024-12-23,CUST-00434,cust-00434@lumenmail.com,Furniture,2,29.53,0.0,Social,US,variant
ORD-002049,2024-01-11,CUST-01101,cust-01101@lumenmail.com,Furniture,2,229.92,5.0,Paid Search,ZZ,
ORD-007222,2023-10-11,CUST-01474,cust-01474@lumenmail.com,Furniture,1,40.84,0.0,Paid Search,UK,
ORD-004638,2023-12-04,CUST-02373,cust-02373@lumenmail.com,Accessories,1,23.69,0.05,Email,US,variant
ORD-004159,2023-09-23,CUST-02948,cust-02948@lumenmail.com,Furniture,2,115.31,0.0,Email,US,control
ORD-005694,2024-07-01,CUST-02491,cust-02491@lumenmail.com,Décor,6,25.31,0.05,Paid Search,US,
ORD-006615,2024-10-10,CUST-01766,cust-01766@lumenmail.com,Lighting,1,119.19,0.0,Email,US,variant
ORD-008342,2024-03-05,CUST-00437,cust-00437@lumenmail.com,Décor,2,28.63,0.0,Paid Search,US,
ORD-003306,2023-11-09,CUST-01694,cust-01694@lumenmail.com,Accessories,2,95.6,0.1,Organic,US,control
ORD-003749,2023-08-27,CUST-00492,cust-00492@lumenmail.com,Décor,2,624.67,0.15,Email,US,
ORD-006641,2023-07-24,CUST-00799,cust-00799@lumenmail.com,Lighting,1,173.65,0.0,Email,US,
ORD-005302,2023-09-08,CUST-01701,cust-01701@lumenmail.com,Furniture,2,88.4,0.05,Organic,US,
ORD-005537,2024-05-12,CUST-01303,cust-01303@lumenmail.com,Décor,3,45.06,0.15,Paid Search,US,variant
ORD-002427,04/12/2024,CUST-01346,cust-01346@lumenmail.com,Furniture,2,14.41,0.05,Social,US,control
ORD-006807,2023-07-24,CUST-00239,cust-00239@lumenmail.com,Lighting,1,194.73,0.0,Email,AU,
ORD-008605,31/08/2023,CUST-01548,cust-01548@lumenmail.com,Décor,1,110.39,0.0,Paid Search,US,
ORD-008262,2024-06-25,CUST-01650,cust-01650@lumenmail.com,Furniture,1,183.42,0.0,Email,UK,control
ORD-004657,2023-09-01,,guest@lumenmail.com,Décor,3,24.6,0.2,Social,UK,variant
ORD-001212,2024-04-10,CUST-00659,cust-00659@lumenmail.com,Outdoor,2,47.07,0.15,Email,US,control
ORD-007020,07/03/2024,CUST-02481,cust-02481@lumenmail.com,Accessories,4,73.59,0.0,,US,variant
ORD-005450,2024-12-21,CUST-00396,cust-00396@lumenmail.com,Décor,1,234.97,0.05,Email,US,control
ORD-001958,2024-08-14,CUST-01768,cust-01768@lumenmail.com,Lighting,4,78.67,0.0,Email,US,variant
ORD-008834,06/07/2024,CUST-01401,cust-01401@lumenmail.com,Furniture,1,99.83,0.15,Organic,CA,variant
ORD-008188,2024-12-09,CUST-01164,cust-01164@lumenmail.com,Lighting,1,311.92,0.05,Email,US,variant
ORD-003570,2023-09-25,CUST-02844,cust-02844@lumenmail.com,Décor,1,16.0,0.15,Paid Search,US,control
ORD-007853,2024-10-27,CUST-00104,cust-00104@lumenmail.com,Décor,5,383.63,0.05,Paid Search,US,variant
ORD-000072,2024-06-14,CUST-01707,cust-01707@lumenmail.com,Outdoor,1,789.98,0.05,Organic,US,
ORD-004295,2024-04-24,CUST-01203,cust-01203@lumenmail.com,Accessories,2,290.06,0.0,Organic,US,control
ORD-000324,2024-09-08,CUST-00791,cust-00791@lumenmail.com,Furniture,-4,337.7,0.1,Social,US,
ORD-005449,2024-10-09,,guest@lumenmail.com,Outdoor,1,168.19,0.0,Organic,US,variant
ORD-000745,2024-07-12,CUST-02129,cust-02129@lumenmail.com,Lighting,1,128.88,0.1,Paid Search,ZZ,control
ORD-006625,2023-07-25,,guest@lumenmail.com,Décor,1,15.11,0.0,Paid Search,US,
ORD-001888,2024-01-14,CUST-02031,cust-02031@lumenmail.com,Furniture,4,31.75,0.2,Email,US,variant
ORD-004236,2023-10-13,CUST-02545,cust-02545@lumenmail.com,Lighting,1,150.75,0.0,Organic,US,
ORD-007749,04/08/2024,CUST-01428,cust-01428@lumenmail.com,Décor,1,54.44,0.0,Email,US,variant
ORD-001680,2023-06-03,CUST-02124,cust-02124@lumenmail.com,Outdoor,1,245.95,0.1,Paid Search,US,
ORD-004071,2024-07-12,CUST-01876,cust-01876@lumenmail.com,Outdoor,2,142.66,0.05,Email,UK,
ORD-004643,2024-11-24,CUST-02579,cust-02579@lumenmail.com,Décor,1,8.33,0.0,Paid Search,AU,control
ORD-001966,2024-04-06,CUST-02572,cust-02572@lumenmail.com,Décor,1,150.35,0.1,Social,UK,control
ORD-004402,,CUST-01326,cust-01326@lumenmail.com,Décor,1,254.32,0.1,Paid Search,US,variant
ORD-000115,2023-06-16,CUST-01218,cust-01218@lumenmail.com,Lighting,3,20.75,0.1,Email,US,control
ORD-007726,2024-05-02,CUST-02921,cust-02921@lumenmail.com,Lighting,2,94.27,0.05,Paid Search,UK,variant
ORD-004496,2024-07-02,CUST-02596,cust-02596@lumenmail.com,Lighting,2,94.99,0.0,Email,US,
ORD-006926,26/03/2024,CUST-02267,cust-02267@lumenmail.com,Furniture,6,75.97,0.05,Email,US,variant
ORD-002752,2023-12-26,CUST-00289,cust-00289@lumenmail.com,Lighting,1,40.42,0.05,Organic,US,variant
ORD-000024,2024-08-29,CUST-00006,cust-00006@lumenmail.com,Lighting,1,172.1,0.0,,US,control
ORD-006940,2024-01-01,CUST-01447,cust-01447@lumenmail.com,Accessories,1,6.54,0.05,Paid Search,US,variant
ORD-001409,2024-12-30,CUST-01402,cust-01402@lumenmail.com,Lighting,5,17.82,0.2,Paid Search,US,
ORD-000347,2024-07-21,,guest@lumenmail.com,Outdoor,1,58.66,0.0,Email,US,control
ORD-005947,2023-07-09,CUST-00765,cust-00765@lumenmail.com,Décor,1,32.79,0.0,,US,variant
ORD-001767,2023-06-07,CUST-02334,cust-02334@lumenmail.com,Outdoor,1,11.75,0.0,Organic,US,control
ORD-009026,2024-08-10,,guest@lumenmail.com,Lighting,1,495.29,0.15,Paid Search,US,variant
ORD-000712,2024-10-16,,guest@lumenmail.com,Furniture,1,327.49,0.1,Paid Search,US,control
ORD-004599,2024-02-09,CUST-01888,cust-01888@lumenmail.com,Décor,2,260.64,0.2,Paid Search,US,control
ORD-008339,2024-05-13,CUST-01893,cust-01893@lumenmail.com,Décor,2,245.23,0.1,Paid Search,US,variant
ORD-008928,2024-02-20,CUST-02038,cust-02038@lumenmail.com,Furniture,1,21.78,0.2,Paid Search,CA,
ORD-008523,2024-03-31,CUST-00085,cust-00085@lumenmail.com,Outdoor,2,91.19,0.0,Email,ZZ,
ORD-002781,2024-07-24,CUST-01311,cust-01311@lumenmail.com,Décor,1,123.34,0.0,Organic,US,
ORD-001004,2024-11-02,CUST-02645,cust-02645@lumenmail.com,Outdoor,4,7.69,0.0,Social,US,control
ORD-004461,2024-01-05,CUST-02231,cust-02231@lumenmail.com,Décor,1,196.27,0.05,Email,US,
ORD-001552,2023-07-10,CUST-01449,cust-01449@lumenmail.com,Décor,2,296.88,0.2,Paid Search,CA,variant
ORD-006363,2024-09-28,CUST-00506,cust-00506@lumenmail.com,Lighting,6,15.49,0.0,Organic,US,control
ORD-005769,2024-09-23,CUST-01335,cust-01335@lumenmail.com,Furniture,1,299.59,0.0,Organic,US,
ORD-001176,2024-05-08,CUST-00676,cust-00676@lumenmail.com,Outdoor,2,85.34,0.25,Social,ZZ,variant
ORD-003314,24/09/2023,CUST-01554,cust-01554@lumenmail.com,Outdoor,1,394.29,10.0,Email,ZZ,control
ORD-007388,28/11/2023,CUST-02725,cust-02725@lumenmail.com,Furniture,1,274.78,0.15,Organic,US,
ORD-000806,2023-12-05,CUST-01634,cust-01634@lumenmail.com,Outdoor,2,299.35,0.1,Email,US,
ORD-005207,2024-12-09,CUST-02206,cust-02206@lumenmail.com,Furniture,1,143.97,0.0,Social,US,control
ORD-002922,2024-04-26,CUST-01138,cust-01138@lumenmail.com,Décor,1,40.77,0.0,Email,AU,
ORD-007401,2023-08-06,,guest@lumenmail.com,Accessories,1,31.71,0.1,Email,CA,control
ORD-003312,2024-05-05,CUST-01590,cust-01590@lumenmail.com,Outdoor,2,59.04,25.0,Paid Search,US,control
ORD-000166,2024-08-24,CUST-00335,cust-00335@lumenmail.com,Outdoor,2,98.19,0.1,,UK,control
ORD-007048,27/06/2024,CUST-01918,cust-01918@lumenmail.com,Furniture,1,60.2,0.1,Email,US,variant
ORD-002063,04/06/2023,CUST-00448,cust-00448@lumenmail.com,Lighting,3,71.77,0.1,Email,AU,control
ORD-003567,2024-07-09,CUST-00255,cust-00255@lumenmail.com,Lighting,2,47.72,0.0,,US,control
ORD-008755,2023-06-12,CUST-02392,cust-02392@lumenmail.com,Décor,1,65.65,0.0,Paid Search,US,control
ORD-001711,2024-11-15,CUST-02370,cust-02370@lumenmail.com,Outdoor,2,453.16,0.0,Paid Search,US,
ORD-007217,2023-10-02,CUST-00234,cust-00234@lumenmail.com,Décor,1,107.92,0.0,Paid Search,US,
ORD-009181,2024-10-26,CUST-00861,cust-00861@lumenmail.com,Lighting,4,387.44,0.15,Paid Search,US,variant
ORD-001340,15/12/2023,CUST-00022,cust-00022@lumenmail.com,Accessories,1,39.54,0.0,Social,US,variant
ORD-001079,2024-01-14,CUST-01710,cust-01710@lumenmail.com,Décor,2,15.65,0.05,Social,US,variant
ORD-007384,2024-10-29,CUST-02821,cust-02821@lumenmail.com,Lighting,2,153.25,0.05,Paid Search,US,variant
ORD-000646,2024-03-06,CUST-01768,cust-01768@lumenmail.com,Lighting,2,386.0,0.05,Organic,US,
ORD-000040,31/05/2024,CUST-00735,cust-00735@lumenmail.com,lighting,1,91.43,0.0,Paid Search,US,
ORD-005834,07/10/2024,,guest@lumenmail.com,Lighting,2,192.9,0.1,Social,CA,variant
ORD-007677,2024-11-10,CUST-02619,cust-02619@lumenmail.com,Furniture,3,698.2,10.0,Social,US,
ORD-009584,2024-04-10,CUST-00860,cust-00860@lumenmail.com,Lighting,1,15.68,0.2,Paid Search,US,variant
ORD-008211,2023-09-02,CUST-02759,cust-02759@lumenmail.com,Outdoor,4,45.35,0.0,Paid Search,UK,control
ORD-008238,2024-09-26,CUST-00116,cust-00116@lumenmail.com,Lighting,1,48.32,0.05,Social,US,variant
ORD-003330,2023-11-25,CUST-00087,cust-00087@lumenmail.com,Furniture,1,29.91,0.2,Social,US,control
ORD-004707,2024-02-11,CUST-00432,cust-00432@lumenmail.com,Furniture,1,47.31,0.0,Paid Search,US,variant
ORD-006438,2024-05-14,CUST-02286,cust-02286@lumenmail.com,Furniture,3,38.99,0.0,Social,UK,
ORD-006828,2024-05-21,CUST-01667,cust-01667@lumenmail.com,Furniture,1,107.49,0.1,Organic,US,control
ORD-002878,2023-07-20,CUST-01442,cust-01442@lumenmail.com,Furniture,3,22.9,0.0,Social,UK,
ORD-008234,2023-11-01,CUST-02029,cust-02029@lumenmail.com,Décor,2,795.85,0.2,Paid Search,US,
ORD-008253,2024-05-30,CUST-00720,cust-00720@lumenmail.com,Lighting,1,54.47,0.05,Paid Search,US,
ORD-001752,2024-03-08,CUST-00373,cust-00373@lumenmail.com,Lighting,2,98.28,0.0,Organic,US,
ORD-007429,2024-09-10,CUST-00809,cust-00809@lumenmail.com,Accessories,1,78.27,0.05,Organic,US,variant
ORD-004617,2024-02-23,CUST-01771,cust-01771@lumenmail.com,Furniture,1,86.93,0.05,Paid Search,UK,variant
ORD-004125,2023-11-27,CUST-00462,cust-00462@lumenmail.com,Décor,1,104.7,0.2,Email,US,
ORD-002041,2024-01-09,CUST-02185,cust-02185@lumenmail.com,Lighting,1,159.8,0.0,Email,AU,control
ORD-006758,2023-11-06,CUST-02023,cust-02023@lumenmail.com,Furniture,2,141.45,0.0,Email,US,control
ORD-002724,2023-11-30,CUST-01289,cust-01289@lumenmail.com,Décor,1,0.0,0.1,Organic,CA,variant
ORD-000985,2024-06-22,CUST-00540,cust-00540@lumenmail.com,Furniture,2,50.45,0.05,Social,US,
ORD-002851,2024-03-17,CUST-02168,cust-02168@lumenmail.com,Outdoor,1,46.25,0.2,Email,US,variant
ORD-001195,2024-07-31,CUST-00066,cust-00066@lumenmail.com,Accessories,7,687.71,0.15,Email,US,
ORD-001635,2023-08-13,CUST-01952,cust-01952@lumenmail.com,Accessories,1,538.29,0.0,Organic,US,
ORD-004403,2024-02-14,CUST-01352,cust-01352@lumenmail.com,Furniture,2,68.06,0.15,Organic,UK,variant
ORD-008817,23/12/2024,CUST-02805,cust-02805@lumenmail.com,Furniture,4,36.94,0.0,Organic,US,variant
ORD-007311,03/05/2024,CUST-02584,cust-02584@lumenmail.com,Lighting,2,92.58,0.0,,AU,variant
ORD-005076,2024-03-05,CUST-01236,cust-01236@lumenmail.com,Furniture,3,143.98,0.0,Organic,US,
ORD-002479,2024-09-27,CUST-01012,cust-01012@lumenmail.com,Furniture,1,20.14,0.0,Organic,US,control
ORD-006889,2024-12-28,CUST-02159,cust-02159@lumenmail.com,Furniture,-1,379.06,0.0,Email,US,
ORD-002556,2024-09-26,CUST-01494,cust-01494@lumenmail.com,Accessories,3,27.84,0.0,Email,US,
ORD-005135,2023-07-17,CUST-00998,cust-00998@lumenmail.com,Furniture,1,311.74,0.0,Organic,UK,control
ORD-006621,2024-01-12,CUST-01091,cust-01091@lumenmail.com,Outdoor,1,23.68,0.0,Paid Search,US,
ORD-004345,2023-12-08,CUST-02360,cust-02360@lumenmail.com,Décor,1,72.29,10.0,Email,UK,variant
ORD-000299,2023-10-15,CUST-01178,cust-01178@lumenmail.com,Accessories,-1,75.36,0.15,Email,US,
ORD-008488,2024-07-05,CUST-02598,cust-02598@lumenmail.com,Lighting,1,88.43,0.2,Paid Search,US,variant
ORD-002209,2024-04-04,CUST-01144,cust-01144@lumenmail.com,Furniture,1,51.39,0.0,Email,US,
ORD-007169,2023-10-14,CUST-01815,cust-01815@lumenmail.com,Lighting,1,36.11,0.0,Email,ZZ,
ORD-002668,2023-07-08,CUST-00758,cust-00758@lumenmail.com,Furniture,1,48.59,10.0,Paid Search,US,control
ORD-007175,20/10/2024,CUST-00707,cust-00707@lumenmail.com,Lighting,1,87.31,0.0,Organic,US,
ORD-003596,2024-11-17,CUST-01972,cust-01972@lumenmail.com,Décor,2,232.95,0.0,Paid Search,US,
ORD-000254,2024-02-03,CUST-01026,cust-01026@lumenmail.com,Lighting,2,267.34,0.15,Paid Search,US,variant
ORD-003247,2024-04-05,CUST-02640,cust-02640@lumenmail.com,Lighting,4,77.63,0.0,Email,UK,variant
ORD-005884,2023-08-22,CUST-01623,cust-01623@lumenmail.com,Lighting,2,36.81,0.1,Email,CA,variant
ORD-007218,2023-12-17,CUST-02547,cust-02547@lumenmail.com,Accessories,2,83.51,0.1,Organic,US,control
ORD-007436,2024-11-18,CUST-00048,cust-00048@lumenmail.com,Furniture,2,289.58,0.0,Paid Search,US,variant
ORD-008784,2024-12-15,CUST-01843,cust-01843@lumenmail.com,Outdoor,3,88.29,0.0,Organic,UK,variant
ORD-009007,2024-01-17,CUST-02646,cust-02646@lumenmail.com,Furniture,2,50.73,0.0,Email,US,control
ORD-003933,2024-12-06,CUST-00684,cust-00684@lumenmail.com,Furniture,2,190.64,0.0,Paid Search,US,
ORD-004126,2024-02-21,CUST-01344,cust-01344@lumenmail.com,Lighting,1,573.35,0.05,Email,US,variant
ORD-005428,2023-08-19,,guest@lumenmail.com,Décor,1,51.79,0.0,Social,US,control
ORD-001858,20/11/2024,CUST-02114,cust-02114@lumenmail.com,Outdoor,1,81.8,0.0,Organic,US,control
ORD-001669,2023-07-23,CUST-01878,cust-01878@lumenmail.com,Lighting,1,13.91,0.0,Email,US,control
ORD-005420,2024-01-02,CUST-02367,cust-02367@lumenmail.com,Furniture,1,108.94,0.0,Organic,US,
ORD-008664,02/03/2024,CUST-00505,cust-00505@lumenmail.com,Lighting,2,10.94,0.15,Social,US,control
ORD-006511,27/03/2024,CUST-00164,cust-00164@lumenmail.com,Lighting,3,62.55,0.0,Social,US,variant
ORD-001015,2024-05-10,CUST-02136,cust-02136@lumenmail.com,Lighting,1,217.08,0.1,Organic,US,variant
ORD-007978,2024-03-11,CUST-00552,cust-00552@lumenmail.com,lighting,1,38.36,0.0,Organic,US,
ORD-006980,06/04/2024,CUST-01853,cust-01853@lumenmail.com,Lightng,1,192.35,0.1,Organic,US,
ORD-007819,2023-09-12,CUST-02155,cust-02155@lumenmail.com,Décor,1,44.67,0.05,Paid Search,US,control
ORD-005531,13/06/2023,CUST-02138,cust-02138@lumenmail.com,Décor,2,177.74,0.05,Organic,AU,control
ORD-006918,2023-12-22,CUST-02030,cust-02030@lumenmail.com,Accessories,2,76.45,0.0,Organic,US,control
ORD-006401,2024-09-28,CUST-02221,cust-02221@lumenmail.com,Accessories,1,31.07,0.0,Paid Search,CA,
ORD-002519,21/08/2023,,guest@lumenmail.com,Décor,3,369.69,0.05,Paid Search,US,control
ORD-007017,01/02/2024,CUST-02281,cust-02281@lumenmail.com,Lighting,3,151.86,0.05,Paid Search,UK,
ORD-001474,2023-12-27,CUST-01328,cust-01328@lumenmail.com,Lighting,3,103.24,0.1,Social,CA,
ORD-008545,2023-07-12,CUST-02369,cust-02369@lumenmail.com,lighting,1,385.39,0.0,,US,
ORD-004051,2024-07-24,CUST-02785,cust-02785@lumenmail.com,Outdoor,4,144.4,0.0,Social,US,
ORD-009591,2024-01-11,CUST-02242,cust-02242@lumenmail.com,Lighting,3,43.7,0.0,,US,control
ORD-000986,2023-08-04,CUST-00613,cust-00613@lumenmail.com,Décor,1,133.81,0.0,Paid Search,US,
ORD-002446,2024-02-14,CUST-00355,cust-00355@lumenmail.com,Décor,4,28.36,0.0,Organic,AU,
ORD-005506,2024-01-06,CUST-02014,cust-02014@lumenmail.com,Décor,1,141.3,0.0,,US,control
ORD-000074,2024-10-25,CUST-02424,cust-02424@lumenmail.com,Décor,4,17.01,0.0,Organic,CA,
ORD-000862,2024-10-17,CUST-01441,cust-01441@lumenmail.com,Lighting,4,45.49,0.2,Organic,CA,
ORD-003599,2024-04-07,CUST-02636,cust-02636@lumenmail.com,Décor,2,556.65,5.0,Social,UK,variant
ORD-001262,2023-08-21,CUST-01927,cust-01927@lumenmail.com,Furniture,1,132.42,0.0,Email,US,
ORD-006285,2023-06-17,CUST-00867,cust-00867@lumenmail.com,Accessories,1,43.1,0.1,Email,ZZ,control
ORD-003385,08/09/2024,CUST-02437,cust-02437@lumenmail.com,Décor,4,35.79,0.0,Paid Search,US,
ORD-004943,2024-10-25,,guest@lumenmail.com,Furniture,4,82.91,0.0,Email,CA,control
ORD-005657,2023-10-19,CUST-00987,cust-00987@lumenmail.com,Décor,3,147.36,0.1,Organic,US,
ORD-002712,2024-06-09,CUST-00023,cust-00023@lumenmail.com,Outdoor,7,38.52,0.15,Organic,UK,variant
ORD-006281,2023-10-28,CUST-00290,cust-00290@lumenmail.com,Décor,1,27.45,0.05,Email,US,control
ORD-002024,2024-12-03,CUST-02725,cust-02725@lumenmail.com,Décor,3,185.64,0.0,Paid Search,US,control
ORD-002751,2024-09-02,CUST-00138,cust-00138@lumenmail.com,Lighting,3,189.3,0.1,Organic,UK,
ORD-009573,2023-06-30,CUST-00300,cust-00300@lumenmail.com,Lighting,6,153.29,0.0,Organic,US,control
ORD-004360,2024-10-27,CUST-02035,cust-02035@lumenmail.com,Décor,1,26.08,0.05,Paid Search,US,variant
ORD-002428,2024-11-28,CUST-02149,cust-02149@lumenmail.com,Lighting,1,212.93,0.0,Paid Search,US,
ORD-000832,2024-10-09,CUST-01621,cust-01621@lumenmail.com,Furniture,2,200.08,0.0,Email,US,
ORD-003012,2024-05-22,CUST-00415,cust-00415@lumenmail.com,Décor,3,168.55,0.0,Email,ZZ,variant
ORD-001800,2023-06-30,CUST-00273,cust-00273@lumenmail.com,Décor,1,116.01,0.2,Organic,US,variant
ORD-006360,2024-08-19,CUST-02952,cust-02952@lumenmail.com,Décor,1,70.87,0.0,Email,UK,control
ORD-005625,2023-06-10,CUST-00903,cust-00903@lumenmail.com,Lighting,1,384.82,0.2,Social,US,variant
ORD-005142,2024-11-09,CUST-01509,cust-01509@lumenmail.com,Furniture,1,415.05,0.0,Email,US,
ORD-006663,2023-12-24,CUST-00633,cust-00633@lumenmail.com,Lightng,1,604.12,0.25,Paid Search,US,variant
ORD-007394,2024-09-08,CUST-02979,cust-02979@lumenmail.com,Lighting,2,163.05,15.0,Paid Search,US,
ORD-000572,2023-11-01,CUST-00357,cust-00357@lumenmail.com,Outdoor,1,29.6,0.0,Organic,CA,variant
ORD-009255,2024-12-21,CUST-01180,cust-01180@lumenmail.com,Lighting,1,17.36,0.1,Social,US,control
ORD-005198,2023-11-24,,guest@lumenmail.com,Lighting,5,86.28,10.0,Email,UK,variant
ORD-002879,2024-01-01,CUST-00729,cust-00729@lumenmail.com,Furniture,2,97.59,0.0,,US,variant
ORD-001816,2024-04-15,CUST-01784,cust-01784@lumenmail.com,Lighting,2,12.73,0.2,Paid Search,CA,
ORD-000231,2024-11-18,CUST-02421,cust-02421@lumenmail.com,Furniture,2,195.79,0.1,Email,CA,control
ORD-000761,2024-12-23,CUST-00353,cust-00353@lumenmail.com,Furniture,1,182.25,0.25,Paid Search,CA,control
ORD-001462,2024-01-09,,guest@lumenmail.com,Lighting,-1,718.26,0.0,Email,US,
ORD-002101,2024-11-21,,guest@lumenmail.com,Lighting,1,136.7,0.15,Social,US,control
ORD-006556,2024-04-01,CUST-01803,cust-01803@lumenmail.com,Décor,1,262.85,0.05,Email,US,
ORD-003683,2024-07-10,CUST-00286,cust-00286@lumenmail.com,Accessories,4,10.72,0.1,Organic,AU,control
ORD-005621,2023-09-04,CUST-00571,cust-00571@lumenmail.com,Lighting,5,192.63,0.05,Social,US,
ORD-008055,2024-11-03,CUST-01058,cust-01058@lumenmail.com,Furniture,2,722.84,0.05,Email,UK,
ORD-008206,2024-03-18,CUST-02065,cust-02065@lumenmail.com,Décor,2,132.06,0.0,Paid Search,US,
ORD-009511,2024-12-19,CUST-00040,cust-00040@lumenmail.com,Lighting,3,63.8,0.15,Social,US,variant
ORD-005068,2024-07-25,CUST-00456,cust-00456@lumenmail.com,Outdoor,1,81.34,0.05,Paid Search,CA,
ORD-001326,2023-10-30,CUST-00401,cust-00401@lumenmail.com,Décor,3,37.22,0.0,Paid Search,US,control
ORD-007322,2024-01-31,CUST-00686,cust-00686@lumenmail.com,Décor,-2,40.66,0.2,Paid Search,US,variant
ORD-001214,2024-08-15,CUST-02654,cust-02654@lumenmail.com,Lighting,1,21.05,0.1,Email,US,variant
ORD-006678,2023-08-16,CUST-02117,cust-02117@lumenmail.com,Lighting,2,158.91,0.0,Paid Search,CA,control
ORD-005505,2024-05-29,CUST-01585,cust-01585@lumenmail.com,Outdoor,3,245.39,5.0,Organic,CA,
ORD-009231,10/10/2023,,guest@lumenmail.com,Outdoor,2,456.86,0.0,Organic,US,variant
ORD-009205,2023-06-29,CUST-00859,cust-00859@lumenmail.com,Furniture,3,96.23,0.0,Email,US,control
ORD-003454,2023-07-18,CUST-01632,cust-01632@lumenmail.com,Lightng,2,13.51,5.0,Paid Search,US,
ORD-002159,2023-07-18,CUST-01507,cust-01507@lumenmail.com,Lighting,-1,148.07,0.0,Social,CA,variant
ORD-007154,08/08/2024,CUST-02482,cust-02482@lumenmail.com,Furniture,-2,19.52,0.0,Paid Search,US,
ORD-008814,2024-07-04,CUST-02411,cust-02411@lumenmail.com,Décor,2,48.38,0.0,Paid Search,US,control
ORD-003660,2024-10-28,CUST-00610,cust-00610@lumenmail.com,Furniture,-3,194.06,0.05,Organic,CA,control
ORD-009289,2023-06-27,CUST-01299,cust-01299@lumenmail.com,Lighting,1,41.77,20.0,Email,CA,control
ORD-003159,2024-05-15,CUST-02493,cust-02493@lumenmail.com,Furniture,1,171.57,0.0,Paid Search,US,control
ORD-006843,2023-12-30,CUST-00761,cust-00761@lumenmail.com,Furniture,4,449.37,0.15,Social,US,variant
ORD-000736,2023-12-20,CUST-01697,cust-01697@lumenmail.com,Décor,5,49.48,0.0,Paid Search,US,
ORD-004157,2024-02-29,CUST-02706,cust-02706@lumenmail.com,Furniture,2,96.31,0.0,Email,US,control
ORD-000574,2023-07-12,,guest@lumenmail.com,Décor,1,75.09,0.0,Social,ZZ,variant
ORD-003056,2024-08-12,CUST-01166,cust-01166@lumenmail.com,Furniture,2,161.05,0.05,Email,UK,variant
ORD-000717,2024-02-02,CUST-00282,cust-00282@lumenmail.com,Furniture,2,319.64,20.0,Organic,CA,
ORD-000737,2023-11-25,CUST-02279,cust-02279@lumenmail.com,Furniture,4,44.67,0.0,Email,US,
ORD-009401,2024-10-31,CUST-02218,cust-02218@lumenmail.com,Décor,1,216.37,0.0,Social,CA,
ORD-003171,17/11/2024,CUST-01303,cust-01303@lumenmail.com,Lighting,1,388.66,0.15,Organic,US,control
ORD-002142,24/08/2024,CUST-01828,cust-01828@lumenmail.com,Lightng,1,45.74,0.1,Paid Search,US,control
ORD-007622,2023-06-02,CUST-01006,cust-01006@lumenmail.com,Lighting,2,282.95,0.0,Paid Search,UK,
ORD-001377,24/06/2023,CUST-02948,cust-02948@lumenmail.com,Lighting,1,47.51,0.0,Paid Search,US,
ORD-000588,2024-10-31,CUST-01507,cust-01507@lumenmail.com,Décor,1,39.55,0.0,Social,US,
ORD-005081,2023-10-12,CUST-00481,cust-00481@lumenmail.com,Décor,2,205.32,0.0,Paid Search,US,variant
ORD-008618,2023-08-19,CUST-02624,cust-02624@lumenmail.com,Décor,2,42.11,0.0,Email,US,control
ORD-001760,2023-10-07,CUST-01354,cust-01354@lumenmail.com,Décor,1,31.26,0.15,Paid Search,US,
ORD-006392,2024-09-11,CUST-00521,cust-00521@lumenmail.com,Lighting,1,79.76,15.0,Paid Search,US,control
ORD-004999,04/07/2023,,guest@lumenmail.com,Accessories,4,201.62,0.1,Email,US,control
ORD-001011,2024-06-12,CUST-01299,cust-01299@lumenmail.com,Lighting,1,20.9,15.0,Social,CA,control
ORD-003389,2023-07-10,CUST-02277,cust-02277@lumenmail.com,Accessories,7,13.19,0.0,Paid Search,US,variant
ORD-009055,2024-10-29,CUST-00244,cust-00244@lumenmail.com,Décor,1,46.67,5.0,Organic,CA,
ORD-003578,18/01/2024,CUST-02315,cust-02315@lumenmail.com,Furniture,3,42.36,0.0,Organic,CA,
ORD-003282,2023-12-01,CUST-01868,cust-01868@lumenmail.com,Lighting,1,100.76,0.0,Paid Search,US,
ORD-000050,2024-05-19,CUST-00022,cust-00022@lumenmail.com,Accessories,2,49.35,0.15,Organic,UK,
ORD-008073,2023-11-26,CUST-00402,cust-00402@lumenmail.com,Lighting,2,15.56,0.0,Email,CA,variant
ORD-000372,2023-12-26,CUST-02904,cust-02904@lumenmail.com,Furniture,1,24.73,0.0,Organic,CA,control
ORD-001784,2024-02-07,CUST-01162,cust-01162@lumenmail.com,Décor,1,252.35,0.15,Paid Search,US,
ORD-000480,2024-12-15,CUST-00711,cust-00711@lumenmail.com,Décor,3,116.5,0.2,Organic,US,variant
ORD-005839,05/11/2024,CUST-01872,cust-01872@lumenmail.com,Furniture,1,89.82,0.15,Email,US,control
ORD-006240,2024-01-23,CUST-02847,cust-02847@lumenmail.com,Furniture,2,393.3,0.0,Organic,UK,control
ORD-001054,2024-02-10,CUST-01135,cust-01135@lumenmail.com,Décor,3,707.55,0.15,Email,US,control
ORD-001045,2024-07-24,,guest@lumenmail.com,Décor,3,22.62,0.0,Organic,US,control
ORD-009187,2023-12-02,CUST-01684,cust-01684@lumenmail.com,Furniture,1,133.27,0.25,Paid Search,AU,control
ORD-004590,2023-11-21,CUST-01733,cust-01733@lumenmail.com,Furniture,2,214.29,0.0,Email,US,control
ORD-006468,2024-01-05,CUST-01676,cust-01676@lumenmail.com,Outdoor,2,21.23,5.0,Social,AU,
ORD-004284,2024-11-15,CUST-02963,cust-02963@lumenmail.com,Lighting,1,509.92,0.1,Social,UK,control
ORD-000543,2024-07-02,CUST-00746,cust-00746@lumenmail.com,Lighting,1,66.96,0.0,Paid Search,US,variant
ORD-003840,2024-06-23,CUST-01050,cust-01050@lumenmail.com,Furniture,3,34.32,0.1,Social,US,
ORD-005970,2024-04-29,CUST-00751,cust-00751@lumenmail.com,Furniture,1,55.58,0.0,Social,US,
ORD-000550,2024-03-21,CUST-01442,cust-01442@lumenmail.com,Lighting,3,274.91,0.0,Paid Search,US,variant
ORD-001920,2024-12-10,CUST-01843,cust-01843@lumenmail.com,Furniture,3,85.03,0.0,Paid Search,CA,variant
ORD-002022,2024-05-20,CUST-00365,cust-00365@lumenmail.com,Lighting,4,41.29,5.0,Paid Search,US,variant
ORD-002771,2023-10-22,CUST-02934,cust-02934@lumenmail.com,Décor,1,59.77,0.05,Paid Search,CA,control
ORD-005614,2023-07-15,CUST-00586,cust-00586@lumenmail.com,Furniture,1,331.13,0.0,Social,US,variant
ORD-003399,2024-10-09,CUST-02310,cust-02310@lumenmail.com,Lighting,1,28.94,0.1,Organic,AU,variant
ORD-007257,2023-08-06,CUST-01900,cust-01900@lumenmail.com,Furniture,1,79.18,0.0,Paid Search,US,
ORD-009467,2024-03-08,CUST-01357,cust-01357@lumenmail.com,Outdoor,2,13.29,0.0,,US,
ORD-008099,2024-04-05,CUST-02444,cust-02444@lumenmail.com,Accessories,4,22.45,0.15,Email,CA,variant
ORD-000453,2023-11-13,CUST-00403,cust-00403@lumenmail.com,Furniture,1,6.65,0.0,Paid Search,CA,control
ORD-008072,2023-07-27,CUST-00418,cust-00418@lumenmail.com,Décor,1,97.05,0.2,Paid Search,ZZ,
ORD-000440,2024-08-20,CUST-01930,cust-01930@lumenmail.com,Lighting,-4,74.68,0.15,Email,US,control
ORD-000104,2024-01-05,CUST-01506,cust-01506@lumenmail.com,Furniture,2,51.55,0.0,Paid Search,US,control
ORD-007001,24/06/2024,CUST-00406,cust-00406@lumenmail.com,Lighting,4,113.77,0.0,Organic,AU,control
ORD-000613,2024-07-09,CUST-00014,cust-00014@lumenmail.com,Décor,1,778.7,0.0,Email,CA,
ORD-005862,28/08/2024,CUST-01750,cust-01750@lumenmail.com,Outdoor,1,36.02,0.1,Email,UK,
ORD-006278,31/08/2024,CUST-00999,cust-00999@lumenmail.com,Lighting,1,321.43,5.0,Social,US,control
ORD-007889,2024-07-15,CUST-01521,cust-01521@lumenmail.com,Décor,1,116.04,0.0,Email,CA,control
ORD-000411,2023-12-11,CUST-00252,cust-00252@lumenmail.com,Furniture,2,31.01,0.05,Paid Search,US,control
ORD-001616,2023-09-08,CUST-01514,cust-01514@lumenmail.com,Lighting,4,36.85,0.1,Social,CA,variant
ORD-001524,2023-08-08,CUST-01745,cust-01745@lumenmail.com,Furniture,3,136.48,0.1,Email,US,
ORD-004148,11/11/2024,CUST-01966,cust-01966@lumenmail.com,Accessories,1,185.34,0.2,Paid Search,US,variant
ORD-004277,2024-10-31,CUST-02579,cust-02579@lumenmail.com,Décor,2,768.66,0.2,Paid Search,US,
ORD-000626,29/06/2023,,guest@lumenmail.com,Furniture,2,252.59,0.2,Email,UK,
ORD-004890,2023-07-20,CUST-01398,cust-01398@lumenmail.com,Décor,1,196.98,0.0,Organic,US,variant
ORD-002633,2023-10-08,CUST-00433,cust-00433@lumenmail.com,Lighting,1,163.1,0.15,Social,US,control
ORD-005715,2024-11-17,CUST-02550,cust-02550@lumenmail.com,Lighting,2,96.62,0.0,Email,UK,
ORD-007672,2024-02-28,CUST-00868,cust-00868@lumenmail.com,Décor,1,5.08,0.1,Social,UK,
ORD-006849,2024-07-15,,guest@lumenmail.com,Furniture,5,188.08,0.1,Email,US,
ORD-007843,2023-09-29,CUST-01587,cust-01587@lumenmail.com,Décor,3,109.04,15.0,Organic,US,
ORD-008008,2023-10-05,CUST-02053,cust-02053@lumenmail.com,Lighting,1,149.14,0.0,Email,US,
ORD-002615,05/02/2024,CUST-00304,cust-00304@lumenmail.com,Décor,1,142.9,0.0,Paid Search,US,
ORD-006623,,CUST-00069,cust-00069@lumenmail.com,Furniture,7,72.23,0.15,Email,US,variant
ORD-001539,2023-10-07,CUST-01861,cust-01861@lumenmail.com,Décor,2,100.0,0.25,Organic,UK,control
ORD-006552,2023-07-26,CUST-01381,cust-01381@lumenmail.com,Lighting,3,23.03,0.0,Organic,US,control
ORD-003839,2024-06-30,CUST-01783,cust-01783@lumenmail.com,Lighting,5,14.65,0.0,Paid Search,UK,
ORD-004013,2023-07-07,CUST-00682,cust-00682@lumenmail.com,Furniture,3,104.08,0.0,Paid Search,US,
ORD-001874,2023-07-09,CUST-01956,cust-01956@lumenmail.com,Décor,2,72.69,0.0,Paid Search,UK,variant
ORD-008793,02/03/2024,CUST-01712,cust-01712@lumenmail.com,Décor,2,48.04,0.0,Paid Search,UK,
ORD-008467,2024-09-16,CUST-00672,cust-00672@lumenmail.com,Décor,1,11.57,0.0,Paid Search,UK,
ORD-001650,2024-11-09,CUST-00366,cust-00366@lumenmail.com,Furniture,1,5.47,0.15,Email,US,
ORD-004200,2024-07-02,CUST-02600,cust-02600@lumenmail.com,Lightng,4,7.76,0.1,Email,CA,variant
ORD-007947,2023-07-07,CUST-01670,cust-01670@lumenmail.com,lighting,1,584.43,20.0,Social,US,variant
ORD-005528,08/12/2024,,guest@lumenmail.com,Outdoor,2,186.37,0.15,Paid Search,CA,variant
ORD-003913,2024-08-23,CUST-01334,cust-01334@lumenmail.com,Furniture,5,37.9,0.2,Email,CA,control
ORD-009521,22/06/2024,CUST-02899,cust-02899@lumenmail.com,Outdoor,1,138.11,0.0,Paid Search,US,
ORD-002790,2023-07-08,CUST-02333,cust-02333@lumenmail.com,Furniture,1,25.66,0.0,Email,CA,control
ORD-002800,2023-10-02,CUST-01691,cust-01691@lumenmail.com,Furniture,2,87.43,0.25,Paid Search,UK,control
ORD-009307,2024-09-11,CUST-02324,cust-02324@lumenmail.com,Furniture,2,84.44,0.05,Email,US,control
ORD-008088,2023-08-09,CUST-00244,cust-00244@lumenmail.com,Lighting,2,81.19,0.2,Paid Search,US,
ORD-002291,2023-10-04,CUST-00816,cust-00816@lumenmail.com,Décor,2,308.14,0.05,Organic,US,variant
ORD-008124,2024-06-01,CUST-02241,cust-02241@lumenmail.com,Décor,1,46.37,0.0,Paid Search,UK,control
ORD-005571,2023-09-03,CUST-02067,cust-02067@lumenmail.com,Outdoor,1,91.53,0.05,Email,US,
ORD-000297,03/06/2023,CUST-00065,cust-00065@lumenmail.com,Furniture,1,69.04,0.2,Paid Search,UK,control
ORD-002830,2023-08-04,CUST-01973,cust-01973@lumenmail.com,Lighting,3,371.81,0.0,,UK,variant
ORD-001234,2024-06-08,CUST-01713,cust-01713@lumenmail.com,Décor,2,80.44,0.0,Email,US,control
ORD-000472,2023-09-05,CUST-00471,cust-00471@lumenmail.com,Lighting,2,221.29,0.1,Paid Search,CA,control
ORD-006417,2024-10-07,CUST-01515,cust-01515@lumenmail.com,Lighting,1,65.86,0.0,Email,UK,
ORD-009393,16/12/2023,CUST-02965,cust-02965@lumenmail.com,Lighting,2,308.65,0.0,Paid Search,US,variant
ORD-007478,2024-02-03,CUST-02215,cust-02215@lumenmail.com,Furniture,1,5.94,0.1,Email,CA,
ORD-007656,2024-04-15,CUST-01288,cust-01288@lumenmail.com,Outdoor,2,194.01,0.0,Paid Search,US,
ORD-004251,2024-12-03,CUST-02939,cust-02939@lumenmail.com,Décor,1,233.79,0.0,Paid Search,UK,
ORD-008955,2024-02-07,CUST-01567,cust-01567@lumenmail.com,Accessories,1,123.1,0.15,Organic,US,variant
ORD-000092,2024-09-15,CUST-02179,cust-02179@lumenmail.com,Furniture,1,152.16,0.0,Paid Search,CA,variant
ORD-001952,2024-03-10,,guest@lumenmail.com,Lighting,1,93.7,0.0,Social,US,
ORD-005702,2024-05-31,CUST-01064,cust-01064@lumenmail.com,Décor,1,152.36,0.0,Paid Search,US,
ORD-003348,2023-12-14,CUST-01296,cust-01296@lumenmail.com,Lighting,1,143.68,0.0,Email,US,
ORD-003271,2024-11-22,CUST-01754,cust-01754@lumenmail.com,Accessories,2,348.83,0.0,Organic,US,control
ORD-002758,2023-08-18,CUST-02581,cust-02581@lumenmail.com,Lighting,3,45.37,0.05,Paid Search,US,
ORD-001580,2024-07-05,CUST-00238,cust-00238@lumenmail.com,Accessories,1,104.65,0.0,Email,CA,
ORD-008303,2023-11-09,CUST-02241,cust-02241@lumenmail.com,Lighting,1,396.3,0.15,Email,CA,
ORD-004950,16/11/2023,CUST-02087,cust-02087@lumenmail.com,Lighting,1,722.04,0.15,Paid Search,US,variant
ORD-000754,2024-02-15,CUST-01487,cust-01487@lumenmail.com,Décor,2,64.74,0.0,,US,
ORD-009245,03/04/2024,CUST-02492,cust-02492@lumenmail.com,Lighting,2,56.73,0.0,Organic,ZZ,variant
ORD-001676,2024-11-01,,guest@lumenmail.com,Décor,2,93.16,0.0,Paid Search,UK,control
ORD-002091,2024-06-04,CUST-01764,cust-01764@lumenmail.com,Furniture,1,39.2,0.0,Paid Search,US,
ORD-000421,2024-12-19,CUST-00142,cust-00142@lumenmail.com,Furniture,2,34.99,0.15,Paid Search,UK,
ORD-006720,2024-04-22,CUST-01704,cust-01704@lumenmail.com,Accessories,2,137.5,0.2,Email,UK,variant
ORD-000002,2024-06-16,CUST-02485,cust-02485@lumenmail.com,Furniture,3,27.53,0.0,Paid Search,US,control
ORD-006125,23/02/2024,CUST-01275,cust-01275@lumenmail.com,Décor,6,29.58,0.0,Email,US,control
ORD-000365,2024-10-30,CUST-01838,cust-01838@lumenmail.com,Lighting,1,648.25,0.15,Email,US,control
ORD-007315,2024-11-19,CUST-01327,cust-01327@lumenmail.com,Accessories,1,84.98,0.0,Email,CA,
ORD-000436,2024-05-26,CUST-00216,cust-00216@lumenmail.com,Lightng,4,13.13,0.1,Email,US,control
ORD-005815,2023-08-28,CUST-02428,cust-02428@lumenmail.com,Furniture,1,148.71,0.0,Paid Search,US,variant
ORD-004811,2024-01-07,CUST-01241,cust-01241@lumenmail.com,Lighting,1,9.58,0.1,Organic,CA,control
ORD-000048,22/08/2024,CUST-02568,cust-02568@lumenmail.com,Décor,1,382.7,10.0,Email,US,
ORD-002918,2023-08-25,CUST-01339,cust-01339@lumenmail.com,Outdoor,2,45.84,0.15,Organic,UK,control
ORD-004573,2024-12-26,CUST-00038,cust-00038@lumenmail.com,Lighting,2,20.27,0.0,Organic,AU,
ORD-008515,2023-09-02,CUST-01315,cust-01315@lumenmail.com,Outdoor,3,13.96,0.0,Email,US,
ORD-001977,2024-04-22,CUST-02816,cust-02816@lumenmail.com,Décor,1,183.73,0.25,Social,US,control
ORD-004187,2023-08-10,CUST-01904,cust-01904@lumenmail.com,Décor,3,44.42,0.1,Social,US,control
ORD-002728,2024-03-17,CUST-01248,cust-01248@lumenmail.com,Décor,2,86.96,0.1,Paid Search,US,variant
ORD-003758,2023-11-03,CUST-00810,cust-00810@lumenmail.com,Outdoor,1,36.1,0.05,Social,AU,
ORD-004567,2024-10-04,CUST-00693,cust-00693@lumenmail.com,Décor,2,72.45,0.05,Email,US,
ORD-000531,2024-06-28,CUST-02013,cust-02013@lumenmail.com,Lighting,2,615.6,0.2,Email,UK,
ORD-001628,2023-11-26,CUST-00119,cust-00119@lumenmail.com,lighting,2,111.78,0.0,Paid Search,US,variant
ORD-009148,2023-06-22,CUST-02681,cust-02681@lumenmail.com,Décor,2,25.02,0.1,Organic,US,
ORD-001267,2024-03-20,CUST-02182,cust-02182@lumenmail.com,Accessories,2,222.1,0.0,Social,US,
ORD-008319,27/06/2024,CUST-01512,cust-01512@lumenmail.com,Outdoor,1,77.8,0.0,Organic,US,
ORD-004032,2023-11-30,CUST-01724,cust-01724@lumenmail.com,Décor,1,46.73,0.2,Email,US,variant
ORD-004255,2023-08-03,CUST-02289,cust-02289@lumenmail.com,Accessories,1,94.85,10.0,Organic,US,
ORD-006613,2024-05-09,CUST-00275,cust-00275@lumenmail.com,Lighting,3,193.09,0.05,Paid Search,CA,variant
ORD-008507,2023-08-24,,guest@lumenmail.com,Lighting,1,24.6,0.0,Email,UK,control
ORD-007202,2024-01-30,CUST-00281,cust-00281@lumenmail.com,Outdoor,1,43.33,0.0,Email,US,
ORD-001538,13/12/2024,CUST-00338,cust-00338@lumenmail.com,Décor,5,14.79,0.1,Email,US,variant
ORD-000623,2024-03-29,CUST-01340,cust-01340@lumenmail.com,Décor,1,18.74,0.0,Organic,US,
ORD-007102,2024-03-25,CUST-01311,cust-01311@lumenmail.com,Lighting,1,659.67,0.0,Paid Search,AU,variant
ORD-009241,2023-06-30,CUST-02617,cust-02617@lumenmail.com,Accessories,4,486.79,0.05,Organic,US,
ORD-006158,2023-10-23,CUST-02882,cust-02882@lumenmail.com,Lighting,1,34.78,0.1,Paid Search,US,
ORD-006587,2024-01-29,CUST-00970,cust-00970@lumenmail.com,Furniture,5,7.76,5.0,Email,US,variant
ORD-009351,2023-08-25,CUST-02354,cust-02354@lumenmail.com,Accessories,1,13.91,0.1,Email,UK,
ORD-002958,2024-02-02,CUST-00376,cust-00376@lumenmail.com,Accessories,3,5.55,0.05,Paid Search,CA,control
ORD-002622,2023-12-16,CUST-01259,cust-01259@lumenmail.com,Lighting,2,546.37,0.1,,ZZ,
ORD-006160,2024-08-07,CUST-00863,cust-00863@lumenmail.com,Lighting,2,21.2,0.0,Email,US,
ORD-001745,2024-03-26,CUST-01325,cust-01325@lumenmail.com,Décor,6,42.27,20.0,Paid Search,CA,control
ORD-004740,2023-09-11,CUST-01435,cust-01435@lumenmail.com,Décor,4,112.13,0.15,Paid Search,UK,control
ORD-001152,2024-08-23,CUST-02581,cust-02581@lumenmail.com,Décor,1,40.56,0.0,Email,AU,control
ORD-007840,03/09/2023,CUST-00595,cust-00595@lumenmail.com,Outdoor,1,157.2,0.05,,US,
ORD-004243,2024-12-28,CUST-00694,cust-00694@lumenmail.com,Lighting,1,171.25,0.1,Social,US,control
ORD-007377,25/07/2024,CUST-02181,cust-02181@lumenmail.com,Décor,3,7.11,0.0,Social,US,control
ORD-002354,19/01/2024,CUST-00961,cust-00961@lumenmail.com,Décor,3,173.56,0.0,Organic,US,
ORD-007195,06/09/2024,CUST-01617,cust-01617@lumenmail.com,Lighting,1,18.99,0.05,Paid Search,CA,
ORD-003260,2023-09-24,CUST-01279,cust-01279@lumenmail.com,Lighting,2,147.87,0.1,Social,US,variant
ORD-003324,2024-09-24,CUST-01317,cust-01317@lumenmail.com,Lighting,2,0.0,0.0,Social,US,variant
ORD-004888,2023-09-19,CUST-02419,cust-02419@lumenmail.com,Outdoor,1,181.48,0.0,Paid Search,AU,variant
ORD-003326,2024-09-18,CUST-01610,cust-01610@lumenmail.com,Décor,1,31.07,0.05,Organic,ZZ,variant
ORD-003093,28/11/2023,CUST-02305,cust-02305@lumenmail.com,Accessories,1,34.71,0.0,Organic,US,variant
ORD-005693,2024-10-25,,guest@lumenmail.com,Outdoor,1,51.63,15.0,Email,US,control
ORD-001726,2024-12-11,CUST-00256,cust-00256@lumenmail.com,Outdoor,1,37.58,0.0,Email,US,control
ORD-001303,2024-05-20,CUST-01007,cust-01007@lumenmail.com,Outdoor,1,34.0,0.0,Organic,US,
ORD-004481,2023-12-21,,guest@lumenmail.com,Lighting,3,112.25,0.1,Organic,US,
ORD-003659,2024-06-24,CUST-00981,cust-00981@lumenmail.com,Lighting,1,168.47,0.0,Organic,CA,
ORD-005758,2023-10-02,,guest@lumenmail.com,Lighting,1,77.44,0.0,Email,US,variant
ORD-006441,2024-06-01,CUST-00190,cust-00190@lumenmail.com,Lightng,2,97.61,0.0,Email,US,
ORD-002522,2024-02-08,CUST-00649,cust-00649@lumenmail.com,Décor,1,573.88,0.15,Email,US,control
ORD-002505,2024-09-15,CUST-00441,cust-00441@lumenmail.com,Décor,2,65.83,5.0,Email,UK,control
ORD-004536,2024-07-18,CUST-01511,cust-01511@lumenmail.com,Lighting,2,371.97,0.0,Organic,CA,variant
ORD-005875,2024-10-27,CUST-01033,cust-01033@lumenmail.com,Accessories,1,6.74,0.1,Organic,US,control
ORD-008210,2023-08-19,CUST-00314,cust-00314@lumenmail.com,Lighting,2,95.69,0.15,Social,US,variant
ORD-002514,2024-03-15,CUST-02910,cust-02910@lumenmail.com,Accessories,1,31.1,0.05,Social,US,variant
ORD-000917,2024-06-21,CUST-02449,cust-02449@lumenmail.com,Outdoor,2,39.35,0.15,Paid Search,CA,variant
ORD-000638,2024-09-06,CUST-01733,cust-01733@lumenmail.com,Lighting,3,92.75,0.0,Social,US,
ORD-008647,2024-03-11,CUST-01176,cust-01176@lumenmail.com,Furniture,1,263.59,0.0,Paid Search,AU,
ORD-008747,2024-10-17,CUST-00797,cust-00797@lumenmail.com,Lighting,1,41.53,0.0,Email,ZZ,control
ORD-006946,2023-07-28,CUST-01996,cust-01996@lumenmail.com,Lighting,1,747.85,0.0,Email,US,control
ORD-006387,2023-10-16,CUST-00051,cust-00051@lumenmail.com,Lighting,1,759.71,0.0,Email,US,control
ORD-001012,02/02/2024,CUST-01358,cust-01358@lumenmail.com,Furniture,7,63.54,0.05,Paid Search,US,control
ORD-004036,2023-10-28,CUST-01686,cust-01686@lumenmail.com,Décor,1,130.73,0.05,Paid Search,CA,control
ORD-004001,19/04/2024,CUST-01165,cust-01165@lumenmail.com,Décor,2,157.13,0.1,Organic,US,
ORD-000127,2024-09-01,CUST-01722,cust-01722@lumenmail.com,Furniture,1,20.05,0.0,Organic,UK,
ORD-008749,2024-06-23,CUST-02286,cust-02286@lumenmail.com,Lighting,1,275.66,10.0,Email,CA,
ORD-005725,2024-09-26,CUST-00019,cust-00019@lumenmail.com,Outdoor,4,180.55,0.0,Email,US,
ORD-007649,2024-09-15,CUST-00263,cust-00263@lumenmail.com,Furniture,1,265.04,0.25,,US,
ORD-004489,2024-02-21,CUST-00694,cust-00694@lumenmail.com,Décor,2,92.13,0.0,Email,US,
ORD-004406,2024-08-01,CUST-01596,cust-01596@lumenmail.com,Outdoor,3,545.25,0.0,Organic,US,variant
ORD-001956,2023-11-27,,guest@lumenmail.com,Furniture,4,753.61,0.1,Social,US,
ORD-002608,2024-06-10,,guest@lumenmail.com,Lighting,1,371.37,0.0,Paid Search,US,control
ORD-008344,2023-12-22,CUST-00356,cust-00356@lumenmail.com,Furniture,1,16.44,0.0,Paid Search,US,
ORD-004156,2023-07-31,CUST-02292,cust-02292@lumenmail.com,Décor,6,20.0,0.2,Paid Search,US,control
ORD-001507,2024-12-20,CUST-02832,cust-02832@lumenmail.com,Lighting,2,32.98,0.05,Paid Search,CA,
ORD-006608,2024-02-17,CUST-02120,cust-02120@lumenmail.com,Accessories,5,139.14,0.0,Social,UK,control
ORD-003519,2024-10-27,CUST-02296,cust-02296@lumenmail.com,Décor,3,73.36,0.1,Paid Search,US,
ORD-001591,2024-12-16,CUST-00042,cust-00042@lumenmail.com,Accessories,7,228.27,0.0,Paid Search,US,variant
ORD-000325,14/06/2024,CUST-02600,cust-02600@lumenmail.com,Outdoor,1,15.9,0.0,Paid Search,US,variant
ORD-004010,2023-06-14,,guest@lumenmail.com,Furniture,1,18.47,0.1,Social,US,variant
ORD-006831,2024-11-20,CUST-00984,cust-00984@lumenmail.com,Furniture,1,392.98,0.0,Organic,CA,variant
ORD-000970,2023-12-19,CUST-00439,cust-00439@lumenmail.com,Décor,1,199.88,0.1,Paid Search,UK,variant
ORD-004734,2023-08-01,CUST-02623,cust-02623@lumenmail.com,Lighting,2,34.43,0.05,Paid Search,UK,variant
ORD-005890,2023-11-12,CUST-00314,cust-00314@lumenmail.com,Lighting,1,72.81,0.15,Paid Search,US,variant
ORD-001734,2024-08-23,,guest@lumenmail.com,Décor,3,64.65,0.05,Paid Search,US,control
ORD-008375,02/11/2023,CUST-01947,cust-01947@lumenmail.com,Outdoor,1,216.24,0.1,Organic,US,control
ORD-009558,2024-09-09,CUST-00951,cust-00951@lumenmail.com,Lighting,2,46.76,0.0,Social,CA,variant
ORD-003927,2024-03-29,CUST-02508,cust-02508@lumenmail.com,Lighting,2,162.54,0.1,Social,US,
ORD-003880,2024-06-26,CUST-02462,cust-02462@lumenmail.com,Lighting,5,393.74,0.0,Organic,US,control
ORD-002067,2023-10-11,CUST-01959,cust-01959@lumenmail.com,Décor,3,37.26,15.0,Organic,US,
ORD-004651,2023-07-23,CUST-02462,cust-02462@lumenmail.com,Furniture,2,54.01,0.0,Social,US,
ORD-000385,2023-11-27,CUST-02182,cust-02182@lumenmail.com,Décor,1,25.47,0.05,Paid Search,US,
ORD-007910,01/12/2023,CUST-01436,cust-01436@lumenmail.com,Lighting,3,174.24,0.0,Organic,UK,control
ORD-006931,2024-03-12,CUST-01315,cust-01315@lumenmail.com,Décor,1,29.13,0.0,Organic,US,variant
ORD-002572,01/09/2024,CUST-02565,cust-02565@lumenmail.com,Décor,4,43.42,0.15,Paid Search,UK,
ORD-004485,2024-12-24,CUST-01373,cust-01373@lumenmail.com,Lighting,2,75.19,0.05,Paid Search,US,control
ORD-007985,2024-07-13,CUST-00707,cust-00707@lumenmail.com,Accessories,2,32.83,0.25,Social,US,
ORD-008165,2024-09-30,CUST-01240,cust-01240@lumenmail.com,Furniture,1,84.58,0.05,Email,US,variant
ORD-007802,2023-09-11,CUST-02022,cust-02022@lumenmail.com,Outdoor,1,101.24,0.0,Organic,ZZ,variant
ORD-008433,2024-01-06,CUST-02274,cust-02274@lumenmail.com,Accessories,1,41.05,0.15,Paid Search,US,control
ORD-002599,14/01/2024,CUST-01702,cust-01702@lumenmail.com,Décor,2,11.46,0.1,Paid Search,CA,variant
ORD-006883,2023-12-07,CUST-02306,cust-02306@lumenmail.com,Décor,1,93.94,0.0,Email,UK,
ORD-008504,2024-10-08,CUST-02955,cust-02955@lumenmail.com,Accessories,2,99.64,0.1,Paid Search,US,variant
ORD-004391,2023-12-04,CUST-01573,cust-01573@lumenmail.com,Lighting,6,84.11,0.05,Paid Search,CA,control
ORD-002313,2024-07-25,CUST-01317,cust-01317@lumenmail.com,lighting,1,406.8,0.1,Organic,US,control
ORD-002149,20/09/2024,CUST-02468,cust-02468@lumenmail.com,Décor,3,67.81,0.0,Email,US,control
ORD-008410,26/07/2023,CUST-01857,cust-01857@lumenmail.com,Furniture,4,169.58,25.0,Paid Search,UK,
ORD-000794,2023-06-17,CUST-00433,cust-00433@lumenmail.com,lighting,1,29.28,0.1,Paid Search,US,control
ORD-003426,25/02/2024,,guest@lumenmail.com,Lighting,1,38.39,0.25,Email,US,variant
ORD-004771,2024-12-03,CUST-02190,cust-02190@lumenmail.com,Outdoor,1,37.21,0.0,Email,US,
ORD-006752,2024-08-16,CUST-00101,cust-00101@lumenmail.com,Lighting,1,79.99,0.0,Organic,US,control
ORD-008131,2024-10-10,CUST-02888,cust-02888@lumenmail.com,Lighting,2,120.73,0.05,Organic,UK,control
ORD-006035,2024-11-28,CUST-02741,cust-02741@lumenmail.com,Accessories,5,417.45,0.1,Organic,US,variant
ORD-000004,2024-12-16,CUST-00440,cust-00440@lumenmail.com,Décor,3,95.46,0.0,Paid Search,US,
ORD-009535,2023-11-17,CUST-00524,cust-00524@lumenmail.com,Décor,1,380.06,0.15,Email,US,
ORD-005984,2024-08-15,CUST-00926,cust-00926@lumenmail.com,Accessories,2,758.23,0.2,Organic,UK,
ORD-008252,2024-03-21,CUST-02308,cust-02308@lumenmail.com,Furniture,-2,19.46,0.0,Organic,US,variant
ORD-009397,2024-05-12,CUST-01215,cust-01215@lumenmail.com,Accessories,1,168.46,0.0,Email,US,
ORD-003762,2024-12-10,CUST-02428,cust-02428@lumenmail.com,Décor,2,63.63,0.05,Organic,US,variant
ORD-006513,2024-08-10,CUST-02703,cust-02703@lumenmail.com,Furniture,1,94.62,0.0,Email,US,variant
ORD-009269,2024-07-03,CUST-01825,cust-01825@lumenmail.com,Furniture,1,616.49,0.0,Paid Search,AU,variant
ORD-006106,2024-12-25,CUST-00411,cust-00411@lumenmail.com,Outdoor,2,542.61,0.1,Paid Search,ZZ,
ORD-008836,2024-05-01,CUST-01757,cust-01757@lumenmail.com,Outdoor,-3,77.65,0.0,Email,CA,
ORD-002629,2023-12-15,CUST-01616,cust-01616@lumenmail.com,Furniture,1,33.39,0.0,Paid Search,US,variant
ORD-001032,2023-11-19,CUST-00285,cust-00285@lumenmail.com,Décor,5,325.77,0.0,Paid Search,CA,
ORD-004832,2024-11-13,CUST-01819,cust-01819@lumenmail.com,Lighting,1,179.34,0.0,Organic,CA,variant
ORD-001413,2024-11-01,CUST-00577,cust-00577@lumenmail.com,Décor,2,253.07,0.2,Organic,UK,
ORD-007353,2023-07-06,CUST-02293,cust-02293@lumenmail.com,Furniture,1,172.49,0.05,Social,US,variant
ORD-007603,2024-02-25,CUST-00334,cust-00334@lumenmail.com,Outdoor,2,62.75,0.1,Paid Search,US,
ORD-002322,2023-08-11,,guest@lumenmail.com,Accessories,1,95.95,0.2,Email,AU,
ORD-005536,2024-02-05,CUST-01040,cust-01040@lumenmail.com,Furniture,6,6.12,0.05,,US,control
ORD-008842,2024-12-07,CUST-02096,cust-02096@lumenmail.com,Furniture,3,295.11,0.0,Paid Search,US,variant
ORD-000162,2024-10-27,CUST-02367,cust-02367@lumenmail.com,Lighting,3,19.67,0.05,Paid Search,US,variant
ORD-001658,2024-05-07,CUST-01967,cust-01967@lumenmail.com,Lighting,2,25.66,0.0,Social,US,
ORD-006227,2024-04-20,CUST-00499,cust-00499@lumenmail.com,Outdoor,3,98.77,0.15,Social,US,control
ORD-004381,2024-09-30,CUST-00983,cust-00983@lumenmail.com,Décor,2,47.37,0.15,Social,ZZ,variant
ORD-000025,2024-01-30,CUST-00840,cust-00840@lumenmail.com,Décor,1,47.65,0.0,Social,US,
ORD-002521,2024-01-28,CUST-02811,cust-02811@lumenmail.com,Furniture,2,78.73,0.15,Paid Search,US,
ORD-002885,11/09/2023,CUST-00855,cust-00855@lumenmail.com,Lighting,2,75.77,0.0,Paid Search,UK,variant
ORD-003552,2023-11-08,CUST-02053,cust-02053@lumenmail.com,Décor,2,43.33,0.2,Paid Search,CA,control
ORD-009337,2024-07-06,CUST-02198,cust-02198@lumenmail.com,Accessories,1,28.97,5.0,Paid Search,US,variant
ORD-000333,2024-07-26,CUST-01127,cust-01127@lumenmail.com,Lighting,2,28.8,0.05,Social,UK,
ORD-008701,2023-09-01,,guest@lumenmail.com,Accessories,4,90.35,25.0,Paid Search,US,variant
ORD-007115,2023-08-17,CUST-01209,cust-01209@lumenmail.com,Outdoor,1,12.66,0.0,Paid Search,CA,variant
ORD-007915,2024-04-03,CUST-02716,cust-02716@lumenmail.com,Décor,6,267.81,0.0,Organic,US,control
ORD-002278,2024-05-14,CUST-01569,cust-01569@lumenmail.com,lighting,6,135.99,0.0,Email,US,
ORD-004616,2024-05-16,CUST-02215,cust-02215@lumenmail.com,Accessories,3,139.1,0.05,Organic,US,control
ORD-008953,2024-09-01,CUST-00454,cust-00454@lumenmail.com,Furniture,1,263.58,0.1,Email,US,
ORD-005085,2023-10-07,,guest@lumenmail.com,Lighting,1,90.51,0.0,Organic,US,control
ORD-006053,2023-08-20,,guest@lumenmail.com,Lighting,7,8.58,0.0,Paid Search,US,control
ORD-003474,2024-09-15,CUST-00777,cust-00777@lumenmail.com,Décor,1,74.59,0.0,Paid Search,UK,control
ORD-005242,2024-09-24,CUST-02979,cust-02979@lumenmail.com,Lighting,2,173.58,0.15,Email,CA,
ORD-002578,2023-08-09,CUST-00657,cust-00657@lumenmail.com,Furniture,1,24.67,0.0,Paid Search,AU,
ORD-002216,2024-08-22,CUST-00794,cust-00794@lumenmail.com,Lighting,2,44.81,0.0,Organic,ZZ,variant
ORD-007265,2024-05-15,CUST-01021,cust-01021@lumenmail.com,Furniture,1,143.81,0.0,Organic,CA,control
ORD-002737,13/09/2023,CUST-00203,cust-00203@lumenmail.com,Outdoor,2,306.42,0.25,Email,CA,
ORD-006218,2024-04-05,CUST-00321,cust-00321@lumenmail.com,Furniture,2,268.81,0.1,,US,
ORD-009005,27/12/2024,CUST-02790,cust-02790@lumenmail.com,Lighting,7,10.6,0.0,Email,US,control
ORD-000959,06/07/2024,CUST-02538,cust-02538@lumenmail.com,Lighting,1,7.8,0.15,Email,CA,control
ORD-008807,2023-06-12,CUST-01343,cust-01343@lumenmail.com,Décor,1,85.12,0.0,,UK,control
ORD-005771,2024-03-11,CUST-01652,cust-01652@lumenmail.com,Lighting,5,91.98,0.0,Organic,US,variant
ORD-005376,2024-06-18,CUST-01427,cust-01427@lumenmail.com,Furniture,2,79.33,0.0,Social,US,control
ORD-003508,2024-01-18,CUST-02417,cust-02417@lumenmail.com,Lighting,1,87.37,10.0,Paid Search,UK,variant
ORD-001276,2024-05-30,CUST-02075,cust-02075@lumenmail.com,Furniture,1,69.27,0.0,Paid Search,CA,
ORD-003737,2023-06-22,CUST-01351,cust-01351@lumenmail.com,Décor,1,31.92,0.2,Paid Search,US,variant
ORD-005944,2024-04-30,CUST-01794,cust-01794@lumenmail.com,Décor,1,46.13,0.0,Organic,US,variant
ORD-003174,18/11/2023,CUST-01596,cust-01596@lumenmail.com,Furniture,2,182.05,0.05,Paid Search,UK,variant
ORD-000562,2023-08-01,CUST-02725,cust-02725@lumenmail.com,Accessories,2,160.55,0.0,Email,AU,variant
ORD-004104,2024-07-12,CUST-01762,cust-01762@lumenmail.com,Accessoires,1,196.02,0.2,Organic,US,variant
ORD-004779,2024-03-08,CUST-02320,cust-02320@lumenmail.com,Lighting,1,7.58,0.0,Organic,CA,variant
ORD-009288,2023-09-08,CUST-00361,cust-00361@lumenmail.com,Accessories,2,34.72,0.1,Paid Search,US,control
ORD-005961,2023-10-30,CUST-01861,cust-01861@lumenmail.com,Décor,1,270.63,0.0,Organic,CA,control
ORD-004551,2023-07-05,CUST-01982,cust-01982@lumenmail.com,Décor,2,124.51,0.0,Email,US,variant
ORD-006452,2023-09-17,CUST-00651,cust-00651@lumenmail.com,Lighting,4,35.72,0.05,Organic,CA,control
ORD-008012,2024-11-14,CUST-00925,cust-00925@lumenmail.com,Accessories,1,48.54,0.0,Email,US,
ORD-000032,2023-08-29,CUST-02619,cust-02619@lumenmail.com,Lighting,1,691.94,0.0,Organic,AU,variant
ORD-007971,2023-10-12,CUST-01794,cust-01794@lumenmail.com,Lighting,2,42.2,0.0,Organic,UK,
ORD-005251,2023-09-11,CUST-01402,cust-01402@lumenmail.com,Décor,2,28.14,0.0,Email,CA,
ORD-008399,2024-10-12,CUST-01517,cust-01517@lumenmail.com,Lighting,1,171.4,0.2,Email,US,variant
ORD-001126,2023-11-28,CUST-02567,cust-02567@lumenmail.com,Lighting,4,44.01,0.05,Paid Search,US,
ORD-009073,2024-02-05,CUST-00485,cust-00485@lumenmail.com,Décor,1,77.57,0.0,Social,US,variant
ORD-002831,2024-03-23,CUST-01389,cust-01389@lumenmail.com,Lighting,-2,5.28,0.15,Email,US,
ORD-000281,2024-03-17,CUST-01805,cust-01805@lumenmail.com,Lighting,3,665.96,0.1,Email,US,
ORD-007422,2024-03-26,CUST-01011,cust-01011@lumenmail.com,Lighting,1,363.74,0.0,Paid Search,US,
ORD-008328,21/04/2024,CUST-02355,cust-02355@lumenmail.com,Lighting,1,86.64,0.1,Organic,CA,
ORD-007406,29/11/2024,CUST-02596,cust-02596@lumenmail.com,Décor,2,96.44,0.0,Email,ZZ,variant
ORD-006028,2024-02-11,CUST-01575,cust-01575@lumenmail.com,Décor,1,30.19,20.0,,US,variant
ORD-004413,2024-09-30,CUST-02873,cust-02873@lumenmail.com,Furniture,2,301.49,0.1,Paid Search,US,
ORD-005093,2024-04-03,CUST-00227,cust-00227@lumenmail.com,Furniture,1,20.2,0.0,Organic,AU,
ORD-001843,2023-11-04,CUST-01255,cust-01255@lumenmail.com,Furniture,1,362.85,0.0,Email,US,variant
ORD-005999,2024-02-26,CUST-01753,cust-01753@lumenmail.com,Accessories,2,152.59,0.0,Paid Search,AU,control
ORD-003835,2023-10-12,CUST-00187,cust-00187@lumenmail.com,Lighting,1,108.52,0.05,Paid Search,US,
ORD-002290,2024-02-03,CUST-00710,cust-00710@lumenmail.com,Décor,1,113.59,15.0,Social,US,
ORD-006687,2024-12-22,,guest@lumenmail.com,Décor,1,114.04,20.0,Email,US,control
ORD-005348,2024-10-04,CUST-01526,cust-01526@lumenmail.com,Décor,1,16.9,0.2,Organic,US,
ORD-004270,2023-06-20,CUST-00351,cust-00351@lumenmail.com,Lighting,1,582.05,0.1,Social,US,
ORD-006174,2023-10-22,CUST-00989,cust-00989@lumenmail.com,Lighting,1,24.24,0.2,Paid Search,US,control
ORD-006509,2023-10-30,CUST-02105,cust-02105@lumenmail.com,Décor,1,46.69,0.1,Organic,US,
ORD-002014,2024-07-02,CUST-01577,cust-01577@lumenmail.com,Lighting,3,359.43,0.15,Organic,CA,control
ORD-003219,2024-08-21,CUST-02970,cust-02970@lumenmail.com,Lighting,2,758.0,0.05,Organic,US,control
ORD-000677,2024-12-01,CUST-00524,cust-00524@lumenmail.com,Lighting,1,10.31,0.0,Paid Search,ZZ,
ORD-007867,2023-09-03,CUST-00630,cust-00630@lumenmail.com,Lighting,1,31.83,0.0,Paid Search,US,variant
ORD-005411,2024-09-03,,guest@lumenmail.com,Outdoor,1,185.84,0.2,Paid Search,AU,control
ORD-008729,2023-09-08,CUST-02620,cust-02620@lumenmail.com,Outdoor,2,276.5,0.0,Email,UK,
ORD-006595,2024-03-09,CUST-00993,cust-00993@lumenmail.com,Outdoor,2,44.82,0.2,Email,US,control
ORD-003491,2024-04-24,CUST-01208,cust-01208@lumenmail.com,Décor,1,12.25,0.2,Paid Search,CA,
ORD-000315,2023-07-05,CUST-01604,cust-01604@lumenmail.com,Lighting,6,88.84,0.0,Paid Search,US,variant
ORD-007032,2024-04-21,CUST-02478,cust-02478@lumenmail.com,Lighting,2,123.56,0.0,Paid Search,ZZ,variant
ORD-005125,2024-03-21,CUST-01052,cust-01052@lumenmail.com,Outdoor,2,5.28,20.0,Organic,US,control
ORD-008077,08/10/2024,CUST-02268,cust-02268@lumenmail.com,Décor,2,21.24,5.0,Organic,US,
ORD-000928,2023-07-29,CUST-00754,cust-00754@lumenmail.com,Furniture,2,19.58,0.05,Organic,CA,variant
ORD-000005,2024-02-22,CUST-00058,cust-00058@lumenmail.com,Décor,1,96.41,0.0,Organic,CA,control
ORD-005446,2024-03-20,CUST-00813,cust-00813@lumenmail.com,Lighting,3,26.72,0.0,Social,US,variant
ORD-001657,2023-11-08,CUST-00164,cust-00164@lumenmail.com,Furniture,1,49.09,20.0,Email,US,control
ORD-002058,2024-05-24,CUST-02590,cust-02590@lumenmail.com,Accessories,1,45.88,0.15,Paid Search,US,control
ORD-005471,2024-02-16,CUST-00030,cust-00030@lumenmail.com,Furniture,6,14.29,0.0,Email,US,control
ORD-006039,2024-06-24,CUST-02262,cust-02262@lumenmail.com,Outdoor,1,32.26,0.0,Organic,US,
ORD-006066,2024-06-14,,guest@lumenmail.com,Furniture,1,559.42,0.0,Email,UK,variant
ORD-002247,2024-09-12,CUST-00860,cust-00860@lumenmail.com,Outdoor,1,394.95,0.0,Social,US,variant
ORD-003796,2024-08-02,CUST-02304,cust-02304@lumenmail.com,Outdoor,1,389.37,0.15,Email,US,control
ORD-000779,2024-07-30,CUST-02922,cust-02922@lumenmail.com,Décor,2,373.06,0.05,Email,US,variant
ORD-004250,2024-03-13,CUST-02531,cust-02531@lumenmail.com,Décor,1,97.36,0.1,Paid Search,UK,
ORD-000289,2024-04-02,CUST-01338,cust-01338@lumenmail.com,Outdoor,2,74.29,0.0,,UK,
ORD-007623,2024-08-22,CUST-02624,cust-02624@lumenmail.com,Décor,2,33.86,0.25,Paid Search,US,
ORD-000459,19/04/2024,CUST-00887,cust-00887@lumenmail.com,Décor,1,321.06,0.0,Paid Search,US,variant
ORD-006123,2024-07-11,CUST-01150,cust-01150@lumenmail.com,Lightng,1,48.41,0.0,Email,CA,
ORD-004348,2024-01-02,CUST-02988,cust-02988@lumenmail.com,Lighting,2,199.43,0.0,Organic,US,
ORD-007007,2024-10-07,CUST-01739,cust-01739@lumenmail.com,Lighting,3,148.3,0.1,Email,ZZ,control
ORD-005747,2023-10-04,CUST-02080,cust-02080@lumenmail.com,Outdoor,3,73.66,0.15,Paid Search,UK,variant
ORD-000567,2023-06-24,CUST-00913,cust-00913@lumenmail.com,Décor,1,297.52,15.0,,US,control
ORD-003381,2024-11-10,CUST-00218,cust-00218@lumenmail.com,Décor,1,20.99,0.1,Paid Search,UK,
ORD-006633,2023-08-03,CUST-00999,cust-00999@lumenmail.com,Lighting,2,86.91,0.1,Paid Search,AU,variant
ORD-005291,2024-11-12,CUST-01912,cust-01912@lumenmail.com,Lighting,1,36.65,0.05,Paid Search,US,variant
ORD-003401,2023-10-30,CUST-01432,cust-01432@lumenmail.com,Décor,3,24.66,0.15,Organic,UK,
ORD-001003,2023-06-26,CUST-02735,cust-02735@lumenmail.com,Décor,1,55.35,0.0,Paid Search,US,variant
ORD-002959,2024-02-21,CUST-02553,cust-02553@lumenmail.com,Furniture,1,47.93,0.0,Social,US,
ORD-007150,2023-10-12,,guest@lumenmail.com,Décor,2,7.74,0.25,Email,US,
ORD-008251,2023-11-16,CUST-00575,cust-00575@lumenmail.com,lighting,5,56.41,0.2,Paid Search,US,
ORD-000255,2023-07-04,CUST-02976,cust-02976@lumenmail.com,Lighting,1,93.88,0.15,Paid Search,AU,variant
ORD-000555,2024-11-08,CUST-02219,cust-02219@lumenmail.com,Furniture,3,190.56,0.05,,UK,
ORD-001614,2023-12-01,CUST-01539,cust-01539@lumenmail.com,Lighting,2,164.55,0.0,Organic,US,control
ORD-003801,2024-06-02,CUST-02990,cust-02990@lumenmail.com,Furniture,1,143.09,0.1,Organic,UK,variant
ORD-002331,2024-12-23,CUST-00937,cust-00937@lumenmail.com,Lighting,1,132.01,0.0,Email,UK,variant
ORD-008745,2023-07-22,CUST-00216,cust-00216@lumenmail.com,Décor,2,148.66,0.15,Paid Search,CA,variant
ORD-004776,2024-03-24,CUST-00284,cust-00284@lumenmail.com,Accessoires,1,32.01,0.15,Paid Search,US,variant
ORD-009297,2023-10-14,,guest@lumenmail.com,Furniture,7,631.39,0.05,Email,US,control
ORD-005283,2024-07-21,CUST-00216,cust-00216@lumenmail.com,Lighting,3,182.05,5.0,,US,
ORD-002362,2023-09-11,CUST-02501,cust-02501@lumenmail.com,Décor,5,29.0,0.05,Social,AU,control
ORD-000500,04/08/2024,CUST-01157,cust-01157@lumenmail.com,Lighting,1,84.1,0.05,Social,US,
ORD-005754,2024-02-11,CUST-01728,cust-01728@lumenmail.com,Décor,1,171.46,0.1,Email,ZZ,
ORD-004791,2023-07-31,CUST-01494,cust-01494@lumenmail.com,Décor,1,101.08,0.0,Paid Search,CA,
ORD-006644,2023-07-16,CUST-02358,cust-02358@lumenmail.com,Lighting,1,73.14,0.05,Organic,US,
ORD-002540,29/11/2024,CUST-02387,cust-02387@lumenmail.com,Furniture,3,144.51,5.0,Social,US,control
ORD-001706,2024-06-19,CUST-01448,cust-01448@lumenmail.com,Lighting,1,29.56,0.15,Paid Search,CA,
ORD-009516,2024-01-31,CUST-00829,cust-00829@lumenmail.com,Furniture,-1,615.14,0.15,Paid Search,CA,
ORD-002769,2023-12-06,CUST-01291,cust-01291@lumenmail.com,Décor,1,22.69,0.1,Organic,US,
ORD-001028,2024-05-14,CUST-01869,cust-01869@lumenmail.com,Décor,4,96.55,0.05,Paid Search,UK,
ORD-000590,12/10/2024,CUST-02009,cust-02009@lumenmail.com,Décor,2,22.66,0.1,Email,US,variant
ORD-002162,2024-04-30,CUST-01595,cust-01595@lumenmail.com,Décor,1,17.35,0.15,Organic,CA,variant
ORD-000458,2024-05-20,,guest@lumenmail.com,Outdoor,3,38.34,0.0,Paid Search,US,control
ORD-007685,2023-10-31,CUST-00298,cust-00298@lumenmail.com,Furniture,2,20.2,0.0,Email,US,control
ORD-008964,2023-08-25,CUST-01031,cust-01031@lumenmail.com,Lighting,2,84.26,0.0,Paid Search,UK,variant
ORD-007731,2023-06-19,CUST-00173,cust-00173@lumenmail.com,Décor,5,86.94,0.2,Paid Search,CA,control
ORD-002964,2024-05-31,CUST-00299,cust-00299@lumenmail.com,Lighting,4,8.33,0.0,Organic,AU,
ORD-008106,2023-09-27,CUST-02961,cust-02961@lumenmail.com,Accessories,1,309.23,0.0,Organic,US,control
ORD-004624,2023-06-29,CUST-00693,cust-00693@lumenmail.com,Furniture,2,59.28,0.15,Paid Search,UK,variant
ORD-008274,09/08/2024,CUST-01199,cust-01199@lumenmail.com,Décor,1,7.9,0.05,Social,UK,
ORD-000494,2024-06-21,CUST-00675,cust-00675@lumenmail.com,Outdoor,3,76.98,0.15,Organic,US,variant
ORD-003914,05/07/2024,CUST-01778,cust-01778@lumenmail.com,Outdoor,1,62.91,0.0,,UK,control
ORD-004198,2023-06-24,CUST-00173,cust-00173@lumenmail.com,Outdoor,4,487.78,0.05,Organic,US,control
ORD-008728,25/06/2024,CUST-02524,cust-02524@lumenmail.com,Décor,1,24.83,0.0,Paid Search,US,variant
ORD-004219,2024-11-15,CUST-01156,cust-01156@lumenmail.com,Décor,1,37.47,0.0,Organic,CA,control
ORD-000233,2023-10-08,CUST-02028,cust-02028@lumenmail.com,Furniture,3,142.85,0.05,Email,US,control
ORD-008876,2023-11-17,CUST-01879,cust-01879@lumenmail.com,Décor,5,118.03,10.0,,CA,
ORD-006777,2024-05-22,CUST-02581,cust-02581@lumenmail.com,Lighting,5,64.23,0.05,Paid Search,US,
ORD-003421,2023-11-03,CUST-02591,cust-02591@lumenmail.com,Furniture,1,78.39,0.0,Email,US,control
ORD-004039,2023-06-14,CUST-02010,cust-02010@lumenmail.com,Lighting,3,46.82,0.2,Organic,ZZ,control
ORD-004162,2024-12-29,,guest@lumenmail.com,Lighting,2,49.3,0.0,Email,US,control
ORD-002192,2024-06-28,CUST-02226,cust-02226@lumenmail.com,Outdoor,1,60.56,0.25,Paid Search,US,variant
ORD-005964,2024-08-21,CUST-01126,cust-01126@lumenmail.com,Accessories,1,268.67,10.0,Paid Search,US,
ORD-002506,2023-06-08,CUST-00926,cust-00926@lumenmail.com,Furniture,2,295.55,25.0,Social,AU,
ORD-000429,2023-09-21,CUST-00063,cust-00063@lumenmail.com,Lighting,1,109.04,0.0,Organic,UK,control
ORD-002845,2024-07-28,CUST-00776,cust-00776@lumenmail.com,Décor,2,19.55,0.15,Email,US,
ORD-008657,26/06/2024,,guest@lumenmail.com,lighting,2,22.86,0.0,Organic,US,control
ORD-008013,2024-01-29,CUST-00901,cust-00901@lumenmail.com,Furniture,1,106.04,0.0,Paid Search,US,
ORD-009095,2023-08-12,CUST-01321,cust-01321@lumenmail.com,Décor,2,55.06,0.0,Email,CA,variant
ORD-007558,08/01/2024,CUST-02445,cust-02445@lumenmail.com,lighting,1,790.43,0.1,Paid Search,CA,
ORD-000783,2023-07-29,CUST-00191,cust-00191@lumenmail.com,Lighting,2,197.13,0.0,Email,CA,variant
ORD-000498,2023-12-29,CUST-00262,cust-00262@lumenmail.com,Accessories,1,18.1,0.05,Paid Search,US,variant
ORD-002947,10/01/2024,CUST-02022,cust-02022@lumenmail.com,Outdoor,1,39.19,0.05,Organic,US,control
ORD-007138,04/07/2023,CUST-00380,cust-00380@lumenmail.com,Furniture,1,73.16,0.1,Social,US,
ORD-000575,2024-02-20,CUST-00225,cust-00225@lumenmail.com,Furniture,2,18.88,0.0,Social,US,control
ORD-005513,20/02/2024,CUST-01931,cust-01931@lumenmail.com,Outdoor,2,74.98,0.0,Organic,US,variant
ORD-007417,2023-09-06,CUST-01141,cust-01141@lumenmail.com,Accessories,4,711.43,0.2,Social,US,variant
ORD-007895,2023-11-30,CUST-00215,cust-00215@lumenmail.com,Outdoor,1,108.63,0.0,Organic,UK,
ORD-003892,2024-02-04,CUST-01878,cust-01878@lumenmail.com,Outdoor,-3,74.78,0.0,Email,US,control
ORD-004179,2023-10-17,CUST-01145,cust-01145@lumenmail.com,Lighting,2,28.89,0.05,Social,ZZ,control
ORD-004132,2023-09-08,CUST-00641,cust-00641@lumenmail.com,Accessories,1,34.41,0.05,Organic,US,
ORD-003993,2023-07-10,CUST-00620,cust-00620@lumenmail.com,Décor,2,68.26,0.0,Email,UK,
ORD-000976,2024-06-19,CUST-01907,cust-01907@lumenmail.com,Furniture,2,94.09,0.05,,US,
ORD-001500,2024-12-06,,guest@lumenmail.com,Lighting,2,118.01,0.2,Paid Search,US,
ORD-004168,30/11/2024,CUST-00717,cust-00717@lumenmail.com,Décor,2,55.5,0.0,Email,US,
ORD-006545,2023-06-11,CUST-02382,cust-02382@lumenmail.com,Décor,2,40.92,0.0,Email,US,
ORD-008662,30/03/2024,CUST-01464,cust-01464@lumenmail.com,Outdoor,7,96.82,0.0,Email,US,
ORD-008162,09/08/2024,CUST-01812,cust-01812@lumenmail.com,Accessories,1,306.29,10.0,Paid Search,US,variant
ORD-005278,2023-06-12,CUST-02343,cust-02343@lumenmail.com,Outdoor,4,87.83,0.0,Social,US,
ORD-004064,2024-12-09,CUST-02228,cust-02228@lumenmail.com,Décor,2,198.78,0.05,Organic,US,
ORD-006015,2024-06-20,CUST-01877,cust-01877@lumenmail.com,Outdoor,1,65.79,0.0,Organic,US,control
ORD-000668,2024-12-21,CUST-00701,cust-00701@lumenmail.com,Lighting,1,20.66,10.0,Organic,US,
ORD-009233,2023-10-27,CUST-00176,cust-00176@lumenmail.com,Lighting,2,82.5,0.0,Email,US,variant
ORD-001558,2023-07-16,CUST-01441,cust-01441@lumenmail.com,Accessories,5,239.48,0.0,Email,CA,control
ORD-004705,2024-10-10,CUST-02015,cust-02015@lumenmail.com,Décor,2,76.31,0.05,Paid Search,UK,
ORD-006093,2023-12-29,CUST-00521,cust-00521@lumenmail.com,Décor,1,44.99,0.2,Organic,CA,variant
ORD-003857,2024-01-05,CUST-00366,cust-00366@lumenmail.com,Décor,1,185.45,0.0,Organic,US,
ORD-001062,2024-07-12,CUST-01145,cust-01145@lumenmail.com,Outdoor,2,22.95,0.2,Paid Search,US,
ORD-004451,19/05/2024,CUST-00751,cust-00751@lumenmail.com,Décor,1,20.27,0.2,Social,US,variant
ORD-004914,2024-02-07,CUST-00170,cust-00170@lumenmail.com,Furniture,2,191.26,0.05,Paid Search,US,variant
ORD-000130,2024-06-05,CUST-02658,cust-02658@lumenmail.com,Furniture,1,184.86,0.0,Email,UK,variant
ORD-003878,2023-11-10,CUST-02000,cust-02000@lumenmail.com,Lighting,1,24.5,0.15,,US,
ORD-000230,2024-06-30,CUST-00087,cust-00087@lumenmail.com,Lighting,2,10.81,0.05,Paid Search,CA,
ORD-008469,09/08/2023,CUST-00922,cust-00922@lumenmail.com,Furniture,3,232.28,0.15,Paid Search,CA,variant
ORD-008220,14/10/2023,CUST-02484,cust-02484@lumenmail.com,Décor,4,183.23,0.15,Paid Search,UK,
ORD-003609,2024-10-31,CUST-01747,cust-01747@lumenmail.com,Furniture,1,42.45,0.0,Paid Search,US,
ORD-005589,12/03/2024,CUST-01793,cust-01793@lumenmail.com,Décor,2,186.28,0.15,Email,CA,
ORD-004923,2024-02-29,CUST-01381,cust-01381@lumenmail.com,Décor,2,40.94,0.1,Email,US,control
ORD-003499,2023-07-03,CUST-00417,cust-00417@lumenmail.com,Outdoor,2,199.2,0.2,Email,AU,
ORD-006600,2024-05-31,CUST-00691,cust-00691@lumenmail.com,Furniture,2,74.14,0.0,Organic,US,
ORD-003462,2024-09-15,CUST-02143,cust-02143@lumenmail.com,Lighting,3,0.0,0.2,Social,US,control
ORD-002968,2023-12-23,CUST-00191,cust-00191@lumenmail.com,Furniture,1,202.79,0.0,Email,CA,variant
ORD-007952,2024-06-15,CUST-00381,cust-00381@lumenmail.com,Décor,1,16.25,0.0,Paid Search,US,
ORD-004853,2024-01-19,CUST-01557,cust-01557@lumenmail.com,Lighting,2,88.81,0.15,Paid Search,CA,control
ORD-002754,2023-09-11,CUST-02792,cust-02792@lumenmail.com,Décor,5,26.25,0.1,Organic,US,
ORD-003144,2024-08-07,CUST-01055,cust-01055@lumenmail.com,Lighting,1,142.17,15.0,Paid Search,US,control
ORD-009107,2023-12-13,CUST-01820,cust-01820@lumenmail.com,Décor,1,52.99,0.0,Paid Search,US,
ORD-001459,12/08/2024,CUST-00263,cust-00263@lumenmail.com,Lighting,3,247.04,0.15,Paid Search,AU,
ORD-007484,2024-04-18,CUST-00741,cust-00741@lumenmail.com,Lighting,-2,21.47,0.0,Email,ZZ,variant
ORD-005601,2023-11-03,CUST-01362,cust-01362@lumenmail.com,Décor,6,17.88,0.25,Paid Search,US,control
ORD-001457,2024-05-04,CUST-02143,cust-02143@lumenmail.com,Accessories,1,187.13,0.0,Paid Search,CA,
ORD-001923,2023-08-19,CUST-02122,cust-02122@lumenmail.com,Lighting,1,18.57,0.1,Paid Search,US,
ORD-002671,31/10/2023,CUST-02056,cust-02056@lumenmail.com,Décor,2,51.24,0.0,Paid Search,US,
ORD-002167,2024-12-29,CUST-02337,cust-02337@lumenmail.com,Outdoor,2,52.0,0.0,Paid Search,US,
ORD-007528,2024-11-22,CUST-01747,cust-01747@lumenmail.com,Lighting,6,143.48,0.05,Paid Search,UK,control
ORD-002773,2023-07-21,CUST-00213,cust-00213@lumenmail.com,Lighting,1,59.86,0.0,Email,CA,variant
ORD-005997,26/09/2024,CUST-00947,cust-00947@lumenmail.com,Lighting,3,37.87,10.0,Organic,US,
ORD-001381,2024-02-15,CUST-00708,cust-00708@lumenmail.com,Lighting,2,95.97,0.0,Social,US,control
ORD-009413,2024-02-14,CUST-01474,cust-01474@lumenmail.com,Outdoor,3,36.81,0.2,Organic,UK,variant
ORD-000915,2023-06-03,CUST-02395,cust-02395@lumenmail.com,Décor,1,179.87,0.0,Paid Search,US,variant
ORD-000949,2023-09-30,CUST-01367,cust-01367@lumenmail.com,Accessories,1,41.67,0.05,Email,US,control
ORD-006437,2024-06-27,CUST-02932,cust-02932@lumenmail.com,Furniture,1,227.98,0.0,Organic,CA,control
ORD-005856,23/09/2023,CUST-02787,cust-02787@lumenmail.com,Décor,1,332.7,0.0,Social,UK,control
ORD-003094,2024-04-27,CUST-01282,cust-01282@lumenmail.com,Lighting,2,48.03,0.0,Email,US,variant
ORD-000663,2023-06-10,CUST-00484,cust-00484@lumenmail.com,Décor,1,256.65,0.0,Social,US,control
ORD-007323,2023-09-04,CUST-00981,cust-00981@lumenmail.com,Lighting,1,177.29,0.0,Paid Search,US,
ORD-001315,04/07/2023,CUST-02405,cust-02405@lumenmail.com,Décor,4,519.87,0.0,Email,US,variant
ORD-003015,2024-01-26,CUST-02725,cust-02725@lumenmail.com,Lighting,2,23.42,0.0,Organic,US,
ORD-009060,05/08/2023,CUST-01377,cust-01377@lumenmail.com,Décor,-2,67.15,0.05,Email,US,
ORD-002472,2023-10-17,CUST-02649,cust-02649@lumenmail.com,Lighting,1,81.77,0.0,Email,US,
ORD-000320,2024-07-22,CUST-02381,cust-02381@lumenmail.com,Lighting,1,383.35,0.15,Paid Search,UK,
ORD-002798,2024-08-12,CUST-02822,cust-02822@lumenmail.com,Lighting,2,569.28,0.15,Paid Search,ZZ,
ORD-007221,2023-09-02,CUST-01725,cust-01725@lumenmail.com,Décor,2,63.42,0.2,Email,US,variant
ORD-000702,2024-06-23,CUST-01121,cust-01121@lumenmail.com,Lighting,1,96.17,10.0,Email,US,
ORD-007302,2023-10-15,CUST-01929,cust-01929@lumenmail.com,Décor,1,613.3,0.0,Organic,UK,control
ORD-009047,2023-12-03,CUST-01652,cust-01652@lumenmail.com,Décor,1,18.65,0.25,Email,ZZ,variant
ORD-006963,2023-11-30,CUST-02176,cust-02176@lumenmail.com,Lighting,2,6.33,0.05,Email,US,
ORD-000441,2024-08-06,CUST-02139,cust-02139@lumenmail.com,Accessories,4,72.7,0.0,Paid Search,US,
ORD-004848,2023-08-20,CUST-00363,cust-00363@lumenmail.com,Lighting,1,43.61,0.15,Organic,US,
ORD-005173,2023-12-23,CUST-00806,cust-00806@lumenmail.com,Lighting,1,146.93,0.0,Social,US,control
ORD-003956,2023-11-09,CUST-00060,cust-00060@lumenmail.com,Décor,1,123.16,0.05,Paid Search,AU,control
ORD-001184,20/05/2024,CUST-00073,cust-00073@lumenmail.com,Lighting,1,47.49,0.0,Organic,US,
ORD-009248,2024-05-14,CUST-02587,cust-02587@lumenmail.com,Outdoor,1,88.26,0.0,Paid Search,US,variant
ORD-004432,17/02/2024,CUST-01120,cust-01120@lumenmail.com,Décor,2,573.49,0.1,Organic,US,control
ORD-003516,2024-07-05,CUST-00442,cust-00442@lumenmail.com,Furniture,4,10.3,0.05,Paid Search,US,variant
ORD-008866,2024-08-18,CUST-01764,cust-01764@lumenmail.com,Lighting,2,35.98,0.15,Paid Search,CA,control
ORD-009124,21/01/2024,CUST-02730,cust-02730@lumenmail.com,Accessories,1,10.19,0.0,Email,US,
ORD-006650,2023-07-17,CUST-01057,cust-01057@lumenmail.com,Furniture,3,86.64,0.1,Organic,US,control
ORD-008935,2024-10-28,CUST-02015,cust-02015@lumenmail.com,Furniture,1,238.57,0.0,Paid Search,CA,control
ORD-000085,2024-04-11,CUST-01141,cust-01141@lumenmail.com,Lighting,5,115.65,0.0,Paid Search,CA,control
ORD-008612,2023-11-16,CUST-00928,cust-00928@lumenmail.com,Furniture,2,130.59,0.0,,AU,variant
ORD-005367,2024-12-25,CUST-02218,cust-02218@lumenmail.com,Outdoor,2,13.72,0.0,Organic,UK,variant
ORD-002686,2024-01-09,CUST-01414,cust-01414@lumenmail.com,Décor,5,85.95,0.0,Social,US,
ORD-000932,2023-07-28,CUST-01964,cust-01964@lumenmail.com,Outdoor,2,193.82,0.1,Organic,US,control
ORD-007441,2023-11-07,CUST-00072,cust-00072@lumenmail.com,Décor,1,66.35,0.0,Organic,CA,
ORD-006732,2024-12-19,,guest@lumenmail.com,lighting,1,169.72,0.05,Organic,US,control
ORD-005634,2024-10-23,CUST-00106,cust-00106@lumenmail.com,Outdoor,5,32.43,0.0,Organic,US,variant
ORD-008990,2024-07-30,CUST-02353,cust-02353@lumenmail.com,Accessories,-1,248.49,0.0,Organic,US,variant
ORD-002706,2023-06-29,CUST-01910,cust-01910@lumenmail.com,Lighting,2,681.78,0.15,Social,US,control
ORD-006378,2024-06-06,CUST-02548,cust-02548@lumenmail.com,Lighting,5,30.5,0.05,Paid Search,US,variant
ORD-007339,2023-07-22,,guest@lumenmail.com,Lighting,4,28.31,5.0,Organic,US,
ORD-005534,27/08/2024,CUST-02210,cust-02210@lumenmail.com,Décor,1,26.66,0.05,Email,US,
ORD-005600,2024-03-29,CUST-02245,cust-02245@lumenmail.com,Décor,1,192.23,10.0,Email,US,variant
ORD-003972,2024-01-18,CUST-02653,cust-02653@lumenmail.com,Lighting,7,296.26,0.0,Organic,CA,variant
ORD-009088,2024-11-01,CUST-02577,cust-02577@lumenmail.com,Lighting,1,15.68,0.0,Paid Search,CA,
ORD-004658,2024-05-31,CUST-00741,cust-00741@lumenmail.com,Lighting,3,32.04,0.0,Email,AU,control
ORD-000474,2024-05-03,CUST-00187,cust-00187@lumenmail.com,Furniture,3,164.52,5.0,Organic,US,
ORD-002139,2024-02-22,CUST-02901,cust-02901@lumenmail.com,Outdoor,1,84.97,0.15,Social,US,control
ORD-009357,2024-10-26,CUST-01339,cust-01339@lumenmail.com,Lighting,3,46.48,0.1,,US,
ORD-000537,24/09/2023,CUST-00165,cust-00165@lumenmail.com,Lighting,6,68.69,0.0,Social,US,control
ORD-005287,2024-03-29,CUST-02550,cust-02550@lumenmail.com,Décor,3,70.75,0.0,Social,US,variant
ORD-001058,2023-06-15,CUST-00092,cust-00092@lumenmail.com,Furniture,-1,17.61,0.0,Email,US,
ORD-007290,2024-11-03,,guest@lumenmail.com,Décor,1,12.53,0.0,Organic,US,variant
ORD-009097,2024-10-14,CUST-00712,cust-00712@lumenmail.com,Décor,1,71.53,0.0,Organic,US,control
ORD-007999,04/08/2024,CUST-00007,cust-00007@lumenmail.com,Lighting,3,68.64,5.0,Paid Search,US,control
ORD-002072,2024-05-13,CUST-00920,cust-00920@lumenmail.com,Décor,5,394.48,0.15,Organic,US,
ORD-009528,2024-12-18,CUST-02701,cust-02701@lumenmail.com,Accessories,1,44.15,0.0,Paid Search,US,
ORD-003783,2024-05-15,CUST-00180,cust-00180@lumenmail.com,Lighting,2,92.08,0.0,Email,US,variant
ORD-006512,2024-10-18,CUST-02673,cust-02673@lumenmail.com,Lighting,1,356.42,0.0,Email,UK,variant
ORD-005249,2023-07-24,CUST-00577,cust-00577@lumenmail.com,Lighting,1,84.04,0.1,Paid Search,US,
ORD-007187,2024-07-05,,guest@lumenmail.com,Lighting,4,161.03,15.0,Paid Search,AU,
ORD-007162,2024-07-06,CUST-00663,cust-00663@lumenmail.com,Lighting,1,55.22,0.05,Organic,CA,control
ORD-009331,2023-09-20,CUST-02282,cust-02282@lumenmail.com,Lighting,-3,116.11,0.15,Email,US,
ORD-002780,2023-06-09,CUST-02738,cust-02738@lumenmail.com,Lighting,1,10.4,0.25,Paid Search,US,
ORD-006101,02/10/2023,CUST-02533,cust-02533@lumenmail.com,Lighting,1,86.49,0.0,Organic,US,variant
ORD-006333,2023-06-20,CUST-00181,cust-00181@lumenmail.com,Lighting,1,322.59,0.0,Organic,UK,
ORD-008068,06/11/2024,CUST-00110,cust-00110@lumenmail.com,Accessories,1,163.26,0.0,Email,UK,variant
ORD-000172,2023-10-26,CUST-01053,cust-01053@lumenmail.com,Furniture,1,116.12,0.15,Email,US,variant
ORD-001220,2023-10-01,CUST-01901,cust-01901@lumenmail.com,Accessories,1,185.58,0.0,Email,US,control
ORD-008265,2024-11-28,,guest@lumenmail.com,Lighting,4,9.53,10.0,Paid Search,US,control
ORD-002515,2024-09-23,CUST-00216,cust-00216@lumenmail.com,Décor,2,88.31,0.0,Social,CA,
ORD-005561,2023-11-20,CUST-02069,cust-02069@lumenmail.com,Lighting,2,46.99,0.0,Email,US,variant
ORD-002941,2024-10-18,CUST-02515,cust-02515@lumenmail.com,Accessories,4,267.08,0.15,Organic,US,variant
ORD-002972,2023-10-30,CUST-00808,cust-00808@lumenmail.com,Décor,6,55.33,5.0,Email,US,
ORD-001919,2023-08-11,CUST-02620,cust-02620@lumenmail.com,Lighting,1,208.86,10.0,Paid Search,AU,control
ORD-000318,2024-06-25,CUST-02694,cust-02694@lumenmail.com,Furniture,1,99.69,0.1,Paid Search,US,variant
ORD-000195,2024-11-19,CUST-00864,cust-00864@lumenmail.com,Outdoor,2,87.43,0.0,Email,US,
ORD-003561,2024-09-15,CUST-02657,cust-02657@lumenmail.com,Accessories,2,14.72,0.15,Paid Search,US,control
ORD-006939,2023-06-20,,guest@lumenmail.com,Décor,1,278.45,0.0,Paid Search,CA,control
ORD-003084,2023-08-21,CUST-01392,cust-01392@lumenmail.com,Furniture,1,53.18,0.0,Paid Search,US,
ORD-002156,2024-06-03,CUST-01173,cust-01173@lumenmail.com,Lighting,3,188.48,0.0,Paid Search,US,
ORD-004561,2024-06-19,CUST-02759,cust-02759@lumenmail.com,Furniture,3,109.01,0.15,Social,CA,control
ORD-007120,06/12/2023,CUST-02372,cust-02372@lumenmail.com,Furniture,5,121.51,0.2,Organic,UK,control
ORD-006451,2024-03-20,CUST-02247,cust-02247@lumenmail.com,Décor,2,25.85,0.15,Paid Search,US,control
ORD-004988,2023-06-20,CUST-02873,cust-02873@lumenmail.com,Décor,1,22.66,0.0,Paid Search,US,
ORD-008611,08/01/2024,CUST-02432,cust-02432@lumenmail.com,Décor,2,34.15,0.0,Organic,AU,control
ORD-002349,2023-06-12,CUST-00148,cust-00148@lumenmail.com,Décor,1,38.86,0.0,Email,US,control
ORD-007098,2024-10-16,CUST-01070,cust-01070@lumenmail.com,Décor,1,121.94,0.0,Email,US,control
ORD-001246,2023-11-20,CUST-02410,cust-02410@lumenmail.com,Furniture,2,342.06,0.0,Paid Search,US,
ORD-000925,13/02/2024,CUST-02211,cust-02211@lumenmail.com,Accessories,1,458.92,0.05,Email,US,
ORD-001496,2024-05-23,,guest@lumenmail.com,Décor,2,186.0,0.0,Organic,US,variant
ORD-007270,14/11/2024,CUST-01164,cust-01164@lumenmail.com,Accessories,1,54.39,0.05,Email,US,
ORD-007593,2024-10-17,CUST-00792,cust-00792@lumenmail.com,Lighting,3,119.39,0.0,Organic,US,
ORD-003992,2024-11-11,CUST-02270,cust-02270@lumenmail.com,Lighting,5,141.34,0.0,Organic,AU,control
ORD-001269,2024-05-25,CUST-01460,cust-01460@lumenmail.com,Décor,4,117.34,0.0,Organic,UK,variant
ORD-000974,2024-09-26,CUST-00258,cust-00258@lumenmail.com,Furniture,1,353.07,0.1,Paid Search,UK,variant
ORD-002396,11/09/2024,CUST-00842,cust-00842@lumenmail.com,Furniture,1,110.34,0.1,Paid Search,US,
ORD-006833,22/03/2024,CUST-00647,cust-00647@lumenmail.com,Décor,3,46.19,0.05,Social,CA,
ORD-002932,2024-09-01,CUST-00393,cust-00393@lumenmail.com,Accessories,2,169.9,0.1,Paid Search,US,control
ORD-008717,2024-04-07,CUST-02564,cust-02564@lumenmail.com,Outdoor,1,50.69,5.0,Email,AU,
ORD-001057,2024-01-23,CUST-00082,cust-00082@lumenmail.com,lighting,1,28.35,0.25,Social,US,
ORD-005615,2023-10-25,CUST-00604,cust-00604@lumenmail.com,Outdoor,5,64.24,10.0,Social,US,
ORD-000456,2024-01-14,CUST-01302,cust-01302@lumenmail.com,Lighting,2,24.09,0.15,Social,UK,variant
ORD-006270,2023-07-10,CUST-00161,cust-00161@lumenmail.com,Lighting,4,291.41,0.0,Paid Search,US,variant
ORD-000935,2023-12-13,CUST-00117,cust-00117@lumenmail.com,Décor,1,177.0,0.0,Paid Search,US,
ORD-008673,2024-06-22,CUST-00345,cust-00345@lumenmail.com,Furniture,1,14.25,0.2,Email,CA,variant
ORD-003137,2023-07-30,CUST-00430,cust-00430@lumenmail.com,Furniture,7,242.88,0.1,Email,US,variant
ORD-004436,2024-05-02,,guest@lumenmail.com,Décor,4,10.49,0.0,Email,US,control
ORD-001714,2024-10-05,CUST-01450,cust-01450@lumenmail.com,Lighting,1,82.85,0.0,Paid Search,US,
ORD-006152,2023-07-03,CUST-00667,cust-00667@lumenmail.com,Outdoor,1,100.91,0.2,Organic,US,control
ORD-007703,24/07/2023,CUST-01335,cust-01335@lumenmail.com,Décor,1,140.8,0.0,Social,US,control
ORD-002120,2024-03-23,CUST-00649,cust-00649@lumenmail.com,Lightng,1,164.51,0.0,Social,US,
ORD-007876,2023-08-25,CUST-00021,cust-00021@lumenmail.com,Lighting,1,28.45,0.15,Organic,CA,control
ORD-002001,2024-11-13,,guest@lumenmail.com,Décor,2,146.66,0.1,Organic,US,
ORD-002444,21/03/2024,CUST-00905,cust-00905@lumenmail.com,Lighting,1,161.95,0.05,Paid Search,UK,
ORD-004882,2024-09-15,CUST-00674,cust-00674@lumenmail.com,Lighting,1,126.23,20.0,Paid Search,AU,
ORD-006984,2023-06-03,CUST-02385,cust-02385@lumenmail.com,Lighting,1,51.61,0.05,Social,CA,variant
ORD-002969,2024-08-22,CUST-01330,cust-01330@lumenmail.com,Accessories,1,28.55,0.05,Organic,CA,variant
ORD-002602,2024-02-24,CUST-00637,cust-00637@lumenmail.com,Décor,2,61.54,0.05,Email,CA,
ORD-008855,07/10/2024,CUST-02549,cust-02549@lumenmail.com,Lighting,1,145.21,0.25,Social,UK,variant
ORD-002188,2024-08-16,CUST-01065,cust-01065@lumenmail.com,Lighting,1,754.08,15.0,Email,AU,
ORD-004648,2024-06-01,CUST-01288,cust-01288@lumenmail.com,Décor,4,21.21,0.0,Email,US,control
ORD-000292,2023-10-30,CUST-02014,cust-02014@lumenmail.com,Décor,-1,190.06,0.1,Email,CA,variant
ORD-002360,2023-07-28,CUST-01583,cust-01583@lumenmail.com,Accessories,4,232.46,0.0,Email,US,
ORD-005679,2024-02-01,CUST-02079,cust-02079@lumenmail.com,Accessories,1,21.82,0.05,Email,US,control
ORD-006878,09/10/2024,CUST-02417,cust-02417@lumenmail.com,Accessories,1,124.96,0.05,Paid Search,US,control
ORD-000655,2023-12-22,CUST-01135,cust-01135@lumenmail.com,Décor,5,109.88,0.0,,US,
ORD-002285,23/02/2024,CUST-00088,cust-00088@lumenmail.com,Furniture,2,91.05,0.0,Social,US,variant
ORD-003950,2024-07-20,CUST-02742,cust-02742@lumenmail.com,lighting,1,38.7,0.0,Paid Search,US,control
ORD-002343,2023-12-10,CUST-02377,cust-02377@lumenmail.com,Lighting,2,384.09,0.1,Paid Search,UK,
ORD-003254,2023-12-25,,guest@lumenmail.com,Décor,-2,91.64,0.0,Organic,US,variant
ORD-006869,2024-10-22,CUST-00553,cust-00553@lumenmail.com,Décor,6,100.32,0.0,Social,US,variant
ORD-009217,2023-12-28,CUST-00272,cust-00272@lumenmail.com,Lighting,3,407.74,0.0,Paid Search,US,variant
ORD-000017,2024-11-10,,guest@lumenmail.com,Lighting,2,34.84,0.0,Paid Search,US,
ORD-002108,2023-10-31,CUST-01454,cust-01454@lumenmail.com,Décor,1,10.72,0.1,Email,US,control
ORD-001690,2024-01-27,CUST-01895,cust-01895@lumenmail.com,Décor,1,58.72,0.0,Email,US,variant
ORD-001970,2024-06-29,CUST-01561,cust-01561@lumenmail.com,Lighting,1,58.85,0.15,,CA,control
ORD-002692,2023-06-28,CUST-00399,cust-00399@lumenmail.com,Décor,1,105.66,0.1,,US,control
ORD-002694,2024-09-09,CUST-02397,cust-02397@lumenmail.com,Décor,3,27.79,0.1,Organic,ZZ,control
ORD-009358,2024-11-01,CUST-02234,cust-02234@lumenmail.com,Lighting,1,79.31,0.0,Email,ZZ,variant
ORD-002899,2024-12-06,,guest@lumenmail.com,Décor,2,65.89,0.05,Paid Search,US,
ORD-008540,2024-12-15,CUST-02752,cust-02752@lumenmail.com,Décor,2,215.97,0.05,Paid Search,AU,
ORD-008840,2024-12-24,CUST-02770,cust-02770@lumenmail.com,Outdoor,3,35.31,0.0,Organic,US,variant
ORD-000038,2024-04-08,CUST-00555,cust-00555@lumenmail.com,Décor,1,38.43,0.2,Organic,US,
ORD-007954,03/06/2024,CUST-02167,cust-02167@lumenmail.com,Lighting,1,114.77,0.0,Organic,US,
ORD-005645,2023-09-19,CUST-01463,cust-01463@lumenmail.com,Lighting,4,95.91,0.0,Organic,UK,variant
ORD-005521,17/05/2024,CUST-00238,cust-00238@lumenmail.com,Lighting,1,362.85,0.15,Paid Search,US,variant
ORD-008963,2023-09-07,CUST-00230,cust-00230@lumenmail.com,Décor,1,93.12,0.1,Paid Search,UK,control
ORD-000462,2023-12-11,CUST-00999,cust-00999@lumenmail.com,Lighting,6,86.41,0.0,Paid Search,US,control
ORD-006960,2024-04-27,CUST-01146,cust-01146@lumenmail.com,Outdoor,1,50.1,0.0,Organic,CA,
ORD-005885,2023-12-07,CUST-00449,cust-00449@lumenmail.com,Décor,1,380.86,0.0,Paid Search,UK,variant
ORD-002099,2024-06-21,CUST-00364,cust-00364@lumenmail.com,Lighting,3,40.59,0.0,Organic,CA,
ORD-003918,2023-11-12,,guest@lumenmail.com,Outdoor,5,216.96,0.2,Social,UK,control
ORD-000150,2023-11-01,CUST-01261,cust-01261@lumenmail.com,Décor,2,142.31,0.0,Paid Search,US,control
ORD-003304,2024-09-16,CUST-01859,cust-01859@lumenmail.com,Lighting,1,777.46,0.0,Organic,US,
ORD-000700,2023-10-07,CUST-00464,cust-00464@lumenmail.com,Lighting,1,177.93,0.1,,US,control
ORD-006810,2023-11-19,CUST-00450,cust-00450@lumenmail.com,Lighting,1,138.71,0.1,Paid Search,US,control
ORD-000813,2023-08-23,CUST-00826,cust-00826@lumenmail.com,Lightng,5,34.9,0.0,Social,UK,
ORD-003619,24/07/2023,CUST-01930,cust-01930@lumenmail.com,Lighting,4,42.37,0.15,Social,US,variant
ORD-006903,2024-12-16,CUST-00071,cust-00071@lumenmail.com,Décor,2,768.07,0.05,Paid Search,UK,variant
ORD-002587,2023-11-21,CUST-02327,cust-02327@lumenmail.com,Décor,2,242.22,0.0,Email,UK,variant
ORD-009040,2024-01-16,CUST-00952,cust-00952@lumenmail.com,Outdoor,-2,165.55,0.0,Paid Search,CA,
ORD-007908,2024-11-19,CUST-01612,cust-01612@lumenmail.com,Décor,3,40.02,0.0,Email,ZZ,
ORD-006467,2024-01-15,CUST-02635,cust-02635@lumenmail.com,Décor,7,630.31,0.1,Paid Search,US,variant
ORD-003182,2024-11-19,CUST-00740,cust-00740@lumenmail.com,Outdoor,1,52.53,0.0,Social,US,variant
ORD-003340,2023-10-24,CUST-00769,cust-00769@lumenmail.com,Lighting,1,46.1,5.0,Paid Search,US,variant
ORD-001476,2023-11-11,CUST-01162,cust-01162@lumenmail.com,Lighting,2,176.21,0.1,Email,US,control
ORD-008043,2023-12-20,CUST-01207,cust-01207@lumenmail.com,Décor,-6,74.96,0.0,Organic,UK,variant
ORD-003099,2023-12-26,CUST-00917,cust-00917@lumenmail.com,Lighting,2,49.79,0.2,Paid Search,US,variant
ORD-005560,31/03/2024,CUST-02156,cust-02156@lumenmail.com,Décor,3,45.32,10.0,Organic,US,control
ORD-004128,2024-01-05,CUST-01734,cust-01734@lumenmail.com,Accessories,1,469.4,5.0,Organic,US,control
ORD-000278,2024-07-31,CUST-02355,cust-02355@lumenmail.com,Accessories,2,47.81,0.0,Organic,CA,
ORD-000916,23/07/2024,CUST-02713,cust-02713@lumenmail.com,Lighting,1,28.12,0.05,Paid Search,US,variant
ORD-006730,2023-11-19,CUST-02699,cust-02699@lumenmail.com,Accessories,1,373.38,0.0,Paid Search,US,
ORD-003974,2024-10-20,CUST-00524,cust-00524@lumenmail.com,Furniture,1,44.51,0.1,Paid Search,US,
ORD-007362,2023-07-22,CUST-01500,cust-01500@lumenmail.com,Outdoor,3,394.35,0.2,Organic,CA,variant
ORD-003634,2024-01-31,CUST-02508,cust-02508@lumenmail.com,Outdoor,1,61.34,0.05,Organic,ZZ,variant
ORD-006353,23/11/2023,CUST-01516,cust-01516@lumenmail.com,Furniture,3,16.34,10.0,Email,US,variant
ORD-001419,2024-12-30,CUST-00739,cust-00739@lumenmail.com,Outdoor,5,258.93,0.0,Organic,US,
ORD-009567,11/08/2024,CUST-01589,cust-01589@lumenmail.com,Lighting,7,15.69,20.0,Organic,US,control
ORD-000662,2024-06-11,CUST-01368,cust-01368@lumenmail.com,Outdoor,1,31.65,0.0,Organic,CA,variant
ORD-001226,26/04/2024,CUST-01769,cust-01769@lumenmail.com,Décor,3,88.41,0.0,Paid Search,CA,
ORD-008889,2023-08-14,CUST-01277,cust-01277@lumenmail.com,Furniture,2,464.76,0.0,Social,US,
ORD-008713,2024-06-29,CUST-02753,cust-02753@lumenmail.com,Outdoor,1,663.64,0.0,Email,US,
ORD-002842,2024-01-08,CUST-02194,cust-02194@lumenmail.com,Lighting,4,192.15,0.15,Social,AU,
ORD-002463,09/04/2024,CUST-01974,cust-01974@lumenmail.com,Outdoor,1,25.66,0.0,Paid Search,US,
ORD-004511,2024-10-31,CUST-02844,cust-02844@lumenmail.com,Décor,1,136.74,0.15,Paid Search,US,control
ORD-008219,2024-05-13,CUST-02899,cust-02899@lumenmail.com,Accessories,1,34.96,0.05,Email,US,
ORD-003973,2024-12-22,CUST-01085,cust-01085@lumenmail.com,Lighting,1,68.08,0.0,Organic,US,control
ORD-004303,2024-05-25,CUST-02568,cust-02568@lumenmail.com,Lighting,1,41.02,15.0,Email,CA,variant
ORD-006492,2024-04-20,CUST-00393,cust-00393@lumenmail.com,Outdoor,2,18.58,0.0,Email,US,
ORD-000664,2024-05-24,CUST-01877,cust-01877@lumenmail.com,Lighting,2,101.27,0.0,Organic,US,
ORD-008760,2024-06-02,CUST-02968,cust-02968@lumenmail.com,Lighting,3,206.36,0.05,Organic,US,variant
ORD-007642,2024-10-28,CUST-02018,cust-02018@lumenmail.com,Lighting,5,33.45,0.0,Organic,US,
ORD-008108,2024-04-29,CUST-00019,cust-00019@lumenmail.com,Lighting,1,312.77,0.1,Social,US,variant
ORD-004304,2024-01-22,CUST-00411,cust-00411@lumenmail.com,Furniture,6,8.14,0.1,Paid Search,US,variant
ORD-008949,2023-06-23,CUST-02877,cust-02877@lumenmail.com,Furniture,4,136.0,0.15,Paid Search,CA,
ORD-003804,2024-04-22,CUST-00028,cust-00028@lumenmail.com,Furniture,3,663.73,0.05,Email,US,control
ORD-003146,2023-11-08,CUST-01418,cust-01418@lumenmail.com,Accessories,1,103.4,0.0,Paid Search,AU,variant
ORD-007450,2023-09-23,CUST-00093,cust-00093@lumenmail.com,Décor,2,141.57,0.0,Email,US,
ORD-004129,16/08/2023,CUST-01063,cust-01063@lumenmail.com,Décor,2,146.85,0.15,Email,US,
ORD-001840,2024-04-11,CUST-00137,cust-00137@lumenmail.com,Lighting,7,546.88,0.1,Email,US,control
ORD-009485,21/09/2024,CUST-00165,cust-00165@lumenmail.com,Décor,4,284.67,0.0,Email,US,variant
ORD-003356,2024-05-12,CUST-02700,cust-02700@lumenmail.com,Lighting,1,30.88,0.15,Organic,US,variant
ORD-008419,2023-06-18,CUST-00420,cust-00420@lumenmail.com,Lighting,1,30.16,0.15,Paid Search,US,
ORD-008352,2023-09-23,CUST-01985,cust-01985@lumenmail.com,Décor,4,30.21,0.2,Email,US,variant
ORD-001982,2024-08-05,,guest@lumenmail.com,Décor,4,59.86,0.05,Paid Search,US,variant
ORD-001525,11/12/2024,CUST-02313,cust-02313@lumenmail.com,Outdoor,2,53.1,0.2,Social,US,
ORD-001704,2024-09-19,CUST-00306,cust-00306@lumenmail.com,Furniture,2,569.65,0.0,Paid Search,UK,
ORD-004306,2023-08-06,CUST-01185,cust-01185@lumenmail.com,Furniture,2,330.25,0.0,Paid Search,US,
ORD-004423,2024-09-09,CUST-01811,cust-01811@lumenmail.com,Lighting,1,48.16,0.05,Organic,US,variant
ORD-007449,2023-06-12,CUST-01464,cust-01464@lumenmail.com,Outdoor,1,42.96,0.2,Email,US,variant
ORD-004061,2023-12-13,CUST-02337,cust-02337@lumenmail.com,Lighting,7,166.08,0.05,Email,US,variant
ORD-009093,2023-08-09,CUST-01423,cust-01423@lumenmail.com,Lighting,4,101.86,5.0,Social,US,
ORD-006099,2023-10-30,CUST-01188,cust-01188@lumenmail.com,Lighting,2,54.07,0.15,Email,UK,control
ORD-009501,2024-02-14,CUST-00017,cust-00017@lumenmail.com,Lighting,2,13.79,0.0,Email,US,
ORD-000062,2024-09-24,CUST-00562,cust-00562@lumenmail.com,Décor,3,38.53,0.0,Organic,CA,
ORD-005705,2024-12-27,CUST-02394,cust-02394@lumenmail.com,Lighting,5,42.81,0.0,Organic,US,
ORD-002018,2024-12-09,CUST-01214,cust-01214@lumenmail.com,Décor,1,143.26,0.1,Paid Search,US,control
ORD-005831,2024-08-11,CUST-01535,cust-01535@lumenmail.com,Décor,2,70.43,0.15,Social,US,variant
ORD-006189,2024-08-25,CUST-00032,cust-00032@lumenmail.com,Furniture,2,33.47,0.15,Paid Search,US,control
ORD-004772,2023-11-12,CUST-00309,cust-00309@lumenmail.com,Décor,2,77.68,0.1,Email,US,variant
ORD-008363,2023-06-12,CUST-02161,cust-02161@lumenmail.com,Décor,1,11.5,0.0,Social,US,
ORD-003345,2023-11-11,CUST-02842,cust-02842@lumenmail.com,Décor,1,77.74,0.2,Paid Search,US,variant
ORD-003422,2024-03-15,CUST-00992,cust-00992@lumenmail.com,Lighting,1,59.37,0.0,Organic,US,control
ORD-002010,17/10/2024,CUST-02943,cust-02943@lumenmail.com,Lighting,1,42.04,0.2,Paid Search,US,
ORD-009156,2024-02-16,CUST-01721,cust-01721@lumenmail.com,Outdoor,5,17.71,0.0,Paid Search,US,variant
ORD-001854,2024-07-13,CUST-01802,cust-01802@lumenmail.com,Lighting,2,17.22,0.05,Email,US,
ORD-004875,2024-05-13,CUST-01437,cust-01437@lumenmail.com,Lighting,2,22.62,0.1,Paid Search,US,variant
ORD-003072,2024-12-09,CUST-01775,cust-01775@lumenmail.com,Accessories,-1,69.15,0.0,Organic,UK,
ORD-007385,2024-01-17,CUST-00685,cust-00685@lumenmail.com,Décor,6,15.68,0.0,Email,CA,variant
ORD-006951,2023-08-01,CUST-01299,cust-01299@lumenmail.com,Lighting,3,355.2,0.05,Email,US,variant
ORD-001347,2023-12-31,CUST-02534,cust-02534@lumenmail.com,Lighting,1,17.36,0.2,Paid Search,US,variant
ORD-004212,2024-04-28,CUST-02430,cust-02430@lumenmail.com,Lighting,2,56.8,0.2,Organic,ZZ,control
ORD-004602,24/05/2024,CUST-00219,cust-00219@lumenmail.com,Décor,2,31.24,0.05,Email,US,
ORD-002365,2024-06-18,,guest@lumenmail.com,Décor,1,84.02,0.05,Organic,US,
ORD-000209,2023-06-11,CUST-00023,cust-00023@lumenmail.com,Outdoor,1,121.06,0.05,Social,US,variant
ORD-008443,2024-04-04,CUST-02544,cust-02544@lumenmail.com,Furniture,1,392.25,0.0,Social,US,control
ORD-009012,2024-02-04,CUST-00607,cust-00607@lumenmail.com,Décor,1,42.92,0.2,Paid Search,CA,control
ORD-002937,2024-03-01,CUST-01495,cust-01495@lumenmail.com,lighting,1,41.39,0.0,Organic,US,
ORD-003797,2023-12-03,,guest@lumenmail.com,Décor,2,67.33,0.0,Email,US,variant
ORD-008143,2024-11-02,CUST-01010,cust-01010@lumenmail.com,Furniture,5,64.81,0.15,Paid Search,US,variant
ORD-007733,30/11/2023,CUST-00462,cust-00462@lumenmail.com,Furniture,1,71.89,0.0,Paid Search,US,variant
ORD-008149,2024-12-01,CUST-01537,cust-01537@lumenmail.com,Décor,1,31.13,0.0,Paid Search,CA,control
ORD-004289,2023-09-27,CUST-02045,cust-02045@lumenmail.com,Lighting,3,78.03,5.0,Email,CA,variant
ORD-002433,2024-12-16,CUST-00507,cust-00507@lumenmail.com,Furniture,1,147.29,0.0,Email,US,
ORD-009359,2024-04-02,CUST-00304,cust-00304@lumenmail.com,Accessories,3,145.29,10.0,Email,US,
ORD-008933,2024-10-20,CUST-00585,cust-00585@lumenmail.com,Lighting,1,75.67,0.0,Paid Search,CA,variant
ORD-006698,2023-07-30,CUST-02419,cust-02419@lumenmail.com,Décor,-2,42.09,0.0,Organic,US,
ORD-002054,2023-11-12,CUST-01951,cust-01951@lumenmail.com,Décor,1,156.26,0.0,Paid Search,CA,variant
ORD-003922,2023-08-13,CUST-00257,cust-00257@lumenmail.com,Lighting,1,42.29,0.1,Email,US,control
ORD-007421,11/04/2024,CUST-01581,cust-01581@lumenmail.com,Lighting,2,364.13,0.05,Organic,UK,control
ORD-003295,2024-12-15,CUST-01584,cust-01584@lumenmail.com,Lighting,7,92.11,0.05,Paid Search,AU,control
ORD-008909,2023-07-03,,guest@lumenmail.com,Furniture,2,47.2,0.05,Email,UK,
ORD-004938,2024-03-14,CUST-01109,cust-01109@lumenmail.com,Décor,2,127.38,0.05,Social,US,control
ORD-004053,2024-09-25,CUST-01162,cust-01162@lumenmail.com,Lighting,2,75.08,0.05,Organic,CA,
ORD-006265,2023-10-22,CUST-02235,cust-02235@lumenmail.com,Furniture,1,90.94,15.0,Social,US,
ORD-008884,2024-10-13,CUST-00214,cust-00214@lumenmail.com,Décor,7,532.12,0.05,Email,US,control
ORD-006797,2023-07-27,CUST-02492,cust-02492@lumenmail.com,Décor,1,173.42,0.05,Paid Search,US,
ORD-003594,2024-01-13,CUST-02684,cust-02684@lumenmail.com,Décor,1,188.94,0.1,Paid Search,US,variant
ORD-001218,14/06/2023,,guest@lumenmail.com,Outdoor,4,37.85,0.1,Email,US,
ORD-002626,2024-02-12,CUST-02873,cust-02873@lumenmail.com,Lighting,4,246.58,0.0,Email,US,control
ORD-007968,2024-09-22,CUST-02129,cust-02129@lumenmail.com,Lighting,1,466.82,0.0,Email,US,control
ORD-008422,2024-09-24,CUST-01286,cust-01286@lumenmail.com,Décor,2,232.3,0.0,Paid Search,AU,control
ORD-007504,2024-04-23,,guest@lumenmail.com,Lighting,2,320.26,0.0,Paid Search,CA,
ORD-002344,2023-08-26,CUST-02854,cust-02854@lumenmail.com,Furniture,1,310.53,0.05,Social,US,variant
ORD-009478,2023-10-16,CUST-01116,cust-01116@lumenmail.com,Outdoor,1,110.88,0.0,Paid Search,US,variant
ORD-004956,2024-04-14,CUST-02551,cust-02551@lumenmail.com,Lighting,4,44.41,0.1,Social,US,control
ORD-003350,2023-11-29,CUST-01285,cust-01285@lumenmail.com,Décor,2,90.21,0.0,Email,CA,control
ORD-001521,2024-11-06,CUST-02615,cust-02615@lumenmail.com,Outdoor,2,87.18,0.1,Organic,UK,control
ORD-005325,,CUST-02008,cust-02008@lumenmail.com,Décor,1,65.95,0.05,Email,CA,
ORD-002543,2024-07-21,CUST-01329,cust-01329@lumenmail.com,Outdoor,1,83.08,0.15,Paid Search,US,control
ORD-005711,2023-10-05,CUST-02110,cust-02110@lumenmail.com,Accessories,1,39.78,0.15,Organic,US,
ORD-007846,2024-02-03,CUST-00935,cust-00935@lumenmail.com,Lighting,4,24.97,0.05,Paid Search,US,
ORD-001085,2024-02-25,CUST-00267,cust-00267@lumenmail.com,Outdoor,1,74.25,0.15,Organic,US,control
ORD-003586,2023-12-09,CUST-00978,cust-00978@lumenmail.com,Décor,3,26.29,0.1,Email,US,variant
ORD-007473,2024-04-10,CUST-02213,cust-02213@lumenmail.com,Accessories,5,43.76,0.0,Paid Search,UK,variant
ORD-002219,2024-07-19,CUST-02502,cust-02502@lumenmail.com,Lighting,2,71.03,5.0,Email,US,variant
ORD-002982,2024-10-10,CUST-02916,cust-02916@lumenmail.com,Lighting,5,58.52,0.0,Organic,UK,control
ORD-000401,2024-10-16,CUST-01156,cust-01156@lumenmail.com,Lighting,2,38.55,0.05,Email,US,control
ORD-006902,08/10/2023,CUST-01651,cust-01651@lumenmail.com,Furniture,2,110.77,0.2,Social,US,variant
ORD-008074,05/04/2024,CUST-01368,cust-01368@lumenmail.com,Lighting,1,52.79,0.1,Organic,US,variant
ORD-009563,20/08/2023,CUST-00387,cust-00387@lumenmail.com,Lighting,2,232.13,0.0,Email,US,
ORD-009437,2024-09-09,CUST-01732,cust-01732@lumenmail.com,Décor,1,306.12,0.05,Paid Search,US,control
ORD-001535,2023-07-30,CUST-02477,cust-02477@lumenmail.com,Lighting,2,26.25,0.1,Social,US,variant
ORD-007183,2023-09-11,CUST-02519,cust-02519@lumenmail.com,Décor,3,28.05,0.0,Paid Search,CA,variant
ORD-004224,2024-03-21,CUST-02121,cust-02121@lumenmail.com,Lighting,1,21.37,0.0,Organic,UK,
ORD-008763,2024-05-14,CUST-01466,cust-01466@lumenmail.com,Décor,1,471.23,0.0,Email,US,
ORD-000012,2024-04-22,CUST-01971,cust-01971@lumenmail.com,Lighting,2,38.34,0.0,Social,US,
ORD-003083,2024-03-22,CUST-00810,cust-00810@lumenmail.com,Accessories,1,85.34,0.1,Paid Search,US,control
ORD-001627,2023-12-29,CUST-01261,cust-01261@lumenmail.com,Furniture,7,60.09,0.15,Social,CA,variant
ORD-001087,19/02/2024,CUST-01929,cust-01929@lumenmail.com,Décor,-2,32.82,0.0,Paid Search,UK,
ORD-001016,2023-09-27,CUST-00691,cust-00691@lumenmail.com,Outdoor,1,152.24,0.0,Social,US,variant
ORD-008134,20/10/2024,CUST-00792,cust-00792@lumenmail.com,Furniture,2,48.27,0.0,Organic,US,variant
ORD-005453,2024-12-11,CUST-01085,cust-01085@lumenmail.com,Outdoor,1,82.62,0.0,Paid Search,CA,control
ORD-002869,2024-04-25,CUST-02544,cust-02544@lumenmail.com,Furniture,5,127.82,0.0,Email,US,
ORD-004439,2024-05-14,CUST-01125,cust-01125@lumenmail.com,Décor,1,40.97,0.1,Organic,CA,
ORD-004851,2023-06-12,CUST-02444,cust-02444@lumenmail.com,Lighting,2,54.37,0.0,Paid Search,CA,control
ORD-001759,2024-08-26,CUST-00845,cust-00845@lumenmail.com,Furniture,1,42.41,0.05,Organic,US,
ORD-002448,2023-09-05,CUST-00503,cust-00503@lumenmail.com,Lighting,1,97.37,0.0,Paid Search,US,
ORD-002888,2023-12-08,CUST-00136,cust-00136@lumenmail.com,Décor,2,54.29,0.1,Email,US,
ORD-008287,2024-01-20,,guest@lumenmail.com,Lighting,1,287.49,0.0,Social,US,control
ORD-007092,2024-06-02,CUST-00639,cust-00639@lumenmail.com,Furniture,1,70.37,0.05,Email,CA,variant
ORD-009298,2024-07-02,,guest@lumenmail.com,Décor,3,34.07,0.0,,AU,variant
ORD-005196,2024-01-09,CUST-01528,cust-01528@lumenmail.com,Furniture,1,178.58,0.2,Paid Search,UK,
ORD-009105,2024-05-01,CUST-01798,cust-01798@lumenmail.com,Lighting,1,78.97,0.05,Paid Search,AU,
ORD-008759,2024-10-08,CUST-02639,cust-02639@lumenmail.com,Outdoor,1,43.69,0.0,Paid Search,CA,control
ORD-000629,2024-02-12,CUST-01217,cust-01217@lumenmail.com,Lighting,2,91.7,0.05,Social,US,
ORD-000827,2024-02-12,CUST-01153,cust-01153@lumenmail.com,Décor,1,28.44,0.0,Email,US,control
ORD-002432,2024-07-16,CUST-00170,cust-00170@lumenmail.com,Lighting,1,66.6,0.1,Email,CA,control
ORD-009354,2023-12-06,CUST-00896,cust-00896@lumenmail.com,Décor,2,139.77,0.25,Email,US,control
ORD-000270,2024-01-06,,guest@lumenmail.com,Lighting,1,149.74,0.05,Email,US,variant
ORD-008551,2024-08-19,CUST-01041,cust-01041@lumenmail.com,Lighting,1,63.86,0.0,Social,ZZ,control
ORD-005486,2024-03-19,CUST-02437,cust-02437@lumenmail.com,Lighting,2,35.31,0.0,,CA,variant
ORD-000778,2024-11-07,CUST-02230,cust-02230@lumenmail.com,Décor,-1,512.95,0.0,Email,US,control
ORD-006726,2024-12-02,CUST-01072,cust-01072@lumenmail.com,Décor,2,112.83,0.0,Paid Search,US,variant
ORD-007693,2023-06-11,CUST-00065,cust-00065@lumenmail.com,Décor,2,121.98,0.05,Paid Search,US,control
ORD-009014,21/11/2024,CUST-01401,cust-01401@lumenmail.com,Lighting,3,33.71,0.05,Social,US,variant
ORD-000568,2023-09-01,CUST-02548,cust-02548@lumenmail.com,Furniture,1,326.57,20.0,Email,CA,variant
ORD-008684,2023-11-27,CUST-02309,cust-02309@lumenmail.com,Accessories,3,190.46,0.0,Email,US,variant
ORD-006469,29/11/2024,CUST-01749,cust-01749@lumenmail.com,Furniture,1,43.27,0.1,Email,AU,
ORD-001490,2024-01-14,CUST-01365,cust-01365@lumenmail.com,Lighting,4,25.99,0.2,Paid Search,US,
ORD-005043,2024-09-29,CUST-00603,cust-00603@lumenmail.com,Furniture,1,90.43,0.2,Organic,AU,control
ORD-001872,2024-02-11,CUST-02929,cust-02929@lumenmail.com,Lighting,2,39.81,0.05,Paid Search,UK,control
ORD-005346,2023-06-12,CUST-02535,cust-02535@lumenmail.com,Décor,5,98.9,0.0,Organic,US,control
ORD-000892,03/05/2024,CUST-02879,cust-02879@lumenmail.com,Décor,1,233.32,0.0,,US,variant
ORD-001010,31/12/2023,CUST-00405,cust-00405@lumenmail.com,Furniture,2,23.46,15.0,Email,US,
ORD-002328,2024-11-14,CUST-02154,cust-02154@lumenmail.com,Lightng,1,267.81,0.0,Organic,US,variant
ORD-005662,23/09/2023,CUST-02722,cust-02722@lumenmail.com,Lighting,1,305.88,25.0,Organic,US,
ORD-008810,15/11/2023,CUST-00217,cust-00217@lumenmail.com,Lighting,4,175.96,0.05,Paid Search,CA,control
ORD-008338,2024-01-08,CUST-00989,cust-00989@lumenmail.com,Furniture,1,62.62,0.0,Email,US,
ORD-003436,2024-11-30,CUST-02910,cust-02910@lumenmail.com,Lighting,5,31.47,0.0,Email,US,variant
ORD-007304,2024-04-28,CUST-01059,cust-01059@lumenmail.com,Lighting,2,154.13,0.0,Paid Search,US,
ORD-002454,2023-06-02,CUST-02539,cust-02539@lumenmail.com,Lighting,2,377.94,0.0,Email,US,variant
ORD-000657,2024-01-18,CUST-01207,cust-01207@lumenmail.com,Décor,1,210.28,0.0,Paid Search,US,variant
ORD-000599,2023-07-24,CUST-02138,cust-02138@lumenmail.com,Furniture,1,99.11,0.15,Paid Search,US,control
ORD-001447,2023-08-05,CUST-02232,cust-02232@lumenmail.com,Lighting,2,28.46,0.05,,US,
ORD-002808,2023-12-16,CUST-01223,cust-01223@lumenmail.com,Lighting,2,60.52,0.05,Paid Search,US,control
ORD-001733,2024-05-04,CUST-01274,cust-01274@lumenmail.com,Lighting,2,31.74,0.05,Organic,AU,
ORD-002480,2023-08-18,,guest@lumenmail.com,Outdoor,7,586.2,0.0,Email,CA,
ORD-007372,2024-10-03,CUST-01476,cust-01476@lumenmail.com,Furniture,1,119.86,0.1,Organic,US,control
ORD-009163,14/08/2023,CUST-01871,cust-01871@lumenmail.com,Décor,1,105.08,0.15,Organic,CA,variant
ORD-001758,2024-10-06,,guest@lumenmail.com,Décor,3,272.85,0.05,Email,US,
ORD-003004,2024-11-05,CUST-00491,cust-00491@lumenmail.com,Furniture,2,74.68,0.05,Paid Search,US,variant
ORD-004476,2023-08-28,CUST-00663,cust-00663@lumenmail.com,Outdoor,2,48.36,0.15,Paid Search,UK,control
ORD-002071,2024-06-12,CUST-00617,cust-00617@lumenmail.com,Furniture,2,31.51,0.0,Organic,US,
ORD-000735,2024-05-02,CUST-02218,cust-02218@lumenmail.com,Décor,4,51.52,0.0,Paid Search,US,control
ORD-005578,2024-03-19,CUST-00895,cust-00895@lumenmail.com,Furniture,2,16.26,0.05,Paid Search,US,
ORD-007907,2024-08-01,,guest@lumenmail.com,Furniture,1,383.01,0.05,Paid Search,US,control
ORD-000307,2023-09-30,CUST-00008,cust-00008@lumenmail.com,Furniture,6,5.33,0.05,Email,US,control
ORD-008483,2023-12-02,CUST-01243,cust-01243@lumenmail.com,Décor,1,39.66,0.0,,US,variant
ORD-005789,2024-01-14,CUST-00751,cust-00751@lumenmail.com,Lighting,3,59.63,0.25,Email,US,
ORD-006597,2023-08-15,CUST-02413,cust-02413@lumenmail.com,Décor,1,14.18,0.05,Paid Search,AU,
ORD-001667,2024-04-03,,guest@lumenmail.com,Lighting,1,119.2,0.0,Email,US,control
ORD-007256,,,guest@lumenmail.com,Furniture,1,242.47,0.0,Social,US,
ORD-008758,2023-10-01,CUST-00878,cust-00878@lumenmail.com,Lighting,2,126.32,0.05,Email,CA,
ORD-004209,2024-09-15,CUST-02192,cust-02192@lumenmail.com,Décor,1,0.0,0.05,Social,US,
ORD-004302,2024-02-20,CUST-00476,cust-00476@lumenmail.com,lighting,1,281.06,0.05,Email,US,variant
ORD-003853,2023-11-17,CUST-01136,cust-01136@lumenmail.com,Furniture,1,21.65,0.2,Paid Search,US,control
ORD-006751,2023-08-29,CUST-00263,cust-00263@lumenmail.com,Furniture,2,101.63,0.0,Paid Search,US,control
ORD-008260,2024-05-19,CUST-02341,cust-02341@lumenmail.com,Furniture,1,10.14,0.15,Paid Search,US,control
ORD-008349,2023-06-09,CUST-01697,cust-01697@lumenmail.com,Outdoor,2,13.34,0.1,Social,US,variant
ORD-007684,2024-04-03,CUST-01381,cust-01381@lumenmail.com,Furniture,1,73.87,0.0,Email,US,
ORD-008742,2023-11-16,CUST-02874,cust-02874@lumenmail.com,Lighting,-2,10.78,0.0,Social,CA,variant
ORD-008460,2024-12-09,CUST-00825,cust-00825@lumenmail.com,Lighting,5,481.52,0.05,Email,US,variant
ORD-003533,2023-10-18,CUST-02215,cust-02215@lumenmail.com,Outdoor,2,124.32,0.05,Email,AU,variant
ORD-009475,2024-06-20,CUST-00968,cust-00968@lumenmail.com,Lighting,1,29.37,0.0,Organic,US,variant
ORD-004097,2024-05-09,CUST-01998,cust-01998@lumenmail.com,Furniture,2,204.93,0.15,Paid Search,US,variant
ORD-006230,2023-11-28,CUST-02284,cust-02284@lumenmail.com,Accessories,2,226.82,0.15,Organic,US,variant
ORD-007930,23/11/2024,CUST-02181,cust-02181@lumenmail.com,Outdoor,1,474.25,0.05,,CA,variant
ORD-008869,2024-07-19,CUST-02432,cust-02432@lumenmail.com,Furniture,1,161.53,0.0,Paid Search,US,
ORD-006439,2024-12-18,CUST-00621,cust-00621@lumenmail.com,Furniture,2,445.7,0.05,Email,US,control
ORD-000536,2024-12-17,CUST-02430,cust-02430@lumenmail.com,Lighting,2,13.89,0.1,Paid Search,AU,
ORD-008154,2024-03-12,CUST-01081,cust-01081@lumenmail.com,Furniture,1,31.3,0.0,Paid Search,US,control
ORD-008646,2024-03-06,CUST-02941,cust-02941@lumenmail.com,Accessories,1,57.77,0.1,Organic,AU,variant
ORD-006845,2023-06-24,CUST-01617,cust-01617@lumenmail.com,lighting,-2,48.35,5.0,Organic,US,variant
ORD-005703,2023-10-02,CUST-02072,cust-02072@lumenmail.com,Décor,3,18.71,0.0,Organic,US,
ORD-001243,2024-07-08,CUST-01723,cust-01723@lumenmail.com,Furniture,4,46.1,15.0,Paid Search,US,
ORD-000164,2024-07-17,CUST-02195,cust-02195@lumenmail.com,Lighting,4,83.44,0.05,Organic,US,control
ORD-002244,13/01/2024,CUST-00630,cust-00630@lumenmail.com,Lighting,6,186.56,0.0,,US,variant
ORD-004188,2023-06-16,CUST-02268,cust-02268@lumenmail.com,Décor,2,176.11,0.0,Email,US,
ORD-005772,2023-10-28,CUST-01840,cust-01840@lumenmail.com,Furniture,1,35.54,0.05,Paid Search,AU,
ORD-002895,10/09/2024,CUST-02221,cust-02221@lumenmail.com,Lighting,2,360.38,0.0,Email,US,
ORD-000512,2024-06-17,CUST-01696,cust-01696@lumenmail.com,Lighting,1,111.39,0.15,Paid Search,CA,variant
ORD-001320,2024-11-29,CUST-02347,cust-02347@lumenmail.com,Décor,5,54.78,0.25,Paid Search,US,variant
ORD-005887,2024-11-22,CUST-00819,cust-00819@lumenmail.com,Furniture,1,49.65,0.15,Paid Search,US,
ORD-008785,2024-06-30,CUST-00399,cust-00399@lumenmail.com,Lighting,3,90.06,0.0,Social,US,variant
ORD-006475,2024-11-03,CUST-02929,cust-02929@lumenmail.com,Lighting,2,320.11,0.05,Email,CA,
ORD-001705,14/03/2024,CUST-02933,cust-02933@lumenmail.com,Décor,4,34.15,0.0,Organic,US,
ORD-008569,2024-08-16,CUST-01331,cust-01331@lumenmail.com,Décor,1,102.52,15.0,Paid Search,US,
ORD-009473,2024-03-19,CUST-01147,cust-01147@lumenmail.com,Décor,2,23.28,0.0,Paid Search,CA,control
ORD-009239,,CUST-02431,cust-02431@lumenmail.com,Outdoor,3,365.8,0.05,Paid Search,CA,
ORD-002085,2024-07-19,CUST-02931,cust-02931@lumenmail.com,Décor,1,590.57,5.0,,US,variant
ORD-008406,2024-04-10,CUST-01451,cust-01451@lumenmail.com,Décor,1,271.17,0.0,Paid Search,US,
ORD-000552,10/11/2023,CUST-00161,cust-00161@lumenmail.com,Accessories,2,74.81,0.0,Paid Search,US,control
ORD-000066,2024-06-02,CUST-02760,cust-02760@lumenmail.com,Décor,1,28.54,0.0,Paid Search,CA,
ORD-007511,2023-06-15,CUST-00985,cust-00985@lumenmail.com,Lighting,1,21.61,0.1,Paid Search,CA,variant
ORD-001892,2023-10-22,CUST-00906,cust-00906@lumenmail.com,Lighting,1,75.96,0.1,Paid Search,US,control
ORD-008213,15/01/2024,CUST-01188,cust-01188@lumenmail.com,Décor,3,52.43,0.0,Paid Search,UK,control
ORD-000687,2024-01-20,,guest@lumenmail.com,Décor,3,119.67,0.1,Organic,UK,
ORD-003624,2024-02-17,CUST-00075,cust-00075@lumenmail.com,Décor,-5,57.25,0.0,Email,US,variant
ORD-007433,2024-09-24,CUST-01214,cust-01214@lumenmail.com,Accessories,1,99.58,0.0,Organic,US,
ORD-005670,2023-07-11,CUST-02647,cust-02647@lumenmail.com,Lighting,1,355.95,0.1,Email,US,variant
ORD-005387,2024-07-18,CUST-02917,cust-02917@lumenmail.com,Furniture,2,97.35,0.15,Social,US,
ORD-006244,2023-08-09,CUST-02031,cust-02031@lumenmail.com,Lighting,1,361.54,20.0,Organic,US,control
ORD-002178,11/11/2024,CUST-01861,cust-01861@lumenmail.com,Furniture,2,116.35,0.0,Paid Search,US,variant
ORD-009456,2024-08-11,CUST-01905,cust-01905@lumenmail.com,Furniture,1,8.77,0.15,Paid Search,US,variant
ORD-005009,2023-06-04,CUST-02985,cust-02985@lumenmail.com,Furniture,7,62.68,0.1,Organic,US,
ORD-009374,2023-11-17,CUST-02963,cust-02963@lumenmail.com,Décor,1,44.63,0.1,Organic,UK,
ORD-007014,2023-10-21,CUST-02928,cust-02928@lumenmail.com,Lighting,2,87.15,0.05,Social,US,control
ORD-007121,2024-08-01,CUST-01202,cust-01202@lumenmail.com,Décor,1,42.97,0.0,Organic,UK,
ORD-008530,2024-04-29,CUST-02242,cust-02242@lumenmail.com,Décor,4,59.41,0.0,Organic,ZZ,
ORD-008879,2023-09-01,CUST-00370,cust-00370@lumenmail.com,Accessories,1,204.34,0.1,Organic,CA,control
ORD-000950,2023-09-08,CUST-01111,cust-01111@lumenmail.com,Accessories,2,88.93,0.0,Paid Search,US,
ORD-004152,2024-02-29,CUST-01990,cust-01990@lumenmail.com,Décor,2,278.14,0.1,Email,AU,control
ORD-009333,2023-10-03,CUST-00174,cust-00174@lumenmail.com,Lighting,3,302.11,0.15,Paid Search,CA,
ORD-008619,23/09/2024,CUST-01481,cust-01481@lumenmail.com,Lighting,4,79.54,0.0,Paid Search,CA,control
ORD-000720,2024-03-04,CUST-00460,cust-00460@lumenmail.com,Furniture,3,385.93,0.0,Organic,US,
ORD-001383,22/04/2024,CUST-00242,cust-00242@lumenmail.com,Décor,1,121.81,5.0,Social,CA,control
ORD-000505,19/06/2024,CUST-00021,cust-00021@lumenmail.com,Outdoor,1,12.92,0.2,Email,US,control
ORD-004063,2024-09-25,CUST-02897,cust-02897@lumenmail.com,Furniture,2,20.95,0.1,Email,US,variant
ORD-000148,2024-04-07,CUST-00183,cust-00183@lumenmail.com,Furniture,1,46.7,0.1,,US,variant
ORD-001334,2023-07-17,CUST-02087,cust-02087@lumenmail.com,Lighting,3,120.77,0.0,Paid Search,US,
ORD-005169,2024-10-20,CUST-02566,cust-02566@lumenmail.com,Furniture,2,18.1,0.0,Social,ZZ,control
ORD-008424,2024-08-06,CUST-01342,cust-01342@lumenmail.com,Lighting,2,36.82,0.0,Paid Search,US,control
ORD-007136,2024-09-24,CUST-00228,cust-00228@lumenmail.com,Lightng,3,96.19,0.15,Email,US,
ORD-004455,2024-09-25,CUST-02152,cust-02152@lumenmail.com,Décor,1,36.53,0.1,Organic,US,control
ORD-005809,2023-06-14,CUST-00129,cust-00129@lumenmail.com,Furniture,2,46.99,0.0,Organic,CA,variant
ORD-006048,2024-05-19,CUST-02145,cust-02145@lumenmail.com,Décor,1,43.77,0.0,Email,US,
ORD-007416,2024-11-06,CUST-02452,cust-02452@lumenmail.com,Décor,1,15.84,0.0,Paid Search,UK,control
ORD-001992,2023-11-12,CUST-01827,cust-01827@lumenmail.com,Lighting,1,134.59,0.05,Paid Search,US,variant
ORD-005900,2023-11-05,CUST-02836,cust-02836@lumenmail.com,Lighting,1,73.11,0.0,Paid Search,US,
ORD-003386,2023-08-30,,guest@lumenmail.com,Décor,3,96.67,0.0,Organic,CA,control
ORD-003151,2024-06-04,CUST-00852,cust-00852@lumenmail.com,Décor,1,11.7,0.05,Email,CA,control
ORD-008445,2024-05-23,CUST-01202,cust-01202@lumenmail.com,Lighting,7,330.67,0.0,Organic,US,
ORD-007897,2023-12-13,CUST-00493,cust-00493@lumenmail.com,Décor,2,193.27,0.0,Email,UK,variant
ORD-009427,2024-01-17,CUST-01753,cust-01753@lumenmail.com,Furniture,2,5.7,0.05,Email,US,
ORD-003070,2024-03-27,CUST-01170,cust-01170@lumenmail.com,Furniture,2,133.86,0.15,Organic,US,variant
ORD-008413,25/02/2024,CUST-02910,cust-02910@lumenmail.com,Furniture,4,83.26,0.0,Paid Search,US,
ORD-007950,03/12/2024,CUST-00542,cust-00542@lumenmail.com,Outdoor,1,78.89,0.0,Email,US,variant
ORD-000897,17/07/2024,CUST-01052,cust-01052@lumenmail.com,Furniture,4,23.78,0.0,Paid Search,US,
ORD-006179,2024-03-02,CUST-00552,cust-00552@lumenmail.com,Lighting,2,221.0,0.0,Social,US,variant
ORD-005835,2024-05-18,CUST-02129,cust-02129@lumenmail.com,Lighting,1,7.37,0.0,Email,US,variant
ORD-006703,2023-08-21,CUST-02163,cust-02163@lumenmail.com,Furniture,1,52.08,0.1,Organic,CA,control
ORD-002307,2024-11-26,CUST-02651,cust-02651@lumenmail.com,Furniture,3,62.78,0.0,Social,US,
ORD-004301,2024-05-26,CUST-02090,cust-02090@lumenmail.com,Lighting,1,48.46,0.0,Paid Search,US,variant
ORD-006381,2023-06-09,CUST-01101,cust-01101@lumenmail.com,Lighting,2,24.84,0.0,Paid Search,US,
ORD-001343,2024-05-07,CUST-00665,cust-00665@lumenmail.com,Décor,2,9.74,0.0,Email,AU,
ORD-008391,2024-01-09,,guest@lumenmail.com,Décor,4,120.29,0.1,Organic,US,
ORD-004645,2024-03-21,,guest@lumenmail.com,Lighting,1,10.59,10.0,Organic,US,variant
ORD-008663,2024-07-23,CUST-01017,cust-01017@lumenmail.com,Décor,1,44.56,0.1,Paid Search,US,
ORD-008666,04/11/2023,CUST-00658,cust-00658@lumenmail.com,Lighting,1,14.73,0.1,Social,US,variant
ORD-003179,2024-06-06,,guest@lumenmail.com,Outdoor,1,23.53,0.15,Organic,UK,variant
ORD-005798,2024-04-06,CUST-02586,cust-02586@lumenmail.com,Lighting,2,87.86,0.0,Email,US,
ORD-000878,2023-11-25,CUST-01599,cust-01599@lumenmail.com,Furniture,1,46.3,0.05,Organic,US,variant
ORD-005785,2024-09-19,CUST-02966,cust-02966@lumenmail.com,Accessories,4,71.76,0.0,Paid Search,US,
ORD-004121,2024-07-02,CUST-01159,cust-01159@lumenmail.com,Lighting,1,22.4,0.0,Email,US,
ORD-002086,01/06/2023,CUST-02418,cust-02418@lumenmail.com,Outdoor,2,393.8,0.1,Social,UK,control
ORD-007303,2023-12-09,CUST-01199,cust-01199@lumenmail.com,Furniture,1,330.79,0.0,Paid Search,UK,control
ORD-007358,2023-06-17,CUST-00331,cust-00331@lumenmail.com,Outdoor,2,75.07,0.0,Social,UK,
ORD-002682,2023-07-15,CUST-00176,cust-00176@lumenmail.com,lighting,1,226.21,0.1,Paid Search,US,variant
ORD-009353,2024-07-24,CUST-02971,cust-02971@lumenmail.com,Lighting,2,142.04,0.0,Paid Search,CA,
ORD-009139,2024-12-29,CUST-02346,cust-02346@lumenmail.com,Lighting,2,346.48,0.0,Paid Search,US,
ORD-004868,03/05/2024,CUST-02120,cust-02120@lumenmail.com,Lighting,2,26.77,0.1,Social,US,variant
ORD-006542,2023-06-22,CUST-02214,cust-02214@lumenmail.com,Décor,1,38.72,0.0,,US,control
ORD-005054,13/11/2023,CUST-00563,cust-00563@lumenmail.com,Décor,1,67.97,0.0,Paid Search,US,variant
ORD-006914,2024-02-10,CUST-01550,cust-01550@lumenmail.com,Furniture,4,20.18,0.0,Organic,AU,
ORD-007426,2023-07-31,CUST-02476,cust-02476@lumenmail.com,Furniture,1,99.43,0.1,Email,US,variant
ORD-005184,2024-02-09,CUST-02408,cust-02408@lumenmail.com,Lighting,1,19.33,0.15,Paid Search,US,
ORD-009155,2023-07-27,CUST-02920,cust-02920@lumenmail.com,Furniture,4,14.07,0.05,Email,US,variant
ORD-003698,2024-10-17,,guest@lumenmail.com,Accessories,2,100.73,0.05,,CA,variant
ORD-004410,2024-07-01,CUST-02994,cust-02994@lumenmail.com,Lighting,1,31.15,0.0,Paid Search,US,
ORD-004169,2023-07-03,CUST-00376,cust-00376@lumenmail.com,Décor,1,129.57,0.0,Email,US,control
ORD-008473,2023-10-09,CUST-00434,cust-00434@lumenmail.com,Outdoor,3,40.49,0.0,Email,ZZ,
ORD-006402,27/07/2023,CUST-02012,cust-02012@lumenmail.com,Décor,3,45.83,0.1,Organic,AU,control
ORD-005562,2023-07-11,CUST-02094,cust-02094@lumenmail.com,Lighting,4,167.7,0.15,Paid Search,US,control
ORD-004124,2024-03-03,CUST-01318,cust-01318@lumenmail.com,Lighting,1,33.43,0.0,Email,US,control
ORD-006290,2024-04-09,CUST-01548,cust-01548@lumenmail.com,Décor,4,14.97,0.15,Paid Search,US,variant
ORD-002332,2023-11-12,CUST-01732,cust-01732@lumenmail.com,Furniture,1,193.31,0.05,Organic,AU,
ORD-001395,2024-03-19,CUST-02751,cust-02751@lumenmail.com,Lighting,2,105.66,0.05,Email,US,control
ORD-008635,2024-01-15,CUST-01235,cust-01235@lumenmail.com,Lighting,4,70.61,0.0,Email,UK,variant
ORD-000611,,CUST-02637,cust-02637@lumenmail.com,Furniture,1,132.88,0.2,Organic,US,variant
ORD-002966,2024-01-29,CUST-02274,cust-02274@lumenmail.com,Outdoor,1,116.79,0.2,Paid Search,ZZ,variant
ORD-005955,2024-04-27,CUST-00568,cust-00568@lumenmail.com,Décor,3,60.86,0.05,Paid Search,CA,variant
ORD-009514,10/02/2024,CUST-00037,cust-00037@lumenmail.com,Outdoor,2,67.41,15.0,Email,US,control
ORD-008311,14/07/2024,CUST-00187,cust-00187@lumenmail.com,Furniture,1,366.47,0.0,Paid Search,US,variant
ORD-008487,23/11/2024,CUST-00162,cust-00162@lumenmail.com,Lighting,1,28.63,0.0,Paid Search,US,control
ORD-007402,2023-07-24,CUST-01103,cust-01103@lumenmail.com,Décor,3,160.05,0.0,Email,US,control
ORD-009263,2024-09-22,CUST-02112,cust-02112@lumenmail.com,Décor,1,67.09,0.15,Email,US,control
ORD-003130,2023-08-22,,guest@lumenmail.com,Furniture,-5,14.08,0.0,Paid Search,US,
ORD-009500,28/11/2024,CUST-02251,cust-02251@lumenmail.com,Décor,2,29.84,0.0,Paid Search,CA,variant
ORD-002838,16/06/2023,CUST-02138,cust-02138@lumenmail.com,Outdoor,2,107.17,0.05,Social,ZZ,control
ORD-007442,02/11/2023,CUST-00810,cust-00810@lumenmail.com,Lighting,2,130.78,10.0,Organic,AU,variant
ORD-002123,2024-04-20,CUST-00564,cust-00564@lumenmail.com,Furniture,2,669.59,0.1,Organic,US,
ORD-009579,2023-09-14,CUST-00499,cust-00499@lumenmail.com,Lightng,1,9.17,0.15,Paid Search,ZZ,
ORD-003611,2023-06-26,CUST-01006,cust-01006@lumenmail.com,Décor,1,37.23,0.0,Email,US,variant
ORD-004784,2024-03-17,CUST-01842,cust-01842@lumenmail.com,Lighting,5,306.81,0.2,Paid Search,US,
ORD-009349,2024-12-28,CUST-00508,cust-00508@lumenmail.com,Décor,2,774.52,0.1,Social,UK,
ORD-006303,2024-03-30,CUST-00664,cust-00664@lumenmail.com,Furniture,1,58.41,0.0,Paid Search,CA,variant
ORD-008403,2023-12-31,CUST-00677,cust-00677@lumenmail.com,Lighting,7,81.45,0.05,Paid Search,CA,
ORD-009243,2024-09-13,CUST-02877,cust-02877@lumenmail.com,Décor,1,628.36,0.0,Paid Search,US,variant
ORD-003669,2024-07-21,CUST-02513,cust-02513@lumenmail.com,Accessories,1,241.43,0.05,Paid Search,US,
ORD-000851,2024-05-02,CUST-02728,cust-02728@lumenmail.com,Furniture,3,31.8,0.0,Email,US,control
ORD-007534,2024-05-21,CUST-01894,cust-01894@lumenmail.com,Lighting,1,310.46,20.0,Email,UK,
ORD-007543,23/11/2023,CUST-02957,cust-02957@lumenmail.com,Lighting,4,554.43,0.1,Paid Search,US,control
ORD-007086,2024-02-17,CUST-00828,cust-00828@lumenmail.com,Lighting,1,35.32,0.1,Organic,UK,variant
ORD-000390,2023-09-09,CUST-02059,cust-02059@lumenmail.com,lighting,3,69.58,0.15,Paid Search,CA,control
ORD-007239,2023-06-10,CUST-01969,cust-01969@lumenmail.com,Lighting,1,5.13,0.15,Paid Search,UK,
ORD-007378,2023-08-21,CUST-00910,cust-00910@lumenmail.com,Lighting,2,43.46,0.1,Organic,UK,control
ORD-008683,2024-09-15,CUST-00523,cust-00523@lumenmail.com,Outdoor,-1,196.49,0.0,Paid Search,US,variant
ORD-001946,2023-07-27,,guest@lumenmail.com,Outdoor,4,158.5,0.05,,US,variant
ORD-001776,2023-09-16,CUST-02179,cust-02179@lumenmail.com,Lighting,2,74.39,0.0,Organic,AU,variant
ORD-002584,2024-05-04,CUST-00606,cust-00606@lumenmail.com,lighting,6,34.51,0.0,Email,US,
ORD-006299,20/07/2024,CUST-02477,cust-02477@lumenmail.com,Décor,3,132.83,0.0,Email,US,variant
ORD-006432,2024-06-22,CUST-01468,cust-01468@lumenmail.com,Décor,2,11.28,0.0,Email,US,variant
ORD-003815,2024-05-06,CUST-00951,cust-00951@lumenmail.com,Décor,1,277.77,0.1,Email,US,
ORD-000374,29/02/2024,CUST-01792,cust-01792@lumenmail.com,Furniture,1,196.15,0.0,Email,UK,
ORD-001410,2024-04-12,CUST-00058,cust-00058@lumenmail.com,Décor,1,84.7,0.0,Email,US,variant
ORD-004833,2023-07-31,CUST-02516,cust-02516@lumenmail.com,lighting,1,628.52,0.05,Email,ZZ,
ORD-004922,2024-08-27,CUST-02176,cust-02176@lumenmail.com,Furniture,2,40.51,0.0,Email,US,variant
ORD-000708,27/12/2023,,guest@lumenmail.com,Décor,1,37.89,0.1,Email,US,
ORD-002277,23/08/2024,CUST-01849,cust-01849@lumenmail.com,Furniture,4,22.69,0.15,Social,CA,variant
ORD-003765,2024-04-15,CUST-01761,cust-01761@lumenmail.com,Décor,2,38.57,0.0,Email,CA,control
ORD-002222,2023-07-03,CUST-01049,cust-01049@lumenmail.com,Accessories,2,60.04,0.15,Paid Search,US,
ORD-007139,2023-06-06,CUST-01387,cust-01387@lumenmail.com,Décor,2,24.99,0.0,Paid Search,UK,
ORD-005359,14/11/2023,CUST-00380,cust-00380@lumenmail.com,Lighting,-1,8.22,0.0,Paid Search,US,control
ORD-007533,2024-03-26,CUST-01533,cust-01533@lumenmail.com,Outdoor,3,611.72,10.0,Paid Search,US,variant
ORD-006491,2024-02-19,CUST-00293,cust-00293@lumenmail.com,Lighting,2,66.84,0.05,Paid Search,US,variant
ORD-002996,2024-05-07,CUST-01568,cust-01568@lumenmail.com,Lighting,3,333.45,0.0,Email,US,
ORD-009593,2024-03-02,CUST-02860,cust-02860@lumenmail.com,lighting,2,118.87,0.15,Social,US,variant
ORD-008001,2024-04-21,CUST-02624,cust-02624@lumenmail.com,Lighting,6,132.24,0.0,Organic,US,control
ORD-007754,2024-06-26,CUST-01307,cust-01307@lumenmail.com,Furniture,2,188.78,0.15,Social,US,
ORD-006884,24/05/2024,CUST-00664,cust-00664@lumenmail.com,Furniture,3,66.02,0.05,Organic,US,control
ORD-009084,25/05/2024,CUST-00734,cust-00734@lumenmail.com,Furniture,1,44.04,0.05,Paid Search,US,
ORD-005620,17/11/2023,,guest@lumenmail.com,Lighting,1,223.14,0.1,Social,US,variant
ORD-002852,2023-06-12,CUST-02829,cust-02829@lumenmail.com,Furniture,2,552.84,0.05,Social,UK,
ORD-001310,2024-09-21,CUST-02814,cust-02814@lumenmail.com,Lighting,-1,86.71,0.1,Organic,UK,control
ORD-008553,2024-07-12,,guest@lumenmail.com,Lighting,1,47.06,0.05,Organic,US,control
ORD-003750,2023-09-28,CUST-02010,cust-02010@lumenmail.com,Décor,1,399.31,5.0,Email,US,
ORD-006096,2023-09-12,CUST-02448,cust-02448@lumenmail.com,Lighting,3,103.95,0.15,Organic,AU,
ORD-002703,06/07/2024,CUST-02949,cust-02949@lumenmail.com,Décor,2,509.96,0.1,Email,CA,variant
ORD-006590,2024-11-27,CUST-01916,cust-01916@lumenmail.com,Décor,1,345.03,0.0,Paid Search,UK,control
ORD-001314,14/02/2024,CUST-01383,cust-01383@lumenmail.com,Furniture,3,345.29,0.05,Paid Search,US,
ORD-006949,2023-10-16,CUST-00219,cust-00219@lumenmail.com,Furniture,1,101.13,0.1,Paid Search,US,variant
ORD-003280,13/06/2024,CUST-00026,cust-00026@lumenmail.com,Lighting,1,13.01,0.0,Email,US,control
ORD-000158,2023-06-25,CUST-00801,cust-00801@lumenmail.com,Lighting,2,25.92,0.05,Paid Search,US,control
ORD-001582,17/08/2024,CUST-02801,cust-02801@lumenmail.com,Furniture,1,0.0,0.0,Social,UK,
ORD-006612,2023-10-20,CUST-02847,cust-02847@lumenmail.com,Lighting,1,188.52,0.05,Organic,US,control
ORD-009481,2024-04-07,CUST-02230,cust-02230@lumenmail.com,Lighting,5,72.13,0.0,Paid Search,US,
ORD-007201,2024-12-25,CUST-00561,cust-00561@lumenmail.com,Lighting,3,97.49,0.0,Paid Search,ZZ,variant
ORD-009172,2024-02-07,CUST-00397,cust-00397@lumenmail.com,Décor,1,99.13,0.0,Social,US,
ORD-001394,2023-11-30,CUST-01063,cust-01063@lumenmail.com,Lighting,1,75.96,5.0,Organic,CA,variant
ORD-001420,09/06/2024,CUST-00197,cust-00197@lumenmail.com,Furniture,1,451.29,0.0,Organic,CA,
ORD-006959,27/12/2023,CUST-02097,cust-02097@lumenmail.com,Furniture,1,23.72,5.0,Email,US,
ORD-008164,2023-08-17,CUST-02009,cust-02009@lumenmail.com,Décor,3,24.11,0.05,Organic,US,
ORD-000882,2024-09-26,CUST-00888,cust-00888@lumenmail.com,Décor,3,114.71,0.0,Paid Search,US,variant
ORD-003110,2023-08-13,CUST-00522,cust-00522@lumenmail.com,Lighting,2,407.57,0.0,Paid Search,ZZ,variant
ORD-001835,2024-08-27,CUST-01838,cust-01838@lumenmail.com,Furniture,1,79.92,0.1,Organic,UK,
ORD-008071,2023-10-09,CUST-01484,cust-01484@lumenmail.com,Furniture,4,29.79,0.0,Organic,US,
ORD-002627,2023-08-28,CUST-02296,cust-02296@lumenmail.com,Furniture,3,69.22,0.05,Paid Search,UK,
ORD-000200,20/08/2023,CUST-01401,cust-01401@lumenmail.com,Furniture,1,11.79,0.1,Paid Search,US,
ORD-005467,2024-11-28,CUST-00085,cust-00085@lumenmail.com,Décor,1,172.06,0.0,Email,CA,control
ORD-002960,2024-04-18,CUST-00425,cust-00425@lumenmail.com,Accessories,2,23.9,0.0,Paid Search,US,
ORD-009488,2023-07-29,CUST-01816,cust-01816@lumenmail.com,Décor,1,70.45,0.1,Paid Search,US,variant
ORD-009583,2023-07-19,CUST-02385,cust-02385@lumenmail.com,Lighting,2,47.28,0.05,Paid Search,US,control
ORD-007034,2024-10-22,CUST-02903,cust-02903@lumenmail.com,Furniture,1,161.27,0.15,Paid Search,US,control
ORD-009010,2024-10-10,CUST-02510,cust-02510@lumenmail.com,Furniture,3,595.8,0.05,Organic,US,variant
ORD-008566,2024-03-31,CUST-01092,cust-01092@lumenmail.com,Furniture,1,184.48,10.0,Paid Search,US,variant
ORD-002413,22/01/2024,,guest@lumenmail.com,Décor,1,343.74,0.0,Email,CA,
ORD-003744,2024-03-17,CUST-02806,cust-02806@lumenmail.com,Décor,1,179.93,0.0,Organic,US,
ORD-004383,2023-07-27,CUST-01055,cust-01055@lumenmail.com,Furniture,2,651.94,0.2,Paid Search,US,control
ORD-008659,2024-11-20,CUST-02736,cust-02736@lumenmail.com,Lighting,1,31.95,0.15,Social,US,
ORD-004675,2023-11-15,CUST-01029,cust-01029@lumenmail.com,Furniture,4,36.7,0.0,Organic,US,
ORD-004814,2024-07-07,CUST-02208,cust-02208@lumenmail.com,Lighting,3,23.67,15.0,Paid Search,US,
ORD-008169,13/08/2024,CUST-01695,cust-01695@lumenmail.com,Lighting,1,177.67,0.0,Email,US,variant
ORD-007894,2024-02-10,CUST-02272,cust-02272@lumenmail.com,Furniture,1,149.47,0.0,Social,UK,
ORD-007047,2024-01-30,CUST-02499,cust-02499@lumenmail.com,Furniture,2,44.81,0.0,Paid Search,US,control
ORD-007824,2024-08-26,CUST-02103,cust-02103@lumenmail.com,Furniture,1,90.58,0.0,Paid Search,US,control
ORD-005020,2024-12-18,CUST-00772,cust-00772@lumenmail.com,Décor,2,102.91,0.05,Organic,UK,variant
ORD-009366,2024-03-16,CUST-02201,cust-02201@lumenmail.com,Décor,1,19.36,0.05,Email,US,
ORD-000242,2024-05-21,CUST-02387,cust-02387@lumenmail.com,Lighting,4,90.78,0.0,Email,CA,
ORD-008606,14/08/2024,CUST-00360,cust-00360@lumenmail.com,Décor,3,369.42,0.05,Paid Search,US,control
ORD-000689,2024-04-16,CUST-02159,cust-02159@lumenmail.com,Lighting,1,47.85,5.0,Social,US,
ORD-007906,2024-02-20,CUST-01250,cust-01250@lumenmail.com,Lighting,3,39.31,0.2,,UK,variant
ORD-005904,2024-08-05,CUST-01986,cust-01986@lumenmail.com,Lighting,2,62.4,0.1,Paid Search,AU,variant
ORD-001978,2024-06-06,CUST-00501,cust-00501@lumenmail.com,Décor,2,77.56,0.0,Paid Search,US,control
ORD-005091,2023-07-07,CUST-00796,cust-00796@lumenmail.com,Accessories,3,41.27,0.05,Email,UK,
ORD-004470,30/10/2024,CUST-02767,cust-02767@lumenmail.com,Lighting,1,78.34,0.0,Email,US,
ORD-000620,2024-04-17,CUST-01207,cust-01207@lumenmail.com,Furniture,4,39.53,0.0,Organic,UK,
ORD-001750,2024-01-30,CUST-00109,cust-00109@lumenmail.com,Outdoor,1,19.87,0.05,Email,US,variant
ORD-006010,2023-12-05,CUST-01164,cust-01164@lumenmail.com,Lighting,2,216.2,0.0,Paid Search,CA,variant
ORD-003753,2024-09-12,CUST-00231,cust-00231@lumenmail.com,Décor,1,168.69,0.05,Paid Search,US,control
ORD-007064,2024-07-23,CUST-00333,cust-00333@lumenmail.com,Décor,1,436.22,0.0,Paid Search,AU,
ORD-008736,2024-11-16,CUST-02813,cust-02813@lumenmail.com,Outdoor,1,13.71,0.0,Email,US,variant
ORD-009391,2024-10-06,,guest@lumenmail.com,Décor,1,51.55,0.1,Organic,US,control
ORD-007949,2023-08-14,CUST-02033,cust-02033@lumenmail.com,Décor,1,0.0,0.0,Social,US,
ORD-004450,2023-10-22,CUST-02822,cust-02822@lumenmail.com,Décor,2,30.29,0.0,,UK,
ORD-001384,2023-08-02,CUST-01320,cust-01320@lumenmail.com,Décor,-1,507.22,0.05,Email,CA,
ORD-003120,2024-03-07,CUST-00961,cust-00961@lumenmail.com,Décor,2,81.45,0.2,Paid Search,CA,
ORD-001385,05/08/2024,CUST-02415,cust-02415@lumenmail.com,Outdoor,3,136.0,0.0,Paid Search,CA,control
ORD-003827,2023-08-05,,guest@lumenmail.com,Outdoor,4,150.02,0.05,Paid Search,US,
ORD-003200,2024-08-18,CUST-00890,cust-00890@lumenmail.com,Furniture,1,71.62,0.0,Email,CA,
ORD-000219,2023-08-11,CUST-02807,cust-02807@lumenmail.com,Décor,3,41.38,0.15,Email,US,
ORD-008895,2024-10-11,CUST-00525,cust-00525@lumenmail.com,Lighting,2,70.07,0.1,Email,US,control
ORD-002884,2023-11-25,CUST-00606,cust-00606@lumenmail.com,Décor,1,269.24,0.0,Paid Search,US,variant
ORD-002306,2024-07-23,CUST-00231,cust-00231@lumenmail.com,Lighting,2,61.26,15.0,Paid Search,US,variant
ORD-002155,2024-03-12,CUST-00028,cust-00028@lumenmail.com,Lighting,1,439.4,0.0,Email,US,
ORD-003759,2023-10-09,CUST-02448,cust-02448@lumenmail.com,Décor,1,78.67,0.0,Paid Search,US,
ORD-002175,2023-10-04,CUST-01728,cust-01728@lumenmail.com,Furniture,3,45.6,0.15,Email,US,variant
ORD-007668,2024-05-25,CUST-01383,cust-01383@lumenmail.com,Lighting,1,251.11,0.0,Paid Search,US,variant
ORD-005163,2024-12-20,CUST-00019,cust-00019@lumenmail.com,Décor,1,25.22,0.15,Organic,US,variant
ORD-007975,2024-05-04,CUST-00213,cust-00213@lumenmail.com,Décor,1,187.52,0.0,Organic,UK,variant
ORD-005923,2024-02-18,CUST-02619,cust-02619@lumenmail.com,Lighting,1,42.46,0.0,Social,US,control
ORD-000772,2024-05-02,CUST-00647,cust-00647@lumenmail.com,Accessories,2,46.67,0.0,Email,CA,
ORD-005421,2023-12-13,CUST-02668,cust-02668@lumenmail.com,Décor,3,41.8,0.05,Email,US,control
ORD-000079,2024-05-12,CUST-02125,cust-02125@lumenmail.com,Lighting,2,187.48,0.0,Paid Search,UK,variant
ORD-008061,2024-08-10,CUST-01708,cust-01708@lumenmail.com,Décor,2,386.59,0.0,Paid Search,AU,variant
ORD-006710,2023-09-06,CUST-02242,cust-02242@lumenmail.com,Furniture,1,201.85,0.1,Organic,US,
ORD-004155,2024-02-14,CUST-01722,cust-01722@lumenmail.com,Lighting,3,784.55,0.15,Email,US,
ORD-008988,2024-05-16,CUST-01671,cust-01671@lumenmail.com,Furniture,1,38.44,0.0,Organic,CA,variant
ORD-000269,2024-10-18,CUST-01663,cust-01663@lumenmail.com,Accessories,3,235.31,0.0,Organic,US,
ORD-008359,2024-03-25,CUST-02606,cust-02606@lumenmail.com,Accessories,1,51.02,0.2,Social,US,
ORD-003067,2024-05-13,CUST-01218,cust-01218@lumenmail.com,Décor,3,40.14,0.1,Email,CA,
ORD-007209,2024-07-16,CUST-00646,cust-00646@lumenmail.com,Accessories,1,221.61,0.0,Paid Search,UK,variant
ORD-006025,2024-05-25,CUST-02799,cust-02799@lumenmail.com,Furniture,3,39.06,0.2,Organic,US,
ORD-005574,,CUST-02637,cust-02637@lumenmail.com,Outdoor,1,40.98,0.0,Organic,AU,control
ORD-004614,2023-09-14,CUST-02457,cust-02457@lumenmail.com,Outdoor,1,46.83,0.15,Paid Search,US,variant
ORD-001160,2023-06-28,CUST-02222,cust-02222@lumenmail.com,Furniture,1,37.39,0.2,Email,US,
ORD-005230,2024-08-16,CUST-01773,cust-01773@lumenmail.com,Outdoor,1,237.92,0.0,Paid Search,US,variant
ORD-002642,2023-10-11,CUST-00573,cust-00573@lumenmail.com,Décor,1,245.67,0.2,Organic,CA,
ORD-006842,2023-11-13,CUST-00914,cust-00914@lumenmail.com,Décor,4,372.62,0.0,Email,US,
ORD-005310,2023-10-09,CUST-02148,cust-02148@lumenmail.com,Lighting,1,216.55,0.05,Paid Search,CA,variant
ORD-007569,2024-09-08,CUST-00923,cust-00923@lumenmail.com,Décor,2,24.69,0.05,Email,US,
ORD-003303,2023-07-01,CUST-01119,cust-01119@lumenmail.com,Décor,1,29.45,0.05,Organic,US,
ORD-009504,2023-06-07,CUST-02487,cust-02487@lumenmail.com,Outdoor,2,25.1,0.05,Paid Search,CA,control
ORD-007671,19/02/2024,CUST-02985,cust-02985@lumenmail.com,Furniture,1,296.38,0.1,Paid Search,US,
ORD-007271,2023-06-30,CUST-01664,cust-01664@lumenmail.com,Furniture,1,23.66,0.0,Paid Search,US,variant
ORD-009480,05/06/2024,CUST-01383,cust-01383@lumenmail.com,Furniture,2,78.89,0.15,Email,US,control
ORD-000397,2024-09-14,CUST-02036,cust-02036@lumenmail.com,Lighting,1,49.98,0.05,Paid Search,US,variant
ORD-005276,06/10/2023,CUST-01196,cust-01196@lumenmail.com,Lighting,1,145.4,0.15,Organic,AU,control
ORD-006118,04/03/2024,CUST-01890,cust-01890@lumenmail.com,Décor,1,247.23,0.25,Paid Search,US,
ORD-004292,2024-07-02,CUST-02874,cust-02874@lumenmail.com,Lighting,4,28.31,0.0,Email,US,control
ORD-005040,2023-10-19,CUST-01631,cust-01631@lumenmail.com,Outdoor,4,91.74,0.0,Email,US,variant
ORD-002415,2024-10-21,CUST-00500,cust-00500@lumenmail.com,Lighting,2,20.14,0.15,Email,US,variant
ORD-005732,2023-06-16,CUST-02278,cust-02278@lumenmail.com,Furniture,2,42.41,0.1,Paid Search,US,control
ORD-001839,2023-08-11,CUST-00257,cust-00257@lumenmail.com,Furniture,1,9.11,0.1,Email,CA,variant
ORD-004661,2024-01-05,CUST-00013,cust-00013@lumenmail.com,Décor,3,31.12,0.0,Email,US,variant
ORD-007851,2023-07-25,,guest@lumenmail.com,Lighting,1,185.04,0.0,Email,CA,variant
ORD-001885,2024-03-18,CUST-01435,cust-01435@lumenmail.com,Furniture,4,20.07,0.0,Paid Search,US,control
ORD-008281,2024-11-26,CUST-02685,cust-02685@lumenmail.com,Décor,1,53.06,10.0,Paid Search,AU,control
ORD-000547,2024-05-19,CUST-00098,cust-00098@lumenmail.com,Lighting,4,97.13,0.15,,US,
ORD-000481,2024-12-02,CUST-01523,cust-01523@lumenmail.com,Lighting,1,261.46,0.05,Email,US,variant
ORD-006564,2024-08-10,CUST-01615,cust-01615@lumenmail.com,Lighting,1,155.41,0.0,Email,ZZ,variant
ORD-007042,2024-11-19,CUST-01932,cust-01932@lumenmail.com,Furniture,1,204.52,25.0,Organic,CA,variant
ORD-002117,2023-09-17,CUST-01938,cust-01938@lumenmail.com,Accessories,6,88.47,0.1,Paid Search,US,
ORD-004834,2024-05-22,,guest@lumenmail.com,Furniture,2,196.66,0.1,Paid Search,US,control
ORD-001453,2023-12-21,CUST-00134,cust-00134@lumenmail.com,Décor,1,364.97,0.05,Social,ZZ,
ORD-008541,2023-07-15,CUST-00490,cust-00490@lumenmail.com,Décor,1,66.79,0.05,Paid Search,US,variant
ORD-002571,2024-09-16,CUST-00649,cust-00649@lumenmail.com,Accessories,3,167.9,0.0,Paid Search,US,control
ORD-008065,2024-05-28,CUST-01957,cust-01957@lumenmail.com,Décor,1,371.36,0.0,Email,US,
ORD-008850,2023-10-07,,guest@lumenmail.com,Lighting,1,294.76,0.0,Paid Search,US,variant
ORD-008859,2023-06-04,,guest@lumenmail.com,Furniture,1,11.12,0.2,Paid Search,US,
ORD-000380,2023-08-29,CUST-01960,cust-01960@lumenmail.com,Outdoor,1,135.42,0.05,Social,CA,
ORD-004378,2023-09-13,CUST-00047,cust-00047@lumenmail.com,Furniture,-2,131.03,0.0,Email,UK,control
ORD-001950,2023-11-27,CUST-01918,cust-01918@lumenmail.com,Furniture,1,118.73,0.25,Paid Search,CA,control
ORD-006498,2024-05-18,CUST-01337,cust-01337@lumenmail.com,Lighting,1,294.83,0.05,Organic,CA,control
ORD-003323,24/11/2023,CUST-02610,cust-02610@lumenmail.com,Lighting,2,41.99,10.0,Paid Search,US,variant
ORD-005495,17/01/2024,CUST-00511,cust-00511@lumenmail.com,Décor,5,173.83,0.1,Social,US,
ORD-003448,2023-11-04,CUST-01212,cust-01212@lumenmail.com,Lighting,3,45.83,0.05,Paid Search,US,control
ORD-006000,2023-07-03,CUST-01395,cust-01395@lumenmail.com,Lighting,3,18.82,0.1,Paid Search,US,variant
ORD-005267,26/06/2023,CUST-00739,cust-00739@lumenmail.com,Décor,2,371.8,0.1,Paid Search,US,variant
ORD-004357,2024-08-26,CUST-00969,cust-00969@lumenmail.com,Décor,2,25.73,0.0,Paid Search,US,variant
ORD-007125,2024-07-14,CUST-02943,cust-02943@lumenmail.com,Furniture,1,385.0,0.1,Social,US,
ORD-006058,01/12/2023,CUST-01305,cust-01305@lumenmail.com,Furniture,7,40.35,0.0,Organic,US,
ORD-007707,2023-06-15,CUST-02997,cust-02997@lumenmail.com,Lighting,1,180.22,0.05,Organic,CA,
ORD-007237,2024-07-31,CUST-01187,cust-01187@lumenmail.com,Furniture,2,115.2,0.1,Paid Search,US,variant
ORD-003142,2024-06-05,CUST-01884,cust-01884@lumenmail.com,Lighting,3,630.38,0.0,Social,US,
ORD-000725,14/12/2023,CUST-02550,cust-02550@lumenmail.com,Lighting,2,46.42,0.1,Organic,AU,variant
ORD-002224,2024-07-13,CUST-02885,cust-02885@lumenmail.com,Furniture,1,35.79,0.0,Organic,US,
ORD-003989,20/01/2024,CUST-02449,cust-02449@lumenmail.com,Lighting,1,54.76,0.05,Social,US,
ORD-000967,12/09/2023,,guest@lumenmail.com,Décor,2,93.33,0.2,Social,UK,control
ORD-003822,2024-10-02,CUST-02773,cust-02773@lumenmail.com,Lighting,2,270.28,0.0,Paid Search,US,variant
ORD-009264,2024-01-21,CUST-01145,cust-01145@lumenmail.com,Outdoor,1,172.1,0.2,Paid Search,AU,
ORD-001325,2023-12-14,CUST-02147,cust-02147@lumenmail.com,Furniture,1,53.89,0.0,Paid Search,US,control
ORD-005727,20/08/2023,CUST-02353,cust-02353@lumenmail.com,Décor,2,163.67,0.1,Email,US,
ORD-004597,2024-02-18,CUST-00358,cust-00358@lumenmail.com,Furniture,1,22.13,0.1,Email,US,
ORD-005577,2024-05-01,CUST-02454,cust-02454@lumenmail.com,Lighting,2,177.55,0.05,,UK,control
ORD-001688,2024-05-23,CUST-02933,cust-02933@lumenmail.com,Lighting,2,122.4,0.0,Paid Search,US,
ORD-005517,2023-11-20,CUST-00548,cust-00548@lumenmail.com,Décor,2,501.89,0.05,Organic,US,control
ORD-000861,2023-07-28,CUST-00700,cust-00700@lumenmail.com,Lighting,2,149.77,20.0,Paid Search,US,control
ORD-007080,2024-02-26,,guest@lumenmail.com,Accessories,1,78.26,0.0,Email,US,
ORD-004857,2023-08-22,CUST-01761,cust-01761@lumenmail.com,Furniture,3,115.19,0.05,Organic,ZZ,
ORD-008536,2023-11-27,CUST-02162,cust-02162@lumenmail.com,Lighting,-1,260.78,0.0,Paid Search,US,control
ORD-007070,2023-11-21,,guest@lumenmail.com,Lighting,1,456.14,0.0,Email,CA,control
ORD-009433,2023-06-20,CUST-00352,cust-00352@lumenmail.com,Lighting,2,335.73,0.0,Email,AU,
ORD-003126,2024-07-06,CUST-01169,cust-01169@lumenmail.com,Lighting,1,81.74,0.0,Email,US,variant
ORD-007844,2023-09-30,CUST-00504,cust-00504@lumenmail.com,Lighting,2,492.03,0.0,Email,US,variant
ORD-000290,2023-10-22,CUST-00565,cust-00565@lumenmail.com,Décor,1,64.59,10.0,Organic,US,variant
ORD-000424,2023-09-21,CUST-02381,cust-02381@lumenmail.com,Outdoor,1,20.66,0.0,Paid Search,US,variant
ORD-004907,2023-08-25,,guest@lumenmail.com,Furniture,3,0.0,0.1,Paid Search,US,variant
ORD-002488,2023-11-02,,guest@lumenmail.com,Décor,2,52.04,0.1,Organic,US,control
ORD-000571,2023-09-13,CUST-00944,cust-00944@lumenmail.com,Outdoor,4,403.87,0.0,Email,CA,
ORD-006958,2024-01-15,CUST-02912,cust-02912@lumenmail.com,Accessories,1,658.49,5.0,Organic,US,
ORD-007505,2024-10-02,CUST-00647,cust-00647@lumenmail.com,Furniture,1,11.99,0.0,Paid Search,US,variant
ORD-005559,2023-07-24,CUST-01604,cust-01604@lumenmail.com,Accessories,2,21.28,0.05,Paid Search,US,
ORD-004058,18/11/2023,CUST-01588,cust-01588@lumenmail.com,Furniture,1,150.88,0.0,Paid Search,US,control
ORD-006584,2023-12-23,CUST-02122,cust-02122@lumenmail.com,Lighting,1,19.59,0.0,Paid Search,UK,variant
ORD-003223,11/09/2023,CUST-00826,cust-00826@lumenmail.com,lighting,1,0.0,0.0,Email,CA,variant
ORD-007727,2024-09-14,CUST-00823,cust-00823@lumenmail.com,Outdoor,4,49.04,5.0,Paid Search,US,control
ORD-003652,13/07/2024,CUST-00496,cust-00496@lumenmail.com,Outdoor,1,249.15,0.1,Social,US,
ORD-009173,09/11/2024,CUST-00321,cust-00321@lumenmail.com,Outdoor,1,60.8,0.1,Email,US,control
ORD-001751,2024-03-21,CUST-02506,cust-02506@lumenmail.com,Outdoor,1,13.21,0.05,Email,US,
ORD-000416,2023-10-05,CUST-02293,cust-02293@lumenmail.com,Décor,2,80.71,10.0,Organic,US,control
ORD-001921,2024-05-04,CUST-02282,cust-02282@lumenmail.com,Décor,1,10.62,0.0,Social,US,
ORD-005646,2024-06-11,CUST-00679,cust-00679@lumenmail.com,Accessories,2,22.09,0.2,Paid Search,US,variant
ORD-008640,2023-08-30,CUST-01778,cust-01778@lumenmail.com,Furniture,1,198.18,0.1,Email,US,
ORD-008996,2023-12-10,CUST-01235,cust-01235@lumenmail.com,Lighting,2,302.65,0.0,Email,CA,
ORD-007308,2023-12-10,CUST-02487,cust-02487@lumenmail.com,Accessories,1,269.35,0.0,Email,US,control
ORD-007862,2024-05-25,CUST-00197,cust-00197@lumenmail.com,Décor,1,58.33,0.0,Email,US,
ORD-001148,2023-12-08,CUST-00749,cust-00749@lumenmail.com,Lighting,1,24.82,0.1,Social,US,variant
ORD-003071,14/03/2024,CUST-00211,cust-00211@lumenmail.com,Furniture,2,78.22,0.0,,US,variant
ORD-003899,2024-05-07,CUST-01432,cust-01432@lumenmail.com,Décor,5,199.79,0.15,Paid Search,AU,
ORD-000204,2023-07-31,CUST-01587,cust-01587@lumenmail.com,Outdoor,1,98.22,0.2,Social,US,control
ORD-000773,2023-10-11,CUST-01228,cust-01228@lumenmail.com,Lightng,4,41.99,5.0,,CA,variant
ORD-009458,2023-10-05,CUST-02122,cust-02122@lumenmail.com,Décor,1,34.4,0.0,Paid Search,CA,
ORD-007143,2024-09-08,CUST-00909,cust-00909@lumenmail.com,Lighting,-1,238.65,0.1,Organic,US,
ORD-000321,,CUST-01187,cust-01187@lumenmail.com,Lighting,2,195.73,0.15,Social,ZZ,control
ORD-004288,2023-11-26,CUST-00875,cust-00875@lumenmail.com,Décor,7,334.6,0.0,Paid Search,US,control
ORD-005451,2023-12-16,CUST-00403,cust-00403@lumenmail.com,Furniture,3,328.93,0.15,Paid Search,UK,control
ORD-004604,2023-08-30,CUST-01681,cust-01681@lumenmail.com,Décor,-1,379.14,0.0,Paid Search,US,
ORD-006916,2024-12-24,CUST-02362,cust-02362@lumenmail.com,Lighting,-1,102.22,0.0,Organic,US,control
ORD-006596,2024-07-09,CUST-02586,cust-02586@lumenmail.com,Décor,4,356.25,0.0,Paid Search,US,
ORD-000918,04/04/2024,CUST-00951,cust-00951@lumenmail.com,Furniture,6,10.8,0.0,Paid Search,US,
ORD-003582,2024-05-24,CUST-02340,cust-02340@lumenmail.com,Furniture,3,30.15,0.15,Email,US,variant
ORD-007716,2024-10-04,CUST-02242,cust-02242@lumenmail.com,Décor,1,126.33,0.0,Paid Search,US,variant
ORD-007178,28/09/2023,CUST-00831,cust-00831@lumenmail.com,Furniture,2,114.91,0.0,Paid Search,US,variant
ORD-007328,2024-11-23,CUST-02662,cust-02662@lumenmail.com,Furniture,1,23.96,0.05,Paid Search,CA,variant
ORD-005197,2024-06-24,,guest@lumenmail.com,Décor,2,25.23,0.1,Social,US,control
ORD-000704,2023-06-08,CUST-00848,cust-00848@lumenmail.com,Décor,3,84.18,0.05,Paid Search,US,variant
ORD-000447,2024-09-11,CUST-01039,cust-01039@lumenmail.com,Furniture,1,563.43,0.05,Email,US,
ORD-001468,2024-03-17,CUST-02445,cust-02445@lumenmail.com,Décor,1,195.53,10.0,Email,UK,
ORD-007041,2024-03-25,CUST-02616,cust-02616@lumenmail.com,Furniture,2,197.31,0.0,Paid Search,US,variant
ORD-008565,2024-09-24,CUST-00248,cust-00248@lumenmail.com,Décor,3,83.4,0.0,Paid Search,US,control
ORD-003128,2023-08-11,CUST-00708,cust-00708@lumenmail.com,Décor,1,53.28,0.2,Paid Search,US,variant
ORD-001600,2024-05-14,CUST-02875,cust-02875@lumenmail.com,Lighting,3,56.59,0.0,Email,UK,control
ORD-008207,05/02/2024,CUST-00367,cust-00367@lumenmail.com,Décor,1,17.12,0.15,Organic,US,
ORD-000628,2024-10-26,CUST-01000,cust-01000@lumenmail.com,Accessories,3,49.85,0.05,Organic,US,control
ORD-000890,28/04/2024,CUST-00238,cust-00238@lumenmail.com,Lighting,1,87.14,0.15,Paid Search,US,
ORD-006715,2023-06-25,CUST-00736,cust-00736@lumenmail.com,Décor,3,192.23,0.0,Email,US,control
ORD-007934,2023-10-15,CUST-00391,cust-00391@lumenmail.com,Lighting,1,194.59,0.0,Organic,US,control
ORD-009165,2024-08-31,CUST-00185,cust-00185@lumenmail.com,Furniture,2,57.72,0.15,Organic,US,variant
ORD-008672,2024-03-14,CUST-00281,cust-00281@lumenmail.com,lighting,1,69.3,0.0,Organic,US,control
ORD-002152,2024-05-23,CUST-02635,cust-02635@lumenmail.com,Furniture,1,75.48,0.0,Paid Search,US,variant
ORD-002352,2024-02-21,CUST-00947,cust-00947@lumenmail.com,Lighting,1,231.23,0.2,Email,US,
ORD-005995,2024-03-27,CUST-01967,cust-01967@lumenmail.com,Outdoor,2,284.57,0.2,Email,US,
ORD-009076,2024-05-24,CUST-01609,cust-01609@lumenmail.com,Outdoor,1,128.54,0.0,Paid Search,US,control
ORD-007678,09/06/2023,CUST-00058,cust-00058@lumenmail.com,Furniture,1,30.73,0.1,Paid Search,US,control
ORD-006904,2023-11-02,,guest@lumenmail.com,Lighting,2,47.82,0.1,Organic,AU,control
ORD-001307,2024-08-27,CUST-00614,cust-00614@lumenmail.com,Accessories,1,98.21,0.0,Social,US,variant
ORD-005774,2024-04-24,CUST-02062,cust-02062@lumenmail.com,Furniture,1,76.91,0.0,Social,ZZ,control
ORD-002408,2023-11-06,CUST-01904,cust-01904@lumenmail.com,Lighting,4,129.37,0.0,Paid Search,UK,variant
ORD-008812,2023-07-23,CUST-00127,cust-00127@lumenmail.com,Lighting,3,160.62,0.15,Paid Search,CA,
ORD-006792,2024-02-18,CUST-01472,cust-01472@lumenmail.com,Lighting,2,151.91,0.2,Paid Search,US,control
ORD-003404,2023-06-07,CUST-01746,cust-01746@lumenmail.com,Furniture,2,614.9,0.0,Organic,US,
ORD-005205,2023-12-10,CUST-02064,cust-02064@lumenmail.com,Accessories,4,36.71,0.0,Organic,US,variant
ORD-002021,2024-12-13,CUST-02495,cust-02495@lumenmail.com,Lighting,2,60.23,0.0,Paid Search,US,
ORD-005985,2024-04-16,CUST-00051,cust-00051@lumenmail.com,Outdoor,1,24.3,0.05,Email,US,
ORD-008705,2024-09-19,CUST-00156,cust-00156@lumenmail.com,Lighting,1,96.34,0.2,Email,US,
ORD-008516,2024-04-03,CUST-01678,cust-01678@lumenmail.com,Furniture,3,437.15,0.0,Paid Search,US,control
ORD-001396,2023-12-14,CUST-00452,cust-00452@lumenmail.com,Lighting,1,33.79,0.0,Organic,US,
ORD-000108,2024-01-10,CUST-00636,cust-00636@lumenmail.com,Furniture,2,503.24,0.0,Email,US,variant
ORD-007983,2023-11-23,CUST-00761,cust-00761@lumenmail.com,Lighting,1,32.3,0.2,Email,AU,variant
ORD-001804,2023-07-29,,guest@lumenmail.com,Lighting,1,45.59,0.25,Email,US,variant
ORD-008385,2024-04-16,CUST-01437,cust-01437@lumenmail.com,Décor,2,187.74,0.05,Email,US,
ORD-000603,2023-09-03,CUST-00501,cust-00501@lumenmail.com,Lighting,1,41.47,0.05,Social,CA,
ORD-006798,2024-07-12,CUST-00722,cust-00722@lumenmail.com,Furniture,2,395.06,0.1,Paid Search,CA,control
ORD-008222,2024-07-10,CUST-02260,cust-02260@lumenmail.com,Furniture,1,298.99,0.0,Email,US,
ORD-004312,2024-06-23,CUST-00697,cust-00697@lumenmail.com,Furniture,2,39.69,0.0,Organic,US,
ORD-001082,2023-11-20,CUST-02683,cust-02683@lumenmail.com,Lighting,2,156.18,0.1,,US,control
ORD-001542,2023-07-19,CUST-01552,cust-01552@lumenmail.com,Lighting,1,16.83,0.05,Social,US,control
ORD-007813,2024-01-27,CUST-00912,cust-00912@lumenmail.com,Décor,2,63.82,0.0,Paid Search,US,variant
ORD-005717,2023-11-27,CUST-02093,cust-02093@lumenmail.com,Lighting,1,181.34,0.0,Email,US,control
ORD-008204,2024-07-29,CUST-02515,cust-02515@lumenmail.com,Lighting,4,34.31,0.0,Email,ZZ,variant
ORD-007972,,CUST-02744,cust-02744@lumenmail.com,Lighting,5,407.34,0.1,Email,US,variant
ORD-003135,2024-07-24,CUST-01713,cust-01713@lumenmail.com,Décor,1,77.59,0.15,Paid Search,CA,control
ORD-006204,2023-10-13,,guest@lumenmail.com,Lighting,5,53.34,0.0,Email,US,control
ORD-001940,2023-06-10,CUST-02563,cust-02563@lumenmail.com,Outdoor,1,650.78,0.0,Paid Search,CA,control
ORD-000616,2024-09-17,CUST-02962,cust-02962@lumenmail.com,Lightng,1,63.64,0.0,Email,US,
ORD-001110,2024-02-10,CUST-00684,cust-00684@lumenmail.com,Outdoor,2,18.82,0.05,,US,
ORD-003697,28/12/2024,CUST-01480,cust-01480@lumenmail.com,Furniture,2,46.92,0.0,Paid Search,CA,
ORD-002630,2024-04-26,CUST-02129,cust-02129@lumenmail.com,Décor,1,5.01,0.0,Paid Search,US,variant
ORD-007443,2023-10-31,CUST-00023,cust-00023@lumenmail.com,Furniture,3,78.18,0.15,Social,US,
ORD-000824,2024-07-14,CUST-02142,cust-02142@lumenmail.com,Lighting,1,93.5,0.15,Email,US,control
ORD-009336,2024-08-25,CUST-02824,cust-02824@lumenmail.com,Furniture,-1,174.97,0.1,Email,US,variant
ORD-007803,2024-03-02,CUST-01223,cust-01223@lumenmail.com,Lighting,3,196.84,0.0,Paid Search,US,control
ORD-004364,2024-05-08,,guest@lumenmail.com,Décor,1,47.03,0.1,Paid Search,US,control
ORD-000556,20/10/2023,CUST-02414,cust-02414@lumenmail.com,Accessories,2,201.67,0.0,Email,UK,
ORD-002699,2024-02-28,CUST-00950,cust-00950@lumenmail.com,Décor,2,10.06,0.25,Organic,US,
ORD-009344,2024-08-13,CUST-01263,cust-01263@lumenmail.com,Accessories,2,68.73,0.0,Paid Search,US,variant
ORD-006486,2024-12-30,,guest@lumenmail.com,Lighting,1,82.12,0.0,Paid Search,US,
ORD-005241,2024-02-05,CUST-00533,cust-00533@lumenmail.com,Outdoor,4,86.57,0.1,Paid Search,US,control
ORD-000549,02/07/2023,CUST-01778,cust-01778@lumenmail.com,Accessories,2,193.93,0.0,Organic,US,
ORD-007280,2024-05-28,CUST-01916,cust-01916@lumenmail.com,Lightng,4,110.51,0.0,Social,US,control
ORD-000473,2023-07-25,CUST-00941,cust-00941@lumenmail.com,Décor,1,46.11,0.1,Email,US,
ORD-009284,2023-10-20,CUST-01802,cust-01802@lumenmail.com,Lighting,1,69.88,0.05,Email,US,control
ORD-007691,2024-06-25,CUST-01891,cust-01891@lumenmail.com,Outdoor,2,42.47,0.05,Paid Search,US,
ORD-007336,2024-07-07,CUST-00757,cust-00757@lumenmail.com,Décor,2,180.92,0.0,Paid Search,US,
ORD-003894,2024-08-07,CUST-00698,cust-00698@lumenmail.com,Furniture,2,98.17,0.0,Organic,UK,control
ORD-001132,2024-11-28,CUST-02504,cust-02504@lumenmail.com,Accessories,2,433.87,0.0,Paid Search,US,
ORD-000022,2023-09-27,,guest@lumenmail.com,Lighting,1,25.97,0.0,Email,US,control
ORD-008916,2024-11-15,CUST-01563,cust-01563@lumenmail.com,Lighting,2,17.85,0.05,Paid Search,UK,variant
ORD-005126,2024-11-23,,guest@lumenmail.com,Furniture,3,87.81,0.0,Email,US,
ORD-005324,2024-05-16,CUST-01177,cust-01177@lumenmail.com,Décor,3,24.56,0.15,Social,CA,
ORD-005665,2024-09-12,,guest@lumenmail.com,Décor,1,150.98,0.05,Paid Search,US,control
ORD-008288,08/02/2024,CUST-00674,cust-00674@lumenmail.com,Décor,1,152.83,0.0,Email,US,
ORD-006021,13/01/2024,CUST-02852,cust-02852@lumenmail.com,Furniture,2,196.46,0.0,Organic,US,control
ORD-007298,2024-12-01,CUST-01145,cust-01145@lumenmail.com,Lighting,2,49.01,20.0,Organic,US,
ORD-002702,2023-11-29,CUST-02171,cust-02171@lumenmail.com,Lighting,1,177.81,0.0,Paid Search,US,
ORD-005651,2024-10-31,CUST-00878,cust-00878@lumenmail.com,Décor,1,58.25,0.05,Email,US,
ORD-008581,12/10/2023,CUST-02620,cust-02620@lumenmail.com,Furniture,-2,43.37,0.1,Organic,UK,variant
ORD-005799,2024-02-15,CUST-02991,cust-02991@lumenmail.com,Lighting,2,14.11,0.05,Paid Search,US,control
ORD-006846,2024-09-20,CUST-01828,cust-01828@lumenmail.com,Lighting,1,24.41,0.0,Paid Search,US,control
ORD-005676,2023-12-11,,guest@lumenmail.com,Décor,5,87.76,0.0,Email,US,variant
ORD-007479,2023-07-02,CUST-00410,cust-00410@lumenmail.com,Lighting,1,42.48,0.0,Paid Search,US,
ORD-001417,2023-10-12,CUST-02674,cust-02674@lumenmail.com,Lighting,1,34.23,0.0,Email,US,
ORD-002229,2024-05-14,CUST-00122,cust-00122@lumenmail.com,Lighting,4,8.76,0.2,Paid Search,CA,
ORD-007502,2024-01-10,CUST-02781,cust-02781@lumenmail.com,Décor,1,44.54,0.15,Paid Search,US,
ORD-005052,2023-10-31,CUST-00700,cust-00700@lumenmail.com,Décor,3,41.8,0.1,Email,US,
ORD-002027,06/12/2023,CUST-00642,cust-00642@lumenmail.com,Décor,4,124.0,0.05,Paid Search,CA,control
ORD-003859,2024-08-20,CUST-00462,cust-00462@lumenmail.com,Décor,1,143.34,0.0,Paid Search,UK,
ORD-001316,2023-08-20,CUST-01703,cust-01703@lumenmail.com,Outdoor,1,42.89,0.0,Email,CA,
ORD-005793,2024-10-29,CUST-00075,cust-00075@lumenmail.com,Lighting,1,34.73,0.0,Paid Search,US,
ORD-007698,,CUST-00859,cust-00859@lumenmail.com,Lighting,2,48.67,0.05,Email,US,
ORD-006068,2023-08-24,CUST-02566,cust-02566@lumenmail.com,Outdoor,-6,713.92,0.2,Social,US,control
ORD-009236,2023-09-16,CUST-00211,cust-00211@lumenmail.com,Lighting,2,108.2,0.15,,UK,variant
ORD-001838,2024-12-02,CUST-02472,cust-02472@lumenmail.com,Furniture,2,126.42,0.0,Paid Search,UK,control
ORD-005514,2023-09-09,CUST-00618,cust-00618@lumenmail.com,Furniture,1,48.94,0.0,Social,UK,
ORD-006985,2024-08-02,CUST-02416,cust-02416@lumenmail.com,Furniture,4,22.25,0.1,Organic,CA,variant
ORD-007717,2023-08-16,CUST-00133,cust-00133@lumenmail.com,Lighting,1,346.78,5.0,Email,AU,
ORD-006059,2024-02-09,CUST-00231,cust-00231@lumenmail.com,Lighting,1,20.24,0.0,Organic,US,control
ORD-006954,2023-09-28,CUST-01439,cust-01439@lumenmail.com,Lighting,3,63.25,0.15,Organic,US,
ORD-000412,22/03/2024,CUST-01237,cust-01237@lumenmail.com,Furniture,2,11.75,0.0,Email,US,
ORD-007374,2023-09-18,CUST-01065,cust-01065@lumenmail.com,Outdoor,4,184.85,0.0,Paid Search,US,
ORD-000875,2024-01-02,,guest@lumenmail.com,Décor,1,27.14,10.0,,US,
ORD-007390,2024-08-31,CUST-00314,cust-00314@lumenmail.com,Furniture,1,224.19,0.1,Email,US,
ORD-006126,13/10/2023,CUST-01341,cust-01341@lumenmail.com,Décor,1,300.02,0.05,Email,US,
ORD-001029,2024-11-07,CUST-02823,cust-02823@lumenmail.com,Furniture,1,74.15,15.0,Paid Search,US,control
ORD-008087,13/05/2024,CUST-01758,cust-01758@lumenmail.com,Décor,1,32.75,0.05,Paid Search,US,control
ORD-007073,2024-06-19,CUST-00246,cust-00246@lumenmail.com,Furniture,1,167.23,0.05,Paid Search,US,variant
ORD-006359,2024-10-24,CUST-02795,cust-02795@lumenmail.com,Furniture,3,110.18,0.15,Email,US,control
ORD-005203,2023-11-14,CUST-01236,cust-01236@lumenmail.com,Accessories,1,165.89,0.0,,CA,variant
ORD-007461,01/06/2024,CUST-02334,cust-02334@lumenmail.com,Décor,3,25.93,0.25,Email,AU,variant
ORD-004804,30/06/2023,CUST-02635,cust-02635@lumenmail.com,Lighting,2,137.51,0.05,Email,US,
ORD-003896,2024-02-16,CUST-02614,cust-02614@lumenmail.com,Lighting,-2,396.56,0.0,Organic,US,
ORD-006267,2023-12-12,CUST-02587,cust-02587@lumenmail.com,Lighting,1,770.01,0.0,Paid Search,UK,
ORD-006783,09/01/2024,CUST-02034,cust-02034@lumenmail.com,Décor,5,158.08,0.1,Paid Search,UK,
ORD-002802,2024-10-06,CUST-00357,cust-00357@lumenmail.com,Furniture,4,82.05,5.0,Paid Search,UK,
ORD-006581,2024-01-20,CUST-02265,cust-02265@lumenmail.com,Furniture,2,350.14,0.1,Paid Search,ZZ,control
ORD-007746,2024-09-26,CUST-01077,cust-01077@lumenmail.com,Décor,4,574.28,0.05,Social,US,control
ORD-001163,2023-08-13,CUST-01042,cust-01042@lumenmail.com,Décor,7,621.86,0.0,Email,US,
ORD-008732,2024-02-10,CUST-01529,cust-01529@lumenmail.com,Accessories,2,161.54,0.0,Paid Search,US,
ORD-007679,2024-01-04,CUST-00501,cust-00501@lumenmail.com,Outdoor,4,16.37,0.0,Paid Search,AU,
ORD-002208,2024-02-06,CUST-01552,cust-01552@lumenmail.com,Furniture,2,48.13,0.1,Paid Search,US,
ORD-009024,2023-12-28,CUST-01319,cust-01319@lumenmail.com,Furniture,2,155.81,0.0,Email,AU,
ORD-003225,2023-12-13,CUST-00407,cust-00407@lumenmail.com,Décor,5,56.95,0.0,Paid Search,US,variant
ORD-006956,2023-09-16,CUST-02220,cust-02220@lumenmail.com,Lighting,5,30.08,0.25,Paid Search,CA,variant
ORD-006921,2023-09-04,CUST-01611,cust-01611@lumenmail.com,Outdoor,4,28.63,15.0,Organic,CA,control
ORD-001534,2023-10-22,CUST-02306,cust-02306@lumenmail.com,Outdoor,1,162.02,0.0,,ZZ,
ORD-008171,,CUST-01676,cust-01676@lumenmail.com,Furniture,2,56.45,0.0,Organic,CA,variant
ORD-002207,2024-07-10,CUST-00545,cust-00545@lumenmail.com,Accessories,2,70.93,0.0,Paid Search,US,
ORD-005066,10/11/2024,CUST-00375,cust-00375@lumenmail.com,Outdoor,2,192.53,0.0,Email,US,variant
ORD-007360,2023-08-23,CUST-02867,cust-02867@lumenmail.com,Décor,1,181.69,0.0,Email,US,
ORD-002459,2023-09-11,CUST-00850,cust-00850@lumenmail.com,Décor,1,37.07,0.0,Organic,UK,variant
ORD-003675,30/06/2023,CUST-00753,cust-00753@lumenmail.com,Accessories,3,63.6,0.0,,US,variant
ORD-009441,2023-07-27,CUST-01468,cust-01468@lumenmail.com,Furniture,1,123.27,0.0,Email,CA,variant
ORD-004062,2023-12-20,CUST-01661,cust-01661@lumenmail.com,Décor,2,25.35,0.0,Paid Search,US,
ORD-000733,2024-11-15,CUST-01652,cust-01652@lumenmail.com,Lighting,1,171.63,0.0,Social,US,variant
ORD-001105,2024-12-18,,guest@lumenmail.com,Accessories,5,70.81,0.0,Paid Search,UK,
ORD-009115,2023-11-14,CUST-01254,cust-01254@lumenmail.com,Lighting,2,118.49,0.0,Paid Search,US,
ORD-006839,2024-12-03,CUST-00568,cust-00568@lumenmail.com,Furniture,1,41.41,0.1,Organic,US,control
ORD-000431,2024-01-19,CUST-00783,cust-00783@lumenmail.com,Lightng,1,34.98,0.05,Paid Search,CA,variant
ORD-006856,2024-01-28,CUST-02605,cust-02605@lumenmail.com,Lighting,3,85.92,20.0,Social,US,variant
ORD-002363,10/01/2024,CUST-00083,cust-00083@lumenmail.com,Lighting,2,80.12,0.15,Paid Search,CA,variant
ORD-003891,2024-08-27,CUST-00401,cust-00401@lumenmail.com,Furniture,1,336.22,0.0,Paid Search,US,variant
ORD-006165,2024-05-29,CUST-00177,cust-00177@lumenmail.com,Lighting,1,77.65,0.1,Organic,CA,control
ORD-004513,2024-09-24,CUST-01897,cust-01897@lumenmail.com,Furniture,2,69.33,0.1,Email,US,variant
ORD-002542,10/11/2024,CUST-00972,cust-00972@lumenmail.com,Décor,1,37.44,0.15,Organic,US,variant
ORD-000614,2024-11-20,CUST-00580,cust-00580@lumenmail.com,Accessories,6,97.41,0.1,Email,US,variant
ORD-001573,2024-07-31,CUST-02415,cust-02415@lumenmail.com,Décor,4,69.45,0.0,Email,ZZ,
ORD-000068,2024-02-29,CUST-01380,cust-01380@lumenmail.com,Furniture,1,118.42,0.05,Social,US,variant
ORD-007050,2023-07-31,CUST-01565,cust-01565@lumenmail.com,Lighting,6,178.43,0.05,Email,US,
ORD-004272,2024-11-21,CUST-02097,cust-02097@lumenmail.com,Outdoor,3,274.26,0.0,Email,US,
ORD-005881,2023-10-07,CUST-00797,cust-00797@lumenmail.com,Outdoor,1,179.06,10.0,Organic,US,control
ORD-006562,2024-06-08,CUST-00079,cust-00079@lumenmail.com,Furniture,3,86.65,15.0,Social,US,control
ORD-000940,2024-08-16,CUST-01471,cust-01471@lumenmail.com,Accessories,2,79.88,0.05,Organic,UK,
ORD-002825,2024-04-01,CUST-00425,cust-00425@lumenmail.com,Décor,3,5.89,5.0,Paid Search,CA,variant
ORD-004752,2023-08-07,CUST-00254,cust-00254@lumenmail.com,Accessories,3,84.2,0.0,Email,US,
ORD-005092,2023-06-03,CUST-01189,cust-01189@lumenmail.com,Lightng,1,168.78,0.0,Social,US,variant
ORD-004686,2023-06-22,CUST-00942,cust-00942@lumenmail.com,Furniture,2,194.62,0.05,Organic,US,control
ORD-000188,2024-08-03,CUST-00344,cust-00344@lumenmail.com,Décor,1,198.96,0.0,Paid Search,UK,control
ORD-008654,2024-01-09,CUST-01152,cust-01152@lumenmail.com,Décor,1,36.87,0.0,Social,US,
ORD-005233,2023-11-21,CUST-02698,cust-02698@lumenmail.com,Accessories,2,165.92,0.0,Paid Search,US,
ORD-008386,2024-03-07,CUST-02286,cust-02286@lumenmail.com,Furniture,2,38.0,0.05,Paid Search,AU,
ORD-009572,2024-04-25,CUST-02234,cust-02234@lumenmail.com,Furniture,5,65.39,0.1,Paid Search,US,variant
ORD-008783,2023-08-09,CUST-02994,cust-02994@lumenmail.com,Furniture,4,57.03,10.0,Paid Search,CA,control
ORD-004098,28/08/2023,CUST-01585,cust-01585@lumenmail.com,Décor,4,88.59,0.0,Organic,US,
ORD-005905,2024-05-16,CUST-01885,cust-01885@lumenmail.com,Décor,3,20.41,0.15,Email,US,variant
ORD-007382,2024-04-07,CUST-00438,cust-00438@lumenmail.com,Furniture,4,84.01,0.2,Email,US,variant
ORD-004337,2023-08-31,CUST-02546,cust-02546@lumenmail.com,Lighting,1,25.58,0.0,Social,AU,variant
ORD-009046,2023-09-23,CUST-01279,cust-01279@lumenmail.com,Accessories,1,333.25,0.05,Email,US,control
ORD-005806,2024-10-20,CUST-01223,cust-01223@lumenmail.com,Lighting,5,27.34,0.0,Email,US,variant
ORD-002121,2024-09-02,CUST-02268,cust-02268@lumenmail.com,Accessories,1,76.32,0.05,Email,AU,control
ORD-000053,2024-03-22,CUST-01223,cust-01223@lumenmail.com,Décor,1,42.0,10.0,Email,US,variant
ORD-002095,26/08/2023,CUST-00219,cust-00219@lumenmail.com,Décor,2,535.41,0.0,Organic,CA,
ORD-002400,2024-09-18,CUST-02915,cust-02915@lumenmail.com,Lighting,3,257.35,0.2,Organic,CA,
ORD-007031,2023-11-03,CUST-02692,cust-02692@lumenmail.com,Décor,2,13.58,0.05,Email,CA,variant
ORD-006186,2024-11-04,CUST-00476,cust-00476@lumenmail.com,Lighting,1,24.45,0.05,Email,UK,variant
ORD-008244,2023-12-17,CUST-00797,cust-00797@lumenmail.com,Outdoor,3,68.33,0.05,Email,US,
ORD-000799,2024-03-17,,guest@lumenmail.com,Lighting,2,92.92,0.1,Organic,US,
ORD-004591,2024-07-16,CUST-02132,cust-02132@lumenmail.com,Accessories,7,12.05,0.05,Paid Search,US,control
ORD-007616,2023-12-13,CUST-00261,cust-00261@lumenmail.com,Décor,4,111.01,0.05,Organic,US,
ORD-005971,2023-06-04,CUST-01978,cust-01978@lumenmail.com,Furniture,1,111.85,0.0,Email,US,variant
ORD-000105,15/11/2023,CUST-02735,cust-02735@lumenmail.com,Outdoor,2,33.22,0.05,Email,US,
ORD-004482,17/09/2023,CUST-00986,cust-00986@lumenmail.com,Lightng,1,19.56,0.0,Organic,UK,variant
ORD-005012,2023-11-13,CUST-02937,cust-02937@lumenmail.com,Lighting,3,288.05,0.0,Social,US,variant
ORD-003812,20/07/2024,CUST-01415,cust-01415@lumenmail.com,Accessories,7,79.17,0.1,Paid Search,US,control
ORD-002461,19/12/2024,CUST-00823,cust-00823@lumenmail.com,Lightng,1,87.1,0.05,Email,US,control
ORD-002272,2023-08-14,CUST-02251,cust-02251@lumenmail.com,Outdoor,2,717.27,0.05,Organic,US,control
ORD-005583,2023-06-08,CUST-00703,cust-00703@lumenmail.com,Lighting,4,86.48,0.1,Organic,US,variant
ORD-004541,2024-05-22,CUST-02306,cust-02306@lumenmail.com,lighting,3,556.71,0.0,Paid Search,UK,
ORD-005877,2024-10-10,CUST-02979,cust-02979@lumenmail.com,Furniture,2,370.26,0.05,Social,US,variant
ORD-008315,2024-09-13,CUST-02356,cust-02356@lumenmail.com,Décor,7,430.17,0.15,Paid Search,UK,variant
ORD-003452,2023-06-28,CUST-01196,cust-01196@lumenmail.com,Décor,1,17.0,0.05,Paid Search,CA,variant
ORD-000866,2024-01-08,,guest@lumenmail.com,Lighting,1,31.9,0.0,Organic,US,variant
ORD-002909,2024-11-14,CUST-00121,cust-00121@lumenmail.com,Lighting,1,329.42,0.0,Social,US,variant
ORD-009136,2024-04-30,CUST-01374,cust-01374@lumenmail.com,Furniture,3,16.44,0.0,Social,CA,variant
ORD-003218,2023-07-30,CUST-00698,cust-00698@lumenmail.com,Décor,1,64.88,0.0,Paid Search,US,variant
ORD-006697,2023-10-25,CUST-01522,cust-01522@lumenmail.com,Furniture,1,47.22,0.05,Email,US,control
ORD-003181,2024-03-21,CUST-02182,cust-02182@lumenmail.com,Lighting,4,34.71,0.0,Organic,US,variant
ORD-005305,2023-06-08,CUST-01024,cust-01024@lumenmail.com,Décor,4,65.18,0.1,Social,UK,
ORD-003321,2024-08-05,CUST-01371,cust-01371@lumenmail.com,Furniture,1,43.68,10.0,Paid Search,US,
ORD-004774,2024-07-04,CUST-00748,cust-00748@lumenmail.com,Accessories,1,68.62,0.1,Organic,US,
ORD-004739,2024-07-30,CUST-01085,cust-01085@lumenmail.com,lighting,4,19.31,0.2,Organic,US,control
ORD-005416,2023-10-15,CUST-00771,cust-00771@lumenmail.com,Outdoor,1,75.17,0.05,Paid Search,US,control
ORD-000275,2024-11-02,CUST-01044,cust-01044@lumenmail.com,Furniture,1,32.71,0.2,Email,US,variant
ORD-006173,2024-04-29,CUST-00185,cust-00185@lumenmail.com,Lighting,2,153.99,0.15,Paid Search,US,control
ORD-006830,2024-08-06,CUST-01559,cust-01559@lumenmail.com,Lighting,1,55.6,0.05,Paid Search,US,
ORD-005937,2023-11-22,CUST-01014,cust-01014@lumenmail.com,Furniture,2,40.95,15.0,Paid Search,ZZ,control
ORD-009470,2023-06-02,CUST-00804,cust-00804@lumenmail.com,Accessories,1,35.15,0.0,Paid Search,ZZ,
ORD-001832,2024-03-17,CUST-01645,cust-01645@lumenmail.com,Lighting,2,669.82,0.0,,CA,variant
ORD-008466,2024-09-18,CUST-02152,cust-02152@lumenmail.com,Accessories,1,264.67,0.0,Email,US,
ORD-008743,2023-06-15,CUST-02297,cust-02297@lumenmail.com,Outdoor,2,52.37,0.0,Organic,US,control
ORD-003885,2024-04-05,CUST-02095,cust-02095@lumenmail.com,Furniture,2,135.77,0.1,Social,US,variant
ORD-008652,2023-10-28,CUST-00840,cust-00840@lumenmail.com,Lighting,5,267.73,0.0,Email,US,variant
ORD-003123,2024-11-21,CUST-02800,cust-02800@lumenmail.com,Lighting,6,197.76,0.0,Email,US,control
ORD-009086,2024-09-15,CUST-01024,cust-01024@lumenmail.com,Lighting,3,191.9,0.0,Organic,US,
ORD-001766,2023-07-02,CUST-02381,cust-02381@lumenmail.com,Accessories,2,58.36,0.0,Social,US,
ORD-001980,2024-05-13,CUST-02266,cust-02266@lumenmail.com,Accessories,1,35.18,0.0,Paid Search,UK,control
ORD-009555,2024-07-11,CUST-01147,cust-01147@lumenmail.com,Accessories,2,11.82,0.1,Paid Search,US,variant
ORD-003782,2024-09-29,CUST-02765,cust-02765@lumenmail.com,Lighting,2,53.65,0.0,Email,US,variant
ORD-001023,2024-11-18,CUST-01959,cust-01959@lumenmail.com,Lighting,1,578.25,0.25,Paid Search,AU,variant
ORD-006981,2023-11-29,,guest@lumenmail.com,Décor,2,80.44,0.2,Organic,US,
ORD-008011,2024-08-28,CUST-00197,cust-00197@lumenmail.com,Lighting,2,779.32,0.0,Paid Search,US,
ORD-008122,2024-03-30,CUST-01537,cust-01537@lumenmail.com,Furniture,1,163.57,0.05,Organic,CA,control
ORD-003486,2023-06-06,CUST-00472,cust-00472@lumenmail.com,Décor,2,177.07,0.0,Paid Search,US,control
ORD-000181,2024-09-30,CUST-01211,cust-01211@lumenmail.com,Lighting,1,80.29,0.05,Paid Search,US,
ORD-004154,2024-11-14,CUST-02758,cust-02758@lumenmail.com,Lighting,2,65.69,0.0,Paid Search,US,variant
ORD-002783,2023-07-25,CUST-02710,cust-02710@lumenmail.com,Lighting,2,158.88,0.1,Organic,US,control
ORD-005161,2023-09-11,CUST-02092,cust-02092@lumenmail.com,Lighting,4,211.93,0.0,Email,US,variant
ORD-005698,2023-06-30,CUST-00794,cust-00794@lumenmail.com,Décor,1,62.96,0.0,Email,US,
ORD-002864,2023-10-04,CUST-02141,cust-02141@lumenmail.com,Outdoor,1,89.14,0.0,Paid Search,UK,control
ORD-004849,04/10/2023,CUST-00840,cust-00840@lumenmail.com,Accessories,1,5.84,0.0,Paid Search,US,
ORD-004788,2024-08-23,CUST-02874,cust-02874@lumenmail.com,Décor,1,5.5,0.1,Organic,CA,
ORD-009418,2024-02-12,CUST-01261,cust-01261@lumenmail.com,Outdoor,-7,70.9,0.0,Social,CA,variant
ORD-008280,2023-11-20,CUST-01762,cust-01762@lumenmail.com,Outdoor,1,367.11,0.2,Paid Search,AU,variant
ORD-004527,02/08/2024,CUST-00007,cust-00007@lumenmail.com,Furniture,1,503.52,0.05,Email,UK,
ORD-001034,2024-09-01,CUST-00054,cust-00054@lumenmail.com,Décor,2,191.94,0.1,Paid Search,US,variant
ORD-000998,2024-05-26,CUST-02921,cust-02921@lumenmail.com,Décor,1,97.47,0.0,Organic,US,
ORD-002963,2023-07-30,CUST-00358,cust-00358@lumenmail.com,Décor,1,317.15,15.0,Paid Search,US,control
ORD-000367,2024-01-16,CUST-01255,cust-01255@lumenmail.com,Décor,2,142.53,0.05,Email,US,
ORD-005313,2023-08-21,CUST-00973,cust-00973@lumenmail.com,Lighting,1,34.5,0.0,Social,US,
ORD-000602,02/12/2023,CUST-02156,cust-02156@lumenmail.com,Accessories,2,31.86,0.0,Email,UK,
ORD-003413,27/12/2023,CUST-02574,cust-02574@lumenmail.com,Furniture,4,562.45,0.1,Email,AU,
ORD-005745,2023-06-19,CUST-02053,cust-02053@lumenmail.com,Lighting,3,25.42,0.05,Paid Search,UK,control
ORD-007799,2024-11-01,CUST-02497,cust-02497@lumenmail.com,Outdoor,1,21.78,0.0,Email,UK,variant
ORD-004579,2024-03-30,CUST-01869,cust-01869@lumenmail.com,Furniture,1,105.6,0.2,Email,US,
ORD-007779,2024-11-13,CUST-01221,cust-01221@lumenmail.com,Accessories,2,13.51,0.0,Organic,UK,control
ORD-000313,2024-04-25,CUST-01101,cust-01101@lumenmail.com,Lighting,3,297.17,0.0,Organic,UK,
ORD-008637,2024-04-09,CUST-00914,cust-00914@lumenmail.com,Décor,2,87.68,0.05,Email,CA,
ORD-005649,31/05/2024,CUST-00224,cust-00224@lumenmail.com,Furniture,2,99.24,0.1,Paid Search,US,variant
ORD-001472,2023-06-09,CUST-00825,cust-00825@lumenmail.com,lighting,1,149.83,0.0,Email,US,variant
ORD-003248,2024-05-18,CUST-01001,cust-01001@lumenmail.com,Lighting,1,24.42,0.1,Organic,AU,control
ORD-004825,2023-10-04,CUST-00129,cust-00129@lumenmail.com,Lighting,6,87.38,0.2,Email,UK,control
ORD-009096,2023-12-18,CUST-02308,cust-02308@lumenmail.com,Lighting,2,136.87,0.0,Organic,UK,variant
